Name,Team,G,PA,AB,H,1B,2B,3B,HR,R,RBI,BB,IBB,SO,HBP,SF,SH,GDP,SB,CS,AVG,BB%,K%,BB/K,OBP,SLG,wOBA,OPS,ISO,Spd,BABIP,UBR,wSB,wRC,wRAA,wRC+,BsR,Fld,Off,Def,WAR,ADP,InterSD,InterSK,IntraSD,Vol,Skew,Dim,FPTS,FPTS/G,SPTS,SPTS/G,P10,P20,P30,P40,P50,P60,P70,P80,P90,TT10,TT20,TT30,TT40,TT50,TT60,TT70,TT80,TT90,NameASCII,PlayerId,MLBAMID
"Shohei Ohtani","LAD",149.424,666.171,564.385,159.838,80.123,27.5664,5.24986,46.8988,123.099,110.325,92.5422,10.0296,160.891,4.56388,3.7299,0.950628,7.411,24.3867,7.06927,0.283208,0.138917,0.241516,0.575185,0.386254,0.599947,0.411231,0.986201,0.316739,6.49998,0.313437,0.376472,0.878545,131.813,53.1001,167.202,1.25502,0,54.16670310497284,-14.105634689331055,6.4055,1.090000033378601,3.49643,-0.616355,0.938896,3.49643,0.616355,3.74814,1203.5,8.077181208,1203.5,8.077181208,,,,,,,,,,,,,,,,,,,"Shohei Ohtani","19755",660271
"Juan Soto","NYM",154.058,676.132,542.724,148.295,84.1407,24.661,0.997808,38.4957,108.756,99.0866,124.255,8.83011,121.209,3.63376,4.23638,1.28284,12.58,21.2643,5.39335,0.273242,0.183773,0.179268,1.02513,0.409253,0.53515,0.401748,0.944404,0.261908,4.59552,0.283532,-0.879623,0.702742,128.579,48.6886,160.688,-0.176881,-6.85085,48.320479065179825,-14.17723035812378,5.83452,4.659999847412109,1.37384,-0.262327,0.675398,1.37384,0.262327,4.09947,1131.1,7.344805194,1131.1,7.344805194,,,,,,,,,,,,,,,,,,,"Juan Soto","20123",665742
"Francisco Lindor","NYM",152.387,669.4,593.676,153.871,95.0001,29.9782,1.3608,27.5316,99.3662,82.8483,58.4612,1.32309,123.091,11.2993,5.01956,0.943727,8.48926,25.1742,5.75681,0.259183,0.0873338,0.183883,0.474941,0.334549,0.453388,0.340681,0.787937,0.194205,5.5889,0.281961,-0.662727,1.59836,94.1092,15.0145,118.738,0.935634,2.87211,15.76076889038086,9.447137832641602,4.89701,17,2.75937,1.30061,0.648559,2.75937,-1.30061,4.13525,862,5.671052631,862,5.671052631,,,,,,,,,,,,,,,,,,,"Francisco Lindor","12916",596019
"Corbin Carroll","ARI",149.036,647.902,564.003,145.075,76.927,28.4773,10.6745,28.9966,104.706,83.4716,68.3349,2.72206,137.035,8.49113,4.83587,2.23753,6.52214,34.5892,7.0807,0.257225,0.105471,0.211505,0.49867,0.343679,0.499805,0.359327,0.843484,0.24258,8.19585,0.288174,1.97766,3.02111,100.895,24.3407,130.751,4.99876,2.9893,28.612783908843994,-3.619981527328491,4.76251,8.229999542236328,1.21035,-1.41306,1.0498,1.21035,1.41306,3.60027,939.4,6.304697986,939.4,6.304697986,,,,,,,,,,,,,,,,,,,"Corbin Carroll","25878",682998
"Ketel Marte","ARI",143.123,623.278,542.489,149.252,88.0692,29.8965,2.45826,28.8277,89.7052,87.7419,68.3219,5.20208,101.27,6.87152,4.99973,0.596335,11.627,5.30717,1.64246,0.275124,0.109617,0.16248,0.67465,0.360449,0.498716,0.366618,0.859165,0.223592,4.10534,0.288516,-0.00614618,-0.654645,100.75,27.1051,135.746,-0.660792,-0.0375918,25.74527531862259,-0.15894879400730133,4.73942,39.86000061035156,3.04728,0.256884,0.889121,3.04728,-0.256884,3.81451,892.3,6.239860139,892.3,6.239860139,,,,,,,,,,,,,,,,,,,"Ketel Marte","13613",606466
"Fernando Tatis Jr.","SDP",147.597,648.387,567.348,152.806,93.8371,28.0838,2.44182,28.4437,98.5287,79.3678,70.8873,3.45237,128.448,6.12196,3.00252,1.02731,10.5394,25.9693,5.84633,0.269334,0.109329,0.198104,0.551876,0.355004,0.477846,0.358489,0.83285,0.208511,5.89689,0.300786,0.375401,1.6946,100.529,23.9175,130.971,2.07,5.20206,25.80411171913147,-1.820969581604004,4.69894,14.3100004196167,3.12784,-0.517367,0.527946,3.12784,0.517367,4.29607,909.2,6.143243243,909.2,6.143243243,,,,,,,,,,,,,,,,,,,"Fernando Tatis Jr.","19709",665487
"Ronald Acuña Jr.","ATL",142.413,625.349,529.512,147.671,92.9275,24.8784,2.04256,27.8225,105.101,76.9428,85.5,3.58485,133.492,6.97641,2.50752,0.85368,10.3073,24.2921,6.67294,0.278881,0.136724,0.213468,0.640487,0.384546,0.491211,0.378074,0.875757,0.21233,5.54802,0.323299,1.2581,0.925421,106.901,33.0115,144.107,2.18352,-3.20528,34.87412095069885,-10.649198532104492,4.60718,7.400000095367432,3.85641,-0.0627596,0.71897,3.85641,0.0627596,4.04137,947.9,6.675352112,947.9,6.675352112,,,,,,,,,,,,,,,,,,,"Ronald Acuna Jr.","18401",660670
"Kyle Tucker","LAD",144.292,624.787,531.947,142.855,83.2656,27.9066,2.20262,29.4806,94.4311,89.4709,85.1682,6.08245,93.3361,3.20796,3.60379,0.86049,8.13893,23.1427,4.60336,0.268552,0.136316,0.149389,0.912489,0.370607,0.495555,0.370593,0.866162,0.227003,5.36773,0.274692,-0.549248,1.65041,103.01,29.1871,139.286,1.10116,-0.1767,30.1114981174469,-6.856887340545654,4.54269,17.690000534057617,2.12289,-0.199416,0.2689,2.12289,0.199416,4.64147,927.7,6.442361111,927.7,6.442361111,,,,,,,,,,,,,,,,,,,"Kyle Tucker","18345",663656
"Mookie Betts","LAD",143.95,631.881,554.18,148.751,94.0831,30.2526,2.48482,21.9305,90.9316,81.2228,67.1924,1.9122,73.2506,4.28047,5.60947,0.61888,9.0892,9.39508,2.48781,0.268416,0.106337,0.115925,0.917295,0.348863,0.450693,0.345982,0.799555,0.182276,4.57735,0.272962,-0.359623,-0.220106,91.5541,16.8925,122.38,-0.579729,-1.87886,16.13402032852173,4.78548800945282,4.32834,62.970001220703125,2.51392,0.955838,0.644916,2.51392,-0.955838,4.14011,810.1,5.625694444,810.1,5.625694444,,,,,,,,,,,,,,,,,,,"Mookie Betts","13611",605141
"Will Smith","LAD",125.068,504.6,431.944,112.99,70.2043,21.4008,1.23694,20.1481,69.6863,69.3162,58.4353,2.62641,98.4235,8.35784,5.67313,0.189397,7.11249,2.46624,1.06586,0.261585,0.115805,0.195052,0.593713,0.356423,0.456793,0.351503,0.813215,0.195208,3.41193,0.290999,-0.718773,-0.830315,75.3738,15.7515,126.172,-1.54909,2.01462,14.059651851654053,11.071051597595215,4.31846,111.30999755859375,3.22699,0.433194,0.525393,3.22699,-0.433194,4.29948,654.4,5.2352,654.4,5.2352,,,,,,,,,,,,,,,,,,,"Will Smith","19197",669257
"William Contreras","MIL",145.536,608.477,530.414,141.044,93.3021,27.5188,0.883935,19.339,77.4779,77.6076,69.7327,3.27608,117.18,3.81955,4.14574,0.364996,14.1194,5.94764,2.03788,0.265913,0.114602,0.19258,0.595089,0.352889,0.430508,0.341078,0.783397,0.164595,3.29342,0.30576,-0.484731,-0.724912,85.7404,13.8442,119.989,-1.20964,1.30166,13.206154346466064,8.517300009727478,4.29381,53.88999938964844,1.90384,-1.75358,0.570032,1.90384,1.75358,4.23996,752.9,5.156849315,752.9,5.156849315,,,,,,,,,,,,,,,,,,,"William Contreras","20503",661388
"Trea Turner","PHI",143.422,627.032,577.286,163.101,112.012,29.279,4.01431,17.7956,90.1457,70.8146,40.0173,0.538637,113.22,5.34425,3.44911,0.935218,10.4193,27.7927,5.11572,0.282531,0.0638202,0.180564,0.353449,0.332956,0.439635,0.334536,0.772592,0.157105,6.5711,0.323102,1.26601,2.42819,85.0241,10.9355,113.142,3.6942,0.422296,13.46104121208191,7.062190264463425,4.23418,27.059999465942383,2.23749,1.40551,1.07357,2.23749,-1.40551,3.56857,786.1,5.497202797,786.1,5.497202797,,,,,,,,,,,,,,,,,,,"Trea Turner","16252",607208
"Elly De La Cruz","CIN",147.701,636.627,568.665,146.909,88.7566,30.0474,5.44348,22.6616,91.6041,77.5097,60.7993,5.47561,170.432,3.42197,2.75046,0.990637,8.87082,40.3654,10.0944,0.25834,0.0955022,0.267711,0.356737,0.332156,0.449875,0.335564,0.782031,0.191535,7.28955,0.328417,1.15731,2.96547,86.8568,11.6344,110.577,4.12279,-0.582744,12.103617191314697,6.017842173576355,4.02111,10.34000015258789,2.04992,-0.553926,1.32357,2.04992,0.553926,3.23525,825.9,5.580405405,825.9,5.580405405,,,,,,,,,,,,,,,,,,,"Elly De La Cruz","26668",682829
"Geraldo Perdomo","ARI",152.209,653.065,553.258,145.118,100.771,27.8129,3.84676,12.6868,89.2053,65.4144,76.3785,1.0045,87.1493,7.68647,6.32148,9.42023,10.2821,20.7367,5.39614,0.262296,0.116954,0.133447,0.87641,0.35607,0.395267,0.331999,0.751336,0.13297,5.84269,0.288053,0.231875,0.723926,87.2093,10.0446,112.031,0.955801,0.109047,10.267990827560425,7.15577308088541,4.00568,85.19999694824219,3.38843,-0.292013,0.966882,3.38843,0.292013,3.71082,763.1,5.020394736,763.1,5.020394736,,,,,,,,,,,,,,,,,,,"Geraldo Perdomo","22799",672695
"Jackson Merrill","SDP",143.828,609.996,558.655,150.302,93.1295,30.8278,4.10494,22.2394,77.523,81.2523,40.0384,1.74327,119.339,3.56853,5.13529,2.59822,7.31555,7.84248,2.53811,0.269042,0.0656372,0.19564,0.3355,0.319245,0.458346,0.332937,0.777591,0.189304,4.79021,0.303313,0.915007,-0.362085,81.9222,9.84647,113.418,0.552922,4.32933,10.226850152015686,6.351604461669922,3.80841,76.91000366210938,1.64294,0.356475,0.550961,1.64294,-0.356475,4.26539,739.3,5.134027777,739.3,5.134027777,,,,,,,,,,,,,,,,,,,"Jackson Merrill","29490",701538
"Pete Crow-Armstrong","CHC",148.014,618.688,561.76,138.054,81.744,28.3451,5.00775,22.9568,84.277,78.5009,34.5749,1.79832,149.424,8.29839,5.80354,8.25146,4.15229,33.5141,7.72367,0.245752,0.0558842,0.241517,0.231388,0.296389,0.436636,0.313786,0.733025,0.190884,7.33952,0.29125,0.217869,2.72903,73.4699,0.367128,100.263,2.94689,9.05308,3.139021188020706,11.337252140045166,3.62343,34.79999923706055,2.76535,-0.14446,1.1632,2.76535,0.14446,3.44906,707.9,4.783108108,707.9,4.783108108,,,,,,,,,,,,,,,,,,,"Pete Crow-Armstrong","27769",691718
"Bryce Harper","PHI",141.641,612.589,528.045,143.748,84.6132,32.0053,0.570523,26.5588,83.5032,85.1283,75.178,7.64611,130.427,4.72545,4.26214,0.378085,10.0321,9.5545,3.4329,0.272227,0.122722,0.212911,0.576401,0.365318,0.485888,0.363662,0.851206,0.213661,3.62663,0.312236,0.322991,-0.530541,97.5519,25.1698,133.095,-0.20755,0.725088,23.82054714858532,-10.29604285955429,3.46895,53.22999954223633,1.85387,-2.81472,0.549439,1.85387,2.81472,4.26741,881.3,6.206338028,881.3,6.206338028,,,,,,,,,,,,,,,,,,,"Bryce Harper","11579",547180
"Alex Bregman","CHC",149.591,646.351,567.007,143.645,92.3372,27.6986,1.16704,22.4427,80.6697,80.1214,66.0131,1.74619,89.9073,8.088,4.59994,0.642888,11.9595,2.24853,0.910088,0.25334,0.102132,0.1391,0.734235,0.337222,0.42505,0.332335,0.762272,0.17171,2.88428,0.263911,-0.587235,-1.01023,86.4888,10.1176,113.005,-1.59747,1.07552,8.337257742881775,3.3840266466140747,3.43735,121.02999877929688,1.81206,0.600684,0.732064,1.81206,-0.600684,4.02391,756.1,5.040666666,756.1,5.040666666,,,,,,,,,,,,,,,,,,,"Alex Bregman","17678",608324
"Matt Chapman","SFG",147.252,619.348,537.438,127.661,74.1209,27.8289,2.0782,23.6327,81.8367,74.4355,70.9373,1.14694,152.984,6.85295,3.92942,0.190613,8.19375,8.84325,2.64381,0.237536,0.114535,0.247008,0.463692,0.331823,0.428969,0.33154,0.760792,0.191433,4.39948,0.285203,-0.217976,-0.309333,82.4761,9.29534,112.459,-0.527308,1.16541,8.592841148376465,3.437816619873047,3.3755,169.88999938964844,1.95223,-0.964421,0.73492,1.95223,0.964421,4.02011,740.7,5.03877551,740.7,5.03877551,,,,,,,,,,,,,,,,,,,"Matt Chapman","16505",656305
"Willy Adames","SFG",153.076,653.76,573.903,132.695,78.1198,26.5496,1.20795,26.8174,84.185,84.3659,70.2816,1.81417,166.593,3.75454,5.62651,0.193864,7.7862,11.3573,3.45586,0.231215,0.107504,0.254824,0.421875,0.316312,0.42187,0.320336,0.738182,0.190655,4.29761,0.274209,-0.0374466,-0.13628,81.1113,3.86458,104.762,-0.173727,-0.414609,3.5059302151203156,6.6722592413425446,3.30513,131.57000732421875,2.83423,0.0786294,1.10796,2.83423,-0.0786294,3.52273,743.1,4.856862745,743.1,4.856862745,,,,,,,,,,,,,,,,,,,"Willy Adames","15986",642715
"Gabriel Moreno","ARI",111.849,439.424,391.156,107.677,75.7724,20.1277,1.17904,10.5977,52.8501,54.0367,41.3153,2.04107,76.0133,3.35451,3.36493,0.233702,9.57283,4.31881,1.67188,0.275279,0.0940215,0.172984,0.543528,0.346881,0.414044,0.331925,0.760925,0.138766,3.52152,0.315285,0.235321,-0.602546,58.6536,6.73228,111.98,-0.367225,3.43875,5.872229218482971,11.181382179260254,3.24058,174.50999450683594,1.11589,0.65893,0.959916,1.11589,-0.65893,3.72011,514.9,4.597321428,514.9,4.597321428,,,,,,,,,,,,,,,,,,,"Gabriel Moreno","22664",672515
"Bo Bichette","NYM",141.223,616.978,570.335,162.437,113.028,30.3755,1.58945,17.4433,75.7239,77.8984,38.8239,1.2018,100.66,3.64286,3.66493,0.510812,13.9451,5.55799,2.28835,0.284809,0.0629259,0.16315,0.385693,0.332383,0.435394,0.332325,0.767778,0.150586,3.54089,0.31804,0.269609,-0.844113,82.5537,9.65298,112.998,-0.574503,0.836001,8.903960645198822,1.1142191588878632,3.16139,109.86000061035156,2.50449,-0.756204,1.09598,2.50449,0.756204,3.53869,730.2,5.178723404,730.2,5.178723404,,,,,,,,,,,,,,,,,,,"Bo Bichette","19612",666182
"Dansby Swanson","CHC",154.726,631.425,570.635,137.614,89.1287,24.658,1.96755,21.86,78.0663,75.2744,52.813,1.04827,159.698,3.19863,3.89361,0.884948,8.78451,15.7529,3.75706,0.24116,0.083641,0.252917,0.330706,0.307079,0.406192,0.310215,0.713272,0.165032,5.05099,0.294562,0.478689,0.660745,73.1516,-1.45609,97.8096,1.13943,2.37938,-0.49526286125183105,9.542603731155396,3.11209,147.7100067138672,3.25057,-0.581493,0.597152,3.25057,0.581493,4.2038,679.7,4.38516129,679.7,4.38516129,,,,,,,,,,,,,,,,,,,"Dansby Swanson","18314",621020
"Freddie Freeman","LAD",143.992,621.658,543.646,151.232,93.8623,33.2725,1.78216,22.3145,84.4933,84.7195,64.9532,7.62781,115.169,7.87003,4.94829,0.241079,10.4168,7.71745,2.14055,0.27818,0.104484,0.185261,0.563981,0.360554,0.469078,0.355319,0.829632,0.190897,4.18276,0.313582,-0.782043,-0.38315,94.7853,21.3316,128.793,-1.16519,0.03829,19.99052619934082,-11.119957029819489,3.06018,73.45999908447266,2.49237,0.329078,0.778479,2.49237,-0.329078,3.96203,844.1,5.861805555,844.1,5.861805555,,,,,,,,,,,,,,,,,,,"Freddie Freeman","5361",518692
"Austin Riley","ATL",145.999,626.42,568.075,146.447,88.1603,28.4371,2.12584,27.7235,81.5233,85.7931,46.3455,0.989,163.357,7.08132,4.45003,0.467877,9.55428,2.41149,0.853044,0.257795,0.0739847,0.260779,0.283706,0.319311,0.461745,0.335579,0.781057,0.203951,3.34005,0.311246,-0.0942002,-0.79522,85.4718,11.4555,114.997,-0.88942,-3.12959,10.244602680206299,-1.2520296573638916,3.05236,80.7699966430664,3.08337,-1.62216,0.876079,3.08337,1.62216,3.83189,765.4,5.242465753,765.4,5.242465753,,,,,,,,,,,,,,,,,,,"Austin Riley","18360",663586
"Rafael Devers","SFG",151.788,655.617,561.822,142.52,82.4067,28.3679,1.05526,30.6899,88.2439,92.0035,83.1819,9.95508,160.87,5.99472,4.07816,0.539811,11.4411,2.03416,0.853957,0.253674,0.126876,0.245372,0.517075,0.353693,0.4718,0.352485,0.825494,0.218126,2.712,0.298739,-0.528395,-1.0099,98.4545,20.9884,126.847,-1.53829,0.407423,19.26461637020111,-12.356326788663864,2.97701,67.73999786376953,2.03725,0.54803,1.13046,2.03725,-0.54803,3.49272,885.1,5.823026315,885.1,5.823026315,,,,,,,,,,,,,,,,,,,"Rafael Devers","17350",646240
"Kyle Schwarber","PHI",151.032,662.445,553.1,127.249,64.3739,20.0793,0.971821,41.8242,98.6304,105.131,97.7906,4.3024,185.887,7.3526,3.63265,0.56985,7.21744,6.34454,1.96678,0.230066,0.147621,0.280607,0.526077,0.351112,0.496737,0.362927,0.847849,0.266671,3.6316,0.259634,-1.32487,-0.627215,105.096,26.8233,132.591,-1.95208,-1.25534,23.636573553085327,-17.380306839942932,2.89503,25.510000228881836,1.9536,0.0357191,1.98455,1.9536,-0.0357191,2.35393,937.5,6.208609271,937.5,6.208609271,,,,,,,,,,,,,,,,,,,"Kyle Schwarber","16478",656941
"Brice Turang","MIL",150.004,635.44,568.221,146.068,102.791,25.3462,2.72394,15.2064,80.6942,67.4507,57.8344,1.11741,132.279,2.14713,4.05835,3.18011,8.28744,29.6448,6.22784,0.257061,0.0910146,0.208169,0.437216,0.325893,0.39154,0.314513,0.717432,0.134478,6.02316,0.308058,0.0148199,2.31135,75.8341,0.751918,101.791,2.32617,1.02156,3.6749930381774902,3.336437463760376,2.88037,68.29000091552734,1.70065,0.886496,1.07601,1.70065,-0.886496,3.56532,700.4,4.669333333,700.4,4.669333333,,,,,,,,,,,,,,,,,,,"Brice Turang","22186",668930
"Matt Olson","ATL",154.255,670.982,580.549,143.625,82.7561,30.1858,1.02436,29.6592,89.004,93.0272,80.1211,3.76017,160.706,5.41571,4.34764,0.548088,11.1694,0.996935,0.256842,0.247396,0.119409,0.239508,0.498557,0.341812,0.456184,0.344366,0.797996,0.208788,2.49526,0.288864,-0.854272,-0.991985,96.3391,17.0574,121.016,-1.84626,2.69205,14.866839528083801,-9.210334539413452,2.86273,54.459999084472656,2.46906,-0.424185,1.24948,2.46906,0.424185,3.33403,857,5.564935064,857,5.564935064,,,,,,,,,,,,,,,,,,,"Matt Olson","14344",621566
"Manny Machado","SDP",146.209,627.786,569.657,149.325,95.6849,26.9042,0.474214,26.262,78.0728,88.0521,51.0461,3.79017,121.517,2.43056,4.44211,0.210094,12.2962,9.50148,2.59674,0.262132,0.0813112,0.193565,0.420073,0.323151,0.44933,0.331532,0.772481,0.187198,3.76445,0.288664,-0.581911,-0.122807,83.5954,9.41767,112.453,-0.704718,-1.71285,8.53538179397583,-2.173817604780197,2.8247,41.709999084472656,2.37701,0.637541,0.535993,2.37701,-0.637541,4.28534,756.7,5.182876712,756.7,5.182876712,,,,,,,,,,,,,,,,,,,"Manny Machado","11493",592518
"Andy Pages","LAD",141.743,579.159,529.533,135.288,82.737,28.2754,1.62798,22.6481,73.6151,76.6749,35.4292,0.634793,128.29,8.29923,5.0013,0.896261,7.16447,9.98823,3.59748,0.255486,0.0611735,0.22151,0.276165,0.309577,0.443342,0.324055,0.752918,0.187855,4.65406,0.293643,0.268729,-0.306279,73.6043,5.17216,107.317,-0.0375495,1.06789,4.970794674009085,2.7524349689483643,2.79564,141.13999938964844,2.1716,-2.04423,0.242025,2.1716,2.04423,4.6773,671.6,4.729577464,671.6,4.729577464,,,,,,,,,,,,,,,,,,,"Andy Pages","24816",681624
"Masyn Winn","STL",143.575,603.028,550.958,137.797,94.8031,28.0145,2.33368,12.6453,71.3443,59.9791,40.435,0.153526,109.264,4.85756,4.1767,2.60077,8.24819,14.8635,3.70701,0.250104,0.0670532,0.181192,0.370067,0.304931,0.378276,0.299114,0.683208,0.128173,5.15514,0.288882,0.245532,0.530765,64.4271,-6.82536,90.1843,0.776297,5.74844,-6.219629645347595,12.39542818069458,2.71997,263.1400146484375,2.75214,1.10693,0.558675,2.75214,-1.10693,4.2551,588.9,4.089583333,588.9,4.089583333,,,,,,,,,,,,,,,,,,,"Masyn Winn","27479",691026
"Nico Hoerner","CHC",145.075,601.791,550.14,152.668,116.673,26.4334,2.97277,6.58892,73.2582,55.1325,38.1178,0.98169,56.1237,8.96783,3.88387,0.681679,9.64218,25.811,6.28176,0.277507,0.0633406,0.0932611,0.679174,0.332308,0.372293,0.310494,0.704601,0.0947863,5.94749,0.297324,0.527982,1.51512,69.8549,-1.25129,98.0014,2.0431,3.26257,0.6215912103652954,5.595639705657959,2.71992,103.80000305175781,3.0735,-0.546263,1.54476,3.0735,0.546263,2.94032,638.7,4.404827586,638.7,4.404827586,,,,,,,,,,,,,,,,,,,"Nico Hoerner","21479",663538
"Jackson Chourio","MIL",145.846,632.518,583.352,156.658,95.9203,33.7243,3.66569,23.3478,87.2274,84.262,39.2174,2.3137,128.059,3.76607,4.71408,1.46915,9.01423,23.7844,6.52837,0.268548,0.062002,0.202459,0.306244,0.316364,0.458997,0.33158,0.775362,0.190449,6.20521,0.305296,0.862298,1.18169,84.2502,9.51323,113.483,2.04398,-0.611507,12.151371479034424,-7.266845107078552,2.65282,20.030000686645508,1.15674,-0.0613655,0.387337,1.15674,0.0613655,4.48355,788.8,5.402739726,788.8,5.402739726,,,,,,,,,,,,,,,,,,,"Jackson Chourio","28806",694192
"J.T. Realmuto","PHI",121.436,476.571,434.553,109.732,72.5604,21.0248,2.16966,13.977,55.3783,53.909,31.1884,0.924137,114.898,7.26029,3.06538,0.503585,8.32558,6.77248,2.11944,0.252517,0.0654433,0.241093,0.271445,0.31126,0.407377,0.312401,0.718637,0.154861,4.62645,0.310143,-0.214588,-0.240197,56.0573,-0.253258,97.9791,-0.454785,2.16619,-1.5962686240673065,11.536274433135986,2.63922,215.1699981689453,2.13459,0.039333,0.42083,2.13459,-0.039333,4.43889,506.6,4.186776859,506.6,4.186776859,,,,,,,,,,,,,,,,,,,"J.T. Realmuto","11739",592663
"Xander Bogaerts","SDP",137.601,568.617,512.016,135.152,96.2337,24.8595,1.18033,12.8787,66.4976,59.2494,45.8767,1.59032,99.716,4.41859,5.50773,0.798028,11.4191,16.5154,3.81672,0.263961,0.0806812,0.175366,0.460073,0.326596,0.392583,0.314296,0.719179,0.128622,4.80828,0.301963,0.17648,0.783231,67.7595,0.573046,100.613,0.959711,-1.26797,1.3719189167022705,5.102453589439392,2.63136,222.60000610351562,3.09136,-0.667133,0.73802,3.09136,0.667133,4.01597,615.5,4.460144927,615.5,4.460144927,,,,,,,,,,,,,,,,,,,"Xander Bogaerts","12161",593428
"CJ Abrams","WSN",139.448,605.044,548.497,136.021,85.928,28.8818,3.76495,17.4467,79.6997,63.6775,38.3199,1.59355,116.648,12.6247,3.84662,1.75575,6.75051,29.4802,7.01369,0.24799,0.0633342,0.192793,0.328508,0.309912,0.409799,0.312462,0.719711,0.161809,6.77218,0.283503,0.564251,2.13074,71.1994,-0.291187,99.652,2.69499,-3.26243,2.445426255464554,2.7152891159057617,2.58755,56.540000915527344,2.15065,0.168872,1.10866,2.15065,-0.168872,3.52179,668.8,4.811510791,668.8,4.811510791,,,,,,,,,,,,,,,,,,,"CJ Abrams","25768",682928
"Michael Harris II","ATL",137.528,563.188,527.943,139.936,91.1542,26.2793,3.14111,19.3615,67.9653,69.8694,24.65,1.52633,109.369,4.35804,4.10877,2.12784,8.39999,17.686,4.95071,0.265059,0.0437687,0.194196,0.225384,0.301116,0.436756,0.316149,0.737872,0.171697,5.5555,0.298954,0.527092,0.726598,67.9596,1.41466,101.686,1.25369,1.98127,2.379345417022705,4.103619813919067,2.58036,101.69000244140625,2.782,-0.790645,0.464155,2.782,0.790645,4.38113,634.3,4.596376811,634.3,4.596376811,,,,,,,,,,,,,,,,,,,"Michael Harris II","25931",671739
"Michael Busch","CHC",139.356,579.451,509.081,126.776,70.8181,25.0005,2.53163,28.426,76.892,78.0871,58.8488,1.47446,145.237,7.56148,3.32701,0.632011,6.99492,3.45585,0.817101,0.249029,0.10156,0.250645,0.405193,0.33376,0.475598,0.347887,0.809358,0.226568,3.82934,0.290336,-0.694382,-0.539649,84.8535,16.387,123.688,-1.23403,0.300619,14.98904812335968,-10.55337455868721,2.46029,111.66000366210938,1.61707,-0.201663,0.787463,1.61707,0.201663,3.95005,758.9,5.45971223,758.9,5.45971223,,,,,,,,,,,,,,,,,,,"Michael Busch","26319",683737
"Brendan Donovan","STL",133.188,572.165,508.822,138.53,97.5757,27.1065,1.23149,12.6166,67.5794,58.7484,48.2851,1.96052,76.556,9.76931,3.54499,1.7438,9.66759,4.69166,2.31906,0.272257,0.0843902,0.133801,0.630716,0.344631,0.404758,0.328575,0.749388,0.132501,3.38918,0.297532,-0.0820733,-1.02584,74.8154,7.20968,110.422,-1.10791,-1.06236,5.939921140670776,-1.5823941826820374,2.42706,284.05999755859375,2.14123,-0.201144,0.85684,2.14123,0.201144,3.85755,653.5,4.913533834,653.5,4.913533834,,,,,,,,,,,,,,,,,,,"Brendan Donovan","24679",680977
"James Wood","WSN",145.784,632.659,551.535,142.458,85.5956,30.6658,2.00375,24.1931,82.9462,79.8539,73.7066,4.77178,187.053,3.4409,3.35636,0.619325,9.48584,15.7634,5.67768,0.258294,0.116503,0.295662,0.394041,0.347456,0.452756,0.345212,0.800212,0.194462,4.88143,0.344149,0.585856,-0.215313,91.2711,16.5176,122.086,0.370543,-1.84806,16.93164524435997,-14.270615696907043,2.4258,34.88999938964844,2.54678,-0.29351,0.215589,2.54678,0.29351,4.71255,814.7,5.580136986,814.7,5.580136986,,,,,,,,,,,,,,,,,,,"James Wood","29518",695578
"Seiya Suzuki","CHC",141.698,607.679,533.883,135.998,80.6976,26.2732,3.22706,25.7998,76.5927,84.8709,65.0661,1.84847,152.696,3.26696,5.20484,0.25851,8.16691,7.50701,3.01115,0.254733,0.107073,0.251277,0.426116,0.336391,0.461009,0.343232,0.7974,0.206275,4.39021,0.305603,-0.34365,-0.703365,86.6906,14.8886,120.491,-1.04702,-3.25232,13.669735789299011,-10.58992314338684,2.41931,103.05999755859375,2.06238,-0.178071,0.584122,2.06238,0.178071,4.22117,775.3,5.459859154,775.3,5.459859154,,,,,,,,,,,,,,,,,,,"Seiya Suzuki","30116",673548
"Drake Baldwin","ATL",130.193,515.639,462.785,119.88,77.7974,21.4037,0.970487,19.708,61.1641,74.4305,45.9859,0.636298,90.3097,4.34118,2.30469,0.222479,10.6617,0.724878,0.182734,0.25904,0.0891823,0.175141,0.509202,0.330231,0.43724,0.333404,0.767472,0.178201,2.33901,0.282117,-0.259087,-0.771492,69.4457,8.51897,113.507,-1.03058,-2.66768,7.2237855195999146,-0.7589902877807617,2.41664,90.33999633789062,2.98861,0.186403,0.675777,2.98861,-0.186403,4.09896,615.5,4.734615384,615.5,4.734615384,,,,,,,,,,,,,,,,,,,"Drake Baldwin","31539",686948
"Oneil Cruz","PIT",126.022,524.434,462.303,109.676,63.9006,21.7484,3.015,21.0116,67.9512,63.8293,54.071,3.2352,156.883,3.62762,3.96898,0.463492,5.71211,27.4874,5.54775,0.237238,0.103104,0.299148,0.344657,0.319434,0.433674,0.324488,0.753109,0.196437,6.66534,0.307459,-0.00800257,2.44418,66.8339,4.868,105.986,2.43617,-1.63043,6.157044887542725,-0.2918128967285156,2.38524,108.56999969482422,2.79967,1.35412,1.08529,2.79967,-1.35412,3.55294,640.8,5.085714285,640.8,5.085714285,,,,,,,,,,,,,,,,,,,"Oneil Cruz","21711",665833
"Max Muncy","LAD",112.123,455.163,378.141,83.9549,45.5691,15.6151,1.11598,21.6547,60.843,64.1215,66.1911,2.35383,111.243,5.99871,4.63694,0.195315,4.85764,3.06498,0.587391,0.22202,0.145423,0.244403,0.595012,0.3432,0.441016,0.340517,0.784216,0.218996,3.6563,0.249321,-0.919613,-0.389418,63.9295,10.1485,118.625,-1.30903,-2.23771,8.710734963417053,-0.8220105171203613,2.38321,267.3399963378906,3.60783,0.614917,0.631119,3.60783,-0.614917,4.15851,570.2,5.091071428,570.2,5.091071428,,,,,,,,,,,,,,,,,,,"Max Muncy","13301",571970
"Ezequiel Tovar","COL",148.474,632.329,587.969,154.153,96.4473,34.0337,3.59743,20.075,78.7333,71.3867,30.6722,0.257131,157.167,3.73349,4.40404,5.55021,7.92655,8.56029,3.4736,0.26218,0.0485067,0.248553,0.195156,0.300838,0.434729,0.316098,0.735567,0.172549,4.96851,0.322979,0.648799,-0.572591,76.2766,1.56203,88.4693,0.0762078,3.76371,-8.565371833741665,10.637487649917603,2.36443,193.8300018310547,2.97923,0.266759,0.385655,2.97923,-0.266759,4.48579,697.5,4.712837837,697.5,4.712837837,,,,,,,,,,,,,,,,,,,"Ezequiel Tovar","24064",678662
"Bryson Stott","PHI",142.003,575.485,515.354,131.557,92.1234,23.5208,2.57025,13.3426,68.5408,60.1121,49.9982,1.07107,95.0304,3.11966,5.37255,1.64033,7.45549,23.707,4.99856,0.255275,0.0868801,0.165131,0.526128,0.32182,0.388561,0.310907,0.710381,0.133286,5.78377,0.286682,0.126578,1.74265,66.9941,-1.0039,96.9556,1.86923,1.68426,-0.2072509527206421,3.9741486310958862,2.34433,182.97000122070312,1.94712,-0.571727,0.922778,1.94712,0.571727,3.76963,623.7,4.392253521,623.7,4.392253521,,,,,,,,,,,,,,,,,,,"Bryson Stott","26294",681082
"Marcus Semien","NYM",137.722,581.981,520.577,124.903,81.9403,22.5591,2.15492,18.249,73.6416,67.8828,52.0882,0.577694,95.9939,3.98952,4.82174,0.504079,7.40443,9.41036,2.07596,0.239932,0.0895016,0.164943,0.54262,0.311244,0.396712,0.309249,0.707956,0.15678,4.72203,0.259401,-0.025561,0.124594,66.967,-1.79856,97.1459,0.0990326,3.28608,-1.8641441315412521,5.041790246963501,2.34034,248,2.01294,0.787838,0.399169,2.01294,-0.787838,4.46777,605.8,4.389855072,605.8,4.389855072,,,,,,,,,,,,,,,,,,,"Marcus Semien","12533",543760
"Ian Happ","CHC",146.627,635.451,546.873,131.048,79.0257,29.249,1.22472,21.5489,80.604,75.8555,79.5872,1.58413,149.397,4.45136,3.97178,0.567708,9.01768,7.88435,2.3413,0.239632,0.125245,0.235104,0.532723,0.338782,0.415807,0.330567,0.754589,0.176175,3.86931,0.288233,-0.227652,-0.447971,84.1184,9.03501,111.791,-0.675623,-0.0278521,8.1796435713768,-6.912408912554383,2.33003,181.94000244140625,1.4984,-1.2569,0.665963,1.4984,1.2569,4.11205,744.8,5.066666666,744.8,5.066666666,,,,,,,,,,,,,,,,,,,"Ian Happ","17919",664023
"Kyle Stowers","MIA",141.282,579.591,510.144,124.104,71.5912,24.5589,2.79169,25.1618,69.103,82.9989,57.3617,2.18489,163.655,7.16381,4.36564,0.555762,8.3132,4.58718,1.2612,0.243272,0.0989693,0.282363,0.350504,0.325764,0.450326,0.334462,0.776091,0.207054,4.1105,0.303789,0.103892,-0.483225,78.5568,10.0736,113.362,-0.379333,1.06711,8.799178898334503,-5.373468518257141,2.3234,142.39999389648438,2.23262,1.80607,0.7691,2.23262,-1.80607,3.97453,707.7,5.019148936,707.7,5.019148936,,,,,,,,,,,,,,,,,,,"Kyle Stowers","26151",669065
"Xavier Edwards","MIA",133.982,577.568,519.244,144.002,114.211,22.4979,3.75749,3.53633,68.8783,44.0934,47.726,1.45861,83.3009,2.56639,3.81125,4.22081,8.31065,27.356,6.35347,0.277331,0.0826327,0.144227,0.572936,0.338878,0.355563,0.307667,0.694441,0.0782327,6.16315,0.322009,0.372006,1.79298,65.7175,-2.52669,95.0058,2.16498,2.34316,-1.2537157535552979,4.410780668258667,2.28903,175.08999633789062,2.05933,0.343547,1.83836,2.05933,-0.343547,2.54886,599.1,4.470895522,599.1,4.470895522,,,,,,,,,,,,,,,,,,,"Xavier Edwards","22266",669364
"Jakob Marsee","MIA",131.996,571.302,494.038,116.98,77.3099,23.4085,4.04386,12.2177,71.0155,55.9737,62.9393,0.320916,124.939,7.10836,3.18124,4.03461,7.06224,33.4681,8.6851,0.236783,0.110168,0.218691,0.503761,0.329699,0.374726,0.312654,0.704425,0.137943,6.74467,0.290955,0.227737,2.16623,67.3178,-0.185951,98.4223,2.39397,-0.524446,1.3256868124008179,0.8253533244132996,2.16477,151.1999969482422,1.58581,-0.0208148,1.56821,1.58581,0.0208148,2.90906,611,4.628787878,611,4.628787878,,,,,,,,,,,,,,,,,,,"Jakob Marsee","31370",805300
"Brandon Lowe","PIT",128.626,548.163,494.014,119.159,71.0289,23.1416,1.13594,23.8527,69.4361,73.0809,44.8654,1.13738,141.745,4.5878,4.19016,0.506182,7.33001,4.25518,1.26571,0.241206,0.0818467,0.258582,0.316522,0.307879,0.4375,0.321299,0.745379,0.196294,3.62249,0.286544,-0.332901,-0.455171,68.4387,3.66899,103.802,-0.788072,0.013348,1.6818797588348389,1.2141309399157763,2.16223,193.3699951171875,3.41372,0.552683,0.58906,3.41372,-0.552683,4.21459,625.2,4.846511627,625.2,4.846511627,,,,,,,,,,,,,,,,,,,"Brandon Lowe","18882",664040
"Otto Lopez","MIA",136.378,558.039,512.121,135.64,96.819,24.8823,2.57085,11.3675,62.1126,59.9813,37.7298,1.30075,85.1534,3.46606,3.59379,1.12829,10.7093,15.4478,4.87502,0.264859,0.0676115,0.152594,0.443081,0.31753,0.390077,0.308691,0.707606,0.125218,5.11913,0.296455,0.359776,0.190606,63.9593,-1.9773,95.7073,0.550382,-1.886,-2.28875869512558,4.427807688713074,2.11839,212.05999755859375,2.27837,-0.41178,0.799133,2.27837,0.41178,3.93449,580.1,4.265441176,580.1,4.265441176,,,,,,,,,,,,,,,,,,,"Otto Lopez","19608",672640
"Iván Herrera","STL",129.479,544.29,474.857,126.986,86.8004,22.1988,0.892677,17.0943,68.2113,65.7881,54.0357,0.718442,109.252,10.6252,4.21439,0.55759,12.796,8.73603,2.56711,0.26742,0.0992774,0.200724,0.494597,0.352466,0.425924,0.341003,0.77839,0.158505,4.08085,0.311551,0.200834,-0.299226,76.6626,12.3505,118.959,-0.0983912,-0.697667,12.09819258749485,-10.223648130893707,2.0765,176.60000610351562,2.19645,-0.920406,0.478768,2.19645,0.920406,4.36164,669.2,5.187596899,669.2,5.187596899,,,,,,,,,,,,,,,,,,,"Ivan Herrera","20599",671056
"Alec Bohm","PHI",134.485,567.672,520.222,141.809,99.6182,26.1167,1.93199,14.142,64.5162,70.8601,36.6895,1.06934,89.0443,4.75995,5.79098,0.209488,13.5174,2.77742,0.886359,0.272593,0.0646316,0.156859,0.412037,0.322944,0.411778,0.318759,0.734722,0.139184,3.35576,0.301937,-0.28072,-0.731719,69.7037,2.62887,102.335,-1.01244,-0.825925,0.5584119558334351,0.6769359707832336,2.05872,272.57000732421875,2.21702,0.801484,0.872418,2.21702,-0.801484,3.83678,622.5,4.645522388,622.5,4.645522388,,,,,,,,,,,,,,,,,,,"Alec Bohm","21618",664761
"Caleb Durbin","MIL",140.581,558.624,497.602,124.29,84.8759,26.8956,1.7435,10.7751,64.5524,57.2868,36.758,0.582628,62.177,16.9472,3.97291,3.34442,10.0809,21.8213,5.87235,0.249778,0.065801,0.111304,0.591184,0.320551,0.375799,0.307442,0.69635,0.12602,5.66324,0.264837,0.0576985,1.0484,63.4601,-2.54565,96.9477,1.1061,-0.0557679,-0.9148039817810059,2.263312242925167,2.03951,233.66000366210938,2.16613,-1.05094,0.94703,2.16613,1.05094,3.73729,576.5,4.088652482,576.5,4.088652482,,,,,,,,,,,,,,,,,,,"Caleb Durbin","29646",702332
"Francisco Alvarez","NYM",114.45,437.814,388.997,90.4424,54.4717,15.3763,1.00761,19.5868,52.1592,58.2851,40.0519,0.931809,113.029,5.74922,2.5007,0.515556,8.19244,1.11439,0.315394,0.232502,0.0914816,0.258166,0.354352,0.311557,0.428267,0.320882,0.739824,0.195765,2.92631,0.273699,-0.198488,-0.562098,54.5134,2.78235,105.138,-0.760586,-3.7121,1.897923767566681,2.9687507152557373,2.01394,174.1699981689453,2.0719,-0.223923,0.493416,2.0719,0.223923,4.34211,492.1,4.316666666,492.1,4.316666666,,,,,,,,,,,,,,,,,,,"Francisco Alvarez","26121",682626
"Luis Robert Jr.","NYM",126.643,516.823,469.509,109.918,69.4613,20.3366,0.780227,19.3401,66.189,61.1089,38.5351,2.7583,143.955,5.05266,2.90782,0.81845,5.7674,28.8836,7.23448,0.234113,0.0745615,0.278538,0.267689,0.29749,0.404328,0.303522,0.701818,0.170215,5.94123,0.293018,-1.02553,2.08597,57.0663,-4.00029,93.2118,1.06043,2.79668,-3.086041569709778,4.558016061782837,1.9402,129.02999877929688,2.87675,3.26462,1.23077,2.87675,-3.26462,3.35897,555.8,4.376377952,555.8,4.376377952,,,,,,,,,,,,,,,,,,,"Luis Robert Jr.","20043",673357
"Carson Kelly","CHC",97.9335,371.038,329.026,76.9836,51.6827,12.6732,0.818044,11.8097,41.0137,43.0044,34.5838,0.186195,75.1154,4.00262,2.91589,0.509385,6.6429,1.85151,0.349246,0.233974,0.0932084,0.202447,0.46041,0.311906,0.385143,0.306487,0.697049,0.151169,3.11353,0.265998,-0.607128,-0.367417,41.8622,-1.97877,95.2484,-0.974545,2.61644,-3.0582622289657593,8.943483829498291,1.88692,317.260009765625,1.29603,0.324912,0.546677,1.29603,-0.324912,4.2711,379.2,3.869387755,379.2,3.869387755,,,,,,,,,,,,,,,,,,,"Carson Kelly","13620",608348
"Ozzie Albies","ATL",140.784,588.437,534.659,133.249,86.8835,26.9837,2.00922,17.3721,68.985,70.7727,43.3288,1.21995,87.0912,4.85199,5.08115,0.516198,7.7455,10.8025,2.77622,0.249221,0.0736336,0.148004,0.49751,0.308595,0.404682,0.309608,0.713277,0.155461,4.66607,0.266213,-0.0227621,0.139993,67.8818,-1.64664,97.206,0.117231,-2.17471,-1.8313728645443916,-0.0021207332611083984,1.81543,183.60000610351562,2.09625,0.456714,0.193962,2.09625,-0.456714,4.74138,615.8,4.367375886,615.8,4.367375886,,,,,,,,,,,,,,,,,,,"Ozzie Albies","16556",645277
"Christian Yelich","MIL",137.507,587.39,515.31,133.028,90.0913,22.1039,1.49383,19.3395,75.3888,75.5578,64.7364,4.97329,140.224,4.40872,2.46927,0.465505,10.7299,16.3911,3.94057,0.258152,0.11021,0.238723,0.461665,0.344462,0.419433,0.332413,0.763896,0.161281,4.93751,0.317375,0.620076,0.646099,78.6368,9.23208,114.054,1.26617,0.26408,11.050022602081299,-13.17538657784462,1.782,142.49000549316406,3.58134,0.548439,0.268213,3.58134,-0.548439,4.64238,704.1,5.102173913,704.1,5.102173913,,,,,,,,,,,,,,,,,,,"Christian Yelich","11477",592885
"Konnor Griffin","PIT",84.6983,353.463,321.351,82.5185,57.3288,14.8378,1.29402,9.05797,46.6525,40.1492,21.6008,0.909956,86.5479,7.26074,2.25298,0.997295,5.08637,16.1793,3.95871,0.256786,0.0611118,0.244857,0.249582,0.316003,0.395574,0.310675,0.711577,0.138788,6.09924,0.322198,-0.377216,1.05171,41.0815,-0.68291,96.5243,0.674491,2.48686,-0.7815735340118408,6.40807318687439,1.77884,999,3.11631,0.261732,1.16004,3.11631,-0.261732,3.45328,383.8,4.515294117,383.8,4.515294117,,,,,,,,,,,,,,,,,,,"Konnor Griffin","sa3065496",804606
"Luis Arraez","SFG",140.487,607.491,561.224,168.405,133.302,27.4411,3.16484,4.49769,68.3985,54.8719,32.2242,2.60303,24.9597,3.97043,4.19977,5.87293,13.0134,8.33677,3.03821,0.300068,0.0530447,0.0410866,1.29105,0.340083,0.384284,0.316367,0.724367,0.0842157,4.4279,0.305817,0.488614,-0.67862,73.4134,1.63365,102.036,-0.190006,-3.45543,1.2718107998371124,-4.5516098737716675,1.76799,286.69000244140625,2.52579,0.0758151,1.95849,2.52579,-0.0758151,2.38869,627.6,4.482857142,627.6,4.482857142,,,,,,,,,,,,,,,,,,,"Luis Arraez","18568",650333
"TJ Friedl","CIN",134.904,582.966,503.183,121.636,85.0382,20.2103,2.75961,13.6275,68.9276,55.6572,58.3006,0.137797,97.7233,12.628,4.48424,4.37098,7.83883,11.5681,3.10012,0.241733,0.100007,0.167631,0.596589,0.332813,0.374114,0.314314,0.706927,0.132381,4.96861,0.27253,0.282408,0.0153323,69.4777,0.59569,96.02,0.29774,0.551445,-2.4521819353103638,0.20057156682014465,1.75403,269.260009765625,3.61081,-0.342453,0.449577,3.61081,0.342453,4.40056,614.3,4.55037037,614.3,4.55037037,,,,,,,,,,,,,,,,,,,"TJ Friedl","19522",670770
"Hunter Goodman","COL",141.572,568.994,524.67,132.62,72.5249,29.2534,2.60275,28.2395,71.9771,87.4116,34.301,0.221524,148.49,5.84661,4.01178,0.164688,9.46367,2.3151,0.903749,0.252769,0.0602835,0.260969,0.230999,0.303726,0.479917,0.334267,0.783643,0.227148,3.58351,0.296577,-0.165505,-0.649444,77.0301,9.79911,100.916,-0.814949,-5.45796,-0.1974424123764038,-1.6039655208587646,1.75253,70.29000091552734,3.8425,-0.195214,0.927044,3.8425,0.195214,3.76394,705.2,4.966197183,705.2,4.966197183,,,,,,,,,,,,,,,,,,,"Hunter Goodman","29715",696100
"Brenton Doyle","COL",139.609,568.103,522.88,129.922,83.8673,24.436,3.00727,18.6111,70.0364,65.0108,35.5936,0.224734,151.245,2.7117,4.34431,2.57352,8.6836,20.9637,4.66448,0.248473,0.0626534,0.266229,0.235337,0.297468,0.41349,0.30726,0.710958,0.165017,6.15696,0.311474,-0.004001,1.47749,64.453,-2.67277,82.4155,1.47349,6.26725,-10.366503119468689,8.421707153320312,1.73482,166.11000061035156,3.57304,0.0798584,0.625195,3.57304,-0.0798584,4.16641,613.2,4.38,613.2,4.38,,,,,,,,,,,,,,,,,,,"Brenton Doyle","25479",686668
"Teoscar Hernández","LAD",132.633,553.836,509.741,131.893,79.5783,25.562,1.06431,25.6887,70.7798,83.0085,34.575,0.939114,145.947,5.20823,3.82842,0.483777,9.08328,5.87352,1.84764,0.258746,0.0624282,0.263519,0.236902,0.310248,0.464256,0.331757,0.774504,0.20551,3.85262,0.3106,-0.649072,-0.363724,73.8496,8.40955,112.608,-1.0128,-3.19359,7.240098237991333,-9.334007024765015,1.70353,139.77000427246094,1.98412,-1.0325,0.617858,1.98412,1.0325,4.17619,680.5,5.116541353,680.5,5.116541353,,,,,,,,,,,,,,,,,,,"Teoscar Hernandez","13066",606192
"Nolan Arenado","ARI",133.871,557.441,509.87,128.462,87.0349,24.4752,1.02102,15.9303,60.2701,68.9498,37.7614,3.05344,76.9922,4.26158,5.04168,0.506025,10.2715,2.83822,1.03769,0.251949,0.0677407,0.138117,0.490458,0.306112,0.397689,0.304386,0.703801,0.14574,3.0582,0.266668,-0.155009,-0.689147,61.9422,-3.92374,93.1148,-0.844156,1.52325,-5.393086493015289,3.195661783218384,1.67268,418.2300109863281,1.08604,-0.111596,0.408348,1.08604,0.111596,4.45554,561.4,4.189552238,561.4,4.189552238,,,,,,,,,,,,,,,,,,,"Nolan Arenado","9777",571448
"Matt McLain","CIN",132.715,538.116,477.275,112.292,71.6593,22.0463,2.10195,16.4843,65.7573,56.6282,49.524,0.306,151.121,5.99114,3.42265,1.90297,6.20852,15.9795,3.96233,0.235277,0.0920323,0.280834,0.32771,0.312948,0.393892,0.309959,0.70684,0.158615,5.50307,0.306004,-0.0751829,0.735719,62.23,-1.35255,93.0371,0.660536,-0.235805,-3.7802355885505676,1.9984547197818756,1.64943,226.05999755859375,2.48409,-0.804568,0.636192,2.48409,0.804568,4.15174,563,4.233082706,563,4.233082706,,,,,,,,,,,,,,,,,,,"Matt McLain","29695",680574
"Brandon Marsh","PHI",119.837,464.979,411.413,105.279,69.3761,20.5621,2.45775,12.8827,57.3236,50.979,45.3554,1.05473,130.523,2.27239,3.87235,2.06561,5.11152,11.0538,2.52454,0.255895,0.0975428,0.280707,0.34749,0.330313,0.411762,0.323424,0.742075,0.155867,5.39013,0.339841,-0.0771867,0.411467,58.8553,3.91444,105.53,0.33428,-0.544143,3.38209992647171,-2.9218526482582092,1.62986,346.6000061035156,2.21717,0.570448,0.611893,2.21717,-0.570448,4.18414,525,4.375,525,4.375,,,,,,,,,,,,,,,,,,,"Brandon Marsh","20202",669016
"Joey Ortiz","MIL",138.64,535.115,486.336,116.907,79.7195,24.0873,3.12371,9.97638,59.4793,53.7139,36.7271,0.290058,93.1337,4.28941,3.67462,4.08705,9.95968,12.758,3.65494,0.240383,0.0686341,0.174044,0.394348,0.297392,0.364297,0.290293,0.661689,0.123914,5.52558,0.276377,0.439817,0.259683,53.3387,-9.88916,85.2,0.6995,0.0747033,-8.686998963356018,6.493200354278088,1.59706,397.510009765625,1.89959,-1.28562,0.578373,1.89959,1.28562,4.22884,486.4,3.499280575,486.4,3.499280575,,,,,,,,,,,,,,,,,,,"Joey Ortiz","25493",687401
"Freddy Fermin","SDP",122.548,451.439,411.465,98.3503,72.0932,15.961,0.746725,9.54936,44.2082,43.1106,28.9772,0.875861,89.2212,2.9322,3.33952,4.72462,8.87423,2.13894,0.978207,0.239025,0.0641885,0.197638,0.324779,0.291595,0.351069,0.282134,0.642664,0.112045,2.96317,0.280985,0.130654,-0.653614,42.0075,-11.3335,78.5195,-0.52296,2.48602,-11.98412674665451,11.941855907440186,1.55887,395.94000244140625,2.11578,0.663362,0.479673,2.11578,-0.663362,4.36044,380.9,3.096747967,380.9,3.096747967,,,,,,,,,,,,,,,,,,,"Freddy Fermin","21840",666023
"Sal Frelick","MIL",129.736,536.139,481.474,125.447,92.9824,21.6623,3.27543,7.5271,64.7121,51.214,43.5565,0.388515,76.1295,5.57192,3.36817,2.16831,8.16485,18.8239,3.95573,0.260548,0.0812411,0.141996,0.572137,0.326939,0.366046,0.306547,0.692985,0.105498,6.0004,0.293929,-0.350736,1.20923,60.516,-2.83292,96.3343,0.858499,3.64955,-1.4707948565483093,-1.2596921920776367,1.54563,205.7100067138672,2.2332,0.690325,1.0738,2.2332,-0.690325,3.56827,550,4.23076923,550,4.23076923,,,,,,,,,,,,,,,,,,,"Sal Frelick","29622",686217
"Jurickson Profar","ATL",139.167,601.691,520.142,130.123,85.8295,25.2299,0.936171,18.1271,76.2422,67.9283,67.5001,1.09188,97.7051,8.97114,3.63054,1.44771,10.29,8.90113,2.37418,0.250168,0.112184,0.162384,0.690856,0.344184,0.406824,0.330698,0.751008,0.156656,4.12191,0.274539,-0.414178,-0.256289,79.7133,8.61881,111.653,-0.670467,-1.94568,7.6395792961120605,-12.730597972869873,1.52726,185.88999938964844,1.6354,-0.243813,0.279567,1.6354,0.243813,4.62724,697.9,5.020863309,697.9,5.020863309,,,,,,,,,,,,,,,,,,,"Jurickson Profar","10815",595777
"Sean Murphy","ATL",88.5935,341.412,298.293,65.7135,39.0272,12.6484,0.26384,13.774,39.3658,43.0757,33.2691,0.711522,93.3048,7.57917,2.10108,0.169963,7.02217,0.40107,0.123717,0.220298,0.0974455,0.273291,0.356563,0.312276,0.402999,0.313456,0.715274,0.1827,2.14467,0.268677,-0.0789719,-0.493065,40.4516,0.111142,99.8417,-0.572037,1.25828,-0.6360933780670166,3.918076753616333,1.49794,398.0899963378906,2.33134,-1.36071,0.542808,2.33134,1.36071,4.27626,363.9,4.088764044,363.9,4.088764044,,,,,,,,,,,,,,,,,,,"Sean Murphy","19352",669221
"Bryan Reynolds","PIT",147.518,642.517,574.303,145.817,95.3553,28.1741,3.71076,18.5765,74.1855,75.1906,55.6821,1.97624,154.749,7.89984,4.02135,0.610751,10.5828,5.23813,1.78306,0.253902,0.0866625,0.240848,0.359822,0.326214,0.412921,0.321885,0.739135,0.159019,4.20563,0.314174,0.0229915,-0.718775,80.5247,4.60639,104.203,-0.695783,-0.868617,2.505184769630432,-9.264790058135986,1.49551,198.77000427246094,2.31656,-0.664898,0.429698,2.31656,0.664898,4.42707,722.1,4.879054054,722.1,4.879054054,,,,,,,,,,,,,,,,,,,"Bryan Reynolds","19326",668804
"Lars Nootbaar","STL",125.304,524.025,454.337,109.926,70.7882,21.7787,1.75112,15.6082,61.5223,54.7121,61.7555,2.14424,105.607,3.21257,3.59994,1.1204,8.47025,5.65486,2.37436,0.241949,0.117848,0.201531,0.584764,0.334467,0.400654,0.322307,0.73512,0.158705,3.76816,0.280107,0.427129,-0.723433,65.854,3.93633,106.116,-0.296304,-2.11141,3.4918057918548584,-6.737621068954468,1.48245,371.6600036621094,2.77661,-1.91015,0.15644,2.77661,1.91015,4.79141,588.4,4.7072,588.4,4.7072,,,,,,,,,,,,,,,,,,,"Lars Nootbaar","21454",663457
"Jorge Polanco","NYM",124.02,509.263,453.584,112.149,69.5333,20.8359,0.302746,21.4774,61.6043,69.2105,46.6009,1.26499,104.141,3.44308,3.93365,1.70091,7.46061,5.23646,1.88358,0.247251,0.0915066,0.204494,0.447478,0.319554,0.436574,0.326914,0.756128,0.189322,3.06557,0.273191,-0.327474,-0.505125,65.9035,5.73017,109.281,-0.8326,2.11576,4.753520429134369,-7.748149394989014,1.45703,230.57000732421875,3.28624,2.03341,0.387197,3.28624,-2.03341,4.48374,585.4,4.720967741,585.4,4.720967741,,,,,,,,,,,,,,,,,,,"Jorge Polanco","13152",593871
"Tommy Edman","LAD",118.25,474.765,434.217,105.41,69.4264,20.7125,2.02883,13.2419,59.5114,53.4058,30.3429,0.416908,83.576,4.82319,3.98657,1.39543,7.4992,9.84552,2.03662,0.242758,0.0639113,0.176036,0.363057,0.296968,0.391291,0.299318,0.688259,0.148534,5.47505,0.269981,0.164283,0.447341,50.802,-5.29517,90.3241,0.611624,0.996766,-4.817835032939911,2.965677320957184,1.45447,296.05999755859375,1.98422,-0.336738,0.357166,1.98422,0.336738,4.52378,466.9,3.956779661,466.9,3.956779661,,,,,,,,,,,,,,,,,,,"Tommy Edman","19470",669242
"Jake Cronenworth","SDP",143.622,585.626,503.569,118.394,77.2318,24.7522,2.32212,14.0882,64.8528,62.0302,62.9663,1.10596,116.446,11.6242,4.91352,2.55341,9.43863,4.19074,1.64663,0.23511,0.10752,0.198841,0.540733,0.330979,0.377417,0.313922,0.708396,0.142306,3.80995,0.27598,0.115551,-0.831154,69.6083,0.412045,100.356,-0.715603,-2.76458,-0.4692075848579407,-5.227237939834595,1.44503,407.0899963378906,3.03796,0.875632,0.293451,3.03796,-0.875632,4.60873,599.3,4.161805555,599.3,4.161805555,,,,,,,,,,,,,,,,,,,"Jake Cronenworth","18036",630105
"Jared Triolo","PIT",129.875,513.586,453.267,109.201,75.874,21.5991,2.25121,9.47675,57.0079,45.7326,51.1297,0.671025,116.971,4.18505,3.03714,1.96722,6.43601,13.7143,3.39659,0.24092,0.0995543,0.227753,0.437116,0.321559,0.361228,0.30293,0.682788,0.120308,5.17903,0.302326,-0.308082,0.490265,56.4622,-4.22203,91.2184,0.182183,-0.185618,-5.163250848650932,2.108392134308815,1.43568,403.0299987792969,2.66943,-1.84831,0.747863,2.66943,1.84831,4.00285,500.4,3.849230769,500.4,3.849230769,,,,,,,,,,,,,,,,,,,"Jared Triolo","25807",669707
"Patrick Bailey","SFG",130.812,486.228,439.638,97.2256,67.4676,18.9596,1.62479,9.17361,48.0857,49.3314,36.1356,0.211922,128.542,3.0264,4.74906,2.67889,7.36706,2.34722,0.500068,0.221149,0.0743181,0.264366,0.281119,0.282055,0.334265,0.272193,0.61632,0.113116,3.47962,0.287121,-0.321133,-0.437876,41.3205,-16.1311,71.6909,-0.75901,4.40798,-17.027644336223602,14.501494884490967,1.4252,453.739990234375,1.86666,0.229877,0.277821,1.86666,-0.229877,4.62957,372.3,2.841984732,372.3,2.841984732,,,,,,,,,,,,,,,,,,,"Patrick Bailey","27478",672275
"Ramón Laureano","SDP",128.873,522.805,472.869,115.748,71.3729,22.1107,2.62001,19.6441,66.7343,66.4979,37.1371,0.668131,139.12,9.44378,3.12908,0.225343,8.82639,8.4449,2.95107,0.244777,0.0710344,0.266103,0.266943,0.31063,0.427244,0.319736,0.737874,0.182467,5.15182,0.302942,-0.550929,-0.293819,64.6092,2.83583,104.35,-0.844747,0.297567,1.843203067779541,-5.768192678689957,1.40874,230.33999633789062,3.30878,1.33278,0.171314,3.30878,-1.33278,4.77158,590.3,4.575968992,590.3,4.575968992,,,,,,,,,,,,,,,,,,,"Ramon Laureano","17128",657656
"Tyler Stephenson","CIN",111.176,435.943,386.2,90.9078,57.9191,17.6832,0.85511,14.4504,49.6453,53.3751,41.8844,1.01488,123.753,4.60061,3.05245,0.205443,7.34022,0.873497,0.53391,0.235391,0.0960777,0.283875,0.338451,0.315311,0.397857,0.311983,0.713168,0.162467,2.50887,0.304552,-0.163202,-0.726488,51.1305,-0.379486,94.4234,-0.889689,-0.937891,-3.7710275650024414,3.0312337279319763,1.40824,247.05999755859375,2.09541,0.128967,0.292645,2.09541,-0.128967,4.60981,453.2,4.082882882,453.2,4.082882882,,,,,,,,,,,,,,,,,,,"Tyler Stephenson","17988",663886
"Jung Hoo Lee","SFG",136.139,570.524,517.686,137.881,94.3684,29.3389,5.7929,8.38113,66.9291,55.6446,43.2018,0.986884,63.7833,5.3468,3.64833,0.641474,8.77873,9.16431,2.96952,0.266342,0.0757231,0.111798,0.677322,0.327138,0.393964,0.315187,0.721102,0.127622,5.50219,0.28831,0.514072,-0.320186,68.3994,0.987578,101.225,0.193886,-1.79565,1.0200860649347305,-6.64946722984314,1.3996,286.7699890136719,1.99408,-1.30764,0.873627,1.99408,1.30764,3.83516,601,4.419117647,601,4.419117647,,,,,,,,,,,,,,,,,,,"Jung Hoo Lee","33824",808982
"Harrison Bader","SFG",122.307,478.814,434.941,105.453,70.9365,19.279,1.58486,13.6526,56.6049,50.9881,31.5639,0.247533,115.169,7.91779,3.76402,0.62646,6.12819,13.5132,4.68796,0.242453,0.0659211,0.240531,0.274065,0.303092,0.388236,0.302196,0.691328,0.145782,5.14971,0.296242,0.032529,0.0555317,52.354,-4.2215,92.3011,0.0880607,-0.386562,-4.26887770742178,1.5008955299854279,1.37479,339.6300048828125,2.11725,0.492104,0.587914,2.11725,-0.492104,4.21611,483.7,3.964754098,483.7,3.964754098,,,,,,,,,,,,,,,,,,,"Harrison Bader","18030",664056
"Daylen Lile","WSN",131.5,541.146,494.556,131.325,86.2389,26.5232,7.90806,10.6545,64.4956,58.7261,35.5608,0.424486,96.0612,5.79061,4.09025,1.14815,6.92306,13.9614,4.58943,0.265541,0.0657139,0.177514,0.370189,0.319772,0.415782,0.318806,0.735554,0.150242,6.52434,0.307887,0.503207,0.073324,66.4671,2.52651,103.997,0.576531,-1.26236,3.1402707695961,-7.864054799079895,1.35874,203.6300048828125,2.07953,-0.212723,0.79116,2.07953,0.212723,3.94512,604.5,4.614503816,604.5,4.614503816,,,,,,,,,,,,,,,,,,,"Daylen Lile","29995",695734
"JJ Wetherholt","STL",86.2715,348.41,308.271,75.9592,52.8339,14.9197,1.00885,7.19673,39.8312,34.1503,32.2343,0.830107,61.9543,5.15033,1.92626,0.82914,6.00384,8.02041,1.61251,0.246404,0.0925181,0.17782,0.520291,0.326093,0.371384,0.308567,0.697477,0.12498,4.90988,0.285267,-0.272366,0.353618,39.8978,-1.2696,96.6776,0.0812519,1.00352,-1.2868947312235832,2.4855939149856567,1.32908,999,2.5787,-0.792198,1.0012,2.5787,0.792198,3.66507,353.2,4.106976744,353.2,4.106976744,,,,,,,,,,,,,,,,,,,"JJ Wetherholt","sa3025154",802139
"Alec Burleson","STL",139.599,576.278,527.072,140.927,95.4891,24.763,1.07177,19.6033,64.7518,73.7273,39.5758,0.712919,81.9924,3.62173,4.80933,1.19936,11.2754,5.79448,1.68879,0.267378,0.0686748,0.142279,0.482676,0.320173,0.430006,0.324512,0.750179,0.162628,3.52289,0.281962,-0.716407,-0.443549,73.4522,5.36049,107.631,-1.15996,-0.832744,4.037529468536377,-11.059507191181183,1.27704,172.13999938964844,2.71027,0.407531,0.598231,2.71027,-0.407531,4.20236,666.6,4.761428571,666.6,4.761428571,,,,,,,,,,,,,,,,,,,"Alec Burleson","27615",676475
"Nick Gonzales","PIT",100.79,421.907,386.941,99.7188,66.6432,22.2655,3.12521,7.68488,46.3813,43.1252,25.43,0.385619,85.946,5.05257,3.97057,0.512366,7.61781,2.29418,1.51115,0.257711,0.0602741,0.203709,0.295884,0.308978,0.390988,0.304643,0.699966,0.133278,4.18289,0.309586,0.252869,-0.798652,46.9698,-2.88168,92.3916,-0.545783,-0.537897,-4.350332677364349,2.646980404853821,1.26188,520.7999877929688,1.91884,-0.629102,0.825215,1.91884,0.629102,3.89971,417.3,4.131683168,417.3,4.131683168,,,,,,,,,,,,,,,,,,,"Nick Gonzales","27490",693304
"Luis García Jr.","WSN",124.401,504.716,470.084,124.774,84.2636,23.8789,1.81694,14.8145,58.5537,61.6042,27.6353,1.39326,79.6717,1.66787,5.03007,0.297851,8.54986,13.2944,4.60202,0.265429,0.0547542,0.157855,0.346864,0.305455,0.4185,0.311439,0.723955,0.153071,4.86529,0.288889,-0.145328,0.0337401,58.974,-0.66208,98.9512,-0.111588,0.0129367,-0.7389476522803307,-3.7498058592900634,1.25878,232.66000366210938,2.07287,-1.52882,0.659807,2.07287,1.52882,4.12026,552.7,4.457258064,552.7,4.457258064,,,,,,,,,,,,,,,,,,,"Luis Garcia Jr.","20391",671277
"Dylan Crews","WSN",135.771,553.497,502.845,118.476,77.9113,21.2931,3.51252,15.7589,65.691,58.8179,38.8967,0.323221,123.012,8.54508,2.93572,0.274456,8.22752,24.4841,6.83033,0.235611,0.0702744,0.222246,0.316202,0.299911,0.385945,0.300099,0.685856,0.150334,6.28527,0.279875,-0.274758,1.27427,59.5775,-5.82247,91.1824,0.999516,2.74427,-4.784882068634033,-1.3722269535064697,1.25413,166.50999450683594,2.66438,-0.747641,1.04837,2.66438,0.747641,3.60218,561.9,4.131617647,561.9,4.131617647,,,,,,,,,,,,,,,,,,,"Dylan Crews","33541",686611
"Sal Stewart","CIN",124.646,497.85,450.91,118.417,73.6719,25.0667,0.390963,19.2872,62.4482,66.1461,38.6618,0.478913,97.1238,4.64087,3.38698,0.250157,8.28588,7.07346,2.10777,0.262617,0.0776574,0.195086,0.398067,0.324999,0.448264,0.334044,0.773263,0.185647,3.79355,0.293381,0.0185097,-0.217544,67.3086,8.48376,109.536,-0.199034,-0.54038,5.427594497799873,-10.051238596439362,1.22161,215.1699981689453,2.45049,-1.01262,0.415696,2.45049,1.01262,4.44574,600.6,4.8048,600.6,4.8048,,,,,,,,,,,,,,,,,,,"Sal Stewart","31505",701398
"Heliot Ramos","SFG",147.111,617.091,557.12,140.668,92.2605,24.8045,1.87239,21.7305,73.9923,71.9534,45.9905,1.53099,150.235,9.33734,4.07137,0.571652,11.3371,6.15339,2.45557,0.252491,0.074528,0.243456,0.306125,0.317907,0.420751,0.320644,0.738658,0.16826,3.91883,0.305574,-0.174001,-0.739145,76.7163,3.8023,104.974,-0.913147,-4.45561,2.714606761932373,-11.858522891998291,1.20126,216.50999450683594,3.11246,-0.747339,0.346684,3.11246,0.747339,4.53776,694.1,4.721768707,694.1,4.721768707,,,,,,,,,,,,,,,,,,,"Heliot Ramos","22515",671218
"Ha-Seong Kim","ATL",76.8148,311.828,273.191,65.8598,46.2756,11.5552,1.12848,6.90063,36.9846,30.0917,32.3005,0.893398,56.8766,2.41277,2.49373,1.43032,4.24198,11.7261,3.07509,0.241076,0.103584,0.182397,0.567906,0.324013,0.367413,0.305675,0.691426,0.126337,5.33782,0.278231,-0.111338,0.557153,34.9764,-1.86849,94.5113,0.445815,-1.64555,-1.5826902091503143,1.9106886386871338,1.09501,279.8599853515625,3.16,-1.6634,1.20488,3.16,1.6634,3.39349,319.3,4.146753246,319.3,4.146753246,,,,,,,,,,,,,,,,,,,"Ha-Seong Kim","27506",673490
"Connor Norby","MIA",123.722,473.319,432.433,104.687,67.1361,22.0299,1.74472,13.7767,55.766,52.389,32.298,0.302067,127.956,4.39511,3.67229,0.520912,5.49663,8.76228,2.59208,0.242089,0.0682373,0.270338,0.252415,0.299029,0.396678,0.302549,0.695707,0.154589,5.00902,0.308829,-0.472662,0.00750284,51.8888,-4.03749,91.4997,-0.465159,-1.69334,-5.233653664588928,-0.049233078956604004,1.07066,359.489990234375,1.12679,0.841896,0.352161,1.12679,-0.841896,4.53045,479.5,3.866935483,479.5,3.866935483,,,,,,,,,,,,,,,,,,,"Connor Norby","29592",681393
"Spencer Horwitz","PIT",114.771,477.558,418.128,107.865,70.6364,25.2422,0.880804,11.1055,57.5741,51.1244,50.7204,1.32968,88.1653,5.1917,2.96209,0.555731,8.70111,1.92026,0.8337,0.257971,0.106208,0.184617,0.575287,0.343346,0.402234,0.327654,0.74558,0.144263,2.96956,0.300664,-0.318421,-0.784016,62.0877,5.66056,108.155,-1.10244,0.434719,3.5135276317596436,-9.119531959295273,1.05203,359.94000244140625,2.22774,1.47999,0.597545,2.22774,-1.47999,4.20327,537.4,4.673043478,537.4,4.673043478,,,,,,,,,,,,,,,,,,,"Spencer Horwitz","26477",687462
"Joey Bart","PIT",89.6981,337.969,297.362,70.0988,49.1211,12.2693,0.425659,8.28276,34.4135,35.6263,31.8075,0,92.8289,6.62707,1.71245,0.460186,7.46295,1.51273,0.594726,0.235735,0.0941135,0.274667,0.342646,0.321572,0.363421,0.305283,0.684993,0.127686,2.5923,0.312261,-0.35187,-0.519019,37.8011,-2.1326,92.8304,-0.870889,-2.21894,-3.7427560687065125,2.5083377361297607,1.02414,468.94000244140625,1.87263,-0.208074,0.793818,1.87263,0.208074,3.94158,323,3.588888888,323,3.588888888,,,,,,,,,,,,,,,,,,,"Joey Bart","21524",663698
"Ke'Bryan Hayes","CIN",137.646,547.764,503.744,121.695,89.2995,20.7653,2.37094,9.25944,55.5645,50.7002,35.903,0.861883,108.057,4.32226,2.95053,0.844155,10.879,11.3235,3.45779,0.241581,0.0655446,0.197269,0.33226,0.296059,0.34736,0.28343,0.643419,0.105779,4.87411,0.288757,0.314734,-0.000721404,51.5473,-13.1753,74.8636,0.314013,5.5959,-16.004852294921875,7.72007155418396,1.01693,465.69000244140625,2.45273,-2.15159,0.57614,2.45273,2.15159,4.23181,468.6,3.395652173,468.6,3.395652173,,,,,,,,,,,,,,,,,,,"Ke'Bryan Hayes","18577",663647
"Eugenio Suárez","CIN",132.316,564.863,501.945,114.264,63.0375,21.6515,0.371943,29.2031,68.8447,84.1037,46.5634,0.693913,168.041,10.1517,5.77064,0.432049,7.05282,2.62771,0.848855,0.227643,0.082433,0.297491,0.277095,0.302923,0.4468,0.322613,0.749723,0.219157,2.85137,0.273974,-1.1669,-0.608066,71.1264,4.3835,106.327,-1.77497,-1.23338,2.448755383491516,-11.767770171165466,1.0025,132.50999450683594,3.62063,0.034731,1.22514,3.62063,-0.034731,3.36648,646.7,4.899242424,646.7,4.899242424,,,,,,,,,,,,,,,,,,,"Eugenio Suarez","12552",553993
"Willi Castro","COL",127.544,517.836,460.592,116.551,77.5452,23.01,4.17029,11.8258,66.2869,50.0697,40.8855,0.757592,118.629,12.2373,2.76359,1.35785,8.38808,14.7417,4.68115,0.253047,0.0789544,0.229087,0.344648,0.328521,0.398138,0.319012,0.726659,0.145092,6.06192,0.314585,0.178496,0.173706,63.6911,2.50469,90.466,0.352203,-3.78951,-5.499201685190201,-2.1240549087524414,0.982741,346.4599914550781,3.02775,-1.48807,0.722999,3.02775,1.48807,4.036,570,4.453125,570,4.453125,,,,,,,,,,,,,,,,,,,"Willi Castro","17338",650489
"Luis Torrens","NYM",62.4782,223.488,204.3,47.7975,32.7518,9.2554,0.931248,4.85902,21.4933,23.4106,14.7395,0.175168,49.787,2.02499,1.67085,0.752694,4.45584,1.07109,0.519033,0.233957,0.0659518,0.222772,0.29605,0.289859,0.359727,0.28485,0.649586,0.125771,3.43795,0.28375,-0.0193111,-0.324069,21.289,-5.11786,80.3854,-0.34338,2.69533,-5.524458348751068,7.516180038452148,0.97765,669.8599853515625,2.10292,-0.794676,1.26232,2.10292,0.794676,3.3169,193.7,3.124193548,193.7,3.124193548,,,,,,,,,,,,,,,,,,,"Luis Torrens","15905",620443
"Casey Schmitt","SFG",86.0148,335.119,304.729,72.5324,46.2669,14.1274,0.489058,11.649,36.0036,38.1885,22.6336,0.563305,78.2468,3.62356,2.92747,1.20554,5.10123,1.52064,0.595725,0.238023,0.0675391,0.23349,0.28926,0.295854,0.402276,0.302684,0.69813,0.164253,2.72551,0.279589,-0.0280261,-0.414893,36.7751,-2.82178,92.6364,-0.442919,0.304127,-3.3594945073127747,1.5430233478546143,0.974567,483.7099914550781,5.39199,-0.540981,0.776361,5.39199,0.540981,3.96485,339.2,3.944186046,339.2,3.944186046,,,,,,,,,,,,,,,,,,,"Casey Schmitt","27577",669477
"Pedro Pagés","STL",87.4456,320.397,293.314,65.331,44.1994,11.8878,0.723934,8.51993,30.1538,34.319,19.9653,0.668757,84.0595,2.55751,2.75033,1.80992,5.90463,0.932954,0.213626,0.222734,0.0623142,0.262361,0.237514,0.275761,0.355341,0.275481,0.631102,0.132607,2.70838,0.279191,-0.333147,-0.336956,28.0831,-9.77425,73.9494,-0.670103,2.27541,-10.534978449344635,9.022750616073608,0.954718,525.4600219726562,2.44481,-0.761745,0.776035,2.44481,0.761745,3.96529,267,3.068965517,267,3.068965517,,,,,,,,,,,,,,,,,,,"Pedro Pages","25782",686780
"Dalton Rushing","LAD",54.754,196.498,173.512,38.6422,23.8671,7.99645,0.251233,6.52742,23.4147,24.3681,18.3751,0.358959,56.1809,3.13307,1.3501,0.127305,2.48798,0.743165,0.197318,0.222706,0.0935131,0.285911,0.327071,0.306311,0.384546,0.303499,0.690856,0.16184,2.91717,0.286345,-0.0780118,-0.229355,21.6932,-1.5245,93.1964,-0.307367,1.46879,-1.8874452710151672,4.504416823387146,0.948162,426.79998779296875,2.29579,2.57621,1.15903,2.29579,-2.57621,3.45463,198.3,3.605454545,198.3,3.605454545,,,,,,,,,,,,,,,,,,,"Dalton Rushing","31382",687221
"Brett Baty","NYM",113.337,440.677,397.885,96.2399,63.6029,15.6302,0.817287,16.1896,50.6621,51.3729,36.3532,0.556299,109.664,3.0899,2.48284,0.86623,7.73997,5.00056,1.13343,0.241879,0.082494,0.248853,0.331497,0.308503,0.407337,0.311792,0.715841,0.165459,3.80524,0.291607,-0.278034,-0.14065,51.6173,-0.452092,98.8927,-0.418684,0.880804,-0.9954260587692261,-4.843282401561737,0.928558,257.6600036621094,1.89191,-0.671802,0.403889,1.89191,0.671802,4.46148,465.8,4.122123893,465.8,4.122123893,,,,,,,,,,,,,,,,,,,"Brett Baty","26123",683146
"Mike Yastrzemski","ATL",109.604,440.195,383.561,87.7861,50.877,19.4357,2.23492,15.2386,53.694,48.4459,48.2547,2.05116,101.053,3.66644,2.89622,1.81653,5.29371,4.28198,1.47836,0.228871,0.109621,0.229563,0.47752,0.318691,0.410384,0.31722,0.729075,0.181513,4.45044,0.26853,-0.0158712,-0.414119,53.501,1.48855,102.42,-0.42999,-1.5956,0.8326695263385773,-6.567349076271057,0.911677,417.2300109863281,1.3418,0.262067,0.316048,1.3418,-0.262067,4.5786,477.1,4.337272727,477.1,4.337272727,,,,,,,,,,,,,,,,,,,"Mike Yastrzemski","14854",573262
"Justin Crawford","PHI",97.591,386.491,351.716,93.8272,70.1445,16.6208,2.20344,4.85845,48.7957,34.2931,27.5495,0.407113,80.4103,1.72853,1.97459,3.52263,7.09161,20.6214,4.59852,0.26677,0.0712811,0.208052,0.342611,0.32145,0.367997,0.303509,0.689447,0.101227,6.58962,0.331452,-0.240793,1.58745,42.6715,-2.99545,91.8882,1.34665,-2.53593,-2.3691344261169434,-1.6224318742752075,0.907214,999,2.94228,-0.984271,1.58216,2.94228,0.984271,2.89045,398,4.061224489,398,4.061224489,,,,,,,,,,,,,,,,,,,"Justin Crawford","sa3020240",702222
"Agustín Ramírez","MIA",120.091,500.037,454.833,110.764,67.2897,24.9097,1.00792,17.5571,59.8478,62.2769,36.2318,1.57578,98.1797,5.43871,3.3224,0.211008,9.30249,12.249,2.90263,0.243528,0.0724582,0.196345,0.369035,0.304976,0.41853,0.312738,0.723506,0.175002,4.7975,0.272203,-0.715467,0.552203,58.9547,-0.128543,98.48,-0.163264,-6.96551,-1.064072147011757,-6.78279647231102,0.899275,81.30999755859375,1.56798,1.19556,0.341448,1.56798,-1.19556,4.54474,551.4,4.595,551.4,4.595,,,,,,,,,,,,,,,,,,,"Agustin Ramirez","26546",682663
"Spencer Steer","CIN",134.031,557.929,493.849,116.047,71.2526,24.4732,2.01035,18.3111,64.926,69.4935,53.8732,0.354046,120.969,6.73391,2.982,0.490936,7.27326,10.0775,2.61652,0.234985,0.0965593,0.216818,0.445347,0.316904,0.403918,0.315709,0.720822,0.168933,4.53447,0.273349,-0.462521,0.075825,67.1257,1.20212,96.9758,-0.386696,1.99853,-2.3864977955818176,-7.456924796104431,0.892064,257.30999755859375,2.31317,0.427844,0.453681,2.31317,-0.427844,4.39509,599.4,4.473134328,599.4,4.473134328,,,,,,,,,,,,,,,,,,,"Spencer Steer","26323",668715
"Joe Mack","MIA",61.5123,237.903,215.571,46.9435,30.2676,9.11845,0.564818,6.99264,25.1118,26.0546,17.8261,0.443491,66.7632,2.50365,1.71509,0.286773,3.59826,2.07717,0.599974,0.217763,0.07493,0.280632,0.267004,0.283117,0.362616,0.28289,0.645733,0.144852,3.92315,0.278344,0.0107583,-0.161365,22.2836,-5.82647,78.0331,-0.150606,2.15452,-6.344493135809898,6.900842189788818,0.866733,999,2.42623,-1.28343,1.05594,2.42623,1.28343,3.59208,208.8,3.367741935,208.8,3.367741935,,,,,,,,,,,,,,,,,,,"Joe Mack","sa3017374",691788
"Garrett Mitchell","MIL",92.3461,351.272,311.574,70.4413,45.3972,13.7137,2.52014,8.81025,41.3959,33.2135,31.9749,0.342035,105.01,3.17469,2.08054,2.46726,3.68246,12.0138,2.76627,0.226082,0.0910261,0.298943,0.304493,0.302722,0.371102,0.296552,0.673825,0.145021,6.25877,0.30841,-0.162831,0.740442,36.7987,-4.70679,89.4871,0.577611,0.0262234,-3.799214243888855,0.5667764786630869,0.864997,516.3099975585938,3.63049,-0.03847,0.996684,3.63049,0.03847,3.67109,341.7,3.714130434,341.7,3.714130434,,,,,,,,,,,,,,,,,,,"Garrett Mitchell","27555",669003
"Adolis García","PHI",133.086,552.837,505.09,118.023,69.9054,23.7297,0.999439,23.3881,67.3353,76.6318,36.6505,0.925111,142.627,5.49601,5.13477,0.46559,7.62767,10.9419,3.2883,0.233667,0.0662952,0.257992,0.256966,0.289966,0.42352,0.307012,0.713486,0.189853,4.58616,0.274933,-0.0606446,0.108134,62.6094,-2.71259,94.2875,0.0474897,-0.145822,-3.6954661905765533,-6.307189270853996,0.858439,229,2.19255,0.830214,0.704479,2.19255,-0.830214,4.0607,585.8,4.404511278,585.8,4.404511278,,,,,,,,,,,,,,,,,,,"Adolis Garcia","19287",666969
"Ryan O'Hearn","PIT",126.745,515.463,458.861,121.15,82.817,22.742,1.35038,14.2404,60.3937,60.7481,47.3151,2.70724,97.3803,5.25591,3.66555,0.364556,8.93688,3.04445,0.973684,0.264023,0.0917916,0.188918,0.48588,0.337258,0.412573,0.326595,0.74983,0.14855,3.1749,0.304666,-0.524272,-0.665765,66.5726,5.66672,107.43,-1.19004,-0.59614,3.3491761684417725,-12.158473372459412,0.853314,274.20001220703125,1.78473,0.357545,0.606573,1.78473,-0.357545,4.19124,581.5,4.578740157,581.5,4.578740157,,,,,,,,,,,,,,,,,,,"Ryan O'Hearn","16442",656811
"Victor Scott II","STL",128.657,492.985,437.962,96.3172,69.9962,17.1121,2.28491,6.92398,54.2299,37.8234,37.2249,0.260661,110.744,7.83923,3.68092,6.27787,5.20264,31.6296,5.62604,0.219921,0.0755092,0.22464,0.336134,0.290486,0.316857,0.271639,0.607342,0.0969351,6.77911,0.275927,-0.00409927,3.2641,41.673,-16.577,71.3104,3.26,2.79788,-13.456427812576294,4.7833251953125,0.81969,331.69000244140625,2.02511,-0.637508,1.87904,2.02511,0.637508,2.49461,405.1,3.140310077,405.1,3.140310077,,,,,,,,,,,,,,,,,,,"Victor Scott II","31349",687363
"Henry Davis","PIT",74.4887,274.257,243.744,52.9306,34.0402,10.8398,0.757503,7.29307,28.6613,27.0135,21.3517,0.742463,72.018,5.48668,2.06282,1.61245,3.3,3.41934,1.2043,0.217157,0.0778527,0.262593,0.296477,0.292575,0.357608,0.28643,0.650182,0.140451,4.21223,0.274107,-0.121283,-0.206312,26.477,-5.92864,79.9154,-0.327595,-0.0607029,-6.856136441230774,5.686880048364401,0.813932,567.8900146484375,1.76963,0.020649,0.976553,1.76963,-0.020649,3.69793,237.1,3.204054054,237.1,3.204054054,,,,,,,,,,,,,,,,,,,"Henry Davis","29617",680779
"Alek Thomas","ARI",113.224,432.013,397.442,94.7508,62.8101,19.4167,2.82466,9.69935,48.6225,44.3114,24.0706,0.48049,99.7943,3.72497,3.01658,3.75879,8.55879,8.11332,2.62561,0.238401,0.0557172,0.230998,0.241202,0.286153,0.374683,0.287469,0.660836,0.136281,5.36535,0.292308,1.059,-0.0475449,42.0713,-8.97439,81.5265,1.01145,0.166267,-8.44745409488678,1.9135559499263763,0.802057,533.3099975585938,1.98486,0.179649,0.574967,1.98486,-0.179649,4.23338,392,3.469026548,392,3.469026548,,,,,,,,,,,,,,,,,,,"Alek Thomas","23792",677950
"Jacob Young","WSN",86.7199,325.007,291.375,71.1956,55.2501,12.1457,1.57422,2.2255,35.086,24.2329,21.5837,0.258274,60.1561,4.71311,1.66177,5.67282,6.06743,16.0494,4.59316,0.244343,0.0664101,0.185092,0.358796,0.305299,0.319747,0.279362,0.625046,0.0754035,6.11092,0.299018,0.572684,0.792253,29.5113,-8.89072,76.9772,1.36494,2.9566,-7.50342869758606,4.294867515563965,0.778034,641.5999755859375,1.68158,0.815785,1.57386,1.68158,-0.815785,2.90152,269,3.091954022,269,3.091954022,,,,,,,,,,,,,,,,,,,"Jacob Young","29931",696285
"Miguel Amaya","CHC",76.7325,286.038,256.989,59.2613,39.1334,11.7167,0.791893,7.61934,29.7626,34.5777,19.4675,0.294044,61.2103,5.00302,2.14175,2.43673,4.13491,1.0523,0.23421,0.230599,0.0680593,0.213994,0.318043,0.295245,0.3713,0.292439,0.666545,0.140701,3.28497,0.27137,-0.280022,-0.303405,29.0099,-4.7877,85.5989,-0.583427,-1.65906,-5.4520381689071655,2.969860076904297,0.736504,448.3399963378906,2.96284,2.00428,0.876407,2.96284,-2.00428,3.83146,263,3.415584415,263,3.415584415,,,,,,,,,,,,,,,,,,,"Miguel Amaya","21693",665804
"Braxton Fulford","COL",55.6716,203.295,182.144,43.3735,27.0327,9.48836,1.01974,5.83279,23.9542,23.4412,14.2717,0.017207,55.606,4.15701,2.09474,0.627228,2.44282,2.59269,0.93885,0.238127,0.070202,0.273523,0.256658,0.304944,0.397485,0.306396,0.702429,0.159358,4.91213,0.305705,0.0208046,-0.165944,22.9217,-1.09921,81.823,-0.14514,0.608916,-4.524832084774971,4.904561758041382,0.73086,704.5399780273438,1.3289,1.33562,1.2907,1.3289,-1.33562,3.27906,203.9,3.641071428,203.9,3.641071428,,,,,,,,,,,,,,,,,,,"Braxton Fulford","29704",690924
"Nasim Nuñez","WSN",95.8446,318.508,281.314,64.0646,49.1698,9.86697,0.973713,4.0541,35.8354,25.0042,28.8776,0.228503,73.9728,1.49498,2.14361,4.67786,4.52149,22.1965,4.9778,0.227733,0.0906651,0.232248,0.390381,0.300918,0.312964,0.275615,0.613882,0.0852309,6.31759,0.29212,-0.240139,1.8772,27.9523,-9.68196,74.4104,1.63706,2.29159,-8.022987127304077,4.428041934967041,0.716383,398.8900146484375,3.32129,0.317474,1.72029,3.32129,-0.317474,2.70628,267.5,2.786458333,267.5,2.786458333,,,,,,,,,,,,,,,,,,,"Nasim Nunez","25979",683083
"Blaze Alexander","ARI",106.846,413.974,365.967,84.437,56.7099,16.7508,1.75771,9.21867,45.4655,41.6888,33.744,0.0325923,124.752,8.98322,2.57534,2.70443,6.34364,7.04191,3.33802,0.230723,0.0815123,0.301352,0.270489,0.309199,0.36167,0.297586,0.670869,0.130947,4.65932,0.320662,0.314956,-0.614832,43.715,-5.19922,88.457,-0.299876,0.47696,-5.963377952575684,-0.8112116456031799,0.716027,527.8599853515625,2.21665,-0.67599,0.578742,2.21665,0.67599,4.22834,383.6,3.585046728,383.6,3.585046728,,,,,,,,,,,,,,,,,,,"Blaze Alexander","23789",677942
"Harry Ford","WSN",97.3307,278.116,240.145,54.7441,37.5237,10.8851,0.370602,5.96473,30.6924,27.7141,27.5314,0.241205,67.7831,5.38553,4.82692,0.226696,3.56501,4.63845,1.46707,0.227962,0.0989924,0.243723,0.406168,0.315453,0.35089,0.296198,0.666342,0.122927,3.96837,0.284885,-0.0322797,-0.136534,29.0552,-3.80635,88.5105,-0.168814,0.0166181,-3.9560283720493317,1.5186350885778666,0.697321,397.4599914550781,4.08487,1.55326,1.0359,4.08487,-1.55326,3.6188,262,2.701030927,262,2.701030927,,,,,,,,,,,,,,,,,,,"Harry Ford","29958",695670
"Edmundo Sosa","PHI",58.9428,218.102,201.602,49.8485,32.5661,9.35217,1.26763,6.66258,25.9044,25.7004,9.23227,0.11617,49.8244,4.43446,1.32305,1.50991,4.16761,2.45908,0.88841,0.247262,0.0423301,0.228446,0.185296,0.293249,0.405372,0.302732,0.698621,0.15811,4.94217,0.294909,0.261498,-0.176451,23.9425,-1.82792,91.3561,0.0850467,0.915446,-2.149367682635784,1.6301405429840088,0.689286,572.7100219726562,4.19672,1.319,1.27604,4.19672,-1.319,3.29861,215.6,3.654237288,215.6,3.654237288,,,,,,,,,,,,,,,,,,,"Edmundo Sosa","17022",624641
"Carson Benge","NYM",95.0947,379.812,338.785,80.1686,51.9331,16.5624,1.99515,9.67794,45.7292,40.7434,33.7348,1.46293,81.9239,4.26578,2.17262,0.853623,5.89454,8.53699,1.81704,0.236636,0.0888199,0.215696,0.411783,0.311826,0.383001,0.304207,0.694828,0.146366,5.5577,0.282691,-0.15589,0.379232,42.1492,-2.7285,93.6825,0.223342,0.0186869,-2.612595036625862,-3.559980496764183,0.683642,999,1.85387,-0.908564,0.697558,1.85387,0.908564,4.06992,389.2,4.096842105,389.2,4.096842105,,,,,,,,,,,,,,,,,,,"Carson Benge","sa3025452",701807
"Kyle Karros","COL",65.7056,259.269,232.446,59.7705,41.6257,12.8181,1.04684,4.27974,30.2796,24.8037,22.0763,1.10554,61.0375,2.93291,1.64903,0.164807,5.05213,2.37406,0.493465,0.257137,0.0851484,0.235422,0.361685,0.327204,0.376525,0.30921,0.703728,0.119387,4.34225,0.328781,-0.15225,-0.159874,29.8253,-0.809317,83.7513,-0.312124,2.0759,-5.30514258146286,3.0898711681365967,0.655891,600.739990234375,3.78002,-0.346961,1.30927,3.78002,0.346961,3.25431,263.8,3.996969696,263.8,3.996969696,,,,,,,,,,,,,,,,,,,"Kyle Karros","33252",691720
"Keibert Ruiz","WSN",85.3079,330.925,308.969,74.1546,52.4239,14.2454,0.154389,7.3309,29.8942,35.7382,15.8415,0.198877,38.0432,3.6778,2.26941,0.167046,6.08852,1.54456,0.697663,0.240006,0.0478704,0.11496,0.416409,0.28321,0.358293,0.280576,0.641503,0.118287,2.34918,0.251345,-0.3716,-0.450425,30.3748,-8.72648,77.8088,-0.822025,-1.9135,-9.52574223279953,4.668899059295654,0.62954,387.1400146484375,2.09286,1.10649,0.933463,2.09286,-1.10649,3.75538,272.8,3.209411764,272.8,3.209411764,,,,,,,,,,,,,,,,,,,"Keibert Ruiz","19610",660688
"JJ Bleday","CIN",83.5275,329.783,292.024,66.2722,37.3072,15.0249,0.910518,13.0296,39.4521,39.6428,34.5396,0.997286,76.678,1.23997,1.77265,0.206823,4.23781,2.27836,0.926537,0.226941,0.104734,0.232511,0.45045,0.309646,0.418483,0.315933,0.728129,0.191542,3.54492,0.26088,-0.194596,-0.399671,39.7371,0.770685,97.1296,-0.594267,0.411915,-1.716186285018921,-3.2402620911598206,0.615461,540.5399780273438,1.88015,-0.502135,0.628904,1.88015,0.502135,4.16146,358,4.261904761,358,4.261904761,,,,,,,,,,,,,,,,,,,"JJ Bleday","26368",668709
"Javier Sanoja","MIA",64.992,236.911,218.292,56.4426,38.7575,12.0814,1.88151,3.72219,25.6811,24.0318,14.0423,0.457216,26.7689,1.10536,1.9585,1.51294,4.28915,5.30305,2.4227,0.258565,0.0592725,0.112991,0.524576,0.304124,0.382302,0.298295,0.686426,0.123738,5.1392,0.277827,0.225675,-0.284375,25.1538,-2.83904,88.586,-0.0587,0.364782,-3.263628162443638,1.367745816707611,0.612464,530.0900268554688,3.37098,0.391017,1.46834,3.37098,-0.391017,3.04222,228.3,3.512307692,228.3,3.512307692,,,,,,,,,,,,,,,,,,,"Javier Sanoja","28253",691594
"Andrew Vaughn","MIL",128.348,533.907,485.852,121.657,78.0542,24.1484,0.763682,18.6903,55.0615,72.8507,37.4285,0.170525,104.437,5.71541,4.37542,0.536485,10.5005,0.489643,0.15227,0.250399,0.0701029,0.195609,0.358382,0.308979,0.418653,0.31562,0.727632,0.168254,1.8094,0.280486,-0.796875,-0.763413,64.1969,1.11166,102.549,-1.56029,-2.24482,0.05289483070373535,-12.148202419281006,0.579899,292,2.81209,0.653843,0.649675,2.81209,-0.653843,4.13377,580.1,4.53203125,580.1,4.53203125,,,,,,,,,,,,,,,,,,,"Andrew Vaughn","26197",683734
"Jose Trevino","CIN",72.7356,264.088,244.327,57.196,39.917,10.6691,0.499933,6.10999,25.4715,26.3916,15.0519,0.0965703,41.4402,1.52485,2.0716,1.11217,6.68033,0.878326,0.208012,0.234096,0.056996,0.156918,0.363221,0.280531,0.356878,0.278696,0.637409,0.122782,2.8448,0.256909,-0.202986,-0.281835,23.8369,-7.36708,71.6207,-0.484821,0.635099,-9.367488741874695,6.247415006160736,0.579722,702.1699829101562,1.72922,-0.940351,1.11003,1.72922,0.940351,3.51996,216.4,2.964383561,216.4,2.964383561,,,,,,,,,,,,,,,,,,,"Jose Trevino","16725",624431
"Jimmy Crooks","STL",28.2077,103.093,93.7027,21.8298,15.0415,4.37709,0.141907,2.26931,10.4399,10.7756,7.15305,0.168418,27.6263,1.21121,0.873667,0.152327,1.83378,0.214673,0.0782667,0.232969,0.0693844,0.267974,0.258922,0.293315,0.355365,0.285149,0.64868,0.122396,2.38774,0.302416,0.0138358,-0.142522,9.84548,-2.33575,80.5911,-0.128687,2.0955,-2.493594154715538,4.272019147872925,0.538935,559.489990234375,2.43239,-0.248291,1.72322,2.43239,0.248291,2.70237,83.6,2.985714285,83.6,2.985714285,,,,,,,,,,,,,,,,,,,"Jimmy Crooks","31354",699625
"Alex Call","LAD",45.3856,171.154,146.74,34.5643,23.5189,7.05679,0.353414,3.63517,20.9057,17.2795,18.9375,0.0851086,32.2603,2.62926,1.18452,1.66184,2.69826,2.52713,0.974796,0.235547,0.110646,0.188487,0.587023,0.331173,0.362773,0.309843,0.693946,0.127225,4.14138,0.27608,-0.0629689,-0.190849,19.7767,-0.446413,97.5539,-0.253818,1.21299,-0.7486425340175629,0.20807600021362305,0.537346,747.739990234375,3.09824,2.09564,1.44988,3.09824,-2.09564,3.06682,175.8,3.906666666,175.8,3.906666666,,,,,,,,,,,,,,,,,,,"Alex Call","19296",669743
"Nolan Gorman","STL",122.374,490.089,435.946,92.2043,53.8106,17.4677,0.535091,20.3909,55.8668,61.1887,48.6536,1.47949,160.153,1.8912,3.17071,0.427975,4.08186,3.79571,1.22488,0.211504,0.0992749,0.326784,0.303794,0.291526,0.394349,0.298515,0.685875,0.182845,3.16445,0.27773,-0.945266,-0.421623,52.1222,-5.78564,89.7724,-1.36689,1.09993,-7.291151165962219,-4.06193995475769,0.535467,435.6600036621094,2.26166,-1.81974,0.845303,2.26166,1.81974,3.87293,480,3.934426229,480,3.934426229,,,,,,,,,,,,,,,,,,,"Nolan Gorman","22263",669357
"Thomas Saggese","STL",82.0268,324.356,298.261,71.8671,49.6896,15.059,1.03819,6.08034,34.6051,32.4383,19.2827,0.241945,83.0836,3.50597,2.43079,0.875756,4.04037,3.96689,1.3637,0.240954,0.059449,0.256149,0.232087,0.292617,0.359563,0.285952,0.652179,0.118609,4.2793,0.311007,0.000476894,-0.24196,31.1877,-7.13745,81.1426,-0.241483,0.787803,-7.470677226781845,1.6485784649848938,0.527474,525.2899780273438,1.99309,-0.10084,0.954133,1.99309,0.10084,3.72782,284.6,3.470731707,284.6,3.470731707,,,,,,,,,,,,,,,,,,,"Thomas Saggese","27883",695336
"Lourdes Gurriel Jr.","ARI",65.3131,277.128,255.743,67.3701,44.6455,12.9628,0.991477,8.77025,31.1374,36.4229,15.9247,0.35056,44.0878,2.78383,2.56229,0.114703,5.21695,3.94432,1.29529,0.263429,0.0574633,0.159088,0.361204,0.310738,0.42475,0.31751,0.735488,0.161321,4.19658,0.285231,-0.0970983,-0.157509,33.7473,1.00247,102.106,-0.254608,-0.364112,0.43705153465270996,-4.560715556144714,0.521431,543.2000122070312,2.71273,-2.05209,1.20911,2.71273,2.05209,3.38786,309,4.753846153,309,4.753846153,,,,,,,,,,,,,,,,,,,"Lourdes Gurriel Jr.","19238",666971
"Noelvi Marte","CIN",131.158,547.762,505.282,126.086,82.7534,24.4884,1.84795,16.9963,66.6162,64.1581,32.9427,0.96774,126.136,5.44444,3.52932,0.563286,7.87855,15.3288,4.93273,0.249536,0.0601406,0.230276,0.261168,0.300573,0.406227,0.306242,0.7068,0.156691,5.19259,0.298321,0.0925067,0.252386,61.692,-3.0302,90.4903,0.344893,-1.05038,-5.828879863023758,-7.327457904815674,0.518502,142.5399932861328,3.27009,-0.255935,0.373082,3.27009,0.255935,4.50256,569.9,4.350381679,569.9,4.350381679,,,,,,,,,,,,,,,,,,,"Noelvi Marte","26517",682622
"Will Benson","CIN",65.1705,240.78,213.13,47.1972,26.6315,9.69343,1.69139,9.18084,29.8035,29.038,23.174,0.75819,73.4328,1.71906,2.17968,0.577718,2.60956,5.91712,1.88506,0.221448,0.0962456,0.304979,0.315581,0.300123,0.41203,0.308055,0.712153,0.190582,5.75035,0.286492,-0.246919,0.0763148,27.4726,-0.977403,91.7329,-0.170604,2.05029,-2.529832273721695,-0.4935791492462158,0.510274,650.030029296875,2.10147,0.953929,1.06128,2.10147,-0.953929,3.58496,256,3.938461538,256,3.938461538,,,,,,,,,,,,,,,,,,,"Will Benson","21853",666181
"Miguel Rojas","LAD",50.6099,183.02,167.233,41.3966,29.5198,8.37307,0.250396,3.2534,20.828,17.6904,11.9791,0.230413,26.1319,1.49636,0.990065,1.32184,3.85738,2.77152,0.844255,0.247539,0.0654523,0.142782,0.458408,0.301996,0.358965,0.290745,0.66096,0.111426,4.07586,0.274733,-0.0477725,-0.0737531,18.3101,-3.31515,84.435,-0.121526,1.42671,-3.488445430994034,2.2077240347862244,0.502709,633.739990234375,1.70557,0.452301,1.51327,1.70557,-0.452301,2.9823,155.9,3.056862745,155.9,3.056862745,,,,,,,,,,,,,,,,,,,"Miguel Rojas","7802",500743
"Rafael Marchán","PHI",43.8026,155,138.277,31.3525,22.3599,6.1756,0.180524,2.63649,15.2508,15.3476,12.1694,0.13907,26.501,2.25342,1.12698,1.173,2.52806,0.675695,0.225765,0.226737,0.078512,0.170975,0.459203,0.297577,0.331209,0.280217,0.628786,0.104472,2.80712,0.260424,-0.0720806,-0.199225,14.1819,-4.13254,75.9322,-0.271305,1.06918,-4.692733496427536,4.449007987976074,0.502677,738.3099975585938,3.54585,1.63987,1.50425,3.54585,-1.63987,2.99433,125.1,2.843181818,125.1,2.843181818,,,,,,,,,,,,,,,,,,,"Rafael Marchan","21646",665561
"Luis Campusano","SDP",88.5238,322.233,289.434,67.195,45.6443,11.9337,0.753939,8.86314,35.3962,36.1807,28.4997,0.0922494,72.572,2.05271,1.77827,0.468372,9.5967,1.1283,0.177334,0.23216,0.0884443,0.225216,0.392709,0.303785,0.370468,0.297182,0.674253,0.138308,2.96304,0.278066,0.000753716,-0.349378,33.9215,-4.15283,88.8566,-0.348624,0.150942,-4.592604249715805,-1.613614022731781,0.480822,658.969970703125,2.07215,0.0105667,0.727876,2.07215,-0.0105667,4.0295,303.2,3.406741573,303.2,3.406741573,,,,,,,,,,,,,,,,,,,"Luis Campusano","22217",669134
"Tyler Freeman","COL",82.4889,335.566,295.509,81.1193,58.6544,15.7516,1.49935,5.21391,42.8237,30.9904,25.5837,0.221197,44.8298,10.2187,2.34658,1.9086,7.31675,12.8746,4.18688,0.274507,0.0762404,0.133595,0.570685,0.350424,0.39089,0.32808,0.741314,0.116382,5.76718,0.306303,0.150025,0.238202,43.7433,4.09357,96.6777,0.388227,-0.771973,-0.9330834746360779,-5.552706182003021,0.478677,430.1400146484375,4.23997,0.104612,1.48739,4.23997,-0.104612,3.01681,378.2,4.612195121,378.2,4.612195121,,,,,,,,,,,,,,,,,,,"Tyler Freeman","22532",671289
"James McCann","ARI",54.3076,199.274,182.417,43.2467,28.989,8.70635,0.219957,5.3314,21.1451,23.6644,11.1638,0.0542838,51.6112,2.69994,1.85681,1.13637,3.50743,1.16388,0.331177,0.237076,0.0560223,0.258996,0.216306,0.288236,0.374895,0.289386,0.663131,0.137819,3.15557,0.297769,-0.297704,-0.185388,19.7164,-3.82938,82.84,-0.483092,-0.442642,-4.5359658896923065,2.4500885605812073,0.46491,681.0900268554688,2.4337,1.70158,1.30576,2.4337,-1.70158,3.25899,175.8,3.255555555,175.8,3.255555555,,,,,,,,,,,,,,,,,,,"James McCann","12859",543510
"Brady House","WSN",122.685,488.067,457.74,110.079,76.7161,20.3695,1.14478,11.849,49.8477,52.8663,22.2155,0.822847,135.955,3.48281,4.07578,0.552628,9.75621,5.66719,2.15666,0.240485,0.0455173,0.278558,0.163403,0.27851,0.367644,0.280381,0.646154,0.12716,3.84992,0.312824,0.0334947,-0.420426,44.7213,-12.9476,77.6752,-0.386931,-0.295719,-13.30094963312149,1.5975747406482697,0.46396,471.20001220703125,2.14687,0.909628,0.336236,2.14687,-0.909628,4.55168,415.3,3.376422764,415.3,3.376422764,,,,,,,,,,,,,,,,,,,"Brady House","29993",691781
"Matt Shaw","CHC",66.8414,257.793,230.569,54.8739,35.787,10.4896,1.32181,7.27549,32.0525,27.2121,22.3475,0.178238,52.4739,2.58436,1.65295,0.639716,3.11119,9.55623,2.58928,0.237994,0.0866877,0.20355,0.425878,0.310343,0.389617,0.30674,0.69996,0.151624,5.79991,0.275977,0.00623762,0.451221,29.1385,-1.32171,95.4228,0.457458,0.336605,-0.9371721744537354,-3.3473355174064636,0.454301,211.91000366210938,5.07645,0.275348,1.24803,5.07645,-0.275348,3.33596,263.1,3.926865671,263.1,3.926865671,,,,,,,,,,,,,,,,,,,"Matt Shaw","33322",807713
"Mark Vientos","NYM",107.237,439.081,400.726,96.0902,58.7567,17.6733,1.23457,18.4256,50.1545,58.8583,30.6411,0.383656,115.376,4.18499,3.34904,0.179436,7.53145,1.14867,0.236155,0.23979,0.0697848,0.262767,0.265576,0.298282,0.427997,0.313362,0.726279,0.188207,2.96991,0.287356,-0.540773,-0.482246,51.9902,0.109397,99.9715,-1.02302,0.39748,-1.037820058874786,-9.478446811437607,0.444457,281.42999267578125,2.54287,1.68821,0.479009,2.54287,-1.68821,4.36132,470.6,4.398130841,470.6,4.398130841,,,,,,,,,,,,,,,,,,,"Mark Vientos","22184",668901
"Blake Perkins","MIL",57.5248,220.588,195.472,42.4115,29.1373,8.15287,1.11508,4.00628,25.2218,20.48,21.4789,0.225664,59.5017,1.21119,1.70494,0.72091,2.96982,7.47951,2.01676,0.21697,0.0973711,0.269741,0.36098,0.296095,0.331574,0.279629,0.627669,0.114604,5.94151,0.287316,0.000310811,0.329347,20.0777,-5.9865,77.8946,0.329657,1.30901,-5.449632704257965,2.196737229824066,0.418062,729.0900268554688,2.00432,-0.369115,1.32168,2.00432,0.369115,3.23776,180.4,3.110344827,180.4,3.110344827,,,,,,,,,,,,,,,,,,,"Blake Perkins","19921",663368
"Mickey Moniak","COL",117.103,472.4,441.057,113.043,66.0638,21.9734,5.05777,19.948,61.5537,64.0943,24.2933,0.828673,118.72,3.78614,2.76254,0.50064,4.52625,9.26951,3.12331,0.2563,0.0514253,0.251313,0.204627,0.299052,0.464738,0.325684,0.76379,0.208438,6.1611,0.305078,-0.297906,-0.0411796,60.6613,4.8436,95.036,-0.339086,-0.399244,-3.118393361568451,-8.625770837068558,0.406456,253.97000122070312,2.6001,0.743354,0.300721,2.6001,-0.743354,4.59904,564.8,4.827350427,564.8,4.827350427,,,,,,,,,,,,,,,,,,,"Mickey Moniak","19956",666160
"Ryan Ritter","COL",55.9096,214.49,191.716,46.9851,31.5599,9.55548,1.5997,4.27003,25.2513,21.3602,15.1362,0.272388,56.5369,3.90358,1.20626,2.52777,4.07025,3.60097,0.935624,0.245077,0.0705686,0.263588,0.267723,0.311494,0.378425,0.303007,0.68992,0.133348,5.57457,0.323317,0.000446359,0.0047949,23.5938,-1.74978,79.502,0.00524126,0.864817,-5.205662863329053,1.9656328558921814,0.398619,623.2000122070312,3.30559,-0.492077,1.36942,3.30559,0.492077,3.17411,211,3.767857142,211,3.767857142,,,,,,,,,,,,,,,,,,,"Ryan Ritter","31500",690022
"Ryan Waldschmidt","ARI",35.2099,143.153,125.145,30.342,20.8617,5.87782,0.686102,2.91646,17.3569,14.5117,14.5989,0.302395,30.653,2.31557,0.944577,0.148833,2.07483,4.41734,1.21223,0.242455,0.101981,0.214128,0.476261,0.330455,0.370301,0.310819,0.700756,0.127847,5.46161,0.296428,-0.166287,0.139648,16.6548,-0.259869,97.5221,-0.026639,0.911518,-0.44705904833972454,-0.43507659435272217,0.397034,999,2.80964,0.571879,1.6494,2.80964,-0.571879,2.8008,150.1,4.288571428,150.1,4.288571428,,,,,,,,,,,,,,,,,,,"Ryan Waldschmidt","sa3025261",814439
"Sung-Mun Song","SDP",80.1362,313.906,286.475,67.4103,47.0657,13.0578,0.869347,6.41746,33.1749,31.1795,23.6588,1.1739,54.1609,0.95318,2.0028,0.815897,4.43947,6.88828,1.22001,0.235309,0.0753692,0.172538,0.436825,0.293916,0.354164,0.283946,0.64808,0.118855,4.65261,0.26763,-0.135757,0.412599,29.6716,-7.41884,79.7643,0.276842,0.298606,-7.230792939662933,0.475272998213768,0.395787,999,3.45274,1.61807,1.03299,3.45274,-1.61807,3.62268,274.5,3.43125,274.5,3.43125,,,,,,,,,,,,,,,,,,,"Sung-Mun Song","sa3012529",823550
"Pavin Smith","ARI",105.326,404.704,352.145,82.3383,52.0447,17.0637,1.05999,12.1699,46.6689,47.7262,47.7132,1.17009,103.634,1.57258,3.11454,0.159438,7.29125,2.59288,0.963122,0.23382,0.117896,0.256073,0.460402,0.325363,0.391975,0.315046,0.717338,0.158155,3.41691,0.293033,-0.486948,-0.537066,48.473,0.654023,100.417,-1.02401,-0.346162,-0.8238812386989594,-8.787775844335556,0.394206,482.20001220703125,2.04287,1.5642,0.353899,2.04287,-1.5642,4.52813,427.9,4.075238095,427.9,4.075238095,,,,,,,,,,,,,,,,,,,"Pavin Smith","19892",656976
"Drew Millas","WSN",34.6453,122.6,111.238,26.8216,19.2043,5.17459,0.708282,1.73435,12.3012,11.2375,9.12313,0.561509,20.5084,0.499176,0.733157,1.00712,2.08352,2.74607,0.652094,0.241119,0.0744136,0.167279,0.444849,0.29972,0.347147,0.283899,0.646866,0.106027,5.02085,0.279591,-0.017129,0.0955737,11.584,-2.90215,80.0855,0.0784448,-0.14033,-2.815268464386463,2.532919257879257,0.388439,999,1.19495,2.0486,1.75586,1.19495,-2.0486,2.65885,109.1,3.117142857,109.1,3.117142857,,,,,,,,,,,,,,,,,,,"Drew Millas","25643",686452
"Mauricio Dubón","ATL",89.8205,338.824,315.531,79.634,57.9631,15.4892,1.15391,5.02782,36.5639,32.7256,16.9495,0.117539,42.7457,1.66615,2.69287,1.98391,6.58318,3.08871,0.918588,0.252381,0.0500246,0.126159,0.39652,0.291681,0.356587,0.283476,0.648268,0.104207,4.10801,0.275859,-0.0212999,-0.263208,31.8976,-8.13703,79.3043,-0.284508,-1.94796,-8.595408082008362,1.1015045642852783,0.386623,479.79998779296875,2.29672,1.92016,1.04905,2.29672,-1.92016,3.60126,288.1,3.201111111,288.1,3.201111111,,,,,,,,,,,,,,,,,,,"Mauricio Dubon","16530",643289
"Jake Mangum","PIT",88.4946,348.185,326.175,88.5038,67.1275,17.1692,1.74749,2.45951,35.2892,30.9002,16.022,0.144742,58.8459,3.16813,1.9567,0.863293,5.7996,14.813,3.87466,0.271339,0.0460159,0.169008,0.272271,0.31007,0.357313,0.293151,0.667383,0.0859746,5.7167,0.322473,-0.317032,0.806974,35.514,-5.62673,84.5195,0.489941,1.50388,-5.898392885923386,-1.910265326499939,0.386284,352.7699890136719,3.54759,-1.40132,1.67453,3.54759,1.40132,2.76729,326.2,3.706818181,326.2,3.706818181,,,,,,,,,,,,,,,,,,,"Jake Mangum","26202",663968
"Jordan Lawlar","ARI",43.7689,159.397,142.857,33.6958,21.2948,7.68173,1.14285,3.57633,18.8072,15.6975,12.436,0.257413,42.9387,2.10708,1.31119,0.685555,1.60103,5.27631,1.33273,0.235871,0.0780194,0.269383,0.289623,0.303941,0.380746,0.299444,0.684687,0.144875,6.27853,0.308433,0.0988234,0.274597,17.0725,-1.76142,89.73,0.373421,0.131184,-1.566773235797882,-0.06747649610042572,0.375376,355.9100036621094,4.76209,1.38984,1.58519,4.76209,-1.38984,2.88641,162.6,3.695454545,162.6,3.695454545,,,,,,,,,,,,,,,,,,,"Jordan Lawlar","29976",691783
"Dane Myers","CIN",66.6521,244.865,223.093,53.8106,38.0822,9.16813,0.697743,5.86249,27.5341,25.6996,16.8176,0.0334974,62.071,3.02607,1.78433,0.144158,4.15501,8.71027,2.46178,0.241202,0.068681,0.25349,0.270941,0.300972,0.367388,0.293939,0.66836,0.126185,5.36824,0.305511,-0.11774,0.351727,25.1323,-3.80044,82.0626,0.233987,0.126146,-4.971719115972519,0.42866969108581543,0.368701,700.3099975585938,1.9956,0.795402,1.35295,1.9956,-0.795402,3.19606,239.1,3.568656716,239.1,3.568656716,,,,,,,,,,,,,,,,,,,"Dane Myers","22054",667472
"Andy Ibáñez","LAD",48.1902,166.303,151.887,36.0889,24.2544,7.76119,0.290415,3.78288,17.7808,17.3397,11.4055,0.0178252,33.06,1.83725,1.01647,0.157375,2.72774,2.53374,0.886738,0.237604,0.0685826,0.198793,0.344995,0.296917,0.367244,0.291868,0.664161,0.12964,4.12139,0.278355,-0.217846,-0.103812,16.7892,-2.86079,85.2061,-0.321658,0.609657,-3.2294857800006866,1.181714415550232,0.366346,748,2.80464,-1.72182,1.51428,2.80464,1.72182,2.98096,152.3,3.172916666,152.3,3.172916666,,,,,,,,,,,,,,,,,,,"Andy Ibanez","18819",628451
"Reese McGuire","MIL",37.771,135.939,123.93,27.661,18.7474,5.18752,0.143686,3.58238,13.3658,15.2007,8.37274,0.116088,31.0922,1.17773,1.35907,1.09889,2.37133,1.09186,0.257869,0.223198,0.0615921,0.228723,0.269287,0.275968,0.354094,0.275554,0.630062,0.130896,3.32328,0.265725,-0.165972,-0.0732763,11.9232,-4.13901,75.1029,-0.239248,0.362355,-4.250560328364372,3.2767873406410217,0.363101,999,3.54702,-0.260547,1.55218,3.54702,0.260547,2.93043,113.8,2.994736842,113.8,2.994736842,,,,,,,,,,,,,,,,,,,"Reese McGuire","15674",624512
"Tyler Austin","CHC",58.6364,238.621,213.078,51.5001,30.6772,11.1565,0.69994,8.9665,28.5474,31.1434,22.202,1.20669,58.5635,1.29622,1.7969,0.247717,3.66978,0.852289,0.159949,0.241696,0.0930426,0.245424,0.379109,0.314625,0.426866,0.319894,0.741491,0.185171,3.20364,0.288666,-0.303916,-0.244726,29.52,1.32503,104.459,-0.548642,0.0207851,0.708895742893219,-5.358238946646452,0.350587,722.8599853515625,3.05795,-1.02627,1.07776,3.05795,1.02627,3.56299,271.3,4.598305084,271.3,4.598305084,,,,,,,,,,,,,,,,,,,"Tyler Austin","11850",592122
"Edouard Julien","COL",74.2794,284.754,245.553,58.7456,39.5336,11.4683,0.833912,6.9098,32.3139,26.9735,34.4794,0.82492,83.503,2.45317,1.44545,0.823095,4.45875,2.85652,1.1324,0.239238,0.121085,0.293246,0.412913,0.336977,0.377154,0.31679,0.714131,0.137916,3.72087,0.331039,-0.0917796,-0.391793,34.5094,0.863502,88.9436,-0.483572,-2.02111,-4.215015470981598,-1.8519901782274246,0.348561,723.8900146484375,3.90985,0.196873,1.06348,3.90985,-0.196873,3.58202,298.7,4.036486486,298.7,4.036486486,,,,,,,,,,,,,,,,,,,"Edouard Julien","27534",666397
"José Fermín","STL",32.8927,113.614,98.188,23.6964,16.7285,4.85651,0.104303,2.00713,12.9206,10.3915,11.1885,0.212378,15.3218,2.16536,0.906374,1.16551,1.90663,3.63595,1.1979,0.241337,0.0984782,0.134859,0.730233,0.329487,0.354248,0.305159,0.683736,0.112911,4.59846,0.265262,-0.00358464,0.0394402,12.696,-0.728389,94.3363,0.0358555,-0.303165,-0.7246704213321209,0.28253141045570374,0.348174,737.489990234375,3.59563,-0.171288,1.78486,3.59563,0.171288,2.62018,113.5,3.439393939,113.5,3.439393939,,,,,,,,,,,,,,,,,,,"Jose Fermin","21746",665877
"Liam Hicks","MIA",61.7768,230.896,199.291,47.7221,35.7204,8.55968,0.277727,3.16431,23.1144,21.919,23.9908,0.157748,36.4562,5.08125,1.80794,0.725311,4.16848,1.3787,0.259998,0.239459,0.103903,0.15789,0.658072,0.333639,0.33283,0.301171,0.66647,0.0933713,2.95909,0.275936,-0.1461,-0.257431,25.0544,-2.22784,90.556,-0.403531,-2.73754,-2.9879665076732635,-1.3441885709762573,0.342729,495.7099914550781,4.00606,0.446192,1.30782,4.00606,-0.446192,3.25624,213,3.43548387,213,3.43548387,,,,,,,,,,,,,,,,,,,"Liam Hicks","29844",689414
"Owen Caissie","MIA",109.969,404.283,361.738,83.6408,52.3102,18.1264,1.43138,11.7728,44.6292,44.3883,36.8475,0.958556,125.03,2.73417,2.33684,0.626315,4.76384,4.37547,1.5219,0.231219,0.0911428,0.309264,0.294709,0.305266,0.386878,0.302701,0.692143,0.155658,4.19584,0.31622,-0.0711101,-0.348463,44.3706,-3.39856,91.6042,-0.419573,0.153552,-4.442514181137085,-5.742999941110611,0.334058,372.05999755859375,2.27535,1.69663,0.460446,2.27535,-1.69663,4.38607,401.1,3.646363636,401.1,3.646363636,,,,,,,,,,,,,,,,,,,"Owen Caissie","27496",683357
"Jeferson Quero","MIL",22.9399,87.506,80.3624,18.7448,12.9167,3.5448,0.100147,2.1831,8.8151,10.653,6.30082,0.071642,16.6825,0.481191,0.278244,0.0832876,1.27743,0.490391,0.139398,0.233253,0.0720044,0.190645,0.377689,0.291993,0.361353,0.287313,0.653346,0.1281,2.89525,0.268097,0.0283629,-0.0885796,8.51063,-1.82888,83.1585,-0.0602167,0.255018,-1.8068956397473812,2.025074064731598,0.320189,565.969970703125,3.49637,-0.393145,1.77318,3.49637,0.393145,2.63576,74.8,3.252173913,74.8,3.252173913,,,,,,,,,,,,,,,,,,,"Jeferson Quero","sa3015407",691620
"Moisés Ballesteros","CHC",92.0045,348.63,314.137,81.5375,55.2452,15.1276,0.968548,10.1962,39.0647,41.0116,28.9545,1.94601,64.2319,2.48656,2.49483,0.557275,6.97112,1.64526,0.603732,0.259561,0.0830523,0.184241,0.45078,0.324583,0.411256,0.319154,0.73584,0.151696,3.1899,0.294551,-0.164807,-0.477615,42.9195,1.72623,103.95,-0.642421,-1.42783,0.9851962924003601,-9.662801742553711,0.319372,379.20001220703125,2.99541,4.87872,0.9473,2.99541,-4.87872,3.73693,382.4,4.156521739,382.4,4.156521739,,,,,,,,,,,,,,,,,,,"Moises Ballesteros","28820",694208
"Christopher Morel","MIA",80.5679,313.611,279.483,61.9177,36.0884,12.2108,1.34187,12.2766,36.8907,37.6223,28.5349,0.676125,94.3715,3.24102,1.79263,0.560269,4.86562,5.92453,2.07997,0.221544,0.0909881,0.300919,0.302368,0.299292,0.406616,0.306923,0.705908,0.185072,4.81181,0.284269,0.237301,-0.110433,35.4942,-1.56138,94.4962,0.126868,1.10902,-1.9188541918992996,-5.462875127792358,0.312278,533.260009765625,3.22421,0.628813,0.775322,3.22421,-0.628813,3.96624,323.3,3.991358024,323.3,3.991358024,,,,,,,,,,,,,,,,,,,"Christopher Morel","21897",666624
"Jesus Rodriguez","SFG",9.57621,37.4354,34.1895,8.92839,7.06424,1.5225,0.0643824,0.277271,4.2583,3.26518,2.96259,0.13917,6.0361,0.140475,0.106441,0.0363674,0.702848,0.97525,0.176459,0.261144,0.0791387,0.161241,0.490811,0.321705,0.333771,0.291476,0.655477,0.072627,4.88681,0.309161,-0.0718771,0.0565847,3.76739,-0.655888,84.9368,-0.0152925,1.67305,-0.6817696625366807,2.411953866481781,0.306647,999,2.33918,-0.168687,2.05309,2.33918,0.168687,2.26255,33.1,3.31,33.1,3.31,,,,,,,,,,,,,,,,,,,"Jesus Rodriguez","sa3008916",683679
"José Tena","WSN",62.8653,239.673,219.547,53.1336,36.9793,11.14,0.988388,4.02582,24.1488,22.3393,16.78,0.154754,60.9186,1.15511,1.42818,0.762881,3.73904,6.93384,2.45371,0.242015,0.070012,0.254174,0.275449,0.29747,0.35677,0.287641,0.654241,0.114756,5.11358,0.314731,-0.0093782,0.0204275,23.3739,-4.94531,82.6488,0.0110493,-1.14285,-4.917770785279572,-0.12164640426635742,0.300242,750.969970703125,1.21238,-1.54341,1.42851,1.21238,1.54341,3.09532,213.7,3.392063492,213.7,3.392063492,,,,,,,,,,,,,,,,,,,"Jose Tena","23691",677588
"Kevin Alcántara","CHC",25.0375,72.0434,66.2757,15.3685,10.9303,2.60995,0.101053,1.72725,8.16468,7.8149,5.34291,0.0787269,21.2704,0.208721,0.166498,0.0495938,0.921588,1.98761,0.252706,0.231887,0.0741624,0.295245,0.25119,0.290582,0.352502,0.283424,0.643084,0.120614,5.12987,0.313993,-0.193038,0.185746,6.77929,-1.7332,79.4058,-0.00729183,2.68627,-1.7608715645037591,2.145337402820587,0.2888,689.9099731445312,3.99361,0.612881,1.86711,3.99361,-0.612881,2.51052,64.3,2.572,64.3,2.572,,,,,,,,,,,,,,,,,,,"Kevin Alcantara","25971",682634
"Nathan Church","STL",43.0603,149.613,135.361,33.0192,23.5764,5.98891,0.881713,2.57214,16.7346,14.3589,9.12769,0.269961,24.265,1.98283,1.26581,1.87619,2.37152,3.32844,0.931148,0.243935,0.0610085,0.162184,0.376167,0.298704,0.358213,0.288175,0.656917,0.114278,5.5448,0.277322,-0.0318991,0.0571578,14.6557,-3.02228,82.6692,0.0252587,1.88892,-3.039339391514659,0.7814054489135742,0.287051,676.0599975585938,4.11201,1.71107,1.6412,4.11201,-1.71107,2.81173,137,3.186046511,137,3.186046511,,,,,,,,,,,,,,,,,,,"Nathan Church","31357",701675
"Andruw Monasterio","MIL",52.1143,176.573,158.742,36.5798,25.0318,7.41495,0.211948,3.92105,19.6736,17.7097,14.7416,0.0584111,43.0427,1.95354,1.02302,0.112332,2.23879,4.46151,1.45402,0.230435,0.0834876,0.243768,0.342489,0.301909,0.353918,0.290586,0.655827,0.123483,4.42987,0.289524,0.00791394,0.0217732,17.6423,-3.22111,85.4008,0.0296871,-0.859931,-3.0255606658756733,-0.055698513984680176,0.285796,607.9099731445312,3.364,0.134272,1.4762,3.364,-0.134272,3.03174,161.9,3.113461538,161.9,3.113461538,,,,,,,,,,,,,,,,,,,"Andruw Monasterio","19455",655316
"Jorge Mateo","ATL",48.455,166.535,154.131,34.3762,21.9326,7.83133,1.2041,3.40815,21.1721,14.8163,9.09318,0.103353,45.4054,1.09848,1.10936,1.10319,1.67607,13.3287,2.65836,0.223033,0.0546023,0.272648,0.200266,0.269404,0.355803,0.272301,0.625207,0.13277,8.09545,0.290981,-0.04439,1.3657,14.167,-5.51041,71.649,1.32131,0.0632068,-4.274560809135437,1.5231238827109337,0.285372,647.6300048828125,4.07096,1.00153,1.75712,4.07096,-1.00153,2.65717,139.8,2.9125,139.8,2.9125,,,,,,,,,,,,,,,,,,,"Jorge Mateo","17273",622761
"Jake McCarthy","COL",85.0516,328.025,296.867,77.4022,55.1978,13.1533,3.82762,5.22349,39.8765,30.404,20.9338,0.30591,57.2941,5.33575,1.82343,3.06488,4.83922,12.8771,2.75804,0.26073,0.0638176,0.174664,0.365374,0.319029,0.38361,0.308016,0.702639,0.12288,7.04912,0.305618,0.205923,0.910146,37.4166,-1.34208,82.933,1.11607,0.350986,-5.519204139709473,-2.6222835779190063,0.283609,450.739990234375,4.01625,-1.50706,1.38539,4.01625,1.50706,3.15281,336,3.952941176,336,3.952941176,,,,,,,,,,,,,,,,,,,"Jake McCarthy","21622",664983
"Nacho Alvarez Jr.","ATL",21.2494,81.2136,72.3579,17.3701,13.3605,2.98531,0.110879,0.913402,8.81744,7.07681,6.48863,0.117891,17.5279,1.89754,0.217489,0.252016,1.3265,0.526882,0.239244,0.240058,0.0798959,0.215825,0.370188,0.31813,0.322251,0.288697,0.640381,0.0821925,3.20177,0.303999,0.0220887,-0.135385,7.98987,-1.60614,82.8807,-0.113296,1.2067,-1.7611125335097313,1.7969573736190796,0.280115,728.969970703125,3.63481,-0.204903,1.85299,3.63481,0.204903,2.52934,67.2,3.2,67.2,3.2,,,,,,,,,,,,,,,,,,,"Nacho Alvarez Jr.","31765",805373
"Graham Pauley","MIA",92.9568,345.467,309.731,68.8956,43.8014,14.9233,1.20739,8.96358,36.5873,35.527,29.3616,0.673042,73.7313,3.14893,2.16783,1.05831,4.55839,4.97135,1.28869,0.222437,0.0849908,0.213425,0.398223,0.294435,0.365235,0.289818,0.65967,0.142798,4.35797,0.261479,-0.132476,-0.0328135,34.302,-6.5176,82.779,-0.16529,2.08962,-7.216437339782715,-1.5444905757904053,0.279605,569.1699829101562,3.54448,-2.01986,0.728396,3.54448,2.01986,4.02881,312.9,3.364516129,312.9,3.364516129,,,,,,,,,,,,,,,,,,,"Graham Pauley","31363",688363
"Jordan Beck","COL",130.024,530.41,483.055,119.706,76.788,24.6312,3.16953,15.117,63.1819,57.7229,41.1385,0.343688,152.283,3.21581,2.80426,0.196533,6.90167,15.689,4.69975,0.24781,0.0775598,0.287105,0.270145,0.309422,0.405806,0.311298,0.715229,0.157997,5.62201,0.328421,-0.0197391,0.415687,61.9155,-0.756585,85.1815,0.395948,-0.028823,-8.919627726078033,-6.048433378338814,0.274076,236.91000366210938,4.1905,-0.221212,0.525966,4.1905,0.221212,4.29871,568,4.369230769,568,4.369230769,,,,,,,,,,,,,,,,,,,"Jordan Beck","31431",687597
"Vidal Bruján","NYM",10.2645,32.4257,29.8483,6.42465,4.54385,1.58281,0.0363868,0.261603,4.10322,2.57628,2.22843,0.0915979,6.80671,0.171909,0.106674,0.070394,0.480867,0.501983,0.281831,0.215243,0.0687242,0.209917,0.327388,0.272752,0.297003,0.253643,0.569755,0.0817598,4.5586,0.269285,0.0513358,-0.0602569,2.26723,-1.56412,58.948,-0.00892105,2.89277,-1.582211640663445,3.0511703342199326,0.262573,999,3.14953,-0.253904,2.00344,3.14953,0.253904,2.32875,17.3,1.73,17.3,1.73,,,,,,,,,,,,,,,,,,,"Vidal Brujan","20536",660644
"Tyler Callihan","CIN",37.2042,111.479,100.701,22.3528,14.7692,4.37998,0.597514,2.60619,11.3364,10.4081,8.55551,0.121405,30.3785,0.734403,0.62253,0.865258,1.21829,3.04413,0.806323,0.221972,0.0767455,0.272504,0.281631,0.286065,0.354975,0.281783,0.64104,0.133003,5.4999,0.288951,-0.028134,0.120595,10.3417,-2.83041,73.7358,0.0924607,1.57487,-3.3777181059122086,2.1490073800086975,0.253758,999,2.95539,0.631823,1.72949,2.95539,-0.631823,2.69402,100.6,2.718918918,100.6,2.718918918,,,,,,,,,,,,,,,,,,,"Tyler Callihan","27497",682997
"Daniel Susac","SFG",23.7329,90.5462,83.6361,18.8989,13.2147,3.439,0.123377,2.12179,8.41964,9.33538,4.82733,0.0395012,26.3496,1.05507,0.942119,0.0855496,1.43565,1.04936,0.230358,0.225966,0.0533135,0.291007,0.183203,0.273946,0.346142,0.271588,0.620088,0.120177,3.61305,0.29902,-0.0615902,-0.0102759,7.65029,-3.04845,71.2752,-0.0718661,0.698986,-3.145923726260662,2.5302263498306274,0.250541,999,2.19893,0.459197,1.78701,2.19893,-0.459197,2.61732,69.8,2.908333333,69.8,2.908333333,,,,,,,,,,,,,,,,,,,"Daniel Susac","sa3019997",691740
"Enmanuel Valdez","PIT",13.9532,52.5586,47.4748,11.052,6.85588,2.5022,0.0726134,1.62129,5.83536,6.10751,4.66064,0.0642282,11.2427,0.156427,0.198232,0.0685267,0.778772,0.189315,0.132184,0.232797,0.0886751,0.213908,0.414548,0.302325,0.391014,0.30313,0.693339,0.158217,2.50932,0.270927,0.031249,-0.0929054,5.78668,-0.423528,91.3555,-0.0616564,1.18288,-0.6001496836543083,1.1398196034133434,0.234123,999,4.1034,1.66373,1.9171,4.1034,-1.66373,2.44387,57.1,4.078571428,57.1,4.078571428,,,,,,,,,,,,,,,,,,,"Enmanuel Valdez","21716",665839
"Christian Koss","SFG",40.4238,142.78,131.558,31.1244,22.0595,6.12332,0.405731,2.53586,16.1757,13.8796,7.20566,0.106829,33.6122,2.16985,0.510321,1.33588,2.3471,2.82066,0.660644,0.236583,0.0504668,0.235412,0.214376,0.286331,0.347122,0.278884,0.633453,0.110539,5.172,0.298044,-0.0506784,0.0867688,12.9093,-3.96122,76.2872,0.0360904,0.884904,-3.9655189253389835,1.3304930925369263,0.224808,999,5.83259,-0.0691514,1.61273,5.83259,0.0691514,2.84969,117.1,2.9275,117.1,2.9275,,,,,,,,,,,,,,,,,,,"Christian Koss","27653",683766
"Jack Suwinski","PIT",47.1843,177.243,154.49,31.9342,18.336,6.9155,0.743844,5.93881,20.3257,19.4466,19.4848,0.783772,54.3066,1.97369,1.12036,0.174053,1.70616,4.25795,0.853182,0.206707,0.109932,0.306396,0.358792,0.301535,0.376423,0.297659,0.677959,0.169717,5.2478,0.272587,-0.17674,0.244662,18.7271,-2.21559,87.6075,0.0679217,0.793682,-2.5353654995560646,-1.1750268936157227,0.22371,750.6900024414062,2.38042,-0.508356,1.32519,2.38042,0.508356,3.23307,175.4,3.731914893,175.4,3.731914893,,,,,,,,,,,,,,,,,,,"Jack Suwinski","22244",669261
"Ryan Clifford","NYM",13.3667,52.389,45.96,9.54477,5.50655,2.09262,0.0195469,1.92606,5.93729,6.57574,5.98024,0.148528,15.6489,0.269322,0.13895,0.0404261,0.70549,0.237087,0.0965445,0.207675,0.114151,0.298705,0.382151,0.301715,0.379779,0.30002,0.681494,0.172104,2.46804,0.267098,0.0131294,-0.0687486,5.63569,-0.554466,90.806,-0.0556192,2.29909,-0.6249042525887489,0.9926764965057373,0.219035,999,3.88612,0.172043,1.86731,3.88612,-0.172043,2.51026,52.6,4.046153846,52.6,4.046153846,,,,,,,,,,,,,,,,,,,"Ryan Clifford","sa3020126",691775
"Gabriel Rincones Jr.","PHI",7.57428,28.0436,25.0301,5.40239,3.2085,1.18788,0.0297814,0.976227,3.67623,2.87204,2.77499,0.0971621,7.64555,0.143234,0.0708511,0.0244999,0.378526,1.13584,0.13423,0.215836,0.0989525,0.27263,0.362955,0.296962,0.382681,0.297602,0.679642,0.166844,5.60836,0.268592,-0.120451,0.132394,2.96172,-0.351851,87.8415,0.0119435,1.68979,-0.392175137065351,1.3391293585300446,0.192345,999,2.94334,0.804221,2.02829,2.94334,-0.804221,2.29561,26.2,3.275,26.2,3.275,,,,,,,,,,,,,,,,,,,"Gabriel Rincones Jr.","sa3020758",687282
"Otto Kemp","PHI",53.9945,206.556,184.408,43.1837,27.0779,9.14704,0.851268,6.10745,25.0899,24.2455,14.1254,0.559278,58.6881,6.10453,1.799,0.118266,2.85768,3.68873,1.35583,0.234174,0.0683853,0.284128,0.240685,0.307181,0.392366,0.305653,0.699547,0.158192,5.10871,0.305376,-0.0846178,-0.12611,23.1647,-1.2414,93.3566,-0.210727,-0.620771,-1.8371024280786514,-3.1760647892951965,0.190197,632.7100219726562,2.33159,-0.183541,1.25428,2.33159,0.183541,3.32763,209.8,3.885185185,209.8,3.885185185,,,,,,,,,,,,,,,,,,,"Otto Kemp","31792",805249
"Eli White","ATL",27.6589,98.8669,91.0131,21.2637,14.3765,3.46724,0.87909,2.54082,12.7778,10.1259,6.10701,0.110445,26.9502,1.32772,0.249266,0.169849,1.17527,3.60512,0.883583,0.233633,0.06177,0.272591,0.226604,0.290773,0.374798,0.291132,0.665571,0.141165,7.00654,0.303099,-0.0676026,0.215919,9.92212,-1.75977,84.549,0.148316,1.10393,-1.662191778421402,0.17912274599075317,0.184803,746.4600219726562,3.57942,1.31361,1.7685,3.57942,-1.31361,2.642,95,3.392857142,95,3.392857142,,,,,,,,,,,,,,,,,,,"Eli White","19346",642201
"Hyeseong Kim","LAD",39.6093,140.651,130.489,32.3558,23.5839,5.66287,0.976349,2.13272,16.1243,13.3506,7.6031,0.155367,34.8382,1.01869,0.774551,0.765435,1.79726,6.71148,1.17829,0.247957,0.0540564,0.247693,0.21824,0.292936,0.355351,0.283961,0.648287,0.107394,6.62308,0.320523,-0.071088,0.648179,13.2966,-3.32241,79.7747,0.577091,-0.84673,-2.785103976726532,-0.23547601699829102,0.177989,491.30999755859375,4.98586,1.48954,1.77493,4.98586,-1.48954,2.63342,128.6,3.215,128.6,3.215,,,,,,,,,,,,,,,,,,,"Hyeseong Kim","35322",808975
"Garrett Stubbs","PHI",17.0232,27.9489,25.5347,5.42743,4.04031,1.10245,0.0424916,0.242185,3.06948,2.47198,2.12041,0.043383,6.31061,0.155612,0.0700926,0.0679872,0.312348,0.198772,0.0853667,0.212551,0.0758676,0.225792,0.336007,0.276299,0.287507,0.253427,0.563806,0.0749562,3.58452,0.272162,0.00903226,-0.0366167,1.9493,-1.35308,57.5801,-0.0275845,0.799053,-1.4327503852546215,2.1125686168670654,0.164691,999,2.91164,-0.380282,2.02167,2.91164,0.380282,2.30444,10.9,0.64117647,10.9,0.64117647,,,,,,,,,,,,,,,,,,,"Garrett Stubbs","18067",596117
"Robert Hassell III","WSN",69.6564,260.646,239.177,56.7681,41.5096,10.1852,0.373299,4.7,26.7152,24.1217,18.1418,0.490757,65.1414,1.52167,1.01423,0.792126,4.73537,5.93172,1.39596,0.237348,0.0696029,0.249923,0.278498,0.294132,0.342006,0.280884,0.636138,0.104658,4.32541,0.305655,-0.0543212,0.214071,23.9894,-6.80798,78.02,0.15975,0.335139,-6.630299851298332,-0.5009294748306274,0.157616,608.7999877929688,2.45615,0.797171,1.27881,2.45615,-0.797171,3.29492,224.8,3.211428571,224.8,3.211428571,,,,,,,,,,,,,,,,,,,"Robert Hassell III","27482",690987
"Tyler Fitzgerald","SFG",34.4708,131.016,120.696,26.3729,17.3871,5.2267,0.373284,3.3858,14.4652,12.4566,7.96342,0.00334032,39.005,1.05078,0.371569,0.935176,1.28587,3.83507,0.666265,0.218507,0.0607818,0.29771,0.204164,0.272038,0.352155,0.27398,0.624193,0.133648,5.59052,0.292172,-0.0570869,0.319897,11.3241,-4.1565,72.9186,0.26281,1.50391,-3.93074694275856,0.9719482660293579,0.150948,732.6599731445312,6.34346,0.8864,1.62319,6.34346,-0.8864,2.83575,99.1,2.914705882,99.1,2.914705882,,,,,,,,,,,,,,,,,,,"Tyler Fitzgerald","26208",666149
"Luis Matos","SFG",61.6212,237.18,218.624,52.9226,33.9639,11.0477,0.428607,7.48234,26.8915,27.1584,13.6376,0.323308,34.8387,2.34987,2.22782,0.340744,4.01828,4.626,0.839062,0.242071,0.0574991,0.146887,0.391451,0.290957,0.399199,0.29862,0.690157,0.157128,4.66846,0.254524,-0.227973,0.253962,25.2449,-2.77973,89.8446,0.025989,-1.58501,-2.8208265379071236,-3.803880214691162,0.143491,563.8599853515625,7.20492,-0.626336,1.23603,7.20492,0.626336,3.35196,230.2,3.712903225,230.2,3.712903225,,,,,,,,,,,,,,,,,,,"Luis Matos","26467",682641
"Jake Bauers","MIL",84.2885,305.978,265.852,56.0213,32.7499,11.047,0.896689,11.3278,35.7004,36.8949,35.8106,0.857398,91.0262,2.49185,1.6632,0.160594,2.55647,8.22127,1.79753,0.210724,0.117037,0.297493,0.39341,0.308432,0.386851,0.305608,0.695283,0.176127,4.97045,0.270606,-0.625916,0.44473,34.3036,-1.85001,95.6912,-0.181186,-1.34675,-1.7437776625156403,-7.04114031791687,0.14273,513.6300048828125,2.17076,-1.78477,0.859243,2.17076,1.78477,3.85434,312.2,3.716666666,312.2,3.716666666,,,,,,,,,,,,,,,,,,,"Jake Bauers","15194",641343
"Johan Rojas","PHI",29.2826,104.324,95.1487,22.408,16.0948,4.02818,0.903012,1.38203,12.0557,8.7297,5.5875,0.0773242,22.5785,0.945774,0.761952,1.8804,1.49735,5.46503,1.09553,0.235505,0.0535589,0.216426,0.24747,0.282509,0.340397,0.27338,0.622905,0.104892,7.19479,0.29223,0.0506862,0.495494,8.96617,-3.36055,71.2486,0.54618,0.437342,-3.008807420730591,0.8892347812652588,0.138257,999,2.68144,0.0741147,1.85626,2.68144,-0.0741147,2.52499,82.6,2.848275862,82.6,2.848275862,,,,,,,,,,,,,,,,,,,"Johan Rojas","24336",679032
"Tyler Locklear","ARI",71.8932,285.493,255.227,59.6168,38.7679,12.3537,0.948944,7.54625,32.777,31.9243,22.8754,0.828868,81.3369,5.60546,1.63021,0.155275,6.03239,5.44554,1.73219,0.233583,0.0801258,0.284899,0.281243,0.308748,0.378123,0.301736,0.686871,0.144539,4.71798,0.309991,-0.0125984,-0.0587386,31.1097,-2.6236,91.3001,-0.071337,0.933097,-3.0151236206293106,-5.168949902057648,0.134476,736.739990234375,1.90478,-1.00913,0.98405,1.90478,1.00913,3.68793,287.6,3.994444444,287.6,3.994444444,,,,,,,,,,,,,,,,,,,"Tyler Locklear","31396",682988
"Nick Yorke","PIT",42.6204,162.675,149.198,36.6942,26.0157,7.28613,0.714165,2.6782,17.4725,15.9857,11.0971,0.31557,36.7068,1.10469,1.16857,0.105991,2.38941,3.58702,1.19039,0.245942,0.0682166,0.225645,0.302318,0.300771,0.358203,0.289174,0.658974,0.11226,5.00201,0.3065,-0.0269082,-0.0202986,16.0671,-3.15413,81.7951,-0.0472068,0.0436505,-3.557164803147316,-0.5514318309724331,0.133378,695.5700073242188,3.95377,0.638471,1.61443,3.95377,-0.638471,2.84742,153.2,3.562790697,153.2,3.562790697,,,,,,,,,,,,,,,,,,,"Nick Yorke","27504",694377
"Endy Rodríguez","PIT",32.6794,124.184,112.532,26.231,16.8064,6.37114,0.812332,2.24118,14.0024,11.7699,9.77274,0.11267,27.0601,0.849618,0.954916,0.0753164,1.44575,0.840588,0.393494,0.233099,0.0786955,0.217902,0.36115,0.296944,0.363901,0.289952,0.660844,0.130802,4.29552,0.284965,-0.0111911,-0.173356,12.3439,-2.3294,82.328,-0.184548,1.00673,-2.785579800605774,-0.06493675708770752,0.131075,735.1699829101562,2.84795,0.152881,1.63966,2.84795,-0.152881,2.81379,109.4,3.315151515,109.4,3.315151515,,,,,,,,,,,,,,,,,,,"Endy Rodriguez","25332",682848
"Santiago Espinal","CIN",49.6138,183.074,167.27,41.2832,31.4302,7.65436,0.173869,2.0248,17.4231,15.7538,12.1078,0.163727,25.1572,1.073,1.14441,1.47912,3.61703,2.06875,0.769211,0.246806,0.066136,0.137415,0.481287,0.29992,0.33096,0.27973,0.63088,0.0841542,3.41025,0.27797,0.0873079,-0.194682,16.6782,-4.95343,76.8681,-0.107374,-1.01955,-5.112592861056328,0.1836097240447998,0.129634,999,2.41446,-0.370893,1.58785,2.41446,0.370893,2.88286,144.6,2.892,144.6,2.892,,,,,,,,,,,,,,,,,,,"Santiago Espinal","19997",669289
"Mason McCoy","SDP",35.0645,102.42,92.496,18.3761,12.8062,3.95525,0.240923,1.37373,10.2251,8.26532,7.29717,0.0758851,31.7002,0.803358,0.801136,1.02223,1.14589,3.10581,0.847365,0.198669,0.0712476,0.309512,0.230193,0.261117,0.291195,0.2468,0.552312,0.0925261,5.4992,0.282323,-0.039381,0.136633,6.59223,-5.50946,54.2472,0.0972518,1.90356,-5.441181801259518,3.193920612335205,0.124726,999,3.1087,-0.013948,1.72158,3.1087,0.013948,2.70456,56.7,1.62,56.7,1.62,,,,,,,,,,,,,,,,,,,"Mason McCoy","22232",669200
"Tommy Troy","ARI",10.3386,39.7534,36.2589,8.59466,6.20437,1.61449,0.0575177,0.718284,4.50261,3.63902,3.12738,0.0136819,8.49322,0.193569,0.112309,0.0612833,0.667837,1.05076,0.147229,0.237036,0.0786695,0.213648,0.368221,0.300201,0.344165,0.285884,0.644366,0.107129,4.81368,0.290002,-0.0807488,0.0870654,3.82021,-0.876963,80.4409,0.00631659,0.584655,-0.915231657680124,0.7442012280225754,0.117821,999,2.92633,-0.0661981,2.01162,2.92633,0.0661981,2.31784,40.5,4.05,40.5,4.05,,,,,,,,,,,,,,,,,,,"Tommy Troy","sa3022561",694371
"Victor Mesa Jr.","MIA",11.206,36.7082,33.7233,7.89698,5.09175,1.61933,0.0485187,1.13738,3.83953,3.97793,2.48214,0.0323264,7.40503,0.10225,0.0992895,0.30121,0.494033,0.174459,0.0762372,0.23417,0.0676181,0.201727,0.335197,0.287894,0.386246,0.293674,0.67414,0.152076,2.73856,0.267387,0.0285962,-0.0467907,3.75974,-0.577625,85.4203,-0.0181944,0.408046,-0.6525118947029114,0.5809779316186905,0.117635,999,2.83816,-0.401652,1.9995,2.83816,0.401652,2.334,32,2.909090909,32,2.909090909,,,,,,,,,,,,,,,,,,,"Victor Mesa Jr.","25999",683748
"Esteury Ruiz","MIA",27.2427,85.0801,76.0435,17.7747,12.182,3.68954,0.294886,1.60822,10.7839,7.70117,6.53441,0.0454604,20.3814,1.67316,0.346921,0.482149,0.961906,7.25555,1.52769,0.233744,0.076803,0.239556,0.320606,0.307126,0.353464,0.293402,0.66059,0.11972,7.02635,0.297174,-0.142912,0.691188,8.69529,-1.35758,85.2339,0.548276,-0.615468,-0.9407058954238892,-0.7556053698062897,0.116056,622.4600219726562,4.18716,1.64214,1.95095,4.18716,-1.64214,2.39874,89.9,3.329629629,89.9,3.329629629,,,,,,,,,,,,,,,,,,,"Esteury Ruiz","21780",665923
"A.J. Vukovich","ARI",7.04318,28.4443,26.4572,6.13515,4.19639,1.13965,0.0435787,0.755537,3.19928,3.1468,1.80585,0.0514532,8.64778,0.0821535,0.0733984,0.0256699,0.455435,0.10132,0.0536914,0.23189,0.0634874,0.304025,0.208823,0.282321,0.36393,0.282387,0.646251,0.13204,3.07567,0.314096,0.011273,-0.0415512,2.65267,-0.708241,78.0454,-0.0302781,1.25751,-0.7704201154410839,0.9314327836036682,0.113297,999,2.58948,-0.061129,2.02545,2.58948,0.061129,2.29939,25.9,3.7,25.9,3.7,,,,,,,,,,,,,,,,,,,"A.J. Vukovich","sa3014525",691021
"Dylan Moore","PHI",38.9137,136.558,119.928,24.4534,14.3055,5.62861,0.32562,4.19362,17.8075,13.8126,13.105,0.0920257,41.0609,2.84926,0.542104,0.133478,1.04652,7.02395,2.29635,0.203901,0.0959669,0.300686,0.31916,0.296191,0.361168,0.291833,0.65736,0.157267,6.28861,0.269357,0.0874584,0.265237,13.7824,-2.35294,83.8896,0.352695,-0.58657,-2.254754960536957,-1.1870903968811035,0.112693,678.1699829101562,7.40868,-0.16191,1.58036,7.40868,0.16191,2.89286,125.1,3.207692307,125.1,3.207692307,,,,,,,,,,,,,,,,,,,"Dylan Moore","18042",664238
"Adael Amador","COL",56.2722,209.496,186.671,45.116,31.9806,8.87167,0.438002,3.82569,22.9447,20.306,18.7386,0.192005,37.5906,2.09614,0.51339,1.47758,3.77283,5.84752,2.41851,0.241687,0.0894457,0.179433,0.498491,0.317042,0.355389,0.299065,0.672431,0.113701,4.52631,0.283261,0.0234568,-0.16832,22.374,-2.37959,76.8014,-0.144863,-0.834611,-5.905004158616066,0.0337863564491272,0.112419,511.20001220703125,7.35188,-0.604102,1.46274,7.35188,0.604102,3.04969,197.5,3.526785714,197.5,3.526785714,,,,,,,,,,,,,,,,,,,"Adael Amador","27962",691182
"Blake Dunn","CIN",14.4222,47.6069,42.1168,9.56165,6.97579,1.65358,0.0671962,0.86508,5.7108,4.26911,4.13384,0.0114352,14.4227,1.12375,0.102278,0.130228,0.837218,1.47296,0.284639,0.227027,0.0868327,0.302954,0.28662,0.312137,0.3311,0.289831,0.643237,0.104073,5.35463,0.322917,-0.0306375,0.0973423,4.72745,-0.897675,79.2484,0.0667048,0.515506,-1.1041840016841888,0.5155059623133069,0.101823,999,2.52373,-0.28215,1.96884,2.52373,0.28215,2.37488,46.1,3.292857142,46.1,3.292857142,,,,,,,,,,,,,,,,,,,"Blake Dunn","29487",694362
"Tim Tawa","ARI",38.635,144.205,130.002,28.7962,18.9492,5.78257,0.185304,3.87915,16.3019,14.9837,11.1092,0.0130109,37.3299,1.28308,1.35545,0.454829,2.39304,3.26454,0.989919,0.221505,0.0770377,0.258867,0.297596,0.286528,0.358354,0.283551,0.644882,0.136848,4.48042,0.276399,-0.0814216,0.0406982,13.5846,-3.45435,78.8425,-0.0407234,1.74608,-3.6568088978528976,-0.2129298448562622,0.0949459,545.2000122070312,3.65719,0.818546,1.5356,3.65719,-0.818546,2.95254,126.3,3.238461538,126.3,3.238461538,,,,,,,,,,,,,,,,,,,"Tim Tawa","29571",694374
"Drew Gilbert","SFG",70.9713,276.958,248.832,55.7378,36.2907,11.6918,1.29844,6.45689,29.2264,28.0924,22.0714,0.258503,56.8451,4.12565,1.7192,0.209493,4.08582,3.44028,1.21111,0.223997,0.0796923,0.205248,0.388273,0.296063,0.359267,0.28911,0.655329,0.135269,4.43831,0.263183,0.0209355,-0.218732,27.3404,-5.38427,83.3121,-0.197797,0.0309453,-5.660407051444054,-2.7853769958019257,0.0949117,664.4600219726562,4.12129,-0.342744,0.985666,4.12129,0.342744,3.68578,242.4,3.414084507,242.4,3.414084507,,,,,,,,,,,,,,,,,,,"Drew Gilbert","31545",687551
"Jared Serna","MIA",9.06932,34.4134,31.7785,7.23013,5.49069,1.32909,0.0420038,0.368348,3.73603,2.95012,2.34529,0.073255,6.39612,0.153684,0.0985126,0.0374506,0.632852,0.901097,0.141167,0.227516,0.0681505,0.185861,0.366674,0.28302,0.306757,0.262604,0.589777,0.0792405,4.93016,0.273241,-0.0866769,0.0701475,2.6566,-1.40962,64.1366,-0.0165294,0.925926,-1.479293143376708,1.2338348031044006,0.0920286,999,2.9342,-0.421415,2.02475,2.9342,0.421415,2.30034,18,2,18,2,,,,,,,,,,,,,,,,,,,"Jared Serna","sa3015579",691858
"Joey Wiemer","WSN",35.0643,119.905,107.491,22.2729,14.3139,4.7175,0.107866,3.13366,12.1512,12.2237,9.85312,0.2927,35.7189,1.35202,1.13444,0.0745352,1.32208,2.25565,0.730067,0.207207,0.0821741,0.297893,0.275851,0.279378,0.340559,0.273381,0.619937,0.133352,4.08018,0.274307,-0.0205704,-0.0143814,10.3054,-3.86231,72.8802,-0.0349517,1.37496,-3.8890171460807323,0.7701836824417114,0.0890578,750.5399780273438,2.1646,-0.582381,1.60559,2.1646,0.582381,2.85921,92.9,2.654285714,92.9,2.654285714,,,,,,,,,,,,,,,,,,,"Joey Wiemer","27690",686894
"Chas McCormick","CHC",33.9732,113.611,99.8578,21.901,15.2824,3.39029,0.15074,3.07749,12.7696,11.07,9.16887,0.134117,30.0996,1.81075,0.988428,1.78503,1.29563,3.10525,1.25274,0.219322,0.0807042,0.264936,0.304617,0.294034,0.348748,0.284658,0.642782,0.129426,4.52836,0.27817,-0.098648,-0.0644557,10.8046,-2.61939,80.2535,-0.163104,0.821576,-2.814629018306732,-0.19202786684036255,0.0857812,999,2.46327,-0.448548,1.68568,2.46327,0.448548,2.75242,96,2.823529411,96,2.823529411,,,,,,,,,,,,,,,,,,,"Chas McCormick","19599",676801
"Jordan Walker","STL",124.928,491.659,447.564,104.901,67.8818,22.0244,1.25423,13.7408,50.9705,53.1947,35.6809,0.826458,133.068,5.0494,2.89269,0.471499,8.42536,9.11353,2.62175,0.234383,0.0725725,0.270651,0.26814,0.296489,0.381301,0.296116,0.67779,0.146918,4.47336,0.300217,-0.0739371,0.0374879,51.3313,-6.76191,88.1242,-0.0364491,-2.7887,-6.937430065125227,-8.872873067855835,0.0848726,339.2900085449219,2.834,-0.736061,0.437408,2.834,0.736061,4.41679,472.8,3.7824,472.8,3.7824,,,,,,,,,,,,,,,,,,,"Jordan Walker","27475",691023
"Nelson Velázquez","STL",7.45292,26.1195,23.3221,5.13599,3.15348,0.921401,0.0507552,1.01036,3.11657,3.13774,2.27628,0.0191036,6.86085,0.271252,0.224764,0.0251416,0.623138,0.228628,0.0896758,0.22022,0.0871485,0.262671,0.331778,0.294451,0.394046,0.300354,0.688497,0.173826,3.67883,0.263187,0.0476042,-0.0285083,2.81688,-0.269341,91.036,0.019096,0,-0.257632989436388,0.1535540074110031,0.0797954,999,3.51249,1.86763,2.02235,3.51249,-1.86763,2.30354,23.3,3.328571428,23.3,3.328571428,,,,,,,,,,,,,,,,,,,"Nelson Velazquez","23359",676369
"Bryan Torres","STL",15.1861,59.4006,52.6205,13.452,10.3705,2.41377,0.095942,0.57179,6.16094,4.84019,5.69317,0.105608,10.4867,0.15706,0.163501,0.766434,1.09666,1.88769,0.569419,0.255643,0.0958436,0.176542,0.542893,0.329198,0.337759,0.298436,0.666957,0.0821168,4.62019,0.30869,-0.0370638,0.0379636,6.31359,-0.705047,89.7182,0.000899746,-0.183109,-0.7209487417712808,-0.5346404165029526,0.0772238,999,2.42818,-0.168678,2.00676,2.42818,0.168678,2.32432,54,3.6,54,3.6,,,,,,,,,,,,,,,,,,,"Bryan Torres","sa885119",663494
"Will Wagner","SDP",45.2219,165.267,148.274,36.0526,25.4622,7.63023,0.548832,2.41136,17.0222,15.614,14.2804,0.107013,30.0093,1.34318,0.935542,0.433402,3.49701,1.18796,0.493046,0.243148,0.0864081,0.181581,0.475865,0.313505,0.350799,0.294875,0.664304,0.107651,3.55563,0.288051,-0.0597083,-0.234847,17.0882,-2.43938,87.2722,-0.294555,-0.473089,-2.7806854844093323,-2.186040014028549,0.0641113,748.0900268554688,3.18246,-0.258803,1.56117,3.18246,0.258803,2.91844,148.2,3.293333333,148.2,3.293333333,,,,,,,,,,,,,,,,,,,"Will Wagner","29634",695238
"Maximo Acosta","MIA",22.8679,85.487,78.2403,17.8318,12.0054,3.63045,0.140253,2.05572,9.10059,8.37424,6.10173,0.0331947,21.2024,0.81665,0.218978,0.10934,1.03585,2.89169,1.04503,0.227911,0.0713761,0.248019,0.287785,0.289891,0.356721,0.285143,0.646612,0.12881,4.91631,0.285793,0.0523129,0.0256707,8.16365,-1.93729,79.5764,0.0779836,-0.895191,-1.9913334995508194,-0.2599729299545288,0.0606575,705.7100219726562,2.74006,-0.560651,1.84093,2.74006,0.560651,2.54542,77.1,3.352173913,77.1,3.352173913,,,,,,,,,,,,,,,,,,,"Maximo Acosta","27963",691185
"Tyrone Taylor","NYM",79.8275,297.813,273.791,61.6179,39.4564,13.9867,2.21631,5.95857,34.2667,28.9392,15.1252,0.628547,67.7164,5.4238,1.9703,1.50353,3.50077,8.54596,1.94984,0.225055,0.0507874,0.227379,0.22336,0.277301,0.35762,0.277055,0.63492,0.132565,6.53219,0.275424,0.166701,0.518713,26.4843,-8.70461,75.0309,0.685414,0.989381,-8.10343712568283,-1.3842909336090088,0.0605241,740.8900146484375,2.46852,0.264882,1.04937,2.46852,-0.264882,3.60084,253.1,3.16375,253.1,3.16375,,,,,,,,,,,,,,,,,,,"Tyrone Taylor","13675",621438
"Anthony Seigler","MIL",15.3903,50.5128,43.8434,9.33366,6.06351,2.20007,0.0751271,0.994963,5.53852,4.70444,6.04939,0.0762366,11.7967,0.194688,0.201538,0.223768,0.721767,1.58949,0.315669,0.212886,0.11976,0.233538,0.512805,0.309764,0.334574,0.289208,0.644338,0.121688,4.95732,0.26681,-0.0550734,0.107879,4.99048,-0.977995,84.4567,0.052806,-0.561473,-0.8777393959462643,-0.32396744191646576,0.048994,999,2.48977,-0.373502,1.94328,2.48977,0.373502,2.40895,43.4,2.893333333,43.4,2.893333333,,,,,,,,,,,,,,,,,,,"Anthony Seigler","23802",678011
"Ben Rortvedt","CIN",18.6771,65.1877,57.7533,11.6476,8.10479,2.3052,0.0358602,1.20171,6.01008,5.91625,5.70931,0.0260305,16.5772,1.03729,0.145482,0.542337,1.03943,0.101236,0.0597971,0.201678,0.0875826,0.2543,0.344407,0.284539,0.305257,0.266514,0.589797,0.103579,1.93851,0.260366,-0.0261654,-0.102113,5.2392,-2.46323,63.2759,-0.128278,-0.212364,-2.9656129628419876,1.2287725359201431,0.0441959,999,2.28622,0.237622,1.83886,2.28622,-0.237622,2.54818,45.4,2.389473684,45.4,2.389473684,,,,,,,,,,,,,,,,,,,"Ben Rortvedt","20287",666163
"Dylan Carlson","CHC",33.4408,120.95,107.405,24.2071,16.5195,5.2833,0.207093,2.19721,12.3229,11.9201,12.0843,0.0963091,28.5365,0.923852,0.464563,0.0726899,1.66309,1.14151,0.380693,0.225382,0.0999112,0.235935,0.423469,0.307875,0.3398,0.289389,0.647676,0.114419,3.53171,0.285339,0.0659061,-0.121894,11.9672,-2.32404,83.5033,-0.0559881,0.187158,-2.414242058992386,-1.3610289096832275,0.0325573,999,5.19112,-0.594412,1.64777,5.19112,0.594412,2.80297,101.6,3.078787878,101.6,3.078787878,,,,,,,,,,,,,,,,,,,"Dylan Carlson","20126",666185
"Samad Taylor","SDP",14.6557,49.392,44.181,9.98676,7.45189,1.5707,0.132911,0.831262,5.80684,4.07418,3.99972,0.0244428,11.532,0.18338,0.137222,0.890688,0.537955,2.18979,0.652732,0.226042,0.0809792,0.233479,0.346837,0.292154,0.324055,0.274925,0.61621,0.098013,5.83201,0.286513,0.0106734,0.0940031,4.30698,-1.52907,80.461,0.104676,-0.146592,-1.0327720791101456,-0.3727598041296005,0.0301269,999,2.68512,-0.112559,1.98244,2.68512,0.112559,2.35675,40.2,2.68,40.2,2.68,,,,,,,,,,,,,,,,,,,"Samad Taylor","22274",669392
"Vimael Machín","COL",7.08608,24.4624,22.4091,5.56582,4.45852,0.753665,0.0377898,0.315847,3.01135,2.89122,1.876,0.0792749,4.70656,0.0827067,0.0660767,0.028468,0.390366,0.144721,0.0767328,0.248373,0.0766894,0.1924,0.398593,0.307955,0.327662,0.282628,0.635616,0.0792885,3.29117,0.30081,0.0147876,-0.0443202,2.2861,-0.604319,80.6799,-0.0295326,-0.105473,-0.5865641478449106,0.0038798674941062927,0.0265266,999,3.73214,0.592308,2.05083,3.73214,-0.592308,2.26556,20.5,2.928571428,20.5,2.928571428,,,,,,,,,,,,,,,,,,,"Vimael Machin","17684",605353
"Esmerlyn Valdez","PIT",6.88238,23.9894,21.4849,4.92047,3.16724,0.973417,0.0442525,0.735559,2.3794,2.54078,2.04148,0.0264306,6.88539,0.288263,0.145186,0.0295854,0.367426,0.175911,0.0354729,0.22902,0.0850991,0.287018,0.296494,0.302599,0.381155,0.300157,0.683754,0.152135,3.25577,0.298727,-0.0041294,-0.0154593,2.58331,-0.251222,89.3187,-0.0195887,0,-0.32328430004417896,-0.26443326473236084,0.0215281,999,0.853881,-0.0611071,2.05361,0.853881,0.0611071,2.26185,25.3,3.614285714,25.3,3.614285714,,,,,,,,,,,,,,,,,,,"Esmerlyn Valdez","sa3015768",699013
"Liover Peguero","PHI",12.4989,38.472,35.5732,7.99989,5.54769,1.61381,0.106236,0.732155,3.87564,3.6476,2.30111,0.0134995,9.63907,0.278573,0.181848,0.137191,0.740666,0.990836,0.226031,0.224885,0.0598125,0.250548,0.238727,0.275978,0.337969,0.270313,0.613947,0.113083,5.13609,0.286313,-0.0189772,0.0520382,3.2107,-1.33506,69.148,0.033061,-0.122281,-1.373703494668007,0.30179277062416077,0.0212872,999,1.21567,2.40984,2.00622,1.21567,-2.40984,2.32504,31.9,2.658333333,31.9,2.658333333,,,,,,,,,,,,,,,,,,,"Liover Peguero","24273",678894
"Akil Baddoo","MIL",10.1706,36.3089,32.3495,6.89433,4.1125,1.50986,0.101572,1.1704,4.5474,3.56023,3.71612,0.0750818,10.3095,0.090286,0.103765,0.0492217,0.304901,1.50016,0.234616,0.21312,0.102347,0.283939,0.360455,0.295114,0.374613,0.294257,0.669727,0.161493,5.93778,0.272914,-0.0757514,0.152171,3.73603,-0.554148,87.9155,0.0764194,-0.101751,-0.4436213821172714,-0.572610430419445,0.0196209,999,2.9477,-0.349196,1.9957,2.9477,0.349196,2.33907,38.2,3.82,38.2,3.82,,,,,,,,,,,,,,,,,,,"Akil Baddoo","22168",668731
"Michael Toglia","CIN",14.7667,58.4396,52.6183,10.9226,6.44296,2.14137,0.0606606,2.27764,6.1462,7.27312,5.45783,0.187321,20.2624,0.150823,0.189632,0.0229997,0.764605,0.287251,0.129615,0.207582,0.0933927,0.346725,0.269357,0.28299,0.380443,0.289479,0.663432,0.17286,2.64494,0.285616,0.006645,-0.0739535,5.78646,-1.11862,79.0075,-0.0673085,0.825316,-1.521312803030014,-0.24830907583236694,0.0178716,701.22998046875,3.87533,1.0698,1.84326,3.87533,-1.0698,2.54232,48.2,3.213333333,48.2,3.213333333,,,,,,,,,,,,,,,,,,,"Michael Toglia","25845",669911
"T.J. Rumfield","COL",17.4792,68.4868,61.3414,15.0811,10.2454,3.15113,0.08708,1.5975,7.44005,7.5779,5.43516,0.116874,13.8878,0.86576,0.787655,0.0568056,1.16047,0.227979,0.102699,0.245855,0.0793608,0.202781,0.391362,0.312465,0.378192,0.30274,0.690658,0.132338,2.59843,0.289076,0.00725868,-0.104923,7.51867,-0.573574,92.6747,-0.0976641,0.0362836,-0.6906104981899261,-1.4742605313658714,0.0156555,999,2.15602,-0.0542255,1.88456,2.15602,0.0542255,2.48726,68.5,4.029411764,68.5,4.029411764,,,,,,,,,,,,,,,,,,,"T.J. Rumfield","sa3017330",681198
"Yohandy Morales","WSN",13.8327,54.2032,49.9533,11.4797,7.95155,2.4164,0.0697311,1.042,5.68346,5.50487,3.85075,0.0670376,16.0727,0.205877,0.137821,0.0554091,0.93457,0.29956,0.100017,0.229808,0.071043,0.296527,0.239583,0.286924,0.343551,0.278106,0.630475,0.113743,3.07695,0.316519,0.00390029,-0.0598781,4.86649,-1.53804,76.1168,-0.0559779,0.992161,-1.5902853347361088,-0.07517951726913452,0.0141077,999,2.3098,-0.553873,1.92299,2.3098,0.553873,2.43602,38.8,2.771428571,38.8,2.771428571,,,,,,,,,,,,,,,,,,,"Yohandy Morales","sa3022672",691002
"Chadwick Tromp","ATL",10.407,36.5362,33.9143,6.88717,4.97548,1.2175,0.0095107,0.684675,3.27989,3.26501,2.38248,0,9.65592,0.0902556,0.121867,0.0273334,0.772422,0.0515508,0.0228782,0.203076,0.0652087,0.264284,0.246738,0.256374,0.300102,0.247537,0.556475,0.0970255,1.96267,0.261758,0.00810067,-0.0482296,2.3735,-1.94353,56.507,-0.0401289,-0.0242764,-1.9130312912166119,0.778731893748045,0.0126067,999,2.08402,0.00238405,1.97796,2.08402,-0.00238405,2.36272,23.5,2.35,23.5,2.35,,,,,,,,,,,,,,,,,,,"Chadwick Tromp","16953",644433
"Sterlin Thompson","COL",8.96315,35.0245,31.6069,7.88652,5.37507,1.49924,0.0906727,0.92154,3.82942,3.61829,2.43432,0.028358,8.21053,0.859232,0.091377,0.0326333,0.563457,0.281924,0.119384,0.249519,0.0695034,0.234423,0.296488,0.319505,0.390159,0.312481,0.709664,0.14064,3.68971,0.308646,0.0298743,-0.0495453,4.12209,-0.0163195,85.9919,-0.0196709,-0.0347141,-0.6011648885905743,-0.4496747516095638,0.011708,999,2.86302,-0.212477,2.02717,2.86302,0.212477,2.29711,34.1,3.788888888,34.1,3.788888888,,,,,,,,,,,,,,,,,,,"Sterlin Thompson","sa3019999",694514
"Andrés Chaparro","WSN",77.7355,283.837,256.314,58.0447,36.5089,12.2283,0.651776,8.65578,29.0301,33.7902,22.1024,0.829866,69.1989,3.09596,2.21737,0.106754,3.80108,1.4538,0.345885,0.226459,0.0778702,0.243798,0.319404,0.293389,0.380564,0.293879,0.673953,0.154105,3.09253,0.273355,-0.190372,-0.252779,29.1184,-4.4191,86.9218,-0.44315,1.76238,-4.842727929353714,-4.495113372802734,0.0107908,743.6900024414062,1.85835,-0.288391,0.884006,1.85835,0.288391,3.82132,270.8,3.471794871,270.8,3.471794871,,,,,,,,,,,,,,,,,,,"Andres Chaparro","21797",665953
"Héctor Rodríguez","CIN",7.46691,29.4966,27.8784,7.02364,4.80422,1.25248,0.0610454,0.9059,3.30355,3.33638,1.39841,0.0619054,5.15564,0.10184,0.0823275,0.0356004,0.481009,0.231691,0.113485,0.251938,0.047409,0.174788,0.271238,0.289328,0.398728,0.29754,0.688055,0.14679,3.46168,0.279359,0.0215054,-0.041347,3.11368,-0.371574,84.5292,-0.0198416,0.0124967,-0.5606951527297497,-0.3331933384761214,0.00894939,999,2.72933,-0.354557,2.04361,2.72933,0.354557,2.27518,26.5,3.785714285,26.5,3.785714285,,,,,,,,,,,,,,,,,,,"Hector Rodriguez","sa3015828",699302
"Aidan Miller","PHI",13.4808,54.1072,47.8059,10.8577,7.19914,2.40677,0.0707892,1.18101,6.48323,4.77738,5.17208,0.0226373,14.1613,0.9355,0.144627,0.0491246,0.64795,2.79821,0.752129,0.227121,0.0955895,0.261728,0.365225,0.313834,0.35454,0.298332,0.668374,0.127419,5.43936,0.296757,-0.0483635,0.163936,5.74638,-0.646798,88.3414,0.115572,-1.50309,-0.632069855928421,-1.0870162546634674,0.00829478,999,3.60757,0.296172,1.97095,3.60757,-0.296172,2.37207,49.7,3.823076923,49.7,3.823076923,,,,,,,,,,,,,,,,,,,"Aidan Miller","sa3022609",805795
"Jared Young","NYM",9.90648,33.9095,30.4925,6.94166,4.37641,1.67379,0.0262094,0.865251,4.13344,3.92349,2.98523,0.0295736,8.74258,0.234606,0.148046,0.0490901,0.526562,0.245016,0.0933633,0.227651,0.0880352,0.257821,0.341459,0.300099,0.369389,0.294845,0.669489,0.141738,3.46887,0.288902,-0.00387667,-0.0391834,3.50533,-0.501343,87.2515,-0.0430601,-0.092221,-0.553994607180357,-0.5508543029427528,0.00437849,999,2.80063,-0.527888,1.99045,2.80063,0.527888,2.34607,33.4,3.34,33.4,3.34,,,,,,,,,,,,,,,,,,,"Jared Young","20404",676724
"Jorge Barrosa","ARI",40.5367,140.413,126.264,28.2323,18.9856,6.4547,0.740299,2.0517,14.6725,12.5012,10.593,0.151852,32.8871,1.02524,1.34786,1.1829,1.88842,2.36985,0.877994,0.223597,0.0754415,0.234217,0.322101,0.28622,0.335192,0.274286,0.621412,0.111595,5.09707,0.282504,-0.0284498,-0.0866178,12.1712,-4.41972,72.4958,-0.115068,0.924565,-4.692269504070282,0.04877114295959473,0.00287273,999,2.79166,0.91625,1.59608,2.79166,-0.91625,2.8719,109.7,2.675609756,109.7,2.675609756,,,,,,,,,,,,,,,,,,,"Jorge Barrosa","23968",678489
"Yohel Pozo","STL",45.2012,159.234,151.163,36.7916,24.9567,7.75588,0.0575913,4.02146,15.2335,18.1092,6.02884,0.18032,21.672,0.886759,1.03271,0.123054,2.94157,0.670377,0.0916574,0.24339,0.0378614,0.136101,0.278186,0.274696,0.375271,0.281259,0.649966,0.13188,2.5402,0.259048,-0.164185,-0.11268,14.7041,-4.11067,77.9188,-0.276864,-1.69936,-4.432570159435272,-1.00181382894516,-0.00462505,742.4299926757812,2.11678,1.80805,1.54845,2.11678,-1.80805,2.9354,139.9,3.108888888,139.9,3.108888888,,,,,,,,,,,,,,,,,,,"Yohel Pozo","18848",650968
"Gavin Sheets","SDP",127.428,513.964,463.809,110.468,70.6443,23.3742,0.76773,15.6815,52.4237,60.5591,41.6854,1.3342,103.607,4.36601,3.89839,0.205609,7.96229,2.30301,0.822474,0.238175,0.0811056,0.201584,0.402341,0.304655,0.393312,0.304086,0.697967,0.155137,2.57442,0.272047,-0.643359,-0.637794,56.9863,-3.74256,93.5997,-1.28115,-0.647733,-5.169092774391174,-12.272361695766449,-0.00477635,378.9700012207031,1.49971,-2.14403,0.306768,1.49971,2.14403,4.59098,513.8,4.045669291,513.8,4.045669291,,,,,,,,,,,,,,,,,,,"Gavin Sheets","19901",657757
"Heriberto Hernández","MIA",85.8434,344.164,304.001,68.5173,42.5467,13.8009,1.20144,10.9683,39.245,40.5236,33.4321,0.648919,100.806,3.47641,2.37168,0.882943,5.33119,3.03146,1.06945,0.225385,0.09714,0.292901,0.331647,0.307112,0.386927,0.304267,0.694039,0.161542,4.07488,0.295733,-0.197215,-0.351921,38.2101,-2.45553,92.6771,-0.549136,-0.741125,-3.536199152469635,-7.9762648940086365,-0.00634838,534.1699829101562,2.48191,0.537609,0.576725,2.48191,-0.537609,4.23103,343,3.988372093,343,3.988372093,,,,,,,,,,,,,,,,,,,"Heriberto Hernandez","24878",681715
"Jett Williams","MIL",19.4014,77.6691,68.9451,15.3107,9.19501,3.57148,0.870345,1.6739,9.18398,7.64934,7.58319,0.0383338,20.3784,0.841048,0.220423,0.0793592,0.78944,2.77929,0.674325,0.222071,0.0976346,0.262374,0.37212,0.305903,0.371957,0.299144,0.67786,0.149885,6.84012,0.289448,-0.0985853,0.163647,8.29996,-0.87725,91.2628,0.0650613,-2.62233,-0.7392299845814705,-1.9237239956855774,-0.00807071,999,4.05036,0.264905,1.84205,4.05036,-0.264905,2.54393,81,4.263157894,81,4.263157894,,,,,,,,,,,,,,,,,,,"Jett Williams","sa3020134",702518
"Ronny Simon","PIT",6.02878,20.3493,18.2074,4.32368,3.09622,0.870897,0.0720523,0.284502,2.13864,1.79251,1.63939,0.0309347,3.91026,0.122868,0.213609,0.166,0.337296,0.691296,0.185538,0.237468,0.0805628,0.192157,0.419254,0.301534,0.340092,0.2837,0.641626,0.102623,5.26117,0.283924,-0.00593605,0.0304081,1.91942,-0.485003,78.0449,0.0244721,-0.0305148,-0.5050425678491592,-0.25482325814664364,-0.00847566,999,0.976664,1.77832,2.08849,0.976664,-1.77832,2.21535,15.2,2.533333333,15.2,2.533333333,,,,,,,,,,,,,,,,,,,"Ronny Simon","25346",682927
"Ronny Mauricio","NYM",38.3225,146.081,134.927,31.2509,20.946,5.92574,0.131771,4.24744,16.5733,15.1942,9.29179,1.02171,37.1704,1.00809,0.756244,0.0972243,2.29592,3.80568,1.18413,0.231613,0.0636071,0.254451,0.249978,0.284627,0.371922,0.284286,0.656549,0.140309,4.58643,0.286461,-0.0237214,0.0766848,13.8485,-3.41208,79.9982,0.0529634,0.0713024,-3.4004319831728935,-1.637175440788269,-0.00957675,522.030029296875,2.35591,-0.579312,1.58215,2.35591,0.579312,2.89047,128.4,3.378947368,128.4,3.378947368,,,,,,,,,,,,,,,,,,,"Ronny Mauricio","23698",677595
"César Prieto","STL",16.4835,52.725,49.9111,12.2301,9.19648,2.46143,0.0673754,0.504826,4.96982,4.93586,2.31856,0.0486931,11.0434,0.280756,0.135913,0.0787359,0.917608,0.349747,0.255087,0.245038,0.0439745,0.209454,0.209949,0.28168,0.327397,0.268152,0.609078,0.0823596,2.9445,0.304563,0.0157394,-0.112064,4.30769,-1.92218,68.9152,-0.0963243,-0.132042,-2.0334179922938347,0.12233336269855499,-0.0129571,999,3.80807,-0.560603,1.97512,3.80807,0.560603,2.36651,38.4,2.4,38.4,2.4,,,,,,,,,,,,,,,,,,,"Cesar Prieto","30163",693409
"Rece Hinds","CIN",15.1931,52.7456,49.2487,11.1333,6.54471,2.54656,0.0954002,1.94667,6.25612,6.83502,3.11246,0.074721,18.2184,0.232476,0.121875,0.0300598,0.565384,1.41156,0.288371,0.226064,0.059009,0.345402,0.170841,0.274649,0.400228,0.291579,0.674877,0.174164,5.1812,0.314553,-0.0589476,0.0994233,5.31259,-0.919705,80.446,0.0404757,-0.0294717,-1.1819333173334599,-0.7328540850430727,-0.0163628,746.510009765625,3.79126,0.449352,1.90957,3.79126,-0.449352,2.45391,51,3.4,51,3.4,,,,,,,,,,,,,,,,,,,"Rece Hinds","27493",677956
"Luken Baker","ARI",9.27187,32.2319,28.7485,6.08511,3.74471,1.23084,0.0172954,1.09227,3.42664,3.76726,3.20359,0.0381993,8.91703,0.104817,0.161663,0.0133098,0.697296,0.0191527,0.0100939,0.211667,0.099392,0.276652,0.359267,0.291556,0.369666,0.290941,0.661221,0.157999,1.61123,0.264159,-0.0263814,-0.0466133,3.22974,-0.578707,84.5696,-0.0729947,0.0447936,-0.6608185097575188,-0.6706283837556839,-0.0246144,999,2.81005,-0.338856,1.98653,2.81005,0.338856,2.35129,25.9,2.877777777,25.9,2.877777777,,,,,,,,,,,,,,,,,,,"Luken Baker","21497",663609
"Garrett Hampson","CIN",17.3819,52.7708,47.3907,10.2592,7.89402,1.87306,0.124435,0.367702,5.60957,3.51397,4.29252,0.0191011,14.4661,0.166654,0.15129,0.76971,0.741296,1.5291,0.291025,0.216482,0.0813426,0.27413,0.29673,0.28304,0.284534,0.25648,0.567574,0.0680521,5.24543,0.302417,-0.0252189,0.105215,3.81134,-2.42394,56.4023,0.0799957,0.26762,-2.646795190870762,0.6431549489498138,-0.0253675,999,3.04428,-0.173383,1.9603,3.04428,0.173383,2.38626,30.6,1.8,30.6,1.8,,,,,,,,,,,,,,,,,,,"Garrett Hampson","19262",641658
"Christian Franklin","WSN",6.07007,23.781,21.0876,4.77947,3.85089,0.634748,0.0357573,0.25807,2.89356,1.93994,2.4336,0.00992305,5.9838,0.153528,0.060561,0.0457307,0.431479,0.255211,0.118646,0.226648,0.102334,0.251621,0.406698,0.310365,0.296854,0.276581,0.607219,0.0702058,3.98649,0.303321,0.0286071,-0.0399817,2.10568,-0.704231,75.0724,-0.0113746,-0.0450895,-0.7139699328690767,-0.32611133903265,-0.0254636,999,2.93367,-0.266013,2.0527,2.93367,0.266013,2.26307,15.9,2.65,15.9,2.65,,,,,,,,,,,,,,,,,,,"Christian Franklin","sa3017510",681047
"Tsung-Che Cheng","WSN",8.14403,26.8517,24.3249,5.07534,4.10382,0.764467,0.0397577,0.167298,2.47168,1.9521,2.21564,0.0211521,7.35716,0.0990654,0.0668805,0.145167,0.353298,0.443509,0.251953,0.208648,0.082514,0.273993,0.301154,0.276713,0.263977,0.246246,0.54069,0.0553291,3.94537,0.290979,0.053151,-0.0567108,1.71622,-1.45652,54.2914,-0.0035598,0.0516367,-1.4582278500311077,0.3029957376420498,-0.0267926,999,3.24946,-0.5764,2.04434,3.24946,0.5764,2.27421,12.9,1.6125,12.9,1.6125,,,,,,,,,,,,,,,,,,,"Tsung-Che Cheng","28344",691907
"Brandon Lockridge","MIL",19.6092,65.4098,59.4243,13.4571,9.77329,2.71549,0.11999,0.848338,7.07279,5.11369,4.83871,0.0745626,16.9729,0.293358,0.233409,0.620049,0.864017,3.64788,0.507032,0.226458,0.0739753,0.259486,0.285084,0.286915,0.319021,0.269618,0.605937,0.092563,6.05034,0.301383,-0.166237,0.42403,5.42185,-2.30681,71.0365,0.257793,0.102982,-1.987577646970749,-0.4590102434158325,-0.0276642,747.4000244140625,2.66851,-0.55268,1.96272,2.66851,0.55268,2.38304,51.7,2.585,51.7,2.585,,,,,,,,,,,,,,,,,,,"Brandon Lockridge","21496",663604
"Nicky Lopez","COL",9.71741,31.5094,28.5751,7.154,6.26296,0.763937,0.0937585,0.0333504,3.05369,2.19316,2.52878,0.0234279,4.64823,0.154573,0.0733353,0.17764,0.740805,0.346889,0.161909,0.250358,0.0802548,0.147519,0.54403,0.313974,0.287156,0.272881,0.60113,0.036798,3.81832,0.297105,0.0636549,-0.0558329,2.69531,-1.02777,58.8643,0.00782202,0.0196175,-1.52839710470289,0.16957753151655197,-0.0317674,999,3.42163,-0.43764,2.06585,3.42163,0.43764,2.24554,22.1,2.21,22.1,2.21,,,,,,,,,,,,,,,,,,,"Nicky Lopez","19339",670032
"Trey Lipscomb","WSN",6.93059,20.2091,19.0229,4.36048,3.58985,0.582688,0.0233812,0.164559,2.16168,1.98003,1.03797,0.043536,4.27155,0.0676644,0.0519112,0.0285997,0.342024,0.294125,0.106884,0.229222,0.0513617,0.211368,0.242996,0.270862,0.288263,0.248599,0.559125,0.0590407,4.16403,0.286632,-0.00304444,-0.0156566,1.33027,-1.05759,55.9034,-0.018701,-0.0278183,-1.0748993530869484,0.07913525030016899,-0.0330882,999,2.98575,-0.35032,2.07046,2.98575,0.35032,2.23938,9.3,1.328571428,9.3,1.328571428,,,,,,,,,,,,,,,,,,,"Trey Lipscomb","31567",702358
"Justin Dean","CHC",19.9581,32.9553,29.9371,6.09429,5.12602,0.728107,0.0510868,0.18907,3.95381,2.20356,2.74404,0,10.8652,0.15715,0.0768438,0.0401485,0.406146,3.15551,0.28003,0.20357,0.0832656,0.329694,0.252554,0.273293,0.250251,0.240373,0.523544,0.0466809,7.30099,0.311462,-0.387931,0.463432,1.9492,-1.94472,49.8324,0.075501,0.672528,-1.8785411193966866,0.3645331561565399,-0.0407878,999,2.56717,-0.352745,2.059,2.56717,0.352745,2.25467,21.2,1.06,21.2,1.06,,,,,,,,,,,,,,,,,,,"Justin Dean","25005",681909
"Ryan Ward","LAD",6.40837,24.5996,22.6405,4.9463,2.81815,1.0444,0.0389223,1.04482,3.21274,3.15694,1.80917,0.0730426,6.47486,0.06122,0.0686294,0.0201291,0.329594,0.144996,0.0737581,0.218471,0.0735444,0.26321,0.279414,0.277332,0.406484,0.294999,0.683816,0.188013,3.67368,0.256855,0.0151664,-0.0316761,2.546,-0.360635,87.3569,-0.0165096,-0.492761,-0.38410271517932415,-0.8553742170333862,-0.0416329,999,2.56126,-0.0239379,2.01796,2.56126,0.0239379,2.30938,23.3,3.883333333,23.3,3.883333333,,,,,,,,,,,,,,,,,,,"Ryan Ward","sa1169792",669899
"Nick Morabito","NYM",8.54632,30.6653,28.1326,6.79015,5.71306,0.796723,0.0619056,0.218459,3.90864,3.17357,2.25334,0.0291007,7.78061,0.169141,0.0766558,0.0335758,0.51958,1.02083,0.258623,0.241362,0.0734818,0.253727,0.28961,0.300754,0.297379,0.269325,0.598134,0.0560172,5.50554,0.325167,0.0292059,0.0447394,2.53458,-1.08876,69.7207,0.0739453,-0.0350792,-1.0234881415963173,-0.4307420551776886,-0.0426013,999,3.22755,-0.364197,2.03876,3.22755,0.364197,2.28166,22,2.444444444,22,2.444444444,,,,,,,,,,,,,,,,,,,"Nick Morabito","sa3020418",703492
"Ji Hwan Bae","NYM",14.5924,40.6424,36.5299,8.43322,6.27648,1.69703,0.130536,0.32917,4.75643,2.8048,3.48949,0.0758587,11.0076,0.261783,0.235162,0.126017,0.524402,2.58029,0.52403,0.230858,0.0858583,0.270841,0.317006,0.30073,0.311493,0.27423,0.612223,0.0806356,6.41451,0.318702,-0.129843,0.23576,3.52107,-1.28114,73.0901,0.105917,-0.174321,-1.1867216154932976,-0.6223194152116776,-0.0443553,999,1.87878,1.95085,2.0451,1.87878,-1.95085,2.2732,25.5,1.7,25.5,1.7,,,,,,,,,,,,,,,,,,,"Ji Hwan Bae","23818",678225
"Austin Barnes","NYM",16.63,60.4282,54.7094,11.6577,9.5322,1.4227,0.0361389,0.666644,5.454,4.817,4.80824,0.011472,14.8901,0.26488,0.14932,0.496371,1.2426,0.49932,0.196521,0.213084,0.0795696,0.246409,0.322916,0.279164,0.276965,0.25227,0.556129,0.0638813,2.91618,0.279656,-0.0356795,-0.0769585,4.15782,-2.98224,58.0048,-0.112638,-0.662404,-3.1119694262742996,0.6207714676856995,-0.0456363,999,3.37883,-0.423982,1.90322,3.37883,0.423982,2.46237,39.5,2.323529411,39.5,2.323529411,,,,,,,,,,,,,,,,,,,"Austin Barnes","12158",605131
"Aaron Schunk","ATL",9.22323,25.8186,23.9888,5.30629,3.71697,1.08528,0.10309,0.400955,2.3899,2.31486,1.25283,0.0489876,6.52939,0.148058,0.130434,0.298466,0.413644,0.219927,0.0967305,0.221199,0.0485242,0.252895,0.191875,0.262819,0.325177,0.257475,0.587997,0.103979,4.11947,0.285378,0.00504783,-0.0290904,1.88558,-1.16508,61.4929,-0.0240425,-0.293348,-1.202373445034027,-0.19848289340734482,-0.0554396,999,1.50129,2.2131,2.04785,1.50129,-2.2131,2.26953,9.9,1.1,9.9,1.1,,,,,,,,,,,,,,,,,,,"Aaron Schunk","25524",668845
"Rafael Flores Jr.","PIT",27.9351,95.3952,86.8382,20.3406,13.822,4.01481,0.0643999,2.43939,9.76005,10.0601,7.21388,0.106319,27.656,0.684766,0.597798,0.0605268,1.27671,0.934229,0.116097,0.234235,0.075621,0.28991,0.260843,0.296211,0.366225,0.290924,0.662437,0.13199,3.50656,0.31219,-0.111272,-0.00338838,9.55761,-1.71406,82.9942,-0.11466,-2.05463,-2.0373886302113533,-1.7467023432254791,-0.0624382,742.5999755859375,2.3608,-0.535682,1.7715,2.3608,0.535682,2.63801,81.3,2.903571428,81.3,2.903571428,,,,,,,,,,,,,,,,,,,"Rafael Flores Jr.","31991",804668
"Ildemaro Vargas","ARI",18.5282,71.6529,66.3153,15.8483,11.8041,3.02408,0.151508,0.868589,6.72688,6.79584,3.93038,0.0459699,9.15351,0.631929,0.297349,0.477875,1.71621,0.696023,0.213044,0.238983,0.0548531,0.127748,0.429385,0.286766,0.328448,0.272098,0.615214,0.0894644,3.69054,0.264702,-0.00142439,-0.0557827,6.08364,-2.3827,70.9968,-0.0572071,0.189545,-2.5202634520828724,-0.49668583273887634,-0.064768,999,3.25163,0.000729173,1.89994,3.25163,-0.000729173,2.46675,58.6,3.084210526,58.6,3.084210526,,,,,,,,,,,,,,,,,,,"Ildemaro Vargas","13324",545121
"Abimelec Ortiz","WSN",50.9601,202.942,183.528,40.8835,25.2048,8.19194,0.757422,6.72939,21.9837,23.5428,15.6254,0.277285,52.1168,1.86871,1.66364,0.256231,2.84692,1.04305,0.461531,0.222765,0.0769944,0.256807,0.299814,0.288021,0.385655,0.293317,0.673676,0.162891,3.63288,0.270324,-0.0350788,-0.260449,20.7269,-3.25219,86.537,-0.295528,0.0687809,-3.533760577440262,-4.010778412222862,-0.0810946,999,1.83684,0.477057,1.19908,1.83684,-0.477057,3.40122,196.2,3.847058823,196.2,3.847058823,,,,,,,,,,,,,,,,,,,"Abimelec Ortiz","sa3016926",694673
"Christian Encarnacion-Strand","CIN",39.7188,156.808,145.257,34.4712,20.6991,7.32678,0.266008,6.17925,17.4288,20.6233,8.12817,0.119055,40.7207,2.06178,1.2852,0.0765275,2.21516,0.839523,0.375744,0.237312,0.051835,0.259684,0.199608,0.284952,0.419035,0.303142,0.703987,0.181723,3.20503,0.283935,0.0266605,-0.189103,17.2661,-1.26203,88.3673,-0.162442,-0.10534,-2.324385553598404,-3.783007614314556,-0.0910926,564.4600219726562,2.63064,1.06732,1.44702,2.63064,-1.06732,3.07064,154,3.85,154,3.85,,,,,,,,,,,,,,,,,,,"Christian Encarnacion-Strand","30011",687952
"Charlie Condon","COL",48.5736,193.914,174.385,41.9256,27.253,7.79827,0.886206,5.9882,21.5457,22.9549,14.8232,0.0117153,55.2909,3.40372,1.08611,0.216515,2.9162,1.07628,0.483604,0.240421,0.0764422,0.285131,0.268095,0.310549,0.39832,0.310379,0.708869,0.1579,3.65447,0.314712,0.0295144,-0.282954,22.4911,-0.421401,84.5515,-0.253439,0.42871,-3.803945928812027,-3.569115847349167,-0.09428,999,2.64994,-0.342467,1.33518,2.64994,0.342467,3.21976,202.4,4.130612244,202.4,4.130612244,,,,,,,,,,,,,,,,,,,"Charlie Condon","sa3025257",809707
"Billy Cook","PIT",11.4528,39.0983,36.1638,7.82807,5.508,1.70045,0.0617869,0.557825,3.88945,3.68724,2.5687,0.0721211,10.96,0.22077,0.0952315,0.0497915,0.302947,1.14677,0.166528,0.216462,0.0656985,0.28032,0.23437,0.271907,0.313175,0.259371,0.585081,0.0967129,5.22439,0.293852,-0.0856497,0.106857,2.91562,-1.70414,61.3793,0.0212076,-0.160241,-1.7684560976922512,-0.45480871200561523,-0.0943788,999,3.0982,-0.291108,1.99652,3.0982,0.291108,2.33797,34.9,3.172727272,34.9,3.172727272,,,,,,,,,,,,,,,,,,,"Billy Cook","29573",695257
"Tirso Ornelas","SDP",36.0839,125.689,113.627,26.3351,17.9924,5.45526,0.0878992,2.79952,13.3453,12.8067,10.2128,0.161557,25.9577,0.884559,0.875082,0.0896531,3.07838,1.19101,0.492649,0.231768,0.0812543,0.206523,0.393439,0.29803,0.355239,0.288098,0.653269,0.123471,3.3386,0.274484,0.00335641,-0.15452,12.3043,-2.54682,82.6165,-0.151164,0.627434,-2.7335375994443893,-2.528047204017639,-0.103103,748.489990234375,2.62881,-0.435099,1.63664,2.62881,0.435099,2.81781,109.2,3.033333333,109.2,3.033333333,,,,,,,,,,,,,,,,,,,"Tirso Ornelas","22566",672359
"Kristian Robinson","ARI",5.44769,20.3941,18.2065,3.79689,2.70444,0.773826,0.0328123,0.28581,2.28448,1.96868,2.03642,0.0300664,6.82835,0.0792082,0.0518537,0.0201238,0.275791,0.674133,0.106537,0.208546,0.0998536,0.334821,0.29823,0.2902,0.301748,0.267111,0.591949,0.0932021,5.38569,0.31506,-0.0452238,0.0595757,1.64897,-0.760746,67.5804,0.0143518,-0.940695,-0.7692672619596124,-0.9687178861349821,-0.108397,999,2.56189,-0.171979,2.06273,2.56189,0.171979,2.2497,15.2,3.04,15.2,3.04,,,,,,,,,,,,,,,,,,,"Kristian Robinson","sa3006884",677565
"Alex Freeland","LAD",16.6558,61.7917,54.789,11.929,7.72763,2.66129,0.0646578,1.47537,7.30151,6.3732,6.16877,0.0684931,16.8456,0.47348,0.156643,0.203813,0.992722,1.25615,0.260544,0.217725,0.0998318,0.27262,0.366194,0.30154,0.349444,0.289653,0.650984,0.131719,4.49281,0.285425,-0.0440022,0.0501201,6.12711,-1.17406,83.6848,0.00611789,-2.30997,-1.1854183017276227,-1.9672553837299347,-0.108592,668.9400024414062,2.9382,-0.203784,1.87032,2.9382,0.203784,2.50624,50.2,2.952941176,50.2,2.952941176,,,,,,,,,,,,,,,,,,,"Alex Freeland","31665",690976
"Jhostynxon Garcia","PIT",89.5736,307.119,280.853,64.526,41.6918,12.9014,1.79924,8.1335,34.6921,32.3436,20.7287,0.200465,92.0095,3.03889,1.94856,0.550202,3.41692,4.98738,1.12447,0.22975,0.0674942,0.299589,0.225289,0.288006,0.37538,0.289693,0.663386,0.145629,5.25902,0.308733,-0.291547,0.106169,30.463,-5.82543,82.1505,-0.185378,-1.2497,-6.682588204741478,-4.60673463344574,-0.109618,558.9099731445312,2.80213,-0.049773,0.881512,2.80213,0.049773,3.82465,286,3.177777777,286,3.177777777,,,,,,,,,,,,,,,,,,,"Jhostynxon Garcia","28142",691373
"Bryce Eldridge","SFG",106.57,419.308,374.629,87.302,53.4596,17.7075,0.39061,15.7443,43.6514,52.6657,36.4101,3.17998,126.414,3.08886,4.67482,0.504818,4.75512,1.92826,0.585382,0.233036,0.0868338,0.301482,0.288023,0.30277,0.408467,0.30616,0.711236,0.175431,2.55519,0.301745,-0.0935591,-0.44676,47.1969,-2.34749,95.0239,-0.540319,-1.40965,-3.0064173340797424,-12.305093765258789,-0.114624,999,2.74403,0.526525,0.493608,2.74403,-0.526525,4.34186,432.8,4.044859813,432.8,4.044859813,,,,,,,,,,,,,,,,,,,"Bryce Eldridge","33390",805811
"Matt Mervis","WSN",12.2785,45.3821,41.7795,8.53524,5.40485,1.64574,0.0304273,1.45423,4.59617,5.33872,3.15168,0.0915657,14.2533,0.288119,0.143616,0.0191434,0.473555,0.0977907,0.0567567,0.204292,0.0694477,0.314073,0.22112,0.263983,0.349562,0.268708,0.613545,0.145269,2.39757,0.270107,-0.0193884,-0.0614697,3.72824,-1.634,68.318,-0.0808581,0.0926275,-1.7849449813365936,-0.8547838404774666,-0.115598,999,2.50487,-0.331786,1.91024,2.50487,0.331786,2.45302,32.6,2.716666666,32.6,2.716666666,,,,,,,,,,,,,,,,,,,"Matt Mervis","27845",670223
"Warming Bernabel","WSN",30.5696,111.9,105.414,27.9814,19.3985,5.88656,0.288948,2.40744,11.77,11.9246,4.81972,0.105911,17.7659,0.833365,0.729166,0.103677,1.98043,1.16204,0.357427,0.265444,0.0430718,0.158767,0.27129,0.300856,0.395282,0.301826,0.696138,0.129839,3.74184,0.297477,-0.0371725,-0.0786482,12.2016,-1.02017,78.6928,-0.115821,0.0875312,-2.941670708358288,-1.9682399332523346,-0.121443,719.2000122070312,2.0442,-0.907096,1.82401,2.0442,0.907096,2.56799,107.9,3.480645161,107.9,3.480645161,,,,,,,,,,,,,,,,,,,"Warming Bernabel","26536",682653
"Adrian Del Castillo","ARI",78.2585,293.382,265.295,61.2857,37.2805,13.7461,0.866623,9.3925,30.994,34.8341,23.5279,0.783469,83.8937,2.23046,2.13124,0.197718,3.825,1.12777,0.342956,0.23101,0.0801954,0.285953,0.280449,0.296892,0.395569,0.300797,0.692461,0.16456,3.12164,0.297997,-0.138525,-0.325882,31.7456,-2.91979,90.6567,-0.464407,-1.18614,-3.713233560323715,-7.663761377334595,-0.165346,636.0599975585938,3.15106,1.26391,0.856965,3.15106,-1.26391,3.85738,287.4,3.684615384,287.4,3.684615384,,,,,,,,,,,,,,,,,,,"Adrian Del Castillo","29554",680728
"Orelvis Martinez","WSN",25.0031,98.0152,88.5623,17.8409,10.6655,3.997,0.12131,3.05709,9.55675,10.9616,7.36965,0.200902,27.2575,1.18104,0.834501,0.0677265,0.988397,0.344243,0.0933089,0.201451,0.0751889,0.278094,0.270372,0.269447,0.352879,0.272604,0.622326,0.151429,2.65346,0.250225,-0.00111124,-0.0948959,8.3622,-3.21905,72.9343,-0.0960071,-1.55647,-3.22270467877388,-1.832076370716095,-0.172014,749.1400146484375,3.27867,-0.206864,1.64444,3.27867,0.206864,2.80741,75.6,3.024,75.6,3.024,,,,,,,,,,,,,,,,,,,"Orelvis Martinez","25967",682619
"Blaine Crim","COL",49.157,189.575,170.121,42.1175,27.0911,8.66982,0.636587,5.72004,21.6088,22.6741,15.1568,0.813177,44.6978,2.05287,2.15478,0.0892549,2.65965,1.08766,0.467874,0.247574,0.0799515,0.235779,0.339095,0.313096,0.40689,0.311774,0.719986,0.159316,3.43814,0.298687,-0.0742605,-0.261161,22.2025,-0.197253,85.5071,-0.335422,-0.493874,-3.5917616486549377,-4.39923757314682,-0.172273,641.4600219726562,2.65082,0.0271443,1.38748,2.65082,-0.0271443,3.15003,206.3,4.210204081,206.3,4.210204081,,,,,,,,,,,,,,,,,,,"Blaine Crim","25714",688760
"Nick Castellanos","PHI",73.3235,297.81,275.321,68.9297,44.8287,13.5988,1.13961,9.36261,34.5629,37.0178,17.1683,0.219759,68.7647,2.70835,2.48256,0.129377,5.09379,2.32409,0.506075,0.250361,0.0576486,0.230902,0.249667,0.298328,0.41005,0.306389,0.708378,0.159689,3.96468,0.298318,-0.480896,-0.168141,33.5767,-1.61186,93.8609,-0.649037,-5.25293,-2.815945863723755,-8.784693241119385,-0.173157,386.2300109863281,5.41988,0.80956,0.96448,5.41988,-0.80956,3.71403,303.3,4.15479452,303.3,4.15479452,,,,,,,,,,,,,,,,,,,"Nick Castellanos","11737",592206
"Grant McCray","SFG",20.7848,64.2167,58.2742,12.2731,8.22497,2.48676,0.138457,1.4229,7.17523,6.05945,4.71437,0.0159965,20.4642,0.189836,0.382695,0.655581,1.04684,1.91264,0.308539,0.210609,0.0734135,0.318674,0.230372,0.270249,0.331287,0.265565,0.601535,0.120677,5.42458,0.295084,-0.0658234,0.169606,5.11168,-2.47601,67.138,0.103783,-1.17282,-2.3903921395540237,-1.4935721158981323,-0.175015,999,3.08891,-0.422339,1.87281,3.08891,0.422339,2.50292,43.2,2.057142857,43.2,2.057142857,,,,,,,,,,,,,,,,,,,"Grant McCray","25690",687529
"Jerar Encarnacion","SFG",41.2323,155.391,142.494,31.7952,20.9843,5.51757,0.13693,5.1564,16.7216,18.8036,10.5037,0.140434,47.7583,1.1726,1.13069,0.0903886,2.95526,1.80787,0.315767,0.223134,0.0675955,0.307342,0.219935,0.279918,0.372338,0.284608,0.652256,0.149204,3.78169,0.293671,-0.266467,0.0175734,14.7717,-3.58896,80.2192,-0.248894,0.24879,-3.8818118423223495,-3.0917938202619553,-0.175415,697.9400024414062,3.10324,0.287537,1.43167,3.10324,-0.287537,3.09111,141.4,3.448780487,141.4,3.448780487,,,,,,,,,,,,,,,,,,,"Jerar Encarnacion","21871",666464
"Griffin Conine","MIA",88.5163,360.693,322.667,70.1373,44.3411,13.6293,1.34807,10.8189,38.2569,41.5314,32.5986,0.384646,113.896,3.16893,2.07903,0.17951,4.85044,1.44504,0.558319,0.217367,0.0903777,0.315769,0.286215,0.293761,0.368551,0.291375,0.662312,0.151184,3.43191,0.296545,-0.270699,-0.465945,36.2696,-6.3491,83.8451,-0.736644,0.0525321,-7.642801880836487,-6.202274389564991,-0.188738,502.8900146484375,2.63114,0.0864095,0.492035,2.63114,-0.0864095,4.34395,325.8,3.660674157,325.8,3.660674157,,,,,,,,,,,,,,,,,,,"Griffin Conine","21626",665052
"Kris Bryant","COL",27.7337,110.33,98.4427,23.3892,16.0395,4.51615,0.113941,2.71953,12.123,11.2288,9.08545,0.0131124,28.0378,2.06669,0.682729,0.0523736,2.03534,0.381615,0.0955757,0.237592,0.082348,0.254127,0.324043,0.313222,0.368659,0.301953,0.681881,0.131067,2.73712,0.302329,-0.0705917,-0.142241,12.0419,-0.994466,78.78,-0.212833,0.00700668,-2.9876429736614227,-2.5894622425548732,-0.195049,999,2.48666,-0.785334,1.70199,2.48666,0.785334,2.73068,106.5,3.803571428,106.5,3.803571428,,,,,,,,,,,,,,,,,,,"Kris Bryant","15429",592178
"Mickey Gasper","WSN",20.2967,59.1474,52.1591,11.9686,8.19377,2.45242,0.0902808,1.23212,6.22494,5.55387,5.46134,0.104363,12.4924,0.838353,0.412901,0.275711,1.2006,0.489665,0.132902,0.229463,0.0923344,0.211208,0.437173,0.310307,0.35081,0.293763,0.661117,0.121347,3.55582,0.276375,-0.0319121,-0.051485,6.06227,-0.926456,86.8422,-0.0833971,-4.05867,-1.0057844892144203,-2.972041964530945,-0.205646,747.510009765625,2.68802,-0.677746,1.91345,2.68802,0.677746,2.44873,48.4,2.42,48.4,2.42,,,,,,,,,,,,,,,,,,,"Mickey Gasper","24759",681508
"Zac Veen","COL",32.5274,120.143,109.097,25.817,16.6271,5.47583,0.779837,2.93425,13.4453,12.0264,8.58863,0.150686,30.2673,1.02635,0.819677,0.61169,1.46584,3.52474,1.00773,0.236644,0.0714868,0.251927,0.28376,0.296425,0.38182,0.295836,0.678245,0.145176,5.70262,0.298284,-0.00276651,0.120017,12.5162,-1.67963,74.5894,0.11725,-1.14213,-3.50107005238533,-2.648028016090393,-0.220168,549.5700073242188,2.63865,-0.663918,1.72264,2.63865,0.663918,2.70315,119.8,3.63030303,119.8,3.63030303,,,,,,,,,,,,,,,,,,,"Zac Veen","27770",691728
"James Triantos","CHC",6.79072,22.5017,21.2209,5.1767,4.25312,0.708216,0.0362144,0.179147,2.98902,2.52429,1.09401,0.0264375,3.63494,0.0946347,0.0678945,0.0242195,0.384569,0.500515,0.157157,0.243943,0.0486191,0.161541,0.300972,0.283188,0.306055,0.261393,0.589243,0.0621125,5.09143,0.285987,0.0407925,-0.00000567809,1.71493,-0.943822,64.272,0.0407869,-2.13277,-0.9094003513455391,-2.027979776263237,-0.222614,999,3.24879,-0.367173,2.06056,3.24879,0.367173,2.25258,14.8,2.114285714,14.8,2.114285714,,,,,,,,,,,,,,,,,,,"James Triantos","sa3017295",701649
"Deyvison De Los Santos","MIA",28.6843,114.404,106.258,24.8466,17.3126,4.1889,0.12502,3.22003,11.8457,12.7499,6.42285,0.429412,28.8151,0.919283,0.690733,0.113255,2.09977,1.75139,0.499365,0.233833,0.0561418,0.251871,0.222899,0.281639,0.366519,0.281815,0.648158,0.132687,3.88679,0.288687,-0.0415556,-0.0141495,10.616,-2.90174,77.2965,-0.0557051,-0.491395,-3.1341305561363697,-2.8609249591827393,-0.223942,732.5999755859375,2.64691,0.150263,1.69304,2.64691,-0.150263,2.74261,98.6,3.4,98.6,3.4,,,,,,,,,,,,,,,,,,,"Deyvison De Los Santos","sa3015168",691277
"Jose Miranda","SDP",35.7971,136.735,126.41,28.9339,20.0782,5.6156,0.139576,3.10045,12.9324,14.1088,7.6121,0.127359,26.8726,1.73485,0.901869,0.0763053,2.53922,0.727103,0.154459,0.228889,0.0556705,0.196531,0.283266,0.28012,0.349102,0.27623,0.629222,0.120213,2.94754,0.265397,0.0202058,-0.111248,12.0681,-4.08814,74.0705,-0.0910418,-0.947071,-4.269789956510067,-2.8253141045570374,-0.244415,740.4000244140625,2.46606,-0.0674222,1.59172,2.46606,0.0674222,2.8777,113.9,3.163888888,113.9,3.163888888,,,,,,,,,,,,,,,,,,,"Jose Miranda","20538",669304
"Troy Johnston","COL",72.0469,271.488,247.3,61.9689,41.2288,12.5245,1.71327,6.5023,30.8655,30.0234,17.8818,0.474336,57.2588,4.49697,1.60133,0.207109,3.75816,7.40484,2.1574,0.250582,0.065866,0.210908,0.312298,0.310924,0.393962,0.307629,0.704886,0.14338,5.57913,0.299592,-0.100125,0.18069,30.8823,-1.19605,82.6679,0.0805652,-0.375225,-5.496356286108494,-6.219486385583878,-0.274544,459.1700134277344,2.05237,1.3905,1.25189,2.05237,-1.3905,3.33081,288.8,4.011111111,288.8,4.011111111,,,,,,,,,,,,,,,,,,,"Troy Johnston","26143",687859
"Yanquiel Fernández","COL",24.6917,91.5197,85.3921,20.731,13.7189,4.82488,0.0921733,2.09506,10.6535,10.7653,5.53492,0.280889,20.9195,0.236606,0.293534,0.06255,1.7556,0.222274,0.0726846,0.242775,0.060478,0.228579,0.264582,0.289781,0.37504,0.28916,0.664821,0.132265,2.77464,0.297362,-0.0851281,-0.112126,9.03822,-1.77553,70.0161,-0.197254,-0.544911,-3.4495999068021774,-2.450135827064514,-0.292087,701.3099975585938,4.31947,-0.652379,1.75818,4.31947,0.652379,2.65576,83.9,3.356,83.9,3.356,,,,,,,,,,,,,,,,,,,"Yanquiel Fernandez","28552",692585
"Bryce Johnson","SDP",64.8708,195.442,173.339,38.5112,28.1281,7.34228,0.772686,2.26811,20.5145,14.9615,14.9377,0.0895121,52.0389,2.71357,0.957376,3.49451,2.63709,6.40745,1.73872,0.222173,0.0764304,0.266263,0.287049,0.292593,0.312701,0.271477,0.605294,0.0905279,5.69781,0.302053,-0.0195488,0.267824,16.4954,-6.59757,71.1992,0.248275,-1.2417,-6.404574811458588,-3.1771421432495117,-0.303573,748.8300170898438,2.76845,-1.04806,1.51193,2.76845,1.04806,2.9841,150,2.307692307,150,2.307692307,,,,,,,,,,,,,,,,,,,"Bryce Johnson","20002",669369
"Riley Adams","WSN",29.063,106.507,96.6722,20.5227,13.3755,3.86435,0.106042,3.17676,10.8335,10.9567,7.34617,0.0955329,35.003,2.03882,0.331172,0.118924,1.90433,0.370797,0.113517,0.212292,0.0689734,0.328644,0.209873,0.281118,0.353043,0.280049,0.634161,0.140751,2.72452,0.29488,-0.00217582,-0.121955,9.7305,-2.85416,77.4478,-0.124131,-3.05248,-2.9709634110331535,-3.799988567829132,-0.330206,748.22998046875,4.21424,0.101001,1.64235,4.21424,-0.101001,2.8102,87.4,3.013793103,87.4,3.013793103,,,,,,,,,,,,,,,,,,,"Riley Adams","19864",656180
"Matt Koperniak","STL",9.37108,35.4625,33.0888,7.4735,5.48663,1.2349,0.0390573,0.712915,3.90253,3.43798,2.0771,0.0319837,7.53304,0.136235,0.0987743,0.0616372,0.702807,0.195016,0.088587,0.225862,0.0585718,0.212422,0.275732,0.273633,0.33018,0.266177,0.603813,0.104318,3.24191,0.271057,0.00264876,-0.0478963,2.84044,-1.34973,67.5581,-0.0452475,-3.26678,-1.4050040878355503,-3.556015372276306,-0.384778,999,2.36639,-0.138386,1.99642,2.36639,0.138386,2.33811,24.5,2.722222222,24.5,2.722222222,,,,,,,,,,,,,,,,,,,"Matt Koperniak","sa3014834",689288
"Pedro León","PHI",5.78825,21.5427,19.9422,4.07165,2.70379,0.955954,0.0179314,0.393976,2.75914,2.36932,1.34665,0.02104,6.85604,0.140366,0.0525631,0.0609568,0.455,0.34622,0.118604,0.204173,0.0625106,0.318253,0.196418,0.258762,0.313175,0.253102,0.571937,0.109002,4.94625,0.288564,0.00182086,-0.00685363,1.49681,-1.04863,57.3573,-0.00503277,-4.09749,-1.0938092372380197,-4.186811745166779,-0.466943,999,2.88154,0.0916348,2.0346,2.88154,-0.0916348,2.28719,8.3,1.383333333,8.3,1.383333333,,,,,,,,,,,,,,,,,,,"Pedro Leon","27781",694175