Name,Team,W,L,QS,ERA,G,GS,SV,HLD,BS,IP,TBF,H,R,ER,HR,BB,IBB,HBP,SO,K/9,BB/9,K/BB,HR/9,K%,BB%,K-BB%,AVG,WHIP,BABIP,LOB%,GB%,HR/FB,FIP,WAR,RA9-WAR,ADP,InterSD,InterSK,IntraSD,Vol,Skew,Dim,FPTS,FPTS/IP,SPTS,SPTS/IP,P10,P20,P30,P40,P50,P60,P70,P80,P90,TT10,TT20,TT30,TT40,TT50,TT60,TT70,TT80,TT90,NameASCII,PlayerId,MLBAMID
"Paul Skenes","PIT",12.3939,8.14076,17.5901,2.76228,30.0913,30.0913,0,0,0,186.372,739.452,144.886,62.1753,57.2013,15.5207,45.51,0.84642,6.71399,223.908,10.8127,2.1977,4.91998,0.749504,0.302803,0.0615455,0.24125734344124794,0.210827,1.02159,0.288892,0.7602,,,2.65558,5.73864,5.97841,9.470000267028809,2.17534,-0.769259,1.80611,2.17534,0.769259,2.59186,1091.6000000000001,5.868817204301076,1011,5.435483870967742,,,,,,,,,,,,,,,,,,,"Paul Skenes","33677",694973
"Logan Webb","SFG",12.9764,10.1088,17.1547,3.34513,30.1564,30.1564,0,0.187649,0,195.098,804.174,185.708,78.8199,72.5143,15.79,44.889,0.902643,5.84181,183.388,8.45983,2.07076,4.08538,0.728401,0.228046,0.05582,0.17222579941153526,0.246479,1.18195,0.306565,0.727979,,,3.08739,4.79465,4.38957,55.880001068115234,3.35721,-2.55456,1.1263,3.35721,2.55456,3.49826,975.6,5.003076923076923,980,5.0256410256410255,,,,,,,,,,,,,,,,,,,"Logan Webb","17995",657277
"Cristopher Sánchez","PHI",12.3916,7.69652,16.5029,3.19102,29.0541,29.0541,0,0,0,185.589,759.89,167.793,71.5238,65.8019,16.0748,46.2108,2.15572,5.8233,178.819,8.67172,2.24096,3.86964,0.779538,0.235322,0.0608125,0.17450997605919838,0.237044,1.15311,0.295769,0.744024,,,3.17521,4.45385,4.80178,27.530000686645508,3.67166,-1.32944,1.14097,3.67166,1.32944,3.4787,944.8000000000002,5.07956989247312,924,4.967741935483871,,,,,,,,,,,,,,,,,,,"Cristopher Sanchez","20778",650911
"Chris Sale","ATL",11.3005,6.61219,14.2478,3.2051,25.7183,25.7183,0,0,0,158.603,642.301,130.618,61.3937,56.4822,16.9265,40.873,0.668791,8.7051,195.146,11.0736,2.31935,4.77444,0.960497,0.303823,0.0636353,0.24018730223178864,0.22037,1.08126,0.298677,0.744938,,,2.9995,3.97612,4.08139,35.060001373291016,3.40756,-1.36374,1.13294,3.40756,1.36374,3.48941,866.9000000000002,5.452201257861637,814,5.119496855345912,,,,,,,,,,,,,,,,,,,"Chris Sale","10603",519242
"Yoshinobu Yamamoto","LAD",12.2006,6.57857,13.5965,3.27318,26.412,26.412,0,0,0,158.092,643.134,129.794,62.4957,57.4961,15.5734,47.1542,0.716529,4.91958,169.741,9.66314,2.68443,3.5997,0.886576,0.263928,0.0733195,0.19060878455638885,0.219595,1.11927,0.281508,0.737711,,,3.25655,3.63402,3.77824,24.649999618530273,4.87386,0.148,0.996977,4.87386,-0.148129,3.6707,818.4000000000001,5.179746835443039,766,4.848101265822785,,,,,,,,,,,,,,,,,,,"Yoshinobu Yamamoto","33825",808967
"Jesús Luzardo","PHI",11.4128,8.73584,13.7041,3.59481,28.2979,28.2979,0,0,0,170.137,698.712,146.306,73.8661,67.9568,20.6314,52.1301,0.795296,5.17606,187.384,9.91233,2.7576,3.59455,1.09137,0.268185,0.0746088,0.19357600808143616,0.228103,1.16633,0.289981,0.734701,,,3.51929,3.53089,3.47711,70.02999877929688,3.60799,-0.333375,0.925612,3.60799,0.333375,3.76585,823.1,4.841764705882353,780,4.588235294117647,,,,,,,,,,,,,,,,,,,"Jesus Luzardo","19959",666200
"Hunter Greene","CIN",10.6112,8.78397,14.2192,3.7168,28.3318,28.3318,0,0.21996,0,170.698,699.418,138.042,76.6245,70.4945,25.4356,55.2378,0.601752,9.12404,203.869,10.7489,2.9124,3.69075,1.34109,0.291483,0.0789767,0.21250644326210022,0.217369,1.13229,0.277524,0.73987,,,3.81476,3.50717,3.4818,46.939998626708984,1.89341,1.06887,1.0628,1.89341,-1.06887,3.58294,815.1000000000001,4.7666666666666675,746,4.362573099415204,,,,,,,,,,,,,,,,,,,"Hunter Greene","22182",668881
"Chase Burns","CIN",7.49853,7.24069,9.18354,3.63307,28.3847,23.964,0,0.24961,0,130.593,538.295,112.589,57.3011,52.717,16.889,41.5519,0.82481,4.12874,153.951,10.6098,2.86361,3.70503,1.16393,0.285998,0.0771918,0.20880615711212158,0.228553,1.18031,0.297413,0.742088,,,3.50803,2.94275,2.82055,114.62000274658203,4.69252,-1.49959,0.57506,4.69252,1.49959,4.23325,636.5,4.858778625954199,604,4.6106870229007635,,,,,,,,,,,,,,,,,,,"Chase Burns","35333",695505
"Spencer Schwellenbach","ATL",10.0215,7.04605,13.1965,3.60683,24.4188,24.4188,0,0,0,152.438,618.504,138.093,66.403,61.0907,17.9701,31.5001,1.22461,5.31725,148.368,8.75969,1.85978,4.71007,1.06096,0.239881,0.0509295,0.1889517493546009,0.237401,1.11254,0.289209,0.71444,,,3.44561,2.91492,3.04749,78.68000030517578,1.60064,-0.683574,0.776254,1.60064,0.683574,3.965,729.5999999999999,4.8,711,4.677631578947368,,,,,,,,,,,,,,,,,,,"Spencer Schwellenbach","31846",680885
"Brandon Woodruff","MIL",9.68273,7.1721,11.0625,3.74321,25.0141,25.0141,0,0.25015,0,148.084,602.109,125.142,66.9457,61.59,20.9549,40.0677,0.501301,5.97494,158.227,9.61643,2.43517,3.94898,1.27356,0.262787,0.0665456,0.196241557598114,0.225049,1.11565,0.276443,0.723206,,,3.77051,2.89353,2.5818,112.18000030517578,3.49197,0.291201,0.785639,3.49197,-0.291201,3.95248,689.9000000000001,4.661486486486487,645,4.358108108108108,,,,,,,,,,,,,,,,,,,"Brandon Woodruff","16162",605540
"Freddy Peralta","NYM",12.1699,8.2406,12.3617,3.75658,28.4243,28.4243,0,0,0,165.059,682.752,134.595,74.8861,68.8953,22.0563,60.1333,0.6341,7.70254,184.196,10.0434,3.27883,3.06312,1.20264,0.269784,0.0880748,0.18170899897813797,0.218883,1.17975,0.275381,0.731416,,,3.87334,2.88367,2.84567,62.2599983215332,3.77813,-0.532102,1.00827,3.77813,0.532102,3.65564,763.4000000000001,4.626666666666667,703,4.260606060606061,,,,,,,,,,,,,,,,,,,"Freddy Peralta","18679",642547
"Blake Snell","LAD",9.9781,6.59008,11.7607,3.4364,23.9622,23.9622,0,0,0,139.624,576.606,108.529,57.9474,53.3116,14.9186,58.3618,1.06427,3.40953,170.256,10.9745,3.76193,2.91725,0.961637,0.295272,0.101216,0.19405634701251984,0.210803,1.19528,0.283959,0.746163,,,3.41263,2.84403,3.00128,68.81999969482422,2.64162,0.132204,0.80733,2.64162,-0.132204,3.92356,725.1,5.179285714285714,662,4.728571428571429,,,,,,,,,,,,,,,,,,,"Blake Snell","13543",605483
"Michael King","SDP",10.2306,8.55477,11.2948,3.7594,28.1666,28.1666,0.214511,0.251895,1.16383,159.142,665.07,140.034,72.2556,66.4752,21.0505,55.068,1.68589,6.86623,165.331,9.35005,3.11428,3.00231,1.19048,0.248592,0.0828003,0.1657920554280281,0.232176,1.22596,0.2855,0.741686,,,3.94446,2.7884,2.74092,135.17999267578125,2.41192,-0.796687,0.793862,2.41192,0.796687,3.94152,698.3000000000002,4.3918238993710705,666,4.188679245283019,,,,,,,,,,,,,,,,,,,"Michael King","19853",650633
"Eury Pérez","MIA",8.8625,8.67853,9.2765,3.824,26.5225,26.5225,0,0,0,148.097,608.133,123.171,68.3964,62.9247,20.4669,48.9397,0.629724,5.0605,165.94,10.0843,2.97412,3.3907,1.2438,0.272868,0.0804753,0.19239234179258347,0.222277,1.16215,0.279295,0.722964,,,3.78465,2.74474,2.62488,83.94000244140625,2.97263,-0.496087,0.705698,2.97263,0.496087,4.05907,699.4000000000001,4.725675675675676,650,4.391891891891892,,,,,,,,,,,,,,,,,,,"Eury Perez","27768",691587
"Nick Pivetta","SDP",10.9284,9.03342,13.792,3.9466,29.1482,29.1482,0,0,0,173.949,711.527,148.674,82.9116,76.2786,26.9918,51.8801,1.11317,4.78162,189.399,9.79938,2.68424,3.65071,1.39654,0.266187,0.0729137,0.19327320158481598,0.227029,1.15295,0.277512,0.722773,,,3.95193,2.69361,2.55511,86.44000244140625,2.35066,1.09117,1.08538,2.35066,-1.09117,3.55282,775.1,4.454597701149425,726,4.172413793103448,,,,,,,,,,,,,,,,,,,"Nick Pivetta","15454",601713
"Zack Wheeler","PHI",8.18833,5.04098,10.7284,3.29487,19.5741,19.5741,0,0,0,120.058,483.577,98.0007,47.7746,43.9527,14.5401,31.2065,0.5012,5.29332,137.577,10.3133,2.33936,4.40861,1.08998,0.284498,0.0645325,0.21996591985225677,0.219203,1.07621,0.282956,0.74811,,,3.32976,2.67241,2.91758,147.75999450683594,4.70761,-0.571043,0.89047,4.70761,0.571043,3.81271,616.7,5.139166666666667,573,4.775,,,,,,,,,,,,,,,,,,,"Zack Wheeler","10310",554430
"Tyler Glasnow","LAD",8.52034,5.93628,10.8565,3.65429,22.6534,22.6534,0,0,0,131.036,537.774,104.459,57.8311,53.2046,15.9265,48.3711,0.465496,3.63026,153.123,10.517,3.3223,3.16558,1.09389,0.284735,0.089947,0.1947876736521721,0.215036,1.16632,0.279526,0.727777,,,3.56863,2.41524,2.40002,117.91000366210938,2.52471,-2.52445,0.577654,2.52471,2.52445,4.2298,652.2000000000002,4.978625954198474,597,4.557251908396947,,,,,,,,,,,,,,,,,,,"Tyler Glasnow","14374",607192
"Spencer Strider","ATL",10.5264,8.03055,11.0303,3.88605,25.6722,25.6722,0,0,0,151.593,631.793,129.804,71.1474,65.4556,20.4625,54.3973,0.667032,6.45453,174.68,10.3706,3.22953,3.21119,1.21484,0.276483,0.0860999,0.19038299471139908,0.227351,1.2151,0.290958,0.726784,,,3.78957,2.4001,2.51059,102.08999633789062,2.07135,-0.309322,0.904777,2.07135,0.309322,3.79363,710.8,4.6763157894736835,670,4.407894736842105,,,,,,,,,,,,,,,,,,,"Spencer Strider","27498",675911
"Matthew Boyd","CHC",10.1267,8.73631,11.9185,3.90391,26.4416,26.4416,0,0,0,155.272,645.453,142.464,73.2088,67.3521,20.6798,44.4494,0.892584,6.69696,141.237,8.18648,2.57641,3.17748,1.19866,0.218819,0.0688655,0.14995311200618744,0.239715,1.20378,0.281654,0.719824,,,4.0355,2.3742,2.3744,225.74000549316406,4.91398,1.86601,0.656188,4.91398,-1.86601,4.12508,648.5,4.183870967741935,631,4.070967741935484,,,,,,,,,,,,,,,,,,,"Matthew Boyd","15440",571510
"Sandy Alcantara","MIA",9.56357,11.0617,12.1514,4.17089,28.2043,28.2043,0,0,0,173.648,734.202,169.831,87.472,80.4743,20.5337,51.4193,0.895436,7.19599,145.946,7.56423,2.665,2.83836,1.06424,0.198782,0.0700342,0.12874797731637955,0.251384,1.27413,0.293254,0.694941,,,4.00408,2.35406,2.3582,151.17999267578125,3.513,-0.83306,0.999024,3.513,0.83306,3.66797,705.3000000000002,4.05344827586207,715,4.109195402298851,,,,,,,,,,,,,,,,,,,"Sandy Alcantara","18684",645261
"Nick Lodolo","CIN",8.62129,8.11044,10.997,4.02664,26.0318,26.0318,0,0,0,147.188,618.005,138.13,71.5787,65.8524,21.4925,37.5084,1.05194,12.1768,149.023,9.11225,2.2935,3.97307,1.31419,0.241136,0.0606926,0.18044356256723404,0.24305,1.19329,0.293203,0.714946,,,4.02115,2.34324,2.39721,128.8800048828125,2.62185,-0.464908,0.643276,2.62185,0.464908,4.1423,618.7,4.208843537414967,610,4.149659863945578,,,,,,,,,,,,,,,,,,,"Nick Lodolo","26378",666157
"Shohei Ohtani","LAD",7.53803,4.78908,8.16457,3.3792,20.9944,20.9944,0,0,0,108,438.129,86.3711,44.0764,40.5503,13.0034,33.2917,0.498017,4.18696,127.381,10.6151,2.77431,3.82621,1.08362,0.290739,0.075986,0.21475259959697723,0.215577,1.10799,0.281895,0.745002,,,3.38253,2.32176,2.39221,1.1200000047683716,1.3482,0.803199,0.729423,1.3482,-0.803199,4.02744,558.7,5.173148148148148,514,4.7592592592592595,,,,,,,,,,,,,,,,,,,"Shohei Ohtani","19755",660271
"Aaron Nola","PHI",9.69292,9.92749,12.4006,4.25751,27.3964,27.3964,0,0,0,165.686,693.085,159.411,85.1945,78.379,25.5182,46.3294,0.674447,5.44477,158.942,8.63368,2.51659,3.4307,1.38614,0.229326,0.0668452,0.16248063743114471,0.248571,1.24175,0.293078,0.709031,,,4.15619,2.31057,2.07047,199.24000549316406,5.45608,-0.167246,1.07237,5.45608,0.167246,3.57018,660.2000000000002,3.9771084337349407,657,3.9578313253012047,,,,,,,,,,,,,,,,,,,"Aaron Nola","16149",605400
"Mitch Keller","PIT",9.00845,11.4849,13.3706,4.41085,29.507,29.507,0,0,0,175.65,747.668,174.337,93.5706,86.085,22.3978,52.3766,0.876881,9.81375,153.087,7.84391,2.68369,2.92281,1.14763,0.204752,0.0700532,0.13469912111759186,0.254329,1.29071,0.297923,0.681537,,,4.1119,2.30333,1.83468,349.6499938964844,1.92016,-1.10761,1.29969,1.92016,1.10761,3.26708,699.4000000000002,3.9738636363636375,714,4.056818181818182,,,,,,,,,,,,,,,,,,,"Mitch Keller","17594",656605
"Brady Singer","CIN",10.3012,10.8454,11.8751,4.44329,28.7566,28.7566,0,0,0,166.947,712.833,164.432,89.5886,82.4215,24.0493,53.1171,0.635127,9.4692,153.475,8.27374,2.86351,2.88937,1.29648,0.215303,0.0745155,0.14078743755817413,0.252876,1.3031,0.296966,0.69589,,,4.29388,2.29246,1.91665,327.05999755859375,2.27812,-0.806974,1.43238,2.27812,0.806974,3.09016,634.1999999999999,3.7976047904191614,643,3.8502994011976046,,,,,,,,,,,,,,,,,,,"Brady Singer","25377",663903
"David Peterson","NYM",9.66652,7.24621,12.8014,3.85966,27.4215,27.4215,0,0,0,160.382,688.346,153.223,74.7609,68.7801,15.8445,61.0916,1.80338,7.31905,142.245,7.98221,3.42822,2.32839,0.889128,0.206647,0.0887514,0.11789602786302567,0.24716,1.33628,0.297456,0.726341,,,3.92525,2.28236,2.48833,372.9700012207031,3.94652,-0.460336,1.14463,3.94652,0.460336,3.47383,669.4000000000001,4.183750000000001,672,4.2,,,,,,,,,,,,,,,,,,,"David Peterson","20302",656849
"Nolan McLean","NYM",10.2037,7.4066,10.8379,3.664,25.3494,25.3494,0,0,0,146.991,619.692,129.305,65.0455,59.8418,15.6254,54.985,0.77811,7.65713,145.109,8.88477,3.36663,2.63907,0.956713,0.234164,0.0887296,0.1454341635107994,0.232125,1.25375,0.286842,0.734199,,,3.82115,2.27383,2.70301,97.37999725341797,3.40751,0.85007,0.778086,3.40751,-0.85007,3.96255,656.6,4.466666666666667,628,4.272108843537415,,,,,,,,,,,,,,,,,,,"Nolan McLean","33703",690997
"Andrew Abbott","CIN",9.65959,9.41677,10.7539,4.32985,27.512,27.512,0,0,0,162.455,683.448,154.712,84.9524,78.1562,26.4889,51.6941,0.80889,4.29886,148.535,8.22883,2.86385,2.87334,1.46748,0.217332,0.0756372,0.1416943073272705,0.24657,1.27054,0.283408,0.717295,,,4.46021,2.26085,2.0827,220.47000122070312,4.84854,0.263306,1.11632,4.84854,-0.263306,3.51157,606,3.740740740740741,602,3.7160493827160495,,,,,,,,,,,,,,,,,,,"Andrew Abbott","29911",671096
"Merrill Kelly","ARI",11.071,8.50776,13.3782,4.13271,28.3034,28.3034,0,0,0,172.74,722.562,164.089,86.2179,79.3205,22.8968,51.2624,1.11765,4.53739,154.589,8.05433,2.67084,3.01565,1.19296,0.213946,0.0709453,0.143000990152359,0.246098,1.24668,0.288573,0.704508,,,4.03753,2.23371,2.36438,229.14999389648438,2.67709,0.393777,1.08645,2.67709,-0.393777,3.5514,712.9000000000002,4.120809248554915,708,4.092485549132948,,,,,,,,,,,,,,,,,,,"Merrill Kelly","11156",518876
"Emmet Sheehan","LAD",8.95979,5.62237,7.08269,3.90128,33.0008,21.5213,0.165901,0.205958,0,130.441,534.249,107.641,61.4599,56.5431,18.455,41.7699,0.912065,5.25427,147.144,10.1524,2.88198,3.52271,1.27334,0.275421,0.0781843,0.1972367987036705,0.220927,1.14543,0.277297,0.711729,,,3.79981,2.18581,1.89479,125.31999969482422,1.85512,0.648053,0.639215,1.85512,-0.648053,4.14771,612.8,4.713846153846154,569,4.376923076923077,,,,,,,,,,,,,,,,,,,"Emmet Sheehan","29839",686218
"Bubba Chandler","PIT",8.42098,7.57112,9.08891,4.23006,30.4995,24.1829,0.0235076,0.204688,0,142.576,605.716,133.618,72.8388,67.0117,17.4441,48.9521,0.977476,7.29657,134.862,8.51308,3.09007,2.75498,1.10115,0.222649,0.0808169,0.14183226972818375,0.243177,1.28051,0.29251,0.69385,,,4.01744,2.1339,1.75762,148.7100067138672,4.76578,0.522082,0.764729,4.76578,-0.522082,3.98036,602.7,4.214685314685315,596,4.1678321678321675,,,,,,,,,,,,,,,,,,,"Bubba Chandler","29868",696149
"Joe Musgrove","SDP",8.45032,8.15154,11.0621,3.93555,24.4229,24.4229,0,0,0,141.613,591.484,134.008,67.3095,61.9248,19.3045,36.4319,1.12827,8.95099,134.061,8.52006,2.31538,3.67976,1.22687,0.226652,0.0615941,0.16505762189626694,0.245391,1.20357,0.292064,0.719112,,,3.97535,2.1073,2.16231,246.64999389648438,2.87594,-1.26002,0.46303,2.87594,1.26002,4.38263,601.6999999999999,4.237323943661972,596,4.197183098591549,,,,,,,,,,,,,,,,,,,"Joe Musgrove","12970",605397
"Clay Holmes","NYM",9.82279,8.75251,8.86945,3.93423,27.6713,27.6713,0.533837,0,4.97439,150.808,648.494,142.802,71.6562,65.9237,14.0024,57.7136,1.59672,8.92299,123.497,7.37011,3.44426,2.13982,0.835644,0.190436,0.0889963,0.10144015401601791,0.245424,1.32961,0.289855,0.712275,,,4.02997,2.00932,2.21991,349.55999755859375,2.09663,-0.754181,0.989916,2.09663,0.754181,3.68011,623.4000000000001,4.128476821192054,623,4.125827814569536,,,,,,,,,,,,,,,,,,,"Clay Holmes","13649",605280
"Robbie Ray","SFG",9.38493,10.2836,11.8064,4.2608,28.4067,28.4067,0,0,0,168.423,712.933,149.859,86.6688,79.7353,24.3511,65.9585,0.54892,7.00414,176.025,9.40621,3.52461,2.66872,1.30125,0.246903,0.0925171,0.15438546985387802,0.234165,1.2814,0.285508,0.710678,,,4.22408,1.97027,1.76205,156.8800048828125,1.82599,-1.10706,1.29285,1.82599,1.10706,3.27621,691,4.113095238095238,661,3.9345238095238093,,,,,,,,,,,,,,,,,,,"Robbie Ray","11486",592662
"Braxton Ashcraft","PIT",6.39287,6.95885,6.38707,3.9505,36.8161,21.4533,0,1.53334,1.32122,131.841,558.249,127.956,62.9032,57.8709,13.5365,41.9916,1.54247,5.22086,116.236,7.93476,2.86651,2.76809,0.924055,0.208216,0.0752202,0.1329958513379097,0.250386,1.28903,0.300106,0.70892,,,3.78091,1.94854,1.95349,290.4100036621094,2.36733,1.16353,0.369337,2.36733,-1.16353,4.50755,570.8000000000002,4.324242424242426,577,4.371212121212121,,,,,,,,,,,,,,,,,,,"Braxton Ashcraft","23793",677952
"Shota Imanaga","CHC",10.0411,7.64596,11.7407,4.03703,25.2451,25.2451,0,0,0,152.521,621.853,141.549,74.364,68.4148,27.3196,32.5739,0.696592,3.89348,138.116,8.14998,1.92213,4.24008,1.61208,0.222104,0.052382,0.16972214728593826,0.241804,1.14163,0.272007,0.734193,,,4.36988,1.92988,2.14062,175.55999755859375,3.93686,1.23317,0.836666,3.93686,-1.23317,3.88445,595.9000000000001,3.8947712418300657,579,3.784313725490196,,,,,,,,,,,,,,,,,,,"Shota Imanaga","33829",684007
"Braxton Garrett","MIA",6.0972,6.38792,7.41997,4.03382,28.3332,19.7785,0,1.19773,0,117.597,491.476,114.859,57.2906,52.7073,14.2122,27.9696,1.41246,6.43869,104.48,7.99609,2.14058,3.73548,1.08769,0.212584,0.0569094,0.15567442774772644,0.251297,1.21456,0.297442,0.69582,,,3.80712,1.87758,1.71495,472.5899963378906,2.80438,-0.403571,0.226164,2.80438,0.403571,4.69845,512,4.338983050847458,518,4.389830508474576,,,,,,,,,,,,,,,,,,,"Braxton Garrett","21844",666129
"Edward Cabrera","CHC",8.13085,7.71485,8.71377,4.02871,24.4935,24.4935,0,0,0,134.012,565.977,115.412,65.2046,59.9882,16.3289,53.6437,0.510907,6.94742,141.954,9.53336,3.60262,2.64623,1.09662,0.250811,0.0947807,0.1560308039188385,0.228364,1.2615,0.285457,0.710359,,,3.95702,1.86257,1.85492,188.85000610351562,2.03983,-1.17048,0.597712,2.03983,1.17048,4.20305,596.8,4.4537313432835814,563,4.201492537313433,,,,,,,,,,,,,,,,,,,"Edward Cabrera","21690",665795
"Quinn Priester","MIL",10.3499,9.01092,10.886,4.15842,27.8905,27.8905,0,0,0,162.227,690.335,159.085,81.4745,74.9566,19.5782,52.4298,0.718343,6.7387,131.132,7.2749,2.90869,2.50109,1.08616,0.189954,0.0759483,0.11400555074214935,0.25205,1.30382,0.290364,0.706337,,,4.18156,1.83215,2.02146,283.82000732421875,2.93891,0.790022,1.06969,2.93891,-0.790022,3.57375,624.4,3.854320987654321,635,3.919753086419753,,,,,,,,,,,,,,,,,,,"Quinn Priester","25977",682990
"Sean Manaea","NYM",7.87342,7.53422,8.68127,4.10258,34.1223,22.9301,0,0.319605,0.0569419,136.044,564.637,119.662,67.4071,62.0146,19.9072,41.8824,0.653979,7.20542,141.131,9.33652,2.77073,3.3697,1.31696,0.24995,0.0741757,0.17577388882637024,0.232105,1.18744,0.281385,0.704227,,,4.0451,1.78901,1.65719,269.05999755859375,2.62912,-1.24765,0.59885,2.62912,1.24765,4.20153,583.4000000000001,4.2897058823529415,555,4.080882352941177,,,,,,,,,,,,,,,,,,,"Sean Manaea","15873",640455
"Cade Cavalli","WSN",7.3818,8.67526,9.43541,4.12691,24.2347,24.2347,0,0,0,140.879,606.672,139.185,70.217,64.5997,16.1633,49.635,0.632274,7.8933,118.016,7.53938,3.1709,2.37768,1.03259,0.19453,0.0818151,0.11271505057811737,0.253458,1.34029,0.296463,0.713653,,,4.17628,1.78482,1.86431,338.17999267578125,3.90945,-0.951466,0.757526,3.90945,0.951466,3.98997,547.2000000000002,3.8808510638297884,559,3.9645390070921986,,,,,,,,,,,,,,,,,,,"Cade Cavalli","27473",676917
"Jacob Misiorowski","MIL",8.71073,7.199,8.62823,4.01704,32.9101,24.5942,0,0.216034,0,137.852,584.671,112.362,66.8786,61.5284,17.5611,62.5462,1.01801,8.61432,156.257,10.2017,4.08349,2.49827,1.14652,0.267257,0.106977,0.1602797731757164,0.218812,1.26882,0.27908,0.718652,,,4.07282,1.77235,1.84521,137.7100067138672,3.21483,0.72401,0.784763,3.21483,-0.72401,3.95365,604.6000000000001,4.3811594202898565,552,4,,,,,,,,,,,,,,,,,,,"Jacob Misiorowski","31623",694819
"Logan Henderson","MIL",6.85066,6.31708,7.41186,4.05252,30.0006,19.7224,0,0.187126,0,118.487,489.662,105.446,57.9914,53.3521,18.1193,35.4712,1.02219,3.949,119.853,9.10381,2.69432,3.37889,1.3763,0.244767,0.0724402,0.1723269671201706,0.234198,1.18931,0.279652,0.71766,,,4.09816,1.74042,1.46802,296.6199951171875,3.51238,-0.429431,0.376877,3.51238,0.429431,4.4975,501.80000000000007,4.252542372881357,479,4.059322033898305,,,,,,,,,,,,,,,,,,,"Logan Henderson","31475",701656
"Foster Griffin","WSN",6.36458,6.81666,8.86154,4.05902,28.0226,20.8026,0,0.224432,0,123.696,522.252,116.696,60.638,55.7869,15.0234,40.0089,1.24264,5.59304,112.116,8.15746,2.91102,2.80227,1.09309,0.214677,0.0766084,0.1380688175559044,0.244826,1.26686,0.290901,0.708082,,,4.00726,1.72043,1.61934,510.32000732421875,3.2645,-0.808205,0.222785,3.2645,0.808205,4.70295,514.8999999999999,4.152419354838709,511,4.120967741935484,,,,,,,,,,,,,,,,,,,"Foster Griffin","16432",656492
"Brandon Pfaadt","ARI",10.0978,10.1427,11.4362,4.58079,28.789,28.789,0,0,0,168.749,711.805,174.395,93.3581,85.8895,25.1587,39.2606,1.16176,7.08953,146.668,7.82232,2.09391,3.73575,1.3418,0.206051,0.0551563,0.1508941538631916,0.262068,1.26611,0.302324,0.674186,,,4.15901,1.6978,1.41382,383.3800048828125,3.56298,-1.10851,1.45779,3.56298,1.10851,3.05628,646.7000000000002,3.826627218934912,676,4,,,,,,,,,,,,,,,,,,,"Brandon Pfaadt","27782",694297
"Michael McGreevy","STL",8.56781,8.01461,10.2884,4.16823,29.594,24.1043,0,0.231184,0,146.769,619.89,152.402,73.8852,67.9744,17.0904,35.5913,0.883333,4.79738,98.8522,6.06168,2.18248,2.77742,1.048,0.159467,0.0574156,0.10205164924263954,0.262988,1.28088,0.291898,0.695499,,,4.12742,1.69685,1.68744,471.8500061035156,2.18457,-1.32243,0.621312,2.18457,1.32243,4.17158,558.5,3.7993197278911564,589,4.006802721088436,,,,,,,,,,,,,,,,,,,"Michael McGreevy","29869",700241
"Jameson Taillon","CHC",9.92191,9.3722,11.6026,4.42695,26.0359,26.0359,0,0,0,155.012,646.362,154.609,82.8782,76.2479,25.3694,36.5619,0.5601,4.1057,119.591,6.94343,2.12278,3.27091,1.47295,0.185021,0.0565657,0.12845558300614357,0.255259,1.23326,0.280507,0.695728,,,4.5068,1.69372,1.35241,322.8800048828125,3.73541,0.771128,1.03986,3.73541,-0.771128,3.61353,553.5,3.5709677419354837,567,3.6580645161290324,,,,,,,,,,,,,,,,,,,"Jameson Taillon","11674",592791
"Cade Horton","CHC",9.43607,6.58201,7.78162,4.04197,23.2048,23.2048,0,0,0,128.803,538.649,118.125,62.8764,57.8463,16.6519,40.1596,0.669322,5.54802,110.795,7.74174,2.80612,2.75887,1.16354,0.205691,0.0745562,0.13113486021757126,0.239634,1.22889,0.277633,0.706875,,,4.16002,1.64653,1.74162,194.74000549316406,6.81196,0.611473,0.564072,6.81196,-0.611473,4.2479,522.6999999999998,4.0519379844961225,508,3.937984496124031,,,,,,,,,,,,,,,,,,,"Cade Horton","31872",690990
"Tyler Mahle","SFG",7.43968,7.71031,8.5104,4.12386,22.772,22.772,0,0,0,129.653,546.219,124.299,64.5738,59.4079,16.539,40.6636,0.435776,3.96595,107.613,7.47004,2.8227,2.64641,1.14807,0.197014,0.0744455,0.12256815284490585,0.24781,1.27234,0.285504,0.707921,,,4.16612,1.62411,1.59945,358.67999267578125,2.74283,1.94533,0.376933,2.74283,-1.94533,4.49742,511.5,3.9346153846153844,510,3.923076923076923,,,,,,,,,,,,,,,,,,,"Tyler Mahle","16358",641816
"Ryne Nelson","ARI",9.06917,7.75562,11.6034,4.37536,28.3179,28.0164,0.228056,0.0780419,0.0788805,160.163,675.456,159.869,84.6344,77.8636,22.0581,44.2013,0.888593,5.3106,130.732,7.34615,2.48379,2.95764,1.2395,0.193546,0.0654392,0.12810645252466202,0.255405,1.27414,0.29126,0.689628,,,4.22045,1.57816,1.63766,271.5,2.7107,0.533013,0.999989,2.7107,-0.533013,3.66668,612.4000000000001,3.8275000000000006,629,3.93125,,,,,,,,,,,,,,,,,,,"Ryne Nelson","26253",669194
"Landen Roupp","SFG",6.89036,7.22917,7.42871,4.13845,27.2942,22.2824,0,0.214191,0,121.049,519.82,114.971,60.5018,55.6617,13.1909,48.0755,1.04925,4.52139,111.957,8.32401,3.57442,2.32877,0.980742,0.215376,0.092485,0.12289153039455414,0.246072,1.34694,0.297536,0.709261,,,4.00551,1.56217,1.38496,431.8800048828125,3.22201,-3.53818,0.600697,3.22201,3.53818,4.19907,501.5000000000001,4.144628099173555,501,4.140495867768595,,,,,,,,,,,,,,,,,,,"Landen Roupp","30076",694738
"Matthew Liberatore","STL",7.16113,9.3414,9.61636,4.44166,26.7803,26.7803,0,0,0.539943,145.619,620.415,145.06,78.1148,71.8656,19.264,46.3234,1.2621,5.28087,118.59,7.32948,2.86302,2.56005,1.19061,0.191147,0.0746652,0.11648138612508774,0.255022,1.31427,0.291898,0.688923,,,4.28927,1.5345,1.29117,439.7099914550781,2.79268,-1.23926,0.841909,2.79268,1.23926,3.87745,554.7,3.799315068493151,568,3.8904109589041096,,,,,,,,,,,,,,,,,,,"Matthew Liberatore","22294",669461
"Dustin May","STL",7.35094,9.1781,9.07736,4.29371,30.2831,23.2367,0,0.210034,0,136.963,585.966,127.8,71.0241,65.3422,16.7938,51.3409,1.6863,8.2629,122.772,8.06749,3.37367,2.39131,1.10354,0.20952,0.0876174,0.12190306186676025,0.242799,1.30795,0.286989,0.694706,,,4.2419,1.53292,1.35249,446.9100036621094,2.5115,-1.13505,0.692334,2.5115,1.13505,4.07689,540.9000000000001,3.9481751824817524,533,3.8905109489051095,,,,,,,,,,,,,,,,,,,"Dustin May","19716",669160
"Chad Patrick","MIL",6.29643,7.69978,7.89818,4.32176,24.4247,24.3539,0,0.941344,0,131.039,555.091,124.963,68.3962,62.9245,20.3336,43.5851,1.03568,5.21846,123.293,8.46798,2.9935,2.82879,1.39654,0.222113,0.0785189,0.143594428896904,0.246823,1.28624,0.288506,0.714957,,,4.3879,1.49707,1.37988,339.94000244140625,2.0648,1.0345,0.552412,2.0648,-1.0345,4.26345,501.4000000000001,3.827480916030535,498,3.801526717557252,,,,,,,,,,,,,,,,,,,"Chad Patrick","30113",694477
"Kyle Freeland","COL",6.88922,12.8664,11.0251,5.19075,28.9412,28.9412,0,0,0,168.937,736.897,194.69,105.907,97.4343,28.0319,44.5748,1.2086,6.02584,122.82,6.54317,2.37469,2.75538,1.49338,0.166672,0.0604898,0.1061825230717659,0.283682,1.41629,0.311251,0.666722,,,4.73677,1.4884,1.30544,743.3499755859375,3.48044,0.920521,2.19351,3.48044,-0.920521,2.07532,492.20000000000016,2.9124260355029596,574,3.396449704142012,,,,,,,,,,,,,,,,,,,"Kyle Freeland","16256",607536
"Adrian Houser","SFG",7.04513,7.55162,9.06305,4.4242,24.7344,24.7344,0.00606287,0,0,138.739,602.179,145.381,74.1316,68.2011,15.5281,46.5344,1.13669,6.53274,99.6485,6.46419,3.01868,2.14139,1.00731,0.16548,0.0772767,0.08820322155952454,0.264756,1.38328,0.299244,0.692128,,,4.30114,1.48559,1.25536,476.6499938964844,2.11698,-1.29332,0.951141,2.11698,1.29332,3.73181,492.8000000000002,3.5453237410071954,525,3.776978417266187,,,,,,,,,,,,,,,,,,,"Adrian Houser","12718",605288
"Eduardo Rodriguez","ARI",8.43832,8.65961,8.35548,4.50171,23.9358,23.9358,0,0,0,134.31,577.049,135.096,73.0225,67.1807,18.7024,47.6914,1.10289,3.41937,118.348,7.93037,3.19575,2.48153,1.25323,0.205091,0.082647,0.12244421988725662,0.256866,1.36093,0.299298,0.700907,,,4.32468,1.48146,1.19295,543.8499755859375,2.09306,-0.306583,1.07681,2.09306,0.306583,3.56425,489.89999999999986,3.65597014925373,506,3.7761194029850746,,,,,,,,,,,,,,,,,,,"Eduardo Rodriguez","13164",593958
"Kodai Senga","NYM",7.1758,5.6927,6.73186,3.98158,26.3307,19.2637,0,0.240294,0,112.239,477.007,97.7399,53.9721,49.6543,13.4793,47.7391,0.531238,4.91229,114.749,9.20125,3.82801,2.40367,1.08085,0.24056,0.100081,0.14047960191965103,0.230326,1.29615,0.284542,0.722758,,,4.05895,1.4477,1.5072,307,1.82349,0.478667,0.379326,1.82349,-0.478667,4.49423,485.1000000000002,4.331250000000002,462,4.125,,,,,,,,,,,,,,,,,,,"Kodai Senga","31838",673540
"Mason Miller","SDP",3.20796,2.43579,0.0566511,2.51863,59.2658,0.0774716,32.1323,3.69965,3.89751,65.8532,258.783,39.7696,20.0314,18.4289,5.76073,25.0572,1.57324,2.32321,101.568,13.881,3.42451,4.05342,0.787306,0.392482,0.0968273,0.29565491527318954,0.171863,0.984415,0.274102,0.789183,,,2.43503,1.44158,1.50536,26.81999969482422,3.34697,-1.18411,2.12989,3.34697,1.18411,2.16015,609.6000000000001,9.236363636363638,551,8.348484848484848,,,,,,,,,,,,,,,,,,,"Mason Miller","31757",695243
"Andre Pallante","STL",7.0788,9.49852,8.97877,4.39982,26.9953,24.6299,0,0.475186,1.23486,137.962,601.486,141.653,73.3102,67.4454,13.4151,53.5463,1.47055,4.81656,94.5006,6.16477,3.49311,1.76484,0.875138,0.157112,0.0890233,0.068088598549366,0.260813,1.41488,0.29466,0.690911,,,4.29838,1.40069,1.27093,703.739990234375,2.74373,-0.824773,1.07723,2.74373,0.824773,3.56369,505.1000000000001,3.6601449275362326,534,3.869565217391304,,,,,,,,,,,,,,,,,,,"Andre Pallante","26108",669467
"Reynaldo López","ATL",6.34018,5.52449,7.54766,4.01723,29.4155,18.9479,0,0.670017,1.78839,113.713,479.722,106.533,55.1703,50.7567,14.3194,38.9383,1.22279,3.34639,111.35,8.81298,3.08184,2.85965,1.13333,0.232114,0.0811684,0.15094510465860367,0.243538,1.27928,0.295775,0.719964,,,3.9293,1.38083,1.59045,382.3800048828125,4.19344,-1.65412,0.230222,4.19344,1.65412,4.69304,493.1999999999999,4.326315789473683,488,4.280701754385965,,,,,,,,,,,,,,,,,,,"Reynaldo Lopez","16400",625643
"Hunter Barco","PIT",5.70082,4.95129,5.35594,4.07986,32.6867,14.029,0,0.792834,0,99.4173,424.819,92.4351,48.9865,45.0676,10.8106,38.7181,0.897763,4.3617,89.1769,8.07296,3.50505,2.30324,0.978656,0.209917,0.0911401,0.11877702176570892,0.242142,1.31922,0.289703,0.708221,,,4.05473,1.35951,1.207,999,1.52057,1.80285,0.228621,1.52057,-1.80285,4.69517,411.09999999999997,4.152525252525252,405,4.090909090909091,,,,,,,,,,,,,,,,,,,"Hunter Barco","33174",682995
"Jared Jones","PIT",4.82901,5.20623,6.5845,4.01714,14.9569,14.9569,0,0,0,86.5115,361.506,78.1373,41.9721,38.6143,11.4078,28.0853,0.651521,3.72774,89.0964,9.26892,2.92178,3.17235,1.18678,0.246459,0.0776897,0.1687692254781723,0.237,1.22784,0.291155,0.711903,,,3.89281,1.34322,1.35574,423.760009765625,2.99725,-0.114295,0.325741,2.99725,0.114295,4.56568,387.7,4.456321839080459,374,4.2988505747126435,,,,,,,,,,,,,,,,,,,"Jared Jones","27863",683003
"Justin Steele","CHC",5.49793,4.12687,6.13163,3.67927,13.6408,13.6408,0,0,0,77.714,319.929,70.3572,34.5327,31.7701,9.11291,20.61,0.380035,2.81372,73.034,8.45802,2.38683,3.54363,1.05536,0.228282,0.0644205,0.1638617441058159,0.237289,1.17054,0.28571,0.721584,,,3.68421,1.33122,1.37873,389.4100036621094,1.53208,0.411133,0.68188,1.53208,-0.411133,4.09083,358.5,4.596153846153846,347,4.448717948717949,,,,,,,,,,,,,,,,,,,"Justin Steele","17312",657006
"Max Meyer","MIA",5.87558,7.51643,7.99095,4.27047,27.9412,21.0506,0,0.190675,0,124.55,530.658,122.442,64.2375,59.0985,17.2455,40.9802,0.804196,4.79533,113.944,8.23361,2.96124,2.78046,1.24616,0.214722,0.0772253,0.13749665766954422,0.252519,1.3121,0.297424,0.712132,,,4.20804,1.32141,1.46439,405.2900085449219,4.59376,-0.502436,0.454549,4.59376,0.502436,4.39394,488.7,3.9095999999999997,494,3.952,,,,,,,,,,,,,,,,,,,"Max Meyer","27474",676974
"Michael Soroka","ARI",6.86981,8.26134,6.35269,4.30592,38.5158,21.411,0.128926,1.04893,0.494197,133.206,566.945,122.254,69.272,63.7303,16.8454,47.5156,0.975318,9.54697,129.846,8.77301,3.21038,2.7327,1.13815,0.229028,0.0838099,0.14521784335374832,0.239768,1.27449,0.290228,0.687463,,,4.11472,1.3098,1.33146,390.0299987792969,5.22119,1.07499,0.613003,5.22119,-1.07499,4.18266,547.9000000000001,4.119548872180451,534,4.015037593984962,,,,,,,,,,,,,,,,,,,"Michael Soroka","18383",647336
"Robby Snelling","MIA",5.52965,6.19218,7.81398,4.09925,16.5145,16.5145,0,0,0,96.2105,412.511,95.1422,47.6318,43.8212,11.2542,34.1746,0.364205,3.22129,82.8219,7.74756,3.19686,2.42349,1.05277,0.200775,0.0828453,0.1179298609495163,0.253635,1.3441,0.298493,0.719305,,,4.10019,1.27421,1.30099,999,2.93273,-0.87447,0.307061,2.93273,0.87447,4.59059,383.10000000000014,3.9906250000000014,392,4.083333333333333,,,,,,,,,,,,,,,,,,,"Robby Snelling","sa3020707",702281
"Brad Lord","WSN",5.76746,8.96079,8.74846,4.35305,35.3792,22.0653,0.730002,0.729066,0,133.967,575.022,134.278,70.4307,64.7963,16.6314,44.9755,1.02412,5.92356,104.281,7.00567,3.02148,2.31862,1.1173,0.181352,0.0782152,0.1031363382935524,0.256196,1.33804,0.291775,0.697718,,,4.33202,1.23848,1.27704,640.239990234375,2.00337,-0.973541,0.604466,2.00337,0.973541,4.19404,498.0999999999999,3.717164179104477,513,3.828358208955224,,,,,,,,,,,,,,,,,,,"Brad Lord","31972",695418
"Roki Sasaki","LAD",6.38434,5.5538,7.38322,4.1906,30.8311,16.7864,0.157358,1.37992,0.419825,113.643,487.002,103.158,57.5158,52.9146,14.0006,46.8036,0.972817,6.33973,108.203,8.5692,3.70664,2.31186,1.10879,0.222182,0.0961055,0.12607650458812714,0.23777,1.31959,0.286078,0.709155,,,4.23535,1.22004,1.13921,243.08999633789062,1.93476,-3.01998,0.385206,1.93476,3.01998,4.48639,464.59999999999985,4.075438596491227,449,3.93859649122807,,,,,,,,,,,,,,,,,,,"Roki Sasaki","35323",808963
"Jhoan Duran","PHI",4.44677,4.12629,0,2.92732,66.0568,0,32.5156,3.18583,4.21927,67.8496,277.234,55.9358,23.9876,22.0686,5.18361,20.4536,2.42222,3.40234,78.0444,10.3523,2.71309,3.81568,0.687587,0.281511,0.0737774,0.2077336683869362,0.22076,1.12586,0.298279,0.757992,,,2.88261,1.14334,1.26431,33.7599983215332,1.63227,-0.175168,2.12061,1.63227,0.175168,2.17252,560.1,8.236764705882353,539,7.926470588235294,,,,,,,,,,,,,,,,,,,"Jhoan Duran","21029",661395
"Edwin Díaz","LAD",4.6823,3.13739,0,3.05863,63.3803,0,36.7881,2.47696,5.29475,66.5279,268.132,48.0931,24.5754,22.6094,6.62017,22.7829,0.745714,3.86218,90.8397,12.2889,3.0821,3.98719,0.895588,0.338787,0.0849689,0.2538183182477951,0.199154,1.06536,0.287952,0.751538,,,2.89942,1.07565,1.03332,27.559999465942383,1.87004,0.638939,2.27426,1.87004,-0.638939,1.96766,578.9,8.640298507462687,538,8.029850746268657,,,,,,,,,,,,,,,,,,,"Edwin Diaz","14710",621242
"Hurston Waldrep","ATL",7.75844,7.18351,9.16367,4.41752,24.304,24.304,0,0,0,136.282,594.512,130.567,72.709,66.8923,15.9773,61.2245,1.26083,6.1386,119.074,7.86358,4.04322,1.94488,1.05513,0.200289,0.102983,0.09730633348226547,0.247685,1.40731,0.292248,0.70287,,,4.39462,1.06797,1.28093,269.3800048828125,2.92581,-0.503115,1.18759,2.92581,0.503115,3.41654,506.0000000000001,3.7205882352941186,509,3.7426470588235294,,,,,,,,,,,,,,,,,,,"Hurston Waldrep","33527",694462
"Andrew Alvarez","WSN",4.15152,5.04234,5.359,4.0972,35.5826,13.8148,0,0.783329,0,98.73,425.57,95.9856,48.8547,44.9463,10.2633,38.0736,0.980539,4.20653,73.8165,6.72894,3.4707,1.93879,0.935582,0.173453,0.0894649,0.08398835361003876,0.250425,1.35784,0.286495,0.711873,,,4.27593,1.06045,1.08718,999,3.07169,1.04173,0.371,3.07169,-1.04173,4.50533,386,3.898989898989899,391,3.9494949494949494,,,,,,,,,,,,,,,,,,,"Andrew Alvarez","29914",674841
"Ryan Feltner","COL",3.90209,6.83247,6.6034,5.12549,25.8482,19.7983,0,0.220121,0,114.585,503.067,121.441,70.9307,65.2562,16.78,43.8327,0.465532,4.3496,93.7294,7.36189,3.4428,2.13834,1.31797,0.186316,0.087131,0.09918493777513504,0.266972,1.44237,0.303916,0.665411,,,4.66438,1.05102,0.919206,745.6199951171875,2.91424,0.114092,1.11159,2.91424,-0.114092,3.51788,371.29999999999995,3.2286956521739127,398,3.4608695652173913,,,,,,,,,,,,,,,,,,,"Ryan Feltner","21446",663372
"Hunter Dobbins","STL",5.20448,5.29432,5.04374,4.35062,26.9208,14.5926,0,0.727855,1.03525,92.6748,396.951,93.1749,48.6948,44.7992,11.0252,30.2137,1.21762,3.87896,68.8421,6.68552,2.93416,2.27851,1.0707,0.173427,0.0761143,0.0973128005862236,0.25678,1.33141,0.29029,0.691908,,,4.29965,0.973686,0.761726,664.6799926757812,1.78885,0.184297,0.277506,1.78885,-0.184297,4.62999,351.1000000000001,3.775268817204302,362,3.89247311827957,,,,,,,,,,,,,,,,,,,"Hunter Dobbins","30240",690928
"Michael Lorenzen","COL",6.36483,10.3604,7.87892,5.28302,22.5691,22.5691,0,0.0970723,0,144.397,635.43,156.449,92.1317,84.7612,24.8614,52.9647,0.663398,5.82204,114.715,7.14997,3.3012,2.16587,1.54957,0.180531,0.0833525,0.09717834740877151,0.27131,1.45027,0.301069,0.671688,,,5.00588,0.93194,0.969877,699.9400024414062,5.23106,1.14434,1.95675,5.23106,-1.14434,2.39099,405.5000000000001,2.815972222222223,448,3.111111111111111,,,,,,,,,,,,,,,,,,,"Michael Lorenzen","14843",547179
"Jeremiah Estrada","SDP",3.63382,3.08641,0,3.37111,66.781,0,3.38153,25.0325,2.10431,68.431,281.009,52.6288,27.8609,25.632,8.55542,26.7797,1.78158,2.46679,89.9483,11.83,3.52205,3.35883,1.1252,0.32009,0.0952982,0.2247919961810112,0.209041,1.16042,0.287574,0.76445,,,3.41371,0.92262,0.774913,365.32000732421875,2.55123,-1.10089,0.805999,2.55123,1.10089,3.92533,462.7,6.804411764705883,431,6.338235294117647,,,,,,,,,,,,,,,,,,,"Jeremiah Estrada","22210",669093
"Abner Uribe","MIL",3.60779,2.89762,0,3.16824,65.5274,0,17.4801,16.2167,3.39158,67.8844,283.127,53.2668,25.9751,23.8971,5.08391,29.1297,1.99195,3.47039,79.4019,10.527,3.86197,2.72581,0.674017,0.280446,0.102886,0.17756063491106033,0.212619,1.21378,0.290186,0.749497,,,3.21008,0.910587,0.995979,118.31999969482422,3.22774,-1.03134,1.33888,3.22774,1.03134,3.21483,514.9000000000001,7.572058823529413,486,7.147058823529412,,,,,,,,,,,,,,,,,,,"Abner Uribe","25327",682842
"Devin Williams","NYM",4.28754,4.37979,0,3.24323,64.5381,0,30.4132,4.60576,3.92557,65.3644,268.957,48.4925,25.6029,23.5546,5.7316,27.327,1.17484,3.2819,84.4811,11.6322,3.76265,3.09149,0.789182,0.314106,0.101603,0.21250222623348236,0.203452,1.15995,0.28866,0.74071,,,3.09498,0.895896,0.820066,46.09000015258789,2.62051,-1.0504,1.95752,2.62051,1.0504,2.38998,530.4000000000001,8.160000000000002,495,7.615384615384615,,,,,,,,,,,,,,,,,,,"Devin Williams","15816",642207
"Kyle Leahy","STL",4.82558,6.21641,5.80114,4.64207,39.2368,17.4887,0.0157792,2.09206,3.56623,120.344,523.151,122.919,67.4693,62.0718,15.3789,45.6686,1.17941,4.36164,96.6489,7.22793,3.41535,2.11631,1.15012,0.184744,0.0872952,0.09744846820831299,0.259805,1.40088,0.297819,0.687613,,,4.43739,0.880638,0.522635,545.030029296875,7.86975,-2.04713,0.790399,7.86975,2.04713,3.94613,435.7,3.6308333333333334,457,3.808333333333333,,,,,,,,,,,,,,,,,,,"Kyle Leahy","24763",681517
"Rhett Lowder","CIN",4.06332,4.33546,3.93866,4.28117,27.2058,10.6942,0,0.687442,0,78.0286,333.088,77.7068,40.3446,37.117,10.1979,24.9996,0.889303,3.31849,62.8519,7.24949,2.88351,2.51412,1.17625,0.188695,0.075054,0.11364059895277023,0.254969,1.31627,0.291338,0.705216,,,4.31192,0.868724,0.917131,521.5,3.06014,1.24676,0.355678,3.06014,-1.24676,4.52576,297.40000000000003,3.812820512820513,306,3.923076923076923,,,,,,,,,,,,,,,,,,,"Rhett Lowder","33876",695076
"Andrew Painter","PHI",5.90291,6.76132,6.64266,4.55948,25.2474,17.9418,0,1.27287,0.358047,104.763,454.574,107.383,57.6891,53.0739,15.4511,38.7013,0.689148,3.62839,88.8846,7.63591,3.32476,2.29668,1.32738,0.195534,0.0851376,0.11039649695158005,0.260485,1.39443,0.298571,0.710272,,,4.56774,0.867383,0.814668,999,7.05402,1.18515,0.607835,7.05402,-1.18515,4.18955,367.3,3.4980952380952384,383,3.6476190476190475,,,,,,,,,,,,,,,,,,,"Andrew Painter","sa3017880",691725
"JP Sears","SDP",8.03391,9.02315,7.88034,4.59842,27.3033,23.7823,0,0.234557,0,132.641,560.39,130.337,73.6641,67.7709,23.6953,37.2225,1.16971,6.84658,111.061,7.53579,2.52564,2.98372,1.60778,0.198186,0.0664224,0.13176359981298447,0.252433,1.26325,0.279484,0.698698,,,4.7796,0.865134,0.851592,572.530029296875,2.23395,1.09982,0.883092,2.23395,-1.09982,3.82254,441,3.3157894736842106,443,3.330827067669173,,,,,,,,,,,,,,,,,,,"JP Sears","23429",676664
"Brandon Sproat","MIL",3.32459,4.0713,4.29233,4.20218,23.7051,11,0,0.686644,0,72.9481,311.304,68.2942,37.0218,34.0601,8.43349,26.9579,0.621546,3.77284,61.5656,7.59568,3.32594,2.28377,1.04049,0.197767,0.0865967,0.1111702248454094,0.24341,1.30575,0.284274,0.697826,,,4.21394,0.825165,0.707471,509.0899963378906,1.53862,-1.33654,0.466185,1.53862,1.33654,4.37842,300.00000000000006,4.109589041095891,296,4.054794520547945,,,,,,,,,,,,,,,,,,,"Brandon Sproat","33850",687075
"Carmen Mlodzinski","PIT",3.37485,3.84956,1.57824,3.99991,32.7278,8.00631,0,2.98177,1.89258,68.3914,290.726,66.0046,33.0386,30.3955,7.20587,23.0018,0.599348,2.70042,59.3297,7.80752,3.02693,2.57935,0.94826,0.204074,0.0791185,0.1249559298157692,0.249052,1.30143,0.296233,0.709188,,,3.89727,0.801086,0.778484,540.260009765625,1.24798,0.440647,0.580036,1.24798,-0.440647,4.22662,297.5,4.375,301,4.426470588235294,,,,,,,,,,,,,,,,,,,"Carmen Mlodzinski","27572",669387
"Tanner Gordon","COL",5.38502,9.8101,7.43527,5.63762,23.1129,23.1129,0,0,0,129.339,566.23,152.794,88.0634,81.0183,25.6241,32.4874,0.637568,4.57208,91.8886,6.39403,2.26062,2.82844,1.78304,0.162281,0.057375,0.10490649938583374,0.288742,1.43252,0.308921,0.650689,,,5.14933,0.800693,0.397956,999,2.77338,-0.293845,1.84946,2.77338,0.293845,2.53405,309.99999999999994,2.403100775193798,380,2.945736434108527,,,,,,,,,,,,,,,,,,,"Tanner Gordon","27669",685299
"Grant Holmes","ATL",3.97959,4.45054,4.75539,4.13003,27.0282,12.0179,0,0.696561,0.45164,83.185,355.085,78.0461,41.4923,38.1729,10.7518,31.2281,1.22314,3.7427,83.9413,9.08182,3.37865,2.688,1.16327,0.236397,0.0879455,0.14845199137926102,0.243807,1.31363,0.298526,0.719388,,,4.05843,0.798411,0.972891,528.239990234375,2.44433,0.27949,0.24843,2.44433,-0.27949,4.66876,343.1000000000001,4.133734939759037,339,4.0843373493975905,,,,,,,,,,,,,,,,,,,"Grant Holmes","16944",656550
"Janson Junk","MIA",4.07153,4.4977,3.68305,4.7151,35.5819,11.3922,0.0601542,1.51794,0,93.1681,397.068,100.722,53.0552,48.8107,12.8085,21.8762,1.11152,3.35061,67.1274,6.48448,2.11323,3.06852,1.23729,0.169058,0.0550942,0.1139635294675827,0.270874,1.31588,0.301172,0.664427,,,4.29364,0.777749,0.322615,597.9099731445312,4.31833,-1.93742,0.383014,4.31833,1.93742,4.48931,332.70000000000005,3.5774193548387103,363,3.903225806451613,,,,,,,,,,,,,,,,,,,"Janson Junk","23301",676083
"Ben Brown","CHC",2.60693,3.17249,1.44819,3.67216,33.5028,3.37202,0.0178796,1.10841,0.334639,54.7188,226.612,47.5997,24.2677,22.3262,6.31809,17.5394,0.713133,2.09719,61.206,10.067,2.88483,3.48963,1.03918,0.270091,0.0773982,0.19269289821386337,0.229977,1.19043,0.296028,0.726038,,,3.47566,0.777657,0.667132,514.739990234375,3.38189,-0.58131,0.894244,3.38189,0.58131,3.80768,274.4,4.989090909090908,263,4.781818181818182,,,,,,,,,,,,,,,,,,,"Ben Brown","23590",676962
"Randy Vásquez","SDP",6.53295,8.75617,7.70185,4.88399,26.1897,26.1897,0,0,0,138.592,606.314,145.623,81.7489,75.209,20.8051,49.8866,1.05005,7.50213,92.2544,5.99089,3.23958,1.84928,1.35106,0.152156,0.0822784,0.06987756490707397,0.265287,1.41068,0.286367,0.68373,,,4.99761,0.754887,0.475011,691.469970703125,2.50966,1.37976,1.299,2.50966,-1.37976,3.268,400.70000000000016,2.8827338129496414,432,3.1079136690647484,,,,,,,,,,,,,,,,,,,"Randy Vasquez","24719",681190
"Adrian Morejon","SDP",4.99873,3.88151,0,3.46147,64.4372,0.224464,2.77056,17.7998,2.14927,67.4533,278.919,59.9035,28.199,25.9431,6.49123,20.8852,1.52293,1.84111,67.0957,8.95229,2.78662,3.21259,0.866097,0.240556,0.0748792,0.16567717492580414,0.233822,1.1977,0.292501,0.733459,,,3.40753,0.752654,0.720933,458.6199951171875,0.727279,0.97282,0.768606,0.727279,-0.97282,3.97519,418,6.2388059701492535,409,6.104477611940299,,,,,,,,,,,,,,,,,,,"Adrian Morejon","20039",670970
"Orion Kerkering","PHI",4.78036,3.69742,0,3.5273,61.8949,0.21926,1.67804,16.9486,4.10859,63.0715,264.732,54.8973,26.8686,24.7191,6.13677,22.7768,1.44876,3.51976,67.0369,9.56585,3.25013,2.94322,0.875688,0.253226,0.0860371,0.16718865185976028,0.23024,1.23152,0.295051,0.73543,,,3.52507,0.741855,0.685404,684.8200073242188,2.03,0.590447,0.71158,2.03,-0.590447,4.05123,380.4000000000001,6.03809523809524,368,5.841269841269841,,,,,,,,,,,,,,,,,,,"Orion Kerkering","31776",689147
"Hunter Harvey","CHC",2.4856,1.95796,0,3.43106,50.5724,0,4.04678,12.8028,2.08695,53.0177,217.31,45.5848,21.9694,20.2119,5.5775,15.406,0.902827,2.09613,56.2768,9.55326,2.61525,3.65291,0.946807,0.25897,0.0708943,0.18807607889175415,0.228143,1.15039,0.290006,0.733729,,,3.37016,0.741089,0.585747,526.6500244140625,1.75663,-0.311167,1.07736,1.75663,0.311167,3.56352,331.80000000000007,6.260377358490567,320,6.037735849056604,,,,,,,,,,,,,,,,,,,"Hunter Harvey","15507",640451
"José Alvarado","PHI",4.32487,3.29535,0,3.52311,56.0459,0,4.56645,14.0932,2.05369,57.6005,240.562,50.1902,24.5088,22.5481,5.68705,20.993,1.17913,2.22121,64.7393,10.1154,3.28012,3.08386,0.888594,0.269117,0.0872664,0.18185065686702728,0.230922,1.23581,0.302905,0.73827,,,3.37985,0.733067,0.616591,643,1.93317,-1.16271,0.779916,1.93317,1.16271,3.96011,367.40000000000003,6.33448275862069,354,6.103448275862069,,,,,,,,,,,,,,,,,,,"Jose Alvarado","17780",621237
"Trevor Megill","MIL",3.89575,3.38026,0,3.4919,61.1339,0.128537,20.7738,8.58547,5.76219,64.0959,263.795,52.7073,27.031,24.8685,7.30922,22.306,2.32046,2.21153,76.9518,10.8052,3.13209,3.44983,1.02632,0.291711,0.0845581,0.20715263485908508,0.220277,1.17033,0.29286,0.740692,,,3.36399,0.731453,0.674193,121.29000091552734,3.04469,0.413931,1.45381,3.04469,-0.413931,3.06159,472.7,7.3859375,452,7.0625,,,,,,,,,,,,,,,,,,,"Trevor Megill","17722",656730
"Robert Gasser","MIL",4.00314,4.34807,3.57559,4.07124,30.3676,9.63434,0,1.63737,0,75.9269,323.623,70.78,37.3329,34.3463,10.3905,24.7018,0.238188,7.19437,67.3262,7.98052,2.92803,2.72556,1.23163,0.208039,0.0763289,0.13170993328094482,0.242624,1.25755,0.28218,0.718462,,,4.40099,0.709616,0.833992,553.5599975585938,2.08572,-0.630175,0.479574,2.08572,0.630175,4.36057,300.79999999999995,3.9578947368421047,296,3.8947368421052633,,,,,,,,,,,,,,,,,,,"Robert Gasser","29812",688107
"Pete Fairbanks","MIA",3.20064,3.68542,0,3.58075,60.4995,0,25.6481,3.18916,5.42854,62.853,261.158,53.7871,27.1813,25.0068,6.55917,21.8135,0.889964,2.3012,64.1375,9.18393,3.1235,2.94027,0.939217,0.245589,0.0835259,0.16206279397010803,0.226908,1.20282,0.283913,0.729012,,,3.60191,0.685857,0.6782,90.31999969482422,1.49266,0.12842,1.85129,1.49266,-0.12842,2.53161,437.70000000000005,6.947619047619049,422,6.698412698412699,,,,,,,,,,,,,,,,,,,"Pete Fairbanks","17998",664126
"Chase Dollander","COL",4.78119,10.1031,6.38309,5.55722,23.2167,23.2167,0,0,0,125.073,557.325,131.204,83.9444,77.2289,20.7402,55.354,0.671154,6.80416,106.263,7.64642,3.98315,1.91969,1.49242,0.190665,0.0993209,0.09134453535079956,0.264968,1.49159,0.300038,0.651424,,,5.08257,0.678986,0.490041,642,3.24433,-0.487366,1.85558,3.24433,0.487366,2.5259,352.1,2.8168,378,3.024,,,,,,,,,,,,,,,,,,,"Chase Dollander","33482",801403
"Aaron Ashby","MIL",3.78922,3.43558,0.3627,3.4436,56.027,0.816186,0.630197,9.409,0,69.5919,296.774,61.2364,28.9429,26.6274,5.54523,29.6389,0.764855,3.38653,72.1826,9.33504,3.83306,2.4354,0.717138,0.243224,0.0998701,0.14335373044013977,0.232177,1.30583,0.299381,0.745168,,,3.52022,0.676424,0.851792,572.3800048828125,3.70129,1.35949,0.747558,3.70129,-1.35949,4.00326,371.6,5.308571428571429,358,5.114285714285714,,,,,,,,,,,,,,,,,,,"Aaron Ashby","23550",676879
"Robert Suarez","ATL",4.57104,4.28787,0,3.59723,63.5638,0,11.2382,7.44207,4.72878,66.4123,272.106,57.5619,28.8527,26.5445,7.70232,19.5037,1.92542,2.29069,69.632,9.43632,2.64309,3.57019,1.04379,0.2559,0.0716769,0.18422318249940872,0.229961,1.16041,0.288243,0.727387,,,3.53039,0.655558,0.612254,197.8800048828125,2.40002,0.88793,0.973535,2.40002,-0.88793,3.70195,396.2000000000001,6.003030303030305,383,5.803030303030303,,,,,,,,,,,,,,,,,,,"Robert Suarez","30115",663158
"Ryan Walker","SFG",3.70216,4.37688,0,3.60084,60.6548,0.193371,25.4892,3.44762,4.3731,63.2859,265.968,57.1224,27.5221,25.3203,5.80128,20.0919,1.25887,4.21167,65.8225,9.36073,2.8573,3.27608,0.82501,0.247482,0.0755423,0.1719401478767395,0.23637,1.22009,0.301816,0.719213,,,3.39874,0.647894,0.504884,147.41000366210938,1.96538,-0.266994,1.79914,1.96538,0.266994,2.60114,441.2000000000001,7.003174603174605,434,6.888888888888889,,,,,,,,,,,,,,,,,,,"Ryan Walker","20423",676254
"Trevor McDonald","SFG",3.10757,3.36339,3.35722,4.03414,19.8015,8.65793,0,0.781893,0,60.0003,257.751,59.5873,29.233,26.8944,6.34283,20.3994,0.539286,3.1634,46.9557,7.04332,3.05989,2.30182,0.95142,0.182175,0.0791438,0.10303102433681488,0.254442,1.3331,0.294348,0.713767,,,4.12236,0.625906,0.723135,590.3200073242188,5.03262,-0.891282,0.689134,5.03262,0.891282,4.08115,243.2,4.053333333333333,251,4.183333333333334,,,,,,,,,,,,,,,,,,,"Trevor McDonald","26448",686790
"Aaron Bummer","ATL",2.72367,2.25819,0,3.66346,57.4328,0.136102,0.0343311,6.17227,1.61959,60.6234,259.319,56.609,26.8226,24.6768,4.37088,22.0374,2.14074,4.25811,61.6771,9.15643,3.27162,2.79874,0.648891,0.237843,0.0849821,0.1528608649969101,0.242933,1.29729,0.31285,0.714543,,,3.33892,0.607737,0.545813,999,2.53189,-0.559365,0.773464,2.53189,0.559365,3.96871,324.0000000000001,5.311475409836067,323,5.295081967213115,,,,,,,,,,,,,,,,,,,"Aaron Bummer","16258",607481
"Colin Rea","CHC",5.03122,4.44315,3.66987,4.32749,34.8153,10.1326,0.106848,0.697238,0,83.3173,352.858,83.3466,43.5453,40.0616,12.4172,23.4768,0.775705,3.58172,67.6989,7.31289,2.53598,2.88365,1.34131,0.191858,0.0665331,0.12532534450292587,0.255822,1.28213,0.288702,0.707498,,,4.4218,0.605552,0.489963,506.9100036621094,2.48318,0.672687,0.320164,2.48318,-0.672687,4.57312,309.8,3.7325301204819277,318,3.8313253012048194,,,,,,,,,,,,,,,,,,,"Colin Rea","12317",607067
"Alex Vesia","LAD",3.86892,3.11871,0,3.57019,62.3939,0,2.05005,23.157,3.13431,62.8355,259.937,48.568,27.0936,24.9261,8.52329,25.5399,2.02113,2.97757,78.0814,11.1837,3.65812,3.05723,1.2208,0.300386,0.0982544,0.20213190466165543,0.20987,1.1794,0.276524,0.756158,,,3.77478,0.592817,0.608218,677.1500244140625,1.54489,0.366765,0.733721,1.54489,-0.366765,4.02171,399.1,6.3349206349206355,369,5.857142857142857,,,,,,,,,,,,,,,,,,,"Alex Vesia","25007",681911
"Tanner Scott","LAD",4.08303,3.70413,0,3.54336,63.067,0,5.09669,18.3296,6.20519,65.1279,273.851,54.2693,27.8709,25.6412,7.08332,26.8611,1.81792,3.19849,72.995,10.0872,3.71193,2.7175,0.978842,0.26655,0.0980866,0.16846338659524918,0.222605,1.24571,0.288224,0.747882,,,3.69207,0.584368,0.612785,438.3500061035156,1.51819,0.729057,0.735449,1.51819,-0.729057,4.0194,407.5,6.269230769230769,387,5.953846153846154,,,,,,,,,,,,,,,,,,,"Tanner Scott","17586",656945
"Daniel Palencia","CHC",3.05732,3.74861,0,3.6891,62.9887,0,28.0041,5.00787,4.43241,66.5364,280.111,56.4276,29.6448,27.2733,7.11419,26.8182,1.0818,3.31327,73.2896,9.91346,3.62755,2.73283,0.962296,0.261645,0.0957414,0.16590327769517899,0.225729,1.25113,0.290805,0.731395,,,3.6807,0.572085,0.51405,109.8499984741211,2.4326,-1.28573,1.9619,2.4326,1.28573,2.38413,480.0999999999999,7.165671641791043,460,6.865671641791045,,,,,,,,,,,,,,,,,,,"Daniel Palencia","27914",694037
"Jonah Tong","NYM",2.47797,2.52624,2.14974,3.76809,13.7026,6.02494,0,0.41536,0,38.5409,161.513,32.0972,17.5393,16.1362,4.48752,16.0113,0.269455,1.24995,41.7262,9.74383,3.73894,2.60604,1.04792,0.258347,0.0991337,0.15921294689178467,0.222509,1.24825,0.281623,0.730866,,,3.82711,0.571717,0.552584,330.9100036621094,1.76633,-3.15018,0.966659,1.76633,3.15018,3.71112,189.20000000000005,4.851282051282053,176,4.512820512820513,,,,,,,,,,,,,,,,,,,"Jonah Tong","32157",804636
"Thomas White","MIA",2.92922,3.37414,4.75171,4.20262,9.06616,9.06616,0,0,0,53.1329,230.646,47.6995,26.9683,24.8108,6.39526,25.8043,0.204814,2.52552,52.4505,8.88441,4.3709,2.03263,1.08327,0.227407,0.111878,0.11552858352661133,0.235767,1.38339,0.287894,0.720917,,,4.32511,0.568861,0.667709,999,1.03152,-0.252392,0.594382,1.03152,0.252392,4.20749,210.60000000000002,3.9735849056603776,204,3.849056603773585,,,,,,,,,,,,,,,,,,,"Thomas White","sa3023268",806258
"Corbin Burnes","ARI",2.44376,2.00912,3.4137,3.73479,6.78924,6.63253,0,0.0787478,0,39.174,163.447,35.5054,17.6699,16.2563,4.37494,12.5549,0.251377,1.39044,37.5405,8.6247,2.88442,2.9901,1.00512,0.22968,0.0768133,0.1528661921620369,0.237491,1.22684,0.289353,0.724696,,,3.73833,0.567593,0.676558,550.5599975585938,2.54194,1.34793,1.02651,2.54194,-1.34793,3.63132,179.80000000000004,4.610256410256412,177,4.538461538461538,,,,,,,,,,,,,,,,,,,"Corbin Burnes","19361",669203
"Raisel Iglesias","ATL",3.74098,3.53257,0,3.66618,63.6209,0,27.7108,3.89079,4.19928,66.1405,270.02,58.374,29.2854,26.9426,8.23093,17.5039,1.51398,2.29535,69.8185,9.50048,2.38183,3.98873,1.12002,0.258568,0.0648245,0.193743035197258,0.23329,1.14722,0.291239,0.723997,,,3.53978,0.562984,0.612254,73.02999877929688,2.30735,1.16573,1.90526,2.30735,-1.16573,2.45966,475.2000000000001,7.200000000000002,462,7,,,,,,,,,,,,,,,,,,,"Raisel Iglesias","17130",628452
"Matt Svanson","STL",3.16694,1.91815,0,3.63732,60.0053,0,4.73508,9.39024,0,66.7584,281.574,61.0166,29.3263,26.9802,5.88748,23.9373,1.05471,3.47444,62.8063,8.46719,3.2271,2.62378,0.793717,0.223054,0.0850125,0.13804147392511368,0.240069,1.27256,0.297242,0.725154,,,3.63185,0.560908,0.61753,463.8800048828125,5.43007,2.96368,0.827825,5.43007,-2.96368,3.89623,369.4,5.513432835820895,363,5.417910447761194,,,,,,,,,,,,,,,,,,,"Matt Svanson","29629",694335
"A.J. Minter","NYM",3.51269,2.73297,0,3.34985,54.9784,0,1.64054,24.7604,2.18984,56.5856,232.504,46.5694,22.8929,21.0615,6.12033,19.5005,0.947029,1.77022,62.9032,10.0048,3.10158,3.22572,0.973445,0.270546,0.0838717,0.18667461723089218,0.220464,1.16761,0.284432,0.750886,,,3.44564,0.55547,0.698514,745.469970703125,1.2694,0.0134288,0.941803,1.2694,-0.0134288,3.74426,395.8,6.943859649122807,377,6.614035087719298,,,,,,,,,,,,,,,,,,,"A.J. Minter","18655",621345
"Jake Irvin","WSN",6.35265,8.68298,8.16036,4.80288,27.6379,22.8857,0,0.196385,0,134,576.738,136.97,77.7275,71.5093,21.8916,44.6452,0.597999,5.18369,100.117,6.72431,2.99857,2.24251,1.47033,0.173592,0.0774098,0.09618223458528519,0.259951,1.35534,0.284215,0.688149,,,4.88024,0.543259,0.575757,732.5599975585938,2.39618,-1.55216,1.035,2.39618,1.55216,3.62,414.7999999999999,3.0955223880597007,434,3.2388059701492535,,,,,,,,,,,,,,,,,,,"Jake Irvin","21504",663623
"Richard Fitts","STL",4.3863,6.64319,5.16843,4.40357,30.5639,16.4604,0,0.619958,0,101.744,434.302,101.791,54.111,49.7821,14.9455,32.427,0.789464,4.00767,78.2137,6.91854,2.8684,2.41199,1.32204,0.18009,0.0746647,0.10542569309473038,0.255842,1.31917,0.285013,0.707071,,,4.58159,0.541517,0.788947,558.8800048828125,1.76117,-0.804789,0.192803,1.76117,0.804789,4.74293,357.1000000000001,3.5009803921568636,367,3.5980392156862746,,,,,,,,,,,,,,,,,,,"Richard Fitts","30160",690916
"Sam Hentges","SFG",1.86425,1.72856,0,3.57203,51.2179,0,0.0352577,6.4361,0.744771,50.9741,213.934,46.7872,21.9904,20.2312,4.94216,17.0182,0.924474,1.79401,51.7419,9.13557,3.00473,3.04039,0.872589,0.241859,0.0795487,0.16231052577495575,0.239785,1.25172,0.302266,0.735061,,,3.47258,0.539756,0.477553,999,2.3699,-0.674269,0.982671,2.3699,0.674269,3.68977,264.70000000000005,5.190196078431374,261,5.117647058823529,,,,,,,,,,,,,,,,,,,"Sam Hentges","18548",656529
"Jared Koenig","MIL",3.82324,3.09679,0.304573,3.47911,60.4791,0.41651,1.3444,13.7144,1.81913,64.7337,271.627,57.888,27.1999,25.0239,6.8289,22.1987,1.54207,3.16531,65.6693,9.13008,3.08631,2.95825,0.94943,0.241763,0.0817248,0.16003785282373428,0.235066,1.23717,0.29384,0.749888,,,3.65309,0.535582,0.728669,750.2899780273438,1.43043,-1.09633,0.794762,1.43043,1.09633,3.94032,362.09999999999997,5.57076923076923,352,5.415384615384616,,,,,,,,,,,,,,,,,,,"Jared Koenig","27517",657649
"Dylan Lee","ATL",3.3222,3.02587,0,3.59121,62.4156,0.123682,2.13158,16.0372,3.79382,64.7875,264.493,57.249,28.0997,25.8517,8.92028,17.5941,1.50496,1.57886,70.7109,9.82285,2.44409,4.01902,1.23917,0.267346,0.06652,0.20082557946443558,0.233365,1.15521,0.291684,0.749637,,,3.62999,0.528507,0.660411,725.030029296875,1.12646,1.34519,0.860941,1.12646,-1.34519,3.85208,378.09999999999997,5.816923076923076,364,5.6,,,,,,,,,,,,,,,,,,,"Dylan Lee","19996",669276
"Bryce Elder","ATL",4.15548,4.54162,4.75717,4.6703,18.4444,11.8478,0,0.645743,0,71.9328,312.105,75.295,40.5734,37.3275,9.3958,24.5763,0.626793,2.90947,58.4693,7.3155,3.0749,2.3791,1.17557,0.187339,0.0787435,0.10859505832195282,0.264546,1.3884,0.304027,0.683808,,,4.35383,0.525062,0.380137,680.1799926757812,3.35798,-1.05059,0.333534,3.35798,1.05059,4.55529,263.1000000000001,3.6541666666666677,279,3.875,,,,,,,,,,,,,,,,,,,"Bryce Elder","27779",693821
"Caleb Thielbar","CHC",2.83949,2.8319,0,3.77355,63.6178,0,1.08503,17.2004,1.31692,62.3288,257.487,54.1271,28.4059,26.1334,7.84465,20.3006,1.14669,1.68219,64.178,9.26702,2.93132,3.16138,1.13273,0.249248,0.0788415,0.17040657997131348,0.229835,1.19411,0.283105,0.725379,,,3.77004,0.522944,0.450929,749.1199951171875,1.87299,-0.626766,0.823508,1.87299,0.626766,3.90199,355,5.725806451612903,341,5.5,,,,,,,,,,,,,,,,,,,"Caleb Thielbar","10078",573204
"Jimmy Herget","COL",2.91501,3.41114,0.77835,4.60358,65.148,1.85566,2.59311,8.40469,1.88088,77.5613,332.842,78.6559,43.1231,39.6733,11.334,24.5106,1.82017,3.97244,70.5717,8.18894,2.84414,2.87924,1.31517,0.212027,0.0736402,0.13838718831539154,0.258431,1.33013,0.302633,0.68779,,,4.31675,0.511522,0.452297,749.3499755859375,2.74015,0.258653,0.461147,2.74015,-0.258653,4.38514,338.5000000000001,4.339743589743591,349,4.4743589743589745,,,,,,,,,,,,,,,,,,,"Jimmy Herget","17556",623474
"Gregory Soto","PIT",2.26483,2.85469,0,3.83075,62.5336,0,3.03675,14.5191,1.81561,61.2181,262.423,55.0384,28.3226,26.0568,5.40427,24.5619,1.25231,4.6775,65.2007,9.58549,3.61098,2.65454,0.794511,0.248457,0.0935968,0.1548599824309349,0.236031,1.30027,0.305294,0.711851,,,3.58553,0.499117,0.483393,593.5900268554688,3.45411,-1.66326,0.773712,3.45411,1.66326,3.96838,361.9000000000001,5.932786885245903,355,5.819672131147541,,,,,,,,,,,,,,,,,,,"Gregory Soto","19677",642397
"Kevin Ginkel","ARI",3.06576,3.1723,0,4.05407,58.2458,0,7.02391,7.78368,3.72061,60.4552,255.098,56.1174,29.6002,27.2322,6.19181,20.3707,0.835561,2.68492,61.528,9.15972,3.0326,3.02042,0.921778,0.241194,0.0798545,0.16133958101272583,0.241842,1.2652,0.303828,0.691362,,,3.5752,0.486958,0.201976,588.3800048828125,2.9304,0.872912,0.827807,2.9304,-0.872912,3.89626,346.6,5.776666666666667,344,5.733333333333333,,,,,,,,,,,,,,,,,,,"Kevin Ginkel","19876",656464
"Hayden Birdsong","SFG",2.98103,3.57137,1.773,4.51373,21.3971,8.77111,0,1.32701,0,59.5698,260.577,54.6146,32.4737,29.8758,8.3007,29.3182,0.525633,3.2961,59.4184,8.97712,4.42949,2.02667,1.2541,0.228026,0.112513,0.1155133992433548,0.239577,1.40898,0.289022,0.711628,,,4.59419,0.478535,0.40859,621.6500244140625,1.96991,-1.17635,0.405286,1.96991,1.17635,4.45962,228.60000000000002,3.8100000000000005,222,3.7,,,,,,,,,,,,,,,,,,,"Hayden Birdsong","31635",806185
"Graham Ashcraft","CIN",4.1015,3.29264,0.631228,4.13943,53.5831,0.863218,1.19106,12.6371,2.67273,63.6503,273.874,64.5293,31.8208,29.2751,6.76988,21.1281,0.508501,2.99378,55.1353,7.79599,2.98746,2.60957,0.957244,0.201316,0.0771454,0.12417104840278625,0.258374,1.34575,0.307482,0.706707,,,3.9223,0.473966,0.39147,714.8499755859375,2.02986,-1.22034,0.53862,2.02986,1.22034,4.28184,313.5,4.8984375,324,5.0625,,,,,,,,,,,,,,,,,,,"Graham Ashcraft","27552",668933
"Brusdar Graterol","LAD",2.08028,1.44134,0,3.54386,47.6024,0,0.17579,5.50243,0.389634,48.2899,201.175,44.574,20.6682,19.0147,4.07703,13.994,1.04021,2.08286,40.8447,7.61241,2.60812,2.91873,0.759854,0.203031,0.0695614,0.1334698423743248,0.240813,1.21284,0.288901,0.716983,,,3.53983,0.470909,0.419057,750.239990234375,1.71334,-2.33399,1.08516,1.71334,2.33399,3.55312,247.00000000000006,5.145833333333335,246,5.125,,,,,,,,,,,,,,,,,,,"Brusdar Graterol","20367",660813
"Phil Maton","CHC",2.99635,2.87064,0,3.73623,64.0767,0,5.60995,16.4233,3.00342,65.1666,273.804,55.1303,29.4055,27.0531,6.87805,23.8598,1.39801,5.1787,69.7439,9.63216,3.29522,2.92307,0.94991,0.254722,0.087142,0.1675804853439331,0.225237,1.21212,0.286971,0.714878,,,3.70356,0.464254,0.509414,450.9700012207031,2.26106,0.761545,0.833221,2.26106,-0.761545,3.88904,398.9,6.136923076923076,381,5.861538461538461,,,,,,,,,,,,,,,,,,,"Phil Maton","18064",664208
"Emilio Pagán","CIN",3.23093,3.52386,0,4.10747,63.5762,0.184608,25.3782,4.12744,4.46113,65.897,272.418,57.032,32.6896,30.0744,10.725,22.0314,0.7823,2.18889,71.9843,9.83138,3.00897,3.26735,1.46478,0.264242,0.0808735,0.18336861580610275,0.229784,1.1998,0.27982,0.724042,,,4.16883,0.456778,0.346732,91.94000244140625,1.80973,0.587537,1.7979,1.80973,-0.587537,2.6028,417.90000000000015,6.331818181818184,400,6.0606060606060606,,,,,,,,,,,,,,,,,,,"Emilio Pagan","14771",641941
"JoJo Romero","STL",3.764,3.8844,0,3.55435,62.5524,0,11.2879,22.2038,3.63649,63.6394,269.856,57.8312,27.3184,25.1329,5.77964,24.5249,2.10042,2.8469,59.3699,8.3962,3.46836,2.4208,0.817368,0.220006,0.0908814,0.12912428379058838,0.238495,1.29411,0.293522,0.741103,,,3.74028,0.454388,0.662247,449.5299987792969,1.81229,-0.0966963,1.07562,1.81229,0.0966963,3.56584,425.99999999999994,6.656249999999999,419,6.546875,,,,,,,,,,,,,,,,,,,"JoJo Romero","19574",668941
"Jordan Wicks","CHC",2.03069,2.13902,0.804587,3.92469,23.0018,2.91138,0.183731,1.03723,0,40.3759,170.037,38.9245,19.1381,17.607,4.69087,12.6144,0.1977,1.00363,35.9114,8.00483,2.81181,2.84686,1.04562,0.211198,0.0741863,0.13701181858778,0.248849,1.27648,0.295586,0.720472,,,3.87846,0.447327,0.366265,737.3499755859375,2.14601,-0.757665,0.988406,2.14601,0.757665,3.68213,167.1,4.1775,169,4.225,,,,,,,,,,,,,,,,,,,"Jordan Wicks","30094",696136
"Andrew Nardi","MIA",1.97302,1.70786,0,3.76065,49.4137,0,0.0429913,5.58803,2.95245,48.9305,204.675,41.4484,22.2235,20.4457,5.92183,18.88,0.997764,1.95842,58.3838,10.7388,3.47268,3.09236,1.08923,0.285252,0.092244,0.19300783425569534,0.225464,1.23294,0.297218,0.732253,,,3.5997,0.440947,0.425919,750.0900268554688,2.75507,-1.07869,0.896225,2.75507,1.07869,3.80503,259.20000000000005,5.289795918367348,244,4.979591836734694,,,,,,,,,,,,,,,,,,,"Andrew Nardi","25942",677053
"Mitchell Parker","WSN",4.55781,5.61475,4.7936,4.66377,40.1993,9.69173,0.217742,0.810402,0,89.1591,382.838,91.2095,50.2195,46.2019,13.0324,29.6951,0.276198,2.48071,68.4483,6.90939,2.99751,2.30504,1.31553,0.178792,0.0775655,0.10122618824243546,0.260106,1.35605,0.290425,0.688541,,,4.58257,0.433986,0.255855,743.0599975585938,3.09976,-0.662051,0.340499,3.09976,0.662051,4.546,306.1,3.4393258426966296,320,3.595505617977528,,,,,,,,,,,,,,,,,,,"Mitchell Parker","27636",680730
"Blake Treinen","LAD",3.03321,3.63211,0,3.8782,60.3982,0,0.891603,13.8502,4.82055,60.4293,255.299,53.699,28.3039,26.0396,7.2193,23.0127,2.84784,2.73768,65.5517,9.7629,3.42738,2.8485,1.0752,0.256765,0.0901402,0.1666244938969612,0.233933,1.26945,0.29647,0.726792,,,3.79704,0.431681,0.343403,744.969970703125,2.29288,-1.70689,0.667878,2.29288,1.70689,4.1095,332.5,5.541666666666667,324,5.4,,,,,,,,,,,,,,,,,,,"Blake Treinen","12572",595014
"Brooks Raley","NYM",2.85523,2.06702,0,3.80476,58.4015,0,0.885731,14.8026,1.26486,58.0531,242.538,51.1684,26.6761,24.542,6.85441,18.9943,0.810322,3.44073,56.2488,8.72028,2.94469,2.96135,1.06264,0.231918,0.0783147,0.15360286831855774,0.232475,1.20859,0.282255,0.717997,,,3.89159,0.413245,0.338814,748.6799926757812,2.12424,2.8432,0.847829,2.12424,-2.8432,3.86956,321.5,5.543103448275862,310,5.344827586206897,,,,,,,,,,,,,,,,,,,"Brooks Raley","10061",548384
"Jason Adam","SDP",2.86684,1.51254,0,3.43765,44.4512,0,0.241938,12.9028,2.43602,46.1546,190.945,37.8388,19.1622,17.6292,5.03531,16.0373,1.27261,2.75949,49.4229,9.63732,3.12723,3.08174,0.98187,0.258833,0.0839892,0.17484360188245773,0.219803,1.1673,0.278727,0.741328,,,3.63354,0.409814,0.518191,712.7100219726562,2.64049,2.84712,1.03417,2.64049,-2.84712,3.62111,273.1,5.936956521739131,258,5.608695652173913,,,,,,,,,,,,,,,,,,,"Jason Adam","11861",592094
"Dennis Santana","PIT",3.52455,3.23542,0,4.01261,63.9108,0,24.2347,6.83385,3.26867,67.384,283.594,62.0721,32.6553,30.0429,7.23381,22.9409,0.835378,3.22972,62.3112,8.32246,3.06405,2.71616,0.966169,0.219719,0.0808933,0.1388261765241623,0.241128,1.26162,0.291882,0.699169,,,3.84642,0.398456,0.305596,131.44000244140625,2.10543,1.24832,1.75671,2.10543,-1.24832,2.65772,442.49999999999994,6.604477611940298,438,6.537313432835821,,,,,,,,,,,,,,,,,,,"Dennis Santana","17878",642701
"Tanner Banks","PHI",2.79056,2.07595,0,3.9251,58.4186,0.148612,0.0843272,7.75619,2.46855,61.6071,257.56,58.299,29.2046,26.8682,8.14411,17.8724,1.26918,2.11224,58.0511,8.48052,2.61093,3.24809,1.18975,0.225388,0.0693912,0.15599726885557175,0.245391,1.23641,0.292653,0.725136,,,3.94227,0.394914,0.429164,999,1.33785,-0.508678,0.757075,1.33785,0.508678,3.99057,297.59999999999997,4.8,294,4.741935483870968,,,,,,,,,,,,,,,,,,,"Tanner Banks","16990",621383
"Angel Zerpa","MIL",3.04012,2.205,0.25536,3.63362,55.6565,0.34921,0,9.32285,2.45346,59.0391,249.376,55.6544,25.9089,23.8362,6.05093,19.6488,0.906323,2.26942,55.0984,8.39927,2.99528,2.80417,0.922412,0.220945,0.0787916,0.14215302467346191,0.24468,1.27548,0.298261,0.739082,,,3.71475,0.389159,0.506577,728.239990234375,2.93533,-0.774541,0.823037,2.93533,0.774541,3.90262,297.20000000000005,5.037288135593221,297,5.033898305084746,,,,,,,,,,,,,,,,,,,"Angel Zerpa","22717",672582
"Justin Wrobleski","LAD",2.52453,2.43179,0.8195,4.1308,31.187,3.10414,0.226312,3.10752,0,50.9951,215.82,48.6539,25.4409,23.4056,6.35212,16.8531,0.816337,1.91696,47.4844,8.3804,2.97435,2.81755,1.12107,0.220019,0.0780886,0.1419302076101303,0.246912,1.28457,0.295376,0.707706,,,3.99637,0.383463,0.346619,601.4400024414062,1.89104,-1.02741,0.773608,1.89104,1.02741,3.96852,225.20000000000002,4.415686274509804,226,4.431372549019608,,,,,,,,,,,,,,,,,,,"Justin Wrobleski","31204",680736
"Luke Weaver","NYM",3.99871,4.17464,0.134855,3.83456,61.6322,0.233055,4.97523,19.1656,1.82102,69.1565,285.261,60.2185,32.0271,29.465,9.81943,21.3035,1.21852,2.79637,74.1902,9.65507,2.77243,3.48253,1.2779,0.260078,0.0746808,0.18539757281541824,0.23058,1.1788,0.284497,0.730284,,,3.88086,0.372647,0.41558,449.4700012207031,1.35568,0.136825,0.710723,1.35568,-0.136825,4.05237,408.6,5.921739130434783,392,5.681159420289855,,,,,,,,,,,,,,,,,,,"Luke Weaver","16918",596133
"Erik Miller","SFG",2.93495,2.55034,0,3.49134,60.7024,0.425946,1.13653,10.8943,2.31885,61.1704,264.221,51.0183,25.7931,23.7296,5.53643,32.2117,2.75166,2.791,66.1439,9.73175,4.7393,2.05342,0.814575,0.250336,0.121912,0.1284240409731865,0.222576,1.36062,0.288705,0.760966,,,3.86578,0.37072,0.603651,740.8499755859375,2.14898,-0.75771,0.802552,2.14898,0.75771,3.92993,321.0000000000001,5.262295081967215,303,4.967213114754099,,,,,,,,,,,,,,,,,,,"Erik Miller","26252",669062
"Brad Keller","PHI",3.67791,3.75537,0.324789,3.70211,57.2438,0.444156,5.31808,17.7567,2.33679,64.8989,274.743,58.9625,29.0172,26.6959,7.13746,23.6281,0.668694,3.29651,59.8227,8.29604,3.27668,2.53184,0.989803,0.21774,0.0860008,0.13173962384462357,0.237926,1.2726,0.286551,0.737944,,,3.9659,0.37037,0.591776,525.5900268554688,2.0786,1.06647,0.805654,2.0786,-1.06647,3.92579,377.5,5.8076923076923075,370,5.6923076923076925,,,,,,,,,,,,,,,,,,,"Brad Keller","15734",641745
"Christian Scott","NYM",1.73043,1.7942,1.47209,3.81415,26.2711,2.96638,0,0.653742,0,39.205,162.411,35.7774,18.0596,16.6148,5.27635,10.8313,0.50794,1.71572,37.8302,8.68441,2.48646,3.49268,1.21125,0.232929,0.0666906,0.16623840481042862,0.238733,1.18885,0.285705,0.727888,,,3.91496,0.369162,0.39799,529.469970703125,2.19772,-0.526604,1.09386,2.19772,0.526604,3.54152,174.50000000000003,4.474358974358975,171,4.384615384615385,,,,,,,,,,,,,,,,,,,"Christian Scott","30107",681035
"Caleb Ferguson","CIN",2.35143,2.35246,0,4.05865,56.8666,0.0635089,0.0811556,8.92961,2.95905,56.7936,244.494,53.8634,27.8388,25.6117,6.05339,21.9853,1.37403,3.37589,53.7287,8.51432,3.48398,2.44385,0.959273,0.219755,0.0899216,0.12983333319425583,0.245803,1.33552,0.30003,0.712588,,,3.96833,0.358503,0.348137,999,2.17988,-2.31022,0.689999,2.17988,2.31022,4.08,276.5999999999999,4.852631578947367,276,4.842105263157895,,,,,,,,,,,,,,,,,,,"Caleb Ferguson","19349",657571
"Matt Gage","SFG",2.33314,1.98457,0,3.96832,51.9561,0.281078,0.0424552,4.62114,1.04369,54.3296,231.912,53.3105,26.0383,23.9552,5.70552,18.2155,1.43972,2.287,47.5299,7.87359,3.01749,2.60932,0.945152,0.204948,0.0785446,0.12640324234962463,0.252167,1.31652,0.300965,0.71591,,,3.88278,0.353531,0.226871,999,2.10047,-1.5554,0.788751,2.10047,1.5554,3.94833,244,4.518518518518518,248,4.592592592592593,,,,,,,,,,,,,,,,,,,"Matt Gage","17381",657424
"Jack Dreyer","LAD",1.67193,1.31663,0,3.84294,39.6798,0.264451,0.281988,3.68326,0.886449,41.9282,174.544,37.051,19.4599,17.9031,4.96349,14.3105,1.45951,1.17116,40.8457,8.76763,3.07179,2.85425,1.06543,0.234014,0.081988,0.1520259603857994,0.232934,1.22499,0.283326,0.718301,,,3.83345,0.338877,0.302209,741.7899780273438,1.87015,1.13022,1.03721,1.87015,-1.13022,3.61705,206.10000000000002,4.9071428571428575,198,4.714285714285714,,,,,,,,,,,,,,,,,,,"Jack Dreyer","30249",676263
"Kyle Hurt","LAD",1.24214,1.28636,1.06847,4.12462,14.4544,4.01937,0,1.5589,0,31.8158,135.701,29.0135,15.8488,14.5809,3.9379,12.6636,0.356602,1.43959,32.0795,9.0746,3.58226,2.5332,1.11395,0.236399,0.0933201,0.14307886362075806,0.238603,1.30995,0.293008,0.714199,,,4.05742,0.337907,0.287041,999,2.01114,-1.29655,1.04449,2.01114,1.29655,3.60735,142.20000000000002,4.4437500000000005,138,4.3125,,,,,,,,,,,,,,,,,,,"Kyle Hurt","27514",669165
"Justin Martinez","ARI",0.94064,1.72202,0,3.38951,25.4572,0,3.3012,2.36142,1.45302,26.9477,116.19,21.3684,11.0313,10.1488,1.74318,14.7306,1.13255,1.67325,32.5326,10.8653,4.91974,2.2085,0.58219,0.279995,0.12678,0.1532147079706192,0.214142,1.3396,0.299575,0.744765,,,3.38776,0.330846,0.344924,750.5900268554688,2.68227,-0.153061,1.22866,2.68227,0.153061,3.36179,158.60000000000002,5.874074074074075,147,5.444444444444445,,,,,,,,,,,,,,,,,,,"Justin Martinez","24453",679885
"Tyler Kinley","ATL",3.18321,2.69581,0,4.18405,59.83,0,1.96709,8.503,2.33937,60.877,256.787,53.2706,30.7624,28.3014,7.81214,24.4101,1.59632,2.47759,63.9702,9.4573,3.60876,2.62065,1.15494,0.249118,0.0950596,0.1540582850575447,0.231712,1.27603,0.287499,0.702962,,,4.02678,0.330765,0.138905,730.8800048828125,1.31275,-1.00169,0.587164,1.31275,1.00169,4.21711,311.2000000000001,5.1016393442622965,297,4.868852459016393,,,,,,,,,,,,,,,,,,,"Tyler Kinley","18297",641755
"Hoby Milner","CHC",2.5239,2.36368,0,3.87514,59.9993,0,0.0364276,11.3192,1.63108,61.5095,260.228,60.5947,28.7872,26.4843,6.59299,18.2415,1.53998,2.39923,51.8474,7.58624,2.66908,2.84227,0.964678,0.199238,0.0700981,0.12913993746042252,0.252913,1.28169,0.29811,0.719032,,,3.84944,0.327594,0.348011,999,1.97202,-2.15971,0.785498,1.97202,2.15971,3.95267,302.0999999999999,4.872580645161289,307,4.951612903225806,,,,,,,,,,,,,,,,,,,"Hoby Milner","13346",571948
"Juan Mejia","COL",2.387,2.56809,0,4.59478,62.1709,0,2.59986,11.5388,2.94009,65.2627,285.744,63.0028,36.2159,33.3187,8.04133,29.0425,1.57444,4.29144,65.9718,9.09779,4.00508,2.27156,1.10893,0.230877,0.101638,0.12923918664455414,0.249605,1.41038,0.308085,0.691065,,,4.24749,0.31609,0.272889,727.8499755859375,2.35266,-2.22018,0.520857,2.35266,2.22018,4.30552,314.8,4.843076923076923,317,4.876923076923077,,,,,,,,,,,,,,,,,,,"Juan Mejia","23237",675848
"Kohl Drake","ARI",2.553,3.01671,2.53053,4.33404,17.0537,6.23995,0,0.724496,0,46.3836,199.772,45.0645,24.2788,22.3365,5.94972,17.918,0.6052,1.81278,42.0822,8.16537,3.4767,2.3486,1.15445,0.210651,0.0896925,0.12095890939235687,0.250301,1.35786,0.296304,0.708173,,,4.26429,0.315573,0.390819,999,2.91666,-1.51316,0.721687,2.91666,1.51316,4.03775,177.60000000000002,3.8608695652173917,180,3.9130434782608696,,,,,,,,,,,,,,,,,,,"Kohl Drake","sa3021723",684442
"Joe Jiménez","ATL",1.61809,1.69715,0,3.74638,38.5164,0,0.022717,4.03994,1.34398,39.9637,165.823,34.2455,18.082,16.6355,4.81499,13.3866,0.578637,1.89626,44.6185,10.0483,3.01472,3.33307,1.08436,0.269073,0.0807283,0.18834475427865982,0.227485,1.19188,0.291084,0.722652,,,3.61573,0.315527,0.3277,999,1.91531,2.20515,1.06447,1.91531,-2.20515,3.58071,207.1,5.1775,196,4.9,,,,,,,,,,,,,,,,,,,"Joe Jimenez","15761",641729
"Cristian Mena","ARI",1.67393,1.53038,1.43008,4.08885,18.6543,3.04517,0,0.647195,1.93073,34.3017,146.291,32.353,16.9389,15.5838,4.07141,12.8773,0.194711,1.24312,31.8824,8.36524,3.37871,2.47587,1.06825,0.217938,0.0880248,0.12991303950548172,0.244782,1.3186,0.293935,0.715687,,,4.05418,0.312711,0.278999,745.3800048828125,1.93672,-1.22633,1.00295,1.93672,1.22633,3.66274,145.20000000000005,4.270588235294119,144,4.235294117647059,,,,,,,,,,,,,,,,,,,"Cristian Mena","27974",691441
"McCade Brown","COL",3.53629,6.36874,4.41416,5.50552,15.8685,15.8685,0,0,0,85.3361,379.431,88.3629,56.7415,52.2022,15.1246,37.4545,0.468637,5.28495,73.7895,7.78223,3.95015,1.97011,1.59512,0.194474,0.0987125,0.09576191008090973,0.262445,1.47437,0.295582,0.66011,,,5.21232,0.310761,0.342742,999,2.12017,0.302408,0.873435,2.12017,-0.302408,3.83542,237.7,2.796470588235294,252,2.9647058823529413,,,,,,,,,,,,,,,,,,,"McCade Brown","30004",685326
"Justin Lawrence","PIT",2.58015,2.37936,0,4.00253,55.5013,0,0.791308,11.2507,3.82045,59.3546,258.022,54.9221,28.6919,26.3965,5.4968,26.4589,2.48813,3.9195,57.2629,8.68283,4.012,2.16422,0.833486,0.22193,0.102545,0.11938466131687164,0.241263,1.3711,0.299757,0.715055,,,3.94498,0.306344,0.275087,677.969970703125,2.02011,-1.23699,0.655024,2.02011,1.23699,4.12663,305.1,5.171186440677967,303,5.135593220338983,,,,,,,,,,,,,,,,,,,"Justin Lawrence","17639",664875
"Tobias Myers","NYM",2.47623,2.47995,0.735496,4.00907,36.1346,3.17075,0,2.04901,0,56.2927,237.406,54.8621,27.2562,25.0757,7.73258,16.5393,0.690115,2.19328,48.6558,7.77902,2.64429,2.94182,1.23627,0.204947,0.0696668,0.13528034090995789,0.250885,1.2684,0.290411,0.72876,,,4.19051,0.304006,0.416475,642.239990234375,2.04299,-0.733838,0.797801,2.04299,0.733838,3.93627,222.0000000000001,3.964285714285716,225,4.017857142857143,,,,,,,,,,,,,,,,,,,"Tobias Myers","22191",668964
"Ryan Gusto","MIA",3.28654,3.29252,1.3714,4.73096,32.1339,5.12228,0,1.12428,0,57.6696,248.084,58.4111,32.9508,30.3147,8.68594,19.3759,0.323148,2.47861,49.7102,7.75785,3.02383,2.56557,1.35554,0.200377,0.078102,0.1222745031118393,0.258194,1.34884,0.296277,0.683201,,,4.50605,0.303953,0.0855808,749.3200073242188,1.82472,-0.378568,0.487963,1.82472,0.378568,4.34938,208.70000000000005,3.598275862068966,214,3.689655172413793,,,,,,,,,,,,,,,,,,,"Ryan Gusto","26440",687473
"Tony Santillan","CIN",3.56262,3.51762,0,4.15384,67.0274,0.107187,5.29077,17.3473,2.86983,68.1634,293.713,61.2282,34.1956,31.46,9.30441,30.2265,2.01898,3.9026,71.4035,9.42781,3.99098,2.36228,1.22851,0.243107,0.102912,0.14019474387168884,0.235871,1.3417,0.290278,0.73008,,,4.31667,0.301332,0.357231,462.2099914550781,2.69661,1.53093,0.589043,2.69661,-1.53093,4.21461,366.9,5.395588235294118,356,5.235294117647059,,,,,,,,,,,,,,,,,,,"Tony Santillan","19926",663574
"A.J. Puk","ARI",1.09199,1.28649,0,3.61288,27.5447,0.0537252,2.28192,3.04684,1.67721,29.1259,120.83,24.8883,12.7088,11.6921,3.48452,9.63143,0.540124,1.5539,33.2364,10.2701,2.97614,3.45082,1.07673,0.275067,0.0797105,0.1953563615679741,0.22699,1.18519,0.293508,0.735828,,,3.56026,0.296433,0.249492,693.0599975585938,2.56042,-0.510356,1.23615,2.56042,0.510356,3.3518,164.70000000000002,5.679310344827587,158,5.448275862068965,,,,,,,,,,,,,,,,,,,"A.J. Puk","19343",640462
"Riley O'Brien","STL",2.85248,2.68608,0,3.75517,60.6532,0,14.9995,13.6418,5.01723,63.8564,276.889,57.036,28.9603,26.6435,5.83185,28.9396,1.5313,4.69389,63.914,9.00811,4.07878,2.20853,0.821948,0.230829,0.104517,0.12631211429834366,0.23447,1.34639,0.295109,0.73274,,,3.90071,0.290444,0.455598,231.55999755859375,2.49947,-0.797479,1.27898,2.49947,0.797479,3.29469,408.59999999999997,6.3843749999999995,399,6.234375,,,,,,,,,,,,,,,,,,,"Riley O'Brien","20348",676617
"Quinn Mathews","STL",2.04881,2.93727,3.49855,4.35574,7.6671,7.6671,0,0,0,42.6398,190.915,40.4807,22.4309,20.6364,4.76341,24.5126,0.165855,1.83998,37.1391,7.83896,5.17388,1.5151,1.00542,0.194532,0.128395,0.06613685190677643,0.24599,1.52424,0.291189,0.729752,,,4.69949,0.290305,0.478061,580.2899780273438,3.08855,-1.90031,0.746625,3.08855,1.90031,4.0045,145.7,3.3883720930232557,143,3.3255813953488373,,,,,,,,,,,,,,,,,,,"Quinn Mathews","sa3023407",687273
"Coleman Crow","MIL",0.977363,0.882006,0.935109,3.73878,15.0048,2.06494,0,0.693471,0,22.102,91.5982,19.7689,9.98001,9.18161,2.63423,6.74547,0.419983,0.766965,22.8993,9.32467,2.74677,3.39477,1.07266,0.249998,0.073642,0.17635560035705566,0.235104,1.19964,0.292639,0.724351,,,3.63209,0.287027,0.253188,999,1.72752,-0.814302,1.27007,1.72752,0.814302,3.30657,99.9,4.540909090909091,97,4.409090909090909,,,,,,,,,,,,,,,,,,,"Coleman Crow","sa3015142",689441
"Pierce Johnson","CIN",3.18674,3.52415,0,4.13864,58.5009,0,1.21921,10.5866,2.78932,59.447,252.679,54.4833,29.7137,27.3366,8.68474,23.0642,1.39458,2.14077,64.1355,9.70981,3.49181,2.78074,1.31483,0.253822,0.0912785,0.16254330426454544,0.239514,1.30448,0.296136,0.731528,,,4.14857,0.285222,0.261306,741.2100219726562,1.82842,1.06438,0.554678,1.82842,-1.06438,4.26043,287.5,4.872881355932203,280,4.745762711864407,,,,,,,,,,,,,,,,,,,"Pierce Johnson","13435",572955
"Anthony Bender","MIA",2.68091,2.82019,0,3.89665,62.6611,0,1.45029,15.2681,3.62734,63.0172,268.735,58.4193,29.6565,27.284,6.53201,23.6609,1.55889,3.27451,58.9645,8.4212,3.37921,2.49206,0.932889,0.219415,0.0880456,0.13136963546276093,0.241602,1.3025,0.294308,0.718769,,,3.89355,0.282778,0.374349,745.739990234375,1.19492,-0.50645,0.711585,1.19492,0.50645,4.05122,331.3,5.258730158730159,326,5.174603174603175,,,,,,,,,,,,,,,,,,,"Anthony Bender","19742",669622
"Kai-Wei Teng","SFG",1.95345,2.15185,0.927725,4.45801,16.4139,4.39473,0,0.648396,0,34.8329,152.077,32.5962,18.7542,17.2539,4.03487,15.1386,0.371057,2.9784,33.9642,8.77555,3.91146,2.24355,1.04252,0.223336,0.0995457,0.12378988415002823,0.243328,1.3704,0.297635,0.688603,,,4.25121,0.280109,0.146906,685.1199951171875,1.5691,-1.44102,0.868288,1.5691,1.44102,3.84228,142,4.057142857142857,141,4.0285714285714285,,,,,,,,,,,,,,,,,,,"Kai-Wei Teng","24282",678906
"Taijuan Walker","PHI",5.41312,6.86588,4.85509,5.05533,36.2101,16.6043,0.0277904,1.43981,0.817765,111.28,487.883,118.376,67.9414,62.5061,18.5182,41.099,0.583447,4.58511,77.5019,6.26815,3.32398,1.88574,1.4977,0.158853,0.0842393,0.07461387664079666,0.267698,1.4331,0.288457,0.68539,,,5.13717,0.27606,0.0888106,750.6799926757812,1.12257,-1.2098,1.01214,1.12257,1.2098,3.65048,302.90000000000003,2.728828828828829,330,2.972972972972973,,,,,,,,,,,,,,,,,,,"Taijuan Walker","11836",592836
"Clayton Beeter","WSN",2.62182,3.00534,0,3.90066,59.6351,0,14.8715,11.7221,3.15393,63.6027,272.083,52.6204,29.9628,27.5658,7.20427,32.0044,0.922907,2.44477,71.5026,10.1179,4.52873,2.23415,1.01943,0.262797,0.117627,0.14516974985599518,0.221435,1.33052,0.285768,0.733335,,,3.98412,0.274843,0.386907,352.1199951171875,2.85181,-2.90937,1.22674,2.85181,2.90937,3.36434,414.7,6.4796875,394,6.15625,,,,,,,,,,,,,,,,,,,"Clayton Beeter","27494",690925
"JT Brubaker","SFG",1.94636,1.99865,0.408019,4.22472,41.4726,0.736272,0,2.66649,0,49.116,209.212,47.194,25.0605,23.0557,6.02533,16.7472,0.909262,2.34314,42.5246,7.79219,3.06876,2.5392,1.10408,0.203261,0.0800492,0.12321168184280396,0.24823,1.30184,0.290797,0.70048,,,4.16436,0.271778,0.116183,999,1.45556,-2.09429,0.822134,1.45556,2.09429,3.90382,207.60000000000002,4.236734693877551,208,4.244897959183674,,,,,,,,,,,,,,,,,,,"JT Brubaker","17578",664141
"Ian Hamilton","ATL",1.70068,1.42804,0,3.94965,46.3428,0.112936,0.0831218,4.78393,0.140814,48.9525,210.684,44.5879,23.3509,21.4828,5.0468,21.3922,0.902376,2.2522,50.2544,9.23935,3.933,2.34919,0.927863,0.23853,0.101537,0.136992447078228,0.238387,1.34784,0.300148,0.723577,,,3.87122,0.268885,0.304603,999,1.98735,-1.48891,0.823548,1.98735,1.48891,3.90194,235.10000000000002,4.79795918367347,231,4.714285714285714,,,,,,,,,,,,,,,,,,,"Ian Hamilton","19261",641656
"Victor Vodnik","COL",3.38018,3.33526,0,4.42178,58.9794,0,15.6842,5.74863,3.99531,63.19,279.578,62.7556,33.7454,31.0458,6.67091,30.7275,1.52552,2.1583,60.7472,8.65207,4.37644,1.97696,0.950122,0.217281,0.109907,0.10737482458353043,0.254388,1.4794,0.312842,0.709947,,,4.14613,0.264997,0.344579,356.260009765625,3.01431,-2.82627,1.35536,3.01431,2.82627,3.19285,343.3,5.449206349206349,351,5.571428571428571,,,,,,,,,,,,,,,,,,,"Victor Vodnik","24614",680767
"Luis García","NYM",1.83899,1.65614,0,3.90934,49.2485,0,0.463199,7.33984,1.65101,50.4825,215.332,47.6094,23.8349,21.9281,4.8924,18.4868,1.72631,2.33196,45.0693,8.03494,3.29582,2.43792,0.872216,0.209301,0.0858525,0.12344881147146225,0.244761,1.30929,0.295514,0.713309,,,3.84665,0.262794,0.217666,999,1.76732,-1.04716,0.886961,1.76732,1.04716,3.81739,241.7,4.834,243,4.86,,,,,,,,,,,,,,,,,,,"Luis Garcia","6984",472610
"River Ryan","LAD",1.7944,1.68931,1.40308,4.44352,11.2762,5.54881,0,0.4229,0,37.068,160.075,36.241,19.8928,18.3014,5.08384,14.2691,0.381293,1.69665,30.9862,7.52337,3.46449,2.17157,1.23434,0.193574,0.0891401,0.10443376004695892,0.251484,1.36263,0.288389,0.705586,,,4.53836,0.260728,0.250351,594.8499755859375,1.85059,1.23471,0.898008,1.85059,-1.23471,3.80266,132.70000000000002,3.586486486486487,134,3.6216216216216215,,,,,,,,,,,,,,,,,,,"River Ryan","29514",689981
"Joey Wentz","ATL",3.15944,3.72153,1.75398,4.67329,31.8157,6.08681,0.00269658,1.08398,0.249924,59.9269,261.947,60.213,33.8232,31.1173,8.16335,25.4231,1.20414,1.92324,57.0764,8.57191,3.81812,2.24506,1.226,0.217893,0.0970546,0.12083882093429565,0.256662,1.42901,0.30733,0.698217,,,4.37014,0.257729,0.105942,730.7899780273438,4.07842,-0.596804,0.375745,4.07842,0.596804,4.49901,226.60000000000002,3.776666666666667,233,3.8833333333333333,,,,,,,,,,,,,,,,,,,"Joey Wentz","19962",666214
"Carson Whisenhunt","SFG",2.22183,1.93465,1.4663,4.2638,13.7117,4.36822,0,0.765049,0,33.0509,142.559,32.6672,17.0196,15.658,4.40811,12.3024,0.341128,1.41172,27.2918,7.43177,3.35004,2.21841,1.20036,0.191442,0.0862969,0.10514508187770844,0.253538,1.36062,0.290895,0.720394,,,4.46231,0.251649,0.244962,695.030029296875,1.82149,-0.564141,0.957677,1.82149,0.564141,3.7231,128.20000000000005,3.884848484848486,132,4,,,,,,,,,,,,,,,,,,,"Carson Whisenhunt","31676",687931
"Jason Foley","SFG",0.967571,0.967843,0,3.70274,26.2692,0,0.495816,2.16257,1.18075,26.7186,112.64,25.9295,11.9483,10.9924,2.33595,7.92447,0.665114,1.035,22.3146,7.51656,2.66931,2.81592,0.78685,0.198106,0.0703522,0.12775368988513947,0.25009,1.26706,0.298539,0.716254,,,3.60733,0.243994,0.216383,745.3800048828125,1.63276,-0.976563,1.24722,1.63276,0.976563,3.33704,132.60000000000002,4.911111111111112,134,4.962962962962963,,,,,,,,,,,,,,,,,,,"Jason Foley","19531",671345
"Ryan Fernandez","STL",2.76317,2.69668,0,4.19271,55.8408,0,0.285969,7.4317,1.14101,58.8769,254.112,53.893,29.8133,27.4282,6.4684,26.7331,2.16803,2.15465,58.7836,8.98574,4.08646,2.19891,0.988769,0.231329,0.105202,0.12612713128328323,0.239285,1.3694,0.296454,0.70997,,,4.03847,0.241924,0.0847607,999,3.51302,-2.18028,0.550262,3.51302,2.18028,4.26632,281.4,4.769491525423728,276,4.677966101694915,,,,,,,,,,,,,,,,,,,"Ryan Fernandez","24862",681676
"Javier Assad","CHC",3.51452,2.97988,1.6131,4.04249,41.7533,3.47431,0,3.12021,0,63.2272,270.55,60.7804,30.869,28.3995,7.44827,22.7711,0.64661,3.00698,52.7535,7.50913,3.24132,2.31669,1.06022,0.194986,0.084166,0.11082026362419128,0.248315,1.32145,0.288953,0.720455,,,4.22098,0.237484,0.371333,716.4099731445312,0.971311,0.497273,0.610823,0.971311,-0.497273,4.18557,261.5,4.150793650793651,264,4.190476190476191,,,,,,,,,,,,,,,,,,,"Javier Assad","21741",665871
"Kyle Hart","SDP",3.35212,3.73562,2.95504,4.58716,26.095,8.54937,0,1.18846,0,65.5485,283.303,64.4122,36.3142,33.409,9.68136,25.1225,0.644086,3.02164,54.5984,7.49651,3.44939,2.17329,1.32928,0.192721,0.0886773,0.10404378175735474,0.25244,1.36593,0.286731,0.700447,,,4.6774,0.231062,0.326603,999,2.33349,-1.2832,0.403436,2.33349,1.2832,4.46209,229.00000000000009,3.469696969696971,230,3.484848484848485,,,,,,,,,,,,,,,,,,,"Kyle Hart","19646",606996
"Mason Montgomery","PIT",2.19455,2.26801,0,4.01135,57.5734,0,2.0882,9.57959,1.8807,60.7326,262.476,56.2146,29.4227,27.0689,6.97228,27.0068,0.842504,2.52238,64.3721,9.53935,4.00215,2.38356,1.03323,0.24525,0.102893,0.1423574909567833,0.24132,1.37029,0.304714,0.732352,,,3.96637,0.230337,0.382988,649.5,3.90102,-1.17056,0.675527,3.90102,1.17056,4.0993,307.70000000000005,5.0442622950819676,302,4.950819672131147,,,,,,,,,,,,,,,,,,,"Mason Montgomery","29770",682254
"Sam Moll","CIN",1.17777,1.3093,0,4.21538,38.0424,0,0,3.3394,0.458764,37.2051,160.034,34.2562,18.9412,17.4259,4.62422,15.7056,1.16959,1.80532,36.7265,8.88423,3.79923,2.33843,1.11861,0.229492,0.0981394,0.13135255873203278,0.240355,1.34288,0.292886,0.713315,,,4.18861,0.227995,0.145749,999,1.50058,-0.850376,0.952994,1.50058,0.850376,3.72934,155.9,4.213513513513513,152,4.108108108108108,,,,,,,,,,,,,,,,,,,"Sam Moll","14874",594580
"Josiah Gray","WSN",4.43244,8.33752,5.89273,5.56746,19.43,19.43,0,0,0,109.95,483.944,112.915,73.9299,68.0155,19.6494,46.0908,0.956788,4.98482,93.6224,7.66352,3.7728,2.03126,1.60842,0.193457,0.09524,0.09821704030036926,0.260853,1.44617,0.291823,0.646982,,,5.14901,0.227888,-0.391363,723.3499755859375,9.90951,-1.97055,1.42167,9.90951,1.97055,3.10443,309.2,2.810909090909091,325,2.9545454545454546,,,,,,,,,,,,,,,,,,,"Josiah Gray","24580",680686
"Josh White","MIA",2.03979,2.34196,0,3.95372,41.5284,0,0,4.00753,0,44.5814,189.562,39.5986,21.2877,19.5847,5.30271,18.4088,1.11751,1.82296,46.67,9.42165,3.71633,2.5352,1.0705,0.246199,0.0971121,0.14908677339553833,0.233854,1.30116,0.292234,0.725921,,,3.94916,0.224802,0.310705,999,0.19838,0.785264,0.864376,0.19838,-0.785264,3.8475,217.5,4.833333333333333,210,4.666666666666667,,,,,,,,,,,,,,,,,,,"Josh White","sa3019953",687985
"Brock Stewart","LAD",1.31611,1.06369,0,3.83383,26.4923,0,0.0147298,5.72686,1.07341,27.0086,113.535,23.0058,12.5056,11.5052,3.53673,10.5204,0.819055,1.414,31.2639,10.418,3.50569,2.97174,1.17853,0.275367,0.0926621,0.18270543217658997,0.226433,1.24131,0.291452,0.735635,,,3.84798,0.224081,0.113436,999,1.3656,-0.624196,1.14254,1.3656,0.624196,3.47661,140.8,5.214814814814815,133,4.925925925925926,,,,,,,,,,,,,,,,,,,"Brock Stewart","16727",592779
"Huascar Brazobán","NYM",2.27496,1.94825,0,4.00101,52.1187,0.20345,0.0801591,9.01898,4.03779,56.3153,241.771,50.895,27.2123,25.0353,6.07069,23.9181,1.19027,3.08039,52.5424,8.39705,3.82246,2.19677,0.970184,0.217323,0.0989287,0.11839448660612106,0.236972,1.32847,0.287042,0.717807,,,4.10875,0.219643,0.231479,999,1.27793,-1.4772,0.730875,1.27793,1.4772,4.0255,269.0000000000001,4.803571428571431,263,4.696428571428571,,,,,,,,,,,,,,,,,,,"Huascar Brazoban","6107",623211
"DL Hall","MIL",2.28895,2.13644,0.275311,3.97909,44.2965,0.655773,0,3.52698,0.594277,54.6267,234.15,49.4012,26.2517,24.1516,6.04285,23.4115,0.741844,2.3735,51.6826,8.51495,3.85716,2.20757,0.995587,0.220725,0.0999852,0.12073928862810135,0.23709,1.33292,0.287829,0.723528,,,4.09706,0.216061,0.347698,728.3499755859375,1.66452,-1.22577,0.744121,1.66452,1.22577,4.00784,250.79999999999998,4.56,242,4.4,,,,,,,,,,,,,,,,,,,"DL Hall","22207",669084
"Spencer Bivens","SFG",2.48515,2.42688,0,4.1022,59.3056,0.0713203,1.95747,5.81656,0,67.9599,291.488,69.0353,33.6697,30.9761,7.6245,21.3637,1.31475,3.32626,51.3808,6.80441,2.82922,2.40505,1.00972,0.17627,0.0732918,0.10297853499650955,0.258754,1.33018,0.295538,0.711565,,,4.17144,0.212749,0.156626,999,1.00675,-0.968586,0.69365,1.00675,0.968586,4.07513,289.4000000000001,4.255882352941178,300,4.411764705882353,,,,,,,,,,,,,,,,,,,"Spencer Bivens","30226",702352
"Mitch Bratt","ARI",1.32946,1.44822,1.49606,4.51877,4.81312,4.48773,0,0,0,25.0619,106.813,26.2905,13.6774,12.5832,3.65497,6.73487,0.188988,0.857113,20.3177,7.29632,2.41856,3.0168,1.31254,0.190219,0.0630531,0.12716542184352875,0.26497,1.31775,0.300813,0.693266,,,4.31841,0.211656,0.173375,999,1.47308,-1.26891,1.11251,1.47308,1.26891,3.51665,84.20000000000002,3.3680000000000008,89,3.56,,,,,,,,,,,,,,,,,,,"Mitch Bratt","sa3017719",683352
"Gordon Graceffo","STL",2.86397,2.48793,0,4.27523,50.7407,0.165492,0.10894,5.41372,1.46177,60.628,258.859,61.3752,31.3042,28.7998,6.75081,18.8483,0.859618,2.2084,49.3608,7.32743,2.79795,2.61885,1.00213,0.190686,0.0728127,0.11787307262420654,0.258093,1.32321,0.300644,0.691221,,,3.99627,0.210451,0.089369,999,3.28071,-1.58435,0.614492,3.28071,1.58435,4.18068,261.70000000000005,4.29016393442623,269,4.409836065573771,,,,,,,,,,,,,,,,,,,"Gordon Graceffo","29519",700669
"Calvin Faucher","MIA",3.159,3.55998,0,4.0838,63.2124,0.0863627,4.95267,14.1982,2.80667,65.826,284.508,62.3247,32.4662,29.8689,7.34643,27.3686,1.31924,3.17129,64.8227,8.86282,3.74194,2.36851,1.00443,0.227841,0.0961961,0.13164513558149338,0.245404,1.36258,0.302412,0.720669,,,4.00831,0.209881,0.334598,526.239990234375,1.62391,-1.16281,0.667477,1.62391,1.16281,4.11003,362.1000000000001,5.486363636363637,360,5.454545454545454,,,,,,,,,,,,,,,,,,,"Calvin Faucher","20116",676534
"Gavin Stone","LAD",1.29499,1.12683,1.01976,4.44697,12.0927,2.7775,0,0.508186,0,24.8657,105.692,24.912,13.3547,12.2863,3.48524,7.66469,0.157186,0.756644,21.8176,7.89678,2.7742,2.84651,1.26146,0.206426,0.0725188,0.13390682637691498,0.256109,1.31011,0.297725,0.694001,,,4.21843,0.207808,0.162812,665.8499755859375,1.87768,0.279744,1.11508,1.87768,-0.279744,3.51323,104.1,4.164,107,4.28,,,,,,,,,,,,,,,,,,,"Gavin Stone","27792",694813
"Evan Sisk","PIT",1.7765,1.9247,0,3.8546,44.5554,0,0,5.13268,0.426949,45.4083,197.785,43.4108,21.139,19.4479,4.21249,19.9249,0.742816,2.31142,43.8279,8.68674,3.94914,2.19966,0.834921,0.221593,0.10074,0.12085322290658951,0.247286,1.3948,0.307416,0.734645,,,3.87983,0.207246,0.322018,999,4.65606,-2.16655,0.873698,4.65606,2.16655,3.83507,214,4.7555555555555555,215,4.777777777777778,,,,,,,,,,,,,,,,,,,"Evan Sisk","24995",681895
"Brock Burke","CIN",2.89765,2.00341,0,4.21513,61.5763,0.110493,0.770473,10.1583,2.51332,62.9419,267.965,61.3985,32.0421,29.4787,8.73442,20.9982,2.3314,2.40787,57.5831,8.23375,3.00251,2.74229,1.24893,0.21489,0.0783615,0.13652847707271576,0.251057,1.30909,0.295464,0.717624,,,4.22502,0.204658,0.282322,999,1.56303,-1.11533,0.579525,1.56303,1.11533,4.2273,288.9000000000001,4.585714285714287,290,4.603174603174603,,,,,,,,,,,,,,,,,,,"Brock Burke","17968",656271
"Brandon Williamson","CIN",1.87421,2.05026,1.22437,4.41251,30.3075,3.0462,0,1.05256,0,47.1397,201.539,45.6391,25.1213,23.1116,7.28878,16.5701,0.381735,2.15323,41.9608,8.01124,3.1636,2.53232,1.39159,0.208202,0.0822179,0.1259840726852417,0.249645,1.31968,0.287126,0.713162,,,4.5565,0.202789,0.269096,999,1.70656,-0.445684,0.785263,1.70656,0.445684,3.95298,173.10000000000005,3.6829787234042564,175,3.723404255319149,,,,,,,,,,,,,,,,,,,"Brandon Williamson","25463",682227
"Gabriel Hughes","COL",1.81297,2.96866,2.04032,5.20899,15.5587,5.51946,0,0.64546,0,39.704,175.866,44.3536,24.978,22.9798,6.00521,14.2478,0.445142,1.72576,28.5729,6.47683,3.22965,2.00543,1.36124,0.16247,0.0810151,0.08145493268966675,0.277397,1.47596,0.306018,0.669867,,,4.86903,0.200705,0.214831,999,0.573174,0.00203256,0.716975,0.573174,-0.00203256,4.04403,121.79999999999998,3.0449999999999995,136,3.4,,,,,,,,,,,,,,,,,,,"Gabriel Hughes","sa3020661",687312
"Austin Warren","NYM",2.03419,1.16401,0,4.00887,36.5026,0,0,3.19458,0,40.8798,173.907,38.9751,19.7925,18.2091,5.2002,14.3465,0.549941,1.6252,36.5843,8.05431,3.15848,2.55006,1.14486,0.210367,0.0824951,0.12787190824747086,0.246779,1.30435,0.290785,0.728239,,,4.17107,0.199921,0.145661,999,1.79575,-1.72183,0.939849,1.79575,1.72183,3.74687,178.50000000000003,4.353658536585367,178,4.341463414634147,,,,,,,,,,,,,,,,,,,"Austin Warren","24937",681810
"DJ Herz","WSN",0.985517,1.39948,0.453071,3.80051,17.8449,1.02619,0.199413,0.953877,0,25.9751,110.507,21.263,11.9226,10.9688,2.95771,12.5728,0.464848,1.08314,29.3698,10.1762,4.3563,2.33597,1.0248,0.265774,0.113775,0.15199929475784302,0.219544,1.30263,0.283701,0.737944,,,3.93123,0.198473,0.235625,749.1799926757812,1.86911,-1.12297,1.158,1.86911,1.12297,3.456,120.9,4.65,111,4.269230769230769,,,,,,,,,,,,,,,,,,,"DJ Herz","26389",687792
"Luke Little","CHC",1.11436,0.562036,0,3.42032,20.48,0,0,1.19697,0,21.4243,92.7508,17.0174,8.85,8.142,1.61439,12.0286,0.37261,1.36011,23.7171,9.96315,5.053,1.97173,0.678178,0.255708,0.129687,0.126020610332489,0.214427,1.35575,0.285079,0.75398,,,3.77548,0.197459,0.202769,999,1.74549,-0.250757,1.22216,1.74549,0.250757,3.37045,99.60000000000001,4.742857142857143,92,4.380952380952381,,,,,,,,,,,,,,,,,,,"Luke Little","28036",681432
"Jaden Hill","COL",1.70689,2.16529,0,4.56842,51.3921,0,0.0413714,4.47055,0,53.1616,232.273,53.2147,29.3315,26.985,6.59885,20.717,0.764347,3.64098,50.293,8.51436,3.50728,2.42762,1.11715,0.216525,0.0891924,0.12733303755521774,0.255944,1.3907,0.308667,0.689409,,,4.23128,0.195525,0.254244,999,2.39859,-1.15663,0.609958,2.39859,1.15663,4.18672,209.3,3.949056603773585,215,4.056603773584905,,,,,,,,,,,,,,,,,,,"Jaden Hill","30250",677955
"Isaac Mattson","PIT",3.20263,3.39428,0,4.29018,59.2692,0,2.30937,15.7698,3.22649,65.944,283.527,59.5722,34.168,31.4346,8.05223,28.527,1.55558,3.53107,61.7009,8.4209,3.89335,2.16289,1.09896,0.217619,0.100615,0.11700408905744553,0.236896,1.33597,0.283519,0.70199,,,4.30964,0.193534,0.151851,749.6199951171875,2.48486,1.17277,0.519683,2.48486,-1.17277,4.30709,333.0000000000001,5.045454545454547,325,4.924242424242424,,,,,,,,,,,,,,,,,,,"Isaac Mattson","20385",676755
"Ryan Thompson","ARI",3.153,2.46055,0,4.10752,61.0148,0,3.08733,13.219,5.01991,63.0846,268.874,63.1377,31.2948,28.7912,6.34297,19.3064,1.71968,2.85389,51.4117,7.33468,2.75436,2.66294,0.904924,0.191211,0.0718045,0.11940642446279526,0.255915,1.30688,0.300566,0.695304,,,3.86616,0.191235,0.262524,737,2.23384,-1.23502,0.707271,2.23384,1.23502,4.05697,331.6,5.2634920634920634,340,5.396825396825397,,,,,,,,,,,,,,,,,,,"Ryan Thompson","16647",657044
"Ryne Stanek","STL",2.70986,2.67392,0,4.25448,59.2913,0,1.7013,9.84968,3.07263,59.0982,254.025,53.1592,30.3662,27.9369,7.80033,26.5131,0.985181,2.19977,60.0376,9.14306,4.03765,2.26445,1.1879,0.236345,0.104372,0.13197312504053116,0.235936,1.34813,0.28804,0.71716,,,4.27676,0.187884,0.0847596,716.030029296875,3.05586,-1.53102,0.576227,3.05586,1.53102,4.2317,283.40000000000003,4.8033898305084755,274,4.6440677966101696,,,,,,,,,,,,,,,,,,,"Ryne Stanek","15947",592773
"Keaton Winn","SFG",0.596529,1.42283,0.149042,3.93407,20.8986,0.449877,0,0.788727,0,25.4421,107.372,24.7251,12.0883,11.1212,2.75229,7.50351,0.342178,1.10673,22.9005,8.10093,2.65433,3.05197,0.973607,0.213282,0.0698834,0.14339885860681534,0.250351,1.26674,0.30055,0.709781,,,3.75653,0.183228,0.108849,746.6500244140625,1.8072,-1.26001,1.23881,1.8072,1.26001,3.34826,106.1,4.244,109,4.36,,,,,,,,,,,,,,,,,,,"Keaton Winn","23499",676775
"PJ Poulin","WSN",3.42584,2.80269,0,3.96466,58.8204,0,2.7899,9.85624,3.00659,60.2859,260.781,56.1578,28.8663,26.557,6.59915,26.026,1.06463,3.04466,57.0596,8.51835,3.88539,2.19241,0.985178,0.218803,0.0998003,0.11900241672992706,0.242362,1.36323,0.294901,0.730927,,,4.11185,0.174631,0.273306,744.530029296875,2.79111,-3.32155,0.662438,2.79111,3.32155,4.11675,294.29999999999995,4.904999999999999,291,4.85,,,,,,,,,,,,,,,,,,,"PJ Poulin","23394",676571
"Philip Abner","ARI",1.31706,1.0338,0,4.19141,28.4022,0,0.0167949,1.32773,0.680251,29.4752,126.291,28.5578,14.9206,13.727,3.20163,10.9343,0.334024,1.026,27.222,8.312,3.33869,2.4896,0.977589,0.21555,0.0865802,0.12896966189146042,0.249782,1.33984,0.302193,0.701845,,,3.91742,0.173302,0.047271,999,3.35795,-3.21084,1.05965,3.35795,3.21084,3.58714,124.30000000000001,4.286206896551724,128,4.413793103448276,,,,,,,,,,,,,,,,,,,"Philip Abner","33821",691769
"Matt Waldron","SDP",2.41768,3.17147,2.80513,4.86561,8.29365,7.90929,0,0.0848788,0,44.7574,193.761,45.9659,26.301,24.1969,7.25206,15.4491,0.21127,2.1022,34.3964,6.91657,3.10657,2.22643,1.45827,0.17752,0.0797328,0.09778682142496109,0.260859,1.37218,0.287704,0.68499,,,4.88095,0.169347,0.20667,999,7.14337,-2.25637,0.70817,7.14337,2.25637,4.05577,144.29999999999998,3.206666666666666,151,3.3555555555555556,,,,,,,,,,,,,,,,,,,"Matt Waldron","25550",663362
"Blade Tidwell","SFG",1.40848,1.54628,0.639531,4.42084,17.7248,2.29921,0,0.584086,0,28.9738,124.972,28.2245,15.4696,14.232,3.98992,11.2063,0.236392,1.22721,25.5768,7.94482,3.48096,2.28237,1.23937,0.204661,0.0896705,0.1149904653429985,0.2508,1.36091,0.292084,0.70797,,,4.44721,0.161873,0.127266,719.1799926757812,1.77532,-1.98405,1.02575,1.77532,1.98405,3.63233,112.60000000000004,3.8827586206896565,113,3.896551724137931,,,,,,,,,,,,,,,,,,,"Blade Tidwell","31701",694918
"Brennan Bernardino","COL",2.51604,2.27795,0,4.51281,56.9748,0.395006,0.625625,6.22993,0.844247,56.9335,250.973,57.2945,31.0302,28.5478,6.72763,24.5097,2.90247,3.4926,51.7473,8.18017,3.87448,2.1113,1.0635,0.206187,0.0976587,0.10852785408496857,0.256959,1.43684,0.307405,0.701438,,,4.32901,0.161549,0.290352,999,3.06475,-2.07565,0.529258,3.06475,2.07565,4.29432,236.49999999999994,4.149122807017543,243,4.2631578947368425,,,,,,,,,,,,,,,,,,,"Brennan Bernardino","16835",657514
"Wandy Peralta","SDP",2.89779,2.05311,0,3.74102,58.8295,0.0928764,0.112435,6.84284,1.59123,59.6499,255.865,55.6184,26.9506,24.7946,5.9518,23.7033,1.27093,2.96205,50.878,7.6765,3.57637,2.14645,0.898011,0.198847,0.0926399,0.10620720684528351,0.242664,1.32979,0.28814,0.737733,,,4.06747,0.15843,0.446421,999,1.07992,-2.04793,0.786127,1.07992,2.04793,3.95183,273.6,4.5600000000000005,271,4.516666666666667,,,,,,,,,,,,,,,,,,,"Wandy Peralta","14295",593974
"Bryan Hoeing","SDP",1.15697,1.15856,0.343221,4.19607,21.4141,1.72334,0,0.931819,0,29.4662,125.555,29.4448,14.9326,13.738,3.54891,9.40723,0.29835,0.956284,23.6353,7.21906,2.87329,2.51247,1.08396,0.188247,0.0749252,0.11332186311483383,0.255616,1.31853,0.294248,0.705929,,,4.15175,0.148836,0.115715,999,0.737212,0.0714363,1.11217,0.737212,-0.0714363,3.51711,112.00000000000003,3.8620689655172424,115,3.9655172413793105,,,,,,,,,,,,,,,,,,,"Bryan Hoeing","26304",663773
"Porter Hodge","CHC",2.36603,2.05351,0,3.94442,45.623,0,0.759829,6.89384,3.55563,48.4576,208.605,41.4763,23.0842,21.2374,5.66203,23.9979,1.10587,2.11899,52.3405,9.72117,4.45712,2.18104,1.05161,0.250907,0.11504,0.13586732745170593,0.227282,1.35117,0.287699,0.736611,,,4.11076,0.147766,0.213071,736.6799926757812,2.20211,-0.189127,0.762816,2.20211,0.189127,3.98291,233.80000000000004,4.8708333333333345,221,4.604166666666667,,,,,,,,,,,,,,,,,,,"Porter Hodge","26413",687863
"Bradgley Rodriguez","SDP",2.9896,0.909118,0,4.10076,39.416,0,0,3.0022,1.29819,42.1879,183.502,38.5117,20.894,19.2225,4.52923,18.507,3.42843,3.71646,38.2962,8.16978,3.94813,2.06928,0.966227,0.208696,0.100855,0.10784166306257248,0.23879,1.35154,0.286885,0.712831,,,4.29561,0.145214,0.0967396,999,1.96857,1.16513,0.808308,1.96857,-1.16513,3.92226,166.9,3.973809523809524,164,3.9047619047619047,,,,,,,,,,,,,,,,,,,"Bradgley Rodriguez","29107",699134
"Nick Raquet","STL",2.25903,1.41256,0,4.1636,31.081,0,0,1.5278,0.755821,33.494,143.965,33.581,16.8425,15.4951,3.81323,11.4978,0.614178,1.41893,26.0611,7.00274,3.08951,2.26662,1.02463,0.181023,0.079865,0.10115846246480942,0.256249,1.34588,0.294223,0.710522,,,4.21593,0.144037,0.0249024,999,1.35096,-0.324675,0.989418,1.35096,0.324675,3.68078,130.60000000000005,3.9575757575757593,137,4.151515151515151,,,,,,,,,,,,,,,,,,,"Nick Raquet","20333",675919
"José Buttó","SFG",3.74834,3.8957,0.230103,4.05267,54.5309,0.314671,2.911,10.3427,2.37444,62.898,270.981,58.3869,30.7856,28.3227,7.05174,26.4983,1.39756,3.06311,58.2332,8.33253,3.79162,2.19762,1.00903,0.214897,0.0977865,0.11711102724075317,0.241848,1.34957,0.291454,0.721206,,,4.15092,0.141884,0.196317,745.3800048828125,2.01465,0.916778,0.605696,2.01465,-0.916778,4.1924,313.3,4.973015873015873,308,4.888888888888889,,,,,,,,,,,,,,,,,,,"Jose Butto","23313",676130
"Yohan Ramírez","PIT",1.89723,1.99916,0,4.22236,42.447,0,0.0240855,3.36572,1.38755,46.1578,201.82,43.7948,23.538,21.655,4.72091,18.8431,1.20197,4.86265,45.6743,8.90574,3.67409,2.42393,0.920498,0.226313,0.0933659,0.13294671475887299,0.245881,1.35704,0.305937,0.697855,,,4.02643,0.137021,0.0756159,999,2.4464,-1.27175,0.769491,2.4464,1.27175,3.97401,196.50000000000003,4.271739130434783,197,4.282608695652174,,,,,,,,,,,,,,,,,,,"Yohan Ramirez","19444",670990
"Justin Hagenman","NYM",1.00917,1.07636,0,4.02297,23.7034,0.11587,0.168162,1.34527,0,28.9882,120.666,27.946,14.0844,12.9576,4.34891,7.28078,0.430118,1.08338,26.3821,8.19088,2.26047,3.62353,1.35021,0.218638,0.0603383,0.1582992970943451,0.248847,1.21521,0.289284,0.725587,,,4.13086,0.13647,0.118051,999,3.14255,-1.23458,1.1942,3.14255,1.23458,3.40773,124.60000000000004,4.296551724137933,125,4.310344827586207,,,,,,,,,,,,,,,,,,,"Justin Hagenman","21546",663795
"Seth Halvorsen","COL",3.34762,3.60577,0,4.63441,55.7116,0,7.91707,8.01381,4.00873,58.6433,258.231,59.4284,32.8233,30.1974,7.70555,25.7056,1.26558,2.44529,52.8654,8.11327,3.94505,2.05657,1.18257,0.204721,0.099545,0.10517604649066925,0.258294,1.45173,0.305133,0.703609,,,4.48046,0.133644,0.218746,587.8499755859375,4.35148,-0.548342,0.864369,4.35148,0.548342,3.84751,278.80000000000007,4.725423728813561,285,4.830508474576271,,,,,,,,,,,,,,,,,,,"Seth Halvorsen","33294",678020
"Sean Sullivan","COL",2.07454,3.28423,3.29854,5.22248,8.01157,8.01157,0,0,0,46.0232,200.046,50.5564,29.0284,26.7061,8.38399,13.5628,0.178246,1.99905,34.3149,6.7104,2.65226,2.53007,1.63952,0.171535,0.0677986,0.10373671352863312,0.274043,1.39319,0.297439,0.669907,,,5.02652,0.133383,0.0610998,999,0.738382,1.48655,0.67096,0.738382,-1.48655,4.10539,129.4,2.8130434782608695,146,3.1739130434782608,,,,,,,,,,,,,,,,,,,"Sean Sullivan","sa3023162",807743
"JR Ritchie","ATL",0.996506,1.05121,1.31615,4.61669,2.92171,2.92171,0,0,0,17.1648,74.3139,16.9758,9.5706,8.80495,2.25929,6.50078,0.0661916,0.887684,14.1275,7.40746,3.40854,2.1732,1.18461,0.190106,0.0874774,0.10262882709503174,0.253652,1.36771,0.291193,0.684565,,,4.49146,0.13278,0.0754737,999,0.196605,1.4797,1.20863,0.196605,-1.4797,3.38849,61.000000000000014,3.588235294117648,63,3.7058823529411766,,,,,,,,,,,,,,,,,,,"JR Ritchie","sa3020395",702275
"Ron Marinaccio","SDP",1.93564,1.17393,0,4.19708,37.4215,0,0,1.70217,2.26166,41.1904,177.823,37.658,20.8791,19.2088,5.07141,17.6674,0.551314,2.63305,38.9664,8.51405,3.86028,2.20555,1.10809,0.219131,0.099354,0.1197766363620758,0.239065,1.34316,0.287146,0.714276,,,4.32223,0.129345,0.0433182,999,1.60716,0.731157,0.858174,1.60716,-0.731157,3.85577,166.10000000000002,4.051219512195122,163,3.975609756097561,,,,,,,,,,,,,,,,,,,"Ron Marinaccio","23488",676760
"Justin Bruihl","STL",1.54379,1.71816,0,4.11715,42.6373,0,0,6.19102,1.99877,43.4322,187.839,41.9046,21.5962,19.8685,4.65682,16.8082,3.62516,2.73861,38.8782,8.05633,3.48299,2.31305,0.964985,0.206976,0.0894819,0.11749429255723953,0.248999,1.35183,0.298562,0.711137,,,4.08887,0.128259,0.0479188,999,1.77613,-1.20913,0.890595,1.77613,1.20913,3.81254,189.5,4.406976744186046,192,4.465116279069767,,,,,,,,,,,,,,,,,,,"Justin Bruihl","23779",677865
"David Morgan","SDP",2.20065,2.25043,0,3.93258,58.5663,0.253675,0.0300032,6.95049,1.45967,62.5288,268.667,56.5933,29.698,27.3222,7.30904,26.9823,1.35736,3.13251,61.7407,8.88656,3.88365,2.28819,1.05202,0.229804,0.10043,0.12937357276678085,0.237237,1.33659,0.290758,0.734598,,,4.12477,0.125357,0.298921,747.8499755859375,1.44953,0.0161448,0.680857,1.44953,-0.0161448,4.09219,293.90000000000003,4.665079365079365,286,4.5396825396825395,,,,,,,,,,,,,,,,,,,"David Morgan","31616",688158
"Jacob Webb","CHC",2.44472,2.4344,0,4.19612,48.6372,0,0.0392894,6.71433,1.14917,51.0284,216.06,45.9343,25.86,23.7912,6.94495,19.4732,1.41479,2.15998,47.1454,8.31515,3.43454,2.42103,1.2249,0.218205,0.0901288,0.12807612121105194,0.236255,1.28179,0.277827,0.710205,,,4.32846,0.118644,0.0663393,999,1.13272,0.498867,0.767532,1.13272,-0.498867,3.97662,230.70000000000007,4.523529411764708,223,4.372549019607843,,,,,,,,,,,,,,,,,,,"Jacob Webb","19274",657097
"Cade Gibson","MIA",2.34406,2.92438,0,3.94965,55.8797,0.10664,0.0261877,6.18877,2.77148,61.2795,266.4,60.2102,29.231,26.8925,5.68511,23.9706,1.87497,3.89615,48.498,7.12282,3.52052,2.02323,0.834961,0.182049,0.0899798,0.09206973016262054,0.252418,1.37372,0.295769,0.720922,,,4.12259,0.114658,0.36733,999,2.3406,-0.0841463,0.735677,2.3406,0.0841463,4.0191,257.6000000000001,4.222950819672133,263,4.311475409836065,,,,,,,,,,,,,,,,,,,"Cade Gibson","31815",806188
"Andre Granillo","STL",1.84501,0.799158,0,4.36447,32.8073,0,0.207393,2.23611,0,36.9897,157.745,33.7396,19.4977,17.9378,4.95507,14.9133,0.676915,1.45211,34.6715,8.43594,3.62858,2.32486,1.20562,0.219794,0.0945408,0.12525343894958496,0.238645,1.31531,0.282886,0.698902,,,4.32923,0.113778,0.0341111,999,2.15106,-2.78474,0.915213,2.15106,2.78474,3.77972,153.9,4.15945945945946,150,4.054054054054054,,,,,,,,,,,,,,,,,,,"Andre Granillo","29542",701552
"Carlos Rodriguez","MIL",1.72331,2.23391,0.897001,4.4803,19.7335,2.33604,0,0.582023,0,32.4933,139.932,30.6568,17.5821,16.1755,4.76058,13.5538,0.209114,1.16651,29.2737,8.10824,3.75412,2.15982,1.31859,0.209199,0.0968593,0.11233946681022644,0.244839,1.36061,0.284018,0.709227,,,4.59701,0.113472,-0.00987341,999,1.66437,-1.28826,0.942232,1.66437,1.28826,3.74369,111.70000000000002,3.4906250000000005,112,3.5,,,,,,,,,,,,,,,,,,,"Carlos Rodriguez","30161",692230
"Adbert Alzolay","NYM",2.24503,2.20179,0,4.06221,54.5003,0,1.19975,3.55577,9.54616,54.6303,230.047,51.2273,26.8019,24.6578,7.84722,17.3165,1.18999,2.5293,51.1737,8.43054,2.85279,2.95519,1.29278,0.222448,0.0752738,0.147174634039402,0.243706,1.25469,0.286942,0.725218,,,4.21886,0.113127,0.177888,999,1.38305,-1.22428,0.82033,1.38305,1.22428,3.90623,239.00000000000003,4.345454545454546,234,4.254545454545455,,,,,,,,,,,,,,,,,,,"Adbert Alzolay","17859",640470
"Reiver Sanmartin","SFG",1.89262,1.41147,0,4.03836,34.9131,0.175157,0,2.14153,0.280101,38.4957,165.949,39.6805,18.7753,17.2733,3.86939,12.7853,3.71483,1.46107,29.0925,6.8016,2.98911,2.27546,0.904634,0.175309,0.0770436,0.09826578944921494,0.261567,1.3629,0.30159,0.716078,,,4.0406,0.111945,0.0875263,999,1.20567,-1.03601,0.975205,1.20567,1.03601,3.69973,152,4,162,4.2631578947368425,,,,,,,,,,,,,,,,,,,"Reiver Sanmartin","19754",665665
"Connor Phillips","CIN",3.16952,2.30783,0,4.18201,47.3355,0.477438,2.9216,4.03182,0.427522,53.0272,227.114,45.0502,26.7827,24.64,7.28574,24.6866,0.444391,3.06777,57.085,9.68871,4.18992,2.31239,1.23657,0.25135,0.108697,0.1426527127623558,0.225975,1.31511,0.279761,0.721473,,,4.33844,0.106999,0.229815,619.8499755859375,1.36802,0.412849,0.659649,1.36802,-0.412849,4.12047,250.10000000000002,4.718867924528302,235,4.433962264150943,,,,,,,,,,,,,,,,,,,"Connor Phillips","27649",683175
"Rob Zastryzny","MIL",2.45506,1.69388,0,3.99408,45.5639,0.421762,0.0431956,3.17685,0.944043,45.4984,193.517,42.2052,21.9474,20.1916,5.97863,16.8732,2.09341,2.03779,41.6195,8.23272,3.33768,2.4666,1.18263,0.215069,0.0871926,0.12787679582834244,0.241718,1.29847,0.285232,0.732248,,,4.26081,0.105308,0.162774,999,1.13716,-1.11656,0.862748,1.13716,1.11656,3.84967,189,4.2,186,4.133333333333334,,,,,,,,,,,,,,,,,,,"Rob Zastryzny","15094",642239
"Tristan Beck","SFG",1.61536,0.861537,0,4.1446,30.8464,0.0702559,0.178217,1.33027,0,36.895,156.645,35.5604,18.468,16.9905,4.72987,12.1244,0.540611,1.59563,30.9999,7.56197,2.95757,2.55682,1.15378,0.197899,0.0774006,0.12049853801727295,0.248805,1.29245,0.287612,0.711512,,,4.23687,0.104129,0.136459,999,1.13907,0.178846,1.0157,1.13907,-0.178846,3.64573,142.70000000000002,3.856756756756757,144,3.891891891891892,,,,,,,,,,,,,,,,,,,"Tristan Beck","21584",663941
"Sammy Peralta","MIL",0.413759,1.03898,0,4.17913,19.0824,0,0,0.744018,1.40381,22.6077,96.6205,22.0984,11.4107,10.4978,2.70525,7.89814,0.981741,0.835499,18.777,7.47502,3.1442,2.3774,1.07694,0.194338,0.0817439,0.11259394139051437,0.251441,1.32682,0.292045,0.709134,,,4.18854,0.104009,0.108333,999,1.65029,-1.60566,1.23709,1.65029,1.60566,3.35055,91.10000000000001,3.9608695652173918,91,3.9565217391304346,,,,,,,,,,,,,,,,,,,"Sammy Peralta","25589",671111
"Julian Fernández","WSN",2.68434,2.24342,0,3.96862,59.5926,0,1.36634,9.61757,0,61.9289,260.89,55.0904,29.6826,27.308,8.22172,23.1974,1.00819,2.38905,60.1861,8.74673,3.37123,2.59452,1.19485,0.230695,0.0889163,0.14177916198968887,0.234125,1.26416,0.280826,0.727869,,,4.15678,0.102964,0.27902,747.6199951171875,2.35032,-0.907778,0.715287,2.35032,0.907778,4.04628,307.4,4.958064516129032,296,4.774193548387097,,,,,,,,,,,,,,,,,,,"Julian Fernandez","18341",642759
"Tink Hence","STL",0.54568,0.878603,0.452289,4.46031,2.13158,1.78309,0,0,0,9.18983,39.4712,9.1494,4.95042,4.55439,1.21318,3.32965,0.074414,0.249721,7.75208,7.59194,3.26087,2.3282,1.18812,0.196398,0.0843564,0.11204195022583008,0.254916,1.35792,0.294736,0.69835,,,4.33269,0.0970046,0.0604766,999,1.09217,0.0947501,1.36127,1.09217,-0.0947501,3.18497,37.90000000000001,4.211111111111112,39,4.333333333333333,,,,,,,,,,,,,,,,,,,"Tink Hence","sa3014709",693311
"Andrew Saalfrank","ARI",3.80726,3.26062,0.227926,4.22036,61.182,0.311694,15.1929,10.6586,3.36986,64.1339,278.771,60.7562,32.6894,30.0742,5.9214,29.2793,6.18892,2.10558,54.5506,7.65517,4.1088,1.86311,0.830959,0.195683,0.10503,0.09065289795398712,0.245593,1.40387,0.293369,0.701519,,,4.10236,0.0967809,0.114727,568.469970703125,3.72837,2.27148,1.27969,3.72837,-2.27148,3.29374,377.19999999999993,5.893749999999999,378,5.90625,,,,,,,,,,,,,,,,,,,"Andrew Saalfrank","26203",685314
"Dylan Ross","NYM",1.23347,1.11124,0,3.87231,34.4963,0,0.0241535,2.45846,0.930123,35.5996,154.21,30.4424,16.6489,15.317,3.91638,18.6887,0.898894,1.48383,37.4021,9.45569,4.72473,2.00132,0.990107,0.24254,0.12119,0.12135010212659836,0.227119,1.3801,0.286091,0.744183,,,4.16398,0.0964854,0.185492,999,2.61571,-1.74109,0.99554,2.61571,1.74109,3.67261,161.20000000000005,4.477777777777779,150,4.166666666666667,,,,,,,,,,,,,,,,,,,"Dylan Ross","sa3025659",697811
"Jean Cabrera","PHI",0.956909,1.0726,1.00595,4.92922,2.85502,2.85502,0,0,0,16.7579,73.5496,17.57,9.97627,9.17817,2.40963,6.41619,0.119553,0.79789,11.7639,6.31793,3.44587,1.83348,1.29411,0.159946,0.0872362,0.07270938903093338,0.264865,1.43133,0.29064,0.679673,,,4.89189,0.0942857,0.0861882,999,1.07695,1.02901,1.18979,1.07695,-1.02901,3.41361,57.40000000000002,3.3764705882352954,62,3.6470588235294117,,,,,,,,,,,,,,,,,,,"Jean Cabrera","sa3015433",691893
"Jack Wenninger","NYM",0,0.848012,0,5.24807,1.6476,1.6476,0,0,0,6.89569,29.1839,6.62916,4.37066,4.02101,0.849502,2.48824,0,0,5.93978,7.75238,3.24755,2.38715,1.10874,0.20353,0.0852607,0.1182689368724823,0.248324,1.32219,0.290343,0.598724,,,4.09641,0.0941418,0.0358832,999,0.821038,1.04592,1.41254,0.821038,-1.04592,3.11661,27.3,3.9,28,4,,,,,,,,,,,,,,,,,,,"Jack Wenninger","sa3023282",811307
"Danny Young","ATL",0.93851,0.600201,0,3.88403,19.3627,0,0,4.44897,0,19.4479,84.3925,17.9292,9.12274,8.39292,1.83288,8.46365,0.298993,1.4063,20.3597,9.42195,3.91677,2.40554,0.848212,0.24125,0.100289,0.1409606635570526,0.240588,1.35711,0.307593,0.724819,,,3.78909,0.0892263,0.10979,999,0.469362,-0.0753033,1.21537,0.469362,0.0753033,3.3795,98.2,5.1684210526315795,98,5.157894736842105,,,,,,,,,,,,,,,,,,,"Danny Young","18439",664849
"Grant Anderson","MIL",2.30073,2.57539,0,4.22743,52.928,0,0.03139,6.51607,2.99027,56.7184,242.29,52.8978,28.9581,26.6414,7.69748,21.9191,1.88709,2.42268,55.4413,8.79735,3.47809,2.52936,1.22143,0.228822,0.0904662,0.13835559040308,0.242708,1.31909,0.291974,0.716091,,,4.23196,0.0877865,0.0900271,999,1.65582,0.148407,0.644525,1.65582,-0.148407,4.14063,251.59999999999997,4.414035087719298,247,4.333333333333333,,,,,,,,,,,,,,,,,,,"Grant Anderson","20546",681982
"Tim Mayza","PHI",0.840697,0.901125,0,4.15062,27.8247,0,0,1.96657,0.511792,28.6343,122.831,28.5242,14.3539,13.2055,3.25215,9.76652,0.612643,1.21501,23.3951,7.35328,3.0697,2.39544,1.02218,0.190465,0.0795116,0.11095339059829712,0.255022,1.33723,0.296611,0.709499,,,4.12809,0.0868477,0.156891,999,0.927381,-1.85692,1.1373,0.927381,1.85692,3.4836,123.30000000000001,4.251724137931035,127,4.379310344827586,,,,,,,,,,,,,,,,,,,"Tim Mayza","15042",641835
"Gregory Santos","SFG",0.518329,0.973762,0,3.93353,18.6969,0,0.410898,1.41971,2.20689,19.6871,85.2892,18.9773,9.35264,8.60443,1.69007,8.07733,0.854912,0.94508,16.7703,7.6666,3.69257,2.07622,0.772619,0.196629,0.0947052,0.10192402452230453,0.248828,1.37423,0.299055,0.717013,,,3.92232,0.0858373,0.148822,999,1.26529,-1.40387,1.26906,1.26529,1.40387,3.30792,85,4.25,85,4.25,,,,,,,,,,,,,,,,,,,"Gregory Santos","21894",666619
"Jonathan Loáisiga","ARI",1.80043,1.93146,0,3.94788,50.7918,0,0.924634,7.97033,5.40518,53.8156,231.379,54.1135,25.6591,23.6064,5.89229,18.0908,1.92418,2.57104,45.267,7.57035,3.02547,2.50221,0.985413,0.19564,0.0781871,0.11745314300060272,0.256807,1.3417,0.302218,0.727779,,,4.02803,0.084468,0.282771,748.5900268554688,2.94842,-1.67025,0.853357,2.94842,1.67025,3.86219,249.4,4.618518518518519,256,4.7407407407407405,,,,,,,,,,,,,,,,,,,"Jonathan Loaisiga","19753",642528
"Dylan Dodd","ATL",1.12171,1.11041,0,4.15235,34.283,0.108319,0,1.78676,0.580965,38.0935,161.243,38.9726,19.1036,17.5753,4.95965,10.303,0.638055,1.11581,32.4864,7.67528,2.4342,3.1531,1.17177,0.201475,0.0638973,0.13757724314928055,0.260121,1.29354,0.302664,0.712746,,,4.02135,0.0821554,0.11807,999,2.00191,-0.434913,1.03321,2.00191,0.434913,3.62239,157.29999999999998,4.139473684210526,164,4.315789473684211,,,,,,,,,,,,,,,,,,,"Dylan Dodd","29928",689266
"AJ Smith-Shawver","ATL",0.616331,0.838097,0.386483,4.36423,5.48359,1.91403,0,0.559084,0,12.4947,53.1477,11.3478,6.58574,6.05888,1.80444,4.90134,0.109828,0.538914,12.7607,9.19159,3.53046,2.60351,1.29975,0.240099,0.0922212,0.14787796139717102,0.237861,1.30048,0.28795,0.704179,,,4.27619,0.0810561,0.0296046,999,0.93815,-1.08596,1.31384,0.93815,1.08596,3.24821,47.600000000000016,3.966666666666668,46,3.8333333333333335,,,,,,,,,,,,,,,,,,,"AJ Smith-Shawver","29960",700363
"Richard Lovelady","NYM",1.61575,1.86783,0,4.0254,33.0473,0,0.103091,3.32585,1.20203,34.5945,147.477,32.1261,16.8184,15.473,3.85907,12.0971,0.765755,2.58415,30.469,7.92672,3.14715,2.5187,1.00396,0.206601,0.0820269,0.12457414716482162,0.241921,1.27833,0.287068,0.705936,,,4.09696,0.0806938,0.131846,999,2.0483,-0.614724,1.05735,2.0483,0.614724,3.5902,153.60000000000002,4.388571428571429,150,4.285714285714286,,,,,,,,,,,,,,,,,,,"Richard Lovelady","19337",663992
"Ethan Roberts","CHC",1.35286,1.55862,0,4.35846,33.2329,0,0,1.61529,0,34.6908,149.021,32.6202,18.2607,16.7998,4.73968,13.5602,0.539371,1.89035,32.0868,8.32441,3.51798,2.36625,1.22964,0.215317,0.090995,0.124321848154068,0.244217,1.3312,0.288188,0.706026,,,4.39754,0.0804618,0.0295053,999,1.38258,-0.363633,0.971238,1.38258,0.363633,3.70502,135.7,3.877142857142857,134,3.8285714285714287,,,,,,,,,,,,,,,,,,,"Ethan Roberts","24930",681799
"Jonathan Bowlan","PHI",2.53307,2.1628,0,4.13394,49.5483,0.0341261,0.0265003,4.96239,1.28384,55.394,235.139,52.5736,27.6564,25.4439,7.98196,19.3148,0.405522,2.05371,52.2118,8.48299,3.13813,2.7032,1.29685,0.222047,0.0821424,0.13990455865859985,0.245935,1.29777,0.290355,0.728534,,,4.28052,0.0787649,0.152256,999,2.1796,-0.492474,0.701787,2.1796,0.492474,4.06428,231.8,4.214545454545455,232,4.218181818181818,,,,,,,,,,,,,,,,,,,"Jonathan Bowlan","24607",680742
"Chris Roycroft","STL",1.80453,2.05444,0,4.38206,37.8682,0,0.0200188,1.81812,1.78939,41.1113,181.884,41.2161,21.7575,20.0169,4.01242,18.9101,1.07181,2.12352,32.8549,7.19252,4.13976,1.73743,0.878391,0.180637,0.103968,0.07666873186826706,0.256239,1.46252,0.300071,0.703899,,,4.34046,0.0728967,-0.0586123,999,3.34927,-2.17992,0.812582,3.34927,2.17992,3.91656,158.60000000000005,3.8682926829268305,164,4,,,,,,,,,,,,,,,,,,,"Chris Roycroft","31261",688297
"Luis Perales","WSN",1.29278,1.70258,0.981724,4.40103,16.3689,2.28609,0,1.10739,0,27.4921,120.707,26.5146,14.6127,13.4437,3.64818,12.9778,0.437042,1.2128,25.7528,8.43062,4.24852,1.98437,1.19429,0.213349,0.107515,0.10583425313234329,0.248925,1.4365,0.296522,0.723563,,,4.53527,0.0726311,0.0379487,999,1.5777,-1.38711,1.00631,1.5777,1.38711,3.65825,94.40000000000002,3.496296296296297,97,3.5925925925925926,,,,,,,,,,,,,,,,,,,"Luis Perales","sa3014677",691384
"Adam Mazur","MIA",1.21652,2.61065,1.13469,4.4821,20.5585,3.27056,0,0.918267,0,36.8236,158.523,38.1924,19.9332,18.3386,5.56457,11.7453,0.210531,1.42848,28.6199,6.99494,2.87066,2.4367,1.36003,0.180541,0.0740924,0.10644853860139847,0.262763,1.35614,0.293509,0.711896,,,4.61846,0.0724173,0.149198,999,3.91017,-1.41705,0.959682,3.91017,1.41705,3.72042,124.2,3.3567567567567567,130,3.5135135135135136,,,,,,,,,,,,,,,,,,,"Adam Mazur","31900",800049
"Edgardo Henriquez","LAD",1.50807,1.2891,0,4.089,28.4442,0,0.422778,2.96397,1.7802,28.6233,122.727,25.7827,14.1354,13.0045,3.63054,12.4089,0.262293,1.24147,28.9672,9.10814,3.90172,2.33439,1.14155,0.23603,0.10111,0.13492022454738617,0.236373,1.33428,0.289651,0.726581,,,4.1907,0.0723894,0.118037,999,1.26853,-0.130425,1.05874,1.26853,0.130425,3.58835,128.80000000000004,4.441379310344829,124,4.275862068965517,,,,,,,,,,,,,,,,,,,"Edgardo Henriquez","26944",683618
"Riley Martin","CHC",1.27524,1.31017,0,3.94973,20.299,0,0,1.2154,0,22.4769,97.8399,20.3109,10.7219,9.86418,2.33535,11.1446,0.574001,0.976676,22.3793,8.96091,4.46243,2.00808,0.935101,0.228733,0.113906,0.114826999604702,0.236949,1.39946,0.294662,0.735598,,,4.11236,0.0718748,0.0506731,999,0.346285,-0.118097,1.13867,0.346285,0.118097,3.48178,98.20000000000002,4.463636363636365,96,4.363636363636363,,,,,,,,,,,,,,,,,,,"Riley Martin","sa3017601",702303
"Dax Fulton","MIA",0.514345,1.14436,0.428628,4.39144,9.18805,1.64097,0,0.563581,0,14.9089,66.1645,15.1251,7.90719,7.27462,1.70649,6.99045,0.252025,0.663978,12.4958,7.54327,4.21989,1.78755,1.03015,0.188859,0.105653,0.08320669084787369,0.258505,1.48338,0.302851,0.720269,,,4.48708,0.0715502,0.091312,999,1.15078,-1.25487,1.25391,1.15078,1.25487,3.32811,51.400000000000006,3.426666666666667,53,3.533333333333333,,,,,,,,,,,,,,,,,,,"Dax Fulton","sa3014535",690978
"Kyle Nicolas","PIT",2.04057,2.22331,0,4.34916,50.1938,0,0.351132,6.32625,2.30908,54.2147,238.846,50.912,28.4768,26.1987,5.89793,27.1326,0.767661,3.03683,53.0622,8.80869,4.5042,1.95566,0.979096,0.222161,0.113599,0.10856198519468307,0.243976,1.43955,0.300662,0.710268,,,4.26134,0.0712569,0.106105,999,3.51863,-1.46514,0.603603,3.51863,1.46514,4.1952,233.20000000000002,4.318518518518519,232,4.296296296296297,,,,,,,,,,,,,,,,,,,"Kyle Nicolas","27775",693312
"Brandyn Garcia","ARI",2.41784,2.70604,0,4.08773,43.8539,0,0.0186427,3.75707,0.312154,47.0323,206.399,45.4635,23.2192,21.3617,4.05835,21.2582,0.719445,2.81362,42.0951,8.05522,4.06793,1.98018,0.776598,0.20395,0.102996,0.10095387697219849,0.249351,1.41864,0.304061,0.712688,,,4.00229,0.0672998,0.208681,999,3.99786,-3.23228,0.758478,3.99786,3.23228,3.9887,209.60000000000002,4.459574468085107,211,4.48936170212766,,,,,,,,,,,,,,,,,,,"Brandyn Garcia","33568",805299
"Paxton Schultz","WSN",1.70857,1.59411,0,4.34289,34.503,0.312878,0,1.70417,0,40.7736,174.938,39.0579,21.3859,19.6751,5.77104,15.5489,0.696784,1.67994,37.7839,8.34008,3.43211,2.43001,1.27385,0.215985,0.0888821,0.1271025687456131,0.247658,1.33927,0.291596,0.714007,,,4.38943,0.0671349,0.0662859,999,2.46571,-3.0011,0.86152,2.46571,3.0011,3.85131,158.20000000000002,3.858536585365854,157,3.8292682926829267,,,,,,,,,,,,,,,,,,,"Paxton Schultz","25501",687606
"Hayden Harris","ATL",1.19177,1.24655,0,3.88884,29.4679,0,0,1.54837,0.356688,30.5593,130.237,27.172,14.3527,13.2045,3.5868,12.8067,0.345228,1.33065,31.1608,9.17715,3.7717,2.43316,1.05635,0.239262,0.0983339,0.14092851430177689,0.234041,1.30824,0.289916,0.733069,,,4.00947,0.0661574,0.248898,999,1.09655,-1.26158,1.09774,1.09655,1.26158,3.53635,138,4.451612903225806,131,4.225806451612903,,,,,,,,,,,,,,,,,,,"Hayden Harris","31913",802686
"Trevor Williams","WSN",1.3234,1.84079,0.290135,4.46523,21.559,1.45629,0,1.18107,0,27.6038,117.202,28.4378,14.8862,13.6953,4.12037,7.4745,0.227742,0.962217,22.7651,7.42239,2.437,3.04571,1.34342,0.194239,0.0637748,0.13046442717313766,0.261461,1.30099,0.296991,0.697529,,,4.34311,0.06362,0.032385,999,2.01387,-3.12059,1.09368,2.01387,3.12059,3.54176,111.2,3.9714285714285715,114,4.071428571428571,,,,,,,,,,,,,,,,,,,"Trevor Williams","16977",592866
"Landon Knack","LAD",1.25928,1.36353,0.973214,4.67576,13.8015,2.73074,0.0217616,0.654778,0,26.1685,111.965,24.9276,14.7775,13.5953,4.51978,9.8578,0.146292,1.02926,23.5004,8.08239,3.39035,2.38394,1.55447,0.209891,0.0880436,0.1218472346663475,0.246618,1.32929,0.279339,0.703076,,,4.8325,0.062717,0.00738074,999,1.34503,0.570036,1.06107,1.34503,-0.570036,3.58524,84.9,3.2653846153846158,84,3.230769230769231,,,,,,,,,,,,,,,,,,,"Landon Knack","27487",689017
"Thomas Harrington","PIT",0.9136,1.4318,0.951986,4.90744,8.4076,2.64358,0.22692,0.365877,0,21.1749,91.1783,21.8422,12.5501,11.5461,3.32355,6.91126,0.21881,0.80582,16.7983,7.13979,2.9375,2.43056,1.41261,0.184235,0.0757994,0.1084359735250473,0.261705,1.3579,0.292372,0.672326,,,4.68229,0.0599189,-0.00761391,999,1.61778,-2.13641,1.14538,1.61778,2.13641,3.47283,71.3,3.395238095238095,76,3.619047619047619,,,,,,,,,,,,,,,,,,,"Thomas Harrington","31989",802419
"Hunter Stratton","ATL",0.830856,0.908976,0,4.28747,20.7102,0,0.0411665,2.42215,1.20352,22.238,95.3795,21.639,11.5151,10.5939,2.76407,7.73705,0.270877,1.2908,19.8375,8.02846,3.13128,2.56396,1.11865,0.207984,0.0811186,0.12686589360237122,0.250591,1.32098,0.296076,0.700256,,,4.18476,0.0572915,-0.0325965,999,1.97835,-1.25753,1.19036,1.97835,1.25753,3.41285,89.7,4.077272727272727,92,4.181818181818182,,,,,,,,,,,,,,,,,,,"Hunter Stratton","23455",676702
"Jhony Brito","SDP",0.636541,0.84447,0,4.12432,18.1696,0,0,0.968769,1.28901,20.0836,85.5721,20.1446,10.0038,9.20347,2.43973,6.21614,0.413734,0.768096,16.1647,7.24383,2.78562,2.60044,1.09331,0.188901,0.0726421,0.11625906825065613,0.256332,1.31255,0.295163,0.712874,,,4.1479,0.057259,0.0460665,999,1.37906,-1.29495,1.26336,1.37906,1.29495,3.31552,86.4,4.32,89,4.45,,,,,,,,,,,,,,,,,,,"Jhony Brito","25386",666745
"Pete Hansen","STL",0.150099,0.712787,0.491547,4.65337,1.50921,1.50921,0,0,0,7.82325,34.0128,8.51105,4.39668,4.04494,1.09484,2.53034,0.0547685,0.205708,5.18898,5.96949,2.91095,2.0507,1.25953,0.15256,0.074394,0.07816574722528458,0.272121,1.41136,0.296733,0.698811,,,4.6771,0.0556535,0.0984272,999,0.994374,-0.14289,1.4039,0.994374,0.14289,3.12813,24.500000000000007,3.062500000000001,28,3.5,,,,,,,,,,,,,,,,,,,"Pete Hansen","sa3020798",677337
"Brycen Mautz","STL",0.848882,0.819264,0,3.86335,14.7101,0,0,1.02254,0,15.287,64.8137,14.5544,7.13271,6.5621,1.83127,4.95439,0.380415,0.819849,13.3217,7.84297,2.91683,2.68887,1.07813,0.205538,0.0764405,0.1290978491306305,0.246519,1.27617,0.289909,0.730366,,,4.08273,0.0540616,0.0858507,999,0.281159,1.73603,1.32174,0.281159,-1.73603,3.23768,59.400000000000006,3.9600000000000004,61,4.066666666666666,,,,,,,,,,,,,,,,,,,"Brycen Mautz","sa3020710",802408
"Taylor Clarke","ARI",2.23479,2.27147,0,4.25686,54.67,0.0747605,0.713086,5.51104,1.65519,59.5913,251.21,59.4592,30.6367,28.1858,8.59012,16.1395,0.888793,2.2005,50.4336,7.61693,2.43753,3.12485,1.29736,0.200763,0.0642472,0.1365157663822174,0.255332,1.26862,0.29261,0.707255,,,4.23973,0.0527114,0.10127,749.6500244140625,0.931325,0.471392,0.740992,0.931325,-0.471392,4.01201,254.9,4.248333333333333,258,4.3,,,,,,,,,,,,,,,,,,,"Taylor Clarke","17611",664199
"Griff McGarry","WSN",1.09988,2.13288,0,4.14894,37.5432,0,0,4.72759,0,43.4389,189.313,36.5909,21.7664,20.025,5.02055,24.0852,1.02893,2.22984,46.8855,9.71408,4.99016,1.94665,1.04019,0.247661,0.127224,0.12043659389019012,0.224486,1.39681,0.284182,0.725288,,,4.29634,0.052159,0.0719965,999,1.04021,-1.63973,0.840582,1.04021,1.63973,3.87922,196.5,4.569767441860465,186,4.325581395348837,,,,,,,,,,,,,,,,,,,"Griff McGarry","sa3017130",676046
"Julian Aguiar","CIN",1.5735,1.34521,0.663245,4.68523,22.6605,1.92382,0,0.800232,0,32.2341,138.77,33.0363,18.2396,16.7805,5.15701,10.0561,0.757922,1.87686,24.9969,6.97932,2.80773,2.48575,1.43988,0.180131,0.0724654,0.10766585171222687,0.260462,1.33686,0.288356,0.692807,,,4.77458,0.0518193,0.0776209,999,1.30373,-0.105906,0.979984,1.30373,0.105906,3.69335,107.50000000000001,3.3593750000000004,113,3.53125,,,,,,,,,,,,,,,,,,,"Julian Aguiar","30031",687924
"Joel Payamps","ATL",1.50579,2.33284,0,4.28678,50.473,0,0.343089,7.502,0.863389,50.7213,215.464,49.2339,26.2598,24.159,6.65001,16.294,1.45769,2.33697,46.5387,8.25784,2.89121,2.85619,1.17998,0.215993,0.0756229,0.14037030190229416,0.25013,1.29192,0.296454,0.698498,,,4.10644,0.0515058,0.107841,999,1.83146,-1.43337,0.826894,1.83146,1.43337,3.89748,235.90000000000006,4.625490196078433,236,4.627450980392157,,,,,,,,,,,,,,,,,,,"Joel Payamps","14332",606303
"Welinton Herrera","COL",0.488593,1.04037,0,4.49322,14.7512,0,0,0.834727,0,15.2458,67.3262,15.3767,8.27328,7.61142,1.89025,6.90737,0.39259,0.676819,14.5982,8.6177,4.0776,2.11343,1.11586,0.216828,0.102595,0.11423245817422867,0.257385,1.46165,0.3118,0.713463,,,4.32427,0.0503885,0.0905909,999,0.870108,-0.0830073,1.2348,0.870108,0.0830073,3.3536,57.400000000000006,3.826666666666667,59,3.933333333333333,,,,,,,,,,,,,,,,,,,"Welinton Herrera","sa3016061",700327
"Yuki Matsui","SDP",2.25656,1.82527,0,4.10818,51.4485,0,0.0907642,5.48784,1.06073,53.6998,229.12,47.445,26.6435,24.512,7.42997,23.6828,1.49168,1.72553,54.0013,9.05052,3.9692,2.28019,1.24525,0.23569,0.103364,0.13232561200857162,0.232903,1.32455,0.281241,0.732543,,,4.34207,0.0490043,0.124379,999,1.27895,-1.19915,0.701369,1.27895,1.19915,4.06484,241.3,4.468518518518518,229,4.2407407407407405,,,,,,,,,,,,,,,,,,,"Yuki Matsui","33826",673513
"Carson Spiers","CIN",0.371579,0.528881,0.423488,5.53643,1.89348,1.1401,0,0,0,7.96827,35.5557,9.09562,5.32799,4.90175,1.45351,2.84287,0.0324869,0.429589,6.73575,7.6079,3.21097,2.36935,1.64171,0.189442,0.0799554,0.10948657989501953,0.281744,1.49825,0.317179,0.667486,,,5.04792,0.0479593,0.0136403,999,1.84273,0.00704732,1.3284,1.84273,-0.00704732,3.2288,28.500000000000007,3.562500000000001,32,4,,,,,,,,,,,,,,,,,,,"Carson Spiers","27685",686730
"K.C. Hunt","MIL",0.59716,0.520636,0,3.95977,8.66162,0,0,0.857169,0,8.95298,37.4418,8.46156,4.28162,3.93909,1.18118,2.76472,0.220989,0.162309,8.20211,8.24518,2.77924,2.96671,1.18738,0.219063,0.0738404,0.14522267878055573,0.245158,1.25391,0.289692,0.725471,,,3.99878,0.0404495,0.0737548,999,0.215267,0.844898,1.39601,0.215267,-0.844898,3.13865,44.500000000000014,4.944444444444446,43,4.777777777777778,,,,,,,,,,,,,,,,,,,"K.C. Hunt","sa3022937",687268
"Matt Pushard","STL",1.58642,2.55666,0,4.31932,45.2745,0,0,6.22763,0,47.7734,205.105,46.383,24.9213,22.9276,6.21482,17.798,1.20892,1.90287,41.4994,7.81804,3.35295,2.33169,1.1708,0.202333,0.0867752,0.11555758118629456,0.250173,1.34345,0.29173,0.707633,,,4.3261,0.0403514,0.00839262,999,0.739571,-2.46278,0.806571,0.739571,2.46278,3.92457,207.80000000000004,4.3291666666666675,208,4.333333333333333,,,,,,,,,,,,,,,,,,,"Matt Pushard","sa3019955",690155
"Ben Casparius","LAD",2.86366,2.19619,0,4.42839,42.403,0.20838,0.0476234,6.89521,0,49.2816,211.352,47.6085,26.3572,24.2487,7.15264,18.2287,0.64016,2.10506,46.7559,8.53876,3.329,2.56497,1.30624,0.221223,0.0862481,0.13497533649206161,0.249236,1.33594,0.295063,0.707228,,,4.36224,0.0395547,-0.0402333,730.4099731445312,1.59117,-0.544247,0.644308,1.59117,0.544247,4.14092,213.7,4.3612244897959185,216,4.408163265306122,,,,,,,,,,,,,,,,,,,"Ben Casparius","30085",676508
"Tyler Phillips","MIA",2.66307,2.37906,0.0296032,4.24855,58.8203,0.357701,1.96749,11.1246,0,69.5802,299.255,71.5972,35.7022,32.8461,8.15958,22.6018,1.03549,2.57759,51.396,6.64792,2.92349,2.27397,1.05542,0.171746,0.0755271,0.09621932357549667,0.261232,1.35382,0.295719,0.706691,,,4.26794,0.0395434,0.14775,749.7899780273438,0.937551,-0.856865,0.61925,0.937551,0.856865,4.17433,310.40000000000003,4.434285714285715,324,4.628571428571429,,,,,,,,,,,,,,,,,,,"Tyler Phillips","20629",663969
"Nolan Hoffman","PHI",0.726109,0.349227,0,4.38048,16.5915,0,0,1.10379,0.207714,17.796,78.254,17.4397,9.41484,8.66165,1.84435,8.03977,0.296575,0.988234,16.156,8.1706,4.06597,2.00951,0.932747,0.206456,0.102739,0.10371612012386322,0.251925,1.43176,0.304445,0.701593,,,4.18867,0.0369928,0.0662244,999,1.81154,-0.38045,1.20226,1.81154,0.38045,3.39699,73.40000000000002,4.077777777777779,73,4.055555555555555,,,,,,,,,,,,,,,,,,,"Nolan Hoffman","23381",676510
"Scott Alexander","SFG",1.14483,1.13702,0,4.05836,27.0708,0.0714268,0,1.78386,1.49536,27.2991,117.618,27.4489,13.3804,12.31,2.84126,9.63089,0.924181,1.09779,20.0161,6.59893,3.17512,2.07833,0.936708,0.170179,0.0818827,0.08829638361930847,0.256797,1.35828,0.292837,0.71595,,,4.20074,0.0354364,0.113432,999,1.01724,1.31212,1.14974,1.01724,-1.31212,3.46701,107.7,3.988888888888889,111,4.111111111111111,,,,,,,,,,,,,,,,,,,"Scott Alexander","10591",518397
"Jonathan Pintaro","NYM",0.659804,1.03303,0.12907,4.06622,17.5145,0.657807,0,1.00065,0,22.865,99.7361,20.9263,11.2287,10.3304,2.67391,11.2077,0.202454,1.06493,21.6919,8.53826,4.41153,1.93544,1.05249,0.217493,0.112374,0.10511931777000427,0.239258,1.40538,0.289272,0.736347,,,4.36824,0.0346658,0.156532,999,2.24747,-1.23669,1.17198,2.24747,1.23669,3.43736,90.70000000000002,3.9434782608695658,88,3.8260869565217392,,,,,,,,,,,,,,,,,,,"Jonathan Pintaro","33980",702752
"Drey Jameson","ARI",2.15971,2.82605,0,4.03418,53.0977,0,1.69168,5.18231,0,55.2573,237.935,53.2033,26.9224,24.7686,6.18272,21.7,0.43874,2.2331,50.1928,8.17513,3.53438,2.31303,1.00701,0.210952,0.0912014,0.11975036561489105,0.248611,1.35554,0.298304,0.724267,,,4.07237,0.0334306,0.235599,673.4099731445312,2.69224,-0.983598,0.766705,2.69224,0.983598,3.97773,253.39999999999998,4.6072727272727265,255,4.636363636363637,,,,,,,,,,,,,,,,,,,"Drey Jameson","26260",686753
"Ryan Lambert","NYM",0.643491,0.266864,0,3.9946,8.33727,0,0,0.772225,0,8.65607,36.9459,7.3637,4.17603,3.84195,1.07574,4.22102,0.218768,0.171984,9.50821,9.88599,4.38873,2.25258,1.11848,0.257355,0.114249,0.14310622960329056,0.226207,1.33834,0.286221,0.735085,,,4.07635,0.0330909,0.0721479,999,0.41969,1.32956,1.36559,0.41969,-1.32956,3.17921,48.10000000000001,5.344444444444445,44,4.888888888888889,,,,,,,,,,,,,,,,,,,"Ryan Lambert","sa3025613",822038
"Reggie Crawford","SFG",0.116183,0.189415,0,3.91749,5.62684,0,0,0.646547,0,5.87625,25.1693,5.2676,2.78021,2.5578,0.665019,2.66347,0.149136,0.138354,6.13102,9.39021,4.07935,2.30189,1.01854,0.243591,0.105822,0.1377689689397812,0.235503,1.34968,0.295578,0.735832,,,3.95006,0.0306928,0.0138199,999,0.0845165,-0.887142,1.44322,0.0845165,0.887142,3.07571,26.10000000000001,4.350000000000001,24,4,,,,,,,,,,,,,,,,,,,"Reggie Crawford","sa3020457",686846
"Nick Burdi","NYM",0.414314,0.115972,0,3.88732,7.3281,0,0,0.806566,0,7.58948,32.6295,6.51914,3.56313,3.27808,0.842952,3.69749,0.0985278,0.327476,8.21348,9.73997,4.38468,2.22137,0.999616,0.25172,0.113317,0.13840211182832718,0.227906,1.34616,0.29037,0.736291,,,4.00559,0.0293904,0.0292315,999,0.528191,0.202988,1.3994,0.528191,-0.202988,3.13413,36.7,4.5875,35,4.375,,,,,,,,,,,,,,,,,,,"Nick Burdi","16074",595897
"Easton McGee","MIL",1.50785,0.657815,0,4.20027,23.3959,0,0,0.968033,0,26.8801,114.631,26.1111,13.6357,12.5448,3.25509,9.18885,0.92779,1.10973,22.2735,7.45763,3.07662,2.42397,1.08987,0.194307,0.0801605,0.11414635181427002,0.250269,1.31324,0.290038,0.704693,,,4.20153,0.028427,0.0157424,999,1.22188,-0.407274,1.1132,1.22188,0.407274,3.51574,113.30000000000001,4.196296296296297,114,4.222222222222222,,,,,,,,,,,,,,,,,,,"Easton McGee","22176",668834
"Daysbel Hernández","ATL",1.38338,1.29771,0,4.16112,29.3606,0,0,3.82813,1.19562,30.5935,134.281,27.6,15.3748,14.1448,3.41323,15.9784,0.758986,1.6757,31.8653,9.37415,4.70054,1.99427,1.00411,0.237303,0.118992,0.11831072717905045,0.236652,1.42444,0.297324,0.726901,,,4.23353,0.0274058,0.147046,999,1.13771,-0.773456,0.971881,1.13771,0.773456,3.70416,145.7,4.699999999999999,142,4.580645161290323,,,,,,,,,,,,,,,,,,,"Daysbel Hernandez","20271",678226
"Jackson Rutledge","WSN",2.25569,2.33798,0,4.49198,50.3308,0.0903436,0.571821,6.77134,0,56.9253,246.324,56.1542,30.8825,28.4119,8.23038,20.8116,0.748885,3.70523,49.6246,7.84575,3.29035,2.38447,1.30124,0.201461,0.0844888,0.11697224527597427,0.253167,1.35205,0.292304,0.704172,,,4.56326,0.0260048,-0.0906694,999,3.88902,-2.3052,0.60848,3.88902,2.3052,4.18869,235.79999999999998,4.136842105263158,239,4.192982456140351,,,,,,,,,,,,,,,,,,,"Jackson Rutledge","26215",671131
"Alan Rangel","PHI",1.21779,1.22402,1.14785,4.58633,13.0058,2.83317,0.360956,0.60497,0.223309,28.274,121.056,28.304,15.6611,14.4082,4.96036,9.65985,0.139997,0.814736,22.7116,7.22943,3.07487,2.35114,1.57895,0.187613,0.0797966,0.1078161895275116,0.255957,1.34271,0.281557,0.718995,,,4.92071,0.0248148,0.0723253,999,1.63769,1.02315,1.06438,1.63769,-1.02315,3.58083,89.90000000000002,3.2107142857142863,92,3.2857142857142856,,,,,,,,,,,,,,,,,,,"Alan Rangel","19524",660604
"Juan Morillo","ARI",1.42669,2.43864,0,4.30839,49.9302,0,0.397916,4.55708,1.07569,48.9693,216.69,48.1359,25.4805,23.4421,4.88524,23.843,0.820349,2.21101,44.3794,8.15643,4.38208,1.86132,0.897853,0.204805,0.110033,0.09477280080318451,0.252501,1.46988,0.305935,0.713827,,,4.21564,0.0247815,0.114568,999,2.98514,-2.50836,0.743112,2.98514,2.50836,4.00918,206.3,4.210204081632654,210,4.285714285714286,,,,,,,,,,,,,,,,,,,"Juan Morillo","21924",666661
"Didier Fuentes","ATL",0.208357,0.76095,0.149216,4.38973,5.86693,0.292453,0,0.499178,0,7.1644,30.3815,6.89811,3.79828,3.49442,1.07356,2.32645,0.112246,0.308558,7.1569,8.99057,2.92251,3.07632,1.34861,0.235567,0.0765744,0.1589929312467575,0.248612,1.28755,0.298449,0.702742,,,4.1886,0.0247661,-0.0285987,718.3200073242188,3.95406,-1.63057,1.41709,3.95406,1.63057,3.11055,29.300000000000015,4.185714285714288,30,4.285714285714286,,,,,,,,,,,,,,,,,,,"Didier Fuentes","30661",800311
"Chase Petty","CIN",1.83422,3.288,1.31495,4.93024,25.1494,3.1786,0,0.823088,0,41.132,183.847,43.1672,24.4916,22.5323,6.59258,18.6903,0.316968,2.29496,32.9095,7.20086,4.08959,1.76078,1.44251,0.179005,0.101663,0.07734266668558121,0.265055,1.50388,0.296489,0.710001,,,5.14915,0.0239165,0.0435449,740.7899780273438,2.99645,-1.86784,0.688129,2.99645,1.86784,4.08249,112.50000000000004,2.7439024390243913,121,2.951219512195122,,,,,,,,,,,,,,,,,,,"Chase Petty","30170",695534
"Osvaldo Bido","MIA",0.783064,1.06654,0.0749054,4.38237,13.1605,0.316696,0.0124188,1.02015,0,17.7686,76.3267,16.7691,9.40442,8.65207,2.55095,6.88781,0.367652,0.96306,16.4157,8.31472,3.48875,2.38329,1.29208,0.215071,0.0902411,0.12483005225658417,0.244892,1.33139,0.287183,0.709589,,,4.47928,0.0222516,0.0638186,731,1.55786,-0.993923,1.23235,1.55786,0.993923,3.35687,64.10000000000001,3.561111111111112,63,3.5,,,,,,,,,,,,,,,,,,,"Osvaldo Bido","23150",674370
"Anthony Banda","LAD",2.77335,1.77914,0.211022,4.21643,54.7199,0.288577,0.046932,8.39147,1.42568,57.3129,247.411,52.7294,29.1855,26.8507,7.55088,25.3978,2.65842,2.50278,55.2195,8.67126,3.98829,2.17418,1.18573,0.22319,0.102655,0.12053512781858444,0.240214,1.36317,0.28824,0.724461,,,4.38135,0.0221725,0.0801549,999,1.43805,-0.879904,0.572024,1.43805,0.879904,4.2373,243.59999999999997,4.273684210526315,239,4.192982456140351,,,,,,,,,,,,,,,,,,,"Anthony Banda","14706",607455
"Connor Noland","CHC",0.618766,0.53479,0,4.21268,4.90544,0,0,0,0,5.1134,21.5907,4.9647,2.60159,2.39346,0.592451,1.55363,0.100237,0.192337,4.18736,7.3701,2.73452,2.69521,1.04276,0.193943,0.0719586,0.12198460102081299,0.250178,1.27475,0.290228,0.68849,,,4.0279,0.0211415,-0.0392633,999,0.411653,0.101824,1.42846,0.411653,-0.101824,3.09539,13.7,2.7399999999999998,14,2.8,,,,,,,,,,,,,,,,,,,"Connor Noland","sa3020834",690939
"John Brebbia","COL",0.393117,0.901377,0,5.10906,17.4573,0.0680798,0.312845,1.2365,0.928192,17.9642,78.049,18.39,11.0846,10.1978,3.20127,6.41803,0.322094,0.96502,17.5732,8.80411,3.2154,2.7381,1.60382,0.225156,0.0822308,0.14292549341917038,0.260239,1.38097,0.304436,0.67516,,,4.72826,0.0207604,-0.0164686,999,1.20077,-0.685417,1.18251,1.20077,0.685417,3.42333,68.50000000000001,3.8055555555555562,70,3.888888888888889,,,,,,,,,,,,,,,,,,,"John Brebbia","12777",605154
"Ben Shields","COL",0.135742,0.462916,0,4.48016,6.95089,0,0,0.620944,0,7.20299,31.4895,7.39313,3.89741,3.58561,0.972207,2.58079,0.183156,0.554901,6.59774,8.24375,3.22465,2.55648,1.21475,0.209522,0.0819572,0.12756448239088058,0.260745,1.38469,0.308938,0.705519,,,4.36383,0.0205158,0.0183676,999,0.128172,-0.406737,1.40864,0.128172,0.406737,3.12181,27.300000000000015,3.900000000000002,28,4,,,,,,,,,,,,,,,,,,,"Ben Shields","sa3023483",815456
"Will Klein","LAD",2.55495,1.9786,0,4.17622,42.0882,0,0,3.3088,0.624881,44.1964,195.912,39.5096,22.2915,20.5082,4.74025,25.4014,0.57975,2.38957,47.5882,9.69071,5.17265,1.87345,0.965288,0.242906,0.129657,0.11324922740459442,0.235007,1.4687,0.300273,0.731356,,,4.26237,0.0189112,0.101346,999,3.41777,-2.05222,0.67951,3.41777,2.05222,4.09399,187.10000000000002,4.252272727272728,182,4.136363636363637,,,,,,,,,,,,,,,,,,,"Will Klein","27787",694361
"Kyle Backhus","PHI",0.395301,0.740646,0,4.2256,18.1328,0,0.168892,3.49624,0.872479,17.7249,76.8464,17.2122,9.04568,8.32203,2.14449,7.00865,0.293844,1.04607,15.8573,8.05171,3.55872,2.26253,1.08889,0.206351,0.0912034,0.11514720320701599,0.250208,1.36649,0.296668,0.715184,,,4.28199,0.0182375,0.0662224,999,1.50834,-0.715687,1.26839,1.50834,0.715687,3.30882,84.40000000000002,4.68888888888889,84,4.666666666666667,,,,,,,,,,,,,,,,,,,"Kyle Backhus","29615",679775
"Zach McCambley","PHI",1.50537,1.78487,0,4.40768,37.2989,0,0,4.1462,0,38.3214,166.361,36.5469,20.3996,18.7676,5.20188,16.4162,0.839145,1.88216,36.3771,8.54336,3.85543,2.21593,1.22169,0.218664,0.0986782,0.11998574435710907,0.246835,1.38208,0.294366,0.712854,,,4.43376,0.0165697,0.0397496,999,0.8222,-0.120876,0.860381,0.8222,0.120876,3.85282,157.5,4.144736842105263,159,4.184210526315789,,,,,,,,,,,,,,,,,,,"Zach McCambley","sa3014478",685112
"Craig Yoho","MIL",1.59102,0.832355,0,4.14616,30.8464,0,0,1.18978,0.511304,33.2322,142.92,29.2326,16.6408,15.3096,3.98191,15.0665,0.371841,1.91474,32.8131,8.88651,4.08034,2.17788,1.07839,0.229592,0.10542,0.12417209148406982,0.232119,1.33302,0.28326,0.714233,,,4.25099,0.0162377,0.0305892,749.5900268554688,1.66942,-2.37003,0.987256,1.66942,2.37003,3.68366,138.60000000000005,4.200000000000002,132,4,,,,,,,,,,,,,,,,,,,"Craig Yoho","33248",684974
"Yoniel Curet","PHI",0.243634,0.689023,0.361415,4.99747,2.00326,1.44737,0,0,0,7.52857,33.6979,7.29725,4.54394,4.18042,1.08026,3.88472,0.0907557,0.607783,6.82529,8.15926,4.64397,1.75696,1.29139,0.202544,0.115281,0.087262824177742,0.24986,1.48527,0.29188,0.686485,,,4.97749,0.0162374,-0.0135431,999,1.14611,1.00284,1.3629,1.14611,-1.00284,3.18281,27.700000000000006,3.462500000000001,26,3.25,,,,,,,,,,,,,,,,,,,"Yoniel Curet","sa3015446",692414
"Tate Kuehner","MIL",0.146108,0.235508,0,4.01439,7.05581,0,0,0.638284,0,7.3479,31.6651,6.85647,3.56248,3.27748,0.849041,3.25752,0.186557,0.16876,6.75948,8.27928,3.98994,2.07504,1.03994,0.213468,0.102874,0.11059340834617615,0.242803,1.37645,0.291194,0.734035,,,4.19631,0.0157263,-0.0336126,999,0.13165,-0.778958,1.42256,0.13165,0.778958,3.10326,30.300000000000015,4.328571428571431,31,4.428571428571429,,,,,,,,,,,,,,,,,,,"Tate Kuehner","sa3023099",804249
"Carson Seymour","SFG",0.842783,1.67645,0.267683,4.01351,18.2658,0.366062,0,0.650901,0,23.8471,102.879,23.2999,11.5592,10.6345,2.7946,9.00712,0.391505,1.17702,20.0843,7.57989,3.39933,2.22982,1.0547,0.195222,0.0875506,0.1076715812087059,0.251361,1.35476,0.293704,0.730695,,,4.25535,0.0152715,0.0552799,999,1.52929,-0.804996,1.19375,1.52929,0.804996,3.40833,94.90000000000002,3.9541666666666675,95,3.9583333333333335,,,,,,,,,,,,,,,,,,,"Carson Seymour","30084",693313
"Jared Lyons","CIN",0.109036,0.650462,0.373838,5.41493,1.24151,1.24151,0,0,0,6.45965,28.6257,6.8329,4.22447,3.88651,1.17424,2.8814,0.02545,0.1138,4.94101,6.88413,4.01456,1.71479,1.63603,0.172608,0.100658,0.0719495639204979,0.266593,1.50384,0.289961,0.680246,,,5.35952,0.0152312,-0.00108014,999,0.507087,-1.0994,1.38612,0.507087,1.0994,3.15184,14.90000000000001,2.4833333333333347,18,3,,,,,,,,,,,,,,,,,,,"Jared Lyons","sa3020483",805723
"Garrett Hawkins","SDP",1.21852,1.29205,0,4.27026,21.3247,0,0,1.28359,0,21.9934,94.323,20.0209,11.3427,10.4353,3.00075,9.458,0.555831,0.843418,21.6253,8.8494,3.87035,2.28646,1.22795,0.229269,0.100272,0.12899644672870636,0.238283,1.34036,0.286557,0.717475,,,4.34747,0.0131673,0.0506731,999,0.473777,-0.576284,1.14108,0.473777,0.576284,3.47856,91.9,4.177272727272728,89,4.045454545454546,,,,,,,,,,,,,,,,,,,"Garrett Hawkins","sa3017383",678184
"Jose Franco","CIN",0.927881,0.867334,0.0299085,4.46648,15.0638,0.0409005,0,0.872483,0,15.8817,68.1774,15.0756,8.56705,7.88169,2.49595,6.10116,0.349803,0.784882,15.3093,8.67566,3.45747,2.50925,1.41443,0.224552,0.0894895,0.13506218045949936,0.245967,1.33341,0.289281,0.713121,,,4.55103,0.0128085,-0.0128357,999,0.619796,0.817273,1.23514,0.619796,-0.817273,3.35315,67.80000000000001,4.237500000000001,67,4.1875,,,,,,,,,,,,,,,,,,,"Jose Franco","sa3008714",683742
"James Karinchak","ATL",0.635621,0.56312,0,4.4798,9.8203,0,0,0.972722,0,10.1379,44.2571,8.87073,5.48498,5.04619,1.35431,5.33483,0.170233,0.550353,11.6673,10.3578,4.73605,2.18701,1.20231,0.263626,0.120542,0.1430846005678177,0.231177,1.40124,0.296502,0.708442,,,4.31161,0.0100465,0.0230332,999,0.617745,1.50775,1.30601,0.617745,-1.50775,3.25865,48.300000000000004,4.83,47,4.7,,,,,,,,,,,,,,,,,,,"James Karinchak","20151",675916
"Wilber Dotel","PIT",1.14087,1.42234,0.907783,4.93609,11.0738,2.50311,0,0.773447,0,22.3645,98.7336,23.1314,13.3325,12.2659,3.267,9.31103,0.312004,1.21053,17.1712,6.91011,3.74698,1.84418,1.31472,0.173915,0.0943046,0.07960998266935349,0.262225,1.45063,0.293099,0.685715,,,4.90997,0.00931958,0.0296235,999,0.493598,0.178606,1.06711,0.493598,-0.178606,3.57718,74.10000000000001,3.3681818181818186,79,3.590909090909091,,,,,,,,,,,,,,,,,,,"Wilber Dotel","sa3015163",696062
"Taylor Rashi","ARI",0.383969,0.377509,0,4.14897,9.07217,0,0.0509571,0.812413,0.341294,10.0116,43.4498,9.7624,5.01663,4.6153,1.16157,4.26825,0.193761,0.285516,9.06065,8.14516,3.83698,2.1228,1.04421,0.208531,0.0982339,0.1102973222732544,0.250987,1.40144,0.299954,0.726677,,,4.19795,0.00876789,0.0336635,999,0.562967,0.279943,1.36241,0.562967,-0.279943,3.18345,45.7,4.57,47,4.7,,,,,,,,,,,,,,,,,,,"Taylor Rashi","26344",688497
"Alex Carrillo","NYM",0.666424,1.62259,0,4.3606,21.1601,0,0,1.30251,0,22.9376,98.9306,20.4885,12.0799,11.1135,3.44757,10.2616,0.259092,1.43224,23.5265,9.23109,4.02633,2.29268,1.35272,0.237808,0.103725,0.13408325612545013,0.234861,1.3406,0.282777,0.720203,,,4.56714,0.0086472,0.00189882,999,1.43806,-1.54021,1.153,1.43806,1.54021,3.46267,100.30000000000001,4.360869565217392,95,4.130434782608695,,,,,,,,,,,,,,,,,,,"Alex Carrillo","26463",692024
"Collin Snider","CHC",0.230054,0.440097,0,4.39954,9.78819,0,0,0.880607,0.34888,10.1952,43.9064,10.0962,5.41718,4.98381,1.31628,3.75139,0.278352,0.390778,8.54805,7.54593,3.3116,2.27863,1.16196,0.194688,0.0854406,0.10924726724624634,0.253901,1.35824,0.293643,0.702252,,,4.35551,0.006648,-0.0200647,999,0.776921,0.945321,1.37344,0.776921,-0.945321,3.16874,45.7,4.57,47,4.7,,,,,,,,,,,,,,,,,,,"Collin Snider","23307",676092
"Jagger Haynes","SDP",0.562497,0.93207,0.784316,5.09731,2.38639,2.38639,0,0,0,13.8179,62.1826,13.9503,8.50653,7.82601,2.10624,7.37609,0.10004,0.646129,10.605,6.90734,4.80427,1.43775,1.37186,0.170546,0.11862,0.05192588269710541,0.257574,1.54339,0.285749,0.697579,,,5.32345,0.00541171,-0.0181434,999,1.39024,-0.252405,1.21442,1.39024,0.252405,3.38078,40.6,2.9,42,3,,,,,,,,,,,,,,,,,,,"Jagger Haynes","sa3020876",695247
"Lake Bachar","MIA",2.6798,2.34585,0,4.30837,51.8554,0.117373,0.133766,7.27308,1.63039,56.1505,241.403,52.1835,29.217,26.8797,8.06085,23.4477,1.48184,2.37431,55.4192,8.8828,3.75828,2.36353,1.29202,0.229571,0.0971308,0.13244038075208664,0.242059,1.34694,0.290087,0.721322,,,4.40705,0.00412237,0.0981492,999,0.82603,-0.695662,0.568801,0.82603,0.695662,4.2416,243.80000000000013,4.35357142857143,239,4.267857142857143,,,,,,,,,,,,,,,,,,,"Lake Bachar","19222",669199
"Jeff Criswell","COL",1.14811,0.984954,0,4.85667,19.9791,0,0,1.3501,0,21.4313,94.0152,21.8271,12.5706,11.565,3.41449,8.89478,0.238757,0.928238,21.0332,8.83284,3.73533,2.36467,1.4339,0.223722,0.09461,0.12911153584718704,0.259254,1.43351,0.30819,0.699698,,,4.61852,0.00377294,-0.0340285,999,1.50243,-2.05949,1.05734,1.50243,2.05949,3.59021,77.3,3.6809523809523808,82,3.9047619047619047,,,,,,,,,,,,,,,,,,,"Jeff Criswell","27608",676105
"Keegan Thompson","COL",1.10078,1.32487,0.17599,4.77441,28.5651,0.309544,0.227058,0.866992,0,31.8169,139.522,31.4878,18.3463,16.8786,4.68881,13.8292,0.462894,1.61762,30.0825,8.5094,3.91184,2.17529,1.32632,0.215612,0.0991184,0.11649320274591446,0.25378,1.4243,0.300088,0.695971,,,4.61642,0.00301552,-0.0256639,750.5900268554688,1.39886,1.34964,0.912435,1.39886,-1.34964,3.78342,110.70000000000002,3.4593750000000005,111,3.46875,,,,,,,,,,,,,,,,,,,"Keegan Thompson","19795",624522
"Trent Thornton","CHC",1.13845,0.952139,0,4.32118,32.1016,0,0.00218078,2.15376,0.657875,33.8021,144.213,32.6,17.6407,16.2295,4.70243,11.5615,0.788429,1.68784,29.3563,7.81627,3.07831,2.53915,1.25205,0.203561,0.0801692,0.12339214235544205,0.248923,1.30647,0.287884,0.705751,,,4.3826,0.00298977,-0.0237832,999,0.622813,1.30302,1.03761,0.622813,-1.30302,3.61652,128.3,3.7735294117647062,129,3.7941176470588234,,,,,,,,,,,,,,,,,,,"Trent Thornton","17948",663423
"Ronan Kopp","LAD",0.726285,0.603177,0,4.18663,10.8622,0,0,0.884913,0,11.2783,49.6701,9.59134,5.70264,5.24643,1.32429,6.82989,0.239347,0.429077,12.4757,9.95556,5.45021,1.82664,1.05678,0.251172,0.137505,0.11366665363311768,0.226152,1.45601,0.288946,0.735802,,,4.38012,0.00251437,-0.0256552,999,0.845793,1.55553,1.28724,0.845793,-1.55553,3.28368,50.10000000000001,4.554545454545456,49,4.454545454545454,,,,,,,,,,,,,,,,,,,"Ronan Kopp","sa3017751",691947
"Dylan Ray","ARI",0.167552,0.203963,0,4.40985,5.72052,0,0,0.651282,0,5.928,25.4155,6.08371,3.1572,2.90462,0.754175,1.96053,0.149806,0.120821,4.87034,7.39424,2.97651,2.48419,1.145,0.191628,0.077139,0.11448931694030762,0.260721,1.35699,0.300939,0.699308,,,4.19918,0.00175615,0.0201973,999,0.0753887,-0.909837,1.43511,0.0753887,0.909837,3.08652,24.500000000000007,4.083333333333335,25,4.166666666666667,,,,,,,,,,,,,,,,,,,"Dylan Ray","sa3020392",691009
"Chase Shugart","PHI",1.12269,1.29429,0,4.52028,31.6257,0,0.227945,2.79938,0.756627,34.2566,147.866,33.55,18.7016,17.2055,4.99305,13.1713,0.829933,1.45744,28.123,7.38855,3.4604,2.13517,1.31179,0.190193,0.0890762,0.101116843521595,0.251807,1.36386,0.285225,0.705234,,,4.66914,0.00143205,-0.0745055,999,1.51658,0.850492,0.98072,1.51658,-0.850492,3.69237,127.70000000000002,3.755882352941177,131,3.8529411764705883,,,,,,,,,,,,,,,,,,,"Chase Shugart","21544",663767
"Tucker Davidson","PHI",0.161776,0.184709,0,4.3557,5.76833,0,0,0.657263,0,6.02115,26.0238,5.98983,3.16743,2.91404,0.74932,2.33707,0.114598,0.17535,4.91166,7.3416,3.49329,2.10163,1.12003,0.188737,0.0898052,0.09893180429935455,0.254763,1.38294,0.293579,0.708927,,,4.37329,0.000780768,0.00494846,999,0.517446,1.87539,1.43272,0.517446,-1.87539,3.08971,24.500000000000007,4.083333333333335,25,4.166666666666667,,,,,,,,,,,,,,,,,,,"Tucker Davidson","19871",656353
"Jackson Wolf","SDP",0.708566,0.314532,0.106877,4.14091,10.1899,0.146157,0,0.717767,0,12.0014,51.2059,11.4156,6.00202,5.52186,1.62073,4.24492,0.256812,0.621297,10.2593,7.69361,3.18332,2.41685,1.21541,0.200355,0.082899,0.11745569109916687,0.246346,1.30489,0.284242,0.721241,,,4.39744,0.000404853,0.0276399,999,1.63324,-0.647877,1.34133,1.63324,0.647877,3.21157,44.600000000000016,3.716666666666668,43,3.5833333333333335,,,,,,,,,,,,,,,,,,,"Jackson Wolf","29832",680232
"RJ Petit","COL",1.69489,2.58924,0,4.95921,46.4734,0,0,6.50076,0,47.9981,211.826,51.0373,28.7479,26.4481,7.15244,18.6231,1.24091,2.49141,42.1466,7.90279,3.49196,2.26314,1.34113,0.198968,0.0879166,0.111051045358181,0.267615,1.45131,0.310331,0.68591,,,4.63586,-0.000344991,-0.0142619,999,1.02232,1.54668,0.594318,1.02232,-1.54668,4.20758,185.50000000000003,3.864583333333334,198,4.125,,,,,,,,,,,,,,,,,,,"RJ Petit","sa3017848",696275
"Max Lazar","PHI",1.39145,1.27815,0,4.42727,35.0167,0,0.0862034,1.73203,0,38.0176,161.334,38.0472,20.3278,18.7016,5.30279,11.539,0.512653,1.11608,29.8549,7.06763,2.73165,2.58732,1.25534,0.185051,0.0715225,0.11352868378162384,0.255902,1.30429,0.288444,0.693946,,,4.37644,-0.00148394,0.0397515,999,1.66577,-0.598145,0.980063,1.66577,0.598145,3.69325,149.89999999999998,3.9447368421052627,154,4.052631578947368,,,,,,,,,,,,,,,,,,,"Max Lazar","23426",676661
"Blake Walston","ARI",0.908093,0.806816,0.0404804,4.31225,13.9429,0.0553578,0,0.798593,0,15.4565,67.1465,15.2208,8.04981,7.40582,1.79201,6.06256,0.328209,0.884716,13.582,7.90849,3.5301,2.2403,1.04345,0.202274,0.0902886,0.11198506504297256,0.25284,1.37698,0.29958,0.704866,,,4.23332,-0.00161497,0.000208336,999,1.18117,-0.383232,1.25022,1.18117,0.383232,3.33304,58.400000000000006,3.8933333333333335,60,4,,,,,,,,,,,,,,,,,,,"Blake Walston","26270",686796
"Joey Gerber","NYM",0.446447,0.818224,0,4.24214,17.71,0,0,1.35272,0,18.1029,77.1495,17.3294,9.27478,8.53279,2.58767,6.4779,0.204031,0.662681,16.8819,8.39298,3.22053,2.60608,1.28648,0.218821,0.0839655,0.13485567271709442,0.247531,1.31511,0.291688,0.719982,,,4.31161,-0.00230061,0.0414598,999,1.49762,-0.787495,1.26969,1.49762,0.787495,3.30708,69.10000000000001,3.8388888888888895,68,3.7777777777777777,,,,,,,,,,,,,,,,,,,"Joey Gerber","24591",680702
"Lyon Richardson","CIN",1.26582,1.05037,0,4.52737,17.4533,0.0702475,0,0.885036,0.0798251,19.9802,88.4635,20.0663,10.9249,10.0509,2.52294,9.31073,0.777763,0.944014,17.6642,7.95676,4.19397,1.89719,1.13645,0.199678,0.105249,0.09442858397960663,0.256573,1.4703,0.302359,0.713957,,,4.54824,-0.00497188,0.00809054,999,1.10301,-1.25149,1.10771,1.10301,1.25149,3.52305,69.1,3.4549999999999996,71,3.55,,,,,,,,,,,,,,,,,,,"Lyon Richardson","24581",680689
"Shinnosuke Ogasawara","WSN",0.370544,0.444774,0,4.3975,8.72924,0.0624648,0,0.755614,0,9.71006,41.6791,10.2442,5.157,4.74444,1.29701,2.8721,0.159485,0.306593,7.17575,6.65102,2.66208,2.49843,1.20216,0.172167,0.0689098,0.10325686633586884,0.266079,1.35079,0.297963,0.704331,,,4.37567,-0.00760104,0.0285671,999,1.42464,-5.40645,1.37912,1.42464,5.40645,3.16117,44.7,4.470000000000001,46,4.6,,,,,,,,,,,,,,,,,,,"Shinnosuke Ogasawara","35324",829272
"Tejay Antone","CIN",0.556678,0.498184,0,4.71374,8.54326,0,0,0.637809,0,8.75744,38.8003,8.81627,4.98554,4.5867,1.23628,3.97515,0.172807,0.524757,7.85068,8.06812,4.08525,1.97494,1.27052,0.202335,0.102451,0.09988395124673843,0.257031,1.46063,0.300633,0.705735,,,4.71893,-0.00911384,-0.00119238,999,0.442332,0.962628,1.33355,0.442332,-0.962628,3.22194,35.90000000000001,3.9888888888888903,37,4.111111111111111,,,,,,,,,,,,,,,,,,,"Tejay Antone","16233",622088
"Sam Benschoter","CIN",0.613912,0.594493,0,4.66017,8.58004,0,0,0.700463,0,9.35678,40.5923,9.82708,5.26621,4.84491,1.47226,2.97318,0.238309,0.563802,7.39361,7.11169,2.85981,2.48677,1.41612,0.182143,0.073245,0.10889818519353867,0.2652,1.36802,0.296381,0.701554,,,4.73431,-0.0106065,-0.00119238,999,0.913363,-1.3048,1.34809,0.913363,1.3048,3.20255,34.30000000000001,3.8111111111111122,38,4.222222222222222,,,,,,,,,,,,,,,,,,,"Sam Benschoter","sa3017639",680397
"Daison Acosta","SDP",0.577996,0.702834,0,4.27986,14.7499,0,0,1.3253,0,15.2882,66.4647,13.8038,7.90232,7.27014,1.98711,7.35821,0.628781,0.814165,15.0196,8.84186,4.3317,2.0412,1.16979,0.225978,0.110708,0.11526945978403091,0.236802,1.3842,0.286216,0.721416,,,4.46364,-0.0107448,-0.0164892,999,0.804006,-0.38141,1.26318,0.804006,0.38141,3.31576,60.00000000000001,4.000000000000001,59,3.933333333333333,,,,,,,,,,,,,,,,,,,"Daison Acosta","sa944989",670897
"Zach Maxwell","CIN",1.65887,1.87365,0,4.48842,44.2434,0,0,3.07578,0,46.8664,204.644,43.5337,25.4053,23.3729,6.78863,22.7691,0.808481,1.96037,48.1366,9.24392,4.37246,2.11412,1.30366,0.235221,0.111262,0.12395892292261124,0.241968,1.41472,0.293985,0.720042,,,4.54697,-0.0110787,0.101239,999,2.05716,0.650492,0.668742,2.05716,-0.650492,4.10834,180.30000000000004,3.8361702127659583,177,3.765957446808511,,,,,,,,,,,,,,,,,,,"Zach Maxwell","31610",687209
"Gus Varland","WSN",0.867641,0.87835,0,4.28001,30.7279,0,0,2.2525,0.609195,31.7091,136.706,30.3571,16.3908,15.0795,3.94567,12.5478,0.811236,1.52791,29.0086,8.23351,3.56143,2.31185,1.1199,0.212197,0.0917863,0.12041030824184418,0.247549,1.35308,0.294519,0.709295,,,4.2548,-0.0115205,0.10772,999,1.23287,-3.46778,1.04826,1.23287,3.46778,3.60232,130.60000000000002,4.081250000000001,129,4.03125,,,,,,,,,,,,,,,,,,,"Gus Varland","24737",681402
"Josh Staumont","CIN",0.742978,0.725526,0,4.69202,14.5187,0,0,0.727122,0,14.9756,65.902,14.0603,8.48622,7.80732,2.15104,7.47028,0.235487,0.792312,14.6052,8.77736,4.48946,1.9551,1.29272,0.22162,0.113354,0.1082652360200882,0.243936,1.43771,0.2913,0.704373,,,4.70708,-0.0132743,0.0302491,999,0.431162,1.64903,1.21177,0.431162,-1.64903,3.38431,60.00000000000001,4.000000000000001,59,3.933333333333333,,,,,,,,,,,,,,,,,,,"Josh Staumont","18335",622251
"Brian Fitzpatrick","MIL",0.11186,0.196372,0,4.43627,5.62684,0,0,0.63806,0,5.87625,25.456,5.74361,3.14839,2.89651,0.825539,2.49775,0.150341,0.114801,4.96252,7.60054,3.82552,1.9868,1.26439,0.194945,0.09812,0.09682459384202957,0.251433,1.40249,0.288358,0.718777,,,4.60625,-0.0143645,0.0148661,999,0.0980248,0.244604,1.43231,0.0980248,-0.244604,3.09025,24.500000000000007,4.083333333333335,25,4.166666666666667,,,,,,,,,,,,,,,,,,,"Brian Fitzpatrick","sa3020265",702153
"Francis Pena","SDP",0.607458,0.564127,0,4.29043,9.66486,0,0,0.920693,0,10.023,44.0746,9.94791,5.1936,4.77811,1.16563,4.44641,0.256615,0.513344,7.93852,7.12827,3.99259,1.78538,1.04666,0.180116,0.100884,0.07923179864883423,0.254326,1.43613,0.292639,0.720922,,,4.54743,-0.0166292,0.0230332,999,0.285529,1.24615,1.3414,0.285529,-1.24615,3.21146,40.7,4.07,42,4.2,,,,,,,,,,,,,,,,,,,"Francis Pena","sa3019374",800212
"Zach Brzykcy","MIA",0.0485644,0.357652,0,5.11484,6.4645,0,0,0.661114,0.139049,6.49368,28.3813,6.27765,4.01137,3.69046,0.960991,2.85875,0.118477,0.348339,6.31209,8.74833,3.96213,2.20799,1.3319,0.222403,0.100726,0.12167634069919586,0.249368,1.40697,0.297001,0.657814,,,4.59655,-0.0209229,-0.0779851,999,2.34639,-2.5663,1.40114,2.34639,2.5663,3.13182,23.500000000000007,3.916666666666668,24,4,,,,,,,,,,,,,,,,,,,"Zach Brzykcy","27783",694350
"Kevin Abel","CIN",0.153108,0.444575,0,4.83614,7.07347,0,0,0.637659,0,7.29614,32.397,7.31471,4.26149,3.92057,1.077,3.56282,0.162223,0.287656,6.29729,7.76789,4.39484,1.7675,1.32851,0.194379,0.109974,0.08440511673688889,0.256238,1.49086,0.294618,0.706108,,,4.91113,-0.021574,-0.0116432,999,0.427568,1.78778,1.38097,0.427568,-1.78778,3.15871,25.3,3.6142857142857143,26,3.7142857142857144,,,,,,,,,,,,,,,,,,,"Kevin Abel","sa3017879",674265
"Isaiah Campbell","ARI",1.39393,1.50054,0,4.59321,19.1904,0,0,1.12498,1.11439,20.2081,89.2204,22.0123,11.2102,10.3134,2.30485,7.33716,0.315475,1.06524,14.8578,6.61712,3.26771,2.025,1.0265,0.166529,0.0822363,0.08429229259490967,0.272369,1.45236,0.309596,0.694389,,,4.39476,-0.0217802,-0.0331153,999,2.06669,-1.51616,1.12268,2.06669,1.51616,3.5031,76.2,3.81,84,4.2,,,,,,,,,,,,,,,,,,,"Isaiah Campbell","25551",663462
"Ryan Harbin","PIT",1.1649,1.83593,0,4.45267,28.1969,0,0,2.09419,0,29.6266,132.663,29.3546,15.932,14.6575,3.19193,15.6536,0.773421,1.44177,27.2002,8.26291,4.75528,1.73763,0.96965,0.205032,0.117995,0.08703671395778656,0.254003,1.51918,0.307161,0.71723,,,4.43063,-0.0218546,0.0146783,999,0.884382,-1.1843,0.946107,0.884382,1.1843,3.73852,120.69999999999999,4.0233333333333325,122,4.066666666666666,,,,,,,,,,,,,,,,,,,"Ryan Harbin","sa3011733",689877
"Riley Cornelio","WSN",0.753337,1.56298,1.16708,5.1292,7.40209,3.26554,0,0.296796,0,22.1104,98.216,23.0974,13.6967,12.601,3.49153,10.08,0.193811,0.697457,15.8443,6.44941,4.10305,1.57186,1.42123,0.161321,0.102631,0.05869017541408539,0.264156,1.50054,0.287887,0.688626,,,5.21713,-0.0221235,-0.0597898,999,0.658983,0.489909,1.06898,0.658983,-0.489909,3.5747,65.10000000000001,2.9590909090909094,70,3.1818181818181817,,,,,,,,,,,,,,,,,,,"Riley Cornelio","sa3020830",683000
"Josh Simpson","MIA",2.12822,1.51796,0,4.46476,34.6284,0,0,1.71834,2.12359,35.6612,157.218,33.1504,19.2293,17.691,3.90066,18.3878,1.1465,1.90595,34.138,8.61558,4.64062,1.85656,0.984428,0.217138,0.116957,0.1001804918050766,0.242107,1.44522,0.295793,0.701189,,,4.34973,-0.0251078,0.0273272,999,1.66463,-0.449073,0.805866,1.66463,0.449073,3.92551,147.40000000000003,4.094444444444445,144,4,,,,,,,,,,,,,,,,,,,"Josh Simpson","25957",681006
"Alek Jacob","SDP",0.878948,0.812904,0,4.53044,24.7672,0,0,1.30855,0,27.2605,118.13,26.4339,14.9157,13.7225,3.98841,10.48,0.377073,1.88832,23.3794,7.71867,3.45994,2.23087,1.31677,0.197912,0.0887154,0.10919682681560516,0.249938,1.35412,0.286316,0.702142,,,4.68299,-0.0252235,-0.0906189,999,1.6851,0.93083,1.08437,1.6851,-0.93083,3.55418,97.00000000000003,3.5925925925925934,97,3.5925925925925926,,,,,,,,,,,,,,,,,,,"Alek Jacob","29628",689690
"Zach Pop","PHI",1.64516,2.60867,0,4.43408,42.0084,0,0.00401328,6.38034,0.69311,43.2861,187.819,44.5488,23.1804,21.326,5.3844,14.9413,0.819038,2.36628,32.8908,6.83862,3.10657,2.20134,1.11952,0.17512,0.0795514,0.0955682322382927,0.261266,1.37435,0.29617,0.698909,,,4.43205,-0.0283117,0.00821592,999,1.3141,-1.46416,0.847521,1.3141,1.46416,3.86997,178.7,4.155813953488372,189,4.395348837209302,,,,,,,,,,,,,,,,,,,"Zach Pop","20185",647315
"Jake Eder","WSN",0.69584,1.84631,0.0429562,4.42484,23.1997,0.0587435,0,1.05664,0,28.6657,125.03,28.7718,15.319,14.0935,3.97985,10.848,0.790097,1.99279,23.6768,7.43366,3.40588,2.1826,1.24953,0.189369,0.0867632,0.10260610282421112,0.256458,1.38213,0.293284,0.713722,,,4.63193,-0.0316305,0.03203,999,7.1927,-2.39524,1.0846,7.1927,2.39524,3.55386,103.00000000000003,3.5517241379310356,106,3.6551724137931036,,,,,,,,,,,,,,,,,,,"Jake Eder","27590",671109
"Corbin Martin","CHC",0.211645,0.280664,0,4.65844,7.2333,0.0422061,0.0573763,0.764877,0,7.71942,34.1013,7.51942,4.34305,3.99561,1.02862,3.79648,0.124472,0.321886,6.9594,8.1139,4.42629,1.83312,1.19925,0.20408,0.11133,0.09275052696466446,0.25079,1.4659,0.295105,0.706051,,,4.66483,-0.0333975,0.00659938,999,0.910828,-1.8865,1.37766,0.910828,1.8865,3.16313,32.10000000000001,4.012500000000001,33,4.125,,,,,,,,,,,,,,,,,,,"Corbin Martin","19884",656686
"Noah Davis","PIT",0.100617,0.383718,0,4.69985,5.38309,0.0363167,0,0.508321,0.401782,5.9437,26.5043,6.00939,3.37373,3.10383,0.81988,2.41186,0.0921893,0.786907,5.28166,7.99753,3.65207,2.18987,1.24147,0.199275,0.0909989,0.10827647149562836,0.257852,1.41684,0.301645,0.693968,,,4.76568,-0.0338931,0.0228879,999,1.7324,-5.1376,1.42112,1.7324,5.1376,3.10518,21.500000000000007,3.5833333333333344,22,3.6666666666666665,,,,,,,,,,,,,,,,,,,"Noah Davis","25862",663562
"Gavin Hollowell","CHC",0.618292,0.859298,0,4.23762,16.5673,0,0,0.864769,0.349871,17.7599,77.5407,16.2531,9.08937,8.36222,2.23204,8.68614,0.27963,0.920042,17.0455,8.63797,4.40178,1.96238,1.1311,0.219827,0.11202,0.1078065037727356,0.239247,1.40424,0.288162,0.726579,,,4.47208,-0.0349218,0.0414598,999,2.46188,-1.07813,1.22494,2.46188,1.07813,3.36674,75.00000000000003,4.166666666666668,72,4,,,,,,,,,,,,,,,,,,,"Gavin Hollowell","25427",668970
"Hayden Durke","ARI",0.335273,0.45256,0,4.53931,7.51107,0,0,0.791284,0,7.76596,35.099,7.2962,4.2575,3.9169,0.844267,4.68428,0.204091,0.519563,7.5653,8.76745,5.42863,1.61504,0.978423,0.215542,0.133459,0.08208268880844116,0.24406,1.54269,0.300291,0.715189,,,4.61034,-0.0361557,0.0269298,999,0.258207,0.311628,1.35455,0.258207,-0.311628,3.19393,30.700000000000006,3.837500000000001,29,3.625,,,,,,,,,,,,,,,,,,,"Hayden Durke","sa3022733",694492
"Will Childers","MIL",0.569386,0.508421,0,4.71621,7.58474,0,0,0.798711,0,7.87516,34.5791,7.90152,4.48562,4.12677,1.12238,3.59139,0.203414,0.169447,6.35265,7.26003,4.10436,1.76886,1.28269,0.183714,0.10386,0.0798536017537117,0.256391,1.45939,0.290412,0.706268,,,4.80724,-0.0372611,0.0198214,999,0.373648,0.929578,1.3541,0.373648,-0.929578,3.19454,30.100000000000005,3.7625000000000006,31,3.875,,,,,,,,,,,,,,,,,,,"Will Childers","sa3021720",682999
"Juan Burgos","ARI",1.69311,1.31103,0,4.5735,30.7512,0,0,3.30065,1.72262,32.3831,141.986,32.5785,17.887,16.456,3.96697,13.3227,1.13663,1.84957,27.5639,7.66062,3.70269,2.06893,1.10251,0.194131,0.0938315,0.10029979050159454,0.256901,1.41744,0.300281,0.694325,,,4.43087,-0.0380584,-0.0929744,999,1.79478,-1.611,0.912182,1.79478,1.611,3.78376,124.80000000000003,3.900000000000001,131,4.09375,,,,,,,,,,,,,,,,,,,"Juan Burgos","27271",686228
"Dale Stanavich","MIA",0.676839,0.656406,0,4.46321,10.9535,0,0,1.04026,0,11.3594,51.0734,10.9535,6.12311,5.63326,1.29146,6.41973,0.297613,0.644323,10.0097,7.93062,5.08632,1.5592,1.02322,0.195986,0.125696,0.07028986513614655,0.24889,1.52941,0.2954,0.722774,,,4.71637,-0.0408162,-0.0110848,999,0.296756,0.647534,1.27941,0.296756,-0.647534,3.29412,43.50000000000001,3.954545454545455,45,4.090909090909091,,,,,,,,,,,,,,,,,,,"Dale Stanavich","sa3019833",689359
"Luis Mey","CIN",1.7937,1.19585,0,4.56896,32.7853,0,0.361644,2.99877,1.61895,33.1838,149.061,31.1364,18.3111,16.8462,4.07406,19.4452,0.567052,1.91479,30.4635,8.2622,5.27387,1.56663,1.10495,0.204369,0.130451,0.07391767203807831,0.243822,1.52429,0.290482,0.719074,,,4.8262,-0.0410873,0.027836,999,1.62548,0.906774,0.836444,1.62548,-0.906774,3.88474,123.40000000000006,3.7393939393939415,122,3.696969696969697,,,,,,,,,,,,,,,,,,,"Luis Mey","25620",682825
"William Kempner","MIA",0.642258,1.319,0,4.49412,20.32,0,0,1.27501,0,21.4226,94.4612,19.6047,11.6275,10.6973,2.61727,11.0928,0.555065,1.42393,20.513,8.61787,4.66029,1.84921,1.09956,0.217158,0.117433,0.09972549974918365,0.239244,1.43295,0.288832,0.705426,,,4.56114,-0.0411052,-0.0754752,999,0.395206,-0.544327,1.13447,0.395206,0.544327,3.48737,76.5,3.642857142857143,76,3.619047619047619,,,,,,,,,,,,,,,,,,,"William Kempner","sa3020527",687531
"Josh Ekness","MIA",0.733315,0.785388,0,4.58118,14.4473,0,0,1.25032,0,14.9886,66.2115,14.6685,8.29295,7.62951,1.89738,7.07044,0.388359,0.855721,12.964,7.78431,4.24548,1.83355,1.13929,0.195797,0.106786,0.08901133388280869,0.251667,1.45036,0.294103,0.70462,,,4.63737,-0.0422635,0.0030521,999,0.38561,1.51577,1.22976,0.38561,-1.51577,3.36033,53.400000000000006,3.5600000000000005,55,3.6666666666666665,,,,,,,,,,,,,,,,,,,"Josh Ekness","sa3023204",694795
"Seth Johnson","PHI",1.73396,2.17146,0.213443,4.96761,21.8789,2.00835,0,1.28689,0.262062,30.33,134.601,30.9204,18.1966,16.7409,4.38642,14.3268,0.391734,1.0936,26.3299,7.81302,4.25126,1.83781,1.30161,0.195614,0.106439,0.08917545527219772,0.259441,1.49183,0.29994,0.691722,,,4.80427,-0.0431417,-0.0875683,999,1.92489,-1.34113,0.846531,1.92489,1.34113,3.87129,103.20000000000002,3.4400000000000004,109,3.6333333333333333,,,,,,,,,,,,,,,,,,,"Seth Johnson","26020",686751
"Carson Palmquist","COL",0.67653,1.55289,0.53588,5.57733,15.2024,3.47814,0,1.12481,0,31.4848,141.561,32.164,21.2079,19.5112,5.67007,15.8643,0.200172,1.9116,28.0812,8.02707,4.53484,1.77009,1.6208,0.198369,0.112067,0.08630168437957764,0.259838,1.52544,0.294267,0.669001,,,5.38626,-0.0439443,-0.0362391,999,1.74661,-3.28809,0.814908,1.74661,3.28809,3.91346,78.39999999999996,2.529032258064515,83,2.6774193548387095,,,,,,,,,,,,,,,,,,,"Carson Palmquist","31612",687223
"Scott Blewett","STL",0.676151,0.860019,0,4.43776,20.9922,0.0854843,0,0.792312,0,24.0962,103.791,24.203,12.9146,11.8815,3.225,8.47357,0.561319,0.993975,18.819,7.02895,3.1649,2.2209,1.20455,0.181317,0.0816411,0.09967600554227829,0.256597,1.35609,0.290237,0.701735,,,4.49177,-0.0465039,-0.0843866,999,1.1449,0.640845,1.1664,1.1449,-0.640845,3.4448,93.30000000000001,3.8875000000000006,96,4,,,,,,,,,,,,,,,,,,,"Scott Blewett","16427",656240
"Chris Devenski","PIT",0.82324,1.18631,0,4.64079,19.1378,0.120766,0,1.1341,2.06017,20.8743,89.9047,21.5889,11.6997,10.7637,3.10976,6.61937,0.245741,0.952195,17.4211,7.51114,2.85396,2.63183,1.34078,0.193773,0.0736265,0.12014621496200562,0.262214,1.35134,0.299005,0.692052,,,4.49084,-0.0479013,-0.0690572,999,0.898762,-0.53205,1.17095,0.898762,0.53205,3.43873,75.3,3.5857142857142854,80,3.8095238095238093,,,,,,,,,,,,,,,,,,,"Chris Devenski","12763",606965
"Joel Peguero","SFG",2.99006,2.64745,0,4.30039,60.8456,0,2.45673,9.13713,0.998193,63.8945,279.814,64.2025,33.1849,30.5301,7.09928,26.868,1.83891,2.87511,51.358,7.23415,3.78455,1.91149,0.999985,0.183543,0.096021,0.08752244710922241,0.256737,1.42533,0.298013,0.713478,,,4.36848,-0.0493168,0.0452006,999,5.61154,-1.06598,0.62372,5.61154,1.06598,4.16837,279.1,4.3609375,287,4.484375,,,,,,,,,,,,,,,,,,,"Joel Peguero","21951",666711
"Joe La Sorsa","PIT",0.450285,0.562906,0,4.74422,8.38195,0,0,0.74169,0,8.916,39.0651,9.63665,5.10863,4.69994,1.23552,3.05722,0.181686,0.425686,5.99248,6.04894,3.08603,1.96011,1.24716,0.153397,0.0782597,0.07513758540153503,0.270828,1.42372,0.296292,0.691822,,,4.76429,-0.0507361,-0.0154532,999,1.0505,-0.0861022,1.36057,1.0505,0.0861022,3.1859,35.30000000000001,3.9222222222222234,39,4.333333333333333,,,,,,,,,,,,,,,,,,,"Joe La Sorsa","25481",686747
"Génesis Cabrera","PHI",0.973436,0.983351,0,4.50474,24.181,0,0.0285227,1.38871,0.771034,25.3048,109.89,24.5098,13.7671,12.6657,3.76776,10.6036,0.702338,1.1397,22.3952,7.96517,3.77132,2.11204,1.34006,0.203797,0.096493,0.10730357468128204,0.249726,1.38762,0.288149,0.715394,,,4.69296,-0.0508928,-0.0577124,999,0.921019,-1.6604,1.08429,0.921019,1.6604,3.55428,82.80000000000001,3.3120000000000003,85,3.4,,,,,,,,,,,,,,,,,,,"Genesis Cabrera","17490",650893
"Paul Gervase","LAD",0.781865,0.762125,0,4.42397,19.231,0,0,0.901519,0.470139,20.8341,90.0384,18.8058,11.1315,10.241,3.04176,9.66522,0.350871,0.940246,21.2029,9.15935,4.17523,2.19374,1.31399,0.235488,0.107345,0.12814223021268845,0.236751,1.36656,0.285642,0.716136,,,4.52485,-0.0532149,-0.00269816,999,1.08106,-0.359296,1.15698,1.08106,0.359296,3.45736,82.1,3.9095238095238094,79,3.761904761904762,,,,,,,,,,,,,,,,,,,"Paul Gervase","31571",801434
"Angel Chivilli","COL",0.637076,1.37474,0,5.08362,22.8838,0,0.025356,1.28659,0.640489,24.6215,109.07,26.825,15.1167,13.9074,3.85081,9.17036,0.437142,1.42622,20.1184,7.35394,3.35208,2.19385,1.4076,0.184453,0.0840776,0.10037577897310257,0.272408,1.46195,0.30836,0.682214,,,4.82526,-0.0586645,0.00185113,999,2.04912,-2.33605,1.03689,2.04912,2.33605,3.61748,79.60000000000001,3.184,87,3.48,,,,,,,,,,,,,,,,,,,"Angel Chivilli","26790",683409
"Jack Neely","CHC",0.268039,0.772537,0,4.50297,13.7946,0,0,0.759167,0,14.7413,65.1131,13.7697,8.01687,7.37552,2.05503,7.72063,0.262528,0.725507,14.084,8.5987,4.71366,1.82421,1.25465,0.216301,0.118573,0.09772849828004837,0.242994,1.45783,0.289052,0.723862,,,4.75546,-0.0600716,-0.0164809,999,1.9809,-1.25596,1.26059,1.9809,1.25596,3.31921,55.00000000000001,3.666666666666667,54,3.6,,,,,,,,,,,,,,,,,,,"Jack Neely","30106",680891
"George Soriano","ATL",0.654033,0.326744,0,4.61678,15.6067,0,0.0258445,0.550147,0.477227,17.7528,77.151,16.9834,9.89867,9.10678,2.44308,7.40902,0.439854,1.09783,16.5542,8.39236,3.75609,2.23434,1.23854,0.214569,0.0960328,0.11853671073913574,0.247412,1.374,0.292874,0.691096,,,4.49672,-0.060683,-0.0449217,999,1.2347,-4.35023,1.20652,1.2347,4.35023,3.39131,78.40000000000002,4.355555555555557,78,4.333333333333333,,,,,,,,,,,,,,,,,,,"George Soriano","21863",666277
"Andrew Hoffmann","ARI",1.90941,2.11349,0,4.34307,36.4007,0,0,4.1398,5.0444,39.2549,169.87,38.7107,20.5902,18.943,4.89763,15.2087,0.718824,1.71878,35.2054,8.07156,3.48691,2.31482,1.12288,0.207249,0.0895315,0.11771750450134277,0.253106,1.37357,0.299657,0.708187,,,4.25706,-0.0607583,-0.019508,999,1.62424,-1.04995,0.851275,1.62424,1.04995,3.86497,160.70000000000002,4.120512820512821,165,4.230769230769231,,,,,,,,,,,,,,,,,,,"Andrew Hoffmann","29633",694851
"Marquis Grissom Jr.","WSN",0.579784,0.552646,0,4.83556,8.58703,0,0,0.858203,0,8.92958,39.2632,8.93,5.21492,4.79773,1.37623,3.84895,0.229952,0.499207,7.06205,7.11774,3.8793,1.8348,1.38708,0.179864,0.0980293,0.0818348079919815,0.255763,1.43108,0.285298,0.697002,,,5.0178,-0.0621452,-0.0249613,999,0.37955,0.988189,1.33754,0.37955,-0.988189,3.21662,36.90000000000001,4.100000000000001,38,4.222222222222222,,,,,,,,,,,,,,,,,,,"Marquis Grissom Jr.","sa3020312",671726
"Cam Sanders","PIT",0.76698,0.660352,0,4.75806,20.0711,0,0,0.79722,0.251109,21.5138,96.1576,20.2039,12.3628,11.3738,2.77294,12.0798,0.391167,1.26865,19.8898,8.32062,5.05343,1.64653,1.16002,0.206846,0.125625,0.08122046291828156,0.243981,1.5006,0.289809,0.701401,,,4.82308,-0.0640724,-0.0157363,999,1.37488,0.961733,1.07612,1.37488,-0.961733,3.56517,78.9,3.5863636363636364,76,3.4545454545454546,,,,,,,,,,,,,,,,,,,"Cam Sanders","23479",676742
"Michael Petersen","MIA",1.12813,1.1892,0,4.541,30.9196,0,0,1.63354,1.59154,33.2106,144.262,32.4067,18.2137,16.7566,4.90133,13.4922,1.55136,1.72016,30.4862,8.26168,3.65636,2.25954,1.32825,0.211325,0.0935259,0.11779923737049103,0.251118,1.38206,0.293666,0.709204,,,4.59196,-0.0677902,-0.0332388,999,3.32572,-2.06466,0.949334,3.32572,2.06466,3.73422,122.50000000000004,3.7121212121212133,123,3.727272727272727,,,,,,,,,,,,,,,,,,,"Michael Petersen","20827",656848
"Ryan Rolison","CHC",0.496297,0.416188,0,4.65484,15.1323,0.0415473,0,0.961002,0,16.1433,70.0588,16.6066,9.07545,8.34941,2.24726,6.11805,0.267638,0.356964,11.833,6.59695,3.41085,1.93411,1.25286,0.168901,0.0873274,0.081573486328125,0.261177,1.40768,0.290068,0.697153,,,4.68212,-0.068873,-0.064967,999,1.84026,-4.91842,1.25435,1.84026,4.91842,3.32753,59.60000000000001,3.7250000000000005,64,4,,,,,,,,,,,,,,,,,,,"Ryan Rolison","22200",669020
"Brandon Waddell","NYM",0.424386,0.863052,0,4.40369,12.8455,0.198867,0,1.13892,0,17.6264,76.24,17.2791,9.37453,8.62457,2.46782,6.8664,0.273706,0.801622,13.9537,7.12471,3.50597,2.03217,1.26006,0.183023,0.090063,0.09295989573001862,0.251985,1.36985,0.284011,0.7139,,,4.67705,-0.0704649,0.04146,999,3.11886,-0.81396,1.26361,3.11886,0.81396,3.31519,72.40000000000002,4.022222222222223,72,4,,,,,,,,,,,,,,,,,,,"Brandon Waddell","18347",663399
"Garrett Acton","COL",0.407947,0.463498,0,5.12431,16.5948,0,0,1.26242,0,17.0085,73.9855,16.693,10.5262,9.68408,2.97976,7.30051,0.65831,0.49739,15.7728,8.34616,3.86305,2.16051,1.57673,0.213188,0.0986749,0.11451307684183121,0.252207,1.41068,0.289095,0.679418,,,4.93335,-0.0727234,-0.0697903,999,1.20452,0.0835197,1.18694,1.20452,-0.0835197,3.41742,59.7,3.511764705882353,61,3.588235294117647,,,,,,,,,,,,,,,,,,,"Garrett Acton","27583",670183
"Kevin Herget","NYM",0.122891,0.0453792,0,4.02497,4.89168,0,0.0305095,0.373883,0,7.68264,32.6945,7.34177,3.73459,3.43582,1.38273,2.70585,0.156229,0.2904,5.06632,5.93506,3.16983,1.87236,1.61983,0.154959,0.0827617,0.07219776511192322,0.247212,1.30783,0.256312,0.778252,,,5.32599,-0.0730228,0.0184267,999,0.652335,-0.214789,1.44738,0.652335,0.214789,3.07015,29.700000000000006,3.712500000000001,28,3.5,,,,,,,,,,,,,,,,,,,"Kevin Herget","15369",643361
"Bobby Miller","LAD",0.911045,0.971428,0.00662055,4.61483,17.2768,0.435443,0,0.606544,0,21.437,93.9144,20.7318,11.9478,10.992,3.06118,9.59623,0.930902,1.20472,20.2864,8.51695,4.02883,2.114,1.28519,0.21601,0.102181,0.11382938176393509,0.249439,1.41475,0.295664,0.70578,,,4.6104,-0.0733525,-0.104116,731.9400024414062,2.53247,-1.14347,1.11134,2.53247,1.14347,3.51821,74.9,3.566666666666667,77,3.6666666666666665,,,,,,,,,,,,,,,,,,,"Bobby Miller","27483",676272
"Jaden Woods","PIT",0.785561,0.843393,0,4.59256,14.9934,0,0,0.982561,0,15.5208,69.0908,15.3679,8.60871,7.92002,1.92754,7.68658,0.404643,0.870885,12.6346,7.32643,4.4572,1.64373,1.11772,0.18287,0.111253,0.07161680608987808,0.253875,1.48539,0.292365,0.709659,,,4.77559,-0.0742249,-0.0384918,999,0.172682,0.357778,1.21286,0.172682,-0.357778,3.38285,57.80000000000001,3.6125000000000007,57,3.5625,,,,,,,,,,,,,,,,,,,"Jaden Woods","sa3023064",692243
"Rolddy Muñoz","ATL",0.414485,0.631185,0,4.48181,16.3638,0,0,0.963142,0.212468,18.2032,81.2405,17.641,9.85306,9.06481,2.12276,9.00447,0.351711,1.62372,16.6158,8.21517,4.45197,1.84529,1.04953,0.204526,0.110837,0.09368916600942612,0.249828,1.46378,0.299153,0.70933,,,4.57713,-0.0794725,-0.0449217,999,1.86374,-0.554665,1.19926,1.86374,0.554665,3.40098,66.80000000000003,3.7111111111111126,69,3.8333333333333335,,,,,,,,,,,,,,,,,,,"Rolddy Munoz","27407",691548
"Austin Love","STL",1.1579,1.48062,0,4.58618,22.8666,0,0,1.40101,0,23.7371,103.768,22.8458,13.1477,12.0959,3.24212,10.923,0.610454,0.924297,20.2836,7.69057,4.1415,1.85695,1.22926,0.19547,0.105264,0.09020630270242691,0.248538,1.42262,0.286624,0.705482,,,4.69903,-0.0809036,-0.0467204,999,0.254307,-0.690937,1.07437,0.254307,0.690937,3.56751,88.90000000000002,3.7041666666666675,89,3.7083333333333335,,,,,,,,,,,,,,,,,,,"Austin Love","sa3017609",676153
"Thomas Hatch","ARI",0.420779,0.316536,0,5.86417,4.25725,0.503705,0.000700643,0.396527,0,9.85963,45.2933,11.4475,6.98292,6.42429,1.67716,4.64319,0.329003,0.511024,6.8468,6.24985,4.23836,1.47459,1.53093,0.151166,0.102514,0.048652246594429016,0.285197,1.63198,0.309041,0.662737,,,5.5259,-0.0811184,-0.0986762,999,1.77481,-2.22592,1.25648,1.77481,2.22592,3.32469,16.799999999999997,1.6799999999999997,20,2,,,,,,,,,,,,,,,,,,,"Thomas Hatch","19264",641672
"Triston McKenzie","SDP",1.11219,1.42086,0.876274,5.08326,10.7376,2.76287,0,0.711629,0,23.2849,102.883,22.5357,14.2951,13.1515,4.0262,11.9346,0.134918,0.65355,21.3037,8.23423,4.61293,1.78503,1.55619,0.207067,0.116002,0.09106522798538208,0.24958,1.48037,0.284916,0.699713,,,5.17499,-0.0866897,-0.0836846,747.0599975585938,0.784121,-2.21017,0.997064,0.784121,2.21017,3.67058,68.2,2.965217391304348,70,3.0434782608695654,,,,,,,,,,,,,,,,,,,"Triston McKenzie","18000",663474
"Andry Lara","WSN",0.603368,0.449133,0,4.91887,20.214,0,0,1.53083,0,25.9776,114.7,27.7073,15.4324,14.1978,3.452,10.202,0.379449,1.19631,20.459,7.08805,3.53449,2.0054,1.19595,0.178369,0.0889443,0.08942447602748871,0.268216,1.4593,0.305516,0.679541,,,4.60381,-0.0877581,-0.127793,999,5.24604,-2.06185,1.04066,5.24604,2.06185,3.61245,97.7,3.7576923076923077,106,4.076923076923077,,,,,,,,,,,,,,,,,,,"Andry Lara","27967",691251
"Antonio Senzatela","COL",1.39839,3.38684,0.757843,5.3555,34.2927,3.87032,0,1.70079,0,56.5835,253.663,68.3381,36.5982,33.6704,9.19965,18.4437,0.886292,2.22335,35.8235,5.69797,2.9336,1.94231,1.46327,0.141225,0.0727094,0.06851513683795929,0.293301,1.53369,0.314611,0.679053,,,5.07828,-0.0880419,-0.0152323,999,4.63232,-1.46806,0.581928,4.63232,1.46806,4.2241,154.3,2.7070175438596493,188,3.2982456140350878,,,,,,,,,,,,,,,,,,,"Antonio Senzatela","15488",622608
"Jhancarlos Lara","ATL",0.571031,1.26746,0,4.09445,12.7778,0,0,0.83314,0,13.9505,64.5387,12.3226,6.89849,6.34661,1.50795,10.6524,0.35989,0.96781,15.3153,9.88049,6.87226,1.43774,0.972837,0.237304,0.165054,0.0722501277923584,0.23286,1.64689,0.299614,0.770543,,,4.84356,-0.0885456,0.0434991,999,4.21514,-1.7394,1.21691,4.21514,1.7394,3.37745,45.800000000000026,3.271428571428573,42,3,,,,,,,,,,,,,,,,,,,"Jhancarlos Lara","sa3019367",702910
"Brandan Bidois","PIT",1.62541,2.13802,0,4.69321,34.4147,0,0,2.07198,0,36.2583,159.119,34.5622,20.5517,18.9076,4.80777,17.4324,0.941128,1.61237,33.3363,8.27469,4.32704,1.91232,1.19338,0.209506,0.109556,0.09994997084140778,0.246743,1.434,0.291911,0.69466,,,4.59584,-0.0937668,-0.160763,999,0.471634,0.982599,0.809928,0.471634,-0.982599,3.9201,130.90000000000003,3.636111111111112,132,3.6666666666666665,,,,,,,,,,,,,,,,,,,"Brandan Bidois","sa3015277",684049
"Ty Adcock","SDP",0.734045,1.09374,0,4.4232,29.2306,0,0,1.33748,0,31.5426,134.442,29.835,16.8501,15.5021,5.07934,11.739,0.442667,1.07866,28.5372,8.14248,3.34948,2.43097,1.44928,0.212265,0.0873169,0.12494786083698273,0.245305,1.31803,0.281291,0.717405,,,4.63819,-0.121904,-0.0283657,999,1.74619,-0.839631,1.06621,1.74619,0.839631,3.57839,120.30000000000001,3.7593750000000004,118,3.6875,,,,,,,,,,,,,,,,,,,"Ty Adcock","25651",686654
"Bradley Blalock","MIA",0.478729,1.19743,0.313615,5.1012,13.4615,1.01676,0,0.451251,0,18.5413,83.019,20.2488,11.4231,10.5092,2.81763,7.99484,0.398892,0.820092,13.0133,6.31669,3.88071,1.62771,1.36768,0.156751,0.0963014,0.06044960767030716,0.27288,1.52328,0.298616,0.692234,,,5.13324,-0.123829,-0.0263498,747,5.919,-1.97518,1.14797,5.919,1.97518,3.46938,50.69999999999999,2.668421052631578,55,2.8947368421052633,,,,,,,,,,,,,,,,,,,"Bradley Blalock","26419",687134
"Konnor Pilkington","WSN",2.88142,2.16213,0,4.1394,54.5654,0.315704,1.25618,8.46741,0.957544,57.8242,253.456,52.1895,28.9079,26.5953,7.43212,30.0939,0.688891,2.64358,56.4378,8.78422,4.68394,1.87539,1.15677,0.222673,0.118734,0.10393888503313065,0.236453,1.42299,0.285355,0.74258,,,4.55244,-0.135061,0.165688,999,2.74127,-1.27625,0.60411,2.74127,1.27625,4.19452,257.90000000000003,4.446551724137931,249,4.293103448275862,,,,,,,,,,,,,,,,,,,"Konnor Pilkington","21453",663455
"Orlando Ribalta","WSN",1.00449,1.17183,0,4.84894,34.3905,0,0.0186552,1.86089,0,35.832,158.45,34.706,20.9839,19.3052,5.33968,17.4898,0.603739,1.98374,32.7137,8.21679,4.39295,1.87045,1.34118,0.20646,0.11038,0.09608021378517151,0.249725,1.45668,0.290976,0.697935,,,4.87685,-0.138384,-0.200454,999,5.26941,-3.74606,0.831388,5.26941,3.74606,3.89148,130.90000000000003,3.636111111111112,132,3.6666666666666665,,,,,,,,,,,,,,,,,,,"Orlando Ribalta","26247",687377
"Cole Henry","WSN",2.1412,2.59934,0,4.62895,64.8441,0,10.616,8.9438,0.1982,64.4099,284.568,59.1183,36.0085,33.1278,8.87709,33.2376,0.89717,5.00661,60.9394,8.51507,4.64429,1.83345,1.2404,0.214147,0.1168,0.09734708070755005,0.240003,1.43388,0.284642,0.704977,,,4.81587,-0.153292,-0.222353,657.7100219726562,3.83506,-1.26905,1.06,3.83506,1.26905,3.58667,308.5,4.8203125,302,4.71875,,,,,,,,,,,,,,,,,,,"Cole Henry","27570",669371
"Yilber Díaz","ARI",0.918457,1.28335,0.267133,4.7273,20.9511,1.78393,0.533285,2.22375,0.258394,29.9055,137.287,28.7902,17.0739,15.708,3.70996,20.339,0.43044,1.13301,27.8657,8.38612,6.12097,1.37006,1.11651,0.202974,0.148149,0.05482463538646698,0.248587,1.64281,0.297725,0.729602,,,5.03827,-0.214197,0.0040699,746.9099731445312,7.48288,-2.42097,0.895387,7.48288,2.42097,3.80615,103.4,3.4466666666666668,104,3.466666666666667,,,,,,,,,,,,,,,,,,,"Yilber Diaz","29271",700270
"Luis Peralta","COL",0.798773,1.99646,0,5.28791,28.5353,0,0,1.46693,2.0004,28.4744,132.164,29.8046,18.1848,16.73,4.39249,17.7086,0.414758,1.7902,26.2922,8.31025,5.59723,1.48471,1.38835,0.198936,0.13399,0.06494595110416412,0.264542,1.66863,0.309978,0.709037,,,5.34816,-0.242273,-0.104556,999,8.04217,-2.3697,0.828251,8.04217,2.3697,3.89567,76.00000000000006,2.714285714285716,84,3,,,,,,,,,,,,,,,,,,,"Luis Peralta","24203",678821
"Zach Agnos","COL",1.8348,2.58086,0,5.27522,45.2108,0,0.601031,3.76322,1.11427,47.7327,211.588,50.225,30.4107,27.9778,7.66247,20.6183,0.82773,1.8431,37.2495,7.0234,3.88758,1.80662,1.44476,0.176047,0.0974452,0.07860167324542999,0.265562,1.48417,0.295133,0.672579,,,5.07296,-0.262164,-0.103139,999,3.26901,-1.08892,0.606803,3.26901,1.08892,4.19093,152.80000000000007,3.183333333333335,162,3.375,,,,,,,,,,,,,,,,,,,"Zach Agnos","31552",688642