Name,Team,G,PA,AB,H,1B,2B,3B,HR,R,RBI,BB,IBB,SO,HBP,SF,SH,GDP,SB,CS,AVG,BB%,K%,BB/K,OBP,SLG,wOBA,OPS,ISO,Spd,BABIP,UBR,wSB,wRC,wRAA,wRC+,BsR,Fld,Off,Def,WAR,ADP,InterSD,InterSK,IntraSD,Vol,Skew,Dim,FPTS,FPTS/G,SPTS,SPTS/G,P10,P20,P30,P40,P50,P60,P70,P80,P90,TT10,TT20,TT30,TT40,TT50,TT60,TT70,TT80,TT90,NameASCII,PlayerId,MLBAMID
"Juan Soto","NYM",159,686,542,152,87,27,2,35,113,100,135,7,112,4,4,1,,8,4,0.279953,0.196634,0.16388,1.19987,0.423723,0.530845,0.40845,0.954568,0.250893,3.80784,0.293179,-1.24115,-1.58151,134.506,54.2588,168.095,-2.82266,-3.87505,53.03735160827637,-12.22505521774292,6.57557,7.460000038146973,,,,,,,1148.9,7.225786163,1148.9,7.225786163,,,,,,,,,,,,,,,,,,,"Juan Soto","20123",665742
"Mookie Betts","LAD",156,672,577,162,97,34,3,28,108,93,83,3,93,6,5,1,,15,3,0.280852,0.123096,0.138279,0.890203,0.374367,0.497086,0.374407,0.871453,0.216234,5.30703,0.290237,0.334323,0.144363,113.348,34.7387,143.367,0.478686,-6.9491,35.32728788256645,-0.14910411834716797,5.94551,13.239999771118164,,,,,,,996.2,6.385897435,996.2,6.385897435,,,,,,,,,,,,,,,,,,,"Mookie Betts","13611",605141
"Francisco Lindor","NYM",159,686,607,157,95,31,3,28,101,89,63,2,130,10,5,2,,23,5,0.259296,0.0912817,0.189687,0.481223,0.336528,0.457959,0.343298,0.794487,0.198663,5.91281,0.285304,0.574581,1.30234,98.5329,18.2859,124.243,1.87692,5.46517,21.764115691184998,12.565170764923096,5.90602,14.600000381469727,,,,,,,891.1,5.604402515,891.1,5.604402515,,,,,,,,,,,,,,,,,,,"Francisco Lindor","12916",596019
"Fernando Tatis Jr.","SDP",152,658,590,164,91,34,1,37,104,101,57,1,141,7,3,1,,19,4,0.277662,0.0866308,0.214183,0.404472,0.346336,0.529328,0.373622,0.875664,0.251665,5.2141,0.305037,0.951264,0.984737,110.571,33.5991,144.816,1.936,4.9458,37.199397921562195,-2.504195213317871,5.84746,11.220000267028809,,,,,,,997.4,6.561842105,997.4,6.561842105,,,,,,,,,,,,,,,,,,,"Fernando Tatis Jr.","19709",665487
"Shohei Ohtani","LAD",151,651,561,160,83,30,5,42,119,116,79,11,150,5,4,1,,36,6,0.284956,0.122094,0.22991,0.531051,0.376217,0.57962,0.400023,0.955837,0.294664,7.05508,0.315636,0.299401,3.37289,123.228,47.075,160.608,3.67229,0,50.8537540435791,-16.274999618530273,5.81134,1.5,,,,,,,1148.9,7.608609271,1148.9,7.608609271,,,,,,,,,,,,,,,,,,,"Shohei Ohtani","19755",660271
"Patrick Bailey","SFG",128,506,456,108,73,22,1,12,53,52,42,0,121,3,4,1,,4,1,0.237494,0.0831535,0.23909,0.347792,0.30321,0.37028,0.296219,0.67349,0.132786,3.69155,0.294364,-0.0593358,-0.417844,53.4631,-5.68105,91.009,-0.47718,9.76145,-5.913159132003784,19.63645362854004,5.09773,304.510009765625,,,,,,,470.9,3.67890625,470.9,3.67890625,,,,,,,,,,,,,,,,,,,"Patrick Bailey","27478",672275
"Jackson Merrill","SDP",154,665,616,173,111,31,5,25,85,94,39,2,110,3,5,3,,15,4,0.280662,0.0586167,0.165539,0.354096,0.323596,0.470174,0.339641,0.79377,0.189512,5.58175,0.304598,0.13656,0.155707,93.5594,15.769,121.945,0.292267,5.76873,17.74324467778206,8.143734455108643,4.96185,27.18000030517578,,,,,,,849.5,5.516233766,849.5,5.516233766,,,,,,,,,,,,,,,,,,,"Jackson Merrill","29490",701538
"Michael Harris II","ATL",143,616,571,166,108,31,4,23,85,85,34,2,118,6,4,1,,18,5,0.291473,0.0557357,0.192351,0.28976,0.336514,0.483502,0.351213,0.820016,0.192029,5.68313,0.330307,0.688156,0.291015,92.4026,20.3441,124.864,0.979171,5.87424,19.294232726097107,8.074236154556274,4.94624,40.25,,,,,,,827.7,5.788111888,827.7,5.788111888,,,,,,,,,,,,,,,,,,,"Michael Harris II","25931",671739
"Ronald Acuña Jr.","ATL",128,553,474,139,86,26,2,26,101,73,66,2,101,8,3,1,,39,9,0.293386,0.119021,0.181914,0.654271,0.386786,0.518916,0.38903,0.905702,0.22553,6.86007,0.323284,1.00634,3.00773,99.7845,35.0956,150.318,4.01407,-1.50667,37.288158893585205,-7.831672668457031,4.9451,36.529998779296875,,,,,,,906.5,7.08203125,906.5,7.08203125,,,,,,,,,,,,,,,,,,,"Ronald Acuna Jr.","18401",660670
"Elly De La Cruz","CIN",154,665,595,154,89,32,8,26,99,88,62,2,195,5,3,1,,54,14,0.258766,0.0927838,0.293699,0.315914,0.331761,0.467761,0.343701,0.799522,0.208995,8.20916,0.340626,0.520133,3.93378,95.7325,17.9421,114.526,4.45391,2.53423,16.005503177642822,9.659230709075928,4.9389,4.429999828338623,,,,,,,914.6,5.938961038,914.6,5.938961038,,,,,,,,,,,,,,,,,,,"Elly De La Cruz","26668",682829
"William Contreras","MIL",156,626,551,150,95,31,1,23,83,83,68,3,132,4,3,0,,7,2,0.272417,0.108524,0.210963,0.514421,0.354479,0.458124,0.351561,0.812603,0.185707,3.77601,0.318483,-0.634454,-0.568581,94.1381,20.8631,125.919,-1.20303,-1.55351,18.211533069610596,4.446488261222839,4.81894,24.940000534057617,,,,,,,824.5,5.28525641,824.5,5.28525641,,,,,,,,,,,,,,,,,,,"William Contreras","20503",661388
"Kyle Tucker","CHC",154,665,575,155,92,31,2,30,93,97,82,6,102,2,5,0,,21,3,0.269013,0.123577,0.153353,0.805834,0.35993,0.48603,0.362122,0.84596,0.217017,4.8906,0.278257,0.672398,1.48473,105.592,27.8018,135.945,2.15713,0.230066,30.74129319190979,-8.094933360815048,4.62717,8.6899995803833,,,,,,,959.8,6.232467532,959.8,6.232467532,,,,,,,,,,,,,,,,,,,"Kyle Tucker","18345",663656
"Bryce Harper","PHI",154,665,568,161,90,39,0,31,95,99,87,11,145,4,5,1,,10,3,0.282454,0.130853,0.217801,0.60079,0.378874,0.515242,0.379289,0.894116,0.232788,3.61204,0.32632,-1.14377,-0.717035,114.78,36.9899,144.365,-1.8608,1.24228,33.41845643520355,-10.83272135257721,4.62091,22.31999969482422,,,,,,,1021.7,6.634415584,1021.7,6.634415584,,,,,,,,,,,,,,,,,,,"Bryce Harper","11579",547180
"Austin Riley","ATL",157,679,607,165,97,33,2,33,96,98,56,1,165,10,6,1,,2,0,0.271295,0.0823407,0.243103,0.338707,0.339622,0.493533,0.357,0.833155,0.222237,3.18676,0.31836,0.0524855,-1.08227,105.016,25.5876,128.759,-1.02979,-2.69439,22.32126021385193,-0.2693934440612793,4.61394,28.790000915527344,,,,,,,936.1,5.962420382,936.1,5.962420382,,,,,,,,,,,,,,,,,,,"Austin Riley","18360",663586
"Trea Turner","PHI",156,672,620,175,117,33,2,23,97,83,41,1,129,6,4,1,,23,4,0.282817,0.060953,0.191873,0.317674,0.331195,0.455858,0.339609,0.787053,0.173041,5.78054,0.322401,1.0236,1.77579,94.5267,15.9174,117.657,2.79939,-2.15923,16.988141536712646,5.040772914886475,4.58749,23.6200008392334,,,,,,,856.8,5.492307692,856.8,5.492307692,,,,,,,,,,,,,,,,,,,"Trea Turner","16252",607208
"Ketel Marte","ARI",147,637,558,153,91,32,4,26,92,87,67,5,115,6,5,1,,7,2,0.274795,0.104765,0.180932,0.57903,0.354988,0.487406,0.360285,0.842394,0.212611,4.79368,0.301025,-0.160544,-0.460184,100.204,25.6891,130.528,-0.620727,-1.11817,22.63354516029358,-0.4431650638580322,4.48373,31.34000015258789,,,,,,,885.5,6.023809523,885.5,6.023809523,,,,,,,,,,,,,,,,,,,"Ketel Marte","13613",606466
"Matt Chapman","SFG",157,679,595,143,81,34,2,26,86,83,71,2,176,8,5,0,,10,3,0.241139,0.105114,0.258999,0.405846,0.32834,0.437346,0.332074,0.765686,0.196207,4.39336,0.295292,1.015,-0.36588,91.3939,11.9658,115.142,0.649118,4.52594,12.944066226482391,6.950944662094116,4.39119,126.5,,,,,,,807.8,5.145222929,807.8,5.145222929,,,,,,,,,,,,,,,,,,,"Matt Chapman","16505",656305
"Freddie Freeman","LAD",154,665,576,169,107,36,2,24,97,92,74,9,109,9,5,0,,11,2,0.292753,0.11085,0.163473,0.678096,0.379037,0.487615,0.370845,0.866653,0.194862,4.53605,0.322675,0.123832,-0.258375,110.261,32.4704,140.969,-0.134543,-0.0724793,32.444550931453705,-12.09747888892889,4.3897,26.149999618530273,,,,,,,976.1,6.338311688,976.1,6.338311688,,,,,,,,,,,,,,,,,,,"Freddie Freeman","5361",518692
"Dansby Swanson","CHC",157,679,610,149,98,29,2,21,82,77,60,1,166,4,4,1,,15,4,0.244666,0.0889762,0.244144,0.364441,0.315046,0.400375,0.312544,0.715421,0.155709,4.83342,0.300863,1.15116,0.245953,80.7203,1.29222,102.575,1.39711,8.34914,3.4881969690322876,15.62414026260376,4.31036,172.17999267578125,,,,,,,726.6,4.628025477,726.6,4.628025477,,,,,,,,,,,,,,,,,,,"Dansby Swanson","18314",621020
"Gabriel Moreno","ARI",128,507,450,128,91,25,1,11,57,59,49,1,83,4,4,1,,6,2,0.284007,0.0963871,0.163611,0.589124,0.357095,0.416133,0.338865,0.773229,0.132126,3.83292,0.325594,-0.800648,-0.61879,71.0698,11.7151,116.111,-1.41944,7.15406,8.35623049736023,16.129058837890625,4.27072,186.6199951171875,,,,,,,613.2,4.790625,613.2,4.790625,,,,,,,,,,,,,,,,,,,"Gabriel Moreno","22664",672515
"Corbin Carroll","ARI",156,672,583,152,91,26,11,24,108,84,70,1,130,11,5,3,,38,7,0.260135,0.104172,0.193379,0.538693,0.348079,0.463689,0.350935,0.811769,0.203554,8.30245,0.294895,1.94411,3.1996,100.653,22.0434,124.235,5.14371,0.392234,24.618501663208008,-6.307765692472458,4.20348,8.130000114440918,,,,,,,927.5,5.94551282,927.5,5.94551282,,,,,,,,,,,,,,,,,,,"Corbin Carroll","25878",682998
"Willy Adames","SFG",156,672,597,145,84,35,1,25,83,84,67,2,158,3,4,1,,14,4,0.243202,0.099412,0.235706,0.421763,0.320382,0.429071,0.324664,0.749452,0.185869,4.40269,0.288362,0.541324,-0.000425814,86.4435,7.83422,110.154,0.540898,1.59027,8.700847685337067,8.790272235870361,4.11883,94.01000213623047,,,,,,,782.6,5.016666666,782.6,5.016666666,,,,,,,,,,,,,,,,,,,"Willy Adames","15986",642715
"Manny Machado","SDP",151,651,592,158,98,30,1,29,83,99,52,6,127,2,5,0,,8,2,0.266699,0.0795039,0.194473,0.408817,0.325131,0.467787,0.338346,0.792918,0.201088,3.56584,0.291734,-0.543753,-0.439667,90.9112,14.7584,121.073,-0.98342,1.27989,15.421588361263275,2.404889702796936,4.08121,37.5,,,,,,,829.7,5.494701986,829.7,5.494701986,,,,,,,,,,,,,,,,,,,"Manny Machado","11493",592518
"Xander Bogaerts","SDP",149,644,580,154,109,28,1,17,74,71,52,1,114,6,6,1,,13,3,0.266261,0.0804157,0.177108,0.45405,0.330023,0.404968,0.321387,0.734991,0.138707,4.41508,0.302827,0.431634,0.223935,81.1433,5.80943,109.659,0.655568,0.955484,8.093870878219604,7.105484426021576,3.7858,154.5,,,,,,,719.4,4.828187919,719.4,4.828187919,,,,,,,,,,,,,,,,,,,"Xander Bogaerts","12161",593428
"Matt McLain","CIN",138,595,523,135,79,29,4,23,81,79,59,1,156,9,3,1,,18,6,0.257194,0.0988403,0.262454,0.3766,0.340831,0.45648,0.345351,0.797311,0.199286,5.91544,0.322202,-0.0411869,0.044164,86.4455,16.8435,115.637,0.00297715,2.65222,11.128698128275573,4.077223896980286,3.61786,87.77999877929688,,,,,,,777.5,5.634057971,777.5,5.634057971,,,,,,,,,,,,,,,,,,,"Matt McLain","29695",680574
"Mark Vientos","NYM",154,665,602,150,88,28,2,33,82,100,52,1,194,6,5,1,,1,0,0.249921,0.0778428,0.291901,0.266675,0.313264,0.465281,0.334316,0.778545,0.21536,2.5054,0.309876,-0.989836,-1.10095,90.7094,12.919,118.198,-2.09079,-1.00083,12.38045358657837,0.32417118549346924,3.60041,105.01000213623047,,,,,,,816.7,5.303246753,816.7,5.303246753,,,,,,,,,,,,,,,,,,,"Mark Vientos","22184",668901
"Masyn Winn","STL",154,665,607,157,106,31,5,16,88,70,47,1,116,4,5,3,,14,4,0.258767,0.0705788,0.173972,0.405689,0.313495,0.404726,0.312222,0.718221,0.145958,5.6567,0.293754,1.07352,0.0700457,78.8839,1.09346,101.281,1.14356,3.27798,2.162388324737549,10.40297555923462,3.58603,155.1199951171875,,,,,,,709.4,4.606493506,709.4,4.606493506,,,,,,,,,,,,,,,,,,,"Masyn Winn","27479",691026
"Nico Hoerner","CHC",130,560,508,141,103,27,2,8,68,54,38,1,62,9,3,1,,26,5,0.276518,0.0679216,0.110843,0.612774,0.336359,0.386089,0.317458,0.722448,0.109571,5.77867,0.30003,0.820487,1.78186,68.7884,3.28071,105.883,2.60235,6.74535,6.541917562484741,8.745346069335938,3.50583,202.77999877929688,,,,,,,622.9,4.791538461,622.9,4.791538461,,,,,,,,,,,,,,,,,,,"Nico Hoerner","21479",663538
"Oneil Cruz","PIT",146,630,565,145,85,30,4,26,83,86,56,4,181,4,4,0,,20,4,0.255724,0.089593,0.287828,0.311273,0.325764,0.460589,0.337051,0.786353,0.204865,5.83067,0.327421,0.369516,1.25016,87.3222,13.626,113.939,1.61967,-1.9674,12.120394349098206,-0.11739695072174072,3.40751,38.709999084472656,,,,,,,808,5.534246575,808,5.534246575,,,,,,,,,,,,,,,,,,,"Oneil Cruz","21711",665833
"Matt Olson","ATL",159,686,593,150,82,32,1,34,92,105,81,6,163,6,5,0,,1,0,0.25203,0.118229,0.237563,0.497673,0.345473,0.483405,0.354544,0.828878,0.231375,2.40098,0.287408,-0.35084,-1.15486,104.743,24.4955,127.106,-1.5057,1.05727,20.730196595191956,-11.192729353904724,3.34557,34.5,,,,,,,928,5.836477987,928,5.836477987,,,,,,,,,,,,,,,,,,,"Matt Olson","14344",621566
"Will Smith","LAD",126,501,434,109,68,21,2,19,65,66,52,4,89,9,6,0,,2,0,0.250659,0.103574,0.1781,0.581551,0.339623,0.435891,0.335412,0.775513,0.185232,3.43092,0.271661,-0.566718,-0.712101,68.7808,10.1747,117.12,-1.27882,1.18119,8.977831959724426,10.031190752983093,3.30383,104.91000366210938,,,,,,,614.1,4.873809523,614.1,4.873809523,,,,,,,,,,,,,,,,,,,"Will Smith","19197",669257
"Nolan Arenado","STL",152,658,599,157,103,31,1,22,73,87,47,3,99,6,6,0,,3,2,0.261121,0.0714069,0.150865,0.473315,0.318212,0.425313,0.321059,0.743525,0.164192,2.75706,0.278402,-0.347472,-1.34201,82.7334,5.7618,107.229,-1.68948,3.76804,3.998470902442932,5.518041968345642,3.24706,226.52999877929688,,,,,,,741.7,4.879605263,741.7,4.879605263,,,,,,,,,,,,,,,,,,,"Nolan Arenado","9777",571448
"Ezequiel Tovar","COL",159,686,645,169,102,40,4,24,83,90,29,1,178,5,4,2,,9,4,0.26217,0.0422873,0.259702,0.16283,0.296994,0.448015,0.319014,0.745009,0.185845,4.87325,0.323969,-0.0520011,-0.797491,85.1248,4.87783,91.2795,-0.849492,9.10471,-8.003123879432678,16.45470666885376,3.23343,130.00999450683594,,,,,,,773.7,4.866037735,773.7,4.866037735,,,,,,,,,,,,,,,,,,,"Ezequiel Tovar","24064",678662
"Ozzie Albies","ATL",152,658,601,159,98,35,3,23,86,87,44,1,105,7,6,1,,12,3,0.264043,0.0668958,0.160174,0.417645,0.318554,0.447443,0.329795,0.765997,0.183399,5.1584,0.283431,0.960882,0.138278,87.3601,10.3885,110.448,1.09916,-2.33725,9.32027542591095,0.012754678726196289,3.22811,68.83999633789062,,,,,,,791.6,5.207894736,791.6,5.207894736,,,,,,,,,,,,,,,,,,,"Ozzie Albies","16556",645277
"Jung Hoo Lee","SFG",143,616,562,162,114,33,4,12,68,70,45,3,53,5,3,2,,6,6,0.287852,0.0731143,0.0857447,0.852697,0.343971,0.420865,0.332163,0.764836,0.133012,3.61233,0.300078,0,-2.32485,82.9581,10.8996,115.202,-2.32485,-0.351968,8.873337030410767,1.848032146692276,3.22697,229.47000122070312,,,,,,,721.1,5.042657342,721.1,5.042657342,,,,,,,,,,,,,,,,,,,"Jung Hoo Lee","33824",808982
"Ian Happ","CHC",156,672,581,143,85,33,2,23,88,79,79,2,163,6,4,1,,12,3,0.246841,0.11796,0.242169,0.487096,0.341236,0.429958,0.336425,0.771194,0.183117,4.5644,0.301425,0.11421,-0.248483,92.8047,14.1954,118.649,-0.134272,0.220059,14.85179290175438,-6.979941412806511,3.12538,130.30999755859375,,,,,,,812.5,5.208333333,812.5,5.208333333,,,,,,,,,,,,,,,,,,,"Ian Happ","17919",664023
"Jackson Chourio","MIL",149,644,591,159,101,30,3,24,88,85,44,3,132,4,4,2,,27,8,0.269176,0.0684814,0.205714,0.332896,0.322244,0.454673,0.333441,0.776917,0.185498,5.94899,0.307898,0.842638,1.22203,87.3912,12.0573,113.723,2.06467,3.54027,12.632787227630615,-3.859734058380127,3.1221,17.030000686645508,,,,,,,802,5.382550335,802,5.382550335,,,,,,,,,,,,,,,,,,,"Jackson Chourio","28806",694192
"James Wood","WSN",139,602,527,139,85,29,4,21,79,77,68,2,161,4,3,0,,18,6,0.263663,0.11268,0.267625,0.421036,0.349735,0.453141,0.347904,0.802876,0.189478,5.6647,0.339314,-0.0942534,0.00341826,88.6997,18.2789,124.194,-0.0908351,0.0636433,17.32575463503599,-7.286357119679451,3.10836,55.5099983215332,,,,,,,789.1,5.676978417,789.1,5.676978417,,,,,,,,,,,,,,,,,,,"James Wood","29518",695578
"Xavier Edwards","MIA",136,588,523,150,117,24,4,5,72,48,54,1,82,2,4,5,,32,7,0.285891,0.0913339,0.139184,0.656211,0.352827,0.374467,0.32168,0.727293,0.0885753,6.28688,0.328957,0.27653,2.35738,74.226,5.44287,103.557,2.63391,-1.06606,5.135083198547363,5.033939361572266,3.07358,144.6300048828125,,,,,,,665.6,4.894117647,665.6,4.894117647,,,,,,,,,,,,,,,,,,,"Xavier Edwards","22266",669364
"Bryson Stott","PHI",139,602,541,140,98,25,3,13,71,65,51,1,103,4,5,1,,26,5,0.258367,0.0842929,0.171182,0.492416,0.323604,0.389087,0.312204,0.712691,0.13072,5.88619,0.294442,0.591254,2.09523,71.4021,0.981277,99.2119,2.68649,4.60713,2.1191659569740295,6.807125806808472,2.9934,175.2899932861328,,,,,,,655.2,4.713669064,655.2,4.713669064,,,,,,,,,,,,,,,,,,,"Bryson Stott","26294",681082
"CJ Abrams","WSN",139,602,546,139,87,29,4,19,83,67,36,2,116,13,4,2,,33,8,0.254231,0.0604642,0.191954,0.314993,0.314124,0.426767,0.320308,0.740891,0.172536,6.98683,0.288371,0.522479,2.29675,75.3287,4.90793,105.62,2.81923,-4.66243,6.86482048034668,1.787571907043457,2.96512,49.029998779296875,,,,,,,705.2,5.073381294,705.2,5.073381294,,,,,,,,,,,,,,,,,,,"CJ Abrams","25768",682928
"Lars Nootbaar","STL",126,546,466,116,71,24,3,19,73,63,72,2,111,2,5,1,,9,3,0.250059,0.132216,0.203274,0.650431,0.350353,0.435725,0.341979,0.786077,0.185665,4.89077,0.286558,0.340391,-0.395906,77.8447,13.9747,121.31,-0.0555155,1.45042,13.857879381626844,-3.3995816707611084,2.95893,260.6199951171875,,,,,,,679.6,5.393650793,679.6,5.393650793,,,,,,,,,,,,,,,,,,,"Lars Nootbaar","21454",663457
"Pete Crow-Armstrong","CHC",133,574,525,129,83,23,7,16,73,69,33,2,146,8,4,4,,31,7,0.245802,0.058233,0.254017,0.229249,0.299065,0.408157,0.30534,0.707222,0.162355,7.62713,0.307784,-0.111102,2.35611,64.9099,-2.2355,97.727,2.24501,6.769,0.6848392486572266,8.81899619102478,2.9567,129.6300048828125,,,,,,,616.7,4.636842105,616.7,4.636842105,,,,,,,,,,,,,,,,,,,"Pete Crow-Armstrong","27769",691718
"Brenton Doyle","COL",154,665,608,152,98,26,5,23,86,80,43,1,188,5,5,3,,28,6,0.249402,0.0651182,0.282659,0.230377,0.30232,0.422535,0.313007,0.724855,0.173132,6.64689,0.319019,0.686415,2.0741,79.3038,1.5134,87.2364,2.76051,11.3027,-7.389239072799683,13.677705764770508,2.93776,73.26000213623047,,,,,,,743.7,4.829220779,743.7,4.829220779,,,,,,,,,,,,,,,,,,,"Brenton Doyle","25479",686668
"Pete Alonso","NYM",154,665,577,139,77,26,1,35,87,102,69,7,154,13,5,0,,4,1,0.241296,0.104038,0.231557,0.449299,0.3339,0.472793,0.345203,0.806692,0.231497,3.36213,0.264491,-1.22638,-0.635387,96.5362,18.7457,125.525,-1.86176,-0.223731,18.436216235160828,-12.348731100559235,2.917,48.040000915527344,,,,,,,862.3,5.599350649,862.3,5.599350649,,,,,,,,,,,,,,,,,,,"Pete Alonso","19251",624413
"Brandon Nimmo","NYM",131,567,489,123,80,23,3,17,74,65,64,0,125,10,3,1,,8,2,0.252191,0.11212,0.219715,0.510299,0.347769,0.418434,0.336878,0.766203,0.166243,4.93165,0.302962,-0.302518,-0.324497,78.511,12.1844,119.922,-0.627015,3.48819,12.880881607532501,-3.8868072032928467,2.87997,194.33999633789062,,,,,,,675,5.152671755,675,5.152671755,,,,,,,,,,,,,,,,,,,"Brandon Nimmo","12927",607043
"Alec Bohm","PHI",143,616,562,158,105,34,2,17,72,81,42,1,95,6,6,0,,4,2,0.280533,0.0687464,0.153675,0.447348,0.334047,0.436529,0.333501,0.770576,0.155996,3.27271,0.308938,-0.668921,-1.06305,83.6213,11.5628,113.546,-1.73197,-2.36198,8.246238470077515,-0.9119784832000732,2.87716,166.7100067138672,,,,,,,738.6,5.165034965,738.6,5.165034965,,,,,,,,,,,,,,,,,,,"Alec Bohm","21618",664761
"Tommy Edman","LAD",141,609,555,140,93,29,3,15,78,69,42,1,108,6,4,2,,25,4,0.252482,0.0683112,0.17721,0.385483,0.308971,0.396539,0.307338,0.70551,0.144057,6.27042,0.286404,0.552312,2.29932,69.8469,-1.39271,98.2243,2.85164,3.66001,1.5584934949874878,5.88501238822937,2.86435,173.0399932861328,,,,,,,651.5,4.620567375,651.5,4.620567375,,,,,,,,,,,,,,,,,,,"Tommy Edman","19470",669242
"Brendan Donovan","STL",134,581,512,143,103,26,2,13,69,63,52,1,77,12,4,1,,5,3,0.279816,0.0899267,0.132328,0.679573,0.357865,0.412331,0.338939,0.770196,0.132516,3.58722,0.306629,0.0964783,-1.51732,81.4132,13.449,119.264,-1.42084,0.557379,11.962908864021301,-3.8176209330558777,2.84048,245.47000122070312,,,,,,,690.9,5.155970149,690.9,5.155970149,,,,,,,,,,,,,,,,,,,"Brendan Donovan","24679",680977
"Sean Murphy","ATL",91,358,313,74,43,16,1,14,41,46,35,1,84,8,2,0,,0,0,0.234633,0.0964117,0.23488,0.410472,0.323958,0.425476,0.326832,0.749434,0.190843,2.58644,0.273651,-0.187582,-0.632901,46.7286,4.80364,108.454,-0.820482,2.17872,2.8026095032691956,9.178717374801636,2.69172,270.1199951171875,,,,,,,414.1,4.55054945,414.1,4.55054945,,,,,,,,,,,,,,,,,,,"Sean Murphy","19352",669221
"Teoscar Hernández","LAD",151,651,594,155,96,28,1,30,83,102,46,2,185,7,4,0,,9,3,0.26174,0.0711808,0.284089,0.250558,0.320729,0.465699,0.337814,0.786429,0.203959,3.98685,0.327847,-0.582607,-0.529135,90.6325,14.4798,118.737,-1.11174,-2.22831,13.474461674690247,-9.203314542770386,2.68124,56.939998626708984,,,,,,,810.6,5.36821192,810.6,5.36821192,,,,,,,,,,,,,,,,,,,"Teoscar Hernandez","13066",606192
"Max Muncy","LAD",126,546,454,97,51,20,1,25,74,74,80,3,146,8,4,0,,3,1,0.214042,0.145879,0.266986,0.546393,0.337854,0.42732,0.333674,0.765175,0.213278,3.14753,0.250622,-0.0550911,-0.965427,74.1949,10.3248,115.95,-1.02052,-2.84234,9.393598198890686,-1.6423401832580566,2.67935,261.1199951171875,,,,,,,654.8,5.196825396,654.8,5.196825396,,,,,,,,,,,,,,,,,,,"Max Muncy","13301",571970
"Brandon Marsh","PHI",131,567,500,124,80,24,4,16,67,67,57,1,175,4,4,2,,17,4,0.247867,0.10112,0.308039,0.328271,0.327583,0.407123,0.321142,0.734706,0.159256,6.08151,0.344553,0.669837,0.755902,71.3294,5.00287,105.227,1.42574,2.43923,4.97003960609436,2.064225435256958,2.67756,308.5299987792969,,,,,,,641.3,4.895419847,641.3,4.895419847,,,,,,,,,,,,,,,,,,,"Brandon Marsh","20202",669016
"Francisco Alvarez","NYM",92,366,325,76,45,14,1,17,44,51,34,0,89,4,3,1,,1,1,0.234876,0.0930107,0.243762,0.381563,0.313093,0.43728,0.325336,0.750373,0.202404,3.13556,0.268977,-0.402964,-0.653,47.2789,4.46496,112.154,-1.05596,-3.22748,4.263309597969055,3.297522783279419,2.67281,202.66000366210938,,,,,,,419.8,4.563043478,419.8,4.563043478,,,,,,,,,,,,,,,,,,,"Francisco Alvarez","26121",682626
"Kyle Schwarber","PHI",152,658,549,124,65,20,1,38,99,91,98,4,190,6,4,1,,5,2,0.225996,0.148761,0.289412,0.514012,0.347101,0.474634,0.354095,0.821735,0.248638,3.57565,0.26486,-0.633634,-0.992245,100.229,23.2576,127.407,-1.62588,-0.00875171,19.93904435634613,-16.05875094793737,2.66496,75.97000122070312,,,,,,,882.2,5.803947368,882.2,5.803947368,,,,,,,,,,,,,,,,,,,"Kyle Schwarber","16478",656941
"Geraldo Perdomo","ARI",133,574,492,123,88,24,3,8,75,53,63,0,92,6,4,9,,16,5,0.250952,0.109789,0.160937,0.68219,0.340315,0.360598,0.312739,0.700913,0.109646,5.79632,0.291959,0.89614,0.181885,68.3279,1.18245,98.5263,1.07803,0.132018,0.06647276878356934,6.28201787173748,2.63082,431.67999267578125,,,,,,,582.1,4.376691729,582.1,4.376691729,,,,,,,,,,,,,,,,,,,"Geraldo Perdomo","22799",672695
"Brice Turang","MIL",136,588,529,135,98,24,3,10,68,56,51,1,105,2,3,3,,36,6,0.254357,0.0861803,0.179422,0.480323,0.319947,0.366461,0.302769,0.686409,0.112105,6.31851,0.299193,0.381353,3.51687,65.2762,-3.5069,93.0787,3.89822,3.4667,-0.9683880805969238,5.9166998863220215,2.53439,145.3800048828125,,,,,,,618.3,4.546323529,618.3,4.546323529,,,,,,,,,,,,,,,,,,,"Brice Turang","22186",668930
"J.T. Realmuto","PHI",126,501,454,114,72,22,3,17,59,62,35,2,123,9,3,1,,8,3,0.252344,0.0697178,0.24524,0.284285,0.315565,0.42721,0.321226,0.742775,0.174867,4.89805,0.306949,-0.0996686,-0.419781,63.0605,4.45449,105.284,-0.519449,1.31643,2.6462565064430237,10.166425704956055,2.514,141.2899932861328,,,,,,,563.9,4.475396825,563.9,4.475396825,,,,,,,,,,,,,,,,,,,"J.T. Realmuto","11739",592663
"Luis García Jr.","WSN",125,539,503,138,93,26,3,16,62,66,30,2,84,1,4,1,,15,5,0.274074,0.0561279,0.155204,0.361638,0.31441,0.433461,0.321732,0.747871,0.159387,5.08239,0.2988,-0.402232,0.108148,68.063,5.01179,106.578,-0.294084,0.410909,3.945612519979477,2.3359090089797974,2.50347,130.00999450683594,,,,,,,620.2,4.9616,620.2,4.9616,,,,,,,,,,,,,,,,,,,"Luis Garcia Jr.","20391",671277
"Christian Yelich","MIL",133,574,494,131,88,24,3,17,81,65,72,5,126,4,2,1,,23,4,0.265336,0.125795,0.218968,0.574489,0.362014,0.428507,0.344254,0.790521,0.163171,5.85018,0.321881,0.649485,1.82189,82.8878,15.7424,121.001,2.47138,-0.619459,16.886451959609985,-11.969459593296051,2.48298,114.41000366210938,,,,,,,746.6,5.613533834,746.6,5.613533834,,,,,,,,,,,,,,,,,,,"Christian Yelich","11477",592885
"Iván Herrera","STL",100,398,344,88,60,17,2,9,47,43,46,0,85,5,3,0,,5,1,0.255039,0.1161,0.213679,0.543337,0.34909,0.393061,0.328825,0.742151,0.138021,4.38475,0.311419,0.539252,-0.338411,52.5303,5.97308,112.456,0.200841,-2.81299,6.129250571131706,4.3370115756988525,2.47971,231.4600067138672,,,,,,,453.8,4.538,453.8,4.538,,,,,,,,,,,,,,,,,,,"Ivan Herrera","20599",671056
"Joey Ortiz","MIL",144,623,555,139,89,31,5,14,73,71,55,0,125,6,5,2,,12,4,0.251131,0.0877363,0.201318,0.435811,0.322345,0.402614,0.316928,0.724959,0.151484,5.31839,0.29809,0.281322,-0.582628,76.2616,3.38424,102.609,-0.301306,-5.27357,1.6422855854034424,1.2514266967773438,2.44263,270.3999938964844,,,,,,,668,4.638888888,668,4.638888888,,,,,,,,,,,,,,,,,,,"Joey Ortiz","25493",687401
"Bryan Reynolds","PIT",149,644,573,152,98,28,4,22,80,80,57,3,141,9,4,1,,8,2,0.264714,0.0880547,0.218873,0.40231,0.33815,0.441887,0.337477,0.780037,0.177173,4.69737,0.312806,0.398099,-0.503051,89.4833,14.1494,114.225,-0.104952,-0.960606,10.849730148911476,-8.660606443881989,2.44213,97.12999725341797,,,,,,,796.6,5.346308724,796.6,5.346308724,,,,,,,,,,,,,,,,,,,"Bryan Reynolds","19326",668804
"Eugenio Suárez","ARI",141,609,537,126,76,25,1,23,71,79,56,0,175,10,6,0,,2,1,0.233944,0.0916811,0.287393,0.319009,0.313944,0.416237,0.31836,0.730181,0.182293,2.69917,0.296367,-0.656184,-1.13722,75.2495,4.00983,102.31,-1.7934,0.784395,-0.11134827136993408,2.5593945384025574,2.34843,173.30999755859375,,,,,,,662,4.69503546,662,4.69503546,,,,,,,,,,,,,,,,,,,"Eugenio Suarez","12552",553993
"Ryan McMahon","COL",147,637,562,137,85,28,1,22,76,74,67,3,181,4,4,1,,6,4,0.243059,0.104813,0.283883,0.369211,0.324997,0.414068,0.32171,0.739066,0.17101,3.31007,0.315723,0.295476,-1.46583,80.4271,5.91212,93.0947,-1.17036,5.51651,-6.430308938026428,7.791511535644531,2.33254,276.8699951171875,,,,,,,712.1,4.844217687,712.1,4.844217687,,,,,,,,,,,,,,,,,,,"Ryan McMahon","15112",641857
"Ke'Bryan Hayes","PIT",136,588,538,137,96,27,3,12,65,59,41,1,115,4,4,1,,15,4,0.254897,0.0690191,0.195763,0.352564,0.310061,0.378922,0.301261,0.688984,0.124026,5.13172,0.302318,0.249627,0.185559,64.5624,-4.22067,89.8489,0.435185,6.82435,-6.702393084764481,8.924345016479492,2.25282,354.0299987792969,,,,,,,589.7,4.336029411,589.7,4.336029411,,,,,,,,,,,,,,,,,,,"Ke'Bryan Hayes","18577",663647
"Willson Contreras","STL",139,602,517,126,75,27,0,24,74,77,64,2,149,18,4,0,,6,3,0.24289,0.105633,0.248014,0.425915,0.343865,0.434903,0.34053,0.778768,0.192013,3.29265,0.292698,-0.63509,-1.04883,85.1266,14.7058,120.334,-1.68392,0.366995,12.954315304756165,-11.283004522323608,2.24413,74.0999984741211,,,,,,,741.5,5.334532374,741.5,5.334532374,,,,,,,,,,,,,,,,,,,"Willson Contreras","11609",575929
"Marcell Ozuna","ATL",154,665,593,154,93,27,0,33,85,101,64,1,165,4,4,0,,1,0,0.259296,0.0957697,0.248468,0.385441,0.332838,0.475258,0.347825,0.808096,0.215962,1.94045,0.302067,-0.795493,-1.09931,97.9399,20.1495,122.584,-1.8948,-0.000211032,16.064248204231262,-16.525212557593477,2.2407,70.93000030517578,,,,,,,863.8,5.609090909,863.8,5.609090909,,,,,,,,,,,,,,,,,,,"Marcell Ozuna","10324",542303
"Nick Gonzales","PIT",112,483,437,115,73,28,4,10,56,57,33,1,108,8,4,1,,5,3,0.263221,0.0692108,0.223031,0.310319,0.324297,0.415923,0.321612,0.74022,0.152702,4.60535,0.325103,0.379773,-1.09135,60.945,4.44456,103.547,-0.711578,1.64423,1.3369487524032593,4.119226098060608,2.22553,405.9700012207031,,,,,,,529.1,4.724107142,529.1,4.724107142,,,,,,,,,,,,,,,,,,,"Nick Gonzales","27490",693304
"Nathaniel Lowe","WSN",144,623,546,147,103,23,2,18,70,72,68,1,133,5,3,0,,3,1,0.26858,0.109618,0.214224,0.511699,0.352708,0.419046,0.338625,0.771753,0.150466,2.94908,0.322569,-1.16428,-1.19409,87.141,14.2637,117.948,-2.35837,0.639468,11.012873888015747,-10.485531866550446,2.19824,261.739990234375,,,,,,,746.4,5.183333333,746.4,5.183333333,,,,,,,,,,,,,,,,,,,"Nathaniel Lowe","19566",663993
"Seiya Suzuki","CHC",130,560,491,129,80,25,4,20,73,70,60,3,140,5,4,1,,11,5,0.263473,0.106517,0.250748,0.424798,0.345899,0.453978,0.345224,0.799877,0.190505,5.15742,0.325692,-0.518066,-0.75581,81.3034,15.7957,124.572,-1.27388,-0.168181,15.180641770362854,-12.568180292844772,2.1968,83.37000274658203,,,,,,,716.6,5.512307692,716.6,5.512307692,,,,,,,,,,,,,,,,,,,"Seiya Suzuki","30116",673548
"TJ Friedl","CIN",131,567,499,124,83,20,4,17,71,67,48,0,95,12,4,4,,16,4,0.24848,0.0844611,0.167959,0.502867,0.326911,0.408066,0.322027,0.734977,0.159586,5.98665,0.273835,0.750515,0.445369,71.7334,5.40684,99.9382,1.19588,-0.888811,1.1540095135569572,1.1361894607543945,2.18761,248.9600067138672,,,,,,,635.2,4.848854961,635.2,4.848854961,,,,,,,,,,,,,,,,,,,"TJ Friedl","19522",670770
"Tyler Fitzgerald","SFG",138,595,542,127,77,27,3,20,76,73,39,0,181,9,3,2,,21,5,0.234579,0.065553,0.304579,0.215225,0.294834,0.407955,0.305468,0.70279,0.173376,6.31369,0.310935,0.395825,1.18845,67.346,-2.25595,97.2347,1.58428,1.21825,-0.38326823711395264,1.4432462006807327,2.1569,243.32000732421875,,,,,,,622.5,4.510869565,622.5,4.510869565,,,,,,,,,,,,,,,,,,,"Tyler Fitzgerald","26208",666149
"Garrett Mitchell","MIL",113,490,434,105,67,21,3,15,62,62,47,0,148,6,2,1,,21,6,0.243155,0.0964279,0.301525,0.319801,0.323822,0.409788,0.321434,0.733611,0.166633,6.323,0.330697,0.176058,0.778498,61.7578,4.43855,105.641,0.954557,0.0908717,4.260013937950134,-0.15912816673517227,2.10965,247.97000122070312,,,,,,,555.1,4.91238938,555.1,4.91238938,,,,,,,,,,,,,,,,,,,"Garrett Mitchell","27555",669003
"Luis Arraez","SDP",149,644,597,183,143,30,3,8,80,59,37,4,37,5,3,2,,7,3,0.307211,0.0568062,0.0576624,0.985151,0.350908,0.404815,0.328907,0.755723,0.0976046,4.06278,0.31617,0.355271,-1.10153,85.0409,9.70703,114.72,-0.746257,1.45461,10.589641869068146,-11.74538803100586,2.09668,186.66000366210938,,,,,,,738,4.953020134,738,4.953020134,,,,,,,,,,,,,,,,,,,"Luis Arraez","18568",650333
"Matt Shaw","CHC",115,497,445,110,74,17,3,16,59,61,41,0,108,7,4,0,,16,6,0.2461,0.0821201,0.217261,0.37798,0.316614,0.402106,0.314366,0.71872,0.156006,5.55496,0.288756,0,-0.0881824,59.813,1.67487,103.802,-0.0881824,-0.245769,2.171429879963398,1.5292307436466217,2.0924,999,,,,,,,545.4,4.742608695,545.4,4.742608695,,,,,,,,,,,,,,,,,,,"Matt Shaw","33322",807713
"Jake Cronenworth","SDP",138,595,525,126,80,27,4,15,68,66,54,1,111,11,5,1,,4,2,0.240867,0.0902048,0.186987,0.482413,0.321924,0.392028,0.313314,0.713953,0.151161,4.18914,0.276843,0.637906,-0.971023,71.1032,1.50128,104.225,-0.333117,-2.40638,2.6730970442295074,-2.981381416320801,2.01559,283.82000732421875,,,,,,,619.7,4.49057971,619.7,4.49057971,,,,,,,,,,,,,,,,,,,"Jake Cronenworth","18036",630105
"Jose Trevino","CIN",70,275,253,62,44,10,1,8,30,31,17,0,47,2,2,1,,2,1,0.246549,0.0614665,0.172048,0.357264,0.297895,0.386473,0.298984,0.684369,0.139925,3.59781,0.273292,-0.317422,-0.454084,29.7128,-2.47959,84.429,-0.771506,4.07993,-5.895698189735413,9.454933643341064,1.99819,607.3400268554688,,,,,,,262.1,3.744285714,262.1,3.744285714,,,,,,,,,,,,,,,,,,,"Jose Trevino","16725",624431
"Heliot Ramos","SFG",139,602,547,138,87,25,3,22,72,78,45,1,158,5,4,0,,7,3,0.252051,0.0752783,0.262555,0.286714,0.313396,0.431524,0.322166,0.74492,0.179473,4.53393,0.312584,-0.319345,-0.746061,76.2286,5.80778,108.473,-1.06541,1.71193,5.034171938896179,-6.1380695104599,1.95751,204.1199951171875,,,,,,,677.1,4.871223021,677.1,4.871223021,,,,,,,,,,,,,,,,,,,"Heliot Ramos","22515",671218
"Otto Lopez","MIA",107,462,425,117,85,23,3,6,52,44,29,0,80,4,3,1,,15,4,0.276546,0.0638188,0.172442,0.370089,0.327403,0.386937,0.313121,0.71434,0.110392,5.65674,0.326664,0.166272,0.403014,55.1377,1.0938,97.7962,0.569286,2.42116,-0.6482496857643127,4.171164035797119,1.95361,325.7200012207031,,,,,,,486.7,4.54859813,486.7,4.54859813,,,,,,,,,,,,,,,,,,,"Otto Lopez","19608",672640
"Connor Norby","MIA",134,581,525,131,83,28,2,18,77,66,47,0,160,5,4,1,,9,4,0.249017,0.0801657,0.275428,0.291058,0.313747,0.413168,0.316516,0.726915,0.16415,4.64834,0.320721,0.0354529,-0.755472,70.9274,2.96314,100.081,-0.720019,-2.04216,-0.6635587364435196,0.03284454345703125,1.93412,266.1199951171875,,,,,,,632.3,4.718656716,632.3,4.718656716,,,,,,,,,,,,,,,,,,,"Connor Norby","29592",681393
"Josh Naylor","ARI",141,609,547,146,90,32,0,23,72,93,50,7,95,6,5,0,,7,2,0.266816,0.0827371,0.155874,0.530795,0.332712,0.453913,0.336257,0.786625,0.187097,3.16526,0.28284,-1.00406,-0.539711,84.0218,12.7822,114.356,-1.54377,0.938272,8.910642862319946,-10.586727619171143,1.9225,100.48999786376953,,,,,,,755.3,5.356737588,755.3,5.356737588,,,,,,,,,,,,,,,,,,,"Josh Naylor","18839",647304
"Michael Busch","CHC",128,553,485,116,68,26,2,20,70,69,58,1,152,7,4,0,,2,1,0.239425,0.104143,0.275306,0.378281,0.326154,0.42305,0.326757,0.749204,0.183625,3.63774,0.30434,-0.165909,-0.94047,72.0677,7.37882,112.142,-1.10638,1.93974,6.923060655593872,-7.485256195068359,1.84484,248.5399932861328,,,,,,,635.4,4.9640625,635.4,4.9640625,,,,,,,,,,,,,,,,,,,"Michael Busch","26319",683737
"Spencer Horwitz","PIT",100,434,372,101,66,24,1,10,52,47,53,2,79,6,3,0,,2,1,0.270963,0.121273,0.181961,0.666479,0.367348,0.418074,0.345196,0.785422,0.147111,3.00511,0.318518,-0.552864,-0.956669,63.0003,12.2318,119.421,-1.50953,2.29866,8.569337725639343,-5.6013383865356445,1.79995,378.8399963378906,,,,,,,540.9,5.409,540.9,5.409,,,,,,,,,,,,,,,,,,,"Spencer Horwitz","26477",687462
"Jake McCarthy","ARI",120,518,466,124,89,19,7,9,64,56,37,0,93,10,3,3,,26,6,0.267139,0.0711634,0.179168,0.397189,0.332058,0.396659,0.319809,0.728716,0.129519,7.17693,0.314257,0.729774,1.65907,64.6096,4.01496,103.285,2.38885,-3.64637,4.423858880996704,-4.296365320682526,1.79563,219.5,,,,,,,581.6,4.846666666,581.6,4.846666666,,,,,,,,,,,,,,,,,,,"Jake McCarthy","21622",664983
"Dylan Crews","WSN",134,581,526,130,84,26,5,16,71,65,40,0,128,9,5,1,,25,7,0.24689,0.0681393,0.220944,0.308401,0.308683,0.401702,0.309794,0.710385,0.154811,6.52863,0.295693,0.104163,1.10276,67.7841,-0.180118,98.5429,1.20692,3.40701,0.194549560546875,-2.5179946422576904,1.75929,124.6500015258789,,,,,,,631.2,4.710447761,631.2,4.710447761,,,,,,,,,,,,,,,,,,,"Dylan Crews","33541",686611
"Jeff McNeil","NYM",99,427,386,103,73,22,1,8,48,44,28,1,54,9,3,1,,4,1,0.26657,0.0659732,0.126629,0.520996,0.32804,0.38852,0.31466,0.71656,0.12195,3.9505,0.290339,-0.540729,-0.231053,51.4896,1.53993,104.968,-0.771782,-0.0412286,1.7648453116416931,1.0337714366614819,1.75837,426.92999267578125,,,,,,,451.3,4.558585858,451.3,4.558585858,,,,,,,,,,,,,,,,,,,"Jeff McNeil","15362",643446
"Tyler Stephenson","CIN",100,403,358,93,61,18,1,13,49,50,37,1,94,5,3,0,,1,0,0.25834,0.0916658,0.233485,0.392598,0.333801,0.420759,0.328676,0.754561,0.162419,2.80744,0.3142,-0.506533,-0.661536,53.1944,6.00544,104.413,-1.16807,-1.32782,0.9608074426651001,3.172183632850647,1.7467,174.00999450683594,,,,,,,470.8,4.708,470.8,4.708,,,,,,,,,,,,,,,,,,,"Tyler Stephenson","17988",663886
"Jurickson Profar","ATL",146,630,543,141,95,29,1,15,81,66,70,2,102,10,4,3,,7,2,0.258978,0.111253,0.162132,0.686183,0.351555,0.401183,0.331893,0.752739,0.142205,3.97711,0.291448,-0.463392,-0.707569,84.7065,11.0103,111.86,-1.17096,-5.36846,7.764163255691528,-12.368464946746826,1.69234,191.1199951171875,,,,,,,725.1,4.966438356,725.1,4.966438356,,,,,,,,,,,,,,,,,,,"Jurickson Profar","10815",595777
"Jacob Young","WSN",125,539,486,122,93,22,2,4,64,45,35,0,100,10,3,5,,30,7,0.249961,0.0641719,0.185315,0.346284,0.310877,0.332161,0.286842,0.643038,0.0822009,6.56251,0.304462,0.34071,2.18874,52.927,-10.1242,83.0945,2.52945,4.84985,-8.366847515106201,6.774850606918335,1.69031,295.30999755859375,,,,,,,482.4,3.8592,482.4,3.8592,,,,,,,,,,,,,,,,,,,"Jacob Young","29931",696285
"Sal Frelick","MIL",105,455,411,110,80,21,3,6,54,44,36,0,67,5,3,1,,13,3,0.268267,0.0786805,0.147519,0.53336,0.331911,0.376952,0.312491,0.708863,0.108685,5.60536,0.30693,0.351238,0.248995,54.0717,0.846685,99.6224,0.600233,4.88261,0.39476266503334045,0.30761241912841797,1.63822,358.07000732421875,,,,,,,478.7,4.559047619,478.7,4.559047619,,,,,,,,,,,,,,,,,,,"Sal Frelick","29622",686217
"Jesús Sánchez","MIA",94,406,366,94,58,19,2,16,48,53,34,1,104,3,2,1,,8,2,0.257015,0.0828681,0.255029,0.324936,0.323874,0.448003,0.333085,0.771877,0.190988,4.7343,0.314701,-0.4911,0.142844,54.9783,7.4852,111.234,-0.348256,0.520408,5.1057736575603485,-3.329591751098633,1.58051,245.42999267578125,,,,,,,497.9,5.29680851,497.9,5.29680851,,,,,,,,,,,,,,,,,,,"Jesus Sanchez","19913",660821
"Jose Siri","NYM",97,420,384,81,46,16,2,17,51,54,27,0,152,5,3,1,,14,4,0.21079,0.0650966,0.361147,0.18025,0.269886,0.394516,0.288133,0.664402,0.183726,6.2241,0.29304,0.647132,0.438218,41.6784,-7.4524,87.1136,1.08535,5.01494,-5.386686205863953,6.514936923980713,1.56177,434.8800048828125,,,,,,,398.6,4.10927835,398.6,4.10927835,,,,,,,,,,,,,,,,,,,"Jose Siri","17452",642350
"Orlando Arcia","ATL",134,581,529,124,82,24,0,17,61,65,43,1,120,3,5,1,,2,0,0.234543,0.0746295,0.206916,0.360675,0.293925,0.378685,0.293713,0.67261,0.144142,2.45869,0.269561,-0.239628,-0.697276,60.2642,-7.7001,86.1624,-0.936904,0.0199286,-10.55078375339508,6.244928540661931,1.55456,459.4700012207031,,,,,,,536.6,4.004477611,536.6,4.004477611,,,,,,,,,,,,,,,,,,,"Orlando Arcia","13185",606115
"Carson Kelly","CHC",76,301,267,61,42,11,0,8,32,33,27,0,60,4,3,0,,1,0,0.229867,0.0892161,0.200038,0.445995,0.306329,0.367159,0.297724,0.673488,0.137292,2.8082,0.263889,-0.247847,-0.401538,32.1716,-3.01543,92.6007,-0.649385,1.29488,-3.310914933681488,7.169875264167786,1.50867,523.1300048828125,,,,,,,276.6,3.639473684,276.6,3.639473684,,,,,,,,,,,,,,,,,,,"Carson Kelly","13620",608348
"Mike Yastrzemski","SFG",115,497,440,99,54,22,5,18,60,58,47,1,132,6,3,1,,4,1,0.224307,0.0941273,0.265403,0.354658,0.304899,0.41544,0.312551,0.720339,0.191133,5.17712,0.276394,0.0101311,-0.557233,59.0871,0.948955,102.002,-0.547102,2.60875,0.6427541971206665,-2.6162545680999756,1.50639,439.25,,,,,,,539.7,4.693043478,539.7,4.693043478,,,,,,,,,,,,,,,,,,,"Mike Yastrzemski","14854",573262
"LaMonte Wade Jr.","SFG",115,497,418,101,68,18,1,14,63,48,68,4,106,6,3,2,,3,1,0.242597,0.136857,0.213754,0.640255,0.354242,0.392505,0.329447,0.746747,0.149907,3.47557,0.290146,-0.321496,-0.918471,65.8455,7.70736,113.374,-1.23997,-0.104817,6.708298683166504,-8.729817099869251,1.50143,427.510009765625,,,,,,,562,4.886956521,562,4.886956521,,,,,,,,,,,,,,,,,,,"LaMonte Wade Jr.","18126",664774
"Lourdes Gurriel Jr.","ARI",130,560,518,141,94,28,2,17,65,72,32,1,102,6,4,0,,5,1,0.272707,0.0576259,0.181691,0.317165,0.320083,0.431936,0.324968,0.752019,0.159229,3.94267,0.30856,-0.41725,-0.530127,72.1735,6.66574,106.758,-0.947377,0.195601,3.577874481678009,-8.2043986171484,1.44917,220.3800048828125,,,,,,,644.7,4.959230769,644.7,4.959230769,,,,,,,,,,,,,,,,,,,"Lourdes Gurriel Jr.","19238",666971
"Max Kepler","PHI",115,497,447,107,67,21,2,18,60,62,41,0,100,6,4,0,,3,0,0.240535,0.0822023,0.201202,0.408556,0.309821,0.414061,0.31531,0.723882,0.173526,3.70166,0.270314,-0.0710286,-0.46573,60.1907,2.05258,101.302,-0.536758,2.22494,0.2373276948928833,-3.1000614166259766,1.41455,351.9599914550781,,,,,,,540.4,4.699130434,540.4,4.699130434,,,,,,,,,,,,,,,,,,,"Max Kepler","12144",596146
"Alec Burleson","STL",100,434,399,110,75,19,1,15,51,57,28,0,60,3,3,1,,6,2,0.276241,0.0638927,0.137323,0.465274,0.325929,0.440384,0.33171,0.766314,0.164143,3.79521,0.290804,-0.473031,-0.439708,58.2893,7.52086,114.398,-0.912739,0.313546,6.559415340423584,-7.336453855037689,1.41317,238.91000366210938,,,,,,,517.6,5.176,517.6,5.176,,,,,,,,,,,,,,,,,,,"Alec Burleson","27615",676475
"Michael Conforto","LAD",115,497,439,104,63,20,1,20,59,69,48,2,120,7,3,1,,2,1,0.23753,0.0956529,0.242314,0.394747,0.319552,0.425365,0.32343,0.744917,0.187834,2.99688,0.279302,-0.16508,-0.948162,63.4388,5.30068,109.056,-1.11324,-1.82416,4.268693208694458,-7.149155497550964,1.41272,275.69000244140625,,,,,,,561.1,4.879130434,561.1,4.879130434,,,,,,,,,,,,,,,,,,,"Michael Conforto","16376",624424
"Spencer Steer","CIN",118,511,447,111,65,26,2,17,62,66,53,1,106,8,3,0,,14,3,0.247217,0.103772,0.20818,0.498473,0.335093,0.431906,0.334425,0.766999,0.184689,5.17324,0.285329,0.194614,0.456602,69.7478,9.972,108.283,0.651217,-1.35099,5.712644100189209,-9.52598762512207,1.36455,167.27999877929688,,,,,,,622.4,5.274576271,622.4,5.274576271,,,,,,,,,,,,,,,,,,,"Spencer Steer","26323",668715
"Gavin Lux","CIN",115,497,440,114,78,22,3,11,61,51,49,1,105,3,3,1,,7,2,0.259126,0.0995089,0.211197,0.471166,0.33551,0.400395,0.323002,0.735905,0.141269,4.76494,0.313674,0.580242,-0.517089,63.2673,5.1292,100.594,0.0631525,-0.294284,0.41631585359573364,-3.9692839682102203,1.34326,336.2200012207031,,,,,,,546.4,4.751304347,546.4,4.751304347,,,,,,,,,,,,,,,,,,,"Gavin Lux","19955",666158
"Isiah Kiner-Falefa","PIT",128,553,512,135,104,21,3,7,58,50,28,1,86,8,4,2,,15,4,0.263529,0.050309,0.154749,0.325101,0.309188,0.355484,0.29249,0.664672,0.0919543,5.3059,0.302733,0.170361,0.386905,56.8157,-7.87316,83.9456,0.557266,-1.54375,-10.05918174982071,4.181250810623169,1.29585,371.69000244140625,,,,,,,513.1,4.00859375,513.1,4.00859375,,,,,,,,,,,,,,,,,,,"Isiah Kiner-Falefa","16512",643396
"Keibert Ruiz","WSN",122,480,446,112,74,23,0,15,49,57,25,0,54,5,3,1,,3,1,0.252098,0.0518406,0.111505,0.464916,0.29719,0.405537,0.304893,0.702727,0.153439,2.76583,0.255849,-0.878748,-0.577422,54.1074,-2.04211,95.2443,-1.45617,-4.52578,-4.18585479259491,4.849217414855957,1.2876,211.57000732421875,,,,,,,481.8,3.949180327,481.8,3.949180327,,,,,,,,,,,,,,,,,,,"Keibert Ruiz","19610",660688
"Nolan Gorman","STL",94,406,365,83,47,15,0,21,51,57,37,1,132,2,2,0,,5,1,0.227377,0.0900598,0.324792,0.277285,0.299997,0.438407,0.31875,0.738404,0.21103,3.4785,0.290564,0.0601315,-0.139688,50.2937,2.8006,105.675,-0.0795563,-1.03986,2.6754752695560455,-3.7898553609848022,1.28198,368.25,,,,,,,464.4,4.940425531,464.4,4.940425531,,,,,,,,,,,,,,,,,,,"Nolan Gorman","22263",669357
"Alek Thomas","ARI",71,308,283,72,47,15,3,8,38,37,20,0,57,2,2,1,,7,2,0.255844,0.06425,0.186591,0.344335,0.307522,0.413442,0.312417,0.720964,0.157598,5.71425,0.293087,0.366321,-0.0654417,36.584,0.554734,98.3098,0.30088,1.31791,-0.3216533958911896,2.4179128408432007,1.27634,537.5999755859375,,,,,,,329.7,4.643661971,329.7,4.643661971,,,,,,,,,,,,,,,,,,,"Alek Thomas","23792",677950
"Jordan Walker","STL",130,560,508,127,80,27,3,18,59,67,40,0,127,6,4,1,,6,3,0.250161,0.0718037,0.226921,0.316425,0.310908,0.417792,0.316663,0.728699,0.167631,4.04341,0.297609,0.0776163,-0.756294,68.4302,2.92252,104.27,-0.678677,-2.74733,2.1809902787208557,-8.747333765029907,1.24883,290.2900085449219,,,,,,,608.8,4.683076923,608.8,4.683076923,,,,,,,,,,,,,,,,,,,"Jordan Walker","27475",691023
"Thairo Estrada","COL",97,420,390,103,71,19,2,12,52,51,20,0,80,8,2,1,,8,3,0.265399,0.0465608,0.190729,0.244121,0.311426,0.418141,0.316758,0.729567,0.152741,5.06528,0.303891,0.461153,-0.382038,51.3546,2.22378,89.761,0.0791154,1.45755,-5.063301049172878,2.9575469493865967,1.22777,306.44000244140625,,,,,,,456.9,4.710309278,456.9,4.710309278,,,,,,,,,,,,,,,,,,,"Thairo Estrada","16426",642731
"Miguel Amaya","CHC",83,326,289,69,47,13,1,9,34,38,26,0,67,7,3,2,,1,0,0.240128,0.0785249,0.206473,0.380315,0.314332,0.382695,0.306867,0.697027,0.142568,3.04323,0.281927,-0.240419,-0.511757,37.3115,-0.870167,98.7545,-0.752177,-2.75071,-1.2383226156234741,3.624288320541382,1.21388,345.6300048828125,,,,,,,326.3,3.931325301,326.3,3.931325301,,,,,,,,,,,,,,,,,,,"Miguel Amaya","21693",665804
"Joey Bart","PIT",96,379,340,82,55,15,0,12,44,44,30,0,106,7,2,0,,1,0,0.240892,0.0782321,0.280698,0.278706,0.313507,0.390756,0.309912,0.704263,0.149864,2.37525,0.313105,-0.149088,-0.677585,44.2298,-0.0815099,95.6716,-0.826673,-2.96509,-2.7873076796531677,3.809905529022217,1.17776,264.760009765625,,,,,,,388.4,4.045833333,388.4,4.045833333,,,,,,,,,,,,,,,,,,,"Joey Bart","21524",663698
"Hyeseong Kim","LAD",75,322,298,83,65,13,1,4,36,32,19,1,52,2,2,1,,12,3,0.27912,0.0593001,0.161925,0.36622,0.324366,0.374077,0.305727,0.698443,0.094957,5.48394,0.323797,-0.0750387,0.429489,36.5131,-1.15387,97.14,0.354451,0,-0.7467771768569946,1.2000000476837158,1.15483,453.239990234375,,,,,,,325.2,4.336,325.2,4.336,,,,,,,,,,,,,,,,,,,"Hyeseong Kim","sa3012639",808975
"Jesse Winker","NYM",96,413,348,84,56,16,1,11,49,45,56,1,86,6,2,1,,7,2,0.241469,0.134624,0.208184,0.646656,0.354307,0.390239,0.330991,0.744545,0.14877,4.20941,0.288101,-0.949988,-0.367928,55.2301,6.91815,115.96,-1.31792,-1.08004,6.564255356788635,-9.305035829544067,1.1381,398.9700012207031,,,,,,,471.6,4.9125,471.6,4.9125,,,,,,,,,,,,,,,,,,,"Jesse Winker","13590",608385
"Tyrone Taylor","NYM",78,336,308,72,43,17,2,10,42,40,19,1,78,6,2,0,,8,1,0.234167,0.0568163,0.232771,0.244087,0.289786,0.401467,0.299543,0.691253,0.1673,6.01794,0.279115,0.157456,0.425641,36.4284,-2.87623,94.7935,0.583096,1.14347,-1.508848249912262,1.1434729546308517,1.11846,678.6799926757812,,,,,,,337.3,4.324358974,337.3,4.324358974,,,,,,,,,,,,,,,,,,,"Tyrone Taylor","13675",621438
"Endy Rodríguez","PIT",89,364,329,81,52,19,2,8,43,40,28,0,73,3,2,0,,2,1,0.246107,0.0782025,0.199321,0.392346,0.310111,0.38994,0.30639,0.700052,0.143834,4.21674,0.290762,0.0125735,-0.544012,41.4698,-1.11018,93.301,-0.531439,0.289459,-3.4473288655281067,1.464459389448166,1.11205,419.2200012207031,,,,,,,360.3,4.048314606,360.3,4.048314606,,,,,,,,,,,,,,,,,,,"Endy Rodriguez","25332",682848
"Nick Fortes","MIA",86,339,309,73,51,14,0,8,34,34,19,0,52,6,3,3,,3,1,0.235155,0.0558961,0.153266,0.3647,0.289001,0.356769,0.284036,0.64577,0.121614,3.30058,0.257618,0.0500781,-0.466374,32.5417,-7.13726,78.2203,-0.416296,0.196291,-9.250536918640137,6.821291208267212,1.09842,598.030029296875,,,,,,,293.5,3.412790697,293.5,3.412790697,,,,,,,,,,,,,,,,,,,"Nick Fortes","21538",663743
"Jeimer Candelario","CIN",118,511,460,112,63,27,2,20,60,68,39,1,122,8,3,0,,4,2,0.242788,0.0771817,0.238505,0.323607,0.310807,0.437503,0.3232,0.74831,0.194715,4.00872,0.286039,-0.312666,-0.788914,65.1311,5.35526,100.728,-1.10158,-1.34267,-0.6568964719772339,-5.917666077613831,1.07937,310.44000244140625,,,,,,,587.9,4.982203389,587.9,4.982203389,,,,,,,,,,,,,,,,,,,"Jeimer Candelario","13621",600869
"Rhys Hoskins","MIL",144,623,545,122,67,25,1,29,73,84,66,1,174,7,5,0,,3,1,0.22311,0.105272,0.27924,0.376993,0.312104,0.431782,0.322851,0.743887,0.208672,2.88626,0.267377,-1.38548,-0.981697,79.2315,6.35416,106.595,-2.36718,-1.57636,2.5463385581970215,-13.301358699798584,1.03302,265.1000061035156,,,,,,,710.9,4.936805555,710.9,4.936805555,,,,,,,,,,,,,,,,,,,"Rhys Hoskins","16472",656555
"Derek Hill","MIA",86,371,342,86,59,14,4,9,44,42,22,0,102,3,2,2,,10,3,0.253008,0.0586758,0.273759,0.214334,0.301902,0.39859,0.304603,0.700492,0.145582,6.21903,0.33056,-0.0115758,0.244232,41.7338,-1.66508,92.0631,0.232656,-0.493878,-3.288499668240547,0.5311223864555359,0.991856,579.75,,,,,,,373.2,4.339534883,373.2,4.339534883,,,,,,,,,,,,,,,,,,,"Derek Hill","16947",656537
"Austin Hays","CIN",117,504,462,119,72,30,1,17,61,62,31,1,124,7,3,1,,4,2,0.256917,0.060884,0.245483,0.248017,0.310731,0.432876,0.321049,0.743606,0.175959,3.56725,0.31413,-0.136131,-0.870663,63.3663,4.40931,99.2799,-1.00679,-0.73706,-1.4407859444618225,-5.937060117721558,0.972326,371.010009765625,,,,,,,572.9,4.896581196,572.9,4.896581196,,,,,,,,,,,,,,,,,,,"Austin Hays","19363",669720
"Josh Bell","WSN",134,581,515,129,84,23,1,20,65,71,58,2,114,4,4,0,,1,1,0.250622,0.0993252,0.196771,0.504776,0.329003,0.419593,0.326049,0.748596,0.16897,2.02845,0.282866,-1.19046,-1.31274,75.3853,7.42105,109.483,-2.5032,-0.139174,4.08559250831604,-14.314174681901932,0.942869,330.0400085449219,,,,,,,652.9,4.872388059,652.9,4.872388059,,,,,,,,,,,,,,,,,,,"Josh Bell","13145",605137
"Christian Encarnacion-Strand","CIN",102,441,405,105,62,21,1,20,55,67,27,1,119,6,2,1,,3,1,0.258299,0.0619124,0.269586,0.229657,0.312807,0.46637,0.334399,0.779177,0.208071,3.61449,0.314491,-0.188906,-0.540537,60.184,8.59663,108.265,-0.729444,0.238353,3.6292967200279236,-9.236647844314575,0.938392,220.47000122070312,,,,,,,539.5,5.289215686,539.5,5.289215686,,,,,,,,,,,,,,,,,,,"Christian Encarnacion-Strand","30011",687952
"Kyle Stowers","MIA",99,427,381,88,51,19,2,16,47,53,36,0,130,6,3,1,,2,1,0.231792,0.0842543,0.303498,0.277611,0.305639,0.4203,0.315482,0.725939,0.188509,3.25155,0.302108,-0.0785744,-0.748545,51.7723,1.82265,99.3859,-0.82712,-0.0941481,-1.1407057642936707,-4.06914821267128,0.931269,535.3099975585938,,,,,,,455.7,4.603030303,455.7,4.603030303,,,,,,,,,,,,,,,,,,,"Kyle Stowers","26151",669065
"Oliver Dunn","MIL",91,392,346,72,45,15,3,9,42,39,40,1,136,4,1,1,,8,2,0.209371,0.101558,0.347559,0.292202,0.297015,0.352569,0.28801,0.649584,0.143197,5.79647,0.312497,-0.00525063,0.131013,38.8611,-6.99432,83.1452,0.125763,2.76659,-7.77502603828907,3.616585850715637,0.91942,676.739990234375,,,,,,,344,3.78021978,344,3.78021978,,,,,,,,,,,,,,,,,,,"Oliver Dunn","26295",686554
"Jake Fraley","CIN",100,434,386,98,67,18,1,12,50,50,40,1,85,5,3,1,,19,5,0.254646,0.0927296,0.195985,0.473146,0.330433,0.400572,0.320454,0.731005,0.145926,5.31472,0.296076,-0.16102,0.851783,54.3575,3.58901,98.8793,0.690762,-0.147838,0.10914969444274902,-5.897838264703751,0.895576,372.989990234375,,,,,,,490.6,4.906,490.6,4.906,,,,,,,,,,,,,,,,,,,"Jake Fraley","19260",641584
"Drake Baldwin","ATL",52,205,181,43,28,9,0,5,22,23,20,0,49,2,1,0,,0,0,0.235403,0.0970876,0.238584,0.406933,0.317923,0.373814,0.306118,0.691737,0.138411,2.48523,0.292474,-0.0109966,-0.367159,23.2878,-0.669325,94.5124,-0.378155,-0.5184,-1.722080409526825,3.481600046157837,0.886448,999,,,,,,,198.9,3.825,198.9,3.825,,,,,,,,,,,,,,,,,,,"Drake Baldwin","sa3019920",686948
"Victor Scott II","STL",104,448,406,94,69,15,3,7,49,41,29,0,89,5,4,4,,27,5,0.230781,0.0642151,0.198036,0.32426,0.288033,0.334502,0.275413,0.622535,0.103721,6.84281,0.27609,0.122347,2.39325,39.8703,-12.5359,76.5061,2.51559,2.05795,-10.070584058761597,3.6579450368881226,0.879311,356.82000732421875,,,,,,,386.1,3.7125,386.1,3.7125,,,,,,,,,,,,,,,,,,,"Victor Scott II","31349",687363
"Johan Rojas","PHI",66,287,266,66,47,12,3,4,35,28,13,0,56,3,1,3,,17,3,0.248251,0.0463842,0.196534,0.236011,0.291264,0.35977,0.285195,0.651035,0.111519,7.38701,0.299036,0.0812119,1.62422,27.8015,-5.77125,81.0326,1.70543,2.47037,-4.804104447364807,3.4953659772872925,0.85242,588.1300048828125,,,,,,,265,4.015151515,265,4.015151515,,,,,,,,,,,,,,,,,,,"Johan Rojas","24336",679032
"Alex Call","WSN",58,252,216,49,32,10,1,6,30,25,30,0,50,4,2,1,,6,2,0.226411,0.117675,0.198334,0.593317,0.32828,0.366614,0.310072,0.694894,0.140204,4.57113,0.263656,0.0365294,-0.0994451,29.4568,-0.0216568,98.7302,-0.0629157,2.10503,-0.44555141031742096,0.20502793788909912,0.842306,742.0900268554688,,,,,,,257.3,4.436206896,257.3,4.436206896,,,,,,,,,,,,,,,,,,,"Alex Call","19296",669743
"Luis Torrens","NYM",58,230,210,48,31,10,0,7,24,26,16,0,60,2,2,0,,2,1,0.229904,0.0698954,0.260224,0.268597,0.288403,0.374459,0.289763,0.662861,0.144554,3.12365,0.286159,-0.202085,-0.340075,23.1657,-3.78604,88.2103,-0.542161,-0.0122586,-3.790402591228485,4.4877414321526885,0.828907,637.1599731445312,,,,,,,208.6,3.596551724,208.6,3.596551724,,,,,,,,,,,,,,,,,,,"Luis Torrens","15905",620443
"Paul DeJong","WSN",91,392,358,76,45,14,0,16,41,45,24,0,121,6,3,0,,3,1,0.210791,0.0617623,0.307572,0.200806,0.269713,0.383313,0.284303,0.653025,0.172521,2.74439,0.265839,-0.368922,-0.663426,37.6915,-8.16388,81.3861,-1.03235,3.17929,-9.757749438285828,4.62929368019104,0.819239,436.19000244140625,,,,,,,351.5,3.862637362,351.5,3.862637362,,,,,,,,,,,,,,,,,,,"Paul DeJong","18015",657557
"Blake Perkins","MIL",60,259,227,52,35,10,1,5,29,25,27,1,67,2,2,1,,10,3,0.227701,0.10483,0.258386,0.405711,0.311958,0.347225,0.29284,0.659183,0.119524,5.67143,0.297392,0.138587,0.46663,26.6827,-3.61457,86.3955,0.605217,1.91474,-3.608274221420288,2.8397409319877625,0.811861,658.4600219726562,,,,,,,243.5,4.058333333,243.5,4.058333333,,,,,,,,,,,,,,,,,,,"Blake Perkins","19921",663368
"Luis Campusano","SDP",70,276,253,65,44,12,1,9,32,35,18,0,44,2,2,0,,0,0,0.255126,0.0648858,0.161254,0.402383,0.308038,0.407278,0.311424,0.715316,0.152153,2.68281,0.277297,-0.193927,-0.462537,32.5389,0.276367,102.953,-0.656464,-2.85745,0.3174840807914734,2.2175450325012207,0.80067,406.5299987792969,,,,,,,296.1,4.23,296.1,4.23,,,,,,,,,,,,,,,,,,,"Luis Campusano","22217",669134
"Dane Myers","MIA",78,336,305,76,53,13,2,8,39,38,23,0,93,5,2,0,,8,2,0.248876,0.0682163,0.277136,0.246147,0.310464,0.385988,0.305492,0.696452,0.137112,5.28001,0.327567,-0.0853725,0.187642,38.0372,-1.26745,92.6618,0.102269,0.74713,-2.8461506217718124,-0.6528696417808533,0.794824,656.0999755859375,,,,,,,338.5,4.339743589,338.5,4.339743589,,,,,,,,,,,,,,,,,,,"Dane Myers","22054",667472
"Pedro Pagés","STL",62,243,220,50,34,8,1,6,23,27,19,0,63,2,2,1,,2,0,0.225775,0.0762197,0.258291,0.295092,0.289566,0.35673,0.284456,0.646296,0.130955,3.71105,0.284552,-0.102126,-0.222846,23.4139,-5.03515,82.5925,-0.324972,0.888651,-5.387420296669006,5.638651371002197,0.792428,566.1300048828125,,,,,,,212.1,3.420967741,212.1,3.420967741,,,,,,,,,,,,,,,,,,,"Pedro Pages","25782",686780
"Andy Pages","LAD",39,168,150,37,22,8,1,7,22,22,13,0,41,3,1,0,,1,1,0.246767,0.0788773,0.245938,0.320721,0.31783,0.442261,0.328666,0.760091,0.195494,3.95569,0.29316,-0.00195112,-0.309088,22.1521,2.49977,112.58,-0.311039,-0.129716,2.2162011563777924,-0.7297156453132629,0.731618,397.57000732421875,,,,,,,199,5.102564102,199,5.102564102,,,,,,,,,,,,,,,,,,,"Andy Pages","24816",681624
"Jordan Lawlar","ARI",45,196,175,41,28,8,1,4,23,21,16,0,48,3,1,1,,6,2,0.234462,0.0828011,0.245026,0.337928,0.308951,0.361342,0.296616,0.670293,0.12688,5.92949,0.297861,-0.00276136,0.169554,20.7881,-2.1396,87.6748,0.166792,2.04704,-2.7219750434160233,3.24704110622406,0.728675,387.7900085449219,,,,,,,183.9,4.086666666,183.9,4.086666666,,,,,,,,,,,,,,,,,,,"Jordan Lawlar","29976",691783
"Eguy Rosario","SDP",53,231,208,48,28,11,1,8,27,28,19,0,60,2,2,1,,6,2,0.231717,0.0820249,0.258253,0.317614,0.30121,0.40782,0.30815,0.70903,0.176103,5.08397,0.284504,-0.088192,-0.188868,26.6446,-0.377299,100.749,-0.27706,0.674462,-0.0700908750295639,-0.9005377888679504,0.69464,676.4299926757812,,,,,,,242.4,4.573584905,242.4,4.573584905,,,,,,,,,,,,,,,,,,,"Eguy Rosario","19964",666703
"Brett Baty","NYM",41,175,156,37,25,6,0,6,20,21,16,0,44,2,1,0,,1,0,0.239021,0.0898416,0.251807,0.356787,0.313838,0.396407,0.311435,0.710245,0.157386,2.72261,0.2925,0.0243646,-0.305934,20.6481,0.176892,102.797,-0.281569,-0.35394,0.3038069009780884,0.3210603594779968,0.66672,512.1300048828125,,,,,,,180.9,4.412195121,180.9,4.412195121,,,,,,,,,,,,,,,,,,,"Brett Baty","26123",683146
"Jonah Bride","MIA",87,378,322,77,51,16,1,9,41,42,46,0,76,6,3,1,,1,1,0.238403,0.121996,0.20045,0.608613,0.341275,0.378013,0.320178,0.719288,0.13961,2.58859,0.280912,-0.438937,-0.832423,47.2597,3.04198,102.546,-1.27136,1.12258,-0.12047052383422852,-6.07742178440094,0.660615,461.010009765625,,,,,,,401,4.609195402,401,4.609195402,,,,,,,,,,,,,,,,,,,"Jonah Bride","24703",681146
"Pavin Smith","ARI",76,329,288,72,46,14,1,10,40,40,37,1,69,2,2,1,,2,1,0.248947,0.111056,0.210818,0.526787,0.334683,0.410258,0.325512,0.744941,0.161311,3.54256,0.292701,-0.363007,-0.587818,42.5459,4.06015,107.124,-0.950825,0.0183343,1.8517917394638062,-6.60666573420167,0.641035,383.6000061035156,,,,,,,373.5,4.914473684,373.5,4.914473684,,,,,,,,,,,,,,,,,,,"Pavin Smith","19892",656976
"Jason Heyward","SDP",79,343,309,71,44,16,1,10,39,39,28,1,73,4,2,1,,4,1,0.229069,0.0807163,0.21315,0.378683,0.298344,0.387221,0.298708,0.685565,0.158152,4.35532,0.265479,-0.152959,-0.180662,36.9567,-3.16682,94.3942,-0.333621,0.868207,-2.6328898668289185,-2.6067933440208435,0.63914,690.4299926757812,,,,,,,335.5,4.246835443,335.5,4.246835443,,,,,,,,,,,,,,,,,,,"Jason Heyward","4940",518792
"Justin Turner","CHC",83,357,314,79,55,16,0,8,40,39,33,1,67,6,3,0,,1,1,0.252618,0.0938171,0.188761,0.497016,0.333352,0.383138,0.31617,0.716491,0.130521,2.26111,0.293719,-0.918069,-0.760226,43.4827,1.72153,105.016,-1.6783,0.0253471,0.4632577896118164,-6.349652906879783,0.620524,526.4000244140625,,,,,,,366.1,4.410843373,366.1,4.410843373,,,,,,,,,,,,,,,,,,,"Justin Turner","5235",457759
"Jared Triolo","PIT",53,231,204,50,36,10,1,4,24,23,22,0,58,2,2,0,,5,1,0.245073,0.097396,0.253185,0.384683,0.324119,0.356613,0.302983,0.680732,0.111541,4.82006,0.322256,-0.0632552,0.0159217,25.684,-1.33796,91.008,-0.0473336,1.32066,-2.5312183797359467,0.7956587076187134,0.61564,627.3400268554688,,,,,,,227,4.283018867,227,4.283018867,,,,,,,,,,,,,,,,,,,"Jared Triolo","25807",669707
"Jack Suwinski","PIT",58,252,219,50,28,10,1,10,30,32,28,1,75,2,2,1,,6,1,0.226116,0.109342,0.296037,0.369353,0.316304,0.425668,0.321425,0.741972,0.199552,5.19449,0.286803,0.0443828,0.165115,31.7595,2.28102,103.421,0.209497,-1.4754,1.2404145747423172,-3.775402307510376,0.605339,611.3800048828125,,,,,,,288.3,4.970689655,288.3,4.970689655,,,,,,,,,,,,,,,,,,,"Jack Suwinski","22244",669261
"Chris Taylor","LAD",63,273,240,53,34,11,1,7,32,28,28,1,87,3,2,1,,6,1,0.221247,0.102359,0.319322,0.320549,0.308143,0.363037,0.296829,0.67118,0.141791,5.53932,0.313283,-0.135412,0.278938,29.0016,-2.93341,91.1511,0.143526,-0.298862,-2.745254009962082,-0.5238624513149261,0.601782,719.75,,,,,,,261.8,4.155555555,261.8,4.155555555,,,,,,,,,,,,,,,,,,,"Chris Taylor","13757",621035
"Starling Marte","NYM",66,287,261,69,50,12,2,6,35,31,18,1,61,5,1,1,,12,2,0.264451,0.0637501,0.213612,0.298438,0.324038,0.390219,0.313096,0.714257,0.125769,6.29391,0.322983,0.212473,0.846457,34.2466,0.673878,103.916,1.05893,-0.247932,2.4027202129364014,-6.222932159900665,0.593041,452.6600036621094,,,,,,,314.2,4.76060606,314.2,4.76060606,,,,,,,,,,,,,,,,,,,"Starling Marte","9241",516782
"Liam Hicks","MIA",45,180,155,37,28,7,0,2,18,16,19,0,30,4,2,0,,1,0,0.240712,0.104334,0.169172,0.616732,0.335232,0.329432,0.300755,0.664664,0.0887195,3.0664,0.284443,-0.0297231,-0.347987,19.6689,-1.36376,89.4734,-0.37771,-1.01289,-2.640991359949112,2.2371068000793457,0.57699,747.6300048828125,,,,,,,162.2,3.604444444,162.2,3.604444444,,,,,,,,,,,,,,,,,,,"Liam Hicks","sa3017400",689414
"Edmundo Sosa","PHI",41,175,161,40,26,8,2,4,21,19,7,0,42,5,1,1,,3,1,0.246564,0.041648,0.240506,0.173168,0.298872,0.396348,0.302874,0.69522,0.149785,6.39156,0.306095,0.189427,-0.0574291,19.4423,-1.02891,92.9321,0.131998,0.270765,-1.3470826596021652,1.0457647740840912,0.571066,532.3499755859375,,,,,,,174.1,4.246341463,174.1,4.246341463,,,,,,,,,,,,,,,,,,,"Edmundo Sosa","17022",624641
"José Tena","WSN",53,231,214,55,38,11,1,5,25,25,13,0,61,2,1,1,,5,2,0.254622,0.0562861,0.264375,0.212902,0.300366,0.38776,0.300008,0.688126,0.133139,4.80793,0.32972,-0.0933926,-0.247645,25.1308,-1.8911,91.956,-0.341037,-0.640938,-2.5630301535129547,0.3840615749359131,0.569845,521.6199951171875,,,,,,,227.5,4.29245283,227.5,4.29245283,,,,,,,,,,,,,,,,,,,"Jose Tena","23691",677588
"Tyler Freeman","COL",55,238,210,55,39,10,1,4,29,26,16,0,33,9,2,1,,7,2,0.261194,0.0691481,0.137303,0.503617,0.338843,0.381137,0.31894,0.71998,0.119944,5.24614,0.288669,0.0936848,-0.0549986,29.5189,1.67813,91.2297,0.0386862,0.0682869,-2.457362025976181,-0.0317130982875824,0.561906,685.5599975585938,,,,,,,253,4.6,253,4.6,,,,,,,,,,,,,,,,,,,"Tyler Freeman","22532",671289
"Caleb Durbin","MIL",39,168,147,35,23,8,1,3,20,18,15,0,21,4,1,1,,8,2,0.237448,0.0871625,0.126356,0.689817,0.321691,0.359178,0.302816,0.680869,0.12173,5.90668,0.258429,-0.0177495,0.488637,18.6567,-0.995649,93.1102,0.470887,-0.163705,-0.9132495224475861,0.5362947285175323,0.539167,374.9100036621094,,,,,,,172.7,4.428205128,172.7,4.428205128,,,,,,,,,,,,,,,,,,,"Caleb Durbin","sa3017183",702332
"Nick Castellanos","PHI",147,637,588,151,96,30,2,22,73,83,38,2,148,6,4,1,,6,1,0.25613,0.0596113,0.232996,0.255847,0.306282,0.42916,0.317107,0.735442,0.173031,4.04489,0.304531,-0.981505,-0.4053,78.0667,3.55172,102.511,-1.38681,-9.4477,0.526278018951416,-16.57269859313965,0.534715,171.1300048828125,,,,,,,703.4,4.785034013,703.4,4.785034013,,,,,,,,,,,,,,,,,,,"Nick Castellanos","11737",592206
"Amed Rosario","WSN",47,203,191,51,37,9,2,3,22,20,8,0,38,2,1,0,,6,1,0.266463,0.041583,0.186063,0.223489,0.300844,0.379541,0.296116,0.680385,0.113078,6.27271,0.316455,0.0420763,0.268488,21.4488,-2.29772,89.3367,0.310564,0.223875,-2.2779465913772583,0.5988751798868179,0.525124,562.219970703125,,,,,,,198.9,4.231914893,198.9,4.231914893,,,,,,,,,,,,,,,,,,,"Amed Rosario","15518",642708
"Rafael Marchán","PHI",36,141,125,29,21,6,1,3,15,14,12,0,24,3,1,1,,1,0,0.235544,0.0830408,0.168613,0.492493,0.311256,0.352794,0.295203,0.664051,0.117251,3.32728,0.269163,-0.0600258,-0.224215,14.7734,-1.69714,87.7689,-0.284241,0.876925,-2.3435803055763245,3.6269248127937317,0.5104,714.9000244140625,,,,,,,135.6,3.766666666,135.6,3.766666666,,,,,,,,,,,,,,,,,,,"Rafael Marchan","21646",665561
"Santiago Espinal","CIN",49,210,191,50,37,9,0,3,21,21,15,0,30,1,1,1,,4,1,0.262176,0.0701403,0.144113,0.486703,0.317491,0.367636,0.301215,0.685127,0.10546,3.73769,0.293716,0.020525,-0.0216497,23.0503,-1.51508,85.9305,-0.00112468,0.51485,-3.5342455545905977,1.3648503422737122,0.498572,652.6799926757812,,,,,,,196.1,4.002040816,196.1,4.002040816,,,,,,,,,,,,,,,,,,,"Santiago Espinal","19997",669289
"Jose Iglesias","SDP",60,259,243,64,47,13,1,4,28,25,11,0,43,3,2,0,,2,1,0.263568,0.042147,0.165633,0.25446,0.302484,0.368463,0.293652,0.670946,0.104895,3.67946,0.304876,-0.214759,-0.44117,26.8521,-3.44527,90.9911,-0.655929,0.0872342,-3.4461085200309753,-0.3877657502889633,0.49528,640.4299926757812,,,,,,,239.4,3.99,239.4,3.99,,,,,,,,,,,,,,,,,,,"Jose Iglesias","10231",578428
"Enrique Hernández","LAD",65,280,254,59,38,12,1,8,32,32,21,0,55,2,2,1,,1,1,0.231016,0.073855,0.197991,0.373022,0.291528,0.375703,0.291774,0.667232,0.144687,3.32418,0.264133,0.130157,-0.496179,28.6061,-4.1478,87.7488,-0.366022,0.215904,-4.468047887086868,-0.08409583568572998,0.493361,607.3200073242188,,,,,,,260.2,4.003076923,260.2,4.003076923,,,,,,,,,,,,,,,,,,,"Enrique Hernandez","10472",571771
"Luis Matos","SFG",55,238,218,54,36,11,1,7,26,27,14,0,31,3,2,1,,3,1,0.246739,0.0594373,0.131281,0.452748,0.300017,0.393144,0.301786,0.693162,0.146406,4.08818,0.259761,-0.0632966,-0.131633,26.2331,-1.60767,94.7565,-0.194929,0.71064,-1.6872328072786331,-1.5393604636192322,0.485736,577.6799926757812,,,,,,,241.7,4.394545454,241.7,4.394545454,,,,,,,,,,,,,,,,,,,"Luis Matos","26467",682641
"James Outman","LAD",28,119,103,23,14,4,0,4,15,15,13,0,37,2,1,0,,2,1,0.221223,0.106458,0.313706,0.339357,0.316604,0.392663,0.312216,0.709267,0.17144,5.21349,0.297545,0.0784301,0.00688871,14.1155,0.195114,101.508,0.0853188,-0.0251701,0.2998892441391945,0.2998298481106758,0.471423,668.1300048828125,,,,,,,121,4.321428571,121,4.321428571,,,,,,,,,,,,,,,,,,,"James Outman","24770",681546
"Connor Joe","SDP",45,196,171,39,25,9,1,5,22,19,21,0,46,3,1,0,,1,1,0.230079,0.108047,0.233029,0.463664,0.323055,0.375171,0.309675,0.698227,0.145092,3.83261,0.28488,0.0482336,-0.421889,22.8481,-0.0795633,101.776,-0.373655,0.423628,0.04252457618713379,-2.1263723969459534,0.459232,636.25,,,,,,,197.3,4.384444444,197.3,4.384444444,,,,,,,,,,,,,,,,,,,"Connor Joe","16572",656582
"Agustin Ramírez","MIA",45,185,167,39,25,8,0,6,21,21,15,0,39,2,1,0,,3,1,0.236657,0.0817252,0.210842,0.387613,0.305179,0.39464,0.305517,0.699819,0.157983,4.45149,0.273652,0,0.0385651,20.9695,-0.694877,92.6786,0.0385651,-0.716644,-1.5828466713428497,-0.21664410829544067,0.451436,999,,,,,,,184.9,4.108888888,184.9,4.108888888,,,,,,,,,,,,,,,,,,,"Agustin Ramirez","sa3009276",682663
"Jon Berti","CHC",36,154,138,34,25,5,1,2,18,13,13,0,34,2,1,0,,7,2,0.244436,0.0820695,0.222109,0.369502,0.312754,0.344604,0.29142,0.657358,0.100169,6.13449,0.306106,0.143921,0.365162,15.6895,-2.32515,88.3578,0.509083,0.470486,-1.6348840594291687,0.8704858124256134,0.450977,658.5999755859375,,,,,,,144.1,4.002777777,144.1,4.002777777,,,,,,,,,,,,,,,,,,,"Jon Berti","12037",542932
"Nick Allen","ATL",34,147,132,33,24,6,0,2,16,15,11,0,24,1,1,1,,3,1,0.2498,0.0780679,0.160866,0.485297,0.312424,0.344898,0.291978,0.657321,0.0950979,4.42572,0.290052,-0.0164379,-0.136416,15.0423,-2.1535,84.9946,-0.152854,0.701468,-2.790563479065895,1.9764676094055176,0.421757,747.4099731445312,,,,,,,127.9,3.761764705,127.9,3.761764705,,,,,,,,,,,,,,,,,,,"Nick Allen","22277",669397
"Luisangel Acuña","NYM",39,168,156,39,29,6,1,3,21,16,10,0,34,1,1,1,,8,3,0.247358,0.0568678,0.199571,0.28495,0.292562,0.353151,0.28354,0.645713,0.105793,6.49442,0.297636,0.00620086,0.242272,16.0503,-3.60206,84.022,0.248473,0.786901,-2.961440607905388,1.4369010925292969,0.420647,409.7099914550781,,,,,,,153.5,3.935897435,153.5,3.935897435,,,,,,,,,,,,,,,,,,,"Luisangel Acuna","26548",682668
"Tommy Pham","PIT",97,420,378,94,64,19,2,9,50,40,35,0,96,3,3,1,,9,3,0.248438,0.084256,0.229237,0.36755,0.315518,0.38412,0.307254,0.699637,0.135681,5.07591,0.306744,-0.00944791,-0.0269921,48.1422,-0.988622,93.8831,-0.03644,-2.56987,-3.108568575233221,-6.969865322113037,0.404366,423.3500061035156,,,,,,,422.2,4.352577319,422.2,4.352577319,,,,,,,,,,,,,,,,,,,"Tommy Pham","2967",502054
"Javier Sanoja","MIA",50,217,200,53,39,10,2,2,21,20,14,0,19,1,1,1,,5,2,0.265061,0.0628502,0.0864421,0.727079,0.313066,0.367029,0.298294,0.680094,0.101968,4.77093,0.281652,-0.0181743,-0.44396,23.3085,-2.07577,87.8169,-0.462134,-0.143963,-3.6235263347625732,0.2810373455286026,0.401505,744.3499755859375,,,,,,,204.9,4.098,204.9,4.098,,,,,,,,,,,,,,,,,,,"Javier Sanoja","28253",691594
"Brett Wisely","SFG",32,140,126,30,20,7,1,3,16,14,11,0,32,1,1,1,,3,1,0.240379,0.0790995,0.231567,0.341584,0.304711,0.365732,0.295333,0.670443,0.125353,4.71927,0.300281,-0.0349311,-0.277637,14.7041,-1.67281,90.4132,-0.312568,0.445569,-1.917523443698883,1.0955685675144196,0.396858,749.010009765625,,,,,,,135.1,4.221875,135.1,4.221875,,,,,,,,,,,,,,,,,,,"Brett Wisely","27735",689172
"Sean Bouchard","COL",55,238,208,51,29,12,2,8,30,29,25,1,65,3,2,1,,5,1,0.245277,0.10457,0.271024,0.385832,0.332919,0.43535,0.333526,0.768269,0.190074,6.01065,0.315943,-0.106526,-0.0305399,32.313,4.47223,101.047,-0.137065,-0.126882,0.160981684923172,-4.27688255906105,0.393891,657.969970703125,,,,,,,289.7,5.267272727,289.7,5.267272727,,,,,,,,,,,,,,,,,,,"Sean Bouchard","21270",656248
"Nick Yorke","PIT",39,168,152,38,27,8,0,3,19,17,13,0,38,1,1,0,,4,1,0.252069,0.0792746,0.224346,0.353359,0.315942,0.373466,0.302947,0.689408,0.121397,4.41401,0.312185,0.0119343,-0.130753,18.6744,-0.977901,90.9839,-0.118818,0.580313,-1.93012223392725,0.1303127408027649,0.392217,537.8400268554688,,,,,,,159,4.076923076,159,4.076923076,,,,,,,,,,,,,,,,,,,"Nick Yorke","27504",694377
"Austin Barnes","LAD",36,141,125,27,20,4,0,2,14,12,13,0,32,2,1,1,,2,0,0.219799,0.0896927,0.225462,0.397818,0.297349,0.315648,0.275707,0.612997,0.0958489,3.94016,0.273474,-0.161632,0.00502722,12.564,-3.9065,76.9348,-0.156605,-0.612891,-4.040083035826683,2.13710880279541,0.370033,745.4400024414062,,,,,,,105.4,2.927777777,105.4,2.927777777,,,,,,,,,,,,,,,,,,,"Austin Barnes","12158",605131
"Randal Grichuk","ARI",60,259,239,60,38,13,1,8,30,32,16,0,54,3,2,0,,1,1,0.252634,0.0605173,0.208435,0.290341,0.304214,0.418547,0.313155,0.722761,0.165913,3.51236,0.292731,-0.121547,-0.470379,30.9177,0.620424,98.8068,-0.591926,-0.1215,-0.9614769220352173,-4.096500135958195,0.368857,569.2100219726562,,,,,,,271.7,4.528333333,271.7,4.528333333,,,,,,,,,,,,,,,,,,,"Randal Grichuk","10243",545341
"Vinny Capra","MIL",40,175,156,37,27,8,1,2,18,17,16,0,39,2,1,0,,2,1,0.239862,0.0893294,0.221888,0.402587,0.314738,0.344766,0.293356,0.659504,0.104904,4.17895,0.302253,-0.0422641,-0.173638,18.1017,-2.36948,86.7434,-0.215902,-0.191555,-2.990060731768608,0.6334454715251923,0.358799,999,,,,,,,153.9,3.8475,153.9,3.8475,,,,,,,,,,,,,,,,,,,"Vinny Capra","25040",681962
"Wilmer Flores","SFG",84,364,324,77,49,16,0,11,39,43,32,1,57,5,3,0,,0,0,0.238891,0.087657,0.155334,0.564314,0.313442,0.396026,0.310208,0.709468,0.157135,2.06122,0.254924,-0.556721,-0.6321,42.5884,0.0084005,100.425,-1.18882,0.248938,-1.0039854943752289,-7.651061832904816,0.358671,642.75,,,,,,,368,4.38095238,368,4.38095238,,,,,,,,,,,,,,,,,,,"Wilmer Flores","5827",527038
"Thomas Saggese","STL",37,161,149,36,24,7,1,4,18,19,8,0,40,3,1,0,,2,1,0.242636,0.0502227,0.24834,0.202234,0.290888,0.387268,0.295168,0.678156,0.144632,4.79643,0.301135,0,-0.175844,16.8883,-1.94516,89.8027,-0.175844,-0.0683178,-2.139072000980377,0.15668219327926636,0.349273,673.1500244140625,,,,,,,150.2,4.059459459,150.2,4.059459459,,,,,,,,,,,,,,,,,,,"Thomas Saggese","27883",695336
"Jerar Encarnacion","SFG",52,224,202,49,31,8,1,9,25,29,19,0,75,1,2,0,,2,1,0.240658,0.0829243,0.334197,0.24813,0.306495,0.417322,0.3145,0.723816,0.176664,3.46917,0.331516,-0.0472573,-0.286796,26.982,0.778939,103.313,-0.334053,-0.0117486,0.5534611940383911,-4.711748398840427,0.341338,408.6300048828125,,,,,,,246.9,4.748076923,246.9,4.748076923,,,,,,,,,,,,,,,,,,,"Jerar Encarnacion","21871",666464
"Michael Toglia","COL",128,553,490,111,63,20,3,25,68,73,56,1,166,3,4,0,,7,2,0.227027,0.101572,0.300469,0.338044,0.308537,0.434185,0.32116,0.742722,0.207158,4.66486,0.284796,0.310545,-0.387367,69.5766,4.8877,92.7245,-0.0768223,-0.378519,-4.887953735888004,-10.253519415855408,0.339128,181.6300048828125,,,,,,,626.4,4.89375,626.4,4.89375,,,,,,,,,,,,,,,,,,,"Michael Toglia","25845",669911
"Miguel Rojas","LAD",23,98,90,23,16,5,0,2,10,10,6,0,12,1,1,0,,2,1,0.255271,0.0605974,0.120854,0.501409,0.307132,0.363938,0.29535,0.67107,0.108667,4.38685,0.277632,-0.0752684,-0.020512,10.2942,-1.16967,90.1557,-0.0957804,0.837264,-1.2494232952594757,1.2372636497020721,0.335968,703.030029296875,,,,,,,94.1,4.091304347,94.1,4.091304347,,,,,,,,,,,,,,,,,,,"Miguel Rojas","7802",500743
"Gage Workman","CHC",36,154,140,31,20,7,1,3,18,17,12,0,53,1,1,0,,4,2,0.222182,0.0765641,0.341755,0.224032,0.28558,0.361524,0.283362,0.647104,0.139342,6.21946,0.326109,-0.0151264,-0.0596439,14.6907,-3.32391,82.9343,-0.0747703,1.01415,-3.217492401599884,1.264146327972412,0.328186,717.1500244140625,,,,,,,128.8,3.577777777,128.8,3.577777777,,,,,,,,,,,,,,,,,,,"Gage Workman","sa3014441",669398
"Drew Romo","COL",52,205,191,47,32,9,1,5,21,23,9,0,42,2,2,1,,2,1,0.24786,0.0461444,0.203756,0.226469,0.288829,0.383057,0.291752,0.671885,0.135197,4.3764,0.291947,0,-0.380017,20.9196,-3.03749,72.9304,-0.380017,-0.845824,-7.009409040212631,3.1541755199432373,0.327599,691.260009765625,,,,,,,185,3.557692307,185,3.557692307,,,,,,,,,,,,,,,,,,,"Drew Romo","27763",691011
"Tirso Ornelas","SDP",53,231,210,51,34,10,0,6,25,25,18,0,49,2,1,0,,2,1,0.241442,0.0766441,0.211834,0.361811,0.30363,0.378307,0.298586,0.681937,0.136865,3.46659,0.28653,-0.024017,-0.330597,24.8665,-2.1554,94.3123,-0.354614,0.849528,-1.9257410764694214,-2.6254719495773315,0.324845,999,,,,,,,222,4.188679245,222,4.188679245,,,,,,,,,,,,,,,,,,,"Tirso Ornelas","sa3004048",672359
"Jarred Kelenic","ATL",26,112,101,24,15,5,0,4,14,14,10,0,31,1,1,0,,2,1,0.242932,0.0861605,0.280407,0.30727,0.310971,0.416216,0.314792,0.727187,0.173285,4.98563,0.313121,0.0500684,-0.0416483,13.5173,0.415792,100.35,0.00842006,0.0853072,0.05529034789651632,-0.7146927714347839,0.317297,480.0299987792969,,,,,,,119.5,4.596153846,119.5,4.596153846,,,,,,,,,,,,,,,,,,,"Jarred Kelenic","22558",672284
"Max Acosta","MIA",34,147,136,34,24,7,1,2,16,14,8,0,27,1,1,0,,5,2,0.249977,0.0567166,0.1804,0.314395,0.29765,0.358756,0.28813,0.656406,0.108779,5.11101,0.293342,-0.00678857,-0.0752598,14.5871,-2.6087,80.9759,-0.0820483,0.475054,-3.4261748120188713,1.6000540554523468,0.317238,999,,,,,,,130.1,3.826470588,130.1,3.826470588,,,,,,,,,,,,,,,,,,,"Max Acosta","sa3014711",691185
"Hunter Goodman","COL",84,353,325,78,41,19,1,17,43,52,21,0,93,4,3,1,,2,1,0.238841,0.0586978,0.263595,0.222682,0.290474,0.460539,0.321312,0.751013,0.221698,3.89005,0.279136,-0.118396,-0.408171,44.4814,3.1647,92.8262,-0.526567,-2.01872,-3.556489109992981,-4.818715572357178,0.315108,321.4100036621094,,,,,,,408.4,4.861904761,408.4,4.861904761,,,,,,,,,,,,,,,,,,,"Hunter Goodman","29715",696100
"Stuart Fairchild","CIN",49,210,186,43,26,8,1,7,26,25,17,0,58,5,1,1,,8,2,0.229481,0.0801942,0.274636,0.292002,0.308023,0.393961,0.308221,0.701984,0.16448,6.25214,0.292659,-0.0120423,0.482988,24.2345,-0.330873,90.6462,0.470945,-0.989988,-1.8779701888561249,-2.2399877309799194,0.297329,747.9600219726562,,,,,,,225.1,4.593877551,225.1,4.593877551,,,,,,,,,,,,,,,,,,,"Stuart Fairchild","20321",656413
"Isaac Collins","MIL",28,119,103,23,15,5,1,2,14,12,13,0,28,2,1,0,,4,1,0.222826,0.111143,0.23914,0.46476,0.31872,0.35036,0.298342,0.66908,0.127535,5.95446,0.284374,-0.0272423,0.0643037,12.7866,-1.13375,90.099,0.0370614,0.559957,-1.3718649372458458,0.28495678305625916,0.297232,999,,,,,,,114.6,4.092857142,114.6,4.092857142,,,,,,,,,,,,,,,,,,,"Isaac Collins","25477",686555
"Tyler Black","MIL",31,133,115,26,17,5,1,3,16,15,15,0,31,2,1,0,,4,1,0.22913,0.110216,0.232464,0.474121,0.327411,0.374004,0.311213,0.701415,0.144874,6.26207,0.284125,-0.0217798,0.166323,15.6688,0.110723,98.7624,0.144543,-0.0502546,-0.05228699743747711,-1.525254551321268,0.294736,629.719970703125,,,,,,,134.8,4.348387096,134.8,4.348387096,,,,,,,,,,,,,,,,,,,"Tyler Black","29949",672012
"Jordan Beck","COL",117,504,456,112,72,24,2,14,56,55,42,1,140,2,3,1,,11,3,0.245658,0.0842286,0.27789,0.3031,0.311393,0.397654,0.309258,0.709047,0.151996,4.97153,0.322613,0.0310448,0.253785,58.5835,-0.373452,84.7136,0.28483,0.609824,-8.928061455488205,-5.090175449848175,0.286521,400.8800048828125,,,,,,,528.3,4.515384615,528.3,4.515384615,,,,,,,,,,,,,,,,,,,"Jordan Beck","31431",687597
"Alex Verdugo","ATL",29,126,114,29,20,6,0,3,15,13,10,0,20,1,1,0,,1,0,0.256516,0.077933,0.155455,0.501321,0.316941,0.391381,0.309568,0.708322,0.134865,3.40944,0.285051,0.0116297,-0.230102,14.6773,-0.0619429,96.8343,-0.218472,0.225261,-0.6954524219036102,-0.9247393310070038,0.266243,562.3800048828125,,,,,,,128.9,4.444827586,128.9,4.444827586,,,,,,,,,,,,,,,,,,,"Alex Verdugo","17027",657077
"Griffin Conine","MIA",84,364,326,72,45,13,1,13,38,44,32,1,127,3,2,0,,0,0,0.22129,0.0877383,0.348758,0.251573,0.295869,0.388389,0.299334,0.684259,0.167099,2.76307,0.314319,-0.197477,-0.59785,39.4029,-3.17715,88.5171,-0.795328,1.13465,-5.793523192405701,-3.7653467655181885,0.265326,645.3800048828125,,,,,,,347.8,4.14047619,347.8,4.14047619,,,,,,,,,,,,,,,,,,,"Griffin Conine","21626",665052
"Elias Díaz","SDP",78,307,283,64,43,13,0,8,29,33,20,1,70,2,2,0,,1,0,0.227251,0.0642851,0.228318,0.28156,0.28078,0.356641,0.278613,0.637421,0.12939,2.22827,0.273526,-0.565265,-0.450224,28.1309,-7.80478,80.8691,-1.01549,-2.47251,-8.043270587921143,3.5274879932403564,0.236125,501.17999267578125,,,,,,,256.2,3.284615384,256.2,3.284615384,,,,,,,,,,,,,,,,,,,"Elias Diaz","11680",553869
"Eric Haase","MIL",32,128,117,26,16,4,0,5,14,17,9,0,43,1,1,0,,1,0,0.217395,0.0672634,0.339416,0.198174,0.272757,0.379017,0.283747,0.651773,0.161622,2.86959,0.294997,-0.145894,-0.202178,12.2501,-2.72309,80.2756,-0.348072,-0.532978,-3.3671543896198273,1.9670217633247375,0.226632,709.0399780273438,,,,,,,119.1,3.721875,119.1,3.721875,,,,,,,,,,,,,,,,,,,"Eric Haase","14111",606992
"Adrian Del Castillo","ARI",23,93,84,20,12,5,0,3,11,11,8,0,23,1,1,0,,0,0,0.240623,0.0867534,0.244305,0.355103,0.311371,0.403029,0.310758,0.7144,0.162406,3.41922,0.296533,-0.0442146,-0.161668,10.9458,0.0434077,97.1931,-0.205882,-0.393109,-0.518712505698204,-0.44310903549194336,0.220127,483.510009765625,,,,,,,97.7,4.247826086,97.7,4.247826086,,,,,,,,,,,,,,,,,,,"Adrian Del Castillo","29554",680728
"Andruw Monasterio","MIL",19,84,74,18,13,4,0,1,10,8,8,0,21,1,1,0,,3,1,0.239499,0.101115,0.246098,0.410872,0.322558,0.340693,0.297052,0.663252,0.101194,5.18359,0.313996,-0.0301107,0.0639812,8.93863,-0.88753,89.2305,0.0338705,0.0265578,-1.047903973609209,0.3765578046441078,0.219714,749.989990234375,,,,,,,77.7,4.089473684,77.7,4.089473684,,,,,,,,,,,,,,,,,,,"Andruw Monasterio","19455",655316
"José Fermín","STL",23,98,85,20,14,4,0,2,12,10,9,0,13,2,1,1,,3,1,0.236918,0.0951714,0.130679,0.728282,0.323441,0.34861,0.300853,0.672051,0.111692,5.13732,0.258773,-0.017921,-0.00335976,10.7282,-0.735633,93.6288,-0.0212808,-0.742656,-0.767911683768034,-0.49265551567077637,0.207035,999,,,,,,,93.3,4.056521739,93.3,4.056521739,,,,,,,,,,,,,,,,,,,"Jose Fermin","21746",665877
"Jacob Stallings","COL",81,320,283,65,43,14,0,7,31,33,29,0,74,5,2,1,,1,0,0.230467,0.0908129,0.231824,0.391732,0.312217,0.358134,0.29787,0.67035,0.127667,2.62107,0.286318,-0.975342,-0.521359,34.2628,-3.17021,77.0486,-1.4967,-1.11055,-10.27925169467926,5.139447927474976,0.19166,442.57000732421875,,,,,,,291.3,3.596296296,291.3,3.596296296,,,,,,,,,,,,,,,,,,,"Jacob Stallings","13723",607732
"Adam Frazier","PIT",52,224,202,50,36,10,1,3,24,20,16,0,36,3,1,1,,3,1,0.244538,0.0718946,0.161703,0.444608,0.307731,0.34745,0.290612,0.655182,0.102912,4.73167,0.282775,0.0943068,-0.203695,22.6754,-3.52771,82.6816,-0.109388,-0.597754,-4.748300164937973,-0.9977538585662842,0.177357,746.1300048828125,,,,,,,200.8,3.861538461,200.8,3.861538461,,,,,,,,,,,,,,,,,,,"Adam Frazier","15223",624428
"Drew Millas","WSN",11,45,40,10,7,2,0,1,5,5,4,0,9,0,0,0,,1,0,0.242737,0.0843485,0.195134,0.43226,0.310404,0.363407,0.29664,0.673811,0.12067,4.91469,0.287665,0.00114323,0.0332655,4.75243,-0.488192,89.6893,0.0344088,0.0928981,-0.5179573819041252,0.9678980857133865,0.177215,999,,,,,,,45.1,4.1,45.1,4.1,,,,,,,,,,,,,,,,,,,"Drew Millas","25643",686452
"Matt Mervis","MIA",99,427,381,87,53,19,1,15,45,51,36,1,119,6,3,0,,2,1,0.2281,0.0853755,0.279129,0.305864,0.303225,0.395591,0.305258,0.698815,0.167491,2.95645,0.289143,-0.261169,-0.663051,48.2583,-1.69134,92.5039,-0.92422,0.833865,-4.751794397830963,-7.841135323047638,0.168762,588.969970703125,,,,,,,435,4.393939393,435,4.393939393,,,,,,,,,,,,,,,,,,,"Matt Mervis","27845",670223
"Will Benson","CIN",23,98,84,18,10,4,1,3,12,11,12,0,33,1,1,0,,4,1,0.210543,0.123533,0.340267,0.363048,0.314788,0.391485,0.310871,0.706273,0.180942,6.85368,0.30098,-0.0870788,0.130421,11.5184,0.0545587,92.4294,0.0433422,-0.068556,-0.8438525646924973,-0.8185560181736946,0.165534,667.4299926757812,,,,,,,106.1,4.613043478,106.1,4.613043478,,,,,,,,,,,,,,,,,,,"Will Benson","21853",666181
"Tom Murphy","SFG",32,132,117,26,17,5,0,4,14,14,13,0,38,1,1,0,,1,0,0.222944,0.0957356,0.288957,0.331315,0.30201,0.368,0.295994,0.670009,0.145056,2.82959,0.29353,-0.108676,-0.199495,13.9551,-1.50936,90.8576,-0.308171,-0.939796,-1.7534539103507996,-0.5397959351539612,0.161915,749.719970703125,,,,,,,124.6,3.89375,124.6,3.89375,,,,,,,,,,,,,,,,,,,"Tom Murphy","13499",608596
"Billy Cook","PIT",23,98,89,21,13,4,1,3,11,11,7,0,27,1,1,0,,3,1,0.231357,0.0700413,0.279958,0.250185,0.294503,0.385179,0.296642,0.679682,0.153822,5.718,0.299279,-0.00942887,0.122779,10.3961,-1.06773,86.7404,0.113351,0.781784,-1.4405294731259346,-0.26821577548980713,0.160748,702.3099975585938,,,,,,,101,4.391304347,101,4.391304347,,,,,,,,,,,,,,,,,,,"Billy Cook","29573",695257
"Sam Huff","SFG",13,51,47,10,7,2,0,1,5,6,4,0,17,0,0,0,,0,0,0.221766,0.0693579,0.325988,0.212762,0.280244,0.365845,0.28264,0.646088,0.144079,2.16923,0.30791,-0.00727437,-0.0752627,4.85441,-1.13486,81.8695,-0.082537,-0.0075554,-1.1925841271877289,0.9924446009099483,0.157881,739.260009765625,,,,,,,36.2,2.784615384,36.2,2.784615384,,,,,,,,,,,,,,,,,,,"Sam Huff","22209",669087
"Ildemaro Vargas","ARI",15,63,58,15,11,3,0,1,6,6,4,0,7,0,0,0,,1,0,0.257979,0.0610001,0.111766,0.545785,0.306582,0.360362,0.292987,0.666944,0.102383,4.75492,0.281618,-0.0267914,-0.0351961,6.49788,-0.871734,85.2323,-0.0619874,0.346099,-1.1745262332260609,0.571099266409874,0.154466,999,,,,,,,58,3.866666666,58,3.866666666,,,,,,,,,,,,,,,,,,,"Ildemaro Vargas","13324",545121
"Henry Davis","PIT",16,66,57,13,8,3,0,2,7,8,6,0,18,2,0,0,,1,0,0.229361,0.0930821,0.267082,0.348514,0.319497,0.385907,0.310402,0.705404,0.156546,4.26162,0.292718,-0.0130845,-0.0894209,7.70894,0.0117878,96.0014,-0.102505,-0.410563,-0.4171336814761162,-0.06056305766105652,0.152224,517.3699951171875,,,,,,,69.2,4.325,69.2,4.325,,,,,,,,,,,,,,,,,,,"Henry Davis","29617",680779
"Michael Siani","STL",40,175,156,34,25,5,1,2,19,14,15,0,44,1,1,2,,8,2,0.215442,0.0869445,0.249599,0.348337,0.288801,0.304565,0.26664,0.593366,0.0891234,6.25828,0.282334,0.00896811,0.387576,14.3387,-6.13245,70.6016,0.396544,1.06234,-5.755541443824768,1.3873417973518372,0.151047,654.3800048828125,,,,,,,131,3.275,131,3.275,,,,,,,,,,,,,,,,,,,"Michael Siani","22557",672279
"Chadwick Tromp","ATL",11,45,41,9,6,2,0,1,5,5,3,0,11,0,0,0,,0,0,0.22913,0.0749868,0.246461,0.304254,0.289048,0.359929,0.285338,0.648977,0.130799,2.4474,0.284912,-0.0152267,-0.0670182,4.34489,-0.895729,80.5254,-0.0822448,-0.00315588,-1.1255424693226814,0.8718441247474402,0.146849,737.239990234375,,,,,,,33.6,3.054545454,33.6,3.054545454,,,,,,,,,,,,,,,,,,,"Chadwick Tromp","16953",644433
"Grant McCray","SFG",28,119,108,24,15,5,1,3,14,13,9,0,39,1,1,0,,4,1,0.224226,0.0731144,0.330571,0.221176,0.287551,0.368027,0.287447,0.655578,0.1438,6.76482,0.322425,-0.00149747,0.16271,11.7431,-2.17727,85.1049,0.161212,0.284216,-1.95837864279747,-0.5907844603061676,0.146214,734.4000244140625,,,,,,,109.6,3.914285714,109.6,3.914285714,,,,,,,,,,,,,,,,,,,"Grant McCray","25690",687529
"Casey Schmitt","SFG",11,49,45,11,7,2,0,1,5,6,3,0,11,1,0,0,,1,0,0.243798,0.0558263,0.227966,0.244889,0.29281,0.387489,0.295708,0.680298,0.143691,4.11911,0.293187,-0.022032,-0.0472094,5.1612,-0.570725,90.6651,-0.0692414,0.213884,-0.6162152886390686,0.38888369500637054,0.145133,740.8499755859375,,,,,,,45.7,4.154545454,45.7,4.154545454,,,,,,,,,,,,,,,,,,,"Casey Schmitt","27577",669477
"Deyvison De Los Santos","MIA",79,343,322,81,52,13,1,14,40,44,16,1,92,3,2,1,,1,1,0.250348,0.0457973,0.268344,0.170666,0.290047,0.430902,0.309279,0.720949,0.180553,3.0825,0.304886,-0.0174661,-0.544129,39.8749,-0.248608,95.2102,-0.561595,0.366882,-2.5261926651000977,-7.508117645978928,0.143962,473.6499938964844,,,,,,,362.7,4.59113924,362.7,4.59113924,,,,,,,,,,,,,,,,,,,"Deyvison De Los Santos","sa3015168",691277
"Eric Wagaman","MIA",36,154,142,35,23,8,1,4,17,17,10,0,32,1,1,0,,2,1,0.248838,0.0676115,0.205092,0.329665,0.302488,0.399428,0.305654,0.701916,0.15059,4.30861,0.291523,-0.0458645,-0.155829,17.4538,-0.560826,92.7709,-0.201694,-0.667386,-1.5329640209674835,-2.317386031150818,0.132267,744.780029296875,,,,,,,154.5,4.291666666,154.5,4.291666666,,,,,,,,,,,,,,,,,,,"Eric Wagaman","23395",676572
"Ji Hwan Bae","PIT",10,42,38,10,7,2,0,1,5,4,4,0,10,0,0,0,,2,1,0.2583,0.0894782,0.228467,0.391647,0.327455,0.36892,0.306856,0.696375,0.11062,6.44112,0.329971,0.0249981,0.0553985,4.80073,-0.112346,93.6147,0.0803966,-0.0489858,-0.24030034989118576,0.10101423412561417,0.130139,739.4600219726562,,,,,,,46.2,4.62,46.2,4.62,,,,,,,,,,,,,,,,,,,"Ji Hwan Bae","23818",678225
"Ronny Mauricio","NYM",10,42,39,9,6,2,0,1,5,5,2,0,9,0,0,0,,1,0,0.240991,0.0512271,0.223698,0.229001,0.2847,0.395775,0.294124,0.680475,0.154784,5.2348,0.283075,0.00662345,-0.0180804,4.37035,-0.54273,91.1458,-0.0114569,0.111034,-0.4561511240899563,0.3110336586833,0.129537,632.5,,,,,,,34.5,3.45,34.5,3.45,,,,,,,,,,,,,,,,,,,"Ronny Mauricio","23698",677595
"Nasim Nuñez","WSN",18,77,67,15,12,2,0,1,9,5,9,0,17,0,0,1,,4,1,0.220604,0.111371,0.220436,0.505233,0.311303,0.281773,0.272162,0.593076,0.0611695,5.66746,0.285915,-0.0110628,0.253658,6.65126,-2.35605,73.2144,0.242595,0.183814,-2.223752021789551,0.85881407558918,0.123994,747.5900268554688,,,,,,,64,3.555555555,64,3.555555555,,,,,,,,,,,,,,,,,,,"Nasim Nunez","25979",683083
"Kyle Farmer","COL",53,231,210,53,36,10,1,6,25,25,14,1,45,5,2,0,,3,2,0.251435,0.0593117,0.19691,0.301212,0.311153,0.392503,0.307221,0.703655,0.141068,4.14519,0.293319,-0.111123,-0.654071,26.472,-0.549937,83.3424,-0.765194,0.298295,-5.3665406703948975,-1.1767046451568604,0.119113,653.4400024414062,,,,,,,235,4.433962264,235,4.433962264,,,,,,,,,,,,,,,,,,,"Kyle Farmer","14813",571657
"Jose Herrera","ARI",24,96,85,19,14,3,0,1,10,8,9,0,21,1,1,1,,0,0,0.222953,0.0937875,0.222808,0.420933,0.299882,0.305358,0.273025,0.60524,0.0824051,3.43218,0.284804,-0.0809573,-0.219505,8.35911,-2.87079,71.7962,-0.300462,-0.138097,-3.5381898283958435,1.7369026988744736,0.111411,750.3800048828125,,,,,,,69.5,2.895833333,69.5,2.895833333,,,,,,,,,,,,,,,,,,,"Jose Herrera","17040",645444
"Vidal Bruján","CHC",23,98,88,20,14,4,1,2,11,9,8,1,20,1,0,0,,4,2,0.227235,0.0844144,0.199411,0.42332,0.300344,0.340548,0.283169,0.640892,0.113313,5.74799,0.272662,0.0527375,-0.212507,9.33341,-2.13044,82.8044,-0.159769,-0.446664,-2.174912929534912,-0.04666438698768616,0.107784,667.3099975585938,,,,,,,89.1,3.873913043,89.1,3.873913043,,,,,,,,,,,,,,,,,,,"Vidal Brujan","20536",660644
"Noelvi Marte","CIN",29,126,116,28,20,5,0,3,14,13,8,0,32,1,1,0,,4,1,0.242913,0.0616619,0.250904,0.245758,0.295473,0.374041,0.293166,0.669514,0.131128,4.9186,0.30507,0.063856,0.0469327,13.0139,-1.72534,80.5128,0.110789,-0.785102,-2.8253780603408813,-0.3351017236709595,0.107166,467.4100036621094,,,,,,,115.3,3.975862068,115.3,3.975862068,,,,,,,,,,,,,,,,,,,"Noelvi Marte","26517",682622
"Blake Dunn","CIN",23,98,86,20,14,3,0,2,12,10,8,0,29,2,1,1,,4,1,0.229372,0.0802206,0.29947,0.267876,0.309558,0.354204,0.295504,0.663763,0.124832,6.16875,0.317346,-0.0130711,0.267029,10.3063,-1.15751,82.0865,0.253958,0.423313,-1.8453041315078735,-0.4266872704029083,0.102577,749.4000244140625,,,,,,,88.3,3.839130434,88.3,3.839130434,,,,,,,,,,,,,,,,,,,"Blake Dunn","29487",694362
"Luken Baker","STL",37,161,142,31,18,6,0,7,17,21,16,0,44,1,1,0,,0,0,0.215931,0.0999584,0.272316,0.367067,0.297722,0.407175,0.30639,0.704897,0.191244,2.2289,0.255159,-0.130747,-0.218461,18.3424,-0.491053,97.3556,-0.349208,-0.0548401,-0.8583296537399292,-3.529840014874935,0.10081,722.719970703125,,,,,,,165.8,4.481081081,165.8,4.481081081,,,,,,,,,,,,,,,,,,,"Luken Baker","21497",663609
"Jeferson Quero","MIL",6,26,23,5,4,1,0,1,3,3,2,0,6,0,0,0,,0,0,0.229254,0.0747504,0.224097,0.333563,0.291653,0.369567,0.290406,0.66122,0.140312,3.45861,0.269618,-0.00111692,-0.014229,2.58723,-0.407406,84.7578,-0.0153459,0.0784421,-0.48195059411227703,0.5784421041607857,0.0980565,749,,,,,,,23.3,3.883333333,23.3,3.883333333,,,,,,,,,,,,,,,,,,,"Jeferson Quero","sa3015407",691620
"Sam Hilliard","COL",21,91,81,19,11,3,1,4,12,11,9,0,28,0,1,0,,2,1,0.234253,0.0941984,0.312738,0.301206,0.308228,0.426596,0.317845,0.734824,0.192343,6.1766,0.309534,0.00329511,0.102549,11.2065,0.561483,90.4931,0.105844,-0.184937,-0.9286826029419899,-1.1599369943141937,0.0974283,671.75,,,,,,,105.4,5.019047619,105.4,5.019047619,,,,,,,,,,,,,,,,,,,"Sam Hilliard","17954",656541
"Juan Yepez","WSN",21,91,82,20,13,4,0,3,10,11,7,0,18,1,1,0,,0,0,0.248566,0.0776223,0.193936,0.400246,0.310058,0.421515,0.317475,0.731573,0.172949,2.91567,0.277053,-0.0835568,-0.178468,11.1794,0.534366,103.713,-0.262025,-0.0649999,0.14198815822601318,-2.239999882876873,0.0964583,674.25,,,,,,,93.8,4.466666666,93.8,4.466666666,,,,,,,,,,,,,,,,,,,"Juan Yepez","18400",660766
"Eli White","ATL",11,49,44,10,7,2,0,1,6,5,4,0,14,1,0,0,,2,0,0.228478,0.0853631,0.291915,0.292425,0.304089,0.349236,0.290591,0.653325,0.120758,6.38569,0.311744,0.00532627,0.119276,4.95941,-0.772511,84.0614,0.124602,0.0623392,-0.8093121275305748,0.08733917213976383,0.0940481,999,,,,,,,46,4.181818181,46,4.181818181,,,,,,,,,,,,,,,,,,,"Eli White","19346",642201
"Weston Wilson","PHI",19,84,75,16,10,3,0,3,10,10,8,0,25,0,1,0,,2,1,0.220275,0.094685,0.291761,0.32453,0.297015,0.395147,0.301529,0.692162,0.174872,5.11618,0.278262,-0.0171572,0.0831003,9.24136,-0.584799,92.0269,0.0659431,-0.459256,-0.7349391356110573,-1.1592562794685364,0.0934206,999,,,,,,,76.5,4.026315789,76.5,4.026315789,,,,,,,,,,,,,,,,,,,"Weston Wilson","19358",642215
"Victor Mesa Jr.","MIA",19,84,77,18,12,4,0,2,9,9,5,0,20,1,1,0,,1,0,0.229654,0.0616702,0.234213,0.263308,0.281285,0.356081,0.279478,0.637366,0.126426,4.23892,0.281736,0,-0.0624517,7.75052,-2.07564,75.1525,-0.0624517,0.333,-2.558330859988928,0.6330000162124634,0.090205,999,,,,,,,74.1,3.9,74.1,3.9,,,,,,,,,,,,,,,,,,,"Victor Mesa Jr.","sa3010700",683748
"Cal Stevenson","PHI",10,42,36,8,5,2,0,1,5,4,6,0,9,0,0,0,,2,0,0.226976,0.131685,0.220091,0.598322,0.331066,0.345245,0.302833,0.676311,0.118269,5.74984,0.283829,-0.0155098,0.07652,4.66475,-0.248326,92.9044,0.0610101,-0.00501042,-0.29535777121782303,-0.2550104218535125,0.0876836,999,,,,,,,45.8,4.58,45.8,4.58,,,,,,,,,,,,,,,,,,,"Cal Stevenson","22411",670276
"Brandon Lockridge","SDP",10,42,38,9,6,2,0,1,5,4,4,0,12,0,0,0,,2,0,0.236253,0.0833754,0.282014,0.295643,0.306374,0.331795,0.285031,0.638169,0.0955419,6.38379,0.328811,-0.0078579,0.216457,4.06298,-0.850099,85.189,0.208599,0.163717,-0.5352700352668762,-0.0862826406955719,0.0803318,748.4000244140625,,,,,,,43.4,4.34,43.4,4.34,,,,,,,,,,,,,,,,,,,"Brandon Lockridge","21496",663604
"Austin Wynns","CIN",10,38,35,8,6,2,0,1,4,4,3,0,10,1,0,0,,0,0,0.230387,0.0728448,0.264813,0.275081,0.29543,0.348621,0.28531,0.644051,0.118234,2.74914,0.299696,-0.0457196,-0.0532955,3.72334,-0.76862,75.2252,-0.0990151,-0.0330388,-1.2366484180092812,0.7169612273573875,0.0792405,999,,,,,,,37,3.7,37,3.7,,,,,,,,,,,,,,,,,,,"Austin Wynns","15271",642851
"Kevin Alcántara","CHC",11,49,45,11,8,2,0,1,5,5,3,0,14,0,0,0,,1,0,0.238197,0.0671507,0.289414,0.232023,0.293471,0.361681,0.288087,0.655152,0.123484,4.42269,0.320004,-0.0003719,-0.0138835,4.86066,-0.871261,86.1146,-0.0142554,-0.116391,-0.8278659163042903,-0.04139067232608795,0.0788369,687.739990234375,,,,,,,42.7,3.881818181,42.7,3.881818181,,,,,,,,,,,,,,,,,,,"Kevin Alcantara","25971",682634
"Tyler Wade","SDP",19,84,75,17,13,3,0,1,10,7,7,0,20,1,0,1,,5,1,0.225568,0.0804337,0.235213,0.341962,0.29482,0.299359,0.268042,0.594179,0.0737907,6.29903,0.29538,0.0692177,0.269723,6.97732,-2.84884,73.7538,0.33894,-0.351276,-2.297434777021408,0.2487243413925171,0.0774626,999,,,,,,,69,3.631578947,69,3.631578947,,,,,,,,,,,,,,,,,,,"Tyler Wade","15730",642180
"David Bote","LAD",6,28,25,6,4,1,0,1,3,3,2,0,7,0,0,0,,0,0,0.22891,0.07237,0.250489,0.288915,0.294985,0.372724,0.293377,0.667709,0.143813,3.70702,0.286346,-0.0139931,-0.0389661,2.89673,-0.378652,88.8278,-0.0529592,0.131591,-0.42703377455472946,0.23159059137105942,0.0761647,999,,,,,,,26.9,4.483333333,26.9,4.483333333,,,,,,,,,,,,,,,,,,,"David Bote","14593",623520
"Jacob Hurtubise","CIN",11,49,42,10,8,1,0,0,6,4,5,0,11,2,0,1,,2,0,0.241029,0.104467,0.215718,0.484277,0.343415,0.328917,0.30455,0.672332,0.087888,6.89606,0.309197,-0.000394195,0.113566,5.50992,-0.222,88.1751,0.113172,-0.0503331,-0.5797054246068001,-0.37533313035964966,0.0699776,999,,,,,,,41.7,3.79090909,41.7,3.79090909,,,,,,,,,,,,,,,,,,,"Jacob Hurtubise","27599",674441
"Riley Adams","WSN",29,115,103,23,14,5,0,3,11,13,9,0,33,2,1,0,,1,0,0.222249,0.0798923,0.28862,0.276808,0.299527,0.380066,0.29771,0.679593,0.157816,3.48957,0.291534,-0.0682332,-0.131128,12.3197,-1.15615,90.4094,-0.199361,-2.04278,-1.5205350816249847,0.20722270011901855,0.0682555,749.4600219726562,,,,,,,103.4,3.565517241,103.4,3.565517241,,,,,,,,,,,,,,,,,,,"Riley Adams","19864",656180
"Graham Pauley","MIA",32,140,126,28,18,6,0,4,16,15,11,0,34,2,1,0,,2,1,0.224384,0.0805126,0.241011,0.334062,0.295267,0.37079,0.291884,0.666057,0.146406,4.19151,0.273825,-0.00161302,-0.173276,14.3155,-2.06146,83.5027,-0.174889,0.220275,-2.936749652028084,-1.079725131392479,0.0669356,750.9099731445312,,,,,,,125.8,3.93125,125.8,3.93125,,,,,,,,,,,,,,,,,,,"Graham Pauley","31363",688363
"Andrew McCutchen","PIT",105,455,393,90,58,17,0,14,53,48,54,1,113,5,3,0,,5,2,0.228427,0.117855,0.247598,0.475992,0.325669,0.380075,0.3124,0.705743,0.151647,3.29393,0.281675,-0.970435,-0.728314,54.0385,0.813478,97.3467,-1.69875,0,-3.142403244972229,-11.375,0.0663565,600.9000244140625,,,,,,,472.8,4.502857142,472.8,4.502857142,,,,,,,,,,,,,,,,,,,"Andrew McCutchen","9847",457705
"Kody Clemens","PHI",10,42,39,9,5,2,0,2,5,6,3,0,10,0,0,0,,0,0,0.228354,0.0657035,0.247406,0.265569,0.283389,0.414518,0.301364,0.697907,0.186163,5.04255,0.268067,-0.00746406,-0.0267135,4.61509,-0.297994,91.9155,-0.0341776,-0.231657,-0.4402132146060467,-0.33165670186281204,0.0648074,749.6300048828125,,,,,,,45,4.5,45,4.5,,,,,,,,,,,,,,,,,,,"Kody Clemens","20572",665019
"Matt Koperniak","STL",8,35,32,8,6,1,0,1,4,4,2,0,7,0,0,0,,0,0,0.250924,0.0686503,0.205189,0.334571,0.307539,0.375032,0.299846,0.682571,0.124108,3.67841,0.297823,-0.00627732,-0.0747347,3.80315,-0.291081,92.9514,-0.081012,0.211008,-0.3760208487510681,-0.16399160027503967,0.0646657,999,,,,,,,31.1,3.8875,31.1,3.8875,,,,,,,,,,,,,,,,,,,"Matt Koperniak","sa3014834",689288
"Jimmy Crooks","STL",3,13,11,3,2,1,0,0,1,1,1,0,3,0,0,0,,0,0,0.242498,0.0807197,0.241131,0.334754,0.312191,0.363982,0.298148,0.676172,0.121484,3.80391,0.308007,0,-0.014602,1.37337,-0.123945,91.8085,-0.014602,0.0694286,-0.13998357579112053,0.31942857056856155,0.0625782,999,,,,,,,11.7,3.9,11.7,3.9,,,,,,,,,,,,,,,,,,,"Jimmy Crooks","sa3019841",699625
"David Villar","SFG",23,98,87,19,12,5,0,3,11,11,9,0,29,1,1,0,,0,0,0.221893,0.0884945,0.293498,0.301517,0.300022,0.385664,0.301054,0.685686,0.163772,3.03312,0.288952,-0.0079565,-0.147024,10.7441,-0.719778,94.2633,-0.154981,0.122789,-0.8272574245929718,-1.927211418747902,0.0527483,999,,,,,,,92.1,4.004347826,92.1,4.004347826,,,,,,,,,,,,,,,,,,,"David Villar","24782",681584
"Bryan De La Cruz","ATL",16,70,65,16,11,3,0,2,8,9,4,0,19,0,1,0,,1,0,0.247643,0.0582054,0.265214,0.219466,0.293125,0.399918,0.300248,0.693043,0.152275,2.89895,0.309254,-0.0420846,-0.0976612,7.62892,-0.559544,90.5608,-0.139746,-0.448039,-0.9298659414052963,-0.898039311170578,0.0520921,484.8500061035156,,,,,,,66,4.125,66,4.125,,,,,,,,,,,,,,,,,,,"Bryan De La Cruz","19600",650559
"James McCann","ATL",8,32,29,7,5,1,0,1,3,3,2,0,8,0,0,0,,0,0,0.229677,0.0563387,0.264109,0.213316,0.280673,0.360825,0.280876,0.641498,0.131148,3.61693,0.289667,-0.0385242,-0.0138508,2.98859,-0.754712,77.5225,-0.0523749,-0.109964,-0.9124935977160931,0.5150356516242027,0.0493875,744.7899780273438,,,,,,,28.5,3.5625,28.5,3.5625,,,,,,,,,,,,,,,,,,,"James McCann","12859",543510
"Adael Amador","COL",11,49,44,11,8,2,0,1,6,5,5,0,9,0,0,0,,2,1,0.242671,0.0925249,0.190725,0.485121,0.318529,0.368961,0.304511,0.68749,0.126289,5.17498,0.28277,-0.0227787,0.019927,5.50837,-0.223557,81.518,-0.0028517,-0.246057,-1.0857989508658648,-0.07105660438537598,0.0491344,702.3099975585938,,,,,,,48.8,4.436363636,48.8,4.436363636,,,,,,,,,,,,,,,,,,,"Adael Amador","27962",691182
"Liover Peguero","PIT",6,28,26,6,4,1,0,1,3,3,2,0,7,0,0,0,,1,0,0.235664,0.0594768,0.244614,0.243146,0.284219,0.36121,0.282434,0.64543,0.125546,5.11368,0.296816,0.000361761,0.00491938,2.65011,-0.625274,77.177,0.00528115,-0.0118032,-0.7588935540989041,0.2881968431174755,0.0477371,999,,,,,,,27.8,4.633333333,27.8,4.633333333,,,,,,,,,,,,,,,,,,,"Liover Peguero","24273",678894
"Wade Meckler","SFG",3,14,13,3,2,1,0,0,2,1,1,0,3,0,0,0,,0,0,0.266009,0.0861137,0.201038,0.428345,0.332841,0.375924,0.313233,0.708765,0.109915,4.84649,0.326553,0.00244677,-0.00756031,1.67211,0.0344154,102.461,-0.00511354,-0.0932935,0.03608784917742014,-0.04329349473118782,0.0474306,999,,,,,,,9.7,3.233333333,9.7,3.233333333,,,,,,,,,,,,,,,,,,,"Wade Meckler","31490",685133
"Jakson Reetz","NYM",3,13,11,2,1,1,0,0,1,2,1,0,4,0,0,0,,0,0,0.20242,0.0811703,0.290409,0.279503,0.286624,0.359228,0.285068,0.645852,0.156809,3.05083,0.260892,-0.00349325,-0.0205331,1.23862,-0.258698,85.0506,-0.0240264,-0.00689436,-0.2528466247022152,0.2431056355126202,0.0450216,999,,,,,,,6.1,2.033333333,6.1,2.033333333,,,,,,,,,,,,,,,,,,,"Jakson Reetz","17837",656883
"Brady House","WSN",8,35,33,7,5,1,0,1,4,4,2,0,10,0,0,0,,0,0,0.229349,0.0458062,0.277209,0.165241,0.273897,0.367234,0.279793,0.641131,0.137885,3.97969,0.294195,-0.00138494,-0.0434481,3.23824,-0.855992,78.3499,-0.0448331,0.0867857,-0.950961522758007,0.2117857187986374,0.0440966,999,,,,,,,24.5,3.0625,24.5,3.0625,,,,,,,,,,,,,,,,,,,"Brady House","sa3017694",691781
"Hunter Feduccia","LAD",5,19,17,4,2,1,0,0,2,2,2,0,5,0,0,0,,0,0,0.217985,0.106522,0.25875,0.411677,0.303857,0.337987,0.285943,0.641844,0.120002,2.98267,0.282719,-0.0060274,-0.0319575,1.87145,-0.37453,83.8241,-0.0379849,-0.195926,-0.4093754030764103,0.17907395958900452,0.0424285,748.0900268554688,,,,,,,14.3,2.86,14.3,2.86,,,,,,,,,,,,,,,,,,,"Hunter Feduccia","23372",676439
"Yuli Gurriel","SDP",8,35,32,8,6,2,0,1,4,4,3,0,6,0,0,0,,0,0,0.25456,0.0803754,0.170852,0.470439,0.318135,0.380028,0.306022,0.698163,0.125468,4.05576,0.291869,-0.0278922,0.00586489,3.97713,-0.117101,99.3173,-0.0220273,-0.0834652,-0.0506026241928339,-0.7084652185440063,0.0420422,999,,,,,,,37,4.625,37,4.625,,,,,,,,,,,,,,,,,,,"Yuli Gurriel","19198",493329
"Nacho Alvarez Jr.","ATL",3,14,12,3,2,1,0,0,2,1,1,0,3,0,0,0,,0,0,0.246633,0.0939908,0.208637,0.4505,0.328455,0.343162,0.300568,0.671617,0.0965286,4.56449,0.305212,-0.000572059,0.00352315,1.5294,-0.108297,90.7766,0.00295109,-0.00847505,-0.15146076516248286,0.09152495209127665,0.0419848,741.530029296875,,,,,,,10.7,3.566666666,10.7,3.566666666,,,,,,,,,,,,,,,,,,,"Nacho Alvarez Jr.","31765",805373
"Jared Serna","MIA",6,28,26,6,4,1,0,1,3,3,2,0,6,0,0,0,,0,0,0.231193,0.0656406,0.200515,0.32736,0.291027,0.356841,0.285465,0.647868,0.125649,4.19285,0.272844,0,-0.0544175,2.71842,-0.556965,79.1819,-0.0544175,0.0714331,-0.7514633983373642,0.22143307328224182,0.0416093,999,,,,,,,25.9,4.316666666,25.9,4.316666666,,,,,,,,,,,,,,,,,,,"Jared Serna","sa3015579",691858
"Owen Caissie","CHC",6,28,25,6,4,1,0,1,3,3,3,0,9,0,0,0,,0,0,0.238181,0.0957687,0.32451,0.295118,0.316644,0.384075,0.307514,0.700719,0.145894,4.0761,0.341377,-0.00110118,-0.0451232,3.21532,-0.0600612,99.1901,-0.0462243,0.0311538,-0.07334251701831818,-0.4688461534678936,0.0403536,743.8499755859375,,,,,,,29.9,4.983333333,29.9,4.983333333,,,,,,,,,,,,,,,,,,,"Owen Caissie","sa3014465",683357
"Joe Mack","MIA",3,13,12,3,2,1,0,0,1,1,1,0,3,0,0,0,,0,0,0.219516,0.0742992,0.268901,0.276307,0.283876,0.354436,0.28084,0.638313,0.13492,2.63702,0.279275,-0.00059138,-0.016592,1.19506,-0.302255,76.0693,-0.0171834,0.092016,-0.3834749348461628,0.34201599657535553,0.0397637,999,,,,,,,10.7,3.566666666,10.7,3.566666666,,,,,,,,,,,,,,,,,,,"Joe Mack","sa3017374",691788
"Andrés Chaparro","WSN",8,35,32,8,5,2,0,1,4,4,3,0,8,0,0,0,,0,0,0.242378,0.0770059,0.217117,0.354674,0.308232,0.412327,0.312726,0.72056,0.169949,3.18175,0.280908,-0.0223995,-0.0478853,4.16598,0.0717502,100.516,-0.0702848,0.0348924,-0.048670534044504166,-0.7401075288653374,0.0389738,749.469970703125,,,,,,,37,4.625,37,4.625,,,,,,,,,,,,,,,,,,,"Andres Chaparro","21797",665953
"Michael Helman","STL",6,28,25,6,4,1,0,1,3,3,2,0,7,0,0,0,,1,0,0.225626,0.072734,0.246796,0.294713,0.288898,0.365134,0.28744,0.654031,0.139508,5.30575,0.279815,-0.00546841,0.0308982,2.76294,-0.512445,84.6013,0.0254297,-0.232523,-0.49015758000314236,-0.08252251148223877,0.0372045,999,,,,,,,28.8,4.8,28.8,4.8,,,,,,,,,,,,,,,,,,,"Michael Helman","24605",680737
"Buddy Kennedy","PHI",3,14,12,3,2,1,0,0,2,1,1,0,3,0,0,0,,0,0,0.235627,0.10398,0.221485,0.469466,0.323278,0.361964,0.304022,0.685241,0.126336,4.05875,0.290781,-0.00396415,-0.0234713,1.56831,-0.069381,93.7045,-0.0274354,-0.0260268,-0.13283043541014194,0.02397320419549942,0.0369323,999,,,,,,,10.7,3.566666666,10.7,3.566666666,,,,,,,,,,,,,,,,,,,"Buddy Kennedy","22505",671083
"Alexander Canario","NYM",8,35,32,7,4,1,0,1,4,4,3,0,12,0,0,0,,1,0,0.209879,0.0775214,0.333549,0.232413,0.276922,0.387841,0.289854,0.664763,0.177963,4.45743,0.27968,-0.0167473,-0.0137898,3.52168,-0.572551,88.272,-0.0305371,-0.119935,-0.5213915221393108,-0.29493536055088043,0.0361286,750.1900024414062,,,,,,,30.4,3.8,30.4,3.8,,,,,,,,,,,,,,,,,,,"Alexander Canario","22842",672744
"Joshua Palacios","PIT",3,14,13,3,2,1,0,0,2,2,1,0,3,0,0,0,,0,0,0.258928,0.0749729,0.212466,0.35287,0.32281,0.408415,0.319076,0.731224,0.149486,4.82468,0.310039,-0.000959691,-0.0122679,1.73795,0.100257,101.84,-0.0132276,-0.00109256,0.017578808590769768,-0.15109256620053202,0.0343858,999,,,,,,,9.7,3.233333333,9.7,3.233333333,,,,,,,,,,,,,,,,,,,"Joshua Palacios","19818",641943
"Enmanuel Valdez","PIT",3,14,13,3,2,1,0,0,2,2,1,0,3,0,0,0,,0,0,0.233915,0.0859441,0.236982,0.362661,0.30241,0.398507,0.305299,0.700917,0.164593,3.56991,0.279233,-0.00202415,-0.0182196,1.5827,-0.0549886,92.567,-0.0202438,-0.0498407,-0.1446826495230198,0.00015929341316223145,0.0332488,999,,,,,,,9.7,3.233333333,9.7,3.233333333,,,,,,,,,,,,,,,,,,,"Enmanuel Valdez","21716",665839
"Luke Ritter","NYM",3,14,12,2,2,0,0,0,1,2,1,0,5,0,0,0,,0,0,0.195266,0.0971554,0.36077,0.2693,0.286515,0.339005,0.279421,0.62552,0.143739,3.51208,0.286714,-0.0030033,-0.0236188,1.29111,-0.346581,81.2499,-0.0266221,0.113802,-0.3405240159481764,0.1638016514480114,0.0299233,999,,,,,,,2.2,0.733333333,2.2,0.733333333,,,,,,,,,,,,,,,,,,,"Luke Ritter","sa3009878",682239
"Reese McGuire","CHC",3,13,12,3,2,1,0,0,1,1,1,0,3,0,0,0,,0,0,0.218606,0.0640301,0.258701,0.247506,0.274469,0.310638,0.260209,0.585106,0.0920318,3.73308,0.286923,-0.0117725,-0.00436503,0.982516,-0.514804,67.3505,-0.0161376,0.0505642,-0.515881609171629,0.3005641922354698,0.0273958,999,,,,,,,10.7,3.566666666,10.7,3.566666666,,,,,,,,,,,,,,,,,,,"Reese McGuire","15674",624512
"Brewer Hicklen","MIL",3,14,12,3,1,1,0,0,2,2,1,0,5,0,0,0,,1,0,0.203288,0.0908643,0.357206,0.254375,0.292878,0.369465,0.291101,0.662343,0.166177,6.91549,0.295118,-0.00527577,0.0614068,1.42272,-0.214968,85.2256,0.056131,-0.0632532,-0.1912110485136509,-0.013253193348646164,0.0270582,999,,,,,,,12.6,4.2,12.6,4.2,,,,,,,,,,,,,,,,,,,"Brewer Hicklen","20450",676551
"Trey Lipscomb","WSN",6,28,26,6,5,1,0,0,3,3,2,0,6,0,0,0,,1,0,0.243623,0.0549491,0.199437,0.275522,0.28929,0.338546,0.276917,0.627835,0.0949224,4.61643,0.294266,-0.0029859,-0.00307434,2.52579,-0.749592,76.4146,-0.00606024,0.0234666,-0.7957605104893446,0.12346662767231464,0.0269166,746.4299926757812,,,,,,,18.4,3.066666666,18.4,3.066666666,,,,,,,,,,,,,,,,,,,"Trey Lipscomb","31567",702358
"DJ Stewart","PIT",31,133,115,25,16,4,0,4,14,14,15,0,36,3,1,0,,1,0,0.215058,0.111573,0.270683,0.41219,0.316952,0.367356,0.304964,0.684308,0.152298,3.7813,0.272495,-0.0797827,-0.136626,14.9999,-0.558216,92.3417,-0.216408,-0.70114,-1.4344016164541245,-2.776139557361603,0.0228055,742.7100219726562,,,,,,,130.1,4.196774193,130.1,4.196774193,,,,,,,,,,,,,,,,,,,"DJ Stewart","17766",621466
"Tim Tawa","ARI",3,14,13,3,2,1,0,0,1,2,1,0,4,0,0,0,,0,0,0.226813,0.0700457,0.250129,0.280039,0.285547,0.362682,0.284552,0.648229,0.135869,4.14535,0.282066,-0.00183471,-0.0189804,1.34893,-0.288766,79.5549,-0.0208151,0.0493594,-0.36309296265244484,0.09935937821865082,0.020937,999,,,,,,,9.7,3.233333333,9.7,3.233333333,,,,,,,,,,,,,,,,,,,"Tim Tawa","sa3016970",694374
"Darren Baker","WSN",6,28,26,7,5,1,0,0,3,2,2,0,6,0,0,0,,1,0,0.254933,0.0647415,0.199569,0.324407,0.303933,0.316338,0.275635,0.620271,0.0614048,5.32662,0.319636,-0.00453841,0.0492211,2.4969,-0.778487,75.5516,0.0446827,0.0416083,-0.7739132232964039,0.04160831496119499,0.0207188,999,,,,,,,24,4,24,4,,,,,,,,,,,,,,,,,,,"Darren Baker","29912",671117
"Jason Delay","PIT",2,6,6,1,1,0,0,0,1,1,0,0,1,0,0,0,,0,0,0.232988,0.0660002,0.216196,0.30528,0.291979,0.323582,0.274003,0.615561,0.0905941,3.20303,0.293449,-0.00325587,-0.0111988,0.562312,-0.186347,71.5025,-0.0144546,0.016935,-0.2325504831969738,0.14193503931164742,0.0195645,999,,,,,,,-0.4,-0.2,-0.4,-0.2,,,,,,,,,,,,,,,,,,,"Jason Delay","19806",641511
"Oscar Gonzalez","SDP",3,14,13,3,2,1,0,0,2,2,1,0,3,0,0,0,,0,0,0.252363,0.0389285,0.234337,0.166121,0.285235,0.412986,0.300281,0.698221,0.160624,4.12004,0.302068,-0.000441865,-0.00896422,1.52616,-0.11153,95.4532,-0.00940609,-0.0430826,-0.08552578371018171,-0.1930825561285019,0.0194008,750.780029296875,,,,,,,9.7,3.233333333,9.7,3.233333333,,,,,,,,,,,,,,,,,,,"Oscar Gonzalez","20970",660757
"Greg Jones","COL",5,21,19,4,3,1,0,1,3,2,1,0,8,0,0,0,,1,0,0.234649,0.0668271,0.371288,0.179987,0.295295,0.377064,0.294859,0.672359,0.142415,7.34131,0.361571,-0.0036506,0.129886,2.1976,-0.258942,75.0218,0.126235,0.00276335,-0.5010169446468353,-0.022236647782847285,0.0182218,999,,,,,,,20.6,4.12,20.6,4.12,,,,,,,,,,,,,,,,,,,"Greg Jones","25448",675659
"Bryce Eldridge","SFG",19,84,76,18,12,4,0,3,9,10,7,0,25,1,1,0,,1,0,0.237966,0.0775148,0.294602,0.263117,0.301207,0.393792,0.301551,0.694999,0.155826,3.90972,0.314892,-0.0111986,-0.0712978,9.24282,-0.58334,94.5979,-0.0824964,-0.250967,-0.6251210123300552,-2.0009672045707703,0.0178324,999,,,,,,,90.5,4.763157894,90.5,4.763157894,,,,,,,,,,,,,,,,,,,"Bryce Eldridge","sa3022757",805811
"Jakob Marsee","MIA",3,14,12,2,2,0,0,0,2,1,2,0,3,0,0,0,,1,0,0.204777,0.116177,0.243368,0.47737,0.310037,0.310931,0.282805,0.620968,0.106154,6.35075,0.264223,-0.000600935,0.0376083,1.32924,-0.308453,77.3916,0.0370073,-0.00253125,-0.341486144810915,0.04746875073760748,0.0178093,999,,,,,,,7.1,2.366666666,7.1,2.366666666,,,,,,,,,,,,,,,,,,,"Jakob Marsee","sa3019868",805300
"Garrett Hampson","ARI",3,14,13,3,2,1,0,0,1,1,1,0,4,0,0,0,,0,0,0.237989,0.0724841,0.255251,0.283971,0.297495,0.32952,0.278388,0.627015,0.091531,5.97818,0.319016,0.00389904,0.01008,1.27947,-0.358225,75.4059,0.013979,-0.00135855,-0.39775789249688387,0.09864144900348037,0.0172827,999,,,,,,,9.7,3.233333333,9.7,3.233333333,,,,,,,,,,,,,,,,,,,"Garrett Hampson","19262",641658
"Hayden Senger","NYM",11,45,40,8,5,2,0,1,4,4,3,0,15,1,0,0,,0,0,0.196595,0.0651657,0.33136,0.196662,0.264649,0.291934,0.250206,0.556584,0.0953392,3.79619,0.291954,-0.0113093,-0.0763114,3.07811,-2.1625,61.5858,-0.0876206,-0.055125,-2.1455522924661636,0.8198750019073486,0.0172464,999,,,,,,,32,2.909090909,32,2.909090909,,,,,,,,,,,,,,,,,,,"Hayden Senger","sa3007009",663584
"Marco Luciano","SFG",13,56,49,11,7,2,0,1,6,5,6,0,17,0,0,0,,0,0,0.220528,0.103123,0.296175,0.348183,0.304261,0.344317,0.288614,0.648578,0.123788,3.68509,0.302523,0.00913072,-0.0975256,5.57879,-0.971983,85.8906,-0.0883948,-0.17381,-1.0332338437438011,-0.673809602856636,0.0163996,726.1199951171875,,,,,,,45.8,3.523076923,45.8,3.523076923,,,,,,,,,,,,,,,,,,,"Marco Luciano","25616",682617
"Jorge Barrosa","ARI",2,7,6,1,1,0,0,0,1,1,1,0,1,0,0,0,,0,0,0.233396,0.0854166,0.204822,0.417029,0.305052,0.351122,0.290967,0.656174,0.117726,5.32855,0.283601,-0.000687284,-0.00765114,0.710606,-0.108241,83.8726,-0.00833842,0.0343125,-0.14333532564342022,0.05931250564754009,0.0154097,999,,,,,,,2.6,1.3,2.6,1.3,,,,,,,,,,,,,,,,,,,"Jorge Barrosa","23968",678489
"Owen Miller","COL",2,7,6,2,1,0,0,0,1,1,0,0,1,0,0,0,,0,0,0.263515,0.0633399,0.197303,0.321029,0.316862,0.388789,0.308556,0.705651,0.125274,4.66656,0.315302,0.000293259,-0.00480586,0.809703,-0.00914388,84.2409,-0.0045126,0.0253586,-0.13642647257074714,0.05035861395299435,0.0151985,999,,,,,,,5.2,2.6,5.2,2.6,,,,,,,,,,,,,,,,,,,"Owen Miller","24655",680911
"Ronny Simon","MIA",3,14,13,3,2,1,0,0,2,1,1,0,3,0,0,0,,0,0,0.23718,0.069632,0.213847,0.325616,0.295175,0.356639,0.286838,0.651813,0.119459,5.23508,0.288751,-0.00125037,-0.0055599,1.37469,-0.263007,80.1062,-0.00681026,-0.0316098,-0.3398579228669405,0.018390242010354996,0.0149743,999,,,,,,,9.7,3.233333333,9.7,3.233333333,,,,,,,,,,,,,,,,,,,"Ronny Simon","sa3008365",682927
"Garrett Stubbs","PHI",5,19,17,4,3,1,0,0,2,2,2,0,5,0,0,0,,0,0,0.210997,0.0959804,0.255174,0.376138,0.295662,0.304982,0.271557,0.600644,0.0939858,5.44416,0.2776,0.000627667,0.0161024,1.64913,-0.596844,71.8533,0.0167301,-0.113314,-0.6295046079903841,0.26168593764305115,0.014269,999,,,,,,,14.3,2.86,14.3,2.86,,,,,,,,,,,,,,,,,,,"Garrett Stubbs","18067",596117
"Jake Bauers","MIL",24,105,92,19,11,3,0,4,12,12,12,0,35,1,1,0,,3,1,0.202909,0.111096,0.333015,0.333606,0.297608,0.377765,0.297398,0.675373,0.174857,5.16376,0.27462,-0.111739,0.106393,11.2026,-1.08011,89.4639,-0.00534572,-0.159922,-1.3282618722878397,-2.0349217355251312,0.013969,727.969970703125,,,,,,,102.6,4.275,102.6,4.275,,,,,,,,,,,,,,,,,,,"Jake Bauers","15194",641343
"Heriberto Hernandez","MIA",5,21,18,4,2,1,0,1,2,2,2,0,7,0,0,0,,0,0,0.217741,0.100842,0.312217,0.322986,0.304469,0.380418,0.301157,0.684887,0.162678,3.77232,0.294818,-0.0018797,-0.0252028,2.30405,-0.152491,89.7439,-0.0270825,-0.0634865,-0.28463417291641235,-0.2884864807128906,0.0130716,999,,,,,,,22.7,4.54,22.7,4.54,,,,,,,,,,,,,,,,,,,"Heriberto Hernandez","sa3005630",681715
"Osleivis Basabe","SFG",2,7,6,2,1,0,0,0,1,1,0,0,1,0,0,0,,0,0,0.249336,0.0561724,0.170361,0.329725,0.297069,0.343183,0.282217,0.640252,0.0938469,4.91671,0.293815,0.00128604,-0.00882073,0.661306,-0.15754,81.5848,-0.00753469,0.00287104,-0.1616818532347679,0.0278710403945297,0.0102677,999,,,,,,,5.2,2.6,5.2,2.6,,,,,,,,,,,,,,,,,,,"Osleivis Basabe","23985",678545
"Luke Williams","ATL",2,7,6,1,1,0,0,0,1,1,1,0,2,0,0,0,,0,0,0.226248,0.0748239,0.28382,0.263631,0.287895,0.344448,0.279017,0.632343,0.1182,5.92812,0.303547,-0.0021337,0.0178565,0.643281,-0.175565,76.2715,0.0157228,0.0135066,-0.18289996683597565,0.03850661590695381,0.00917478,999,,,,,,,2.6,1.3,2.6,1.3,,,,,,,,,,,,,,,,,,,"Luke Williams","19931",663897
"Mason McCoy","SDP",2,7,6,1,1,0,0,0,1,1,1,0,2,0,0,0,,0,0,0.202279,0.0736164,0.316135,0.232864,0.26458,0.309777,0.25504,0.574357,0.107498,5.84649,0.288757,0.000330736,0.00860474,0.508194,-0.310653,65.003,0.00893547,0.0614268,-0.2840120578184724,0.13642682135105133,0.00884513,999,,,,,,,2.6,1.3,2.6,1.3,,,,,,,,,,,,,,,,,,,"Mason McCoy","22232",669200
"René Pinto","ARI",2,6,6,1,1,0,0,0,1,1,0,0,2,0,0,0,,0,0,0.215702,0.0499623,0.342544,0.145857,0.260859,0.37007,0.274139,0.630928,0.154367,2.81697,0.299166,-0.00274157,-0.0070207,0.563014,-0.185646,72.5462,-0.00976228,-0.0539521,-0.21987088676542044,0.07104786112904549,0.00697922,999,,,,,,,-0.4,-0.2,-0.4,-0.2,,,,,,,,,,,,,,,,,,,"Rene Pinto","19859",650907
"Nick Martini","COL",8,35,31,8,5,1,0,1,4,4,3,0,8,1,0,0,,0,0,0.244431,0.0889606,0.235046,0.378482,0.323363,0.408027,0.320227,0.73139,0.163596,4.21168,0.296336,-0.0232616,-0.0908117,4.37728,0.283044,92.0961,-0.114073,-0.00765241,-0.44487909227609634,-0.6826523584313691,0.0039881,750.6599731445312,,,,,,,38.1,4.7625,38.1,4.7625,,,,,,,,,,,,,,,,,,,"Nick Martini","12005",605361
"Tyler Callihan","CIN",2,7,6,1,1,0,0,0,1,1,0,0,2,0,0,0,,0,0,0.225988,0.068946,0.281704,0.244746,0.284728,0.344447,0.277564,0.629175,0.118458,5.31827,0.303267,-0.000537899,0.00837719,0.635095,-0.183751,70.0119,0.00783929,0.0204545,-0.2431803047657013,0.04545454494655132,0.00366673,999,,,,,,,-0.4,-0.2,-0.4,-0.2,,,,,,,,,,,,,,,,,,,"Tyler Callihan","sa1169610",682997
"Gabriel Rincones Jr.","PHI",2,7,6,1,1,0,0,0,1,1,1,0,2,0,0,0,,0,0,0.215573,0.0796018,0.291473,0.273102,0.287113,0.359612,0.285356,0.646725,0.144039,5.71992,0.285845,-0.000249133,0.00588754,0.678993,-0.139854,81.1412,0.00563841,0.0137872,-0.15222222916781902,-0.06121276877820492,0.00204432,999,,,,,,,2.6,1.3,2.6,1.3,,,,,,,,,,,,,,,,,,,"Gabriel Rincones Jr.","sa3020758",687282
"Ernesto Martinez Jr.","MIL",3,14,13,3,2,1,0,0,1,2,1,0,3,0,0,0,,0,0,0.23218,0.0707965,0.244253,0.289849,0.297715,0.37202,0.29408,0.669735,0.13984,4.77161,0.288972,-0.00174521,-0.00265843,1.45628,-0.181409,87.2302,-0.00440363,0.0213962,-0.21818628581240773,-0.22860377468168736,0.00203133,999,,,,,,,9.7,3.233333333,9.7,3.233333333,,,,,,,,,,,,,,,,,,,"Ernesto Martinez Jr.","sa3003173",667803
"Grae Kessinger","ARI",3,14,13,3,2,1,0,0,2,1,1,0,4,0,0,0,,0,0,0.215908,0.0867812,0.258998,0.335065,0.289527,0.317381,0.270859,0.606908,0.101473,4.61462,0.282447,-0.00354887,-0.0181133,1.19464,-0.443055,70.3388,-0.0216622,0.0188375,-0.5182296950370073,0.06883750297129154,0.00176259,999,,,,,,,9.7,3.233333333,9.7,3.233333333,,,,,,,,,,,,,,,,,,,"Grae Kessinger","25813",666197
"Jose Barrero","STL",6,28,26,5,3,1,0,1,3,3,2,0,9,1,0,0,,1,0,0.204374,0.0586254,0.337227,0.173845,0.265537,0.338731,0.266428,0.604268,0.134357,5.95111,0.288939,0.00562961,0.0418182,2.2894,-0.985988,70.4584,0.0474478,-0.0378077,-0.9416827671229839,0.012192349880933762,0.000353932,750.1199951171875,,,,,,,25.2,4.2,25.2,4.2,,,,,,,,,,,,,,,,,,,"Jose Barrero","23378",676480
"Garrett Cooper","ATL",2,7,6,1,1,0,0,0,1,1,1,0,2,0,0,0,,0,0,0.236549,0.0766565,0.292389,0.262173,0.30347,0.380529,0.300253,0.683999,0.14398,2.46425,0.316017,-0.0105732,-0.0120232,0.762926,-0.055921,90.5648,-0.0225964,-0.0112067,-0.10157502442598343,-0.13620669767260551,-0.000470158,750.6199951171875,,,,,,,2.6,1.3,2.6,1.3,,,,,,,,,,,,,,,,,,,"Garrett Cooper","15279",643265
"Darick Hall","PIT",3,14,13,3,2,1,0,0,1,2,1,0,3,0,0,0,,0,0,0.224558,0.0800981,0.248805,0.321931,0.291658,0.377928,0.292009,0.669586,0.153371,2.29606,0.27176,-0.00464203,-0.0241246,1.43295,-0.204741,83.6219,-0.0287666,0.0705392,-0.3029576279222965,-0.179460808634758,-0.00164828,744.8200073242188,,,,,,,9.7,3.233333333,9.7,3.233333333,,,,,,,,,,,,,,,,,,,"Darick Hall","19717",669742
"Gavin Sheets","SDP",68,294,266,63,41,13,0,8,27,32,24,1,63,2,2,0,,1,1,0.235743,0.0808494,0.215269,0.375574,0.301626,0.381282,0.298602,0.682907,0.145538,2.29485,0.277,-0.383586,-0.527092,31.6522,-2.73936,94.3233,-0.910677,-0.57578,-2.906426727771759,-6.925779938697815,-0.00377725,623.1599731445312,,,,,,,276.8,4.070588235,276.8,4.070588235,,,,,,,,,,,,,,,,,,,"Gavin Sheets","19901",657757
"Stone Garrett","WSN",2,7,6,1,1,0,0,0,1,1,1,0,2,0,0,0,,0,0,0.224992,0.0717459,0.308795,0.232341,0.286682,0.371241,0.287956,0.657923,0.146249,4.09002,0.303171,0.000574986,-0.00733332,0.693639,-0.125207,83.8442,-0.00675834,0,-0.14199261646717787,-0.17499999701976776,-0.00865088,738.0999755859375,,,,,,,2.6,1.3,2.6,1.3,,,,,,,,,,,,,,,,,,,"Stone Garrett","19273",656448
"Blaze Alexander","ARI",29,126,113,26,18,5,1,2,13,13,9,0,39,2,1,0,,2,1,0.228397,0.0731749,0.313087,0.23372,0.298349,0.344261,0.285505,0.642609,0.115863,4.68365,0.326314,-0.00433526,-0.144769,12.237,-2.50226,80.1962,-0.149105,0.131533,-3.1329751759767532,-1.1684671938419342,-0.01067,749.0999755859375,,,,,,,105.6,3.64137931,105.6,3.64137931,,,,,,,,,,,,,,,,,,,"Blaze Alexander","23789",677942
"Christian Arroyo","PHI",3,14,13,3,2,1,0,0,1,1,1,0,3,0,0,0,,0,0,0.219914,0.0479908,0.244282,0.196456,0.266095,0.327938,0.261286,0.594033,0.108024,3.58748,0.277802,-0.00736122,-0.0269339,1.08676,-0.550933,64.9402,-0.0342951,0.0780599,-0.6212418787181377,-0.021940074861049652,-0.0182516,999,,,,,,,9.7,3.233333333,9.7,3.233333333,,,,,,,,,,,,,,,,,,,"Christian Arroyo","16434",624414
"Albert Almora Jr.","MIA",5,21,19,5,3,1,0,0,2,2,1,0,4,0,0,0,,0,0,0.242959,0.0561236,0.177662,0.3159,0.289835,0.345619,0.279624,0.635454,0.10266,4.30552,0.286878,-0.0135979,-0.0265361,1.94009,-0.516448,75.2505,-0.040134,-0.0959885,-0.6616422533988953,-0.2209884598851204,-0.0188939,999,,,,,,,14.9,2.98,14.9,2.98,,,,,,,,,,,,,,,,,,,"Albert Almora Jr.","14109",546991
"Trey Mancini","ARI",6,28,25,6,4,1,0,1,3,3,2,0,7,0,0,0,,0,0,0.230709,0.0779998,0.263178,0.296377,0.299259,0.367642,0.293066,0.666901,0.136933,3.36981,0.295327,-0.0621566,-0.038924,2.88972,-0.385664,85.2852,-0.101081,-0.0114311,-0.5937692299485207,-0.6114311162382364,-0.0281208,750.7100219726562,,,,,,,26.9,4.483333333,26.9,4.483333333,,,,,,,,,,,,,,,,,,,"Trey Mancini","15149",641820
"Kris Bryant","COL",118,511,453,111,74,23,1,14,58,57,45,1,124,10,2,0,,1,0,0.24577,0.0880545,0.242472,0.363154,0.326004,0.393271,0.316775,0.719275,0.147501,2.55572,0.30588,-0.0596741,-0.804359,62.4884,2.71261,89.7725,-0.864033,-0.0598672,-7.113632559776306,-10.634866997599602,-0.0746447,521.8499755859375,,,,,,,539.5,4.572033898,539.5,4.572033898,,,,,,,,,,,,,,,,,,,"Kris Bryant","15429",592178
"Zac Veen","COL",110,476,427,101,67,18,3,12,53,51,39,0,120,4,4,3,,21,5,0.235739,0.0823609,0.252292,0.326451,0.303832,0.37769,0.299225,0.681522,0.14195,6.33043,0.297235,0,1.2133,51.485,-4.19659,77.9606,1.2133,-0.374276,-11.331652522087097,-5.47427624464035,-0.097735,999,,,,,,,475.6,4.323636363,475.6,4.323636363,,,,,,,,,,,,,,,,,,,"Zac Veen","sa3014516",691728
"Robert Hassell III","WSN",36,154,139,31,23,5,1,2,15,13,12,0,40,1,1,0,,3,1,0.220583,0.0789795,0.260388,0.303315,0.286674,0.313274,0.267408,0.599948,0.0926906,4.68674,0.291664,0,-0.0182785,12.7132,-5.3014,70.0143,-0.0182785,-0.134491,-5.540275044739246,-0.5844905227422714,-0.102629,712.5900268554688,,,,,,,115.5,3.208333333,115.5,3.208333333,,,,,,,,,,,,,,,,,,,"Robert Hassell III","sa3014701",690987
"Martín Maldonado","SDP",16,64,58,10,7,2,0,2,6,6,4,0,22,1,0,1,,0,0,0.173838,0.0701065,0.34553,0.202896,0.240759,0.297927,0.240401,0.538686,0.124089,2.6778,0.241006,-0.172581,-0.0682847,3.89224,-3.59436,55.1495,-0.240865,-0.722155,-3.673347309231758,0.5278445482254028,-0.176963,999,,,,,,,37.6,2.35,37.6,2.35,,,,,,,,,,,,,,,,,,,"Martin Maldonado","6887",455117