Name,Team,G,PA,HR,R,RBI,SB,BB%,K%,ISO,BABIP,AVG,OBP,SLG,wOBA,xwOBA,wRC+,BsR,Off,Def,WAR,NameASCII,PlayerId,MLBAMID
"Aaron Judge","NYY",152,679,53,137,114,12,0.182621502,0.235640648,0.356746765,0.376119402,0.330868761,0.456553755,0.687615526,0.46277131105470437,0.47547153228902594,204.45786957330023,-4.142649194225669,79.45296890425124,-3.8455862998962402,10.126502280788435,"Aaron Judge",15640,592450
"Cal Raleigh","SEA",159,705,60,110,125,14,0.137588652,0.266666666,0.342281879,0.247863247,0.246644295,0.358865248,0.588926174,0.39200781996166983,0.38396564749784245,161.1147743082231,-2.7600575536489487,48.021720629978326,16.293894536793232,9.062765354313504,"Cal Raleigh",21534,663728
"Bobby Witt Jr.","KCR",157,687,23,99,88,38,0.071324599,0.181950509,0.205457464,0.334024896,0.295345104,0.350800582,0.500802568,0.36028863131912187,0.3771829774393838,129.71644196602443,7.412902662530541,31.474592306155337,23.15791606903076,8.008680057318092,"Bobby Witt Jr.",25764,677951
"Shohei Ohtani","LAD",158,727,55,146,102,20,0.149931224,0.257221458,0.340425532,0.315363881,0.281505728,0.391724137,0.62193126,0.4178216946885941,0.4387970404191451,172.3156045629402,3.6801422368735075,65.99055639918078,-17.067899703979492,7.480405959827134,"Shohei Ohtani",19755,660271
"Geraldo Perdomo","ARI",161,720,20,98,100,27,0.130555555,0.115277777,0.172529313,0.302970297,0.289782244,0.389044943,0.462311557,0.3698901362224638,0.3610100362801922,137.98755046348717,3.761845950037241,36.17848551723169,9.031476855278015,7.076719998386071,"Geraldo Perdomo",22799,672695
"Trea Turner","PHI",141,639,15,94,69,36,0.067292644,0.167449139,0.152801358,0.34968017,0.303904923,0.355242566,0.456706281,0.35156535943473766,0.32529203121938677,124.8082278067238,7.954947719350457,26.743391308188887,17.235366821289062,6.674995202495156,"Trea Turner",16252,607208
"Corbin Carroll","ARI",143,642,31,107,84,32,0.10436137,0.238317757,0.281914893,0.299479166,0.258865248,0.342679127,0.540780141,0.37149713461675615,0.3825083798582449,139.08839604480144,10.266325190663338,40.0087987227999,2.5441479682922363,6.539330077984362,"Corbin Carroll",25878,682998
"José Ramírez","CLE",158,673,30,103,85,44,0.09806835,0.109955423,0.219224283,0.279352226,0.283305227,0.360119047,0.50252951,0.35964188603254466,0.3513679621769832,133.4721923751499,7.250767977908254,33.801212578937665,4.58179646730423,6.296855579952546,"Jose Ramirez",13510,608070
"Francisco Lindor","NYM",160,732,31,117,86,31,0.088797814,0.178961748,0.198757764,0.288343558,0.267080745,0.345628415,0.465838509,0.3501807249572179,0.3548816119460325,128.77125428201668,2.749625878408551,27.71074668561195,9.21214747428894,6.2697021267419295,"Francisco Lindor",12916,596019
"Fernando Tatis Jr.","SDP",155,691,25,111,71,32,0.128798842,0.186685962,0.178451179,0.30316742,0.267676767,0.367583212,0.446127946,0.3532081374473739,0.3811020367996283,131.28272564346076,5.806268977001309,31.426134095750502,5.128045558929443,6.092397216795801,"Fernando Tatis Jr.",19709,665487
"Juan Soto","NYM",160,715,43,120,105,38,0.177622377,0.191608391,0.26169844,0.270471464,0.263431542,0.395511921,0.525129982,0.38982828523431506,0.44090491473589505,155.93110814120718,2.7114840243011713,50.10879153492784,-17.155375003814697,5.805699921525191,"Juan Soto",20123,665742
"Julio Rodríguez","SEA",160,710,32,106,95,30,0.06197183,0.214084507,0.207055215,0.302127659,0.266871165,0.323943661,0.47392638,0.3409884508619917,0.35611874833066237,125.96944026266532,3.864511426538229,25.596201997514527,5.9398815631866455,5.726615233180085,"Julio Rodriguez",23697,677594
"Jeremy Peña","HOU",125,543,17,68,62,20,0.064456721,0.171270718,0.172413793,0.345454545,0.304259634,0.363468634,0.476673427,0.3629105426647045,0.3436101513581285,135.11462301057807,4.281138721853495,26.754105752527025,10.417760372161865,5.715179518476367,"Jeremy Pena",21636,665161
"Maikel Garcia","KCR",160,666,16,81,74,23,0.093093093,0.126126126,0.16302521,0.308,0.285714285,0.35143288,0.448739495,0.3469151187446502,0.34413707923600606,120.50392963812814,1.108578497543931,17.203316330826144,14.946643590927124,5.634487980776628,"Maikel Garcia",22715,672580
"Pete Crow-Armstrong","CHC",157,647,31,91,95,35,0.044822256,0.239567233,0.233502538,0.275779376,0.247038917,0.287051482,0.480541455,0.3234034123830497,0.3343713062711563,108.9191437637993,6.716142592951655,13.55560002070975,17.59115695953369,5.389356173289711,"Pete Crow-Armstrong",27769,691718
"George Springer","TOR",140,586,32,106,84,18,0.11774744,0.189419795,0.251004016,0.339832869,0.309236947,0.39896373,0.560240963,0.4078920781612396,0.4166471531080163,166.12905855908951,2.781483545899391,48.454798197629636,-17.775115489959717,5.202361154844324,"George Springer",12856,543807
"Byron Buxton","MIN",126,542,35,97,83,24,0.075645756,0.27306273,0.286885246,0.302250803,0.264344262,0.326568265,0.551229508,0.3666271403071157,0.3621826741232801,136.3415758121969,8.527150550857186,31.74252090154624,-1.3648369312286377,5.0165284178743015,"Byron Buxton",14161,621439
"Kyle Schwarber","PHI",162,724,56,111,132,10,0.14917127,0.272099447,0.322847682,0.252840909,0.240066225,0.364640883,0.562913907,0.39137705031543724,0.41357094140897405,152.08051640783808,-1.0830977391451597,43.606665500013534,-19.549630165100098,4.926128476834927,"Kyle Schwarber",16478,656941
"Cody Bellinger","NYY",152,656,29,89,98,13,0.086890243,0.137195121,0.207482993,0.274058577,0.272108843,0.333841463,0.479591836,0.34747452362803105,0.33163463832043216,125.03422753309191,0.85094347409904,20.206720451162848,5.123315811157227,4.9015120570534165,"Cody Bellinger",15998,641355
"Nico Hoerner","CHC",156,649,7,89,61,29,0.060092449,0.07550077,0.096828047,0.312614259,0.297161936,0.345146379,0.393989983,0.324089211722215,0.3266370669815892,109.3889383665007,4.544913096353412,11.766878285297405,13.547824621200562,4.799472874110018,"Nico Hoerner",21479,663538
"Gunnar Henderson","BAL",154,651,17,85,68,30,0.095238095,0.210445468,0.164644715,0.329439252,0.273830155,0.348694316,0.43847487,0.33939238232235575,0.34762380424416195,119.78289181549304,7.284703219309449,22.46370945740385,1.7153089046478271,4.766142329420926,"Gunnar Henderson",26289,683002
"Matt Olson","ATL",162,724,29,98,95,1,0.125690607,0.243093922,0.211538461,0.332547169,0.272435897,0.366022099,0.483974358,0.3663292339799147,0.3707314754491375,136.0615266903134,-4.790764870122075,26.1532656616137,-4.206103324890137,4.710262064467422,"Matt Olson",14344,621566
"Alejandro Kirk","TOR",130,506,15,45,76,1,0.09486166,0.11660079,0.139689579,0.292428198,0.281596452,0.347826086,0.421286031,0.3344693310440533,0.36823489604365994,115.55087581177857,-5.860912507399917,3.4133192582396354,24.857967376708984,4.674253029297203,"Alejandro Kirk",22581,672386
"Ketel Marte","ARI",126,556,28,87,72,4,0.115107913,0.149280575,0.233333333,0.29032258,0.283333333,0.37589928,0.516666666,0.38054607012055136,0.4003584367515397,145.2872078795435,-3.3926189336925745,26.450522904507284,-0.015116095542907715,4.597524797616999,"Ketel Marte",13613,606466
"Nick Kurtz","ATH",117,489,36,90,86,2,0.128834355,0.308793456,0.328571429,0.364406779,0.29047619,0.383196721,0.619047619,0.41892504495443755,0.38173429631004646,170.30615312604996,-0.33357201516628265,40.186925561338015,-12.12365174293518,4.593109663251381,"Nick Kurtz",35110,701762
"Junior Caminero","TBR",154,653,45,93,110,7,0.062787136,0.191424196,0.270764119,0.259681093,0.264119601,0.310872894,0.53488372,0.356518121127702,0.35897503690236177,129.25356454772745,0.03152778930962086,22.54614401513883,-0.4289977550506592,4.562229486126728,"Junior Caminero",28163,691406
"Kyle Tucker","CHC",136,597,22,91,73,25,0.145728643,0.147403685,0.198,0.282442748,0.266,0.377104377,0.464,0.3629035417631497,0.38203053255097424,135.97800271715482,3.759760405868292,29.21666454372981,-5.080698490142822,4.501844032956653,"Kyle Tucker",18345,663656
"Brice Turang","MIL",156,659,18,97,81,24,0.100151745,0.227617602,0.147260274,0.356294536,0.287671232,0.359208523,0.434931506,0.34630487177793573,0.34247005550005966,123.56972992154685,2.6061466094106436,21.01531738190402,0.1484394073486328,4.40882323599625,"Brice Turang",22186,668930
"Jazz Chisholm Jr.","NYY",130,531,31,75,80,31,0.109227871,0.278719397,0.238095238,0.282229965,0.242424242,0.332075471,0.48051948,0.3490127379141593,0.35723403005888965,126.09384578932723,2.9426317662000656,19.27334630433324,5.300532937049866,4.383992938939373,"Jazz Chisholm Jr.",20454,665862
"Elly De La Cruz","CIN",162,699,22,102,86,37,0.095851216,0.258941344,0.176470589,0.337236533,0.263910969,0.336194563,0.440381558,0.3325369146115894,0.32981355047989447,108.50352613594754,9.365938464179635,16.41076708298317,2.727843761444092,4.337801853405038,"Elly De La Cruz",26668,682829
"Will Smith","LAD",110,436,17,64,61,2,0.14678899,0.20412844,0.201657459,0.344827586,0.29558011,0.403669724,0.497237569,0.3892415171382071,0.38579255904274423,152.73726379964666,-2.8969766180962324,24.35501761172782,1.6196469068527222,4.1418559195868,"Will Smith",19197,669257
"Wyatt Langford","TEX",134,573,22,73,62,22,0.129144851,0.263525305,0.190184049,0.29906542,0.241308793,0.343804537,0.431492842,0.3371595635748746,0.35257672761615955,118.20581472623358,1.552938673645258,13.848187311655842,6.1531758308410645,4.064059327883974,"Wyatt Langford",33333,694671
"Dillon Dingler","DET",126,469,13,54,57,0,0.049040511,0.234541577,0.147126437,0.345047923,0.278160919,0.326923076,0.425287356,0.3261193729009751,0.3597082375456847,108.94446170022889,-0.18251345492899418,4.761727484562549,18.764248371124268,4.05846253158458,"Dillon Dingler",27464,693307
"Andy Pages","LAD",156,624,27,74,86,14,0.046474358,0.216346153,0.189328744,0.308235294,0.271944922,0.3125,0.461273666,0.33191527751011723,0.3252459294170189,113.46694603698575,0.3859942778944969,10.34573230703044,8.520525187253952,4.0546059624713715,"Andy Pages",24816,681624
"Willy Adames","SFG",160,686,30,94,87,12,0.116618075,0.260932944,0.196277495,0.263427109,0.225042301,0.318248175,0.421319796,0.3207774200690787,0.33712310791015626,107.7213517013979,0.8595134355127811,7.137373864894004,9.570420265197754,4.044841554968089,"Willy Adames",15986,642715
"Corey Seager","TEX",102,445,21,61,50,3,0.130337078,0.195505617,0.215789474,0.299270072,0.271052631,0.373033707,0.486842105,0.36543997128804523,0.4124489619814116,137.68712924586418,-1.4139727130532265,18.352339137495246,5.546441674232483,4.012095424160573,"Corey Seager",13624,608369
"Kyle Stowers","MIA",117,457,25,61,73,5,0.105032822,0.273522975,0.255639098,0.355731225,0.288220551,0.368421052,0.543859649,0.38619400544408666,0.3872628676152862,148.79942673479505,0.9523557648062706,27.384057568302612,-3.6738064289093018,3.9816706979343404,"Kyle Stowers",26151,669065
"Shea Langeliers","ATH",123,523,31,73,72,7,0.068833652,0.196940726,0.25987526,0.289772727,0.276507276,0.325047801,0.536382536,0.36381869686060936,0.33877204792118254,132.34545220078905,0.6413053311407566,20.579576157663556,-0.027740478515625,3.944317640755446,"Shea Langeliers",25816,669127
"Jarren Duran","BOS",157,696,16,86,84,24,0.086206896,0.242816091,0.185483871,0.326484018,0.256451612,0.3323741,0.441935483,0.3350495208237288,0.3331151304478941,111.15078705378289,7.190561294555664,16.33774363990966,-2.0602667331695557,3.911546447682227,"Jarren Duran",24617,680776
"Freddie Freeman","LAD",147,627,24,81,90,6,0.095693779,0.20414673,0.206834533,0.342298288,0.294964028,0.366826156,0.501798561,0.3697290580118856,0.356859567669944,139.37060177554082,-1.6930969394743443,27.56417305989313,-10.371381998062134,3.8936026327130917,"Freddie Freeman",5361,518692
"Vladimir Guerrero Jr.","TOR",156,680,23,96,84,6,0.119117647,0.138235294,0.174872666,0.31302521,0.292020373,0.380882352,0.466893039,0.3656467213517144,0.39589391232249627,137.02781322530683,-2.597303118556738,27.078983161873513,-12.477776244282722,3.888328265871457,"Vladimir Guerrero Jr.",19611,665489
"Bo Bichette","TOR",139,628,18,78,94,4,0.063694267,0.144904458,0.171821306,0.342436974,0.310996563,0.356687898,0.482817869,0.36087718320349915,0.3638922373453776,133.74225688817225,-3.2458693850785494,21.72917944927185,-6.008702278137207,3.8197392269071178,"Bo Bichette",19612,666182
"Ceddanne Rafaela","BOS",156,587,16,84,63,20,0.04770017,0.199318568,0.164835164,0.289156626,0.249084249,0.294520547,0.413919413,0.3065042726389349,0.3128736835636505,91.48703384452843,3.9256491474807262,-1.9640292753249593,18.952499628067017,3.80510002639314,"Ceddanne Rafaela",24262,678882
"Eugenio Suárez","- - -",159,657,49,91,118,4,0.07001522,0.298325722,0.297619048,0.242857142,0.227891156,0.298325722,0.525510204,0.3468173504785727,0.32436412199762943,124.69361712346375,-3.4393553491681814,15.801692918928097,-0.7466615438461304,3.8027176351213363,"Eugenio Suarez",12552,553993
"Manny Machado","SDP",159,678,27,91,95,14,0.081120943,0.193215339,0.185365854,0.307359307,0.274796747,0.334808259,0.460162601,0.3411543614255922,0.36582128289550053,123.02550141793589,-0.7417483422905207,17.760861711744173,-3.5222429037094116,3.764978739894973,"Manny Machado",11493,592518
"Matt Chapman","SFG",128,535,21,76,61,9,0.13271028,0.235514018,0.198237885,0.270096463,0.231277533,0.340186915,0.429515418,0.33623319853111155,0.35129498542471327,118.30905700722285,0.8733118306845427,12.482823828643342,5.859816312789917,3.6980408823841877,"Matt Chapman",16505,656305
"William Contreras","MIL",150,659,17,89,76,6,0.127465857,0.182094081,0.139575972,0.298850574,0.259717314,0.355083459,0.399293286,0.3315742284287023,0.33986029202055856,113.47876548840496,-3.3323470633476973,7.195261717251871,6.542165517807007,3.6490167835235505,"William Contreras",20503,661388
"Pete Alonso","NYM",162,709,38,87,126,1,0.086036671,0.228490832,0.251602564,0.304849884,0.272435897,0.346967559,0.524038461,0.36833570584316144,0.39941701441367355,141.20800005483187,-5.411227373406291,29.216339639179992,-17.74122381210327,3.5877745039400835,"Pete Alonso",19251,624413
"Sal Frelick","MIL",142,594,12,76,63,19,0.079124579,0.134680134,0.117424243,0.317460317,0.287878787,0.350936967,0.40530303,0.33226253764998975,0.30604004533323526,113.95027944107807,2.533524563536048,12.35470201149054,2.823610305786133,3.575150723036754,"Sal Frelick",29622,686217
"Alex Bregman","BOS",114,495,18,64,62,1,0.103030303,0.141414141,0.189376443,0.288184438,0.272517321,0.359595959,0.461893764,0.3555938498518331,0.3451554213112932,125.30300647899588,-1.976726172491908,12.785433567813602,4.617950201034546,3.5235969347210245,"Alex Bregman",17678,608324
"Ronald Acuña Jr.","ATL",95,412,21,74,42,9,0.172330097,0.247572815,0.227810651,0.358139534,0.289940828,0.417475728,0.517751479,0.4028523605243832,0.4061548195633234,161.08104296056186,1.9225816987454891,31.74877758805327,-11.191688060760498,3.505864362949749,"Ronald Acuna Jr.",18401,660670
"Michael Busch","CHC",155,592,34,78,90,4,0.094594594,0.234797297,0.261450382,0.291784702,0.261450381,0.342905405,0.522900763,0.36859447440858617,0.3920504662298387,139.87647460022396,-3.3513580840080976,24.62767286838421,-10.10257863998413,3.5015095180528584,"Michael Busch",26319,683737
"Masyn Winn","STL",129,537,9,72,51,9,0.063314711,0.189944134,0.109979634,0.30104712,0.252545824,0.310280373,0.362525458,0.29734385303247757,0.2903162876022196,91.42323105092078,1.5603580065071583,-3.898379389728208,20.120283603668213,3.487871875995207,"Masyn Winn",27479,691026
"Bryce Harper","PHI",132,580,27,72,75,12,0.120689655,0.208620689,0.225548903,0.292134831,0.261477045,0.356896551,0.487025948,0.3609641829849536,0.3787326613369719,131.2467242056975,1.353697296231985,22.833322223286345,-8.218193411827087,3.469868265102889,"Bryce Harper",11579,547180
"Jacob Wilson","ATH",125,523,13,62,63,5,0.051625239,0.074569789,0.133744856,0.317241379,0.310699588,0.355086372,0.444444444,0.34788482865461934,0.30670588067237364,121.36920669600204,-0.3333049099892378,12.839026946989387,2.9786314964294434,3.459952062227488,"Jacob Wilson",33266,805779
"Mookie Betts","LAD",150,663,20,95,82,8,0.092006033,0.102564102,0.147707979,0.258317025,0.258064516,0.325791855,0.405772495,0.31784157628551374,0.3380093711587557,103.82600808653768,-0.3313895515166223,2.6750579027190944,8.616137504577637,3.4123542926125174,"Mookie Betts",13611,605141
"Hunter Goodman","COL",144,579,31,73,91,1,0.056994818,0.262521588,0.242592593,0.331476323,0.277777777,0.322970639,0.52037037,0.3587744185549813,0.33230651749504936,117.70424184789086,-2.4102510306984186,9.739016714008063,4.1954667046666145,3.3968253134786615,"Hunter Goodman",29715,696100
"Tyler Soderstrom","ATH",158,624,25,75,93,8,0.088141025,0.225961538,0.197860962,0.327455919,0.276292335,0.346153846,0.474153297,0.3535302139555143,0.3516630357311618,125.25810135928567,-0.6810238398611546,17.895218421004042,-6.252023696899414,3.388497252839538,"Tyler Soderstrom",27467,691016
"Dansby Swanson","CHC",159,645,24,84,77,20,0.072868217,0.260465116,0.172881356,0.297766749,0.244067796,0.29968944,0.416949152,0.3095082416319365,0.35528728449456043,99.40050492924945,4.7421546671539545,4.283865557778008,6.894751861691475,3.3395567792225505,"Dansby Swanson",18314,621020
"Rafael Devers","- - -",163,729,35,99,109,1,0.153635116,0.263374485,0.227347611,0.307291666,0.252059308,0.371742112,0.479406919,0.3650801973482166,0.37746992337321306,135.33665120111453,-5.7981165032833815,24.632324967468534,-16.773163586854935,3.3249260383397394,"Rafael Devers",17350,646240
"James Wood","WSN",157,689,31,87,94,15,0.123367198,0.320754716,0.219063545,0.3495702,0.255852842,0.349782293,0.474916387,0.35281340211148476,0.36848692767387997,127.29375842430733,-0.8517836704850197,21.436507414084037,-12.581394672393799,3.2516272035357385,"James Wood",29518,695578
"Xander Bogaerts","SDP",136,552,11,63,53,20,0.086956521,0.170289855,0.128309572,0.299492385,0.262729124,0.328493647,0.391038696,0.3131875612222365,0.334885371496918,103.86734386363368,1.6729235965758562,4.20307245091101,8.927435398101807,3.222649486588198,"Xander Bogaerts",12161,593428
"Patrick Bailey","SFG",135,452,6,47,55,1,0.066371681,0.294247787,0.102689487,0.307971014,0.222493887,0.276785714,0.325183374,0.26539691338049515,0.26593015871325326,69.7839235772586,-2.626504151150584,-18.813666065386524,35.22990369796753,3.218379784034217,"Patrick Bailey",27478,672275
"Ernie Clement","TOR",157,588,9,83,50,6,0.045918367,0.103741496,0.121100917,0.295833333,0.27706422,0.313253012,0.398165137,0.30834983885288236,0.29568407654968154,97.55813512606845,1.0821972470730543,-0.6100800515125315,11.735666751861572,3.208774894231573,"Ernie Clement",20352,676391
"Zach Neto","LAA",128,554,26,82,62,26,0.059566787,0.268953068,0.217131474,0.312121212,0.256972111,0.318840579,0.474103585,0.337106439220163,0.3546528798756582,115.58566304980467,2.9971766509115696,13.173891891090472,-0.9665608406066895,3.199728775725764,"Zach Neto",31347,687263
"Harrison Bader","- - -",146,501,17,61,54,11,0.077844311,0.271457085,0.171875,0.359060402,0.276785714,0.347305389,0.448660714,0.346380784126099,0.30348811025371053,121.9372868346894,-1.0045588538050652,11.986144623359964,2.2019572257995605,3.1930960495594163,"Harrison Bader",18030,664056
"Steven Kwan","CLE",156,693,11,81,56,21,0.079365079,0.086580086,0.1024,0.283422459,0.272,0.330434782,0.3744,0.30951694633032,0.31287676789039787,98.94299726875172,0.46063955314457417,-0.4027005581821437,7.59089469909668,3.175660384733874,"Steven Kwan",24610,680757
"Zach McKinstry","DET",144,511,12,68,49,19,0.090019569,0.217221135,0.17920354,0.314371257,0.258849557,0.333333333,0.438053097,0.33299771683155205,0.3081461488615085,113.6826954217801,4.38405298255384,12.624772537007052,0.7108400464057922,3.1637528484203066,"Zach McKinstry",19392,656716
"Trent Grisham","NYY",143,581,34,87,74,3,0.141135972,0.235800344,0.22874494,0.253086419,0.234817813,0.347676419,0.463562753,0.3532670625515936,0.37701360863375377,129.02449082001655,-3.003846574574709,16.871436226173923,-6.004803657531738,3.1576319774611226,"Trent Grisham",18564,663757
"Josh Naylor","- - -",147,604,20,81,92,30,0.079470198,0.137417218,0.167587477,0.314606741,0.2946593,0.353333333,0.462246777,0.3507002030042994,0.3385176971179097,127.55957763351991,0.5721452794969082,20.249581580196818,-9.822434782981873,3.147625121122678,"Josh Naylor",18839,647304
"CJ Abrams","WSN",144,635,19,92,60,31,0.058267716,0.196850393,0.175862069,0.296127562,0.256896551,0.315457413,0.43275862,0.32365244561085393,0.31812627469947174,107.31756540218946,7.371014513075352,12.878261370517475,-3.3364992141723633,3.1380419029091504,"CJ Abrams",25768,682928
"Drake Baldwin","ATL",124,446,19,56,80,0,0.085201793,0.152466367,0.195061728,0.289308176,0.274074074,0.340807174,0.469135802,0.3506518264255182,0.36216089222997827,125.32199832860624,-1.4987492691725492,11.886517781926445,3.9120153188705444,3.1347544211987524,"Drake Baldwin",31539,686948
"Bryson Stott","PHI",147,560,13,66,66,24,0.096428571,0.1625,0.134268537,0.288220551,0.256513026,0.327956989,0.390781563,0.3152057655837848,0.31774080505918983,99.90073669076088,3.849933385848999,3.7840507475456033,7.914202451705933,3.1033471899024505,"Bryson Stott",26294,681082
"Ben Rice","NYY",138,530,26,74,65,3,0.094339622,0.188679245,0.244111349,0.271137026,0.254817987,0.337121212,0.498929336,0.3584577606031389,0.410260832060899,132.60016845324574,-2.0193803012371063,18.344863540304008,-6.819757014513016,3.0454189489327113,"Ben Rice",29576,700250
"Austin Wells","NYY",126,448,21,51,71,5,0.066964285,0.263392857,0.216957606,0.245421245,0.219451371,0.275167785,0.436408977,0.3022235233245013,0.3020804024597989,93.86250687821568,-0.5778377074748278,-3.8185584380705277,18.152137845754623,3.0440193288816477,"Austin Wells",27562,669224
"Ryan O'Hearn","- - -",144,544,17,67,63,3,0.106617647,0.200367647,0.156118143,0.329545454,0.280590717,0.365808823,0.43670886,0.34921390215555825,0.34993149711296906,127.26868770556393,-0.6154702380299568,16.882451144521347,-5.790425002574921,3.0290271201772523,"Ryan O'Hearn",16442,656811
"Jackson Merrill","SDP",115,483,16,59,67,1,0.068322981,0.223602484,0.193181818,0.311526479,0.263636363,0.317427385,0.456818181,0.33119709861005914,0.3634741261694387,116.20445616275907,1.8950680363923311,11.171389637442246,2.269684672355652,3.0195200462223646,"Jackson Merrill",29490,701538
"Trevor Story","BOS",157,654,25,91,96,31,0.050458715,0.269113149,0.16993464,0.330097087,0.263071895,0.307810107,0.433006535,0.3203090862628141,0.3166351318359375,100.99665332453415,7.7696445770561695,8.537880202658204,-1.5712227821350098,3.015666110734076,"Trevor Story",12564,596115
"Brandon Nimmo","NYM",155,652,25,81,92,13,0.076687116,0.216257668,0.173764907,0.301401869,0.262350936,0.324116743,0.436115843,0.3287401940272405,0.33058981088491585,114.08380106543058,1.3058202229440212,12.189147356952803,-4.5397162437438965,3.0023077215857725,"Brandon Nimmo",12927,607043
"Ramón Laureano","- - -",132,488,24,72,76,7,0.071721311,0.243852459,0.231292517,0.331125827,0.281179138,0.342213114,0.512471655,0.36434990351205,0.3720705484606556,137.80491716799915,-0.6974401585757732,21.082301669050846,-8.679579377174377,2.9641859646837965,"Ramon Laureano",17128,657656
"Jackson Chourio","MIL",131,589,21,88,78,21,0.050933786,0.205432937,0.193078324,0.307506053,0.269581056,0.307823129,0.46265938,0.32846995980004434,0.31884375707051216,111.35224164419445,3.056685835123062,10.9815372363228,-1.9517136812210083,2.9290613265337595,"Jackson Chourio",28806,694192
"Taylor Ward","LAA",157,663,36,86,103,4,0.113122171,0.263951734,0.246977548,0.256684491,0.227979274,0.316742081,0.474956822,0.33875144356327114,0.342073492413201,116.71884497982768,-1.1095552518963814,11.95493214325424,-6.192001223564148,2.9242009702977567,"Taylor Ward",17548,621493
"Max Muncy","LAD",100,388,19,48,67,4,0.164948453,0.213917525,0.226837061,0.263888888,0.242811501,0.376288659,0.469648562,0.3660966017394486,0.3875558487491904,136.88225240877588,0.4306705463677645,17.391354713926503,-1.7295278310775757,2.9233118960328768,"Max Muncy",13301,571970
"Riley Greene","DET",157,655,36,84,111,2,0.070229007,0.306870229,0.235,0.323369565,0.258333333,0.312977099,0.493333333,0.3432960526658854,0.34728061314387426,120.77683357750392,-2.0084202140569687,14.03116879542987,-8.021653652191162,2.9212597156510185,"Riley Greene",25976,682985
"Jake Cronenworth","SDP",135,515,11,61,59,3,0.133980582,0.20776699,0.131264916,0.298701298,0.245823389,0.366666666,0.377088305,0.3330861906171548,0.324167597012257,117.49854494100151,-0.6324701569974422,10.048319738919025,1.3006732761859894,2.914415061281862,"Jake Cronenworth",18036,630105
"Randy Arozarena","SEA",160,709,27,95,76,31,0.090267983,0.269393511,0.187601957,0.2975,0.23817292,0.334273624,0.425774877,0.33227248500395024,0.33623882866446086,119.9653375656667,-1.2630202192813158,15.420798699818597,-11.563601970672607,2.8911974760606056,"Randy Arozarena",19290,668227
"Yandy Díaz","TBR",150,651,25,79,83,3,0.087557603,0.141321044,0.181818182,0.318471337,0.300171526,0.365591397,0.481989708,0.3642911937726889,0.36402503278025217,134.60814339668812,-1.0444691460579634,25.50964788630584,-19.770220279693604,2.879541427226,"Yandy Diaz",16578,650490
"TJ Friedl","CIN",152,685,14,82,53,12,0.118248175,0.167883211,0.117443868,0.301098901,0.260794473,0.364170337,0.378238341,0.33261985330679694,0.3068005730124081,108.56034180948117,1.8264444209635258,8.77630165717805,-3.4704926013946533,2.874871378430566,"TJ Friedl",19522,670770
"Brendan Donovan","STL",118,515,10,64,50,3,0.081553398,0.130097087,0.134782609,0.315245478,0.286956521,0.35282651,0.42173913,0.33701156775156654,0.3564694273705576,118.59689135104449,-0.5290522873401642,10.822148050024808,-0.09978049993515015,2.8503034341142386,"Brendan Donovan",24679,680977
"Ian Happ","CHC",150,663,23,87,79,6,0.131221719,0.227752639,0.177504394,0.2875,0.242530755,0.342383107,0.420035149,0.3334078720225509,0.36325579556551846,115.77252036124874,-3.3135265223681927,9.080397540105192,-3.6878528594970703,2.808848502798784,"Ian Happ",17919,664023
"J.P. Crawford","SEA",157,654,12,69,58,8,0.113149847,0.186544342,0.105263158,0.318077803,0.26491228,0.351851851,0.370175438,0.3224378884115027,0.3345602160302278,113.19065201889754,-2.251393722370267,7.9161625947401895,-3.056117057800293,2.800133351203042,"J.P. Crawford",15491,641487
"Willson Contreras","STL",135,563,20,70,80,5,0.078152753,0.252220248,0.189795918,0.319277108,0.257142857,0.34402852,0.446938775,0.34426162796361104,0.3688495048058076,123.56341575893369,-2.4634075686335564,13.259789101953173,-4.997234344482422,2.762045471597064,"Willson Contreras",11609,575929
"Roman Anthony","BOS",71,303,8,48,32,4,0.132013201,0.277227722,0.171206226,0.403614457,0.291828793,0.396039603,0.463035019,0.3763852876798548,0.3818454616117162,139.6254499087771,1.183962980285287,15.335037227520317,0.8680887222290039,2.7247177787610855,"Roman Anthony",31812,701350
"Gabriel Moreno","ARI",83,309,9,44,40,2,0.093851132,0.171521035,0.148014441,0.322580645,0.285198555,0.352750809,0.433212996,0.3396805127461751,0.3532990502529457,117.29298683781217,-0.4333619400858879,5.89983066685149,10.072312712669373,2.6861127832414122,"Gabriel Moreno",22664,672515
"Colson Montgomery","CHW",71,284,21,43,55,0,0.088028169,0.292253521,0.290196078,0.263157894,0.239215686,0.310954063,0.529411764,0.35514040111649964,0.3545124243337212,128.92953304025298,-0.3544202568009496,9.329079334022952,7.024763345718384,2.673234458089592,"Colson Montgomery",29712,695657
"Iván Herrera","STL",107,452,19,54,66,8,0.095132743,0.185840707,0.180412371,0.314878892,0.283505154,0.373333333,0.463917525,0.36456602705613544,0.37961256771344243,137.47258212875454,0.6493479590862989,20.723918388956193,-9.66788825392723,2.6699634750740735,"Ivan Herrera",20599,671056
"Carlos Narváez","BOS",118,446,15,51,50,1,0.085201793,0.248878923,0.178660049,0.29390681,0.240694789,0.306306306,0.419354838,0.31507636646966675,0.3004733592540294,97.39202848611909,-2.071960736066103,-3.442874942648156,14.160643339157104,2.6670341345952395,"Carlos Narvaez",19722,665966
"Caleb Durbin","MIL",136,506,11,60,53,18,0.059288537,0.098814229,0.130337078,0.265463917,0.256179775,0.333996023,0.386516853,0.31931711404508434,0.315639852292495,105.08224794564076,2.324430264532566,5.372329265668341,3.642627477645874,2.644974252493206,"Caleb Durbin",29646,702332
"Jorge Polanco","SEA",138,524,26,64,78,6,0.080152671,0.156488549,0.229299363,0.269021739,0.265392781,0.326295585,0.494692144,0.3498725429177284,0.3494812305157001,132.0893588053727,0.20641742832958698,20.02464911011679,-12.298023462295532,2.635659387860324,"Jorge Polanco",13152,593871
"Carson Kelly","CHC",111,421,17,48,50,2,0.106888361,0.190023752,0.178861788,0.27173913,0.249322493,0.332541567,0.428184281,0.33160556651067846,0.33078916282381976,114.53788312329624,-3.2383926417678595,4.015606078911524,7.65091609954834,2.6268877476042833,"Carson Kelly",13620,608348
"Carlos Correa","- - -",144,584,13,63,52,0,0.077054794,0.19349315,0.126629422,0.327669902,0.275605214,0.33219178,0.402234636,0.3222022352561559,0.34481353234506107,106.24118134646454,-2.9518058449029922,1.3440749700781893,4.02797532081604,2.606031161813659,"Carlos Correa",14162,621043
"Isaac Collins","MIL",130,441,9,56,54,16,0.1292517,0.210884353,0.147849462,0.326007326,0.26344086,0.367579908,0.411290322,0.3444176029124761,0.3240047428646131,122.27689005395746,1.1655479799956083,12.809150104431087,-2.083733320236206,2.5986890839561125,"Isaac Collins",25477,686555
"Seiya Suzuki","CHC",151,651,32,75,103,5,0.10906298,0.251920122,0.232924694,0.281984334,0.245183887,0.325652841,0.478108581,0.34336035976043117,0.36551784991483294,122.59029453466638,-0.5240462403744459,16.905941742152088,-13.181694500148296,2.5973078788473174,"Seiya Suzuki",30116,673548
"Gleyber Torres","DET",145,628,16,79,74,4,0.135350318,0.160828025,0.131578948,0.284360189,0.255639097,0.358280254,0.387218045,0.331659921130557,0.3709703411972314,112.76113802846297,-3.377084070816636,6.068343557187314,-2.5683265924453735,2.5694332110961806,"Gleyber Torres",16997,650402
"Jonathan Aranda","TBR",106,422,14,56,59,0,0.097156398,0.253554502,0.172972973,0.408730158,0.316216216,0.393364928,0.489189189,0.38089629275133047,0.3915125039907602,146.04677466089927,-6.330806689336896,16.57176447738756,-6.290734887123108,2.5378405690057546,"Jonathan Aranda",21837,666018
"Xavier Edwards","MIA",139,619,3,75,43,27,0.079159935,0.142164781,0.069518717,0.329809725,0.283422459,0.342532467,0.352941176,0.3083631902059437,0.2958432461353058,95.48281525010997,3.6122172567993402,0.2982157001685031,3.8364017605781555,2.5303527744291334,"Xavier Edwards",22266,669364
"Isaac Paredes","HOU",102,438,20,53,53,0,0.114155251,0.173515981,0.203703704,0.267605633,0.253968253,0.351598173,0.457671957,0.35253073935095036,0.32596140170316085,127.96436495708564,-3.0346692390739918,11.401489428666963,-2.0915743559598923,2.494823213888485,"Isaac Paredes",20036,670623
"Christian Yelich","MIL",150,644,29,88,103,16,0.099378881,0.25931677,0.188481675,0.322751322,0.263525305,0.343167701,0.45200698,0.3431630712878368,0.34118611621706973,121.41749554522096,2.847323501482606,19.194726098316266,-16.724196553230286,2.4452059998400006,"Christian Yelich",11477,592885
"Wilyer Abreu","BOS",115,417,22,53,69,6,0.095923261,0.242206235,0.222520107,0.276679841,0.246648793,0.317307692,0.4691689,0.33351583666464996,0.3460666628649635,110.09428943253836,-1.021792396903038,3.9393807333136266,5.4199395179748535,2.425931976945794,"Wilyer Abreu",23772,677800
"Brandon Marsh","PHI",133,425,11,59,43,7,0.089411764,0.258823529,0.16358839,0.362595419,0.279683377,0.342042755,0.443271767,0.33920695114703403,0.3420677458187276,116.34232068203916,2.613740073516965,10.845579003875748,-1.2933074831962585,2.424191085062548,"Brandon Marsh",20202,669016
"Jung Hoo Lee","SFG",150,617,8,73,55,10,0.07617504,0.115072933,0.141071429,0.290721649,0.266071428,0.327390599,0.407142857,0.3199864445281376,0.32462699083777946,107.17950801800322,3.4935815017670393,8.743759826431402,-5.664755344390869,2.4155415363214243,"Jung Hoo Lee",33824,808982
"Brent Rooker","ATH",162,699,30,92,89,6,0.092989985,0.22174535,0.217252396,0.302483069,0.26198083,0.335243553,0.479233226,0.34876540475001594,0.36500688032670453,121.97580261381478,-0.17621477507054806,17.928617099133188,-18.40497398376465,2.412608324448419,"Brent Rooker",19627,667670
"Mike Yastrzemski","- - -",147,558,17,68,46,7,0.129032258,0.193548387,0.169811321,0.263305322,0.232704402,0.332733812,0.402515723,0.3208266536610714,0.3362752324884588,105.9273420216054,1.7727418970316648,5.659909425569966,-1.471217393875122,2.3499463900147566,"Mike Yastrzemski",14854,573262
"Spencer Torkelson","DET",155,649,31,82,78,2,0.110939907,0.260400616,0.21669627,0.282608695,0.239786856,0.332819722,0.456483126,0.3386429640034309,0.34559472352498055,117.5714949331538,-0.48790022917091846,12.952926524735455,-12.355383396148682,2.346419818766395,"Spencer Torkelson",27465,679529
"Otto Lopez","MIA",143,594,15,66,77,15,0.074074074,0.138047138,0.121323529,0.264444444,0.246323529,0.304713804,0.367647058,0.2948251313253029,0.3386504092458951,86.20880953158606,0.7152212839573622,-8.993955466294512,11.842464447021484,2.3136575366026206,"Otto Lopez",19608,672640
"Brett Baty","NYM",130,432,18,53,50,8,0.076388888,0.25,0.180661577,0.303703703,0.254452926,0.313225058,0.435114503,0.3236704915416213,0.3442046054573946,110.61089182065844,0.509192418307066,5.942069001924521,2.1483007073402405,2.2984511029142958,"Brett Baty",26123,683146
"Jake Meyers","HOU",104,381,3,53,24,16,0.081364829,0.175853018,0.081632653,0.352727272,0.291545189,0.353562005,0.373177842,0.3225737253405488,0.33325802426123174,107.328099103895,0.36991134472191334,3.6606158406108613,5.414048194885254,2.270043503639308,"Jake Meyers",20308,676694
"Mauricio Dubón","HOU",133,398,7,43,33,3,0.060301507,0.105527638,0.113821139,0.255451713,0.241192411,0.288607594,0.35501355,0.2827766662911524,0.2802822868230984,79.91339447300903,0.22870425507426262,-9.193710078712554,17.109527468681335,2.2113400407331296,"Mauricio Dubon",16530,643289
"Daulton Varsho","TOR",71,271,20,43,55,2,0.062730627,0.284132841,0.310483871,0.25,0.237903225,0.284132841,0.548387096,0.34502069530663665,0.34075645164207174,122.81931578249532,0.25207901932299137,7.54068518458119,4.698944091796875,2.206522840001987,"Daulton Varsho",19918,662139
"Addison Barger","TOR",135,502,21,61,74,4,0.071713147,0.241035856,0.210869566,0.284375,0.24347826,0.301397205,0.454347826,0.3217406139767146,0.3425045819349692,106.7825389781929,-0.1996748112142086,3.813319926748398,0.36748206615448,2.195410009323095,"Addison Barger",24598,680718
"Jakob Marsee","MIA",55,234,5,28,33,14,0.094017094,0.205128205,0.186602871,0.356687898,0.291866028,0.363247863,0.478468899,0.3633179086395818,0.3525901761689411,133.1285647262201,2.2423413451761007,11.43016569622729,1.7980303764343262,2.1500418990151138,"Jakob Marsee",31370,805300
"Jose Altuve","HOU",155,654,26,80,77,10,0.084097859,0.166666666,0.176870748,0.2832244,0.265306122,0.329249617,0.44217687,0.33135664582620433,0.30638023506176343,113.37832433817539,-1.4311811495572329,8.88103586155731,-10.524014949798584,2.1347925479510215,"Jose Altuve",5417,514888
"Marcus Semien","TEX",127,534,15,62,62,11,0.093632958,0.174157303,0.134042553,0.250673854,0.229787234,0.305243445,0.363829787,0.29480341478679956,0.3251037311375029,89.02824894465994,2.9068268593400717,-3.99858803150845,6.3512585163116455,2.1210489040106912,"Marcus Semien",12533,543760
"Jeff McNeil","NYM",122,462,12,42,54,3,0.106060606,0.119047619,0.167919799,0.25297619,0.243107769,0.334782608,0.411027568,0.3237252002745344,0.33435674299273577,110.64836906214204,-0.0038776546716690063,5.826803274427162,-0.5422672778367996,2.1135114935470387,"Jeff McNeil",15362,643446
"Alec Burleson","STL",139,546,18,54,69,5,0.071428571,0.144688644,0.169014085,0.311881188,0.28973843,0.342541436,0.458752515,0.3455924883319883,0.35212571634211215,124.47509791187049,-0.9695299360901117,14.868869313741833,-12.437286138534546,2.1075891387028065,"Alec Burleson",27615,676475
"José Caballero","- - -",126,370,5,52,36,49,0.127027027,0.264864864,0.111464968,0.323943661,0.235668789,0.338797814,0.347133757,0.3089980033577466,0.2983684224530685,97.03140276750113,5.618731498718262,4.324161383706718,3.473710060119629,2.1006780210282745,"Jose Caballero",23401,676609
"J.T. Realmuto","PHI",134,550,12,57,52,8,0.063636363,0.234545454,0.12749004,0.321428571,0.256972111,0.315118397,0.384462151,0.3065890470777985,0.3229333919330235,93.99800739965843,0.6543751005083323,-3.258106885183002,5.317499876022339,2.0831270641412027,"J.T. Realmuto",11739,592663
"Ryan Jeffers","MIN",119,464,9,47,47,1,0.10775862,0.196120689,0.130541872,0.32247557,0.266009852,0.355603448,0.396551724,0.3331341904388906,0.33037908802861754,113.2695360739141,-2.2735195737332106,4.9832994903027235,-0.7657068967819214,2.0653670915127327,"Ryan Jeffers",24618,680777
"Tyler Heineman","TOR",64,174,3,25,20,2,0.068965517,0.178160919,0.127516778,0.341880341,0.288590604,0.360946745,0.416107382,0.34140931607703484,0.2731934722358658,120.33157178194584,0.942039804533124,5.111624282294729,9.034979343414307,2.0600700629843733,"Tyler Heineman",13897,623168
"Sean Murphy","ATL",94,337,16,34,45,0,0.103857566,0.3115727,0.209621993,0.242774566,0.199312714,0.299703264,0.408934707,0.3087859581268969,0.3213060344764572,96.64253213367084,-0.8631005007773638,-2.204122713137461,10.698239207267761,2.016340521117266,"Sean Murphy",19352,669221
"Lawrence Butler","ATH",152,630,21,83,63,22,0.093650793,0.284126984,0.170474517,0.303523035,0.233743409,0.305732484,0.404217926,0.31035382931779143,0.3127944507537939,95.51550579704784,3.2735794242471457,-0.05628530462933545,-2.197802424430847,1.9877587660798044,"Lawrence Butler",22542,671732
"Ryan McMahon","- - -",154,586,20,62,53,3,0.119453924,0.322525597,0.166994106,0.293729372,0.214145383,0.312286689,0.381139489,0.3061282659188295,0.33280384377257466,86.33602902288065,0.5778693445026875,-8.893227942221332,8.121354222297668,1.937625078878047,"Ryan McMahon",15112,641857
"Giancarlo Stanton","NYY",77,281,24,36,66,0,0.103202846,0.34163701,0.321285141,0.338461538,0.273092369,0.35,0.59437751,0.3948756402580316,0.3662173825480878,157.68708286023326,-1.163234667852521,17.942224193516363,-8.763588905334473,1.928557230598583,"Giancarlo Stanton",4949,519317
"Jordan Westburg","BAL",85,352,17,59,41,1,0.048295454,0.227272727,0.192073171,0.301724137,0.265243902,0.3125,0.457317073,0.3320749026130546,0.3343765823929398,114.74215389000975,-1.3328270576894283,4.783295490195279,1.5304431319236755,1.8854503697255554,"Jordan Westburg",27815,676059
"Kyle Teel","CHW",78,297,8,38,35,3,0.124579124,0.259259259,0.138339921,0.360946745,0.272727272,0.375,0.411067193,0.34928126472073634,0.3446413246360985,124.89339324704478,-1.3148421570658684,7.399068924516429,0.7450977861881256,1.8790579622876904,"Kyle Teel",33549,691019
"Jake Mangum","TBR",118,428,3,37,40,27,0.044392523,0.14953271,0.071604938,0.345132743,0.296296296,0.330210772,0.367901234,0.3074701635005603,0.2835489787463641,95.46626208833395,3.674524201080203,1.3874894983674269,1.718306303024292,1.8248517857425939,"Jake Mangum",26202,663968
"Nathan Lukes","TOR",135,438,12,55,65,2,0.08675799,0.136986301,0.152061855,0.272727272,0.255154639,0.3225058,0.407216494,0.3169723537974146,0.3186434757008272,103.49786298601786,-1.3724702149629593,0.4332459220443765,2.280565023422241,1.819959212703825,"Nathan Lukes",18123,664770
"Francisco Alvarez","NYM",76,277,11,32,32,0,0.097472924,0.263537906,0.191056911,0.320987654,0.25609756,0.33935018,0.447154471,0.3429317134382062,0.33260136132636225,123.80544826258107,-1.009816724807024,6.805567583909298,1.7574836015701294,1.819128814934996,"Francisco Alvarez",26121,682626
"Myles Straw","TOR",137,299,4,51,32,12,0.06354515,0.16722408,0.104868914,0.308411214,0.262172284,0.3125,0.367041198,0.29904223585294354,0.29940880669487846,91.14647574319402,3.623668937012553,0.5036304972488495,6.789092540740967,1.798987095583426,"Myles Straw",17620,664702
"Mike Trout","LAA",130,556,26,73,64,2,0.15647482,0.320143884,0.206140351,0.310077519,0.23245614,0.358558558,0.438596491,0.3431537466311674,0.3684540636399213,119.75142681338025,-0.5287863612174988,12.414538164973473,-14.002213478088379,1.795369459559309,"Mike Trout",10155,545361
"Josh Smith","TEX",144,563,10,70,35,12,0.097690941,0.177619893,0.115151515,0.295336787,0.25050505,0.334525939,0.365656565,0.31112834688148977,0.3190083675247302,100.27388372736357,1.8811181597411633,2.0628567686072556,-4.187774658203125,1.7650514888342665,"Josh Smith",26396,669701
"Brandon Lowe","TBR",134,553,31,79,83,3,0.068716094,0.269439421,0.220907298,0.297297297,0.256410256,0.307414104,0.477317554,0.3343621486986893,0.3472622452755009,113.99114429708715,-1.7615967262536287,7.3574815129748234,-9.315632820129395,1.7469014139324897,"Brandon Lowe",18882,664040
"Victor Scott II","STL",138,463,5,54,37,34,0.090712742,0.23974082,0.08040201,0.284210526,0.216080402,0.304635761,0.296482412,0.27411075209413405,0.28919196339835107,75.5078097293788,5.874148452654481,-7.565961492940058,9.205174803733826,1.7439537720782263,"Victor Scott II",31349,687363
"Alec Bohm","PHI",120,504,11,53,59,2,0.057539682,0.162698412,0.122844827,0.323607427,0.286637931,0.331349206,0.409482758,0.32239461855755913,0.33241803902553846,104.82533217200427,-2.8190098721534014,0.06337491792509686,0.16434451937675476,1.7391210859183275,"Alec Bohm",21618,664761
"Spencer Horwitz","PIT",108,411,11,55,51,0,0.107055961,0.177615571,0.162087913,0.313167259,0.271978021,0.352798053,0.434065934,0.3435342260977117,0.3317841922535616,119.03362238535505,-0.3476873282343149,8.923972230013083,-5.703609466552734,1.7286958394290037,"Spencer Horwitz",26477,687462
"Miguel Rojas","LAD",114,317,7,35,27,5,0.075709779,0.14511041,0.134482759,0.29113924,0.262068965,0.318471337,0.396551724,0.3121508561765043,0.29683205389207407,99.92768179775628,0.847054336220026,0.8198836198181197,5.4786988496780396,1.7236217177761195,"Miguel Rojas",7802,500743
"Wenceel Pérez","DET",100,383,13,47,43,8,0.080939947,0.227154046,0.186046512,0.285140562,0.244186046,0.308093994,0.430232558,0.31809386105201265,0.31985188775523216,103.41598693082712,1.6442066505551338,3.1862179257331142,0.269273042678833,1.702174252679401,"Wenceel Perez",22857,672761
"Josh Jung","TEX",131,511,14,53,61,4,0.052837573,0.252446183,0.139004149,0.315634218,0.251037344,0.293542074,0.390041493,0.2979579804694816,0.3112244193009504,91.20131118833264,-1.584415078163147,-6.883628771719355,5.556367516517639,1.6635573516986455,"Josh Jung",26299,673962
"Austin Riley","ATL",102,447,16,54,54,2,0.060402684,0.286353467,0.168269231,0.336996336,0.259615384,0.308724832,0.427884615,0.318424928883266,0.3374457252399804,103.24553709201689,-1.5260131284594536,0.19343193969458605,1.1448217630386353,1.658691280972555,"Austin Riley",18360,663586
"Colt Keith","DET",137,468,13,65,45,1,0.102564102,0.217948717,0.157004831,0.306930693,0.256038647,0.333333333,0.413043478,0.3255416244204601,0.350505232555708,108.54647239341597,3.1846075020730495,7.89877839513364,-8.019242525100708,1.6356145520935075,"Colt Keith",27899,690993
"Edmundo Sosa","PHI",89,261,11,30,39,1,0.038314176,0.214559386,0.193415638,0.314606741,0.275720164,0.307392996,0.469135802,0.33199099367230783,0.3002638518810272,111.39915774596037,-1.0522935558110476,2.4739107933254694,4.735524892807007,1.6261664523657509,"Edmundo Sosa",17022,624641
"Luis Torrens","NYM",93,283,5,20,29,1,0.067137809,0.197879858,0.118773947,0.27,0.226053639,0.283687943,0.344827586,0.2776417647693174,0.3501773861283106,79.07973369331869,-0.8454207703471184,-7.862362174675139,13.949424505233765,1.5862306273359112,"Luis Torrens",15905,620443
"Oneil Cruz","PIT",135,544,20,62,61,38,0.117647058,0.319852941,0.178343949,0.262411347,0.199575371,0.297794117,0.37791932,0.29478162118682155,0.3334441911775383,85.63652013289894,5.754871541634202,-3.5060195189897616,0.8734859824180603,1.5826578030524672,"Oneil Cruz",21711,665833
"Yainer Diaz","HOU",143,567,20,56,70,1,0.035273368,0.1675485,0.160516605,0.276744186,0.256457564,0.283950617,0.416974169,0.30015097265749907,0.3395551068321214,91.88190392011954,-1.6694885771721601,-7.094614471148342,2.9637038111686707,1.5738982771471148,"Yainer Diaz",23003,673237
"Pedro Pagés","STL",112,389,11,38,45,0,0.048843187,0.275064267,0.132963989,0.292682926,0.229916897,0.272020725,0.362880886,0.2755867348088847,0.2640178340891893,76.51890535673009,-2.6887663640081882,-13.51461987340674,15.90619707107544,1.5690036884264598,"Pedro Pages",25782,686780
"Luke Keaschall","MIN",49,207,4,25,28,14,0.091787439,0.140096618,0.142857143,0.34,0.302197802,0.381642512,0.445054945,0.3626820203186809,0.32898981214145534,133.62393029265988,1.2896385435014963,9.4929914830037,-1.3785486072301865,1.5591053919526512,"Luke Keaschall",33321,807712
"Kerry Carpenter","DET",130,464,26,66,62,1,0.038793103,0.228448275,0.244803695,0.273927392,0.251732101,0.291304347,0.496535796,0.33451348607954773,0.3474122097617702,114.72685213121945,0.26512221433222294,8.318915557504331,-9.533637285232544,1.5095733520854298,"Kerry Carpenter",25961,681481
"Jared Triolo","PIT",107,376,7,41,24,13,0.103723404,0.202127659,0.129909366,0.273092369,0.226586102,0.310991957,0.356495468,0.2958116839008947,0.32053887972267725,86.34214621895569,2.1286892890930176,-3.957767030980178,6.0905667543411255,1.4982701868955295,"Jared Triolo",25807,669707
"Vinnie Pasquantino","KCR",160,682,32,72,113,1,0.071847507,0.156891495,0.21095008,0.271047227,0.264090177,0.322580645,0.475040257,0.3398104663965797,0.3451598442925347,115.60980051703578,-4.6120193507522345,7.935396813375107,-16.931190013885498,1.4811023185625276,"Vinnie Pasquantino",27676,686469
"Dominic Canzone","SEA",82,268,11,30,32,3,0.074626865,0.220149253,0.181069959,0.354285714,0.300411522,0.358208955,0.481481481,0.36261874125964605,0.3828500206790753,140.86973783480403,-1.2720671854913235,11.637426836711652,-6.408672332763672,1.4786588960388711,"Dominic Canzone",26438,686527
"Bo Naylor","CLE",123,414,14,46,47,1,0.108695652,0.239130434,0.183844011,0.222222222,0.194986072,0.282238442,0.378830083,0.28858633473551765,0.30200403218141725,84.52468223941526,-0.5574973542243242,-8.108636815677281,8.209354400634766,1.4680973395565649,"Bo Naylor",21865,666310
"Romy Gonzalez","BOS",96,341,9,47,53,6,0.052785923,0.237536656,0.177777778,0.378260869,0.304761904,0.343108504,0.482539682,0.35186136066913604,0.3582251219622857,122.73183436412653,-1.9625752102583647,7.173537247726749,-4.6704710721969604,1.456837266939746,"Romy Gonzalez",21562,663853
"Matt Shaw","CHC",126,437,13,57,44,17,0.086956521,0.215102974,0.167938931,0.262068965,0.226463104,0.295194508,0.394402035,0.3000826541018977,0.31121206721034617,92.9436743433649,1.646306850016117,-2.008414400582608,1.5555936396121979,1.4413978504164162,"Matt Shaw",33322,807713
"Evan Carter","TEX",63,220,5,31,25,14,0.086363636,0.186363636,0.144329897,0.29054054,0.24742268,0.336363636,0.391752577,0.32129226128260296,0.317342331420341,107.27542398827268,2.693240078166127,4.579725977381057,1.8118575811386108,1.428611420884478,"Evan Carter",27790,694497
"Javier Báez","DET",126,437,12,55,57,5,0.022883295,0.249427917,0.14148681,0.317725752,0.256594724,0.282110091,0.398081534,0.2933799858213565,0.27687288481613687,86.39152316600318,1.2613708581775427,-5.747749702573873,4.660006761550903,1.4274914360702802,"Javier Baez",12979,595879
"Nolan Schanuel","LAA",132,564,12,64,53,5,0.104609929,0.125886524,0.125,0.286063569,0.264344262,0.352941176,0.389344262,0.32701259369910085,0.33351840561242413,108.6323906181347,-1.2201289422810078,4.518164627829534,-10.11528131365776,1.4133233364167301,"Nolan Schanuel",33189,694384
"Kody Clemens","- - -",119,386,19,46,52,5,0.075129533,0.240932642,0.221264367,0.231092436,0.212643678,0.28125,0.433908045,0.3066799095965552,0.3406998995711042,95.06345515948595,1.5883231163024902,-0.6643822925802265,1.1605980368331075,1.409149277733798,"Kody Clemens",20572,665019
"Daylen Lile","WSN",91,351,9,51,41,8,0.059829059,0.159544159,0.199376947,0.335907335,0.29906542,0.346704871,0.498442367,0.360405582411583,0.35314784008998923,132.49464609512847,1.608221959322691,15.126243482693246,-13.050431728363037,1.407329359548761,"Daylen Lile",29995,695734
"Matt McLain","CIN",147,577,15,73,50,18,0.095320623,0.289428076,0.123529411,0.292168674,0.219607843,0.299651567,0.343137254,0.28649665659313,0.29413319136849186,76.96446873414527,3.407132303342223,-12.346048288606536,6.795814156532288,1.3964860409700597,"Matt McLain",29695,680574
"Ke'Bryan Hayes","- - -",152,570,5,50,49,12,0.063157894,0.194736842,0.070208729,0.288834951,0.235294117,0.289982425,0.305502846,0.26588957431450694,0.2874203850241268,64.87872475695353,-0.8831943944096565,-24.610003604771073,19.222529411315918,1.3893075510219368,"Ke'Bryan Hayes",18577,663647
"Mike Tauchman","CHW",93,385,9,44,40,0,0.116883116,0.223376623,0.137313433,0.327800829,0.262686567,0.355844155,0.4,0.3351602622440883,0.3242383400599162,115.16596309928401,-2.3630986846983433,4.518721160664415,-4.260082364082336,1.3821387441817183,"Mike Tauchman",15274,643565
"Michael Harris II","ATL",160,641,20,55,86,20,0.024960998,0.199687987,0.160392798,0.280851063,0.248772504,0.268445839,0.409165302,0.28865430508769535,0.32337431802358535,82.851702365906,2.0772860758006573,-10.950578877362792,2.9636553525924683,1.3650644483996364,"Michael Harris II",25931,671739
"Matt Wallner","MIN",104,392,22,47,40,4,0.117346938,0.290816326,0.261904762,0.227722772,0.202380952,0.311224489,0.464285714,0.33423137467126457,0.33504394375149854,114.02534523103958,-0.8727101441472769,5.60724802025884,-5.816518008708954,1.358914488020881,"Matt Wallner",26466,670242
"Joey Ortiz","MIL",149,506,7,62,45,14,0.053359683,0.146245059,0.087234042,0.259640102,0.229787234,0.276,0.317021276,0.2631502192020416,0.27803275954555456,66.60611864537773,2.543871134519577,-17.48293171206355,13.915241241455078,1.3576119731115726,"Joey Ortiz",25493,687401
"Lenyn Sosa","CHW",140,544,22,57,75,2,0.033088235,0.233455882,0.16988417,0.309139784,0.264478764,0.292817679,0.434362934,0.3125737317139712,0.33774881133751156,99.60694748581646,-0.5159004256129265,-0.7679129085144281,-4.759844064712524,1.3499949363651131,"Lenyn Sosa",22896,672820
"Miguel Vargas","CHW",138,569,16,80,60,6,0.098418277,0.175746924,0.166666666,0.260869565,0.234126984,0.316344463,0.40079365,0.31439264566491903,0.3271013447936152,100.85992923636091,-0.05717536434531212,0.5195214545855745,-6.913079261779785,1.3494436340628584,"Miguel Vargas",20178,678246
"Gavin Sheets","SDP",145,545,19,57,71,2,0.080733944,0.196330275,0.176829268,0.283783783,0.25203252,0.317431192,0.428861788,0.3230827439795522,0.34728933524381633,110.64586228243091,-1.5580359771847725,5.318529011911534,-10.287167727947235,1.3470494170854665,"Gavin Sheets",19901,657757
"Chase Meidroth","CHW",122,505,5,54,23,14,0.08910891,0.142574257,0.066666667,0.29144385,0.253333333,0.328685258,0.32,0.2935514285032493,0.3002842102050781,86.50319468655016,-1.0815234016627073,-9.11484098463015,4.885512590408325,1.345512134565449,"Chase Meidroth",31580,805367
"Cedric Mullins","- - -",133,498,17,58,59,22,0.100401606,0.240963855,0.174712643,0.253289473,0.216091954,0.298989898,0.390804597,0.3015061449522924,0.29140082448117643,94.13674240960768,3.0300708170980215,-0.4436174102217789,-3.437806662172079,1.3397519515388998,"Cedric Mullins",17929,656775
"Daniel Schneemann","CLE",131,422,12,48,41,9,0.090047393,0.277251184,0.147757256,0.262948207,0.205804749,0.282660332,0.353562005,0.28045916401204607,0.3076249994159315,78.92617847580267,1.0131391417235136,-9.468478751540518,8.004521369934082,1.3361814155420082,"Daniel Schneemann",25180,682177
"Ozzie Albies","ATL",157,667,16,74,74,14,0.08245877,0.140929535,0.12437811,0.259036144,0.240464344,0.305847076,0.364842454,0.2945410410264381,0.3038787611995835,86.88430580194277,2.1776133347302675,-8.190776602861021,-0.99379563331604,1.3310446515990084,"Ozzie Albies",16556,645277
"Joey Bart","PIT",93,332,4,21,30,1,0.120481927,0.280120481,0.09122807,0.356382978,0.249122807,0.355421686,0.340350877,0.3166347312999059,0.32627381474138745,100.60660335849975,-2.0367277171462774,-1.7980361367610085,3.6079097390174866,1.315436772286711,"Joey Bart",21524,663698
"Denzel Clarke","ATH",47,159,3,18,8,6,0.037735849,0.383647798,0.141891892,0.369047619,0.229729729,0.27388535,0.371621621,0.2811638747051263,0.25780159045176904,75.40763845685255,1.8033564649522305,-2.805253283389102,10.06278783082962,1.3024135059042277,"Denzel Clarke",29858,672016
"Davis Schneider","TOR",82,227,11,33,31,3,0.158590308,0.26431718,0.202127659,0.279661016,0.234042553,0.36123348,0.436170212,0.3511749143642476,0.3311650616481966,127.05872697840208,0.285262156277895,7.524715819326998,-2.640242099761963,1.299063891507089,"Davis Schneider",23565,676914
"Danny Jansen","- - -",98,337,14,38,36,0,0.12462908,0.255192878,0.184027778,0.252631578,0.215277777,0.321428571,0.399305555,0.31808197657976833,0.3063493358555125,103.08123936572649,-1.0497395303100348,0.18400601772245828,0.9640375971794128,1.2950039219333336,"Danny Jansen",16535,643376
"Luis Robert Jr.","CHW",110,431,14,52,53,33,0.092807424,0.259860788,0.141361256,0.274131274,0.222513089,0.297423887,0.363874345,0.289241316745866,0.32953311142763253,83.53411999668151,1.750258196145296,-6.614141761305227,4.279295563697815,1.278769735663295,"Luis Robert Jr.",20043,673357
"Jurickson Profar","ATL",80,371,14,56,43,9,0.129380053,0.159029649,0.188679246,0.261224489,0.245283018,0.35309973,0.433962264,0.34613171484913785,0.3320076550060137,122.22557653155958,-0.006197489798069,9.766650660197326,-9.841568946838379,1.255370956323935,"Jurickson Profar",10815,595777
"Heriberto Hernández","MIA",87,294,10,40,45,1,0.105442176,0.261904761,0.171875,0.335260115,0.265625,0.346938775,0.4375,0.34113205148249254,0.3395283320178724,117.93053907429874,-1.7958330530673265,4.452078642329292,-1.9894475936889648,1.2528544559043326,"Heriberto Hernandez",24878,681715
"Austin Hays","CIN",103,416,15,60,64,7,0.069711538,0.257211538,0.186842105,0.325757575,0.265789473,0.314903846,0.452631578,0.32672177060790686,0.3104163565286776,104.51996547783054,1.311043018475175,3.5395944131909767,-5.262074589729309,1.2400031969276215,"Austin Hays",19363,669720
"Jackson Holliday","BAL",149,649,17,70,55,17,0.086286594,0.215716486,0.133105802,0.290697674,0.242320819,0.314329738,0.375426621,0.3042718896895279,0.3213280256404433,95.58969877514491,-2.6081289164721966,-5.981666280329207,-4.313253045082092,1.2319845926605648,"Jackson Holliday",31781,702616
"Jo Adell","LAA",152,573,37,63,98,5,0.057591623,0.263525305,0.24904943,0.256637168,0.235741444,0.292982456,0.484790874,0.3325408399105072,0.3775101914766174,112.44059254643317,0.47250294499099255,8.874224090827429,-16.595943927764893,1.2276409900639123,"Jo Adell",20220,666176
"Marcell Ozuna","ATL",145,592,21,61,68,0,0.158783783,0.243243243,0.168377823,0.279635258,0.232032854,0.355329949,0.400410677,0.3340776355238236,0.36245246640259,113.9681445333606,-2.7548648566007614,7.04577956255736,-14.799382209777832,1.222120014092505,"Marcell Ozuna",10324,542303
"Tommy Edman","LAD",97,377,13,49,49,3,0.050397877,0.161803713,0.156069364,0.234657039,0.225433526,0.27393617,0.38150289,0.28409642139647867,0.32751385285892587,80.7094917400987,0.024904467165470123,-8.59453901675632,7.778307318687439,1.1999517757220004,"Tommy Edman",19470,669242
"Austin Hedges","CLE",70,180,5,13,10,1,0.1,0.238888888,0.116129032,0.183486238,0.161290322,0.25,0.277419354,0.2392774224281311,0.24997848510742188,50.557617866658234,-0.9741296693682671,-11.46338040290162,16.880714654922485,1.1880839909396836,"Austin Hedges",12976,595978
"Kyle Manzardo","CLE",142,531,27,47,70,2,0.09039548,0.254237288,0.221276595,0.265175718,0.234042553,0.312617702,0.455319148,0.3294161449984026,0.33053153313851313,112.65081053203048,-0.5016560032963753,7.415796147781305,-14.166430354118347,1.1791031930076126,"Kyle Manzardo",29794,700932
"Adley Rutschman","BAL",90,365,9,37,29,0,0.109589041,0.156164383,0.145962733,0.240310077,0.220496894,0.306849315,0.366459627,0.29792877729624917,0.3337347161279966,91.22016602936061,-1.4104430135339499,-5.187484391941773,3.9568269103765488,1.1593403299981249,"Adley Rutschman",26288,668939
"Kyle Isbel","KCR",135,409,4,42,33,4,0.056234718,0.180929095,0.097826087,0.307167235,0.255434782,0.30050505,0.353260869,0.2869579293812164,0.2586363975447838,79.20166569806034,-0.687291668727994,-10.713216343648439,7.6901246309280396,1.1308863628661368,"Kyle Isbel",21614,664728
"Tyler Stephenson","CIN",88,342,13,40,50,0,0.108187134,0.339181286,0.190635452,0.32183908,0.23076923,0.315789473,0.421404682,0.3193265329008578,0.3204807078344582,99.45398981694092,-1.0266852229833603,-1.2480054230735715,0.8221554756164551,1.1207383714716102,"Tyler Stephenson",17988,663886
"Christian Walker","HOU",154,640,27,72,88,2,0.0625,0.2765625,0.182905983,0.29090909,0.237606837,0.296875,0.42051282,0.31036424403645807,0.3221949426594288,98.91744435595207,-1.9390650670975447,-2.755652660779355,-8.41067385673523,1.1111375864125002,"Christian Walker",13419,572233
"Miguel Andujar","- - -",94,341,10,36,44,1,0.049853372,0.143695014,0.152647975,0.348484848,0.317757009,0.351906158,0.470404984,0.3538973501499961,0.30714273170606626,124.62885828351988,-2.562303075566888,7.379187027045248,-8.231640100479126,1.100674515043039,"Miguel Andujar",15878,609280
"Heliot Ramos","SFG",157,695,21,85,69,6,0.074820143,0.227338129,0.143548388,0.308724832,0.256451612,0.328057553,0.4,0.318876088267625,0.3293392807028982,106.41887827038718,-2.588196150958538,2.6991549475796006,-15.115594387054443,1.0957076648204862,"Heliot Ramos",22515,671218
"Ramón Urías","- - -",112,391,11,33,44,3,0.069053708,0.225063938,0.142045455,0.281368821,0.241477272,0.291560102,0.383522727,0.2918309205023529,0.29915245312436917,86.79509479905066,-1.668626818805933,-7.753963621773156,4.895125061273575,1.0843092259280631,"Ramon Urias",18795,602104
"Bryan Reynolds","PIT",154,654,16,68,73,3,0.087155963,0.264525993,0.156729132,0.319201995,0.245315161,0.318042813,0.402044293,0.3146605150257829,0.349404691918496,99.2542017197389,0.48780518397688866,-0.09028198719782354,-11.087283372879028,1.0828791857412248,"Bryan Reynolds",19326,668804
"Gabriel Arias","CLE",129,471,11,44,54,8,0.05732484,0.343949044,0.143518518,0.319391634,0.219907407,0.274468085,0.363425925,0.2776332849632702,0.29509795296675106,76.97953615359889,0.283420879393816,-12.495893438377848,6.8383469581604,1.079665447148855,"Gabriel Arias",22563,672356
"Jahmai Jones","DET",72,150,7,21,23,2,0.12,0.213333333,0.263565891,0.333333333,0.286821705,0.386666666,0.550387596,0.3988108642949354,0.40765314294187815,159.01890974601318,0.7744253389537334,11.20852586220094,-5.863292574882507,1.0750700099098087,"Jahmai Jones",18872,663330
"Alex Jackson","BAL",37,100,5,17,8,0,0.05,0.37,0.252747253,0.306122448,0.219780219,0.29,0.472527472,0.32725711703300475,0.29140640258789063,111.42336170267568,0.2359561324119568,1.5823325715574583,5.457010865211487,1.0723367629743,"Alex Jackson",17276,656577
"Noelvi Marte","CIN",90,360,14,45,51,10,0.044444444,0.236111111,0.185840708,0.309917355,0.262536873,0.3,0.448377581,0.3211678052941958,0.3126427511150917,100.71532062187597,1.1834048088639975,1.4886138904106425,-3.1307599544525146,1.0575754333777172,"Noelvi Marte",26517,682622
"Blaze Alexander","ARI",74,266,7,31,28,4,0.082706766,0.32330827,0.152173913,0.333333333,0.230434782,0.323193916,0.382608695,0.31340044510228554,0.3093690835653137,99.29029533222675,-1.0460074972361326,-1.2697525822688869,2.665300726890564,1.0483550461748852,"Blaze Alexander",23789,677942
"Nick Fortes","- - -",97,242,5,19,21,1,0.057851239,0.194214876,0.119266055,0.269461077,0.229357798,0.295833333,0.348623853,0.2860824043552081,0.2752790927886963,80.41164724203314,0.099512480199337,-5.510067351829069,7.4788790345191964,1.0371009274984093,"Nick Fortes",21538,663743
"Andrés Giménez","TOR",101,369,7,39,35,12,0.067750677,0.178861788,0.103343465,0.239382239,0.209726443,0.285326086,0.313069908,0.26894045556369034,0.31267924908080386,70.41048581817422,1.2016503028571606,-11.667111898448399,9.097540974617004,1.0364376819462353,"Andres Gimenez",19950,665926
"Jesús Sánchez","- - -",134,497,14,61,48,13,0.084507042,0.221327967,0.157427938,0.282674772,0.237250554,0.303822937,0.394678492,0.30433660637467136,0.33270152922599544,93.36182380308922,0.20565134100615978,-3.6743045196841813,-2.9163681268692017,1.036375942198465,"Jesus Sanchez",19913,660821
"Cam Smith","HOU",134,493,9,55,51,8,0.087221095,0.277890466,0.122448979,0.319865319,0.235827664,0.312373225,0.358276643,0.2978117181853397,0.30992370976879435,90.27047905751526,1.7529539782553911,-3.900462121426088,-2.9490482807159424,1.035179864079457,"Cam Smith",35108,701358
"Anthony Volpe","NYY",153,596,19,65,72,18,0.072147651,0.251677852,0.179962895,0.251989389,0.211502782,0.271500843,0.391465677,0.28633192176561534,0.30974456632720276,82.91537728484958,1.1349545903503895,-10.866233081076073,0.28804874420166016,1.016377405294611,"Anthony Volpe",27647,683011
"Jacob Young","WSN",120,364,2,34,31,15,0.074175824,0.178571428,0.055555556,0.282945736,0.231481481,0.295774647,0.287037037,0.264013409614563,0.3002161128662801,66.46290774755558,-0.019379548728466034,-14.4877958055378,12.231627821922302,1.0083709458271588,"Jacob Young",29931,696285
"Liam Hicks","MIA",119,390,6,37,45,2,0.11025641,0.143589743,0.099397591,0.278388278,0.246987951,0.346253229,0.346385542,0.31273318353549456,0.3181038200081169,98.4764012202611,-0.8097190521657467,-1.51397322503255,-1.6459323167800903,1.0044219382411343,"Liam Hicks",29844,689414
"Rob Refsnyder","BOS",70,209,9,29,30,3,0.114832535,0.258373205,0.214285714,0.330578512,0.269230769,0.354066985,0.483516483,0.3591034584320508,0.3470130700331468,127.72064448780624,-0.4494105353951454,6.379040256793208,-3.8400925993919373,0.9957049315358076,"Rob Refsnyder",13770,608701
"Royce Lewis","MIN",106,403,13,36,52,12,0.062034739,0.198511166,0.151595745,0.266666666,0.236702127,0.282878411,0.388297872,0.2915320652294396,0.3060209023449616,84.61138891739624,1.0781371649354696,-6.231184000426089,2.022990107536316,0.9885081485078983,"Royce Lewis",20437,668904
"Kyle Higashioka","TEX",94,327,11,33,47,3,0.061162079,0.220183486,0.161716172,0.279279279,0.240924092,0.290519877,0.402640264,0.3005201559547984,0.30347390981820915,92.96629799439975,-1.2980575170367956,-4.008900057544153,2.317108154296875,0.9783534509710818,"Kyle Higashioka",5517,543309
"Graham Pauley","MIA",62,184,4,18,11,2,0.114130434,0.195652173,0.142857143,0.262295081,0.223602484,0.311475409,0.366459627,0.3001943393483188,0.3063848943658214,89.88688970160203,-0.7104562763124704,-2.915904023526321,6.284334301948547,0.9710439753586302,"Graham Pauley",31363,688363
"Austin Martin","MIN",50,181,1,22,7,11,0.121546961,0.171270718,0.083333333,0.346774193,0.282051282,0.374301675,0.365384615,0.33281635205838933,0.34654314691128013,113.0505891082354,0.645093934610486,3.4291710855255584,-0.22242891788482666,0.9654339939087287,"Austin Martin",27462,668885
"Freddy Fermin","- - -",109,347,5,32,26,1,0.054755043,0.187319884,0.087774294,0.301204819,0.250783699,0.297058823,0.338557993,0.2804202034761772,0.2770427255069508,77.31664205501721,-1.7311635948717594,-11.031192816296198,8.629390854388475,0.9598961363840639,"Freddy Fermin",21840,666023
"Spencer Steer","CIN",146,568,21,66,75,7,0.089788732,0.227112676,0.172888016,0.27700831,0.237721021,0.312169312,0.410609037,0.315815327554363,0.30045708189619347,97.04870123388791,-0.4445736613124609,-2.4313808273474304,-7.090304851531982,0.9595171576118207,"Spencer Steer",26323,668715
"Austin Wynns","- - -",40,110,6,13,21,0,0.045454545,0.29090909,0.252427185,0.363636363,0.291262135,0.321100917,0.54368932,0.36528077858303665,0.3138393087124606,131.75097680892057,-0.19717715494334698,3.950875461608099,1.6471525393426418,0.9550609123587555,"Austin Wynns",15271,642851
"Alex Call","- - -",110,322,5,43,31,2,0.111801242,0.170807453,0.118518519,0.313084112,0.266666666,0.360759493,0.385185185,0.3314664688291429,0.3222872599577292,112.82532246310346,-1.441517997533083,3.4530951306893156,-4.984561264514923,0.9395318030960775,"Alex Call",19296,669743
"Nick Gonzales","PIT",96,408,5,39,30,0,0.051470588,0.178921568,0.102362205,0.306188925,0.259842519,0.299019607,0.362204724,0.28886351690572853,0.29970029413846555,81.58242837354327,-0.44555485248565674,-9.351637814901443,4.6208906173706055,0.9049845544250105,"Nick Gonzales",27490,693304
"Ty France","- - -",138,490,7,50,52,1,0.044897959,0.169387755,0.103603604,0.299719887,0.256756756,0.320408163,0.36036036,0.3018532001655282,0.3368555600525903,92.00466011942655,-2.8716300651431084,-7.489116041679342,-0.6521897315979004,0.8924493160418729,"Ty France",17982,664034
"Luis Arraez","SDP",154,675,8,66,61,11,0.05037037,0.031111111,0.1,0.289297658,0.291935483,0.32730015,0.391935483,0.3134299959891882,0.3028110394166706,104.03341947572119,-0.4627410043030977,2.7640539531683057,-16.563043117523193,0.8861673296855248,"Luis Arraez",18568,650333
"Rhys Hoskins","MIL",90,328,12,30,43,2,0.115853658,0.277439024,0.17921147,0.296703296,0.236559139,0.332317073,0.415770609,0.32435598439234165,0.32020962018908167,108.53403618407047,-1.0861632786691189,2.2314253166409426,-4.536741256713867,0.8807837421174182,"Rhys Hoskins",16472,656555
"Jordan Beck","COL",148,588,16,62,53,19,0.073129251,0.295918367,0.157699443,0.351428571,0.257884972,0.316865417,0.415584415,0.3189856100326096,0.309064264166845,90.44762839813002,-0.18317646905779839,-6.840240598897106,-4.1625285148620605,0.8760719826879715,"Jordan Beck",31431,687597
"Nolan Arenado","STL",107,436,12,48,52,3,0.064220183,0.112385321,0.139650873,0.241279069,0.23690773,0.288990825,0.376558603,0.2865840035180251,0.29395057660438517,84.05238809571821,-1.6550631914287806,-9.895995622926549,3.750366687774658,0.8555479200070524,"Nolan Arenado",9777,571448
"Miguel Amaya","CHC",28,103,4,14,25,0,0.038834951,0.213592233,0.21875,0.323943661,0.28125,0.31372549,0.5,0.3456735511620839,0.30893409953397866,124.17490503725807,-0.13906823098659515,2.8121152225778343,2.0575925707817078,0.8488862597888949,"Miguel Amaya",21693,665804
"Victor Caratini","HOU",114,386,12,35,46,1,0.059585492,0.168393782,0.145348837,0.282051282,0.25872093,0.323834196,0.404069767,0.3182932254255127,0.334403099951806,104.37942290403828,-2.135778957977891,-0.1433778943954367,-4.852864235639572,0.848019899903599,"Victor Caratini",14968,605170
"Lars Nootbaar","STL",135,583,13,68,48,4,0.109777015,0.204116638,0.127701375,0.278947368,0.233791748,0.324742268,0.361493123,0.3041559130416633,0.32354066944287024,96.08971123372274,-1.514578215777874,-4.21649264622931,-7.035472631454468,0.8335540474923663,"Lars Nootbaar",21454,663457
"Ezequiel Tovar","COL",95,390,9,44,33,5,0.053846153,0.251282051,0.147222223,0.321568627,0.252777777,0.294270833,0.4,0.3005124718571703,0.33023227072511047,77.79293465004093,-0.3171851448714733,-10.58197312436463,5.7005990743637085,0.8282941660078962,"Ezequiel Tovar",24064,678662
"Hyeseong Kim","LAD",71,170,3,19,17,13,0.04117647,0.305882352,0.105590062,0.396226415,0.279503105,0.313609467,0.385093167,0.3056512221076785,0.2593477463581153,95.47522343174936,1.6660216059535742,0.7543461436886096,1.5935818552970886,0.81897208362749,"Hyeseong Kim",35322,808975
"Jake Bauers","MIL",86,218,7,28,28,8,0.14678899,0.270642201,0.163934426,0.305084745,0.234972677,0.353211009,0.398907103,0.3328795608836934,0.36426381711606626,114.37296019969206,1.0515753254294395,4.765190710516245,-4.131884574890137,0.8069564790939596,"Jake Bauers",15194,641343
"Jeremiah Jackson","BAL",48,183,5,20,21,0,0.060109289,0.273224043,0.170588235,0.365217391,0.276470588,0.327868852,0.447058823,0.33550918330260315,0.2977749751164363,117.10790133397711,-1.0054289568215609,2.6845203644218056,-1.1442356407642365,0.8019770186639197,"Jeremiah Jackson",22239,669236
"Tyrone Taylor","NYM",113,341,2,34,27,12,0.046920821,0.2228739,0.096774193,0.286324786,0.222580645,0.27893175,0.319354838,0.26436372598012287,0.3049436296735491,69.98385009970679,2.542940717190504,-9.588253908070318,5.956337332725525,0.7893132223378053,"Tyrone Taylor",13675,621438
"Paul Goldschmidt","NYY",146,534,10,76,45,5,0.06741573,0.187265917,0.128834356,0.325459317,0.274028629,0.327683615,0.402862985,0.3161110693284314,0.3342434540959715,103.42911759869705,-2.5545121748000383,-0.39628969881812814,-10.318761587142944,0.7840574268498617,"Paul Goldschmidt",9218,502671
"Leo Rivas","SEA",48,111,2,19,9,6,0.18018018,0.216216216,0.088888889,0.3125,0.244444444,0.387387387,0.333333333,0.3334606622790431,0.2915606112093539,120.78382842463624,1.3838935177773237,4.102967987648695,-0.35555917769670486,0.7742642743962505,"Leo Rivas",21009,660844
"Nasim Nuñez","WSN",39,92,4,13,13,9,0.086956521,0.217391304,0.170731707,0.254237288,0.231707317,0.296703296,0.402439024,0.30391916927400525,0.3002634782057542,93.79963648736965,1.7638321314007044,1.087750424717262,3.3607900738716125,0.7683470669411198,"Nasim Nunez",25979,683083
"Lourdes Gurriel Jr.","ARI",129,546,19,52,80,10,0.056776556,0.139194139,0.17,0.253623188,0.248,0.294871794,0.418,0.3066032725376087,0.3197493553161621,94.63401352769503,-0.6849011704325676,-4.157354536036623,-6.577397808432579,0.7605082408962538,"Lourdes Gurriel Jr.",19238,666971
"Reese McGuire","CHC",45,140,9,17,24,0,0.028571428,0.192857142,0.218045113,0.212121212,0.225563909,0.244604316,0.443609022,0.2904465262838405,0.26560575944663833,86.34261688919167,-0.9647057373076677,-3.230861375673332,5.9606287479400635,0.7559067362542669,"Reese McGuire",15674,624512
"Carlos Cortes","ATH",42,99,4,11,14,0,0.03030303,0.202020202,0.234042553,0.347222222,0.308510638,0.323232323,0.542553191,0.3630533308693857,0.32732819065903174,131.81822021216703,-0.2620192263275385,3.4506277258370712,0.4645991325378418,0.7491793009558753,"Carlos Cortes",21842,666126
"Adolis García","TEX",135,547,19,58,75,13,0.051188299,0.246800731,0.16765286,0.266666666,0.226824457,0.270566727,0.394477317,0.2858046869655232,0.31540709329307626,82.82936211315248,1.4471184238791466,-9.622848688274011,-1.9160661697387695,0.7455419712738199,"Adolis Garcia",19287,666969
"James McCann","ARI",42,137,5,18,17,0,0.05839416,0.240875912,0.170731707,0.313953488,0.260162601,0.323529411,0.430894308,0.3283093313083929,0.3241406889522777,109.50336185463483,-0.23725100606679916,1.3058417727904046,1.314765140414238,0.7345250257795924,"James McCann",12859,543510
"Adam Frazier","- - -",134,459,7,43,44,8,0.05664488,0.176470588,0.097852029,0.3125,0.267303102,0.318777292,0.365155131,0.29973384960178745,0.2808579812970078,88.5631944045655,-1.2203992065042257,-7.439364502187267,-0.8812244683504105,0.7343389362691115,"Adam Frazier",15223,624428
"Nick Allen","ATL",135,416,0,32,22,8,0.07451923,0.237980769,0.029649596,0.298181818,0.221024258,0.284313725,0.250673854,0.24515945756552265,0.25206224789173143,53.05633301470826,-0.5045708399266005,-23.649963220967326,16.96232557296753,0.7320054496112469,"Nick Allen",22277,669397
"Luis García Jr.","WSN",139,526,16,67,66,14,0.051330798,0.159695817,0.159836065,0.26952141,0.25204918,0.288973384,0.411885245,0.299975863411313,0.34823567630680463,91.09834515432694,-0.9318477623164654,-6.481307448002228,-3.8754559755325317,0.7310930420289108,"Luis Garcia Jr.",20391,671277
"Joey Loperfido","TOR",41,104,4,12,14,1,0.038461538,0.259615384,0.166666667,0.43076923,0.333333333,0.378640776,0.5,0.3812407897514047,0.31543550213563787,147.7699833600577,-0.5446710903197527,5.310788715567437,-1.7523393630981445,0.7302826887687484,"Joey Loperfido",29630,694388
"Javier Sanoja","MIA",120,342,6,40,38,6,0.055555555,0.11988304,0.153354633,0.259259259,0.242811501,0.286982248,0.396166134,0.2944172633117473,0.2849614853675005,85.92940682522564,-0.233528895303607,-5.936914277938588,1.669739544391632,0.7277227724175455,"Javier Sanoja",28253,691594
"Casey Schmitt","SFG",95,348,12,34,40,0,0.077586206,0.238505747,0.163461538,0.281818181,0.237179487,0.305475504,0.400641025,0.30719878942291173,0.33374962779138817,98.41955301869663,-1.2918815650045872,-1.9437401371611214,-2.597338646184653,0.7201254190480577,"Casey Schmitt",27577,669477
"Yoán Moncada","LAA",84,289,12,39,35,0,0.110726643,0.25951557,0.213709678,0.282208588,0.233870967,0.335640138,0.447580645,0.33937309578888947,0.3341513178489765,117.14707793360716,-0.25782532058656216,5.58281603668338,-8.522359013557434,0.7168858440947674,"Yoan Moncada",17232,660162
"Chandler Simpson","TBR",109,441,0,53,26,44,0.045351473,0.097505668,0.050724638,0.327077747,0.29468599,0.325688073,0.345410628,0.29617459784953964,0.2997671382218462,87.6851696317996,6.478926412761211,0.07804769588812022,-8.250531673431396,0.7167187172046617,"Chandler Simpson",31912,802415
"Andruw Monasterio","MIL",68,135,4,19,16,2,0.051851851,0.237037037,0.166666667,0.333333333,0.269841269,0.318518518,0.436507936,0.3276468285807857,0.29403005529333043,110.78837028702253,-1.0142907835543156,0.7118802259846462,1.7446818947792053,0.7109323709303154,"Andruw Monasterio",19455,655316
"Ronny Mauricio","NYM",61,184,6,19,10,4,0.081521739,0.29347826,0.142857143,0.296296296,0.226190476,0.29347826,0.369047619,0.29006343298271053,0.2936698744968815,87.58897590154596,0.7227224428206682,-1.9838499499365176,2.7937240600585938,0.7092716595057115,"Ronny Mauricio",23698,677595
"Isiah Kiner-Falefa","- - -",138,459,2,45,40,15,0.037037037,0.167755991,0.071925754,0.314447592,0.262180974,0.297356828,0.334106728,0.2787496891315813,0.2657729035432118,74.82591581570927,1.5406745485961437,-12.148626640965897,3.6645805910229683,0.6982216942958169,"Isiah Kiner-Falefa",16512,643396
"Pavin Smith","ARI",87,288,8,36,28,2,0.142361111,0.319444444,0.176229508,0.376712328,0.258196721,0.362369337,0.434426229,0.3478144342665906,0.3265205596710418,122.86498466700075,-2.018850615248084,5.785874434049552,-8.561374306678772,0.6965016496814779,"Pavin Smith",19892,656976
"Carter Jensen","KCR",20,69,3,12,13,0,0.130434782,0.173913043,0.25,0.333333333,0.3,0.391304347,0.55,0.40273553392161493,0.46310831152874493,158.95652465401844,0.11923680081963539,4.913849602018108,-0.5136824175715446,0.6931576152362531,"Carter Jensen",29478,695600
"Starling Marte","NYM",98,329,9,37,34,7,0.0668693,0.20668693,0.13993174,0.318181818,0.269624573,0.335365853,0.409556313,0.3261936228813195,0.32639733999053394,112.33931793249997,-1.589100943878293,3.222407563769181,-7.52432382106781,0.6799109523951117,"Starling Marte",9241,516782
"Eli White","ATL",105,271,10,43,35,10,0.040590405,0.258302583,0.171875,0.282485875,0.234375,0.27037037,0.40625,0.28965039080403554,0.31972115048754973,83.53405311581214,1.507818004116416,-3.780897513834833,1.340465784072876,0.6729083474632038,"Eli White",19346,642201
"Dylan Beavers","BAL",35,137,4,16,14,2,0.189781021,0.262773722,0.172727273,0.3,0.227272727,0.375,0.4,0.3471219000570914,0.3505656017976649,125.1074673167621,-0.7291821409016848,3.324932711695623,-1.4812894985079765,0.6710374252652175,"Dylan Beavers",31695,687637
"Derek Hill","- - -",57,149,3,19,11,7,0.060402684,0.322147651,0.111940298,0.313253012,0.21641791,0.280821917,0.328358208,0.2716580923289469,0.317372201240226,70.37349442617185,1.8348013376817107,-3.3970344009373727,4.917305435985327,0.6637344408104604,"Derek Hill",16947,656537
"Bryce Johnson","SDP",55,84,1,9,8,4,0.035714285,0.226190476,0.092105263,0.446428571,0.342105263,0.382716049,0.434210526,0.35919275990238897,0.32860579314055266,135.38238449118396,0.3436763845384121,3.8662541490911124,-0.2284095287322998,0.6581674545211132,"Bryce Johnson",20002,669369
"Matt Thaiss","- - -",60,190,1,16,16,1,0.152631578,0.242105263,0.070512821,0.3,0.217948717,0.349206349,0.288461538,0.297863072188443,0.2943366030429272,89.10101644905134,-0.4979514293372631,-2.938638907032174,2.743200657889247,0.6490395046449253,"Matt Thaiss",19318,642136
"Colton Cowser","BAL",92,360,16,36,40,14,0.075,0.355555555,0.189602446,0.262295081,0.195718654,0.269444444,0.3853211,0.28534670427317077,0.30389289216622295,82.55284678992138,2.0012983419001102,-5.401563604085041,-0.6470476388931274,0.6487971727771569,"Colton Cowser",29591,681297
"Teoscar Hernández","LAD",134,546,25,65,89,5,0.047619047,0.245421245,0.207436399,0.282913165,0.246575342,0.284403669,0.454011741,0.3149013547722353,0.3313727659337661,101.8118617921333,-0.7704494073987007,0.40204806544715255,-12.228804111480713,0.6487825960110062,"Teoscar Hernandez",13066,606192
"Jasson Domínguez","NYY",123,429,10,58,47,23,0.095571095,0.268065268,0.131233596,0.338461538,0.257217847,0.331002331,0.388451443,0.31590064775163884,0.3109807165983681,103.28416604917238,3.0074665397405624,4.668028076393266,-13.177531719207764,0.6399825277069865,"Jasson Dominguez",28080,691176
"Mickey Moniak","COL",135,461,24,62,68,9,0.047722342,0.238611713,0.248847926,0.306930693,0.269585253,0.305856832,0.518433179,0.3476819134276846,0.35249458263122957,110.10551909965322,1.1726049482822418,6.694062762985782,-15.868014335632324,0.6308228602405,"Mickey Moniak",19956,666160
"Bryce Teodosio","LAA",50,150,1,12,7,7,0.033333333,0.313333333,0.101449276,0.29347826,0.20289855,0.248322147,0.304347826,0.24295037184785676,0.22821234376638527,50.72507189371714,1.5496050026267767,-7.16183265946025,8.0686674118042,0.6209662940823071,"Bryce Teodosio",29524,669326
"José Fermín","STL",30,70,1,5,9,2,0.114285714,0.142857142,0.133333333,0.326530612,0.283333333,0.376811594,0.416666666,0.35156026093856146,0.34007630831953406,128.5632140715182,-0.37502751499414444,1.9947049620420563,1.7095597609877586,0.6173013251030564,"Jose Fermin",21746,665877
"Max Kepler","PHI",127,474,18,58,52,3,0.101265822,0.196202531,0.175059952,0.232258064,0.215827338,0.300211416,0.39088729,0.30049652216282297,0.3404776092268463,89.82443189670877,0.5577740333974361,-5.158739193990458,-4.6346893310546875,0.6116999427350084,"Max Kepler",12144,596146
"Jonny DeLuca","TBR",20,59,0,5,4,6,0.033898305,0.220338983,0.122807017,0.431818181,0.333333333,0.355932203,0.45614035,0.34956548274573634,0.2648304114907475,124.4641521589786,1.536878751590848,3.2380763296255646,0.4124380350112915,0.581246366672546,"Jonny DeLuca",26365,676356
"Andrew Vaughn","- - -",112,447,14,35,65,0,0.06935123,0.178970917,0.157635468,0.279874213,0.253694581,0.307174887,0.411330049,0.31118821736943025,0.3564490502190697,99.10267207349575,-2.3928008433431387,-2.795641890976855,-6.628834366798401,0.5800772201390091,"Andrew Vaughn",26197,683734
"Drew Millas","WSN",18,55,0,6,7,2,0.072727272,0.127272727,0.142857143,0.357142857,0.306122448,0.358490566,0.448979591,0.35003083269551116,0.30867900488511574,125.38760888666343,0.8452491853386164,2.500175624654706,1.31807541847229,0.5778974052128523,"Drew Millas",25643,686452
"Michael Helman","TEX",38,110,5,18,20,4,0.063636363,0.19090909,0.222222222,0.246575342,0.232323232,0.289719626,0.454545454,0.31946360285037034,0.25801653282664644,106.01572962924448,0.8369388058781624,1.616865112396661,0.16217449307441711,0.5693542326840879,"Michael Helman",24605,680737
"Max Schuemann","ATH",101,213,2,20,13,7,0.103286384,0.164319248,0.076502732,0.231292517,0.196721311,0.295238095,0.273224043,0.2621942014921279,0.29715281895228796,62.34014049341528,0.11844011768698692,-9.33589242239615,7.4195396900177,0.5539568977731086,"Max Schuemann",24488,680474
"Willi Castro","- - -",120,454,11,58,33,10,0.088105726,0.244493392,0.139303482,0.285714285,0.226368159,0.313465783,0.365671641,0.3015598256503586,0.30897690764570657,92.25830125485467,0.5985460542142391,-3.587173396173947,-6.52266526222229,0.5514280470192621,"Willi Castro",17338,650489
"Connor Norby","MIA",88,337,8,42,34,8,0.053412462,0.267062314,0.138263666,0.324074074,0.250803858,0.299703264,0.389067524,0.30002827548839217,0.31652200789678664,89.7731306169225,-0.03854825533926487,-4.123310806054887,-1.7294986844062805,0.54847044388848,"Connor Norby",29592,681393
"Yordan Alvarez","HOU",48,199,6,17,27,1,0.140703517,0.165829145,0.157575758,0.295454545,0.272727272,0.36683417,0.43030303,0.3376218264864892,0.40220327475636275,117.69417282958428,-0.4930262230336666,3.6570484988984946,-5.173376560211182,0.5455870911826751,"Yordan Alvarez",19556,670541
"Salvador Perez","KCR",155,641,30,54,100,0,0.043681747,0.1950078,0.209380235,0.250564334,0.236180904,0.283699059,0.445561139,0.3105423916572643,0.36535687921171506,95.44811914512562,-4.776766465976834,-8.215681852652274,-8.675826907157898,0.5289010318104258,"Salvador Perez",7304,521692
"Thomas Saggese","STL",82,295,2,25,25,3,0.054237288,0.281355932,0.083636363,0.359375,0.258181818,0.299319727,0.341818181,0.282410042829254,0.28543767831431316,81.19309078892995,0.6218843851238489,-5.953689315257424,1.2794100046157837,0.5260636188932442,"Thomas Saggese",27883,695336
"Christian Koss","SFG",76,191,3,25,23,4,0.047120418,0.235602094,0.103448275,0.3359375,0.264367816,0.308510638,0.367816091,0.2966568330500988,0.3176241529748795,91.19797387298169,1.2719736956059933,-0.7205808841691232,-0.5977470278739929,0.5153608271793617,"Christian Koss",27653,683766
"Zach Cole","HOU",15,52,4,9,11,3,0.096153846,0.384615384,0.297872341,0.347826086,0.255319148,0.326923076,0.553191489,0.37317910217321837,0.31347087713388294,142.18824936978146,0.5371234342455864,3.1227596548356633,-0.35713251680135727,0.46606266086259257,"Zach Cole",31583,805904
"Alek Thomas","ARI",143,469,9,51,38,7,0.044776119,0.260127931,0.120092379,0.323529411,0.249422632,0.289416846,0.369515011,0.2871582959949584,0.29498456512252574,81.31357924365041,2.0175659488886595,-8.369506767597827,-2.7045111656188965,0.4636575709658809,"Alek Thomas",23792,677950
"J.C. Escarra","NYY",40,98,2,5,11,1,0.112244897,0.142857142,0.130952381,0.214285714,0.202380952,0.295918367,0.333333333,0.28048099547016375,0.304558734504544,78.88489312249484,0.25897903367877007,-2.1799094027425467,3.256266951560974,0.4552062043539558,"J.C. Escarra",20084,641555
"Marcelo Mayer","BOS",44,136,4,20,10,0,0.058823529,0.301470588,0.173228347,0.301204819,0.228346456,0.272058823,0.401574803,0.289704144877546,0.27563953399658203,79.91405455055694,-0.17329837381839752,-3.3929120395986176,3.0373761653900146,0.4425126439897525,"Marcelo Mayer",29668,691785
"Amed Rosario","- - -",63,191,6,20,23,1,0.036649214,0.162303664,0.160220995,0.303448275,0.276243093,0.308900523,0.436464088,0.32146490119514665,0.3416897773742676,106.05292426976979,1.099779848009348,2.466284385917234,-4.544507630169392,0.4414693664671096,"Amed Rosario",15518,642708
"Brenton Doyle","COL",138,538,15,57,57,18,0.055762081,0.256505576,0.143426294,0.288951841,0.233067729,0.274253731,0.376494023,0.28211541017934455,0.3071309064657947,65.19035574944472,1.2834004517644644,-20.912668553527514,7.260985016822815,0.4348343967257243,"Brenton Doyle",25479,686668
"Johan Rojas","PHI",71,172,1,23,18,12,0.075581395,0.232558139,0.065789474,0.289473684,0.22368421,0.279761904,0.289473684,0.2539217546582222,0.27445511590866817,57.919218307022824,2.006576331332326,-6.571826797053184,5.08186399936676,0.4331166442602922,"Johan Rojas",24336,679032
"Blake Perkins","MIL",54,171,3,25,19,7,0.087719298,0.274853801,0.122580645,0.304761904,0.225806451,0.298245614,0.348387096,0.2869299726876599,0.27786319957059974,82.89601454220178,1.0746013522148132,-2.3918701544625107,0.9335876405239105,0.4329535239634607,"Blake Perkins",19921,663368
"Sal Stewart","CIN",18,58,5,11,8,0,0.051724137,0.258620689,0.290909091,0.257142857,0.254545454,0.293103448,0.545454545,0.3547003300025545,0.41158756456877055,123.68617845634446,0.17260797880589962,1.8008433926954168,0.4714013338088989,0.4299348404427622,"Sal Stewart",31505,701398
"Mark Vientos","NYM",121,463,17,44,61,1,0.064794816,0.248380129,0.179245283,0.277027027,0.233490566,0.289416846,0.412735849,0.3034837439044763,0.32505692879530573,96.7823204814547,-0.3913019374012947,-2.1570062709500473,-9.17655062675476,0.41667702803762263,"Mark Vientos",22184,668901
"Brayan Rocchio","CLE",115,383,5,34,44,8,0.057441253,0.201044386,0.10755814,0.280898876,0.232558139,0.290237467,0.340116279,0.2781366221508439,0.2965747288295201,77.32626630544114,-0.6484844442456961,-10.88363865162055,1.555272102355957,0.394225641115695,"Brayan Rocchio",23690,677587
"Dominic Smith","SFG",63,225,5,26,33,2,0.066666666,0.186666666,0.132352941,0.329192546,0.284313725,0.333333333,0.416666666,0.3253579076131185,0.3116296018872942,110.85913297798827,-0.3298107497394085,2.5660113309876627,-6.288473844528198,0.38513770325966873,"Dominic Smith",15653,642086
"Andy Ibáñez","DET",91,193,4,24,21,4,0.062176165,0.134715025,0.113636364,0.258503401,0.238636363,0.300518134,0.352272727,0.2892441866929049,0.310605902420847,83.54252592280376,-0.9652383662760258,-4.70886961333494,1.8256389200687408,0.38460841540941176,"Andy Ibanez",18819,628451
"Brett Harris","ATH",32,84,0,11,5,1,0.083333333,0.25,0.068493151,0.37735849,0.273972602,0.34939759,0.342465753,0.31061057872082815,0.29014527654073324,95.69237085231916,-0.20025622844696045,-0.6267278798690261,1.4887488633394241,0.38397955466628886,"Brett Harris",29788,695391
"Joey Wiemer","MIA",27,61,3,7,12,0,0.032786885,0.37704918,0.2,0.322580645,0.236363636,0.278688524,0.436363636,0.29685533146063486,0.3160512606302897,87.59956191572145,-0.02480119653046131,-0.9213234395590759,2.5484222173690796,0.37414156540508997,"Joey Wiemer",27690,686894
"Luisangel Acuña","NYM",95,193,0,30,8,16,0.067357512,0.191709844,0.04,0.294964028,0.234285714,0.293193717,0.274285714,0.2575873495396519,0.2771491395666244,65.34181430906148,4.126183228567243,-3.8017017216926767,1.0313435047864914,0.3736087747070386,"Luisangel Acuna",26548,682668
"Elias Díaz","SDP",106,283,9,34,29,0,0.074204946,0.261484098,0.133333333,0.25,0.203921568,0.269784172,0.337254901,0.2691817435858061,0.27166187633167616,73.72194355132103,-3.472396219149232,-12.286413192781888,6.51485063508153,0.3729448928691084,"Elias Diaz",11680,553869
"Ben Williamson","SEA",85,295,1,36,21,5,0.050847457,0.216949152,0.057761733,0.325471698,0.252707581,0.293515358,0.310469314,0.2690158878983898,0.27150770888705433,76.39023510768256,-0.14301839470863342,-8.351942740782608,1.8417994976043701,0.372696181482039,"Ben Williamson",33197,810938
"Kyren Paris","LAA",44,140,6,20,11,7,0.071428571,0.421428571,0.19047619,0.295081967,0.19047619,0.26618705,0.38095238,0.2832342917970616,0.2793973839801291,78.4751567784055,1.336259100586176,-2.2154763284245753,1.0107892751693726,0.3697188047452659,"Kyren Paris",26420,677347
"Garrett Mitchell","MIL",25,78,0,9,3,3,0.089743589,0.32051282,0.088235295,0.318181818,0.205882352,0.285714285,0.294117647,0.2609935820876778,0.29210088160130887,65.12875286438002,0.8811062294989824,-2.342606159209838,3.2892175912857056,0.36239416031553706,"Garrett Mitchell",27555,669003
"Tyler Tolbert","KCR",64,57,1,19,6,21,0.017543859,0.192982456,0.1,0.325,0.28,0.321428571,0.38,0.30546492657491137,0.3110065119607108,91.95044346679042,2.745377032086253,2.2045985712390896,-0.7939314544200897,0.3450394852980791,"Tyler Tolbert",25779,686475
"Dominic Fletcher","CHW",12,34,1,5,2,1,0.058823529,0.058823529,0.25,0.206896551,0.21875,0.264705882,0.46875,0.31065678070573244,0.29973512537339153,98.28643167540156,0.2549192290753126,0.18625146323611158,1.9961468279361725,0.34300876082563275,"Dominic Fletcher",26149,666150
"Kameron Misner","TBR",71,217,5,27,22,8,0.073732718,0.31797235,0.131979695,0.296,0.213197969,0.273148148,0.345177664,0.2715268184741338,0.24684370888604057,70.70623682811436,0.1529201790690422,-7.33924726322374,3.147763267159462,0.3352674500049473,"Kameron Misner",26374,670224
"Jake Rogers","DET",49,142,3,14,19,0,0.105633802,0.274647887,0.146341464,0.240963855,0.186991869,0.276595744,0.333333333,0.27025995820972093,0.2773953431041528,70.46500137844589,0.09997485019266605,-4.8431078236419935,3.1561341285705566,0.3274173222307929,"Jake Rogers",19452,668670
"Nate Eaton","BOS",41,90,1,16,4,9,0.066666666,0.211111111,0.086419753,0.370967741,0.296296296,0.348314606,0.382716049,0.3222697049044491,0.3018008028523306,102.34725013339678,0.7671695314347744,1.0161552610980227,-0.9182575345039368,0.3269276126352428,"Nate Eaton",25055,681987
"Brooks Lee","MIN",139,527,16,50,64,3,0.058823529,0.174573055,0.133470226,0.2578125,0.23613963,0.284629981,0.369609856,0.28562926838927294,0.29382081004654886,80.54517307796851,-2.9371009804308414,-15.02109666672954,0.0770113468170166,0.3267256512973289,"Brooks Lee",31595,686797
"Eric Haase","MIL",30,77,2,11,9,0,0.051948051,0.402597402,0.128571429,0.378378378,0.228571428,0.289473684,0.357142857,0.28615184128284454,0.2778100716440301,82.36296950512192,0.5425817836076021,-1.0669901729409792,1.6744991689920425,0.32429532751190937,"Eric Haase",14111,606992
"Ryan Fitzgerald","MIN",24,53,4,10,9,1,0.132075471,0.150943396,0.260869566,0.147058823,0.195652173,0.301886792,0.456521739,0.3283412568974045,0.3501438360947829,109.9678635258945,0.3702758625149727,0.9929352322407432,0.31667758896946907,0.32061541284750267,"Ryan Fitzgerald",24622,680837
"Luke Maile","KCR",25,54,1,6,6,1,0.129629629,0.296296296,0.111111111,0.357142857,0.244444444,0.346153846,0.355555555,0.3161717985685055,0.3512446833591835,99.32600689374522,-0.11055289395153522,-0.15344938707627853,1.3602049350738525,0.3136130648926664,"Luke Maile",13355,571912
"Brandon Lockridge","- - -",67,148,0,17,11,10,0.054054054,0.243243243,0.067164179,0.31,0.231343283,0.275862068,0.298507462,0.25446486719723405,0.2692914765456627,62.551448565308306,1.8962540477514267,-4.672620145728616,2.7549734711647034,0.30765339615003967,"Brandon Lockridge",21496,663604
"Carlos Santana","- - -",124,474,11,49,54,7,0.109704641,0.191983122,0.106024096,0.25236593,0.219277108,0.308016877,0.325301204,0.2843584098221132,0.2941336485598606,81.67153940818149,-0.9525351021438837,-11.208979913221926,-2.1575577557086945,0.29928314481016016,"Carlos Santana",2396,467793
"Jake Fraley","- - -",76,217,6,31,23,4,0.115207373,0.225806451,0.141361256,0.294117647,0.240837696,0.331797235,0.382198952,0.3155755875287233,0.3197079969006915,97.37764634479267,-0.26513633131980896,-0.9395792523134074,-3.360357344150543,0.298819599225213,"Jake Fraley",19260,641584
"Jose Trevino","CIN",94,302,4,30,22,0,0.049668874,0.129139072,0.113475177,0.259259259,0.237588652,0.272425249,0.351063829,0.27077616805650073,0.28054484049479167,66.1954285141201,-3.0089716725051403,-15.108726872114843,7.96747612953186,0.29749243631312317,"Jose Trevino",16725,624431
"Ha-Seong Kim","- - -",48,191,5,19,17,6,0.083769633,0.204188481,0.111111111,0.271317829,0.233918128,0.303664921,0.345029239,0.28826026173786345,0.3008143040522231,82.38697485441735,0.5560951996594667,-3.4144713732449006,-0.15181851387023926,0.29623123824661424,"Ha-Seong Kim",27506,673490
"Gavin Lux","CIN",140,503,5,49,53,1,0.111332007,0.226640159,0.105381166,0.350609756,0.269058295,0.349900596,0.374439461,0.3223411711025428,0.30186647449288645,101.51911393615171,-0.0513311680406332,0.8543024565663426,-14.727112770080566,0.2930560172091351,"Gavin Lux",19955,666158
"Moisés Ballesteros","CHC",20,66,2,12,11,0,0.136363636,0.181818181,0.175438596,0.348837209,0.298245614,0.393939393,0.47368421,0.3735985700900738,0.3416765653170072,143.30444107424483,-0.7157395705580711,2.671692375168207,-2.024183264002204,0.29093933211641143,"Moises Ballesteros",28820,694208
"Miles Mastrobuoni","SEA",76,175,1,20,12,6,0.097142857,0.165714285,0.046052631,0.300813008,0.25,0.323529411,0.296052631,0.2818815371569465,0.3260500078370585,85.25289940330613,-0.8008164428174496,-3.8425226660198035,0.572713166475296,0.28167427556140656,"Miles Mastrobuoni",20017,670156
"Alex Freeland","LAD",29,97,2,10,6,1,0.113402061,0.360824742,0.119047619,0.29787234,0.19047619,0.291666666,0.309523809,0.272898751621445,0.26071621974309284,73.03872782605603,0.1172433402389288,-2.9823614305711557,2.4930626451969147,0.2801663610719634,"Alex Freeland",31665,690976
"Rafael Marchán","PHI",42,118,2,9,13,0,0.084745762,0.144067796,0.095238095,0.229885057,0.209523809,0.282051282,0.304761904,0.263574089249994,0.26394239246335804,64.53137792240194,-0.7780469302088022,-5.7384906885045135,4.429660618305206,0.2678106600928326,"Rafael Marchan",21646,665561
"Christian Vázquez","MIN",65,214,3,14,14,1,0.084112149,0.163551401,0.084210526,0.214285714,0.189473684,0.271028037,0.27368421,0.24838403396517317,0.27104719999794646,54.888324933047926,-1.339943215250969,-12.718188758530363,7.922287881374359,0.26286432390772774,"Christian Vazquez",9774,543877
"DJ LeMahieu","NYY",45,142,2,13,12,0,0.098591549,0.246478873,0.0703125,0.351648351,0.265625,0.338028169,0.3359375,0.3035298271078459,0.30116991624764516,94.76237066800353,-1.540186995640397,-2.416775314966266,-0.02164638042449951,0.25053478757167535,"DJ LeMahieu",9874,518934
"Taylor Walls","TBR",101,317,4,36,38,14,0.082018927,0.220820189,0.09929078,0.271028037,0.219858156,0.280254777,0.319148936,0.264914351473948,0.26158761216428716,66.15115577384425,0.5942099038511515,-12.052445390474073,3.586660221219063,0.25007678130528777,"Taylor Walls",22458,670764
"Coby Mayo","BAL",85,294,11,30,28,3,0.091836734,0.285714285,0.171102661,0.273809523,0.216730038,0.299319727,0.387832699,0.302706112464269,0.29296260990508616,94.51109344164621,0.8518216032534838,-1.0501575074505816,-6.878320753574371,0.22406152063406515,"Coby Mayo",28312,691723
"Yohel Pozo","STL",67,168,5,16,19,0,0.041666666,0.13095238,0.14375,0.23880597,0.23125,0.261904761,0.375,0.2751217260956764,0.27556915742805205,76.20035943345715,-1.1006642151623964,-5.83952429311668,2.3954721689224243,0.21957121192095258,"Yohel Pozo",18848,650968
"Trevor Larnach","MIN",142,567,17,62,60,4,0.093474426,0.215167548,0.153081511,0.294594594,0.250497017,0.323321554,0.403578528,0.3165665356614066,0.3201125936305269,101.85669871858447,-2.040335590019822,-0.7995490562820622,-16.582778930664062,0.21811244567242905,"Trevor Larnach",21501,663616
"Parker Meadows","DET",58,213,4,22,16,4,0.098591549,0.262910798,0.115183246,0.28030303,0.214659685,0.291079812,0.329842931,0.2767189746731324,0.29985112963982347,74.9143761005999,0.2729770131409168,-6.024652171559507,0.7906294940039515,0.21451774238351518,"Parker Meadows",23800,678009
"Andrew Knizner","SFG",33,88,1,12,5,0,0.079545454,0.113636363,0.077922078,0.23880597,0.22077922,0.298850574,0.298701298,0.2702585835566466,0.2872880080650593,73.11432399970614,-0.5825775880366564,-3.386705617605962,2.542645514011383,0.2132301502769664,"Andrew Knizner",19514,668800
"Sam Haggerty","TEX",64,182,2,31,13,12,0.087912087,0.203296703,0.117283951,0.31707317,0.253086419,0.327777777,0.37037037,0.3072531489686593,0.31058211245779266,97.60440490897624,1.3866547904908657,0.8727799235760418,-5.1971845626831055,0.19842466306580736,"Sam Haggerty",18054,664059
"Dylan Crews","WSN",85,322,10,43,27,17,0.074534161,0.236024844,0.14334471,0.246376811,0.208191126,0.279503105,0.351535836,0.2793295931371843,0.32015790311520376,76.95498603049687,1.6143278740346432,-7.180494107221353,-1.6143871545791626,0.19639353526811698,"Dylan Crews",33541,686611
"Christian Moore","LAA",53,184,7,20,16,3,0.103260869,0.336956521,0.172839506,0.265957446,0.197530864,0.284153005,0.37037037,0.28815408580290164,0.2941351510136505,81.86421875274638,0.20137777738273144,-3.7316468567568664,-0.7047285437583923,0.1940111295487288,"Christian Moore",34979,695681
"Korey Lee","CHW",26,40,1,10,3,0,0.1,0.175,0.171428571,0.296296296,0.257142857,0.333333333,0.428571428,0.33259315215624297,0.26230738713191104,113.39757703020553,-0.08770498260855675,0.5439193158982686,-0.14354708418250084,0.18181262323384348,"Korey Lee",25543,686676
"Troy Johnston","MIA",44,121,4,12,13,2,0.066115702,0.214876033,0.142857143,0.329268292,0.276785714,0.330578512,0.419642857,0.3278500447588519,0.35702721277872723,108.83193731798208,-1.2990982066839933,-0.032509666780335955,-2.2334186509251595,0.180100760863994,"Troy Johnston",26143,687859
"Nacho Alvarez Jr.","ATL",58,208,2,18,15,0,0.057692307,0.235576923,0.095744681,0.304347826,0.234042553,0.296116504,0.329787234,0.27902551212357085,0.27046799891203355,76.2556695225663,-1.6467779148370028,-7.500302799221274,2.317779242992401,0.17788021966434303,"Nacho Alvarez Jr.",31765,805373
"Andrew Benintendi","CHW",116,470,20,57,63,1,0.085106382,0.174468085,0.19047619,0.25,0.24047619,0.307036247,0.43095238,0.31687932070623887,0.3310102237168179,102.57290661205502,0.6165054142475128,2.0417665925197173,-16.49739980697632,0.1759898295478941,"Andrew Benintendi",17901,643217
"Luke Raley","SEA",73,219,4,23,19,2,0.08675799,0.292237442,0.109289617,0.284482758,0.202185792,0.319444444,0.311475409,0.2905239509763541,0.3201768663194444,91.20633485347011,0.22627085633575916,-2.0435240330011277,-3.782087802886963,0.17511819786438565,"Luke Raley",19354,670042
"Brewer Hicklen","DET",1,4,0,2,0,1,0.25,0.25,0,1,0.666666666,0.75,0.666666666,0.6140771061182022,0.38087427616119385,307.30776770561243,0.42568076215684414,1.403026315437569,0.12187620624899864,0.17010156516361738,"Brewer Hicklen",20450,676551
"Nathan Church","STL",27,65,1,9,8,1,0.046153846,0.276923076,0.071428572,0.236842105,0.178571428,0.253968253,0.25,0.2315857902405754,0.25289456806485616,46.37684325279874,0.32575858756899834,-3.8052865409893286,3.2739296182990074,0.16692217377553967,"Nathan Church",31357,701675
"Ildemaro Vargas","ARI",38,121,3,12,19,0,0.016528925,0.123966942,0.113043478,0.285714285,0.269565217,0.291666666,0.382608695,0.2924014503757159,0.29243809382120767,84.90530861482208,-1.6364167835563421,-3.801147174353214,1.3577861785888672,0.16194717736290976,"Ildemaro Vargas",13324,545121
"Paul DeJong","WSN",57,208,6,18,23,4,0.052884615,0.336538461,0.14507772,0.316666666,0.227979274,0.269230769,0.373056994,0.27778633855856383,0.2643305521744948,75.89780701292511,0.5446599740535021,-5.397086269419573,0.0456809401512146,0.16060150075966315,"Paul DeJong",18015,657557
"C.J. Kayfus","CLE",44,138,4,16,19,4,0.079710144,0.275362318,0.195121951,0.280487804,0.219512195,0.291970802,0.414634146,0.30578848436801104,0.33303682647482324,96.37459935529473,1.5181356687098742,0.9284675211186041,-4.109706401824951,0.1604503399655979,"C.J. Kayfus",33704,692216
"Tommy Pham","PIT",120,449,10,44,52,5,0.111358574,0.20935412,0.125,0.293515358,0.244897959,0.32962138,0.369897959,0.30759944656504645,0.32845708486196157,94.41714273948875,-4.180226227268577,-7.1511880490832365,-6.253942131996155,0.15706741865320317,"Tommy Pham",2967,502054
"Tomás Nido","DET",11,37,0,4,2,0,0,0.27027027,0,0.48,0.342857142,0.361111111,0.342857142,0.3141988433069653,0.2702024777730306,100.73285497175458,-0.5017856862396002,-0.4698267483720848,0.5296114683151245,0.13640254339150945,"Tomas Nido",13755,621512
"David Hamilton","BOS",91,194,6,27,19,22,0.067010309,0.242268041,0.135593221,0.233870967,0.197740112,0.256544502,0.333333333,0.260240543575187,0.26592016969051663,59.617682246669105,2.4248820655047894,-6.808600777533215,1.4188873767852783,0.13168510462121769,"David Hamilton",27531,666152
"Tim Anderson","LAA",31,90,0,8,3,1,0.033333333,0.322222222,0.036144578,0.314814814,0.204819277,0.258426966,0.240963855,0.22866021515278334,0.21809391493207952,40.88111773523878,0.13586901873350143,-6.1351959300479795,4.3088096380233765,0.13004927548806997,"Tim Anderson",15172,641313
"John Rave","KCR",72,175,4,18,14,7,0.102857142,0.262857142,0.111111111,0.25,0.196078431,0.283236994,0.307189542,0.2665252547732667,0.30747229553932365,65.12636082438425,0.3944820389151573,-6.798482070244358,1.9761310815811157,0.1228298514679686,"John Rave",26284,670231
"Luis Urías","ATH",96,330,8,27,25,2,0.093939393,0.136363636,0.108013938,0.244725738,0.229965156,0.314984709,0.337979094,0.2930744314047904,0.3039178644116136,83.61237523163348,-0.655890516936779,-7.029750603369062,-3.1502352952957153,0.12046869213411682,"Luis Urias",16622,649966
"Tyler Fitzgerald","SFG",72,243,4,19,14,9,0.069958847,0.288065843,0.110599079,0.298611111,0.216589861,0.278481012,0.32718894,0.2687346812038985,0.24733766322397482,72.0704018792264,0.6431474443525076,-7.400724831320584,0.43527260422706604,0.1146186465173706,"Tyler Fitzgerald",26208,666149
"Brice Matthews","HOU",13,47,4,6,9,1,0.042553191,0.425531914,0.285714286,0.166666666,0.166666666,0.222222222,0.452380952,0.28671287960476344,0.3159609707919034,82.62490451757965,0.4234755001962185,-0.5390176172701355,0.024545013904571533,0.11286121583471695,"Brice Matthews",33280,694728
"Ryan Ritter","COL",60,207,1,22,18,3,0.048309178,0.29468599,0.096256684,0.349206349,0.240641711,0.295566502,0.336898395,0.27990804076782,0.24770648373758852,63.678236713336304,0.4026280324906111,-8.50847520215018,2.7206685543060303,0.11254777459436446,"Ryan Ritter",31500,690022
"Tristan Gray","TBR",30,86,3,9,9,0,0.069767441,0.220930232,0.17948718,0.263157894,0.23076923,0.282352941,0.41025641,0.2981736477683572,0.36103508893181296,89.06224030927746,-0.015618495643138885,-1.1242811119560232,-0.7723079025745392,0.10878170506738583,"Tristan Gray",19877,656484
"Jhonny Pereda","- - -",30,78,0,4,4,0,0.102564102,0.269230769,0.086956522,0.354166666,0.246376811,0.324675324,0.333333333,0.2954530088932483,0.26132436232133344,86.81626322201457,-0.2281378787010908,-1.4401464774852857,-0.27027542889118195,0.09965902340726904,"Jhonny Pereda",19802,640902
"Oswaldo Cabrera","NYY",34,122,1,17,11,0,0.090163934,0.204918032,0.06542056,0.304878048,0.242990654,0.322314049,0.308411214,0.2861701476672464,0.2852069760157057,82.8039371626484,-0.2681506834924221,-2.7407937488626066,-0.5124746561050415,0.0967410048587988,"Oswaldo Cabrera",21707,665828
"Drew Gilbert","SFG",39,109,3,12,13,1,0.064220183,0.183486238,0.16,0.205128205,0.19,0.247706422,0.35,0.2600275584317129,0.27168594150368225,66.1057427583675,0.12936200574040413,-4.249354466365087,1.5582274198532104,0.0957446920648875,"Drew Gilbert",31545,687551
"Brian Navarreto","MIA",8,15,1,3,5,0,0,0.2,0.357142857,0.272727272,0.285714285,0.266666666,0.642857142,0.36157435178756714,0.36233332951863606,131.9341722096328,-0.09394429437816143,0.47378476957716587,-0.04698362946510315,0.0947332449201264,"Brian Navarreto",16398,640459
"Liover Peguero","PIT",33,88,4,9,8,4,0.068181818,0.284090909,0.1625,0.235294117,0.2,0.272727272,0.3625,0.2806989665735852,0.2521995414387096,75.98944882329555,0.7498270776122808,-1.7544305634925728,-0.3271205276250839,0.08661933529288457,"Liover Peguero",24273,678894
"Jerar Encarnacion","SFG",19,56,2,5,7,1,0.017857142,0.267857142,0.163636363,0.236842105,0.2,0.214285714,0.363636363,0.24672220328024455,0.3045088563646589,56.9911465781012,0.11778190173208714,-2.7367841565209208,1.705605685710907,0.08514448606110528,"Jerar Encarnacion",21871,666464
"Richie Palacios","TBR",17,48,1,10,3,4,0.104166666,0.1875,0.119047619,0.393939393,0.333333333,0.395833333,0.452380952,0.368857445816199,0.3596559365590413,137.7536635439842,1.1434600949287415,3.2793207388290013,-4.1237282156944275,0.08262598753822989,"Richie Palacios",24589,680700
"Enmanuel Valdez","PIT",31,102,2,7,12,0,0.107843137,0.156862745,0.153846154,0.232876712,0.208791208,0.294117647,0.362637362,0.2898457307441562,0.3388379040886374,82.25527644095841,-0.937185276299715,-3.0823646648644454,0.47016823291778564,0.07998941315826888,"Enmanuel Valdez",21716,665839
"Curtis Mead","- - -",90,264,3,26,19,5,0.056818181,0.238636363,0.0875,0.302857142,0.233333333,0.299242424,0.320833333,0.27813454672242655,0.29187987400935245,75.57056765806338,0.7222802508622408,-6.879054826764796,-1.4366698265075684,0.0788042183822385,"Curtis Mead",23986,678554
"Kevin Alcántara","CHC",10,12,0,2,1,1,0.083333333,0.333333333,0,0.571428571,0.363636363,0.416666666,0.363636363,0.35176000495751697,0.43554139137268066,128.34432162807332,0.15961768245324492,0.5627443413995075,-0.22681042656768113,0.07522316119761971,"Kevin Alcantara",25971,682634
"Petey Halpin","CLE",6,8,0,5,0,0,0.25,0.25,0,0.5,0.333333333,0.5,0.333333333,0.39347565174102783,0.27412426471710205,156.77900739123916,0.10470626503229141,0.6400717364537336,-0.20769650861620903,0.07240730356981473,"Petey Halpin",27931,690984
"Brett Sullivan","PIT",3,9,0,1,2,0,0.111111111,0.333333333,0,0.25,0.166666666,0.333333333,0.166666666,0.25513235065672135,0.3821984397040473,58.47549469539943,0.2145302500575781,-0.2284059570818897,0.6292338389903307,0.07164939677442869,"Brett Sullivan",18217,664954
"Bobby Dalbec","CHW",7,21,0,2,1,0,0.142857142,0.285714285,0.055555555,0.333333333,0.222222222,0.333333333,0.277777777,0.28445785953885033,0.25707454681396485,80.23897534084027,0.02653738483786583,-0.46256674479230775,0.42534269392490387,0.0701375187522916,"Bobby Dalbec",19966,666915
"Zach Dezenzo","HOU",34,109,2,17,10,1,0.100917431,0.339449541,0.122448979,0.372881355,0.244897959,0.321100917,0.367346938,0.30560725817986584,0.3289584238594825,95.64053482276493,0.4994628634303808,-0.060594208786586945,-3.0199650526046753,0.06863521333002717,"Zach Dezenzo",31562,701305
"Trey Lipscomb","WSN",3,4,0,1,0,0,0,0.25,0,0.666666666,0.5,0.5,0.5,0.44120290875434875,0.14024999737739563,187.84341308976465,-0.039619144052267075,0.3768313663765982,0.14379000756889582,0.06688372121791127,"Trey Lipscomb",31567,702358
"George Valera","CLE",16,48,2,7,5,0,0.145833333,0.270833333,0.195121951,0.269230769,0.219512195,0.333333333,0.414634146,0.3298148140311241,0.2734179399451431,112.92543870905168,-0.08527610916644335,0.6459624847158565,-1.6532297432422638,0.0659633937156289,"George Valera",22541,671655
"Nick Loftin","KCR",67,188,4,17,20,1,0.074468085,0.143617021,0.148809524,0.223021582,0.208333333,0.278074866,0.357142857,0.2785112249022499,0.303472170265772,73.38304708838294,-0.4127668756991625,-6.310549483288902,0.46980929374694824,0.06441198961228628,"Nick Loftin",27630,679845
"Rowdy Tellez","- - -",112,312,17,34,49,1,0.054487179,0.266025641,0.214532872,0.255208333,0.228373702,0.275641025,0.442906574,0.3072449572575398,0.3380587039849697,100.63824575784206,-1.698116209357977,-1.4634151197749876,-8.64936888217926,0.06396199717964046,"Rowdy Tellez",15679,642133
"Ryne Nelson","ARI",34,1,0,1,1,0,0,0,0,1,1,1,1,0.8824058175086975,0.15800000727176666,489.0772746985124,-0.0009048208594322205,0.46023228648091,0.12231098115444183,0.06300587649233116,"Ryne Nelson",26253,669194
"Josh Bell","WSN",140,533,22,54,63,0,0.106941838,0.165103189,0.179487179,0.246537396,0.237179487,0.324577861,0.416666666,0.3238837330188966,0.3699266549312707,107.47600471492413,-6.1079865749925375,-1.3852798042039565,-15.735138416290283,0.06291737904577777,"Josh Bell",13145,605137
"Blake Dunn","CIN",30,75,1,10,7,1,0.106666666,0.333333333,0.083333333,0.235294117,0.15,0.32,0.233333333,0.27231518030166624,0.31437332153320313,67.24970139684136,-0.17772220633924007,-3.08891342936085,1.172920286655426,0.05930065798198941,"Blake Dunn",29487,694362
"Steward Berroa","MIL",2,6,0,0,0,1,0.166666666,0.333333333,0,0,0,0.166666666,0,0.11524946490923564,0.16041616598765054,-34.71065454777884,0.19339832849800587,-0.764561731454954,1.069130515679717,0.05158765702680916,"Steward Berroa",22766,672642
"Vidal Bruján","- - -",61,95,0,14,8,2,0.063157894,0.221052631,0.057471264,0.328358208,0.252873563,0.305263157,0.310344827,0.2750705718994141,0.26443444302207547,74.71086779911431,0.7243403444299474,-2.1256765784279805,-0.5325796445831656,0.05156288006181452,"Vidal Brujan",20536,660644
"Owen Caissie","CHC",12,27,1,4,4,0,0.037037037,0.407407407,0.153846154,0.285714285,0.192307692,0.222222222,0.346153846,0.24548209155047382,0.24309248394436306,55.540533036258985,0.240779347717762,-1.181949775042922,0.747918039560318,0.04751218615209854,"Owen Caissie",27496,683357
"Zack Short","HOU",22,56,2,9,7,0,0.071428571,0.321428571,0.16,0.3,0.22,0.29090909,0.38,0.2953403798016635,0.23345957669344816,88.56806653131926,0.329417459666729,-0.42511910452199464,-1.085687279701233,0.042614946131681264,"Zack Short",19562,670097
"Victor Mesa Jr.","MIA",16,38,1,7,6,0,0.131578947,0.131578947,0.15625,0.192307692,0.1875,0.297297297,0.34375,0.28772732051643163,0.349688787718077,81.34658086122609,0.31508539617061615,-0.5250247914840285,-0.32490313914604485,0.042409308293497074,"Victor Mesa Jr.",25999,683748
"José Tena","WSN",50,169,0,19,16,3,0.088757396,0.218934911,0.111842105,0.318965517,0.243421052,0.313609467,0.355263157,0.2955702917110285,0.3095165390566171,88.08038685601943,0.07526683434844017,-2.312231464505588,-2.975733458995819,0.034320266136482334,"Jose Tena",23691,677588
"Vimael Machín","BAL",4,12,1,1,1,0,0.083333333,0.166666666,0.272727273,0,0.09090909,0.166666666,0.363636363,0.22740764915943146,0.29395808776219684,42.64080000866867,-0.006601674482226372,-0.8178557775731705,0.7352541796863079,0.03380368279761808,"Vimael Machin",17684,605353
"Owen Miller","COL",9,17,0,0,1,1,0.117647058,0.235294117,0,0.2,0.142857142,0.294117647,0.142857142,0.22765257428674138,0.2681427001953125,27.88156163293369,0.2954488340765238,-1.1576308847645338,0.9146501868963242,0.03301500029824842,"Owen Miller",24655,680911
"Esteury Ruiz","LAD",19,23,1,2,2,4,0.086956521,0.347826086,0.142857143,0.25,0.19047619,0.260869565,0.333333333,0.26380895790846454,0.25830409837805707,66.8119268040181,0.8502630237489939,-0.05443591536029313,-0.40253274142742157,0.03154781286400848,"Esteury Ruiz",21780,665923
"Logan Porter","SFG",5,9,0,2,1,0,0.111111111,0.222222222,0,0.2,0.142857142,0.333333333,0.142857142,0.25513235065672135,0.2051984601550632,62.7523680021421,0.028455058112740517,-0.36886032761034926,0.3641780875623226,0.030160636417500976,"Logan Porter",20626,682515
"Ryan Bliss","SEA",11,39,1,1,3,2,0.102564102,0.282051282,0.114285714,0.260869565,0.2,0.282051282,0.314285714,0.26839278141657513,0.3153843023838141,75.96100037123288,-0.5027360655367374,-1.6077139161597496,0.5399200916290283,0.02807962353176078,"Ryan Bliss",29547,669208
"Luken Baker","STL",19,41,0,3,2,0,0.170731707,0.243902439,0.088235294,0.333333333,0.235294117,0.365853658,0.323529411,0.3172738610244379,0.3296214545645365,105.07592747640113,-0.1287931278347969,0.117863886840194,-1.2425696849822998,0.02450932304570666,"Luken Baker",21497,663609
"César Salazar","HOU",11,16,0,0,1,0,0.125,0.125,0,0.272727272,0.23076923,0.375,0.23076923,0.2970312237739563,0.30039268732070923,89.73282566640476,-0.04929628036916256,-0.24291328354768135,-0.07300067320466042,0.024017861961437712,"Cesar Salazar",21587,663967
"Kenedy Corona","HOU",3,4,0,0,0,0,0.5,0.25,0,0,0,0.5,0,0.3457483947277069,0.3749985098838806,123.29226156571917,-0.013203348964452744,0.09660724095726234,-0.025866210460662842,0.021322646064947035,"Kenedy Corona",26244,685744
"Austin Slater","- - -",65,160,5,22,13,1,0.06875,0.31875,0.155405405,0.29347826,0.216216216,0.270440251,0.371621621,0.2801097980085409,0.34738514377812674,77.60017416467028,-0.13957213051617146,-4.36370138852072,-0.9374624490737915,0.021022729766470877,"Austin Slater",16153,596103
"Hayden Senger","NYM",33,78,0,8,4,0,0.038461538,0.282051282,0.013888889,0.25490196,0.180555555,0.22077922,0.194444444,0.1900981293096171,0.2669322026240361,19.109527991627665,-0.2653365582227707,-7.743348908275126,5.34942102432251,0.02061518208209248,"Hayden Senger",21489,663584
"Griffin Conine","MIA",24,86,2,13,8,0,0.081395348,0.290697674,0.164556962,0.346153846,0.253164556,0.313953488,0.417721518,0.3184311875077181,0.3092613885569018,102.37971718959389,-0.7884666882455349,-0.5459073468717518,-2.1362909078598022,0.018356793878329586,"Griffin Conine",21626,665052
"Gustavo Campero","LAA",28,66,3,9,8,4,0.075757575,0.212121212,0.172413793,0.170731707,0.172413793,0.272727272,0.344827586,0.2770132837873517,0.3296568610451438,74.18973717287915,0.9447013400495052,-1.0630454369168838,-1.0330581367015839,0.017944102112436064,"Gustavo Campero",22707,672569
"Akil Baddoo","DET",7,18,0,0,1,1,0.055555555,0.277777777,0.05882353,0.166666666,0.117647058,0.166666666,0.176470588,0.15698943535486856,0.2713054021199544,-7.562822828300156,0.18602297233883291,-2.095933053181671,1.6503371000289917,0.017792247451981127,"Akil Baddoo",22168,668731
"Luis Rengifo","LAA",147,541,9,55,43,10,0.060998151,0.192236598,0.097804391,0.281329923,0.23752495,0.287037037,0.335329341,0.2748252503297947,0.30499307285011035,72.68248280800341,-0.5241220761090517,-17.942634596307954,-0.50629723072052,0.017433327814789318,"Luis Rengifo",19858,650859
"Omar Narváez","CHW",4,10,0,1,3,0,0.2,0.1,0,0.285714285,0.285714285,0.4,0.285714285,0.31478052139282225,0.3090994119644165,101.12712230961687,0.05618660897016525,0.06947106026568844,-0.26374832913279533,0.015335387389494349,"Omar Narvaez",13338,553882
"Tim Tawa","ARI",74,225,7,29,18,8,0.088888888,0.284444444,0.145728643,0.251908396,0.201005025,0.2735426,0.346733668,0.2730466036518593,0.293825338552664,71.64661615523484,0.9647472761571407,-6.596294214672094,-0.7461509853601456,0.014768171048078968,"Tim Tawa",29571,694374
"Kyle Karros","COL",43,156,1,20,9,0,0.096153846,0.262820512,0.05109489,0.30927835,0.226277372,0.307692307,0.277372262,0.2679782314942433,0.26138086626606605,55.505933697114465,-0.7470142487436533,-8.973624109113572,3.9174400866031647,0.013777025641843799,"Kyle Karros",33252,691720
"Tyler Black","MIL",5,13,0,1,1,0,0.384615384,0.076923076,0.125,0.285714285,0.25,0.538461538,0.375,0.4301382303237915,0.4278065608097957,180.9982766143894,-0.44912736490368843,0.7988690468217639,-1.1036628633737564,0.01307310549022576,"Tyler Black",29949,672012
"Stuart Fairchild","ATL",28,55,0,7,2,2,0.072727272,0.272727272,0.117647059,0.305555555,0.215686274,0.272727272,0.333333333,0.2664092627438632,0.28138160705566406,67.61313295766442,-0.31726711615920067,-2.4284498901750697,0.6900982856750488,0.009387414552703269,"Stuart Fairchild",20321,656413
"Will Benson","CIN",90,253,12,31,41,2,0.063241106,0.264822134,0.208695652,0.25477707,0.226086956,0.272727272,0.434782608,0.2984120226095593,0.3634355030362568,85.1268776547246,-0.7865897752344608,-5.2464051192317775,-3.115701377391815,0.0057675338548722754,"Will Benson",21853,666181
"David Bañuelos","BAL",1,2,0,0,0,0,0,0.5,0,0,0,0.5,0,0.3611442744731903,0.3611445128917694,134.76695628462525,-0.006601674482226372,0.07535215315759512,-0.10802468657493591,0.003699667608378856,"David Banuelos",23250,675915
"Chad Wallach","LAA",1,0,0,0,0,0,0,0,0,0,0,0,0,0,,,0,0,0.02943248674273491,0.0030113117356633332,"Chad Wallach",17161,595453
"Colby Thomas","ATH",49,132,6,20,19,2,0.053030303,0.371212121,0.191666666,0.308823529,0.225,0.267175572,0.416666666,0.2913371397338751,0.28789898821415794,82.41562001520589,0.036569252610206604,-2.6991628455786554,-1.8154885172843933,0.002898125639298685,"Colby Thomas",31855,687515
"Justyn-Henry Malloy","DET",52,127,1,15,17,0,0.157480314,0.251968503,0.086538461,0.301369863,0.221153846,0.346456692,0.307692307,0.30094138421411587,0.29569472665861835,91.60028754421164,0.24399852193892002,-1.0133066878002865,-3.3295532017946243,0.002868351623175225,"Justyn-Henry Malloy",29606,669234
"Ali Sánchez","- - -",12,23,0,2,0,0,0,0.260869565,0.086956522,0.294117647,0.217391304,0.217391304,0.304347826,0.22395790919013644,0.2669130537820899,40.71521731664928,-0.07449574582278728,-1.7279235222365557,0.9412657897919416,0.0005035507767144343,"Ali Sanchez",18551,645305
"Adam Ottavino","NYY",3,0,0,0,0,0,0,0,0,0,0,0,0,0,,,0,0,0,0,"Adam Ottavino",1247,493603
"Clayton Kershaw","LAD",23,0,0,0,0,0,0,0,0,0,0,0,0,0,,,0,0,0,0,"Clayton Kershaw",2036,477132
"Kenley Jansen","LAA",62,0,0,0,0,0,0,0,0,0,0,0,0,0,,,0,0,0,0,"Kenley Jansen",3096,445276
"Max Scherzer","TOR",17,0,0,0,0,0,0,0,0,0,0,0,0,0,,,0,0,0,0,"Max Scherzer",3137,453286
"T.J. McFarland","ATH",27,0,0,0,0,0,0,0,0,0,0,0,0,0,,,0,0,0,0,"T.J. McFarland",3237,519008
"Liam Hendriks","BOS",14,0,0,0,0,0,0,0,0,0,0,0,0,0,,,0,0,0,0,"Liam Hendriks",3548,521230
"Justin Wilson","BOS",61,0,0,0,0,0,0,0,0,0,0,0,0,0,,,0,0,0,0,"Justin Wilson",4301,458677
"Charlie Morton","- - -",33,0,0,0,0,0,0,0,0,0,0,0,0,0,,,0,0,0,0,"Charlie Morton",4676,450203
"Rich Hill","KCR",2,0,0,0,0,0,0,0,0,0,0,0,0,0,,,0,0,0,0,"Rich Hill",4806,448179
"Jesse Chavez","ATL",4,0,0,0,0,0,0,0,0,0,0,0,0,0,,,0,0,0,0,"Jesse Chavez",5448,445926
"Ryan Brasier","CHC",28,0,0,0,0,0,0,0,0,0,0,0,0,0,,,0,0,0,0,"Ryan Brasier",5615,518489
"Huascar Brazobán","NYM",52,0,0,0,0,0,0,0,0,0,0,0,0,0,,,0,0,0,0,"Huascar Brazoban",6107,623211
"Albert Suárez","BAL",5,0,0,0,0,0,0,0,0,0,0,0,0,0,,,0,0,0,0,"Albert Suarez",6175,544150
"Robert Stock","BOS",2,0,0,0,0,0,0,0,0,0,0,0,0,0,,,0,0,0,0,"Robert Stock",6576,476594
"Carlos Carrasco","- - -",11,0,0,0,0,0,0,0,0,0,0,0,0,0,,,0,0,0,0,"Carlos Carrasco",6632,471911
"Craig Kimbrel","- - -",14,0,0,0,0,0,0,0,0,0,0,0,0,0,,,0,0,0,0,"Craig Kimbrel",6655,518886
"Martín Pérez","CHW",11,0,0,0,0,0,0,0,0,0,0,0,0,0,,,0,0,0,0,"Martin Perez",6902,527048
"Luis García","- - -",58,0,0,0,0,0,0,0,0,0,0,0,0,0,,,0,0,0,0,"Luis Garcia",6984,472610
"Ryan Pressly","CHC",44,0,0,0,0,0,0,0,0,0,0,0,0,0,,,0,0,0,0,"Ryan Pressly",7005,519151
"Fernando Cruz","NYY",49,0,0,0,0,0,0,0,0,0,0,0,0,0,,,0,0,0,0,"Fernando Cruz",7048,518585
"Hunter Strickland","LAA",19,0,0,0,0,0,0,0,0,0,0,0,0,0,,,0,0,0,0,"Hunter Strickland",7836,519326
"David Robertson","PHI",20,0,0,0,0,0,0,0,0,0,0,0,0,0,,,0,0,0,0,"David Robertson",8241,502085
"Justin Verlander","SFG",29,0,0,0,0,0,0,0,0,0,0,0,0,0,,,0,0,0,0,"Justin Verlander",8700,434378
"Wade Miley","CIN",3,0,0,0,0,0,0,0,0,0,0,0,0,0,,,0,0,0,0,"Wade Miley",8779,489119
"Kirby Yates","LAD",50,0,0,0,0,0,0,0,0,0,0,0,0,0,,,0,0,0,0,"Kirby Yates",9073,489446
"Nathan Eovaldi","TEX",22,0,0,0,0,0,0,0,0,0,0,0,0,0,,,0,0,0,0,"Nathan Eovaldi",9132,543135
"Casey Kelly","ARI",2,0,0,0,0,0,0,0,0,0,0,0,0,0,,,0,0,0,0,"Casey Kelly",9174,543391
"Patrick Corbin","TEX",31,0,0,0,0,0,0,0,0,0,0,0,0,0,,,0,0,0,0,"Patrick Corbin",9323,571578
"Miles Mikolas","STL",31,0,0,0,0,0,0,0,0,0,0,0,0,0,,,0,0,0,0,"Miles Mikolas",9803,571945
"Tyler Matzek","NYY",7,0,0,0,0,0,0,0,0,0,0,0,0,0,,,0,0,0,0,"Tyler Matzek",10058,554431
"Brooks Raley","NYM",30,0,0,0,0,0,0,0,0,0,0,0,0,0,,,0,0,0,0,"Brooks Raley",10061,548384
"Caleb Thielbar","CHC",67,0,0,0,0,0,0,0,0,0,0,0,0,0,,,0,0,0,0,"Caleb Thielbar",10078,573204
"Kyle Gibson","BAL",4,0,0,0,0,0,0,0,0,0,0,0,0,0,,,0,0,0,0,"Kyle Gibson",10123,502043
"Shelby Miller","- - -",48,0,0,0,0,0,0,0,0,0,0,0,0,0,,,0,0,0,0,"Shelby Miller",10197,571946
"Aroldis Chapman","BOS",67,0,0,0,0,0,0,0,0,0,0,0,0,0,,,0,0,0,0,"Aroldis Chapman",10233,547973
"Zack Wheeler","PHI",24,0,0,0,0,0,0,0,0,0,0,0,0,0,,,0,0,0,0,"Zack Wheeler",10310,554430
"Erasmo Ramírez","MIN",9,0,0,0,0,0,0,0,0,0,0,0,0,0,,,0,0,0,0,"Erasmo Ramirez",10314,541640
"Michael Tonkin","MIN",21,0,0,0,0,0,0,0,0,0,0,0,0,0,,,0,0,0,0,"Michael Tonkin",10315,543859
"Scott Alexander","- - -",21,0,0,0,0,0,0,0,0,0,0,0,0,0,,,0,0,0,0,"Scott Alexander",10591,518397
"Chris Sale","ATL",21,0,0,0,0,0,0,0,0,0,0,0,0,0,,,0,0,0,0,"Chris Sale",10603,519242
"Jacob deGrom","TEX",30,0,0,0,0,0,0,0,0,0,0,0,0,0,,,0,0,0,0,"Jacob deGrom",10954,594798
"Casey Lawrence","- - -",6,0,0,0,0,0,0,0,0,0,0,0,0,0,,,0,0,0,0,"Casey Lawrence",11121,596271
"Merrill Kelly","- - -",32,0,0,0,0,0,0,0,0,0,0,0,0,0,,,0,0,0,0,"Merrill Kelly",11156,518876
"Tommy Kahnle","DET",66,0,0,0,0,0,0,0,0,0,0,0,0,0,,,0,0,0,0,"Tommy Kahnle",11384,592454
"Jose Quintana","MIL",24,0,0,0,0,0,0,0,0,0,0,0,0,0,,,0,0,0,0,"Jose Quintana",11423,500779
"Drew Pomeranz","CHC",57,0,0,0,0,0,0,0,0,0,0,0,0,0,,,0,0,0,0,"Drew Pomeranz",11426,519141
"Robbie Ray","SFG",32,0,0,0,0,0,0,0,0,0,0,0,0,0,,,0,0,0,0,"Robbie Ray",11486,592662
"José Ureña","- - -",19,0,0,0,0,0,0,0,0,0,0,0,0,0,,,0,0,0,0,"Jose Urena",11589,570632
"Jameson Taillon","CHC",23,0,0,0,0,0,0,0,0,0,0,0,0,0,,,0,0,0,0,"Jameson Taillon",11674,592791
"Luke Jackson","- - -",52,0,0,0,0,0,0,0,0,0,0,0,0,0,,,0,0,0,0,"Luke Jackson",11752,592426
"Héctor Neris","- - -",35,0,0,0,0,0,0,0,0,0,0,0,0,0,,,0,0,0,0,"Hector Neris",11804,593576
"Taijuan Walker","PHI",34,0,0,0,0,0,0,0,0,0,0,0,0,0,,,0,0,0,0,"Taijuan Walker",11836,592836
"Chris Martin","TEX",49,0,0,0,0,0,0,0,0,0,0,0,0,0,,,0,0,0,0,"Chris Martin",11847,455119
"Jason Adam","SDP",65,0,0,0,0,0,0,0,0,0,0,0,0,0,,,0,0,0,0,"Jason Adam",11861,592094
"Kyle Hendricks","LAA",31,0,0,0,0,0,0,0,0,0,0,0,0,0,,,0,0,0,0,"Kyle Hendricks",12049,543294
"Scott McGough","- - -",13,0,0,0,0,0,0,0,0,0,0,0,0,0,,,0,0,0,0,"Scott McGough",12056,543518
"Yimi García","TOR",22,0,0,0,0,0,0,0,0,0,0,0,0,0,,,0,0,0,0,"Yimi Garcia",12095,554340
"Chris Bassitt","TOR",32,0,0,0,0,0,0,0,0,0,0,0,0,0,,,0,0,0,0,"Chris Bassitt",12304,605135
"Jacob Barnes","TOR",6,0,0,0,0,0,0,0,0,0,0,0,0,0,,,0,0,0,0,"Jacob Barnes",12323,606930
"Seth Lugo","KCR",26,0,0,0,0,0,0,0,0,0,0,0,0,0,,,0,0,0,0,"Seth Lugo",12447,607625
"Blake Treinen","LAD",32,0,0,0,0,0,0,0,0,0,0,0,0,0,,,0,0,0,0,"Blake Treinen",12572,595014
"Adrian Houser","- - -",21,0,0,0,0,0,0,0,0,0,0,0,0,0,,,0,0,0,0,"Adrian Houser",12718,605288
"Nick Martinez","CIN",40,0,0,0,0,0,0,0,0,0,0,0,0,0,,,0,0,0,0,"Nick Martinez",12730,607259
"Rafael Montero","- - -",59,0,0,0,0,0,0,0,0,0,0,0,0,0,,,0,0,0,0,"Rafael Montero",12760,606160
"Chris Devenski","NYM",13,0,0,0,0,0,0,0,0,0,0,0,0,0,,,0,0,0,0,"Chris Devenski",12763,606965
"Sonny Gray","STL",32,0,0,0,0,0,0,0,0,0,0,0,0,0,,,0,0,0,0,"Sonny Gray",12768,543243
"John Brebbia","- - -",22,0,0,0,0,0,0,0,0,0,0,0,0,0,,,0,0,0,0,"John Brebbia",12777,605154
"Michael Kelly","ATH",42,0,0,0,0,0,0,0,0,0,0,0,0,0,,,0,0,0,0,"Michael Kelly",12791,547184
"Mike Clevinger","CHW",8,0,0,0,0,0,0,0,0,0,0,0,0,0,,,0,0,0,0,"Mike Clevinger",12808,605182
"Andrew Kittredge","- - -",54,0,0,0,0,0,0,0,0,0,0,0,0,0,,,0,0,0,0,"Andrew Kittredge",12828,552640
"Shawn Armstrong","TEX",71,0,0,0,0,0,0,0,0,0,0,0,0,0,,,0,0,0,0,"Shawn Armstrong",12857,542888
"Tyler Anderson","LAA",26,0,0,0,0,0,0,0,0,0,0,0,0,0,,,0,0,0,0,"Tyler Anderson",12880,542881
"Joe Ross","PHI",37,0,0,0,0,0,0,0,0,0,0,0,0,0,,,0,0,0,0,"Joe Ross",12972,605452
"Andrew Chafin","- - -",42,0,0,0,0,0,0,0,0,0,0,0,0,0,,,0,0,0,0,"Andrew Chafin",12988,605177
"Anthony DeSclafani","ARI",13,0,0,0,0,0,0,0,0,0,0,0,0,0,,,0,0,0,0,"Anthony DeSclafani",13050,543101
"Yu Darvish","SDP",15,0,0,0,0,0,0,0,0,0,0,0,0,0,,,0,0,0,0,"Yu Darvish",13074,506433
"Eduardo Rodriguez","ARI",29,0,0,0,0,0,0,0,0,0,0,0,0,0,,,0,0,0,0,"Eduardo Rodriguez",13164,593958
"Jordan Weems","HOU",4,0,0,0,0,0,0,0,0,0,0,0,0,0,,,0,0,0,0,"Jordan Weems",13190,607179
"Michael Fulmer","- - -",3,0,0,0,0,0,0,0,0,0,0,0,0,0,,,0,0,0,0,"Michael Fulmer",13218,605242
"Jesse Hahn","SEA",3,0,0,0,0,0,0,0,0,0,0,0,0,0,,,0,0,0,0,"Jesse Hahn",13287,534910
"Danny Coulombe","- - -",55,0,0,0,0,0,0,0,0,0,0,0,0,0,,,0,0,0,0,"Danny Coulombe",13293,543056
"Hoby Milner","TEX",73,0,0,0,0,0,0,0,0,0,0,0,0,0,,,0,0,0,0,"Hoby Milner",13346,571948
"Steven Matz","- - -",53,0,0,0,0,0,0,0,0,0,0,0,0,0,,,0,0,0,0,"Steven Matz",13361,571927
"Marcus Stroman","NYY",9,0,0,0,0,0,0,0,0,0,0,0,0,0,,,0,0,0,0,"Marcus Stroman",13431,573186
"Pierce Johnson","ATL",65,0,0,0,0,0,0,0,0,0,0,0,0,0,,,0,0,0,0,"Pierce Johnson",13435,572955
"Taylor Rogers","- - -",57,0,0,0,0,0,0,0,0,0,0,0,0,0,,,0,0,0,0,"Taylor Rogers",13449,573124
"Lucas Sims","WSN",18,0,0,0,0,0,0,0,0,0,0,0,0,0,,,0,0,0,0,"Lucas Sims",13470,608371
"Matt Bowman","BAL",20,0,0,0,0,0,0,0,0,0,0,0,0,0,,,0,0,0,0,"Matt Bowman",13528,621199
"Blake Snell","LAD",11,0,0,0,0,0,0,0,0,0,0,0,0,0,,,0,0,0,0,"Blake Snell",13543,605483
"Steven Okert","HOU",68,0,0,0,0,0,0,0,0,0,0,0,0,0,,,0,0,0,0,"Steven Okert",13580,595345
"Robert Stephenson","LAA",12,0,0,0,0,0,0,0,0,0,0,0,0,0,,,0,0,0,0,"Robert Stephenson",13594,596112
"Carl Edwards Jr.","- - -",4,0,0,0,0,0,0,0,0,0,0,0,0,0,,,0,0,0,0,"Carl Edwards Jr.",13607,605218
"Jakob Junis","CLE",57,0,0,0,0,0,0,0,0,0,0,0,0,0,,,0,0,0,0,"Jakob Junis",13619,596001
"Clay Holmes","NYM",33,0,0,0,0,0,0,0,0,0,0,0,0,0,,,0,0,0,0,"Clay Holmes",13649,605280
"Tayler Scott","- - -",24,0,0,0,0,0,0,0,0,0,0,0,0,0,,,0,0,0,0,"Tayler Scott",13652,605463
"Max Fried","NYY",32,0,0,0,0,0,0,0,0,0,0,0,0,0,,,0,0,0,0,"Max Fried",13743,608331
"Chris Stratton","- - -",15,0,0,0,0,0,0,0,0,0,0,0,0,0,,,0,0,0,0,"Chris Stratton",13761,608717
"Zach Eflin","BAL",14,0,0,0,0,0,0,0,0,0,0,0,0,0,,,0,0,0,0,"Zach Eflin",13774,621107
"Matt Strahm","PHI",66,0,0,0,0,0,0,0,0,0,0,0,0,0,,,0,0,0,0,"Matt Strahm",13799,621381
"Paul Sewald","- - -",22,0,0,0,0,0,0,0,0,0,0,0,0,0,,,0,0,0,0,"Paul Sewald",13892,623149
"Chris Flexen","CHC",21,0,0,0,0,0,0,0,0,0,0,0,0,0,,,0,0,0,0,"Chris Flexen",13896,623167
"Dietrich Enns","- - -",24,0,0,0,0,0,0,0,0,0,0,0,0,0,,,0,0,0,0,"Dietrich Enns",13932,608650
"Brent Suter","CIN",48,0,0,0,0,0,0,0,0,0,0,0,0,0,,,0,0,0,0,"Brent Suter",13942,608718
"Michael Wacha","KCR",31,0,0,0,0,0,0,0,0,0,0,0,0,0,,,0,0,0,0,"Michael Wacha",14078,608379
"Kevin Gausman","TOR",32,0,0,0,0,0,0,0,0,0,0,0,0,0,,,0,0,0,0,"Kevin Gausman",14107,592332
"Lance McCullers Jr.","HOU",16,0,0,0,0,0,0,0,0,0,0,0,0,0,,,0,0,0,0,"Lance McCullers Jr.",14120,621121
"José Berríos","TOR",31,0,0,0,0,0,0,0,0,0,0,0,0,0,,,0,0,0,0,"Jose Berrios",14168,621244
"Josh Hader","HOU",48,0,0,0,0,0,0,0,0,0,0,0,0,0,,,0,0,0,0,"Josh Hader",14212,623352
"Wandy Peralta","SDP",71,0,0,0,0,0,0,0,0,0,0,0,0,0,,,0,0,0,0,"Wandy Peralta",14295,593974
"Frankie Montas","NYM",9,0,0,0,0,0,0,0,0,0,0,0,0,0,,,0,0,0,0,"Frankie Montas",14309,593423
"Joel Payamps","- - -",30,0,0,0,0,0,0,0,0,0,0,0,0,0,,,0,0,0,0,"Joel Payamps",14332,606303
"Tyler Glasnow","LAD",18,0,0,0,0,0,0,0,0,0,0,0,0,0,,,0,0,0,0,"Tyler Glasnow",14374,607192
"José Leclerc","ATH",10,0,0,0,0,0,0,0,0,0,0,0,0,0,,,0,0,0,0,"Jose Leclerc",14524,600917
"Jorge López","WSN",26,0,0,0,0,0,0,0,0,0,0,0,0,0,,,0,0,0,0,"Jorge Lopez",14527,605347
"Carlos Estévez","KCR",67,0,0,0,0,0,0,0,0,0,0,0,0,0,,,0,0,0,0,"Carlos Estevez",14542,608032
"José Ruiz","- - -",18,0,0,0,0,0,0,0,0,0,0,0,0,0,,,0,0,0,0,"Jose Ruiz",14552,614179
"Anthony Banda","LAD",71,0,0,0,0,0,0,0,0,0,0,0,0,0,,,0,0,0,0,"Anthony Banda",14706,607455
"Edwin Díaz","NYM",62,0,0,0,0,0,0,0,0,0,0,0,0,0,,,0,0,0,0,"Edwin Diaz",14710,621242
"Paul Blackburn","- - -",15,0,0,0,0,0,0,0,0,0,0,0,0,0,,,0,0,0,0,"Paul Blackburn",14739,621112
"Emilio Pagán","CIN",70,0,0,0,0,0,0,0,0,0,0,0,0,0,,,0,0,0,0,"Emilio Pagan",14771,641941
"Michael Lorenzen","KCR",27,0,0,0,0,0,0,0,0,0,0,0,0,0,,,0,0,0,0,"Michael Lorenzen",14843,547179
"Joe Mantiply","ARI",10,0,0,0,0,0,0,0,0,0,0,0,0,0,,,0,0,0,0,"Joe Mantiply",14857,573009
"Sam Moll","CIN",23,0,0,0,0,0,0,0,0,0,0,0,0,0,,,0,0,0,0,"Sam Moll",14874,594580
"Jon Gray","TEX",6,0,0,0,0,0,0,0,0,0,0,0,0,0,,,0,0,0,0,"Jon Gray",14916,592351
"Ben Lively","CLE",9,0,0,0,0,0,0,0,0,0,0,0,0,0,,,0,0,0,0,"Ben Lively",14932,594902
"Scott Barlow","CIN",75,0,0,0,0,0,0,0,0,0,0,0,0,0,,,0,0,0,0,"Scott Barlow",14993,605130
"Kyle Finnegan","- - -",56,0,0,0,0,0,0,0,0,0,0,0,0,0,,,0,0,0,0,"Kyle Finnegan",15009,640448
"Germán Márquez","COL",26,0,0,0,0,0,0,0,0,0,0,0,0,0,,,0,0,0,0,"German Marquez",15038,608566
"Tim Mayza","- - -",15,0,0,0,0,0,0,0,0,0,0,0,0,0,,,0,0,0,0,"Tim Mayza",15042,641835
"Lou Trivino","- - -",47,0,0,0,0,0,0,0,0,0,0,0,0,0,,,0,0,0,0,"Lou Trivino",15043,642152
"Rob Zastryzny","MIL",26,0,0,0,0,0,0,0,0,0,0,0,0,0,,,0,0,0,0,"Rob Zastryzny",15094,642239
"Justin Topa","MIN",54,0,0,0,0,0,0,0,0,0,0,0,0,0,,,0,0,0,0,"Justin Topa",15145,623437
"Cole Sulser","TBR",18,0,0,0,0,0,0,0,0,0,0,0,0,0,,,0,0,0,0,"Cole Sulser",15256,642121
"Kevin Herget","- - -",7,0,0,0,0,0,0,0,0,0,0,0,0,0,,,0,0,0,0,"Kevin Herget",15369,643361
"Andrew Heaney","- - -",27,0,0,0,0,0,0,0,0,0,0,0,0,0,,,0,0,0,0,"Andrew Heaney",15423,571760
"Matthew Boyd","CHC",31,0,0,0,0,0,0,0,0,0,0,0,0,0,,,0,0,0,0,"Matthew Boyd",15440,571510
"Nick Pivetta","SDP",31,0,0,0,0,0,0,0,0,0,0,0,0,0,,,0,0,0,0,"Nick Pivetta",15454,601713
"José De León","BOS",1,0,0,0,0,0,0,0,0,0,0,0,0,0,,,0,0,0,0,"Jose De Leon",15463,592254
"Lucas Giolito","BOS",26,0,0,0,0,0,0,0,0,0,0,0,0,0,,,0,0,0,0,"Lucas Giolito",15474,608337
"Antonio Senzatela","COL",30,0,0,0,0,0,0,0,0,0,0,0,0,0,,,0,0,0,0,"Antonio Senzatela",15488,622608
"Hunter Harvey","KCR",12,0,0,0,0,0,0,0,0,0,0,0,0,0,,,0,0,0,0,"Hunter Harvey",15507,640451
"Kendall Graveman","ARI",19,0,0,0,0,0,0,0,0,0,0,0,0,0,,,0,0,0,0,"Kendall Graveman",15514,608665
"Tyler Rogers","- - -",81,0,0,0,0,0,0,0,0,0,0,0,0,0,,,0,0,0,0,"Tyler Rogers",15541,643511
"Mark Leiter Jr.","NYY",59,0,0,0,0,0,0,0,0,0,0,0,0,0,,,0,0,0,0,"Mark Leiter Jr.",15551,643410
"Chad Green","TOR",45,0,0,0,0,0,0,0,0,0,0,0,0,0,,,0,0,0,0,"Chad Green",15552,643338
"Miguel Castro","CHW",6,0,0,0,0,0,0,0,0,0,0,0,0,0,,,0,0,0,0,"Miguel Castro",15684,612434
"Luis Castillo","SEA",32,0,0,0,0,0,0,0,0,0,0,0,0,0,,,0,0,0,0,"Luis Castillo",15689,622491
"Brad Keller","CHC",68,0,0,0,0,0,0,0,0,0,0,0,0,0,,,0,0,0,0,"Brad Keller",15734,641745
"Devin Williams","NYY",67,0,0,0,0,0,0,0,0,0,0,0,0,0,,,0,0,0,0,"Devin Williams",15816,642207
"Zack Littell","- - -",32,0,0,0,0,0,0,0,0,0,0,0,0,0,,,0,0,0,0,"Zack Littell",15823,641793
"Wander Suero","ATL",5,0,0,0,0,0,0,0,0,0,0,0,0,0,,,0,0,0,0,"Wander Suero",15855,593833
"Sean Manaea","NYM",15,0,0,0,0,0,0,0,0,0,0,0,0,0,,,0,0,0,0,"Sean Manaea",15873,640455
"Luis Severino","ATH",29,0,0,0,0,0,0,0,0,0,0,0,0,0,,,0,0,0,0,"Luis Severino",15890,622663
"Ryne Stanek","NYM",65,0,0,0,0,0,0,0,0,0,0,0,0,0,,,0,0,0,0,"Ryne Stanek",15947,592773
"Cam Booser","CHW",39,0,0,0,0,0,0,0,0,0,0,0,0,0,,,0,0,0,0,"Cam Booser",16061,592155
"Nick Burdi","BOS",4,0,0,0,0,0,0,0,0,0,0,0,0,0,,,0,0,0,0,"Nick Burdi",16074,595897
"Zach Thompson","ATL",2,0,0,0,0,0,0,0,0,0,0,0,0,0,,,0,0,0,0,"Zach Thompson",16094,605507
"Jordan Romano","PHI",49,0,0,0,0,0,0,0,0,0,0,0,0,0,,,0,0,0,0,"Jordan Romano",16122,605447
"John Curtiss","ARI",30,0,0,0,0,0,0,0,0,0,0,0,0,0,,,0,0,0,0,"John Curtiss",16128,595928
"Carlos Rodón","NYY",33,0,0,0,0,0,0,0,0,0,0,0,0,0,,,0,0,0,0,"Carlos Rodon",16137,607074
"Aaron Nola","PHI",17,0,0,0,0,0,0,0,0,0,0,0,0,0,,,0,0,0,0,"Aaron Nola",16149,605400
"Brandon Woodruff","MIL",12,0,0,0,0,0,0,0,0,0,0,0,0,0,,,0,0,0,0,"Brandon Woodruff",16162,605540
"Spencer Turnbull","TOR",3,0,0,0,0,0,0,0,0,0,0,0,0,0,,,0,0,0,0,"Spencer Turnbull",16207,605513
"Kyle Freeland","COL",31,0,0,0,0,0,0,0,0,0,0,0,0,0,,,0,0,0,0,"Kyle Freeland",16256,607536
"Aaron Bummer","ATL",42,0,0,0,0,0,0,0,0,0,0,0,0,0,,,0,0,0,0,"Aaron Bummer",16258,607481
"Jesus Tinoco","MIA",20,0,0,0,0,0,0,0,0,0,0,0,0,0,,,0,0,0,0,"Jesus Tinoco",16300,622786
"Ryan Borucki","- - -",39,0,0,0,0,0,0,0,0,0,0,0,0,0,,,0,0,0,0,"Ryan Borucki",16350,621366
"Tyler Mahle","TEX",16,0,0,0,0,0,0,0,0,0,0,0,0,0,,,0,0,0,0,"Tyler Mahle",16358,641816
"Reynaldo López","ATL",1,0,0,0,0,0,0,0,0,0,0,0,0,0,,,0,0,0,0,"Reynaldo Lopez",16400,625643
"Scott Blewett","- - -",26,0,0,0,0,0,0,0,0,0,0,0,0,0,,,0,0,0,0,"Scott Blewett",16427,656240
"Ryan Yarbrough","NYY",19,0,0,0,0,0,0,0,0,0,0,0,0,0,,,0,0,0,0,"Ryan Yarbrough",16502,642232
"Dan Altavilla","CHW",28,0,0,0,0,0,0,0,0,0,0,0,0,0,,,0,0,0,0,"Dan Altavilla",16507,656186
"Austin Gomber","COL",12,0,0,0,0,0,0,0,0,0,0,0,0,0,,,0,0,0,0,"Austin Gomber",16561,596295
"Erik Swanson","TOR",6,0,0,0,0,0,0,0,0,0,0,0,0,0,,,0,0,0,0,"Erik Swanson",16587,657024
"Bryan Abreu","HOU",70,0,0,0,0,0,0,0,0,0,0,0,0,0,,,0,0,0,0,"Bryan Abreu",16609,650556
"J.P. Feyereisen","- - -",4,0,0,0,0,0,0,0,0,0,0,0,0,0,,,0,0,0,0,"J.P. Feyereisen",16610,656420
"Jeff Brigham","ARI",4,0,0,0,0,0,0,0,0,0,0,0,0,0,,,0,0,0,0,"Jeff Brigham",16631,656257
"Ryan Thompson","ARI",48,0,0,0,0,0,0,0,0,0,0,0,0,0,,,0,0,0,0,"Ryan Thompson",16647,657044
"Julian Merryweather","CHC",21,0,0,0,0,0,0,0,0,0,0,0,0,0,,,0,0,0,0,"Julian Merryweather",16703,657240
"Brock Stewart","- - -",43,0,0,0,0,0,0,0,0,0,0,0,0,0,,,0,0,0,0,"Brock Stewart",16727,592779
"Tim Hill","NYY",70,0,0,0,0,0,0,0,0,0,0,0,0,0,,,0,0,0,0,"Tim Hill",16814,657612
"Brennan Bernardino","BOS",55,0,0,0,0,0,0,0,0,0,0,0,0,0,,,0,0,0,0,"Brennan Bernardino",16835,657514
"Reed Garrett","NYM",58,0,0,0,0,0,0,0,0,0,0,0,0,0,,,0,0,0,0,"Reed Garrett",16866,657585
"Luke Weaver","NYY",64,0,0,0,0,0,0,0,0,0,0,0,0,0,,,0,0,0,0,"Luke Weaver",16918,596133
"Touki Toussaint","LAA",1,0,0,0,0,0,0,0,0,0,0,0,0,0,,,0,0,0,0,"Touki Toussaint",16929,657053
"Sean Newcomb","- - -",48,0,0,0,0,0,0,0,0,0,0,0,0,0,,,0,0,0,0,"Sean Newcomb",16943,656794
"Grant Holmes","ATL",22,0,0,0,0,0,0,0,0,0,0,0,0,0,,,0,0,0,0,"Grant Holmes",16944,656550
"Trevor Williams","WSN",17,0,0,0,0,0,0,0,0,0,0,0,0,0,,,0,0,0,0,"Trevor Williams",16977,592866
"Tanner Banks","PHI",69,0,0,0,0,0,0,0,0,0,0,0,0,0,,,0,0,0,0,"Tanner Banks",16990,621383
"Pablo López","MIN",14,0,0,0,0,0,0,0,0,0,0,0,0,0,,,0,0,0,0,"Pablo Lopez",17085,641154
"Raisel Iglesias","ATL",70,0,0,0,0,0,0,0,0,0,0,0,0,0,,,0,0,0,0,"Raisel Iglesias",17130,628452
"José Castillo","- - -",29,0,0,0,0,0,0,0,0,0,0,0,0,0,,,0,0,0,0,"Jose Castillo",17169,620454
"Gabe Speier","SEA",76,0,0,0,0,0,0,0,0,0,0,0,0,0,,,0,0,0,0,"Gabe Speier",17170,642100
"Jalen Beeks","ARI",61,0,0,0,0,0,0,0,0,0,0,0,0,0,,,0,0,0,0,"Jalen Beeks",17192,656222
"Ranger Suárez","PHI",26,0,0,0,0,0,0,0,0,0,0,0,0,0,,,0,0,0,0,"Ranger Suarez",17277,624133
"Michael Kopech","LAD",14,0,0,0,0,0,0,0,0,0,0,0,0,0,,,0,0,0,0,"Michael Kopech",17282,656629
"Framber Valdez","HOU",31,0,0,0,0,0,0,0,0,0,0,0,0,0,,,0,0,0,0,"Framber Valdez",17295,664285
"Justin Steele","CHC",4,0,0,0,0,0,0,0,0,0,0,0,0,0,,,0,0,0,0,"Justin Steele",17312,657006
"Matt Gage","- - -",33,0,0,0,0,0,0,0,0,0,0,0,0,0,,,0,0,0,0,"Matt Gage",17381,657424
"Erick Fedde","- - -",32,0,0,0,0,0,0,0,0,0,0,0,0,0,,,0,0,0,0,"Erick Fedde",17425,607200
"Jeff Hoffman","TOR",71,0,0,0,0,0,0,0,0,0,0,0,0,0,,,0,0,0,0,"Jeff Hoffman",17432,656546
"Jack Flaherty","DET",31,0,0,0,0,0,0,0,0,0,0,0,0,0,,,0,0,0,0,"Jack Flaherty",17479,656427
"Génesis Cabrera","- - -",40,0,0,0,0,0,0,0,0,0,0,0,0,0,,,0,0,0,0,"Genesis Cabrera",17490,650893
"Ryan Burr","TOR",2,0,0,0,0,0,0,0,0,0,0,0,0,0,,,0,0,0,0,"Ryan Burr",17536,621114
"Jimmy Herget","COL",59,0,0,0,0,0,0,0,0,0,0,0,0,0,,,0,0,0,0,"Jimmy Herget",17556,623474
"JT Brubaker","- - -",17,0,0,0,0,0,0,0,0,0,0,0,0,0,,,0,0,0,0,"JT Brubaker",17578,664141
"Tanner Scott","LAD",61,0,0,0,0,0,0,0,0,0,0,0,0,0,,,0,0,0,0,"Tanner Scott",17586,656945
"Mitch Keller","PIT",32,0,0,0,0,0,0,0,0,0,0,0,0,0,,,0,0,0,0,"Mitch Keller",17594,656605
"Cristian Javier","HOU",8,0,0,0,0,0,0,0,0,0,0,0,0,0,,,0,0,0,0,"Cristian Javier",17606,664299
"Tanner Rainey","- - -",13,0,0,0,0,0,0,0,0,0,0,0,0,0,,,0,0,0,0,"Tanner Rainey",17610,663432
"Taylor Clarke","KCR",51,0,0,0,0,0,0,0,0,0,0,0,0,0,,,0,0,0,0,"Taylor Clarke",17611,664199
"Justin Lawrence","PIT",17,0,0,0,0,0,0,0,0,0,0,0,0,0,,,0,0,0,0,"Justin Lawrence",17639,664875
"Jeffrey Springs","ATH",32,0,0,0,0,0,0,0,0,0,0,0,0,0,,,0,0,0,0,"Jeffrey Springs",17677,605488
"Trevor Megill","MIL",50,0,0,0,0,0,0,0,0,0,0,0,0,0,,,0,0,0,0,"Trevor Megill",17722,656730
"Nabil Crismatt","ARI",8,0,0,0,0,0,0,0,0,0,0,0,0,0,,,0,0,0,0,"Nabil Crismatt",17732,622503
"Evan Phillips","LAD",7,0,0,0,0,0,0,0,0,0,0,0,0,0,,,0,0,0,0,"Evan Phillips",17734,623465
"Angel Perdomo","ATH",4,0,0,0,0,0,0,0,0,0,0,0,0,0,,,0,0,0,0,"Angel Perdomo",17759,622780
"José Alvarado","PHI",28,0,0,0,0,0,0,0,0,0,0,0,0,0,,,0,0,0,0,"Jose Alvarado",17780,621237
"Dillon Tate","TOR",6,0,0,0,0,0,0,0,0,0,0,0,0,0,,,0,0,0,0,"Dillon Tate",17796,622253
"Ian Gibaut","CIN",25,0,0,0,0,0,0,0,0,0,0,0,0,0,,,0,0,0,0,"Ian Gibaut",17871,664139
"Nestor Cortes","- - -",8,0,0,0,0,0,0,0,0,0,0,0,0,0,,,0,0,0,0,"Nestor Cortes",17874,641482
"Dennis Santana","PIT",70,0,0,0,0,0,0,0,0,0,0,0,0,0,,,0,0,0,0,"Dennis Santana",17878,642701
"Tayler Saucedo","SEA",10,0,0,0,0,0,0,0,0,0,0,0,0,0,,,0,0,0,0,"Tayler Saucedo",17888,642048
"Garrett Cleavinger","TBR",67,0,0,0,0,0,0,0,0,0,0,0,0,0,,,0,0,0,0,"Garrett Cleavinger",17897,664076
"Trent Thornton","SEA",33,0,0,0,0,0,0,0,0,0,0,0,0,0,,,0,0,0,0,"Trent Thornton",17948,663423
"Tyler Gilbert","CHW",46,0,0,0,0,0,0,0,0,0,0,0,0,0,,,0,0,0,0,"Tyler Gilbert",17964,656457
"Brock Burke","LAA",69,0,0,0,0,0,0,0,0,0,0,0,0,0,,,0,0,0,0,"Brock Burke",17968,656271
"Logan Webb","SFG",34,0,0,0,0,0,0,0,0,0,0,0,0,0,,,0,0,0,0,"Logan Webb",17995,657277
"Pete Fairbanks","TBR",61,0,0,0,0,0,0,0,0,0,0,0,0,0,,,0,0,0,0,"Pete Fairbanks",17998,664126
"Triston McKenzie","CLE",4,0,0,0,0,0,0,0,0,0,0,0,0,0,,,0,0,0,0,"Triston McKenzie",18000,663474
"Phil Maton","- - -",63,0,0,0,0,0,0,0,0,0,0,0,0,0,,,0,0,0,0,"Phil Maton",18064,664208
"Ryan Helsley","- - -",58,0,0,0,0,0,0,0,0,0,0,0,0,0,,,0,0,0,0,"Ryan Helsley",18138,664854
"Anthony Misiewicz","MIN",5,0,0,0,0,0,0,0,0,0,0,0,0,0,,,0,0,0,0,"Anthony Misiewicz",18152,664948
"Tyler Kinley","- - -",73,0,0,0,0,0,0,0,0,0,0,0,0,0,,,0,0,0,0,"Tyler Kinley",18297,641755
"Carson Fulmer","LAA",13,0,0,0,0,0,0,0,0,0,0,0,0,0,,,0,0,0,0,"Carson Fulmer",18311,608334
"Nick Anderson","COL",12,0,0,0,0,0,0,0,0,0,0,0,0,0,,,0,0,0,0,"Nick Anderson",18337,623433
"Julian Fernández","- - -",4,0,0,0,0,0,0,0,0,0,0,0,0,0,,,0,0,0,0,"Julian Fernandez",18341,642759
"Brandon Waddell","NYM",11,0,0,0,0,0,0,0,0,0,0,0,0,0,,,0,0,0,0,"Brandon Waddell",18347,663399
"Michael Soroka","- - -",22,0,0,0,0,0,0,0,0,0,0,0,0,0,,,0,0,0,0,"Michael Soroka",18383,647336
"Scott Effross","NYY",11,0,0,0,0,0,0,0,0,0,0,0,0,0,,,0,0,0,0,"Scott Effross",18384,664123
"Enyel De Los Santos","- - -",65,0,0,0,0,0,0,0,0,0,0,0,0,0,,,0,0,0,0,"Enyel De Los Santos",18403,660853
"José Urquidy","DET",2,0,0,0,0,0,0,0,0,0,0,0,0,0,,,0,0,0,0,"Jose Urquidy",18413,664353
"Danny Young","NYM",10,0,0,0,0,0,0,0,0,0,0,0,0,0,,,0,0,0,0,"Danny Young",18439,664849
"Kenta Maeda","DET",7,0,0,0,0,0,0,0,0,0,0,0,0,0,,,0,0,0,0,"Kenta Maeda",18498,628317
"Dylan Cease","SDP",32,0,0,0,0,0,0,0,0,0,0,0,0,0,,,0,0,0,0,"Dylan Cease",18525,656302
"A.J. Minter","NYM",13,0,0,0,0,0,0,0,0,0,0,0,0,0,,,0,0,0,0,"A.J. Minter",18655,621345
"Jake Woodford","ARI",22,0,0,0,0,0,0,0,0,0,0,0,0,0,,,0,0,0,0,"Jake Woodford",18674,663765
"Freddy Peralta","MIL",33,0,0,0,0,0,0,0,0,0,0,0,0,0,,,0,0,0,0,"Freddy Peralta",18679,642547
"Sandy Alcantara","MIA",31,0,0,0,0,0,0,0,0,0,0,0,0,0,,,0,0,0,0,"Sandy Alcantara",18684,645261
"Kolby Allard","CLE",33,0,0,0,0,0,0,0,0,0,0,0,0,0,,,0,0,0,0,"Kolby Allard",18694,663465
"Cody Poteet","BAL",1,0,0,0,0,0,0,0,0,0,0,0,0,0,,,0,0,0,0,"Cody Poteet",18769,547001
"Tommy Nance","TOR",30,0,0,0,0,0,0,0,0,0,0,0,0,0,,,0,0,0,0,"Tommy Nance",19178,667297
"José Quijada","LAA",2,0,0,0,0,0,0,0,0,0,0,0,0,0,,,0,0,0,0,"Jose Quijada",19200,650671
"Jesse Scholtens","TBR",2,0,0,0,0,0,0,0,0,0,0,0,0,0,,,0,0,0,0,"Jesse Scholtens",19205,669947
"Lake Bachar","MIA",53,0,0,0,0,0,0,0,0,0,0,0,0,0,,,0,0,0,0,"Lake Bachar",19222,669199
"Seranthony Domínguez","- - -",67,0,0,0,0,0,0,0,0,0,0,0,0,0,,,0,0,0,0,"Seranthony Dominguez",19249,622554
"Ian Hamilton","NYY",36,0,0,0,0,0,0,0,0,0,0,0,0,0,,,0,0,0,0,"Ian Hamilton",19261,641656
"Thomas Hatch","- - -",12,0,0,0,0,0,0,0,0,0,0,0,0,0,,,0,0,0,0,"Thomas Hatch",19264,641672
"Jacob Webb","TEX",55,0,0,0,0,0,0,0,0,0,0,0,0,0,,,0,0,0,0,"Jacob Webb",19274,657097
"Nick Hernandez","HOU",10,0,0,0,0,0,0,0,0,0,0,0,0,0,,,0,0,0,0,"Nick Hernandez",19281,663321
"Zac Gallen","ARI",33,0,0,0,0,0,0,0,0,0,0,0,0,0,,,0,0,0,0,"Zac Gallen",19291,668678
"Trevor Richards","- - -",5,0,0,0,0,0,0,0,0,0,0,0,0,0,,,0,0,0,0,"Trevor Richards",19309,670950
"Cal Quantrill","- - -",26,0,0,0,0,0,0,0,0,0,0,0,0,0,,,0,0,0,0,"Cal Quantrill",19312,615698
"Matt Krook","ATH",3,0,0,0,0,0,0,0,0,0,0,0,0,0,,,0,0,0,0,"Matt Krook",19315,640454
"Eric Lauer","TOR",28,0,0,0,0,0,0,0,0,0,0,0,0,0,,,0,0,0,0,"Eric Lauer",19316,641778
"Joey Lucchesi","SFG",38,0,0,0,0,0,0,0,0,0,0,0,0,0,,,0,0,0,0,"Joey Lucchesi",19320,664192
"Matt Festa","CLE",63,0,0,0,0,0,0,0,0,0,0,0,0,0,,,0,0,0,0,"Matt Festa",19330,670036
"Richard Lovelady","- - -",10,0,0,0,0,0,0,0,0,0,0,0,0,0,,,0,0,0,0,"Richard Lovelady",19337,663992
"A.J. Puk","ARI",8,0,0,0,0,0,0,0,0,0,0,0,0,0,,,0,0,0,0,"A.J. Puk",19343,640462
"Caleb Ferguson","- - -",70,0,0,0,0,0,0,0,0,0,0,0,0,0,,,0,0,0,0,"Caleb Ferguson",19349,657571
"Dean Kremer","BAL",31,0,0,0,0,0,0,0,0,0,0,0,0,0,,,0,0,0,0,"Dean Kremer",19350,665152
"Lucas Erceg","KCR",61,0,0,0,0,0,0,0,0,0,0,0,0,0,,,0,0,0,0,"Lucas Erceg",19360,668674
"Corbin Burnes","ARI",11,0,0,0,0,0,0,0,0,0,0,0,0,0,,,0,0,0,0,"Corbin Burnes",19361,669203
"Keegan Akin","BAL",64,0,0,0,0,0,0,0,0,0,0,0,0,0,,,0,0,0,0,"Keegan Akin",19362,669211
"Walker Buehler","- - -",26,0,0,0,0,0,0,0,0,0,0,0,0,0,,,0,0,0,0,"Walker Buehler",19374,621111
"Tony Gonsolin","LAD",7,0,0,0,0,0,0,0,0,0,0,0,0,0,,,0,0,0,0,"Tony Gonsolin",19388,664062
"Colin Poche","- - -",14,0,0,0,0,0,0,0,0,0,0,0,0,0,,,0,0,0,0,"Colin Poche",19403,621363
"Ronel Blanco","HOU",9,0,0,0,0,0,0,0,0,0,0,0,0,0,,,0,0,0,0,"Ronel Blanco",19407,669854
"Dane Dunning","- - -",12,0,0,0,0,0,0,0,0,0,0,0,0,0,,,0,0,0,0,"Dane Dunning",19409,641540
"Shane Bieber","TOR",7,0,0,0,0,0,0,0,0,0,0,0,0,0,,,0,0,0,0,"Shane Bieber",19427,669456
"Yohan Ramírez","PIT",24,0,0,0,0,0,0,0,0,0,0,0,0,0,,,0,0,0,0,"Yohan Ramirez",19444,670990
"Shaun Anderson","LAA",7,0,0,0,0,0,0,0,0,0,0,0,0,0,,,0,0,0,0,"Shaun Anderson",19453,641312
"Jorge Alcala","- - -",56,0,0,0,0,0,0,0,0,0,0,0,0,0,,,0,0,0,0,"Jorge Alcala",19459,660896
"Aaron Civale","- - -",23,0,0,0,0,0,0,0,0,0,0,0,0,0,,,0,0,0,0,"Aaron Civale",19479,650644
"Tyler Ferguson","ATH",56,0,0,0,0,0,0,0,0,0,0,0,0,0,,,0,0,0,0,"Tyler Ferguson",19481,621053
"Alan Rangel","PHI",5,0,0,0,0,0,0,0,0,0,0,0,0,0,,,0,0,0,0,"Alan Rangel",19524,660604
"Geoff Hartlieb","- - -",4,0,0,0,0,0,0,0,0,0,0,0,0,0,,,0,0,0,0,"Geoff Hartlieb",19558,664129
"David Bednar","- - -",64,0,0,0,0,0,0,0,0,0,0,0,0,0,,,0,0,0,0,"David Bednar",19569,670280
"JoJo Romero","STL",65,0,0,0,0,0,0,0,0,0,0,0,0,0,,,0,0,0,0,"JoJo Romero",19574,668941
"Forrest Whitley","- - -",10,0,0,0,0,0,0,0,0,0,0,0,0,0,,,0,0,0,0,"Forrest Whitley",19586,666215
"Cionel Pérez","BAL",19,0,0,0,0,0,0,0,0,0,0,0,0,0,,,0,0,0,0,"Cionel Perez",19614,672335
"Jordan Hicks","- - -",34,0,0,0,0,0,0,0,0,0,0,0,0,0,,,0,0,0,0,"Jordan Hicks",19618,663855
"Kyle Hart","SDP",20,0,0,0,0,0,0,0,0,0,0,0,0,0,,,0,0,0,0,"Kyle Hart",19646,606996
"Jason Alexander","- - -",18,0,0,0,0,0,0,0,0,0,0,0,0,0,,,0,0,0,0,"Jason Alexander",19666,669920
"Gregory Soto","- - -",70,0,0,0,0,0,0,0,0,0,0,0,0,0,,,0,0,0,0,"Gregory Soto",19677,642397
"Connor Seabold","- - -",7,0,0,0,0,0,0,0,0,0,0,0,0,0,,,0,0,0,0,"Connor Seabold",19695,657756
"Dustin May","- - -",25,0,0,0,0,0,0,0,0,0,0,0,0,0,,,0,0,0,0,"Dustin May",19716,669160
"Caleb Boushley","TEX",25,0,0,0,0,0,0,0,0,0,0,0,0,0,,,0,0,0,0,"Caleb Boushley",19736,676961
"Anthony Bender","MIA",51,0,0,0,0,0,0,0,0,0,0,0,0,0,,,0,0,0,0,"Anthony Bender",19742,669622
"Jonathan Loáisiga","NYY",30,0,0,0,0,0,0,0,0,0,0,0,0,0,,,0,0,0,0,"Jonathan Loaisiga",19753,642528
"Reiver Sanmartin","CIN",1,0,0,0,0,0,0,0,0,0,0,0,0,0,,,0,0,0,0,"Reiver Sanmartin",19754,665665
"Will Vest","DET",64,0,0,0,0,0,0,0,0,0,0,0,0,0,,,0,0,0,0,"Will Vest",19769,676684
"Justin Garza","NYM",5,0,0,0,0,0,0,0,0,0,0,0,0,0,,,0,0,0,0,"Justin Garza",19784,621057
"Bryan Baker","- - -",73,0,0,0,0,0,0,0,0,0,0,0,0,0,,,0,0,0,0,"Bryan Baker",19804,641329
"Gerson Garabito","TEX",3,0,0,0,0,0,0,0,0,0,0,0,0,0,,,0,0,0,0,"Gerson Garabito",19835,642520
"Michael King","SDP",15,0,0,0,0,0,0,0,0,0,0,0,0,0,,,0,0,0,0,"Michael King",19853,650633
"Griffin Canning","NYM",16,0,0,0,0,0,0,0,0,0,0,0,0,0,,,0,0,0,0,"Griffin Canning",19867,656288
"Kevin Ginkel","ARI",29,0,0,0,0,0,0,0,0,0,0,0,0,0,,,0,0,0,0,"Kevin Ginkel",19876,656464
"Tanner Houck","BOS",9,0,0,0,0,0,0,0,0,0,0,0,0,0,,,0,0,0,0,"Tanner Houck",19879,656557
"Alex Lange","DET",1,0,0,0,0,0,0,0,0,0,0,0,0,0,,,0,0,0,0,"Alex Lange",19883,656638
"Corbin Martin","BAL",17,0,0,0,0,0,0,0,0,0,0,0,0,0,,,0,0,0,0,"Corbin Martin",19884,656686
"Clarke Schmidt","NYY",14,0,0,0,0,0,0,0,0,0,0,0,0,0,,,0,0,0,0,"Clarke Schmidt",19899,657376
"José Suarez","ATL",7,0,0,0,0,0,0,0,0,0,0,0,0,0,,,0,0,0,0,"Jose Suarez",19911,660761
"Bryan Hudson","- - -",16,0,0,0,0,0,0,0,0,0,0,0,0,0,,,0,0,0,0,"Bryan Hudson",19924,663542
"Tony Santillan","CIN",80,0,0,0,0,0,0,0,0,0,0,0,0,0,,,0,0,0,0,"Tony Santillan",19926,663574
"Ian Anderson","LAA",7,0,0,0,0,0,0,0,0,0,0,0,0,0,,,0,0,0,0,"Ian Anderson",19951,666120
"Jesús Luzardo","PHI",32,0,0,0,0,0,0,0,0,0,0,0,0,0,,,0,0,0,0,"Jesus Luzardo",19959,666200
"Joey Wentz","- - -",39,0,0,0,0,0,0,0,0,0,0,0,0,0,,,0,0,0,0,"Joey Wentz",19962,666214
"Bryse Wilson","CHW",20,0,0,0,0,0,0,0,0,0,0,0,0,0,,,0,0,0,0,"Bryse Wilson",19990,669060
"Dylan Lee","ATL",74,0,0,0,0,0,0,0,0,0,0,0,0,0,,,0,0,0,0,"Dylan Lee",19996,669276
"Tyler Wells","BAL",4,0,0,0,0,0,0,0,0,0,0,0,0,0,,,0,0,0,0,"Tyler Wells",20000,669330
"John Schreiber","KCR",74,0,0,0,0,0,0,0,0,0,0,0,0,0,,,0,0,0,0,"John Schreiber",20020,670167
"Rico Garcia","- - -",29,0,0,0,0,0,0,0,0,0,0,0,0,0,,,0,0,0,0,"Rico Garcia",20023,670329
"Darren McCaughan","MIN",3,0,0,0,0,0,0,0,0,0,0,0,0,0,,,0,0,0,0,"Darren McCaughan",20038,670766
"Adrian Morejon","SDP",75,0,0,0,0,0,0,0,0,0,0,0,0,0,,,0,0,0,0,"Adrian Morejon",20039,670970
"Sean Guenther","DET",9,0,0,0,0,0,0,0,0,0,0,0,0,0,,,0,0,0,0,"Sean Guenther",20045,674944
"Kaleb Ort","HOU",49,0,0,0,0,0,0,0,0,0,0,0,0,0,,,0,0,0,0,"Kaleb Ort",20061,672391
"Bailey Falter","- - -",26,0,0,0,0,0,0,0,0,0,0,0,0,0,,,0,0,0,0,"Bailey Falter",20070,663559
"Chris Paddack","- - -",33,0,0,0,0,0,0,0,0,0,0,0,0,0,,,0,0,0,0,"Chris Paddack",20099,663978
"Calvin Faucher","MIA",65,0,0,0,0,0,0,0,0,0,0,0,0,0,,,0,0,0,0,"Calvin Faucher",20116,676534
"Nate Pearson","CHC",11,0,0,0,0,0,0,0,0,0,0,0,0,0,,,0,0,0,0,"Nate Pearson",20160,663878
"Zach Pop","- - -",5,0,0,0,0,0,0,0,0,0,0,0,0,0,,,0,0,0,0,"Zach Pop",20185,647315
"Garrett Whitlock","BOS",62,0,0,0,0,0,0,0,0,0,0,0,0,0,,,0,0,0,0,"Garrett Whitlock",20191,676477
"Ben Bowden","ATH",11,0,0,0,0,0,0,0,0,0,0,0,0,0,,,0,0,0,0,"Ben Bowden",20198,641386
"Eli Morgan","CHC",7,0,0,0,0,0,0,0,0,0,0,0,0,0,,,0,0,0,0,"Eli Morgan",20203,669212
"Griffin Jax","- - -",73,0,0,0,0,0,0,0,0,0,0,0,0,0,,,0,0,0,0,"Griffin Jax",20253,643377
"Daysbel Hernández","ATL",39,0,0,0,0,0,0,0,0,0,0,0,0,0,,,0,0,0,0,"Daysbel Hernandez",20271,678226
"Jhonathan Díaz","SEA",1,0,0,0,0,0,0,0,0,0,0,0,0,0,,,0,0,0,0,"Jhonathan Diaz",20298,646242
"David Peterson","NYM",30,0,0,0,0,0,0,0,0,0,0,0,0,0,,,0,0,0,0,"David Peterson",20302,656849
"Nick Raquet","STL",2,0,0,0,0,0,0,0,0,0,0,0,0,0,,,0,0,0,0,"Nick Raquet",20333,675919
"Riley O'Brien","STL",42,0,0,0,0,0,0,0,0,0,0,0,0,0,,,0,0,0,0,"Riley O'Brien",20348,676617
"Zack Kelly","BOS",28,0,0,0,0,0,0,0,0,0,0,0,0,0,,,0,0,0,0,"Zack Kelly",20349,677161
"Steven Wilson","CHW",59,0,0,0,0,0,0,0,0,0,0,0,0,0,,,0,0,0,0,"Steven Wilson",20353,621051
"Bruce Zimmermann","MIL",1,0,0,0,0,0,0,0,0,0,0,0,0,0,,,0,0,0,0,"Bruce Zimmermann",20370,669145
"Andrés Muñoz","SEA",64,0,0,0,0,0,0,0,0,0,0,0,0,0,,,0,0,0,0,"Andres Munoz",20373,662253
"Greg Weissert","BOS",72,0,0,0,0,0,0,0,0,0,0,0,0,0,,,0,0,0,0,"Greg Weissert",20375,669711
"Tyler Zuber","- - -",10,0,0,0,0,0,0,0,0,0,0,0,0,0,,,0,0,0,0,"Tyler Zuber",20379,676604
"Isaac Mattson","PIT",44,0,0,0,0,0,0,0,0,0,0,0,0,0,,,0,0,0,0,"Isaac Mattson",20385,676755
"Jovani Morán","BOS",2,0,0,0,0,0,0,0,0,0,0,0,0,0,,,0,0,0,0,"Jovani Moran",20422,663558
"Ryan Walker","SFG",68,0,0,0,0,0,0,0,0,0,0,0,0,0,,,0,0,0,0,"Ryan Walker",20423,676254
"Casey Mize","DET",28,0,0,0,0,0,0,0,0,0,0,0,0,0,,,0,0,0,0,"Casey Mize",20492,663554
"Kyle Nelson","ARI",3,0,0,0,0,0,0,0,0,0,0,0,0,0,,,0,0,0,0,"Kyle Nelson",20515,669459
"Nick Sandlin","TOR",19,0,0,0,0,0,0,0,0,0,0,0,0,0,,,0,0,0,0,"Nick Sandlin",20517,680704
"Edwin Uceta","TBR",70,0,0,0,0,0,0,0,0,0,0,0,0,0,,,0,0,0,0,"Edwin Uceta",20539,670955
"Grant Anderson","MIL",66,0,0,0,0,0,0,0,0,0,0,0,0,0,,,0,0,0,0,"Grant Anderson",20546,681982
"Bowden Francis","TOR",14,0,0,0,0,0,0,0,0,0,0,0,0,0,,,0,0,0,0,"Bowden Francis",20548,670102
"Tyler Phillips","MIA",54,0,0,0,0,0,0,0,0,0,0,0,0,0,,,0,0,0,0,"Tyler Phillips",20629,663969
"Yusei Kikuchi","LAA",33,0,0,0,0,0,0,0,0,0,0,0,0,0,,,0,0,0,0,"Yusei Kikuchi",20633,579328
"Luis F. Castillo","SEA",2,0,0,0,0,0,0,0,0,0,0,0,0,0,,,0,0,0,0,"Luis F. Castillo",20638,622379
"Félix Bautista","BAL",35,0,0,0,0,0,0,0,0,0,0,0,0,0,,,0,0,0,0,"Felix Bautista",20666,642585
"Cristopher Sánchez","PHI",32,0,0,0,0,0,0,0,0,0,0,0,0,0,,,0,0,0,0,"Cristopher Sanchez",20778,650911
"Manuel Rodríguez","TBR",31,0,0,0,0,0,0,0,0,0,0,0,0,0,,,0,0,0,0,"Manuel Rodriguez",20794,655889
"Michael Petersen","- - -",15,0,0,0,0,0,0,0,0,0,0,0,0,0,,,0,0,0,0,"Michael Petersen",20827,656848
"Elvin Rodríguez","- - -",7,0,0,0,0,0,0,0,0,0,0,0,0,0,,,0,0,0,0,"Elvin Rodriguez",20962,660730
"Eduard Bazardo","SEA",73,0,0,0,0,0,0,0,0,0,0,0,0,0,,,0,0,0,0,"Eduard Bazardo",20997,660825
"Jhoan Duran","- - -",72,0,0,0,0,0,0,0,0,0,0,0,0,0,,,0,0,0,0,"Jhoan Duran",21029,661395
"Emmanuel Clase","CLE",48,0,0,0,0,0,0,0,0,0,0,0,0,0,,,0,0,0,0,"Emmanuel Clase",21032,661403
"Seth Martinez","MIA",6,0,0,0,0,0,0,0,0,0,0,0,0,0,,,0,0,0,0,"Seth Martinez",21045,661527
"Luis Gil","NYY",11,0,0,0,0,0,0,0,0,0,0,0,0,0,,,0,0,0,0,"Luis Gil",21052,661563
"Dauri Moreta","PIT",18,0,0,0,0,0,0,0,0,0,0,0,0,0,,,0,0,0,0,"Dauri Moreta",21101,664294
"Jose Espada","BAL",1,0,0,0,0,0,0,0,0,0,0,0,0,0,,,0,0,0,0,"Jose Espada",21131,664744
"Alexis Díaz","- - -",18,0,0,0,0,0,0,0,0,0,0,0,0,0,,,0,0,0,0,"Alexis Diaz",21132,664747
"Brooks Kriske","- - -",16,0,0,0,0,0,0,0,0,0,0,0,0,0,,,0,0,0,0,"Brooks Kriske",21189,621139
"Connor Brogdon","LAA",43,0,0,0,0,0,0,0,0,0,0,0,0,0,,,0,0,0,0,"Connor Brogdon",21205,641401
"J.P. France","HOU",2,0,0,0,0,0,0,0,0,0,0,0,0,0,,,0,0,0,0,"J.P. France",21212,641585
"Bailey Ober","MIN",27,0,0,0,0,0,0,0,0,0,0,0,0,0,,,0,0,0,0,"Bailey Ober",21224,641927
"Daniel Robert","PHI",15,0,0,0,0,0,0,0,0,0,0,0,0,0,,,0,0,0,0,"Daniel Robert",21229,642016
"Allan Winans","NYY",3,0,0,0,0,0,0,0,0,0,0,0,0,0,,,0,0,0,0,"Allan Winans",21238,642216
"Jake Bird","- - -",48,0,0,0,0,0,0,0,0,0,0,0,0,0,,,0,0,0,0,"Jake Bird",21267,656234
"Lucas Gilbreath","COL",1,0,0,0,0,0,0,0,0,0,0,0,0,0,,,0,0,0,0,"Lucas Gilbreath",21290,656458
"Jacob Latz","TEX",33,0,0,0,0,0,0,0,0,0,0,0,0,0,,,0,0,0,0,"Jacob Latz",21306,656641
"Tylor Megill","NYM",14,0,0,0,0,0,0,0,0,0,0,0,0,0,,,0,0,0,0,"Tylor Megill",21318,656731
"Bennett Sousa","HOU",44,0,0,0,0,0,0,0,0,0,0,0,0,0,,,0,0,0,0,"Bennett Sousa",21345,656986
"Joe Ryan","MIN",31,0,0,0,0,0,0,0,0,0,0,0,0,0,,,0,0,0,0,"Joe Ryan",21390,657746
"Yerry De los Santos","NYY",25,0,0,0,0,0,0,0,0,0,0,0,0,0,,,0,0,0,0,"Yerry De los Santos",21420,660787
"Ryan Feltner","COL",6,0,0,0,0,0,0,0,0,0,0,0,0,0,,,0,0,0,0,"Ryan Feltner",21446,663372
"Davis Martin","CHW",26,0,0,0,0,0,0,0,0,0,0,0,0,0,,,0,0,0,0,"Davis Martin",21448,663436
"Konnor Pilkington","WSN",32,0,0,0,0,0,0,0,0,0,0,0,0,0,,,0,0,0,0,"Konnor Pilkington",21453,663455
"Kris Bubic","KCR",20,0,0,0,0,0,0,0,0,0,0,0,0,0,,,0,0,0,0,"Kris Bubic",21455,663460
"Cole Sands","MIN",69,0,0,0,0,0,0,0,0,0,0,0,0,0,,,0,0,0,0,"Cole Sands",21461,663485
"Sean Hjelle","SFG",12,0,0,0,0,0,0,0,0,0,0,0,0,0,,,0,0,0,0,"Sean Hjelle",21481,663546
"Stephen Kolek","- - -",19,0,0,0,0,0,0,0,0,0,0,0,0,0,,,0,0,0,0,"Stephen Kolek",21487,663568
"Jake Irvin","WSN",33,0,0,0,0,0,0,0,0,0,0,0,0,0,,,0,0,0,0,"Jake Irvin",21504,663623
"Hogan Harris","ATH",48,0,0,0,0,0,0,0,0,0,0,0,0,0,,,0,0,0,0,"Hogan Harris",21520,663687
"Daniel Lynch IV","KCR",57,0,0,0,0,0,0,0,0,0,0,0,0,0,,,0,0,0,0,"Daniel Lynch IV",21537,663738
"Chase Shugart","PIT",35,0,0,0,0,0,0,0,0,0,0,0,0,0,,,0,0,0,0,"Chase Shugart",21544,663767
"Justin Hagenman","NYM",9,0,0,0,0,0,0,0,0,0,0,0,0,0,,,0,0,0,0,"Justin Hagenman",21546,663795
"Jackson Kowar","SEA",15,0,0,0,0,0,0,0,0,0,0,0,0,0,,,0,0,0,0,"Jackson Kowar",21549,663804
"Brendon Little","TOR",79,0,0,0,0,0,0,0,0,0,0,0,0,0,,,0,0,0,0,"Brendon Little",21574,663893
"Tristan Beck","SFG",31,0,0,0,0,0,0,0,0,0,0,0,0,0,,,0,0,0,0,"Tristan Beck",21584,663941
"Grant Wolfram","BAL",21,0,0,0,0,0,0,0,0,0,0,0,0,0,,,0,0,0,0,"Grant Wolfram",21623,664991
"Elvis Peguero","- - -",8,0,0,0,0,0,0,0,0,0,0,0,0,0,,,0,0,0,0,"Elvis Peguero",21652,665625
"Elvis Alvarado","ATH",37,0,0,0,0,0,0,0,0,0,0,0,0,0,,,0,0,0,0,"Elvis Alvarado",21662,665660
"Edward Cabrera","MIA",26,0,0,0,0,0,0,0,0,0,0,0,0,0,,,0,0,0,0,"Edward Cabrera",21690,665795
"Javier Assad","CHC",8,0,0,0,0,0,0,0,0,0,0,0,0,0,,,0,0,0,0,"Javier Assad",21741,665871
"Cole Ragans","KCR",13,0,0,0,0,0,0,0,0,0,0,0,0,0,,,0,0,0,0,"Cole Ragans",21846,666142
"Mason Thompson","WSN",14,0,0,0,0,0,0,0,0,0,0,0,0,0,,,0,0,0,0,"Mason Thompson",21850,666168
"George Soriano","MIA",24,0,0,0,0,0,0,0,0,0,0,0,0,0,,,0,0,0,0,"George Soriano",21863,666277
"Gregory Santos","SEA",8,0,0,0,0,0,0,0,0,0,0,0,0,0,,,0,0,0,0,"Gregory Santos",21894,666619
"Sauryn Lao","- - -",8,0,0,0,0,0,0,0,0,0,0,0,0,0,,,0,0,0,0,"Sauryn Lao",21922,666659
"Juan Morillo","ARI",42,0,0,0,0,0,0,0,0,0,0,0,0,0,,,0,0,0,0,"Juan Morillo",21924,666661
"Joel Peguero","SFG",17,0,0,0,0,0,0,0,0,0,0,0,0,0,,,0,0,0,0,"Joel Peguero",21951,666711
"Camilo Doval","- - -",69,0,0,0,0,0,0,0,0,0,0,0,0,0,,,0,0,0,0,"Camilo Doval",21992,666808
"John King","STL",51,0,0,0,0,0,0,0,0,0,0,0,0,0,,,0,0,0,0,"John King",22051,667463
"José Soriano","LAA",31,0,0,0,0,0,0,0,0,0,0,0,0,0,,,0,0,0,0,"Jose Soriano",22100,667755
"Cole Winn","TEX",33,0,0,0,0,0,0,0,0,0,0,0,0,0,,,0,0,0,0,"Cole Winn",22113,668390
"Max Kranick","NYM",24,0,0,0,0,0,0,0,0,0,0,0,0,0,,,0,0,0,0,"Max Kranick",22175,668820
"Easton McGee","MIL",9,0,0,0,0,0,0,0,0,0,0,0,0,0,,,0,0,0,0,"Easton McGee",22176,668834
"Hunter Greene","CIN",19,0,0,0,0,0,0,0,0,0,0,0,0,0,,,0,0,0,0,"Hunter Greene",22182,668881
"Tobias Myers","MIL",22,0,0,0,0,0,0,0,0,0,0,0,0,0,,,0,0,0,0,"Tobias Myers",22191,668964
"Ryan Rolison","COL",31,0,0,0,0,0,0,0,0,0,0,0,0,0,,,0,0,0,0,"Ryan Rolison",22200,669020
"MacKenzie Gore","WSN",30,0,0,0,0,0,0,0,0,0,0,0,0,0,,,0,0,0,0,"MacKenzie Gore",22201,669022
"DL Hall","MIL",20,0,0,0,0,0,0,0,0,0,0,0,0,0,,,0,0,0,0,"DL Hall",22207,669084
"Jeremiah Estrada","SDP",77,0,0,0,0,0,0,0,0,0,0,0,0,0,,,0,0,0,0,"Jeremiah Estrada",22210,669093
"Logan Gilbert","SEA",25,0,0,0,0,0,0,0,0,0,0,0,0,0,,,0,0,0,0,"Logan Gilbert",22250,669302
"Sean Reynolds","SDP",19,0,0,0,0,0,0,0,0,0,0,0,0,0,,,0,0,0,0,"Sean Reynolds",22253,669308
"Shane Baz","TBR",31,0,0,0,0,0,0,0,0,0,0,0,0,0,,,0,0,0,0,"Shane Baz",22264,669358
"Tarik Skubal","DET",31,0,0,0,0,0,0,0,0,0,0,0,0,0,,,0,0,0,0,"Tarik Skubal",22267,669373
"Owen White","CHW",3,0,0,0,0,0,0,0,0,0,0,0,0,0,,,0,0,0,0,"Owen White",22273,669391
"Matt Sauer","LAD",10,0,0,0,0,0,0,0,0,0,0,0,0,0,,,0,0,0,0,"Matt Sauer",22284,669422
"Mason Englert","TBR",30,0,0,0,0,0,0,0,0,0,0,0,0,0,,,0,0,0,0,"Mason Englert",22288,669438
"Matthew Liberatore","STL",29,0,0,0,0,0,0,0,0,0,0,0,0,0,,,0,0,0,0,"Matthew Liberatore",22294,669461
"Brenan Hanifee","DET",54,0,0,0,0,0,0,0,0,0,0,0,0,0,,,0,0,0,0,"Brenan Hanifee",22304,669724
"Colin Holderman","PIT",24,0,0,0,0,0,0,0,0,0,0,0,0,0,,,0,0,0,0,"Colin Holderman",22361,670059
"Josh Winckowski","BOS",6,0,0,0,0,0,0,0,0,0,0,0,0,0,,,0,0,0,0,"Josh Winckowski",22387,670174
"Logan Gillaspie","SDP",3,0,0,0,0,0,0,0,0,0,0,0,0,0,,,0,0,0,0,"Logan Gillaspie",22461,670810
"Johan Oviedo","PIT",9,0,0,0,0,0,0,0,0,0,0,0,0,0,,,0,0,0,0,"Johan Oviedo",22487,670912
"Michel Otañez","ATH",6,0,0,0,0,0,0,0,0,0,0,0,0,0,,,0,0,0,0,"Michel Otanez",22533,671305
"Taj Bradley","- - -",27,0,0,0,0,0,0,0,0,0,0,0,0,0,,,0,0,0,0,"Taj Bradley",22543,671737
"Keider Montero","DET",20,0,0,0,0,0,0,0,0,0,0,0,0,0,,,0,0,0,0,"Keider Montero",22630,672456
"Carlos Hernández","- - -",41,0,0,0,0,0,0,0,0,0,0,0,0,0,,,0,0,0,0,"Carlos Hernandez",22713,672578
"Angel Zerpa","KCR",69,0,0,0,0,0,0,0,0,0,0,0,0,0,,,0,0,0,0,"Angel Zerpa",22717,672582
"Roansy Contreras","- - -",5,0,0,0,0,0,0,0,0,0,0,0,0,0,,,0,0,0,0,"Roansy Contreras",22810,672710
"Yoendrys Gómez","- - -",21,0,0,0,0,0,0,0,0,0,0,0,0,0,,,0,0,0,0,"Yoendrys Gomez",22872,672782
"Carlos Vargas","SEA",70,0,0,0,0,0,0,0,0,0,0,0,0,0,,,0,0,0,0,"Carlos Vargas",22915,672841
"Dedniel Núñez","NYM",10,0,0,0,0,0,0,0,0,0,0,0,0,0,,,0,0,0,0,"Dedniel Nunez",23055,673380
"Robinson Piña","- - -",2,0,0,0,0,0,0,0,0,0,0,0,0,0,,,0,0,0,0,"Robinson Pina",23091,673820
"Eduardo Salazar","WSN",30,0,0,0,0,0,0,0,0,0,0,0,0,0,,,0,0,0,0,"Eduardo Salazar",23135,674285
"Osvaldo Bido","ATH",26,0,0,0,0,0,0,0,0,0,0,0,0,0,,,0,0,0,0,"Osvaldo Bido",23150,674370
"Eduarniel Núñez","- - -",10,0,0,0,0,0,0,0,0,0,0,0,0,0,,,0,0,0,0,"Eduarniel Nunez",23162,674384
"Steven Cruz","KCR",47,0,0,0,0,0,0,0,0,0,0,0,0,0,,,0,0,0,0,"Steven Cruz",23165,674444
"Michael Mercado","PHI",3,0,0,0,0,0,0,0,0,0,0,0,0,0,,,0,0,0,0,"Michael Mercado",23223,675650
"Juan Mejia","COL",55,0,0,0,0,0,0,0,0,0,0,0,0,0,,,0,0,0,0,"Juan Mejia",23237,675848
"Cody Bolton","CLE",1,0,0,0,0,0,0,0,0,0,0,0,0,0,,,0,0,0,0,"Cody Bolton",23265,675989
"Codi Heuer","- - -",3,0,0,0,0,0,0,0,0,0,0,0,0,0,,,0,0,0,0,"Codi Heuer",23293,676051
"Janson Junk","MIA",21,0,0,0,0,0,0,0,0,0,0,0,0,0,,,0,0,0,0,"Janson Junk",23301,676083
"Collin Snider","SEA",24,0,0,0,0,0,0,0,0,0,0,0,0,0,,,0,0,0,0,"Collin Snider",23307,676092
"José Buttó","- - -",55,0,0,0,0,0,0,0,0,0,0,0,0,0,,,0,0,0,0,"Jose Butto",23313,676130
"Freddy Tarnok","MIA",5,0,0,0,0,0,0,0,0,0,0,0,0,0,,,0,0,0,0,"Freddy Tarnok",23324,676206
"Joey Cantillo","CLE",34,0,0,0,0,0,0,0,0,0,0,0,0,0,,,0,0,0,0,"Joey Cantillo",23335,676282
"Robert Garcia","TEX",71,0,0,0,0,0,0,0,0,0,0,0,0,0,,,0,0,0,0,"Robert Garcia",23363,676395
"Nolan Hoffman","PHI",1,0,0,0,0,0,0,0,0,0,0,0,0,0,,,0,0,0,0,"Nolan Hoffman",23381,676510
"PJ Poulin","WSN",28,0,0,0,0,0,0,0,0,0,0,0,0,0,,,0,0,0,0,"PJ Poulin",23394,676571
"Max Lazar","PHI",36,0,0,0,0,0,0,0,0,0,0,0,0,0,,,0,0,0,0,"Max Lazar",23426,676661
"JP Sears","- - -",27,0,0,0,0,0,0,0,0,0,0,0,0,0,,,0,0,0,0,"JP Sears",23429,676664
"Tom Cosgrove","CHC",2,0,0,0,0,0,0,0,0,0,0,0,0,0,,,0,0,0,0,"Tom Cosgrove",23443,676680
"Hunter Stratton","- - -",15,0,0,0,0,0,0,0,0,0,0,0,0,0,,,0,0,0,0,"Hunter Stratton",23455,676702
"Cam Sanders","PIT",6,0,0,0,0,0,0,0,0,0,0,0,0,0,,,0,0,0,0,"Cam Sanders",23479,676742
"Ron Marinaccio","SDP",7,0,0,0,0,0,0,0,0,0,0,0,0,0,,,0,0,0,0,"Ron Marinaccio",23488,676760
"Keaton Winn","SFG",7,0,0,0,0,0,0,0,0,0,0,0,0,0,,,0,0,0,0,"Keaton Winn",23499,676775
"Aaron Ashby","MIL",43,0,0,0,0,0,0,0,0,0,0,0,0,0,,,0,0,0,0,"Aaron Ashby",23550,676879
"Ben Brown","CHC",25,0,0,0,0,0,0,0,0,0,0,0,0,0,,,0,0,0,0,"Ben Brown",23590,676962
"Brett de Geus","PHI",1,0,0,0,0,0,0,0,0,0,0,0,0,0,,,0,0,0,0,"Brett de Geus",23592,676969
"Josh Walker","TOR",3,0,0,0,0,0,0,0,0,0,0,0,0,0,,,0,0,0,0,"Josh Walker",23617,677020
"Luis Garcia","HOU",2,0,0,0,0,0,0,0,0,0,0,0,0,0,,,0,0,0,0,"Luis Garcia",23735,677651
"Justin Bruihl","TOR",15,0,0,0,0,0,0,0,0,0,0,0,0,0,,,0,0,0,0,"Justin Bruihl",23779,677865
"Braxton Ashcraft","PIT",26,0,0,0,0,0,0,0,0,0,0,0,0,0,,,0,0,0,0,"Braxton Ashcraft",23793,677952
"Ryan Weathers","MIA",8,0,0,0,0,0,0,0,0,0,0,0,0,0,,,0,0,0,0,"Ryan Weathers",23796,677960
"Randy Dobnak","MIN",1,0,0,0,0,0,0,0,0,0,0,0,0,0,,,0,0,0,0,"Randy Dobnak",23798,677976
"Luarbert Arias","MIA",7,0,0,0,0,0,0,0,0,0,0,0,0,0,,,0,0,0,0,"Luarbert Arias",23811,678215
"Omar Cruz","SDP",2,0,0,0,0,0,0,0,0,0,0,0,0,0,,,0,0,0,0,"Omar Cruz",23875,678316
"Valente Bellozo","MIA",32,0,0,0,0,0,0,0,0,0,0,0,0,0,,,0,0,0,0,"Valente Bellozo",23899,678368
"Brayan Bello","BOS",29,0,0,0,0,0,0,0,0,0,0,0,0,0,,,0,0,0,0,"Brayan Bello",23920,678394
"Randy Rodríguez","SFG",50,0,0,0,0,0,0,0,0,0,0,0,0,0,,,0,0,0,0,"Randy Rodriguez",23974,678495
"Jose A. Ferrer","WSN",72,0,0,0,0,0,0,0,0,0,0,0,0,0,,,0,0,0,0,"Jose A. Ferrer",24017,678606
"Ronny Henriquez","MIA",69,0,0,0,0,0,0,0,0,0,0,0,0,0,,,0,0,0,0,"Ronny Henriquez",24094,678692
"Luis Peralta","COL",22,0,0,0,0,0,0,0,0,0,0,0,0,0,,,0,0,0,0,"Luis Peralta",24203,678821
"Kai-Wei Teng","SFG",8,0,0,0,0,0,0,0,0,0,0,0,0,0,,,0,0,0,0,"Kai-Wei Teng",24282,678906
"Luinder Avila","KCR",13,0,0,0,0,0,0,0,0,0,0,0,0,0,,,0,0,0,0,"Luinder Avila",24452,679883
"Justin Martinez","ARI",17,0,0,0,0,0,0,0,0,0,0,0,0,0,,,0,0,0,0,"Justin Martinez",24453,679885
"Carlos Duran","ATH",1,0,0,0,0,0,0,0,0,0,0,0,0,0,,,0,0,0,0,"Carlos Duran",24458,679922
"Simeon Woods Richardson","MIN",23,0,0,0,0,0,0,0,0,0,0,0,0,0,,,0,0,0,0,"Simeon Woods Richardson",24494,680573
"Lyon Richardson","CIN",34,0,0,0,0,0,0,0,0,0,0,0,0,0,,,0,0,0,0,"Lyon Richardson",24581,680689
"Kyle Bradish","BAL",6,0,0,0,0,0,0,0,0,0,0,0,0,0,,,0,0,0,0,"Kyle Bradish",24586,680694
"John Rooney","HOU",1,0,0,0,0,0,0,0,0,0,0,0,0,0,,,0,0,0,0,"John Rooney",24590,680701
"Joey Gerber","TBR",2,0,0,0,0,0,0,0,0,0,0,0,0,0,,,0,0,0,0,"Joey Gerber",24591,680702
"Austin Cox","ATL",13,0,0,0,0,0,0,0,0,0,0,0,0,0,,,0,0,0,0,"Austin Cox",24604,680735
"Jonathan Bowlan","KCR",34,0,0,0,0,0,0,0,0,0,0,0,0,0,,,0,0,0,0,"Jonathan Bowlan",24607,680742
"Braydon Fisher","TOR",52,0,0,0,0,0,0,0,0,0,0,0,0,0,,,0,0,0,0,"Braydon Fisher",24609,680755
"Victor Vodnik","COL",52,0,0,0,0,0,0,0,0,0,0,0,0,0,,,0,0,0,0,"Victor Vodnik",24614,680767
"Luis Curvelo","TEX",17,0,0,0,0,0,0,0,0,0,0,0,0,0,,,0,0,0,0,"Luis Curvelo",24710,681168
"Randy Vásquez","SDP",28,0,0,0,0,0,0,0,0,0,0,0,0,0,,,0,0,0,0,"Randy Vasquez",24719,681190
"Mike Burrows","PIT",23,0,0,0,0,0,0,0,0,0,0,0,0,0,,,0,0,0,0,"Mike Burrows",24728,681347
"Kyle Leahy","STL",62,0,0,0,0,0,0,0,0,0,0,0,0,0,,,0,0,0,0,"Kyle Leahy",24763,681517
"Ryan Fernandez","STL",32,0,0,0,0,0,0,0,0,0,0,0,0,0,,,0,0,0,0,"Ryan Fernandez",24862,681676
"Lazaro Estrada","TOR",2,0,0,0,0,0,0,0,0,0,0,0,0,0,,,0,0,0,0,"Lazaro Estrada",24914,681751
"Ethan Roberts","CHC",10,0,0,0,0,0,0,0,0,0,0,0,0,0,,,0,0,0,0,"Ethan Roberts",24930,681799
"Austin Warren","NYM",5,0,0,0,0,0,0,0,0,0,0,0,0,0,,,0,0,0,0,"Austin Warren",24937,681810
"Reese Olson","DET",13,0,0,0,0,0,0,0,0,0,0,0,0,0,,,0,0,0,0,"Reese Olson",24968,681857
"Cooper Criswell","BOS",7,0,0,0,0,0,0,0,0,0,0,0,0,0,,,0,0,0,0,"Cooper Criswell",24975,681867
"Shawn Dubin","- - -",30,0,0,0,0,0,0,0,0,0,0,0,0,0,,,0,0,0,0,"Shawn Dubin",24977,681869
"Erik Sabrowski","CLE",33,0,0,0,0,0,0,0,0,0,0,0,0,0,,,0,0,0,0,"Erik Sabrowski",24978,681870
"Colin Selby","BAL",11,0,0,0,0,0,0,0,0,0,0,0,0,0,,,0,0,0,0,"Colin Selby",24986,681882
"Kody Funderburk","MIN",39,0,0,0,0,0,0,0,0,0,0,0,0,0,,,0,0,0,0,"Kody Funderburk",24993,681892
"Evan Sisk","- - -",19,0,0,0,0,0,0,0,0,0,0,0,0,0,,,0,0,0,0,"Evan Sisk",24995,681895
"Alex Vesia","LAD",68,0,0,0,0,0,0,0,0,0,0,0,0,0,,,0,0,0,0,"Alex Vesia",25007,681911
"Jacob Lopez","ATH",21,0,0,0,0,0,0,0,0,0,0,0,0,0,,,0,0,0,0,"Jacob Lopez",25098,682052
"Tim Herrin","CLE",54,0,0,0,0,0,0,0,0,0,0,0,0,0,,,0,0,0,0,"Tim Herrin",25139,682120
"Jayvien Sandridge","NYY",1,0,0,0,0,0,0,0,0,0,0,0,0,0,,,0,0,0,0,"Jayvien Sandridge",25158,682144
"Penn Murfee","CHW",15,0,0,0,0,0,0,0,0,0,0,0,0,0,,,0,0,0,0,"Penn Murfee",25174,682171
"Yaramil Hiraldo","BAL",18,0,0,0,0,0,0,0,0,0,0,0,0,0,,,0,0,0,0,"Yaramil Hiraldo",25215,682274
"Roddery Muñoz","STL",9,0,0,0,0,0,0,0,0,0,0,0,0,0,,,0,0,0,0,"Roddery Munoz",25311,682610
"Abner Uribe","MIL",75,0,0,0,0,0,0,0,0,0,0,0,0,0,,,0,0,0,0,"Abner Uribe",25327,682842
"Nick Mears","MIL",63,0,0,0,0,0,0,0,0,0,0,0,0,0,,,0,0,0,0,"Nick Mears",25376,683232
"Brady Singer","CIN",32,0,0,0,0,0,0,0,0,0,0,0,0,0,,,0,0,0,0,"Brady Singer",25377,663903
"Sam Long","KCR",39,0,0,0,0,0,0,0,0,0,0,0,0,0,,,0,0,0,0,"Sam Long",25379,669674
"Drew Rasmussen","TBR",31,0,0,0,0,0,0,0,0,0,0,0,0,0,,,0,0,0,0,"Drew Rasmussen",25385,656876
"Ryan Zeferjahn","LAA",62,0,0,0,0,0,0,0,0,0,0,0,0,0,,,0,0,0,0,"Ryan Zeferjahn",25420,666171
"Gavin Hollowell","CHC",7,0,0,0,0,0,0,0,0,0,0,0,0,0,,,0,0,0,0,"Gavin Hollowell",25427,668970
"George Kirby","SEA",23,0,0,0,0,0,0,0,0,0,0,0,0,0,,,0,0,0,0,"George Kirby",25436,669923
"Nathan Wiles","ATL",1,0,0,0,0,0,0,0,0,0,0,0,0,0,,,0,0,0,0,"Nathan Wiles",25474,686249
"Joe La Sorsa","CIN",5,0,0,0,0,0,0,0,0,0,0,0,0,0,,,0,0,0,0,"Joe La Sorsa",25481,686747
"Paxton Schultz","TOR",13,0,0,0,0,0,0,0,0,0,0,0,0,0,,,0,0,0,0,"Paxton Schultz",25501,687606
"Matt Waldron","SDP",1,0,0,0,0,0,0,0,0,0,0,0,0,0,,,0,0,0,0,"Matt Waldron",25550,663362
"Isaiah Campbell","BOS",6,0,0,0,0,0,0,0,0,0,0,0,0,0,,,0,0,0,0,"Isaiah Campbell",25551,663462
"Nic Enright","CLE",27,0,0,0,0,0,0,0,0,0,0,0,0,0,,,0,0,0,0,"Nic Enright",25553,663671
"Brady Basso","ATH",11,0,0,0,0,0,0,0,0,0,0,0,0,0,,,0,0,0,0,"Brady Basso",25582,669620
"Sammy Peralta","LAA",5,0,0,0,0,0,0,0,0,0,0,0,0,0,,,0,0,0,0,"Sammy Peralta",25589,671111
"Xzavion Curry","MIA",3,0,0,0,0,0,0,0,0,0,0,0,0,0,,,0,0,0,0,"Xzavion Curry",25595,675540
"Luis Mey","CIN",23,0,0,0,0,0,0,0,0,0,0,0,0,0,,,0,0,0,0,"Luis Mey",25620,682825
"Hunter Gaddis","CLE",73,0,0,0,0,0,0,0,0,0,0,0,0,0,,,0,0,0,0,"Hunter Gaddis",25636,683769
"Justin Slaten","BOS",36,0,0,0,0,0,0,0,0,0,0,0,0,0,,,0,0,0,0,"Justin Slaten",25648,686580
"Ty Adcock","NYM",3,0,0,0,0,0,0,0,0,0,0,0,0,0,,,0,0,0,0,"Ty Adcock",25651,686654
"Kevin Kelly","TBR",41,0,0,0,0,0,0,0,0,0,0,0,0,0,,,0,0,0,0,"Kevin Kelly",25679,687330
"Zak Kent","CLE",12,0,0,0,0,0,0,0,0,0,0,0,0,0,,,0,0,0,0,"Zak Kent",25703,687849
"Matt Brash","SEA",53,0,0,0,0,0,0,0,0,0,0,0,0,0,,,0,0,0,0,"Matt Brash",25756,666374
"Randy Wynne","CIN",1,0,0,0,0,0,0,0,0,0,0,0,0,0,,,0,0,0,0,"Randy Wynne",25804,691094
"Luis Contreras","HOU",9,0,0,0,0,0,0,0,0,0,0,0,0,0,,,0,0,0,0,"Luis Contreras",25839,664351
"Noah Davis","- - -",9,0,0,0,0,0,0,0,0,0,0,0,0,0,,,0,0,0,0,"Noah Davis",25862,663562
"Connor Thomas","MIL",2,0,0,0,0,0,0,0,0,0,0,0,0,0,,,0,0,0,0,"Connor Thomas",25873,671162
"Hunter Brown","HOU",31,0,0,0,0,0,0,0,0,0,0,0,0,0,,,0,0,0,0,"Hunter Brown",25880,686613
"Bryan King","HOU",68,0,0,0,0,0,0,0,0,0,0,0,0,0,,,0,0,0,0,"Bryan King",25890,687911
"Yennier Cano","BAL",65,0,0,0,0,0,0,0,0,0,0,0,0,0,,,0,0,0,0,"Yennier Cano",25911,666974
"Casey Legumina","SEA",48,0,0,0,0,0,0,0,0,0,0,0,0,0,,,0,0,0,0,"Casey Legumina",25921,668984
"Josh Simpson","MIA",31,0,0,0,0,0,0,0,0,0,0,0,0,0,,,0,0,0,0,"Josh Simpson",25957,681006
"Quinn Priester","MIL",29,0,0,0,0,0,0,0,0,0,0,0,0,0,,,0,0,0,0,"Quinn Priester",25977,682990
"Seth Johnson","PHI",10,0,0,0,0,0,0,0,0,0,0,0,0,0,,,0,0,0,0,"Seth Johnson",26020,686751
"Tyler Owens","DET",3,0,0,0,0,0,0,0,0,0,0,0,0,0,,,0,0,0,0,"Tyler Owens",26030,687074
"Anthony Maldonado","ATH",6,0,0,0,0,0,0,0,0,0,0,0,0,0,,,0,0,0,0,"Anthony Maldonado",26034,687424
"Sawyer Gipson-Long","DET",8,0,0,0,0,0,0,0,0,0,0,0,0,0,,,0,0,0,0,"Sawyer Gipson-Long",26048,687830
"Brandon Walter","HOU",9,0,0,0,0,0,0,0,0,0,0,0,0,0,,,0,0,0,0,"Brandon Walter",26056,687888
"Easton Lucas","TOR",6,0,0,0,0,0,0,0,0,0,0,0,0,0,,,0,0,0,0,"Easton Lucas",26058,687922
"Beau Brieske","DET",22,0,0,0,0,0,0,0,0,0,0,0,0,0,,,0,0,0,0,"Beau Brieske",26079,689225
"Andre Pallante","STL",31,0,0,0,0,0,0,0,0,0,0,0,0,0,,,0,0,0,0,"Andre Pallante",26108,669467
"Blas Castaño","SEA",1,0,0,0,0,0,0,0,0,0,0,0,0,0,,,0,0,0,0,"Blas Castano",26117,680604
"Austin Pope","ARI",1,0,0,0,0,0,0,0,0,0,0,0,0,0,,,0,0,0,0,"Austin Pope",26136,687166
"Jack Little","LAD",2,0,0,0,0,0,0,0,0,0,0,0,0,0,,,0,0,0,0,"Jack Little",26152,669193
"Connor Gillispie","MIA",6,0,0,0,0,0,0,0,0,0,0,0,0,0,,,0,0,0,0,"Connor Gillispie",26171,687362
"Kade Strowd","BAL",25,0,0,0,0,0,0,0,0,0,0,0,0,0,,,0,0,0,0,"Kade Strowd",26191,669704
"Andrew Saalfrank","ARI",28,0,0,0,0,0,0,0,0,0,0,0,0,0,,,0,0,0,0,"Andrew Saalfrank",26203,685314
"Chris Murphy","BOS",23,0,0,0,0,0,0,0,0,0,0,0,0,0,,,0,0,0,0,"Chris Murphy",26214,669684
"Jackson Rutledge","WSN",63,0,0,0,0,0,0,0,0,0,0,0,0,0,,,0,0,0,0,"Jackson Rutledge",26215,671131
"Ryan Pepiot","TBR",31,0,0,0,0,0,0,0,0,0,0,0,0,0,,,0,0,0,0,"Ryan Pepiot",26221,686752
"Tyler Holton","DET",70,0,0,0,0,0,0,0,0,0,0,0,0,0,,,0,0,0,0,"Tyler Holton",26231,663947
"Orlando Ribalta","WSN",22,0,0,0,0,0,0,0,0,0,0,0,0,0,,,0,0,0,0,"Orlando Ribalta",26247,687377
"Erik Miller","SFG",36,0,0,0,0,0,0,0,0,0,0,0,0,0,,,0,0,0,0,"Erik Miller",26252,669062
"Caleb Freeman","CHW",5,0,0,0,0,0,0,0,0,0,0,0,0,0,,,0,0,0,0,"Caleb Freeman",26255,673965
"Joey Estes","ATH",3,0,0,0,0,0,0,0,0,0,0,0,0,0,,,0,0,0,0,"Joey Estes",26257,683155
"Hunter Bigge","TBR",13,0,0,0,0,0,0,0,0,0,0,0,0,0,,,0,0,0,0,"Hunter Bigge",26259,685801
"Drey Jameson","ARI",3,0,0,0,0,0,0,0,0,0,0,0,0,0,,,0,0,0,0,"Drey Jameson",26260,686753
"Tommy Henry","ARI",2,0,0,0,0,0,0,0,0,0,0,0,0,0,,,0,0,0,0,"Tommy Henry",26285,674072
"Bryan Hoeing","SDP",7,0,0,0,0,0,0,0,0,0,0,0,0,0,,,0,0,0,0,"Bryan Hoeing",26304,663773
"Taylor Rashi","ARI",10,0,0,0,0,0,0,0,0,0,0,0,0,0,,,0,0,0,0,"Taylor Rashi",26344,688497
"Marc Church","TEX",5,0,0,0,0,0,0,0,0,0,0,0,0,0,,,0,0,0,0,"Marc Church",26353,687847
"Nick Lodolo","CIN",29,0,0,0,0,0,0,0,0,0,0,0,0,0,,,0,0,0,0,"Nick Lodolo",26378,666157
"Porter Hodge","CHC",36,0,0,0,0,0,0,0,0,0,0,0,0,0,,,0,0,0,0,"Porter Hodge",26413,687863
"Bradley Blalock","COL",14,0,0,0,0,0,0,0,0,0,0,0,0,0,,,0,0,0,0,"Bradley Blalock",26419,687134
"Cody Laweryson","MIN",5,0,0,0,0,0,0,0,0,0,0,0,0,0,,,0,0,0,0,"Cody Laweryson",26429,689520
"Ryan Gusto","- - -",27,0,0,0,0,0,0,0,0,0,0,0,0,0,,,0,0,0,0,"Ryan Gusto",26440,687473
"Sam Aldegheri","LAA",4,0,0,0,0,0,0,0,0,0,0,0,0,0,,,0,0,0,0,"Sam Aldegheri",26443,691951
"Trevor McDonald","SFG",3,0,0,0,0,0,0,0,0,0,0,0,0,0,,,0,0,0,0,"Trevor McDonald",26448,686790
"Alex Carrillo","NYM",3,0,0,0,0,0,0,0,0,0,0,0,0,0,,,0,0,0,0,"Alex Carrillo",26463,692024
"Jayden Murray","HOU",9,0,0,0,0,0,0,0,0,0,0,0,0,0,,,0,0,0,0,"Jayden Murray",26482,681151
"Wikelman González","CHW",16,0,0,0,0,0,0,0,0,0,0,0,0,0,,,0,0,0,0,"Wikelman Gonzalez",26641,682790
"Angel Chivilli","COL",43,0,0,0,0,0,0,0,0,0,0,0,0,0,,,0,0,0,0,"Angel Chivilli",26790,683409
"Edgardo Henriquez","LAD",22,0,0,0,0,0,0,0,0,0,0,0,0,0,,,0,0,0,0,"Edgardo Henriquez",26944,683618
"Anthony Molina","COL",17,0,0,0,0,0,0,0,0,0,0,0,0,0,,,0,0,0,0,"Anthony Molina",26952,683627
"Juan Burgos","- - -",13,0,0,0,0,0,0,0,0,0,0,0,0,0,,,0,0,0,0,"Juan Burgos",27271,686228
"Rolddy Muñoz","ATL",3,0,0,0,0,0,0,0,0,0,0,0,0,0,,,0,0,0,0,"Rolddy Munoz",27407,691548
"Anthony Veneziano","- - -",26,0,0,0,0,0,0,0,0,0,0,0,0,0,,,0,0,0,0,"Anthony Veneziano",27453,685107
"Garrett Crochet","BOS",32,0,0,0,0,0,0,0,0,0,0,0,0,0,,,0,0,0,0,"Garrett Crochet",27463,676979
"Reid Detmers","LAA",61,0,0,0,0,0,0,0,0,0,0,0,0,0,,,0,0,0,0,"Reid Detmers",27468,672282
"Emerson Hancock","SEA",22,0,0,0,0,0,0,0,0,0,0,0,0,0,,,0,0,0,0,"Emerson Hancock",27470,676106
"Jared Shuster","CHW",12,0,0,0,0,0,0,0,0,0,0,0,0,0,,,0,0,0,0,"Jared Shuster",27472,694363
"Cade Cavalli","WSN",10,0,0,0,0,0,0,0,0,0,0,0,0,0,,,0,0,0,0,"Cade Cavalli",27473,676917
"Max Meyer","MIA",12,0,0,0,0,0,0,0,0,0,0,0,0,0,,,0,0,0,0,"Max Meyer",27474,676974
"Bryce Jarvis","ARI",12,0,0,0,0,0,0,0,0,0,0,0,0,0,,,0,0,0,0,"Bryce Jarvis",27477,686826
"Cole Wilcox","TBR",1,0,0,0,0,0,0,0,0,0,0,0,0,0,,,0,0,0,0,"Cole Wilcox",27481,677961
"Bobby Miller","LAD",2,0,0,0,0,0,0,0,0,0,0,0,0,0,,,0,0,0,0,"Bobby Miller",27483,676272
"Landon Knack","LAD",10,0,0,0,0,0,0,0,0,0,0,0,0,0,,,0,0,0,0,"Landon Knack",27487,689017
"Clayton Beeter","- - -",26,0,0,0,0,0,0,0,0,0,0,0,0,0,,,0,0,0,0,"Clayton Beeter",27494,690925
"Spencer Strider","ATL",23,0,0,0,0,0,0,0,0,0,0,0,0,0,,,0,0,0,0,"Spencer Strider",27498,675911
"Slade Cecconi","CLE",23,0,0,0,0,0,0,0,0,0,0,0,0,0,,,0,0,0,0,"Slade Cecconi",27500,677944
"Carson Ragsdale","BAL",2,0,0,0,0,0,0,0,0,0,0,0,0,0,,,0,0,0,0,"Carson Ragsdale",27508,685068
"Jared Koenig","MIL",72,0,0,0,0,0,0,0,0,0,0,0,0,0,,,0,0,0,0,"Jared Koenig",27517,657649
"Graham Ashcraft","CIN",62,0,0,0,0,0,0,0,0,0,0,0,0,0,,,0,0,0,0,"Graham Ashcraft",27552,668933
"Cole Henry","WSN",57,0,0,0,0,0,0,0,0,0,0,0,0,0,,,0,0,0,0,"Cole Henry",27570,669371
"Carmen Mlodzinski","PIT",34,0,0,0,0,0,0,0,0,0,0,0,0,0,,,0,0,0,0,"Carmen Mlodzinski",27572,669387
"Hayden Wesneski","HOU",6,0,0,0,0,0,0,0,0,0,0,0,0,0,,,0,0,0,0,"Hayden Wesneski",27581,669713
"Davis Daniel","ATL",3,0,0,0,0,0,0,0,0,0,0,0,0,0,,,0,0,0,0,"Davis Daniel",27582,669721
"Garrett Acton","TBR",1,0,0,0,0,0,0,0,0,0,0,0,0,0,,,0,0,0,0,"Garrett Acton",27583,670183
"Logan Allen","CLE",30,0,0,0,0,0,0,0,0,0,0,0,0,0,,,0,0,0,0,"Logan Allen",27589,671106
"Jake Eder","LAA",8,0,0,0,0,0,0,0,0,0,0,0,0,0,,,0,0,0,0,"Jake Eder",27590,671109
"Eric Orze","TBR",33,0,0,0,0,0,0,0,0,0,0,0,0,0,,,0,0,0,0,"Eric Orze",27626,679358
"Mitchell Parker","WSN",33,0,0,0,0,0,0,0,0,0,0,0,0,0,,,0,0,0,0,"Mitchell Parker",27636,680730
"Luis L. Ortiz","CLE",16,0,0,0,0,0,0,0,0,0,0,0,0,0,,,0,0,0,0,"Luis L. Ortiz",27646,682847
"Connor Phillips","CIN",21,0,0,0,0,0,0,0,0,0,0,0,0,0,,,0,0,0,0,"Connor Phillips",27649,683175
"Christian Roa","MIA",2,0,0,0,0,0,0,0,0,0,0,0,0,0,,,0,0,0,0,"Christian Roa",27662,685005
"Brandon Eisert","CHW",72,0,0,0,0,0,0,0,0,0,0,0,0,0,,,0,0,0,0,"Brandon Eisert",27668,685126
"Tanner Gordon","COL",15,0,0,0,0,0,0,0,0,0,0,0,0,0,,,0,0,0,0,"Tanner Gordon",27669,685299
"Carson Spiers","CIN",3,0,0,0,0,0,0,0,0,0,0,0,0,0,,,0,0,0,0,"Carson Spiers",27685,686730
"Jack Kochanowicz","LAA",23,0,0,0,0,0,0,0,0,0,0,0,0,0,,,0,0,0,0,"Jack Kochanowicz",27688,686799
"Louis Varland","- - -",74,0,0,0,0,0,0,0,0,0,0,0,0,0,,,0,0,0,0,"Louis Varland",27691,686973
"Justin Sterner","ATH",59,0,0,0,0,0,0,0,0,0,0,0,0,0,,,0,0,0,0,"Justin Sterner",27694,686993
"Brian Van Belle","TBR",4,0,0,0,0,0,0,0,0,0,0,0,0,0,,,0,0,0,0,"Brian Van Belle",27695,687003
"Brent Headrick","NYY",17,0,0,0,0,0,0,0,0,0,0,0,0,0,,,0,0,0,0,"Brent Headrick",27702,687396
"Mitch Spence","ATH",32,0,0,0,0,0,0,0,0,0,0,0,0,0,,,0,0,0,0,"Mitch Spence",27707,687765
"Bailey Horn","DET",10,0,0,0,0,0,0,0,0,0,0,0,0,0,,,0,0,0,0,"Bailey Horn",27753,690544
"Mick Abel","- - -",11,0,0,0,0,0,0,0,0,0,0,0,0,0,,,0,0,0,0,"Mick Abel",27756,690953
"Kyle Harrison","- - -",11,0,0,0,0,0,0,0,0,0,0,0,0,0,,,0,0,0,0,"Kyle Harrison",27758,690986
"Yosver Zulueta","CIN",7,0,0,0,0,0,0,0,0,0,0,0,0,0,,,0,0,0,0,"Yosver Zulueta",27765,691172
"Eury Pérez","MIA",20,0,0,0,0,0,0,0,0,0,0,0,0,0,,,0,0,0,0,"Eury Perez",27768,691587
"Kyle Nicolas","PIT",31,0,0,0,0,0,0,0,0,0,0,0,0,0,,,0,0,0,0,"Kyle Nicolas",27775,693312
"Bryce Elder","ATL",28,0,0,0,0,0,0,0,0,0,0,0,0,0,,,0,0,0,0,"Bryce Elder",27779,693821
"Brandon Pfaadt","ARI",33,0,0,0,0,0,0,0,0,0,0,0,0,0,,,0,0,0,0,"Brandon Pfaadt",27782,694297
"Zach Brzykcy","WSN",26,0,0,0,0,0,0,0,0,0,0,0,0,0,,,0,0,0,0,"Zach Brzykcy",27783,694350
"Will Klein","LAD",14,0,0,0,0,0,0,0,0,0,0,0,0,0,,,0,0,0,0,"Will Klein",27787,694361
"Dugan Darnell","COL",9,0,0,0,0,0,0,0,0,0,0,0,0,0,,,0,0,0,0,"Dugan Darnell",27812,699911
"Brandon Young","BAL",12,0,0,0,0,0,0,0,0,0,0,0,0,0,,,0,0,0,0,"Brandon Young",27819,687064
"Cade Smith","CLE",76,0,0,0,0,0,0,0,0,0,0,0,0,0,,,0,0,0,0,"Cade Smith",27867,671922
"J.T. Ginn","ATH",23,0,0,0,0,0,0,0,0,0,0,0,0,0,,,0,0,0,0,"J.T. Ginn",27889,669372
"Noah Murdock","ATH",14,0,0,0,0,0,0,0,0,0,0,0,0,0,,,0,0,0,0,"Noah Murdock",27908,668716
"Daniel Palencia","CHC",54,0,0,0,0,0,0,0,0,0,0,0,0,0,,,0,0,0,0,"Daniel Palencia",27914,694037
"Ian Seymour","TBR",19,0,0,0,0,0,0,0,0,0,0,0,0,0,,,0,0,0,0,"Ian Seymour",27932,693855
"Andry Lara","WSN",9,0,0,0,0,0,0,0,0,0,0,0,0,0,,,0,0,0,0,"Andry Lara",27967,691251
"Cristian Mena","ARI",3,0,0,0,0,0,0,0,0,0,0,0,0,0,,,0,0,0,0,"Cristian Mena",27974,691441
"Jose Corniell","TEX",1,0,0,0,0,0,0,0,0,0,0,0,0,0,,,0,0,0,0,"Jose Corniell",27984,692030
"Luke Little","CHC",2,0,0,0,0,0,0,0,0,0,0,0,0,0,,,0,0,0,0,"Luke Little",28036,681432
"Bradgley Rodriguez","SDP",7,0,0,0,0,0,0,0,0,0,0,0,0,0,,,0,0,0,0,"Bradgley Rodriguez",29107,699134
"Yilber Díaz","ARI",1,0,0,0,0,0,0,0,0,0,0,0,0,0,,,0,0,0,0,"Yilber Diaz",29271,700270
"Gordon Graceffo","STL",26,0,0,0,0,0,0,0,0,0,0,0,0,0,,,0,0,0,0,"Gordon Graceffo",29519,700669
"Ryan Loutos","- - -",12,0,0,0,0,0,0,0,0,0,0,0,0,0,,,0,0,0,0,"Ryan Loutos",29521,702795
"Fraser Ellard","CHW",18,0,0,0,0,0,0,0,0,0,0,0,0,0,,,0,0,0,0,"Fraser Ellard",29530,686642
"Andre Granillo","STL",14,0,0,0,0,0,0,0,0,0,0,0,0,0,,,0,0,0,0,"Andre Granillo",29542,701552
"Patrick Monteverde","MIA",1,0,0,0,0,0,0,0,0,0,0,0,0,0,,,0,0,0,0,"Patrick Monteverde",29564,687287
"Chase Lee","DET",32,0,0,0,0,0,0,0,0,0,0,0,0,0,,,0,0,0,0,"Chase Lee",29574,695445
"Joe Boyle","TBR",13,0,0,0,0,0,0,0,0,0,0,0,0,0,,,0,0,0,0,"Joe Boyle",29608,671212
"Kyle Backhus","ARI",32,0,0,0,0,0,0,0,0,0,0,0,0,0,,,0,0,0,0,"Kyle Backhus",29615,679775
"Alek Jacob","SDP",29,0,0,0,0,0,0,0,0,0,0,0,0,0,,,0,0,0,0,"Alek Jacob",29628,689690
"Matt Svanson","STL",39,0,0,0,0,0,0,0,0,0,0,0,0,0,,,0,0,0,0,"Matt Svanson",29629,694335
"Andrew Hoffmann","- - -",11,0,0,0,0,0,0,0,0,0,0,0,0,0,,,0,0,0,0,"Andrew Hoffmann",29633,694851
"Sam Bachman","LAA",23,0,0,0,0,0,0,0,0,0,0,0,0,0,,,0,0,0,0,"Sam Bachman",29754,696147
"Mason Montgomery","TBR",57,0,0,0,0,0,0,0,0,0,0,0,0,0,,,0,0,0,0,"Mason Montgomery",29770,682254
"Robert Gasser","MIL",2,0,0,0,0,0,0,0,0,0,0,0,0,0,,,0,0,0,0,"Robert Gasser",29812,688107
"Bryce Miller","SEA",18,0,0,0,0,0,0,0,0,0,0,0,0,0,,,0,0,0,0,"Bryce Miller",29837,682243
"Emmet Sheehan","LAD",15,0,0,0,0,0,0,0,0,0,0,0,0,0,,,0,0,0,0,"Emmet Sheehan",29839,686218
"Ryan Bergert","- - -",19,0,0,0,0,0,0,0,0,0,0,0,0,0,,,0,0,0,0,"Ryan Bergert",29863,686701
"Chayce McDermott","BAL",4,0,0,0,0,0,0,0,0,0,0,0,0,0,,,0,0,0,0,"Chayce McDermott",29866,694646
"Bubba Chandler","PIT",7,0,0,0,0,0,0,0,0,0,0,0,0,0,,,0,0,0,0,"Bubba Chandler",29868,696149
"Michael McGreevy","STL",17,0,0,0,0,0,0,0,0,0,0,0,0,0,,,0,0,0,0,"Michael McGreevy",29869,700241
"Sean Burke","CHW",28,0,0,0,0,0,0,0,0,0,0,0,0,0,,,0,0,0,0,"Sean Burke",29878,680732
"Andrew Abbott","CIN",29,0,0,0,0,0,0,0,0,0,0,0,0,0,,,0,0,0,0,"Andrew Abbott",29911,671096
"Andrew Alvarez","WSN",5,0,0,0,0,0,0,0,0,0,0,0,0,0,,,0,0,0,0,"Andrew Alvarez",29914,674841
"Spencer Arrighetti","HOU",7,0,0,0,0,0,0,0,0,0,0,0,0,0,,,0,0,0,0,"Spencer Arrighetti",29921,681293
"Dylan Dodd","ATL",28,0,0,0,0,0,0,0,0,0,0,0,0,0,,,0,0,0,0,"Dylan Dodd",29928,689266
"Jordan Leasure","CHW",68,0,0,0,0,0,0,0,0,0,0,0,0,0,,,0,0,0,0,"Jordan Leasure",29950,673929
"AJ Smith-Shawver","ATL",9,0,0,0,0,0,0,0,0,0,0,0,0,0,,,0,0,0,0,"AJ Smith-Shawver",29960,700363
"Grant Holman","ATH",22,0,0,0,0,0,0,0,0,0,0,0,0,0,,,0,0,0,0,"Grant Holman",30002,680880
"McCade Brown","COL",7,0,0,0,0,0,0,0,0,0,0,0,0,0,,,0,0,0,0,"McCade Brown",30004,685326
"Joe Rock","TBR",3,0,0,0,0,0,0,0,0,0,0,0,0,0,,,0,0,0,0,"Joe Rock",30016,697812
"Cade Povich","BAL",22,0,0,0,0,0,0,0,0,0,0,0,0,0,,,0,0,0,0,"Cade Povich",30055,700249
"David Festa","MIN",11,0,0,0,0,0,0,0,0,0,0,0,0,0,,,0,0,0,0,"David Festa",30056,701581
"Chase Silseth","LAA",10,0,0,0,0,0,0,0,0,0,0,0,0,0,,,0,0,0,0,"Chase Silseth",30074,681217
"Landen Roupp","SFG",22,0,0,0,0,0,0,0,0,0,0,0,0,0,,,0,0,0,0,"Landen Roupp",30076,694738
"Carson Seymour","SFG",16,0,0,0,0,0,0,0,0,0,0,0,0,0,,,0,0,0,0,"Carson Seymour",30084,693313
"Ben Casparius","LAD",46,0,0,0,0,0,0,0,0,0,0,0,0,0,,,0,0,0,0,"Ben Casparius",30085,676508
"Jordan Wicks","CHC",8,0,0,0,0,0,0,0,0,0,0,0,0,0,,,0,0,0,0,"Jordan Wicks",30094,696136
"Mike Vasil","CHW",47,0,0,0,0,0,0,0,0,0,0,0,0,0,,,0,0,0,0,"Mike Vasil",30105,678024
"Chad Patrick","MIL",27,0,0,0,0,0,0,0,0,0,0,0,0,0,,,0,0,0,0,"Chad Patrick",30113,694477
"Robert Suarez","SDP",70,0,0,0,0,0,0,0,0,0,0,0,0,0,,,0,0,0,0,"Robert Suarez",30115,663158
"Gavin Williams","CLE",31,0,0,0,0,0,0,0,0,0,0,0,0,0,,,0,0,0,0,"Gavin Williams",30122,668909
"Brant Hurter","DET",43,0,0,0,0,0,0,0,0,0,0,0,0,0,,,0,0,0,0,"Brant Hurter",30133,676428
"Tanner Bibee","CLE",31,0,0,0,0,0,0,0,0,0,0,0,0,0,,,0,0,0,0,"Tanner Bibee",30134,676440
"Doug Nikhazy","CLE",2,0,0,0,0,0,0,0,0,0,0,0,0,0,,,0,0,0,0,"Doug Nikhazy",30142,680951
"Dylan Smith","DET",7,0,0,0,0,0,0,0,0,0,0,0,0,0,,,0,0,0,0,"Dylan Smith",30145,681916
"Dom Hamel","NYM",1,0,0,0,0,0,0,0,0,0,0,0,0,0,,,0,0,0,0,"Dom Hamel",30153,687589
"Richard Fitts","BOS",11,0,0,0,0,0,0,0,0,0,0,0,0,0,,,0,0,0,0,"Richard Fitts",30160,690916
"Carlos Rodriguez","MIL",4,0,0,0,0,0,0,0,0,0,0,0,0,0,,,0,0,0,0,"Carlos Rodriguez",30161,692230
"Chase Petty","CIN",3,0,0,0,0,0,0,0,0,0,0,0,0,0,,,0,0,0,0,"Chase Petty",30170,695534
"Mason Black","SFG",1,0,0,0,0,0,0,0,0,0,0,0,0,0,,,0,0,0,0,"Mason Black",30171,696131
"Pierson Ohl","MIN",14,0,0,0,0,0,0,0,0,0,0,0,0,0,,,0,0,0,0,"Pierson Ohl",30179,701487
"Travis Adams","MIN",18,0,0,0,0,0,0,0,0,0,0,0,0,0,,,0,0,0,0,"Travis Adams",30180,701519
"Will Warren","NYY",33,0,0,0,0,0,0,0,0,0,0,0,0,0,,,0,0,0,0,"Will Warren",30182,701542
"Noah Cameron","KCR",24,0,0,0,0,0,0,0,0,0,0,0,0,0,,,0,0,0,0,"Noah Cameron",30184,702070
"Jackson Jobe","DET",10,0,0,0,0,0,0,0,0,0,0,0,0,0,,,0,0,0,0,"Jackson Jobe",30203,695549
"Christian Montes De Oca","ARI",1,0,0,0,0,0,0,0,0,0,0,0,0,0,,,0,0,0,0,"Christian Montes De Oca",30206,801216
"Spencer Bivens","SFG",54,0,0,0,0,0,0,0,0,0,0,0,0,0,,,0,0,0,0,"Spencer Bivens",30226,702352
"Hunter Dobbins","BOS",13,0,0,0,0,0,0,0,0,0,0,0,0,0,,,0,0,0,0,"Hunter Dobbins",30240,690928
"Jack Dreyer","LAD",67,0,0,0,0,0,0,0,0,0,0,0,0,0,,,0,0,0,0,"Jack Dreyer",30249,676263
"Jaden Hill","COL",28,0,0,0,0,0,0,0,0,0,0,0,0,0,,,0,0,0,0,"Jaden Hill",30250,677955
"Bryan Woo","SEA",30,0,0,0,0,0,0,0,0,0,0,0,0,0,,,0,0,0,0,"Bryan Woo",30279,693433
"Didier Fuentes","ATL",4,0,0,0,0,0,0,0,0,0,0,0,0,0,,,0,0,0,0,"Didier Fuentes",30661,800311
"Luis Guerrero","BOS",13,0,0,0,0,0,0,0,0,0,0,0,0,0,,,0,0,0,0,"Luis Guerrero",31184,692285
"Justin Wrobleski","LAD",24,0,0,0,0,0,0,0,0,0,0,0,0,0,,,0,0,0,0,"Justin Wrobleski",31204,680736
"Chris Roycroft","STL",20,0,0,0,0,0,0,0,0,0,0,0,0,0,,,0,0,0,0,"Chris Roycroft",31261,688297
"Colton Gordon","HOU",20,0,0,0,0,0,0,0,0,0,0,0,0,0,,,0,0,0,0,"Colton Gordon",31312,676467
"Gunnar Hoglund","ATH",6,0,0,0,0,0,0,0,0,0,0,0,0,0,,,0,0,0,0,"Gunnar Hoglund",31318,680684
"Ben Joyce","LAA",5,0,0,0,0,0,0,0,0,0,0,0,0,0,,,0,0,0,0,"Ben Joyce",31461,690829
"Jack Perkins","ATH",12,0,0,0,0,0,0,0,0,0,0,0,0,0,,,0,0,0,0,"Jack Perkins",31468,678022
"Logan Henderson","MIL",5,0,0,0,0,0,0,0,0,0,0,0,0,0,,,0,0,0,0,"Logan Henderson",31475,701656
"Michael Darrell-Hicks","- - -",7,0,0,0,0,0,0,0,0,0,0,0,0,0,,,0,0,0,0,"Michael Darrell-Hicks",31501,690382
"Caden Dana","LAA",7,0,0,0,0,0,0,0,0,0,0,0,0,0,,,0,0,0,0,"Caden Dana",31508,702674
"Victor Mederos","LAA",5,0,0,0,0,0,0,0,0,0,0,0,0,0,,,0,0,0,0,"Victor Mederos",31533,682989
"Zach Agnos","COL",30,0,0,0,0,0,0,0,0,0,0,0,0,0,,,0,0,0,0,"Zach Agnos",31552,688642
"Mason Fluharty","TOR",55,0,0,0,0,0,0,0,0,0,0,0,0,0,,,0,0,0,0,"Mason Fluharty",31553,689254
"Paul Gervase","- - -",6,0,0,0,0,0,0,0,0,0,0,0,0,0,,,0,0,0,0,"Paul Gervase",31571,801434
"Jake Palisch","CHW",1,0,0,0,0,0,0,0,0,0,0,0,0,0,,,0,0,0,0,"Jake Palisch",31598,669449
"Zach Maxwell","CIN",8,0,0,0,0,0,0,0,0,0,0,0,0,0,,,0,0,0,0,"Zach Maxwell",31610,687209
"Carson Palmquist","COL",9,0,0,0,0,0,0,0,0,0,0,0,0,0,,,0,0,0,0,"Carson Palmquist",31612,687223
"David Morgan","SDP",41,0,0,0,0,0,0,0,0,0,0,0,0,0,,,0,0,0,0,"David Morgan",31616,688158
"Jacob Misiorowski","MIL",15,0,0,0,0,0,0,0,0,0,0,0,0,0,,,0,0,0,0,"Jacob Misiorowski",31623,694819
"Hayden Birdsong","SFG",21,0,0,0,0,0,0,0,0,0,0,0,0,0,,,0,0,0,0,"Hayden Birdsong",31635,806185
"Carson Whisenhunt","SFG",5,0,0,0,0,0,0,0,0,0,0,0,0,0,,,0,0,0,0,"Carson Whisenhunt",31676,687931
"Shane Smith","CHW",29,0,0,0,0,0,0,0,0,0,0,0,0,0,,,0,0,0,0,"Shane Smith",31687,681343
"Blade Tidwell","NYM",4,0,0,0,0,0,0,0,0,0,0,0,0,0,,,0,0,0,0,"Blade Tidwell",31701,694918
"Jonathan Cannon","CHW",22,0,0,0,0,0,0,0,0,0,0,0,0,0,,,0,0,0,0,"Jonathan Cannon",31730,686563
"Mason Barnett","ATH",5,0,0,0,0,0,0,0,0,0,0,0,0,0,,,0,0,0,0,"Mason Barnett",31741,686930
"Garrett McDaniels","LAA",10,0,0,0,0,0,0,0,0,0,0,0,0,0,,,0,0,0,0,"Garrett McDaniels",31751,680729
"Mason Miller","- - -",60,0,0,0,0,0,0,0,0,0,0,0,0,0,,,0,0,0,0,"Mason Miller",31757,695243
"AJ Blubaugh","HOU",11,0,0,0,0,0,0,0,0,0,0,0,0,0,,,0,0,0,0,"AJ Blubaugh",31764,805123
"Orion Kerkering","PHI",69,0,0,0,0,0,0,0,0,0,0,0,0,0,,,0,0,0,0,"Orion Kerkering",31776,689147
"Troy Melton","DET",16,0,0,0,0,0,0,0,0,0,0,0,0,0,,,0,0,0,0,"Troy Melton",31807,675512
"Cade Gibson","MIA",44,0,0,0,0,0,0,0,0,0,0,0,0,0,,,0,0,0,0,"Cade Gibson",31815,806188
"Zebby Matthews","MIN",16,0,0,0,0,0,0,0,0,0,0,0,0,0,,,0,0,0,0,"Zebby Matthews",31827,805673
"Kodai Senga","NYM",22,0,0,0,0,0,0,0,0,0,0,0,0,0,,,0,0,0,0,"Kodai Senga",31838,673540
"Kumar Rocker","TEX",14,0,0,0,0,0,0,0,0,0,0,0,0,0,,,0,0,0,0,"Kumar Rocker",31843,677958
"Spencer Schwellenbach","ATL",17,0,0,0,0,0,0,0,0,0,0,0,0,0,,,0,0,0,0,"Spencer Schwellenbach",31846,680885
"Cade Horton","CHC",23,0,0,0,0,0,0,0,0,0,0,0,0,0,,,0,0,0,0,"Cade Horton",31872,690990
"Troy Taylor","SEA",8,0,0,0,0,0,0,0,0,0,0,0,0,0,,,0,0,0,0,"Troy Taylor",31883,700187
"Logan VanWey","HOU",9,0,0,0,0,0,0,0,0,0,0,0,0,0,,,0,0,0,0,"Logan VanWey",31884,701121
"Adam Mazur","MIA",6,0,0,0,0,0,0,0,0,0,0,0,0,0,,,0,0,0,0,"Adam Mazur",31900,800049
"Hayden Harris","ATL",3,0,0,0,0,0,0,0,0,0,0,0,0,0,,,0,0,0,0,"Hayden Harris",31913,802686
"Brad Lord","WSN",48,0,0,0,0,0,0,0,0,0,0,0,0,0,,,0,0,0,0,"Brad Lord",31972,695418
"Parker Messick","CLE",7,0,0,0,0,0,0,0,0,0,0,0,0,0,,,0,0,0,0,"Parker Messick",31986,800048
"Thomas Harrington","PIT",3,0,0,0,0,0,0,0,0,0,0,0,0,0,,,0,0,0,0,"Thomas Harrington",31989,802419
"Drew Sommers","DET",4,0,0,0,0,0,0,0,0,0,0,0,0,0,,,0,0,0,0,"Drew Sommers",32026,805427
"Cam Schlittler","NYY",14,0,0,0,0,0,0,0,0,0,0,0,0,0,,,0,0,0,0,"Cam Schlittler",32095,693645
"Jonah Tong","NYM",5,0,0,0,0,0,0,0,0,0,0,0,0,0,,,0,0,0,0,"Jonah Tong",32157,804636
"Luis Morales","ATH",10,0,0,0,0,0,0,0,0,0,0,0,0,0,,,0,0,0,0,"Luis Morales",32227,806960
"Hunter Barco","PIT",2,0,0,0,0,0,0,0,0,0,0,0,0,0,,,0,0,0,0,"Hunter Barco",33174,682995
"Craig Yoho","MIL",8,0,0,0,0,0,0,0,0,0,0,0,0,0,,,0,0,0,0,"Craig Yoho",33248,684974
"Seth Halvorsen","COL",42,0,0,0,0,0,0,0,0,0,0,0,0,0,,,0,0,0,0,"Seth Halvorsen",33294,678020
"Chase Dollander","COL",21,0,0,0,0,0,0,0,0,0,0,0,0,0,,,0,0,0,0,"Chase Dollander",33482,801403
"Hurston Waldrep","ATL",10,0,0,0,0,0,0,0,0,0,0,0,0,0,,,0,0,0,0,"Hurston Waldrep",33527,694462
"Brandyn Garcia","- - -",14,0,0,0,0,0,0,0,0,0,0,0,0,0,,,0,0,0,0,"Brandyn Garcia",33568,805299
"Mitch Farris","LAA",5,0,0,0,0,0,0,0,0,0,0,0,0,0,,,0,0,0,0,"Mitch Farris",33628,815083
"Connelly Early","BOS",4,0,0,0,0,0,0,0,0,0,0,0,0,0,,,0,0,0,0,"Connelly Early",33666,813349
"Paul Skenes","PIT",32,0,0,0,0,0,0,0,0,0,0,0,0,0,,,0,0,0,0,"Paul Skenes",33677,694973
"Logan Evans","SEA",16,0,0,0,0,0,0,0,0,0,0,0,0,0,,,0,0,0,0,"Logan Evans",33699,688138
"Nolan McLean","NYM",8,0,0,0,0,0,0,0,0,0,0,0,0,0,,,0,0,0,0,"Nolan McLean",33703,690997
"Philip Abner","ARI",5,0,0,0,0,0,0,0,0,0,0,0,0,0,,,0,0,0,0,"Philip Abner",33821,691769
"Yoshinobu Yamamoto","LAD",30,0,0,0,0,0,0,0,0,0,0,0,0,0,,,0,0,0,0,"Yoshinobu Yamamoto",33825,808967
"Yuki Matsui","SDP",61,0,0,0,0,0,0,0,0,0,0,0,0,0,,,0,0,0,0,"Yuki Matsui",33826,673513
"Shota Imanaga","CHC",25,0,0,0,0,0,0,0,0,0,0,0,0,0,,,0,0,0,0,"Shota Imanaga",33829,684007
"Andrew Walters","CLE",2,0,0,0,0,0,0,0,0,0,0,0,0,0,,,0,0,0,0,"Andrew Walters",33834,689958
"Yariel Rodríguez","TOR",66,0,0,0,0,0,0,0,0,0,0,0,0,0,,,0,0,0,0,"Yariel Rodriguez",33838,684320
"Brandon Sproat","NYM",4,0,0,0,0,0,0,0,0,0,0,0,0,0,,,0,0,0,0,"Brandon Sproat",33850,687075
"José Fermin","LAA",40,0,0,0,0,0,0,0,0,0,0,0,0,0,,,0,0,0,0,"Jose Fermin",33908,820862
"Grant Taylor","CHW",36,0,0,0,0,0,0,0,0,0,0,0,0,0,,,0,0,0,0,"Grant Taylor",33927,691799
"Jonathan Pintaro","NYM",1,0,0,0,0,0,0,0,0,0,0,0,0,0,,,0,0,0,0,"Jonathan Pintaro",33980,702752
"Tomoyuki Sugano","BAL",30,0,0,0,0,0,0,0,0,0,0,0,0,0,,,0,0,0,0,"Tomoyuki Sugano",35321,608372
"Roki Sasaki","LAD",10,0,0,0,0,0,0,0,0,0,0,0,0,0,,,0,0,0,0,"Roki Sasaki",35323,808963
"Ryan Johnson","LAA",14,0,0,0,0,0,0,0,0,0,0,0,0,0,,,0,0,0,0,"Ryan Johnson",35325,696270
"Chase Burns","CIN",13,0,0,0,0,0,0,0,0,0,0,0,0,0,,,0,0,0,0,"Chase Burns",35333,695505
"Trey Yesavage","TOR",3,0,0,0,0,0,0,0,0,0,0,0,0,0,,,0,0,0,0,"Trey Yesavage",35456,702056
"Payton Tolle","BOS",7,0,0,0,0,0,0,0,0,0,0,0,0,0,,,0,0,0,0,"Payton Tolle",35466,801139
"Jhostynxon Garcia","BOS",5,9,0,0,0,0,0.222222222,0.555555555,0.142857143,0.5,0.142857142,0.333333333,0.285714285,0.2927667564815945,0.3023326661851671,82.02377307070944,-0.012239638133905828,-0.20292336267179414,-0.11595062911510468,-0.0009336550028061184,"Jhostynxon Garcia",28142,691373
"Rafael Flores","PIT",7,17,0,0,0,0,0.117647058,0.411764705,0.133333333,0.375,0.2,0.294117647,0.333333333,0.2805419914862689,0.3720584757187787,75.88191584014989,-0.4098838660866022,-0.8958275407347749,0.255510400980711,-0.007637490295429608,"Rafael Flores",31991,804668
"Rob Brantly","MIA",3,7,0,0,1,0,0,0.142857142,0,0.5,0.428571428,0.428571428,0.428571428,0.3781739217894418,0.2189999989100865,143.30541150469614,-0.11489557661116123,0.24438555966833508,-0.5615042224526405,-0.00861433930356983,"Rob Brantly",10655,542963
"Billy Cook","PIT",3,6,0,1,0,0,0,0.166666666,0,0.4,0.333333333,0.333333333,0.333333333,0.29413527250289917,0.3801666895548503,85.19375049777584,-0.250592615455389,-0.3558834382818677,0.06690345145761967,-0.00913981039962657,"Billy Cook",29573,695257
"Sam Hilliard","COL",20,61,2,8,3,2,0.163934426,0.37704918,0.215686274,0.307692307,0.196078431,0.327868852,0.411764705,0.32556657908392733,0.3089339459528688,94.95580384288479,0.2725447975099087,-0.09213861305335136,-2.027756631374359,-0.0092228159756291,"Sam Hilliard",17954,656541
"Jack Leiter","TEX",30,1,0,0,0,0,0,1,0,0,0,0,0,0,0,-100,0,-0.2522838277862337,0.12231098115444183,-0.009776610461774853,"Jack Leiter",30146,683004
"Colin Rea","CHC",32,1,0,0,0,0,0,1,0,0,0,0,0,0,0,-100,0,-0.25200178605773715,0.12231098115444183,-0.009864582600097666,"Colin Rea",12317,607067
"Tyler Alexander","- - -",52,1,0,0,0,0,0,0,0,0,0,0,0,0,0.05700000002980232,-100,0,-0.25424340498903064,0.12231098115444183,-0.009977099733350838,"Tyler Alexander",17735,641302
"Shinnosuke Ogasawara","WSN",23,1,0,0,0,0,0,1,0,0,0,0,0,0,0,-100,0,-0.25410217923381595,0.12231098115444183,-0.010079479108025067,"Shinnosuke Ogasawara",35324,829272
"Bryan Ramos","CHW",4,12,0,1,2,0,0,0.333333333,0.166666667,0.25,0.166666666,0.166666666,0.333333333,0.2086512049039205,0.25591667493184406,28.01860791889874,0.09050945192575455,-0.9275521612211624,0.37963027879595757,-0.013804405704057311,"Bryan Ramos",25621,682868
"Ezequiel Duran","TEX",90,219,0,16,14,11,0.03652968,0.251141552,0.068292683,0.304635761,0.224390243,0.266055045,0.292682926,0.24855420130108474,0.2515464747717621,57.16889658528279,1.5251375511288643,-9.530300427851762,1.845395803451538,-0.01511072309020639,"Ezequiel Duran",23733,677649
"Justin Dean","LAD",18,2,0,0,0,1,0,0.5,0,0,0,0,0,0,0.03449999913573265,-100,0.20000000298023224,-0.3070450451465183,0.078225526958704,-0.016602280748926314,"Justin Dean",25005,681909
"Trevor Rogers","BAL",18,2,0,0,0,0,0,1,0,0,0,0,0,0,0,-100,0,-0.5044757899137073,0.24462196230888367,-0.019543821916977594,"Trevor Rogers",22286,669432
"Dom Nuñez","CLE",2,7,0,2,0,0,0,0.571428571,0,0.666666666,0.285714285,0.285714285,0.285714285,0.2521159478596279,0.041571429797581265,59.40159757289082,-0.10377437248826027,-0.43872404616797006,0.00196036696434021,-0.020037722059596842,"Dom Nunez",15055,624513
"Matt Vierling","DET",31,100,1,6,11,2,0.07,0.24,0.068181818,0.307692307,0.238636363,0.31,0.306818181,0.2780135875940323,0.3402834701538086,75.80618649276344,-0.2621572557836771,-3.113680417445773,-0.5419127494096756,-0.021889096640472193,"Matt Vierling",21558,663837
"Terrin Vavra","BAL",1,1,0,0,0,0,0,0,0,0,0,0,0,0,0.6200000047683716,-100,0,-0.25223789495685367,0.0034293539356440306,-0.021934989203553672,"Terrin Vavra",24400,679631
"Jared Young","NYM",23,47,4,5,6,0,0.042553191,0.340425531,0.302325582,0.166666666,0.186046511,0.234042553,0.488372093,0.30114865556676335,0.3042187792189578,95.18270987345421,-0.06368387117981911,-0.3320297109287619,-1.4559169262647629,-0.022922056338971125,"Jared Young",20404,676724
"Tucker Barnhart","TEX",8,15,0,0,0,0,0.066666666,0.266666666,0,0.333333333,0.23076923,0.333333333,0.23076923,0.27073351939519247,0.22331906954447428,72.4473987909288,-0.0502928402274847,-0.5374021615104174,-0.20589056611061096,-0.023229573194829448,"Tucker Barnhart",10200,571466
"Greg Jones","CHW",3,2,0,0,0,1,0,1,0,0,0,0,0,0,0,-100,0.20000000298023224,-0.30848680699782904,0.009614906273782253,-0.023535859100716035,"Greg Jones",25448,675659
"Keston Hiura","COL",8,21,0,3,1,0,0,0.333333333,0.055555555,0.363636363,0.222222222,0.333333333,0.277777777,0.28885668232327416,0.24023176374889554,69.80834396800164,-0.11124906316399574,-0.8626996631075925,-0.07038387656211853,-0.023973517734254834,"Keston Hiura",20003,669374
"Agustín Ramírez","MIA",136,585,21,72,67,16,0.061538461,0.193162393,0.182495345,0.253071253,0.230912476,0.287179487,0.413407821,0.3016430406382317,0.3401139697601791,90.87929667556621,-0.8793592620640993,-7.203163265910817,-12.506880760192871,-0.025004440097648906,"Agustin Ramirez",26546,682663
"Corey Julks","CHW",6,13,0,2,1,0,0,0.23076923,0.166666666,0.3,0.25,0.23076923,0.416666666,0.26047848279659563,0.16253845508282,63.720480097116486,-0.0057106559979729354,-0.5615860604518562,-0.13053489103913307,-0.025036536759253082,"Corey Julks",20311,667452
"Alejandro Osuna","TEX",63,176,2,12,15,5,0.119318181,0.193181818,0.066225166,0.256410256,0.211920529,0.3125,0.278145695,0.2702827603476388,0.34020361789437226,72.13688775208433,-0.08215905725955963,-5.86198642662394,-0.466231107711792,-0.02771790344931857,"Alejandro Osuna",27915,696030
"Adrian Del Castillo","ARI",44,131,4,9,17,0,0.061068702,0.358778625,0.15,0.352112676,0.241666666,0.290076335,0.391666666,0.29527478454677203,0.2730783651803286,86.87363492870078,-0.4432871416211128,-2.481314361501025,-2.167591840028763,-0.029663601190154654,"Adrian Del Castillo",29554,680728
"Garrett Stubbs","PHI",5,1,0,2,0,0,0,0,0,0,0,0,0,0,0.04600000008940697,-100,0.1953689306974411,-0.06066582483508853,-0.2637217026203871,-0.029784493909028723,"Garrett Stubbs",18067,596117
"Travis Jankowski","- - -",26,50,0,8,2,2,0.06,0.24,0.044444444,0.323529411,0.244444444,0.285714285,0.288888888,0.2555093303018687,0.25478553771972656,56.666449359470356,1.2154480898752809,-1.3527243673041154,-0.663044260814786,-0.030293269462788805,"Travis Jankowski",13768,608671
"Mitch Garver","SEA",87,290,9,29,30,3,0.103448275,0.275862068,0.133858268,0.261904761,0.208661417,0.296551724,0.342519685,0.2835025717230404,0.30267225747289955,86.36956945097877,-1.4945812560617924,-6.1534464807098965,-4.172319769859314,-0.03529599562687037,"Mitch Garver",15161,641598
"Donovan Solano","- - -",71,179,3,10,21,0,0.044692737,0.223463687,0.090361446,0.304,0.246987951,0.290502793,0.337349397,0.2766620353613486,0.26436784780225275,81.80695663917052,-0.7638712897896767,-4.651782467655597,-1.8571212315000594,-0.03564064436170011,"Donovan Solano",8623,456781
"Chuckie Robinson","LAD",1,2,0,1,0,0,0,0,0,0,0,0,0,0,0.23399999737739563,-100,-0.020665926858782768,-0.5277109749855333,0.08038024976849556,-0.03895871185352818,"Chuckie Robinson",19824,642020
"Coco Montes","TBR",5,10,0,0,1,0,0,0.3,0,0.285714285,0.2,0.2,0.2,0.1764811635017395,0.2506999969482422,5.2328420658748716,-0.013520846812753007,-1.1304623563983327,0.4030970651656389,-0.039206188792045904,"Coco Montes",21547,663796
"Mason McCoy","SDP",18,26,0,5,1,2,0.115384615,0.269230769,0.045454545,0.2,0.136363636,0.269230769,0.181818181,0.2235960685289823,0.2640684751363901,42.49429009767125,0.4981904737651348,-1.273869935704902,0.016329064965248108,-0.04014751423918089,"Mason McCoy",22232,669200
"Michael Stefanic","TOR",9,25,0,1,0,0,0.12,0.12,0,0.210526315,0.181818181,0.28,0.181818181,0.22416454553604126,0.2921796417236328,39.56603707477539,-0.15057525970041752,-1.9312871447941173,0.677509181201458,-0.04024621812170533,"Michael Stefanic",25353,683021
"Dane Myers","MIA",106,333,6,29,31,18,0.069069069,0.231231231,0.091205212,0.293333333,0.234527687,0.291291291,0.325732899,0.2747963103088173,0.31785544429916934,72.48842300646942,0.9534430522471666,-9.904659136626396,-1.5965039432048798,-0.043044455544727106,"Dane Myers",22054,667472
"Luis Guillorme","HOU",12,21,0,2,0,0,0.047619047,0.38095238,0,0.25,0.15,0.19047619,0.15,0.15898639247530982,0.253674840927124,-5.3610924840690295,0.1137574091553688,-2.4940297033625107,1.3323059901595116,-0.044912869600520065,"Luis Guillorme",16451,641645
"Harry Ford","SEA",8,8,0,1,1,0,0,0.375,0,0.25,0.166666666,0.25,0.166666666,0.20058679580688477,0.29228612780570984,29.25199442713766,-0.013203348964452744,-0.6802815719889438,-0.05363185377791524,-0.04691862157094092,"Harry Ford",29958,695670
"Nick Yorke","PIT",22,72,1,7,8,1,0.041666666,0.208333333,0.086956522,0.283018867,0.231884057,0.263888888,0.318840579,0.2563399564888742,0.25823227788361025,59.302743527144656,0.5315162818878889,-2.9413801759194547,0.05663423240184784,-0.050028106685696086,"Nick Yorke",27504,694377
"Dustin Harris","TEX",19,43,1,5,2,1,0.069767441,0.302325581,0.15,0.269230769,0.2,0.255813953,0.35,0.2650518680727759,0.2460114235101744,68.53352182262316,-0.24101675767451525,-1.8357541174591294,-0.15526309609413147,-0.052292729792652315,"Dustin Harris",25705,687957
"Rhylan Thomas","SEA",3,10,0,2,2,0,0.1,0,0.125,0.111111111,0.125,0.2,0.25,0.19434040188789367,0.18004970550537108,24.949087418739005,0.09666168130934238,-0.7879008762441876,-0.06772546842694283,-0.05232889972108567,"Rhylan Thomas",31793,689041
"Chadwick Tromp","- - -",8,22,1,2,1,0,0.045454545,0.272727272,0.190476191,0.142857142,0.142857142,0.181818181,0.333333333,0.22105476531115445,0.2234046118600028,37.90578677000647,0.05101018026471138,-1.5644410407093403,0.3025265708565712,-0.052343370761109904,"Chadwick Tromp",16953,644433
"Alan Roden","- - -",55,153,2,17,9,1,0.052287581,0.241830065,0.102941177,0.24,0.19117647,0.261437908,0.294117647,0.24860978009654025,0.22497196446836384,56.049467514323574,-0.1422277931123972,-8.067754738609779,2.283874660730362,-0.0530138510510432,"Alan Roden",31564,702176
"Dairon Blanco","KCR",9,8,0,2,1,3,0,0.25,0.166666667,0.25,0.166666666,0.166666666,0.333333333,0.2086512049039205,0.17466666301091513,25.25909372326529,-0.13819465041160583,-0.8429216676979965,-0.004800524562597275,-0.058562682677960554,"Dairon Blanco",19779,680118
"Jake Burger","TEX",103,376,16,43,53,1,0.031914893,0.247340425,0.182584269,0.272,0.235955056,0.268617021,0.418539325,0.2945635469352945,0.33263407362268327,88.86301295847078,-0.6834466196596622,-5.618912275145394,-7.903521656990051,-0.059528608430413965,"Jake Burger",22275,669394
"C.J. Stubbs","WSN",1,3,0,0,0,0,0,0,0,0,0,0,0,0,0.08966666460037231,-100,0,-0.7623065377014479,0.03603284806013107,-0.06409365823454471,"C.J. Stubbs",25814,667690
"Jonathan Ornelas","- - -",6,10,0,1,0,0,0.1,0.3,0,0.333333333,0.222222222,0.3,0.222222222,0.2456308424472809,0.14094970226287842,54.14511219705496,-0.019805023446679115,-0.5579556426214237,-0.43214295082725585,-0.06655440781260845,"Jonathan Ornelas",24597,680716
"Michael A. Taylor","CHW",134,325,9,33,35,8,0.07076923,0.338461538,0.166101694,0.280898876,0.2,0.258566978,0.366101694,0.2702629521489143,0.277953671063749,70.4606348641015,-0.322469137609005,-11.637535176371163,-0.2026355266571045,-0.06699518191266995,"Michael A. Taylor",11489,572191
"Drew Romo","COL",3,3,0,0,0,0,0,1,0,0,0,0,0,0,0,-100,0,-0.8109225595730146,0.050831111147999763,-0.06755363818083039,"Drew Romo",27763,691011
"Nick Ahmed","TEX",5,10,0,1,0,1,0.1,0.3,0,0,0,0.1,0,0.06914967894554139,0.2057497024536133,-66.41616490676715,0.19586505857296288,-1.7655435823785237,0.7450711727142334,-0.06919471518652046,"Nick Ahmed",12147,605113
"Willie MacIver","ATH",33,111,3,7,9,3,0.063063063,0.243243243,0.137254902,0.222222222,0.186274509,0.252252252,0.323529411,0.2555246825690742,0.26052303142375777,57.74575850456839,0.9509907886385918,-4.576981582313968,0.06541290134191513,-0.07073248243191177,"Willie MacIver",24641,680862
"Aramis Garcia","ARI",2,4,0,0,0,0,0,0.75,0,0,0,0,0,0,0.054499998688697815,-100,0,-1.0211700253668892,0.19223777204751968,-0.07119250425402714,"Aramis Garcia",16925,605244
"Justin Foscue","TEX",4,9,0,0,2,0,0,0.333333333,0.111111111,0.166666666,0.111111111,0.111111111,0.222222222,0.13910080326928032,0.17211111386617026,-18.229453181324455,0.22416405379772186,-1.029960772917656,-0.008668214082717896,-0.07457359860776314,"Justin Foscue",27501,679822
"Masataka Yoshida","BOS",55,205,4,16,26,3,0.048780487,0.11707317,0.122340426,0.280487804,0.265957446,0.307317073,0.388297872,0.30188583746189024,0.32711193608302697,88.3055666894198,0.1711391806602478,-2.6544278696602275,-5.227115362882614,-0.08452665026924655,"Masataka Yoshida",31837,807799
"Cal Stevenson","PHI",5,8,0,0,1,0,0,0.25,0,0.333333333,0.25,0.25,0.25,0.22060145437717438,0.15387499332427979,35.09374103042045,-0.013675717927981168,-0.6290945348240891,-0.5136853214353323,-0.0896854025894293,"Cal Stevenson",22411,670276
"David Villar","SFG",9,25,0,4,1,0,0.16,0.2,0.05,0.266666666,0.2,0.36,0.25,0.2954960155487061,0.3429310989379883,90.40277655252439,-0.18886512517929077,-0.4732325341019236,-1.2405880093574524,-0.09023504480716267,"David Villar",24782,681584
"Michael Siani","STL",19,19,0,4,0,0,0.105263157,0.368421052,0,0.4,0.235294117,0.315789473,0.235294117,0.2585587815234536,0.313277456495497,64.85420973558269,-0.8740106411278248,-1.665456333594347,0.13965963199734688,-0.09142431148377249,"Michael Siani",22557,672279
"Eddie Rosario","- - -",5,8,0,1,0,0,0,0.25,0,0.166666666,0.125,0.125,0.125,0.11030072718858719,0.34937500581145287,-31.393301336207262,0.08624355326173827,-1.2301534460420203,0.0677449218928814,-0.09169366096353129,"Eddie Rosario",12155,592696
"Jesse Winker","NYM",26,81,1,8,10,1,0.111111111,0.259259259,0.171428572,0.3,0.228571428,0.308641975,0.4,0.30071336179971697,0.29574652563167525,94.88451964393772,-0.5169212967157364,-1.0080164476370594,-2.586170122027397,-0.09197307308105945,"Jesse Winker",13590,608385
"Jacob Hurtubise","CIN",12,15,0,3,0,0,0.066666666,0.4,0,0.166666666,0.083333333,0.266666666,0.083333333,0.2012319803237915,0.25813833872477215,18.555423369400394,-0.029271761421114206,-1.4772019896166217,0.048651255667209625,-0.09509247116638059,"Jacob Hurtubise",27599,674441
"Henry Davis","PIT",87,283,7,25,22,2,0.06360424,0.268551236,0.111111111,0.203488372,0.166666666,0.233812949,0.277777777,0.22946353760554636,0.30424241539385677,40.89153224383042,-0.6210796628147364,-20.44686240689921,10.056652247905731,-0.0996005582250079,"Henry Davis",29617,680779
"Blaine Crim","- - -",20,74,5,10,12,0,0.081081081,0.378378378,0.261538461,0.235294117,0.2,0.27027027,0.461538461,0.3088715358360394,0.3289631250742319,86.05478601685539,-0.32113087736070156,-1.532279984664988,-1.920268565416336,-0.0997938287043001,"Blaine Crim",25714,688760
"José Azocar","- - -",14,21,0,5,1,1,0.095238095,0.047619047,0,0.277777777,0.263157894,0.333333333,0.263157894,0.27595346030734835,0.34033302980519475,78.45241961034496,0.3522463869303465,-0.20170154617087632,-1.490304857492447,-0.10162082449372555,"Jose Azocar",18821,640492
"Sandy León","ATL",5,12,1,1,3,0,0,0.333333333,0.25,0,0.083333333,0.083333333,0.333333333,0.16978291670481363,0.11808332800865173,1.420978408267138,0,-1.402038550716516,-0.0024475976824760437,-0.10284359229151777,"Sandy Leon",5273,506702
"Dalton Rushing","LAD",53,155,4,15,24,0,0.064516129,0.374193548,0.119718309,0.304878048,0.204225352,0.258064516,0.323943661,0.25609347704918156,0.2950145844490297,61.52657428479747,-0.43938313610851765,-7.507223990902935,1.3297762274742126,-0.10434669724990928,"Dalton Rushing",31382,687221
"Jordyn Adams","BAL",10,5,0,1,0,0,0,0.4,0,0,0,0,0,0,0.25420000553131106,-100,0,-1.2611894747842682,0.0667519187554717,-0.10459971846831474,"Jordyn Adams",23788,677941
"Dylan Moore","- - -",106,243,11,35,25,14,0.082304526,0.337448559,0.173515981,0.255813953,0.200913242,0.267489711,0.374429223,0.2795492525944494,0.2734083521022718,83.01343037223549,0.487528077326715,-4.37749082597813,-5.018158942461014,-0.10563164096119021,"Dylan Moore",18042,664238
"Christopher Morel","TBR",105,305,11,37,33,7,0.081967213,0.357377049,0.176258993,0.316455696,0.21942446,0.28852459,0.395683453,0.29893657477175606,0.3173049426469646,89.58779217046265,0.9364824835211039,-2.8064780023199494,-8.75330400466919,-0.1087326759716637,"Christopher Morel",21897,666624
"Brett Wisely","- - -",26,63,1,5,10,1,0.111111111,0.222222222,0.129629629,0.23076923,0.185185185,0.278688524,0.314814814,0.26717263167021704,0.2789095034364794,70.72920112199371,-1.3509197160601616,-3.536512916485575,0.3716631270945072,-0.1093259237357743,"Brett Wisely",27735,689172
"Samad Taylor","SEA",4,9,0,1,0,0,0,0.111111111,0,0.142857142,0.125,0.125,0.125,0.11030072718858719,0.20337499678134918,-32.94269941650377,0.14165745861828327,-1.268538862031989,-0.1271197758615017,-0.11110220005118715,"Samad Taylor",22274,669392
"Will Brennan","CLE",6,13,0,0,0,0,0.076923076,0.076923076,0,0.1,0.09090909,0.23076923,0.09090909,0.1766300889161917,0.20482969284057617,7.402214297497502,-0.4293223414570093,-1.848107146677695,0.3015483170747757,-0.11245622481496394,"Will Brennan",25660,686823
"Daniel Johnson","- - -",31,57,1,13,1,2,0.070175438,0.228070175,0.113207547,0.23076923,0.188679245,0.245614035,0.301886792,0.2430445395017925,0.30987697735167385,53.97822031045115,0.4841899909079075,-2.6162093864447122,-0.4620026685297489,-0.11785071607363197,"Daniel Johnson",19643,669288
"Chas McCormick","HOU",66,116,1,13,5,2,0.077586206,0.267241379,0.08,0.289855072,0.21,0.279279279,0.29,0.2565655681464049,0.30614199939074815,61.857549874102354,-1.1572523396462202,-6.372070282053167,1.2229211330413818,-0.11835875184014344,"Chas McCormick",19599,676801
"Josh Lowe","TBR",108,435,11,56,40,18,0.075862068,0.250574712,0.146464647,0.273381294,0.219696969,0.283410138,0.366161616,0.28390897228866474,0.30327389739280525,79.23583920647684,2.813034489750862,-7.832714332199565,-8.319656372070312,-0.1208509916813798,"Josh Lowe",19953,666139
"Andrew McCutchen","PIT",135,551,13,51,57,1,0.121597096,0.214156079,0.1278826,0.28939828,0.23899371,0.333333333,0.36687631,0.3089256097069558,0.34136462741427953,95.32560714123179,-4.269701423123479,-7.3223092572032,-12.220832228660583,-0.12367815457133347,"Andrew McCutchen",9847,457705
"Tyler Callihan","CIN",4,6,0,0,1,0,0,0.166666666,0,0.2,0.166666666,0.166666666,0.166666666,0.14706763625144958,0.18333331743876138,-18.548894250705825,-0.006702145969029516,-0.849732017845157,-0.5799254477024078,-0.12584539183114674,"Tyler Callihan",27497,682997
"Darell Hernaiz","ATH",51,197,2,17,16,3,0.086294416,0.121827411,0.075144509,0.25,0.231213872,0.292307692,0.306358381,0.26621136512511817,0.3072176811022636,65.10741418355582,-1.7565539758652449,-9.858175602994919,1.8310911357402802,-0.12758724667032756,"Darell Hernaiz",26224,687231
"Gary Sánchez","BAL",30,101,5,13,24,0,0.03960396,0.267326732,0.186813187,0.266666666,0.23076923,0.297029702,0.417582417,0.3111079288001108,0.32199432373046877,100.2987902893998,-0.4676945526152849,-0.432126472173856,-4.327425301074982,-0.13131663956934614,"Gary Sanchez",11442,596142
"Maximo Acosta","MIA",19,61,3,7,5,1,0.098360655,0.278688524,0.185185185,0.235294117,0.203703703,0.295081967,0.388888888,0.3018393809678125,0.3669880413618244,91.01379611565305,-0.430525828152895,-1.0802070416675291,-2.2389857470989227,-0.13192596373839566,"Maximo Acosta",27963,691185
"Jake McCarthy","ARI",67,222,4,18,20,6,0.045045045,0.18018018,0.140776699,0.233128834,0.203883495,0.246575342,0.344660194,0.25633479090041766,0.2908426920572917,60.19848696698043,1.685375701636076,-8.787037321335673,0.10398173332214355,-0.13260627851282009,"Jake McCarthy",21622,664983
"Sergio Alcántara","SFG",1,4,0,0,0,0,0,0.5,0,0,0,0,0,0,0.03225000202655792,-100,0,-1.0051574461642372,-0.4418937489390373,-0.13443380763757926,"Sergio Alcantara",16417,642727
"Nick Sogard","BOS",30,104,0,13,9,2,0.048076923,0.23076923,0.083333334,0.347222222,0.260416666,0.317307692,0.34375,0.29462025314569473,0.3101091751685509,83.30057755813576,-1.8446574788540602,-3.891608095370841,-1.0064822137355804,-0.1349271505694521,"Nick Sogard",25483,686765
"JJ Bleday","ATH",98,344,14,48,39,1,0.104651162,0.264534883,0.19218241,0.251231527,0.211726384,0.293604651,0.403908794,0.3021012910625391,0.2850289372672812,89.83064103249279,-0.9354376569390297,-5.058544559243504,-8.118395566940308,-0.13685989497196704,"JJ Bleday",26368,668709
"Nick Maton","CHW",25,63,2,5,4,0,0.142857142,0.301587301,0.148148148,0.212121212,0.166666666,0.285714285,0.314814814,0.2732397563873775,0.2419281459990002,72.51124390132068,-0.1574445702135563,-2.1985630382321624,-1.3288694024085999,-0.1390624687891221,"Nick Maton",21635,665155
"Tsung-Che Cheng","PIT",3,7,0,0,0,0,0,0.428571428,0,0,0,0,0,0,0.168285710471017,-100,-0.4095173180103302,-2.2040257098993727,0.596578873693943,-0.14063105965218858,"Tsung-Che Cheng",28344,691907
"Donovan Walton","PHI",2,9,0,1,1,0,0,0.111111111,0,0.142857142,0.125,0.125,0.125,0.11030072718858719,0.2667500078678131,-40.46580437583244,0.09664257057011127,-1.4016869138303327,-0.3000681921839714,-0.14347115630968027,"Donovan Walton",19314,622268
"César Prieto","STL",3,6,0,0,0,0,0,0.833333333,0,1,0.166666666,0.166666666,0.166666666,0.14706763625144958,0,-11.520810341771599,-0.006601674482226372,-0.7996531411211559,-0.8178171515464783,-0.1450609944867523,"Cesar Prieto",30163,693409
"Angel Martínez","CLE",139,484,11,56,45,8,0.047520661,0.227272727,0.134529148,0.270516717,0.224215246,0.269311064,0.358744394,0.27366650938241116,0.2621882364993802,74.24697290687043,2.171476909890771,-12.519349303608237,-5.562069654464722,-0.14567609135980147,"Angel Martinez",26540,682657
"Daz Cameron","MIL",21,42,1,7,3,1,0.023809523,0.309523809,0.097560975,0.259259259,0.195121951,0.214285714,0.292682926,0.22083890296164013,0.2742499169849214,37.62150628467394,0.32617796771228313,-2.7789419684899763,-0.05153980851173401,-0.14660849725137698,"Daz Cameron",18353,663662
"Manuel Margot","DET",6,20,0,1,3,0,0,0.3,0,0.428571428,0.315789473,0.3,0.315789473,0.2647217452526093,0.30260000228881834,66.64993373202228,-0.8891326375305653,-1.6752715104094489,-0.4510394334793091,-0.14712345325609258,"Manuel Margot",14712,622534
"Enrique Hernández","LAD",93,256,10,30,35,0,0.0703125,0.265625,0.163793104,0.232704402,0.202586206,0.25490196,0.36637931,0.26833693630555094,0.290834441898376,69.91373762624615,-1.3904387224465609,-10.519001564342942,0.5348234176635742,-0.1499774664683659,"Enrique Hernandez",10472,571771
"Carter Kieboom","LAA",3,8,0,0,1,0,0,0.125,0,0.285714285,0.25,0.25,0.25,0.22060145437717438,0.23112499713897705,35.32973902456393,-0.013203348964452744,-0.6229749237913162,-1.1197281777858734,-0.15013043021410627,"Carter Kieboom",19958,666198
"Jack Winkler","MIA",14,16,0,2,0,1,0,0.25,0.125,0.333333333,0.25,0.25,0.375,0.26678913086652756,0.21400000154972076,67.00324757683447,0.2298443354666233,-0.39588337277167684,-1.6074012219905853,-0.15049052801383248,"Jack Winkler",29830,676466
"Jon Singleton","HOU",3,9,0,0,0,0,0,0.111111111,0,0.125,0.111111111,0.111111111,0.111111111,0.09804509083429973,0.2613333331214057,-47.34127454315903,-0.006824671741924249,-1.5697545968348268,-0.24176953732967377,-0.15365044479600012,"Jon Singleton",10441,572138
"Connor Kaiser","ARI",11,19,0,1,2,0,0.052631578,0.263157894,0.055555555,0.153846153,0.111111111,0.157894736,0.166666666,0.14872683349408602,0.2538682787041915,-13.51642453869037,-0.2993018291890621,-2.855570575728145,0.6831996962428093,-0.15757694163258656,"Connor Kaiser",21535,663731
"Taylor Trammell","HOU",52,135,3,15,12,3,0.125925925,0.303703703,0.136752137,0.27027027,0.196581196,0.296296296,0.333333333,0.2822389381903189,0.2780403702347367,79.54297370805304,-1.6342322118580341,-4.889216126164824,-1.340940773487091,-0.16205584499322712,"Taylor Trammell",19960,666211
"Edgar Quero","CHW",111,403,5,31,36,0,0.079404466,0.17617866,0.087671233,0.319587628,0.26849315,0.332506203,0.356164383,0.3065739242965471,0.2947272023847026,95.47390469019878,-3.672051727771759,-5.821867852618293,-9.690898537635803,-0.1680910925118209,"Edgar Quero",28022,700337
"Bryce Eldridge","SFG",10,37,0,1,4,0,0.189189189,0.351351351,0.071428571,0.1875,0.107142857,0.297297297,0.178571428,0.2418644959862168,0.3766694197783599,53.66346085735505,0.04271561838686466,-1.989264822299333,-0.8929283209145069,-0.16892126615693054,"Bryce Eldridge",33390,805811
"Brooks Baldwin","CHW",103,328,11,32,38,5,0.06402439,0.262195121,0.166666666,0.297560975,0.24,0.290123456,0.406666666,0.30162467540782173,0.3156936080367477,92.06455234934523,1.5414524134248495,-1.526282645230432,-11.439018726348877,-0.17154641509712443,"Brooks Baldwin",31394,681460
"Cooper Hummel","- - -",37,105,3,10,7,1,0.133333333,0.295238095,0.102272727,0.222222222,0.170454545,0.298076923,0.272727272,0.2675633361706367,0.3260243855989896,69.59226572176844,-0.597716324031353,-4.377332412946577,-0.9251103745773435,-0.1727762311709522,"Cooper Hummel",19458,669450
"Sam Huff","SFG",20,58,2,5,4,0,0.068965517,0.431034482,0.132075472,0.333333333,0.207547169,0.258620689,0.339622641,0.26124018841776353,0.2630687582081762,66.93643329711,-1.0673933401703835,-3.340249230130281,-0.3083302304148674,-0.175839571862456,"Sam Huff",22209,669087
"Ryan Vilade","- - -",8,15,0,1,0,0,0.133333333,0.333333333,0,0.125,0.076923076,0.2,0.076923076,0.15102662642796835,0.30426626205444335,-8.808774749348682,-0.00676456093788147,-1.9411783742366016,-0.2832703338935971,-0.17652279443435495,"Ryan Vilade",22165,668723
"Will Banfield","CIN",7,10,0,0,0,0,0,0.6,0,0.25,0.1,0.1,0.1,0.08824058175086975,0.1697999954223633,-58.84731846737403,-0.009503903100267053,-1.892173432015189,-0.18973691016435623,-0.17896138474181122,"Will Banfield",23790,677943
"Kristian Campbell","BOS",67,263,6,24,21,2,0.110266159,0.273764258,0.122270742,0.296052631,0.222707423,0.319391634,0.344978165,0.29874603421969104,0.2961439520006436,86.1426737385324,0.06103021651506424,-4.234410857098691,-6.574600398540497,-0.17981144237340763,"Kristian Campbell",33644,692225
"Billy McKinney","TEX",6,21,0,4,1,0,0.047619047,0.047619047,0.05,0.210526315,0.2,0.238095238,0.25,0.21860102244785853,0.33469032105945407,36.535272628344934,-0.1350017711520195,-1.705814053345158,-0.8204584121704102,-0.18452328402592985,"Billy McKinney",15654,641856
"Nolan Gorman","STL",111,402,14,48,46,1,0.116915422,0.338308457,0.165242165,0.282926829,0.205128205,0.2960199,0.37037037,0.29173873841762543,0.30453225425012725,87.58354727871811,-2.105534702539444,-8.021393480192852,-7.184940218925476,-0.187225503408427,"Nolan Gorman",22263,669357
"Tirso Ornelas","SDP",7,16,0,0,1,0,0.125,0.125,0,0.083333333,0.071428571,0.1875,0.071428571,0.14158746227622032,0.2924996316432953,-13.684242590191575,-0.019817890777630964,-2.1756476423390785,-0.20730793848633766,-0.18933562139708385,"Tirso Ornelas",22566,672359
"J.D. Davis","LAA",5,9,0,0,0,0,0,0.333333333,0,0.166666666,0.111111111,0.111111111,0.111111111,0.09804509083429973,0.1090999960899353,-49.09475332280076,-0.0067235859169159085,-1.5882536246997179,-0.5890529602766037,-0.19107456721070645,"J.D. Davis",16219,605204
"Anthony Seigler","MIL",34,73,0,6,5,2,0.109589041,0.219178082,0.016129032,0.255319148,0.193548387,0.291666666,0.209677419,0.23906436231401232,0.3062397903866238,50.106532073587076,0.757247157394886,-3.559541205429042,-0.7540533114224672,-0.19281278770455723,"Anthony Seigler",23802,678011
"Otto Kemp","PHI",62,218,8,26,28,2,0.055045871,0.307339449,0.177664974,0.306451612,0.233502538,0.298165137,0.411167512,0.3084820087896575,0.31706874742420443,95.29474705011386,-1.3350058533251286,-2.55072617138436,-6.619466781616211,-0.19606416656838285,"Otto Kemp",31792,805249
"Sebastián Rivero","LAA",11,34,0,4,2,1,0.029411764,0.264705882,0.060606061,0.25,0.181818181,0.205882352,0.242424242,0.19779219171580145,0.20566167550928452,19.617291581306976,-0.21840341947972775,-3.4395769904308877,0.26496031880378723,-0.20508091187535915,"Sebastian Rivero",21735,665861
"Victor Robles","SEA",32,114,1,12,9,6,0.026315789,0.228070175,0.084905661,0.308641975,0.245283018,0.280701754,0.330188679,0.2677101294199626,0.2397224359345018,75.49074695804501,0.6828900761902332,-2.6102295091833216,-3.340945243835449,-0.20745848499285285,"Victor Robles",18363,645302
"Gage Workman","- - -",12,17,0,0,2,1,0.058823529,0.411764705,0.0625,0.333333333,0.1875,0.235294117,0.25,0.21813033258213715,0.3305586326648207,38.288709614043285,0.24047965742647648,-1.0373154557819375,-1.641022264957428,-0.21591884409010537,"Gage Workman",27573,669398
"Luis Matos","SFG",57,184,8,26,22,4,0.059782608,0.14673913,0.203488372,0.217391304,0.220930232,0.266304347,0.424418604,0.2956813292010971,0.2844264610953953,90.52972236411722,0.7320007812231779,-1.3332592487060948,-6.980160474777222,-0.22415547593068771,"Luis Matos",26467,682641
"Jose Iglesias","SDP",112,343,3,29,36,5,0.069970845,0.163265306,0.065359478,0.269076305,0.228758169,0.297935103,0.294117647,0.2682885932008074,0.2878312105257836,73.11010681379402,-0.7104126680642366,-11.64185336085176,-1.9745729565620422,-0.22541825889130113,"Jose Iglesias",10231,578428
"Cavan Biggio","KCR",37,83,1,9,4,1,0.13253012,0.253012048,0.072463768,0.234042553,0.173913043,0.296296296,0.246376811,0.25693351913381507,0.2992407321929932,58.51897309940871,0.07696519419550896,-3.980923836865406,-1.0934802293777466,-0.22691225946495164,"Cavan Biggio",19252,624415
"Luis Vázquez","BAL",36,53,1,6,3,2,0.056603773,0.264150943,0.08,0.2,0.16,0.207547169,0.24,0.20109863213773044,0.28689605784866046,24.51750275990318,0.5063986200839281,-4.208742596963202,0.15188172459602356,-0.2284420063862665,"Luis Vazquez",23442,676679
"Wilmer Flores","SFG",125,463,16,44,71,1,0.073434125,0.190064794,0.138424821,0.267295597,0.241050119,0.306695464,0.37947494,0.3020836701918369,0.2865669283515963,94.91553184268042,-3.5010962560772896,-6.29120242029485,-11.352840006351471,-0.2289646160795148,"Wilmer Flores",5827,527038
"José Barrero","STL",22,31,1,4,3,0,0.032258064,0.29032258,0.137931034,0.157894736,0.137931034,0.193548387,0.275862068,0.20864190978388633,0.19118664341588174,30.65954726254878,-0.028479391476139426,-2.5761458684649257,-0.7235121428966522,-0.23205960544172471,"Jose Barrero",23378,676480
"Blake Sabol","BOS",8,18,0,2,1,0,0.055555555,0.388888888,0.0625,0.2,0.125,0.166666666,0.1875,0.15698943535486856,0.2199720541636149,-11.508142180666358,-0.07350586354732513,-2.4391622330343132,-0.4753720909357071,-0.23481104616903622,"Blake Sabol",25805,666165
"Ji Hwan Bae","PIT",13,25,0,4,0,4,0.2,0.36,0,0.09090909,0.05,0.24,0.05,0.17359559059143068,0.28793941497802733,2.6201918205735466,0.46292345598340034,-2.422457288241149,-0.7575261294841766,-0.24024185558949487,"Ji Hwan Bae",23818,678225
"Garrett Hampson","- - -",62,91,0,19,1,3,0.12087912,0.318681318,0.025974026,0.229166666,0.142857142,0.25,0.168831168,0.2051355852322145,0.22611894661729987,25.782553107487825,0.6167787509039044,-7.387857631072828,2.003432720899582,-0.24109276183323894,"Garrett Hampson",19262,641658
"Jorbit Vivas","NYY",29,66,1,6,5,0,0.075757575,0.196969696,0.089285715,0.19047619,0.160714285,0.265625,0.25,0.24156240560114384,0.30838051438331604,52.075333034512575,-0.19295816496014595,-3.920955678260883,-0.7539218664169312,-0.24589674798464162,"Jorbit Vivas",23917,678391
"Will Wagner","- - -",55,149,0,15,7,1,0.114093959,0.187919463,0.054263566,0.287128712,0.224806201,0.324324324,0.279069767,0.2795696020931811,0.3227772036114255,78.18471716428859,-0.2991093210875988,-4.139568030396857,-3.414587553590536,-0.25020622844281143,"Will Wagner",29634,695238
"Samuel Basallo","BAL",31,118,4,10,15,0,0.050847457,0.254237288,0.165137615,0.186666666,0.165137614,0.228813559,0.330275229,0.24606878222045253,0.2944224406096895,55.495756208084444,0.0770143885165453,-6.1124918947238305,-0.4028491675853729,-0.2510948055307334,"Samuel Basallo",28824,694212
"Thairo Estrada","COL",39,165,3,14,21,1,0.036363636,0.157575757,0.116883117,0.28125,0.253246753,0.284848484,0.37012987,0.28362342408209135,0.2656924317522747,66.22339377069945,-0.9294035974889994,-7.534728139329026,-0.4149874448776245,-0.2516277769360415,"Thairo Estrada",16426,642731
"Jonathan India","KCR",136,567,9,63,45,0,0.095238095,0.186948853,0.112676056,0.278645833,0.233400402,0.323321554,0.346076458,0.30070688372787235,0.32114023519745954,88.67280581244086,-2.590952150989324,-10.160640152751501,-11.832627058029175,-0.25364434193882246,"Jonathan India",21523,663697
"Nicky Lopez","- - -",19,28,0,2,1,0,0.142857142,0.142857142,0,0.05,0.041666666,0.178571428,0.041666666,0.13029974911894118,0.2501067136015211,-20.65823414670382,0.029494130983948708,-4.084370102604048,0.6438677683472633,-0.2559820004828834,"Nicky Lopez",19339,670032
"CJ Alexander","ATH",6,17,0,0,0,0,0,0.470588235,0,0.333333333,0.176470588,0.176470588,0.176470588,0.15571867367800543,0.1757058816797593,-11.00686592278175,-0.8114926312118769,-3.0356798335270825,-0.06577550619840622,-0.25745664369490245,"CJ Alexander",20557,680769
"Matthew Lugo","LAA",31,70,4,9,9,0,0,0.342857142,0.231884058,0.292682926,0.231884057,0.242857142,0.463768115,0.2985970548221043,0.2738183975219727,89.05798929683577,-0.0691106915473938,-0.9718612175083534,-3.962299257516861,-0.2583396833001039,"Matthew Lugo",25980,683090
"Brady House","WSN",73,274,4,26,29,5,0.02919708,0.284671532,0.088122605,0.309782608,0.233716475,0.251824817,0.32183908,0.24833285199464672,0.28829662616436297,55.72122148966096,-0.33952705934643745,-14.71891498986046,3.046500086784363,-0.2614258382608935,"Brady House",29993,691781
"Austin Barnes","LAD",13,44,0,4,2,0,0.022727272,0.318181818,0.071428571,0.321428571,0.214285714,0.232558139,0.285714285,0.22655007866925972,0.244081319764603,41.28839627599739,-0.16441241092979908,-3.226170159956492,-0.8215652406215668,-0.2643399570432903,"Austin Barnes",12158,605131
"Jorge Alfaro","WSN",14,39,0,3,3,1,0,0.358974358,0.051282051,0.4,0.256410256,0.256410256,0.307692307,0.24520669227991349,0.24889743022429636,53.57970154746946,0.05488681048154831,-2.0908020234593065,-1.7989094853401184,-0.26519418426018215,"Jorge Alfaro",12180,595751
"Jonatan Clase","TOR",34,112,2,10,9,3,0.089285714,0.25,0.09,0.271428571,0.21,0.288288288,0.3,0.26654289380924123,0.2944296403364702,68.75889525086751,0.2974106874316931,-3.8265733968792475,-2.6251946687698364,-0.2657179223708764,"Jonatan Clase",26599,682729
"Leo Jiménez","TOR",18,32,1,2,1,0,0.0625,0.25,0.103448276,0.05,0.068965517,0.129032258,0.172413793,0.1387998192541061,0.2579998016357422,-19.238528207572383,-0.023011456476524472,-4.520179955783235,0.7868445366621017,-0.2692873086685216,"Leo Jimenez",23782,677870
"Zack Gelof","ATH",30,101,2,12,7,1,0.06930693,0.455445544,0.097826087,0.311111111,0.173913043,0.23,0.27173913,0.22377453207969666,0.22991477966308593,35.87426803658957,-0.570262935012579,-8.2038081798117,2.080681651830673,-0.27082740185289156,"Zack Gelof",29766,680869
"Cole Young","SEA",77,257,4,24,24,1,0.108949416,0.182879377,0.094170404,0.247126436,0.210762331,0.301960784,0.304932735,0.2736085948981638,0.3004055173378291,79.5539790843098,0.07826922833919525,-6.114922127038605,-5.4496296644210815,-0.27824012463382214,"Cole Young",31680,702284
"Jose Herrera","ARI",58,204,2,21,17,0,0.112745098,0.230392156,0.072289157,0.241666666,0.186746987,0.284974093,0.259036144,0.2513382481169824,0.24001409105686325,56.7756944710274,-1.290795074775815,-11.74166392007044,2.2252598255872726,-0.2791476362636018,"Jose Herrera",17040,645444
"Cody Freeman","TEX",36,121,3,13,15,1,0.041322314,0.157024793,0.114035088,0.247311827,0.228070175,0.258333333,0.342105263,0.2611917366584142,0.26896205870043327,65.87442175118873,-0.4438614472746849,-5.310599420207919,-1.5829342305660248,-0.27922492533668863,"Cody Freeman",25629,683227
"Matt Gorski","PIT",15,42,2,2,4,0,0.023809523,0.38095238,0.195121951,0.260869565,0.195121951,0.214285714,0.390243902,0.2562565321014041,0.2539642197745187,59.245595138791245,-0.2976844497025013,-2.3263854888798154,-1.8134901523590088,-0.28057587637390613,"Matt Gorski",25855,685301
"Drew Avans","- - -",8,18,0,1,1,1,0,0.333333333,0,0.166666666,0.117647058,0.111111111,0.117647058,0.09804509083429973,0.15799999587676106,-47.69010001379291,0.1611408293247223,-3.0246442417678177,-0.34020913764834404,-0.28123480680763474,"Drew Avans",25183,682183
"Justin Turner","CHC",80,191,3,14,18,2,0.089005235,0.193717277,0.094674556,0.255639097,0.218934911,0.287958115,0.313609467,0.267948830627022,0.2998049071946069,70.93097183619945,-0.11734282039105892,-6.697830580998698,-2.44313907623291,-0.2849933222025504,"Justin Turner",5235,457759
"Emmanuel Rivera","BAL",43,127,0,5,13,1,0.047244094,0.188976377,0.033333333,0.3125,0.25,0.291338582,0.283333333,0.25843660991022904,0.26683678214005596,64.0154898552384,-1.5450598876923323,-6.931376659017539,-0.22992201335728168,-0.2854932080717016,"Emmanuel Rivera",19890,656896
"Jacob Melton","HOU",32,78,0,7,7,7,0.076923076,0.371794871,0.028571428,0.268292682,0.157142857,0.233766233,0.185714285,0.19843877832610884,0.24886066882641283,21.816179679206655,1.1477781254798174,-6.039824608885442,0.4934351369738579,-0.29280846493946794,"Jacob Melton",31661,689200
"Jace Jung","DET",21,55,0,8,3,0,0.127272727,0.29090909,0,0.161290322,0.106382978,0.236363636,0.106382978,0.18135991204868662,0.24599578163840555,9.225086535697063,0.22607372142374516,-5.658311660407447,0.8411003798246384,-0.29919289211767736,"Jace Jung",31437,690291
"Carson Williams","TBR",32,106,5,11,12,2,0.056603773,0.415094339,0.181818182,0.24,0.171717171,0.219047619,0.353535353,0.24793647414162046,0.24174983684833234,54.455731452477664,-0.6647524107247591,-6.354751170188441,-0.24482738971710205,-0.30196821575530874,"Carson Williams",30038,700246
"Kevin Pillar","TEX",20,43,0,6,1,3,0,0.186046511,0.046511628,0.257142857,0.209302325,0.209302325,0.255813953,0.20187570189320764,0.21965115569358648,25.013825219542152,0.706363020464778,-3.093975031847368,-1.3882392644882202,-0.3071733682111649,"Kevin Pillar",12434,607680
"Oliver Dunn","MIL",14,41,0,4,6,1,0.048780487,0.268292682,0.055555556,0.23076923,0.166666666,0.205128205,0.222222222,0.19016490532801703,0.24546139056865984,16.60883142690697,0.24398991838097572,-3.8082777284928095,-0.6032965630292892,-0.3117784583508276,"Oliver Dunn",26295,686554
"Travis d'Arnaud","LAA",69,231,6,16,21,0,0.056277056,0.32034632,0.145539906,0.268656716,0.197183098,0.255411255,0.342723004,0.26265415691194083,0.28428405497497294,64.29827203827708,-1.6272420138120651,-11.347410461762193,0.342557430267334,-0.3125281336440003,"Travis d'Arnaud",7739,518595
"Zac Veen","COL",12,37,1,1,2,1,0.054054054,0.378378378,0.117647059,0.157894736,0.117647058,0.189189189,0.235294117,0.19349718899340243,0.20244008141594963,4.4840242664970065,-0.29297045804560184,-4.481599951198915,0.18382641673088074,-0.3137528558971643,"Zac Veen",27770,691728
"Tristin English","ARI",7,23,0,0,1,0,0.04347826,0.347826086,0.045454546,0.142857142,0.09090909,0.130434782,0.136363636,0.12286129723424496,0.13619552487912384,-31.235148714833077,0.03331805393099785,-3.544120717974974,-0.3183092176914215,-0.31687349465482517,"Tristin English",26148,663536
"Brendan Rodgers","HOU",43,128,2,12,11,0,0.0859375,0.359375,0.086956522,0.294117647,0.191304347,0.265625,0.278260869,0.24632550962269306,0.3105684220790863,54.80355677672033,-0.7062382847070694,-7.524706234616889,0.017183393239974976,-0.31739503515545087,"Brendan Rodgers",17907,663898
"Aaron Schunk","COL",16,33,0,1,0,0,0,0.303030303,0.03125,0.272727272,0.1875,0.1875,0.21875,0.17699800990521908,0.22321875393390656,-6.818444024106254,-0.06439140997827053,-4.242256320642538,0.0036907047033309937,-0.3213127840434525,"Aaron Schunk",25524,668845
"Santiago Espinal","CIN",114,328,0,25,16,2,0.06402439,0.115853658,0.03986711,0.275471698,0.242524916,0.292307692,0.282392026,0.2587488084573012,0.25954993614783656,57.9563003876187,0.6947910394519567,-15.649608647889035,1.5934289693832397,-0.321476678112216,"Santiago Espinal",19997,669289
"Tyler Wade","SDP",60,127,0,13,9,1,0.118110236,0.244094488,0.046728972,0.289473684,0.205607476,0.308943089,0.252336448,0.26244939100451586,0.24765645779245268,69.11006552002608,-0.4012058023363352,-5.050798535474849,-2.343718409538269,-0.32419158022360045,"Tyler Wade",15730,642180
"Scott Kingery","LAA",19,29,0,3,0,1,0.068965517,0.379310344,0.037037037,0.25,0.148148148,0.206896551,0.185185185,0.1821420089951877,0.199344618567105,8.836466390870497,-0.16055896691977978,-3.276517886633508,-0.8931901007890701,-0.32449739852520815,"Scott Kingery",17975,664068
"Jorge Soler","LAA",82,315,12,31,34,0,0.088888888,0.298412698,0.172043011,0.272727272,0.215053763,0.29299363,0.387096774,0.2977366257625021,0.3038569164883559,88.46527191800769,-0.5881130173802376,-4.870545155671597,-9.200132846832275,-0.3304163763537252,"Jorge Soler",14221,624585
"Shay Whitcomb","HOU",20,32,1,4,1,0,0,0.3125,0.09375,0.142857142,0.125,0.125,0.21875,0.1463941391557455,0.20593750476837158,-14.0354245487743,0.07109067402780056,-4.229838956645439,-0.10883018467575312,-0.33122052408409486,"Shay Whitcomb",27789,694376
"Greg Allen","BAL",7,14,0,1,0,0,0,0.357142857,0,0,0,0,0,0,0.1358571478298732,-100,-0.4095173180103302,-3.940847847406282,0.19170532934367657,-0.3342868627197305,"Greg Allen",16623,656185
"Bob Seymour","TBR",26,83,1,9,5,1,0.048192771,0.385542168,0.076923077,0.333333333,0.205128205,0.253012048,0.282051282,0.23895556668201126,0.2351961020963738,48.26912040122107,0.011735249310731888,-5.048847493592039,-1.1008372902870178,-0.3369269338094072,"Bob Seymour",30028,676044
"Oscar Gonzalez","SDP",21,61,0,2,4,0,0.032786885,0.213114754,0.016949152,0.282608695,0.220338983,0.245901639,0.237288135,0.21678312489243803,0.29703268457631593,37.82720460171113,-0.3861841447651386,-4.881129694834062,-0.45933815836906433,-0.33872769869693603,"Oscar Gonzalez",20970,660757
"Tyler O'Neill","BAL",54,209,9,22,26,4,0.105263157,0.244019138,0.193370166,0.217741935,0.198895027,0.291866028,0.392265193,0.29696572801241505,0.3747418476985051,90.55675741847487,-0.9514633789658546,-3.2776256482091553,-7.258455514907837,-0.34203414826117073,"Tyler O'Neill",15711,641933
"Nathaniel Lowe","- - -",153,609,18,64,84,1,0.101806239,0.261083743,0.153703704,0.285326086,0.227777777,0.307060755,0.381481481,0.30125996004022915,0.31105695181335047,91.28891612582942,-4.203137405216694,-10.501530506487212,-13.287139058113098,-0.34669044488667944,"Nathaniel Lowe",19566,663993
"Nick Solak","PIT",4,11,0,0,0,0,0,0.181818181,0,0.111111111,0.09090909,0.09090909,0.09090909,0.08021871068260887,0.1450909051028165,-61.34597392647222,-0.006601674482226372,-2.1101138194829425,-1.6868255585432053,-0.35102590856888405,"Nick Solak",19294,669256
"Luis Campusano","SDP",10,27,0,0,0,0,0.222222222,0.407407407,0,0,0,0.222222222,0,0.1536659532123142,0.20914748862937646,-5.410087853528789,-0.02393278107047081,-3.3971176630279154,-0.9722222089767456,-0.35511908583464324,"Luis Campusano",22217,669134
"Alan Trejo","COL",14,43,0,3,1,0,0.023255813,0.162790697,0.05,0.205882352,0.175,0.19047619,0.225,0.18112715085347494,0.2400832630339123,-3.9898496809781263,0.05083661898970604,-5.248891760179864,0.3402751088142395,-0.35582329255814243,"Alan Trejo",20056,676701
"Chris Taylor","- - -",58,125,2,15,12,2,0.04,0.336,0.115044248,0.271428571,0.185840707,0.256,0.300884955,0.24974580526351928,0.27400975036621095,55.95829022445114,-0.20637093111872673,-6.713025181439354,-1.0341179594397545,-0.35656390438696733,"Chris Taylor",13757,621035
"Dylan Carlson","BAL",83,241,6,17,20,3,0.087136929,0.22406639,0.133640553,0.240506329,0.202764976,0.278008298,0.336405529,0.27281894649212785,0.2915229005932313,73.92294328804984,-0.6809499803930521,-8.088049656657972,-3.707295060157776,-0.3581929425658871,"Dylan Carlson",20126,666185
"Gio Urshela","ATH",59,197,0,10,20,0,0.065989847,0.203045685,0.08839779,0.302816901,0.23756906,0.287179487,0.32596685,0.2708101581304501,0.2939972315079127,68.27535058165185,-2.0116848330944777,-9.377751286090557,-0.9165216386318207,-0.35954899929451856,"Gio Urshela",10681,570482
"Grant McCray","SFG",22,26,0,3,2,0,0.076923076,0.423076923,0.090909091,0.166666666,0.09090909,0.16,0.181818181,0.15399431467056274,0.22823976516723632,-6.5304392574106345,-0.6784848663955927,-3.9612610312693555,-0.41897594928741455,-0.35963840621159127,"Grant McCray",25690,687529
"Seth Brown","ATH",38,76,1,6,3,1,0.118421052,0.302631578,0.076923077,0.268292682,0.184615384,0.302631578,0.261538461,0.2651435528930865,0.30075068222848994,64.37183829826087,0.4026394411921501,-2.7887483689547947,-3.3698480129241943,-0.36248737014766885,"Seth Brown",18171,664913
"Pablo Reyes","NYY",25,34,0,4,2,1,0.058823529,0.294117647,0.032258064,0.285714285,0.193548387,0.242424242,0.225806451,0.2135433301781163,0.23506231606006622,32.77404054957289,-0.053896354511380196,-2.7478399665580753,-1.9834691137075424,-0.3643500269836262,"Pablo Reyes",16357,622569
"Chad Stevens","LAA",5,14,0,1,0,0,0,0.5,0,0.333333333,0.153846153,0.153846153,0.153846153,0.13575474115518424,0.16946154374342698,-23.11798644668855,-0.4291062233969569,-2.4606309593005933,-1.6104210764169693,-0.3672222350112129,"Chad Stevens",29614,677060
"Austin Nola","COL",15,41,0,2,1,0,0.048780487,0.121951219,0.026315789,0.212121212,0.184210526,0.225,0.210526315,0.1982333928346634,0.27489984035491943,7.728476214535089,0.09036850929260254,-4.3934265611152465,-0.5734133124351501,-0.36858907643373506,"Austin Nola",15941,543592
"Ryan Mountcastle","BAL",89,357,7,34,35,3,0.042016806,0.274509803,0.117469879,0.326180257,0.25,0.285714285,0.367469879,0.28357769912030517,0.32517868213439255,81.33424534261013,-1.01879564486444,-8.87271331016838,-7.0470665991306305,-0.3717106325560996,"Ryan Mountcastle",18373,663624
"Max Muncy","ATH",63,220,9,17,23,1,0.045454545,0.309090909,0.165048543,0.269230769,0.213592233,0.259090909,0.378640776,0.2767686456441879,0.27687140686871253,72.37992964195858,-0.23250156454741955,-7.394266067861274,-3.8387054204940796,-0.37460112830998255,"Max Muncy",29779,691777
"Tristan Peters","TBR",4,12,0,0,0,0,0,0.583333333,0,0,0,0,0,0,0.1440833310286204,-100,0,-3.0597608843396507,-1.0205908007919788,-0.37521618219699865,"Tristan Peters",30063,671976
"Eric Wagaman","MIA",140,514,9,56,53,4,0.062256809,0.194552529,0.12815126,0.295698924,0.25,0.295719844,0.37815126,0.29319762302279934,0.3261134275916027,85.09391400354646,-1.6524559259414673,-10.73318978046332,-10.06822669506073,-0.37837859556565157,"Eric Wagaman",23395,676572
"Warming Bernabel","COL",40,146,4,15,14,1,0.047945205,0.171232876,0.158273381,0.281818181,0.251798561,0.287671232,0.410071942,0.3013883686228974,0.28009985562028555,78.39295210348884,-1.0178201850503683,-4.756708532206572,-3.8339136838912964,-0.38188433234145447,"Warming Bernabel",26536,682653
"Jorge Barrosa","ARI",33,77,1,8,7,0,0.025974025,0.285714285,0.084507042,0.176470588,0.14084507,0.168831168,0.225352112,0.171335502878412,0.1975750985083642,1.9712410865703136,-0.10956879891455173,-9.055765344196926,2.752337098121643,-0.38278004140114474,"Jorge Barrosa",23968,678489
"Niko Kavadas","LAA",10,23,0,0,0,0,0.130434782,0.434782608,0,0.2,0.1,0.217391304,0.1,0.1669261740601581,0.20832569702811862,-1.6451528649242046,-0.03383350948570296,-2.7892489276881265,-1.7692680954933167,-0.38540485875549235,"Niko Kavadas",29782,694359
"Jose Siri","NYM",16,36,0,7,1,2,0.111111111,0.472222222,0.0625,0.133333333,0.0625,0.166666666,0.125,0.14638337824079725,0.2203607824113634,-10.836482361142737,0.763796366751194,-3.965313901954252,-1.1028178334236145,-0.39597455053105535,"Jose Siri",17452,642350
"Weston Wilson","PHI",54,125,5,15,17,2,0.096,0.272,0.171171171,0.236111111,0.198198198,0.282258064,0.369369369,0.28779136750005907,0.3394939668716923,81.12099235371086,-1.1807101778686047,-3.9776516666165413,-4.096565842628479,-0.4005422738594031,"Weston Wilson",19358,642215
"Ryan Noda","- - -",23,59,1,3,2,1,0.186440677,0.423728813,0.063829787,0.19047619,0.106382978,0.275862068,0.170212765,0.21054445313555853,0.2518655870641981,29.381334887360477,0.17384095162924496,-4.736866816740149,-1.2421442866325378,-0.4039746003544351,"Ryan Noda",23312,676116
"Jose Miranda","MIN",12,36,1,2,5,0,0,0.361111111,0.083333334,0.227272727,0.166666666,0.166666666,0.25,0.17915066911114585,0.20580555333031547,7.196050845163886,-0.0927926916629076,-4.030482785646907,-1.179473876953125,-0.4062791881709829,"Jose Miranda",20538,669304
"Hunter Feduccia","- - -",38,105,0,5,8,1,0.142857142,0.276190476,0.056818182,0.213114754,0.147727272,0.266666666,0.204545454,0.2256308050382705,0.2802900609515962,39.134471524074804,-0.2859278190881014,-7.8194333282423605,0.22361395321786404,-0.40776784284742384,"Hunter Feduccia",23372,676439
"Carson McCusker","MIN",16,30,0,0,1,0,0.033333333,0.533333333,0,0.384615384,0.172413793,0.2,0.172413793,0.1701175292332967,0.2137832482655843,0.9734588357056562,-0.5503289587795734,-4.051758888354043,-1.0104886591434479,-0.4122941271472098,"Carson McCusker",33098,676812
"Ryan Kreidler","DET",17,44,0,5,0,2,0.09090909,0.431818181,0,0.210526315,0.105263157,0.19047619,0.105263157,0.14989548637753441,0.2412140028817313,-12.449578797850647,0.627305880188942,-5.2042317763584975,-0.36060962080955505,-0.4144184311614882,"Ryan Kreidler",25867,668952
"Bryan De La Cruz","ATL",16,50,0,1,0,1,0.06,0.36,0.021276596,0.310344827,0.191489361,0.24,0.212765957,0.20771288275718688,0.247869815826416,27.40422498552515,-0.6884002480655909,-4.990451263669822,-0.743937075138092,-0.4164792019784923,"Bryan De La Cruz",19600,650559
"Cam Devanney","PIT",14,38,0,1,1,0,0.052631578,0.552631578,0.027777778,0.333333333,0.138888888,0.184210526,0.166666666,0.16222431785181948,0.17771037001358836,-5.169495707292908,-0.4660713691264391,-5.202681001756271,-0.16423529386520386,-0.4197351306812648,"Cam Devanney",25688,687478
"Yuli Gurriel","SDP",16,40,0,2,3,0,0.1,0.2,0.027777777,0.142857142,0.111111111,0.2,0.138888888,0.16662779599428176,0.1858202005044008,3.469191306238413,0.14557505957782269,-4.4307845260348895,-1.022757425904274,-0.4217891998321855,"Yuli Gurriel",19198,493329
"Randal Grichuk","- - -",113,293,9,35,27,0,0.058020477,0.208191126,0.172794118,0.258536585,0.227941176,0.273037542,0.400735294,0.28850472116307035,0.33770974041664437,81.52831587934055,0.3889280315488577,-5.995366252741536,-8.008981168270111,-0.42306093602119443,"Randal Grichuk",10243,545341
"Jimmy Crooks","STL",15,46,1,3,1,0,0,0.369565217,0.111111111,0.185185185,0.133333333,0.152173913,0.244444444,0.17116881064746692,0.23041932479194974,4.989269215603416,-0.05754672735929489,-5.2374863301831445,-0.43278416991233826,-0.42353678384329596,"Jimmy Crooks",31354,699625
"Michael Massey","KCR",77,277,3,20,20,2,0.032490974,0.155234657,0.06870229,0.277272727,0.244274809,0.268115942,0.312977099,0.2543848269227622,0.26854622882345447,56.763274416389734,-0.9095415510237217,-15.025329977095021,1.3073290642350912,-0.42814015307838466,"Michael Massey",27684,686681
"Jon Berti","CHC",53,107,0,12,2,11,0.046728971,0.205607476,0.02,0.269230769,0.21,0.261682242,0.23,0.2259026732400199,0.28865153834504903,42.12800181760862,0.6530057080090046,-6.686156073826885,-1.0765467286109924,-0.4299497971501864,"Jon Berti",12037,542932
"Johnathan Rodríguez","CLE",31,77,2,6,10,1,0.077922077,0.285714285,0.169014085,0.255319148,0.197183098,0.259740259,0.366197183,0.27263245257464325,0.30194782901119877,73.53464987010211,-0.1892044898122549,-2.5910271837762604,-4.287524104118347,-0.43262652879582425,"Johnathan Rodriguez",22530,671286
"Andrés Chaparro","WSN",34,73,1,4,5,0,0.06849315,0.301369863,0.075757576,0.25,0.181818181,0.246575342,0.257575757,0.22825526456310324,0.2626407309754254,41.96742840189708,-0.20505263097584248,-5.226037143596145,-1.4851280525326729,-0.4381142733281668,"Andres Chaparro",21797,665953
"Matt Mervis","MIA",42,134,7,15,14,0,0.082089552,0.373134328,0.208333333,0.21875,0.175,0.253731343,0.383333333,0.2740826848754309,0.23485374450683594,71.99956663433669,-0.44514789059758186,-4.8921133597941955,-3.8514658212661743,-0.43838666164628864,"Matt Mervis",27845,670223
"Will Wilson","CLE",34,91,0,7,2,2,0.076923076,0.373626373,0.051282051,0.34090909,0.192307692,0.26744186,0.243589743,0.23577743006307025,0.21453218681867733,48.146604108596264,0.17820239625871181,-5.383287734652668,-2.033773183822632,-0.4384254666762634,"Will Wilson",25434,669717
"Nolan Jones","CLE",136,403,5,34,34,8,0.096774193,0.280397022,0.092957747,0.291666666,0.211267605,0.2960199,0.304225352,0.2703761297865699,0.3083036029758166,71.98035354106455,-1.1666867267340422,-14.475528818387692,-3.7375941276550293,-0.4443713626092467,"Nolan Jones",20529,666134
"Denzer Guzman","LAA",13,43,2,4,3,0,0.023255813,0.511627906,0.166666667,0.333333333,0.19047619,0.209302325,0.357142857,0.2425633280776268,0.22438366468562637,50.45845192496748,0.21915681287646294,-2.2916344212573247,-3.6182036995887756,-0.45323715189475877,"Denzer Guzman",28816,694203
"Luke Williams","ATL",45,34,0,5,5,5,0.029411764,0.264705882,0.064516129,0.173913043,0.129032258,0.176470588,0.193548387,0.16712974800783045,0.24469049049146246,-0.39652747532863997,1.1030499711632729,-2.942632692511504,-2.634529422968626,-0.4548635484260363,"Luke Williams",19931,663897
"Ben Rortvedt","- - -",44,128,1,9,10,0,0.0859375,0.1796875,0.053571428,0.181818181,0.151785714,0.24,0.205357142,0.2105234727859497,0.24576649358195643,30.52906080634668,-0.706552192568779,-11.193631207150693,2.3985700979828835,-0.455902368380019,"Ben Rortvedt",20287,666163
"Buddy Kennedy","- - -",13,32,0,2,1,0,0.0625,0.25,0.034482758,0.095238095,0.068965517,0.15625,0.103448275,0.13248734921216965,0.2088525965809822,-23.622417806723067,-0.026406697928905487,-4.71531466704496,-0.8237750623375177,-0.45707611523234126,"Buddy Kennedy",22505,671083
"Nick Martini","COL",43,111,1,9,4,0,0.081081081,0.162162162,0.068627451,0.26506024,0.225490196,0.288288288,0.294117647,0.25873002680865204,0.2587062065754462,49.17061606432592,0.49202974513173103,-6.194981146087153,-1.9663269519805908,-0.4571144681738949,"Nick Martini",12005,605361
"Robert Hassell III","WSN",70,206,3,22,18,4,0.038834951,0.300970873,0.091370559,0.31060606,0.223350253,0.257281553,0.314720812,0.2517990247138496,0.28135738838009716,58.09566127476531,0.8611905295401812,-9.369864433271628,-1.9685440361499786,-0.45875266625859695,"Robert Hassell III",27482,690987
"Jordan Lawlar","ARI",28,74,0,9,5,2,0.081081081,0.351351351,0.106060606,0.292682926,0.181818181,0.256756756,0.287878787,0.24387363485387853,0.2640577264734217,51.66219432311563,1.4016599580645561,-2.837822640268863,-4.136734515428543,-0.4616581572946269,"Jordan Lawlar",29976,691783
"Alexander Canario","PIT",87,234,6,25,20,3,0.072649572,0.341880341,0.12037037,0.312977099,0.217592592,0.273504273,0.337962962,0.269562030195171,0.30174552069769967,68.36028923912913,-2.4262291435152292,-11.201137063352364,-1.118214637041092,-0.4637919607898224,"Alexander Canario",22842,672744
"Braxton Fulford","COL",38,120,1,11,16,1,0.058333333,0.3,0.111111112,0.297297297,0.212962962,0.266666666,0.324074074,0.2582249164581299,0.26456713676452637,48.82459922982045,0.8050091862678528,-6.47340396590494,-2.109639883041382,-0.4696236252584204,"Braxton Fulford",29704,690924
"Jonah Heim","TEX",124,433,11,38,43,3,0.073903002,0.203233256,0.118987342,0.243333333,0.212658227,0.270833333,0.331645569,0.2658568871793924,0.28031525788483797,69.08806935847792,-3.2232308611273766,-18.99885685388318,-0.6086480617523193,-0.48139693850818643,"Jonah Heim",16930,641680
"Jarred Kelenic","ATL",24,65,2,7,2,0,0.076923076,0.353846153,0.133333334,0.228571428,0.166666666,0.23076923,0.3,0.23585420480141273,0.29631514916053187,46.6819356134627,-0.4458331819623709,-4.553374466533613,-2.3646228313446045,-0.4865110641757808,"Jarred Kelenic",22558,672284
"Kris Bryant","COL",11,41,0,2,1,0,0.048780487,0.31707317,0.051282052,0.23076923,0.153846153,0.195121951,0.205128205,0.1808885684827479,0.222268151073921,-4.1532862777583,-0.058210888877511024,-5.119382227770634,-1.080246925354004,-0.4947188478536848,"Kris Bryant",15429,592178
"Everson Pereira","TBR",23,73,2,7,8,2,0.09589041,0.383561643,0.107692308,0.194444444,0.138461538,0.219178082,0.246153846,0.21180287207642648,0.2504312175593964,29.56464523834979,0.023231128230690956,-6.036957488712218,-1.328639879822731,-0.49654239146769635,"Everson Pereira",23695,677592
"James Outman","- - -",59,148,6,19,11,1,0.081081081,0.425675675,0.186567164,0.184615384,0.134328358,0.216216216,0.320895522,0.23719823038255847,0.2724293309289056,47.618158844308184,1.121370367705822,-8.034117543696745,-1.8700638636946678,-0.4973188891244442,"James Outman",24770,681546
"Rece Hinds","CIN",15,44,2,6,3,0,0.022727272,0.477272727,0.162790698,0.15,0.116279069,0.136363636,0.279069767,0.17688649215481497,0.26262493567033246,1.8779810203937288,-0.061105476692318916,-5.178081217522457,-1.2062391638755798,-0.5034018424904889,"Rece Hinds",27493,677956
"Lane Thomas","CLE",39,142,4,10,11,4,0.098591549,0.309859154,0.112,0.202531645,0.16,0.246478873,0.272,0.23528394019100027,0.2479383710404517,47.80665740388274,-0.06415539048612118,-8.799419298306413,-1.1888208091259003,-0.5219061204980336,"Lane Thomas",16939,657041
"Jorge Mateo","BAL",43,83,1,9,3,15,0.048192771,0.361445783,0.088607595,0.270833333,0.177215189,0.216867469,0.265822784,0.2138875112476119,0.21166249930140485,33.32728297311783,2.3856604937464,-4.136610223967121,-3.834883898496628,-0.5233208287382927,"Jorge Mateo",17273,622761
"Jason Heyward","SDP",34,95,2,9,12,0,0.063157894,0.210526315,0.094117647,0.196969696,0.176470588,0.223404255,0.270588235,0.2173835020116035,0.2498062502953314,38.23848223652579,-0.20847739093005657,-7.162494760626934,-1.1335744559764862,-0.5253727738592057,"Jason Heyward",4940,518792
"Trenton Brooks","SDP",25,43,1,5,2,0,0.046511627,0.302325581,0.121951219,0.185185185,0.146341463,0.186046511,0.268292682,0.19933536024980766,0.25837195196817087,25.87492469970834,-1.261362349614501,-5.039065331032466,-1.5935338139533997,-0.5322082769631119,"Trenton Brooks",19384,670092
"Jack Suwinski","PIT",59,178,3,15,10,7,0.13483146,0.320224719,0.106666667,0.211111111,0.146666666,0.280898876,0.253333333,0.2500451173486009,0.315068700096824,54.990576273420956,1.1089773904532194,-8.386518728670138,-2.78793203830719,-0.537301215711688,"Jack Suwinski",22244,669261
"Tim Elko","CHW",23,72,4,6,8,1,0.069444444,0.416666666,0.19402985,0.151515151,0.134328358,0.194444444,0.328358208,0.2276193673412005,0.2460622787475586,41.085065165482234,0.20618068613111973,-4.793364212514053,-2.9695253372192383,-0.540711591972834,"Tim Elko",31522,671284
"Nick Castellanos","PHI",147,589,17,72,72,4,0.054329371,0.225806451,0.149908592,0.297766749,0.250457038,0.293718166,0.40036563,0.30037709336936574,0.3102505373589225,89.74261933234901,-1.8186518717557192,-8.979195146329513,-16.247154235839844,-0.5757738743308173,"Nick Castellanos",11737,592206
"David Fry","CLE",66,157,8,16,23,1,0.05732484,0.369426751,0.191780822,0.2125,0.171232876,0.229299363,0.363013698,0.25761855256025956,0.21067340557391828,63.192136024013635,0.3895888030529022,-6.421441971615156,-4.645061492919922,-0.5794073811815145,"David Fry",24934,681807
"Maverick Handley","BAL",16,47,0,2,3,0,0.042553191,0.382978723,0,0.125,0.073170731,0.133333333,0.073170731,0.10561110178629557,0.17598407533433702,-41.26028341440077,-0.28023696318268776,-8.105347950070211,0.7710174918174744,-0.5848955919228465,"Maverick Handley",26106,668974
"Logan Davidson","- - -",19,47,1,3,4,0,0.063829787,0.468085106,0.119047619,0.315789473,0.166666666,0.222222222,0.285714285,0.22545162439346314,0.19618458333222763,37.835464356294146,-1.101778345182538,-4.545381735339217,-2.8050560355186462,-0.5865435715822541,"Logan Davidson",25844,669722
"MJ Melendez","KCR",23,65,1,5,1,0,0.046153846,0.353846153,0.083333333,0.111111111,0.083333333,0.153846153,0.166666666,0.15115520862432627,0.20815491309532752,-14.347746407990586,-0.000315619632601738,-8.760505935420078,0.7651877999305725,-0.5891406134304538,"MJ Melendez",22197,669004
"Michael Conforto","LAD",138,486,12,54,36,1,0.115226337,0.248971193,0.133971292,0.246527777,0.198564593,0.304526748,0.332535885,0.28747736303894605,0.34101738683956184,83.02554549659959,-1.4905141666531563,-11.26797987769898,-10.675992488861084,-0.5905998363968175,"Michael Conforto",16376,624424
"Riley Adams","WSN",83,286,8,29,24,1,0.062937062,0.384615384,0.121673003,0.28275862,0.186311787,0.251748251,0.30798479,0.24997270899219112,0.2833101506818805,56.844576270938774,-0.2639237940311432,-14.892283268502025,-0.44559305906295776,-0.5955954969648846,"Riley Adams",19864,656180
"Drew Waters","KCR",71,219,1,21,14,5,0.05022831,0.273972602,0.072815534,0.337931034,0.242718446,0.287671232,0.31553398,0.2678058825127066,0.26764997139504426,66.00853734841552,-0.8135572578758001,-9.587333257078821,-3.8635220527648926,-0.6050396379692017,"Drew Waters",20505,671221
"Triston Casas","BOS",29,112,3,5,11,0,0.098214285,0.241071428,0.121212122,0.217391304,0.181818181,0.276785714,0.303030303,0.25568022457036105,0.3068459250710227,56.476249147687,-0.3993788231164217,-6.144734412996378,-3.749515652656555,-0.6179269129679826,"Triston Casas",22514,671213
"Christian Encarnacion-Strand","CIN",36,137,6,13,19,0,0.02189781,0.233576642,0.169230769,0.223404255,0.207692307,0.233576642,0.376923076,0.26096325025071193,0.28440197018811303,59.47326423276761,-0.8299236781895161,-7.410385863007928,-3.2365739345550537,-0.6229130897643694,"Christian Encarnacion-Strand",30011,687952
"Ronny Simon","- - -",27,88,0,10,7,1,0.09090909,0.170454545,0.038961039,0.28125,0.233766233,0.298850574,0.272727272,0.2588940605349924,0.3074594859419198,61.5457590786935,0.9329292010515928,-3.077779505773112,-6.0137434005737305,-0.6305885098471264,"Ronny Simon",25346,682927
"Endy Rodríguez","PIT",18,57,0,5,2,0,0.087719298,0.245614035,0.076923077,0.236842105,0.173076923,0.245614035,0.25,0.2259147710967482,0.2579550913402012,38.460513056629004,-1.168566506356001,-5.3259772367593,-2.8685619942843914,-0.6443525579889978,"Endy Rodriguez",25332,682848
"Mark Canha","KCR",46,125,1,9,6,0,0.056,0.192,0.053097345,0.255555555,0.21238938,0.272,0.265486725,0.24358860969543458,0.2732507629394531,49.32616440153404,-0.5212247408926487,-7.986853085100492,-2.687990665435791,-0.6520153175724286,"Mark Canha",11445,592192
"Kevin Newman","LAA",57,116,2,13,11,1,0.008620689,0.198275862,0.070175439,0.235955056,0.201754385,0.208695652,0.271929824,0.20900705897289773,0.2204304073167884,27.34279393428931,0.3373570963740349,-9.596302135951172,-0.9059919118881226,-0.6660524685637104,"Kevin Newman",17696,621028
"Abraham Toro","BOS",77,284,7,33,27,2,0.049295774,0.147887323,0.131274131,0.255813953,0.239382239,0.288732394,0.37065637,0.28593919744761165,0.30708903390190206,77.32052316386951,-2.6032194402068853,-10.194655650296824,-6.20354962348938,-0.6777099331046266,"Abraham Toro",19844,647351
"Tyler Locklear","ARI",31,116,3,11,6,3,0.086206896,0.370689655,0.087378641,0.263157894,0.174757281,0.267241379,0.262135922,0.2450871190120434,0.25060204801888303,52.493469997226626,-0.04697868973016739,-6.578366999928546,-3.914920449256897,-0.6786830910796832,"Tyler Locklear",31396,682988
"Jeimer Candelario","CIN",22,91,2,3,10,0,0.098901098,0.318681318,0.1,0.137254901,0.1125,0.197802197,0.2125,0.18916598519126138,0.2172359634231735,10.289828660045021,-0.30225561931729317,-9.977841770659547,0.2718367576599121,-0.6832444900918963,"Jeimer Candelario",13621,600869
"Joshua Palacios","CHW",51,145,3,11,9,0,0.08275862,0.248275862,0.1015625,0.258426966,0.203125,0.291666666,0.3046875,0.27133777861793834,0.3082595771842903,71.20104259476264,-0.6601393613964319,-5.581864345755665,-6.154017686843872,-0.6901480458423532,"Joshua Palacios",19818,641943
"Jonah Bride","- - -",45,125,0,7,5,0,0.088,0.312,0.017857143,0.256756756,0.169642857,0.248,0.1875,0.20275782096770503,0.2285182168406825,23.096935400138914,-0.8832225482910872,-12.248044273705627,1.2371718883514404,-0.6916525364057592,"Jonah Bride",24703,681146
"Connor Wong","BOS",63,188,0,16,7,2,0.085106382,0.223404255,0.047619048,0.25,0.19047619,0.262032085,0.238095238,0.2298354793359889,0.2717539879583543,38.672771358502075,-0.9967667739838362,-14.585649906269158,1.3415790051221848,-0.6930413934375146,"Connor Wong",19896,657136
"Mickey Gasper","MIN",45,110,2,15,11,2,0.09090909,0.181818181,0.073684211,0.175675675,0.157894736,0.256880733,0.231578947,0.2293339502920798,0.23720034328075723,41.76543521289817,0.15073258616030216,-7.399252507139285,-3.413685590028763,-0.7189626724625001,"Mickey Gasper",24759,681508
"Sean Bouchard","COL",32,73,1,7,7,1,0.09589041,0.369863013,0.075757576,0.263157894,0.166666666,0.246575342,0.242424242,0.22471210074751344,0.22360929724288314,25.867242692648695,-0.278415035456419,-6.692389396196591,-2.922177791595459,-0.7351686325899411,"Sean Bouchard",21270,656248
"Tyler Freeman","COL",110,428,2,50,31,18,0.079439252,0.119158878,0.079575597,0.31707317,0.281167108,0.354460093,0.360742705,0.3194722850837618,0.3254754638671875,90.78101645968604,-2.192610638216138,-6.8691114532187925,-14.662156581878662,-0.7458307865911701,"Tyler Freeman",22532,671289
"Yanquiel Fernández","COL",52,147,4,13,11,0,0.054421768,0.299319727,0.123188405,0.296703296,0.224637681,0.265306122,0.347826086,0.2677144112230158,0.24993133544921875,55.32520832683814,-2.030258033424616,-9.813742741484685,-2.4100323915481567,-0.7501969341534183,"Yanquiel Fernandez",28552,692585
"Connor Joe","- - -",42,80,0,2,4,2,0.0875,0.25,0.057142857,0.25,0.185714285,0.2625,0.242857142,0.23140059188008308,0.2845033890084375,40.299235895489076,-1.1832969170063734,-6.843917972090075,-3.389683172106743,-0.7746726848424165,"Connor Joe",16572,656582
"Martín Maldonado","SDP",64,161,4,11,12,0,0.04968944,0.354037267,0.12244898,0.302325581,0.204081632,0.24516129,0.326530612,0.25058783254315775,0.26319983697706656,60.98451650512668,-2.0576175525784492,-9.50248680507994,-3.4428718090057373,-0.7763622175868438,"Martin Maldonado",6887,455117
"Joc Pederson","TEX",96,306,9,28,26,2,0.111111111,0.2124183,0.147169811,0.203125,0.181132075,0.285245901,0.328301886,0.27629436801691526,0.3206084097179249,76.2780592995955,-0.8169899377971888,-9.372466724424036,-8.795133918523788,-0.781273979669304,"Joc Pederson",11899,592626
"Leody Taveras","- - -",58,180,3,13,17,9,0.027777777,0.277777777,0.099415205,0.268907563,0.204678362,0.2259887,0.304093567,0.23008879227826826,0.2410879893736406,47.159155184732896,0.7653925307095051,-10.444845453865545,-3.396469861268997,-0.7823168780564703,"Leody Taveras",18900,665750
"Edouard Julien","MIN",64,208,3,13,12,0,0.10576923,0.29326923,0.104395605,0.310924369,0.219780219,0.309178743,0.324175824,0.28557353060026675,0.3371039127957994,80.5067774010295,-1.9830537531524897,-6.7618614221927045,-8.144102334976196,-0.7926490642022445,"Edouard Julien",27534,666397
"Jacob Amaya","CHW",37,73,0,7,8,2,0.04109589,0.219178082,0.015151515,0.132075471,0.106060606,0.138888888,0.121212121,0.11973378476169375,0.19952070713043213,-33.23327520929706,0.5831747222691774,-10.88008517829737,0.5889650583267212,-0.7958599812912261,"Jacob Amaya",23296,676070
"Logan O'Hoppe","LAA",119,451,19,35,43,2,0.053215077,0.308203991,0.158392435,0.266917293,0.212765957,0.257777777,0.371158392,0.27346640454398263,0.3091344536675347,71.7464247990253,-2.5256098061800003,-17.543970409654424,-5.7870118618011475,-0.7989729806011376,"Logan O'Hoppe",24729,681351
"Oswald Peraza","- - -",106,265,5,24,20,9,0.064150943,0.301886792,0.086065574,0.21875,0.163934426,0.223484848,0.25,0.2139704909288522,0.25654763051312235,32.28451059559483,2.352672189474106,-18.79713781930373,1.851051390171051,-0.800668560263727,"Oswald Peraza",22823,672724
"Will Robertson","- - -",27,75,0,2,9,0,0.026666666,0.36,0.014285714,0.204545454,0.128571428,0.173333333,0.142857142,0.14851632595062256,0.18874095598856608,-13.26832063239347,0.07316076941788197,-9.939333943411214,-0.7728185877203941,-0.8318943894248099,"Will Robertson",25467,683770
"Orlando Arcia","- - -",76,214,3,13,13,0,0.046728971,0.219626168,0.088669951,0.246753246,0.201970443,0.238317757,0.290640394,0.23293054438082972,0.24731118724031267,33.468280074366554,-0.6172501370310783,-17.491976135574138,2.0613757222890854,-0.8501998367319994,"Orlando Arcia",13185,606115
"DaShawn Keirsey Jr.","MIN",74,88,2,11,6,10,0.022727272,0.375,0.071428571,0.142857142,0.107142857,0.137931034,0.178571428,0.1420334810498117,0.17871590318350955,-18.372590952400177,0.5609343089163303,-11.716465553700186,0.31326019763946533,-0.8568216434693857,"DaShawn Keirsey Jr.",24496,680577
"Adael Amador","COL",41,128,1,5,10,1,0.0859375,0.2109375,0.088495575,0.223529411,0.17699115,0.256,0.265486725,0.2377469491958618,0.27073998605051347,34.79653308175605,-1.3939839899539948,-11.285773436554452,-1.5093197226524353,-0.8733337043060173,"Adael Amador",27962,691182
"Trey Sweeney","DET",118,326,6,36,32,3,0.079754601,0.282208588,0.094594595,0.257425742,0.195945945,0.257668711,0.29054054,0.24450767735030754,0.24895359919621393,52.72521883682253,-0.669255468994379,-18.833598800536365,-1.2225494384765625,-0.9040712668807045,"Trey Sweeney",29575,700242
"Alex Verdugo","ATL",56,213,0,21,12,1,0.065727699,0.145539906,0.050761421,0.28313253,0.23857868,0.295774647,0.289340101,0.2642892943301671,0.31154970852833874,66.16088641589307,-1.3595509435981512,-9.902204367891684,-6.300826549530029,-0.9326335539204695,"Alex Verdugo",17027,657077
"Hunter Renfroe","KCR",35,108,0,5,4,0,0.074074074,0.194444444,0.060606061,0.227848101,0.181818181,0.24074074,0.242424242,0.21881747687304462,0.2604905234442817,32.2622580245485,0.06437108665704727,-8.558006667566353,-4.391555190086365,-0.9446084992607937,"Hunter Renfroe",15464,592669
"Anthony Santander","TOR",54,221,6,16,18,0,0.113122171,0.276018099,0.118556701,0.21875,0.175257731,0.271493212,0.293814432,0.2549884156747298,0.2718282526189631,60.79944767388719,-0.9079954922199249,-11.118731189280455,-5.730194449424744,-0.9456622821375534,"Anthony Santander",14551,623993
"Vinny Capra","- - -",47,105,1,10,6,2,0.028571428,0.238095238,0.052083333,0.152777777,0.125,0.156862745,0.177083333,0.1498003993548599,0.2206710966506807,-11.268391023486172,0.24624576419591904,-13.575641411613871,0.773342102766037,-0.9469982962307406,"Vinny Capra",25040,681962
"Keibert Ruiz","WSN",68,267,2,19,25,0,0.029962546,0.097378277,0.070588235,0.267543859,0.247058823,0.277153558,0.317647058,0.2623011302412226,0.2873227112275317,65.2899413097469,-2.6196700409054756,-13.60367739867618,-5.271382927894592,-1.0221774733774454,"Keibert Ruiz",19610,660688
"Kyle Farmer","COL",97,300,8,24,31,0,0.056666666,0.22,0.137184115,0.268292682,0.227436823,0.28,0.364620938,0.28216366449991864,0.289441639945011,65.22341151090158,-1.493136528879404,-13.858373304623893,-6.349273920059204,-1.046172266825352,"Kyle Farmer",14813,571657
"Jhonkensy Noel","CLE",69,153,6,19,13,0,0.02614379,0.339869281,0.135135135,0.197802197,0.162162162,0.183006535,0.297297297,0.20661872352649963,0.21213718489104627,28.060262398607748,-0.1367012681439519,-13.109475352227278,-2.4939503371715546,-1.0576762568244449,"Jhonkensy Noel",24257,678877
"Heston Kjerstad","BAL",54,167,4,16,19,1,0.035928143,0.269461077,0.134615384,0.24074074,0.192307692,0.239520958,0.326923076,0.2477956799689881,0.30282117649466694,56.68535144036235,-0.03735566325485706,-8.562933838935814,-8.298755407333374,-1.1371150289455576,"Heston Kjerstad",31166,677008
"Jordan Walker","STL",111,396,6,40,41,10,0.073232323,0.318181818,0.09090909,0.310344827,0.214876033,0.277777777,0.305785123,0.26023274841187877,0.2881159142602848,66.00093088909124,-0.4073456507176161,-16.364535718192414,-9.002001285552979,-1.2471679132330753,"Jordan Walker",27475,691023
"Josh Rojas","CHW",69,211,2,14,11,4,0.090047393,0.227488151,0.07936508,0.226950354,0.179894179,0.252380952,0.259259259,0.23226537080038162,0.2669393382786553,44.28552307845098,-2.042244654148817,-15.897772887227493,-4.009227395057678,-1.2937539727258072,"Josh Rojas",19734,668942
"Jacob Stallings","- - -",43,129,0,5,9,0,0.046511627,0.310077519,0.033613445,0.202531645,0.134453781,0.1953125,0.168067226,0.1711901961825788,0.20613164082169533,-6.647331036123474,-1.0120819080621004,-17.28763980640549,-1.2550809532403946,-1.4537777011558803,"Jacob Stallings",13723,607732
"LaMonte Wade Jr.","- - -",80,242,2,19,18,1,0.111570247,0.239669421,0.086124402,0.22,0.167464114,0.270833333,0.253588516,0.24142293201829598,0.2839321711073361,52.28974450746653,-1.2198604419827461,-14.874601789768317,-8.45107215642929,-1.554112706966077,"LaMonte Wade Jr.",18126,664774
"Jac Caglianone","KCR",62,232,7,19,18,1,0.077586206,0.224137931,0.138095238,0.17218543,0.157142857,0.237068965,0.295238095,0.23904945598594074,0.32686680760876885,46.1993112824252,0.12731382437050343,-14.583896174578523,-8.725866317749023,-1.5679531267165348,"Jac Caglianone",35041,695506
"Michael Toglia","COL",88,337,11,22,32,3,0.083086053,0.391691394,0.163398693,0.284848484,0.189542483,0.258160237,0.352941176,0.26516476816205836,0.27603677956454725,53.578620833314474,-0.4807291589677334,-19.022113043894798,-13.355992794036865,-2.165399331413539,"Michael Toglia",25845,669911