"Name","Team","Pos","G","GS","Inn","PO","A","E","FE","TE","DP","DPS","DPT","DPF","Scp","SB","CS","PB","WP","FP","TZ","playerid","mlbamid"
"Kenley Jansen","DET","P","62","0","59.0","1","1","1","0","1","0","0","0","0","","13","","","",".667","","3096","445276"
"Giancarlo Stanton","NYY","LF","5","5","35.0","2","0","1","0","1","0","0","0","0","","","","","",".667","","4949","519317"
"Giancarlo Stanton","NYY","RF","15","13","97.0","24","0","0","0","0","0","0","0","0","","","","","","1.000","","4949","519317"
"Freddie Freeman","LAD","1B","146","145","1239.0","1008","91","3","3","0","72","6","0","73","24","","","","",".997","","5361","518692"
"Jose Altuve","HOU","2B","66","61","499.1","92","115","4","3","1","21","12","10","0","","","","","",".981","","5417","514888"
"Jose Altuve","HOU","LF","47","44","371.0","58","2","1","1","0","0","0","0","0","","","","","",".984","","5417","514888"
"Kyle Higashioka","TEX","C","71","68","604.1","585","16","3","1","2","0","2","0","0","","66","15","4","17",".995","","5517","543309"
"Huascar Brazoban","NYM","P","52","3","63.0","4","5","0","0","0","0","0","0","0","","3","","","","1.000","","6107","623211"
"Fernando Cruz","NYY","P","49","0","48.0","4","2","0","0","0","0","0","0","0","","2","","","","1.000","","7048","518585"
"Salvador Perez","KCR","1B","30","28","251.2","221","17","1","1","0","10","1","0","10","1","","","","",".996","","7304","521692"
"Salvador Perez","KCR","C","92","89","761.2","663","30","0","0","0","0","2","0","0","","18","14","2","38","1.000","","7304","521692"
"Travis d'Arnaud","LAA","C","58","53","475.0","452","18","2","0","2","1","3","2","1","","48","11","1","16",".996","","7739","518595"
"Miguel Rojas","LAD","1B","1","0","3.0","3","0","0","0","0","0","0","0","0","0","","","","","1.000","","7802","500743"
"Miguel Rojas","LAD","2B","68","49","453.1","66","116","2","2","0","21","11","10","1","","","","","",".989","","7802","500743"
"Miguel Rojas","LAD","3B","23","20","167.2","15","33","1","0","1","3","3","0","2","","","","","",".980","","7802","500743"
"Miguel Rojas","LAD","P","4","0","5.0","1","1","0","0","0","1","0","0","1","","0","","","","1.000","","7802","500743"
"Miguel Rojas","LAD","SS","22","10","117.0","19","33","1","0","1","3","3","1","1","","","","","",".981","","7802","500743"
"Kirby Yates","LAA","P","50","0","41.1","4","4","1","0","1","0","0","0","0","","8","","","",".889","","9073","489446"
"Nathan Eovaldi","TEX","P","22","22","130.0","23","10","1","0","1","1","0","0","1","","4","","","",".971","","9132","543135"
"Nolan Arenado","ARI","3B","103","102","880.2","71","207","5","1","3","22","22","1","1","","","","","",".982","","9777","571448"
"Brooks Raley","NYM","P","30","0","25.2","0","1","0","0","0","0","0","0","0","","0","","","","1.000","","10061","548384"
"Caleb Thielbar","CHC","P","67","0","58.0","0","5","0","0","0","0","0","0","0","","2","","","","1.000","","10078","573204"
"Mike Trout","LAA","RF","22","22","185.0","46","2","0","0","0","0","0","0","0","","","","","","1.000","","10155","545361"
"Aroldis Chapman","BOS","P","67","0","61.1","2","0","0","0","0","0","0","0","0","","4","","","","1.000","","10233","547973"
"Zack Wheeler","PHI","P","24","24","149.2","8","11","1","0","1","1","1","0","0","","4","","","",".950","","10310","554430"
"Chris Sale","ATL","P","21","20","125.2","7","13","1","0","1","1","1","0","0","","23","","","",".952","","10603","519242"
"Jurickson Profar","ATL","LF","79","79","701.0","164","0","1","1","0","0","0","0","0","","","","","",".994","","10815","595777"
"Jacob deGrom","TEX","P","30","30","172.2","18","13","0","0","0","0","0","0","0","","11","","","","1.000","","10954","594798"
"Merrill Kelly","ARI","P","32","32","184.0","13","22","3","1","2","0","0","0","0","","14","","","",".921","","11156","518876"
"Drew Pomeranz","LAA","P","57","4","49.2","0","2","0","0","0","1","1","0","0","","5","","","","1.000","","11426","519141"
"Christian Yelich","MIL","LF","19","18","153.1","41","1","1","1","0","0","0","0","0","","","","","",".977","","11477","592885"
"Robbie Ray","SFG","P","32","32","182.1","3","13","0","0","0","0","0","0","0","","20","","","","1.000","","11486","592662"
"Manny Machado","SDP","3B","145","145","1252.2","117","230","16","7","9","25","28","3","3","","","","","",".956","","11493","592518"
"Bryce Harper","PHI","1B","130","130","1132.2","933","71","2","1","0","69","3","0","72","15","","","","",".998","","11579","547180"
"Willson Contreras","BOS","1B","120","119","1011.2","960","84","9","4","4","71","5","1","76","12","","","","",".991","","11609","575929"
"Jameson Taillon","CHC","P","23","23","129.2","7","14","0","0","0","0","0","0","0","","10","","","","1.000","","11674","592791"
"Nick Castellanos","PHI","RF","143","138","1208.1","243","4","0","0","0","0","2","0","0","","","","","","1.000","","11737","592206"
"Taijuan Walker","PHI","P","34","21","123.2","8","23","1","0","1","0","0","0","0","","13","","","",".969","","11836","592836"
"Chris Martin","TEX","P","49","0","42.1","4","3","0","0","0","0","0","0","0","","9","","","","1.000","","11847","455119"
"Jason Adam","SDP","P","65","0","65.1","4","7","0","0","0","1","2","0","0","","12","","","","1.000","","11861","592094"
"Joc Pederson","TEX","1B","4","2","19.0","17","2","0","0","0","2","0","0","2","0","","","","","1.000","","11899","592626"
"Joc Pederson","TEX","RF","1","0","3.0","1","0","0","0","0","0","0","0","0","","","","","","1.000","","11899","592626"
"Yimi Garcia","TOR","P","22","0","21.0","1","0","1","0","1","0","0","0","0","","2","","","",".500","","12095","554340"
"Xander Bogaerts","SDP","SS","125","125","1083.1","147","255","8","2","6","54","33","20","2","","","","","",".980","","12161","593428"
"Colin Rea","CHC","P","32","27","159.1","21","21","1","0","1","0","1","0","0","","7","","","",".977","","12317","607067"
"Seth Lugo","KCR","P","26","26","145.1","12","15","0","0","0","0","0","0","0","","4","","","","1.000","","12447","607625"
"Marcus Semien","NYM","2B","127","127","1108.1","183","308","2","1","1","62","22","42","3","","","","","",".996","","12533","543760"
"Trevor Story","BOS","SS","156","155","1371.1","219","397","19","8","11","83","40","42","8","","","","","",".970","","12564","596115"
"Blake Treinen","LAD","P","32","0","26.2","0","1","0","0","0","0","0","0","0","","11","","","","1.000","","12572","595014"
"Adrian Houser","SFG","P","21","21","125.0","6","23","1","0","1","3","3","0","0","","7","","","",".967","","12718","605288"
"Sonny Gray","BOS","P","32","32","180.2","12","20","1","0","1","1","1","0","0","","11","","","",".970","","12768","543243"
"Michael Kelly","ATH","P","42","0","39.2","3","1","1","1","0","0","0","0","0","","3","","","",".800","","12791","547184"
"Andrew Kittredge","BAL","P","54","0","53.0","4","3","0","0","0","1","1","0","0","","8","","","","1.000","","12828","552640"
"George Springer","TOR","CF","11","8","68.0","21","0","0","0","0","0","0","0","0","","","","","","1.000","","12856","543807"
"George Springer","TOR","LF","12","10","85.0","9","0","0","0","0","0","0","0","0","","","","","","1.000","","12856","543807"
"George Springer","TOR","RF","44","33","283.2","51","1","1","1","0","0","0","0","0","","","","","",".981","","12856","543807"
"Shawn Armstrong","CLE","P","71","2","74.0","2","3","0","0","0","0","0","0","0","","4","","","","1.000","","12857","542888"
"James McCann","ARI","1B","1","0","1.2","1","0","0","0","0","0","0","0","0","0","","","","","1.000","","12859","543510"
"James McCann","ARI","C","40","35","316.0","260","14","1","1","0","0","1","0","0","","21","5","0","8",".996","","12859","543510"
"Francisco Lindor","NYM","SS","158","157","1374.0","217","377","13","7","6","65","37","28","8","","","","","",".979","","12916","596019"
"Brandon Nimmo","TEX","CF","5","1","15.0","1","0","0","0","0","0","0","0","0","","","","","","1.000","","12927","607043"
"Brandon Nimmo","TEX","LF","150","146","1268.2","257","5","1","1","0","0","2","0","0","","","","","",".996","","12927","607043"
"Austin Hedges","CLE","C","67","54","479.2","471","21","1","1","0","1","2","1","1","","30","15","0","16",".998","","12976","595978"
"Austin Hedges","CLE","P","3","0","3.0","0","0","0","0","0","0","0","0","0","","0","","","",".000","","12976","595978"
"Javier Baez","DET","2B","10","4","42.1","6","15","0","0","0","3","3","0","0","","","","","","1.000","","12979","595879"
"Javier Baez","DET","3B","23","16","147.1","15","26","1","0","1","4","4","0","0","","","","","",".976","","12979","595879"
"Javier Baez","DET","CF","53","43","405.0","104","2","0","0","0","0","1","0","0","","","","","","1.000","","12979","595879"
"Javier Baez","DET","SS","62","53","427.2","57","115","7","3","4","21","8","13","2","","","","","",".961","","12979","595879"
"Teoscar Hernandez","LAD","RF","133","132","1106.0","255","6","2","2","0","0","2","0","0","","","","","",".992","","13066","606192"
"Yu Darvish","SDP","P","15","15","72.0","6","8","1","0","1","0","0","0","0","","10","","","",".933","","13074","506433"
"Josh Bell","MIN","1B","33","32","253.0","245","12","3","1","2","24","1","1","25","6","","","","",".988","","13145","605137"
"Jorge Polanco","NYM","1B","1","0","0.0","0","0","0","0","0","0","0","0","0","0","","","","",".000","","13152","593871"
"Jorge Polanco","NYM","2B","38","34","287.1","48","86","0","0","0","21","5","17","0","","","","","","1.000","","13152","593871"
"Jorge Polanco","NYM","3B","5","5","43.0","5","5","0","0","0","1","1","0","0","","","","","","1.000","","13152","593871"
"Eduardo Rodriguez","ARI","P","29","29","154.1","2","11","0","0","0","1","1","0","0","","8","","","","1.000","","13164","593958"
"Max Muncy","LAD","3B","97","90","801.1","58","154","11","3","8","13","13","0","0","","","","","",".951","","13301","571970"
"Hoby Milner","CHC","P","73","0","70.1","13","9","0","0","0","1","0","0","1","","0","","","","1.000","","13346","571948"
"Steven Matz","TBR","P","53","2","76.2","8","6","0","0","0","1","1","0","0","","1","","","","1.000","","13361","571927"
"Christian Walker","HOU","1B","152","150","1316.0","1100","55","6","4","2","80","6","0","87","15","","","","",".995","","13419","572233"
"Pierce Johnson","CIN","P","65","0","59.0","7","4","0","0","0","0","0","0","0","","8","","","","1.000","","13435","572955"
"Jose Ramirez","CLE","3B","134","132","1145.2","82","235","13","7","5","18","20","0","2","","","","","",".961","","13510","608070"
"Blake Snell","LAD","P","11","11","61.1","1","5","0","0","0","0","0","0","0","","6","","","","1.000","","13543","605483"
"Steven Okert","HOU","P","68","1","71.2","2","5","1","0","1","0","1","0","0","","8","","","",".875","","13580","595345"
"Robert Stephenson","LAA","P","12","0","10.0","0","0","0","0","0","0","0","0","0","","2","","","",".000","","13594","596112"
"Mookie Betts","LAD","RF","1","0","1.0","1","0","0","0","0","0","0","0","0","","","","","","1.000","","13611","605141"
"Mookie Betts","LAD","SS","148","148","1278.0","160","315","7","2","5","50","25","26","0","","","","","",".985","","13611","605141"
"Ketel Marte","ARI","2B","104","99","878.0","176","247","6","6","0","49","23","26","4","","","","","",".986","","13613","606466"
"Carson Kelly","CHC","C","105","98","864.0","777","23","2","0","2","2","2","2","2","","44","23","4","12",".998","","13620","608348"
"Corey Seager","TEX","SS","97","97","828.0","119","217","4","3","1","51","30","21","3","","","","","",".988","","13624","608369"
"Clay Holmes","NYM","P","33","31","165.2","13","20","1","1","0","0","0","0","0","","8","","","",".971","","13649","605280"
"Tyrone Taylor","NYM","CF","106","85","783.0","237","8","2","2","0","0","2","0","0","","","","","",".992","","13675","621438"
"Tyrone Taylor","NYM","LF","5","2","23.0","7","0","0","0","0","0","0","0","0","","","","","","1.000","","13675","621438"
"Tyrone Taylor","NYM","RF","3","0","4.0","1","0","0","0","0","0","0","0","0","","","","","","1.000","","13675","621438"
"Max Fried","NYY","P","32","32","195.1","10","39","4","0","4","0","1","0","0","","6","","","",".925","","13743","608331"
"Rob Refsnyder","SEA","LF","16","9","79.1","18","0","1","1","0","0","0","0","0","","","","","",".947","","13770","608701"
"Rob Refsnyder","SEA","RF","29","21","176.2","43","2","0","0","0","0","0","0","0","","","","","","1.000","","13770","608701"
"Zach Eflin","BAL","P","14","14","71.1","7","10","2","0","2","1","1","0","0","","2","","","",".895","","13774","621107"
"Matt Strahm","KCR","P","66","0","62.1","3","2","1","0","1","0","0","0","0","","3","","","",".833","","13799","621381"
"Tyler Heineman","TOR","C","61","46","424.2","441","30","8","2","6","1","1","1","0","","37","16","0","11",".983","","13897","623168"
"Tyler Heineman","TOR","P","3","0","3.1","0","1","0","0","0","0","0","0","0","","0","","","","1.000","","13897","623168"
"Dietrich Enns","BAL","P","24","3","46.1","1","3","1","0","1","0","0","0","0","","5","","","",".800","","13932","608650"
"Michael Wacha","KCR","P","31","31","172.2","10","11","0","0","0","1","0","0","1","","2","","","","1.000","","14078","608379"
"Kevin Gausman","TOR","P","32","32","193.0","16","12","0","0","0","2","2","0","0","","17","","","","1.000","","14107","592332"
"Lance McCullers Jr.","HOU","P","16","13","55.1","7","6","1","0","1","0","0","0","0","","9","","","",".929","","14120","621121"
"Byron Buxton","MIN","CF","118","118","973.0","284","2","2","2","0","0","0","0","0","","","","","",".993","","14161","621439"
"Carlos Correa","HOU","3B","48","48","417.0","29","83","3","2","1","7","8","0","2","","","","","",".974","","14162","621043"
"Carlos Correa","HOU","SS","97","94","781.2","120","184","9","3","6","27","14","15","1","","","","","",".971","","14162","621043"
"Jose Berrios","TOR","P","31","30","166.0","12","11","0","0","0","1","1","0","0","","13","","","","1.000","","14168","621244"
"Josh Hader","HOU","P","48","0","52.2","1","4","0","0","0","0","0","0","0","","4","","","","1.000","","14212","623352"
"Jorge Soler","LAA","RF","40","39","315.2","55","1","0","0","0","0","0","0","0","","","","","","1.000","","14221","624585"
"Wandy Peralta","SDP","P","71","1","71.2","5","6","0","0","0","0","0","0","0","","6","","","","1.000","","14295","593974"
"Joel Payamps","ATL","P","30","0","26.1","1","0","0","0","0","0","0","0","0","","0","","","","1.000","","14332","606303"
"Matt Olson","ATL","1B","162","162","1429.0","1147","145","5","3","2","87","14","0","87","15","","","","",".996","","14344","621566"
"Tyler Glasnow","LAD","P","18","18","90.1","6","5","0","0","0","1","0","0","1","","10","","","","1.000","","14374","607192"
"Carlos Estevez","KCR","P","67","0","66.0","4","4","0","0","0","0","0","0","0","","0","","","","1.000","","14542","608032"
"Anthony Santander","TOR","1B","1","0","1.0","0","0","0","0","0","0","0","0","0","0","","","","",".000","","14551","623993"
"Anthony Santander","TOR","LF","8","7","58.0","9","0","0","0","0","0","0","0","0","","","","","","1.000","","14551","623993"
"Anthony Santander","TOR","RF","16","15","123.0","37","0","0","0","0","0","0","0","0","","","","","","1.000","","14551","623993"
"Anthony Banda","LAD","P","71","1","65.0","3","6","0","0","0","0","0","0","0","","9","","","","1.000","","14706","607455"
"Edwin Diaz","LAD","P","62","0","66.1","4","5","0","0","0","0","0","0","0","","15","","","","1.000","","14710","621242"
"Paul Blackburn","NYY","P","15","4","39.0","5","3","0","0","0","0","1","0","0","","4","","","","1.000","","14739","621112"
"Emilio Pagan","CIN","P","70","0","68.2","2","2","0","0","0","0","0","0","0","","3","","","","1.000","","14771","641941"
"Michael Lorenzen","COL","P","27","26","141.2","15","15","0","0","0","0","1","0","0","","8","","","","1.000","","14843","547179"
"Mike Yastrzemski","ATL","CF","10","5","41.0","7","0","0","0","0","0","0","0","0","","","","","","1.000","","14854","573262"
"Mike Yastrzemski","ATL","LF","7","6","46.0","9","0","0","0","0","0","0","0","0","","","","","","1.000","","14854","573262"
"Mike Yastrzemski","ATL","P","1","0","1.0","0","0","0","0","0","0","0","0","0","","0","","","",".000","","14854","573262"
"Mike Yastrzemski","ATL","RF","133","114","1013.2","216","11","1","1","0","0","0","0","0","","","","","",".996","","14854","573262"
"Sam Moll","CIN","P","23","0","18.1","0","1","0","0","0","0","1","0","0","","2","","","","1.000","","14874","594580"
"Kyle Finnegan","DET","P","56","0","57.0","5","5","0","0","0","0","0","0","0","","6","","","","1.000","","15009","640448"
"Rob Zastryzny","MIL","P","26","1","22.0","1","1","0","0","0","0","0","0","0","","1","","","","1.000","","15094","642239"
"Ryan McMahon","NYY","3B","154","143","1265.0","108","297","10","4","6","22","24","0","0","","","","","",".976","","15112","641857"
"Justin Topa","MIN","P","54","1","60.0","7","6","3","0","3","0","0","0","1","","7","","","",".813","","15145","623437"
"Jake Bauers","MIL","1B","40","25","220.2","163","14","1","1","0","24","1","0","23","3","","","","",".994","","15194","641343"
"Jake Bauers","MIL","LF","21","19","152.1","27","1","2","1","1","0","0","0","0","","","","","",".933","","15194","641343"
"Jake Bauers","MIL","P","5","0","5.0","0","0","0","0","0","0","0","0","0","","0","","","",".000","","15194","641343"
"Jake Bauers","MIL","RF","5","4","30.0","7","0","0","0","0","0","0","0","0","","","","","","1.000","","15194","641343"
"Cole Sulser","TBR","P","18","0","22.2","1","1","0","0","0","1","0","0","1","","3","","","","1.000","","15256","642121"
"Austin Wynns","ATH","1B","1","1","6.0","6","0","0","0","0","0","0","0","0","0","","","","","1.000","","15271","642851"
"Austin Wynns","ATH","C","35","28","253.1","207","12","1","1","0","0","0","0","0","","16","11","2","4",".995","","15271","642851"
"Jeff McNeil","ATH","1B","2","0","2.0","0","0","0","0","0","0","0","0","0","0","","","","",".000","","15362","643446"
"Jeff McNeil","ATH","2B","79","69","575.2","109","183","5","2","3","31","12","21","1","","","","","",".983","","15362","643446"
"Jeff McNeil","ATH","CF","34","28","209.0","53","1","1","1","0","0","1","0","0","","","","","",".982","","15362","643446"
"Jeff McNeil","ATH","LF","10","5","59.1","14","0","0","0","0","0","0","0","0","","","","","","1.000","","15362","643446"
"Jeff McNeil","ATH","RF","7","2","24.0","6","0","0","0","0","0","0","0","0","","","","","","1.000","","15362","643446"
"Matthew Boyd","CHC","P","31","31","179.2","7","27","4","0","4","2","2","0","0","","5","","","",".895","","15440","571510"
"Nick Pivetta","SDP","P","31","31","181.2","9","12","1","0","1","0","0","0","0","","9","","","",".955","","15454","601713"
"Antonio Senzatela","COL","P","30","23","130.0","9","17","0","0","0","1","0","0","1","","5","","","","1.000","","15488","622608"
"J.P. Crawford","SEA","SS","157","155","1384.2","193","367","13","8","5","76","40","34","6","","","","","",".977","","15491","641487"
"Hunter Harvey","CHC","P","12","0","10.2","0","0","0","0","0","0","0","0","0","","0","","","",".000","","15507","640451"
"Amed Rosario","NYY","2B","17","14","124.0","27","33","2","1","1","9","3","6","0","","","","","",".968","","15518","642708"
"Amed Rosario","NYY","3B","33","26","230.2","15","39","4","4","0","2","2","0","0","","","","","",".931","","15518","642708"
"Amed Rosario","NYY","P","1","0","1.0","0","0","0","0","0","0","0","0","0","","0","","","",".000","","15518","642708"
"Amed Rosario","NYY","RF","6","1","14.0","3","1","0","0","0","0","0","0","0","","","","","","1.000","","15518","642708"
"Amed Rosario","NYY","SS","1","0","2.0","0","0","0","0","0","0","0","0","0","","","","","",".000","","15518","642708"
"Tyler Rogers","TOR","P","81","0","77.1","5","19","0","0","0","0","0","0","0","","5","","","","1.000","","15541","643511"
"Mark Leiter Jr.","ATH","P","59","0","48.1","2","2","1","0","1","0","0","0","0","","7","","","",".800","","15551","643410"
"Aaron Judge","NYY","RF","95","95","822.1","201","1","1","1","0","0","0","0","0","","","","","",".995","","15640","592450"
"Luis Castillo","SEA","P","32","32","180.2","11","5","0","0","0","0","0","0","0","","13","","","","1.000","","15689","622491"
"Tyler O'Neill","BAL","LF","3","3","27.0","5","0","0","0","0","0","0","0","0","","","","","","1.000","","15711","641933"
"Tyler O'Neill","BAL","RF","36","35","295.0","75","5","2","2","0","0","2","0","0","","","","","",".976","","15711","641933"
"Brad Keller","PHI","P","68","1","69.2","2","6","0","0","0","0","0","0","0","","0","","","","1.000","","15734","641745"
"Devin Williams","NYM","P","67","0","62.0","1","3","0","0","0","0","0","0","0","","12","","","","1.000","","15816","642207"
"Sean Manaea","NYM","P","15","12","60.2","5","6","0","0","0","0","0","0","0","","4","","","","1.000","","15873","640455"
"Luis Severino","ATH","P","29","29","162.2","7","24","0","0","0","0","0","0","0","","10","","","","1.000","","15890","622663"
"Luis Torrens","NYM","1B","1","0","2.0","2","0","0","0","0","0","0","0","1","0","","","","","1.000","","15905","620443"
"Luis Torrens","NYM","C","86","72","640.2","651","37","5","4","1","0","2","1","2","","29","20","5","31",".993","","15905","620443"
"Luis Torrens","NYM","P","2","0","0.2","0","0","0","0","0","0","0","0","0","","0","","","",".000","","15905","620443"
"Ryne Stanek","STL","P","65","0","56.0","0","2","0","0","0","0","0","0","0","","1","","","","1.000","","15947","592773"
"Willy Adames","SFG","SS","158","158","1389.2","200","398","16","7","9","68","34","35","7","","","","","",".974","","15986","642715"
"Jordan Romano","LAA","P","49","0","42.2","1","2","0","0","0","0","0","0","0","","10","","","","1.000","","16122","605447"
"Carlos Rodon","NYY","P","33","33","195.1","10","12","0","0","0","0","0","0","0","","17","","","","1.000","","16137","607074"
"Aaron Nola","PHI","P","17","17","94.1","9","7","0","0","0","0","0","0","0","","5","","","","1.000","","16149","605400"
"Brandon Woodruff","MIL","P","12","12","64.2","1","4","0","0","0","0","0","0","0","","6","","","","1.000","","16162","605540"
"Trea Turner","PHI","SS","139","139","1216.1","159","341","8","5","3","51","28","23","4","","","","","",".984","","16252","607208"
"Kyle Freeland","COL","P","31","31","162.2","4","13","4","0","4","1","1","0","0","","5","","","",".810","","16256","607536"
"Aaron Bummer","ATL","P","42","2","54.1","3","8","2","1","1","0","0","0","0","","11","","","",".846","","16258","607481"
"Tyler Mahle","SFG","P","16","16","86.2","7","15","0","0","0","1","1","0","0","","2","","","","1.000","","16358","641816"
"Reynaldo Lopez","ATL","P","1","1","5.0","0","3","0","0","0","0","0","0","0","","0","","","","1.000","","16400","625643"
"Ryan O'Hearn","PIT","1B","75","64","541.1","452","39","5","3","2","32","7","0","27","3","","","","",".990","","16442","656811"
"Ryan O'Hearn","PIT","LF","2","2","16.0","1","0","0","0","0","0","0","0","0","","","","","","1.000","","16442","656811"
"Ryan O'Hearn","PIT","RF","21","16","149.0","30","0","0","0","0","0","0","0","0","","","","","","1.000","","16442","656811"
"Kyle Schwarber","PHI","LF","8","8","66.0","16","0","1","0","1","0","0","0","0","","","","","",".941","","16478","656941"
"Ryan Yarbrough","NYY","P","19","8","64.0","3","11","0","0","0","0","0","0","0","","7","","","","1.000","","16502","642232"
"Matt Chapman","SFG","3B","128","127","1116.1","93","224","13","7","6","23","28","0","3","","","","","",".961","","16505","656305"
"Mauricio Dubon","ATL","1B","4","1","13.0","7","2","0","0","0","1","0","0","1","0","","","","","1.000","","16530","643289"
"Mauricio Dubon","ATL","2B","46","37","318.0","66","85","2","1","1","24","10","15","1","","","","","",".987","","16530","643289"
"Mauricio Dubon","ATL","3B","24","15","141.0","13","31","0","0","0","3","3","0","0","","","","","","1.000","","16530","643289"
"Mauricio Dubon","ATL","CF","17","10","89.0","24","0","0","0","0","0","0","0","0","","","","","","1.000","","16530","643289"
"Mauricio Dubon","ATL","LF","48","15","175.1","38","2","3","1","2","0","0","0","0","","","","","",".930","","16530","643289"
"Mauricio Dubon","ATL","RF","3","2","18.0","4","0","0","0","0","0","0","0","0","","","","","","1.000","","16530","643289"
"Mauricio Dubon","ATL","SS","33","24","206.1","17","61","1","0","1","4","2","2","0","","","","","",".987","","16530","643289"
"Danny Jansen","TEX","C","93","82","739.1","733","30","6","1","5","0","2","0","0","","63","20","1","10",".992","","16535","643376"
"Ozzie Albies","ATL","2B","157","157","1387.0","205","368","2","2","0","58","27","33","5","","","","","",".997","","16556","645277"
"Yandy Diaz","TBR","1B","37","36","308.2","248","13","0","0","0","22","2","0","23","3","","","","","1.000","","16578","650490"
"Bryan Abreu","HOU","P","70","0","71.0","3","6","1","1","0","0","0","0","0","","10","","","",".900","","16609","650556"
"Ryan Thompson","ARI","P","48","0","41.1","3","8","0","0","0","2","2","0","0","","10","","","","1.000","","16647","657044"
"Jose Trevino","CIN","C","90","84","723.1","751","30","4","4","0","0","1","1","1","","62","19","3","28",".995","","16725","624431"
"Jose Trevino","CIN","P","2","0","2.1","0","0","0","0","0","0","0","0","0","","0","","","",".000","","16725","624431"
"Brock Stewart","LAD","P","43","0","37.2","1","3","1","0","1","0","0","0","0","","8","","","",".800","","16727","592779"
"Tim Hill","NYY","P","70","0","67.0","5","18","0","0","0","0","0","0","0","","0","","","","1.000","","16814","657612"
"Brennan Bernardino","COL","P","55","3","51.2","3","9","4","1","3","0","0","0","0","","4","","","",".750","","16835","657514"
"Reed Garrett","NYM","P","58","1","55.1","8","3","2","0","2","0","0","0","0","","3","","","",".846","","16866","657585"
"Luke Weaver","NYM","P","64","0","64.2","5","6","1","0","1","0","0","0","0","","2","","","",".917","","16918","596133"
"Lane Thomas","KCR","CF","38","32","284.1","89","3","1","0","1","0","0","0","0","","","","","",".989","","16939","657041"
"Lane Thomas","KCR","RF","2","1","6.0","0","0","0","0","0","0","0","0","0","","","","","",".000","","16939","657041"
"Sean Newcomb","CHW","P","48","5","92.1","0","13","0","0","0","3","3","0","0","","7","","","","1.000","","16943","656794"
"Grant Holmes","ATL","P","22","21","115.0","20","9","1","0","1","2","0","0","2","","2","","","",".967","","16944","656550"
"Derek Hill","CHW","CF","54","35","330.0","101","4","0","0","0","0","0","0","0","","","","","","1.000","","16947","656537"
"Trevor Williams","WSN","P","17","17","82.2","9","7","0","0","0","1","1","0","0","","10","","","","1.000","","16977","592866"
"Tanner Banks","PHI","P","69","1","67.1","6","5","1","0","1","0","0","0","0","","4","","","",".917","","16990","621383"
"Gleyber Torres","DET","2B","134","133","1146.1","197","310","5","5","0","71","27","44","4","","","","","",".990","","16997","650402"
"Edmundo Sosa","PHI","2B","33","28","232.1","55","59","1","1","0","12","3","9","0","","","","","",".991","","17022","624641"
"Edmundo Sosa","PHI","3B","33","24","238.2","22","53","2","1","1","2","2","0","0","","","","","",".974","","17022","624641"
"Edmundo Sosa","PHI","CF","1","0","1.0","2","0","0","0","0","0","0","0","0","","","","","","1.000","","17022","624641"
"Edmundo Sosa","PHI","LF","2","1","10.0","4","0","0","0","0","0","0","0","0","","","","","","1.000","","17022","624641"
"Edmundo Sosa","PHI","SS","19","13","126.0","19","24","1","0","1","3","3","1","1","","","","","",".977","","17022","624641"
"Pablo Lopez","MIN","P","14","14","75.2","5","6","3","0","3","0","0","0","0","","10","","","",".786","","17085","641154"
"Ramon Laureano","SDP","CF","16","13","99.0","30","1","0","0","0","0","0","0","0","","","","","","1.000","","17128","657656"
"Ramon Laureano","SDP","LF","69","56","511.0","106","5","2","2","0","0","1","0","0","","","","","",".982","","17128","657656"
"Ramon Laureano","SDP","RF","53","42","365.0","80","5","4","1","3","0","0","0","0","","","","","",".955","","17128","657656"
"Raisel Iglesias","ATL","P","70","0","67.1","2","5","0","0","0","0","0","0","0","","5","","","","1.000","","17130","628452"
"Gabe Speier","SEA","P","76","0","62.0","4","5","0","0","0","0","0","0","0","","9","","","","1.000","","17170","642100"
"Alex Jackson","MIN","C","35","27","248.2","244","13","2","0","2","0","4","0","1","","17","7","2","7",".992","","17276","656577"
"Alex Jackson","MIN","P","1","0","1.0","0","0","0","0","0","0","0","0","0","","0","","","",".000","","17276","656577"
"Justin Steele","CHC","P","4","4","22.2","2","1","0","0","0","0","0","0","0","","0","","","","1.000","","17312","657006"
"Rafael Devers","SFG","1B","29","28","249.0","208","24","2","2","0","17","4","0","17","7","","","","",".991","","17350","646240"
"Rafael Devers","SFG","3B","1","1","9.0","0","3","0","0","0","1","1","0","0","","","","","","1.000","","17350","646240"
"Matt Gage","SFG","P","33","2","31.0","4","1","1","0","1","0","0","0","0","","1","","","",".833","","17381","657424"
"Jeff Hoffman","TOR","P","71","0","68.0","2","2","1","1","0","0","0","0","0","","7","","","",".800","","17432","656546"
"Jack Flaherty","DET","P","31","31","161.0","15","14","0","0","0","1","0","0","1","","7","","","","1.000","","17479","656427"
"Taylor Ward","BAL","LF","153","152","1331.2","303","4","4","2","2","0","1","0","0","","","","","",".987","","17548","621493"
"Jimmy Herget","COL","P","59","0","83.1","1","9","1","0","1","0","0","0","0","","6","","","",".909","","17556","623474"
"JT Brubaker","SFG","P","17","1","28.2","1","1","0","0","0","0","0","0","0","","2","","","","1.000","","17578","664141"
"Tanner Scott","LAD","P","61","0","57.0","0","2","0","0","0","1","1","0","0","","1","","","","1.000","","17586","656945"
"Mitch Keller","PIT","P","32","32","176.1","17","8","0","0","0","0","0","0","0","","23","","","","1.000","","17594","656605"
"Cristian Javier","HOU","P","8","8","37.0","0","4","1","1","0","0","0","0","0","","6","","","",".800","","17606","664299"
"Taylor Clarke","ARI","P","51","0","55.1","2","5","1","0","1","1","1","0","0","","3","","","",".875","","17611","664199"
"Myles Straw","TOR","2B","1","0","2.0","0","1","0","0","0","0","0","0","0","","","","","","1.000","","17620","664702"
"Myles Straw","TOR","CF","88","56","532.1","152","4","1","1","0","0","2","0","0","","","","","",".994","","17620","664702"
"Myles Straw","TOR","LF","40","7","121.0","23","1","0","0","0","0","0","0","0","","","","","","1.000","","17620","664702"
"Myles Straw","TOR","RF","14","4","45.0","6","0","0","0","0","0","0","0","0","","","","","","1.000","","17620","664702"
"Justin Lawrence","PIT","P","17","0","17.2","0","2","0","0","0","0","0","0","0","","1","","","","1.000","","17639","664875"
"Jeffrey Springs","ATH","P","32","30","171.0","3","11","1","0","1","2","2","0","0","","20","","","",".933","","17677","605488"
"Alex Bregman","CHC","3B","113","110","972.1","74","206","9","3","6","22","23","0","2","","","","","",".969","","17678","608324"
"Trevor Megill","MIL","P","50","0","47.0","3","2","0","0","0","0","0","0","0","","9","","","","1.000","","17722","656730"
"Tyler Alexander","TEX","P","52","5","97.2","5","14","1","0","1","0","0","0","0","","6","","","",".950","","17735","641302"
"Jose Alvarado","PHI","P","28","0","26.0","2","1","0","0","0","0","0","0","0","","1","","","","1.000","","17780","621237"
"Dennis Santana","PIT","P","70","0","70.1","2","5","1","1","0","0","0","0","0","","3","","","",".875","","17878","642701"
"Garrett Cleavinger","TBR","P","67","0","61.1","0","6","0","0","0","0","0","0","0","","2","","","","1.000","","17897","664076"
"Andrew Benintendi","CHW","LF","69","67","564.1","141","1","3","2","1","0","1","0","0","","","","","",".979","","17901","643217"
"Ian Happ","CHC","LF","146","146","1274.1","300","5","1","0","1","0","0","0","0","","","","","",".997","","17919","664023"
"Cedric Mullins","TBR","CF","130","120","1064.1","311","2","3","1","2","0","0","0","0","","","","","",".991","","17929","656775"
"Tyler Gilbert","CHW","P","46","5","51.0","5","4","0","0","0","0","0","0","0","","8","","","","1.000","","17964","656457"
"Brock Burke","CIN","P","69","1","61.2","2","9","2","1","1","0","0","0","0","","4","","","",".846","","17968","656271"
"Tyler Stephenson","CIN","C","69","65","586.0","551","16","2","1","1","0","2","0","4","","41","11","1","13",".996","","17988","663886"
"Logan Webb","SFG","P","34","34","207.0","7","34","1","1","0","3","2","0","1","","9","","","",".976","","17995","657277"
"Pete Fairbanks","MIA","P","61","0","60.1","2","5","1","0","1","0","0","0","0","","8","","","",".875","","17998","664126"
"Jake Cronenworth","SDP","1B","13","9","87.0","76","3","0","0","0","9","1","0","9","1","","","","","1.000","","18036","630105"
"Jake Cronenworth","SDP","2B","118","111","970.1","166","221","10","6","3","53","14","39","3","","","","","",".975","","18036","630105"
"Jake Cronenworth","SDP","SS","13","10","79.0","8","23","0","0","0","2","1","1","0","","","","","","1.000","","18036","630105"
"Sam Haggerty","TEX","2B","5","0","8.0","1","3","0","0","0","1","1","0","0","","","","","","1.000","","18054","664059"
"Sam Haggerty","TEX","CF","14","10","89.0","25","0","0","0","0","0","0","0","0","","","","","","1.000","","18054","664059"
"Sam Haggerty","TEX","LF","24","15","140.0","30","0","0","0","0","0","0","0","0","","","","","","1.000","","18054","664059"
"Sam Haggerty","TEX","RF","5","4","39.0","7","0","0","0","0","0","0","0","0","","","","","","1.000","","18054","664059"
"Phil Maton","CHC","P","63","0","61.1","3","3","1","0","1","0","0","0","0","","8","","","",".857","","18064","664208"
"Garrett Stubbs","PHI","C","2","0","6.0","8","0","0","0","0","0","0","0","0","","0","0","0","0","1.000","","18067","596117"
"Nathan Lukes","TOR","CF","36","27","214.0","73","0","0","0","0","0","0","0","0","","","","","","1.000","","18123","664770"
"Nathan Lukes","TOR","LF","42","28","249.0","40","4","2","2","0","0","2","0","0","","","","","",".957","","18123","664770"
"Nathan Lukes","TOR","RF","81","46","446.1","105","5","0","0","0","0","2","0","0","","","","","","1.000","","18123","664770"
"Ryan Helsley","BAL","P","58","0","56.0","10","5","0","0","0","0","0","0","0","","6","","","","1.000","","18138","664854"
"Tyler Kinley","ATL","P","73","0","72.2","7","3","0","0","0","0","0","0","0","","12","","","","1.000","","18297","641755"
"Dansby Swanson","CHC","SS","159","159","1387.0","221","354","11","6","5","68","40","30","4","","","","","",".981","","18314","621020"
"Julian Fernandez","WSN","P","4","0","5.0","0","2","0","0","0","0","0","0","0","","0","","","","1.000","","18341","642759"
"Austin Riley","ATL","3B","102","102","888.2","55","166","11","7","4","8","11","0","4","","","","","",".953","","18360","663586"
"Victor Robles","SEA","CF","3","0","8.0","3","0","0","0","0","0","0","0","0","","","","","","1.000","","18363","645302"
"Victor Robles","SEA","RF","29","26","240.1","52","1","0","0","0","0","1","0","0","","","","","","1.000","","18363","645302"
"Ryan Mountcastle","BAL","1B","56","50","441.0","361","37","0","0","0","36","0","0","37","6","","","","","1.000","","18373","663624"
"Michael Soroka","ARI","P","22","17","89.2","7","5","0","0","0","1","1","0","0","","8","","","","1.000","","18383","647336"
"Ronald Acuna Jr.","ATL","RF","91","89","779.2","164","5","2","2","0","0","2","0","0","","","","","",".988","","18401","660670"
"Enyel De Los Santos","HOU","P","65","0","66.0","4","4","4","0","4","0","1","0","0","","5","","","",".667","","18403","660853"
"Danny Young","ATL","P","10","0","8.1","0","0","0","0","0","0","0","0","0","","0","","","",".000","","18439","664849"
"Dylan Cease","TOR","P","32","32","168.0","9","16","1","0","1","1","1","0","0","","12","","","",".962","","18525","656302"
"Trent Grisham","NYY","CF","140","124","1133.0","267","5","2","2","0","0","1","0","0","","","","","",".993","","18564","663757"
"Ke'Bryan Hayes","CIN","3B","152","144","1283.0","100","291","5","3","2","24","26","0","0","","","","","",".987","","18577","663647"
"A.J. Minter","NYM","P","13","0","11.0","0","1","0","0","0","0","0","0","0","","1","","","","1.000","","18655","621345"
"Freddy Peralta","MIL","P","33","33","176.2","7","7","0","0","0","0","0","0","0","","12","","","","1.000","","18679","642547"
"Sandy Alcantara","MIA","P","31","31","174.2","8","14","0","0","0","0","0","0","1","","35","","","","1.000","","18684","645261"
"Andy Ibanez","LAD","1B","4","1","16.1","10","2","0","0","0","1","0","0","1","0","","","","","1.000","","18819","628451"
"Andy Ibanez","LAD","2B","11","1","31.0","3","10","0","0","0","2","1","1","0","","","","","","1.000","","18819","628451"
"Andy Ibanez","LAD","3B","68","31","323.1","24","69","3","1","2","7","7","0","0","","","","","",".969","","18819","628451"
"Andy Ibanez","LAD","LF","1","0","1.0","0","0","0","0","0","0","0","0","0","","","","","",".000","","18819","628451"
"Andy Ibanez","LAD","SS","1","0","1.0","0","0","0","0","0","0","0","0","0","","","","","",".000","","18819","628451"
"Josh Naylor","SEA","1B","129","124","1081.0","915","76","5","2","3","77","3","0","79","19","","","","",".995","","18839","647304"
"Yohel Pozo","STL","1B","6","1","14.0","13","0","0","0","0","2","0","0","2","0","","","","","1.000","","18848","650968"
"Yohel Pozo","STL","C","46","35","324.0","268","12","5","2","3","0","0","0","0","","36","9","4","7",".982","","18848","650968"
"Jahmai Jones","DET","2B","1","0","1.0","0","0","0","0","0","0","0","0","0","","","","","",".000","","18872","663330"
"Jahmai Jones","DET","LF","10","3","37.0","4","0","0","0","0","0","0","0","0","","","","","","1.000","","18872","663330"
"Jahmai Jones","DET","RF","18","2","42.0","11","0","1","1","0","0","0","0","0","","","","","",".917","","18872","663330"
"Brandon Lowe","PIT","1B","3","2","19.0","20","1","0","0","0","3","1","0","3","2","","","","","1.000","","18882","664040"
"Brandon Lowe","PIT","2B","121","117","1015.1","183","302","8","5","3","80","29","51","6","","","","","",".984","","18882","664040"
"Leody Taveras","BAL","CF","32","25","230.0","60","2","3","3","0","0","0","0","0","","","","","",".954","","18900","665750"
"Leody Taveras","BAL","RF","25","23","214.0","52","1","1","1","0","0","0","0","0","","","","","",".981","","18900","665750"
"Tommy Nance","TOR","P","30","0","31.2","2","4","1","0","1","0","0","0","0","","6","","","",".857","","19178","667297"
"Will Smith","LAD","C","101","97","865.1","873","37","4","0","3","2","2","1","4","","67","25","2","48",".996","","19197","669257"
"Jesse Scholtens","TBR","P","2","0","8.1","0","1","0","0","0","0","0","0","0","","1","","","","1.000","","19205","669947"
"Lake Bachar","MIA","P","53","1","71.0","2","7","0","0","0","1","1","0","0","","4","","","","1.000","","19222","669199"
"Lourdes Gurriel Jr.","ARI","LF","118","114","1006.1","211","6","3","1","2","0","2","0","0","","","","","",".986","","19238","666971"
"Pete Alonso","BAL","1B","160","159","1403.0","1178","124","10","4","5","98","7","0","96","29","","","","",".992","","19251","624413"
"Jake Fraley","TBR","LF","7","4","40.2","15","0","1","1","0","0","0","0","0","","","","","",".938","","19260","641584"
"Jake Fraley","TBR","RF","62","51","441.1","115","4","2","1","1","0","0","0","0","","","","","",".983","","19260","641584"
"Ian Hamilton","ATL","P","36","1","40.0","0","5","0","0","0","0","0","0","0","","0","","","","1.000","","19261","641656"
"Jacob Webb","CHC","P","55","0","66.0","4","7","0","0","0","0","0","0","0","","8","","","","1.000","","19274","657097"
"Adolis Garcia","PHI","RF","128","127","1124.0","268","6","2","1","1","0","1","0","0","","","","","",".993","","19287","666969"
"Randy Arozarena","SEA","LF","158","158","1408.1","297","5","5","2","3","0","1","0","0","","","","","",".984","","19290","668227"
"Alex Call","LAD","CF","5","2","27.0","9","0","0","0","0","0","0","0","0","","","","","","1.000","","19296","669743"
"Alex Call","LAD","LF","49","28","269.1","57","0","0","0","0","0","0","0","0","","","","","","1.000","","19296","669743"
"Alex Call","LAD","RF","50","42","375.0","96","3","0","0","0","0","0","0","0","","","","","","1.000","","19296","669743"
"Eric Lauer","TOR","P","28","15","104.2","2","3","2","0","2","0","0","0","0","","9","","","",".714","","19316","641778"
"Bryan Reynolds","PIT","RF","117","117","1004.0","244","4","2","1","1","0","0","0","0","","","","","",".992","","19326","668804"
"Matt Festa","CLE","P","63","0","54.2","3","8","0","0","0","0","0","0","0","","8","","","","1.000","","19330","670036"
"Richard Lovelady","NYM","P","10","0","11.2","0","2","0","0","0","0","0","0","0","","0","","","","1.000","","19337","663992"
"A.J. Puk","ARI","P","8","0","8.0","0","1","0","0","0","0","0","0","0","","3","","","","1.000","","19343","640462"
"Eli White","ATL","1B","4","0","9.0","5","1","0","0","0","1","0","0","1","0","","","","","1.000","","19346","642201"
"Eli White","ATL","CF","6","4","33.0","3","0","0","0","0","0","0","0","0","","","","","","1.000","","19346","642201"
"Eli White","ATL","LF","36","20","189.2","37","2","1","0","1","0","0","0","0","","","","","",".975","","19346","642201"
"Eli White","ATL","RF","48","38","351.2","89","1","0","0","0","0","0","0","0","","","","","","1.000","","19346","642201"
"Caleb Ferguson","CIN","P","70","0","65.1","3","5","0","0","0","0","0","0","0","","10","","","","1.000","","19349","657571"
"Dean Kremer","BAL","P","31","29","171.2","17","12","0","0","0","1","0","0","1","","5","","","","1.000","","19350","665152"
"Sean Murphy","ATL","C","76","72","633.0","644","32","2","0","2","1","3","1","0","","57","24","2","17",".997","","19352","669221"
"Luke Raley","SEA","1B","31","24","203.0","166","19","2","1","1","12","0","0","12","4","","","","",".989","","19354","670042"
"Luke Raley","SEA","CF","5","3","29.1","4","0","0","0","0","0","0","0","0","","","","","","1.000","","19354","670042"
"Luke Raley","SEA","LF","2","1","10.0","2","0","0","0","0","0","0","0","0","","","","","","1.000","","19354","670042"
"Luke Raley","SEA","RF","37","20","206.2","42","1","1","0","1","0","0","0","0","","","","","",".977","","19354","670042"
"Weston Wilson","PHI","1B","9","2","33.0","23","4","1","0","1","1","0","0","1","0","","","","",".964","","19358","642215"
"Weston Wilson","PHI","2B","11","8","79.0","10","24","0","0","0","3","1","2","0","","","","","","1.000","","19358","642215"
"Weston Wilson","PHI","3B","1","0","1.0","0","0","0","0","0","0","0","0","0","","","","","",".000","","19358","642215"
"Weston Wilson","PHI","LF","27","26","186.0","31","0","0","0","0","0","0","0","0","","","","","","1.000","","19358","642215"
"Weston Wilson","PHI","P","2","0","3.0","2","0","0","0","0","0","0","0","0","","0","","","","1.000","","19358","642215"
"Lucas Erceg","KCR","P","61","0","61.1","2","9","2","0","2","1","1","0","0","","3","","","",".846","","19360","668674"
"Corbin Burnes","ARI","P","11","11","64.1","7","4","1","1","0","0","0","0","0","","2","","","",".917","","19361","669203"
"Keegan Akin","BAL","P","64","3","63.1","2","4","1","0","1","0","0","0","0","","2","","","",".857","","19362","669211"
"Zach McKinstry","DET","1B","1","0","2.0","2","1","0","0","0","0","0","0","0","0","","","","","1.000","","19392","656716"
"Zach McKinstry","DET","2B","6","3","31.0","10","11","2","1","1","1","0","1","0","","","","","",".913","","19392","656716"
"Zach McKinstry","DET","3B","85","69","578.1","37","118","6","3","3","11","11","0","0","","","","","",".963","","19392","656716"
"Zach McKinstry","DET","LF","15","9","88.0","30","1","0","0","0","0","0","0","0","","","","","","1.000","","19392","656716"
"Zach McKinstry","DET","P","1","0","0.1","0","0","0","0","0","0","0","0","0","","0","","","",".000","","19392","656716"
"Zach McKinstry","DET","RF","30","20","200.0","37","1","0","0","0","0","0","0","0","","","","","","1.000","","19392","656716"
"Zach McKinstry","DET","SS","40","27","248.0","46","79","4","1","3","21","9","10","3","","","","","",".969","","19392","656716"
"Ronel Blanco","HOU","P","9","9","48.1","2","5","0","0","0","0","0","0","0","","5","","","","1.000","","19407","669854"
"Shane Bieber","TOR","P","7","7","40.1","4","4","0","0","0","0","0","0","0","","0","","","","1.000","","19427","669456"
"Yohan Ramirez","PIT","P","24","0","33.1","2","3","1","0","1","0","0","0","0","","1","","","",".833","","19444","670990"
"Jake Rogers","DET","C","41","39","339.0","302","15","4","2","2","0","0","0","0","","22","10","1","14",".988","","19452","668670"
"Jake Rogers","DET","P","4","0","3.2","0","0","0","0","0","0","0","0","0","","0","","","",".000","","19452","668670"
"Andruw Monasterio","MIL","1B","15","0","20.1","13","2","0","0","0","2","1","0","3","1","","","","","1.000","","19455","655316"
"Andruw Monasterio","MIL","2B","10","8","68.0","8","20","0","0","0","4","1","3","0","","","","","","1.000","","19455","655316"
"Andruw Monasterio","MIL","3B","8","5","48.0","5","7","0","0","0","1","1","0","0","","","","","","1.000","","19455","655316"
"Andruw Monasterio","MIL","LF","2","0","2.0","0","0","0","0","0","0","0","0","0","","","","","",".000","","19455","655316"
"Andruw Monasterio","MIL","SS","37","21","201.0","26","44","1","0","1","11","3","8","1","","","","","",".986","","19455","655316"
"Tommy Edman","LAD","2B","66","60","525.1","81","144","1","1","0","24","8","16","1","","","","","",".996","","19470","669242"
"Tommy Edman","LAD","3B","13","11","101.0","11","25","1","0","1","2","2","0","0","","","","","",".973","","19470","669242"
"Tommy Edman","LAD","CF","25","19","179.0","45","2","0","0","0","0","0","0","0","","","","","","1.000","","19470","669242"
"Tyler Ferguson","ATH","P","56","0","58.0","2","2","2","0","2","0","0","0","0","","6","","","",".667","","19481","621053"
"Andrew Knizner","SEA","C","32","28","234.0","198","9","3","0","3","0","1","0","0","","14","4","0","15",".986","","19514","668800"
"TJ Friedl","CIN","CF","149","148","1295.0","371","4","3","3","0","0","0","0","0","","","","","",".992","","19522","670770"
"Alan Rangel","PHI","P","5","0","11.0","0","1","0","0","0","0","0","0","0","","0","","","","1.000","","19524","660604"
"Yordan Alvarez","HOU","LF","15","15","116.0","25","0","1","1","0","0","0","0","0","","","","","",".962","","19556","670541"
"David Bednar","NYY","P","64","0","62.2","6","0","0","0","0","0","0","0","0","","7","","","","1.000","","19569","670280"
"JoJo Romero","STL","P","65","0","61.0","0","4","0","0","0","0","0","0","0","","4","","","","1.000","","19574","668941"
"Otto Lopez","MIA","2B","32","31","265.1","40","97","2","2","0","10","7","5","0","","","","","",".986","","19608","672640"
"Otto Lopez","MIA","SS","111","107","956.2","159","225","10","5","5","38","20","20","5","","","","","",".975","","19608","672640"
"Keibert Ruiz","WSN","C","66","64","557.0","529","31","3","0","3","0","5","0","1","","49","17","2","25",".995","","19610","660688"
"Vladimir Guerrero Jr.","TOR","1B","133","130","1126.2","897","69","9","8","1","81","10","1","83","23","","","","",".991","","19611","665489"
"Jordan Hicks","BOS","P","34","9","67.1","4","7","0","0","0","0","0","0","0","","3","","","","1.000","","19618","663855"
"Brent Rooker","ATH","LF","7","7","54.0","12","0","0","0","0","0","0","0","0","","","","","","1.000","","19627","667670"
"Brent Rooker","ATH","RF","21","20","162.0","31","2","1","1","0","0","1","0","0","","","","","",".971","","19627","667670"
"Kyle Hart","SDP","P","20","6","43.0","1","5","0","0","0","0","0","0","0","","1","","","","1.000","","19646","606996"
"Jason Alexander","HOU","P","18","13","77.1","6","5","0","0","0","1","0","0","1","","6","","","","1.000","","19666","669920"
"Gregory Soto","PIT","P","70","0","60.1","2","5","3","0","3","0","0","0","0","","12","","","",".700","","19677","642397"
"Fernando Tatis Jr.","SDP","RF","153","153","1299.0","351","5","3","2","1","0","4","0","0","","","","","",".992","","19709","665487"
"Dustin May","STL","P","25","23","132.1","8","6","1","0","1","0","0","0","0","","18","","","",".933","","19716","669160"
"Carlos Narvaez","BOS","C","112","106","952.0","932","58","9","6","3","0","0","0","1","","75","32","9","31",".991","","19722","665966"
"Anthony Bender","MIA","P","51","0","50.0","2","9","0","0","0","0","0","0","0","","11","","","","1.000","","19742","669622"
"Reiver Sanmartin","SFG","P","1","0","1.2","0","0","0","0","0","0","0","0","0","","0","","","",".000","","19754","665665"
"Shohei Ohtani","LAD","P","14","14","47.0","3","4","0","0","0","1","1","0","0","","1","","","","1.000","","19755","660271"
"Will Vest","DET","P","64","0","68.2","3","8","0","0","0","1","2","0","0","","2","","","","1.000","","19769","676684"
"Dairon Blanco","KCR","CF","3","2","16.0","5","0","0","0","0","0","0","0","0","","","","","","1.000","","19779","680118"
"Dairon Blanco","KCR","LF","3","1","11.0","1","0","0","0","0","0","0","0","0","","","","","","1.000","","19779","680118"
"Jhonny Pereda","MIN","C","26","22","193.0","184","6","5","0","5","0","0","0","0","","24","3","1","5",".974","","19802","640902"
"Jhonny Pereda","MIN","P","3","0","3.0","0","0","0","0","0","0","0","0","0","","0","","","",".000","","19802","640902"
"Bryan Baker","TBR","P","73","0","68.2","6","4","0","0","0","2","1","0","1","","6","","","","1.000","","19804","641329"
"Michael King","SDP","P","15","15","73.1","5","5","0","0","0","2","1","0","1","","0","","","","1.000","","19853","650633"
"Riley Adams","WSN","1B","1","0","1.0","1","0","0","0","0","0","0","0","0","0","","","","","1.000","","19864","656180"
"Riley Adams","WSN","C","80","73","642.1","542","28","4","1","3","0","2","0","0","","47","19","3","24",".993","","19864","656180"
"Kevin Ginkel","ARI","P","29","0","25.2","1","1","0","0","0","0","0","0","0","","1","","","","1.000","","19876","656464"
"Tristan Gray","BOS","1B","5","1","19.0","11","0","1","1","0","0","0","0","0","0","","","","",".917","","19877","656484"
"Tristan Gray","BOS","2B","12","9","80.0","17","19","1","1","0","4","3","1","1","","","","","",".973","","19877","656484"
"Tristan Gray","BOS","3B","5","3","33.0","1","3","1","0","1","0","0","0","0","","","","","",".800","","19877","656484"
"Tristan Gray","BOS","SS","9","7","62.0","12","15","0","0","0","6","2","4","0","","","","","","1.000","","19877","656484"
"Tanner Houck","BOS","P","9","9","43.2","4","3","1","0","1","0","0","0","0","","6","","","",".875","","19879","656557"
"Alex Lange","KCR","P","1","0","1.0","0","0","0","0","0","0","0","0","0","","0","","","",".000","","19883","656638"
"Pavin Smith","ARI","1B","36","34","283.1","230","22","1","0","0","19","1","0","18","6","","","","",".996","","19892","656976"
"Connor Wong","BOS","1B","1","0","1.0","1","0","0","0","0","0","0","0","0","0","","","","","1.000","","19896","657136"
"Connor Wong","BOS","C","61","52","454.0","408","16","5","2","3","0","2","1","0","","39","9","2","20",".988","","19896","657136"
"Clarke Schmidt","NYY","P","14","14","78.2","5","10","0","0","0","0","0","0","0","","6","","","","1.000","","19899","657376"
"Gavin Sheets","SDP","1B","13","11","99.1","74","9","1","1","0","7","0","0","8","0","","","","",".988","","19901","657757"
"Gavin Sheets","SDP","LF","64","60","479.0","94","3","1","0","1","0","0","0","0","","","","","",".990","","19901","657757"
"Jose Suarez","BAL","P","7","1","19.1","3","2","0","0","0","0","0","0","0","","2","","","","1.000","","19911","660761"
"Jesus Sanchez","HOU","CF","10","8","63.0","14","0","0","0","0","0","0","0","0","","","","","","1.000","","19913","660821"
"Jesus Sanchez","HOU","LF","27","22","191.0","40","2","3","1","2","0","0","0","0","","","","","",".933","","19913","660821"
"Jesus Sanchez","HOU","RF","101","82","723.2","171","1","4","3","1","0","0","0","0","","","","","",".977","","19913","660821"
"Daulton Varsho","TOR","CF","68","63","550.1","146","1","1","1","0","0","0","0","0","","","","","",".993","","19918","662139"
"Blake Perkins","MIL","CF","52","39","374.2","113","1","1","1","0","0","0","0","0","","","","","",".991","","19921","663368"
"Bryan Hudson","CHW","P","16","0","15.0","1","2","0","0","0","0","0","0","0","","4","","","","1.000","","19924","663542"
"Tony Santillan","CIN","P","80","0","73.2","7","4","0","0","0","0","0","0","0","","1","","","","1.000","","19926","663574"
"Andres Gimenez","TOR","2B","87","82","719.2","137","193","2","0","2","38","11","29","1","","","","","",".994","","19950","665926"
"Andres Gimenez","TOR","SS","15","12","119.0","22","42","1","1","0","6","3","4","2","","","","","",".985","","19950","665926"
"Josh Lowe","LAA","RF","103","97","854.1","186","3","1","0","1","0","2","0","0","","","","","",".995","","19953","666139"
"Gavin Lux","TBR","2B","17","16","124.1","26","32","2","2","0","6","2","4","2","","","","","",".967","","19955","666158"
"Gavin Lux","TBR","3B","6","5","32.0","5","5","1","0","1","0","0","0","0","","","","","",".909","","19955","666158"
"Gavin Lux","TBR","LF","54","49","392.2","71","2","2","0","2","0","0","0","0","","","","","",".973","","19955","666158"
"Mickey Moniak","COL","CF","38","32","269.0","91","1","2","1","1","0","0","0","0","","","","","",".979","","19956","666160"
"Mickey Moniak","COL","LF","15","13","108.0","24","0","2","2","0","0","0","0","0","","","","","",".923","","19956","666160"
"Mickey Moniak","COL","RF","72","58","510.0","127","2","3","2","1","0","1","0","0","","","","","",".977","","19956","666160"
"Jesus Luzardo","PHI","P","32","32","183.2","7","21","3","1","2","1","2","0","0","","22","","","",".903","","19959","666200"
"Joey Wentz","ATL","P","39","13","98.0","6","7","0","0","0","0","0","0","0","","19","","","","1.000","","19962","666214"
"Dylan Lee","ATL","P","74","0","68.1","7","8","0","0","0","1","1","0","0","","2","","","","1.000","","19996","669276"
"Tyler Wells","BAL","P","4","4","21.2","2","1","0","0","0","0","0","0","0","","3","","","","1.000","","20000","669330"
"Bryce Johnson","SDP","CF","18","7","80.1","25","0","0","0","0","0","0","0","0","","","","","","1.000","","20002","669369"
"Bryce Johnson","SDP","LF","26","9","106.1","28","0","0","0","0","0","0","0","0","","","","","","1.000","","20002","669369"
"Bryce Johnson","SDP","RF","10","0","31.0","6","0","0","0","0","0","0","0","0","","","","","","1.000","","20002","669369"
"Miles Mastrobuoni","SEA","1B","1","1","9.0","6","0","0","0","0","0","0","0","0","1","","","","","1.000","","20017","670156"
"Miles Mastrobuoni","SEA","2B","15","10","81.2","9","23","1","1","0","3","2","1","0","","","","","",".970","","20017","670156"
"Miles Mastrobuoni","SEA","3B","27","18","158.2","12","27","0","0","0","1","1","0","0","","","","","","1.000","","20017","670156"
"Miles Mastrobuoni","SEA","LF","10","3","41.0","11","0","0","0","0","0","0","0","0","","","","","","1.000","","20017","670156"
"Miles Mastrobuoni","SEA","P","1","0","1.0","0","0","0","0","0","0","0","0","0","","0","","","",".000","","20017","670156"
"Miles Mastrobuoni","SEA","RF","15","8","72.1","17","0","0","0","0","0","0","0","0","","","","","","1.000","","20017","670156"
"John Schreiber","KCR","P","74","0","64.0","3","4","1","0","1","0","0","0","0","","0","","","",".875","","20020","670167"
"Rico Garcia","BAL","P","29","1","34.1","1","1","0","0","0","0","0","0","0","","1","","","","1.000","","20023","670329"
"Isaac Paredes","HOU","3B","89","88","766.2","50","148","5","3","2","11","12","0","1","","","","","",".975","","20036","670623"
"Adrian Morejon","SDP","P","75","0","73.2","3","13","2","1","1","1","1","0","0","","9","","","",".889","","20039","670970"
"Luis Robert Jr.","CHW","CF","105","102","865.2","289","2","1","1","0","0","0","0","0","","","","","",".997","","20043","673357"
"Kaleb Ort","NYY","P","49","0","46.0","2","1","0","0","0","0","0","0","0","","5","","","","1.000","","20061","672391"
"Bailey Falter","KCR","P","26","24","125.1","4","10","0","0","0","1","0","0","1","","12","","","","1.000","","20070","663559"
"J.C. Escarra","NYY","1B","6","0","11.0","9","0","0","0","0","0","0","0","0","0","","","","","1.000","","20084","641555"
"J.C. Escarra","NYY","3B","2","0","2.0","0","0","0","0","0","0","0","0","0","","","","","",".000","","20084","641555"
"J.C. Escarra","NYY","C","30","24","209.0","229","2","3","3","0","0","0","0","0","","19","1","0","11",".987","","20084","641555"
"Calvin Faucher","MIA","P","65","0","60.1","3","9","0","0","0","0","0","0","0","","4","","","","1.000","","20116","676534"
"Juan Soto","NYM","RF","157","157","1374.0","249","8","1","1","0","0","1","0","0","","","","","",".996","","20123","665742"
"Nate Pearson","HOU","P","11","0","14.2","1","0","0","0","0","0","0","0","0","","1","","","","1.000","","20160","663878"
"Miguel Vargas","CHW","1B","63","55","480.2","386","41","2","1","1","29","6","0","29","9","","","","",".995","","20178","678246"
"Miguel Vargas","CHW","3B","79","76","645.2","50","118","9","5","4","12","12","0","0","","","","","",".949","","20178","678246"
"Miguel Vargas","CHW","LF","1","0","1.0","1","0","0","0","0","0","0","0","0","","","","","","1.000","","20178","678246"
"Zach Pop","PHI","P","5","0","6.2","1","2","0","0","0","0","0","0","0","","1","","","","1.000","","20185","647315"
"Garrett Whitlock","BOS","P","62","0","72.0","4","1","1","1","0","0","0","0","0","","7","","","",".833","","20191","676477"
"Brandon Marsh","PHI","CF","84","72","611.0","168","5","3","2","1","0","1","0","0","","","","","",".983","","20202","669016"
"Brandon Marsh","PHI","LF","62","32","338.0","65","1","1","0","1","0","0","0","0","","","","","",".985","","20202","669016"
"Brandon Marsh","PHI","RF","2","0","3.0","1","0","0","0","0","0","0","0","0","","","","","","1.000","","20202","669016"
"Jo Adell","LAA","CF","89","81","724.0","204","1","5","4","1","0","0","0","0","","","","","",".976","","20220","666176"
"Jo Adell","LAA","RF","69","62","535.0","129","3","2","2","0","0","1","0","0","","","","","",".985","","20220","666176"
"Griffin Jax","TBR","P","73","2","66.0","1","6","1","0","1","1","1","0","0","","6","","","",".875","","20253","643377"
"Daysbel Hernandez","ATL","P","39","0","37.0","2","6","0","0","0","1","0","0","1","","4","","","","1.000","","20271","678226"
"Ben Rortvedt","CIN","C","44","35","325.0","331","17","1","1","0","1","1","1","1","","34","10","1","11",".997","","20287","666163"
"Jhonathan Diaz","SEA","P","1","0","1.1","0","0","0","0","0","0","0","0","0","","0","","","",".000","","20298","646242"
"David Peterson","NYM","P","30","30","168.2","14","23","0","0","0","0","0","0","0","","4","","","","1.000","","20302","656849"
"Jake Meyers","HOU","CF","104","95","844.0","227","1","1","1","0","0","0","0","0","","","","","",".996","","20308","676694"
"Nick Raquet","STL","P","2","0","2.0","0","0","0","0","0","0","0","0","0","","0","","","",".000","","20333","675919"
"Riley O'Brien","STL","P","42","0","48.0","5","8","0","0","0","1","1","0","0","","2","","","","1.000","","20348","676617"
"Zack Kelly","BOS","P","28","0","35.1","3","2","1","1","0","0","0","0","0","","2","","","",".833","","20349","677161"
"Ernie Clement","TOR","1B","15","6","69.0","50","4","1","1","0","4","1","0","5","0","","","","",".982","","20352","676391"
"Ernie Clement","TOR","2B","60","49","423.1","75","126","4","2","2","26","14","14","2","","","","","",".980","","20352","676391"
"Ernie Clement","TOR","3B","89","66","603.0","61","129","4","4","0","12","13","0","1","","","","","",".979","","20352","676391"
"Ernie Clement","TOR","SS","29","19","170.0","28","41","2","2","0","10","5","5","2","","","","","",".972","","20352","676391"
"Steven Wilson","TBR","P","59","0","55.1","0","0","0","0","0","0","0","0","0","","8","","","",".000","","20353","621051"
"Andres Munoz","SEA","P","64","0","62.1","6","3","0","0","0","0","0","0","0","","5","","","","1.000","","20373","662253"
"Greg Weissert","BOS","P","72","0","67.0","6","5","0","0","0","0","0","0","0","","6","","","","1.000","","20375","669711"
"Isaac Mattson","PIT","P","44","0","47.2","2","7","1","1","0","0","0","0","0","","0","","","",".900","","20385","676755"
"Luis Garcia Jr.","WSN","1B","2","2","16.0","16","0","0","0","0","1","0","0","1","1","","","","","1.000","","20391","671277"
"Luis Garcia Jr.","WSN","2B","129","123","1077.1","226","314","7","4","3","70","26","47","3","","","","","",".987","","20391","671277"
"Jared Young","NYM","1B","1","0","2.0","1","0","0","0","0","0","0","0","0","0","","","","","1.000","","20404","676724"
"Jared Young","NYM","LF","1","0","3.0","1","0","0","0","0","0","0","0","0","","","","","","1.000","","20404","676724"
"Jared Young","NYM","P","1","0","0.1","0","0","0","0","0","0","0","0","0","","0","","","",".000","","20404","676724"
"Jovani Moran","BOS","P","2","0","4.0","0","0","0","0","0","0","0","0","0","","0","","","",".000","","20422","663558"
"Ryan Walker","SFG","P","68","0","61.1","6","9","0","0","0","1","1","0","0","","0","","","","1.000","","20423","676254"
"Royce Lewis","MIN","3B","99","92","826.0","68","131","7","3","4","12","13","0","1","","","","","",".966","","20437","668904"
"Jazz Chisholm Jr.","NYY","2B","100","96","851.0","146","239","12","3","9","39","18","22","1","","","","","",".970","","20454","665862"
"Jazz Chisholm Jr.","NYY","3B","29","28","238.0","18","51","6","0","6","5","5","0","0","","","","","",".920","","20454","665862"
"Casey Mize","DET","P","28","28","149.0","5","7","1","0","1","0","1","0","0","","11","","","",".923","","20492","663554"
"William Contreras","MIL","1B","1","0","1.0","0","0","0","0","0","0","0","0","0","0","","","","",".000","","20503","661388"
"William Contreras","MIL","C","128","128","1111.2","1149","43","6","4","2","1","7","0","1","","60","22","6","30",".995","","20503","661388"
"William Contreras","MIL","LF","1","0","1.0","0","0","0","0","0","0","0","0","0","","","","","",".000","","20503","661388"
"Drew Waters","KCR","CF","22","17","146.2","44","0","1","1","0","0","0","0","0","","","","","",".978","","20505","671221"
"Drew Waters","KCR","LF","41","24","231.2","46","1","1","1","0","0","0","0","0","","","","","",".979","","20505","671221"
"Drew Waters","KCR","RF","21","14","130.1","30","0","1","1","0","0","0","0","0","","","","","",".968","","20505","671221"
"Nolan Jones","CLE","CF","35","23","193.1","55","3","0","0","0","0","1","0","0","","","","","","1.000","","20529","666134"
"Nolan Jones","CLE","LF","13","7","77.0","18","0","0","0","0","0","0","0","0","","","","","","1.000","","20529","666134"
"Nolan Jones","CLE","RF","101","72","621.2","139","5","1","1","0","0","0","0","0","","","","","",".993","","20529","666134"
"Vidal Brujan","MIN","2B","3","1","12.0","0","4","0","0","0","0","0","0","0","","","","","","1.000","","20536","660644"
"Vidal Brujan","MIN","3B","17","10","84.0","3","20","3","2","1","1","1","0","0","","","","","",".885","","20536","660644"
"Vidal Brujan","MIN","CF","3","1","12.0","1","0","0","0","0","0","0","0","0","","","","","","1.000","","20536","660644"
"Vidal Brujan","MIN","LF","5","0","9.0","2","0","0","0","0","0","0","0","0","","","","","","1.000","","20536","660644"
"Vidal Brujan","MIN","P","2","0","2.0","0","0","0","0","0","0","0","0","0","","0","","","",".000","","20536","660644"
"Vidal Brujan","MIN","RF","6","3","32.0","10","0","0","0","0","0","0","0","0","","","","","","1.000","","20536","660644"
"Vidal Brujan","MIN","SS","15","3","43.0","8","12","0","0","0","1","1","0","0","","","","","","1.000","","20536","660644"
"Edwin Uceta","TBR","P","70","0","76.0","4","7","0","0","0","1","2","0","0","","10","","","","1.000","","20539","670955"
"Grant Anderson","MIL","P","66","0","69.2","1","7","1","0","1","1","1","0","0","","6","","","",".889","","20546","681982"
"Bowden Francis","TOR","P","14","14","64.0","4","2","0","0","0","0","0","0","0","","0","","","","1.000","","20548","670102"
"Kody Clemens","MIN","1B","58","47","397.2","294","27","0","0","0","25","4","1","30","6","","","","","1.000","","20572","665019"
"Kody Clemens","MIN","2B","51","34","309.1","54","87","2","1","1","9","4","5","1","","","","","",".986","","20572","665019"
"Kody Clemens","MIN","CF","1","0","1.0","0","0","0","0","0","0","0","0","0","","","","","",".000","","20572","665019"
"Kody Clemens","MIN","LF","11","5","55.0","12","1","0","0","0","0","0","0","0","","","","","","1.000","","20572","665019"
"Kody Clemens","MIN","P","1","0","1.0","0","1","0","0","0","0","0","0","0","","0","","","","1.000","","20572","665019"
"Kody Clemens","MIN","RF","11","7","63.0","12","1","0","0","0","0","0","0","0","","","","","","1.000","","20572","665019"
"Ivan Herrera","STL","C","14","13","101.0","85","6","1","1","0","0","0","0","0","","15","0","1","5",".989","","20599","671056"
"Ivan Herrera","STL","LF","4","4","31.0","9","0","0","0","0","0","0","0","0","","","","","","1.000","","20599","671056"
"Tyler Phillips","MIA","P","54","1","77.2","9","9","0","0","0","0","0","0","0","","1","","","","1.000","","20629","663969"
"Yusei Kikuchi","LAA","P","33","33","178.1","5","11","2","0","2","0","0","0","0","","11","","","",".889","","20633","579328"
"Felix Bautista","BAL","P","35","0","34.2","2","0","1","0","1","0","0","0","0","","10","","","",".667","","20666","642585"
"Cristopher Sanchez","PHI","P","32","32","202.0","7","25","1","0","1","1","1","0","0","","10","","","",".970","","20778","650911"
"Manuel Rodriguez","TBR","P","31","0","30.1","2","5","0","0","0","0","0","0","0","","6","","","","1.000","","20794","655889"
"Michael Petersen","MIA","P","15","0","18.0","1","0","0","0","0","0","0","0","0","","0","","","","1.000","","20827","656848"
"Eduard Bazardo","SEA","P","73","0","78.2","4","4","0","0","0","0","0","0","0","","7","","","","1.000","","20997","660825"
"Leo Rivas","SEA","2B","34","20","198.0","32","55","1","0","1","14","7","7","0","","","","","",".989","","21009","660844"
"Leo Rivas","SEA","3B","2","0","4.0","0","2","0","0","0","0","0","0","0","","","","","","1.000","","21009","660844"
"Leo Rivas","SEA","LF","1","0","0.1","0","0","0","0","0","0","0","0","0","","","","","",".000","","21009","660844"
"Leo Rivas","SEA","P","1","0","1.0","0","0","0","0","0","0","0","0","0","","0","","","",".000","","21009","660844"
"Leo Rivas","SEA","RF","1","1","9.0","3","0","0","0","0","0","0","0","0","","","","","","1.000","","21009","660844"
"Leo Rivas","SEA","SS","7","3","39.0","4","6","0","0","0","2","2","0","0","","","","","","1.000","","21009","660844"
"Jhoan Duran","PHI","P","72","0","70.0","4","8","0","0","0","1","1","0","0","","13","","","","1.000","","21029","661395"
"Luis Gil","NYY","P","11","11","57.0","2","2","3","1","2","0","0","0","0","","2","","","",".571","","21052","661563"
"Jose Espada","BAL","P","1","0","3.0","0","0","0","0","0","0","0","0","0","","0","","","",".000","","21131","664744"
"Alexis Diaz","TEX","P","18","0","17.2","0","3","0","0","0","0","0","0","0","","7","","","","1.000","","21132","664747"
"Connor Brogdon","CLE","P","43","0","47.0","1","3","1","0","1","0","1","0","0","","2","","","",".800","","21205","641401"
"J.P. France","HOU","P","2","0","4.0","0","0","0","0","0","0","0","0","0","","0","","","",".000","","21212","641585"
"Bailey Ober","MIN","P","27","27","146.1","13","8","0","0","0","3","1","0","2","","4","","","","1.000","","21224","641927"
"Jake Bird","NYY","P","48","0","55.1","4","3","1","0","1","0","0","0","0","","2","","","",".875","","21267","656234"
"Jacob Latz","TEX","P","33","8","85.2","5","4","0","0","0","0","0","0","0","","9","","","","1.000","","21306","656641"
"Tylor Megill","NYM","P","14","14","68.1","3","3","1","1","0","0","0","0","0","","3","","","",".857","","21318","656731"
"Bennett Sousa","HOU","P","44","0","50.2","0","4","1","0","1","0","0","0","0","","11","","","",".800","","21345","656986"
"Joe Ryan","MIN","P","31","30","171.0","4","9","1","1","0","0","0","0","0","","21","","","",".929","","21390","657746"
"Yerry De Los Santos","NYY","P","25","0","35.2","2","6","0","0","0","1","0","0","1","","3","","","","1.000","","21420","660787"
"Ryan Feltner","COL","P","6","6","30.1","0","1","0","0","0","0","0","0","0","","8","","","","1.000","","21446","663372"
"Davis Martin","CHW","P","26","25","142.2","13","10","0","0","0","1","1","0","0","","14","","","","1.000","","21448","663436"
"Konnor Pilkington","WSN","P","32","0","28.1","0","4","0","0","0","0","0","0","0","","0","","","","1.000","","21453","663455"
"Lars Nootbaar","STL","CF","12","10","84.0","28","1","1","1","0","0","0","0","0","","","","","",".967","","21454","663457"
"Lars Nootbaar","STL","LF","107","96","846.0","144","1","0","0","0","0","0","0","0","","","","","","1.000","","21454","663457"
"Lars Nootbaar","STL","RF","23","23","198.0","51","1","0","0","0","0","0","0","0","","","","","","1.000","","21454","663457"
"Kris Bubic","KCR","P","20","20","116.1","3","13","1","0","1","1","1","0","0","","2","","","",".941","","21455","663460"
"Cole Sands","MIN","P","69","3","72.0","6","7","1","0","1","0","0","0","0","","7","","","",".929","","21461","663485"
"Nico Hoerner","CHC","2B","153","153","1326.0","241","367","4","4","0","68","28","44","3","","","","","",".993","","21479","663538"
"Nico Hoerner","CHC","SS","8","3","37.0","6","9","0","0","0","1","0","1","0","","","","","","1.000","","21479","663538"
"Stephen Kolek","KCR","P","19","19","112.2","7","5","2","0","2","0","0","0","0","","3","","","",".857","","21487","663568"
"Hayden Senger","NYM","C","31","23","195.1","205","11","2","2","0","0","2","0","2","","10","5","1","5",".991","","21489","663584"
"Brandon Lockridge","MIL","CF","22","16","145.1","51","2","1","1","0","0","1","0","0","","","","","",".981","","21496","663604"
"Brandon Lockridge","MIL","LF","32","14","147.1","23","0","1","1","0","0","0","0","0","","","","","",".958","","21496","663604"
"Brandon Lockridge","MIL","RF","10","7","68.0","18","1","0","0","0","0","0","0","0","","","","","","1.000","","21496","663604"
"Trevor Larnach","MIN","LF","19","17","131.0","38","0","0","0","0","0","0","0","0","","","","","","1.000","","21501","663616"
"Trevor Larnach","MIN","RF","44","36","310.0","80","1","0","0","0","0","0","0","0","","","","","","1.000","","21501","663616"
"Jake Irvin","WSN","P","33","33","180.0","17","20","1","1","0","2","1","0","1","","10","","","",".974","","21504","663623"
"Hogan Harris","ATH","P","48","0","64.2","1","5","1","0","1","0","0","0","0","","8","","","",".857","","21520","663687"
"Jonathan India","KCR","2B","76","68","591.0","111","177","7","5","2","35","10","27","1","","","","","",".976","","21523","663697"
"Jonathan India","KCR","3B","20","17","149.1","8","38","5","2","3","4","3","1","0","","","","","",".902","","21523","663697"
"Jonathan India","KCR","LF","21","18","146.0","30","1","1","0","1","0","0","0","0","","","","","",".969","","21523","663697"
"Joey Bart","PIT","C","83","76","658.2","583","21","3","0","3","1","4","0","1","","58","13","5","23",".995","","21524","663698"
"Cal Raleigh","SEA","C","121","119","1072.0","1060","42","4","1","3","0","3","0","1","","78","21","0","39",".996","","21534","663728"
"Daniel Lynch IV","KCR","P","57","2","67.2","1","8","0","0","0","0","0","0","1","","0","","","","1.000","","21537","663738"
"Nick Fortes","TBR","C","91","62","585.2","576","27","7","3","4","3","0","3","0","","67","15","5","14",".989","","21538","663743"
"Chase Shugart","PHI","P","35","0","45.0","2","2","0","0","0","1","1","0","1","","2","","","","1.000","","21544","663767"
"Justin Hagenman","NYM","P","9","1","23.2","3","1","0","0","0","0","0","0","0","","1","","","","1.000","","21546","663795"
"Jackson Kowar","SEA","P","15","0","17.0","0","0","0","0","0","0","0","0","0","","2","","","",".000","","21549","663804"
"Matt Vierling","DET","3B","3","0","3.0","0","0","0","0","0","0","0","0","0","","","","","",".000","","21558","663837"
"Matt Vierling","DET","CF","20","16","145.0","43","1","0","0","0","0","0","0","0","","","","","","1.000","","21558","663837"
"Matt Vierling","DET","LF","6","5","45.0","9","0","0","0","0","0","0","0","0","","","","","","1.000","","21558","663837"
"Matt Vierling","DET","RF","3","2","13.0","2","0","0","0","0","0","0","0","0","","","","","","1.000","","21558","663837"
"Romy Gonzalez","BOS","1B","58","41","368.1","320","29","4","3","1","30","5","0","28","10","","","","",".989","","21562","663853"
"Romy Gonzalez","BOS","2B","42","32","288.0","43","91","3","2","1","15","4","11","0","","","","","",".978","","21562","663853"
"Romy Gonzalez","BOS","3B","2","1","12.0","0","0","1","0","1","0","0","0","0","","","","","",".000","","21562","663853"
"Brendon Little","TOR","P","79","0","68.1","6","6","4","1","3","0","0","0","0","","2","","","",".750","","21574","663893"
"Tristan Beck","SFG","P","31","1","56.2","5","4","0","0","0","0","0","0","0","","3","","","","1.000","","21584","663941"
"Cesar Salazar","HOU","C","8","3","34.0","39","1","2","1","1","0","0","0","0","","5","0","0","2",".952","","21587","663967"
"Cesar Salazar","HOU","P","1","0","1.0","0","0","0","0","0","0","0","0","0","","0","","","",".000","","21587","663967"
"Kyle Isbel","KCR","CF","135","118","1032.0","329","3","1","0","1","0","2","0","0","","","","","",".997","","21614","664728"
"Alec Bohm","PHI","1B","13","12","114.2","92","7","0","0","0","6","0","0","6","0","","","","","1.000","","21618","664761"
"Alec Bohm","PHI","3B","108","108","942.2","58","207","5","2","3","17","17","0","0","","","","","",".981","","21618","664761"
"Jake McCarthy","COL","CF","14","12","109.0","33","0","0","0","0","0","0","0","0","","","","","","1.000","","21622","664983"
"Jake McCarthy","COL","LF","38","35","289.1","69","1","0","0","0","0","1","0","0","","","","","","1.000","","21622","664983"
"Jake McCarthy","COL","RF","11","10","85.0","29","0","0","0","0","0","0","0","0","","","","","","1.000","","21622","664983"
"Grant Wolfram","BAL","P","21","0","26.2","0","1","0","0","0","0","0","0","0","","2","","","","1.000","","21623","664991"
"Griffin Conine","MIA","LF","17","13","113.0","25","0","0","0","0","0","0","0","0","","","","","","1.000","","21626","665052"
"Griffin Conine","MIA","RF","8","7","64.0","11","1","0","0","0","0","0","0","0","","","","","","1.000","","21626","665052"
"Jeremy Pena","HOU","SS","124","120","1061.2","149","274","9","5","4","48","27","22","2","","","","","",".979","","21636","665161"
"Rafael Marchan","PHI","C","42","30","283.0","269","14","2","0","2","0","0","0","1","","28","11","2","5",".993","","21646","665561"
"Elvis Alvarado","ATH","P","37","0","42.1","0","2","1","1","0","0","0","0","0","","3","","","",".667","","21662","665660"
"Edward Cabrera","CHC","P","26","26","137.2","10","13","0","0","0","0","0","0","0","","35","","","","1.000","","21690","665795"
"Miguel Amaya","CHC","C","27","26","229.2","205","11","1","1","0","0","0","0","0","","12","4","0","8",".995","","21693","665804"
"Oswaldo Cabrera","NYY","1B","2","0","3.0","2","0","0","0","0","0","0","0","0","0","","","","","1.000","","21707","665828"
"Oswaldo Cabrera","NYY","3B","33","30","266.0","22","48","5","1","4","6","6","0","0","","","","","",".933","","21707","665828"
"Oswaldo Cabrera","NYY","LF","1","0","1.0","0","0","0","0","0","0","0","0","0","","","","","",".000","","21707","665828"
"Oswaldo Cabrera","NYY","RF","1","0","1.0","0","0","0","0","0","0","0","0","0","","","","","",".000","","21707","665828"
"Oneil Cruz","PIT","CF","125","120","1061.1","302","6","11","9","2","0","2","0","0","","","","","",".966","","21711","665833"
"Enmanuel Valdez","PIT","1B","26","22","190.0","170","15","0","0","0","18","3","0","15","1","","","","","1.000","","21716","665839"
"Enmanuel Valdez","PIT","2B","6","3","20.0","4","4","1","1","0","3","0","3","0","","","","","",".889","","21716","665839"
"Enmanuel Valdez","PIT","RF","1","0","0.1","0","0","0","0","0","0","0","0","0","","","","","",".000","","21716","665839"
"Javier Assad","CHC","P","8","7","37.0","3","3","0","0","0","0","0","0","0","","4","","","","1.000","","21741","665871"
"Jose Fermin","STL","2B","15","10","97.0","20","27","0","0","0","5","2","3","0","","","","","","1.000","","21746","665877"
"Jose Fermin","STL","3B","5","2","21.0","0","4","0","0","0","0","0","0","0","","","","","","1.000","","21746","665877"
"Jose Fermin","STL","LF","4","1","16.0","2","0","0","0","0","0","0","0","0","","","","","","1.000","","21746","665877"
"Jose Fermin","STL","RF","1","1","8.0","2","0","0","0","0","0","0","0","0","","","","","","1.000","","21746","665877"
"Esteury Ruiz","MIA","LF","12","5","42.1","6","0","1","1","0","0","0","0","0","","","","","",".857","","21780","665923"
"Esteury Ruiz","MIA","RF","5","1","18.0","6","0","0","0","0","0","0","0","0","","","","","","1.000","","21780","665923"
"Andres Chaparro","WSN","1B","30","14","149.0","121","12","0","0","0","9","1","0","9","1","","","","","1.000","","21797","665953"
"Jonathan Aranda","TBR","1B","93","86","765.2","677","52","5","3","2","73","8","1","73","9","","","","",".993","","21837","666018"
"Freddy Fermin","SDP","2B","1","0","1.0","0","0","0","0","0","0","0","0","0","","","","","",".000","","21840","666023"
"Freddy Fermin","SDP","C","101","89","803.1","823","42","5","2","3","2","0","2","1","","42","14","6","13",".994","","21840","666023"
"Carlos Cortes","ATH","3B","1","0","1.0","0","0","0","0","0","0","0","0","0","","","","","",".000","","21842","666126"
"Carlos Cortes","ATH","LF","7","5","51.0","15","0","0","0","0","0","0","0","0","","","","","","1.000","","21842","666126"
"Carlos Cortes","ATH","RF","22","16","140.0","22","1","1","1","0","0","0","0","0","","","","","",".958","","21842","666126"
"Cole Ragans","KCR","P","13","13","61.2","4","3","0","0","0","0","0","0","0","","3","","","","1.000","","21846","666142"
"Will Benson","CIN","CF","12","9","86.0","26","2","0","0","0","0","0","0","0","","","","","","1.000","","21853","666181"
"Will Benson","CIN","LF","33","24","222.1","48","1","1","1","0","0","1","0","0","","","","","",".980","","21853","666181"
"Will Benson","CIN","RF","40","28","264.2","81","0","1","0","1","0","0","0","0","","","","","",".988","","21853","666181"
"George Soriano","ATL","P","24","0","36.2","0","6","0","0","0","0","0","0","0","","2","","","","1.000","","21863","666277"
"Bo Naylor","CLE","C","119","106","945.1","931","58","7","1","6","1","4","2","3","","77","27","3","27",".993","","21865","666310"
"Jerar Encarnacion","SFG","1B","1","1","7.0","6","1","1","1","0","0","0","0","0","0","","","","",".875","","21871","666464"
"Jerar Encarnacion","SFG","LF","2","1","10.0","4","1","0","0","0","0","0","0","0","","","","","","1.000","","21871","666464"
"Jerar Encarnacion","SFG","RF","14","11","95.0","24","0","0","0","0","0","0","0","0","","","","","","1.000","","21871","666464"
"Christopher Morel","MIA","2B","1","0","3.0","0","0","0","0","0","0","0","0","0","","","","","",".000","","21897","666624"
"Christopher Morel","MIA","LF","68","57","468.2","99","2","3","1","2","0","0","0","0","","","","","",".971","","21897","666624"
"Christopher Morel","MIA","RF","2","1","12.0","2","0","0","0","0","0","0","0","0","","","","","","1.000","","21897","666624"
"Juan Morillo","ARI","P","42","0","34.1","1","1","0","0","0","0","0","0","0","","1","","","","1.000","","21924","666661"
"Joel Peguero","SFG","P","17","0","22.1","0","2","0","0","0","0","0","0","0","","2","","","","1.000","","21951","666711"
"Camilo Doval","NYY","P","69","0","65.1","3","6","1","0","1","1","1","0","0","","11","","","",".900","","21992","666808"
"Dane Myers","CIN","CF","68","58","517.2","160","5","1","0","1","0","1","0","0","","","","","",".994","","22054","667472"
"Dane Myers","CIN","LF","11","6","60.0","19","0","0","0","0","0","0","0","0","","","","","","1.000","","22054","667472"
"Dane Myers","CIN","RF","31","18","175.0","37","2","2","1","1","0","0","0","0","","","","","",".951","","22054","667472"
"Jose Soriano","LAA","P","31","31","169.0","11","22","0","0","0","2","1","0","1","","5","","","","1.000","","22100","667755"
"Cole Winn","TEX","P","33","0","41.2","3","5","0","0","0","0","0","0","0","","1","","","","1.000","","22113","668390"
"Ryan Vilade","TBR","LF","3","0","5.0","1","0","0","0","0","0","0","0","0","","","","","","1.000","","22165","668723"
"Ryan Vilade","TBR","RF","4","3","29.0","7","0","0","0","0","0","0","0","0","","","","","","1.000","","22165","668723"
"Akil Baddoo","MIL","CF","1","0","1.0","0","0","0","0","0","0","0","0","0","","","","","",".000","","22168","668731"
"Akil Baddoo","MIL","LF","5","4","32.0","13","1","0","0","0","0","1","0","0","","","","","","1.000","","22168","668731"
"Akil Baddoo","MIL","RF","2","1","12.0","1","0","0","0","0","0","0","0","0","","","","","","1.000","","22168","668731"
"Easton McGee","MIL","P","9","0","14.2","0","2","0","0","0","0","0","0","0","","0","","","","1.000","","22176","668834"
"Hunter Greene","CIN","P","19","19","107.2","9","7","0","0","0","1","1","0","0","","9","","","","1.000","","22182","668881"
"Mark Vientos","NYM","1B","3","3","23.0","19","1","0","0","0","2","0","0","2","1","","","","","1.000","","22184","668901"
"Mark Vientos","NYM","3B","72","69","556.0","39","112","8","5","3","10","11","0","1","","","","","",".950","","22184","668901"
"Brice Turang","MIL","2B","153","150","1320.2","255","343","9","4","5","76","28","50","5","","","","","",".985","","22186","668930"
"Brice Turang","MIL","SS","3","0","8.1","0","1","1","1","0","1","1","0","0","","","","","",".500","","22186","668930"
"Tobias Myers","MIL","P","22","6","50.2","3","4","1","0","1","0","0","0","0","","0","","","",".875","","22191","668964"
"Ryan Rolison","CHC","P","31","1","42.1","2","6","3","0","3","1","1","0","0","","2","","","",".727","","22200","669020"
"MacKenzie Gore","WSN","P","30","30","159.2","5","12","0","0","0","0","0","0","0","","13","","","","1.000","","22201","669022"
"DL Hall","MIL","P","20","3","38.2","2","3","0","0","0","0","0","0","0","","0","","","","1.000","","22207","669084"
"Jeremiah Estrada","SDP","P","77","0","73.0","0","3","1","0","1","0","0","0","0","","4","","","",".750","","22210","669093"
"Mason McCoy","SDP","2B","2","2","18.0","3","5","0","0","0","0","0","0","0","","","","","","1.000","","22232","669200"
"Mason McCoy","SDP","SS","12","3","46.0","5","18","1","0","1","2","1","1","0","","","","","",".958","","22232","669200"
"Jeremiah Jackson","BAL","2B","1","0","1.0","0","1","0","0","0","0","0","0","0","","","","","","1.000","","22239","669236"
"Jeremiah Jackson","BAL","3B","13","10","84.0","7","14","3","1","2","1","1","0","0","","","","","",".875","","22239","669236"
"Jeremiah Jackson","BAL","RF","34","31","250.0","62","3","1","1","0","0","0","0","0","","","","","",".985","","22239","669236"
"Jack Suwinski","PIT","CF","25","15","150.0","55","0","1","1","0","0","0","0","0","","","","","",".982","","22244","669261"
"Jack Suwinski","PIT","LF","20","16","134.0","25","0","0","0","0","0","0","0","0","","","","","","1.000","","22244","669261"
"Jack Suwinski","PIT","RF","15","12","113.1","27","1","0","0","0","0","0","0","0","","","","","","1.000","","22244","669261"
"Logan Gilbert","SEA","P","25","25","131.0","12","3","1","0","1","0","0","0","0","","10","","","",".938","","22250","669302"
"Nolan Gorman","STL","1B","7","4","41.0","37","5","0","0","0","4","0","0","4","0","","","","","1.000","","22263","669357"
"Nolan Gorman","STL","2B","28","26","215.0","33","68","1","1","0","8","1","6","2","","","","","",".990","","22263","669357"
"Nolan Gorman","STL","3B","54","46","410.1","31","86","6","0","6","11","11","0","0","","","","","",".951","","22263","669357"
"Shane Baz","BAL","P","31","31","166.1","7","14","1","0","1","0","0","0","0","","20","","","",".955","","22264","669358"
"Xavier Edwards","MIA","2B","96","93","814.1","108","248","4","2","2","38","17","22","0","","","","","",".989","","22266","669364"
"Xavier Edwards","MIA","SS","41","41","359.2","51","92","6","4","2","23","11","12","1","","","","","",".960","","22266","669364"
"Tarik Skubal","DET","P","31","31","195.1","4","16","1","0","1","0","0","0","0","","3","","","",".952","","22267","669373"
"Jake Burger","TEX","1B","91","86","756.2","609","79","5","3","1","46","5","0","47","14","","","","",".993","","22275","669394"
"Nick Allen","HOU","2B","5","2","25.0","6","8","1","0","1","2","0","2","0","","","","","",".933","","22277","669397"
"Nick Allen","HOU","SS","130","124","1045.2","152","258","5","1","4","45","18","25","4","","","","","",".988","","22277","669397"
"Trevor Rogers","BAL","P","18","18","109.2","1","4","0","0","0","0","0","0","0","","3","","","","1.000","","22286","669432"
"Mason Englert","TBR","P","30","0","44.2","1","5","0","0","0","1","0","0","1","","3","","","","1.000","","22288","669438"
"Matthew Liberatore","STL","P","29","29","151.2","4","12","0","0","0","0","0","0","0","","22","","","","1.000","","22294","669461"
"Brenan Hanifee","DET","P","54","0","60.0","3","5","2","0","2","1","0","0","1","","5","","","",".800","","22304","669724"
"Colin Holderman","CLE","P","24","0","25.2","0","0","0","0","0","0","0","0","0","","5","","","",".000","","22361","670059"
"Taylor Walls","TBR","2B","5","4","29.0","7","10","0","0","0","0","0","0","0","","","","","","1.000","","22458","670764"
"Taylor Walls","TBR","3B","1","0","1.0","0","0","0","0","0","0","0","0","0","","","","","",".000","","22458","670764"
"Taylor Walls","TBR","SS","94","77","720.2","125","234","5","4","1","49","30","23","4","","","","","",".986","","22458","670764"
"Johan Oviedo","BOS","P","9","9","40.1","1","2","0","0","0","0","0","0","0","","4","","","","1.000","","22487","670912"
"Triston Casas","BOS","1B","28","27","235.0","213","16","2","2","0","21","6","0","24","6","","","","",".991","","22514","671213"
"Heliot Ramos","SFG","LF","154","153","1332.2","284","5","9","5","4","0","1","0","0","","","","","",".970","","22515","671218"
"Johnathan Rodriguez","CLE","LF","2","0","3.0","0","0","0","0","0","0","0","0","0","","","","","",".000","","22530","671286"
"Johnathan Rodriguez","CLE","RF","26","20","174.1","39","0","3","3","0","0","0","0","0","","","","","",".929","","22530","671286"
"Tyler Freeman","COL","2B","17","12","109.0","18","25","1","1","0","4","1","3","1","","","","","",".977","","22532","671289"
"Tyler Freeman","COL","3B","1","0","2.0","0","0","0","0","0","0","0","0","0","","","","","",".000","","22532","671289"
"Tyler Freeman","COL","LF","1","0","1.0","0","0","0","0","0","0","0","0","0","","","","","",".000","","22532","671289"
"Tyler Freeman","COL","RF","66","60","508.1","105","2","1","1","0","0","0","0","0","","","","","",".991","","22532","671289"
"Michel Otanez","TEX","P","6","0","5.1","0","0","0","0","0","0","0","0","0","","1","","","",".000","","22533","671305"
"George Valera","CLE","RF","5","4","32.0","5","0","0","0","0","0","0","0","0","","","","","","1.000","","22541","671655"
"Lawrence Butler","ATH","CF","59","51","455.1","148","0","1","1","0","0","0","0","0","","","","","",".993","","22542","671732"
"Lawrence Butler","ATH","RF","92","89","781.0","218","4","1","0","1","0","1","0","0","","","","","",".996","","22542","671732"
"Taj Bradley","MIN","P","27","27","142.2","8","10","1","1","0","0","0","0","0","","7","","","",".947","","22543","671737"
"Michael Siani","LAD","CF","17","5","59.1","15","0","0","0","0","0","0","0","0","","","","","","1.000","","22557","672279"
"Gabriel Arias","CLE","2B","28","19","171.1","30","44","0","0","0","8","4","7","0","","","","","","1.000","","22563","672356"
"Gabriel Arias","CLE","3B","8","3","37.0","7","3","1","0","1","0","0","0","0","","","","","",".909","","22563","672356"
"Gabriel Arias","CLE","SS","106","102","862.0","136","239","13","6","7","43","26","16","6","","","","","",".966","","22563","672356"
"Tirso Ornelas","SDP","CF","1","0","2.0","2","0","0","0","0","0","0","0","0","","","","","","1.000","","22566","672359"
"Tirso Ornelas","SDP","LF","5","4","31.0","7","0","0","0","0","0","0","0","0","","","","","","1.000","","22566","672359"
"Alejandro Kirk","TOR","C","118","111","965.1","968","35","9","0","9","1","0","1","3","","69","17","4","21",".991","","22581","672386"
"Keider Montero","DET","P","20","12","90.2","11","10","0","0","0","2","1","0","1","","2","","","","1.000","","22630","672456"
"Gabriel Moreno","ARI","C","75","66","598.0","521","28","1","0","1","0","3","1","4","","42","10","3","14",".998","","22664","672515"
"Maikel Garcia","KCR","2B","11","7","66.0","14","20","0","0","0","3","0","3","1","","","","","","1.000","","22715","672580"
"Maikel Garcia","KCR","3B","136","130","1144.2","105","234","7","1","6","23","23","0","1","","","","","",".980","","22715","672580"
"Maikel Garcia","KCR","CF","6","4","29.1","6","0","0","0","0","0","0","0","0","","","","","","1.000","","22715","672580"
"Maikel Garcia","KCR","RF","1","1","8.0","1","0","0","0","0","0","0","0","0","","","","","","1.000","","22715","672580"
"Maikel Garcia","KCR","SS","17","9","88.2","16","20","1","0","1","4","1","4","1","","","","","",".973","","22715","672580"
"Angel Zerpa","MIL","P","69","2","64.2","2","11","0","0","0","1","1","0","0","","3","","","","1.000","","22717","672582"
"Steward Berroa","MIL","CF","2","2","13.0","2","1","0","0","0","0","0","0","0","","","","","","1.000","","22766","672642"
"Geraldo Perdomo","ARI","SS","161","160","1425.0","223","387","18","8","10","80","44","34","7","","","","","",".971","","22799","672695"
"Oswald Peraza","LAA","1B","17","12","108.2","97","7","4","3","1","12","0","0","12","0","","","","",".963","","22823","672724"
"Oswald Peraza","LAA","2B","17","10","90.0","19","20","1","1","0","6","1","5","0","","","","","",".975","","22823","672724"
"Oswald Peraza","LAA","3B","64","41","382.2","31","97","3","2","1","3","4","0","0","","","","","",".977","","22823","672724"
"Oswald Peraza","LAA","P","2","0","2.1","0","0","0","0","0","0","0","0","0","","0","","","",".000","","22823","672724"
"Oswald Peraza","LAA","SS","13","6","66.0","9","23","1","1","0","2","0","2","0","","","","","",".970","","22823","672724"
"Wenceel Perez","DET","CF","31","20","183.0","44","0","0","0","0","0","0","0","0","","","","","","1.000","","22857","672761"
"Wenceel Perez","DET","LF","1","1","9.0","5","0","0","0","0","0","0","0","0","","","","","","1.000","","22857","672761"
"Wenceel Perez","DET","RF","81","71","625.1","130","5","3","2","1","0","0","0","0","","","","","",".978","","22857","672761"
"Yoendrys Gomez","TBR","P","21","9","62.2","4","8","0","0","0","0","0","0","0","","6","","","","1.000","","22872","672782"
"Lenyn Sosa","CHW","1B","42","35","307.1","228","16","2","1","1","25","2","0","29","1","","","","",".992","","22896","672820"
"Lenyn Sosa","CHW","2B","99","85","745.1","124","201","10","6","4","42","20","24","2","","","","","",".970","","22896","672820"
"Lenyn Sosa","CHW","3B","3","2","18.0","2","1","0","0","0","0","0","0","0","","","","","","1.000","","22896","672820"
"Carlos Vargas","SEA","P","70","0","77.0","4","9","1","0","1","0","0","0","0","","6","","","",".929","","22915","672841"
"Yainer Diaz","HOU","C","113","111","990.0","1064","38","3","0","3","0","3","0","0","","95","23","7","26",".997","","23003","673237"
"Dedniel Nunez","NYM","P","10","0","9.2","0","0","0","0","0","0","0","0","0","","0","","","",".000","","23055","673380"
"Osvaldo Bido","MIA","P","26","10","79.2","4","4","1","0","1","0","0","0","0","","13","","","",".889","","23150","674370"
"Eduarniel Nunez","ATH","P","10","0","12.2","0","0","0","0","0","0","0","0","0","","2","","","",".000","","23162","674384"
"Steven Cruz","KCR","P","47","0","45.2","4","4","0","0","0","0","0","0","0","","0","","","","1.000","","23165","674444"
"Juan Mejia","COL","P","55","0","61.1","7","5","3","1","2","0","1","0","0","","2","","","",".800","","23237","675848"
"Janson Junk","MIA","P","21","16","110.0","10","9","0","0","0","1","1","0","0","","12","","","","1.000","","23301","676083"
"Jose Butto","SFG","P","55","0","67.0","3","9","1","0","1","0","0","0","0","","5","","","",".923","","23313","676130"
"Joey Cantillo","CLE","P","34","13","95.1","3","10","0","0","0","1","1","0","0","","4","","","","1.000","","23335","676282"
"Robert Garcia","TEX","P","71","0","64.0","4","6","3","1","2","0","0","0","0","","3","","","",".769","","23363","676395"
"Hunter Feduccia","TBR","1B","1","0","2.0","3","1","0","0","0","0","0","0","0","0","","","","","1.000","","23372","676439"
"Hunter Feduccia","TBR","C","34","28","233.1","258","5","0","0","0","0","0","0","0","","29","6","0","7","1.000","","23372","676439"
"Nolan Hoffman","PHI","P","1","0","1.0","0","0","0","0","0","0","0","0","0","","0","","","",".000","","23381","676510"
"PJ Poulin","WSN","P","28","0","24.2","1","4","1","0","1","0","0","0","0","","3","","","",".833","","23394","676571"
"Eric Wagaman","MIN","1B","117","94","862.1","757","50","10","6","4","53","5","1","58","7","","","","",".988","","23395","676572"
"Eric Wagaman","MIN","3B","3","0","5.0","1","0","0","0","0","0","0","0","0","","","","","","1.000","","23395","676572"
"Eric Wagaman","MIN","LF","19","13","106.1","27","0","0","0","0","0","0","0","0","","","","","","1.000","","23395","676572"
"Eric Wagaman","MIN","RF","3","1","12.0","4","0","0","0","0","0","0","0","0","","","","","","1.000","","23395","676572"
"Jose Caballero","NYY","2B","23","13","145.1","26","37","5","3","2","7","2","6","0","","","","","",".926","","23401","676609"
"Jose Caballero","NYY","3B","37","9","117.0","12","21","1","1","0","3","3","0","0","","","","","",".971","","23401","676609"
"Jose Caballero","NYY","CF","2","2","15.0","3","0","0","0","0","0","0","0","0","","","","","","1.000","","23401","676609"
"Jose Caballero","NYY","LF","10","2","31.0","4","0","0","0","0","0","1","0","0","","","","","","1.000","","23401","676609"
"Jose Caballero","NYY","P","1","0","1.0","1","0","0","0","0","0","0","0","0","","0","","","","1.000","","23401","676609"
"Jose Caballero","NYY","RF","38","21","210.2","50","2","1","1","0","0","1","0","0","","","","","",".981","","23401","676609"
"Jose Caballero","NYY","SS","43","42","339.0","52","109","4","2","2","25","13","13","3","","","","","",".976","","23401","676609"
"Max Lazar","PHI","P","36","0","41.1","3","3","0","0","0","0","0","0","0","","1","","","","1.000","","23426","676661"
"JP Sears","SDP","P","27","27","135.2","1","10","0","0","0","0","0","0","0","","4","","","","1.000","","23429","676664"
"Hunter Stratton","ATL","P","15","0","19.0","4","0","0","0","0","0","0","0","0","","0","","","","1.000","","23455","676702"
"Cam Sanders","PIT","P","6","0","6.2","0","0","0","0","0","0","0","0","0","","0","","","",".000","","23479","676742"
"Ron Marinaccio","SDP","P","7","0","10.2","1","0","0","0","0","0","0","0","0","","1","","","","1.000","","23488","676760"
"Keaton Winn","SFG","P","7","0","10.0","0","1","0","0","0","0","0","0","0","","2","","","","1.000","","23499","676775"
"Aaron Ashby","MIL","P","43","1","66.2","1","11","1","0","1","0","0","0","0","","7","","","",".923","","23550","676879"
"Davis Schneider","TOR","2B","24","15","127.2","17","28","0","0","0","4","2","2","0","","","","","","1.000","","23565","676914"
"Davis Schneider","TOR","3B","1","0","1.0","0","0","0","0","0","0","0","0","0","","","","","",".000","","23565","676914"
"Davis Schneider","TOR","LF","59","44","347.0","85","1","2","2","0","0","0","0","0","","","","","",".977","","23565","676914"
"Ben Brown","CHC","P","25","15","106.1","5","3","0","0","0","0","0","0","0","","8","","","","1.000","","23590","676962"
"Brayan Rocchio","CLE","2B","50","49","418.1","73","118","4","3","1","16","8","9","1","","","","","",".979","","23690","677587"
"Brayan Rocchio","CLE","SS","72","56","526.0","77","129","8","3","5","29","18","11","3","","","","","",".963","","23690","677587"
"Jose Tena","WSN","2B","5","5","39.0","9","9","1","0","1","0","0","0","0","","","","","",".947","","23691","677588"
"Jose Tena","WSN","3B","46","39","351.1","23","69","5","2","3","6","7","0","1","","","","","",".948","","23691","677588"
"Everson Pereira","CHW","CF","20","17","146.2","32","1","0","0","0","0","0","0","0","","","","","","1.000","","23695","677592"
"Everson Pereira","CHW","RF","2","2","16.0","1","0","0","0","0","0","0","0","0","","","","","","1.000","","23695","677592"
"Julio Rodriguez","SEA","CF","159","158","1406.1","431","6","4","3","1","0","2","0","0","","","","","",".991","","23697","677594"
"Ronny Mauricio","NYM","2B","7","6","49.0","10","13","2","1","1","4","2","2","0","","","","","",".920","","23698","677595"
"Ronny Mauricio","NYM","3B","42","32","292.0","30","70","3","2","1","5","5","0","0","","","","","",".971","","23698","677595"
"Ronny Mauricio","NYM","SS","5","2","22.0","2","4","0","0","0","0","0","0","0","","","","","","1.000","","23698","677595"
"Ezequiel Duran","TEX","1B","25","13","141.0","116","14","0","0","0","14","2","0","13","0","","","","","1.000","","23733","677649"
"Ezequiel Duran","TEX","2B","17","8","86.2","15","21","0","0","0","5","3","2","0","","","","","","1.000","","23733","677649"
"Ezequiel Duran","TEX","3B","11","8","74.0","5","16","2","0","2","1","1","0","0","","","","","",".913","","23733","677649"
"Ezequiel Duran","TEX","LF","3","2","20.0","5","0","0","0","0","0","0","0","0","","","","","","1.000","","23733","677649"
"Ezequiel Duran","TEX","P","4","0","3.1","0","0","0","0","0","0","0","0","0","","0","","","",".000","","23733","677649"
"Ezequiel Duran","TEX","RF","8","3","35.0","9","1","0","0","0","0","0","0","0","","","","","","1.000","","23733","677649"
"Ezequiel Duran","TEX","SS","30","15","150.2","25","35","1","0","1","4","2","2","1","","","","","",".984","","23733","677649"
"Wilyer Abreu","BOS","RF","104","95","847.1","215","7","5","4","1","0","3","0","0","","","","","",".978","","23772","677800"
"Justin Bruihl","STL","P","15","0","13.2","1","0","0","0","0","0","0","0","0","","1","","","","1.000","","23779","677865"
"Leo Jimenez","TOR","2B","15","8","77.0","13","22","0","0","0","4","0","4","0","","","","","","1.000","","23782","677870"
"Leo Jimenez","TOR","SS","1","1","7.0","1","1","0","0","0","1","1","0","0","","","","","","1.000","","23782","677870"
"Blaze Alexander","ARI","2B","14","14","117.1","26","47","0","0","0","14","4","10","0","","","","","","1.000","","23789","677942"
"Blaze Alexander","ARI","3B","54","49","432.1","39","105","7","3","4","5","5","2","1","","","","","",".954","","23789","677942"
"Blaze Alexander","ARI","CF","3","3","21.0","5","1","0","0","0","0","0","0","0","","","","","","1.000","","23789","677942"
"Blaze Alexander","ARI","LF","4","0","7.0","2","0","0","0","0","0","0","0","0","","","","","","1.000","","23789","677942"
"Alek Thomas","ARI","CF","139","121","1080.1","325","3","3","0","3","0","0","0","0","","","","","",".991","","23792","677950"
"Braxton Ashcraft","PIT","P","26","8","69.2","2","8","0","0","0","0","0","0","0","","5","","","","1.000","","23793","677952"
"Ryan Weathers","NYY","P","8","8","38.1","1","6","0","0","0","0","0","0","0","","5","","","","1.000","","23796","677960"
"Parker Meadows","DET","CF","57","55","468.0","118","1","1","0","1","0","0","0","0","","","","","",".992","","23800","678009"
"Anthony Seigler","MIL","1B","1","0","1.0","2","0","0","0","0","0","0","0","0","0","","","","","1.000","","23802","678011"
"Anthony Seigler","MIL","3B","25","16","129.1","13","23","2","2","0","4","4","0","0","","","","","",".947","","23802","678011"
"Anthony Seigler","MIL","C","1","0","1.0","0","0","0","0","0","0","0","0","0","","0","0","1","0",".000","","23802","678011"
"Anthony Seigler","MIL","P","1","0","1.0","0","0","0","0","0","0","0","0","0","","0","","","",".000","","23802","678011"
"Jorbit Vivas","NYY","2B","15","12","102.0","24","17","0","0","0","6","0","6","0","","","","","","1.000","","23917","678391"
"Jorbit Vivas","NYY","3B","14","9","76.0","8","15","0","0","0","2","2","0","0","","","","","","1.000","","23917","678391"
"Brayan Bello","BOS","P","29","28","166.2","11","18","2","1","1","2","1","0","1","","16","","","",".935","","23920","678394"
"Jorge Barrosa","ARI","CF","16","8","85.0","31","0","0","0","0","0","0","0","0","","","","","","1.000","","23968","678489"
"Jorge Barrosa","ARI","LF","13","6","65.1","16","0","0","0","0","0","0","0","0","","","","","","1.000","","23968","678489"
"Jorge Barrosa","ARI","RF","4","3","26.0","7","0","0","0","0","0","0","0","0","","","","","","1.000","","23968","678489"
"Randy Rodriguez","SFG","P","50","0","50.2","4","2","0","0","0","0","0","0","0","","7","","","","1.000","","23974","678495"
"Curtis Mead","CHW","1B","32","23","206.1","159","9","0","0","0","17","2","0","16","2","","","","","1.000","","23986","678554"
"Curtis Mead","CHW","2B","17","12","108.2","13","29","1","0","1","4","2","2","0","","","","","",".977","","23986","678554"
"Curtis Mead","CHW","3B","29","27","229.0","15","35","2","1","1","6","6","0","0","","","","","",".962","","23986","678554"
"Jose A. Ferrer","SEA","P","72","0","76.1","2","13","3","2","1","1","1","0","0","","3","","","",".833","","24017","678606"
"Ezequiel Tovar","COL","SS","95","95","800.2","148","237","9","5","4","53","28","26","4","","","","","",".977","","24064","678662"
"Ronny Henriquez","MIA","P","69","0","73.0","5","5","0","0","0","1","1","0","0","","17","","","","1.000","","24094","678692"
"Luis Peralta","COL","P","22","0","19.0","1","1","0","0","0","0","0","0","0","","4","","","","1.000","","24203","678821"
"Ceddanne Rafaela","BOS","2B","24","19","165.0","35","34","3","1","2","8","4","5","1","","","","","",".958","","24262","678882"
"Ceddanne Rafaela","BOS","CF","141","129","1167.1","319","8","5","2","3","0","0","0","0","","","","","",".985","","24262","678882"
"Kai-Wei Teng","SFG","P","8","7","29.2","2","1","1","0","1","0","0","0","0","","2","","","",".750","","24282","678906"
"Johan Rojas","PHI","CF","65","46","418.2","111","3","2","1","1","0","1","0","0","","","","","",".983","","24336","679032"
"Luinder Avila","KCR","P","13","0","14.0","0","0","0","0","0","0","0","0","0","","1","","","",".000","","24452","679883"
"Justin Martinez","ARI","P","17","0","15.1","1","2","1","1","0","0","0","0","0","","0","","","",".750","","24453","679885"
"Max Schuemann","ATH","2B","39","20","202.0","42","64","1","1","0","13","5","9","1","","","","","",".991","","24488","680474"
"Max Schuemann","ATH","3B","27","11","119.2","10","30","0","0","0","4","4","0","0","","","","","","1.000","","24488","680474"
"Max Schuemann","ATH","CF","4","1","11.0","3","0","0","0","0","0","0","0","0","","","","","","1.000","","24488","680474"
"Max Schuemann","ATH","LF","7","4","37.0","3","0","0","0","0","0","0","0","0","","","","","","1.000","","24488","680474"
"Max Schuemann","ATH","RF","2","0","2.0","0","0","0","0","0","0","0","0","0","","","","","",".000","","24488","680474"
"Max Schuemann","ATH","SS","24","11","128.2","27","38","3","2","1","9","4","5","0","","","","","",".956","","24488","680474"
"Simeon Woods Richardson","MIN","P","23","22","111.1","9","4","2","0","2","1","0","0","1","","8","","","",".867","","24494","680573"
"Kyle Bradish","BAL","P","6","6","32.0","1","1","0","0","0","0","0","0","0","","0","","","","1.000","","24586","680694"
"Richie Palacios","TBR","1B","3","2","16.0","9","1","1","1","0","0","0","0","0","0","","","","",".909","","24589","680700"
"Richie Palacios","TBR","2B","5","4","31.0","10","9","1","1","0","2","1","1","0","","","","","",".950","","24589","680700"
"Richie Palacios","TBR","LF","5","4","26.0","5","0","0","0","0","0","0","0","0","","","","","","1.000","","24589","680700"
"Richie Palacios","TBR","RF","2","0","8.0","1","0","0","0","0","0","0","0","0","","","","","","1.000","","24589","680700"
"Joey Gerber","NYM","P","2","0","4.1","1","0","0","0","0","0","0","0","0","","0","","","","1.000","","24591","680702"
"Addison Barger","TOR","3B","91","67","613.1","55","114","6","2","4","9","9","0","1","","","","","",".966","","24598","680718"
"Addison Barger","TOR","RF","57","49","413.0","88","9","3","2","1","0","3","0","0","","","","","",".970","","24598","680718"
"Michael Helman","TEX","CF","35","29","259.2","89","1","0","0","0","0","1","0","0","","","","","","1.000","","24605","680737"
"Michael Helman","TEX","SS","1","0","1.0","1","0","0","0","0","0","0","0","0","","","","","","1.000","","24605","680737"
"Jonathan Bowlan","PHI","P","34","1","44.1","1","6","0","0","0","2","2","0","0","","3","","","","1.000","","24607","680742"
"Braydon Fisher","TOR","P","52","1","50.0","0","4","0","0","0","0","0","0","0","","6","","","","1.000","","24609","680755"
"Steven Kwan","CLE","CF","1","0","1.0","1","0","0","0","0","0","0","0","0","","","","","","1.000","","24610","680757"
"Steven Kwan","CLE","LF","152","152","1328.0","308","13","8","0","8","0","2","0","0","","","","","",".976","","24610","680757"
"Victor Vodnik","COL","P","52","0","50.2","3","6","0","0","0","1","1","0","0","","0","","","","1.000","","24614","680767"
"Jarren Duran","BOS","CF","28","22","194.0","56","1","1","1","0","0","0","0","0","","","","","",".983","","24617","680776"
"Jarren Duran","BOS","LF","139","129","1149.0","232","9","6","5","1","0","0","0","0","","","","","",".976","","24617","680776"
"Jarren Duran","BOS","RF","2","0","3.0","1","0","0","0","0","0","0","0","0","","","","","","1.000","","24617","680776"
"Ryan Jeffers","MIN","C","88","80","699.2","678","32","5","0","5","0","2","0","1","","57","13","4","27",".993","","24618","680777"
"Willie MacIver","TEX","C","31","29","249.0","255","10","3","2","0","0","1","0","1","","15","3","2","7",".989","","24641","680862"
"Willie MacIver","TEX","P","2","0","2.0","0","0","0","0","0","0","0","0","0","","0","","","",".000","","24641","680862"
"Brendan Donovan","STL","2B","100","91","809.0","136","266","4","2","2","40","17","25","5","","","","","",".990","","24679","680977"
"Brendan Donovan","STL","LF","18","18","152.0","33","2","0","0","0","0","1","0","0","","","","","","1.000","","24679","680977"
"Brendan Donovan","STL","SS","6","5","41.0","8","16","0","0","0","3","3","0","0","","","","","","1.000","","24679","680977"
"Luis Curvelo","TEX","P","17","0","19.0","0","3","0","0","0","0","0","0","0","","1","","","","1.000","","24710","681168"
"Randy Vasquez","SDP","P","28","26","133.2","8","12","1","1","0","1","1","0","0","","10","","","",".952","","24719","681190"
"Mike Burrows","HOU","P","23","19","96.0","10","3","2","1","1","1","0","0","1","","8","","","",".867","","24728","681347"
"Logan O'Hoppe","LAA","C","99","99","869.0","757","28","5","1","3","1","3","0","2","","64","16","5","44",".994","","24729","681351"
"Kyle Leahy","STL","P","62","1","88.0","6","9","1","0","1","0","0","0","0","","2","","","",".938","","24763","681517"
"James Outman","MIN","CF","37","21","200.2","51","0","1","0","1","0","0","0","0","","","","","",".981","","24770","681546"
"James Outman","MIN","LF","12","12","92.0","21","0","0","0","0","0","0","0","0","","","","","","1.000","","24770","681546"
"James Outman","MIN","RF","15","4","62.0","15","0","0","0","0","0","0","0","0","","","","","","1.000","","24770","681546"
"Andy Pages","LAD","CF","121","117","973.0","263","7","8","5","3","0","3","0","0","","","","","",".971","","24816","681624"
"Andy Pages","LAD","LF","27","16","153.0","32","2","3","1","1","0","1","0","0","","","","","",".919","","24816","681624"
"Andy Pages","LAD","RF","51","22","243.0","59","1","0","0","0","0","1","0","0","","","","","","1.000","","24816","681624"
"Ryan Fernandez","STL","P","32","0","30.1","2","2","2","0","2","1","1","0","0","","2","","","",".667","","24862","681676"
"Heriberto Hernandez","MIA","LF","38","33","266.0","57","0","2","2","0","0","0","0","0","","","","","",".966","","24878","681715"
"Heriberto Hernandez","MIA","RF","13","9","80.0","24","0","1","1","0","0","0","0","0","","","","","",".960","","24878","681715"
"Lazaro Estrada","TOR","P","2","0","7.1","0","1","0","0","0","0","0","0","0","","0","","","","1.000","","24914","681751"
"Ethan Roberts","CHC","P","10","0","9.0","1","0","0","0","0","0","0","0","0","","0","","","","1.000","","24930","681799"
"Austin Warren","NYM","P","5","0","9.1","1","0","0","0","0","0","0","0","0","","0","","","","1.000","","24937","681810"
"Reese Olson","DET","P","13","13","68.2","3","2","0","0","0","0","0","0","0","","4","","","","1.000","","24968","681857"
"Cooper Criswell","NYM","P","7","1","17.2","0","1","1","0","1","0","0","0","0","","1","","","",".500","","24975","681867"
"Erik Sabrowski","CLE","P","33","0","29.1","0","1","0","0","0","0","0","0","0","","5","","","","1.000","","24978","681870"
"Colin Selby","BAL","P","11","0","14.0","4","3","0","0","0","0","0","0","0","","1","","","","1.000","","24986","681882"
"Kody Funderburk","MIN","P","39","0","41.0","1","8","0","0","0","0","0","0","0","","3","","","","1.000","","24993","681892"
"Evan Sisk","PIT","P","19","0","17.2","2","4","0","0","0","0","0","0","0","","4","","","","1.000","","24995","681895"
"Justin Dean","CHC","CF","17","0","23.2","7","0","0","0","0","0","0","0","0","","","","","","1.000","","25005","681909"
"Alex Vesia","LAD","P","68","0","59.2","2","5","0","0","0","0","0","0","0","","4","","","","1.000","","25007","681911"
"Nate Eaton","BOS","3B","12","10","73.0","3","15","0","0","0","2","2","0","0","","","","","","1.000","","25055","681987"
"Nate Eaton","BOS","CF","5","4","30.0","12","0","0","0","0","0","0","0","0","","","","","","1.000","","25055","681987"
"Nate Eaton","BOS","LF","4","1","13.0","4","0","0","0","0","0","0","0","0","","","","","","1.000","","25055","681987"
"Nate Eaton","BOS","P","1","0","1.0","0","0","0","0","0","0","0","0","0","","0","","","",".000","","25055","681987"
"Nate Eaton","BOS","RF","16","9","91.0","10","1","0","0","0","0","1","0","0","","","","","","1.000","","25055","681987"
"Jacob Lopez","ATH","P","21","17","92.2","3","5","2","1","1","0","0","0","0","","8","","","",".800","","25098","682052"
"Tim Herrin","CLE","P","54","0","42.2","1","4","0","0","0","0","1","0","0","","6","","","","1.000","","25139","682120"
"Jayvien Sandridge","NYY","P","1","0","0.2","0","0","0","0","0","0","0","0","0","","0","","","",".000","","25158","682144"
"Daniel Schneemann","CLE","2B","74","58","514.2","88","136","2","0","2","35","10","25","2","","","","","",".991","","25180","682177"
"Daniel Schneemann","CLE","3B","27","14","141.1","8","22","0","0","0","0","0","0","0","","","","","","1.000","","25180","682177"
"Daniel Schneemann","CLE","CF","24","19","134.1","44","2","0","0","0","0","0","0","0","","","","","","1.000","","25180","682177"
"Daniel Schneemann","CLE","LF","5","3","30.0","7","0","0","0","0","0","0","0","0","","","","","","1.000","","25180","682177"
"Daniel Schneemann","CLE","RF","15","6","59.0","16","0","0","0","0","0","0","0","0","","","","","","1.000","","25180","682177"
"Daniel Schneemann","CLE","SS","11","4","54.0","4","13","0","0","0","1","1","0","0","","","","","","1.000","","25180","682177"
"Yaramil Hiraldo","BAL","P","18","0","19.2","1","1","1","1","0","0","0","0","0","","2","","","",".667","","25215","682274"
"Roddery Munoz","HOU","P","9","0","11.0","0","1","0","0","0","0","0","0","0","","2","","","","1.000","","25311","682610"
"Abner Uribe","MIL","P","75","0","75.1","8","7","1","0","1","1","1","0","0","","0","","","",".938","","25327","682842"
"Endy Rodriguez","PIT","1B","11","9","76.1","71","5","2","1","0","8","2","0","8","0","","","","",".974","","25332","682848"
"Endy Rodriguez","PIT","C","9","8","58.1","51","2","2","0","2","0","0","0","0","","8","2","0","6",".964","","25332","682848"
"Nick Mears","KCR","P","63","0","56.2","2","5","0","0","0","0","0","0","0","","2","","","","1.000","","25376","683232"
"Brady Singer","CIN","P","32","32","169.2","7","18","0","0","0","1","1","0","0","","14","","","","1.000","","25377","663903"
"Drew Rasmussen","TBR","P","31","31","150.0","7","12","0","0","0","1","1","0","0","","19","","","","1.000","","25385","656876"
"Ryan Zeferjahn","LAA","P","62","1","57.0","5","6","0","0","0","0","0","0","0","","7","","","","1.000","","25420","666171"
"Gavin Hollowell","CHC","P","7","0","9.1","0","1","0","0","0","0","0","0","0","","2","","","","1.000","","25427","668970"
"George Kirby","SEA","P","23","23","126.0","12","7","0","0","0","0","0","0","0","","9","","","","1.000","","25436","669923"
"Isaac Collins","KCR","2B","1","1","2.0","1","1","0","0","0","1","0","1","0","","","","","","1.000","","25477","686555"
"Isaac Collins","KCR","3B","2","0","1.1","1","0","0","0","0","0","0","0","0","","","","","","1.000","","25477","686555"
"Isaac Collins","KCR","LF","108","91","819.1","161","2","5","3","2","0","0","0","0","","","","","",".970","","25477","686555"
"Isaac Collins","KCR","RF","8","6","57.1","11","0","0","0","0","0","0","0","0","","","","","","1.000","","25477","686555"
"Brenton Doyle","COL","CF","131","125","1090.2","375","6","2","2","0","0","2","0","0","","","","","",".995","","25479","686668"
"Nick Sogard","BOS","1B","12","11","94.1","83","4","1","0","1","9","1","0","8","5","","","","",".989","","25483","686765"
"Nick Sogard","BOS","2B","8","8","65.0","12","11","0","0","0","3","2","1","0","","","","","","1.000","","25483","686765"
"Nick Sogard","BOS","3B","9","3","39.0","3","7","0","0","0","1","1","0","0","","","","","","1.000","","25483","686765"
"Nick Sogard","BOS","RF","3","2","17.0","3","0","0","0","0","0","0","0","0","","","","","","1.000","","25483","686765"
"Nick Sogard","BOS","SS","2","0","5.0","0","0","0","0","0","0","0","0","0","","","","","",".000","","25483","686765"
"Joey Ortiz","MIL","SS","149","140","1217.2","166","325","9","4","5","65","36","28","3","","","","","",".982","","25493","687401"
"Paxton Schultz","WSN","P","13","2","24.2","0","1","0","0","0","0","0","0","0","","0","","","","1.000","","25501","687606"
"Korey Lee","CHW","C","16","10","86.0","81","0","0","0","0","0","0","0","0","","6","1","0","1","1.000","","25543","686676"
"Korey Lee","CHW","LF","1","0","2.0","2","0","1","1","0","0","0","0","0","","","","","",".667","","25543","686676"
"Korey Lee","CHW","P","2","0","3.0","2","0","0","0","0","0","0","0","0","","0","","","","1.000","","25543","686676"
"Matt Waldron","SDP","P","1","1","4.2","0","1","0","0","0","0","0","0","0","","2","","","","1.000","","25550","663362"
"Brady Basso","ATH","P","11","1","11.2","0","1","0","0","0","0","0","0","0","","0","","","","1.000","","25582","669620"
"Sammy Peralta","MIL","P","5","0","10.2","1","0","0","0","0","0","0","0","0","","3","","","","1.000","","25589","671111"
"Luis Mey","CIN","P","23","0","21.0","2","1","0","0","0","0","0","0","0","","0","","","","1.000","","25620","682825"
"Bryan Ramos","CHW","3B","4","3","28.0","3","5","0","0","0","1","1","0","1","","","","","","1.000","","25621","682868"
"Cody Freeman","TEX","2B","24","20","171.0","35","34","2","0","2","8","7","2","0","","","","","",".972","","25629","683227"
"Cody Freeman","TEX","3B","6","4","36.0","3","3","0","0","0","0","0","0","0","","","","","","1.000","","25629","683227"
"Cody Freeman","TEX","LF","3","1","12.2","2","0","0","0","0","0","0","0","0","","","","","","1.000","","25629","683227"
"Cody Freeman","TEX","RF","6","3","22.0","7","0","0","0","0","0","0","0","0","","","","","","1.000","","25629","683227"
"Hunter Gaddis","CLE","P","73","0","66.2","6","3","1","0","1","1","0","0","1","","6","","","",".900","","25636","683769"
"Drew Millas","WSN","C","16","15","123.1","109","6","4","1","3","0","1","0","0","","6","2","0","10",".966","","25643","686452"
"Justin Slaten","BOS","P","36","0","34.0","3","1","0","0","0","0","0","0","0","","2","","","","1.000","","25648","686580"
"Ty Adcock","SDP","P","3","0","3.0","0","0","0","0","0","0","0","0","0","","0","","","",".000","","25651","686654"
"Kevin Kelly","TBR","P","41","0","39.2","1","4","0","0","0","1","0","0","1","","4","","","","1.000","","25679","687330"
"Grant McCray","SFG","CF","1","0","2.0","1","0","0","0","0","0","0","0","0","","","","","","1.000","","25690","687529"
"Grant McCray","SFG","LF","10","0","13.0","1","0","0","0","0","0","0","0","0","","","","","","1.000","","25690","687529"
"Grant McCray","SFG","RF","12","6","58.1","9","1","2","0","2","0","1","0","0","","","","","",".833","","25690","687529"
"Zak Kent","TEX","P","12","0","17.2","1","0","0","0","0","0","0","0","0","","1","","","","1.000","","25703","687849"
"Blaine Crim","COL","1B","17","17","142.0","107","9","0","0","0","12","2","0","10","2","","","","","1.000","","25714","688760"
"Matt Brash","SEA","P","53","0","47.1","4","5","0","0","0","0","0","0","0","","4","","","","1.000","","25756","666374"
"Bobby Witt Jr.","KCR","SS","154","153","1340.0","186","382","10","6","4","71","43","29","2","","","","","",".983","","25764","677951"
"CJ Abrams","WSN","SS","142","141","1224.1","205","352","22","4","18","67","34","32","8","","","","","",".962","","25768","682928"
"Tyler Tolbert","KCR","2B","5","1","11.0","2","4","0","0","0","1","1","0","0","","","","","","1.000","","25779","686475"
"Tyler Tolbert","KCR","3B","3","1","10.0","1","1","1","0","1","1","1","0","0","","","","","",".667","","25779","686475"
"Tyler Tolbert","KCR","CF","28","9","100.0","25","1","0","0","0","0","0","0","0","","","","","","1.000","","25779","686475"
"Tyler Tolbert","KCR","LF","13","1","30.0","9","0","0","0","0","0","0","0","0","","","","","","1.000","","25779","686475"
"Tyler Tolbert","KCR","RF","5","0","10.0","3","0","0","0","0","0","0","0","0","","","","","","1.000","","25779","686475"
"Tyler Tolbert","KCR","SS","5","0","8.0","1","2","0","0","0","0","0","0","0","","","","","","1.000","","25779","686475"
"Pedro Pages","STL","1B","2","0","3.0","3","0","0","0","0","1","0","0","1","0","","","","","1.000","","25782","686780"
"Pedro Pages","STL","2B","1","0","4.0","0","2","0","0","0","0","0","0","0","","","","","","1.000","","25782","686780"
"Pedro Pages","STL","C","110","102","901.2","769","49","5","3","2","1","4","1","1","","62","24","8","35",".994","","25782","686780"
"Jared Triolo","PIT","1B","24","12","116.0","111","6","0","0","0","5","1","0","5","1","","","","","1.000","","25807","669707"
"Jared Triolo","PIT","2B","11","10","80.0","21","30","0","0","0","10","4","6","1","","","","","","1.000","","25807","669707"
"Jared Triolo","PIT","3B","32","30","260.1","24","46","2","2","0","6","6","0","0","","","","","",".972","","25807","669707"
"Jared Triolo","PIT","P","1","0","1.0","1","0","0","0","0","0","0","0","0","","0","","","","1.000","","25807","669707"
"Jared Triolo","PIT","SS","47","44","388.2","68","109","6","4","2","26","10","16","2","","","","","",".967","","25807","669707"
"Shea Langeliers","ATH","C","108","104","928.0","890","40","8","0","6","1","2","1","0","","97","18","9","17",".991","","25816","669127"
"Ryan Kreidler","MIN","CF","17","14","117.1","34","0","0","0","0","0","0","0","0","","","","","","1.000","","25867","668952"
"Corbin Carroll","ARI","CF","4","4","29.0","10","0","0","0","0","0","0","0","0","","","","","","1.000","","25878","682998"
"Corbin Carroll","ARI","RF","137","132","1189.1","293","9","1","0","1","0","3","0","0","","","","","",".997","","25878","682998"
"Hunter Brown","HOU","P","31","31","185.1","12","16","0","0","0","1","1","0","0","","20","","","","1.000","","25880","686613"
"Bryan King","HOU","P","68","0","68.0","1","6","1","1","0","0","0","0","0","","1","","","",".875","","25890","687911"
"Yennier Cano","BAL","P","65","0","58.0","4","17","1","0","1","1","1","0","0","","12","","","",".955","","25911","666974"
"Casey Legumina","SEA","P","48","1","49.2","0","2","0","0","0","0","0","0","0","","1","","","","1.000","","25921","668984"
"Michael Harris II","ATL","CF","160","157","1397.0","402","1","1","0","1","0","0","0","0","","","","","",".998","","25931","671739"
"Josh Simpson","MIA","P","31","0","30.2","1","2","0","0","0","0","0","0","0","","1","","","","1.000","","25957","681006"
"Kerry Carpenter","DET","LF","24","23","188.0","44","0","0","0","0","0","0","0","0","","","","","","1.000","","25961","681481"
"Kerry Carpenter","DET","RF","55","49","413.2","92","2","3","3","0","0","0","0","0","","","","","",".969","","25961","681481"
"Kevin Alcantara","CHC","CF","4","3","26.0","5","1","0","0","0","0","1","0","0","","","","","","1.000","","25971","682634"
"Kevin Alcantara","CHC","LF","2","0","7.0","0","0","0","0","0","0","0","0","0","","","","","",".000","","25971","682634"
"Kevin Alcantara","CHC","RF","1","0","4.0","2","0","0","0","0","0","0","0","0","","","","","","1.000","","25971","682634"
"Riley Greene","DET","CF","16","13","108.0","26","0","0","0","0","0","0","0","0","","","","","","1.000","","25976","682985"
"Riley Greene","DET","LF","124","117","1030.1","259","2","2","2","0","0","0","0","0","","","","","",".992","","25976","682985"
"Riley Greene","DET","RF","1","1","8.0","1","0","0","0","0","0","0","0","0","","","","","","1.000","","25976","682985"
"Quinn Priester","MIL","P","29","24","157.1","11","17","1","0","1","2","2","0","0","","7","","","",".966","","25977","682990"
"Nasim Nunez","WSN","2B","13","10","89.0","17","27","0","0","0","5","3","2","1","","","","","","1.000","","25979","683083"
"Nasim Nunez","WSN","CF","2","0","7.0","4","0","0","0","0","0","0","0","0","","","","","","1.000","","25979","683083"
"Nasim Nunez","WSN","SS","19","14","128.0","25","33","0","0","0","7","4","3","0","","","","","","1.000","","25979","683083"
"Matthew Lugo","LAA","CF","12","7","69.0","17","0","1","1","0","0","0","0","0","","","","","",".944","","25980","683090"
"Matthew Lugo","LAA","LF","7","4","39.0","7","1","0","0","0","0","0","0","0","","","","","","1.000","","25980","683090"
"Matthew Lugo","LAA","RF","9","3","39.2","3","0","1","1","0","0","0","0","0","","","","","",".750","","25980","683090"
"Victor Mesa Jr.","MIA","CF","4","2","22.1","6","0","0","0","0","0","0","0","0","","","","","","1.000","","25999","683748"
"Victor Mesa Jr.","MIA","LF","6","2","28.0","8","0","0","0","0","0","0","0","0","","","","","","1.000","","25999","683748"
"Victor Mesa Jr.","MIA","RF","6","5","42.0","11","0","0","0","0","0","0","0","0","","","","","","1.000","","25999","683748"
"Seth Johnson","PHI","P","10","0","12.2","1","0","1","1","0","0","0","0","0","","1","","","",".500","","26020","686751"
"Sawyer Gipson-Long","DET","P","8","3","31.1","3","2","1","0","1","0","0","0","0","","6","","","",".833","","26048","687830"
"Brandon Walter","HOU","P","9","9","53.2","3","5","0","0","0","0","0","0","0","","3","","","","1.000","","26056","687888"
"Beau Brieske","DET","P","22","1","22.0","0","5","0","0","0","0","0","0","0","","3","","","","1.000","","26079","689225"
"Andre Pallante","STL","P","31","31","162.2","21","20","4","0","4","0","0","0","0","","18","","","",".911","","26108","669467"
"Blas Castano","SEA","P","1","0","3.0","0","0","0","0","0","0","0","0","0","","1","","","",".000","","26117","680604"
"Francisco Alvarez","NYM","C","74","67","596.0","557","28","7","2","4","0","1","0","1","","41","14","7","26",".988","","26121","682626"
"Brett Baty","NYM","2B","57","46","373.0","83","96","2","1","1","21","8","13","4","","","","","",".989","","26123","683146"
"Brett Baty","NYM","3B","87","60","573.0","48","136","6","1","5","13","14","1","1","","","","","",".968","","26123","683146"
"Troy Johnston","COL","1B","16","14","108.0","97","8","0","0","0","6","2","0","7","0","","","","","1.000","","26143","687859"
"Troy Johnston","COL","LF","11","8","66.0","14","0","1","1","0","0","0","0","0","","","","","",".933","","26143","687859"
"Troy Johnston","COL","RF","13","11","72.0","13","0","0","0","0","0","0","0","0","","","","","","1.000","","26143","687859"
"Kyle Stowers","MIA","CF","11","7","57.0","19","0","0","0","0","0","0","0","0","","","","","","1.000","","26151","669065"
"Kyle Stowers","MIA","LF","76","60","541.2","145","5","1","1","0","0","0","0","0","","","","","",".993","","26151","669065"
"Kyle Stowers","MIA","RF","42","29","258.1","55","1","0","0","0","0","0","0","0","","","","","","1.000","","26151","669065"
"Kade Strowd","BAL","P","25","0","26.1","3","0","1","0","1","1","0","0","1","","1","","","",".750","","26191","669704"
"Andrew Vaughn","MIL","1B","95","89","768.0","602","39","4","2","2","58","4","1","60","11","","","","",".994","","26197","683734"
"Jake Mangum","PIT","CF","41","30","278.2","78","1","0","0","0","0","0","0","0","","","","","","1.000","","26202","663968"
"Jake Mangum","PIT","LF","63","46","433.0","91","2","0","0","0","0","0","0","0","","","","","","1.000","","26202","663968"
"Jake Mangum","PIT","RF","32","26","221.2","56","3","0","0","0","0","0","0","0","","","","","","1.000","","26202","663968"
"Andrew Saalfrank","ARI","P","28","0","29.0","0","0","0","0","0","0","0","0","0","","5","","","",".000","","26203","685314"
"Tyler Fitzgerald","SFG","2B","69","63","561.2","104","166","4","2","2","30","17","14","4","","","","","",".985","","26208","666149"
"Tyler Fitzgerald","SFG","RF","3","3","21.0","7","0","0","0","0","0","0","0","0","","","","","","1.000","","26208","666149"
"Chris Murphy","CHW","P","23","0","34.2","5","5","0","0","0","1","1","0","0","","2","","","","1.000","","26214","669684"
"Jackson Rutledge","WSN","P","63","0","73.1","1","8","0","0","0","0","0","0","0","","5","","","","1.000","","26215","671131"
"Ryan Pepiot","TBR","P","31","31","167.2","3","17","0","0","0","0","0","0","0","","16","","","","1.000","","26221","686752"
"Darell Hernaiz","ATH","2B","14","11","97.2","17","23","1","1","0","5","1","4","0","","","","","",".976","","26224","687231"
"Darell Hernaiz","ATH","3B","20","17","141.2","14","30","2","0","1","5","5","0","0","","","","","",".957","","26224","687231"
"Darell Hernaiz","ATH","SS","23","22","199.1","26","37","1","0","1","6","2","4","0","","","","","",".984","","26224","687231"
"Tyler Holton","DET","P","70","6","78.2","5","8","1","0","1","1","1","0","0","","3","","","",".929","","26231","663947"
"Orlando Ribalta","WSN","P","22","0","24.1","3","4","0","0","0","0","0","0","0","","1","","","","1.000","","26247","687377"
"Erik Miller","SFG","P","36","0","30.0","0","6","0","0","0","0","0","0","0","","1","","","","1.000","","26252","669062"
"Ryne Nelson","ARI","P","33","23","154.0","5","14","0","0","0","0","0","0","0","","1","","","","1.000","","26253","669194"
"Joey Estes","ATH","P","3","2","11.0","0","0","0","0","0","0","0","0","0","","1","","","",".000","","26257","683155"
"Hunter Bigge","TBR","P","13","0","15.0","0","2","1","0","1","0","0","0","0","","1","","","",".667","","26259","685801"
"Drey Jameson","ARI","P","3","0","3.0","0","1","0","0","0","0","0","0","0","","0","","","","1.000","","26260","686753"
"John Rave","KCR","CF","15","7","70.2","26","0","0","0","0","0","0","0","0","","","","","","1.000","","26284","670231"
"John Rave","KCR","LF","32","26","208.0","37","2","1","1","0","0","0","0","0","","","","","",".975","","26284","670231"
"John Rave","KCR","RF","34","15","153.0","41","1","2","2","0","0","1","0","0","","","","","",".955","","26284","670231"
"Adley Rutschman","BAL","C","73","66","573.1","518","27","2","0","2","1","2","1","0","","38","12","1","20",".996","","26288","668939"
"Gunnar Henderson","BAL","SS","145","142","1249.2","206","371","8","4","4","72","36","36","4","","","","","",".986","","26289","683002"
"Bryson Stott","PHI","2B","135","122","1093.0","220","296","3","3","0","53","23","32","5","","","","","",".994","","26294","681082"
"Bryson Stott","PHI","SS","13","10","98.0","17","32","1","1","0","5","3","2","0","","","","","",".980","","26294","681082"
"Josh Jung","TEX","3B","126","122","1086.2","86","221","7","5","2","18","18","0","0","","","","","",".978","","26299","673962"
"Bryan Hoeing","SDP","P","7","0","8.0","1","1","0","0","0","0","0","0","0","","1","","","","1.000","","26304","663773"
"Michael Busch","CHC","1B","151","131","1185.0","998","84","4","4","0","86","5","0","90","16","","","","",".996","","26319","683737"
"Spencer Steer","CIN","1B","122","113","1009.2","791","75","2","2","0","63","7","0","64","8","","","","",".998","","26323","668715"
"Spencer Steer","CIN","LF","11","8","71.0","13","1","0","0","0","0","0","0","0","","","","","","1.000","","26323","668715"
"Spencer Steer","CIN","RF","1","0","2.0","0","0","0","0","0","0","0","0","0","","","","","",".000","","26323","668715"
"Marc Church","TEX","P","5","0","4.2","0","0","0","0","0","0","0","0","0","","1","","","",".000","","26353","687847"
"Jonny DeLuca","TBR","CF","19","16","140.0","40","1","0","0","0","0","0","0","0","","","","","","1.000","","26365","676356"
"JJ Bleday","CIN","CF","55","49","443.2","146","3","3","2","1","0","1","0","0","","","","","",".980","","26368","668709"
"JJ Bleday","CIN","LF","12","10","95.0","20","0","0","0","0","0","0","0","0","","","","","","1.000","","26368","668709"
"JJ Bleday","CIN","RF","23","19","176.0","40","0","1","1","0","0","0","0","0","","","","","",".976","","26368","668709"
"Kameron Misner","KCR","CF","51","42","364.2","108","0","3","2","1","0","0","0","0","","","","","",".973","","26374","670224"
"Kameron Misner","KCR","LF","5","3","29.0","2","0","0","0","0","0","0","0","0","","","","","","1.000","","26374","670224"
"Kameron Misner","KCR","RF","15","12","110.0","35","2","0","0","0","0","1","0","0","","","","","","1.000","","26374","670224"
"Nick Lodolo","CIN","P","29","28","156.2","6","14","2","1","1","0","0","0","0","","14","","","",".909","","26378","666157"
"Josh Smith","TEX","1B","27","23","216.2","166","25","1","1","0","25","1","0","26","1","","","","",".995","","26396","669701"
"Josh Smith","TEX","2B","4","3","22.0","2","7","0","0","0","2","0","2","0","","","","","","1.000","","26396","669701"
"Josh Smith","TEX","3B","32","28","246.1","22","43","1","0","1","5","6","0","0","","","","","",".985","","26396","669701"
"Josh Smith","TEX","CF","2","2","13.0","3","0","0","0","0","0","0","0","0","","","","","","1.000","","26396","669701"
"Josh Smith","TEX","LF","8","8","65.0","16","0","0","0","0","0","0","0","0","","","","","","1.000","","26396","669701"
"Josh Smith","TEX","RF","7","6","48.0","10","1","0","0","0","0","0","0","0","","","","","","1.000","","26396","669701"
"Josh Smith","TEX","SS","60","46","422.1","48","99","4","2","2","17","9","6","3","","","","","",".974","","26396","669701"
"Porter Hodge","CHC","P","36","0","33.0","3","2","0","0","0","1","1","0","0","","1","","","","1.000","","26413","687863"
"Kyren Paris","LAA","2B","19","17","154.0","23","60","0","0","0","15","6","9","1","","","","","","1.000","","26420","677347"
"Kyren Paris","LAA","CF","23","21","185.0","54","1","0","0","0","0","0","0","0","","","","","","1.000","","26420","677347"
"Kyren Paris","LAA","LF","1","0","2.0","0","0","0","0","0","0","0","0","0","","","","","",".000","","26420","677347"
"Cody Laweryson","LAA","P","5","0","7.2","1","0","0","0","0","0","0","0","0","","0","","","","1.000","","26429","689520"
"Dominic Canzone","SEA","RF","70","63","539.1","111","4","1","1","0","0","1","0","0","","","","","",".991","","26438","686527"
"Ryan Gusto","MIA","P","27","17","101.2","2","2","0","0","0","0","0","0","0","","8","","","","1.000","","26440","687473"
"Sam Aldegheri","LAA","P","4","2","13.2","2","1","0","0","0","0","0","0","0","","2","","","","1.000","","26443","691951"
"Trevor McDonald","SFG","P","3","2","15.0","0","2","0","0","0","0","0","0","0","","0","","","","1.000","","26448","686790"
"Alex Carrillo","NYM","P","3","0","4.2","0","0","0","0","0","0","0","0","0","","0","","","",".000","","26463","692024"
"Matt Wallner","MIN","RF","85","81","654.1","144","3","3","0","3","0","0","0","0","","","","","",".980","","26466","670242"
"Luis Matos","SFG","CF","8","8","66.0","18","0","0","0","0","0","0","0","0","","","","","","1.000","","26467","682641"
"Luis Matos","SFG","LF","10","8","72.0","15","0","2","0","2","0","0","0","0","","","","","",".882","","26467","682641"
"Luis Matos","SFG","RF","33","30","256.0","49","0","2","2","0","0","0","0","0","","","","","",".961","","26467","682641"
"Spencer Horwitz","PIT","1B","102","93","828.2","659","53","4","4","0","46","4","0","48","12","","","","",".994","","26477","687462"
"Spencer Horwitz","PIT","2B","1","1","6.0","0","0","0","0","0","0","0","0","0","","","","","",".000","","26477","687462"
"Jayden Murray","HOU","P","9","1","11.2","0","2","0","0","0","0","0","0","0","","0","","","","1.000","","26482","681151"
"Noelvi Marte","CIN","3B","38","34","287.1","27","46","5","2","3","4","4","0","0","","","","","",".936","","26517","682622"
"Noelvi Marte","CIN","CF","2","1","8.0","2","0","0","0","0","0","0","0","0","","","","","","1.000","","26517","682622"
"Noelvi Marte","CIN","RF","54","48","437.1","93","3","0","0","0","0","1","0","0","","","","","","1.000","","26517","682622"
"Angel Martinez","CLE","2B","37","25","230.2","46","56","5","1","4","13","4","9","2","","","","","",".953","","26540","682657"
"Angel Martinez","CLE","CF","114","87","813.0","225","4","5","2","3","0","0","0","0","","","","","",".979","","26540","682657"
"Angel Martinez","CLE","LF","1","0","2.0","0","0","0","0","0","0","0","0","0","","","","","",".000","","26540","682657"
"Angel Martinez","CLE","RF","3","1","12.0","1","0","0","0","0","0","0","0","0","","","","","","1.000","","26540","682657"
"Agustin Ramirez","MIA","C","73","71","605.2","566","19","10","4","5","0","2","1","0","","83","8","19","36",".983","","26546","682663"
"Luisangel Acuna","NYM","2B","81","41","434.1","70","120","2","0","2","26","7","19","0","","","","","",".990","","26548","682668"
"Luisangel Acuna","NYM","3B","6","1","11.0","1","2","0","0","0","0","0","0","0","","","","","","1.000","","26548","682668"
"Luisangel Acuna","NYM","CF","2","0","3.0","1","0","0","0","0","0","0","0","0","","","","","","1.000","","26548","682668"
"Luisangel Acuna","NYM","SS","7","3","36.0","5","10","0","0","0","5","3","2","0","","","","","","1.000","","26548","682668"
"Jonatan Clase","TOR","CF","9","8","66.0","19","0","0","0","0","0","0","0","0","","","","","","1.000","","26599","682729"
"Jonatan Clase","TOR","LF","26","21","182.1","39","1","0","0","0","0","0","0","0","","","","","","1.000","","26599","682729"
"Jonatan Clase","TOR","RF","1","1","6.0","1","0","0","0","0","0","0","0","0","","","","","","1.000","","26599","682729"
"Wikelman Gonzalez","CHW","P","16","0","20.1","0","1","0","0","0","0","0","0","0","","2","","","","1.000","","26641","682790"
"Elly De La Cruz","CIN","SS","158","157","1382.0","217","340","26","11","15","62","49","15","8","","","","","",".955","","26668","682829"
"Angel Chivilli","COL","P","43","0","58.2","3","6","0","0","0","0","0","0","0","","4","","","","1.000","","26790","683409"
"Edgardo Henriquez","LAD","P","22","0","19.0","1","3","2","1","1","0","1","0","0","","1","","","",".667","","26944","683618"
"Juan Burgos","ARI","P","13","0","13.1","1","3","0","0","0","1","1","0","0","","1","","","","1.000","","27271","686228"
"Rolddy Munoz","ATL","P","3","0","3.2","0","0","0","0","0","0","0","0","0","","0","","","",".000","","27407","691548"
"Austin Martin","MIN","2B","4","3","28.0","4","5","1","1","0","1","1","0","0","","","","","",".900","","27462","668885"
"Austin Martin","MIN","CF","11","7","76.0","20","0","0","0","0","0","0","0","0","","","","","","1.000","","27462","668885"
"Austin Martin","MIN","LF","37","28","262.0","62","2","0","0","0","0","0","0","0","","","","","","1.000","","27462","668885"
"Garrett Crochet","BOS","P","32","32","205.1","8","10","0","0","0","0","0","0","0","","13","","","","1.000","","27463","676979"
"Dillon Dingler","DET","C","118","113","1011.2","1023","39","7","1","5","2","4","1","0","","56","26","0","31",".993","","27464","693307"
"Spencer Torkelson","DET","1B","145","144","1272.0","1054","100","5","3","2","101","16","0","100","24","","","","",".996","","27465","679529"
"Tyler Soderstrom","ATH","1B","49","44","394.0","318","18","3","2","1","25","2","0","24","5","","","","",".991","","27467","691016"
"Tyler Soderstrom","ATH","LF","108","100","867.2","231","11","2","2","0","0","2","0","0","","","","","",".992","","27467","691016"
"Reid Detmers","LAA","P","61","0","63.2","2","1","0","0","0","0","0","0","0","","4","","","","1.000","","27468","672282"
"Emerson Hancock","SEA","P","22","16","90.0","5","11","1","0","1","0","0","0","0","","4","","","",".941","","27470","676106"
"Cade Cavalli","WSN","P","10","10","48.2","8","10","0","0","0","0","0","0","0","","5","","","","1.000","","27473","676917"
"Max Meyer","MIA","P","12","12","64.2","6","8","0","0","0","0","1","0","0","","3","","","","1.000","","27474","676974"
"Jordan Walker","STL","RF","108","101","885.1","204","5","4","1","3","0","2","0","0","","","","","",".981","","27475","691023"
"Patrick Bailey","SFG","C","132","114","1029.2","1013","57","7","2","5","2","6","3","0","","61","27","8","27",".994","","27478","672275"
"Masyn Winn","STL","SS","129","127","1107.2","163","335","3","1","2","60","30","32","3","","","","","",".994","","27479","691026"
"Cole Wilcox","SEA","P","1","0","1.0","0","0","0","0","0","0","0","0","0","","1","","","",".000","","27481","677961"
"Robert Hassell III","WSN","CF","48","42","377.0","111","2","1","1","0","0","1","0","0","","","","","",".991","","27482","690987"
"Robert Hassell III","WSN","LF","8","2","28.0","6","0","0","0","0","0","0","0","0","","","","","","1.000","","27482","690987"
"Robert Hassell III","WSN","RF","12","7","68.0","14","0","0","0","0","0","0","0","0","","","","","","1.000","","27482","690987"
"Bobby Miller","LAD","P","2","1","5.0","3","2","0","0","0","0","0","0","0","","0","","","","1.000","","27483","676272"
"Landon Knack","LAD","P","10","7","42.1","2","4","0","0","0","0","0","0","0","","3","","","","1.000","","27487","689017"
"Nick Gonzales","PIT","2B","85","84","730.2","127","177","8","4","4","34","15","20","3","","","","","",".974","","27490","693304"
"Nick Gonzales","PIT","SS","13","12","109.0","6","21","1","0","1","3","3","0","0","","","","","",".964","","27490","693304"
"Rece Hinds","CIN","RF","14","13","107.2","28","1","0","0","0","0","1","0","0","","","","","","1.000","","27493","677956"
"Clayton Beeter","WSN","P","26","0","25.1","0","1","0","0","0","0","0","0","0","","3","","","","1.000","","27494","690925"
"Owen Caissie","MIA","LF","2","1","12.0","3","0","0","0","0","0","0","0","0","","","","","","1.000","","27496","683357"
"Owen Caissie","MIA","RF","6","5","38.1","11","0","0","0","0","0","0","0","0","","","","","","1.000","","27496","683357"
"Tyler Callihan","CIN","2B","1","0","3.0","0","1","0","0","0","0","0","0","0","","","","","","1.000","","27497","682997"
"Tyler Callihan","CIN","LF","3","3","16.2","2","0","0","0","0","0","0","0","0","","","","","","1.000","","27497","682997"
"Spencer Strider","ATL","P","23","23","125.1","9","8","2","0","2","0","0","0","0","","15","","","",".895","","27498","675911"
"Slade Cecconi","CLE","P","23","23","132.0","6","7","2","0","2","1","1","0","0","","3","","","",".867","","27500","677944"
"Justin Foscue","TEX","1B","3","3","23.0","10","2","0","0","0","2","1","0","2","0","","","","","1.000","","27501","679822"
"Nick Yorke","PIT","1B","6","4","32.0","22","5","0","0","0","2","0","0","2","0","","","","","1.000","","27504","694377"
"Nick Yorke","PIT","2B","14","12","112.0","22","41","0","0","0","8","2","6","0","","","","","","1.000","","27504","694377"
"Nick Yorke","PIT","3B","1","0","3.0","1","0","0","0","0","0","0","0","0","","","","","","1.000","","27504","694377"
"Nick Yorke","PIT","RF","4","3","23.0","5","0","0","0","0","0","0","0","0","","","","","","1.000","","27504","694377"
"Ha-seong Kim","ATL","2B","5","5","43.0","12","15","0","0","0","5","2","5","0","","","","","","1.000","","27506","673490"
"Ha-seong Kim","ATL","SS","43","42","361.0","50","81","0","0","0","15","9","6","0","","","","","","1.000","","27506","673490"
"Jared Koenig","MIL","P","72","0","66.0","1","6","1","0","1","0","1","0","0","","1","","","",".875","","27517","657649"
"David Hamilton","BOS","2B","68","42","401.2","68","147","6","4","2","29","13","16","0","","","","","",".973","","27531","666152"
"David Hamilton","BOS","3B","1","0","1.1","0","0","0","0","0","0","0","0","0","","","","","",".000","","27531","666152"
"David Hamilton","BOS","SS","12","7","69.0","10","25","1","0","1","4","1","3","0","","","","","",".972","","27531","666152"
"Edouard Julien","MIN","1B","26","21","175.0","129","10","2","2","0","12","2","0","10","0","","","","",".986","","27534","666397"
"Edouard Julien","MIN","2B","25","22","186.0","27","56","2","1","1","8","5","4","4","","","","","",".976","","27534","666397"
"Edouard Julien","MIN","SS","1","0","1.0","0","0","0","0","0","0","0","0","0","","","","","",".000","","27534","666397"
"Graham Ashcraft","CIN","P","62","0","65.1","10","9","2","1","1","1","0","0","1","","4","","","",".905","","27552","668933"
"Garrett Mitchell","MIL","CF","25","21","179.2","68","1","0","0","0","0","1","0","0","","","","","","1.000","","27555","669003"
"Austin Wells","NYY","C","122","112","1001.0","1001","36","3","1","1","1","4","1","0","","65","22","5","35",".997","","27562","669224"
"Cole Henry","WSN","P","57","0","52.2","0","1","1","0","1","0","0","0","0","","10","","","",".500","","27570","669371"
"Carmen Mlodzinski","PIT","P","34","12","99.0","6","9","0","0","0","0","0","0","0","","2","","","","1.000","","27572","669387"
"Casey Schmitt","SFG","1B","18","12","120.0","106","13","1","0","0","11","1","0","12","5","","","","",".992","","27577","669477"
"Casey Schmitt","SFG","2B","53","49","431.0","84","125","4","3","1","26","11","19","0","","","","","",".981","","27577","669477"
"Casey Schmitt","SFG","3B","26","23","201.1","18","37","5","2","3","2","2","0","0","","","","","",".917","","27577","669477"
"Casey Schmitt","SFG","SS","1","1","9.0","1","1","0","0","0","0","0","0","0","","","","","","1.000","","27577","669477"
"Hayden Wesneski","HOU","P","6","6","32.0","1","2","0","0","0","0","0","0","0","","2","","","","1.000","","27581","669713"
"Garrett Acton","COL","P","1","0","1.0","0","0","0","0","0","0","0","0","0","","0","","","",".000","","27583","670183"
"Logan Allen","CLE","P","30","29","156.2","6","8","3","0","3","0","0","0","0","","8","","","",".824","","27589","671106"
"Jake Eder","WSN","P","8","0","18.1","0","1","0","0","0","1","1","0","0","","0","","","","1.000","","27590","671109"
"Alec Burleson","STL","1B","50","38","356.0","354","25","4","3","1","27","0","0","27","4","","","","",".990","","27615","676475"
"Alec Burleson","STL","LF","41","40","327.0","66","1","0","0","0","0","0","0","0","","","","","","1.000","","27615","676475"
"Alec Burleson","STL","P","1","0","1.0","0","0","0","0","0","0","0","0","0","","0","","","",".000","","27615","676475"
"Alec Burleson","STL","RF","34","32","261.0","56","1","1","0","1","0","1","0","0","","","","","",".983","","27615","676475"
"Eric Orze","MIN","P","33","0","41.2","2","4","0","0","0","0","0","0","0","","7","","","","1.000","","27626","679358"
"Nick Loftin","KCR","1B","5","0","15.2","17","2","0","0","0","1","0","0","1","0","","","","","1.000","","27630","679845"
"Nick Loftin","KCR","2B","16","9","91.1","15","22","0","0","0","5","1","4","0","","","","","","1.000","","27630","679845"
"Nick Loftin","KCR","3B","14","10","87.0","13","24","1","1","0","4","4","0","0","","","","","",".974","","27630","679845"
"Nick Loftin","KCR","LF","38","23","208.0","34","0","0","0","0","0","0","0","0","","","","","","1.000","","27630","679845"
"Mitchell Parker","WSN","P","33","30","164.2","1","9","2","1","1","0","0","0","0","","2","","","",".833","","27636","680730"
"Anthony Volpe","NYY","SS","153","147","1303.2","171","326","19","6","13","58","34","22","4","","","","","",".963","","27647","683011"
"Connor Phillips","CIN","P","21","0","25.0","2","0","1","0","1","0","0","0","0","","2","","","",".667","","27649","683175"
"Christian Koss","SFG","2B","47","39","339.0","56","118","3","3","0","19","6","13","0","","","","","",".983","","27653","683766"
"Christian Koss","SFG","3B","13","7","70.0","5","14","2","1","1","2","2","0","1","","","","","",".905","","27653","683766"
"Christian Koss","SFG","P","4","0","4.0","0","0","0","0","0","0","0","0","0","","0","","","",".000","","27653","683766"
"Christian Koss","SFG","SS","7","3","32.0","7","13","2","1","1","4","2","2","0","","","","","",".909","","27653","683766"
"Brandon Eisert","CHW","P","72","3","69.2","2","13","0","0","0","2","2","0","1","","9","","","","1.000","","27668","685126"
"Tanner Gordon","COL","P","15","15","75.1","5","6","1","0","1","0","0","0","0","","5","","","",".917","","27669","685299"
"Vinnie Pasquantino","KCR","1B","126","126","1084.1","965","63","4","2","2","100","10","0","100","15","","","","",".996","","27676","686469"
"Michael Massey","KCR","2B","60","57","495.0","95","152","1","1","0","43","17","26","2","","","","","",".996","","27684","686681"
"Michael Massey","KCR","LF","14","9","85.0","24","1","1","1","0","0","0","0","0","","","","","",".962","","27684","686681"
"Jack Kochanowicz","LAA","P","23","23","111.0","4","11","3","1","2","1","0","0","1","","4","","","",".833","","27688","686799"
"Joey Wiemer","WSN","LF","1","1","8.0","3","0","0","0","0","0","0","0","0","","","","","","1.000","","27690","686894"
"Joey Wiemer","WSN","RF","22","15","141.0","35","1","0","0","0","0","0","0","0","","","","","","1.000","","27690","686894"
"Louie Varland","TOR","P","74","1","72.2","5","14","1","0","1","2","2","0","0","","6","","","",".950","","27691","686973"
"Justin Sterner","ATH","P","59","1","65.0","2","7","0","0","0","0","0","0","0","","14","","","","1.000","","27694","686993"
"Brent Headrick","NYY","P","17","0","23.0","0","4","0","0","0","0","0","0","0","","0","","","","1.000","","27702","687396"
"Mitch Spence","ATH","P","32","8","84.2","6","4","1","1","0","0","0","0","0","","5","","","",".909","","27707","687765"
"Brett Wisely","TBR","2B","20","14","128.0","24","46","1","1","0","10","3","7","0","","","","","",".986","","27735","689172"
"Brett Wisely","TBR","3B","4","2","21.0","1","5","1","1","0","0","0","0","0","","","","","",".857","","27735","689172"
"Brett Wisely","TBR","SS","1","0","1.0","1","0","0","0","0","0","0","0","0","","","","","","1.000","","27735","689172"
"Bailey Horn","DET","P","10","0","11.1","0","1","0","0","0","0","0","0","0","","0","","","","1.000","","27753","690544"
"Mick Abel","MIN","P","10","8","39.0","3","1","0","0","0","0","0","0","0","","2","","","","1.000","","27756","690953"
"Kyle Harrison","BOS","P","11","6","35.2","2","2","0","0","0","0","0","0","0","","2","","","","1.000","","27758","690986"
"Drew Romo","CHW","C","1","0","2.0","3","0","0","0","0","0","0","0","0","","0","0","0","0","1.000","","27763","691011"
"Yosver Zulueta","SEA","P","7","0","7.1","0","2","0","0","0","0","0","0","0","","2","","","","1.000","","27765","691172"
"Eury Perez","MIA","P","20","20","95.1","3","7","1","0","1","0","0","0","0","","15","","","",".909","","27768","691587"
"Pete Crow-Armstrong","CHC","CF","156","153","1357.0","427","5","2","2","0","0","2","0","0","","","","","",".995","","27769","691718"
"Zac Veen","COL","LF","5","5","40.0","15","0","0","0","0","0","0","0","0","","","","","","1.000","","27770","691728"
"Zac Veen","COL","RF","5","5","45.0","1","0","0","0","0","0","0","0","0","","","","","","1.000","","27770","691728"
"Kyle Nicolas","PIT","P","31","0","38.0","1","2","0","0","0","0","0","0","0","","3","","","","1.000","","27775","693312"
"Bryce Elder","ATL","P","28","28","156.1","15","19","0","0","0","2","2","0","0","","17","","","","1.000","","27779","693821"
"Brandon Pfaadt","ARI","P","33","33","176.2","14","10","4","0","3","0","0","0","0","","13","","","",".857","","27782","694297"
"Will Klein","LAD","P","14","0","15.1","0","3","0","0","0","0","0","0","0","","2","","","","1.000","","27787","694361"
"Shay Whitcomb","HOU","2B","9","3","35.0","8","7","1","1","0","0","1","0","0","","","","","",".938","","27789","694376"
"Shay Whitcomb","HOU","3B","8","2","25.0","3","4","0","0","0","1","1","0","0","","","","","","1.000","","27789","694376"
"Shay Whitcomb","HOU","LF","1","0","2.0","0","0","0","0","0","0","0","0","0","","","","","",".000","","27789","694376"
"Evan Carter","TEX","CF","60","51","460.0","123","2","0","0","0","0","0","0","0","","","","","","1.000","","27790","694497"
"Jordan Westburg","BAL","2B","17","16","142.0","17","36","0","0","0","9","3","6","0","","","","","","1.000","","27815","676059"
"Jordan Westburg","BAL","3B","52","51","439.2","36","81","3","0","3","5","5","0","1","","","","","",".975","","27815","676059"
"Brandon Young","BAL","P","12","12","57.2","6","5","1","0","1","2","0","0","2","","0","","","",".917","","27819","687064"
"Cade Smith","CLE","P","76","0","73.2","6","4","1","0","1","0","0","0","0","","1","","","",".909","","27867","671922"
"Thomas Saggese","STL","2B","35","34","289.0","52","91","4","2","2","23","7","16","1","","","","","",".973","","27883","695336"
"Thomas Saggese","STL","3B","18","12","117.0","4","27","2","0","2","0","0","0","0","","","","","",".939","","27883","695336"
"Thomas Saggese","STL","SS","33","26","240.1","24","58","1","0","1","5","5","1","1","","","","","",".988","","27883","695336"
"J.T. Ginn","ATH","P","23","16","90.1","5","6","0","0","0","1","0","0","1","","10","","","","1.000","","27889","669372"
"Colt Keith","DET","1B","18","17","144.0","131","6","0","0","0","9","1","0","8","2","","","","","1.000","","27899","690993"
"Colt Keith","DET","2B","26","21","184.2","27","54","4","2","2","9","2","7","0","","","","","",".953","","27899","690993"
"Colt Keith","DET","3B","37","32","254.1","18","52","2","2","0","6","6","0","0","","","","","",".972","","27899","690993"
"Daniel Palencia","CHC","P","54","0","52.2","2","0","0","0","0","0","0","0","0","","4","","","","1.000","","27914","694037"
"Alejandro Osuna","TEX","CF","1","1","9.0","2","0","0","0","0","0","0","0","0","","","","","","1.000","","27915","696030"
"Alejandro Osuna","TEX","LF","40","30","280.0","63","2","0","0","0","0","0","0","0","","","","","","1.000","","27915","696030"
"Alejandro Osuna","TEX","RF","17","12","99.0","23","0","0","0","0","0","0","0","0","","","","","","1.000","","27915","696030"
"Petey Halpin","CLE","CF","4","1","14.0","2","0","0","0","0","0","0","0","0","","","","","","1.000","","27931","690984"
"Petey Halpin","CLE","LF","1","0","1.0","0","0","0","0","0","0","0","0","0","","","","","",".000","","27931","690984"
"Ian Seymour","TBR","P","19","5","57.0","2","6","1","1","0","1","0","0","1","","3","","","",".889","","27932","693855"
"Adael Amador","COL","2B","41","36","309.1","46","90","3","1","2","18","11","7","0","","","","","",".978","","27962","691182"
"Maximo Acosta","MIA","2B","6","5","44.0","9","8","2","1","1","2","1","1","0","","","","","",".895","","27963","691185"
"Maximo Acosta","MIA","3B","11","9","77.1","5","10","0","0","0","1","1","0","0","","","","","","1.000","","27963","691185"
"Maximo Acosta","MIA","SS","6","4","39.0","7","10","0","0","0","4","2","2","0","","","","","","1.000","","27963","691185"
"Andry Lara","WSN","P","9","0","14.1","1","3","0","0","0","0","0","0","0","","1","","","","1.000","","27967","691251"
"Cristian Mena","ARI","P","3","0","6.2","0","1","0","0","0","0","0","0","0","","0","","","","1.000","","27974","691441"
"Jose Corniell","TEX","P","1","0","1.2","0","1","0","0","0","0","0","0","0","","1","","","","1.000","","27984","692030"
"Edgar Quero","CHW","C","72","66","579.0","545","21","2","1","1","0","2","0","0","","69","13","0","20",".996","","28022","700337"
"Luke Little","CHC","P","2","0","2.2","0","0","1","0","1","0","0","0","0","","0","","","",".000","","28036","681432"
"Jasson Dominguez","NYY","LF","100","94","793.0","181","2","2","1","1","0","0","0","0","","","","","",".989","","28080","691176"
"Jhostynxon Garcia","PIT","LF","2","1","10.0","1","0","0","0","0","0","0","0","0","","","","","","1.000","","28142","691373"
"Jhostynxon Garcia","PIT","RF","2","2","15.0","2","0","0","0","0","0","0","0","0","","","","","","1.000","","28142","691373"
"Junior Caminero","TBR","1B","1","0","2.0","4","0","0","0","0","0","0","0","0","0","","","","","1.000","","28163","691406"
"Junior Caminero","TBR","3B","148","146","1257.1","82","225","18","14","4","25","25","0","2","","","","","",".945","","28163","691406"
"Javier Sanoja","MIA","1B","1","0","1.0","0","0","0","0","0","0","0","0","0","0","","","","",".000","","28253","691594"
"Javier Sanoja","MIA","2B","34","20","208.2","42","61","0","0","0","13","6","8","1","","","","","","1.000","","28253","691594"
"Javier Sanoja","MIA","3B","41","26","255.2","17","53","2","0","2","6","7","0","0","","","","","",".972","","28253","691594"
"Javier Sanoja","MIA","CF","14","10","79.0","17","2","0","0","0","0","0","0","0","","","","","","1.000","","28253","691594"
"Javier Sanoja","MIA","LF","35","16","156.1","38","1","0","0","0","0","0","0","0","","","","","","1.000","","28253","691594"
"Javier Sanoja","MIA","P","8","0","9.1","2","1","0","0","0","0","0","0","0","","0","","","","1.000","","28253","691594"
"Javier Sanoja","MIA","SS","10","9","75.0","11","21","1","0","1","2","0","2","0","","","","","",".970","","28253","691594"
"Coby Mayo","BAL","1B","70","67","586.1","486","30","1","0","1","48","3","0","48","7","","","","",".998","","28312","691723"
"Coby Mayo","BAL","3B","3","2","19.0","1","7","2","2","0","1","1","0","0","","","","","",".800","","28312","691723"
"Tsung-Che Cheng","NYM","2B","1","0","6.0","3","2","0","0","0","0","0","0","0","","","","","","1.000","","28344","691907"
"Tsung-Che Cheng","NYM","SS","2","2","16.0","2","4","0","0","0","0","0","0","0","","","","","","1.000","","28344","691907"
"Yanquiel Fernandez","COL","LF","3","1","12.0","1","0","0","0","0","0","0","0","0","","","","","","1.000","","28552","692585"
"Yanquiel Fernandez","COL","RF","19","16","135.0","40","4","2","1","1","0","1","0","0","","","","","",".957","","28552","692585"
"Jackson Chourio","MIL","CF","89","87","754.2","195","5","2","2","0","0","0","0","0","","","","","",".990","","28806","694192"
"Jackson Chourio","MIL","LF","40","27","251.0","61","0","0","0","0","0","0","0","0","","","","","","1.000","","28806","694192"
"Jackson Chourio","MIL","RF","20","15","133.0","29","0","0","0","0","0","0","0","0","","","","","","1.000","","28806","694192"
"Denzer Guzman","LAA","SS","13","13","110.0","16","24","2","1","1","5","3","2","0","","","","","",".952","","28816","694203"
"Moises Ballesteros","CHC","1B","2","0","4.0","0","0","0","0","0","0","0","0","0","0","","","","",".000","","28820","694208"
"Moises Ballesteros","CHC","C","1","1","6.0","6","0","0","0","0","0","0","0","0","","1","0","0","0","1.000","","28820","694208"
"Samuel Basallo","BAL","1B","2","2","18.0","16","0","0","0","0","2","0","0","2","0","","","","","1.000","","28824","694212"
"Samuel Basallo","BAL","C","22","20","178.2","169","9","2","1","1","0","0","0","0","","8","5","1","11",".989","","28824","694212"
"Bradgley Rodriguez","SDP","P","7","0","7.2","1","2","0","0","0","1","1","0","0","","0","","","","1.000","","29107","699134"
"Yilber Diaz","ARI","P","1","0","3.0","1","0","0","0","0","0","0","0","0","","0","","","","1.000","","29271","700270"
"Carter Jensen","KCR","C","10","7","66.2","66","4","0","0","0","0","0","0","0","","2","2","0","4","1.000","","29478","695600"
"Blake Dunn","CIN","CF","5","4","38.0","11","0","0","0","0","0","0","0","0","","","","","","1.000","","29487","694362"
"Blake Dunn","CIN","LF","13","3","46.1","15","0","0","0","0","0","0","0","0","","","","","","1.000","","29487","694362"
"Blake Dunn","CIN","RF","14","11","94.0","34","0","0","0","0","0","0","0","0","","","","","","1.000","","29487","694362"
"Jackson Merrill","SDP","CF","114","114","1001.1","284","9","1","1","0","0","1","0","0","","","","","",".997","","29490","701538"
"James Wood","WSN","LF","123","123","1067.1","231","5","3","3","0","0","0","0","0","","","","","",".987","","29518","695578"
"Gordon Graceffo","STL","P","26","0","43.0","2","1","1","1","0","0","0","0","0","","2","","","",".750","","29519","700669"
"Ryan Loutos","SEA","P","12","0","12.0","0","0","1","1","0","0","0","0","0","","2","","","",".000","","29521","702795"
"Bryce Teodosio","LAA","CF","50","49","406.0","140","0","1","1","0","0","0","0","0","","","","","",".993","","29524","669326"
"Andre Granillo","STL","P","14","0","21.0","0","1","0","0","0","0","0","0","0","","1","","","","1.000","","29542","701552"
"Ryan Bliss","SEA","2B","11","11","98.2","15","33","0","0","0","5","2","3","0","","","","","","1.000","","29547","669208"
"Adrian Del Castillo","ARI","C","5","4","33.1","34","0","0","0","0","0","0","0","0","","2","0","0","0","1.000","","29554","680728"
"Tim Tawa","ARI","1B","20","10","122.1","95","11","1","1","0","10","0","0","10","4","","","","",".991","","29571","694374"
"Tim Tawa","ARI","2B","23","20","186.0","27","49","3","2","1","13","5","9","0","","","","","",".962","","29571","694374"
"Tim Tawa","ARI","3B","3","1","15.0","0","5","0","0","0","2","2","0","0","","","","","","1.000","","29571","694374"
"Tim Tawa","ARI","CF","18","12","104.2","34","0","0","0","0","0","0","0","0","","","","","","1.000","","29571","694374"
"Tim Tawa","ARI","LF","14","6","61.0","7","0","0","0","0","0","0","0","0","","","","","","1.000","","29571","694374"
"Tim Tawa","ARI","RF","3","0","3.1","2","0","0","0","0","0","0","0","0","","","","","","1.000","","29571","694374"
"Billy Cook","PIT","1B","1","0","2.0","4","0","0","0","0","0","0","0","0","0","","","","","1.000","","29573","695257"
"Billy Cook","PIT","CF","1","1","6.0","3","0","0","0","0","0","0","0","0","","","","","","1.000","","29573","695257"
"Billy Cook","PIT","RF","2","0","3.0","0","0","0","0","0","0","0","0","0","","","","","",".000","","29573","695257"
"Chase Lee","TOR","P","32","0","37.1","5","4","0","0","0","0","1","0","0","","2","","","","1.000","","29574","695445"
"Trey Sweeney","DET","SS","112","82","759.2","120","184","6","1","5","33","15","18","4","","","","","",".981","","29575","700242"
"Ben Rice","NYY","1B","50","46","370.0","318","21","3","3","0","21","1","0","20","8","","","","",".991","","29576","700250"
"Ben Rice","NYY","C","36","26","229.2","227","4","2","1","1","0","0","0","0","","18","3","5","7",".991","","29576","700250"
"Colton Cowser","BAL","CF","47","45","398.2","116","1","1","1","0","0","0","0","0","","","","","",".992","","29591","681297"
"Colton Cowser","BAL","LF","43","41","361.0","89","3","1","0","1","0","1","0","0","","","","","",".989","","29591","681297"
"Colton Cowser","BAL","RF","3","0","7.0","1","0","0","0","0","0","0","0","0","","","","","","1.000","","29591","681297"
"Connor Norby","MIA","3B","82","77","690.0","42","123","8","4","3","9","11","0","2","","","","","",".954","","29592","681393"
"Justyn-Henry Malloy","TBR","1B","1","0","2.0","4","0","0","0","0","1","0","0","1","0","","","","","1.000","","29606","669234"
"Justyn-Henry Malloy","TBR","LF","3","0","6.0","4","0","0","0","0","0","0","0","0","","","","","","1.000","","29606","669234"
"Justyn-Henry Malloy","TBR","RF","17","11","81.0","20","0","0","0","0","0","0","0","0","","","","","","1.000","","29606","669234"
"Joe Boyle","TBR","P","13","9","52.0","2","3","1","0","1","1","0","0","1","","11","","","",".833","","29608","671212"
"Kyle Backhus","PHI","P","32","0","25.1","0","4","0","0","0","0","0","0","0","","0","","","","1.000","","29615","679775"
"Henry Davis","PIT","C","83","74","681.2","682","27","3","2","1","0","3","0","1","","38","15","2","16",".996","","29617","680779"
"Sal Frelick","MIL","1B","1","0","1.0","0","0","0","0","0","0","0","0","0","0","","","","",".000","","29622","686217"
"Sal Frelick","MIL","3B","1","0","1.0","2","0","0","0","0","0","0","0","0","","","","","","1.000","","29622","686217"
"Sal Frelick","MIL","CF","14","8","71.0","21","0","0","0","0","0","0","0","0","","","","","","1.000","","29622","686217"
"Sal Frelick","MIL","RF","134","128","1117.0","273","10","3","2","1","0","2","0","0","","","","","",".990","","29622","686217"
"Alek Jacob","SDP","P","29","0","33.1","1","5","0","0","0","0","0","0","0","","5","","","","1.000","","29628","689690"
"Matt Svanson","STL","P","39","0","60.1","2","4","0","0","0","0","0","0","0","","1","","","","1.000","","29629","694335"
"Joey Loperfido","TOR","LF","32","19","172.0","47","1","0","0","0","0","0","0","0","","","","","","1.000","","29630","694388"
"Joey Loperfido","TOR","RF","9","7","55.0","11","0","0","0","0","0","0","0","0","","","","","","1.000","","29630","694388"
"Andrew Hoffmann","ARI","P","11","0","12.0","0","2","0","0","0","0","0","0","0","","1","","","","1.000","","29633","694851"
"Will Wagner","SDP","1B","12","9","75.0","57","3","0","0","0","4","0","0","5","0","","","","","1.000","","29634","695238"
"Will Wagner","SDP","2B","5","0","12.0","1","5","0","0","0","1","0","1","0","","","","","","1.000","","29634","695238"
"Will Wagner","SDP","3B","25","22","168.2","14","22","2","1","1","1","1","0","1","","","","","",".947","","29634","695238"
"Caleb Durbin","MIL","2B","10","3","43.1","8","10","1","1","0","5","1","3","1","","","","","",".947","","29646","702332"
"Caleb Durbin","MIL","3B","131","119","1060.2","84","201","6","4","2","14","15","0","3","","","","","",".979","","29646","702332"
"Caleb Durbin","MIL","SS","3","0","4.0","0","3","0","0","0","1","1","0","0","","","","","","1.000","","29646","702332"
"Marcelo Mayer","BOS","2B","8","7","57.0","10","19","0","0","0","3","0","3","0","","","","","","1.000","","29668","691785"
"Marcelo Mayer","BOS","3B","39","28","248.2","17","50","1","0","1","4","5","0","0","","","","","",".985","","29668","691785"
"Marcelo Mayer","BOS","SS","2","0","3.0","0","1","1","0","1","0","0","0","0","","","","","",".500","","29668","691785"
"Matt McLain","CIN","2B","138","131","1172.2","196","288","6","4","2","53","20","37","2","","","","","",".988","","29695","680574"
"Matt McLain","CIN","SS","6","4","38.0","4","9","1","1","0","1","1","0","0","","","","","",".929","","29695","680574"
"Braxton Fulford","COL","C","32","28","249.0","203","8","6","2","4","0","1","0","0","","22","8","1","11",".972","","29704","690924"
"Colson Montgomery","CHW","3B","12","10","95.1","10","23","2","2","0","3","3","0","0","","","","","",".943","","29712","695657"
"Colson Montgomery","CHW","SS","60","58","502.2","93","123","4","3","1","31","11","19","2","","","","","",".982","","29712","695657"
"Hunter Goodman","COL","C","104","97","841.1","657","39","9","5","3","0","3","0","0","","69","14","7","34",".987","","29715","696100"
"Sam Bachman","LAA","P","23","0","20.1","1","1","1","0","1","1","0","0","1","","2","","","",".667","","29754","696147"
"Zack Gelof","ATH","2B","30","26","233.2","46","64","1","0","1","15","3","11","1","","","","","",".991","","29766","680869"
"Mason Montgomery","PIT","P","57","0","46.0","3","5","1","0","1","0","0","0","0","","11","","","",".889","","29770","682254"
"Max Muncy","ATH","2B","23","21","185.0","34","42","4","2","2","6","2","5","2","","","","","",".950","","29779","691777"
"Max Muncy","ATH","3B","32","30","250.2","20","47","6","3","3","5","6","0","0","","","","","",".918","","29779","691777"
"Max Muncy","ATH","SS","7","5","56.0","5","12","0","0","0","3","2","0","1","","","","","","1.000","","29779","691777"
"Brett Harris","ATH","1B","5","1","17.0","13","1","0","0","0","2","0","0","2","0","","","","","1.000","","29788","695391"
"Brett Harris","ATH","3B","27","20","183.2","16","43","1","1","0","3","4","0","0","","","","","",".983","","29788","695391"
"Kyle Manzardo","CLE","1B","56","53","459.2","372","24","4","3","1","31","2","0","32","10","","","","",".990","","29794","700932"
"Robert Gasser","MIL","P","2","2","5.2","0","0","1","0","1","0","0","0","0","","0","","","",".000","","29812","688107"
"Bryce Miller","SEA","P","18","18","90.1","6","6","0","0","0","0","0","0","0","","14","","","","1.000","","29837","682243"
"Emmet Sheehan","LAD","P","15","12","73.1","3","2","1","0","1","0","0","0","0","","0","","","",".833","","29839","686218"
"Liam Hicks","MIA","1B","28","23","206.1","171","13","1","1","0","14","0","0","14","2","","","","",".995","","29844","689414"
"Liam Hicks","MIA","C","62","49","437.1","381","19","2","0","2","0","1","0","0","","51","6","3","20",".995","","29844","689414"
"Denzel Clarke","ATH","CF","47","44","383.2","173","1","3","3","0","0","0","0","0","","","","","",".983","","29858","672016"
"Ryan Bergert","KCR","P","19","15","76.1","9","2","0","0","0","0","0","0","0","","2","","","","1.000","","29863","686701"
"Chayce McDermott","BAL","P","4","1","8.2","2","0","0","0","0","0","0","0","0","","0","","","","1.000","","29866","694646"
"Bubba Chandler","PIT","P","7","4","31.1","3","3","0","0","0","0","0","0","0","","3","","","","1.000","","29868","696149"
"Michael McGreevy","STL","P","17","16","95.2","13","13","1","0","1","3","2","0","1","","0","","","",".963","","29869","700241"
"Sean Burke","CHW","P","28","22","134.1","7","15","5","0","5","0","0","0","0","","16","","","",".815","","29878","680732"
"Andrew Abbott","CIN","P","29","29","166.1","2","15","1","0","1","0","1","0","0","","12","","","",".944","","29911","671096"
"Andrew Alvarez","WSN","P","5","5","23.1","1","0","0","0","0","0","0","0","0","","1","","","","1.000","","29914","674841"
"Spencer Arrighetti","HOU","P","7","7","35.1","3","3","0","0","0","0","0","0","0","","11","","","","1.000","","29921","681293"
"Dylan Dodd","ATL","P","28","0","35.0","5","4","0","0","0","0","0","0","0","","1","","","","1.000","","29928","689266"
"Jacob Young","WSN","CF","112","105","901.1","278","4","0","0","0","0","0","0","0","","","","","","1.000","","29931","696285"
"Tyler Black","MIL","1B","2","1","11.0","10","0","1","1","0","2","0","0","2","1","","","","",".909","","29949","672012"
"Tyler Black","MIL","LF","1","0","6.0","0","0","0","0","0","0","0","0","0","","","","","",".000","","29949","672012"
"Tyler Black","MIL","RF","1","0","2.1","0","0","0","0","0","0","0","0","0","","","","","",".000","","29949","672012"
"Jordan Leasure","CHW","P","68","1","64.1","0","3","0","0","0","0","0","0","0","","5","","","","1.000","","29950","673929"
"Harry Ford","WSN","C","4","1","14.0","11","1","0","0","0","0","0","0","0","","0","0","0","1","1.000","","29958","695670"
"AJ Smith-Shawver","ATL","P","9","9","44.1","4","4","0","0","0","0","0","0","0","","7","","","","1.000","","29960","700363"
"Jordan Lawlar","ARI","2B","5","4","37.0","9","12","2","1","1","2","0","2","0","","","","","",".913","","29976","691783"
"Jordan Lawlar","ARI","3B","12","9","76.0","5","15","4","1","3","1","1","0","0","","","","","",".833","","29976","691783"
"Jordan Lawlar","ARI","SS","1","1","8.0","0","2","1","0","1","0","0","0","0","","","","","",".667","","29976","691783"
"Brady House","WSN","3B","72","70","615.1","36","137","7","5","2","10","10","0","0","","","","","",".961","","29993","691781"
"Daylen Lile","WSN","LF","22","21","179.0","45","1","0","0","0","0","0","0","0","","","","","","1.000","","29995","695734"
"Daylen Lile","WSN","RF","54","52","445.1","106","1","1","1","0","0","0","0","0","","","","","",".991","","29995","695734"
"Grant Holman","ATH","P","22","2","23.0","1","0","1","0","1","1","0","0","1","","0","","","",".500","","30002","680880"
"McCade Brown","COL","P","7","7","25.2","0","4","0","0","0","0","0","0","0","","5","","","","1.000","","30004","685326"
"Christian Encarnacion-Strand","CIN","1B","27","25","223.1","172","14","2","0","2","14","3","0","12","0","","","","",".989","","30011","687952"
"Christian Encarnacion-Strand","CIN","3B","9","9","66.0","7","10","2","1","1","0","0","0","0","","","","","",".895","","30011","687952"
"Joe Rock","TBR","P","3","0","7.2","0","0","0","0","0","0","0","0","0","","1","","","",".000","","30016","697812"
"Carson Williams","TBR","SS","32","29","255.2","30","76","5","3","2","13","3","10","0","","","","","",".955","","30038","700246"
"Cade Povich","BAL","P","22","20","112.1","2","12","1","0","1","0","0","0","0","","4","","","",".933","","30055","700249"
"David Festa","MIN","P","11","10","53.1","3","8","0","0","0","1","1","0","0","","5","","","","1.000","","30056","701581"
"Tristan Peters","CHW","CF","4","4","29.0","9","0","0","0","0","0","0","0","0","","","","","","1.000","","30063","671976"
"Chase Silseth","LAA","P","10","0","11.0","0","2","0","0","0","0","0","0","0","","4","","","","1.000","","30074","681217"
"Landen Roupp","SFG","P","22","22","106.2","3","12","0","0","0","1","1","0","0","","6","","","","1.000","","30076","694738"
"Carson Seymour","SFG","P","16","3","36.0","3","3","0","0","0","0","0","0","0","","2","","","","1.000","","30084","693313"
"Ben Casparius","LAD","P","46","3","77.2","3","2","2","0","2","0","0","0","0","","8","","","",".714","","30085","676508"
"Jordan Wicks","CHC","P","8","0","14.1","0","3","0","0","0","0","0","0","0","","0","","","","1.000","","30094","696136"
"Mike Vasil","CHW","P","47","3","101.0","4","13","0","0","0","2","2","0","0","","24","","","","1.000","","30105","678024"
"Chad Patrick","MIL","P","27","23","119.2","11","10","1","0","1","1","0","0","1","","6","","","",".955","","30113","694477"
"Robert Suarez","ATL","P","70","0","69.2","6","6","0","0","0","0","0","0","0","","3","","","","1.000","","30115","663158"
"Seiya Suzuki","CHC","CF","1","1","9.0","4","0","0","0","0","0","0","0","0","","","","","","1.000","","30116","673548"
"Seiya Suzuki","CHC","LF","15","14","123.2","29","1","0","0","0","0","1","0","0","","","","","","1.000","","30116","673548"
"Seiya Suzuki","CHC","RF","32","32","282.0","58","0","3","3","0","0","0","0","0","","","","","",".951","","30116","673548"
"Gavin Williams","CLE","P","31","31","167.2","6","15","0","0","0","0","0","0","0","","7","","","","1.000","","30122","668909"
"Brant Hurter","DET","P","43","4","63.0","1","9","2","0","2","0","0","0","0","","9","","","",".833","","30133","676428"
"Tanner Bibee","CLE","P","31","31","182.1","10","13","0","0","0","1","1","0","0","","17","","","","1.000","","30134","676440"
"Doug Nikhazy","CLE","P","2","1","4.0","0","0","0","0","0","0","0","0","0","","1","","","",".000","","30142","680951"
"Dylan Smith","DET","P","7","0","13.0","0","3","0","0","0","1","1","0","0","","0","","","","1.000","","30145","681916"
"Jack Leiter","TEX","P","29","29","151.2","14","8","1","0","1","0","0","0","0","","17","","","",".957","","30146","683004"
"Dominic Hamel","TEX","P","1","0","1.0","0","0","0","0","0","0","0","0","0","","0","","","",".000","","30153","687589"
"Richard Fitts","STL","P","11","10","45.0","3","1","0","0","0","0","1","0","0","","3","","","","1.000","","30160","690916"
"Carlos Rodriguez","MIL","P","4","0","9.2","0","0","0","0","0","0","0","0","0","","1","","","",".000","","30161","692230"
"Cesar Prieto","STL","2B","2","1","9.0","0","1","1","1","0","0","0","0","0","","","","","",".500","","30163","693409"
"Chase Petty","CIN","P","3","2","6.0","1","0","0","0","0","0","0","0","0","","0","","","","1.000","","30170","695534"
"Mason Black","KCR","P","1","0","4.0","0","0","0","0","0","0","0","0","0","","0","","","",".000","","30171","696131"
"Pierson Ohl","MIN","P","14","3","30.0","0","2","0","0","0","0","0","0","0","","1","","","","1.000","","30179","701487"
"Travis Adams","MIN","P","18","2","33.2","2","5","0","0","0","0","0","0","0","","3","","","","1.000","","30180","701519"
"Will Warren","NYY","P","33","33","162.1","15","15","2","1","1","0","0","0","0","","6","","","",".938","","30182","701542"
"Noah Cameron","KCR","P","24","24","138.1","3","14","0","0","0","0","0","0","0","","2","","","","1.000","","30184","702070"
"Jackson Jobe","DET","P","10","10","49.0","1","4","1","0","1","0","0","0","0","","5","","","",".833","","30203","695549"
"Spencer Bivens","SFG","P","54","0","81.0","5","16","0","0","0","2","3","0","0","","4","","","","1.000","","30226","702352"
"Hunter Dobbins","STL","P","13","11","61.0","8","6","0","0","0","0","0","0","0","","1","","","","1.000","","30240","690928"
"Jack Dreyer","LAD","P","67","5","76.1","3","4","0","0","0","0","0","0","0","","5","","","","1.000","","30249","676263"
"Jaden Hill","COL","P","28","0","29.1","4","2","0","0","0","0","0","0","0","","4","","","","1.000","","30250","677955"
"Bryan Woo","SEA","P","30","30","186.2","14","17","1","0","1","2","2","0","0","","4","","","",".969","","30279","693433"
"Didier Fuentes","ATL","P","4","4","13.0","0","0","0","0","0","0","0","0","0","","0","","","",".000","","30661","800311"
"Heston Kjerstad","BAL","LF","29","25","208.1","38","2","0","0","0","0","0","0","0","","","","","","1.000","","31166","677008"
"Heston Kjerstad","BAL","RF","24","20","162.0","32","2","0","0","0","0","0","0","0","","","","","","1.000","","31166","677008"
"Justin Wrobleski","LAD","P","24","2","66.2","4","7","0","0","0","0","0","0","0","","6","","","","1.000","","31204","680736"
"Chris Roycroft","STL","P","20","0","20.2","1","1","0","0","0","0","0","0","0","","2","","","","1.000","","31261","688297"
"Colton Gordon","HOU","P","20","14","86.0","2","5","1","1","0","0","0","0","0","","3","","","",".875","","31312","676467"
"Gunnar Hoglund","ATH","P","6","6","32.1","1","1","0","0","0","0","0","0","0","","2","","","","1.000","","31318","680684"
"Zach Neto","LAA","SS","125","122","1078.1","175","329","11","6","5","83","40","43","5","","","","","",".979","","31347","687263"
"Victor Scott II","STL","CF","136","124","1087.2","325","4","6","5","1","0","3","0","0","","","","","",".982","","31349","687363"
"Victor Scott II","STL","LF","4","2","21.0","5","0","0","0","0","0","0","0","0","","","","","","1.000","","31349","687363"
"Victor Scott II","STL","RF","7","0","9.1","3","0","0","0","0","0","0","0","0","","","","","","1.000","","31349","687363"
"Jimmy Crooks","STL","C","14","12","105.1","97","4","0","0","0","0","0","0","0","","8","2","2","5","1.000","","31354","699625"
"Nathan Church","STL","CF","18","15","135.0","43","2","0","0","0","0","0","0","0","","","","","","1.000","","31357","701675"
"Nathan Church","STL","LF","5","1","13.0","7","0","0","0","0","0","0","0","0","","","","","","1.000","","31357","701675"
"Nathan Church","STL","RF","7","1","16.1","5","0","1","1","0","0","0","0","0","","","","","",".833","","31357","701675"
"Graham Pauley","MIA","1B","5","3","31.2","28","2","0","0","0","1","1","0","0","0","","","","","1.000","","31363","688363"
"Graham Pauley","MIA","2B","7","2","26.0","2","9","0","0","0","1","0","1","0","","","","","","1.000","","31363","688363"
"Graham Pauley","MIA","3B","52","48","390.0","40","90","2","1","1","5","5","0","1","","","","","",".985","","31363","688363"
"Graham Pauley","MIA","CF","1","0","0.0","0","0","0","0","0","0","0","0","0","","","","","",".000","","31363","688363"
"Jakob Marsee","MIA","CF","48","44","393.0","116","0","1","1","0","0","0","0","0","","","","","",".991","","31370","805300"
"Jakob Marsee","MIA","LF","12","6","56.0","16","0","0","0","0","0","0","0","0","","","","","","1.000","","31370","805300"
"Jakob Marsee","MIA","RF","3","3","26.0","8","1","0","0","0","0","0","0","0","","","","","","1.000","","31370","805300"
"Dalton Rushing","LAD","1B","8","1","28.0","23","2","0","0","0","1","1","0","0","0","","","","","1.000","","31382","687221"
"Dalton Rushing","LAD","C","41","37","325.1","349","15","1","0","1","0","2","0","0","","17","8","2","14",".997","","31382","687221"
"Brooks Baldwin","CHW","2B","10","5","46.2","14","13","0","0","0","3","2","2","1","","","","","","1.000","","31394","681460"
"Brooks Baldwin","CHW","3B","15","10","96.2","6","18","2","2","0","1","1","0","0","","","","","",".923","","31394","681460"
"Brooks Baldwin","CHW","CF","26","21","175.2","45","0","1","0","1","0","0","0","0","","","","","",".978","","31394","681460"
"Brooks Baldwin","CHW","LF","37","30","258.1","58","3","4","4","0","0","1","0","0","","","","","",".938","","31394","681460"
"Brooks Baldwin","CHW","RF","20","13","117.1","23","1","1","1","0","0","1","0","0","","","","","",".960","","31394","681460"
"Brooks Baldwin","CHW","SS","10","5","43.0","4","14","0","0","0","4","1","3","0","","","","","","1.000","","31394","681460"
"Tyler Locklear","ARI","1B","30","28","256.1","246","12","1","0","1","21","3","0","19","1","","","","",".996","","31396","682988"
"Jordan Beck","COL","CF","1","0","2.0","2","0","0","0","0","0","0","0","0","","","","","","1.000","","31431","687597"
"Jordan Beck","COL","LF","139","133","1157.1","268","12","3","3","0","0","2","0","0","","","","","",".989","","31431","687597"
"Jace Jung","DET","3B","19","14","130.0","9","38","1","1","0","3","3","0","0","","","","","",".979","","31437","690291"
"Ben Joyce","LAA","P","5","0","4.1","0","0","0","0","0","0","0","0","0","","0","","","",".000","","31461","690829"
"Jackson Perkins","ATH","P","12","4","38.2","3","3","0","0","0","0","0","0","0","","2","","","","1.000","","31468","678022"
"Logan Henderson","MIL","P","5","5","25.1","0","0","0","0","0","0","0","0","0","","1","","","",".000","","31475","701656"
"Ryan Ritter","COL","2B","29","28","242.0","49","63","1","0","1","17","9","9","1","","","","","",".991","","31500","690022"
"Ryan Ritter","COL","SS","30","30","264.2","46","80","5","4","1","16","13","5","2","","","","","",".962","","31500","690022"
"Sal Stewart","CIN","1B","11","10","81.0","73","6","1","0","0","4","0","0","4","0","","","","",".988","","31505","701398"
"Sal Stewart","CIN","3B","6","4","33.0","7","6","0","0","0","0","0","0","0","","","","","","1.000","","31505","701398"
"Caden Dana","LAA","P","7","5","32.1","2","3","0","0","0","0","0","0","0","","7","","","","1.000","","31508","702674"
"Victor Mederos","LAA","P","5","3","17.0","0","0","0","0","0","0","0","0","0","","0","","","",".000","","31533","682989"
"Drake Baldwin","ATL","C","97","85","759.2","745","32","4","0","4","1","2","0","2","","88","14","3","20",".995","","31539","686948"
"Drew Gilbert","SFG","CF","6","6","55.0","22","0","0","0","0","0","0","0","0","","","","","","1.000","","31545","687551"
"Drew Gilbert","SFG","LF","2","0","3.0","0","0","0","0","0","0","0","0","0","","","","","",".000","","31545","687551"
"Drew Gilbert","SFG","RF","30","24","213.0","45","2","0","0","0","0","0","0","0","","","","","","1.000","","31545","687551"
"Zach Agnos","COL","P","30","0","31.1","4","4","0","0","0","0","0","0","0","","0","","","","1.000","","31552","688642"
"Mason Fluharty","TOR","P","55","0","52.2","0","2","0","0","0","0","0","0","0","","0","","","","1.000","","31553","689254"
"Zach Dezenzo","HOU","1B","4","1","13.0","10","0","0","0","0","2","0","0","2","0","","","","","1.000","","31562","701305"
"Zach Dezenzo","HOU","LF","15","14","108.0","25","2","0","0","0","0","0","0","0","","","","","","1.000","","31562","701305"
"Zach Dezenzo","HOU","RF","11","11","86.0","19","0","1","1","0","0","0","0","0","","","","","",".950","","31562","701305"
"Alan Roden","MIN","CF","4","2","15.1","4","0","0","0","0","0","0","0","0","","","","","","1.000","","31564","702176"
"Alan Roden","MIN","LF","41","31","279.2","69","3","1","1","0","0","1","0","0","","","","","",".986","","31564","702176"
"Alan Roden","MIN","RF","13","6","62.0","20","0","0","0","0","0","0","0","0","","","","","","1.000","","31564","702176"
"Paul Gervase","LAD","P","6","0","8.1","0","0","0","0","0","0","0","0","0","","0","","","",".000","","31571","801434"
"Chase Meidroth","CHW","2B","61","53","450.1","72","113","3","1","2","31","16","15","2","","","","","",".984","","31580","805367"
"Chase Meidroth","CHW","SS","76","63","569.0","95","136","9","3","6","31","13","18","0","","","","","",".963","","31580","805367"
"Zach Cole","HOU","CF","3","3","25.0","5","1","0","0","0","0","0","0","0","","","","","","1.000","","31583","805904"
"Zach Cole","HOU","LF","7","5","44.0","15","0","0","0","0","0","0","0","0","","","","","","1.000","","31583","805904"
"Zach Cole","HOU","RF","7","5","47.0","7","0","0","0","0","0","0","0","0","","","","","","1.000","","31583","805904"
"Brooks Lee","MIN","2B","37","29","253.0","36","67","4","4","0","11","4","7","0","","","","","",".963","","31595","686797"
"Brooks Lee","MIN","3B","43","32","284.2","32","37","0","0","0","3","3","0","0","","","","","","1.000","","31595","686797"
"Brooks Lee","MIN","SS","77","64","595.0","83","140","6","5","1","26","12","13","1","","","","","",".974","","31595","686797"
"Zach Maxwell","CIN","P","8","0","10.0","0","0","0","0","0","0","0","0","0","","1","","","",".000","","31610","687209"
"Carson Palmquist","COL","P","9","7","34.1","3","1","0","0","0","0","0","0","0","","10","","","","1.000","","31612","687223"
"David Morgan","SDP","P","41","2","47.1","2","6","0","0","0","1","1","0","0","","4","","","","1.000","","31616","688158"
"Jacob Misiorowski","MIL","P","15","14","66.0","3","1","1","0","1","0","0","0","0","","1","","","",".800","","31623","694819"
"Hayden Birdsong","SFG","P","21","10","65.2","4","3","1","0","1","0","0","0","0","","1","","","",".875","","31635","806185"
"Jacob Melton","TBR","CF","21","14","135.2","35","1","0","0","0","0","1","0","0","","","","","","1.000","","31661","689200"
"Jacob Melton","TBR","LF","9","7","58.0","9","0","0","0","0","0","0","0","0","","","","","","1.000","","31661","689200"
"Jacob Melton","TBR","RF","1","1","9.0","2","0","0","0","0","0","0","0","0","","","","","","1.000","","31661","689200"
"Alex Freeland","LAD","2B","15","11","87.1","12","23","0","0","0","3","0","3","2","","","","","","1.000","","31665","690976"
"Alex Freeland","LAD","3B","17","14","129.0","7","39","2","0","2","1","1","0","0","","","","","",".958","","31665","690976"
"Carson Whisenhunt","SFG","P","5","5","23.1","3","1","0","0","0","1","1","0","0","","2","","","","1.000","","31676","687931"
"Cole Young","SEA","2B","73","68","621.0","94","155","4","1","3","26","10","16","2","","","","","",".984","","31680","702284"
"Cole Young","SEA","SS","1","0","2.0","0","3","0","0","0","0","0","0","0","","","","","","1.000","","31680","702284"
"Shane Smith","CHW","P","29","29","146.1","6","8","0","0","0","0","0","0","0","","14","","","","1.000","","31687","681343"
"Dylan Beavers","BAL","LF","22","22","179.0","39","1","3","2","1","0","0","0","0","","","","","",".930","","31695","687637"
"Dylan Beavers","BAL","RF","19","12","121.1","20","0","0","0","0","0","0","0","0","","","","","","1.000","","31695","687637"
"Blade Tidwell","SFG","P","4","2","15.0","3","1","0","0","0","0","0","0","0","","2","","","","1.000","","31701","694918"
"Jonathan Cannon","CHW","P","22","17","103.2","8","7","1","0","1","1","1","0","0","","12","","","",".938","","31730","686563"
"Mason Barnett","ATH","P","5","5","22.1","2","4","0","0","0","0","0","0","0","","2","","","","1.000","","31741","686930"
"Mason Miller","SDP","P","60","0","61.2","4","4","0","0","0","2","0","0","2","","4","","","","1.000","","31757","695243"
"A.J. Blubaugh","HOU","P","11","3","32.0","1","2","0","0","0","1","1","0","0","","2","","","","1.000","","31764","805123"
"Nacho Alvarez Jr.","ATL","3B","58","56","495.1","36","97","3","1","2","8","8","0","2","","","","","",".978","","31765","805373"
"Orion Kerkering","PHI","P","69","0","60.0","2","9","0","0","0","1","1","0","0","","5","","","","1.000","","31776","689147"
"Jackson Holliday","BAL","2B","139","136","1202.2","190","331","10","8","2","68","27","43","3","","","","","",".981","","31781","702616"
"Jackson Holliday","BAL","SS","8","6","57.0","3","11","0","0","0","0","0","0","0","","","","","","1.000","","31781","702616"
"Otto Kemp","PHI","1B","17","16","146.0","132","9","1","0","1","9","0","0","10","1","","","","",".993","","31792","805249"
"Otto Kemp","PHI","2B","2","2","16.0","1","3","1","0","1","1","0","1","0","","","","","",".800","","31792","805249"
"Otto Kemp","PHI","3B","31","30","255.0","21","38","5","3","2","1","1","0","0","","","","","",".922","","31792","805249"
"Otto Kemp","PHI","LF","11","7","63.0","13","1","0","0","0","0","0","0","0","","","","","","1.000","","31792","805249"
"Rhylan Thomas","SEA","LF","1","0","3.0","2","0","0","0","0","0","0","0","0","","","","","","1.000","","31793","689041"
"Rhylan Thomas","SEA","RF","2","2","19.0","6","0","0","0","0","0","0","0","0","","","","","","1.000","","31793","689041"
"Troy Melton","DET","P","16","4","45.2","4","6","0","0","0","1","1","0","0","","4","","","","1.000","","31807","675512"
"Roman Anthony","BOS","LF","19","17","152.0","23","2","0","0","0","0","0","0","0","","","","","","1.000","","31812","701350"
"Roman Anthony","BOS","RF","36","32","290.1","68","0","1","1","0","0","0","0","0","","","","","",".986","","31812","701350"
"Cade Gibson","MIA","P","44","1","54.2","2","9","0","0","0","1","1","0","0","","2","","","","1.000","","31815","806188"
"Zebby Matthews","MIN","P","16","16","79.1","7","8","1","1","0","0","0","0","0","","5","","","",".938","","31827","805673"
"Masataka Yoshida","BOS","LF","5","4","33.0","4","0","0","0","0","0","0","0","0","","","","","","1.000","","31837","807799"
"Masataka Yoshida","BOS","RF","1","1","8.0","1","0","0","0","0","0","0","0","0","","","","","","1.000","","31837","807799"
"Kodai Senga","NYM","P","22","22","113.1","11","2","1","1","0","0","0","0","0","","5","","","",".929","","31838","673540"
"Kumar Rocker","TEX","P","14","14","64.1","3","8","1","1","0","0","0","0","0","","11","","","",".917","","31843","677958"
"Spencer Schwellenbach","ATL","P","17","17","110.2","19","21","1","0","1","2","3","0","0","","3","","","",".976","","31846","680885"
"Colby Thomas","ATH","CF","16","11","94.0","26","0","0","0","0","0","0","0","0","","","","","","1.000","","31855","687515"
"Colby Thomas","ATH","LF","9","4","41.0","9","1","0","0","0","0","0","0","0","","","","","","1.000","","31855","687515"
"Colby Thomas","ATH","RF","23","14","134.2","29","1","0","0","0","0","0","0","0","","","","","","1.000","","31855","687515"
"Cade Horton","CHC","P","23","22","118.0","7","6","1","0","1","1","1","0","0","","8","","","",".929","","31872","690990"
"Troy Taylor","SEA","P","8","0","6.2","0","0","0","0","0","0","0","0","0","","0","","","",".000","","31883","700187"
"Adam Mazur","MIA","P","6","6","30.0","1","3","0","0","0","0","0","0","0","","2","","","","1.000","","31900","800049"
"Chandler Simpson","TBR","CF","59","51","457.1","121","2","0","0","0","0","1","0","0","","","","","","1.000","","31912","802415"
"Chandler Simpson","TBR","LF","52","48","413.2","74","3","1","0","1","0","0","0","0","","","","","",".987","","31912","802415"
"Chandler Simpson","TBR","RF","1","0","2.0","1","0","0","0","0","0","0","0","0","","","","","","1.000","","31912","802415"
"Hayden Harris","ATL","P","3","0","2.2","0","0","0","0","0","0","0","0","0","","0","","","",".000","","31913","802686"
"Brad Lord","WSN","P","48","19","130.2","9","11","0","0","0","2","1","0","1","","3","","","","1.000","","31972","695418"
"Parker Messick","CLE","P","7","7","39.2","0","0","2","0","2","0","0","0","0","","0","","","",".000","","31986","800048"
"Tom Harrington","PIT","P","3","1","8.2","0","1","0","0","0","0","0","0","0","","1","","","","1.000","","31989","802419"
"Rafael Flores","PIT","1B","6","4","33.0","19","4","0","0","0","3","0","0","4","0","","","","","1.000","","31991","804668"
"Rafael Flores","PIT","C","1","1","9.0","9","1","0","0","0","0","0","0","0","","0","0","0","1","1.000","","31991","804668"
"Drew Sommers","DET","P","4","0","3.0","0","0","0","0","0","0","0","0","0","","0","","","",".000","","32026","805427"
"Cameron Schlittler","NYY","P","14","14","73.0","7","4","0","0","0","0","0","0","0","","10","","","","1.000","","32095","693645"
"Jonah Tong","NYM","P","5","5","18.2","0","2","1","0","1","0","0","0","0","","0","","","",".667","","32157","804636"
"Luis Morales","ATH","P","10","9","48.2","1","3","0","0","0","0","0","0","0","","4","","","","1.000","","32227","806960"
"Hunter Barco","PIT","P","2","0","3.0","0","0","0","0","0","0","0","0","0","","0","","","",".000","","33174","682995"
"Nolan Schanuel","LAA","1B","131","129","1131.0","994","60","6","3","3","111","11","0","116","19","","","","",".994","","33189","694384"
"Ben Williamson","SEA","3B","85","79","703.0","62","137","3","2","1","9","9","0","0","","","","","",".985","","33197","810938"
"Craig Yoho","MIL","P","8","0","8.2","0","0","0","0","0","0","0","0","0","","0","","","",".000","","33248","684974"
"Kyle Karros","COL","3B","42","40","343.1","31","71","2","2","0","6","7","0","2","","","","","",".981","","33252","691720"
"Jacob Wilson","ATH","SS","124","124","1053.2","139","239","8","6","2","44","27","18","1","","","","","",".979","","33266","805779"
"Brice Matthews","HOU","2B","13","11","109.0","18","28","1","1","0","7","1","6","2","","","","","",".979","","33280","694728"
"Brice Matthews","HOU","3B","1","0","1.1","0","2","0","0","0","0","0","0","0","","","","","","1.000","","33280","694728"
"Seth Halvorsen","COL","P","42","0","39.2","7","5","1","0","1","0","0","0","0","","2","","","",".923","","33294","678020"
"Luke Keaschall","MIN","2B","41","41","360.0","71","96","6","3","3","23","10","15","0","","","","","",".965","","33321","807712"
"Matt Shaw","CHC","2B","4","0","6.0","1","0","0","0","0","0","0","0","0","","","","","","1.000","","33322","807713"
"Matt Shaw","CHC","3B","124","114","1010.0","80","214","7","4","3","17","17","0","1","","","","","",".977","","33322","807713"
"Wyatt Langford","TEX","CF","45","36","319.1","114","1","0","0","0","0","0","0","0","","","","","","1.000","","33333","694671"
"Wyatt Langford","TEX","LF","104","97","841.1","188","3","2","1","1","0","0","0","0","","","","","",".990","","33333","694671"
"Bryce Eldridge","SFG","1B","4","3","34.0","35","2","0","0","0","3","1","0","3","0","","","","","1.000","","33390","805811"
"Chase Dollander","COL","P","21","21","98.0","5","9","6","1","5","0","1","0","0","","17","","","",".700","","33482","801403"
"Hurston Waldrep","ATL","P","10","9","56.1","9","3","0","0","0","1","0","0","1","","8","","","","1.000","","33527","694462"
"Dylan Crews","WSN","CF","15","13","112.0","33","1","1","0","1","0","0","0","0","","","","","",".971","","33541","686611"
"Dylan Crews","WSN","RF","72","68","601.0","153","3","6","5","1","0","1","0","0","","","","","",".963","","33541","686611"
"Kyle Teel","CHW","C","61","57","501.1","484","23","5","4","1","0","3","0","0","","46","10","8","21",".990","","33549","691019"
"Kyle Teel","CHW","LF","1","0","1.0","0","0","0","0","0","0","0","0","0","","","","","",".000","","33549","691019"
"Brandyn Garcia","ARI","P","14","0","14.1","0","1","1","0","1","0","0","0","0","","1","","","",".500","","33568","805299"
"Mitch Farris","LAA","P","5","5","24.1","2","2","0","0","0","0","0","0","0","","2","","","","1.000","","33628","815083"
"Kristian Campbell","BOS","2B","59","54","471.2","88","127","7","4","3","24","9","16","2","","","","","",".968","","33644","692225"
"Kristian Campbell","BOS","CF","7","7","57.0","10","0","0","0","0","0","0","0","0","","","","","","1.000","","33644","692225"
"Kristian Campbell","BOS","LF","2","1","12.0","3","0","0","0","0","0","0","0","0","","","","","","1.000","","33644","692225"
"Connelly Early","BOS","P","4","4","19.1","0","2","0","0","0","0","0","0","0","","1","","","","1.000","","33666","813349"
"Paul Skenes","PIT","P","32","32","187.2","10","11","2","0","2","0","0","0","0","","4","","","",".913","","33677","694973"
"Logan Evans","SEA","P","16","15","81.1","7","5","1","1","0","0","0","0","0","","4","","","",".923","","33699","688138"
"Nolan McLean","NYM","P","8","8","48.0","5","7","0","0","0","1","1","0","0","","0","","","","1.000","","33703","690997"
"C.J. Kayfus","CLE","1B","17","12","112.0","91","6","2","1","1","11","2","0","10","2","","","","",".980","","33704","692216"
"C.J. Kayfus","CLE","RF","29","26","205.0","47","0","0","0","0","0","0","0","0","","","","","","1.000","","33704","692216"
"Philip Abner","ARI","P","5","0","3.2","0","0","0","0","0","0","0","0","0","","0","","","",".000","","33821","691769"
"Jung Hoo Lee","SFG","CF","147","144","1275.2","315","7","3","1","2","0","2","0","0","","","","","",".991","","33824","808982"
"Yoshinobu Yamamoto","LAD","P","30","30","173.2","24","20","1","0","1","2","1","0","1","","7","","","",".978","","33825","808967"
"Yuki Matsui","SDP","P","61","0","63.1","4","2","0","0","0","0","0","0","0","","5","","","","1.000","","33826","673513"
"Shota Imanaga","CHC","P","25","25","144.2","6","8","2","0","2","0","0","0","0","","2","","","",".875","","33829","684007"
"Andrew Walters","CLE","P","2","0","1.1","0","0","0","0","0","0","0","0","0","","0","","","",".000","","33834","689958"
"Brandon Sproat","NYM","P","4","4","20.2","4","1","1","0","1","1","0","0","1","","1","","","",".833","","33850","687075"
"Jose Fermin","LAA","P","40","0","34.1","1","2","0","0","0","0","0","0","0","","1","","","","1.000","","33908","820862"
"Grant Taylor","CHW","P","36","2","36.2","2","0","1","0","1","0","0","0","0","","6","","","",".667","","33927","691799"
"Jonathan Pintaro","NYM","P","1","0","0.2","1","0","0","0","0","0","0","0","0","","0","","","","1.000","","33980","702752"
"Christian Moore","LAA","2B","53","45","411.2","62","109","3","3","0","20","8","14","2","","","","","",".983","","34979","695681"
"Jac Caglianone","KCR","1B","10","1","25.0","21","6","0","0","0","1","0","0","1","0","","","","","1.000","","35041","695506"
"Jac Caglianone","KCR","RF","52","51","402.1","92","1","2","2","0","0","0","0","0","","","","","",".979","","35041","695506"
"Cam Smith","HOU","RF","132","122","1079.1","250","6","2","1","0","0","0","0","0","","","","","",".992","","35108","701358"
"Nick Kurtz","ATH","1B","112","111","970.2","762","40","10","6","3","64","6","0","68","9","","","","",".988","","35110","701762"
"Hyeseong Kim","LAD","2B","45","32","278.0","46","74","3","1","2","12","4","8","0","","","","","",".976","","35322","808975"
"Hyeseong Kim","LAD","CF","17","9","85.1","25","1","0","0","0","0","0","0","0","","","","","","1.000","","35322","808975"
"Hyeseong Kim","LAD","SS","11","4","46.0","9","8","0","0","0","2","1","2","1","","","","","","1.000","","35322","808975"
"Roki Sasaki","LAD","P","10","8","36.1","2","1","0","0","0","0","0","0","0","","4","","","","1.000","","35323","808963"
"Ryan Johnson","LAA","P","14","0","14.2","1","2","0","0","0","1","0","0","1","","0","","","","1.000","","35325","696270"
"Chase Burns","CIN","P","13","8","43.1","1","5","1","0","1","0","0","0","0","","4","","","",".857","","35333","695505"
"Trey Yesavage","TOR","P","3","3","14.0","1","0","0","0","0","0","0","0","0","","0","","","","1.000","","35456","702056"
"Payton Tolle","BOS","P","7","3","16.1","0","1","0","0","0","1","1","0","0","","3","","","","1.000","","35466","801139"
