Name,Team,G,PA,HR,R,RBI,SB,BB%,K%,ISO,BABIP,AVG,OBP,SLG,wOBA,xwOBA,wRC+,BsR,Off,Def,WAR,NameASCII,PlayerId,MLBAMID
"Shohei Ohtani","LAD",158,727,55,146,102,20,0.149931224,0.257221458,0.340425532,0.315363881,0.281505728,0.391724137,0.62193126,0.4178216946885941,0.4387970404191451,172.3156045629402,3.6801422368735075,65.99055639918078,-17.067899703979492,7.480405959827134,"Shohei Ohtani",19755,660271
"Geraldo Perdomo","ARI",161,720,20,98,100,27,0.130555555,0.115277777,0.172529313,0.302970297,0.289782244,0.389044943,0.462311557,0.3698901362224638,0.3610100362801922,137.98755046348717,3.761845950037241,36.17848551723169,9.031476855278015,7.076719998386071,"Geraldo Perdomo",22799,672695
"Trea Turner","PHI",141,639,15,94,69,36,0.067292644,0.167449139,0.152801358,0.34968017,0.303904923,0.355242566,0.456706281,0.35156535943473766,0.32529203121938677,124.8082278067238,7.954947719350457,26.743391308188887,17.235366821289062,6.674995202495156,"Trea Turner",16252,607208
"Corbin Carroll","ARI",143,642,31,107,84,32,0.10436137,0.238317757,0.281914893,0.299479166,0.258865248,0.342679127,0.540780141,0.37149713461675615,0.3825083798582449,139.08839604480144,10.266325190663338,40.0087987227999,2.5441479682922363,6.539330077984362,"Corbin Carroll",25878,682998
"Francisco Lindor","NYM",160,732,31,117,86,31,0.088797814,0.178961748,0.198757764,0.288343558,0.267080745,0.345628415,0.465838509,0.3501807249572179,0.3548816119460325,128.77125428201668,2.749625878408551,27.71074668561195,9.21214747428894,6.2697021267419295,"Francisco Lindor",12916,596019
"Fernando Tatis Jr.","SDP",155,691,25,111,71,32,0.128798842,0.186685962,0.178451179,0.30316742,0.267676767,0.367583212,0.446127946,0.3532081374473739,0.3811020367996283,131.28272564346076,5.806268977001309,31.426134095750502,5.128045558929443,6.092397216795801,"Fernando Tatis Jr.",19709,665487
"Juan Soto","NYM",160,715,43,120,105,38,0.177622377,0.191608391,0.26169844,0.270471464,0.263431542,0.395511921,0.525129982,0.38982828523431506,0.44090491473589505,155.93110814120718,2.7114840243011713,50.10879153492784,-17.155375003814697,5.805699921525191,"Juan Soto",20123,665742
"Pete Crow-Armstrong","CHC",157,647,31,91,95,35,0.044822256,0.239567233,0.233502538,0.275779376,0.247038917,0.287051482,0.480541455,0.3234034123830497,0.3343713062711563,108.9191437637993,6.716142592951655,13.55560002070975,17.59115695953369,5.389356173289711,"Pete Crow-Armstrong",27769,691718
"Kyle Schwarber","PHI",162,724,56,111,132,10,0.14917127,0.272099447,0.322847682,0.252840909,0.240066225,0.364640883,0.562913907,0.39137705031543724,0.41357094140897405,152.08051640783808,-1.0830977391451597,43.606665500013534,-19.549630165100098,4.926128476834927,"Kyle Schwarber",16478,656941
"Nico Hoerner","CHC",156,649,7,89,61,29,0.060092449,0.07550077,0.096828047,0.312614259,0.297161936,0.345146379,0.393989983,0.324089211722215,0.3266370669815892,109.3889383665007,4.544913096353412,11.766878285297405,13.547824621200562,4.799472874110018,"Nico Hoerner",21479,663538
"Matt Olson","ATL",162,724,29,98,95,1,0.125690607,0.243093922,0.211538461,0.332547169,0.272435897,0.366022099,0.483974358,0.3663292339799147,0.3707314754491375,136.0615266903134,-4.790764870122075,26.1532656616137,-4.206103324890137,4.710262064467422,"Matt Olson",14344,621566
"Ketel Marte","ARI",126,556,28,87,72,4,0.115107913,0.149280575,0.233333333,0.29032258,0.283333333,0.37589928,0.516666666,0.38054607012055136,0.4003584367515397,145.2872078795435,-3.3926189336925745,26.450522904507284,-0.015116095542907715,4.597524797616999,"Ketel Marte",13613,606466
"Kyle Tucker","CHC",136,597,22,91,73,25,0.145728643,0.147403685,0.198,0.282442748,0.266,0.377104377,0.464,0.3629035417631497,0.38203053255097424,135.97800271715482,3.759760405868292,29.21666454372981,-5.080698490142822,4.501844032956653,"Kyle Tucker",18345,663656
"Brice Turang","MIL",156,659,18,97,81,24,0.100151745,0.227617602,0.147260274,0.356294536,0.287671232,0.359208523,0.434931506,0.34630487177793573,0.34247005550005966,123.56972992154685,2.6061466094106436,21.01531738190402,0.1484394073486328,4.40882323599625,"Brice Turang",22186,668930
"Elly De La Cruz","CIN",162,699,22,102,86,37,0.095851216,0.258941344,0.176470589,0.337236533,0.263910969,0.336194563,0.440381558,0.3325369146115894,0.32981355047989447,108.50352613594754,9.365938464179635,16.41076708298317,2.727843761444092,4.337801853405038,"Elly De La Cruz",26668,682829
"Will Smith","LAD",110,436,17,64,61,2,0.14678899,0.20412844,0.201657459,0.344827586,0.29558011,0.403669724,0.497237569,0.3892415171382071,0.38579255904274423,152.73726379964666,-2.8969766180962324,24.35501761172782,1.6196469068527222,4.1418559195868,"Will Smith",19197,669257
"Andy Pages","LAD",156,624,27,74,86,14,0.046474358,0.216346153,0.189328744,0.308235294,0.271944922,0.3125,0.461273666,0.33191527751011723,0.3252459294170189,113.46694603698575,0.3859942778944969,10.34573230703044,8.520525187253952,4.0546059624713715,"Andy Pages",24816,681624
"Willy Adames","SFG",160,686,30,94,87,12,0.116618075,0.260932944,0.196277495,0.263427109,0.225042301,0.318248175,0.421319796,0.3207774200690787,0.33712310791015626,107.7213517013979,0.8595134355127811,7.137373864894004,9.570420265197754,4.044841554968089,"Willy Adames",15986,642715
"Kyle Stowers","MIA",117,457,25,61,73,5,0.105032822,0.273522975,0.255639098,0.355731225,0.288220551,0.368421052,0.543859649,0.38619400544408666,0.3872628676152862,148.79942673479505,0.9523557648062706,27.384057568302612,-3.6738064289093018,3.9816706979343404,"Kyle Stowers",26151,669065
"Freddie Freeman","LAD",147,627,24,81,90,6,0.095693779,0.20414673,0.206834533,0.342298288,0.294964028,0.366826156,0.501798561,0.3697290580118856,0.356859567669944,139.37060177554082,-1.6930969394743443,27.56417305989313,-10.371381998062134,3.8936026327130917,"Freddie Freeman",5361,518692
"Manny Machado","SDP",159,678,27,91,95,14,0.081120943,0.193215339,0.185365854,0.307359307,0.274796747,0.334808259,0.460162601,0.3411543614255922,0.36582128289550053,123.02550141793589,-0.7417483422905207,17.760861711744173,-3.5222429037094116,3.764978739894973,"Manny Machado",11493,592518
"Matt Chapman","SFG",128,535,21,76,61,9,0.13271028,0.235514018,0.198237885,0.270096463,0.231277533,0.340186915,0.429515418,0.33623319853111155,0.35129498542471327,118.30905700722285,0.8733118306845427,12.482823828643342,5.859816312789917,3.6980408823841877,"Matt Chapman",16505,656305
"William Contreras","MIL",150,659,17,89,76,6,0.127465857,0.182094081,0.139575972,0.298850574,0.259717314,0.355083459,0.399293286,0.3315742284287023,0.33986029202055856,113.47876548840496,-3.3323470633476973,7.195261717251871,6.542165517807007,3.6490167835235505,"William Contreras",20503,661388
"Pete Alonso","NYM",162,709,38,87,126,1,0.086036671,0.228490832,0.251602564,0.304849884,0.272435897,0.346967559,0.524038461,0.36833570584316144,0.39941701441367355,141.20800005483187,-5.411227373406291,29.216339639179992,-17.74122381210327,3.5877745039400835,"Pete Alonso",19251,624413
"Sal Frelick","MIL",142,594,12,76,63,19,0.079124579,0.134680134,0.117424243,0.317460317,0.287878787,0.350936967,0.40530303,0.33226253764998975,0.30604004533323526,113.95027944107807,2.533524563536048,12.35470201149054,2.823610305786133,3.575150723036754,"Sal Frelick",29622,686217
"Ronald Acuña Jr.","ATL",95,412,21,74,42,9,0.172330097,0.247572815,0.227810651,0.358139534,0.289940828,0.417475728,0.517751479,0.4028523605243832,0.4061548195633234,161.08104296056186,1.9225816987454891,31.74877758805327,-11.191688060760498,3.505864362949749,"Ronald Acuna Jr.",18401,660670
"Michael Busch","CHC",155,592,34,78,90,4,0.094594594,0.234797297,0.261450382,0.291784702,0.261450381,0.342905405,0.522900763,0.36859447440858617,0.3920504662298387,139.87647460022396,-3.3513580840080976,24.62767286838421,-10.10257863998413,3.5015095180528584,"Michael Busch",26319,683737
"Masyn Winn","STL",129,537,9,72,51,9,0.063314711,0.189944134,0.109979634,0.30104712,0.252545824,0.310280373,0.362525458,0.29734385303247757,0.2903162876022196,91.42323105092078,1.5603580065071583,-3.898379389728208,20.120283603668213,3.487871875995207,"Masyn Winn",27479,691026
"Bryce Harper","PHI",132,580,27,72,75,12,0.120689655,0.208620689,0.225548903,0.292134831,0.261477045,0.356896551,0.487025948,0.3609641829849536,0.3787326613369719,131.2467242056975,1.353697296231985,22.833322223286345,-8.218193411827087,3.469868265102889,"Bryce Harper",11579,547180
"Mookie Betts","LAD",150,663,20,95,82,8,0.092006033,0.102564102,0.147707979,0.258317025,0.258064516,0.325791855,0.405772495,0.31784157628551374,0.3380093711587557,103.82600808653768,-0.3313895515166223,2.6750579027190944,8.616137504577637,3.4123542926125174,"Mookie Betts",13611,605141
"Hunter Goodman","COL",144,579,31,73,91,1,0.056994818,0.262521588,0.242592593,0.331476323,0.277777777,0.322970639,0.52037037,0.3587744185549813,0.33230651749504936,117.70424184789086,-2.4102510306984186,9.739016714008063,4.1954667046666145,3.3968253134786615,"Hunter Goodman",29715,696100
"Dansby Swanson","CHC",159,645,24,84,77,20,0.072868217,0.260465116,0.172881356,0.297766749,0.244067796,0.29968944,0.416949152,0.3095082416319365,0.35528728449456043,99.40050492924945,4.7421546671539545,4.283865557778008,6.894751861691475,3.3395567792225505,"Dansby Swanson",18314,621020
"James Wood","WSN",157,689,31,87,94,15,0.123367198,0.320754716,0.219063545,0.3495702,0.255852842,0.349782293,0.474916387,0.35281340211148476,0.36848692767387997,127.29375842430733,-0.8517836704850197,21.436507414084037,-12.581394672393799,3.2516272035357385,"James Wood",29518,695578
"Xander Bogaerts","SDP",136,552,11,63,53,20,0.086956521,0.170289855,0.128309572,0.299492385,0.262729124,0.328493647,0.391038696,0.3131875612222365,0.334885371496918,103.86734386363368,1.6729235965758562,4.20307245091101,8.927435398101807,3.222649486588198,"Xander Bogaerts",12161,593428
"Patrick Bailey","SFG",135,452,6,47,55,1,0.066371681,0.294247787,0.102689487,0.307971014,0.222493887,0.276785714,0.325183374,0.26539691338049515,0.26593015871325326,69.7839235772586,-2.626504151150584,-18.813666065386524,35.22990369796753,3.218379784034217,"Patrick Bailey",27478,672275
"CJ Abrams","WSN",144,635,19,92,60,31,0.058267716,0.196850393,0.175862069,0.296127562,0.256896551,0.315457413,0.43275862,0.32365244561085393,0.31812627469947174,107.31756540218946,7.371014513075352,12.878261370517475,-3.3364992141723633,3.1380419029091504,"CJ Abrams",25768,682928
"Drake Baldwin","ATL",124,446,19,56,80,0,0.085201793,0.152466367,0.195061728,0.289308176,0.274074074,0.340807174,0.469135802,0.3506518264255182,0.36216089222997827,125.32199832860624,-1.4987492691725492,11.886517781926445,3.9120153188705444,3.1347544211987524,"Drake Baldwin",31539,686948
"Bryson Stott","PHI",147,560,13,66,66,24,0.096428571,0.1625,0.134268537,0.288220551,0.256513026,0.327956989,0.390781563,0.3152057655837848,0.31774080505918983,99.90073669076088,3.849933385848999,3.7840507475456033,7.914202451705933,3.1033471899024505,"Bryson Stott",26294,681082
"Eugenio Suárez","ARI",106,437,36,64,87,1,0.066361556,0.267734553,0.328165375,0.25,0.248062015,0.320366132,0.57622739,0.37501682163378514,0.35016114121183345,141.49949484494167,-4.050755329430103,17.443304480055215,-2.0820560455322266,3.059375039134119,"Eugenio Suarez",12552,553993
"Jackson Merrill","SDP",115,483,16,59,67,1,0.068322981,0.223602484,0.193181818,0.311526479,0.263636363,0.317427385,0.456818181,0.33119709861005914,0.3634741261694387,116.20445616275907,1.8950680363923311,11.171389637442246,2.269684672355652,3.0195200462223646,"Jackson Merrill",29490,701538
"Brandon Nimmo","NYM",155,652,25,81,92,13,0.076687116,0.216257668,0.173764907,0.301401869,0.262350936,0.324116743,0.436115843,0.3287401940272405,0.33058981088491585,114.08380106543058,1.3058202229440212,12.189147356952803,-4.5397162437438965,3.0023077215857725,"Brandon Nimmo",12927,607043
"Jackson Chourio","MIL",131,589,21,88,78,21,0.050933786,0.205432937,0.193078324,0.307506053,0.269581056,0.307823129,0.46265938,0.32846995980004434,0.31884375707051216,111.35224164419445,3.056685835123062,10.9815372363228,-1.9517136812210083,2.9290613265337595,"Jackson Chourio",28806,694192
"Max Muncy","LAD",100,388,19,48,67,4,0.164948453,0.213917525,0.226837061,0.263888888,0.242811501,0.376288659,0.469648562,0.3660966017394486,0.3875558487491904,136.88225240877588,0.4306705463677645,17.391354713926503,-1.7295278310775757,2.9233118960328768,"Max Muncy",13301,571970
"Jake Cronenworth","SDP",135,515,11,61,59,3,0.133980582,0.20776699,0.131264916,0.298701298,0.245823389,0.366666666,0.377088305,0.3330861906171548,0.324167597012257,117.49854494100151,-0.6324701569974422,10.048319738919025,1.3006732761859894,2.914415061281862,"Jake Cronenworth",18036,630105
"TJ Friedl","CIN",152,685,14,82,53,12,0.118248175,0.167883211,0.117443868,0.301098901,0.260794473,0.364170337,0.378238341,0.33261985330679694,0.3068005730124081,108.56034180948117,1.8264444209635258,8.77630165717805,-3.4704926013946533,2.874871378430566,"TJ Friedl",19522,670770
"Brendan Donovan","STL",118,515,10,64,50,3,0.081553398,0.130097087,0.134782609,0.315245478,0.286956521,0.35282651,0.42173913,0.33701156775156654,0.3564694273705576,118.59689135104449,-0.5290522873401642,10.822148050024808,-0.09978049993515015,2.8503034341142386,"Brendan Donovan",24679,680977
"Ian Happ","CHC",150,663,23,87,79,6,0.131221719,0.227752639,0.177504394,0.2875,0.242530755,0.342383107,0.420035149,0.3334078720225509,0.36325579556551846,115.77252036124874,-3.3135265223681927,9.080397540105192,-3.6878528594970703,2.808848502798784,"Ian Happ",17919,664023
"Willson Contreras","STL",135,563,20,70,80,5,0.078152753,0.252220248,0.189795918,0.319277108,0.257142857,0.34402852,0.446938775,0.34426162796361104,0.3688495048058076,123.56341575893369,-2.4634075686335564,13.259789101953173,-4.997234344482422,2.762045471597064,"Willson Contreras",11609,575929
"Gabriel Moreno","ARI",83,309,9,44,40,2,0.093851132,0.171521035,0.148014441,0.322580645,0.285198555,0.352750809,0.433212996,0.3396805127461751,0.3532990502529457,117.29298683781217,-0.4333619400858879,5.89983066685149,10.072312712669373,2.6861127832414122,"Gabriel Moreno",22664,672515
"Iván Herrera","STL",107,452,19,54,66,8,0.095132743,0.185840707,0.180412371,0.314878892,0.283505154,0.373333333,0.463917525,0.36456602705613544,0.37961256771344243,137.47258212875454,0.6493479590862989,20.723918388956193,-9.66788825392723,2.6699634750740735,"Ivan Herrera",20599,671056
"Caleb Durbin","MIL",136,506,11,60,53,18,0.059288537,0.098814229,0.130337078,0.265463917,0.256179775,0.333996023,0.386516853,0.31931711404508434,0.315639852292495,105.08224794564076,2.324430264532566,5.372329265668341,3.642627477645874,2.644974252493206,"Caleb Durbin",29646,702332
"Carson Kelly","CHC",111,421,17,48,50,2,0.106888361,0.190023752,0.178861788,0.27173913,0.249322493,0.332541567,0.428184281,0.33160556651067846,0.33078916282381976,114.53788312329624,-3.2383926417678595,4.015606078911524,7.65091609954834,2.6268877476042833,"Carson Kelly",13620,608348
"Isaac Collins","MIL",130,441,9,56,54,16,0.1292517,0.210884353,0.147849462,0.326007326,0.26344086,0.367579908,0.411290322,0.3444176029124761,0.3240047428646131,122.27689005395746,1.1655479799956083,12.809150104431087,-2.083733320236206,2.5986890839561125,"Isaac Collins",25477,686555
"Seiya Suzuki","CHC",151,651,32,75,103,5,0.10906298,0.251920122,0.232924694,0.281984334,0.245183887,0.325652841,0.478108581,0.34336035976043117,0.36551784991483294,122.59029453466638,-0.5240462403744459,16.905941742152088,-13.181694500148296,2.5973078788473174,"Seiya Suzuki",30116,673548
"Xavier Edwards","MIA",139,619,3,75,43,27,0.079159935,0.142164781,0.069518717,0.329809725,0.283422459,0.342532467,0.352941176,0.3083631902059437,0.2958432461353058,95.48281525010997,3.6122172567993402,0.2982157001685031,3.8364017605781555,2.5303527744291334,"Xavier Edwards",22266,669364
"Christian Yelich","MIL",150,644,29,88,103,16,0.099378881,0.25931677,0.188481675,0.322751322,0.263525305,0.343167701,0.45200698,0.3431630712878368,0.34118611621706973,121.41749554522096,2.847323501482606,19.194726098316266,-16.724196553230286,2.4452059998400006,"Christian Yelich",11477,592885
"Brandon Marsh","PHI",133,425,11,59,43,7,0.089411764,0.258823529,0.16358839,0.362595419,0.279683377,0.342042755,0.443271767,0.33920695114703403,0.3420677458187276,116.34232068203916,2.613740073516965,10.845579003875748,-1.2933074831962585,2.424191085062548,"Brandon Marsh",20202,669016
"Jung Hoo Lee","SFG",150,617,8,73,55,10,0.07617504,0.115072933,0.141071429,0.290721649,0.266071428,0.327390599,0.407142857,0.3199864445281376,0.32462699083777946,107.17950801800322,3.4935815017670393,8.743759826431402,-5.664755344390869,2.4155415363214243,"Jung Hoo Lee",33824,808982
"Otto Lopez","MIA",143,594,15,66,77,15,0.074074074,0.138047138,0.121323529,0.264444444,0.246323529,0.304713804,0.367647058,0.2948251313253029,0.3386504092458951,86.20880953158606,0.7152212839573622,-8.993955466294512,11.842464447021484,2.3136575366026206,"Otto Lopez",19608,672640
"Brett Baty","NYM",130,432,18,53,50,8,0.076388888,0.25,0.180661577,0.303703703,0.254452926,0.313225058,0.435114503,0.3236704915416213,0.3442046054573946,110.61089182065844,0.509192418307066,5.942069001924521,2.1483007073402405,2.2984511029142958,"Brett Baty",26123,683146
"Jakob Marsee","MIA",55,234,5,28,33,14,0.094017094,0.205128205,0.186602871,0.356687898,0.291866028,0.363247863,0.478468899,0.3633179086395818,0.3525901761689411,133.1285647262201,2.2423413451761007,11.43016569622729,1.7980303764343262,2.1500418990151138,"Jakob Marsee",31370,805300
"Jeff McNeil","NYM",122,462,12,42,54,3,0.106060606,0.119047619,0.167919799,0.25297619,0.243107769,0.334782608,0.411027568,0.3237252002745344,0.33435674299273577,110.64836906214204,-0.0038776546716690063,5.826803274427162,-0.5422672778367996,2.1135114935470387,"Jeff McNeil",15362,643446
"Alec Burleson","STL",139,546,18,54,69,5,0.071428571,0.144688644,0.169014085,0.311881188,0.28973843,0.342541436,0.458752515,0.3455924883319883,0.35212571634211215,124.47509791187049,-0.9695299360901117,14.868869313741833,-12.437286138534546,2.1075891387028065,"Alec Burleson",27615,676475
"J.T. Realmuto","PHI",134,550,12,57,52,8,0.063636363,0.234545454,0.12749004,0.321428571,0.256972111,0.315118397,0.384462151,0.3065890470777985,0.3229333919330235,93.99800739965843,0.6543751005083323,-3.258106885183002,5.317499876022339,2.0831270641412027,"J.T. Realmuto",11739,592663
"Sean Murphy","ATL",94,337,16,34,45,0,0.103857566,0.3115727,0.209621993,0.242774566,0.199312714,0.299703264,0.408934707,0.3087859581268969,0.3213060344764572,96.64253213367084,-0.8631005007773638,-2.204122713137461,10.698239207267761,2.016340521117266,"Sean Murphy",19352,669221
"Andrew Vaughn","MIL",64,254,9,26,46,0,0.094488188,0.145669291,0.185520362,0.327777777,0.307692307,0.375494071,0.493212669,0.3728628719277062,0.3835960358027884,141.76281413199695,-1.4841595739126205,11.08822559766715,-0.9704363346099854,1.899896552189882,"Andrew Vaughn",26197,683734
"Francisco Alvarez","NYM",76,277,11,32,32,0,0.097472924,0.263537906,0.191056911,0.320987654,0.25609756,0.33935018,0.447154471,0.3429317134382062,0.33260136132636225,123.80544826258107,-1.009816724807024,6.805567583909298,1.7574836015701294,1.819128814934996,"Francisco Alvarez",26121,682626
"Victor Scott II","STL",138,463,5,54,37,34,0.090712742,0.23974082,0.08040201,0.284210526,0.216080402,0.304635761,0.296482412,0.27411075209413405,0.28919196339835107,75.5078097293788,5.874148452654481,-7.565961492940058,9.205174803733826,1.7439537720782263,"Victor Scott II",31349,687363
"Alec Bohm","PHI",120,504,11,53,59,2,0.057539682,0.162698412,0.122844827,0.323607427,0.286637931,0.331349206,0.409482758,0.32239461855755913,0.33241803902553846,104.82533217200427,-2.8190098721534014,0.06337491792509686,0.16434451937675476,1.7391210859183275,"Alec Bohm",21618,664761
"Spencer Horwitz","PIT",108,411,11,55,51,0,0.107055961,0.177615571,0.162087913,0.313167259,0.271978021,0.352798053,0.434065934,0.3435342260977117,0.3317841922535616,119.03362238535505,-0.3476873282343149,8.923972230013083,-5.703609466552734,1.7286958394290037,"Spencer Horwitz",26477,687462
"Miguel Rojas","LAD",114,317,7,35,27,5,0.075709779,0.14511041,0.134482759,0.29113924,0.262068965,0.318471337,0.396551724,0.3121508561765043,0.29683205389207407,99.92768179775628,0.847054336220026,0.8198836198181197,5.4786988496780396,1.7236217177761195,"Miguel Rojas",7802,500743
"Austin Riley","ATL",102,447,16,54,54,2,0.060402684,0.286353467,0.168269231,0.336996336,0.259615384,0.308724832,0.427884615,0.318424928883266,0.3374457252399804,103.24553709201689,-1.5260131284594536,0.19343193969458605,1.1448217630386353,1.658691280972555,"Austin Riley",18360,663586
"Edmundo Sosa","PHI",89,261,11,30,39,1,0.038314176,0.214559386,0.193415638,0.314606741,0.275720164,0.307392996,0.469135802,0.33199099367230783,0.3002638518810272,111.39915774596037,-1.0522935558110476,2.4739107933254694,4.735524892807007,1.6261664523657509,"Edmundo Sosa",17022,624641
"Luis Torrens","NYM",93,283,5,20,29,1,0.067137809,0.197879858,0.118773947,0.27,0.226053639,0.283687943,0.344827586,0.2776417647693174,0.3501773861283106,79.07973369331869,-0.8454207703471184,-7.862362174675139,13.949424505233765,1.5862306273359112,"Luis Torrens",15905,620443
"Oneil Cruz","PIT",135,544,20,62,61,38,0.117647058,0.319852941,0.178343949,0.262411347,0.199575371,0.297794117,0.37791932,0.29478162118682155,0.3334441911775383,85.63652013289894,5.754871541634202,-3.5060195189897616,0.8734859824180603,1.5826578030524672,"Oneil Cruz",21711,665833
"Pedro Pagés","STL",112,389,11,38,45,0,0.048843187,0.275064267,0.132963989,0.292682926,0.229916897,0.272020725,0.362880886,0.2755867348088847,0.2640178340891893,76.51890535673009,-2.6887663640081882,-13.51461987340674,15.90619707107544,1.5690036884264598,"Pedro Pages",25782,686780
"Jared Triolo","PIT",107,376,7,41,24,13,0.103723404,0.202127659,0.129909366,0.273092369,0.226586102,0.310991957,0.356495468,0.2958116839008947,0.32053887972267725,86.34214621895569,2.1286892890930176,-3.957767030980178,6.0905667543411255,1.4982701868955295,"Jared Triolo",25807,669707
"Matt Shaw","CHC",126,437,13,57,44,17,0.086956521,0.215102974,0.167938931,0.262068965,0.226463104,0.295194508,0.394402035,0.3000826541018977,0.31121206721034617,92.9436743433649,1.646306850016117,-2.008414400582608,1.5555936396121979,1.4413978504164162,"Matt Shaw",33322,807713
"Daylen Lile","WSN",91,351,9,51,41,8,0.059829059,0.159544159,0.199376947,0.335907335,0.29906542,0.346704871,0.498442367,0.360405582411583,0.35314784008998923,132.49464609512847,1.608221959322691,15.126243482693246,-13.050431728363037,1.407329359548761,"Daylen Lile",29995,695734
"Matt McLain","CIN",147,577,15,73,50,18,0.095320623,0.289428076,0.123529411,0.292168674,0.219607843,0.299651567,0.343137254,0.28649665659313,0.29413319136849186,76.96446873414527,3.407132303342223,-12.346048288606536,6.795814156532288,1.3964860409700597,"Matt McLain",29695,680574
"Ke'Bryan Hayes","- - -",152,570,5,50,49,12,0.063157894,0.194736842,0.070208729,0.288834951,0.235294117,0.289982425,0.305502846,0.26588957431450694,0.2874203850241268,64.87872475695353,-0.8831943944096565,-24.610003604771073,19.222529411315918,1.3893075510219368,"Ke'Bryan Hayes",18577,663647
"Josh Naylor","ARI",93,394,11,49,59,11,0.093908629,0.124365482,0.154727794,0.310580204,0.29226361,0.359693877,0.446991404,0.3471567655347057,0.3502118408833979,122.41446043496948,-1.347700323909521,9.119215137808814,-8.667777180671692,1.387525212636863,"Josh Naylor",18839,647304
"Michael Harris II","ATL",160,641,20,55,86,20,0.024960998,0.199687987,0.160392798,0.280851063,0.248772504,0.268445839,0.409165302,0.28865430508769535,0.32337431802358535,82.851702365906,2.0772860758006573,-10.950578877362792,2.9636553525924683,1.3650644483996364,"Michael Harris II",25931,671739
"Joey Ortiz","MIL",149,506,7,62,45,14,0.053359683,0.146245059,0.087234042,0.259640102,0.229787234,0.276,0.317021276,0.2631502192020416,0.27803275954555456,66.60611864537773,2.543871134519577,-17.48293171206355,13.915241241455078,1.3576119731115726,"Joey Ortiz",25493,687401
"Gavin Sheets","SDP",145,545,19,57,71,2,0.080733944,0.196330275,0.176829268,0.283783783,0.25203252,0.317431192,0.428861788,0.3230827439795522,0.34728933524381633,110.64586228243091,-1.5580359771847725,5.318529011911534,-10.287167727947235,1.3470494170854665,"Gavin Sheets",19901,657757
"Ozzie Albies","ATL",157,667,16,74,74,14,0.08245877,0.140929535,0.12437811,0.259036144,0.240464344,0.305847076,0.364842454,0.2945410410264381,0.3038787611995835,86.88430580194277,2.1776133347302675,-8.190776602861021,-0.99379563331604,1.3310446515990084,"Ozzie Albies",16556,645277
"Ryan McMahon","COL",100,401,16,42,35,2,0.122194513,0.316708229,0.185714285,0.288461538,0.217142857,0.314214463,0.402857142,0.31425344333052635,0.34264696929090305,87.20594202026344,0.5669974181801081,-5.513608990634911,5.102988004684448,1.3231566628360103,"Ryan McMahon",15112,641857
"Joey Bart","PIT",93,332,4,21,30,1,0.120481927,0.280120481,0.09122807,0.356382978,0.249122807,0.355421686,0.340350877,0.3166347312999059,0.32627381474138745,100.60660335849975,-2.0367277171462774,-1.7980361367610085,3.6079097390174866,1.315436772286711,"Joey Bart",21524,663698
"Rafael Devers","SFG",90,395,20,52,51,0,0.141772151,0.293670886,0.223880597,0.293532338,0.235820895,0.346835443,0.459701492,0.34807722285694004,0.3588041417738971,126.42259457538496,-4.105357060208917,8.264559280812628,-8.887361317873001,1.28102142712147,"Rafael Devers",17350,646240
"Jurickson Profar","ATL",80,371,14,56,43,9,0.129380053,0.159029649,0.188679246,0.261224489,0.245283018,0.35309973,0.433962264,0.34613171484913785,0.3320076550060137,122.22557653155958,-0.006197489798069,9.766650660197326,-9.841568946838379,1.255370956323935,"Jurickson Profar",10815,595777
"Heriberto Hernández","MIA",87,294,10,40,45,1,0.105442176,0.261904761,0.171875,0.335260115,0.265625,0.346938775,0.4375,0.34113205148249254,0.3395283320178724,117.93053907429874,-1.7958330530673265,4.452078642329292,-1.9894475936889648,1.2528544559043326,"Heriberto Hernandez",24878,681715
"Austin Hays","CIN",103,416,15,60,64,7,0.069711538,0.257211538,0.186842105,0.325757575,0.265789473,0.314903846,0.452631578,0.32672177060790686,0.3104163565286776,104.51996547783054,1.311043018475175,3.5395944131909767,-5.262074589729309,1.2400031969276215,"Austin Hays",19363,669720
"Marcell Ozuna","ATL",145,592,21,61,68,0,0.158783783,0.243243243,0.168377823,0.279635258,0.232032854,0.355329949,0.400410677,0.3340776355238236,0.36245246640259,113.9681445333606,-2.7548648566007614,7.04577956255736,-14.799382209777832,1.222120014092505,"Marcell Ozuna",10324,542303
"Harrison Bader","PHI",50,194,5,30,16,1,0.06185567,0.283505154,0.158192091,0.415254237,0.305084745,0.360824742,0.463276836,0.35762136037816705,0.29905732145014496,128.9567832145499,-1.2885281797498465,5.369509528565204,-0.07938408851623535,1.2017015380050857,"Harrison Bader",18030,664056
"Tommy Edman","LAD",97,377,13,49,49,3,0.050397877,0.161803713,0.156069364,0.234657039,0.225433526,0.27393617,0.38150289,0.28409642139647867,0.32751385285892587,80.7094917400987,0.024904467165470123,-8.59453901675632,7.778307318687439,1.1999517757220004,"Tommy Edman",19470,669242
"Tyler Stephenson","CIN",88,342,13,40,50,0,0.108187134,0.339181286,0.190635452,0.32183908,0.23076923,0.315789473,0.421404682,0.3193265329008578,0.3204807078344582,99.45398981694092,-1.0266852229833603,-1.2480054230735715,0.8221554756164551,1.1207383714716102,"Tyler Stephenson",17988,663886
"Heliot Ramos","SFG",157,695,21,85,69,6,0.074820143,0.227338129,0.143548388,0.308724832,0.256451612,0.328057553,0.4,0.318876088267625,0.3293392807028982,106.41887827038718,-2.588196150958538,2.6991549475796006,-15.115594387054443,1.0957076648204862,"Heliot Ramos",22515,671218
"Bryan Reynolds","PIT",154,654,16,68,73,3,0.087155963,0.264525993,0.156729132,0.319201995,0.245315161,0.318042813,0.402044293,0.3146605150257829,0.349404691918496,99.2542017197389,0.48780518397688866,-0.09028198719782354,-11.087283372879028,1.0828791857412248,"Bryan Reynolds",19326,668804
"Jesús Sánchez","MIA",86,337,10,40,36,9,0.086053412,0.207715133,0.163934427,0.299559471,0.255737704,0.320474777,0.419672131,0.3205475351285367,0.35023573466709684,103.82948337179909,-0.5477551203221083,0.9817970505110294,-1.6520740985870361,1.0787083711360856,"Jesus Sanchez",19913,660821
"Noelvi Marte","CIN",90,360,14,45,51,10,0.044444444,0.236111111,0.185840708,0.309917355,0.262536873,0.3,0.448377581,0.3211678052941958,0.3126427511150917,100.71532062187597,1.1834048088639975,1.4886138904106425,-3.1307599544525146,1.0575754333777172,"Noelvi Marte",26517,682622
"Blaze Alexander","ARI",74,266,7,31,28,4,0.082706766,0.32330827,0.152173913,0.333333333,0.230434782,0.323193916,0.382608695,0.31340044510228554,0.3093690835653137,99.29029533222675,-1.0460074972361326,-1.2697525822688869,2.665300726890564,1.0483550461748852,"Blaze Alexander",23789,677942
"Mike Yastrzemski","SFG",97,372,8,38,28,6,0.126344086,0.231182795,0.124610591,0.289473684,0.230529595,0.329729729,0.355140186,0.3029225870885484,0.30143863552219263,95.49021689657647,1.6261105071753263,-0.36223934244319045,-1.9317681789398193,1.0317347659339253,"Mike Yastrzemski",14854,573262
"Jacob Young","WSN",120,364,2,34,31,15,0.074175824,0.178571428,0.055555556,0.282945736,0.231481481,0.295774647,0.287037037,0.264013409614563,0.3002161128662801,66.46290774755558,-0.019379548728466034,-14.4877958055378,12.231627821922302,1.0083709458271588,"Jacob Young",29931,696285
"Liam Hicks","MIA",119,390,6,37,45,2,0.11025641,0.143589743,0.099397591,0.278388278,0.246987951,0.346253229,0.346385542,0.31273318353549456,0.3181038200081169,98.4764012202611,-0.8097190521657467,-1.51397322503255,-1.6459323167800903,1.0044219382411343,"Liam Hicks",29844,689414
"Graham Pauley","MIA",62,184,4,18,11,2,0.114130434,0.195652173,0.142857143,0.262295081,0.223602484,0.311475409,0.366459627,0.3001943393483188,0.3063848943658214,89.88688970160203,-0.7104562763124704,-2.915904023526321,6.284334301948547,0.9710439753586302,"Graham Pauley",31363,688363
"Spencer Steer","CIN",146,568,21,66,75,7,0.089788732,0.227112676,0.172888016,0.27700831,0.237721021,0.312169312,0.410609037,0.315815327554363,0.30045708189619347,97.04870123388791,-0.4445736613124609,-2.4313808273474304,-7.090304851531982,0.9595171576118207,"Spencer Steer",26323,668715
"Alex Call","- - -",110,322,5,43,31,2,0.111801242,0.170807453,0.118518519,0.313084112,0.266666666,0.360759493,0.385185185,0.3314664688291429,0.3222872599577292,112.82532246310346,-1.441517997533083,3.4530951306893156,-4.984561264514923,0.9395318030960775,"Alex Call",19296,669743
"Nick Gonzales","PIT",96,408,5,39,30,0,0.051470588,0.178921568,0.102362205,0.306188925,0.259842519,0.299019607,0.362204724,0.28886351690572853,0.29970029413846555,81.58242837354327,-0.44555485248565674,-9.351637814901443,4.6208906173706055,0.9049845544250105,"Nick Gonzales",27490,693304
"Luis Arraez","SDP",154,675,8,66,61,11,0.05037037,0.031111111,0.1,0.289297658,0.291935483,0.32730015,0.391935483,0.3134299959891882,0.3028110394166706,104.03341947572119,-0.4627410043030977,2.7640539531683057,-16.563043117523193,0.8861673296855248,"Luis Arraez",18568,650333
"Rhys Hoskins","MIL",90,328,12,30,43,2,0.115853658,0.277439024,0.17921147,0.296703296,0.236559139,0.332317073,0.415770609,0.32435598439234165,0.32020962018908167,108.53403618407047,-1.0861632786691189,2.2314253166409426,-4.536741256713867,0.8807837421174182,"Rhys Hoskins",16472,656555
"Jordan Beck","COL",148,588,16,62,53,19,0.073129251,0.295918367,0.157699443,0.351428571,0.257884972,0.316865417,0.415584415,0.3189856100326096,0.309064264166845,90.44762839813002,-0.18317646905779839,-6.840240598897106,-4.1625285148620605,0.8760719826879715,"Jordan Beck",31431,687597
"Nolan Arenado","STL",107,436,12,48,52,3,0.064220183,0.112385321,0.139650873,0.241279069,0.23690773,0.288990825,0.376558603,0.2865840035180251,0.29395057660438517,84.05238809571821,-1.6550631914287806,-9.895995622926549,3.750366687774658,0.8555479200070524,"Nolan Arenado",9777,571448
"Miguel Amaya","CHC",28,103,4,14,25,0,0.038834951,0.213592233,0.21875,0.323943661,0.28125,0.31372549,0.5,0.3456735511620839,0.30893409953397866,124.17490503725807,-0.13906823098659515,2.8121152225778343,2.0575925707817078,0.8488862597888949,"Miguel Amaya",21693,665804
"Lars Nootbaar","STL",135,583,13,68,48,4,0.109777015,0.204116638,0.127701375,0.278947368,0.233791748,0.324742268,0.361493123,0.3041559130416633,0.32354066944287024,96.08971123372274,-1.514578215777874,-4.21649264622931,-7.035472631454468,0.8335540474923663,"Lars Nootbaar",21454,663457
"Ezequiel Tovar","COL",95,390,9,44,33,5,0.053846153,0.251282051,0.147222223,0.321568627,0.252777777,0.294270833,0.4,0.3005124718571703,0.33023227072511047,77.79293465004093,-0.3171851448714733,-10.58197312436463,5.7005990743637085,0.8282941660078962,"Ezequiel Tovar",24064,678662
"Hyeseong Kim","LAD",71,170,3,19,17,13,0.04117647,0.305882352,0.105590062,0.396226415,0.279503105,0.313609467,0.385093167,0.3056512221076785,0.2593477463581153,95.47522343174936,1.6660216059535742,0.7543461436886096,1.5935818552970886,0.81897208362749,"Hyeseong Kim",35322,808975
"Jake Bauers","MIL",86,218,7,28,28,8,0.14678899,0.270642201,0.163934426,0.305084745,0.234972677,0.353211009,0.398907103,0.3328795608836934,0.36426381711606626,114.37296019969206,1.0515753254294395,4.765190710516245,-4.131884574890137,0.8069564790939596,"Jake Bauers",15194,641343
"Tyrone Taylor","NYM",113,341,2,34,27,12,0.046920821,0.2228739,0.096774193,0.286324786,0.222580645,0.27893175,0.319354838,0.26436372598012287,0.3049436296735491,69.98385009970679,2.542940717190504,-9.588253908070318,5.956337332725525,0.7893132223378053,"Tyrone Taylor",13675,621438
"Nasim Nuñez","WSN",39,92,4,13,13,9,0.086956521,0.217391304,0.170731707,0.254237288,0.231707317,0.296703296,0.402439024,0.30391916927400525,0.3002634782057542,93.79963648736965,1.7638321314007044,1.087750424717262,3.3607900738716125,0.7683470669411198,"Nasim Nunez",25979,683083
"Lourdes Gurriel Jr.","ARI",129,546,19,52,80,10,0.056776556,0.139194139,0.17,0.253623188,0.248,0.294871794,0.418,0.3066032725376087,0.3197493553161621,94.63401352769503,-0.6849011704325676,-4.157354536036623,-6.577397808432579,0.7605082408962538,"Lourdes Gurriel Jr.",19238,666971
"Reese McGuire","CHC",45,140,9,17,24,0,0.028571428,0.192857142,0.218045113,0.212121212,0.225563909,0.244604316,0.443609022,0.2904465262838405,0.26560575944663833,86.34261688919167,-0.9647057373076677,-3.230861375673332,5.9606287479400635,0.7559067362542669,"Reese McGuire",15674,624512
"Isiah Kiner-Falefa","PIT",119,428,1,40,35,15,0.039719626,0.161214953,0.06733167,0.31626506,0.264339152,0.300236406,0.331670822,0.279264158390938,0.2689517947798925,75.00655907461208,1.316391944885254,-11.361995682794221,4.460206024348736,0.7509479364339675,"Isiah Kiner-Falefa",16512,643396
"Austin Wynns","CIN",18,43,3,6,11,0,0.069767441,0.279069767,0.3,0.52,0.4,0.441860465,0.7,0.4829408193743506,0.3959881538568541,211.53503790258503,-0.18378679268062115,5.500473810229057,0.34284907206892967,0.7442346801802909,"Austin Wynns",15271,642851
"James McCann","ARI",42,137,5,18,17,0,0.05839416,0.240875912,0.170731707,0.313953488,0.260162601,0.323529411,0.430894308,0.3283093313083929,0.3241406889522777,109.50336185463483,-0.23725100606679916,1.3058417727904046,1.314765140414238,0.7345250257795924,"James McCann",12859,543510
"Nick Allen","ATL",135,416,0,32,22,8,0.07451923,0.237980769,0.029649596,0.298181818,0.221024258,0.284313725,0.250673854,0.24515945756552265,0.25206224789173143,53.05633301470826,-0.5045708399266005,-23.649963220967326,16.96232557296753,0.7320054496112469,"Nick Allen",22277,669397
"Luis García Jr.","WSN",139,526,16,67,66,14,0.051330798,0.159695817,0.159836065,0.26952141,0.25204918,0.288973384,0.411885245,0.299975863411313,0.34823567630680463,91.09834515432694,-0.9318477623164654,-6.481307448002228,-3.8754559755325317,0.7310930420289108,"Luis Garcia Jr.",20391,671277
"Javier Sanoja","MIA",120,342,6,40,38,6,0.055555555,0.11988304,0.153354633,0.259259259,0.242811501,0.286982248,0.396166134,0.2944172633117473,0.2849614853675005,85.92940682522564,-0.233528895303607,-5.936914277938588,1.669739544391632,0.7277227724175455,"Javier Sanoja",28253,691594
"Casey Schmitt","SFG",95,348,12,34,40,0,0.077586206,0.238505747,0.163461538,0.281818181,0.237179487,0.305475504,0.400641025,0.30719878942291173,0.33374962779138817,98.41955301869663,-1.2918815650045872,-1.9437401371611214,-2.597338646184653,0.7201254190480577,"Casey Schmitt",27577,669477
"Andruw Monasterio","MIL",68,135,4,19,16,2,0.051851851,0.237037037,0.166666667,0.333333333,0.269841269,0.318518518,0.436507936,0.3276468285807857,0.29403005529333043,110.78837028702253,-1.0142907835543156,0.7118802259846462,1.7446818947792053,0.7109323709303154,"Andruw Monasterio",19455,655316
"Ronny Mauricio","NYM",61,184,6,19,10,4,0.081521739,0.29347826,0.142857143,0.296296296,0.226190476,0.29347826,0.369047619,0.29006343298271053,0.2936698744968815,87.58897590154596,0.7227224428206682,-1.9838499499365176,2.7937240600585938,0.7092716595057115,"Ronny Mauricio",23698,677595
"Pavin Smith","ARI",87,288,8,36,28,2,0.142361111,0.319444444,0.176229508,0.376712328,0.258196721,0.362369337,0.434426229,0.3478144342665906,0.3265205596710418,122.86498466700075,-2.018850615248084,5.785874434049552,-8.561374306678772,0.6965016496814779,"Pavin Smith",19892,656976
"Starling Marte","NYM",98,329,9,37,34,7,0.0668693,0.20668693,0.13993174,0.318181818,0.269624573,0.335365853,0.409556313,0.3261936228813195,0.32639733999053394,112.33931793249997,-1.589100943878293,3.222407563769181,-7.52432382106781,0.6799109523951117,"Starling Marte",9241,516782
"Ramón Laureano","SDP",50,198,9,27,30,3,0.065656565,0.237373737,0.21978022,0.314960629,0.269230769,0.323232323,0.489010989,0.3474567731221517,0.3701971805456913,127.34285611624978,-0.4566592797636986,5.959915694852582,-5.9317628145217896,0.6769535317640434,"Ramon Laureano",17128,657656
"Eli White","ATL",105,271,10,43,35,10,0.040590405,0.258302583,0.171875,0.282485875,0.234375,0.27037037,0.40625,0.28965039080403554,0.31972115048754973,83.53405311581214,1.507818004116416,-3.780897513834833,1.340465784072876,0.6729083474632038,"Eli White",19346,642201
"Miguel Andujar","CIN",34,110,4,14,17,0,0.054545454,0.172727272,0.18446602,0.4125,0.3592233,0.4,0.54368932,0.40660682862455194,0.3305529323192911,159.2437993304363,-2.2291970681399107,5.494581119492418,-2.65169358253479,0.6653480508733274,"Miguel Andujar",15878,609280
"Bryce Johnson","SDP",55,84,1,9,8,4,0.035714285,0.226190476,0.092105263,0.446428571,0.342105263,0.382716049,0.434210526,0.35919275990238897,0.32860579314055266,135.38238449118396,0.3436763845384121,3.8662541490911124,-0.2284095287322998,0.6581674545211132,"Bryce Johnson",20002,669369
"Teoscar Hernández","LAD",134,546,25,65,89,5,0.047619047,0.245421245,0.207436399,0.282913165,0.246575342,0.284403669,0.454011741,0.3149013547722353,0.3313727659337661,101.8118617921333,-0.7704494073987007,0.40204806544715255,-12.228804111480713,0.6487825960110062,"Teoscar Hernandez",13066,606192
"Mickey Moniak","COL",135,461,24,62,68,9,0.047722342,0.238611713,0.248847926,0.306930693,0.269585253,0.305856832,0.518433179,0.3476819134276846,0.35249458263122957,110.10551909965322,1.1726049482822418,6.694062762985782,-15.868014335632324,0.6308228602405,"Mickey Moniak",19956,666160
"José Fermín","STL",30,70,1,5,9,2,0.114285714,0.142857142,0.133333333,0.326530612,0.283333333,0.376811594,0.416666666,0.35156026093856146,0.34007630831953406,128.5632140715182,-0.37502751499414444,1.9947049620420563,1.7095597609877586,0.6173013251030564,"Jose Fermin",21746,665877
"Max Kepler","PHI",127,474,18,58,52,3,0.101265822,0.196202531,0.175059952,0.232258064,0.215827338,0.300211416,0.39088729,0.30049652216282297,0.3404776092268463,89.82443189670877,0.5577740333974361,-5.158739193990458,-4.6346893310546875,0.6116999427350084,"Max Kepler",12144,596146
"Nick Fortes","MIA",59,141,2,11,10,0,0.04964539,0.156028368,0.108527132,0.273584905,0.240310077,0.287769784,0.348837209,0.2796307514897353,0.26728818056394726,75.80017069149494,-0.24549203552305698,-4.289626816893362,5.565691649913788,0.6105791834799885,"Nick Fortes",21538,663743
"Ryan O'Hearn","SDP",50,183,4,22,20,0,0.087431693,0.25136612,0.110429448,0.359649122,0.276073619,0.349726775,0.386503067,0.32464035428487337,0.30524901505354995,111.71287543447421,-0.056554948911070824,2.4838843368935244,-2.871421992778778,0.5833570406695391,"Ryan O'Hearn",16442,656811
"Drew Millas","WSN",18,55,0,6,7,2,0.072727272,0.127272727,0.142857143,0.357142857,0.306122448,0.358490566,0.448979591,0.35003083269551116,0.30867900488511574,125.38760888666343,0.8452491853386164,2.500175624654706,1.31807541847229,0.5778974052128523,"Drew Millas",25643,686452
"Derek Hill","MIA",53,141,3,19,10,7,0.063829787,0.326241134,0.118110236,0.307692307,0.212598425,0.275362318,0.330708661,0.2693839224352353,0.318652553834777,68.78076325014746,1.8619491998106241,-3.3552281438138722,4.027449905872345,0.5487984803412854,"Derek Hill",16947,656537
"Freddy Fermin","SDP",42,139,2,15,14,0,0.043165467,0.201438848,0.094488189,0.298969072,0.244094488,0.278195488,0.338582677,0.2709063753149563,0.26805211536919893,74.90337175011238,-0.24437515251338482,-4.378888360493028,5.114531783387065,0.5484784903608673,"Freddy Fermin",21840,666023
"Connor Norby","MIA",88,337,8,42,34,8,0.053412462,0.267062314,0.138263666,0.324074074,0.250803858,0.299703264,0.389067524,0.30002827548839217,0.31652200789678664,89.7731306169225,-0.03854825533926487,-4.123310806054887,-1.7294986844062805,0.54847044388848,"Connor Norby",29592,681393
"Thomas Saggese","STL",82,295,2,25,25,3,0.054237288,0.281355932,0.083636363,0.359375,0.258181818,0.299319727,0.341818181,0.282410042829254,0.28543767831431316,81.19309078892995,0.6218843851238489,-5.953689315257424,1.2794100046157837,0.5260636188932442,"Thomas Saggese",27883,695336
"Christian Koss","SFG",76,191,3,25,23,4,0.047120418,0.235602094,0.103448275,0.3359375,0.264367816,0.308510638,0.367816091,0.2966568330500988,0.3176241529748795,91.19797387298169,1.2719736956059933,-0.7205808841691232,-0.5977470278739929,0.5153608271793617,"Christian Koss",27653,683766
"Alek Thomas","ARI",143,469,9,51,38,7,0.044776119,0.260127931,0.120092379,0.323529411,0.249422632,0.289416846,0.369515011,0.2871582959949584,0.29498456512252574,81.31357924365041,2.0175659488886595,-8.369506767597827,-2.7045111656188965,0.4636575709658809,"Alek Thomas",23792,677950
"Danny Jansen","MIL",25,78,3,10,7,0,0.115384615,0.23076923,0.179104477,0.29787234,0.253731343,0.346153846,0.43283582,0.34000167097800815,0.31090719271928835,119.25183466204817,-0.6193540450185537,1.1604038645293273,0.51304692029953,0.4367589223561515,"Danny Jansen",16535,643376
"Brenton Doyle","COL",138,538,15,57,57,18,0.055762081,0.256505576,0.143426294,0.288951841,0.233067729,0.274253731,0.376494023,0.28211541017934455,0.3071309064657947,65.19035574944472,1.2834004517644644,-20.912668553527514,7.260985016822815,0.4348343967257243,"Brenton Doyle",25479,686668
"Johan Rojas","PHI",71,172,1,23,18,12,0.075581395,0.232558139,0.065789474,0.289473684,0.22368421,0.279761904,0.289473684,0.2539217546582222,0.27445511590866817,57.919218307022824,2.006576331332326,-6.571826797053184,5.08186399936676,0.4331166442602922,"Johan Rojas",24336,679032
"Blake Perkins","MIL",54,171,3,25,19,7,0.087719298,0.274853801,0.122580645,0.304761904,0.225806451,0.298245614,0.348387096,0.2869299726876599,0.27786319957059974,82.89601454220178,1.0746013522148132,-2.3918701544625107,0.9335876405239105,0.4329535239634607,"Blake Perkins",19921,663368
"Sal Stewart","CIN",18,58,5,11,8,0,0.051724137,0.258620689,0.290909091,0.257142857,0.254545454,0.293103448,0.545454545,0.3547003300025545,0.41158756456877055,123.68617845634446,0.17260797880589962,1.8008433926954168,0.4714013338088989,0.4299348404427622,"Sal Stewart",31505,701398
"Mark Vientos","NYM",121,463,17,44,61,1,0.064794816,0.248380129,0.179245283,0.277027027,0.233490566,0.289416846,0.412735849,0.3034837439044763,0.32505692879530573,96.7823204814547,-0.3913019374012947,-2.1570062709500473,-9.17655062675476,0.41667702803762263,"Mark Vientos",22184,668901
"Dominic Smith","SFG",63,225,5,26,33,2,0.066666666,0.186666666,0.132352941,0.329192546,0.284313725,0.333333333,0.416666666,0.3253579076131185,0.3116296018872942,110.85913297798827,-0.3298107497394085,2.5660113309876627,-6.288473844528198,0.38513770325966873,"Dominic Smith",15653,642086
"Joey Wiemer","MIA",27,61,3,7,12,0,0.032786885,0.37704918,0.2,0.322580645,0.236363636,0.278688524,0.436363636,0.29685533146063486,0.3160512606302897,87.59956191572145,-0.02480119653046131,-0.9213234395590759,2.5484222173690796,0.37414156540508997,"Joey Wiemer",27690,686894
"Luisangel Acuña","NYM",95,193,0,30,8,16,0.067357512,0.191709844,0.04,0.294964028,0.234285714,0.293193717,0.274285714,0.2575873495396519,0.2771491395666244,65.34181430906148,4.126183228567243,-3.8017017216926767,1.0313435047864914,0.3736087747070386,"Luisangel Acuna",26548,682668
"Elias Díaz","SDP",106,283,9,34,29,0,0.074204946,0.261484098,0.133333333,0.25,0.203921568,0.269784172,0.337254901,0.2691817435858061,0.27166187633167616,73.72194355132103,-3.472396219149232,-12.286413192781888,6.51485063508153,0.3729448928691084,"Elias Diaz",11680,553869
"Garrett Mitchell","MIL",25,78,0,9,3,3,0.089743589,0.32051282,0.088235295,0.318181818,0.205882352,0.285714285,0.294117647,0.2609935820876778,0.29210088160130887,65.12875286438002,0.8811062294989824,-2.342606159209838,3.2892175912857056,0.36239416031553706,"Garrett Mitchell",27555,669003
"Eric Haase","MIL",30,77,2,11,9,0,0.051948051,0.402597402,0.128571429,0.378378378,0.228571428,0.289473684,0.357142857,0.28615184128284454,0.2778100716440301,82.36296950512192,0.5425817836076021,-1.0669901729409792,1.6744991689920425,0.32429532751190937,"Eric Haase",14111,606992
"Brandon Lockridge","- - -",67,148,0,17,11,10,0.054054054,0.243243243,0.067164179,0.31,0.231343283,0.275862068,0.298507462,0.25446486719723405,0.2692914765456627,62.551448565308306,1.8962540477514267,-4.672620145728616,2.7549734711647034,0.30765339615003967,"Brandon Lockridge",21496,663604
"Jake Fraley","- - -",76,217,6,31,23,4,0.115207373,0.225806451,0.141361256,0.294117647,0.240837696,0.331797235,0.382198952,0.3155755875287233,0.3197079969006915,97.37764634479267,-0.26513633131980896,-0.9395792523134074,-3.360357344150543,0.298819599225213,"Jake Fraley",19260,641584
"Jose Trevino","CIN",94,302,4,30,22,0,0.049668874,0.129139072,0.113475177,0.259259259,0.237588652,0.272425249,0.351063829,0.27077616805650073,0.28054484049479167,66.1954285141201,-3.0089716725051403,-15.108726872114843,7.96747612953186,0.29749243631312317,"Jose Trevino",16725,624431
"Gavin Lux","CIN",140,503,5,49,53,1,0.111332007,0.226640159,0.105381166,0.350609756,0.269058295,0.349900596,0.374439461,0.3223411711025428,0.30186647449288645,101.51911393615171,-0.0513311680406332,0.8543024565663426,-14.727112770080566,0.2930560172091351,"Gavin Lux",19955,666158
"Moisés Ballesteros","CHC",20,66,2,12,11,0,0.136363636,0.181818181,0.175438596,0.348837209,0.298245614,0.393939393,0.47368421,0.3735985700900738,0.3416765653170072,143.30444107424483,-0.7157395705580711,2.671692375168207,-2.024183264002204,0.29093933211641143,"Moises Ballesteros",28820,694208
"Alex Freeland","LAD",29,97,2,10,6,1,0.113402061,0.360824742,0.119047619,0.29787234,0.19047619,0.291666666,0.309523809,0.272898751621445,0.26071621974309284,73.03872782605603,0.1172433402389288,-2.9823614305711557,2.4930626451969147,0.2801663610719634,"Alex Freeland",31665,690976
"Rafael Marchán","PHI",42,118,2,9,13,0,0.084745762,0.144067796,0.095238095,0.229885057,0.209523809,0.282051282,0.304761904,0.263574089249994,0.26394239246335804,64.53137792240194,-0.7780469302088022,-5.7384906885045135,4.429660618305206,0.2678106600928326,"Rafael Marchan",21646,665561
"Yohel Pozo","STL",67,168,5,16,19,0,0.041666666,0.13095238,0.14375,0.23880597,0.23125,0.261904761,0.375,0.2751217260956764,0.27556915742805205,76.20035943345715,-1.1006642151623964,-5.83952429311668,2.3954721689224243,0.21957121192095258,"Yohel Pozo",18848,650968
"Andrew Knizner","SFG",33,88,1,12,5,0,0.079545454,0.113636363,0.077922078,0.23880597,0.22077922,0.298850574,0.298701298,0.2702585835566466,0.2872880080650593,73.11432399970614,-0.5825775880366564,-3.386705617605962,2.542645514011383,0.2132301502769664,"Andrew Knizner",19514,668800
"Dylan Crews","WSN",85,322,10,43,27,17,0.074534161,0.236024844,0.14334471,0.246376811,0.208191126,0.279503105,0.351535836,0.2793295931371843,0.32015790311520376,76.95498603049687,1.6143278740346432,-7.180494107221353,-1.6143871545791626,0.19639353526811698,"Dylan Crews",33541,686611
"Ha-Seong Kim","ATL",24,98,3,14,12,0,0.081632653,0.163265306,0.114942528,0.271428571,0.252873563,0.31632653,0.367816091,0.3010373450055414,0.3123496503246074,91.33448294939379,-0.30293273366987705,-1.3094350126921979,-0.04940295219421387,0.19460603069000068,"Ha-Seong Kim",27506,673490
"Ben Rortvedt","LAD",18,58,1,7,4,0,0.068965517,0.155172413,0.102040817,0.256410256,0.224489795,0.309090909,0.326530612,0.2874730955470692,0.292066044277615,83.02262212742097,-0.1343536451458931,-1.3014126512268458,1.2603113502264023,0.1932505907507186,"Ben Rortvedt",20287,666163
"Amed Rosario","WSN",47,158,5,19,18,1,0.044303797,0.139240506,0.155405405,0.286885245,0.27027027,0.310126582,0.425675675,0.3184319274334968,0.35646533358628585,103.74134255832953,0.9727224931120872,1.6733364213559718,-5.079337894916534,0.1894201717087125,"Amed Rosario",15518,642708
"Troy Johnston","MIA",44,121,4,12,13,2,0.066115702,0.214876033,0.142857143,0.329268292,0.276785714,0.330578512,0.419642857,0.3278500447588519,0.35702721277872723,108.83193731798208,-1.2990982066839933,-0.032509666780335955,-2.2334186509251595,0.180100760863994,"Troy Johnston",26143,687859
"Nacho Alvarez Jr.","ATL",58,208,2,18,15,0,0.057692307,0.235576923,0.095744681,0.304347826,0.234042553,0.296116504,0.329787234,0.27902551212357085,0.27046799891203355,76.2556695225663,-1.6467779148370028,-7.500302799221274,2.317779242992401,0.17788021966434303,"Nacho Alvarez Jr.",31765,805373
"Nathan Church","STL",27,65,1,9,8,1,0.046153846,0.276923076,0.071428572,0.236842105,0.178571428,0.253968253,0.25,0.2315857902405754,0.25289456806485616,46.37684325279874,0.32575858756899834,-3.8052865409893286,3.2739296182990074,0.16692217377553967,"Nathan Church",31357,701675
"Ildemaro Vargas","ARI",38,121,3,12,19,0,0.016528925,0.123966942,0.113043478,0.285714285,0.269565217,0.291666666,0.382608695,0.2924014503757159,0.29243809382120767,84.90530861482208,-1.6364167835563421,-3.801147174353214,1.3577861785888672,0.16194717736290976,"Ildemaro Vargas",13324,545121
"Cedric Mullins","NYM",42,143,2,16,10,8,0.111888111,0.244755244,0.099173554,0.232558139,0.181818181,0.283687943,0.280991735,0.2582375204309504,0.2914860231656555,65.78720227915977,2.111203985288739,-3.687338358194075,0.4996205009520054,0.16068717048244774,"Cedric Mullins",17929,656775
"Paul DeJong","WSN",57,208,6,18,23,4,0.052884615,0.336538461,0.14507772,0.316666666,0.227979274,0.269230769,0.373056994,0.27778633855856383,0.2643305521744948,75.89780701292511,0.5446599740535021,-5.397086269419573,0.0456809401512146,0.16060150075966315,"Paul DeJong",18015,657557
"Tommy Pham","PIT",120,449,10,44,52,5,0.111358574,0.20935412,0.125,0.293515358,0.244897959,0.32962138,0.369897959,0.30759944656504645,0.32845708486196157,94.41714273948875,-4.180226227268577,-7.1511880490832365,-6.253942131996155,0.15706741865320317,"Tommy Pham",2967,502054
"Tyler Fitzgerald","SFG",72,243,4,19,14,9,0.069958847,0.288065843,0.110599079,0.298611111,0.216589861,0.278481012,0.32718894,0.2687346812038985,0.24733766322397482,72.0704018792264,0.6431474443525076,-7.400724831320584,0.43527260422706604,0.1146186465173706,"Tyler Fitzgerald",26208,666149
"Blaine Crim","COL",15,61,5,9,12,0,0.081967213,0.360655737,0.314814815,0.275862068,0.24074074,0.295081967,0.555555555,0.35151980841746094,0.3692374620281282,112.73460059472463,-0.22822659648954868,0.6924548029628241,-1.6156620979309082,0.11321333757242855,"Blaine Crim",25714,688760
"Ryan Ritter","COL",60,207,1,22,18,3,0.048309178,0.29468599,0.096256684,0.349206349,0.240641711,0.295566502,0.336898395,0.27990804076782,0.24770648373758852,63.678236713336304,0.4026280324906111,-8.50847520215018,2.7206685543060303,0.11254777459436446,"Ryan Ritter",31500,690022
"Adam Frazier","PIT",78,262,3,22,21,7,0.064885496,0.171755725,0.080851064,0.3,0.255319148,0.318007662,0.336170212,0.2888436828340803,0.28100845160171334,81.56884139659857,-1.9895924106240273,-7.712913790704765,0.08596189320087433,0.11162273783424526,"Adam Frazier",15223,624428
"Drew Gilbert","SFG",39,109,3,12,13,1,0.064220183,0.183486238,0.16,0.205128205,0.19,0.247706422,0.35,0.2600275584317129,0.27168594150368225,66.1057427583675,0.12936200574040413,-4.249354466365087,1.5582274198532104,0.0957446920648875,"Drew Gilbert",31545,687551
"Brian Navarreto","MIA",8,15,1,3,5,0,0,0.2,0.357142857,0.272727272,0.285714285,0.266666666,0.642857142,0.36157435178756714,0.36233332951863606,131.9341722096328,-0.09394429437816143,0.47378476957716587,-0.04698362946510315,0.0947332449201264,"Brian Navarreto",16398,640459
"Liover Peguero","PIT",33,88,4,9,8,4,0.068181818,0.284090909,0.1625,0.235294117,0.2,0.272727272,0.3625,0.2806989665735852,0.2521995414387096,75.98944882329555,0.7498270776122808,-1.7544305634925728,-0.3271205276250839,0.08661933529288457,"Liover Peguero",24273,678894
"Jerar Encarnacion","SFG",19,56,2,5,7,1,0.017857142,0.267857142,0.163636363,0.236842105,0.2,0.214285714,0.363636363,0.24672220328024455,0.3045088563646589,56.9911465781012,0.11778190173208714,-2.7367841565209208,1.705605685710907,0.08514448606110528,"Jerar Encarnacion",21871,666464
"Enmanuel Valdez","PIT",31,102,2,7,12,0,0.107843137,0.156862745,0.153846154,0.232876712,0.208791208,0.294117647,0.362637362,0.2898457307441562,0.3388379040886374,82.25527644095841,-0.937185276299715,-3.0823646648644454,0.47016823291778564,0.07998941315826888,"Enmanuel Valdez",21716,665839
"Kevin Alcántara","CHC",10,12,0,2,1,1,0.083333333,0.333333333,0,0.571428571,0.363636363,0.416666666,0.363636363,0.35176000495751697,0.43554139137268066,128.34432162807332,0.15961768245324492,0.5627443413995075,-0.22681042656768113,0.07522316119761971,"Kevin Alcantara",25971,682634
"Brett Sullivan","PIT",3,9,0,1,2,0,0.111111111,0.333333333,0,0.25,0.166666666,0.333333333,0.166666666,0.25513235065672135,0.3821984397040473,58.47549469539943,0.2145302500575781,-0.2284059570818897,0.6292338389903307,0.07164939677442869,"Brett Sullivan",18217,664954
"Trey Lipscomb","WSN",3,4,0,1,0,0,0,0.25,0,0.666666666,0.5,0.5,0.5,0.44120290875434875,0.14024999737739563,187.84341308976465,-0.039619144052267075,0.3768313663765982,0.14379000756889582,0.06688372121791127,"Trey Lipscomb",31567,702358
"Ryne Nelson","ARI",34,1,0,1,1,0,0,0,0,1,1,1,1,0.8824058175086975,0.15800000727176666,489.0772746985124,-0.0009048208594322205,0.46023228648091,0.12231098115444183,0.06300587649233116,"Ryne Nelson",26253,669194
"Josh Bell","WSN",140,533,22,54,63,0,0.106941838,0.165103189,0.179487179,0.246537396,0.237179487,0.324577861,0.416666666,0.3238837330188966,0.3699266549312707,107.47600471492413,-6.1079865749925375,-1.3852798042039565,-15.735138416290283,0.06291737904577777,"Josh Bell",13145,605137
"Blake Dunn","CIN",30,75,1,10,7,1,0.106666666,0.333333333,0.083333333,0.235294117,0.15,0.32,0.233333333,0.27231518030166624,0.31437332153320313,67.24970139684136,-0.17772220633924007,-3.08891342936085,1.172920286655426,0.05930065798198941,"Blake Dunn",29487,694362
"Jonathan Ornelas","ATL",2,4,0,1,0,0,0,0,0,0.5,0.5,0.5,0.5,0.44120290875434875,0.1067499965429306,187.35240185543412,-0.013203348964452744,0.4009193616673544,0.029596023028716445,0.05766475085865955,"Jonathan Ornelas",24597,680716
"Steward Berroa","MIL",2,6,0,0,0,1,0.166666666,0.333333333,0,0,0,0.166666666,0,0.11524946490923564,0.16041616598765054,-34.71065454777884,0.19339832849800587,-0.764561731454954,1.069130515679717,0.05158765702680916,"Steward Berroa",22766,672642
"Owen Caissie","CHC",12,27,1,4,4,0,0.037037037,0.407407407,0.153846154,0.285714285,0.192307692,0.222222222,0.346153846,0.24548209155047382,0.24309248394436306,55.540533036258985,0.240779347717762,-1.181949775042922,0.747918039560318,0.04751218615209854,"Owen Caissie",27496,683357
"Victor Mesa Jr.","MIA",16,38,1,7,6,0,0.131578947,0.131578947,0.15625,0.192307692,0.1875,0.297297297,0.34375,0.28772732051643163,0.349688787718077,81.34658086122609,0.31508539617061615,-0.5250247914840285,-0.32490313914604485,0.042409308293497074,"Victor Mesa Jr.",25999,683748
"José Tena","WSN",50,169,0,19,16,3,0.088757396,0.218934911,0.111842105,0.318965517,0.243421052,0.313609467,0.355263157,0.2955702917110285,0.3095165390566171,88.08038685601943,0.07526683434844017,-2.312231464505588,-2.975733458995819,0.034320266136482334,"Jose Tena",23691,677588
"Owen Miller","COL",9,17,0,0,1,1,0.117647058,0.235294117,0,0.2,0.142857142,0.294117647,0.142857142,0.22765257428674138,0.2681427001953125,27.88156163293369,0.2954488340765238,-1.1576308847645338,0.9146501868963242,0.03301500029824842,"Owen Miller",24655,680911
"Esteury Ruiz","LAD",19,23,1,2,2,4,0.086956521,0.347826086,0.142857143,0.25,0.19047619,0.260869565,0.333333333,0.26380895790846454,0.25830409837805707,66.8119268040181,0.8502630237489939,-0.05443591536029313,-0.40253274142742157,0.03154781286400848,"Esteury Ruiz",21780,665923
"Logan Porter","SFG",5,9,0,2,1,0,0.111111111,0.222222222,0,0.2,0.142857142,0.333333333,0.142857142,0.25513235065672135,0.2051984601550632,62.7523680021421,0.028455058112740517,-0.36886032761034926,0.3641780875623226,0.030160636417500976,"Logan Porter",20626,682515
"Luken Baker","STL",19,41,0,3,2,0,0.170731707,0.243902439,0.088235294,0.333333333,0.235294117,0.365853658,0.323529411,0.3172738610244379,0.3296214545645365,105.07592747640113,-0.1287931278347969,0.117863886840194,-1.2425696849822998,0.02450932304570666,"Luken Baker",21497,663609
"Hayden Senger","NYM",33,78,0,8,4,0,0.038461538,0.282051282,0.013888889,0.25490196,0.180555555,0.22077922,0.194444444,0.1900981293096171,0.2669322026240361,19.109527991627665,-0.2653365582227707,-7.743348908275126,5.34942102432251,0.02061518208209248,"Hayden Senger",21489,663584
"Griffin Conine","MIA",24,86,2,13,8,0,0.081395348,0.290697674,0.164556962,0.346153846,0.253164556,0.313953488,0.417721518,0.3184311875077181,0.3092613885569018,102.37971718959389,-0.7884666882455349,-0.5459073468717518,-2.1362909078598022,0.018356793878329586,"Griffin Conine",21626,665052
"Tim Tawa","ARI",74,225,7,29,18,8,0.088888888,0.284444444,0.145728643,0.251908396,0.201005025,0.2735426,0.346733668,0.2730466036518593,0.293825338552664,71.64661615523484,0.9647472761571407,-6.596294214672094,-0.7461509853601456,0.014768171048078968,"Tim Tawa",29571,694374
"Kyle Karros","COL",43,156,1,20,9,0,0.096153846,0.262820512,0.05109489,0.30927835,0.226277372,0.307692307,0.277372262,0.2679782314942433,0.26138086626606605,55.505933697114465,-0.7470142487436533,-8.973624109113572,3.9174400866031647,0.013777025641843799,"Kyle Karros",33252,691720
"Tyler Black","MIL",5,13,0,1,1,0,0.384615384,0.076923076,0.125,0.285714285,0.25,0.538461538,0.375,0.4301382303237915,0.4278065608097957,180.9982766143894,-0.44912736490368843,0.7988690468217639,-1.1036628633737564,0.01307310549022576,"Tyler Black",29949,672012
"Stuart Fairchild","ATL",28,55,0,7,2,2,0.072727272,0.272727272,0.117647059,0.305555555,0.215686274,0.272727272,0.333333333,0.2664092627438632,0.28138160705566406,67.61313295766442,-0.31726711615920067,-2.4284498901750697,0.6900982856750488,0.009387414552703269,"Stuart Fairchild",20321,656413
"Will Benson","CIN",90,253,12,31,41,2,0.063241106,0.264822134,0.208695652,0.25477707,0.226086956,0.272727272,0.434782608,0.2984120226095593,0.3634355030362568,85.1268776547246,-0.7865897752344608,-5.2464051192317775,-3.115701377391815,0.0057675338548722754,"Will Benson",21853,666181
"Vidal Bruján","- - -",60,94,0,14,8,2,0.063829787,0.223404255,0.058139535,0.318181818,0.244186046,0.29787234,0.302325581,0.2686095586482515,0.2659177881606082,70.2519990968593,0.7313108127564192,-2.5828978288267197,-0.5377236753702164,0.0007358870506948834,"Vidal Brujan",20536,660644
"Clayton Kershaw","LAD",23,0,0,0,0,0,0,0,0,0,0,0,0,0,,,0,0,0,0,"Clayton Kershaw",2036,477132
"Charlie Morton","ATL",1,0,0,0,0,0,0,0,0,0,0,0,0,0,,,0,0,0,0,"Charlie Morton",4676,450203
"Jesse Chavez","ATL",4,0,0,0,0,0,0,0,0,0,0,0,0,0,,,0,0,0,0,"Jesse Chavez",5448,445926
"Ryan Brasier","CHC",28,0,0,0,0,0,0,0,0,0,0,0,0,0,,,0,0,0,0,"Ryan Brasier",5615,518489
"Huascar Brazobán","NYM",52,0,0,0,0,0,0,0,0,0,0,0,0,0,,,0,0,0,0,"Huascar Brazoban",6107,623211
"Carlos Carrasco","ATL",3,0,0,0,0,0,0,0,0,0,0,0,0,0,,,0,0,0,0,"Carlos Carrasco",6632,471911
"Craig Kimbrel","ATL",1,0,0,0,0,0,0,0,0,0,0,0,0,0,,,0,0,0,0,"Craig Kimbrel",6655,518886
"Luis García","- - -",38,0,0,0,0,0,0,0,0,0,0,0,0,0,,,0,0,0,0,"Luis Garcia",6984,472610
"Ryan Pressly","CHC",44,0,0,0,0,0,0,0,0,0,0,0,0,0,,,0,0,0,0,"Ryan Pressly",7005,519151
"David Robertson","PHI",20,0,0,0,0,0,0,0,0,0,0,0,0,0,,,0,0,0,0,"David Robertson",8241,502085
"Justin Verlander","SFG",29,0,0,0,0,0,0,0,0,0,0,0,0,0,,,0,0,0,0,"Justin Verlander",8700,434378
"Wade Miley","CIN",3,0,0,0,0,0,0,0,0,0,0,0,0,0,,,0,0,0,0,"Wade Miley",8779,489119
"Kirby Yates","LAD",50,0,0,0,0,0,0,0,0,0,0,0,0,0,,,0,0,0,0,"Kirby Yates",9073,489446
"Casey Kelly","ARI",2,0,0,0,0,0,0,0,0,0,0,0,0,0,,,0,0,0,0,"Casey Kelly",9174,543391
"Miles Mikolas","STL",31,0,0,0,0,0,0,0,0,0,0,0,0,0,,,0,0,0,0,"Miles Mikolas",9803,571945
"Brooks Raley","NYM",30,0,0,0,0,0,0,0,0,0,0,0,0,0,,,0,0,0,0,"Brooks Raley",10061,548384
"Caleb Thielbar","CHC",67,0,0,0,0,0,0,0,0,0,0,0,0,0,,,0,0,0,0,"Caleb Thielbar",10078,573204
"Shelby Miller","- - -",48,0,0,0,0,0,0,0,0,0,0,0,0,0,,,0,0,0,0,"Shelby Miller",10197,571946
"Zack Wheeler","PHI",24,0,0,0,0,0,0,0,0,0,0,0,0,0,,,0,0,0,0,"Zack Wheeler",10310,554430
"Scott Alexander","- - -",21,0,0,0,0,0,0,0,0,0,0,0,0,0,,,0,0,0,0,"Scott Alexander",10591,518397
"Chris Sale","ATL",21,0,0,0,0,0,0,0,0,0,0,0,0,0,,,0,0,0,0,"Chris Sale",10603,519242
"Merrill Kelly","ARI",22,0,0,0,0,0,0,0,0,0,0,0,0,0,,,0,0,0,0,"Merrill Kelly",11156,518876
"Jose Quintana","MIL",24,0,0,0,0,0,0,0,0,0,0,0,0,0,,,0,0,0,0,"Jose Quintana",11423,500779
"Drew Pomeranz","CHC",57,0,0,0,0,0,0,0,0,0,0,0,0,0,,,0,0,0,0,"Drew Pomeranz",11426,519141
"Robbie Ray","SFG",32,0,0,0,0,0,0,0,0,0,0,0,0,0,,,0,0,0,0,"Robbie Ray",11486,592662
"José Ureña","- - -",3,0,0,0,0,0,0,0,0,0,0,0,0,0,,,0,0,0,0,"Jose Urena",11589,570632
"Jameson Taillon","CHC",23,0,0,0,0,0,0,0,0,0,0,0,0,0,,,0,0,0,0,"Jameson Taillon",11674,592791
"Héctor Neris","ATL",2,0,0,0,0,0,0,0,0,0,0,0,0,0,,,0,0,0,0,"Hector Neris",11804,593576
"Taijuan Walker","PHI",34,0,0,0,0,0,0,0,0,0,0,0,0,0,,,0,0,0,0,"Taijuan Walker",11836,592836
"Jason Adam","SDP",65,0,0,0,0,0,0,0,0,0,0,0,0,0,,,0,0,0,0,"Jason Adam",11861,592094
"Scott McGough","ARI",7,0,0,0,0,0,0,0,0,0,0,0,0,0,,,0,0,0,0,"Scott McGough",12056,543518
"Blake Treinen","LAD",32,0,0,0,0,0,0,0,0,0,0,0,0,0,,,0,0,0,0,"Blake Treinen",12572,595014
"Nick Martinez","CIN",40,0,0,0,0,0,0,0,0,0,0,0,0,0,,,0,0,0,0,"Nick Martinez",12730,607259
"Rafael Montero","ATL",36,0,0,0,0,0,0,0,0,0,0,0,0,0,,,0,0,0,0,"Rafael Montero",12760,606160
"Chris Devenski","NYM",13,0,0,0,0,0,0,0,0,0,0,0,0,0,,,0,0,0,0,"Chris Devenski",12763,606965
"Sonny Gray","STL",32,0,0,0,0,0,0,0,0,0,0,0,0,0,,,0,0,0,0,"Sonny Gray",12768,543243
"John Brebbia","ATL",3,0,0,0,0,0,0,0,0,0,0,0,0,0,,,0,0,0,0,"John Brebbia",12777,605154
"Andrew Kittredge","CHC",23,0,0,0,0,0,0,0,0,0,0,0,0,0,,,0,0,0,0,"Andrew Kittredge",12828,552640
"Joe Ross","PHI",37,0,0,0,0,0,0,0,0,0,0,0,0,0,,,0,0,0,0,"Joe Ross",12972,605452
"Andrew Chafin","WSN",26,0,0,0,0,0,0,0,0,0,0,0,0,0,,,0,0,0,0,"Andrew Chafin",12988,605177
"Anthony DeSclafani","ARI",13,0,0,0,0,0,0,0,0,0,0,0,0,0,,,0,0,0,0,"Anthony DeSclafani",13050,543101
"Yu Darvish","SDP",15,0,0,0,0,0,0,0,0,0,0,0,0,0,,,0,0,0,0,"Yu Darvish",13074,506433
"Eduardo Rodriguez","ARI",29,0,0,0,0,0,0,0,0,0,0,0,0,0,,,0,0,0,0,"Eduardo Rodriguez",13164,593958
"Michael Fulmer","CHC",2,0,0,0,0,0,0,0,0,0,0,0,0,0,,,0,0,0,0,"Michael Fulmer",13218,605242
"Steven Matz","STL",32,0,0,0,0,0,0,0,0,0,0,0,0,0,,,0,0,0,0,"Steven Matz",13361,571927
"Pierce Johnson","ATL",65,0,0,0,0,0,0,0,0,0,0,0,0,0,,,0,0,0,0,"Pierce Johnson",13435,572955
"Taylor Rogers","- - -",57,0,0,0,0,0,0,0,0,0,0,0,0,0,,,0,0,0,0,"Taylor Rogers",13449,573124
"Lucas Sims","WSN",18,0,0,0,0,0,0,0,0,0,0,0,0,0,,,0,0,0,0,"Lucas Sims",13470,608371
"Blake Snell","LAD",11,0,0,0,0,0,0,0,0,0,0,0,0,0,,,0,0,0,0,"Blake Snell",13543,605483
"Clay Holmes","NYM",33,0,0,0,0,0,0,0,0,0,0,0,0,0,,,0,0,0,0,"Clay Holmes",13649,605280
"Tayler Scott","ARI",6,0,0,0,0,0,0,0,0,0,0,0,0,0,,,0,0,0,0,"Tayler Scott",13652,605463
"Chris Stratton","LAD",3,0,0,0,0,0,0,0,0,0,0,0,0,0,,,0,0,0,0,"Chris Stratton",13761,608717
"Matt Strahm","PHI",66,0,0,0,0,0,0,0,0,0,0,0,0,0,,,0,0,0,0,"Matt Strahm",13799,621381
"Chris Flexen","CHC",21,0,0,0,0,0,0,0,0,0,0,0,0,0,,,0,0,0,0,"Chris Flexen",13896,623167
"Brent Suter","CIN",48,0,0,0,0,0,0,0,0,0,0,0,0,0,,,0,0,0,0,"Brent Suter",13942,608718
"Wandy Peralta","SDP",71,0,0,0,0,0,0,0,0,0,0,0,0,0,,,0,0,0,0,"Wandy Peralta",14295,593974
"Frankie Montas","NYM",9,0,0,0,0,0,0,0,0,0,0,0,0,0,,,0,0,0,0,"Frankie Montas",14309,593423
"Joel Payamps","- - -",30,0,0,0,0,0,0,0,0,0,0,0,0,0,,,0,0,0,0,"Joel Payamps",14332,606303
"Tyler Glasnow","LAD",18,0,0,0,0,0,0,0,0,0,0,0,0,0,,,0,0,0,0,"Tyler Glasnow",14374,607192
"Jorge López","WSN",26,0,0,0,0,0,0,0,0,0,0,0,0,0,,,0,0,0,0,"Jorge Lopez",14527,605347
"José Ruiz","- - -",18,0,0,0,0,0,0,0,0,0,0,0,0,0,,,0,0,0,0,"Jose Ruiz",14552,614179
"Anthony Banda","LAD",71,0,0,0,0,0,0,0,0,0,0,0,0,0,,,0,0,0,0,"Anthony Banda",14706,607455
"Edwin Díaz","NYM",62,0,0,0,0,0,0,0,0,0,0,0,0,0,,,0,0,0,0,"Edwin Diaz",14710,621242
"Paul Blackburn","NYM",7,0,0,0,0,0,0,0,0,0,0,0,0,0,,,0,0,0,0,"Paul Blackburn",14739,621112
"Emilio Pagán","CIN",70,0,0,0,0,0,0,0,0,0,0,0,0,0,,,0,0,0,0,"Emilio Pagan",14771,641941
"Joe Mantiply","ARI",10,0,0,0,0,0,0,0,0,0,0,0,0,0,,,0,0,0,0,"Joe Mantiply",14857,573009
"Sam Moll","CIN",23,0,0,0,0,0,0,0,0,0,0,0,0,0,,,0,0,0,0,"Sam Moll",14874,594580
"Scott Barlow","CIN",75,0,0,0,0,0,0,0,0,0,0,0,0,0,,,0,0,0,0,"Scott Barlow",14993,605130
"Kyle Finnegan","WSN",40,0,0,0,0,0,0,0,0,0,0,0,0,0,,,0,0,0,0,"Kyle Finnegan",15009,640448
"Germán Márquez","COL",26,0,0,0,0,0,0,0,0,0,0,0,0,0,,,0,0,0,0,"German Marquez",15038,608566
"Tim Mayza","- - -",15,0,0,0,0,0,0,0,0,0,0,0,0,0,,,0,0,0,0,"Tim Mayza",15042,641835
"Lou Trivino","- - -",47,0,0,0,0,0,0,0,0,0,0,0,0,0,,,0,0,0,0,"Lou Trivino",15043,642152
"Rob Zastryzny","MIL",26,0,0,0,0,0,0,0,0,0,0,0,0,0,,,0,0,0,0,"Rob Zastryzny",15094,642239
"Kevin Herget","- - -",7,0,0,0,0,0,0,0,0,0,0,0,0,0,,,0,0,0,0,"Kevin Herget",15369,643361
"Andrew Heaney","- - -",27,0,0,0,0,0,0,0,0,0,0,0,0,0,,,0,0,0,0,"Andrew Heaney",15423,571760
"Matthew Boyd","CHC",31,0,0,0,0,0,0,0,0,0,0,0,0,0,,,0,0,0,0,"Matthew Boyd",15440,571510
"Nick Pivetta","SDP",31,0,0,0,0,0,0,0,0,0,0,0,0,0,,,0,0,0,0,"Nick Pivetta",15454,601713
"Antonio Senzatela","COL",30,0,0,0,0,0,0,0,0,0,0,0,0,0,,,0,0,0,0,"Antonio Senzatela",15488,622608
"Kendall Graveman","ARI",19,0,0,0,0,0,0,0,0,0,0,0,0,0,,,0,0,0,0,"Kendall Graveman",15514,608665
"Tyler Rogers","- - -",81,0,0,0,0,0,0,0,0,0,0,0,0,0,,,0,0,0,0,"Tyler Rogers",15541,643511
"Brad Keller","CHC",68,0,0,0,0,0,0,0,0,0,0,0,0,0,,,0,0,0,0,"Brad Keller",15734,641745
"Zack Littell","CIN",10,0,0,0,0,0,0,0,0,0,0,0,0,0,,,0,0,0,0,"Zack Littell",15823,641793
"Wander Suero","ATL",5,0,0,0,0,0,0,0,0,0,0,0,0,0,,,0,0,0,0,"Wander Suero",15855,593833
"Sean Manaea","NYM",15,0,0,0,0,0,0,0,0,0,0,0,0,0,,,0,0,0,0,"Sean Manaea",15873,640455
"Ryne Stanek","NYM",65,0,0,0,0,0,0,0,0,0,0,0,0,0,,,0,0,0,0,"Ryne Stanek",15947,592773
"Zach Thompson","ATL",2,0,0,0,0,0,0,0,0,0,0,0,0,0,,,0,0,0,0,"Zach Thompson",16094,605507
"Jordan Romano","PHI",49,0,0,0,0,0,0,0,0,0,0,0,0,0,,,0,0,0,0,"Jordan Romano",16122,605447
"John Curtiss","ARI",30,0,0,0,0,0,0,0,0,0,0,0,0,0,,,0,0,0,0,"John Curtiss",16128,595928
"Aaron Nola","PHI",17,0,0,0,0,0,0,0,0,0,0,0,0,0,,,0,0,0,0,"Aaron Nola",16149,605400
"Brandon Woodruff","MIL",12,0,0,0,0,0,0,0,0,0,0,0,0,0,,,0,0,0,0,"Brandon Woodruff",16162,605540
"Kyle Freeland","COL",31,0,0,0,0,0,0,0,0,0,0,0,0,0,,,0,0,0,0,"Kyle Freeland",16256,607536
"Aaron Bummer","ATL",42,0,0,0,0,0,0,0,0,0,0,0,0,0,,,0,0,0,0,"Aaron Bummer",16258,607481
"Jesus Tinoco","MIA",20,0,0,0,0,0,0,0,0,0,0,0,0,0,,,0,0,0,0,"Jesus Tinoco",16300,622786
"Ryan Borucki","PIT",35,0,0,0,0,0,0,0,0,0,0,0,0,0,,,0,0,0,0,"Ryan Borucki",16350,621366
"Reynaldo López","ATL",1,0,0,0,0,0,0,0,0,0,0,0,0,0,,,0,0,0,0,"Reynaldo Lopez",16400,625643
"Scott Blewett","ATL",11,0,0,0,0,0,0,0,0,0,0,0,0,0,,,0,0,0,0,"Scott Blewett",16427,656240
"Austin Gomber","COL",12,0,0,0,0,0,0,0,0,0,0,0,0,0,,,0,0,0,0,"Austin Gomber",16561,596295
"J.P. Feyereisen","- - -",4,0,0,0,0,0,0,0,0,0,0,0,0,0,,,0,0,0,0,"J.P. Feyereisen",16610,656420
"Jeff Brigham","ARI",4,0,0,0,0,0,0,0,0,0,0,0,0,0,,,0,0,0,0,"Jeff Brigham",16631,656257
"Ryan Thompson","ARI",48,0,0,0,0,0,0,0,0,0,0,0,0,0,,,0,0,0,0,"Ryan Thompson",16647,657044
"Julian Merryweather","CHC",21,0,0,0,0,0,0,0,0,0,0,0,0,0,,,0,0,0,0,"Julian Merryweather",16703,657240
"Brock Stewart","LAD",4,0,0,0,0,0,0,0,0,0,0,0,0,0,,,0,0,0,0,"Brock Stewart",16727,592779
"Reed Garrett","NYM",58,0,0,0,0,0,0,0,0,0,0,0,0,0,,,0,0,0,0,"Reed Garrett",16866,657585
"Grant Holmes","ATL",22,0,0,0,0,0,0,0,0,0,0,0,0,0,,,0,0,0,0,"Grant Holmes",16944,656550
"Trevor Williams","WSN",17,0,0,0,0,0,0,0,0,0,0,0,0,0,,,0,0,0,0,"Trevor Williams",16977,592866
"Tanner Banks","PHI",69,0,0,0,0,0,0,0,0,0,0,0,0,0,,,0,0,0,0,"Tanner Banks",16990,621383
"Raisel Iglesias","ATL",70,0,0,0,0,0,0,0,0,0,0,0,0,0,,,0,0,0,0,"Raisel Iglesias",17130,628452
"José Castillo","- - -",21,0,0,0,0,0,0,0,0,0,0,0,0,0,,,0,0,0,0,"Jose Castillo",17169,620454
"Jalen Beeks","ARI",61,0,0,0,0,0,0,0,0,0,0,0,0,0,,,0,0,0,0,"Jalen Beeks",17192,656222
"Ranger Suárez","PHI",26,0,0,0,0,0,0,0,0,0,0,0,0,0,,,0,0,0,0,"Ranger Suarez",17277,624133
"Michael Kopech","LAD",14,0,0,0,0,0,0,0,0,0,0,0,0,0,,,0,0,0,0,"Michael Kopech",17282,656629
"Justin Steele","CHC",4,0,0,0,0,0,0,0,0,0,0,0,0,0,,,0,0,0,0,"Justin Steele",17312,657006
"Matt Gage","SFG",27,0,0,0,0,0,0,0,0,0,0,0,0,0,,,0,0,0,0,"Matt Gage",17381,657424
"Erick Fedde","- - -",32,0,0,0,0,0,0,0,0,0,0,0,0,0,,,0,0,0,0,"Erick Fedde",17425,607200
"Génesis Cabrera","- - -",24,0,0,0,0,0,0,0,0,0,0,0,0,0,,,0,0,0,0,"Genesis Cabrera",17490,650893
"Jimmy Herget","COL",59,0,0,0,0,0,0,0,0,0,0,0,0,0,,,0,0,0,0,"Jimmy Herget",17556,623474
"JT Brubaker","SFG",5,0,0,0,0,0,0,0,0,0,0,0,0,0,,,0,0,0,0,"JT Brubaker",17578,664141
"Tanner Scott","LAD",61,0,0,0,0,0,0,0,0,0,0,0,0,0,,,0,0,0,0,"Tanner Scott",17586,656945
"Mitch Keller","PIT",32,0,0,0,0,0,0,0,0,0,0,0,0,0,,,0,0,0,0,"Mitch Keller",17594,656605
"Tanner Rainey","PIT",11,0,0,0,0,0,0,0,0,0,0,0,0,0,,,0,0,0,0,"Tanner Rainey",17610,663432
"Justin Lawrence","PIT",17,0,0,0,0,0,0,0,0,0,0,0,0,0,,,0,0,0,0,"Justin Lawrence",17639,664875
"Trevor Megill","MIL",50,0,0,0,0,0,0,0,0,0,0,0,0,0,,,0,0,0,0,"Trevor Megill",17722,656730
"Nabil Crismatt","ARI",8,0,0,0,0,0,0,0,0,0,0,0,0,0,,,0,0,0,0,"Nabil Crismatt",17732,622503
"Evan Phillips","LAD",7,0,0,0,0,0,0,0,0,0,0,0,0,0,,,0,0,0,0,"Evan Phillips",17734,623465
"Tyler Alexander","MIL",21,0,0,0,0,0,0,0,0,0,0,0,0,0,,,0,0,0,0,"Tyler Alexander",17735,641302
"José Alvarado","PHI",28,0,0,0,0,0,0,0,0,0,0,0,0,0,,,0,0,0,0,"Jose Alvarado",17780,621237
"Ian Gibaut","CIN",25,0,0,0,0,0,0,0,0,0,0,0,0,0,,,0,0,0,0,"Ian Gibaut",17871,664139
"Nestor Cortes","- - -",8,0,0,0,0,0,0,0,0,0,0,0,0,0,,,0,0,0,0,"Nestor Cortes",17874,641482
"Dennis Santana","PIT",70,0,0,0,0,0,0,0,0,0,0,0,0,0,,,0,0,0,0,"Dennis Santana",17878,642701
"Logan Webb","SFG",34,0,0,0,0,0,0,0,0,0,0,0,0,0,,,0,0,0,0,"Logan Webb",17995,657277
"Phil Maton","STL",40,0,0,0,0,0,0,0,0,0,0,0,0,0,,,0,0,0,0,"Phil Maton",18064,664208
"Ryan Helsley","- - -",58,0,0,0,0,0,0,0,0,0,0,0,0,0,,,0,0,0,0,"Ryan Helsley",18138,664854
"Tyler Kinley","- - -",73,0,0,0,0,0,0,0,0,0,0,0,0,0,,,0,0,0,0,"Tyler Kinley",18297,641755
"Nick Anderson","COL",12,0,0,0,0,0,0,0,0,0,0,0,0,0,,,0,0,0,0,"Nick Anderson",18337,623433
"Julian Fernández","- - -",4,0,0,0,0,0,0,0,0,0,0,0,0,0,,,0,0,0,0,"Julian Fernandez",18341,642759
"Brandon Waddell","NYM",11,0,0,0,0,0,0,0,0,0,0,0,0,0,,,0,0,0,0,"Brandon Waddell",18347,663399
"Michael Soroka","- - -",22,0,0,0,0,0,0,0,0,0,0,0,0,0,,,0,0,0,0,"Michael Soroka",18383,647336
"Enyel De Los Santos","ATL",43,0,0,0,0,0,0,0,0,0,0,0,0,0,,,0,0,0,0,"Enyel De Los Santos",18403,660853
"Danny Young","NYM",10,0,0,0,0,0,0,0,0,0,0,0,0,0,,,0,0,0,0,"Danny Young",18439,664849
"Dylan Cease","SDP",32,0,0,0,0,0,0,0,0,0,0,0,0,0,,,0,0,0,0,"Dylan Cease",18525,656302
"A.J. Minter","NYM",13,0,0,0,0,0,0,0,0,0,0,0,0,0,,,0,0,0,0,"A.J. Minter",18655,621345
"Jake Woodford","ARI",22,0,0,0,0,0,0,0,0,0,0,0,0,0,,,0,0,0,0,"Jake Woodford",18674,663765
"Freddy Peralta","MIL",33,0,0,0,0,0,0,0,0,0,0,0,0,0,,,0,0,0,0,"Freddy Peralta",18679,642547
"Sandy Alcantara","MIA",31,0,0,0,0,0,0,0,0,0,0,0,0,0,,,0,0,0,0,"Sandy Alcantara",18684,645261
"Lake Bachar","MIA",53,0,0,0,0,0,0,0,0,0,0,0,0,0,,,0,0,0,0,"Lake Bachar",19222,669199
"Zac Gallen","ARI",33,0,0,0,0,0,0,0,0,0,0,0,0,0,,,0,0,0,0,"Zac Gallen",19291,668678
"Trevor Richards","ARI",2,0,0,0,0,0,0,0,0,0,0,0,0,0,,,0,0,0,0,"Trevor Richards",19309,670950
"Cal Quantrill","- - -",26,0,0,0,0,0,0,0,0,0,0,0,0,0,,,0,0,0,0,"Cal Quantrill",19312,615698
"Joey Lucchesi","SFG",38,0,0,0,0,0,0,0,0,0,0,0,0,0,,,0,0,0,0,"Joey Lucchesi",19320,664192
"Richard Lovelady","NYM",8,0,0,0,0,0,0,0,0,0,0,0,0,0,,,0,0,0,0,"Richard Lovelady",19337,663992
"A.J. Puk","ARI",8,0,0,0,0,0,0,0,0,0,0,0,0,0,,,0,0,0,0,"A.J. Puk",19343,640462
"Caleb Ferguson","PIT",45,0,0,0,0,0,0,0,0,0,0,0,0,0,,,0,0,0,0,"Caleb Ferguson",19349,657571
"Corbin Burnes","ARI",11,0,0,0,0,0,0,0,0,0,0,0,0,0,,,0,0,0,0,"Corbin Burnes",19361,669203
"Walker Buehler","PHI",3,0,0,0,0,0,0,0,0,0,0,0,0,0,,,0,0,0,0,"Walker Buehler",19374,621111
"Tony Gonsolin","LAD",7,0,0,0,0,0,0,0,0,0,0,0,0,0,,,0,0,0,0,"Tony Gonsolin",19388,664062
"Colin Poche","- - -",14,0,0,0,0,0,0,0,0,0,0,0,0,0,,,0,0,0,0,"Colin Poche",19403,621363
"Dane Dunning","ATL",7,0,0,0,0,0,0,0,0,0,0,0,0,0,,,0,0,0,0,"Dane Dunning",19409,641540
"Yohan Ramírez","PIT",24,0,0,0,0,0,0,0,0,0,0,0,0,0,,,0,0,0,0,"Yohan Ramirez",19444,670990
"Jorge Alcala","STL",15,0,0,0,0,0,0,0,0,0,0,0,0,0,,,0,0,0,0,"Jorge Alcala",19459,660896
"Aaron Civale","- - -",10,0,0,0,0,0,0,0,0,0,0,0,0,0,,,0,0,0,0,"Aaron Civale",19479,650644
"Alan Rangel","PHI",5,0,0,0,0,0,0,0,0,0,0,0,0,0,,,0,0,0,0,"Alan Rangel",19524,660604
"David Bednar","PIT",42,0,0,0,0,0,0,0,0,0,0,0,0,0,,,0,0,0,0,"David Bednar",19569,670280
"JoJo Romero","STL",65,0,0,0,0,0,0,0,0,0,0,0,0,0,,,0,0,0,0,"JoJo Romero",19574,668941
"Jordan Hicks","SFG",13,0,0,0,0,0,0,0,0,0,0,0,0,0,,,0,0,0,0,"Jordan Hicks",19618,663855
"Kyle Hart","SDP",20,0,0,0,0,0,0,0,0,0,0,0,0,0,,,0,0,0,0,"Kyle Hart",19646,606996
"Gregory Soto","NYM",25,0,0,0,0,0,0,0,0,0,0,0,0,0,,,0,0,0,0,"Gregory Soto",19677,642397
"Connor Seabold","ATL",4,0,0,0,0,0,0,0,0,0,0,0,0,0,,,0,0,0,0,"Connor Seabold",19695,657756
"Dustin May","LAD",19,0,0,0,0,0,0,0,0,0,0,0,0,0,,,0,0,0,0,"Dustin May",19716,669160
"Anthony Bender","MIA",51,0,0,0,0,0,0,0,0,0,0,0,0,0,,,0,0,0,0,"Anthony Bender",19742,669622
"Reiver Sanmartin","CIN",1,0,0,0,0,0,0,0,0,0,0,0,0,0,,,0,0,0,0,"Reiver Sanmartin",19754,665665
"Justin Garza","NYM",5,0,0,0,0,0,0,0,0,0,0,0,0,0,,,0,0,0,0,"Justin Garza",19784,621057
"Michael King","SDP",15,0,0,0,0,0,0,0,0,0,0,0,0,0,,,0,0,0,0,"Michael King",19853,650633
"Griffin Canning","NYM",16,0,0,0,0,0,0,0,0,0,0,0,0,0,,,0,0,0,0,"Griffin Canning",19867,656288
"Kevin Ginkel","ARI",29,0,0,0,0,0,0,0,0,0,0,0,0,0,,,0,0,0,0,"Kevin Ginkel",19876,656464
"José Suarez","ATL",7,0,0,0,0,0,0,0,0,0,0,0,0,0,,,0,0,0,0,"Jose Suarez",19911,660761
"Bryan Hudson","MIL",12,0,0,0,0,0,0,0,0,0,0,0,0,0,,,0,0,0,0,"Bryan Hudson",19924,663542
"Tony Santillan","CIN",80,0,0,0,0,0,0,0,0,0,0,0,0,0,,,0,0,0,0,"Tony Santillan",19926,663574
"Jesús Luzardo","PHI",32,0,0,0,0,0,0,0,0,0,0,0,0,0,,,0,0,0,0,"Jesus Luzardo",19959,666200
"Joey Wentz","- - -",33,0,0,0,0,0,0,0,0,0,0,0,0,0,,,0,0,0,0,"Joey Wentz",19962,666214
"Dylan Lee","ATL",74,0,0,0,0,0,0,0,0,0,0,0,0,0,,,0,0,0,0,"Dylan Lee",19996,669276
"Rico Garcia","NYM",8,0,0,0,0,0,0,0,0,0,0,0,0,0,,,0,0,0,0,"Rico Garcia",20023,670329
"Adrian Morejon","SDP",75,0,0,0,0,0,0,0,0,0,0,0,0,0,,,0,0,0,0,"Adrian Morejon",20039,670970
"Bailey Falter","PIT",22,0,0,0,0,0,0,0,0,0,0,0,0,0,,,0,0,0,0,"Bailey Falter",20070,663559
"Calvin Faucher","MIA",65,0,0,0,0,0,0,0,0,0,0,0,0,0,,,0,0,0,0,"Calvin Faucher",20116,676534
"Nate Pearson","CHC",11,0,0,0,0,0,0,0,0,0,0,0,0,0,,,0,0,0,0,"Nate Pearson",20160,663878
"Zach Pop","NYM",1,0,0,0,0,0,0,0,0,0,0,0,0,0,,,0,0,0,0,"Zach Pop",20185,647315
"Eli Morgan","CHC",7,0,0,0,0,0,0,0,0,0,0,0,0,0,,,0,0,0,0,"Eli Morgan",20203,669212
"Daysbel Hernández","ATL",39,0,0,0,0,0,0,0,0,0,0,0,0,0,,,0,0,0,0,"Daysbel Hernandez",20271,678226
"David Peterson","NYM",30,0,0,0,0,0,0,0,0,0,0,0,0,0,,,0,0,0,0,"David Peterson",20302,656849
"Nick Raquet","STL",2,0,0,0,0,0,0,0,0,0,0,0,0,0,,,0,0,0,0,"Nick Raquet",20333,675919
"Riley O'Brien","STL",42,0,0,0,0,0,0,0,0,0,0,0,0,0,,,0,0,0,0,"Riley O'Brien",20348,676617
"Bruce Zimmermann","MIL",1,0,0,0,0,0,0,0,0,0,0,0,0,0,,,0,0,0,0,"Bruce Zimmermann",20370,669145
"Tyler Zuber","- - -",10,0,0,0,0,0,0,0,0,0,0,0,0,0,,,0,0,0,0,"Tyler Zuber",20379,676604
"Isaac Mattson","PIT",44,0,0,0,0,0,0,0,0,0,0,0,0,0,,,0,0,0,0,"Isaac Mattson",20385,676755
"Ryan Walker","SFG",68,0,0,0,0,0,0,0,0,0,0,0,0,0,,,0,0,0,0,"Ryan Walker",20423,676254
"Kyle Nelson","ARI",3,0,0,0,0,0,0,0,0,0,0,0,0,0,,,0,0,0,0,"Kyle Nelson",20515,669459
"Grant Anderson","MIL",66,0,0,0,0,0,0,0,0,0,0,0,0,0,,,0,0,0,0,"Grant Anderson",20546,681982
"Tyler Phillips","MIA",54,0,0,0,0,0,0,0,0,0,0,0,0,0,,,0,0,0,0,"Tyler Phillips",20629,663969
"Cristopher Sánchez","PHI",32,0,0,0,0,0,0,0,0,0,0,0,0,0,,,0,0,0,0,"Cristopher Sanchez",20778,650911
"Michael Petersen","- - -",15,0,0,0,0,0,0,0,0,0,0,0,0,0,,,0,0,0,0,"Michael Petersen",20827,656848
"Elvin Rodríguez","MIL",6,0,0,0,0,0,0,0,0,0,0,0,0,0,,,0,0,0,0,"Elvin Rodriguez",20962,660730
"Jhoan Duran","PHI",23,0,0,0,0,0,0,0,0,0,0,0,0,0,,,0,0,0,0,"Jhoan Duran",21029,661395
"Seth Martinez","MIA",6,0,0,0,0,0,0,0,0,0,0,0,0,0,,,0,0,0,0,"Seth Martinez",21045,661527
"Dauri Moreta","PIT",18,0,0,0,0,0,0,0,0,0,0,0,0,0,,,0,0,0,0,"Dauri Moreta",21101,664294
"Alexis Díaz","- - -",18,0,0,0,0,0,0,0,0,0,0,0,0,0,,,0,0,0,0,"Alexis Diaz",21132,664747
"Brooks Kriske","CHC",4,0,0,0,0,0,0,0,0,0,0,0,0,0,,,0,0,0,0,"Brooks Kriske",21189,621139
"Daniel Robert","PHI",15,0,0,0,0,0,0,0,0,0,0,0,0,0,,,0,0,0,0,"Daniel Robert",21229,642016
"Jake Bird","COL",45,0,0,0,0,0,0,0,0,0,0,0,0,0,,,0,0,0,0,"Jake Bird",21267,656234
"Lucas Gilbreath","COL",1,0,0,0,0,0,0,0,0,0,0,0,0,0,,,0,0,0,0,"Lucas Gilbreath",21290,656458
"Tylor Megill","NYM",14,0,0,0,0,0,0,0,0,0,0,0,0,0,,,0,0,0,0,"Tylor Megill",21318,656731
"Ryan Feltner","COL",6,0,0,0,0,0,0,0,0,0,0,0,0,0,,,0,0,0,0,"Ryan Feltner",21446,663372
"Konnor Pilkington","WSN",32,0,0,0,0,0,0,0,0,0,0,0,0,0,,,0,0,0,0,"Konnor Pilkington",21453,663455
"Sean Hjelle","SFG",12,0,0,0,0,0,0,0,0,0,0,0,0,0,,,0,0,0,0,"Sean Hjelle",21481,663546
"Stephen Kolek","SDP",14,0,0,0,0,0,0,0,0,0,0,0,0,0,,,0,0,0,0,"Stephen Kolek",21487,663568
"Jake Irvin","WSN",33,0,0,0,0,0,0,0,0,0,0,0,0,0,,,0,0,0,0,"Jake Irvin",21504,663623
"Chase Shugart","PIT",35,0,0,0,0,0,0,0,0,0,0,0,0,0,,,0,0,0,0,"Chase Shugart",21544,663767
"Justin Hagenman","NYM",9,0,0,0,0,0,0,0,0,0,0,0,0,0,,,0,0,0,0,"Justin Hagenman",21546,663795
"Tristan Beck","SFG",31,0,0,0,0,0,0,0,0,0,0,0,0,0,,,0,0,0,0,"Tristan Beck",21584,663941
"Elvis Peguero","MIL",6,0,0,0,0,0,0,0,0,0,0,0,0,0,,,0,0,0,0,"Elvis Peguero",21652,665625
"Edward Cabrera","MIA",26,0,0,0,0,0,0,0,0,0,0,0,0,0,,,0,0,0,0,"Edward Cabrera",21690,665795
"Javier Assad","CHC",8,0,0,0,0,0,0,0,0,0,0,0,0,0,,,0,0,0,0,"Javier Assad",21741,665871
"Mason Thompson","WSN",14,0,0,0,0,0,0,0,0,0,0,0,0,0,,,0,0,0,0,"Mason Thompson",21850,666168
"George Soriano","MIA",24,0,0,0,0,0,0,0,0,0,0,0,0,0,,,0,0,0,0,"George Soriano",21863,666277
"Sauryn Lao","WSN",6,0,0,0,0,0,0,0,0,0,0,0,0,0,,,0,0,0,0,"Sauryn Lao",21922,666659
"Juan Morillo","ARI",42,0,0,0,0,0,0,0,0,0,0,0,0,0,,,0,0,0,0,"Juan Morillo",21924,666661
"Joel Peguero","SFG",17,0,0,0,0,0,0,0,0,0,0,0,0,0,,,0,0,0,0,"Joel Peguero",21951,666711
"Camilo Doval","SFG",47,0,0,0,0,0,0,0,0,0,0,0,0,0,,,0,0,0,0,"Camilo Doval",21992,666808
"John King","STL",51,0,0,0,0,0,0,0,0,0,0,0,0,0,,,0,0,0,0,"John King",22051,667463
"Max Kranick","NYM",24,0,0,0,0,0,0,0,0,0,0,0,0,0,,,0,0,0,0,"Max Kranick",22175,668820
"Easton McGee","MIL",9,0,0,0,0,0,0,0,0,0,0,0,0,0,,,0,0,0,0,"Easton McGee",22176,668834
"Hunter Greene","CIN",19,0,0,0,0,0,0,0,0,0,0,0,0,0,,,0,0,0,0,"Hunter Greene",22182,668881
"Tobias Myers","MIL",22,0,0,0,0,0,0,0,0,0,0,0,0,0,,,0,0,0,0,"Tobias Myers",22191,668964
"Ryan Rolison","COL",31,0,0,0,0,0,0,0,0,0,0,0,0,0,,,0,0,0,0,"Ryan Rolison",22200,669020
"MacKenzie Gore","WSN",30,0,0,0,0,0,0,0,0,0,0,0,0,0,,,0,0,0,0,"MacKenzie Gore",22201,669022
"DL Hall","MIL",20,0,0,0,0,0,0,0,0,0,0,0,0,0,,,0,0,0,0,"DL Hall",22207,669084
"Jeremiah Estrada","SDP",77,0,0,0,0,0,0,0,0,0,0,0,0,0,,,0,0,0,0,"Jeremiah Estrada",22210,669093
"Sean Reynolds","SDP",19,0,0,0,0,0,0,0,0,0,0,0,0,0,,,0,0,0,0,"Sean Reynolds",22253,669308
"Matt Sauer","LAD",10,0,0,0,0,0,0,0,0,0,0,0,0,0,,,0,0,0,0,"Matt Sauer",22284,669422
"Matthew Liberatore","STL",29,0,0,0,0,0,0,0,0,0,0,0,0,0,,,0,0,0,0,"Matthew Liberatore",22294,669461
"Colin Holderman","PIT",24,0,0,0,0,0,0,0,0,0,0,0,0,0,,,0,0,0,0,"Colin Holderman",22361,670059
"Logan Gillaspie","SDP",3,0,0,0,0,0,0,0,0,0,0,0,0,0,,,0,0,0,0,"Logan Gillaspie",22461,670810
"Johan Oviedo","PIT",9,0,0,0,0,0,0,0,0,0,0,0,0,0,,,0,0,0,0,"Johan Oviedo",22487,670912
"Carlos Hernández","PHI",25,0,0,0,0,0,0,0,0,0,0,0,0,0,,,0,0,0,0,"Carlos Hernandez",22713,672578
"Roansy Contreras","COL",4,0,0,0,0,0,0,0,0,0,0,0,0,0,,,0,0,0,0,"Roansy Contreras",22810,672710
"Yoendrys Gómez","LAD",3,0,0,0,0,0,0,0,0,0,0,0,0,0,,,0,0,0,0,"Yoendrys Gomez",22872,672782
"Dedniel Núñez","NYM",10,0,0,0,0,0,0,0,0,0,0,0,0,0,,,0,0,0,0,"Dedniel Nunez",23055,673380
"Robinson Piña","MIA",1,0,0,0,0,0,0,0,0,0,0,0,0,0,,,0,0,0,0,"Robinson Pina",23091,673820
"Eduardo Salazar","WSN",30,0,0,0,0,0,0,0,0,0,0,0,0,0,,,0,0,0,0,"Eduardo Salazar",23135,674285
"Eduarniel Núñez","SDP",4,0,0,0,0,0,0,0,0,0,0,0,0,0,,,0,0,0,0,"Eduarniel Nunez",23162,674384
"Michael Mercado","PHI",3,0,0,0,0,0,0,0,0,0,0,0,0,0,,,0,0,0,0,"Michael Mercado",23223,675650
"Juan Mejia","COL",55,0,0,0,0,0,0,0,0,0,0,0,0,0,,,0,0,0,0,"Juan Mejia",23237,675848
"Janson Junk","MIA",21,0,0,0,0,0,0,0,0,0,0,0,0,0,,,0,0,0,0,"Janson Junk",23301,676083
"José Buttó","- - -",55,0,0,0,0,0,0,0,0,0,0,0,0,0,,,0,0,0,0,"Jose Butto",23313,676130
"Freddy Tarnok","MIA",5,0,0,0,0,0,0,0,0,0,0,0,0,0,,,0,0,0,0,"Freddy Tarnok",23324,676206
"Nolan Hoffman","PHI",1,0,0,0,0,0,0,0,0,0,0,0,0,0,,,0,0,0,0,"Nolan Hoffman",23381,676510
"PJ Poulin","WSN",28,0,0,0,0,0,0,0,0,0,0,0,0,0,,,0,0,0,0,"PJ Poulin",23394,676571
"Max Lazar","PHI",36,0,0,0,0,0,0,0,0,0,0,0,0,0,,,0,0,0,0,"Max Lazar",23426,676661
"JP Sears","SDP",5,0,0,0,0,0,0,0,0,0,0,0,0,0,,,0,0,0,0,"JP Sears",23429,676664
"Tom Cosgrove","CHC",2,0,0,0,0,0,0,0,0,0,0,0,0,0,,,0,0,0,0,"Tom Cosgrove",23443,676680
"Hunter Stratton","- - -",15,0,0,0,0,0,0,0,0,0,0,0,0,0,,,0,0,0,0,"Hunter Stratton",23455,676702
"Cam Sanders","PIT",6,0,0,0,0,0,0,0,0,0,0,0,0,0,,,0,0,0,0,"Cam Sanders",23479,676742
"Ron Marinaccio","SDP",7,0,0,0,0,0,0,0,0,0,0,0,0,0,,,0,0,0,0,"Ron Marinaccio",23488,676760
"Keaton Winn","SFG",7,0,0,0,0,0,0,0,0,0,0,0,0,0,,,0,0,0,0,"Keaton Winn",23499,676775
"Aaron Ashby","MIL",43,0,0,0,0,0,0,0,0,0,0,0,0,0,,,0,0,0,0,"Aaron Ashby",23550,676879
"Ben Brown","CHC",25,0,0,0,0,0,0,0,0,0,0,0,0,0,,,0,0,0,0,"Ben Brown",23590,676962
"Brett de Geus","PHI",1,0,0,0,0,0,0,0,0,0,0,0,0,0,,,0,0,0,0,"Brett de Geus",23592,676969
"Braxton Ashcraft","PIT",26,0,0,0,0,0,0,0,0,0,0,0,0,0,,,0,0,0,0,"Braxton Ashcraft",23793,677952
"Ryan Weathers","MIA",8,0,0,0,0,0,0,0,0,0,0,0,0,0,,,0,0,0,0,"Ryan Weathers",23796,677960
"Luarbert Arias","MIA",7,0,0,0,0,0,0,0,0,0,0,0,0,0,,,0,0,0,0,"Luarbert Arias",23811,678215
"Omar Cruz","SDP",2,0,0,0,0,0,0,0,0,0,0,0,0,0,,,0,0,0,0,"Omar Cruz",23875,678316
"Valente Bellozo","MIA",32,0,0,0,0,0,0,0,0,0,0,0,0,0,,,0,0,0,0,"Valente Bellozo",23899,678368
"Randy Rodríguez","SFG",50,0,0,0,0,0,0,0,0,0,0,0,0,0,,,0,0,0,0,"Randy Rodriguez",23974,678495
"Jose A. Ferrer","WSN",72,0,0,0,0,0,0,0,0,0,0,0,0,0,,,0,0,0,0,"Jose A. Ferrer",24017,678606
"Ronny Henriquez","MIA",69,0,0,0,0,0,0,0,0,0,0,0,0,0,,,0,0,0,0,"Ronny Henriquez",24094,678692
"Luis Peralta","COL",22,0,0,0,0,0,0,0,0,0,0,0,0,0,,,0,0,0,0,"Luis Peralta",24203,678821
"Kai-Wei Teng","SFG",8,0,0,0,0,0,0,0,0,0,0,0,0,0,,,0,0,0,0,"Kai-Wei Teng",24282,678906
"Justin Martinez","ARI",17,0,0,0,0,0,0,0,0,0,0,0,0,0,,,0,0,0,0,"Justin Martinez",24453,679885
"Lyon Richardson","CIN",34,0,0,0,0,0,0,0,0,0,0,0,0,0,,,0,0,0,0,"Lyon Richardson",24581,680689
"Austin Cox","ATL",13,0,0,0,0,0,0,0,0,0,0,0,0,0,,,0,0,0,0,"Austin Cox",24604,680735
"Victor Vodnik","COL",52,0,0,0,0,0,0,0,0,0,0,0,0,0,,,0,0,0,0,"Victor Vodnik",24614,680767
"Randy Vásquez","SDP",28,0,0,0,0,0,0,0,0,0,0,0,0,0,,,0,0,0,0,"Randy Vasquez",24719,681190
"Mike Burrows","PIT",23,0,0,0,0,0,0,0,0,0,0,0,0,0,,,0,0,0,0,"Mike Burrows",24728,681347
"Kyle Leahy","STL",62,0,0,0,0,0,0,0,0,0,0,0,0,0,,,0,0,0,0,"Kyle Leahy",24763,681517
"Ryan Fernandez","STL",32,0,0,0,0,0,0,0,0,0,0,0,0,0,,,0,0,0,0,"Ryan Fernandez",24862,681676
"Ethan Roberts","CHC",10,0,0,0,0,0,0,0,0,0,0,0,0,0,,,0,0,0,0,"Ethan Roberts",24930,681799
"Austin Warren","NYM",5,0,0,0,0,0,0,0,0,0,0,0,0,0,,,0,0,0,0,"Austin Warren",24937,681810
"Evan Sisk","PIT",14,0,0,0,0,0,0,0,0,0,0,0,0,0,,,0,0,0,0,"Evan Sisk",24995,681895
"Alex Vesia","LAD",68,0,0,0,0,0,0,0,0,0,0,0,0,0,,,0,0,0,0,"Alex Vesia",25007,681911
"Roddery Muñoz","STL",9,0,0,0,0,0,0,0,0,0,0,0,0,0,,,0,0,0,0,"Roddery Munoz",25311,682610
"Abner Uribe","MIL",75,0,0,0,0,0,0,0,0,0,0,0,0,0,,,0,0,0,0,"Abner Uribe",25327,682842
"Nick Mears","MIL",63,0,0,0,0,0,0,0,0,0,0,0,0,0,,,0,0,0,0,"Nick Mears",25376,683232
"Brady Singer","CIN",32,0,0,0,0,0,0,0,0,0,0,0,0,0,,,0,0,0,0,"Brady Singer",25377,663903
"Gavin Hollowell","CHC",7,0,0,0,0,0,0,0,0,0,0,0,0,0,,,0,0,0,0,"Gavin Hollowell",25427,668970
"Nathan Wiles","ATL",1,0,0,0,0,0,0,0,0,0,0,0,0,0,,,0,0,0,0,"Nathan Wiles",25474,686249
"Joe La Sorsa","CIN",5,0,0,0,0,0,0,0,0,0,0,0,0,0,,,0,0,0,0,"Joe La Sorsa",25481,686747
"Matt Waldron","SDP",1,0,0,0,0,0,0,0,0,0,0,0,0,0,,,0,0,0,0,"Matt Waldron",25550,663362
"Xzavion Curry","MIA",3,0,0,0,0,0,0,0,0,0,0,0,0,0,,,0,0,0,0,"Xzavion Curry",25595,675540
"Luis Mey","CIN",23,0,0,0,0,0,0,0,0,0,0,0,0,0,,,0,0,0,0,"Luis Mey",25620,682825
"Ty Adcock","NYM",3,0,0,0,0,0,0,0,0,0,0,0,0,0,,,0,0,0,0,"Ty Adcock",25651,686654
"Randy Wynne","CIN",1,0,0,0,0,0,0,0,0,0,0,0,0,0,,,0,0,0,0,"Randy Wynne",25804,691094
"Noah Davis","LAD",5,0,0,0,0,0,0,0,0,0,0,0,0,0,,,0,0,0,0,"Noah Davis",25862,663562
"Connor Thomas","MIL",2,0,0,0,0,0,0,0,0,0,0,0,0,0,,,0,0,0,0,"Connor Thomas",25873,671162
"Josh Simpson","MIA",31,0,0,0,0,0,0,0,0,0,0,0,0,0,,,0,0,0,0,"Josh Simpson",25957,681006
"Quinn Priester","MIL",29,0,0,0,0,0,0,0,0,0,0,0,0,0,,,0,0,0,0,"Quinn Priester",25977,682990
"Seth Johnson","PHI",10,0,0,0,0,0,0,0,0,0,0,0,0,0,,,0,0,0,0,"Seth Johnson",26020,686751
"Andre Pallante","STL",31,0,0,0,0,0,0,0,0,0,0,0,0,0,,,0,0,0,0,"Andre Pallante",26108,669467
"Austin Pope","ARI",1,0,0,0,0,0,0,0,0,0,0,0,0,0,,,0,0,0,0,"Austin Pope",26136,687166
"Jack Little","LAD",2,0,0,0,0,0,0,0,0,0,0,0,0,0,,,0,0,0,0,"Jack Little",26152,669193
"Connor Gillispie","MIA",6,0,0,0,0,0,0,0,0,0,0,0,0,0,,,0,0,0,0,"Connor Gillispie",26171,687362
"Andrew Saalfrank","ARI",28,0,0,0,0,0,0,0,0,0,0,0,0,0,,,0,0,0,0,"Andrew Saalfrank",26203,685314
"Jackson Rutledge","WSN",63,0,0,0,0,0,0,0,0,0,0,0,0,0,,,0,0,0,0,"Jackson Rutledge",26215,671131
"Orlando Ribalta","WSN",22,0,0,0,0,0,0,0,0,0,0,0,0,0,,,0,0,0,0,"Orlando Ribalta",26247,687377
"Erik Miller","SFG",36,0,0,0,0,0,0,0,0,0,0,0,0,0,,,0,0,0,0,"Erik Miller",26252,669062
"Drey Jameson","ARI",3,0,0,0,0,0,0,0,0,0,0,0,0,0,,,0,0,0,0,"Drey Jameson",26260,686753
"Tommy Henry","ARI",2,0,0,0,0,0,0,0,0,0,0,0,0,0,,,0,0,0,0,"Tommy Henry",26285,674072
"Bryan Hoeing","SDP",7,0,0,0,0,0,0,0,0,0,0,0,0,0,,,0,0,0,0,"Bryan Hoeing",26304,663773
"Taylor Rashi","ARI",10,0,0,0,0,0,0,0,0,0,0,0,0,0,,,0,0,0,0,"Taylor Rashi",26344,688497
"Nick Lodolo","CIN",29,0,0,0,0,0,0,0,0,0,0,0,0,0,,,0,0,0,0,"Nick Lodolo",26378,666157
"Porter Hodge","CHC",36,0,0,0,0,0,0,0,0,0,0,0,0,0,,,0,0,0,0,"Porter Hodge",26413,687863
"Bradley Blalock","COL",14,0,0,0,0,0,0,0,0,0,0,0,0,0,,,0,0,0,0,"Bradley Blalock",26419,687134
"Ryan Gusto","MIA",3,0,0,0,0,0,0,0,0,0,0,0,0,0,,,0,0,0,0,"Ryan Gusto",26440,687473
"Trevor McDonald","SFG",3,0,0,0,0,0,0,0,0,0,0,0,0,0,,,0,0,0,0,"Trevor McDonald",26448,686790
"Alex Carrillo","NYM",3,0,0,0,0,0,0,0,0,0,0,0,0,0,,,0,0,0,0,"Alex Carrillo",26463,692024
"Angel Chivilli","COL",43,0,0,0,0,0,0,0,0,0,0,0,0,0,,,0,0,0,0,"Angel Chivilli",26790,683409
"Edgardo Henriquez","LAD",22,0,0,0,0,0,0,0,0,0,0,0,0,0,,,0,0,0,0,"Edgardo Henriquez",26944,683618
"Anthony Molina","COL",17,0,0,0,0,0,0,0,0,0,0,0,0,0,,,0,0,0,0,"Anthony Molina",26952,683627
"Juan Burgos","ARI",9,0,0,0,0,0,0,0,0,0,0,0,0,0,,,0,0,0,0,"Juan Burgos",27271,686228
"Rolddy Muñoz","ATL",3,0,0,0,0,0,0,0,0,0,0,0,0,0,,,0,0,0,0,"Rolddy Munoz",27407,691548
"Anthony Veneziano","- - -",26,0,0,0,0,0,0,0,0,0,0,0,0,0,,,0,0,0,0,"Anthony Veneziano",27453,685107
"Cade Cavalli","WSN",10,0,0,0,0,0,0,0,0,0,0,0,0,0,,,0,0,0,0,"Cade Cavalli",27473,676917
"Max Meyer","MIA",12,0,0,0,0,0,0,0,0,0,0,0,0,0,,,0,0,0,0,"Max Meyer",27474,676974
"Bryce Jarvis","ARI",12,0,0,0,0,0,0,0,0,0,0,0,0,0,,,0,0,0,0,"Bryce Jarvis",27477,686826
"Bobby Miller","LAD",2,0,0,0,0,0,0,0,0,0,0,0,0,0,,,0,0,0,0,"Bobby Miller",27483,676272
"Landon Knack","LAD",10,0,0,0,0,0,0,0,0,0,0,0,0,0,,,0,0,0,0,"Landon Knack",27487,689017
"Clayton Beeter","WSN",24,0,0,0,0,0,0,0,0,0,0,0,0,0,,,0,0,0,0,"Clayton Beeter",27494,690925
"Spencer Strider","ATL",23,0,0,0,0,0,0,0,0,0,0,0,0,0,,,0,0,0,0,"Spencer Strider",27498,675911
"Jared Koenig","MIL",72,0,0,0,0,0,0,0,0,0,0,0,0,0,,,0,0,0,0,"Jared Koenig",27517,657649
"Graham Ashcraft","CIN",62,0,0,0,0,0,0,0,0,0,0,0,0,0,,,0,0,0,0,"Graham Ashcraft",27552,668933
"Cole Henry","WSN",57,0,0,0,0,0,0,0,0,0,0,0,0,0,,,0,0,0,0,"Cole Henry",27570,669371
"Carmen Mlodzinski","PIT",34,0,0,0,0,0,0,0,0,0,0,0,0,0,,,0,0,0,0,"Carmen Mlodzinski",27572,669387
"Davis Daniel","ATL",3,0,0,0,0,0,0,0,0,0,0,0,0,0,,,0,0,0,0,"Davis Daniel",27582,669721
"Mitchell Parker","WSN",33,0,0,0,0,0,0,0,0,0,0,0,0,0,,,0,0,0,0,"Mitchell Parker",27636,680730
"Connor Phillips","CIN",21,0,0,0,0,0,0,0,0,0,0,0,0,0,,,0,0,0,0,"Connor Phillips",27649,683175
"Christian Roa","MIA",2,0,0,0,0,0,0,0,0,0,0,0,0,0,,,0,0,0,0,"Christian Roa",27662,685005
"Tanner Gordon","COL",15,0,0,0,0,0,0,0,0,0,0,0,0,0,,,0,0,0,0,"Tanner Gordon",27669,685299
"Carson Spiers","CIN",3,0,0,0,0,0,0,0,0,0,0,0,0,0,,,0,0,0,0,"Carson Spiers",27685,686730
"Mick Abel","PHI",7,0,0,0,0,0,0,0,0,0,0,0,0,0,,,0,0,0,0,"Mick Abel",27756,690953
"Kyle Harrison","SFG",8,0,0,0,0,0,0,0,0,0,0,0,0,0,,,0,0,0,0,"Kyle Harrison",27758,690986
"Yosver Zulueta","CIN",7,0,0,0,0,0,0,0,0,0,0,0,0,0,,,0,0,0,0,"Yosver Zulueta",27765,691172
"Eury Pérez","MIA",20,0,0,0,0,0,0,0,0,0,0,0,0,0,,,0,0,0,0,"Eury Perez",27768,691587
"Kyle Nicolas","PIT",31,0,0,0,0,0,0,0,0,0,0,0,0,0,,,0,0,0,0,"Kyle Nicolas",27775,693312
"Bryce Elder","ATL",28,0,0,0,0,0,0,0,0,0,0,0,0,0,,,0,0,0,0,"Bryce Elder",27779,693821
"Brandon Pfaadt","ARI",33,0,0,0,0,0,0,0,0,0,0,0,0,0,,,0,0,0,0,"Brandon Pfaadt",27782,694297
"Zach Brzykcy","WSN",26,0,0,0,0,0,0,0,0,0,0,0,0,0,,,0,0,0,0,"Zach Brzykcy",27783,694350
"Will Klein","LAD",14,0,0,0,0,0,0,0,0,0,0,0,0,0,,,0,0,0,0,"Will Klein",27787,694361
"Dugan Darnell","COL",9,0,0,0,0,0,0,0,0,0,0,0,0,0,,,0,0,0,0,"Dugan Darnell",27812,699911
"Daniel Palencia","CHC",54,0,0,0,0,0,0,0,0,0,0,0,0,0,,,0,0,0,0,"Daniel Palencia",27914,694037
"Andry Lara","WSN",9,0,0,0,0,0,0,0,0,0,0,0,0,0,,,0,0,0,0,"Andry Lara",27967,691251
"Cristian Mena","ARI",3,0,0,0,0,0,0,0,0,0,0,0,0,0,,,0,0,0,0,"Cristian Mena",27974,691441
"Luke Little","CHC",2,0,0,0,0,0,0,0,0,0,0,0,0,0,,,0,0,0,0,"Luke Little",28036,681432
"Bradgley Rodriguez","SDP",7,0,0,0,0,0,0,0,0,0,0,0,0,0,,,0,0,0,0,"Bradgley Rodriguez",29107,699134
"Yilber Díaz","ARI",1,0,0,0,0,0,0,0,0,0,0,0,0,0,,,0,0,0,0,"Yilber Diaz",29271,700270
"Gordon Graceffo","STL",26,0,0,0,0,0,0,0,0,0,0,0,0,0,,,0,0,0,0,"Gordon Graceffo",29519,700669
"Ryan Loutos","- - -",12,0,0,0,0,0,0,0,0,0,0,0,0,0,,,0,0,0,0,"Ryan Loutos",29521,702795
"Andre Granillo","STL",14,0,0,0,0,0,0,0,0,0,0,0,0,0,,,0,0,0,0,"Andre Granillo",29542,701552
"Patrick Monteverde","MIA",1,0,0,0,0,0,0,0,0,0,0,0,0,0,,,0,0,0,0,"Patrick Monteverde",29564,687287
"Kyle Backhus","ARI",32,0,0,0,0,0,0,0,0,0,0,0,0,0,,,0,0,0,0,"Kyle Backhus",29615,679775
"Alek Jacob","SDP",29,0,0,0,0,0,0,0,0,0,0,0,0,0,,,0,0,0,0,"Alek Jacob",29628,689690
"Matt Svanson","STL",39,0,0,0,0,0,0,0,0,0,0,0,0,0,,,0,0,0,0,"Matt Svanson",29629,694335
"Andrew Hoffmann","ARI",8,0,0,0,0,0,0,0,0,0,0,0,0,0,,,0,0,0,0,"Andrew Hoffmann",29633,694851
"Robert Gasser","MIL",2,0,0,0,0,0,0,0,0,0,0,0,0,0,,,0,0,0,0,"Robert Gasser",29812,688107
"Emmet Sheehan","LAD",15,0,0,0,0,0,0,0,0,0,0,0,0,0,,,0,0,0,0,"Emmet Sheehan",29839,686218
"Ryan Bergert","SDP",11,0,0,0,0,0,0,0,0,0,0,0,0,0,,,0,0,0,0,"Ryan Bergert",29863,686701
"Bubba Chandler","PIT",7,0,0,0,0,0,0,0,0,0,0,0,0,0,,,0,0,0,0,"Bubba Chandler",29868,696149
"Michael McGreevy","STL",17,0,0,0,0,0,0,0,0,0,0,0,0,0,,,0,0,0,0,"Michael McGreevy",29869,700241
"Andrew Abbott","CIN",29,0,0,0,0,0,0,0,0,0,0,0,0,0,,,0,0,0,0,"Andrew Abbott",29911,671096
"Andrew Alvarez","WSN",5,0,0,0,0,0,0,0,0,0,0,0,0,0,,,0,0,0,0,"Andrew Alvarez",29914,674841
"Dylan Dodd","ATL",28,0,0,0,0,0,0,0,0,0,0,0,0,0,,,0,0,0,0,"Dylan Dodd",29928,689266
"AJ Smith-Shawver","ATL",9,0,0,0,0,0,0,0,0,0,0,0,0,0,,,0,0,0,0,"AJ Smith-Shawver",29960,700363
"McCade Brown","COL",7,0,0,0,0,0,0,0,0,0,0,0,0,0,,,0,0,0,0,"McCade Brown",30004,685326
"Landen Roupp","SFG",22,0,0,0,0,0,0,0,0,0,0,0,0,0,,,0,0,0,0,"Landen Roupp",30076,694738
"Carson Seymour","SFG",16,0,0,0,0,0,0,0,0,0,0,0,0,0,,,0,0,0,0,"Carson Seymour",30084,693313
"Ben Casparius","LAD",46,0,0,0,0,0,0,0,0,0,0,0,0,0,,,0,0,0,0,"Ben Casparius",30085,676508
"Jordan Wicks","CHC",8,0,0,0,0,0,0,0,0,0,0,0,0,0,,,0,0,0,0,"Jordan Wicks",30094,696136
"Chad Patrick","MIL",27,0,0,0,0,0,0,0,0,0,0,0,0,0,,,0,0,0,0,"Chad Patrick",30113,694477
"Robert Suarez","SDP",70,0,0,0,0,0,0,0,0,0,0,0,0,0,,,0,0,0,0,"Robert Suarez",30115,663158
"Dom Hamel","NYM",1,0,0,0,0,0,0,0,0,0,0,0,0,0,,,0,0,0,0,"Dom Hamel",30153,687589
"Carlos Rodriguez","MIL",4,0,0,0,0,0,0,0,0,0,0,0,0,0,,,0,0,0,0,"Carlos Rodriguez",30161,692230
"Chase Petty","CIN",3,0,0,0,0,0,0,0,0,0,0,0,0,0,,,0,0,0,0,"Chase Petty",30170,695534
"Mason Black","SFG",1,0,0,0,0,0,0,0,0,0,0,0,0,0,,,0,0,0,0,"Mason Black",30171,696131
"Christian Montes De Oca","ARI",1,0,0,0,0,0,0,0,0,0,0,0,0,0,,,0,0,0,0,"Christian Montes De Oca",30206,801216
"Spencer Bivens","SFG",54,0,0,0,0,0,0,0,0,0,0,0,0,0,,,0,0,0,0,"Spencer Bivens",30226,702352
"Jack Dreyer","LAD",67,0,0,0,0,0,0,0,0,0,0,0,0,0,,,0,0,0,0,"Jack Dreyer",30249,676263
"Jaden Hill","COL",28,0,0,0,0,0,0,0,0,0,0,0,0,0,,,0,0,0,0,"Jaden Hill",30250,677955
"Didier Fuentes","ATL",4,0,0,0,0,0,0,0,0,0,0,0,0,0,,,0,0,0,0,"Didier Fuentes",30661,800311
"Justin Wrobleski","LAD",24,0,0,0,0,0,0,0,0,0,0,0,0,0,,,0,0,0,0,"Justin Wrobleski",31204,680736
"Chris Roycroft","STL",20,0,0,0,0,0,0,0,0,0,0,0,0,0,,,0,0,0,0,"Chris Roycroft",31261,688297
"Logan Henderson","MIL",5,0,0,0,0,0,0,0,0,0,0,0,0,0,,,0,0,0,0,"Logan Henderson",31475,701656
"Michael Darrell-Hicks","PIT",1,0,0,0,0,0,0,0,0,0,0,0,0,0,,,0,0,0,0,"Michael Darrell-Hicks",31501,690382
"Zach Agnos","COL",30,0,0,0,0,0,0,0,0,0,0,0,0,0,,,0,0,0,0,"Zach Agnos",31552,688642
"Paul Gervase","LAD",1,0,0,0,0,0,0,0,0,0,0,0,0,0,,,0,0,0,0,"Paul Gervase",31571,801434
"Zach Maxwell","CIN",8,0,0,0,0,0,0,0,0,0,0,0,0,0,,,0,0,0,0,"Zach Maxwell",31610,687209
"Carson Palmquist","COL",9,0,0,0,0,0,0,0,0,0,0,0,0,0,,,0,0,0,0,"Carson Palmquist",31612,687223
"David Morgan","SDP",41,0,0,0,0,0,0,0,0,0,0,0,0,0,,,0,0,0,0,"David Morgan",31616,688158
"Jacob Misiorowski","MIL",15,0,0,0,0,0,0,0,0,0,0,0,0,0,,,0,0,0,0,"Jacob Misiorowski",31623,694819
"Hayden Birdsong","SFG",21,0,0,0,0,0,0,0,0,0,0,0,0,0,,,0,0,0,0,"Hayden Birdsong",31635,806185
"Carson Whisenhunt","SFG",5,0,0,0,0,0,0,0,0,0,0,0,0,0,,,0,0,0,0,"Carson Whisenhunt",31676,687931
"Blade Tidwell","NYM",4,0,0,0,0,0,0,0,0,0,0,0,0,0,,,0,0,0,0,"Blade Tidwell",31701,694918
"Mason Miller","SDP",22,0,0,0,0,0,0,0,0,0,0,0,0,0,,,0,0,0,0,"Mason Miller",31757,695243
"Orion Kerkering","PHI",69,0,0,0,0,0,0,0,0,0,0,0,0,0,,,0,0,0,0,"Orion Kerkering",31776,689147
"Cade Gibson","MIA",44,0,0,0,0,0,0,0,0,0,0,0,0,0,,,0,0,0,0,"Cade Gibson",31815,806188
"Kodai Senga","NYM",22,0,0,0,0,0,0,0,0,0,0,0,0,0,,,0,0,0,0,"Kodai Senga",31838,673540
"Spencer Schwellenbach","ATL",17,0,0,0,0,0,0,0,0,0,0,0,0,0,,,0,0,0,0,"Spencer Schwellenbach",31846,680885
"Cade Horton","CHC",23,0,0,0,0,0,0,0,0,0,0,0,0,0,,,0,0,0,0,"Cade Horton",31872,690990
"Adam Mazur","MIA",6,0,0,0,0,0,0,0,0,0,0,0,0,0,,,0,0,0,0,"Adam Mazur",31900,800049
"Hayden Harris","ATL",3,0,0,0,0,0,0,0,0,0,0,0,0,0,,,0,0,0,0,"Hayden Harris",31913,802686
"Brad Lord","WSN",48,0,0,0,0,0,0,0,0,0,0,0,0,0,,,0,0,0,0,"Brad Lord",31972,695418
"Thomas Harrington","PIT",3,0,0,0,0,0,0,0,0,0,0,0,0,0,,,0,0,0,0,"Thomas Harrington",31989,802419
"Jonah Tong","NYM",5,0,0,0,0,0,0,0,0,0,0,0,0,0,,,0,0,0,0,"Jonah Tong",32157,804636
"Hunter Barco","PIT",2,0,0,0,0,0,0,0,0,0,0,0,0,0,,,0,0,0,0,"Hunter Barco",33174,682995
"Craig Yoho","MIL",8,0,0,0,0,0,0,0,0,0,0,0,0,0,,,0,0,0,0,"Craig Yoho",33248,684974
"Seth Halvorsen","COL",42,0,0,0,0,0,0,0,0,0,0,0,0,0,,,0,0,0,0,"Seth Halvorsen",33294,678020
"Chase Dollander","COL",21,0,0,0,0,0,0,0,0,0,0,0,0,0,,,0,0,0,0,"Chase Dollander",33482,801403
"Hurston Waldrep","ATL",10,0,0,0,0,0,0,0,0,0,0,0,0,0,,,0,0,0,0,"Hurston Waldrep",33527,694462
"Brandyn Garcia","ARI",12,0,0,0,0,0,0,0,0,0,0,0,0,0,,,0,0,0,0,"Brandyn Garcia",33568,805299
"Paul Skenes","PIT",32,0,0,0,0,0,0,0,0,0,0,0,0,0,,,0,0,0,0,"Paul Skenes",33677,694973
"Nolan McLean","NYM",8,0,0,0,0,0,0,0,0,0,0,0,0,0,,,0,0,0,0,"Nolan McLean",33703,690997
"Philip Abner","ARI",5,0,0,0,0,0,0,0,0,0,0,0,0,0,,,0,0,0,0,"Philip Abner",33821,691769
"Yoshinobu Yamamoto","LAD",30,0,0,0,0,0,0,0,0,0,0,0,0,0,,,0,0,0,0,"Yoshinobu Yamamoto",33825,808967
"Yuki Matsui","SDP",61,0,0,0,0,0,0,0,0,0,0,0,0,0,,,0,0,0,0,"Yuki Matsui",33826,673513
"Shota Imanaga","CHC",25,0,0,0,0,0,0,0,0,0,0,0,0,0,,,0,0,0,0,"Shota Imanaga",33829,684007
"Brandon Sproat","NYM",4,0,0,0,0,0,0,0,0,0,0,0,0,0,,,0,0,0,0,"Brandon Sproat",33850,687075
"Jonathan Pintaro","NYM",1,0,0,0,0,0,0,0,0,0,0,0,0,0,,,0,0,0,0,"Jonathan Pintaro",33980,702752
"Roki Sasaki","LAD",10,0,0,0,0,0,0,0,0,0,0,0,0,0,,,0,0,0,0,"Roki Sasaki",35323,808963
"Chase Burns","CIN",13,0,0,0,0,0,0,0,0,0,0,0,0,0,,,0,0,0,0,"Chase Burns",35333,695505
"Rafael Flores","PIT",7,17,0,0,0,0,0.117647058,0.411764705,0.133333333,0.375,0.2,0.294117647,0.333333333,0.2805419914862689,0.3720584757187787,75.88191584014989,-0.4098838660866022,-0.8958275407347749,0.255510400980711,-0.007637490295429608,"Rafael Flores",31991,804668
"Rob Brantly","MIA",3,7,0,0,1,0,0,0.142857142,0,0.5,0.428571428,0.428571428,0.428571428,0.3781739217894418,0.2189999989100865,143.30541150469614,-0.11489557661116123,0.24438555966833508,-0.5615042224526405,-0.00861433930356983,"Rob Brantly",10655,542963
"Billy Cook","PIT",3,6,0,1,0,0,0,0.166666666,0,0.4,0.333333333,0.333333333,0.333333333,0.29413527250289917,0.3801666895548503,85.19375049777584,-0.250592615455389,-0.3558834382818677,0.06690345145761967,-0.00913981039962657,"Billy Cook",29573,695257
"Sam Hilliard","COL",20,61,2,8,3,2,0.163934426,0.37704918,0.215686274,0.307692307,0.196078431,0.327868852,0.411764705,0.32556657908392733,0.3089339459528688,94.95580384288479,0.2725447975099087,-0.09213861305335136,-2.027756631374359,-0.0092228159756291,"Sam Hilliard",17954,656541
"Hunter Feduccia","LAD",2,3,0,0,0,0,0.333333333,0.333333333,0,0,0,0.333333333,0,0.23049892981847128,0.3074990113576253,43.993486308642765,-0.006601674482226372,-0.20573960976150188,0.015237247571349144,-0.009277546361705545,"Hunter Feduccia",23372,676439
"Colin Rea","CHC",32,1,0,0,0,0,0,1,0,0,0,0,0,0,0,-100,0,-0.25200178605773715,0.12231098115444183,-0.009864582600097666,"Colin Rea",12317,607067
"Shinnosuke Ogasawara","WSN",23,1,0,0,0,0,0,1,0,0,0,0,0,0,0,-100,0,-0.25410217923381595,0.12231098115444183,-0.010079479108025067,"Shinnosuke Ogasawara",35324,829272
"Daniel Johnson","SFG",14,31,1,5,1,1,0.064516129,0.258064516,0.172413793,0.2,0.172413793,0.225806451,0.344827586,0.24803273139461393,0.24861271150650516,57.888900483155325,0.4036211147904396,-1.1436003455946688,-0.02983720973134041,-0.014520643551330214,"Daniel Johnson",19643,669288
"Justin Dean","LAD",18,2,0,0,0,1,0,0.5,0,0,0,0,0,0,0.03449999913573265,-100,0.20000000298023224,-0.3070450451465183,0.078225526958704,-0.016602280748926314,"Justin Dean",25005,681909
"Travis Jankowski","NYM",5,1,0,1,0,0,0,0,0,0,0,0,0,0,,-100,0.1421099752187729,-0.10810358208873538,-0.12269952334463596,-0.020209636345218048,"Travis Jankowski",13768,608671
"Randal Grichuk","ARI",70,188,7,25,22,0,0.053191489,0.207446808,0.217142857,0.265151515,0.24,0.276595744,0.457142857,0.30809632915864016,0.3473554805000836,95.65680532994712,0.3954646810889244,-0.5722812427084201,-5.8897621631622314,-0.021118869834772958,"Randal Grichuk",10243,545341
"Jared Young","NYM",23,47,4,5,6,0,0.042553191,0.340425531,0.302325582,0.166666666,0.186046511,0.234042553,0.488372093,0.30114865556676335,0.3042187792189578,95.18270987345421,-0.06368387117981911,-0.3320297109287619,-1.4559169262647629,-0.022922056338971125,"Jared Young",20404,676724
"Keston Hiura","COL",8,21,0,3,1,0,0,0.333333333,0.055555555,0.363636363,0.222222222,0.333333333,0.277777777,0.28885668232327416,0.24023176374889554,69.80834396800164,-0.11124906316399574,-0.8626996631075925,-0.07038387656211853,-0.023973517734254834,"Keston Hiura",20003,669374
"Agustín Ramírez","MIA",136,585,21,72,67,16,0.061538461,0.193162393,0.182495345,0.253071253,0.230912476,0.287179487,0.413407821,0.3016430406382317,0.3401139697601791,90.87929667556621,-0.8793592620640993,-7.203163265910817,-12.506880760192871,-0.025004440097648906,"Agustin Ramirez",26546,682663
"Adrian Del Castillo","ARI",44,131,4,9,17,0,0.061068702,0.358778625,0.15,0.352112676,0.241666666,0.290076335,0.391666666,0.29527478454677203,0.2730783651803286,86.87363492870078,-0.4432871416211128,-2.481314361501025,-2.167591840028763,-0.029663601190154654,"Adrian Del Castillo",29554,680728
"Garrett Stubbs","PHI",5,1,0,2,0,0,0,0,0,0,0,0,0,0,0.04600000008940697,-100,0.1953689306974411,-0.06066582483508853,-0.2637217026203871,-0.029784493909028723,"Garrett Stubbs",18067,596117
"Chuckie Robinson","LAD",1,2,0,1,0,0,0,0,0,0,0,0,0,0,0.23399999737739563,-100,-0.020665926858782768,-0.5277109749855333,0.08038024976849556,-0.03895871185352818,"Chuckie Robinson",19824,642020
"Mason McCoy","SDP",18,26,0,5,1,2,0.115384615,0.269230769,0.045454545,0.2,0.136363636,0.269230769,0.181818181,0.2235960685289823,0.2640684751363901,42.49429009767125,0.4981904737651348,-1.273869935704902,0.016329064965248108,-0.04014751423918089,"Mason McCoy",22232,669200
"Dane Myers","MIA",106,333,6,29,31,18,0.069069069,0.231231231,0.091205212,0.293333333,0.234527687,0.291291291,0.325732899,0.2747963103088173,0.31785544429916934,72.48842300646942,0.9534430522471666,-9.904659136626396,-1.5965039432048798,-0.043044455544727106,"Dane Myers",22054,667472
"Nick Yorke","PIT",22,72,1,7,8,1,0.041666666,0.208333333,0.086956522,0.283018867,0.231884057,0.263888888,0.318840579,0.2563399564888742,0.25823227788361025,59.302743527144656,0.5315162818878889,-2.9413801759194547,0.05663423240184784,-0.050028106685696086,"Nick Yorke",27504,694377
"C.J. Stubbs","WSN",1,3,0,0,0,0,0,0,0,0,0,0,0,0,0.08966666460037231,-100,0,-0.7623065377014479,0.03603284806013107,-0.06409365823454471,"C.J. Stubbs",25814,667690
"Drew Avans","MIL",1,3,0,0,1,0,0,0.333333333,0,0,0,0,0,0,0.20600000023841858,-100,0,-0.7596948484319052,0.011615131050348282,-0.0663246877705928,"Drew Avans",25183,682183
"Drew Romo","COL",3,3,0,0,0,0,0,1,0,0,0,0,0,0,0,-100,0,-0.8109225595730146,0.050831111147999763,-0.06755363818083039,"Drew Romo",27763,691011
"Aramis Garcia","ARI",2,4,0,0,0,0,0,0.75,0,0,0,0,0,0,0.054499998688697815,-100,0,-1.0211700253668892,0.19223777204751968,-0.07119250425402714,"Aramis Garcia",16925,605244
"Cal Stevenson","PHI",5,8,0,0,1,0,0,0.25,0,0.333333333,0.25,0.25,0.25,0.22060145437717438,0.15387499332427979,35.09374103042045,-0.013675717927981168,-0.6290945348240891,-0.5136853214353323,-0.0896854025894293,"Cal Stevenson",22411,670276
"David Villar","SFG",9,25,0,4,1,0,0.16,0.2,0.05,0.266666666,0.2,0.36,0.25,0.2954960155487061,0.3429310989379883,90.40277655252439,-0.18886512517929077,-0.4732325341019236,-1.2405880093574524,-0.09023504480716267,"David Villar",24782,681584
"Chadwick Tromp","ATL",2,6,0,0,0,0,0.166666666,0.333333333,0,0,0,0.166666666,0,0.11524946490923564,0.1609161694844564,-35.93618987279592,-0.18889501504600048,-1.1555701532336329,0.06415430456399918,-0.09123904139608968,"Chadwick Tromp",16953,644433
"Michael Siani","STL",19,19,0,4,0,0,0.105263157,0.368421052,0,0.4,0.235294117,0.315789473,0.235294117,0.2585587815234536,0.313277456495497,64.85420973558269,-0.8740106411278248,-1.665456333594347,0.13965963199734688,-0.09142431148377249,"Michael Siani",22557,672279
"Eddie Rosario","- - -",5,8,0,1,0,0,0,0.25,0,0.166666666,0.125,0.125,0.125,0.11030072718858719,0.34937500581145287,-31.393301336207262,0.08624355326173827,-1.2301534460420203,0.0677449218928814,-0.09169366096353129,"Eddie Rosario",12155,592696
"Jesse Winker","NYM",26,81,1,8,10,1,0.111111111,0.259259259,0.171428572,0.3,0.228571428,0.308641975,0.4,0.30071336179971697,0.29574652563167525,94.88451964393772,-0.5169212967157364,-1.0080164476370594,-2.586170122027397,-0.09197307308105945,"Jesse Winker",13590,608385
"Jacob Hurtubise","CIN",12,15,0,3,0,0,0.066666666,0.4,0,0.166666666,0.083333333,0.266666666,0.083333333,0.2012319803237915,0.25813833872477215,18.555423369400394,-0.029271761421114206,-1.4772019896166217,0.048651255667209625,-0.09509247116638059,"Jacob Hurtubise",27599,674441
"Henry Davis","PIT",87,283,7,25,22,2,0.06360424,0.268551236,0.111111111,0.203488372,0.166666666,0.233812949,0.277777777,0.22946353760554636,0.30424241539385677,40.89153224383042,-0.6210796628147364,-20.44686240689921,10.056652247905731,-0.0996005582250079,"Henry Davis",29617,680779
"José Azocar","- - -",14,21,0,5,1,1,0.095238095,0.047619047,0,0.277777777,0.263157894,0.333333333,0.263157894,0.27595346030734835,0.34033302980519475,78.45241961034496,0.3522463869303465,-0.20170154617087632,-1.490304857492447,-0.10162082449372555,"Jose Azocar",18821,640492
"Sandy León","ATL",5,12,1,1,3,0,0,0.333333333,0.25,0,0.083333333,0.083333333,0.333333333,0.16978291670481363,0.11808332800865173,1.420978408267138,0,-1.402038550716516,-0.0024475976824760437,-0.10284359229151777,"Sandy Leon",5273,506702
"Dalton Rushing","LAD",53,155,4,15,24,0,0.064516129,0.374193548,0.119718309,0.304878048,0.204225352,0.258064516,0.323943661,0.25609347704918156,0.2950145844490297,61.52657428479747,-0.43938313610851765,-7.507223990902935,1.3297762274742126,-0.10434669724990928,"Dalton Rushing",31382,687221
"Brett Wisely","- - -",26,63,1,5,10,1,0.111111111,0.222222222,0.129629629,0.23076923,0.185185185,0.278688524,0.314814814,0.26717263167021704,0.2789095034364794,70.72920112199371,-1.3509197160601616,-3.536512916485575,0.3716631270945072,-0.1093259237357743,"Brett Wisely",27735,689172
"Kody Clemens","PHI",7,7,0,0,0,0,0.142857142,0,0,0,0,0.142857142,0,0.09878525563648768,0.2814995731626238,-48.35427272770117,-0.006601674482226372,-1.2374153262990835,-0.11432338040322065,-0.11446891786621288,"Kody Clemens",20572,665019
"Gage Workman","CHC",9,15,0,0,2,1,0.066666666,0.4,0.071428571,0.375,0.214285714,0.266666666,0.285714285,0.24721437692642212,0.3694331169128418,56.727204229249054,0.24047965742647648,-0.5288286458038761,-1.1005494967103004,-0.11563962837874922,"Gage Workman",27573,669398
"Will Wagner","SDP",15,17,0,2,0,0,0.117647058,0.117647058,0,0.153846153,0.133333333,0.235294117,0.133333333,0.1851650125840131,0.27958788591272693,16.167780828885522,-0.24918187409639359,-1.9382769269173523,0.23568958416581154,-0.11632102616829872,"Will Wagner",29634,695238
"Andrew McCutchen","PIT",135,551,13,51,57,1,0.121597096,0.214156079,0.1278826,0.28939828,0.23899371,0.333333333,0.36687631,0.3089256097069558,0.34136462741427953,95.32560714123179,-4.269701423123479,-7.3223092572032,-12.220832228660583,-0.12367815457133347,"Andrew McCutchen",9847,457705
"Tyler Callihan","CIN",4,6,0,0,1,0,0,0.166666666,0,0.2,0.166666666,0.166666666,0.166666666,0.14706763625144958,0.18333331743876138,-18.548894250705825,-0.006702145969029516,-0.849732017845157,-0.5799254477024078,-0.12584539183114674,"Tyler Callihan",27497,682997
"James Outman","LAD",22,44,2,8,4,0,0.09090909,0.409090909,0.17948718,0.105263157,0.102564102,0.204545454,0.282051282,0.22039497169581326,0.2823017510500821,37.071950050350075,0.49197159335017204,-2.789670064237721,0.06944284588098526,-0.1285192564937888,"James Outman",24770,681546
"Maximo Acosta","MIA",19,61,3,7,5,1,0.098360655,0.278688524,0.185185185,0.235294117,0.203703703,0.295081967,0.388888888,0.3018393809678125,0.3669880413618244,91.01379611565305,-0.430525828152895,-1.0802070416675291,-2.2389857470989227,-0.13192596373839566,"Maximo Acosta",27963,691185
"Jake McCarthy","ARI",67,222,4,18,20,6,0.045045045,0.18018018,0.140776699,0.233128834,0.203883495,0.246575342,0.344660194,0.25633479090041766,0.2908426920572917,60.19848696698043,1.685375701636076,-8.787037321335673,0.10398173332214355,-0.13260627851282009,"Jake McCarthy",21622,664983
"Nicky Lopez","CHC",14,22,0,2,1,0,0.181818181,0.136363636,0,0.066666666,0.055555555,0.227272727,0.055555555,0.16583604433319785,0.27786309068853204,0.9804292678315041,0.029494130983948708,-2.552397000960803,0.5158950015902519,-0.13346262543349527,"Nicky Lopez",19339,670032
"Sergio Alcántara","SFG",1,4,0,0,0,0,0,0.5,0,0,0,0,0,0,0.03225000202655792,-100,0,-1.0051574461642372,-0.4418937489390373,-0.13443380763757926,"Sergio Alcantara",16417,642727
"Tsung-Che Cheng","PIT",3,7,0,0,0,0,0,0.428571428,0,0,0,0,0,0,0.168285710471017,-100,-0.4095173180103302,-2.2040257098993727,0.596578873693943,-0.14063105965218858,"Tsung-Che Cheng",28344,691907
"Donovan Walton","PHI",2,9,0,1,1,0,0,0.111111111,0,0.142857142,0.125,0.125,0.125,0.11030072718858719,0.2667500078678131,-40.46580437583244,0.09664257057011127,-1.4016869138303327,-0.3000681921839714,-0.14347115630968027,"Donovan Walton",19314,622268
"César Prieto","STL",3,6,0,0,0,0,0,0.833333333,0,1,0.166666666,0.166666666,0.166666666,0.14706763625144958,0,-11.520810341771599,-0.006601674482226372,-0.7996531411211559,-0.8178171515464783,-0.1450609944867523,"Cesar Prieto",30163,693409
"Daz Cameron","MIL",21,42,1,7,3,1,0.023809523,0.309523809,0.097560975,0.259259259,0.195121951,0.214285714,0.292682926,0.22083890296164013,0.2742499169849214,37.62150628467394,0.32617796771228313,-2.7789419684899763,-0.05153980851173401,-0.14660849725137698,"Daz Cameron",18353,663662
"Enrique Hernández","LAD",93,256,10,30,35,0,0.0703125,0.265625,0.163793104,0.232704402,0.202586206,0.25490196,0.36637931,0.26833693630555094,0.290834441898376,69.91373762624615,-1.3904387224465609,-10.519001564342942,0.5348234176635742,-0.1499774664683659,"Enrique Hernandez",10472,571771
"Jack Winkler","MIA",14,16,0,2,0,1,0,0.25,0.125,0.333333333,0.25,0.25,0.375,0.26678913086652756,0.21400000154972076,67.00324757683447,0.2298443354666233,-0.39588337277167684,-1.6074012219905853,-0.15049052801383248,"Jack Winkler",29830,676466
"Connor Kaiser","ARI",11,19,0,1,2,0,0.052631578,0.263157894,0.055555555,0.153846153,0.111111111,0.157894736,0.166666666,0.14872683349408602,0.2538682787041915,-13.51642453869037,-0.2993018291890621,-2.855570575728145,0.6831996962428093,-0.15757694163258656,"Connor Kaiser",21535,663731
"Bryce Eldridge","SFG",10,37,0,1,4,0,0.189189189,0.351351351,0.071428571,0.1875,0.107142857,0.297297297,0.178571428,0.2418644959862168,0.3766694197783599,53.66346085735505,0.04271561838686466,-1.989264822299333,-0.8929283209145069,-0.16892126615693054,"Bryce Eldridge",33390,805811
"Sam Huff","SFG",20,58,2,5,4,0,0.068965517,0.431034482,0.132075472,0.333333333,0.207547169,0.258620689,0.339622641,0.26124018841776353,0.2630687582081762,66.93643329711,-1.0673933401703835,-3.340249230130281,-0.3083302304148674,-0.175839571862456,"Sam Huff",22209,669087
"Ryan Vilade","- - -",8,15,0,1,0,0,0.133333333,0.333333333,0,0.125,0.076923076,0.2,0.076923076,0.15102662642796835,0.30426626205444335,-8.808774749348682,-0.00676456093788147,-1.9411783742366016,-0.2832703338935971,-0.17652279443435495,"Ryan Vilade",22165,668723
"Will Banfield","CIN",7,10,0,0,0,0,0,0.6,0,0.25,0.1,0.1,0.1,0.08824058175086975,0.1697999954223633,-58.84731846737403,-0.009503903100267053,-1.892173432015189,-0.18973691016435623,-0.17896138474181122,"Will Banfield",23790,677943
"Nolan Gorman","STL",111,402,14,48,46,1,0.116915422,0.338308457,0.165242165,0.282926829,0.205128205,0.2960199,0.37037037,0.29173873841762543,0.30453225425012725,87.58354727871811,-2.105534702539444,-8.021393480192852,-7.184940218925476,-0.187225503408427,"Nolan Gorman",22263,669357
"Tirso Ornelas","SDP",7,16,0,0,1,0,0.125,0.125,0,0.083333333,0.071428571,0.1875,0.071428571,0.14158746227622032,0.2924996316432953,-13.684242590191575,-0.019817890777630964,-2.1756476423390785,-0.20730793848633766,-0.18933562139708385,"Tirso Ornelas",22566,672359
"Anthony Seigler","MIL",34,73,0,6,5,2,0.109589041,0.219178082,0.016129032,0.255319148,0.193548387,0.291666666,0.209677419,0.23906436231401232,0.3062397903866238,50.106532073587076,0.757247157394886,-3.559541205429042,-0.7540533114224672,-0.19281278770455723,"Anthony Seigler",23802,678011
"Otto Kemp","PHI",62,218,8,26,28,2,0.055045871,0.307339449,0.177664974,0.306451612,0.233502538,0.298165137,0.411167512,0.3084820087896575,0.31706874742420443,95.29474705011386,-1.3350058533251286,-2.55072617138436,-6.619466781616211,-0.19606416656838285,"Otto Kemp",31792,805249
"Luis Matos","SFG",57,184,8,26,22,4,0.059782608,0.14673913,0.203488372,0.217391304,0.220930232,0.266304347,0.424418604,0.2956813292010971,0.2844264610953953,90.52972236411722,0.7320007812231779,-1.3332592487060948,-6.980160474777222,-0.22415547593068771,"Luis Matos",26467,682641
"Jose Iglesias","SDP",112,343,3,29,36,5,0.069970845,0.163265306,0.065359478,0.269076305,0.228758169,0.297935103,0.294117647,0.2682885932008074,0.2878312105257836,73.11010681379402,-0.7104126680642366,-11.64185336085176,-1.9745729565620422,-0.22541825889130113,"Jose Iglesias",10231,578428
"Wilmer Flores","SFG",125,463,16,44,71,1,0.073434125,0.190064794,0.138424821,0.267295597,0.241050119,0.306695464,0.37947494,0.3020836701918369,0.2865669283515963,94.91553184268042,-3.5010962560772896,-6.29120242029485,-11.352840006351471,-0.2289646160795148,"Wilmer Flores",5827,527038
"Carlos Santana","CHC",8,19,0,0,2,0,0,0.263157894,0.052631579,0.142857142,0.105263157,0.105263157,0.157894736,0.1123322656280116,0.16321053003009997,-35.671379831926885,-0.15528704039752483,-3.210461738451741,0.3126332461833954,-0.23180033438206343,"Carlos Santana",2396,467793
"José Barrero","STL",22,31,1,4,3,0,0.032258064,0.29032258,0.137931034,0.157894736,0.137931034,0.193548387,0.275862068,0.20864190978388633,0.19118664341588174,30.65954726254878,-0.028479391476139426,-2.5761458684649257,-0.7235121428966522,-0.23205960544172471,"Jose Barrero",23378,676480
"Ji Hwan Bae","PIT",13,25,0,4,0,4,0.2,0.36,0,0.09090909,0.05,0.24,0.05,0.17359559059143068,0.28793941497802733,2.6201918205735466,0.46292345598340034,-2.422457288241149,-0.7575261294841766,-0.24024185558949487,"Ji Hwan Bae",23818,678225
"Garrett Hampson","- - -",62,91,0,19,1,3,0.12087912,0.318681318,0.025974026,0.229166666,0.142857142,0.25,0.168831168,0.2051355852322145,0.22611894661729987,25.782553107487825,0.6167787509039044,-7.387857631072828,2.003432720899582,-0.24109276183323894,"Garrett Hampson",19262,641658
"Thairo Estrada","COL",39,165,3,14,21,1,0.036363636,0.157575757,0.116883117,0.28125,0.253246753,0.284848484,0.37012987,0.28362342408209135,0.2656924317522747,66.22339377069945,-0.9294035974889994,-7.534728139329026,-0.4149874448776245,-0.2516277769360415,"Thairo Estrada",16426,642731
"Brady House","WSN",73,274,4,26,29,5,0.02919708,0.284671532,0.088122605,0.309782608,0.233716475,0.251824817,0.32183908,0.24833285199464672,0.28829662616436297,55.72122148966096,-0.33952705934643745,-14.71891498986046,3.046500086784363,-0.2614258382608935,"Brady House",29993,691781
"Austin Barnes","LAD",13,44,0,4,2,0,0.022727272,0.318181818,0.071428571,0.321428571,0.214285714,0.232558139,0.285714285,0.22655007866925972,0.244081319764603,41.28839627599739,-0.16441241092979908,-3.226170159956492,-0.8215652406215668,-0.2643399570432903,"Austin Barnes",12158,605131
"Jorge Alfaro","WSN",14,39,0,3,3,1,0,0.358974358,0.051282051,0.4,0.256410256,0.256410256,0.307692307,0.24520669227991349,0.24889743022429636,53.57970154746946,0.05488681048154831,-2.0908020234593065,-1.7989094853401184,-0.26519418426018215,"Jorge Alfaro",12180,595751
"Chris Taylor","LAD",28,35,0,4,2,0,0,0.371428571,0.057142857,0.318181818,0.2,0.2,0.257142857,0.19759552989687237,0.18234285627092633,21.453599185818845,-0.4150058776140213,-3.6732869047003827,-0.206856869161129,-0.277832924425122,"Chris Taylor",13757,621035
"Jose Herrera","ARI",58,204,2,21,17,0,0.112745098,0.230392156,0.072289157,0.241666666,0.186746987,0.284974093,0.259036144,0.2513382481169824,0.24001409105686325,56.7756944710274,-1.290795074775815,-11.74166392007044,2.2252598255872726,-0.2791476362636018,"Jose Herrera",17040,645444
"Matt Gorski","PIT",15,42,2,2,4,0,0.023809523,0.38095238,0.195121951,0.260869565,0.195121951,0.214285714,0.390243902,0.2562565321014041,0.2539642197745187,59.245595138791245,-0.2976844497025013,-2.3263854888798154,-1.8134901523590088,-0.28057587637390613,"Matt Gorski",25855,685301
"Justin Turner","CHC",80,191,3,14,18,2,0.089005235,0.193717277,0.094674556,0.255639097,0.218934911,0.287958115,0.313609467,0.267948830627022,0.2998049071946069,70.93097183619945,-0.11734282039105892,-6.697830580998698,-2.44313907623291,-0.2849933222025504,"Justin Turner",5235,457759
"Oliver Dunn","MIL",14,41,0,4,6,1,0.048780487,0.268292682,0.055555556,0.23076923,0.166666666,0.205128205,0.222222222,0.19016490532801703,0.24546139056865984,16.60883142690697,0.24398991838097572,-3.8082777284928095,-0.6032965630292892,-0.3117784583508276,"Oliver Dunn",26295,686554
"Zac Veen","COL",12,37,1,1,2,1,0.054054054,0.378378378,0.117647059,0.157894736,0.117647058,0.189189189,0.235294117,0.19349718899340243,0.20244008141594963,4.4840242664970065,-0.29297045804560184,-4.481599951198915,0.18382641673088074,-0.3137528558971643,"Zac Veen",27770,691728
"Tristin English","ARI",7,23,0,0,1,0,0.04347826,0.347826086,0.045454546,0.142857142,0.09090909,0.130434782,0.136363636,0.12286129723424496,0.13619552487912384,-31.235148714833077,0.03331805393099785,-3.544120717974974,-0.3183092176914215,-0.31687349465482517,"Tristin English",26148,663536
"Aaron Schunk","COL",16,33,0,1,0,0,0,0.303030303,0.03125,0.272727272,0.1875,0.1875,0.21875,0.17699800990521908,0.22321875393390656,-6.818444024106254,-0.06439140997827053,-4.242256320642538,0.0036907047033309937,-0.3213127840434525,"Aaron Schunk",25524,668845
"Santiago Espinal","CIN",114,328,0,25,16,2,0.06402439,0.115853658,0.03986711,0.275471698,0.242524916,0.292307692,0.282392026,0.2587488084573012,0.25954993614783656,57.9563003876187,0.6947910394519567,-15.649608647889035,1.5934289693832397,-0.321476678112216,"Santiago Espinal",19997,669289
"Tyler Wade","SDP",60,127,0,13,9,1,0.118110236,0.244094488,0.046728972,0.289473684,0.205607476,0.308943089,0.252336448,0.26244939100451586,0.24765645779245268,69.11006552002608,-0.4012058023363352,-5.050798535474849,-2.343718409538269,-0.32419158022360045,"Tyler Wade",15730,642180
"Oscar Gonzalez","SDP",21,61,0,2,4,0,0.032786885,0.213114754,0.016949152,0.282608695,0.220338983,0.245901639,0.237288135,0.21678312489243803,0.29703268457631593,37.82720460171113,-0.3861841447651386,-4.881129694834062,-0.45933815836906433,-0.33872769869693603,"Oscar Gonzalez",20970,660757
"Nick Solak","PIT",4,11,0,0,0,0,0,0.181818181,0,0.111111111,0.09090909,0.09090909,0.09090909,0.08021871068260887,0.1450909051028165,-61.34597392647222,-0.006601674482226372,-2.1101138194829425,-1.6868255585432053,-0.35102590856888405,"Nick Solak",19294,669256
"Luis Campusano","SDP",10,27,0,0,0,0,0.222222222,0.407407407,0,0,0,0.222222222,0,0.1536659532123142,0.20914748862937646,-5.410087853528789,-0.02393278107047081,-3.3971176630279154,-0.9722222089767456,-0.35511908583464324,"Luis Campusano",22217,669134
"Alan Trejo","COL",14,43,0,3,1,0,0.023255813,0.162790697,0.05,0.205882352,0.175,0.19047619,0.225,0.18112715085347494,0.2400832630339123,-3.9898496809781263,0.05083661898970604,-5.248891760179864,0.3402751088142395,-0.35582329255814243,"Alan Trejo",20056,676701
"Grant McCray","SFG",22,26,0,3,2,0,0.076923076,0.423076923,0.090909091,0.166666666,0.09090909,0.16,0.181818181,0.15399431467056274,0.22823976516723632,-6.5304392574106345,-0.6784848663955927,-3.9612610312693555,-0.41897594928741455,-0.35963840621159127,"Grant McCray",25690,687529
"Austin Nola","COL",15,41,0,2,1,0,0.048780487,0.121951219,0.026315789,0.212121212,0.184210526,0.225,0.210526315,0.1982333928346634,0.27489984035491943,7.728476214535089,0.09036850929260254,-4.3934265611152465,-0.5734133124351501,-0.36858907643373506,"Austin Nola",15941,543592
"Eric Wagaman","MIA",140,514,9,56,53,4,0.062256809,0.194552529,0.12815126,0.295698924,0.25,0.295719844,0.37815126,0.29319762302279934,0.3261134275916027,85.09391400354646,-1.6524559259414673,-10.73318978046332,-10.06822669506073,-0.37837859556565157,"Eric Wagaman",23395,676572
"Warming Bernabel","COL",40,146,4,15,14,1,0.047945205,0.171232876,0.158273381,0.281818181,0.251798561,0.287671232,0.410071942,0.3013883686228974,0.28009985562028555,78.39295210348884,-1.0178201850503683,-4.756708532206572,-3.8339136838912964,-0.38188433234145447,"Warming Bernabel",26536,682653
"Jorge Barrosa","ARI",33,77,1,8,7,0,0.025974025,0.285714285,0.084507042,0.176470588,0.14084507,0.168831168,0.225352112,0.171335502878412,0.1975750985083642,1.9712410865703136,-0.10956879891455173,-9.055765344196926,2.752337098121643,-0.38278004140114474,"Jorge Barrosa",23968,678489
"Jose Siri","NYM",16,36,0,7,1,2,0.111111111,0.472222222,0.0625,0.133333333,0.0625,0.166666666,0.125,0.14638337824079725,0.2203607824113634,-10.836482361142737,0.763796366751194,-3.965313901954252,-1.1028178334236145,-0.39597455053105535,"Jose Siri",17452,642350
"Weston Wilson","PHI",54,125,5,15,17,2,0.096,0.272,0.171171171,0.236111111,0.198198198,0.282258064,0.369369369,0.28779136750005907,0.3394939668716923,81.12099235371086,-1.1807101778686047,-3.9776516666165413,-4.096565842628479,-0.4005422738594031,"Weston Wilson",19358,642215
"Bryan De La Cruz","ATL",16,50,0,1,0,1,0.06,0.36,0.021276596,0.310344827,0.191489361,0.24,0.212765957,0.20771288275718688,0.247869815826416,27.40422498552515,-0.6884002480655909,-4.990451263669822,-0.743937075138092,-0.4164792019784923,"Bryan De La Cruz",19600,650559
"Cam Devanney","PIT",14,38,0,1,1,0,0.052631578,0.552631578,0.027777778,0.333333333,0.138888888,0.184210526,0.166666666,0.16222431785181948,0.17771037001358836,-5.169495707292908,-0.4660713691264391,-5.202681001756271,-0.16423529386520386,-0.4197351306812648,"Cam Devanney",25688,687478
"Buddy Kennedy","- - -",11,26,0,1,1,0,0.038461538,0.269230769,0,0.058823529,0.041666666,0.115384615,0.041666666,0.08831504445809585,0.17022253916813776,-54.059249748329506,-0.019805023446679115,-4.767199632701227,-0.21151386201381683,-0.42087004342785705,"Buddy Kennedy",22505,671083
"Yuli Gurriel","SDP",16,40,0,2,3,0,0.1,0.2,0.027777777,0.142857142,0.111111111,0.2,0.138888888,0.16662779599428176,0.1858202005044008,3.469191306238413,0.14557505957782269,-4.4307845260348895,-1.022757425904274,-0.4217891998321855,"Yuli Gurriel",19198,493329
"Jimmy Crooks","STL",15,46,1,3,1,0,0,0.369565217,0.111111111,0.185185185,0.133333333,0.152173913,0.244444444,0.17116881064746692,0.23041932479194974,4.989269215603416,-0.05754672735929489,-5.2374863301831445,-0.43278416991233826,-0.42353678384329596,"Jimmy Crooks",31354,699625
"Jon Berti","CHC",53,107,0,12,2,11,0.046728971,0.205607476,0.02,0.269230769,0.21,0.261682242,0.23,0.2259026732400199,0.28865153834504903,42.12800181760862,0.6530057080090046,-6.686156073826885,-1.0765467286109924,-0.4299497971501864,"Jon Berti",12037,542932
"Andrés Chaparro","WSN",34,73,1,4,5,0,0.06849315,0.301369863,0.075757576,0.25,0.181818181,0.246575342,0.257575757,0.22825526456310324,0.2626407309754254,41.96742840189708,-0.20505263097584248,-5.226037143596145,-1.4851280525326729,-0.4381142733281668,"Andres Chaparro",21797,665953
"Matt Mervis","MIA",42,134,7,15,14,0,0.082089552,0.373134328,0.208333333,0.21875,0.175,0.253731343,0.383333333,0.2740826848754309,0.23485374450683594,71.99956663433669,-0.44514789059758186,-4.8921133597941955,-3.8514658212661743,-0.43838666164628864,"Matt Mervis",27845,670223
"Luke Williams","ATL",45,34,0,5,5,5,0.029411764,0.264705882,0.064516129,0.173913043,0.129032258,0.176470588,0.193548387,0.16712974800783045,0.24469049049146246,-0.39652747532863997,1.1030499711632729,-2.942632692511504,-2.634529422968626,-0.4548635484260363,"Luke Williams",19931,663897
"Nick Martini","COL",43,111,1,9,4,0,0.081081081,0.162162162,0.068627451,0.26506024,0.225490196,0.288288288,0.294117647,0.25873002680865204,0.2587062065754462,49.17061606432592,0.49202974513173103,-6.194981146087153,-1.9663269519805908,-0.4571144681738949,"Nick Martini",12005,605361
"Robert Hassell III","WSN",70,206,3,22,18,4,0.038834951,0.300970873,0.091370559,0.31060606,0.223350253,0.257281553,0.314720812,0.2517990247138496,0.28135738838009716,58.09566127476531,0.8611905295401812,-9.369864433271628,-1.9685440361499786,-0.45875266625859695,"Robert Hassell III",27482,690987
"Jordan Lawlar","ARI",28,74,0,9,5,2,0.081081081,0.351351351,0.106060606,0.292682926,0.181818181,0.256756756,0.287878787,0.24387363485387853,0.2640577264734217,51.66219432311563,1.4016599580645561,-2.837822640268863,-4.136734515428543,-0.4616581572946269,"Jordan Lawlar",29976,691783
"Alexander Canario","PIT",87,234,6,25,20,3,0.072649572,0.341880341,0.12037037,0.312977099,0.217592592,0.273504273,0.337962962,0.269562030195171,0.30174552069769967,68.36028923912913,-2.4262291435152292,-11.201137063352364,-1.118214637041092,-0.4637919607898224,"Alexander Canario",22842,672744
"Braxton Fulford","COL",38,120,1,11,16,1,0.058333333,0.3,0.111111112,0.297297297,0.212962962,0.266666666,0.324074074,0.2582249164581299,0.26456713676452637,48.82459922982045,0.8050091862678528,-6.47340396590494,-2.109639883041382,-0.4696236252584204,"Braxton Fulford",29704,690924
"Jarred Kelenic","ATL",24,65,2,7,2,0,0.076923076,0.353846153,0.133333334,0.228571428,0.166666666,0.23076923,0.3,0.23585420480141273,0.29631514916053187,46.6819356134627,-0.4458331819623709,-4.553374466533613,-2.3646228313446045,-0.4865110641757808,"Jarred Kelenic",22558,672284
"Kris Bryant","COL",11,41,0,2,1,0,0.048780487,0.31707317,0.051282052,0.23076923,0.153846153,0.195121951,0.205128205,0.1808885684827479,0.222268151073921,-4.1532862777583,-0.058210888877511024,-5.119382227770634,-1.080246925354004,-0.4947188478536848,"Kris Bryant",15429,592178
"Rece Hinds","CIN",15,44,2,6,3,0,0.022727272,0.477272727,0.162790698,0.15,0.116279069,0.136363636,0.279069767,0.17688649215481497,0.26262493567033246,1.8779810203937288,-0.061105476692318916,-5.178081217522457,-1.2062391638755798,-0.5034018424904889,"Rece Hinds",27493,677956
"Jason Heyward","SDP",34,95,2,9,12,0,0.063157894,0.210526315,0.094117647,0.196969696,0.176470588,0.223404255,0.270588235,0.2173835020116035,0.2498062502953314,38.23848223652579,-0.20847739093005657,-7.162494760626934,-1.1335744559764862,-0.5253727738592057,"Jason Heyward",4940,518792
"Jonah Bride","MIA",12,45,0,3,2,0,0.111111111,0.333333333,0,0.16,0.1,0.2,0.1,0.14308205517855557,0.20895426923578436,-17.740077700963365,-0.07535404525697231,-6.354940407890051,-0.2833330035209656,-0.5259800058370315,"Jonah Bride",24703,681146
"Willi Castro","CHC",34,110,1,10,6,1,0.072727272,0.245454545,0.07,0.222222222,0.17,0.245454545,0.24,0.22339540882544084,0.2559959411621094,40.41044505975553,0.03261650912463665,-7.7362387948889815,-1.0921257734298706,-0.5287671029602101,"Willi Castro",17338,650489
"Trenton Brooks","SDP",25,43,1,5,2,0,0.046511627,0.302325581,0.121951219,0.185185185,0.146341463,0.186046511,0.268292682,0.19933536024980766,0.25837195196817087,25.87492469970834,-1.261362349614501,-5.039065331032466,-1.5935338139533997,-0.5322082769631119,"Trenton Brooks",19384,670092
"Jack Suwinski","PIT",59,178,3,15,10,7,0.13483146,0.320224719,0.106666667,0.211111111,0.146666666,0.280898876,0.253333333,0.2500451173486009,0.315068700096824,54.990576273420956,1.1089773904532194,-8.386518728670138,-2.78793203830719,-0.537301215711688,"Jack Suwinski",22244,669261
"Nick Castellanos","PHI",147,589,17,72,72,4,0.054329371,0.225806451,0.149908592,0.297766749,0.250457038,0.293718166,0.40036563,0.30037709336936574,0.3102505373589225,89.74261933234901,-1.8186518717557192,-8.979195146329513,-16.247154235839844,-0.5757738743308173,"Nick Castellanos",11737,592206
"Michael Conforto","LAD",138,486,12,54,36,1,0.115226337,0.248971193,0.133971292,0.246527777,0.198564593,0.304526748,0.332535885,0.28747736303894605,0.34101738683956184,83.02554549659959,-1.4905141666531563,-11.26797987769898,-10.675992488861084,-0.5905998363968175,"Michael Conforto",16376,624424
"Riley Adams","WSN",83,286,8,29,24,1,0.062937062,0.384615384,0.121673003,0.28275862,0.186311787,0.251748251,0.30798479,0.24997270899219112,0.2833101506818805,56.844576270938774,-0.2639237940311432,-14.892283268502025,-0.44559305906295776,-0.5955954969648846,"Riley Adams",19864,656180
"Christian Encarnacion-Strand","CIN",36,137,6,13,19,0,0.02189781,0.233576642,0.169230769,0.223404255,0.207692307,0.233576642,0.376923076,0.26096325025071193,0.28440197018811303,59.47326423276761,-0.8299236781895161,-7.410385863007928,-3.2365739345550537,-0.6229130897643694,"Christian Encarnacion-Strand",30011,687952
"Ronny Simon","- - -",27,88,0,10,7,1,0.09090909,0.170454545,0.038961039,0.28125,0.233766233,0.298850574,0.272727272,0.2588940605349924,0.3074594859419198,61.5457590786935,0.9329292010515928,-3.077779505773112,-6.0137434005737305,-0.6305885098471264,"Ronny Simon",25346,682927
"Endy Rodríguez","PIT",18,57,0,5,2,0,0.087719298,0.245614035,0.076923077,0.236842105,0.173076923,0.245614035,0.25,0.2259147710967482,0.2579550913402012,38.460513056629004,-1.168566506356001,-5.3259772367593,-2.8685619942843914,-0.6443525579889978,"Endy Rodriguez",25332,682848
"Tyler Locklear","ARI",31,116,3,11,6,3,0.086206896,0.370689655,0.087378641,0.263157894,0.174757281,0.267241379,0.262135922,0.2450871190120434,0.25060204801888303,52.493469997226626,-0.04697868973016739,-6.578366999928546,-3.914920449256897,-0.6786830910796832,"Tyler Locklear",31396,682988
"Jeimer Candelario","CIN",22,91,2,3,10,0,0.098901098,0.318681318,0.1,0.137254901,0.1125,0.197802197,0.2125,0.18916598519126138,0.2172359634231735,10.289828660045021,-0.30225561931729317,-9.977841770659547,0.2718367576599121,-0.6832444900918963,"Jeimer Candelario",13621,600869
"Sean Bouchard","COL",32,73,1,7,7,1,0.09589041,0.369863013,0.075757576,0.263157894,0.166666666,0.246575342,0.242424242,0.22471210074751344,0.22360929724288314,25.867242692648695,-0.278415035456419,-6.692389396196591,-2.922177791595459,-0.7351686325899411,"Sean Bouchard",21270,656248
"Tyler Freeman","COL",110,428,2,50,31,18,0.079439252,0.119158878,0.079575597,0.31707317,0.281167108,0.354460093,0.360742705,0.3194722850837618,0.3254754638671875,90.78101645968604,-2.192610638216138,-6.8691114532187925,-14.662156581878662,-0.7458307865911701,"Tyler Freeman",22532,671289
"Yanquiel Fernández","COL",52,147,4,13,11,0,0.054421768,0.299319727,0.123188405,0.296703296,0.224637681,0.265306122,0.347826086,0.2677144112230158,0.24993133544921875,55.32520832683814,-2.030258033424616,-9.813742741484685,-2.4100323915481567,-0.7501969341534183,"Yanquiel Fernandez",28552,692585
"Vinny Capra","MIL",24,59,1,6,4,1,0.033898305,0.254237288,0.055555555,0.076923076,0.074074074,0.120689655,0.129629629,0.11706714794553559,0.19502251608329907,-33.46548321105086,0.13783853314816952,-9.195030695514749,-0.14345592260360718,-0.754583872373411,"Vinny Capra",25040,681962
"Connor Joe","- - -",42,80,0,2,4,2,0.0875,0.25,0.057142857,0.25,0.185714285,0.2625,0.242857142,0.23140059188008308,0.2845033890084375,40.299235895489076,-1.1832969170063734,-6.843917972090075,-3.389683172106743,-0.7746726848424165,"Connor Joe",16572,656582
"Martín Maldonado","SDP",64,161,4,11,12,0,0.04968944,0.354037267,0.12244898,0.302325581,0.204081632,0.24516129,0.326530612,0.25058783254315775,0.26319983697706656,60.98451650512668,-2.0576175525784492,-9.50248680507994,-3.4428718090057373,-0.7763622175868438,"Martin Maldonado",6887,455117
"Nathaniel Lowe","WSN",119,490,16,50,68,1,0.095918367,0.265306122,0.156818182,0.266891891,0.21590909,0.291836734,0.372727272,0.292278870514461,0.30934835508373976,85.82565748394616,-3.9699505791068077,-12.201720225819987,-11.777961730957031,-0.7852607648005383,"Nathaniel Lowe",19566,663993
"Orlando Arcia","- - -",76,214,3,13,13,0,0.046728971,0.219626168,0.088669951,0.246753246,0.201970443,0.238317757,0.290640394,0.23293054438082972,0.24731118724031267,33.468280074366554,-0.6172501370310783,-17.491976135574138,2.0613757222890854,-0.8501998367319994,"Orlando Arcia",13185,606115
"Adael Amador","COL",41,128,1,5,10,1,0.0859375,0.2109375,0.088495575,0.223529411,0.17699115,0.256,0.265486725,0.2377469491958618,0.27073998605051347,34.79653308175605,-1.3939839899539948,-11.285773436554452,-1.5093197226524353,-0.8733337043060173,"Adael Amador",27962,691182
"Alex Verdugo","ATL",56,213,0,21,12,1,0.065727699,0.145539906,0.050761421,0.28313253,0.23857868,0.295774647,0.289340101,0.2642892943301671,0.31154970852833874,66.16088641589307,-1.3595509435981512,-9.902204367891684,-6.300826549530029,-0.9326335539204695,"Alex Verdugo",17027,657077
"Keibert Ruiz","WSN",68,267,2,19,25,0,0.029962546,0.097378277,0.070588235,0.267543859,0.247058823,0.277153558,0.317647058,0.2623011302412226,0.2873227112275317,65.2899413097469,-2.6196700409054756,-13.60367739867618,-5.271382927894592,-1.0221774733774454,"Keibert Ruiz",19610,660688
"LaMonte Wade Jr.","SFG",50,169,1,12,15,0,0.124260355,0.207100591,0.104166667,0.211009174,0.166666666,0.275449101,0.270833333,0.24846427555543832,0.2871580009000847,58.184522111822034,-1.003969457000494,-9.379608927666512,-6.466778755187988,-1.0459385187649661,"LaMonte Wade Jr.",18126,664774
"Kyle Farmer","COL",97,300,8,24,31,0,0.056666666,0.22,0.137184115,0.268292682,0.227436823,0.28,0.364620938,0.28216366449991864,0.289441639945011,65.22341151090158,-1.493136528879404,-13.858373304623893,-6.349273920059204,-1.046172266825352,"Kyle Farmer",14813,571657
"Jacob Stallings","COL",29,93,0,4,6,0,0.05376344,0.333333333,0.035714286,0.226415094,0.142857142,0.217391304,0.178571428,0.18827960478222888,0.22316688040028448,0.9098112838294974,-0.9461171757429838,-11.86825895695741,-1.5971542596817017,-1.061070177997375,"Jacob Stallings",13723,607732
"Jordan Walker","STL",111,396,6,40,41,10,0.073232323,0.318181818,0.09090909,0.310344827,0.214876033,0.277777777,0.305785123,0.26023274841187877,0.2881159142602848,66.00093088909124,-0.4073456507176161,-16.364535718192414,-9.002001285552979,-1.2471679132330753,"Jordan Walker",27475,691023
"Michael Toglia","COL",88,337,11,22,32,3,0.083086053,0.391691394,0.163398693,0.284848484,0.189542483,0.258160237,0.352941176,0.26516476816205836,0.27603677956454725,53.578620833314474,-0.4807291589677334,-19.022113043894798,-13.355992794036865,-2.165399331413539,"Michael Toglia",25845,669911