Name,Team,W,L,QS,ERA,G,GS,SV,HLD,BS,IP,TBF,H,R,ER,HR,BB,IBB,HBP,SO,K/9,BB/9,K/BB,HR/9,K%,BB%,K-BB%,AVG,WHIP,BABIP,LOB%,GB%,HR/FB,FIP,WAR,RA9-WAR,ADP,InterSD,InterSK,IntraSD,Vol,Skew,Dim,FPTS,FPTS/IP,SPTS,SPTS/IP,P10,P20,P30,P40,P50,P60,P70,P80,P90,TT10,TT20,TT30,TT40,TT50,TT60,TT70,TT80,TT90,NameASCII,PlayerId,MLBAMID
"Paul Skenes","PIT",16,8,22,2.75458,32,32,0,0,,198,805,158,66,61,18,54,,8,237,10.76,2.43674,4.41575,0.81572,0.294754,0.0667506,0.2280031070113182,0.212936,1.06817,0.287464,0.779663,,,2.85598,5.57112,6.38442,9.850000381469727,,,,,,,1121,5.661616161616162,1044,5.2727272727272725,,,,,,,,,,,,,,,,,,,"Paul Skenes","33677",694973
"Cristopher Sánchez","PHI",15,9,21,3.2138,32,32,0,0,,204,833,180,79,73,19,53,,8,205,9.0814,2.33608,3.88744,0.818186,0.246437,0.0633931,0.1830441728234291,0.233147,1.14425,0.294581,0.741642,,,3.1988,4.97363,5.29865,28.049999237060547,,,,,,,1034.9,5.073039215686275,1000,4.901960784313726,,,,,,,,,,,,,,,,,,,"Cristopher Sanchez","20778",650911
"Logan Webb","SFG",14,9,20,3.41292,32,32,0,0,,205,852,197,85,78,18,48,,8,200,8.79406,2.12267,4.14293,0.783522,0.234694,0.0566494,0.17804481089115143,0.248071,1.20019,0.310742,0.728926,,,3.14071,4.30756,3.97603,56.099998474121094,,,,,,,1015.3999999999999,4.953170731707316,1023,4.990243902439024,,,,,,,,,,,,,,,,,,,"Logan Webb","17995",657277
"Hunter Greene","CIN",14,8,20,3.13195,31,31,0,0,,183,764,139,69,64,24,64,,8,235,11.5582,3.15762,3.66043,1.20262,0.307285,0.0839476,0.22333715856075287,0.200819,1.11083,0.264672,0.791059,,,3.48854,4.21596,5.15037,46.70000076293945,,,,,,,951.6,5.2,857,4.683060109289618,,,,,,,,,,,,,,,,,,,"Hunter Greene","22182",668881
"Chris Sale","ATL",12,8,17,3.26132,28,28,0,0,,166,675,137,66,60,19,48,,7,196,10.6061,2.58853,4.09735,1.03192,0.29032,0.0708556,0.21946442127227783,0.221509,1.11395,0.291987,0.753245,,,3.2548,3.7228,3.99542,33.79999923706055,,,,,,,865.5,5.213855421686747,810,4.879518072289157,,,,,,,,,,,,,,,,,,,"Chris Sale","10603",519242
"Yoshinobu Yamamoto","LAD",12,7,18,3.20757,28,28,0,0,,158,657,129,62,56,17,54,,7,179,10.1902,3.06093,3.32913,0.976534,0.272892,0.0819709,0.1909211277961731,0.216257,1.15441,0.279558,0.763236,,,3.43197,3.58181,3.90951,25.399999618530273,,,,,,,799.7000000000002,5.061392405063292,744,4.708860759493671,,,,,,,,,,,,,,,,,,,"Yoshinobu Yamamoto","33825",808967
"Jesús Luzardo","PHI",12,9,18,3.66818,31,31,0,0,,180,747,157,80,73,23,58,,8,200,10.0143,2.88809,3.46746,1.14067,0.267818,0.0772376,0.19058077037334442,0.230074,1.19309,0.292165,0.736402,,,3.64877,3.54922,3.53659,70.55000305175781,,,,,,,842.8999999999999,4.682777777777777,803,4.461111111111111,,,,,,,,,,,,,,,,,,,"Jesus Luzardo","19959",666200
"Chase Burns","CIN",7,4,15,3.06802,33,23,0,1,,132,549,103,49,45,16,45,,6,172,11.6811,3.05946,3.81803,1.05475,0.312803,0.0819279,0.23087552189826965,0.207113,1.11989,0.281937,0.782121,,,3.21315,3.19044,3.45658,115.75,,,,,,,707.2000000000003,5.357575757575759,647,4.901515151515151,,,,,,,,,,,,,,,,,,,"Chase Burns","35333",695505
"Blake Snell","LAD",12,8,17,3.50919,28,28,0,0,,161,678,127,69,63,19,73,,8,194,10.8494,4.05628,2.67473,1.04187,0.286939,0.107278,0.1796610951423645,0.212629,1.23806,0.28198,0.754833,,,3.72379,3.1189,3.33295,62.599998474121094,,,,,,,772.5,4.798136645962733,703,4.366459627329193,,,,,,,,,,,,,,,,,,,"Blake Snell","13543",605483
"Spencer Schwellenbach","ATL",12,8,17,3.45423,28,28,0,0,,164,678,146,69,63,19,42,,7,164,8.9646,2.28606,3.92141,1.05164,0.241427,0.0615663,0.17986058071255684,0.232243,1.14379,0.284341,0.739231,,,3.54548,3.07745,3.52533,78.80000305175781,,,,,,,781.3000000000001,4.764024390243903,754,4.597560975609756,,,,,,,,,,,,,,,,,,,"Spencer Schwellenbach","31846",680885
"Tyler Glasnow","LAD",11,7,16,3.44531,26,26,0,0,,148,610,119,62,56,17,56,,7,169,10.3017,3.39041,3.03848,1.0658,0.276807,0.0911003,0.18570640683174133,0.216611,1.18117,0.279925,0.751499,,,3.64926,2.99399,3.21597,111.75,,,,,,,725.7000000000002,4.903378378378379,668,4.513513513513513,,,,,,,,,,,,,,,,,,,"Tyler Glasnow","14374",607192
"Zack Wheeler","PHI",10,5,14,3.09687,21,21,0,0,,126,512,100,47,43,15,35,,5,149,10.5922,2.47443,4.28064,1.10307,0.290196,0.0677927,0.22240342944860458,0.211684,1.06663,0.274176,0.771811,,,3.3213,2.97135,3.47098,146.14999389648438,,,,,,,665.9000000000001,5.284920634920636,613,4.865079365079365,,,,,,,,,,,,,,,,,,,"Zack Wheeler","10310",554430
"Nick Pivetta","SDP",13,10,18,3.73354,32,32,0,0,,195,818,166,89,81,29,63,,8,210,9.67913,2.90261,3.33463,1.32331,0.256886,0.0770357,0.17984983325004578,0.222825,1.17388,0.271074,0.744592,,,3.99281,2.88629,3.05675,87.8499984741211,,,,,,,861.6999999999999,4.418974358974358,805,4.128205128205129,,,,,,,,,,,,,,,,,,,"Nick Pivetta","15454",601713
"Freddy Peralta","MIL",13,9,18,3.51267,31,31,0,0,,177,745,142,75,69,24,67,,8,202,10.2792,3.4006,3.02276,1.23549,0.271066,0.089675,0.18139096349477768,0.211756,1.18048,0.26498,0.763127,,,3.90471,2.82632,3.63828,63.04999923706055,,,,,,,824.3999999999999,4.657627118644067,752,4.248587570621469,,,,,,,,,,,,,,,,,,,"Freddy Peralta","18679",642547
"Sandy Alcantara","MIA",12,10,17,3.95229,31,31,0,0,,186,789,178,89,82,21,60,,8,165,7.99384,2.90661,2.75023,1.0288,0.208924,0.075966,0.13295768201351166,0.24664,1.28107,0.292768,0.714902,,,3.9448,2.79637,2.91763,152.5,,,,,,,781.3000000000002,4.200537634408603,783,4.209677419354839,,,,,,,,,,,,,,,,,,,"Sandy Alcantara","18684",645261
"Aaron Nola","PHI",11,10,17,4.02092,31,31,0,0,,180,754,168,88,80,26,51,,8,176,8.80379,2.55767,3.44212,1.29051,0.233273,0.0677701,0.1655026376247406,0.241338,1.21749,0.287701,0.717507,,,4.02134,2.77808,2.70104,208.6999969482422,,,,,,,750.4000000000001,4.1688888888888895,737,4.094444444444444,,,,,,,,,,,,,,,,,,,"Aaron Nola","16149",605400
"MacKenzie Gore","WSN",11,10,16,4.14898,31,31,0,0,,175,735,160,88,81,22,66,,8,184,9.45659,3.39264,2.78738,1.15361,0.249904,0.0896554,0.16024841368198395,0.242586,1.29453,0.303198,0.709385,,,3.9663,2.75629,2.30528,195.9499969482422,,,,,,,754.4000000000001,4.310857142857143,735,4.2,,,,,,,,,,,,,,,,,,,"MacKenzie Gore","22201",669022
"Shohei Ohtani","LAD",10,6,14,3.05639,23,23,0,0,,115,473,88,43,39,13,40,,5,141,10.9914,3.12158,3.5211,1.03202,0.297684,0.0845428,0.2131408005952835,0.205337,1.10913,0.272516,0.77822,,,3.35388,2.72462,3.0717,1.0499999523162842,,,,,,,609.3,5.298260869565217,553,4.808695652173913,,,,,,,,,,,,,,,,,,,"Shohei Ohtani","19755",660271
"Eury Pérez","MIA",12,8,17,3.46218,28,28,0,0,,151,636,124,64,58,20,54,,7,174,10.3091,3.18466,3.23712,1.18915,0.272645,0.0842243,0.18842022866010666,0.215184,1.17222,0.271723,0.761778,,,3.75649,2.70958,3.23844,82.5999984741211,,,,,,,714.0000000000001,4.728476821192054,660,4.370860927152318,,,,,,,,,,,,,,,,,,,"Eury Perez","27768",691587
"Nick Lodolo","CIN",10,9,15,3.92901,28,28,0,0,,151,642,142,72,66,22,43,,6,154,9.16552,2.54599,3.59998,1.28195,0.240172,0.0667147,0.17345711588859558,0.239672,1.22122,0.288971,0.728519,,,3.92566,2.69277,2.64741,127.55000305175781,,,,,,,638.6000000000001,4.229139072847683,630,4.172185430463577,,,,,,,,,,,,,,,,,,,"Nick Lodolo","26378",666157
"Michael King","SDP",12,9,18,3.70101,31,31,0,0,,175,737,150,78,72,23,63,,8,183,9.40764,3.22789,2.91448,1.16035,0.24794,0.0850717,0.1628684550523758,0.225677,1.21908,0.277249,0.741334,,,3.93044,2.66526,2.94939,135.25,,,,,,,775.0999999999999,4.429142857142857,729,4.1657142857142855,,,,,,,,,,,,,,,,,,,"Michael King","19853",650633
"Mitch Keller","PIT",11,10,16,4.15874,31,31,0,0,,179,766,179,90,83,23,54,,8,159,7.99024,2.7119,2.94636,1.13566,0.20727,0.0703477,0.13692182302474976,0.253643,1.30036,0.298435,0.708075,,,4.03366,2.53659,2.44044,343.79998779296875,,,,,,,708.3000000000003,3.9569832402234653,728,4.067039106145251,,,,,,,,,,,,,,,,,,,"Mitch Keller","17594",656605
"Nolan McLean","NYM",11,8,17,3.54319,28,28,0,0,,160,687,138,69,63,16,68,,8,165,9.2352,3.79059,2.43635,0.908727,0.239627,0.098355,0.1412721425294876,0.225295,1.28041,0.282227,0.746602,,,3.80061,2.52981,2.91957,93.5,,,,,,,730.4000000000001,4.565,694,4.3375,,,,,,,,,,,,,,,,,,,"Nolan McLean","33703",690997
"Quinn Priester","MIL",11,9,16,3.8823,29,29,0,0,,170,730,163,80,73,20,55,,7,152,8.04838,2.91076,2.76504,1.03674,0.208169,0.0752861,0.13288293778896332,0.243856,1.28137,0.288726,0.723352,,,3.94663,2.5116,2.63709,282.8500061035156,,,,,,,706.2,4.154117647058824,708,4.1647058823529415,,,,,,,,,,,,,,,,,,,"Quinn Priester","25977",682990
"Spencer Strider","ATL",11,9,15,3.85771,28,28,0,0,,158,663,137,74,68,21,57,,7,181,10.2824,3.22852,3.18487,1.21883,0.27291,0.0856895,0.1872204840183258,0.229377,1.22651,0.292323,0.731351,,,3.82005,2.50965,2.58853,101.75,,,,,,,724.7,4.586708860759494,687,4.348101265822785,,,,,,,,,,,,,,,,,,,"Spencer Strider","27498",675911
"Joe Musgrove","SDP",11,9,16,3.74425,28,28,0,0,,156,657,144,71,65,21,42,,6,151,8.68148,2.41717,3.5916,1.19536,0.2296,0.063927,0.16567298769950867,0.236301,1.18806,0.281583,0.732118,,,3.86289,2.50025,2.4665,241.39999389648438,,,,,,,679.7000000000002,4.357051282051283,665,4.262820512820513,,,,,,,,,,,,,,,,,,,"Joe Musgrove","12970",605397
"Brady Singer","CIN",11,11,15,4.35119,31,31,0,0,,175,753,172,92,84,25,59,,8,162,8.32042,3.0146,2.76004,1.28755,0.214658,0.0777732,0.13688428699970245,0.250393,1.31833,0.293839,0.706842,,,4.28446,2.39807,2.21774,324.5,,,,,,,663.3,3.790285714285714,673,3.8457142857142856,,,,,,,,,,,,,,,,,,,"Brady Singer","25377",663903
"David Peterson","NYM",11,10,16,4.14273,31,31,0,0,,181,776,176,91,83,19,70,,8,159,7.89531,3.46498,2.2786,0.943852,0.20417,0.089603,0.11456681787967682,0.252265,1.36015,0.301819,0.706651,,,4.03732,2.35439,1.91847,360.95001220703125,,,,,,,732.1,4.04475138121547,742,4.099447513812155,,,,,,,,,,,,,,,,,,,"David Peterson","20302",656849
"Edward Cabrera","CHC",11,8,15,3.54027,26,26,0,0,,142,604,119,61,56,16,60,,7,158,10.0228,3.81536,2.62697,0.999626,0.260953,0.0993364,0.16161692887544632,0.220905,1.26259,0.282915,0.752379,,,3.76507,2.33274,2.79499,197.10000610351562,,,,,,,659.6,4.645070422535212,617,4.345070422535211,,,,,,,,,,,,,,,,,,,"Edward Cabrera","21690",665795
"Foster Griffin","WSN",9,10,13,3.9021,37,23,0,1,,155,657,155,74,67,18,46,,7,133,7.74126,2.64336,2.92857,1.06993,0.20297,0.0693069,0.1336633637547493,0.256272,1.29371,0.301435,0.725806,,,3.9673,2.26543,2.26793,536.25,,,,,,,633.5999999999999,4.08774193548387,652,4.2064516129032254,,,,,,,,,,,,,,,,,,,"Foster Griffin","16432",656492
"Bubba Chandler","PIT",7,6,15,3.85273,38,26,0,1,,162,701,147,76,69,18,67,,8,164,9.12684,3.71393,2.45746,1.02552,0.233689,0.0950936,0.13859499990940094,0.234843,1.32373,0.289712,0.735414,,,3.96832,2.26431,2.6051,152.75,,,,,,,702.1999999999998,4.334567901234567,683,4.216049382716049,,,,,,,,,,,,,,,,,,,"Bubba Chandler","29868",696149
"Braxton Garrett","MIA",4,4,13,3.92261,35,23,0,1,,138,578,138,66,60,16,32,,6,123,7.99759,2.05724,3.88753,1.06488,0.212156,0.0545735,0.15758264437317848,0.255201,1.22893,0.302801,0.708083,,,3.70217,2.26229,2.00775,490.8999938964844,,,,,,,601.6000000000001,4.359420289855073,618,4.478260869565218,,,,,,,,,,,,,,,,,,,"Braxton Garrett","21844",666129
"Jacob Misiorowski","MIL",6,4,15,3.36845,40,24,0,1,,149,640,112,61,56,17,77,,8,187,11.3356,4.68995,2.41699,1.02787,0.292492,0.121015,0.17147726565599442,0.201045,1.27188,0.269659,0.776171,,,3.81619,2.23782,3.02193,130.75,,,,,,,725.3000000000002,4.86778523489933,647,4.342281879194631,,,,,,,,,,,,,,,,,,,"Jacob Misiorowski","31623",694819
"Cade Cavalli","WSN",10,9,14,4.10044,26,26,0,0,,152,646,146,75,69,16,55,,7,132,7.83217,3.28085,2.38724,0.973853,0.204131,0.0855092,0.11862136423587799,0.250584,1.33015,0.298229,0.706336,,,4.0305,2.22411,2.14847,334.1000061035156,,,,,,,626.4,4.121052631578947,630,4.144736842105263,,,,,,,,,,,,,,,,,,,"Cade Cavalli","27473",676917
"Braxton Ashcraft","PIT",5,4,13,3.73723,45,23,0,1,,143,614,136,65,60,15,48,,6,138,8.65995,3.00242,2.88432,0.927511,0.224624,0.0778774,0.14674612879753113,0.243455,1.28448,0.298477,0.728766,,,3.68422,2.22032,2.28714,288.6000061035156,,,,,,,638.1,4.462237762237763,638,4.461538461538462,,,,,,,,,,,,,,,,,,,"Braxton Ashcraft","23793",677952
"Brandon Pfaadt","ARI",11,11,16,4.24224,31,31,0,0,,175,741,179,90,82,24,42,,7,153,7.87412,2.1787,3.61414,1.24731,0.206411,0.0571121,0.14929912611842155,0.258278,1.26372,0.300143,0.700101,,,4.03611,2.20186,2.07187,379.3999938964844,,,,,,,693.4,3.962285714285714,722,4.1257142857142854,,,,,,,,,,,,,,,,,,,"Brandon Pfaadt","27782",694297
"Brandon Woodruff","MIL",11,9,16,3.77868,28,28,0,0,,157,651,134,72,66,23,47,,7,157,8.99702,2.70695,3.32367,1.33659,0.241612,0.0726943,0.16891762614250183,0.22482,1.15388,0.266243,0.735026,,,4.09506,2.19459,2.63448,114.5999984741211,,,,,,,682.5000000000001,4.347133757961784,638,4.063694267515924,,,,,,,,,,,,,,,,,,,"Brandon Woodruff","16162",605540
"Ryan Weathers","MIA",10,9,14,4.0188,26,26,0,0,,144,611,135,70,64,17,50,,6,139,8.67905,3.16169,2.74507,1.0885,0.226602,0.082549,0.14405349642038345,0.244273,1.29411,0.296234,0.716933,,,3.96671,2.15241,2.14406,320,,,,,,,615.5000000000001,4.274305555555556,609,4.229166666666667,,,,,,,,,,,,,,,,,,,"Ryan Weathers","23796",677960
"Emmet Sheehan","LAD",4,3,12,3.32008,40,18,0,1,,119,499,94,48,44,17,41,,5,146,11.0552,3.10787,3.55717,1.25624,0.293047,0.0823821,0.21066495776176453,0.206872,1.13192,0.26578,0.77843,,,3.66093,2.0591,2.34951,120.44999694824219,,,,,,,585.0999999999999,4.916806722689075,532,4.470588235294118,,,,,,,,,,,,,,,,,,,"Emmet Sheehan","29839",686218
"Clay Holmes","NYM",11,10,16,4.1574,31,31,0,0,,175,755,170,88,81,18,70,,8,144,7.40074,3.60202,2.05461,0.910123,0.190428,0.0926836,0.0977446436882019,0.251633,1.37434,0.296155,0.705575,,,4.14619,2.05293,1.85005,345.8500061035156,,,,,,,685.5999999999999,3.9177142857142853,695,3.9714285714285715,,,,,,,,,,,,,,,,,,,"Clay Holmes","13649",605280
"Ryne Nelson","ARI",11,10,16,4.02114,29,29,0,0,,167,712,161,81,75,22,49,,7,149,8.00719,2.64866,3.02311,1.18364,0.208599,0.0690014,0.13959762454032898,0.245427,1.2583,0.286407,0.717113,,,4.077,2.03995,2.47397,261.95001220703125,,,,,,,676.5999999999998,4.051497005988023,679,4.065868263473054,,,,,,,,,,,,,,,,,,,"Ryne Nelson","26253",669194
"Mason Miller","SDP",3,3,0,2.16223,66,0,32,2,,66,263,39,17,16,6,27,,3,100,13.6162,3.66009,3.72019,0.779239,0.379667,0.102056,0.2776114493608475,0.16884,1.00332,0.263697,0.839942,,,2.58813,2.01569,2.72006,27.399999618530273,,,,,,,591.2000000000002,8.95757575757576,530,8.030303030303031,,,,,,,,,,,,,,,,,,,"Mason Miller","31757",695243
"Jhoan Duran","PHI",4,3,0,2.57528,70,0,29,3,,70,285,54,22,20,5,23,,3,84,10.7821,3.0043,3.5889,0.606114,0.29425,0.0819888,0.21226079016923904,0.208161,1.10295,0.288855,0.783631,,,2.74408,1.98344,2.42824,34.04999923706055,,,,,,,563.1,8.044285714285715,532,7.6,,,,,,,,,,,,,,,,,,,"Jhoan Duran","21029",661395
"Sean Manaea","NYM",11,9,15,3.84137,28,28,0,0,,147,621,129,68,63,20,50,,6,148,9.10973,3.05998,2.97706,1.25281,0.239012,0.0802846,0.15872757881879807,0.229228,1.2227,0.275435,0.736045,,,4.07283,1.9747,2.18144,263.5,,,,,,,634.4,4.315646258503401,603,4.1020408163265305,,,,,,,,,,,,,,,,,,,"Sean Manaea","15873",640455
"Matthew Boyd","CHC",11,10,15,4.14017,29,29,0,0,,172,726,161,86,79,25,52,,7,155,8.11231,2.71653,2.98628,1.3194,0.213666,0.0715493,0.14211704581975937,0.241564,1.23765,0.279268,0.712129,,,4.27201,1.96665,2.08881,225.5500030517578,,,,,,,679.6999999999999,3.9517441860465112,668,3.883720930232558,,,,,,,,,,,,,,,,,,,"Matthew Boyd","15440",571510
"Merrill Kelly","ARI",11,11,16,4.22821,31,31,0,0,,184,785,179,94,86,24,60,,8,162,7.9269,2.94165,2.69471,1.18622,0.205995,0.0764441,0.12955059856176376,0.250108,1.30347,0.292099,0.706329,,,4.1997,1.94915,2.24117,224.8000030517578,,,,,,,721.0000000000001,3.918478260869566,728,3.9565217391304346,,,,,,,,,,,,,,,,,,,"Merrill Kelly","11156",518876
"Max Meyer","MIA",3,3,12,4.10138,37,23,0,1,,140,592,135,69,64,17,47,,6,130,8.40426,3.00931,2.79275,1.08473,0.220259,0.0788681,0.14139097929000854,0.249533,1.29787,0.300324,0.708629,,,3.96949,1.86745,1.70091,420.3999938964844,,,,,,,580.9,4.149285714285714,584,4.171428571428572,,,,,,,,,,,,,,,,,,,"Max Meyer","27474",676974
"Andrew Abbott","CIN",10,11,14,4.4713,29,29,0,0,,169,724,159,92,84,29,55,,7,157,8.36418,2.94973,2.83558,1.56111,0.216849,0.0764744,0.14037463068962097,0.241223,1.27185,0.274153,0.708666,,,4.64705,1.79602,1.83821,215.3000030517578,,,,,,,608.5000000000001,3.600591715976332,596,3.526627218934911,,,,,,,,,,,,,,,,,,,"Andrew Abbott","29911",671096
"Chad Patrick","MIL",10,8,14,3.95178,26,26,0,0,,141,604,126,67,62,21,48,,6,140,8.93479,3.08968,2.89182,1.35506,0.230987,0.0798761,0.15111134946346283,0.229192,1.2394,0.269487,0.738685,,,4.27109,1.6998,2.11873,359.8500061035156,,,,,,,575.5000000000001,4.081560283687944,550,3.900709219858156,,,,,,,,,,,,,,,,,,,"Chad Patrick","30113",694477
"Michael McGreevy","STL",6,6,12,4.41165,34,24,0,1,,151,636,162,81,74,18,33,,6,105,6.28089,1.99436,3.14933,1.09285,0.165316,0.0524924,0.11282330378890038,0.271743,1.29763,0.303972,0.675969,,,4.10318,1.69406,1.16441,468.75,,,,,,,571.8000000000002,3.7867549668874183,618,4.0927152317880795,,,,,,,,,,,,,,,,,,,"Michael McGreevy","29869",700241
"Cade Horton","CHC",9,8,13,3.93377,24,24,0,0,,134,573,122,64,58,18,47,,6,127,8.58044,3.1851,2.69393,1.19934,0.222404,0.0825575,0.13984641432762146,0.234388,1.26515,0.277739,0.730362,,,4.15751,1.6767,1.94123,190.89999389648438,,,,,,,548,4.08955223880597,531,3.962686567164179,,,,,,,,,,,,,,,,,,,"Cade Horton","31872",690990
"Edwin Díaz","LAD",3,3,0,2.76138,66,0,36,3,,66,268,47,22,20,7,25,,3,89,12.0804,3.38412,3.56972,0.916552,0.330557,0.0926002,0.2379569187760353,0.194361,1.0836,0.27578,0.795395,,,3.03452,1.67565,2.05425,27.850000381469727,,,,,,,566.1,8.577272727272728,525,7.954545454545454,,,,,,,,,,,,,,,,,,,"Edwin Diaz","14710",621242
"Michael Lorenzen","COL",2,1,12,4.75675,26,26,0,0,,149,634,150,86,79,20,56,,7,116,7.02875,3.38075,2.07905,1.21071,0.18291,0.0879774,0.0949321761727333,0.262572,1.38614,0.298666,0.675295,,,4.58571,1.66883,1.83668,691.4000244140625,,,,,,,509.60000000000014,3.4201342281879206,528,3.5436241610738257,,,,,,,,,,,,,,,,,,,"Michael Lorenzen","14843",547179
"Kyle Freeland","COL",9,14,13,5.37392,32,32,0,0,,188,827,220,123,112,32,53,,8,138,6.59101,2.53886,2.59605,1.51108,0.166725,0.0642225,0.10250242054462433,0.287179,1.45003,0.315799,0.656693,,,4.82985,1.66648,1.05568,740.8499755859375,,,,,,,518.5999999999999,2.7585106382978717,617,3.2819148936170213,,,,,,,,,,,,,,,,,,,"Kyle Freeland","16256",607536
"Robbie Ray","SFG",11,10,16,4.12921,31,31,0,0,,179,769,161,90,82,24,73,,8,183,9.22173,3.69816,2.4936,1.23276,0.238287,0.0955596,0.14272789657115936,0.234768,1.31291,0.285407,0.724079,,,4.24024,1.65601,1.79954,149.4499969482422,,,,,,,733.8000000000001,4.099441340782123,706,3.9441340782122905,,,,,,,,,,,,,,,,,,,"Robbie Ray","11486",592662
"Reynaldo López","ATL",5,4,12,3.90793,39,21,0,1,,136,578,121,65,59,17,52,,6,141,9.29357,3.41555,2.72096,1.14235,0.243611,0.0895313,0.15407942235469818,0.233245,1.26906,0.28732,0.728268,,,3.99495,1.63473,1.85791,379.25,,,,,,,594.7,4.372794117647059,571,4.198529411764706,,,,,,,,,,,,,,,,,,,"Reynaldo Lopez","16400",625643
"Andre Pallante","STL",9,9,13,4.35863,26,26,0,0,,148,641,152,78,71,14,58,,7,109,6.62789,3.52938,1.87792,0.829997,0.169505,0.0902623,0.07924302667379379,0.264193,1.42402,0.30537,0.691219,,,4.1778,1.55934,1.29838,733.3499755859375,,,,,,,550.8,3.721621621621621,581,3.925675675675676,,,,,,,,,,,,,,,,,,,"Andre Pallante","26108",669467
"Jared Jones","PIT",6,5,9,3.76471,16,16,0,0,,93,392,83,43,39,11,32,,4,94,9.0961,3.08673,2.94684,1.08444,0.240264,0.081533,0.15873146057128906,0.234158,1.23734,0.287864,0.730329,,,3.84121,1.53085,1.65419,441.1499938964844,,,,,,,417.1000000000001,4.484946236559141,402,4.32258064516129,,,,,,,,,,,,,,,,,,,"Jared Jones","27863",683003
"Michael Soroka","ARI",4,4,13,4.06489,49,23,6,1,,147,631,138,73,67,19,55,,7,145,8.87956,3.34562,2.65408,1.13316,0.230417,0.086816,0.1436009407043457,0.241964,1.30682,0.294028,0.719575,,,4.0506,1.50316,1.66052,387,,,,,,,633.3,4.308163265306122,626,4.258503401360544,,,,,,,,,,,,,,,,,,,"Michael Soroka","18383",647336
"Shota Imanaga","CHC",9,9,13,4.23475,26,26,0,0,,153,639,144,79,72,26,36,,6,135,7.96143,2.13491,3.72916,1.55718,0.211563,0.0567319,0.15483062714338303,0.2408,1.17723,0.26949,0.709422,,,4.44787,1.50131,1.59744,168.89999389648438,,,,,,,582.0000000000001,3.8039215686274517,571,3.7320261437908497,,,,,,,,,,,,,,,,,,,"Shota Imanaga","33829",684007
"Andrew Painter","PHI",4,4,11,4.14112,34,21,0,1,,133,578,125,67,61,19,49,,6,125,8.43331,3.30196,2.55403,1.25325,0.215994,0.0845699,0.1314244568347931,0.239679,1.30775,0.281344,0.723575,,,4.30952,1.48591,1.65388,999,,,,,,,514.5,3.8684210526315788,507,3.81203007518797,,,,,,,,,,,,,,,,,,,"Andrew Painter","sa3017880",691725
"Hurston Waldrep","ATL",9,9,13,4.26234,26,26,0,0,,146,635,138,75,69,16,66,,7,134,8.31454,4.10796,2.02401,1.01519,0.211743,0.104616,0.10712728649377823,0.246398,1.40694,0.296958,0.712297,,,4.27014,1.47751,1.7113,270.95001220703125,,,,,,,573.8000000000002,3.9301369863013713,571,3.910958904109589,,,,,,,,,,,,,,,,,,,"Hurston Waldrep","33527",694462
"Roki Sasaki","LAD",4,4,11,4.18725,41,21,0,1,,135,581,123,69,63,18,56,,6,128,8.52804,3.75601,2.2705,1.20777,0.220553,0.0971382,0.12341462075710297,0.236478,1.32347,0.280702,0.717963,,,4.37813,1.4316,1.35461,257.20001220703125,,,,,,,531.8,3.939259259259259,515,3.814814814814815,,,,,,,,,,,,,,,,,,,"Roki Sasaki","35323",808963
"Abner Uribe","MIL",4,4,0,2.75456,72,0,24,4,,72,302,52,24,22,6,33,,3,90,11.2157,4.17182,2.68844,0.703483,0.297105,0.110512,0.18659278005361557,0.197008,1.18911,0.274486,0.79174,,,3.19325,1.41601,2.17646,126.5,,,,,,,531.8000000000002,7.386111111111114,490,6.805555555555555,,,,,,,,,,,,,,,,,,,"Abner Uribe","25327",682842
"Chase Dollander","COL",8,9,11,4.80601,24,24,0,0,,135,600,135,79,72,19,63,,7,128,8.5336,4.22304,2.02073,1.29165,0.21266,0.10524,0.10742073506116867,0.255051,1.47394,0.302432,0.699673,,,4.66266,1.39888,1.56946,642.7999877929688,,,,,,,460.29999999999995,3.409629629629629,474,3.511111111111111,,,,,,,,,,,,,,,,,,,"Chase Dollander","33482",801403
"Dustin May","STL",5,5,12,4.36679,38,24,0,1,,155,666,151,82,75,19,60,,7,135,7.86367,3.4977,2.24824,1.1189,0.203043,0.090312,0.11273135244846344,0.251907,1.36309,0.296188,0.700689,,,4.30862,1.38857,1.16062,431.6000061035156,,,,,,,593.6999999999999,3.830322580645161,601,3.8774193548387097,,,,,,,,,,,,,,,,,,,"Dustin May","19716",669160
"Kyle Leahy","STL",3,3,10,4.02732,46,18,0,1,,127,552,125,62,57,14,45,,6,116,8.25072,3.19573,2.58179,1.02626,0.21082,0.0816563,0.12916334718465805,0.248417,1.3358,0.297107,0.720187,,,3.98587,1.36035,1.28807,551.6500244140625,,,,,,,525.6000000000001,4.138582677165355,536,4.2204724409448815,,,,,,,,,,,,,,,,,,,"Kyle Leahy","24763",681517
"Robby Snelling","MIA",6,5,9,4.1135,16,16,0,0,,96,408,92,48,44,11,33,,4,88,8.2386,3.13354,2.62917,1.07087,0.214805,0.0817008,0.13310428708791733,0.249006,1.31151,0.2979,0.709481,,,4.02957,1.35083,1.29362,999,,,,,,,400.90000000000015,4.176041666666668,402,4.1875,,,,,,,,,,,,,,,,,,,"Robby Snelling","sa3020707",702281
"Brad Lord","WSN",4,5,12,4.64579,44,24,0,1,,157,675,161,88,81,20,57,,7,120,6.88855,3.30245,2.08589,1.13447,0.177599,0.0851429,0.09245615452528,0.263718,1.39468,0.299996,0.68205,,,4.48072,1.34855,0.971686,611.9500122070312,,,,,,,549.1999999999999,3.498089171974522,577,3.6751592356687897,,,,,,,,,,,,,,,,,,,"Brad Lord","31972",695418
"Jameson Taillon","CHC",9,10,14,4.42975,28,28,0,0,,162,690,161,87,80,26,43,,7,129,7.16897,2.37335,3.02062,1.45315,0.18736,0.062027,0.12533272802829742,0.250667,1.25283,0.276999,0.69659,,,4.55746,1.34808,1.35772,316.5,,,,,,,568.4,3.5086419753086417,580,3.580246913580247,,,,,,,,,,,,,,,,,,,"Jameson Taillon","11674",592791
"Landen Roupp","SFG",6,5,12,4.09259,33,23,0,1,,130,564,125,65,59,14,53,,6,124,8.58376,3.66446,2.34244,0.982163,0.220482,0.094125,0.12635699659585953,0.247218,1.36427,0.301918,0.716146,,,4.00903,1.30526,1.20822,418.45001220703125,,,,,,,539.8,4.152307692307692,543,4.176923076923077,,,,,,,,,,,,,,,,,,,"Landen Roupp","30076",694738
"Justin Steele","CHC",6,5,8,3.81922,15,15,0,0,,81,334,75,37,34,10,22,,3,75,8.38384,2.42234,3.46105,1.11432,0.224761,0.0649399,0.1598205789923668,0.242316,1.19827,0.289786,0.716905,,,3.81243,1.3044,1.35185,399.75,,,,,,,356.4,4.3999999999999995,350,4.320987654320987,,,,,,,,,,,,,,,,,,,"Justin Steele","17312",657006
"Tyler Mahle","SFG",9,9,13,4.37156,26,26,0,0,,148,629,147,78,72,18,49,,7,121,7.38687,3.00446,2.45863,1.1252,0.192509,0.0782991,0.11420964449644089,0.25717,1.33307,0.29738,0.693023,,,4.25291,1.27166,1.10385,385.70001220703125,,,,,,,565.6000000000001,3.8216216216216226,580,3.918918918918919,,,,,,,,,,,,,,,,,,,"Tyler Mahle","16358",641816
"Matthew Liberatore","STL",9,10,13,4.74504,28,28,0,0,,154,666,163,89,81,22,50,,7,124,7.22005,2.94104,2.45493,1.26892,0.186041,0.0757826,0.11025835573673248,0.267143,1.37959,0.304165,0.679871,,,4.47687,1.26383,0.576714,431.54998779296875,,,,,,,522.2,3.390909090909091,561,3.642857142857143,,,,,,,,,,,,,,,,,,,"Matthew Liberatore","22294",669461
"Adrian Houser","SFG",9,9,13,4.47678,26,26,0,0,,147,640,155,80,73,16,51,,7,113,6.93077,3.14445,2.20413,1.00788,0.176328,0.0799989,0.09632914513349533,0.266875,1.40953,0.30681,0.691473,,,4.23543,1.26097,0.852326,460.8999938964844,,,,,,,540,3.673469387755102,579,3.938775510204082,,,,,,,,,,,,,,,,,,,"Adrian Houser","12718",605288
"Devin Williams","NYM",3,3,0,2.85915,64,0,32,3,,64,266,47,22,20,6,27,,3,83,11.7416,3.83634,3.06063,0.85907,0.313895,0.102559,0.21133631467819214,0.197474,1.15367,0.276749,0.790846,,,3.18471,1.25796,1.71601,48.400001525878906,,,,,,,525.5999999999999,8.212499999999999,490,7.65625,,,,,,,,,,,,,,,,,,,"Devin Williams","15816",642207
"Kodai Senga","NYM",4,4,11,3.96464,35,19,0,1,,125,541,110,60,55,15,56,,6,124,8.91655,4.04662,2.20346,1.1012,0.229924,0.104347,0.12557680159807205,0.229419,1.32393,0.278719,0.73119,,,4.23822,1.23553,1.33774,303.79998779296875,,,,,,,520.5,4.164,496,3.968,,,,,,,,,,,,,,,,,,,"Kodai Senga","31838",673540
"Trevor Megill","MIL",3,3,0,2.92719,66,0,7,11,,66,273,48,23,21,7,27,,3,84,11.4285,3.62944,3.14883,0.958141,0.306993,0.0974941,0.20949866622686386,0.197182,1.1304,0.268536,0.789891,,,3.32569,1.13992,1.71005,116.30000305175781,,,,,,,434.50000000000006,6.583333333333334,396,6,,,,,,,,,,,,,,,,,,,"Trevor Megill","17722",656730
"Hunter Barco","PIT",3,3,9,4.15571,40,16,0,1,,117,512,111,59,54,14,51,,6,110,8.46414,3.92375,2.15716,1.04059,0.215286,0.0998008,0.11548533290624619,0.243491,1.38171,0.293535,0.719262,,,4.21028,1.13721,1.25148,999,,,,,,,458.0000000000001,3.9145299145299157,456,3.8974358974358974,,,,,,,,,,,,,,,,,,,"Hunter Barco","33174",682995
"Adrian Morejon","SDP",4,3,0,3.0234,68,0,3,14,,68,282,55,25,23,6,23,,3,73,9.66385,3.03487,3.18427,0.844388,0.258921,0.0813126,0.17760857939720154,0.214217,1.14405,0.274356,0.767391,,,3.34905,1.0997,1.47182,458.75,,,,,,,425.4000000000001,6.255882352941178,401,5.897058823529412,,,,,,,,,,,,,,,,,,,"Adrian Morejon","20039",670970
"Eduardo Rodriguez","ARI",8,10,12,4.64447,26,26,0,0,,143,615,144,80,74,20,52,,7,122,7.69647,3.30054,2.33188,1.27204,0.198198,0.0849949,0.11320328712463379,0.258287,1.37464,0.298223,0.689176,,,4.49936,1.05458,1.05599,546.5499877929688,,,,,,,504.80000000000007,3.5300699300699305,522,3.6503496503496504,,,,,,,,,,,,,,,,,,,"Eduardo Rodriguez","13164",593958
"Daniel Palencia","CHC",4,3,0,3.10636,67,0,30,4,,67,282,52,25,23,7,28,,3,82,10.9827,3.81516,2.87871,0.92273,0.289931,0.100715,0.18921522796154022,0.205804,1.19327,0.276067,0.777616,,,3.43924,1.04726,1.58894,124.44999694824219,,,,,,,511.49999999999994,7.634328358208954,481,7.17910447761194,,,,,,,,,,,,,,,,,,,"Daniel Palencia","27914",694037
"Tanner Gordon","COL",6,10,9,5.52897,24,24,0,0,,138,604,164,93,85,25,34,,6,95,6.21156,2.19276,2.83276,1.63624,0.15812,0.0558184,0.1023017056286335,0.290802,1.42989,0.313178,0.645679,,,4.97513,1.04294,0.547589,999,,,,,,,357.30000000000007,2.5891304347826094,435,3.152173913043478,,,,,,,,,,,,,,,,,,,"Tanner Gordon","27669",685299
"Jeremiah Estrada","SDP",4,3,0,3.02951,70,0,1,18,,70,289,50,26,24,8,29,,3,94,12.0433,3.7751,3.19019,1.02357,0.324118,0.101598,0.2225196808576584,0.195685,1.13628,0.272734,0.786674,,,3.33355,1.01705,1.25186,364.8500061035156,,,,,,,458.6,6.551428571428572,415,5.928571428571429,,,,,,,,,,,,,,,,,,,"Jeremiah Estrada","22210",669093
"Logan Henderson","MIL",2,2,8,3.8404,37,13,0,1,,97,406,83,45,41,15,32,,4,99,9.21105,2.94234,3.13052,1.34989,0.243918,0.0779162,0.16600193083286285,0.224904,1.1873,0.26786,0.73798,,,4.14913,0.9912,1.19765,304.70001220703125,,,,,,,411.50000000000006,4.242268041237114,384,3.9587628865979383,,,,,,,,,,,,,,,,,,,"Logan Henderson","31475",701656
"Graham Ashcraft","CIN",3,3,0,3.18601,65,0,2,16,,65,276,55,25,23,6,23,,3,68,9.46953,3.21546,2.945,0.868121,0.247794,0.0841405,0.1636532098054886,0.219157,1.19973,0.276762,0.763682,,,3.49101,0.932425,1.30336,733.1500244140625,,,,,,,396.20000000000005,6.095384615384616,379,5.8307692307692305,,,,,,,,,,,,,,,,,,,"Graham Ashcraft","27552",668933
"José Alvarado","PHI",3,3,0,3.311,64,0,3,13,,64,268,52,26,24,6,26,,3,72,10.1517,3.69741,2.74562,0.903034,0.269365,0.0981069,0.17125756293535233,0.216324,1.21783,0.282414,0.757423,,,3.55443,0.918579,1.22527,632.2000122070312,,,,,,,388.59999999999997,6.0718749999999995,366,5.71875,,,,,,,,,,,,,,,,,,,"Jose Alvarado","17780",621237
"Tanner Scott","LAD",3,3,0,3.28859,63,0,4,15,,63,264,50,25,23,7,26,,3,73,10.379,3.65658,2.83844,1.0047,0.275201,0.0969549,0.17824577540159225,0.210484,1.19312,0.27299,0.765817,,,3.63677,0.90725,1.23901,467.75,,,,,,,389.1,6.1761904761904765,363,5.761904761904762,,,,,,,,,,,,,,,,,,,"Tanner Scott","17586",656945
"Grant Holmes","ATL",2,2,7,4.11539,35,11,0,1,,89,381,83,44,41,11,35,,4,90,9.15503,3.50029,2.61551,1.14484,0.237262,0.0907135,0.14654818922281265,0.241721,1.32009,0.296905,0.718613,,,4.05964,0.851046,0.90539,507.75,,,,,,,374.49999999999994,4.207865168539326,369,4.146067415730337,,,,,,,,,,,,,,,,,,,"Grant Holmes","16944",656550
"Richard Fitts","STL",3,3,8,4.42978,38,16,0,1,,110,474,112,59,54,14,36,,5,88,7.17739,2.91036,2.46615,1.17949,0.185191,0.075093,0.11009780317544937,0.258432,1.34128,0.294612,0.694153,,,4.34648,0.838382,0.670809,561.9500122070312,,,,,,,407.59999999999997,3.705454545454545,425,3.8636363636363638,,,,,,,,,,,,,,,,,,,"Richard Fitts","30160",690916
"Ryan Feltner","COL",4,6,8,5.39422,27,19,0,1,,117,521,130,77,70,17,50,,6,90,6.88149,3.82487,1.79914,1.31762,0.172412,0.0958301,0.0765819400548935,0.280381,1.53565,0.316124,0.662081,,,4.92964,0.81829,0.544864,748.2000122070312,,,,,,,334.70000000000016,2.860683760683762,380,3.247863247863248,,,,,,,,,,,,,,,,,,,"Ryan Feltner","21446",663372
"Ryan Walker","SFG",3,3,0,3.29678,63,0,30,4,,63,262,54,25,23,6,21,,3,67,9.62321,3.00357,3.20392,0.848209,0.257109,0.0802481,0.17686063796281815,0.227699,1.1948,0.292889,0.747714,,,3.3531,0.816724,1.07844,177.85000610351562,,,,,,,480.0000000000001,7.619047619047621,465,7.380952380952381,,,,,,,,,,,,,,,,,,,"Ryan Walker","20423",676254
"Randy Vásquez","SDP",9,10,13,4.62828,28,28,0,0,,145,634,145,81,74,22,53,,7,106,6.59341,3.27968,2.01038,1.33859,0.166965,0.0830514,0.08391337096691132,0.252828,1.36995,0.276761,0.695754,,,4.83513,0.79417,0.729895,712.4000244140625,,,,,,,457.4,3.1544827586206896,471,3.2482758620689656,,,,,,,,,,,,,,,,,,,"Randy Vasquez","24719",681190
"Robert Suarez","ATL",4,3,0,3.32119,67,0,8,11,,67,278,55,27,25,8,23,,3,74,9.94046,3.11032,3.19596,1.03596,0.266191,0.0832899,0.18290138989686966,0.216881,1.16106,0.275691,0.758076,,,3.59033,0.793955,1.2527,213.64999389648438,,,,,,,408.4,6.095522388059702,385,5.746268656716418,,,,,,,,,,,,,,,,,,,"Robert Suarez","30115",663158
"JP Sears","SDP",5,6,11,4.63636,31,23,0,1,,130,557,128,73,67,23,39,,6,108,7.49101,2.66559,2.81027,1.58083,0.194802,0.0693179,0.125483937561512,0.249558,1.27782,0.275503,0.693047,,,4.77143,0.79192,0.494517,564.75,,,,,,,431.3,3.3176923076923077,436,3.353846153846154,,,,,,,,,,,,,,,,,,,"JP Sears","23429",676664
"Pete Fairbanks","MIA",3,3,0,3.3749,62,0,27,4,,62,259,51,25,23,6,23,,3,65,9.39277,3.40234,2.76068,0.92335,0.249829,0.0904955,0.1593335047364235,0.220772,1.20691,0.27846,0.749889,,,3.65059,0.791397,1.27125,105.9000015258789,,,,,,,455.4,7.34516129032258,435,7.016129032258065,,,,,,,,,,,,,,,,,,,"Pete Fairbanks","17998",664126
"Carmen Mlodzinski","PIT",2,2,5,3.77066,42,8,0,1,,77,327,72,35,32,8,28,,3,72,8.47651,3.23906,2.61697,0.903015,0.220169,0.0841315,0.1360377073287964,0.242238,1.29802,0.295979,0.726035,,,3.77095,0.783448,0.898645,563.5499877929688,,,,,,,339.2000000000001,4.405194805194807,336,4.363636363636363,,,,,,,,,,,,,,,,,,,"Carmen Mlodzinski","27572",669387
"Riley O'Brien","STL",3,3,0,3.3724,63,0,16,9,,63,269,53,26,24,5,28,,3,68,9.74292,4.01146,2.42877,0.741155,0.253533,0.104388,0.14914561063051224,0.224763,1.29447,0.293493,0.750696,,,3.5215,0.774434,1.04424,240.0500030517578,,,,,,,425.90000000000003,6.760317460317461,409,6.492063492063492,,,,,,,,,,,,,,,,,,,"Riley O'Brien","20348",676617
"Jonah Tong","NYM",3,2,5,3.46209,8,8,0,0,,45,191,36,19,17,5,22,,2,54,10.8225,4.35651,2.48422,0.951859,0.279948,0.11269,0.16725747287273407,0.213765,1.28824,0.284635,0.761367,,,3.70534,0.767794,0.866579,323.45001220703125,,,,,,,213.9,4.753333333333334,196,4.355555555555555,,,,,,,,,,,,,,,,,,,"Jonah Tong","32157",804636
"Clayton Beeter","WSN",3,3,0,3.40313,63,0,17,9,,63,269,49,26,24,6,32,,3,75,10.7319,4.62147,2.32219,0.914238,0.279269,0.120261,0.15900778770446777,0.208681,1.28691,0.278516,0.763447,,,3.76177,0.75664,1.21539,383.54998779296875,,,,,,,431.0000000000001,6.841269841269843,403,6.396825396825397,,,,,,,,,,,,,,,,,,,"Clayton Beeter","27494",690925
"Rhett Lowder","CIN",2,2,6,4.57264,37,11,0,1,,92,398,93,51,47,13,32,,4,75,7.36452,3.14695,2.34021,1.2552,0.189319,0.0808985,0.1084207072854042,0.257843,1.36231,0.294036,0.691816,,,4.49609,0.755501,0.605139,491.20001220703125,,,,,,,325.1000000000001,3.533695652173914,337,3.6630434782608696,,,,,,,,,,,,,,,,,,,"Rhett Lowder","33876",695076
"Orion Kerkering","PHI",3,3,0,3.17953,63,0,1,13,,63,264,51,24,22,7,23,,3,73,10.3613,3.31601,3.12464,0.929586,0.274733,0.0879245,0.18680807203054428,0.214928,1.18029,0.280868,0.767056,,,3.41493,0.748057,1.00325,701.5,,,,,,,372.5,5.912698412698413,349,5.5396825396825395,,,,,,,,,,,,,,,,,,,"Orion Kerkering","31776",689147
"Phil Maton","CHC",3,3,0,3.37619,65,0,4,14,,65,277,54,27,24,7,26,,3,74,10.2138,3.59638,2.84003,0.98816,0.266305,0.0937684,0.17253682762384415,0.217637,1.23001,0.280294,0.762137,,,3.63052,0.739536,1.03016,425.20001220703125,,,,,,,391.5,6.023076923076923,371,5.707692307692308,,,,,,,,,,,,,,,,,,,"Phil Maton","18064",664208
"Emilio Pagán","CIN",3,3,0,3.63504,66,0,27,4,,66,279,53,29,27,10,25,,3,76,10.3157,3.36962,3.06138,1.34499,0.271142,0.0885684,0.18257352709770203,0.211881,1.18117,0.261672,0.761389,,,4.04442,0.704285,1.13971,94.9000015258789,,,,,,,446.6000000000001,6.7666666666666675,419,6.348484848484849,,,,,,,,,,,,,,,,,,,"Emilio Pagan","14771",641941
"Josiah Gray","WSN",6,8,9,4.86688,21,21,0,0,,118,522,119,70,64,18,50,,6,97,7.40648,3.78948,1.95448,1.39852,0.186386,0.0953634,0.09102267771959305,0.255179,1.42798,0.286941,0.691776,,,4.91719,0.692206,0.507372,724.5499877929688,,,,,,,368.4000000000001,3.1220338983050855,382,3.23728813559322,,,,,,,,,,,,,,,,,,,"Josiah Gray","24580",680686
"McCade Brown","COL",4,6,6,5.09225,15,15,0,0,,79,353,80,49,45,12,39,,4,76,8.63361,4.43931,1.94481,1.39039,0.214851,0.110474,0.10437694936990738,0.258085,1.50512,0.305454,0.688325,,,4.85767,0.67782,0.674566,999,,,,,,,252,3.189873417721519,262,3.3164556962025316,,,,,,,,,,,,,,,,,,,"McCade Brown","30004",685326
"Gregory Soto","PIT",3,3,0,3.50704,61,0,4,14,,61,259,53,26,24,6,25,,3,65,9.62082,3.72218,2.58472,0.81579,0.251767,0.0974059,0.15436145663261414,0.230176,1.28494,0.297301,0.742061,,,3.55627,0.677219,0.843586,594.4500122070312,,,,,,,361.80000000000007,5.931147540983607,349,5.721311475409836,,,,,,,,,,,,,,,,,,,"Gregory Soto","19677",642397
"Raisel Iglesias","ATL",3,3,0,3.70105,66,0,26,4,,66,276,58,30,27,9,21,,3,71,9.61707,2.8578,3.3652,1.18703,0.255526,0.0759318,0.1795942783355713,0.229485,1.19446,0.284274,0.73807,,,3.79422,0.643655,0.805085,71.44999694824219,,,,,,,442.90000000000003,6.710606060606061,429,6.5,,,,,,,,,,,,,,,,,,,"Raisel Iglesias","17130",628452
"Corbin Burnes","ARI",3,2,4,3.73088,6,6,0,0,,41,173,37,19,17,4,14,,2,39,8.60009,3.01637,2.85114,0.982053,0.226947,0.0795986,0.14734813570976257,0.238396,1.24858,0.290693,0.726227,,,3.7794,0.619997,0.700354,567.3499755859375,,,,,,,188.00000000000006,4.585365853658538,183,4.463414634146342,,,,,,,,,,,,,,,,,,,"Corbin Burnes","19361",669203
"Alex Vesia","LAD",3,3,0,3.33235,61,0,1,18,,61,257,44,25,23,9,25,,3,78,11.4948,3.71204,3.09664,1.33965,0.303149,0.0978963,0.20525314658880234,0.1942,1.14153,0.249215,0.78994,,,3.89225,0.607031,0.920605,658.25,,,,,,,375.30000000000007,6.152459016393443,337,5.524590163934426,,,,,,,,,,,,,,,,,,,"Alex Vesia","25007",681911
"Hunter Dobbins","STL",2,3,8,4.46205,33,15,0,1,,96,415,97,52,47,12,34,,4,72,6.7652,3.2331,2.09248,1.12965,0.173467,0.0829001,0.09056668728590012,0.256885,1.36842,0.2896,0.693317,,,4.47785,0.602416,0.556089,690.1500244140625,,,,,,,344.6000000000001,3.589583333333334,358,3.7291666666666665,,,,,,,,,,,,,,,,,,,"Hunter Dobbins","30240",690928
"Hunter Harvey","CHC",3,3,0,3.3375,52,0,5,13,,52,214,43,21,19,6,17,,2,55,9.57458,2.93645,3.2606,0.965092,0.258504,0.079281,0.17922275513410568,0.222956,1.16154,0.282703,0.747972,,,3.50861,0.589521,0.772269,540.2999877929688,,,,,,,329.2,6.3307692307692305,312,6,,,,,,,,,,,,,,,,,,,"Hunter Harvey","15507",640451
"Dylan Lee","ATL",3,3,0,3.58677,65,0,1,16,,65,270,55,28,26,9,21,,3,72,10.0243,2.87248,3.48977,1.1792,0.26814,0.0768359,0.19130364060401917,0.224578,1.17073,0.282897,0.744909,,,3.69681,0.57832,0.808075,706.3499755859375,,,,,,,368.3,5.666153846153846,349,5.369230769230769,,,,,,,,,,,,,,,,,,,"Dylan Lee","19996",669276
"Calvin Faucher","MIA",3,3,0,3.78812,64,0,5,12,,64,276,58,29,27,7,27,,3,66,9.32576,3.853,2.42039,0.924857,0.240277,0.0992722,0.14100496470928192,0.235414,1.33133,0.296711,0.734013,,,3.82598,0.569093,0.764877,496.8500061035156,,,,,,,351.7,5.4953125,344,5.375,,,,,,,,,,,,,,,,,,,"Calvin Faucher","20116",676534
"Jared Koenig","MIL",3,3,0,3.51331,65,0,1,16,,65,273,55,28,25,7,25,,3,68,9.47208,3.44232,2.75166,1.00582,0.250584,0.0910666,0.15951748937368393,0.222462,1.22166,0.278917,0.746615,,,3.76638,0.565477,0.763071,742.5,,,,,,,372.9,5.736923076923077,355,5.461538461538462,,,,,,,,,,,,,,,,,,,"Jared Koenig","27517",657649
"Brandon Sproat","NYM",2,1,5,3.90645,18,8,0,1,,57,242,51,27,25,6,23,,3,51,8.03475,3.67589,2.1858,1.00286,0.208308,0.0953008,0.11300753802061081,0.235139,1.30912,0.279257,0.724161,,,4.16393,0.565093,0.664394,500.45001220703125,,,,,,,243.39999999999995,4.270175438596491,235,4.12280701754386,,,,,,,,,,,,,,,,,,,"Brandon Sproat","33850",687075
"Jake Irvin","WSN",2,3,7,4.88335,30,15,0,1,,94,403,97,56,51,14,32,,4,70,6.68239,3.04522,2.19439,1.36913,0.172588,0.0786498,0.0939381793141365,0.264278,1.37409,0.292151,0.673026,,,4.77675,0.539817,0.283562,739.1500244140625,,,,,,,307.2000000000001,3.26808510638298,324,3.4468085106382977,,,,,,,,,,,,,,,,,,,"Jake Irvin","21504",663623
"Bryce Elder","ATL",2,2,5,4.5132,18,10,0,1,,61,264,63,34,31,8,21,,3,50,7.38975,3.00247,2.46123,1.15177,0.190879,0.0775545,0.11332471668720245,0.262802,1.36472,0.30363,0.689135,,,4.29085,0.529296,0.445375,679.5499877929688,,,,,,,221.2000000000001,3.626229508196723,233,3.819672131147541,,,,,,,,,,,,,,,,,,,"Bryce Elder","27779",693821
"River Ryan","LAD",1,1,4,4.14394,14,6,0,1,,48,208,44,24,22,6,20,,2,45,8.53819,3.81454,2.23833,1.16435,0.218928,0.0978087,0.12111933529376984,0.237051,1.33928,0.28238,0.722166,,,4.33417,0.51153,0.524368,591,,,,,,,195.00000000000003,4.062500000000001,190,3.9583333333333335,,,,,,,,,,,,,,,,,,,"River Ryan","29514",689981
"Victor Vodnik","COL",3,3,0,4.46324,64,0,22,5,,64,280,63,35,32,7,31,,3,62,8.78842,4.34025,2.02486,0.959741,0.223198,0.110229,0.11296933144330978,0.255901,1.46563,0.317697,0.701935,,,4.16501,0.507596,0.524683,379.70001220703125,,,,,,,375.7,5.8703125,381,5.953125,,,,,,,,,,,,,,,,,,,"Victor Vodnik","24614",680767
"Aaron Bummer","ATL",3,3,0,3.53328,61,0,0,13,,61,258,55,26,24,5,23,,3,62,9.20607,3.44113,2.6753,0.798789,0.241848,0.0904002,0.15144747495651245,0.2353,1.27687,0.299544,0.73579,,,3.52673,0.49908,0.647989,999,,,,,,,344.9000000000001,5.654098360655739,338,5.540983606557377,,,,,,,,,,,,,,,,,,,"Aaron Bummer","16258",607481
"Mason Montgomery","PIT",3,3,0,3.56163,60,0,2,12,,60,256,51,26,24,6,25,,3,67,10.0965,3.78436,2.66796,0.965396,0.26293,0.0985511,0.1643787994980812,0.224363,1.27287,0.289926,0.748768,,,3.68855,0.485848,0.636171,664.3499755859375,,,,,,,345.6,5.760000000000001,330,5.5,,,,,,,,,,,,,,,,,,,"Mason Montgomery","29770",682254
"A.J. Minter","NYM",3,3,0,3.45072,60,0,2,15,,60,249,48,25,23,7,24,,3,65,9.76806,3.5392,2.75996,1.03607,0.261528,0.0947577,0.16677013784646988,0.215852,1.19438,0.2732,0.750677,,,3.77648,0.481386,0.71193,744.5499877929688,,,,,,,352.09999999999997,5.868333333333333,328,5.466666666666667,,,,,,,,,,,,,,,,,,,"A.J. Minter","18655",621345
"JoJo Romero","STL",3,3,0,3.71305,64,0,14,9,,64,274,58,29,26,6,25,,3,62,8.68512,3.56648,2.43521,0.881898,0.225405,0.0925607,0.132843978703022,0.236549,1.30429,0.291839,0.731454,,,3.8069,0.474964,0.604502,476.75,,,,,,,394.99999999999994,6.171874999999999,388,6.0625,,,,,,,,,,,,,,,,,,,"JoJo Romero","19574",668941
"Blake Treinen","LAD",3,3,0,3.6338,58,0,1,14,,58,245,48,26,23,7,24,,3,67,10.3499,3.6917,2.80356,1.14521,0.272242,0.0971059,0.17513583600521088,0.21793,1.23125,0.278605,0.75041,,,3.85908,0.46792,0.487626,749.2999877929688,,,,,,,332.3,5.729310344827587,313,5.396551724137931,,,,,,,,,,,,,,,,,,,"Blake Treinen","12572",595014
"Dennis Santana","PIT",4,3,0,3.92116,68,0,26,5,,68,291,63,32,30,8,25,,3,65,8.55179,3.31381,2.58065,1.08041,0.22204,0.0860401,0.13599958270788193,0.238245,1.2892,0.286513,0.72546,,,4.03623,0.465149,0.739885,140.6999969482422,,,,,,,437.00000000000006,6.426470588235295,432,6.352941176470588,,,,,,,,,,,,,,,,,,,"Dennis Santana","17878",642701
"Trevor McDonald","SFG",1,1,5,4.2375,22,8,0,1,,61,264,62,31,29,7,21,,3,50,7.41342,3.13118,2.36761,1.00269,0.189359,0.0799792,0.10938026010990143,0.25776,1.36781,0.30066,0.704351,,,4.1157,0.458797,0.423661,578.4000244140625,,,,,,,236.10000000000008,3.8704918032786897,246,4.032786885245901,,,,,,,,,,,,,,,,,,,"Trevor McDonald","26448",686790
"Angel Zerpa","MIL",3,3,0,3.26808,60,0,0,12,,60,251,51,24,22,6,21,,3,61,9.08363,3.13175,2.9005,0.841489,0.241265,0.0831806,0.15808454155921936,0.223733,1.19622,0.280728,0.750585,,,3.508,0.454598,0.598594,735.5,,,,,,,335.6,5.593333333333334,320,5.333333333333333,,,,,,,,,,,,,,,,,,,"Angel Zerpa","22717",672582
"Aaron Ashby","MIL",3,3,0,3.39822,64,0,0,13,,64,274,52,26,24,5,33,,3,70,9.77962,4.68118,2.08914,0.729399,0.25381,0.12149,0.13231952488422394,0.217179,1.32601,0.285032,0.753463,,,3.72722,0.436975,0.775973,559.75,,,,,,,360.90000000000003,5.6390625000000005,339,5.296875,,,,,,,,,,,,,,,,,,,"Aaron Ashby","23550",676879
"Juan Mejia","COL",3,3,0,4.37082,66,0,3,14,,66,291,63,35,32,8,31,,3,70,9.57024,4.26622,2.24326,1.09153,0.241175,0.107511,0.13366375863552094,0.247431,1.43533,0.311062,0.715032,,,4.15694,0.436784,0.534205,733.9500122070312,,,,,,,335.2000000000001,5.07878787878788,335,5.075757575757576,,,,,,,,,,,,,,,,,,,"Juan Mejia","23237",675848
"Matt Svanson","STL",3,3,0,3.69882,65,0,6,15,,65,280,59,29,27,6,26,,3,64,8.87396,3.58643,2.47431,0.885799,0.228892,0.0925071,0.13638462126255035,0.236377,1.31151,0.293217,0.734956,,,3.77806,0.434292,0.571597,495.04998779296875,,,,,,,384.80000000000007,5.920000000000001,378,5.815384615384615,,,,,,,,,,,,,,,,,,,"Matt Svanson","29629",694335
"Janson Junk","MIA",2,2,4,4.42653,46,6,0,1,,75,317,79,40,37,10,17,,3,55,6.60684,2.09362,3.1557,1.22883,0.17339,0.0549451,0.11844499781727791,0.264858,1.2816,0.295298,0.682664,,,4.26163,0.431705,0.300215,584.5,,,,,,,280.6,3.741333333333334,299,3.986666666666667,,,,,,,,,,,,,,,,,,,"Janson Junk","23301",676083
"Kyle Hurt","LAD",1,1,3,3.85318,23,5,0,1,,44,191,38,21,19,6,19,,2,48,9.7627,3.88504,2.5129,1.14959,0.251616,0.10013,0.1514861360192299,0.225778,1.29678,0.281527,0.741683,,,4.06449,0.430946,0.47693,999,,,,,,,190,4.318181818181818,179,4.068181818181818,,,,,,,,,,,,,,,,,,,"Kyle Hurt","27514",669165
"Thomas White","MIA",2,2,3,3.76959,5,5,0,0,,29,131,26,13,12,3,15,,2,35,10.7496,4.58,2.34707,1.07267,0.265422,0.113086,0.15233543515205383,0.222105,1.38383,0.287827,0.761205,,,3.97779,0.430178,0.546491,999,,,,,,,129.10000000000002,4.451724137931035,125,4.310344827586207,,,,,,,,,,,,,,,,,,,"Thomas White","sa3023268",806258
"Jimmy Herget","COL",4,4,3,4.63504,76,2,2,14,,81,355,83,46,42,13,28,,4,75,8.34216,3.09618,2.69434,1.38974,0.212523,0.0788774,0.13364531099796295,0.256978,1.36478,0.299686,0.698489,,,4.45661,0.410634,0.455726,750.0999755859375,,,,,,,343.7,4.24320987654321,356,4.395061728395062,,,,,,,,,,,,,,,,,,,"Jimmy Herget","17556",623474
"Caleb Ferguson","CIN",3,3,0,3.8326,60,0,1,13,,60,257,54,28,26,7,24,,3,58,8.69685,3.54277,2.45481,1.00141,0.225599,0.0919007,0.13369852304458618,0.235671,1.29942,0.28726,0.729514,,,3.96882,0.404963,0.505661,999,,,,,,,309.5,5.158333333333333,301,5.016666666666667,,,,,,,,,,,,,,,,,,,"Caleb Ferguson","19349",657571
"Tony Santillan","CIN",4,3,0,4.01267,70,0,4,14,,70,304,60,34,31,10,32,,3,76,9.76424,4.1322,2.36297,1.23875,0.249816,0.105721,0.14409470558166504,0.2247,1.32081,0.277172,0.739148,,,4.27878,0.401889,0.677424,478.70001220703125,,,,,,,362,5.171428571428572,343,4.9,,,,,,,,,,,,,,,,,,,"Tony Santillan","19926",663574
"Andrew Alvarez","WSN",2,2,6,5.06883,47,11,0,1,,101,436,109,62,57,13,38,,5,67,5.93953,3.40859,1.74252,1.15811,0.152652,0.0876038,0.0650477483868599,0.276558,1.45686,0.305313,0.659289,,,4.76262,0.397678,0.0337424,999,,,,,,,313.10000000000014,3.1000000000000014,345,3.4158415841584158,,,,,,,,,,,,,,,,,,,"Andrew Alvarez","29914",674841
"Ryan Thompson","ARI",3,3,0,3.7957,62,0,2,13,,62,266,59,29,26,6,21,,3,56,8.06564,3.11327,2.59073,0.90706,0.208885,0.0806277,0.1282568871974945,0.243978,1.29734,0.293055,0.723641,,,3.82507,0.396901,0.597711,745.7999877929688,,,,,,,333.5999999999999,5.380645161290321,334,5.387096774193548,,,,,,,,,,,,,,,,,,,"Ryan Thompson","16647",657044
"Anthony Bender","MIA",3,3,0,3.65784,61,0,1,12,,61,262,54,27,25,6,25,,3,62,9.10088,3.68685,2.46847,0.922049,0.235434,0.0953766,0.1400575190782547,0.231283,1.29743,0.288211,0.739622,,,3.81428,0.396799,0.564201,745.3499755859375,,,,,,,330.20000000000005,5.413114754098362,320,5.245901639344262,,,,,,,,,,,,,,,,,,,"Anthony Bender","19742",669622
"Quinn Mathews","STL",3,3,4,4.37337,8,8,0,0,,47,206,44,25,23,5,24,,2,45,8.6256,4.5964,1.8766,1.05036,0.217174,0.115728,0.10144689679145813,0.24378,1.44955,0.29615,0.714381,,,4.42117,0.396241,0.388906,566.4500122070312,,,,,,,183.9,3.9127659574468088,182,3.872340425531915,,,,,,,,,,,,,,,,,,,"Quinn Mathews","sa3023407",687273
"Brad Keller","PHI",4,3,0,3.89739,68,0,2,16,,68,292,61,32,29,7,30,,3,66,8.69348,3.91124,2.22269,0.965587,0.224945,0.101204,0.12374133616685867,0.235324,1.33159,0.288369,0.726783,,,4.04494,0.395384,0.572977,500.54998779296875,,,,,,,365.5,5.375,356,5.235294117647059,,,,,,,,,,,,,,,,,,,"Brad Keller","15734",641745
"Robert Gasser","MIL",2,2,4,3.77515,39,5,0,1,,60,255,54,28,25,8,19,,3,58,8.68768,2.78176,3.12309,1.25962,0.228229,0.0730781,0.15515131503343582,0.229128,1.19749,0.269996,0.738204,,,4.08052,0.391829,0.454954,558.0499877929688,,,,,,,259.20000000000005,4.320000000000001,250,4.166666666666667,,,,,,,,,,,,,,,,,,,"Robert Gasser","29812",688107
"Christian Scott","NYM",1,1,3,3.80647,29,5,0,1,,50,212,45,23,21,7,15,,2,48,8.58296,2.72822,3.146,1.24245,0.226217,0.0719065,0.15431097894906998,0.231766,1.20001,0.273152,0.733126,,,4.06024,0.377643,0.406647,537.25,,,,,,,215.89999999999998,4.318,208,4.16,,,,,,,,,,,,,,,,,,,"Christian Scott","30107",681035
"Colin Rea","CHC",2,3,5,4.40114,44,8,0,1,,81,348,80,43,39,12,25,,4,67,7.4258,2.78553,2.66584,1.34359,0.191284,0.0717535,0.1195300966501236,0.251006,1.30353,0.282919,0.702969,,,4.4855,0.37677,0.355802,465.54998779296875,,,,,,,294.79999999999995,3.6395061728395057,300,3.7037037037037037,,,,,,,,,,,,,,,,,,,"Colin Rea","12317",607067
"David Morgan","SDP",3,3,0,3.50849,64,0,0,14,,64,276,53,27,25,7,28,,3,70,9.87604,3.94372,2.50425,1.00542,0.254455,0.101609,0.15284563601016998,0.218001,1.27233,0.276024,0.758603,,,3.8513,0.374237,0.595522,750.2000122070312,,,,,,,352.7,5.5109375,332,5.1875,,,,,,,,,,,,,,,,,,,"David Morgan","31616",688158
"Brusdar Graterol","LAD",3,3,0,3.42586,54,0,0,11,,54,227,48,22,21,5,16,,2,49,8.16525,2.65739,3.07266,0.904156,0.215822,0.0702393,0.1455821916460991,0.23214,1.19272,0.278835,0.738509,,,3.63975,0.370678,0.456495,749.7000122070312,,,,,,,301.3,5.57962962962963,293,5.425925925925926,,,,,,,,,,,,,,,,,,,"Brusdar Graterol","20367",660813
"Sean Sullivan","COL",2,3,3,5.2443,8,8,0,0,,45,197,50,29,26,8,14,,2,34,6.77196,2.77163,2.44331,1.57205,0.171573,0.0702215,0.10135142505168915,0.275171,1.41781,0.301068,0.665981,,,4.95768,0.345253,0.290586,999,,,,,,,124.6,2.7688888888888887,141,3.1333333333333333,,,,,,,,,,,,,,,,,,,"Sean Sullivan","sa3023162",807743
"Kohl Drake","ARI",1,1,4,4.3344,24,6,0,1,,58,250,55,30,28,8,23,,3,53,8.26016,3.62953,2.27582,1.19767,0.212991,0.0935885,0.11940202116966248,0.245116,1.34918,0.289455,0.707874,,,4.37982,0.336783,0.433108,999,,,,,,,219.80000000000007,3.789655172413794,218,3.7586206896551726,,,,,,,,,,,,,,,,,,,"Kohl Drake","sa3021723",684442
"Seth Halvorsen","COL",3,3,0,4.28316,60,0,3,11,,60,265,58,31,29,7,28,,3,60,9.02771,4.24288,2.12773,1.01383,0.227112,0.106739,0.12037298083305359,0.248013,1.43752,0.307038,0.71708,,,4.1574,0.321387,0.465014,597.3499755859375,,,,,,,293.09999999999997,4.885,295,4.916666666666667,,,,,,,,,,,,,,,,,,,"Seth Halvorsen","33294",678020
"Caleb Thielbar","CHC",3,3,0,3.59307,66,0,1,15,,66,276,55,29,26,8,24,,3,68,9.25302,3.28652,2.81544,1.13383,0.245853,0.0873231,0.15853005647659302,0.220333,1.19628,0.269342,0.745396,,,3.94589,0.320597,0.557559,999,,,,,,,367.0000000000001,5.560606060606062,346,5.242424242424242,,,,,,,,,,,,,,,,,,,"Caleb Thielbar","10078",573204
"Julian Fernández","WSN",3,3,0,3.91797,59,0,2,12,,59,247,53,28,26,7,20,,3,57,8.62636,3.10666,2.77673,1.13594,0.22895,0.0824531,0.14649651944637299,0.23633,1.2426,0.284303,0.719699,,,4.02638,0.312851,0.357489,748.9500122070312,,,,,,,315.7,5.350847457627118,307,5.203389830508475,,,,,,,,,,,,,,,,,,,"Julian Fernandez","18341",642759
"Luke Weaver","NYM",4,3,0,3.90531,67,0,4,14,,67,281,58,32,29,9,24,,3,68,9.19721,3.16331,2.90747,1.27045,0.243659,0.0838045,0.15985433757305145,0.228598,1.21977,0.275924,0.729674,,,4.1135,0.309033,0.336323,447.1000061035156,,,,,,,365.2999999999999,5.452238805970148,349,5.208955223880597,,,,,,,,,,,,,,,,,,,"Luke Weaver","16918",596133
"Justin Wrobleski","LAD",2,2,3,4.09029,41,3,0,1,,57,244,53,29,26,8,21,,3,54,8.48592,3.23959,2.61944,1.21393,0.221854,0.0846953,0.1371588259935379,0.238649,1.27759,0.282852,0.717518,,,4.21749,0.300852,0.201136,574.75,,,,,,,225.59999999999997,3.9578947368421047,221,3.8771929824561404,,,,,,,,,,,,,,,,,,,"Justin Wrobleski","31204",680736
"Tanner Banks","PHI",3,3,0,3.84203,62,0,0,13,,62,261,56,29,26,8,19,,3,61,8.78315,2.76234,3.17961,1.20585,0.231824,0.0729097,0.15891451388597488,0.235223,1.21486,0.281437,0.72872,,,3.9745,0.295177,0.337051,999,,,,,,,322.79999999999995,5.2064516129032254,314,5.064516129032258,,,,,,,,,,,,,,,,,,,"Tanner Banks","16990",621383
"Hayden Birdsong","SFG",1,1,5,4.24558,26,8,0,1,,62,268,55,32,29,8,31,,3,63,9.14738,4.49981,2.03284,1.13492,0.233079,0.114657,0.11842191964387894,0.234482,1.39342,0.287631,0.721673,,,4.39288,0.291373,0.436611,622.1500244140625,,,,,,,245.39999999999998,3.9580645161290318,234,3.774193548387097,,,,,,,,,,,,,,,,,,,"Hayden Birdsong","31635",806185
"Taijuan Walker","PHI",3,3,8,5.09701,50,16,0,1,,122,536,127,76,69,20,47,,6,87,6.44608,3.47351,1.85578,1.45416,0.163209,0.0879462,0.07526280730962753,0.263629,1.42876,0.28632,0.673731,,,5.10155,0.28944,0.144004,999,,,,,,,345.6000000000002,2.8327868852459033,369,3.0245901639344264,,,,,,,,,,,,,,,,,,,"Taijuan Walker","11836",592836
"Jordan Wicks","CHC",2,1,2,3.9877,33,3,0,1,,49,207,46,24,22,6,16,,2,44,8.05882,2.88806,2.79039,1.08093,0.213417,0.0764828,0.13693435490131378,0.244736,1.25861,0.290344,0.710407,,,3.99799,0.289023,0.276864,744.9500122070312,,,,,,,207.20000000000002,4.228571428571429,205,4.183673469387755,,,,,,,,,,,,,,,,,,,"Jordan Wicks","30094",696136
"Kevin Ginkel","ARI",3,3,0,4.00386,60,0,2,15,,60,255,56,29,27,7,23,,3,59,8.88866,3.50627,2.53507,1.00824,0.232383,0.0916672,0.1407160386443138,0.243216,1.31733,0.300466,0.716448,,,3.9227,0.273012,0.371624,661.4500122070312,,,,,,,322.29999999999995,5.371666666666666,319,5.316666666666666,,,,,,,,,,,,,,,,,,,"Kevin Ginkel","19876",656464
"Mitch Bratt","ARI",1,1,3,4.37968,15,5,0,1,,37,157,37,20,18,5,10,,2,31,7.61383,2.52194,3.01904,1.28325,0.200921,0.0665512,0.13436944037675858,0.255754,1.27467,0.293773,0.69128,,,4.26339,0.272686,0.309518,999,,,,,,,146.10000000000002,3.9486486486486494,150,4.054054054054054,,,,,,,,,,,,,,,,,,,"Mitch Bratt","sa3017719",683352
"Brooks Raley","NYM",3,3,0,3.49174,59,0,0,13,,59,253,50,25,23,7,22,,3,63,9.60163,3.42617,2.80244,1.11297,0.248791,0.0887765,0.16001415997743607,0.217861,1.22197,0.268667,0.76105,,,3.88885,0.253548,0.406459,749.0999755859375,,,,,,,323.5,5.483050847457627,307,5.203389830508475,,,,,,,,,,,,,,,,,,,"Brooks Raley","10061",548384
"Kyle Hart","SDP",1,2,4,4.59926,30,8,0,1,,68,291,65,38,35,10,26,,3,54,7.13569,3.46743,2.05792,1.32864,0.183811,0.0893187,0.09449190646409988,0.249169,1.35252,0.278649,0.693259,,,4.76316,0.252912,0.258661,999,,,,,,,236.20000000000005,3.4735294117647064,235,3.4558823529411766,,,,,,,,,,,,,,,,,,,"Kyle Hart","19646",606996
"PJ Poulin","WSN",3,3,0,4.17905,61,0,2,15,,61,262,57,31,28,7,25,,3,58,8.59166,3.72938,2.30378,1.09426,0.222261,0.0964766,0.12578439712524414,0.243017,1.34601,0.293773,0.713436,,,4.19083,0.23741,0.210005,745.5999755859375,,,,,,,319.1000000000001,5.231147540983608,316,5.180327868852459,,,,,,,,,,,,,,,,,,,"PJ Poulin","23394",676571
"Gabriel Hughes","COL",1,1,2,5.36793,17,5,0,1,,41,180,47,27,24,6,15,,2,29,6.45448,3.41124,1.89212,1.28943,0.162192,0.0857198,0.07647266238927841,0.285862,1.52126,0.318616,0.658617,,,4.84109,0.233698,0.130596,999,,,,,,,118.40000000000002,2.887804878048781,138,3.3658536585365852,,,,,,,,,,,,,,,,,,,"Gabriel Hughes","sa3020661",687312
"Justin Lawrence","PIT",3,3,0,3.83144,58,0,1,12,,58,251,51,27,25,6,28,,3,59,9.19534,4.31526,2.13089,0.874421,0.236091,0.110795,0.12529628723859787,0.233455,1.36629,0.294672,0.732616,,,3.94163,0.218196,0.327887,654.7999877929688,,,,,,,300.80000000000007,5.186206896551726,290,5,,,,,,,,,,,,,,,,,,,"Justin Lawrence","17639",664875
"Adbert Alzolay","NYM",3,3,0,3.82134,62,0,1,14,,62,262,55,29,26,8,22,,3,59,8.57998,3.14968,2.72408,1.1511,0.225597,0.0828161,0.1427813321352005,0.231211,1.23583,0.275605,0.730607,,,4.07431,0.206751,0.265251,999,,,,,,,321.4,5.183870967741935,310,5,,,,,,,,,,,,,,,,,,,"Adbert Alzolay","17859",640470
"Hoby Milner","CHC",3,3,0,3.91231,60,0,0,13,,60,256,58,28,26,7,19,,3,52,7.79521,2.84139,2.74345,1.02047,0.203,0.0739945,0.12900585681200027,0.24587,1.27641,0.289401,0.717227,,,3.95482,0.205604,0.256512,999,,,,,,,297.09999999999997,4.951666666666666,299,4.983333333333333,,,,,,,,,,,,,,,,,,,"Hoby Milner","13346",571948
"Joe Jiménez","ATL",2,2,0,3.43162,47,0,0,4,,47,197,39,20,18,6,16,,2,55,10.5723,3.07775,3.43508,1.11646,0.280258,0.0815872,0.19867097586393356,0.219619,1.17776,0.283913,0.758208,,,3.55597,0.202818,0.222817,746.9500122070312,,,,,,,244.6,5.2042553191489365,229,4.872340425531915,,,,,,,,,,,,,,,,,,,"Joe Jimenez","15761",641729
"Kai-Wei Teng","SFG",1,1,2,4.04596,19,3,0,1,,34,151,32,17,15,4,15,,2,36,9.39013,3.86253,2.43108,1.0627,0.237452,0.0976731,0.1397785022854805,0.240759,1.37209,0.299395,0.73011,,,4.01597,0.200464,0.17007,658.5,,,,,,,144.20000000000005,4.241176470588236,143,4.205882352941177,,,,,,,,,,,,,,,,,,,"Kai-Wei Teng","24282",678906
"Cristian Mena","ARI",1,1,2,4.28478,27,3,0,1,,43,187,42,23,21,5,17,,2,39,8.16236,3.43664,2.3751,1.09756,0.210448,0.0886058,0.12184187769889832,0.251302,1.35729,0.29919,0.705655,,,4.19054,0.195672,0.205282,736.5999755859375,,,,,,,172.5,4.011627906976744,175,4.069767441860465,,,,,,,,,,,,,,,,,,,"Cristian Mena","27974",691441
"Thomas Harrington","PIT",1,1,3,4.78095,15,5,0,1,,37,159,38,22,20,6,12,,2,27,6.60038,2.80343,2.35439,1.37771,0.172026,0.0730661,0.0989602580666542,0.26199,1.33541,0.288188,0.673631,,,4.7232,0.184205,0.10534,747.0999755859375,,,,,,,117.2,3.1675675675675676,123,3.324324324324324,,,,,,,,,,,,,,,,,,,"Thomas Harrington","31989",802419
"Mitchell Parker","WSN",2,2,4,4.94395,52,6,0,1,,84,360,87,50,46,13,29,,4,60,6.49121,3.09582,2.09676,1.36677,0.167876,0.0800643,0.08781169354915619,0.265531,1.38155,0.291886,0.668611,,,4.8331,0.183746,-0.0246471,750.75,,,,,,,260.50000000000006,3.1011904761904767,276,3.2857142857142856,,,,,,,,,,,,,,,,,,,"Mitchell Parker","27636",680730
"Jonathan Bowlan","PHI",3,3,0,3.97822,56,0,0,10,,56,236,51,27,25,7,19,,2,54,8.64398,3.12358,2.76733,1.16273,0.227902,0.0823542,0.14554738253355026,0.237896,1.25654,0.285466,0.719321,,,4.06763,0.181914,0.201228,999,,,,,,,280.70000000000005,5.012500000000001,274,4.892857142857143,,,,,,,,,,,,,,,,,,,"Jonathan Bowlan","24607",680742
"Yohan Ramírez","PIT",3,2,0,3.7072,50,0,0,4,,50,217,46,22,21,5,21,,2,53,9.49243,3.74779,2.53281,0.883017,0.243022,0.0959495,0.14707210659980774,0.236616,1.33357,0.300754,0.738726,,,3.69292,0.181391,0.218096,999,,,,,,,241.9,4.838,238,4.76,,,,,,,,,,,,,,,,,,,"Yohan Ramirez","19444",670990
"Cooper Criswell","NYM",3,2,3,4.31274,53,3,0,5,,69,297,69,36,33,9,23,,3,54,6.94131,2.96079,2.34442,1.12031,0.180225,0.0768742,0.10335079580545425,0.254302,1.32235,0.288617,0.695918,,,4.3302,0.181316,0.0941108,999,,,,,,,270.5,3.920289855072464,278,4.028985507246377,,,,,,,,,,,,,,,,,,,"Cooper Criswell","24975",681867
"Tobias Myers","MIL",2,2,3,4.29669,45,3,0,1,,61,258,58,32,29,9,19,,3,52,7.58224,2.74676,2.76043,1.34922,0.200588,0.0726656,0.12792278081178665,0.244566,1.24728,0.277013,0.699676,,,4.44286,0.18047,0.150424,642.4000244140625,,,,,,,231.9000000000001,3.8016393442622967,230,3.7704918032786887,,,,,,,,,,,,,,,,,,,"Tobias Myers","22191",668964
"Ben Brown","CHC",2,2,2,3.75028,42,2,0,1,,47,194,41,22,20,6,16,,2,49,9.25835,3.09615,2.99028,1.08664,0.250779,0.0838647,0.16691426187753677,0.231202,1.20288,0.287732,0.723275,,,3.80912,0.175472,0.191834,465.1000061035156,,,,,,,215.4,4.582978723404255,205,4.361702127659575,,,,,,,,,,,,,,,,,,,"Ben Brown","23590",676962
"Joel Payamps","ATL",3,3,0,3.87426,58,0,0,12,,58,248,53,27,25,8,20,,3,58,9.00961,3.04478,2.95903,1.2007,0.234121,0.0791206,0.15499995648860931,0.234527,1.25135,0.282613,0.733797,,,4.01553,0.17011,0.29262,999,,,,,,,288.00000000000006,4.965517241379311,281,4.844827586206897,,,,,,,,,,,,,,,,,,,"Joel Payamps","14332",606303
"Joey Wentz","ATL",2,2,3,4.64326,39,5,0,1,,59,256,58,33,31,8,24,,3,54,8.17984,3.67861,2.22362,1.27433,0.210549,0.0946876,0.11586183309555054,0.253241,1.38647,0.297516,0.6926,,,4.52547,0.163625,0.12061,736.3499755859375,,,,,,,218.40000000000003,3.701694915254238,222,3.76271186440678,,,,,,,,,,,,,,,,,,,"Joey Wentz","19962",666214
"Matt Waldron","SDP",2,2,2,4.74384,5,5,0,0,,26,115,27,15,14,4,8,,1,20,6.89415,2.66877,2.58327,1.489,0.175275,0.06785,0.10742497444152832,0.259828,1.34365,0.284541,0.690586,,,4.77479,0.161228,0.0839387,999,,,,,,,85.99999999999999,3.307692307692307,91,3.5,,,,,,,,,,,,,,,,,,,"Matt Waldron","25550",663362
"Grant Anderson","MIL",3,3,0,3.73595,56,0,0,10,,56,240,48,25,23,7,23,,3,59,9.48265,3.65098,2.59729,1.1477,0.245846,0.0946549,0.15119154751300812,0.223244,1.26143,0.274583,0.746187,,,4.04281,0.156484,0.291696,999,,,,,,,283.50000000000006,5.062500000000001,269,4.803571428571429,,,,,,,,,,,,,,,,,,,"Grant Anderson","20546",681982
"Yosver Zulueta","CIN",3,2,0,3.82396,50,0,0,4,,50,219,44,23,21,5,25,,3,54,9.69374,4.5426,2.13396,0.913524,0.245909,0.115236,0.13067318499088287,0.22965,1.38304,0.293582,0.74055,,,3.96686,0.15473,0.196569,999,,,,,,,234.1,4.6819999999999995,225,4.5,,,,,,,,,,,,,,,,,,,"Yosver Zulueta","27765",691172
"Josh White","MIA",3,2,0,3.77315,50,0,0,4,,50,214,43,23,21,6,22,,2,57,10.1863,3.88,2.62533,1.0626,0.264892,0.100898,0.16399307548999786,0.226829,1.29174,0.291854,0.740238,,,3.84208,0.147859,0.157189,999,,,,,,,242.39999999999998,4.848,230,4.6,,,,,,,,,,,,,,,,,,,"Josh White","sa3019953",687985
"Adam Mazur","MIA",1,1,2,4.54715,29,3,0,1,,41,173,42,22,21,6,12,,2,31,6.81074,2.62842,2.59119,1.24975,0.177672,0.0685675,0.10910402983427048,0.262029,1.32037,0.293664,0.68256,,,4.43126,0.142172,0.127099,999,,,,,,,144.40000000000003,3.521951219512196,151,3.682926829268293,,,,,,,,,,,,,,,,,,,"Adam Mazur","31900",800049
"Coleman Crow","MIL",1,1,2,3.73167,20,2,0,1,,25,107,22,11,10,3,8,,1,26,9.28283,2.99457,3.09989,1.14858,0.244285,0.0788046,0.16548052430152893,0.231205,1.22187,0.283447,0.737157,,,3.86099,0.140182,0.168272,999,,,,,,,119.89999999999999,4.795999999999999,115,4.6,,,,,,,,,,,,,,,,,,,"Coleman Crow","sa3015142",689441
"Andrew Nardi","MIA",3,3,0,3.50344,52,0,0,7,,52,219,43,22,20,6,20,,2,63,10.8783,3.48297,3.12327,1.08542,0.286996,0.0918896,0.19510667026042938,0.218992,1.21457,0.288593,0.754884,,,3.58313,0.134255,0.131273,999,,,,,,,287.2,5.523076923076923,270,5.1923076923076925,,,,,,,,,,,,,,,,,,,"Andrew Nardi","25942",677053
"Joel Peguero","SFG",3,3,0,3.8198,64,0,5,12,,64,281,59,30,27,7,28,,3,63,8.79563,3.9555,2.22365,0.931418,0.222586,0.1001,0.12248651683330536,0.235331,1.35787,0.288792,0.737282,,,3.99038,0.132155,0.348603,999,,,,,,,340.1,5.3140625,335,5.234375,,,,,,,,,,,,,,,,,,,"Joel Peguero","21951",666711
"JR Ritchie","ATL",1,1,1,4.59038,3,3,0,0,,18,78,18,10,9,2,7,,1,15,7.49534,3.64307,2.05742,1.21281,0.192718,0.0936695,0.0990481749176979,0.25366,1.38637,0.291797,0.692398,,,4.5766,0.129787,0.136458,999,,,,,,,67.80000000000003,3.766666666666668,70,3.888888888888889,,,,,,,,,,,,,,,,,,,"JR Ritchie","sa3020395",702275
"Will Klein","LAD",3,2,0,3.71204,50,0,0,5,,50,218,40,23,21,6,28,,3,59,10.6583,4.9898,2.13601,1.01418,0.271617,0.127161,0.144456148147583,0.213083,1.3542,0.279712,0.75534,,,4.05142,0.129529,0.150458,999,,,,,,,237.2,4.744,217,4.34,,,,,,,,,,,,,,,,,,,"Will Klein","27787",694361
"Alan Rangel","PHI",1,1,2,4.69112,19,3,0,1,,35,154,35,20,18,6,12,,2,30,7.65042,2.99878,2.55118,1.54967,0.195768,0.0767365,0.1190318763256073,0.250456,1.32604,0.278955,0.697468,,,4.80734,0.12779,0.0917775,999,,,,,,,116.19999999999999,3.32,119,3.4,,,,,,,,,,,,,,,,,,,"Alan Rangel","19524",660604
"Zach Maxwell","CIN",3,3,0,3.9113,55,0,0,10,,55,243,45,26,24,7,31,,3,64,10.4515,5.05262,2.06853,1.14478,0.26284,0.127066,0.13577362895011902,0.214644,1.37789,0.274024,0.752805,,,4.30901,0.12656,0.281596,999,,,,,,,269.9,4.907272727272727,250,4.545454545454546,,,,,,,,,,,,,,,,,,,"Zach Maxwell","31610",687209
"Wandy Peralta","SDP",3,3,0,3.8667,60,0,0,12,,60,258,54,28,26,6,26,,3,53,7.92729,3.89442,2.03555,0.883815,0.20484,0.100631,0.1042085587978363,0.236729,1.33691,0.283747,0.723394,,,4.09144,0.1261,0.203104,999,,,,,,,296.79999999999995,4.946666666666666,289,4.816666666666666,,,,,,,,,,,,,,,,,,,"Wandy Peralta","14295",593974
"Kyle Nicolas","PIT",3,3,0,3.92778,56,0,0,10,,56,243,49,27,24,6,27,,3,57,9.1532,4.34581,2.10621,0.967599,0.234376,0.111278,0.12309736013412476,0.232098,1.36641,0.289324,0.73176,,,4.09637,0.124883,0.202747,999,,,,,,,277.20000000000005,4.950000000000001,266,4.75,,,,,,,,,,,,,,,,,,,"Kyle Nicolas","27775",693312
"Ryan Fernandez","STL",3,3,0,4.03651,57,0,0,12,,57,244,51,28,26,6,25,,3,58,9.16376,3.99098,2.29612,1.0197,0.237969,0.10364,0.13432946056127548,0.237754,1.3439,0.296386,0.720538,,,4.04569,0.12216,0.0978379,750.25,,,,,,,295.4,5.182456140350877,287,5.035087719298246,,,,,,,,,,,,,,,,,,,"Ryan Fernandez","24862",681676
"Brennan Bernardino","COL",3,3,0,4.74587,58,0,2,10,,58,256,60,33,31,7,26,,3,52,8.06106,4.01592,2.00727,1.09932,0.202724,0.100995,0.10172955691814423,0.264565,1.48407,0.315212,0.691606,,,4.41759,0.115149,0.128794,999,,,,,,,254.10000000000002,4.381034482758621,266,4.586206896551724,,,,,,,,,,,,,,,,,,,"Brennan Bernardino","16835",657514
"Carson Whisenhunt","SFG",1,1,2,4.4874,15,3,0,1,,31,136,32,17,16,4,11,,1,26,7.51066,3.25321,2.30869,1.19746,0.192581,0.0834156,0.10916530340909958,0.256307,1.36779,0.295157,0.69674,,,4.41705,0.115148,0.00695373,702.2999877929688,,,,,,,116.99999999999999,3.7741935483870965,123,3.967741935483871,,,,,,,,,,,,,,,,,,,"Carson Whisenhunt","31676",687931
"Gavin Stone","LAD",1,1,1,4.1867,18,2,0,1,,23,99,22,12,11,3,7,,1,21,8.14289,2.86935,2.83788,1.26846,0.213388,0.0751927,0.13819537311792374,0.244599,1.26729,0.285149,0.709554,,,4.24477,0.109847,0.0421973,664.25,,,,,,,98.10000000000001,4.265217391304348,98,4.260869565217392,,,,,,,,,,,,,,,,,,,"Gavin Stone","27792",694813
"Justin Bruihl","STL",3,2,0,3.81912,50,0,0,5,,50,216,47,23,21,5,19,,2,48,8.66237,3.42588,2.52851,0.942326,0.222797,0.0881141,0.13468342274427414,0.240763,1.31799,0.294632,0.729474,,,3.85174,0.107518,0.112231,999,,,,,,,239.3,4.7860000000000005,238,4.76,,,,,,,,,,,,,,,,,,,"Justin Bruihl","23779",677865
"Sam Hentges","SFG",3,3,0,3.46679,54,0,0,7,,54,226,48,23,21,5,19,,2,54,9.00554,3.12717,2.87977,0.781383,0.239085,0.0830223,0.15606292337179184,0.236607,1.24508,0.299599,0.733722,,,3.43701,0.105312,0.0846529,999,,,,,,,286.3,5.301851851851852,278,5.148148148148148,,,,,,,,,,,,,,,,,,,"Sam Hentges","18548",656529
"Edgardo Henriquez","LAD",2,2,0,3.09711,34,0,0,1,,34,147,26,13,12,4,15,,2,43,11.3154,4.08894,2.76732,1.02447,0.290796,0.105082,0.18571394681930542,0.198656,1.21331,0.263382,0.794587,,,3.60922,0.0996469,0.126354,741.75,,,,,,,173.80000000000004,5.111764705882354,157,4.617647058823529,,,,,,,,,,,,,,,,,,,"Edgardo Henriquez","26944",683618
"Lake Bachar","MIA",3,3,0,3.9643,56,0,0,10,,56,242,49,27,25,7,24,,3,58,9.28105,3.80413,2.43973,1.18535,0.238631,0.0978106,0.1408207044005394,0.229351,1.30596,0.279575,0.735452,,,4.19556,0.098964,0.186032,999,,,,,,,275.9000000000001,4.926785714285716,264,4.714285714285714,,,,,,,,,,,,,,,,,,,"Lake Bachar","19222",669199
"Connor Phillips","CIN",3,3,0,4.13946,58,0,1,12,,58,253,49,29,27,8,30,,3,63,9.74181,4.65682,2.09194,1.22223,0.248145,0.118619,0.12952549010515213,0.223469,1.36519,0.276444,0.734288,,,4.44099,0.0979047,0.225949,597.2000122070312,,,,,,,283.4000000000001,4.886206896551726,266,4.586206896551724,,,,,,,,,,,,,,,,,,,"Connor Phillips","27649",683175
"Erik Miller","SFG",3,3,0,3.69448,61,0,2,13,,61,262,51,27,25,6,32,,3,65,9.63117,4.70678,2.04623,0.852001,0.249152,0.121761,0.12739095091819763,0.222971,1.35275,0.287527,0.741178,,,3.94644,0.0973461,0.378126,999,,,,,,,332.0000000000001,5.442622950819674,314,5.147540983606557,,,,,,,,,,,,,,,,,,,"Erik Miller","26252",669062
"Huascar Brazobán","NYM",3,3,0,3.74908,56,0,0,11,,56,241,48,25,23,6,25,,3,55,8.80018,4.03179,2.1827,0.996719,0.227206,0.104094,0.12311204522848129,0.225498,1.30653,0.275049,0.739524,,,4.10792,0.0969141,0.235367,999,,,,,,,285.80000000000007,5.1035714285714295,272,4.857142857142857,,,,,,,,,,,,,,,,,,,"Huascar Brazoban","6107",623211
"Bryan Hoeing","SDP",1,1,2,4.15189,28,2,0,1,,33,143,33,17,15,4,11,,1,28,7.48719,2.99987,2.49583,1.08167,0.194112,0.0777745,0.11633774638175964,0.250476,1.3122,0.290494,0.706624,,,4.16668,0.0951535,0.0116371,999,,,,,,,133.20000000000005,4.036363636363638,137,4.151515151515151,,,,,,,,,,,,,,,,,,,"Bryan Hoeing","26304",663773
"RJ Petit","COL",3,3,0,4.80043,55,0,0,9,,55,242,57,32,29,7,23,,3,51,8.2781,3.81009,2.17268,1.19688,0.20886,0.0961304,0.11273004114627838,0.264498,1.46342,0.315016,0.689655,,,4.43908,0.094403,0.0537922,999,,,,,,,232.7,4.2309090909090905,244,4.4363636363636365,,,,,,,,,,,,,,,,,,,"RJ Petit","sa3017848",696275
"Landon Knack","LAD",1,1,2,4.85148,17,3,0,1,,33,143,32,20,18,6,13,,2,28,7.6399,3.45936,2.20847,1.58935,0.198278,0.0897807,0.10849721729755402,0.246023,1.33178,0.272813,0.685094,,,5.02417,0.0934441,0.0711344,745.7000122070312,,,,,,,102.20000000000003,3.096969696969698,102,3.090909090909091,,,,,,,,,,,,,,,,,,,"Landon Knack","27487",689017
"Jaden Hill","COL",3,3,0,4.3479,52,0,0,6,,52,228,52,27,25,6,21,,2,53,9.11115,3.70699,2.45783,1.06198,0.231167,0.0940531,0.1371135488152504,0.25527,1.41249,0.31641,0.709408,,,4.02302,0.0921356,0.0731625,999,,,,,,,236.8,4.553846153846154,243,4.673076923076923,,,,,,,,,,,,,,,,,,,"Jaden Hill","30250",677955
"Anthony Banda","LAD",3,3,0,4.1287,55,0,0,13,,55,236,48,28,25,7,24,,3,53,8.71467,4.00609,2.17536,1.19649,0.225662,0.103736,0.12192660570144653,0.230968,1.32227,0.275992,0.722812,,,4.40634,0.0874663,0.0813347,999,,,,,,,273.09999999999997,4.965454545454545,261,4.745454545454545,,,,,,,,,,,,,,,,,,,"Anthony Banda","14706",607455
"Porter Hodge","CHC",3,2,0,3.68904,50,0,0,5,,50,215,41,22,20,6,25,,3,56,10.1384,4.58564,2.21091,1.00464,0.261508,0.11828,0.14322727173566818,0.216746,1.32185,0.279195,0.749981,,,4.01277,0.0813674,0.179807,733.4500122070312,,,,,,,237.6,4.752,220,4.4,,,,,,,,,,,,,,,,,,,"Porter Hodge","26413",687863
"A.J. Puk","ARI",2,2,0,3.25863,32,0,0,1,,32,133,26,13,12,3,12,,1,37,10.4645,3.26714,3.20295,0.979953,0.279752,0.0873422,0.1924101635813713,0.215835,1.17217,0.28267,0.76168,,,3.44714,0.0805258,0.0956667,999,,,,,,,171.3,5.353125,160,5,,,,,,,,,,,,,,,,,,,"A.J. Puk","19343",640462
"Julian Garcia","CIN",0,0,0,4.28033,1,1,0,0,,5.33333,20,4,3,3,1,2,0,0,5,7.62379,2.9555,2.57953,1.11739,0.229719,0.0890546,0.14066407829523087,0.24068,1.12735,0.287353,0.637523,,,4.15867,0.0790483,0.0491992,999,,,,,,,20.766664314270017,3.893749791011201,17.666665077209473,3.3124998994171557,,,,,,,,,,,,,,,,,,,"Julian Garcia","sa918182",670062
"Justin Martinez","ARI",2,2,0,3.2316,34,0,0,1,,34,143,27,13,12,3,17,,2,40,10.61,4.59755,2.30776,0.672066,0.280297,0.121458,0.15883824974298477,0.214104,1.29135,0.295093,0.757639,,,3.42932,0.0787727,0.126613,999,,,,,,,171.5,5.044117647058823,158,4.647058823529412,,,,,,,,,,,,,,,,,,,"Justin Martinez","24453",679885
"Jason Adam","SDP",2,2,0,3.45045,46,0,0,1,,46,193,37,19,18,5,18,,2,49,9.64561,3.57522,2.69791,1.03629,0.255439,0.0946805,0.16075864434242249,0.216091,1.20816,0.271174,0.754016,,,3.81749,0.0765835,0.102332,689.0499877929688,,,,,,,224.70000000000005,4.884782608695653,207,4.5,,,,,,,,,,,,,,,,,,,"Jason Adam","11861",592094
"Brock Stewart","LAD",2,2,0,3.50584,32,0,0,1,,32,134,26,14,12,4,13,,1,37,10.4208,3.58167,2.90948,1.13256,0.276506,0.0950361,0.18146994709968567,0.213922,1.19885,0.274396,0.756244,,,3.7863,0.0759636,0.0639221,999,,,,,,,156.00000000000003,4.875000000000001,144,4.5,,,,,,,,,,,,,,,,,,,"Brock Stewart","16727",592779
"Travis Sykora","WSN",0,0,1,3.6589,1,1,0,0,,3.98669,15,3,2,2,0,2,0,0,4,9.5345,3.48672,2.73452,0.943764,0.275915,0.100901,0.17501434683799744,0.223002,1.14774,0.291934,0.703049,,,3.66974,0.072772,0.0505812,999,,,,,,,23.701506328582763,5.945159032831601,21.93345022201538,5.501669299023586,,,,,,,,,,,,,,,,,,,"Travis Sykora","sa3023557",805809
"Drey Jameson","ARI",3,3,0,4.10506,58,0,1,12,,58,247,54,29,26,7,24,,3,54,8.32422,3.71566,2.24031,1.01141,0.217186,0.0969448,0.12024138122797012,0.243269,1.33704,0.293947,0.711072,,,4.12502,0.0721376,0.189924,672.1500244140625,,,,,,,282.70000000000005,4.8741379310344835,279,4.810344827586207,,,,,,,,,,,,,,,,,,,"Drey Jameson","26260",686753
"Evan Sisk","PIT",3,3,0,3.95403,52,0,0,7,,52,224,49,25,23,5,22,,2,50,8.73373,3.79343,2.30233,0.880068,0.225275,0.0978465,0.12742840498685837,0.244913,1.36166,0.304045,0.719985,,,3.87222,0.0721203,0.0469017,999,,,,,,,251.9,4.844230769230769,251,4.826923076923077,,,,,,,,,,,,,,,,,,,"Evan Sisk","24995",681895
"Luis Perales","WSN",1,1,2,4.25293,26,2,0,1,,31,136,28,16,15,4,14,,2,30,8.57171,4.16581,2.05763,1.16021,0.219787,0.106816,0.11297175288200378,0.236752,1.36761,0.283133,0.717264,,,4.4417,0.0698265,0.0491729,999,,,,,,,123.39999999999999,3.9806451612903224,119,3.838709677419355,,,,,,,,,,,,,,,,,,,"Luis Perales","sa3014677",691384
"Carson Palmquist","COL",1,1,2,5.38497,17,3,0,1,,31,141,32,21,19,5,15,,2,29,8.1615,4.39666,1.8563,1.56342,0.202899,0.109303,0.09359585493803024,0.260534,1.51241,0.298368,0.676724,,,5.19793,0.0693854,0.0798697,999,,,,,,,95.69999999999997,3.0870967741935478,101,3.2580645161290325,,,,,,,,,,,,,,,,,,,"Carson Palmquist","31612",687223
"Tylor Megill","NYM",0,0,1,3.70685,1,1,0,0,,4.62925,20,4,2,2,1,2,0,0,5,9.97805,3.8873,2.56683,1.09304,0.25096,0.0977705,0.153189979493618,0.225382,1.31929,0.282935,0.756519,,,3.93822,0.0690821,0.0851742,999,,,,,,,15.556429195404052,3.360466305152275,14.146235942840576,3.0558393982016296,,,,,,,,,,,,,,,,,,,"Tylor Megill","21318",656731
"Dylan Ross","NYM",2,2,0,3.4701,42,0,0,1,,42,181,33,18,16,4,21,,2,49,10.5818,4.60234,2.29923,0.916199,0.272828,0.118661,0.15416739135980606,0.212637,1.30829,0.281399,0.761014,,,3.79229,0.0655265,0.0703694,999,,,,,,,208.8,4.9714285714285715,191,4.5476190476190474,,,,,,,,,,,,,,,,,,,"Dylan Ross","sa3025659",697811
"Jean Cabrera","PHI",1,1,1,5.10427,3,3,0,0,,19,89,21,12,11,3,9,,1,14,6.52735,3.94668,1.65389,1.39682,0.159204,0.0962604,0.06294328719377518,0.264323,1.51356,0.288651,0.689758,,,5.16749,0.0637942,0.0246729,999,,,,,,,47.09999999999999,2.478947368421052,54,2.8421052631578947,,,,,,,,,,,,,,,,,,,"Jean Cabrera","sa3015433",691893
"Tink Hence","STL",1,1,1,4.40437,2,2,0,0,,7,32,7,4,4,1,3,,0,7,8.29523,3.8333,2.16399,1.15107,0.207381,0.0958326,0.11154809594154358,0.250927,1.42208,0.297317,0.714046,,,4.37803,0.0635932,0.0297898,999,,,,,,,26.300000000000015,3.7571428571428593,27,3.857142857142857,,,,,,,,,,,,,,,,,,,"Tink Hence","sa3014709",693311
"Tyler Phillips","MIA",4,3,0,4.46911,68,0,3,16,,68,292,70,37,34,8,24,,3,51,6.70717,3.16854,2.1168,1.02296,0.173549,0.0819865,0.0915626659989357,0.26317,1.37765,0.300158,0.685493,,,4.31349,0.0629188,-0.0604973,732.0999755859375,,,,,,,322.80000000000007,4.747058823529413,336,4.9411764705882355,,,,,,,,,,,,,,,,,,,"Tyler Phillips","20629",663969
"Yu Darvish","SDP",0,0,1,4.05867,1,1,0,0,,5.07883,21,5,3,2,1,2,0,0,5,8.25499,2.89513,2.85134,1.25159,0.221784,0.0777822,0.1440013349056244,0.237342,1.21675,0.278462,0.70857,,,4.20193,0.0613631,0.00878495,750.7999877929688,,,,,,,16.283319091796873,3.2061181447275913,16.394134521484375,3.227937244251095,,,,,,,,,,,,,,,,,,,"Yu Darvish","13074",506433
"Hayden Harris","ATL",2,2,0,3.65587,40,0,0,1,,40,172,34,18,16,5,17,,2,48,10.7503,3.92244,2.74073,1.10122,0.277787,0.101355,0.1764317899942398,0.220154,1.27601,0.287187,0.75345,,,3.78777,0.060619,0.0643469,999,,,,,,,189.1,4.7275,178,4.45,,,,,,,,,,,,,,,,,,,"Hayden Harris","31913",802686
"Craig Yoho","MIL",2,2,0,3.63982,40,0,0,1,,40,172,34,18,16,4,18,,2,44,9.9947,4.06788,2.45698,1.00142,0.258261,0.105113,0.1531476229429245,0.222145,1.29606,0.284269,0.749236,,,3.86162,0.059606,0.0571485,999,,,,,,,190.4,4.76,180,4.5,,,,,,,,,,,,,,,,,,,"Craig Yoho","33248",684974
"Ryan Gusto","MIA",1,1,2,4.5416,30,2,0,1,,35,149,35,19,18,5,12,,2,29,7.43446,3.09027,2.40576,1.25592,0.19535,0.0812009,0.1141490563750267,0.25535,1.32416,0.292569,0.684805,,,4.45989,0.059389,0.0200257,750.25,,,,,,,126.5,3.6142857142857143,130,3.7142857142857144,,,,,,,,,,,,,,,,,,,"Ryan Gusto","26440",687473
"Zach McCambley","PHI",3,2,0,4.12731,48,0,0,4,,48,209,43,24,22,6,22,,2,50,9.45373,4.03275,2.34424,1.18705,0.241243,0.102909,0.13833439350128174,0.233865,1.3502,0.287921,0.728688,,,4.23912,0.0592481,0.0636044,999,,,,,,,213.60000000000002,4.45,206,4.291666666666667,,,,,,,,,,,,,,,,,,,"Zach McCambley","sa3014478",685112
"Chase Petty","CIN",2,2,2,5.1169,37,3,0,1,,53,234,55,33,30,8,24,,3,40,6.77935,4.01937,1.68667,1.33461,0.171796,0.101855,0.06994092464447021,0.263367,1.47088,0.293207,0.672781,,,5.04267,0.058519,-0.0378288,742.25,,,,,,,153.80000000000007,2.9018867924528315,164,3.0943396226415096,,,,,,,,,,,,,,,,,,,"Chase Petty","30170",695534
"Isaac Mattson","PIT",3,3,0,4.14354,64,0,2,13,,64,280,58,32,29,8,30,,3,63,8.85943,4.17487,2.12208,1.17145,0.225001,0.106028,0.11897281557321548,0.232887,1.36323,0.279988,0.728518,,,4.39808,0.058009,0.380974,999,,,,,,,313.40000000000003,4.8968750000000005,305,4.765625,,,,,,,,,,,,,,,,,,,"Isaac Mattson","20385",676755
"Brandyn Garcia","ARI",3,3,0,3.98852,54,0,0,10,,54,235,50,26,24,5,26,,3,52,8.6061,4.27469,2.01327,0.868465,0.21973,0.109141,0.11058922857046127,0.240603,1.39584,0.297112,0.723226,,,4.05056,0.0574188,0.174674,999,,,,,,,265.1,4.90925925925926,262,4.851851851851852,,,,,,,,,,,,,,,,,,,"Brandyn Garcia","33568",805299
"Tekoah Roby","STL",0,0,0,4.23052,1,1,0,0,,4.52706,19,4,2,2,1,1,0,0,4,7.6254,2.85473,2.67115,1.11249,0.203226,0.0760821,0.12714426964521408,0.252652,1.27954,0.295527,0.692406,,,4.12779,0.0548146,0.0810443,999,,,,,,,15.800230121612552,3.4901761114918814,14.635290622711182,3.2328479599963305,,,,,,,,,,,,,,,,,,,"Tekoah Roby","sa3014519",694358
"Zach Pop","PHI",3,3,0,3.97891,52,0,0,7,,52,225,50,25,23,6,20,,2,46,7.91904,3.43106,2.30804,0.974156,0.203353,0.0881063,0.11524675041437149,0.244202,1.33349,0.289908,0.719671,,,4.06485,0.0531874,0.0460713,999,,,,,,,235,4.519230769230769,236,4.538461538461538,,,,,,,,,,,,,,,,,,,"Zach Pop","20185",647315
"Juan Morillo","ARI",3,3,0,4.00714,56,0,1,11,,56,247,51,27,25,5,29,,3,55,8.87101,4.68052,1.89531,0.838685,0.223471,0.117908,0.1055634394288063,0.239105,1.43803,0.298798,0.727866,,,4.08979,0.0517504,0.213749,999,,,,,,,283.30000000000007,5.058928571428573,278,4.964285714285714,,,,,,,,,,,,,,,,,,,"Juan Morillo","21924",666661
"Jarlin Susana","WSN",0,0,0,4.05797,1,1,0,0,,4.07338,18,4,2,2,0,2,0,0,4,9.39491,4.79842,1.95792,0.923788,0.239579,0.122365,0.11721484363079071,0.234396,1.41741,0.297647,0.726183,,,4.13564,0.0516085,0.0561323,999,,,,,,,21.742990779876713,5.33782904775668,22.366885662078857,5.490993083867457,,,,,,,,,,,,,,,,,,,"Jarlin Susana","sa3018808",703186
"Daniel Eagen","ARI",0,0,0,4.29547,1,1,0,0,,5.06087,21,4,3,2,1,2,0,0,5,8.32215,3.91037,2.12823,1.05826,0.228036,0.107149,0.12088779360055923,0.240582,1.29448,0.293169,0.684325,,,4.25544,0.0504371,0.0216016,999,,,,,,,18.750439262390138,3.7049832598634147,16.30435085296631,3.221649697260467,,,,,,,,,,,,,,,,,,,"Daniel Eagen","sa3030728",811666
"Ron Marinaccio","SDP",3,3,0,3.94262,54,0,0,10,,54,236,48,26,24,7,24,,3,53,8.8918,3.91825,2.26933,1.14361,0.226063,0.0996165,0.12644610553979874,0.229417,1.32702,0.275867,0.738436,,,4.26221,0.0499883,0.0930254,999,,,,,,,253.7,4.698148148148148,244,4.518518518518518,,,,,,,,,,,,,,,,,,,"Ron Marinaccio","23488",676760
"Jonathan Santucci","NYM",0,0,0,4.32947,1,1,0,0,,4.688,19,4,2,2,1,2,0,0,4,7.66012,3.60818,2.12299,1.072,0.207384,0.097685,0.10969913005828857,0.246032,1.3009,0.290528,0.683764,,,4.31949,0.0489285,0.0890568,999,,,,,,,13.99120149612427,2.9844711801892077,12.440001010894775,2.6535837189411247,,,,,,,,,,,,,,,,,,,"Jonathan Santucci","sa3041559",695558
"Lucas Braun","ATL",0,0,0,4.56494,1,1,0,0,,5.54966,22,5,3,3,1,2,0,0,4,6.91418,2.82557,2.44701,1.21978,0.190598,0.0778902,0.11270786076784134,0.256546,1.25677,0.291305,0.658633,,,4.42753,0.0486954,0.050179,999,,,,,,,17.767474937438966,3.2015436726348585,16.74829387664795,3.0178961544628087,,,,,,,,,,,,,,,,,,,"Lucas Braun","sa3022996",814351
"Jack Wenninger","NYM",1,1,1,4.62536,2,2,0,0,,7,32,7,4,4,1,3,,0,6,7.51046,3.71086,2.02392,1.23968,0.187762,0.0927715,0.09499012678861618,0.255628,1.43073,0.292414,0.702329,,,4.63825,0.0481648,0.0248257,999,,,,,,,24.3,3.4714285714285715,25,3.5714285714285716,,,,,,,,,,,,,,,,,,,"Jack Wenninger","sa3023282",811307
"Brandon Williamson","CIN",2,2,2,4.9708,43,3,0,1,,59,256,58,36,33,10,24,,3,47,7.09638,3.56976,1.98791,1.5255,0.182929,0.0920206,0.0909082293510437,0.252449,1.37288,0.277317,0.677748,,,5.09141,0.0480634,-0.0337525,999,,,,,,,179.8,3.047457627118644,182,3.0847457627118646,,,,,,,,,,,,,,,,,,,"Brandon Williamson","25463",682227
"Griffin Herring","COL",0,0,0,5.23926,1,1,0,0,,5.14783,21,5,3,3,1,2,0,0,4,6.97672,3.82639,1.82331,1.20503,0.193634,0.106199,0.08743515610694885,0.268234,1.37284,0.310138,0.621752,,,4.73631,0.0467518,0.0597728,999,,,,,,,14.793913841247562,2.8738176623556595,14.739130973815918,2.8631757204254185,,,,,,,,,,,,,,,,,,,"Griffin Herring","sa3033707",702622
"Ken Waldichuk","ATL",2,2,2,5.03058,15,3,0,1,,31,136,30,19,18,5,15,,2,28,8.09989,4.3349,1.86853,1.37105,0.207689,0.111151,0.09653815627098083,0.253756,1.44646,0.295468,0.677887,,,4.9093,0.0467183,-0.020132,999,,,,,,,98.89999999999998,3.1903225806451605,99,3.193548387096774,,,,,,,,,,,,,,,,,,,"Ken Waldichuk","27681",686610
"Drew Rom","MIL",0,0,0,4.19927,1,1,0,0,,4.17509,19,4,2,2,1,2,0,0,4,8.78425,3.50044,2.50947,1.27124,0.218041,0.0868873,0.13115379959344864,0.242196,1.36735,0.286457,0.733359,,,4.32907,0.0460746,0.061144,999,,,,,,,10.195689487457274,2.4420268153527855,9.875465869903564,2.3653282593662146,,,,,,,,,,,,,,,,,,,"Drew Rom","24602",680723
"Danny Young","ATL",1,1,0,3.39292,20,0,0,1,,20,87,17,8,8,2,9,,1,23,10.4733,3.97352,2.63577,0.863329,0.267517,0.101495,0.1660226434469223,0.222214,1.29927,0.292964,0.761832,,,3.52447,0.0451635,0.0629155,999,,,,,,,99.2,4.96,94,4.7,,,,,,,,,,,,,,,,,,,"Danny Young","18439",664849
"Ben Shields","COL",0,0,0,5.05649,1,1,0,0,,3.94381,16,4,2,2,1,2,0,0,3,7.60464,3.51698,2.16227,1.22814,0.201963,0.0934032,0.10855945199728012,0.27093,1.4061,0.317724,0.652197,,,4.52782,0.0450433,0.0729116,999,,,,,,,6.484163904190064,1.6441386859164886,6.719029664993286,1.7036917584543767,,,,,,,,,,,,,,,,,,,"Ben Shields","sa3023483",815456
"Tyson Hardin","MIL",0,0,0,4.41573,1,1,0,0,,4.44853,18,4,2,2,1,1,0,0,3,6.76074,2.69889,2.50501,1.19669,0.183193,0.0731306,0.11006230860948563,0.25448,1.25644,0.286495,0.673237,,,4.38629,0.044622,0.078936,999,,,,,,,13.219091701507567,2.971566757617318,12.242629528045654,2.752064343968182,,,,,,,,,,,,,,,,,,,"Tyson Hardin","sa3025574",824620
"Ty Adcock","SDP",3,2,0,3.90711,50,0,0,4,,50,215,44,24,22,6,20,,2,48,8.6924,3.53556,2.45856,1.16887,0.22461,0.0913581,0.13325177133083344,0.230112,1.28125,0.274327,0.734104,,,4.2096,0.044412,0.0479672,999,,,,,,,227.79999999999998,4.556,218,4.36,,,,,,,,,,,,,,,,,,,"Ty Adcock","25651",686654
"Jace Kaminska","COL",0,0,0,5.50153,1,1,0,0,,5.10931,21,5,3,3,1,2,0,0,3,5.87915,2.64279,2.2246,1.35923,0.161377,0.072542,0.08883456885814667,0.288798,1.36598,0.316728,0.604852,,,4.79645,0.0442115,0.0573306,999,,,,,,,12.508902168273924,2.448256117917663,12.546555519104004,2.455625673238325,,,,,,,,,,,,,,,,,,,"Jace Kaminska","sa3023222",700978
"Jason Foley","SFG",2,2,0,3.69525,34,0,0,1,,34,143,32,15,14,3,11,,1,31,8.23346,2.99672,2.74749,0.833953,0.217512,0.0791676,0.13834426552057266,0.244334,1.26858,0.298734,0.720139,,,3.64008,0.0440572,0.0369651,742.7999877929688,,,,,,,161.5,4.75,161,4.735294117647059,,,,,,,,,,,,,,,,,,,"Jason Foley","19531",671345
"Mason Marriott","ARI",0,0,0,4.48792,1,1,0,0,,4.41405,18,4,2,2,0,2,0,0,4,7.271,3.38215,2.14982,1.00466,0.2027,0.0942872,0.10841310024261475,0.256738,1.29143,0.303753,0.657877,,,4.2281,0.0438538,0.0803602,999,,,,,,,24.264006042480474,5.496987861220724,24.070274353027344,5.45309812828078,,,,,,,,,,,,,,,,,,,"Mason Marriott","sa3025505",696277
"Michael Grove","LAD",0,0,0,3.91723,1,1,0,0,,2.74442,12,3,1,1,0,1,0,0,3,9.07119,2.84691,3.18633,1.25863,0.236122,0.0741046,0.16201695054769516,0.236242,1.23971,0.283799,0.732166,,,4.01722,0.0435942,0.0738158,999,,,,,,,15.508715438842774,5.650997208220079,16.722105026245117,6.093126744862451,,,,,,,,,,,,,,,,,,,"Michael Grove","23221",675627
"Thomas Pannone","MIL",0,0,0,4.42933,1,1,0,0,,4.92485,21,5,3,2,1,1,0,0,4,6.65897,2.19281,3.03673,1.42466,0.175343,0.0577408,0.11760250106453896,0.252676,1.23796,0.275282,0.689162,,,4.56672,0.0433142,0.00844186,999,,,,,,,16.143875789642333,3.278045439868011,16.624240398406982,3.3755844098002017,,,,,,,,,,,,,,,,,,,"Thomas Pannone","17281",623381
"Ian Hamilton","ATL",3,3,0,3.86017,54,0,0,10,,54,232,46,25,23,6,25,,3,55,9.09691,4.21974,2.1558,1.04125,0.235265,0.109131,0.12613356858491898,0.225657,1.32152,0.27788,0.735682,,,4.17085,0.043109,0.240033,999,,,,,,,272.20000000000005,5.040740740740741,258,4.777777777777778,,,,,,,,,,,,,,,,,,,"Ian Hamilton","19261",641656
"Jack Dreyer","LAD",2,2,0,3.91995,44,0,0,1,,44,188,38,21,19,6,17,,2,45,9.18078,3.48416,2.63501,1.27096,0.238744,0.0906046,0.14813920110464096,0.226174,1.25555,0.271517,0.737191,,,4.23019,0.0427135,0.0334676,999,,,,,,,190,4.318181818181818,179,4.068181818181818,,,,,,,,,,,,,,,,,,,"Jack Dreyer","30249",676263
"Luke Holman","CIN",0,0,0,5.09896,1,1,0,0,,4.5,16,4,3,3,1,2,0,0,3,6.31512,3.31723,1.90374,1.21936,0.191367,0.100522,0.09084532409906387,0.258238,1.20977,0.291583,0.579333,,,4.72085,0.0411067,-0.00158685,999,,,,,,,10.600000000000003,2.355555555555556,9.5,2.111111111111111,,,,,,,,,,,,,,,,,,,"Luke Holman","sa3034003",695705
"Owen Murphy","ATL",0,0,0,4.50141,1,1,0,0,,4.66038,18,4,3,2,1,2,0,0,4,7.67731,3.14211,2.44336,1.31243,0.216231,0.0884975,0.12773368507623672,0.242488,1.21085,0.280215,0.66015,,,4.49877,0.0394271,-0.00382089,999,,,,,,,13.786775875091552,2.9582974600233385,12.301875591278076,2.6396749787563634,,,,,,,,,,,,,,,,,,,"Owen Murphy","sa3020330",702566
"Konner Eaton","COL",0,0,0,5.46898,1,1,0,0,,5.01339,21,5,3,3,1,2,0,0,3,6.18319,3.57944,1.72742,1.23019,0.162033,0.0938007,0.06823229044675827,0.285498,1.48152,0.318628,0.633891,,,4.86948,0.0383265,0.0512741,999,,,,,,,11.799100589752197,2.353516472803242,12.066959857940674,2.406945223179531,,,,,,,,,,,,,,,,,,,"Konner Eaton","sa3025350",820825
"Keegan Thompson","COL",2,1,0,4.11353,42,0,0,1,,42,185,38,21,19,6,19,,2,45,9.59907,4.03935,2.37639,1.26368,0.242735,0.102144,0.14059077203273773,0.230192,1.34568,0.281296,0.736634,,,4.32072,0.0382189,0.0811609,999,,,,,,,169.2,4.0285714285714285,163,3.880952380952381,,,,,,,,,,,,,,,,,,,"Keegan Thompson","19795",624522
"Joander Suarez","NYM",0,0,0,4.47474,1,1,0,0,,4.50087,19,4,2,2,1,1,0,0,3,6.73414,2.92969,2.29859,1.24327,0.18161,0.0790094,0.10260049998760223,0.251079,1.2675,0.280538,0.674478,,,4.53942,0.0377733,0.0767412,999,,,,,,,13.606414985656736,3.0230654045840857,12.504334449768066,2.778205789128978,,,,,,,,,,,,,,,,,,,"Joander Suarez","sa3008263",680933
"Sam Moll","CIN",3,3,0,4.16838,52,0,0,7,,52,226,48,26,24,7,23,,3,50,8.69053,3.91394,2.22041,1.15386,0.222177,0.100061,0.12211544811725616,0.237827,1.35364,0.285469,0.722034,,,4.31969,0.0374096,0.0364975,999,,,,,,,223.90000000000003,4.305769230769231,219,4.211538461538462,,,,,,,,,,,,,,,,,,,"Sam Moll","14874",594580
"Brandon Leibrandt","CIN",0,0,0,4.58364,1,1,0,0,,4.45015,19,4,2,2,1,1,0,0,3,6.75418,2.81308,2.40099,1.3803,0.180454,0.0751581,0.1052958145737648,0.251029,1.26736,0.276384,0.675538,,,4.69364,0.0373332,0.0726838,999,,,,,,,13.231131267547605,2.9731857853404287,12.2507643699646,2.7528861854519944,,,,,,,,,,,,,,,,,,,"Brandon Leibrandt","16135",605335
"Zach Thornton","NYM",0,0,0,4.56704,1,1,0,0,,4.45071,18,4,2,2,1,1,0,0,3,6.15812,2.74184,2.24598,1.18984,0.171438,0.0763309,0.0951068326830864,0.256362,1.2392,0.283616,0.649791,,,4.52255,0.0371082,0.0734656,999,,,,,,,13.235277366638181,2.97374306045262,12.253565788269043,2.753169066219604,,,,,,,,,,,,,,,,,,,"Zach Thornton","sa3023505",804267
"Javier Assad","CHC",2,2,2,4.4234,54,2,0,8,,61,260,58,33,30,8,23,,3,49,7.29085,3.41925,2.1323,1.17935,0.189597,0.0889166,0.10068003088235855,0.249954,1.3415,0.285812,0.694866,,,4.4955,0.0361838,-0.0135761,695.0999755859375,,,,,,,254.2000000000001,4.1672131147541,253,4.147540983606557,,,,,,,,,,,,,,,,,,,"Javier Assad","21741",665871
"Michael Petersen","MIA",2,2,0,3.83327,36,0,0,1,,36,156,32,17,15,5,14,,2,38,9.42843,3.55769,2.65016,1.17815,0.241755,0.0912228,0.1505318060517311,0.228291,1.28364,0.279212,0.74379,,,4.06784,0.0360197,0.0371285,999,,,,,,,153.70000000000005,4.269444444444446,147,4.083333333333333,,,,,,,,,,,,,,,,,,,"Michael Petersen","20827",656848
"David Hagaman","ARI",0,0,0,4.38506,1,1,0,0,,3.23846,13,3,2,2,0,1,0,0,3,7.45879,3.1718,2.35159,1.04985,0.214053,0.0910245,0.12302812188863754,0.250547,1.22372,0.298023,0.652161,,,4.17656,0.0350038,0.00582059,999,,,,,,,19.164618587493898,5.917814924935365,19.192309856414795,5.926365671915397,,,,,,,,,,,,,,,,,,,"David Hagaman","sa3032946",701908
"Ryne Stanek","STL",3,3,0,3.89287,59,0,2,12,,59,254,49,28,26,8,28,,3,63,9.67063,4.34502,2.22568,1.17361,0.24968,0.112181,0.13749859482049942,0.218821,1.30804,0.270744,0.742449,,,4.27785,0.0349994,0.247084,999,,,,,,,301.80000000000007,5.115254237288137,282,4.779661016949152,,,,,,,,,,,,,,,,,,,"Ryne Stanek","15947",592773
"Richard Lovelady","NYM",3,3,0,3.91875,52,0,0,7,,52,222,48,25,23,6,19,,2,47,8.17415,3.25674,2.50992,1.0535,0.212741,0.08476,0.12798058986663818,0.239274,1.28599,0.284488,0.722228,,,4.0614,0.0347154,0.00114225,999,,,,,,,245.2,4.7153846153846155,241,4.634615384615385,,,,,,,,,,,,,,,,,,,"Richard Lovelady","19337",663992
"Luis De La Torre","SFG",0,0,0,4.54789,1,1,0,0,,4.07778,17,4,2,2,0,2,0,0,4,7.94663,3.9294,2.02235,1.07855,0.2146,0.106114,0.10848593711853027,0.250717,1.34706,0.300773,0.674257,,,4.37614,0.0342189,0.0514045,999,,,,,,,21.77555618286133,5.340054538736068,22.38888931274414,5.4904632050628415,,,,,,,,,,,,,,,,,,,"Luis De La Torre","sa3022880",815219
"Calvin Ziegler","NYM",0,0,0,3.8598,1,1,0,0,,2.88262,12,2,1,1,0,1,0,0,3,9.28955,4.30811,2.15629,1.09275,0.253371,0.117503,0.13586782664060593,0.215538,1.24332,0.26868,0.721959,,,4.22768,0.0341298,0.0799181,999,,,,,,,19.13135166168213,6.636804106078096,17.41307544708252,6.04072167352987,,,,,,,,,,,,,,,,,,,"Calvin Ziegler","sa3018142",683349
"Bradgley Rodriguez","SDP",2,2,0,3.60452,39,0,0,1,,39,170,33,17,16,4,19,,2,40,9.32998,4.27192,2.18403,0.965023,0.237823,0.108892,0.1289309337735176,0.219661,1.317,0.273191,0.753772,,,4.02839,0.0339403,0.0583506,999,,,,,,,174.60000000000002,4.476923076923078,164,4.205128205128205,,,,,,,,,,,,,,,,,,,"Bradgley Rodriguez","29107",699134
"Welinton Herrera","COL",1,1,0,4.34761,24,0,0,1,,24,105,23,13,12,3,11,,1,26,9.56955,4.13099,2.31652,1.09857,0.242503,0.104684,0.13781914114952087,0.247459,1.41824,0.311101,0.714014,,,4.12012,0.0339332,0.0193177,999,,,,,,,100.90000000000002,4.2041666666666675,101,4.208333333333333,,,,,,,,,,,,,,,,,,,"Welinton Herrera","sa3016061",700327
"Robert Stock","NYM",0,0,0,4.34656,1,1,0,0,,3.9308,17,4,2,2,1,2,0,0,4,8.06017,4.00099,2.01454,1.16929,0.201882,0.100212,0.1016697883605957,0.244176,1.4072,0.285481,0.71795,,,4.51413,0.0330594,0.0401156,999,,,,,,,8.387942647933956,2.133900508055354,8.654015302658081,2.2015896419617826,,,,,,,,,,,,,,,,,,,"Robert Stock","6576",476594
"Sean Paul Liñan","WSN",0,0,0,4.55952,1,1,0,0,,3.79085,16,4,2,2,1,2,0,0,3,7.96412,3.78834,2.10227,1.25096,0.207401,0.0986554,0.10874529927968979,0.247597,1.36146,0.288869,0.692563,,,4.57627,0.0327814,0.0381512,999,,,,,,,5.352326488494869,1.4119048568433772,5.954274654388428,1.570694411408102,,,,,,,,,,,,,,,,,,,"Sean Paul Linan","sa3019270",800344
"Nick Margevicius","SFG",0,0,0,4.5678,1,1,0,0,,4.07539,18,4,2,2,1,1,0,0,3,6.51219,2.47945,2.62647,1.24916,0.167962,0.0639497,0.10401219874620438,0.265235,1.33375,0.293991,0.684035,,,4.4466,0.0325236,0.0512519,999,,,,,,,10.457863807678224,2.5661032449226644,10.376935005187988,2.5462453019912,,,,,,,,,,,,,,,,,,,"Nick Margevicius","20395",676606
"Brandon Birdsell","CHC",0,0,0,4.56457,1,1,0,0,,4.66677,20,5,3,2,1,2,0,0,3,6.70961,2.94596,2.27756,1.29706,0.17664,0.0775568,0.09908363223075867,0.254026,1.30521,0.281685,0.680837,,,4.63051,0.03249,-0.00983117,999,,,,,,,9.234119033813474,1.9786947738065408,10.333864212036133,2.214349093260278,,,,,,,,,,,,,,,,,,,"Brandon Birdsell","sa3020797",669361
"Sem Robberse","STL",0,0,0,4.66222,1,1,0,0,,4.50632,20,5,3,2,1,2,0,0,4,6.99569,3.21513,2.17587,1.23979,0.174865,0.0803657,0.09449928998947144,0.263193,1.42094,0.296164,0.696325,,,4.58213,0.0321726,-0.0202155,999,,,,,,,10.046796226501467,2.229488301398686,11.53161907196045,2.558985893364186,,,,,,,,,,,,,,,,,,,"Sem Robberse","sa3011735",691828
"Cam Caminiti","ATL",0,0,0,4.52948,1,1,0,0,,4.05431,17,4,2,2,1,2,0,0,3,7.74726,3.90679,1.98303,1.13022,0.202484,0.102109,0.1003754511475563,0.250493,1.37839,0.294146,0.689105,,,4.49047,0.032049,0.055918,999,,,,,,,7.301864624023439,1.8010146667519753,7.2715301513671875,1.7935326285363733,,,,,,,,,,,,,,,,,,,"Cam Caminiti","sa3025607",807284
"Brody Brecht","COL",0,0,0,4.97833,1,1,0,0,,3.015,13,3,2,2,0,2,0,0,3,8.58739,4.91456,1.74734,1.07084,0.218766,0.1252,0.09356653690338135,0.261204,1.52911,0.321167,0.678847,,,4.56759,0.0318872,0.0136937,999,,,,,,,14.511000776290896,4.812935413397637,15.075000524520874,5,,,,,,,,,,,,,,,,,,,"Brody Brecht","sa3027632",701679
"Thomas Hatch","ARI",0,0,0,4.77137,1,1,0,0,,3.67997,16,4,2,2,0,1,0,0,3,6.69823,3.28273,2.04045,1.17641,0.17139,0.0839962,0.08739343285560608,0.267336,1.41588,0.301094,0.678766,,,4.57757,0.0307639,0.0278403,999,,,,,,,19.831748199462893,5.3891118411163905,21.399829864501953,5.815224929277139,,,,,,,,,,,,,,,,,,,"Thomas Hatch","19264",641672
"Bishop Letson","MIL",0,0,0,4.61557,1,1,0,0,,3.83663,15,3,2,2,0,1,0,0,3,6.87632,3.49415,1.96795,1.17171,0.192707,0.0979225,0.09478440135717392,0.248608,1.26654,0.28352,0.651501,,,4.59519,0.0306569,0.0395422,999,,,,,,,23.591032791137696,6.148900744072698,22.183130264282227,5.781937034954564,,,,,,,,,,,,,,,,,,,"Bishop Letson","sa3023526",811309
"Yoniel Curet","PHI",0,0,1,4.51911,10,2,0,1,,15,69,14,8,8,2,9,,1,15,8.86984,5.03965,1.76001,1.30756,0.217586,0.123628,0.09395844489336014,0.232666,1.47102,0.274972,0.727814,,,4.89374,0.03033,0.0501393,999,,,,,,,54.00000000000001,3.6000000000000005,53,3.533333333333333,,,,,,,,,,,,,,,,,,,"Yoniel Curet","sa3015446",692414
"Tyler Stuart","WSN",0,0,0,4.88684,1,1,0,0,,4.59492,20,5,3,2,1,2,0,0,3,6.42119,3.45906,1.85634,1.20197,0.16726,0.090102,0.0771578997373581,0.265607,1.40305,0.2962,0.666074,,,4.73497,0.0301652,-0.00904318,999,,,,,,,8.702402114868168,1.8939184188362195,9.97459602355957,2.1707881203506263,,,,,,,,,,,,,,,,,,,"Tyler Stuart","sa3020264",701603
"Cooper Hjerpe","STL",0,0,0,4.47472,1,1,0,0,,3.62984,15,3,2,2,0,2,0,0,3,8.38557,4.40839,1.90218,1.11044,0.222224,0.116826,0.10539832711219788,0.241053,1.37067,0.291438,0.690879,,,4.49142,0.0292962,0.0237134,999,,,,,,,19.060831117630006,5.251146163451521,18.149210214614868,5,,,,,,,,,,,,,,,,,,,"Cooper Hjerpe","sa3020736",687309
"José Rodríguez","LAD",0,0,0,4.03251,1,1,0,0,,2.18843,10,2,1,1,0,1,0,0,2,10.1741,4.14453,2.45483,1.29055,0.256321,0.104415,0.15190640836954117,0.224764,1.33716,0.27918,0.746021,,,4.26834,0.0288716,0.0372962,999,,,,,,,11.994382524490359,5.480815989556966,11.942150354385376,5.4569485739150085,,,,,,,,,,,,,,,,,,,"Jose Rodriguez","sa3015437",692064
"Will Watson","NYM",0,0,0,4.46969,1,1,0,0,,4.26178,18,4,2,2,1,2,0,0,3,7.37778,4.39798,1.67754,1.07198,0.197584,0.117782,0.07980187237262726,0.239972,1.3554,0.2797,0.683946,,,4.65521,0.0284659,0.0612196,999,,,,,,,8.837163352966309,2.0735856322918083,8.308894157409668,1.9496305383168946,,,,,,,,,,,,,,,,,,,"Will Watson","sa3025592",814492
"Brody McCullough","CHC",0,0,0,4.57058,1,1,0,0,,3.89424,16,3,2,2,1,2,0,0,3,7.26812,3.59033,2.02436,1.2042,0.20015,0.0988707,0.1012793630361557,0.246085,1.2827,0.283013,0.664634,,,4.5898,0.0283021,0.0410248,999,,,,,,,8.717361164093013,2.238528095857267,6.471189975738525,1.661734589360422,,,,,,,,,,,,,,,,,,,"Brody McCullough","sa3020599",805664
"Isaiah Coupet","COL",0,0,0,5.5332,1,1,0,0,,4.19904,19,5,3,3,1,2,0,0,3,7.07851,3.82932,1.8485,1.40556,0.17778,0.096175,0.08160489797592163,0.281159,1.53608,0.317359,0.656264,,,5.01416,0.0276444,0.00126209,999,,,,,,,5.772902584075933,1.3748145673412095,7.995204448699951,1.9040549160251268,,,,,,,,,,,,,,,,,,,"Isaiah Coupet","sa3023156",694549
"Blade Tidwell","SFG",1,1,2,4.18691,23,2,0,1,,28,122,26,14,13,4,12,,1,26,8.2189,3.82961,2.14615,1.14764,0.212375,0.0989563,0.11341844499111176,0.238111,1.33676,0.281284,0.715439,,,4.3854,0.0270841,-0.0115489,720.0499877929688,,,,,,,107.40000000000006,3.835714285714288,105,3.75,,,,,,,,,,,,,,,,,,,"Blade Tidwell","31701",694918
"Brett Sears","ATL",0,0,0,4.81896,1,1,0,0,,4.78,20,5,3,3,1,2,0,0,4,6.91855,2.94204,2.35162,1.43497,0.184464,0.0784412,0.10602259635925293,0.256747,1.30183,0.284234,0.664755,,,4.78069,0.0263618,0.00327713,999,,,,,,,12.072001552581785,2.5255232265075156,12.900001049041748,2.6987448708833766,,,,,,,,,,,,,,,,,,,"Brett Sears","sa3041892",822412
"Jackson Kent","WSN",0,0,0,5.14272,1,1,0,0,,5.125,21,5,3,3,1,2,0,0,3,6.10548,3.22172,1.8951,1.32076,0.163932,0.0865032,0.07742919772863388,0.269438,1.36465,0.295398,0.638842,,,4.89202,0.0263588,0.0226181,999,,,,,,,12.625000000000004,2.4634146341463423,12.625,2.4634146341463414,,,,,,,,,,,,,,,,,,,"Jackson Kent","sa3035282",800600
"Antwone Kelly","PIT",0,0,0,4.80774,1,1,0,0,,4.16958,17,4,2,2,1,2,0,0,3,6.44122,3.69046,1.74537,1.16957,0.174814,0.100159,0.07465504854917526,0.256066,1.34177,0.287069,0.653813,,,4.7594,0.026199,0.0662307,999,,,,,,,8.154884815216066,1.9558053123192742,7.84789514541626,1.882179253751126,,,,,,,,,,,,,,,,,,,"Antwone Kelly","sa3015489",699008
"Rob Zastryzny","MIL",3,2,0,4.00113,50,0,0,4,,50,214,45,24,22,7,19,,2,46,8.31678,3.33774,2.49174,1.2283,0.215908,0.0866495,0.12925869971513748,0.232665,1.26979,0.272008,0.726993,,,4.31032,0.0261648,0.0822794,999,,,,,,,211.89999999999998,4.2379999999999995,204,4.08,,,,,,,,,,,,,,,,,,,"Rob Zastryzny","15094",642239
"Riley Maddox","WSN",0,0,0,4.8111,1,1,0,0,,2.5,8,2,1,1,0,1,0,0,2,5.79938,2.82806,2.05066,1.01159,0.189522,0.0924201,0.09710200130939484,0.259497,1.10543,0.296136,0.550133,,,4.36069,0.0258633,0.0581243,999,,,,,,,14.3,5.720000000000001,13.5,5.4,,,,,,,,,,,,,,,,,,,"Riley Maddox","sa3036829",824600
"Peyton Fosher","MIA",0,0,0,4.40788,1,1,0,0,,2.01667,7,2,1,1,0,1,0,0,1,6.56518,2.97134,2.2095,0.933945,0.205268,0.0929025,0.11236534267663956,0.2517,1.13182,0.296753,0.605037,,,4.13128,0.025783,0.0281585,999,,,,,,,8.723334980010986,4.325620173945447,9.08333444595337,4.5041322861202335,,,,,,,,,,,,,,,,,,,"Peyton Fosher","sa3031567",833439
"Daulton Jefferies","PIT",0,0,0,4.79324,1,1,0,0,,3.64111,17,4,2,2,1,1,0,0,3,6.72731,3.14275,2.14058,1.29945,0.163979,0.0766049,0.08737410604953766,0.268387,1.46628,0.29743,0.69975,,,4.70567,0.0257754,0.0324944,999,,,,,,,7.24420652389526,1.9895604730198253,8.20554494857788,2.2535839964567645,,,,,,,,,,,,,,,,,,,"Daulton Jefferies","19345",641726
"Nick Dean","CHC",0,0,0,4.69919,1,1,0,0,,4.20432,18,4,2,2,1,2,0,0,3,7.01179,3.2988,2.12556,1.31519,0.185008,0.0870395,0.09796807914972305,0.253991,1.33163,0.284906,0.675528,,,4.71082,0.0257111,0.0608164,999,,,,,,,8.411974716186522,2.000792732304272,8.021604537963867,1.9079429744473806,,,,,,,,,,,,,,,,,,,"Nick Dean","sa3023506",686953
"Kash Mayfield","SDP",0,0,0,4.35959,1,1,0,0,,3.16842,14,3,2,2,0,2,0,0,3,8.56086,4.26952,2.00511,1.2156,0.221948,0.110691,0.1112569198012352,0.235264,1.35953,0.280291,0.709533,,,4.55871,0.025647,-0.00778526,999,,,,,,,15.646315622329713,4.938205962516821,15.842105150222778,5,,,,,,,,,,,,,,,,,,,"Kash Mayfield","sa3067104",824026
"R.J. Gordon","NYM",0,0,0,4.84172,1,1,0,0,,4.93077,21,5,3,3,1,2,0,0,4,7.07761,3.66507,1.9311,1.32812,0.187044,0.0968588,0.0901850238442421,0.253472,1.35801,0.285125,0.669117,,,4.84083,0.0255271,0.00130498,999,,,,,,,13.187690353393553,2.6745707297429964,13.653844833374023,2.7691106449430456,,,,,,,,,,,,,,,,,,,"R.J. Gordon","sa3032485",822161
"Jackson Ferris","LAD",0,0,0,4.87609,1,1,0,0,,4.64059,20,4,3,3,1,2,0,0,4,7.43419,4.50308,1.65091,1.2663,0.190568,0.115432,0.07513581216335297,0.249714,1.44525,0.285459,0.683746,,,4.96387,0.0253874,-0.00772353,999,,,,,,,13.640342712402346,2.939357271915706,12.202934265136719,2.6296101444962687,,,,,,,,,,,,,,,,,,,"Jackson Ferris","sa3020891",701328
"Carson Spiers","CIN",0,0,0,5.01179,1,1,0,0,,3.94061,18,4,2,2,1,2,0,0,3,7.53807,3.54699,2.1252,1.5639,0.186277,0.0876515,0.09862548857927322,0.258553,1.44235,0.28738,0.695645,,,5.04522,0.0247305,0.0572686,999,,,,,,,6.460499382019039,1.6394676511068287,6.70304012298584,1.701016716492898,,,,,,,,,,,,,,,,,,,"Carson Spiers","27685",686730
"Connor Wietgrefe","PIT",0,0,0,5.18764,1,1,0,0,,4.3403,17,4,3,3,1,1,0,0,2,4.90147,2.76321,1.77383,1.19382,0.138549,0.0781071,0.06044189631938934,0.276893,1.29915,0.295779,0.601369,,,4.81351,0.0246067,-0.0187882,999,,,,,,,10.418227672576906,2.400346792575172,9.701505184173584,2.235214816170602,,,,,,,,,,,,,,,,,,,"Connor Wietgrefe","sa3025401",809733
"Patrick Monteverde","MIA",0,0,0,4.95385,1,1,0,0,,4.42487,19,5,3,2,1,2,0,0,3,6.30964,3.07233,2.0537,1.37253,0.163877,0.079796,0.08408068865537643,0.26501,1.37282,0.289266,0.665596,,,4.87325,0.0245432,-0.015296,999,,,,,,,7.444059276580813,1.6823216138658967,9.124364376068115,2.0620624893382073,,,,,,,,,,,,,,,,,,,"Patrick Monteverde","29564",687287
"Easton McGee","MIL",2,1,0,3.87154,30,0,0,1,,30,129,28,14,13,4,10,,1,27,8.22339,3.07408,2.67507,1.11229,0.212491,0.0794336,0.13305706530809402,0.237339,1.27044,0.279963,0.729532,,,4.07319,0.0245164,0.0274091,999,,,,,,,125.00000000000001,4.166666666666667,123,4.1,,,,,,,,,,,,,,,,,,,"Easton McGee","22176",668834
"Gerson Garabito","MIL",0,0,0,4.3977,1,1,0,0,,2.84807,13,3,2,1,0,1,0,0,3,8.01548,3.44244,2.32843,1.32707,0.197303,0.0847364,0.11256620287895203,0.247859,1.39468,0.283924,0.724585,,,4.56146,0.0244072,-0.0210359,999,,,,,,,16.275747299194336,5.714650508200114,17.24036979675293,6.053343432374929,,,,,,,,,,,,,,,,,,,"Gerson Garabito","19835",642520
"Jaron DeBerry","MIL",0,0,0,4.81316,1,1,0,0,,4.52273,19,4,3,2,1,2,0,0,3,6.82412,3.35121,2.03631,1.38014,0.176685,0.0867671,0.08991776406764984,0.255988,1.36391,0.283,0.678545,,,4.86626,0.0243347,-0.0153218,999,,,,,,,10.768179893493654,2.3809042339749116,9.613635063171387,2.125627975404134,,,,,,,,,,,,,,,,,,,"Jaron DeBerry","sa3029984",809229
"Elieser Hernández","ATL",0,0,0,4.77996,1,1,0,0,,3.53813,15,3,2,2,1,1,0,0,3,7.06672,3.1102,2.27211,1.48562,0.186979,0.0822929,0.10468588769435883,0.250774,1.30096,0.276385,0.673802,,,4.87957,0.0237342,0.0163954,999,,,,,,,9.082132339477539,2.566932992344462,7.690629959106445,2.1736450247628434,,,,,,,,,,,,,,,,,,,"Elieser Hernandez","16933",622694
"Ramon Marquez","PHI",0,0,0,4.8505,1,1,0,0,,3.92857,17,4,2,2,1,2,0,0,3,7.09093,3.60373,1.96766,1.36435,0.182073,0.0925328,0.08954058587551117,0.256148,1.39427,0.286432,0.681556,,,4.87194,0.0236423,0.0501646,999,,,,,,,6.371425294876099,1.6218175305767746,6.642854928970337,1.6909087179514568,,,,,,,,,,,,,,,,,,,"Ramon Marquez","sa3067514",827408
"Zack Thompson","STL",0,0,0,4.64652,1,1,0,0,,3.42547,15,3,2,2,0,2,0,0,3,8.20718,4.30451,1.90665,1.18742,0.203924,0.106955,0.0969698429107666,0.252779,1.47498,0.298284,0.706122,,,4.61299,0.0230144,0.0110948,999,,,,,,,17.54847002029419,5.1229394928455685,17.127344608306885,5,,,,,,,,,,,,,,,,,,,"Zack Thompson","25918",668868
"Adam Serwinowski","LAD",0,0,0,4.76049,1,1,0,0,,4.07255,18,4,2,2,1,2,0,0,4,8.13605,4.61938,1.76129,1.35515,0.207584,0.117859,0.08972454071044922,0.240002,1.42307,0.277473,0.697329,,,4.97677,0.0227756,0.055064,999,,,,,,,9.436900424957274,2.317194607274641,9.362770557403564,2.2989923033826596,,,,,,,,,,,,,,,,,,,"Adam Serwinowski","sa3020626",703445
"Brandon Clarke","STL",0,0,0,4.23815,1,1,0,0,,2.66429,12,3,1,1,0,1,0,0,3,9.05614,5.01696,1.8051,1.01714,0.215705,0.119497,0.09620761126279831,0.240625,1.53264,0.293908,0.740902,,,4.42819,0.0226907,0.0666562,999,,,,,,,14.915715646743774,5.598391545281469,16.32142949104309,6.126005284199081,,,,,,,,,,,,,,,,,,,"Brandon Clarke","sa3067144",700251
"Jared Lyons","CIN",0,0,1,5.37593,2,2,0,0,,7,31,7,5,4,1,3,,0,5,6.43708,4.05439,1.58768,1.46,0.168857,0.106354,0.06250254809856415,0.261319,1.42715,0.284772,0.645598,,,5.30844,0.0226869,-0.033677,999,,,,,,,22.3,3.185714285714286,23,3.2857142857142856,,,,,,,,,,,,,,,,,,,"Jared Lyons","sa3020483",805723
"Caleb Kilian","SFG",0,0,0,4.63094,1,1,0,0,,3.42416,15,4,2,2,0,1,0,0,3,6.79648,3.13393,2.16868,1.28075,0.168663,0.0777723,0.09089086204767227,0.260846,1.4132,0.289663,0.701171,,,4.65837,0.0223985,0.0117385,999,,,,,,,17.93881402015686,5.238888593742439,20.12082028388977,5.8761262457800925,,,,,,,,,,,,,,,,,,,"Caleb Kilian","26213",668873
"Sean Sullivan","PIT",0,1,1,5.12328,2,2,0,0,,7,33,8,5,4,1,3,,0,5,6.1156,3.65646,1.67255,1.3452,0.149161,0.089182,0.059979148209095,0.270886,1.51703,0.29384,0.684583,,,5.0845,0.0220731,-0.0455379,999,,,,,,,19.7,2.814285714285714,23,3.2857142857142856,,,,,,,,,,,,,,,,,,,"Sean Sullivan","sa3018185",696155
"Bryse Wilson","PHI",0,0,0,4.74553,1,1,0,0,,2.53166,11,3,1,1,0,1,0,0,2,6.52409,2.91921,2.23488,1.336,0.167134,0.0747843,0.09234954416751862,0.262343,1.36545,0.288407,0.682036,,,4.72149,0.0220417,0.0575668,999,,,,,,,11.934284591674803,4.714015394942737,13.658300399780273,5.3949977360378325,,,,,,,,,,,,,,,,,,,"Bryse Wilson","19990",669060
"Moisés Chace","PHI",0,0,0,4.582,1,1,0,0,,3.2247,14,3,2,2,0,2,0,0,3,8.95296,4.93511,1.81414,1.29939,0.228048,0.125706,0.10234193503856659,0.23222,1.4219,0.278036,0.709838,,,4.82356,0.0217423,0.00616624,999,,,,,,,16.062779808044436,4.981170321969703,16.123499870300293,5,,,,,,,,,,,,,,,,,,,"Moises Chace","sa3015346",691330
"Sean Boyle","SDP",0,0,0,4.87325,1,1,0,0,,4.47997,20,5,3,2,1,2,0,0,3,6.4205,3.27532,1.96027,1.45846,0.162787,0.0830431,0.07974345237016678,0.256575,1.38313,0.276778,0.68473,,,5.04507,0.0217212,-0.0251321,999,,,,,,,7.851749610900878,1.752635918243097,9.39983081817627,2.0981923690577178,,,,,,,,,,,,,,,,,,,"Sean Boyle","sa3007618",682044
"Sheng-En Lin","CIN",0,0,0,4.93013,1,1,0,0,,3.08667,13,3,2,2,0,1,0,0,3,7.36609,3.78488,1.94619,1.43331,0.197367,0.101412,0.09595468640327454,0.248066,1.33347,0.278882,0.662005,,,4.96857,0.021649,0.00369202,999,,,,,,,18.041336250305175,5.844924604639738,18.433335304260254,5.971922122100164,,,,,,,,,,,,,,,,,,,"Sheng-En Lin","sa3022820",806823
"Alex Carrillo","NYM",2,2,0,3.70576,32,0,0,1,,32,138,26,14,13,4,16,,2,36,10.2009,4.4834,2.27527,1.08232,0.262826,0.115514,0.1473119556903839,0.214764,1.30661,0.274107,0.752813,,,4.076,0.0215843,0.0445263,999,,,,,,,142.00000000000003,4.437500000000001,130,4.0625,,,,,,,,,,,,,,,,,,,"Alex Carrillo","26463",692024
"Ben Casparius","LAD",3,3,0,4.11711,52,0,0,8,,52,223,46,26,24,8,21,,2,52,8.99535,3.60472,2.49543,1.34407,0.233063,0.0933959,0.13966740667819977,0.228883,1.27975,0.271076,0.728615,,,4.41889,0.0215333,0.00361675,734.9000244140625,,,,,,,233.79999999999998,4.496153846153846,223,4.288461538461538,,,,,,,,,,,,,,,,,,,"Ben Casparius","30085",676508
"Chen-Wei Lin","STL",0,0,0,4.709,1,1,0,0,,3.98808,17,4,2,2,0,2,0,0,3,7.34769,4.5969,1.5984,1.05713,0.190504,0.119184,0.07131970673799515,0.251671,1.44813,0.293799,0.682923,,,4.71212,0.0213948,0.0462181,999,,,,,,,19.111769247055058,4.79222683141304,19.94038462638855,5,,,,,,,,,,,,,,,,,,,"Chen-Wei Lin","sa3022876",813820
"Luke Sinnard","ATL",0,0,0,4.90013,1,1,0,0,,4.50625,19,4,3,2,1,2,0,0,4,7.23183,3.74515,1.93098,1.32104,0.190576,0.0986936,0.09188199043273926,0.25573,1.37606,0.29006,0.667536,,,4.82418,0.0213897,-0.0128929,999,,,,,,,12.646249294281008,2.8063799305227746,11.531249523162842,2.558945856799542,,,,,,,,,,,,,,,,,,,"Luke Sinnard","sa3042362",820827
"Felipe De La Cruz","NYM",0,0,0,4.54154,1,1,0,0,,3.34885,15,3,2,2,0,2,0,0,3,7.96269,4.28667,1.85755,1.2208,0.200639,0.108013,0.0926264151930809,0.244637,1.4263,0.284449,0.707823,,,4.70795,0.0212305,0.00404081,999,,,,,,,16.981513023376465,5.070844393336574,16.74426555633545,5,,,,,,,,,,,,,,,,,,,"Felipe De La Cruz","sa3016065",700370
"Garrett Stallings","MIL",0,0,0,4.76153,1,1,0,0,,3.49619,15,3,2,2,1,1,0,0,2,6.14475,2.79861,2.19565,1.36595,0.16205,0.0738049,0.0882447138428688,0.259177,1.31118,0.280507,0.667456,,,4.80463,0.0208877,0.0182686,999,,,,,,,6.771820640563967,1.9369132708660044,5.480959892272949,1.5676942015912065,,,,,,,,,,,,,,,,,,,"Garrett Stallings","sa3014457",668831
"Carl Edwards Jr.","NYM",0,0,0,4.29312,1,1,0,0,,2.4092,11,2,1,1,0,1,0,0,2,8.06323,4.06994,1.98116,1.13847,0.200257,0.10108,0.09917648881673813,0.243354,1.41879,0.284823,0.723036,,,4.49356,0.0208876,0.048578,999,,,,,,,13.628102588653565,5.656684925081124,13.04601526260376,5.415075017837828,,,,,,,,,,,,,,,,,,,"Carl Edwards Jr.","13607",605218
"Antonio Senzatela","COL",2,2,2,5.94857,43,3,0,1,,58,259,71,42,39,9,22,,3,36,5.58068,3.35118,1.66529,1.39813,0.139635,0.0838505,0.05578473210334778,0.303114,1.59133,0.327665,0.632843,,,5.17204,0.020683,-0.161752,999,,,,,,,134.90000000000006,2.3258620689655185,174,3,,,,,,,,,,,,,,,,,,,"Antonio Senzatela","15488",622608
"Adam Laskey","COL",0,0,0,4.95817,1,1,0,0,,2.74127,12,3,2,2,0,1,0,0,2,5.93031,3.4131,1.73751,1.0426,0.155213,0.0893307,0.06588255614042282,0.276441,1.43538,0.308726,0.654784,,,4.59756,0.0206188,-0.0234722,999,,,,,,,13.485391426086426,4.919397139397077,14.706345558166504,5.3647945383239595,,,,,,,,,,,,,,,,,,,"Adam Laskey","sa3014851",669445
"Josh Grosz","COL",0,0,0,5.88348,1,1,0,0,,5.30568,23,6,4,3,1,2,0,0,4,5.95489,4.14902,1.43525,1.33585,0.155266,0.108181,0.047085732221603394,0.287208,1.53863,0.31584,0.619631,,,5.26944,0.0205787,-0.014578,999,,,,,,,13.362002277374271,2.518435411266609,15.528379917144775,2.9267486302676717,,,,,,,,,,,,,,,,,,,"Josh Grosz","sa3023478",701056
"Christian McGowan","PHI",0,0,0,4.74825,1,1,0,0,,2.8749,13,3,2,2,0,1,0,0,2,7.78072,4.3252,1.79893,1.20913,0.188352,0.104702,0.08364950865507126,0.257631,1.52599,0.297838,0.709884,,,4.749,0.0205168,-0.0150081,999,,,,,,,14.47425193786621,5.0346994410442685,15.374494552612305,5.34783831749349,,,,,,,,,,,,,,,,,,,"Christian McGowan","sa3017896",694909
"Wyatt Crowell","LAD",0,0,0,4.89841,1,1,0,0,,3.74995,16,3,2,2,0,2,0,0,3,7.88488,5.35583,1.4722,1.10827,0.201486,0.13686,0.06462602317333221,0.247791,1.51183,0.293881,0.684896,,,4.9294,0.0204806,0.0345838,999,,,,,,,19.949652433395382,5.319973947834505,18.749765157699585,5,,,,,,,,,,,,,,,,,,,"Wyatt Crowell","sa3023662",694573
"Brendan Girton","NYM",0,0,0,4.65839,1,1,0,0,,3.37927,14,3,2,2,0,2,0,0,3,7.44701,4.3772,1.70132,1.13584,0.19496,0.114594,0.08036654442548752,0.247453,1.4041,0.287298,0.683364,,,4.72713,0.0203851,0.00589465,999,,,,,,,17.206575632095337,5.0918071130891756,16.896334886550903,5,,,,,,,,,,,,,,,,,,,"Brendan Girton","sa3025584",694858
"Jacob Miller","MIA",0,0,0,5.20788,1,1,0,0,,4.93882,21,5,3,3,1,2,0,0,3,5.62141,3.75177,1.49833,1.156,0.144981,0.0967616,0.04821958392858505,0.275969,1.4777,0.301648,0.65159,,,4.94808,0.0203446,0.015224,999,,,,,,,11.247281265258788,2.2773207330754834,11.694108963012695,2.3677932620545965,,,,,,,,,,,,,,,,,,,"Jacob Miller","sa3020111",702571
"Luke Lashutka","MIA",0,0,0,4.94432,1,1,0,0,,2.68582,11,3,2,1,0,1,0,0,2,6.17451,3.24882,1.90054,1.15527,0.174672,0.0919068,0.08276544511318207,0.264858,1.29441,0.29709,0.622928,,,4.64206,0.0202818,-0.0267603,999,,,,,,,13.075059938430787,4.868183736004725,14.429094552993774,5.372325921175776,,,,,,,,,,,,,,,,,,,"Luke Lashutka","sa3025655",828518
"Connor Thomas","ATL",0,0,0,4.62189,1,1,0,0,,2.79221,13,3,2,1,0,1,0,0,2,6.65289,2.83003,2.35082,1.33774,0.160674,0.0683481,0.09232599288225174,0.263823,1.43308,0.289357,0.71199,,,4.67083,0.020005,-0.024353,999,,,,,,,13.862368869781495,4.964654841023941,14.961060047149658,5.358138993967067,,,,,,,,,,,,,,,,,,,"Connor Thomas","25873",671162
"Blake Adams","COL",0,0,0,5.90093,1,1,0,0,,4.25786,18,5,3,3,1,1,0,0,3,5.43052,3.06743,1.77038,1.46828,0.14366,0.0811464,0.06251398473978043,0.294884,1.46592,0.315514,0.605888,,,5.20341,0.0199532,0.00479243,999,,,,,,,9.208140659332276,2.1626233555256347,11.289284229278564,2.6514006078590286,,,,,,,,,,,,,,,,,,,"Blake Adams","sa3020174",687060
"Bobby Olsen","STL",0,0,0,5.02292,1,1,0,0,,3,12,3,2,2,0,1,0,0,2,5.77357,3.21165,1.79769,1.06615,0.165907,0.0922888,0.07361828535795212,0.271497,1.29839,0.303945,0.608209,,,4.58821,0.0199487,-0.0146804,999,,,,,,,15.400000000000002,5.133333333333334,16,5.333333333333333,,,,,,,,,,,,,,,,,,,"Bobby Olsen","sa3069092",822410
"Garrett McMillan","PIT",0,0,0,4.8043,1,1,0,0,,3.21269,13,3,2,2,0,1,0,0,2,6.18325,3.0743,2.01127,1.29339,0.164651,0.0818639,0.08278679102659225,0.259889,1.32587,0.284305,0.660486,,,4.78525,0.0198642,0.00594493,999,,,,,,,16.973928022384644,5.283395627654776,17.063464879989624,5.311265348874298,,,,,,,,,,,,,,,,,,,"Garrett McMillan","sa3023006",804582
"Manuel Rodriguez","MIL",0,0,0,4.92112,1,1,0,0,,4.80908,19,4,3,3,1,1,0,0,3,5.67079,2.37466,2.38804,1.56976,0.158232,0.0662602,0.09197186678647995,0.254191,1.1989,0.264657,0.630224,,,5.05298,0.0193926,0.00154309,999,,,,,,,15.887228202819822,3.3035865572568293,14.045424461364746,2.92060231332834,,,,,,,,,,,,,,,,,,,"Manuel Rodriguez","sa3019291",804973
"Evan Fitterer","SDP",0,0,0,4.94365,1,1,0,0,,3.95513,17,4,2,2,0,2,0,0,3,6.38535,4.59224,1.39047,0.993497,0.160745,0.115605,0.0451398566365242,0.266024,1.53505,0.301546,0.677363,,,4.83545,0.0193804,0.0513245,999,,,,,,,18.867962741851805,4.770503691056335,19.77565050125122,5,,,,,,,,,,,,,,,,,,,"Evan Fitterer","sa3011433",683157
"TJ Shook","COL",0,0,0,4.47637,1,1,0,0,,2.59546,11,2,1,1,0,1,0,0,2,7.43038,3.54522,2.09589,1.26638,0.195166,0.0931186,0.10204729437828064,0.244791,1.32178,0.278726,0.692164,,,4.63259,0.0193503,0.0607942,999,,,,,,,15.006433534622193,5.781792228943802,13.977319955825806,5.38528756453719,,,,,,,,,,,,,,,,,,,"TJ Shook","sa3014915",669298
"Scott Alexander","SFG",2,2,0,4.49462,35,0,0,0,,35,152,36,19,17,4,13,,2,25,6.47149,3.38442,1.91214,0.959105,0.165572,0.0865897,0.07898198068141937,0.264698,1.41383,0.300876,0.686659,,,4.34909,0.0193298,-0.0771286,999,,,,,,,121.20000000000002,3.4628571428571435,128,3.657142857142857,,,,,,,,,,,,,,,,,,,"Scott Alexander","10591",518397
"Joe Whitman","SFG",0,0,0,4.9091,1,1,0,0,,4.43667,19,5,3,2,1,2,0,0,3,6.71282,3.80216,1.76553,1.17559,0.171531,0.0971558,0.07437555491924286,0.265614,1.45253,0.299658,0.674807,,,4.75214,0.0192113,-0.0249503,999,,,,,,,7.531349658966068,1.6975234967572768,9.18334436416626,2.0698737335116437,,,,,,,,,,,,,,,,,,,"Joe Whitman","sa3023131",802126
"Adam Seminaris","PHI",0,0,0,4.74856,1,1,0,0,,4.48868,19,5,3,2,1,2,0,0,3,5.87969,3.14619,1.86883,1.18448,0.152698,0.0817077,0.07098988443613052,0.263674,1.37368,0.287988,0.670413,,,4.72261,0.0190643,-0.0404125,999,,,,,,,7.916262912750245,1.7636043436983222,9.443420886993408,2.103828318896371,,,,,,,,,,,,,,,,,,,"Adam Seminaris","sa3015010",694372
"Luis Pimentel","CIN",0,0,0,5.80907,1,1,0,0,,4,15,4,3,3,1,1,0,0,2,4.70628,3.36578,1.39827,1.23687,0.142614,0.101993,0.04062102735042572,0.281035,1.28786,0.299616,0.532093,,,5.12038,0.0190585,-0.0308746,999,,,,,,,7.9,1.975,8,2,,,,,,,,,,,,,,,,,,,"Luis Pimentel","sa3024231",820879
"Eiberson Castellano","COL",0,0,0,4.93292,1,1,0,0,,3.16423,14,3,2,2,0,1,0,0,3,7.26029,3.92924,1.84776,1.26144,0.180059,0.0974472,0.08261200040578842,0.264624,1.49358,0.300851,0.689814,,,4.80131,0.019057,-0.00361773,999,,,,,,,18.615272808074952,5.883041376833729,18.82113027572632,5.948099139478919,,,,,,,,,,,,,,,,,,,"Eiberson Castellano","sa3015414",682769
"Seth Johnson","PHI",2,2,2,4.6235,40,2,0,1,,45,200,43,25,23,6,22,,2,42,8.41613,4.43889,1.896,1.26697,0.211303,0.111447,0.09985596686601639,0.244539,1.44242,0.288137,0.7077,,,4.72666,0.0190434,-0.000614546,999,,,,,,,163.39999999999998,3.6311111111111107,163,3.6222222222222222,,,,,,,,,,,,,,,,,,,"Seth Johnson","26020",686751
"Pete Hansen","STL",0,1,1,5.12491,2,2,0,0,,7,32,8,5,4,1,3,,0,5,5.81571,3.21435,1.8093,1.32887,0.145393,0.0803587,0.06503396481275558,0.274888,1.46795,0.296619,0.670775,,,4.97275,0.0189803,-0.0661958,999,,,,,,,19.7,2.814285714285714,23,3.2857142857142856,,,,,,,,,,,,,,,,,,,"Pete Hansen","sa3020798",677337
"Kohl Franklin","CHC",0,0,0,4.68572,1,1,0,0,,3.77093,17,4,2,2,1,2,0,0,3,7.56935,3.9413,1.92052,1.30861,0.18554,0.0966093,0.08893098682165146,0.253356,1.46282,0.287525,0.710079,,,4.80615,0.0188375,0.0332601,999,,,,,,,5.204852390289306,1.380258427797458,5.854629993438721,1.5525709057870907,,,,,,,,,,,,,,,,,,,"Kohl Franklin","sa3008335",681673
"Jack Choate","SFG",0,0,0,4.69374,1,1,0,0,,3.74981,16,4,2,2,0,2,0,0,3,7.45098,4.01303,1.8567,1.19648,0.191262,0.103012,0.08825016766786575,0.253402,1.4175,0.291869,0.688562,,,4.69042,0.0186951,0.03068,999,,,,,,,17.348593854904173,4.6265261294889575,18.74904990196228,5,,,,,,,,,,,,,,,,,,,"Jack Choate","sa3020407",805257
"Karson Milbrandt","MIA",0,0,0,4.91515,1,1,0,0,,4.18704,19,4,2,2,1,2,0,0,3,7.35483,4.74775,1.54912,1.1729,0.18466,0.119204,0.06545677781105042,0.255277,1.50935,0.293764,0.687964,,,4.93296,0.0186674,0.0662641,999,,,,,,,8.284126663208008,1.9785142881091027,7.935220718383789,1.8951843940712922,,,,,,,,,,,,,,,,,,,"Karson Milbrandt","sa3020659",703596
"Victor Juarez","COL",0,0,0,5.80302,1,1,0,0,,3.72828,16,4,3,2,1,1,0,0,2,5.52182,3.23005,1.70952,1.42454,0.145898,0.0853444,0.060553207993507385,0.291098,1.46559,0.313009,0.612022,,,5.17607,0.0186315,-0.0265575,999,,,,,,,5.889293670654299,1.579626273984573,6.641414642333984,1.781360151512206,,,,,,,,,,,,,,,,,,,"Victor Juarez","sa3016226",692589
"Nicolas Herold","SFG",0,0,0,4.5457,1,1,0,0,,2.22086,10,2,1,1,0,1,0,0,2,8.16013,3.90141,2.09158,1.10883,0.208432,0.0996527,0.10877932608127594,0.255818,1.42309,0.305231,0.696811,,,4.36829,0.0186087,0.0373714,999,,,,,,,12.234386968612672,5.508843362435218,12.104315519332886,5.450275389896377,,,,,,,,,,,,,,,,,,,"Nicolas Herold","sa3022289",815013
"Chung-Hsiang Huang","ARI",0,0,0,5.0334,1,1,0,0,,4.2125,17,4,3,2,1,2,0,0,3,6.01379,3.27124,1.83839,1.21344,0.165576,0.0900659,0.07550999522209167,0.267215,1.33313,0.29544,0.631166,,,4.77203,0.0184699,-0.0285887,999,,,,,,,8.472500705718994,2.011276086387836,8.062500476837158,1.9139466574027255,,,,,,,,,,,,,,,,,,,"Chung-Hsiang Huang","sa3067525",829473
"Connor Schultz","CHC",0,0,0,4.92341,1,1,0,0,,3.30142,14,3,2,2,0,1,0,0,2,6.08139,3.01541,2.01677,1.25129,0.162813,0.0807297,0.08208363503217697,0.267571,1.34428,0.294276,0.649588,,,4.72628,0.0184539,0.00422904,999,,,,,,,17.63054485321045,5.3402833501117195,17.50712490081787,5.3028995073365115,,,,,,,,,,,,,,,,,,,"Connor Schultz","sa3024948",701565
"Garrett Baumann","ATL",0,0,0,5.10471,1,1,0,0,,4.9163,21,5,3,3,1,2,0,0,3,5.40378,3.13243,1.72511,1.21647,0.142732,0.0827379,0.05999406427145004,0.274524,1.39518,0.296211,0.643216,,,4.86817,0.0184216,0.011426,999,,,,,,,11.08062572479248,2.2538543175079506,11.581503868103027,2.355735420063374,,,,,,,,,,,,,,,,,,,"Garrett Baumann","sa3023310",803833
"Chris Campos","LAD",0,0,0,5.10904,1,1,0,0,,4.45978,19,4,3,3,1,2,0,0,3,6.15548,3.12673,1.96866,1.52626,0.163116,0.0828563,0.08025974780321121,0.259572,1.33418,0.277201,0.651152,,,5.14631,0.0181155,-0.0183094,999,,,,,,,10.302373600006101,2.310063074979281,9.298901081085205,2.085058148666549,,,,,,,,,,,,,,,,,,,"Chris Campos","sa3020396",702318
"Braden Davis","STL",0,0,0,4.83588,1,1,0,0,,4.376,18,4,3,2,1,3,0,0,4,7.8913,5.23435,1.5076,1.07488,0.211751,0.140456,0.07129520177841187,0.242446,1.43204,0.291063,0.668205,,,4.83307,0.018004,-0.0277538,999,,,,,,,8.682399463653562,1.9840949742822838,7.87999963760376,1.8007312084367924,,,,,,,,,,,,,,,,,,,"Braden Davis","sa3029886",801078
"Landon Harper","ATL",0,0,0,5.01417,1,1,0,0,,3.46173,14,3,2,2,1,1,0,0,2,5.86587,2.53015,2.31839,1.36789,0.160379,0.0691768,0.09120184928178787,0.269957,1.29128,0.292076,0.633077,,,4.77349,0.0179328,0.0185628,999,,,,,,,6.516816139221192,1.882530567739124,5.308659553527832,1.5335270582654181,,,,,,,,,,,,,,,,,,,"Landon Harper","sa3020404",804542
"Javi Rivera","CIN",0,0,0,5.29766,1,1,0,0,,4.09925,18,4,3,2,1,2,0,0,3,6.63935,3.69257,1.79803,1.51564,0.172143,0.0957398,0.07640302926301956,0.262809,1.41639,0.286672,0.655146,,,5.22044,0.0177398,-0.0251285,999,,,,,,,7.634448814392089,1.86240144240556,7.496249198913574,1.8286880507168406,,,,,,,,,,,,,,,,,,,"Javi Rivera","sa3018184",695373
"Adam Oller","MIA",0,0,0,4.85948,1,1,0,0,,3.85583,17,4,2,2,1,2,0,0,3,7.53879,3.88349,1.94124,1.43435,0.185126,0.0953649,0.08976124227046967,0.254689,1.46141,0.285725,0.703936,,,4.97447,0.0176995,0.0449944,999,,,,,,,5.833178710937505,1.5128185645993617,6.2791748046875,1.628486402633995,,,,,,,,,,,,,,,,,,,"Adam Oller","20132",670124
"Yhoiker Fajardo","STL",0,0,0,5.05028,1,1,0,0,,3.75263,15,4,2,2,0,2,0,0,3,6.07442,3.69735,1.64291,1.13988,0.167093,0.101706,0.0653877928853035,0.26555,1.36241,0.296539,0.632456,,,4.79912,0.0175827,0.0313711,999,,,,,,,17.369476079940803,4.628611739794695,18.76315951347351,5,,,,,,,,,,,,,,,,,,,"Yhoiker Fajardo","sa3024273",823369
"Christian Zazueta","LAD",0,0,0,5.10843,1,1,0,0,,3.85042,16,4,2,2,1,1,0,0,3,6.71064,3.32502,2.01823,1.53875,0.179473,0.0889259,0.09054677933454514,0.255908,1.32669,0.278426,0.649984,,,5.10837,0.0174152,0.040918,999,,,,,,,8.793137979507451,2.2836804108818614,9.25212025642395,2.4028834573004367,,,,,,,,,,,,,,,,,,,"Christian Zazueta","sa3018867",800537
"Riley Martin","CHC",1,1,0,3.87866,28,0,0,1,,28,122,24,13,12,3,15,,1,31,10.0223,4.8059,2.08541,0.961268,0.25502,0.122288,0.13273268938064575,0.225517,1.38669,0.291286,0.740395,,,4.05316,0.0173833,0.0255074,999,,,,,,,125.90000000000003,4.496428571428573,119,4.25,,,,,,,,,,,,,,,,,,,"Riley Martin","sa3017601",702303
"Evan McKendry","MIA",0,0,0,4.87326,1,1,0,0,,3.98737,17,4,2,2,1,1,0,0,3,5.87906,2.57197,2.28582,1.51213,0.151203,0.0661482,0.08505459874868393,0.261282,1.32866,0.27597,0.674251,,,4.99928,0.0173238,0.0491066,999,,,,,,,9.806561040878295,2.45940391365714,9.93686556816101,2.4920832049021016,,,,,,,,,,,,,,,,,,,"Evan McKendry","sa3010787",679928
"Seth Shuman","WSN",0,0,0,5.07888,1,1,0,0,,3.21065,14,4,2,2,1,1,0,0,2,5.86596,2.56464,2.28725,1.4435,0.148649,0.0649901,0.08365852385759354,0.27552,1.40252,0.295056,0.667383,,,4.90204,0.0170877,0.0021943,999,,,,,,,2.058809757232668,0.6412439158019622,4.053249835968018,1.2624390317798866,,,,,,,,,,,,,,,,,,,"Seth Shuman","sa3011187",670234
"Ixan Henderson","STL",0,0,0,5.17156,1,1,0,0,,5.0664,21,5,3,3,1,2,0,0,3,6.13371,3.69348,1.66069,1.25717,0.167109,0.100627,0.06648264080286026,0.265005,1.37041,0.292825,0.632253,,,4.95494,0.0167482,0.0128396,999,,,,,,,12.191353321075443,2.406315232297686,12.331995487213135,2.434075020548218,,,,,,,,,,,,,,,,,,,"Ixan Henderson","sa3022953",809100
"Brian Edgington","CIN",0,0,0,5.37947,1,1,0,0,,4.19655,18,4,3,3,1,2,0,0,3,6.37162,3.64518,1.74796,1.51518,0.168396,0.0963387,0.0720573365688324,0.26387,1.39534,0.285727,0.640282,,,5.26106,0.0165486,-0.0194633,999,,,,,,,8.354440975189208,1.9907897638792857,7.982730388641357,1.9022144022216174,,,,,,,,,,,,,,,,,,,"Brian Edgington","sa3022911",813360
"Ian Bedell","STL",0,0,0,4.96895,1,1,0,0,,4.0917,18,4,2,2,1,2,0,0,3,6.80889,3.62089,1.88045,1.33812,0.17255,0.0917601,0.08078987896442413,0.263113,1.43762,0.292654,0.67883,,,4.90398,0.0164651,0.0528222,999,,,,,,,7.578615856170659,1.852190258698158,7.458524227142334,1.8228402362588565,,,,,,,,,,,,,,,,,,,"Ian Bedell","sa3014538",678016
"Emmett Olson","MIA",0,0,0,5.3141,1,1,0,0,,4.41807,19,5,3,3,1,2,0,0,3,5.79942,3.53298,1.64151,1.2758,0.148704,0.0905895,0.05811411887407303,0.278427,1.47678,0.303242,0.650755,,,5.00682,0.0163721,-0.0156942,999,,,,,,,7.393681526184086,1.6735112333538478,9.090325355529785,2.0575354163478266,,,,,,,,,,,,,,,,,,,"Emmett Olson","sa3023223",801207
"Ty Floyd","CIN",0,0,0,5.42074,1,1,0,0,,3.4,14,3,2,2,1,1,0,0,3,6.6655,3.77066,1.76773,1.49716,0.184813,0.104548,0.08026473969221115,0.258434,1.3347,0.284241,0.61431,,,5.20834,0.0163599,0.0230236,999,,,,,,,8.060000705718995,2.3705883763653146,7.000000476837158,2.0588236119095407,,,,,,,,,,,,,,,,,,,"Ty Floyd","sa3031488",692226
"Jostin Florentino","CHC",0,0,0,5.03461,1,1,0,0,,5.025,21,5,3,3,1,2,0,0,4,6.74712,3.66169,1.84263,1.36775,0.177277,0.096209,0.08106827735900879,0.259284,1.38583,0.28775,0.660527,,,4.97092,0.0163183,0.0114115,999,,,,,,,13.885000705718998,2.763184167602233,14.125000476837158,2.8109453151770194,,,,,,,,,,,,,,,,,,,"Jostin Florentino","sa3021510",808062
"Angel Jimenez","COL",0,0,0,5.80605,1,1,0,0,,3.58006,15,4,3,2,1,2,0,0,2,6.01677,3.97441,1.51388,1.32416,0.157173,0.103821,0.05335145443677902,0.287482,1.52375,0.31711,0.621613,,,5.17851,0.0162766,-0.0351597,999,,,,,,,1.7924669742584225,0.5006802734679494,2.900315523147583,0.810129720729524,,,,,,,,,,,,,,,,,,,"Angel Jimenez","sa3018287",691439
"Kyle Backhus","PHI",1,1,0,4.11894,24,0,0,1,,24,104,22,12,11,3,9,,1,23,8.7641,3.42003,2.56258,1.20873,0.22528,0.0879112,0.1373683661222458,0.239703,1.31399,0.286796,0.723046,,,4.21198,0.0161988,0.00745036,999,,,,,,,103.50000000000001,4.312500000000001,101,4.208333333333333,,,,,,,,,,,,,,,,,,,"Kyle Backhus","29615",679775
"Victor Santos","STL",0,0,0,4.97138,1,1,0,0,,3.43067,15,4,2,2,0,1,0,0,2,5.69173,2.95481,1.92626,1.26653,0.147182,0.076408,0.07077383995056152,0.271757,1.39476,0.293775,0.66078,,,4.81743,0.0160623,0.0114137,999,,,,,,,15.986921119689944,4.660006454817805,18.153325080871582,5.291488675019383,,,,,,,,,,,,,,,,,,,"Victor Santos","sa3003083",673257
"Mason Molina","STL",0,0,0,4.76556,1,1,0,0,,4.0747,17,4,2,2,1,2,0,0,3,6.96777,4.0517,1.71972,1.26242,0.18585,0.10807,0.07777968049049377,0.246429,1.35416,0.277325,0.670094,,,4.90256,0.015858,0.0517358,999,,,,,,,7.452810859680172,1.829043422130173,7.373520851135254,1.8095843386648574,,,,,,,,,,,,,,,,,,,"Mason Molina","sa3025586",695766
"Jackson Cox","COL",0,0,0,5.96101,1,1,0,0,,3.60193,15,4,3,2,1,1,0,0,2,5.66423,3.72362,1.52116,1.3558,0.152797,0.100448,0.05234963446855545,0.291047,1.47882,0.31757,0.595786,,,5.21306,0.0158495,-0.033895,999,,,,,,,4.954304218292238,1.3754570712148764,6.009665012359619,1.6684555232524658,,,,,,,,,,,,,,,,,,,"Jackson Cox","sa3020899",702484
"Will Schomberg","MIA",0,0,0,5.02039,1,1,0,0,,4.09645,18,4,2,2,1,2,0,0,3,7.68074,4.56113,1.68396,1.32063,0.197583,0.117333,0.08025042712688446,0.251649,1.45354,0.289647,0.676447,,,5.0072,0.0157803,0.0604018,999,,,,,,,7.6137077331543015,1.8586125366551858,7.482234954833984,1.8265181927981233,,,,,,,,,,,,,,,,,,,"Will Schomberg","sa3023160",801696
"Nick Frasso","LAD",0,0,0,4.55652,1,1,0,0,,2.32972,10,2,1,1,0,1,0,0,2,7.58453,3.84062,1.97482,1.37567,0.189642,0.0960299,0.0936119481921196,0.243526,1.39315,0.273665,0.712527,,,4.86289,0.0157677,0.0464539,999,,,,,,,13.039958143234255,5.597211400295818,12.648620367050171,5.4292353808819485,,,,,,,,,,,,,,,,,,,"Nick Frasso","sa3014492",693308
"Luke Russo","PHI",0,0,0,5.21069,1,1,0,0,,4.22329,18,4,3,2,1,2,0,0,3,7.03968,3.93272,1.79003,1.45022,0.182067,0.101712,0.0803551897406578,0.260205,1.4287,0.289606,0.661906,,,5.11993,0.0155707,-0.0263068,999,,,,,,,8.55231046676636,2.0250373975188305,8.11642599105835,1.9218275844821495,,,,,,,,,,,,,,,,,,,"Luke Russo","sa3023502",689726
"Stharlin Torres","CIN",0,0,0,5.74104,1,1,0,0,,3.81,14,3,3,2,1,1,0,0,2,5.56512,3.44225,1.61671,1.42028,0.163604,0.101196,0.06240853667259216,0.271364,1.29291,0.291842,0.556161,,,5.22341,0.0155321,-0.041784,999,,,,,,,9.0939995765686,2.3868765651303865,7.049999713897705,1.8503936534850602,,,,,,,,,,,,,,,,,,,"Stharlin Torres","sa3024080",820941
"Drake George","SFG",0,0,0,5.19988,1,1,0,0,,4.31538,18,4,3,2,1,2,0,0,3,5.82492,3.35504,1.73617,1.19899,0.156503,0.0901427,0.06636031717061996,0.275846,1.39844,0.303778,0.633201,,,4.82431,0.0153611,-0.0319334,999,,,,,,,9.233847999572754,2.139750749667017,8.576924324035645,1.9875224557564415,,,,,,,,,,,,,,,,,,,"Drake George","sa3067033",825095
"Omar Cruz","SDP",0,0,0,4.39905,1,1,0,0,,2.49011,11,2,1,1,0,1,0,0,2,8.55566,4.54038,1.88435,1.27066,0.21164,0.112314,0.09932515770196915,0.235416,1.43101,0.276152,0.72741,,,4.73747,0.0152574,0.0533681,999,,,,,,,14.226792240142824,5.71332553192345,13.450535297393799,5.401589159065845,,,,,,,,,,,,,,,,,,,"Omar Cruz","23875",678316
"Sixto Sánchez","MIA",0,0,0,4.84513,1,1,0,0,,2.38826,11,3,1,1,0,1,0,0,2,6.62996,3.61094,1.83608,1.20485,0.16041,0.0873655,0.07304409891366959,0.26923,1.51642,0.299949,0.698593,,,4.75266,0.0152254,0.0522123,999,,,,,,,10.873101997375489,4.552735269254222,12.941285133361816,5.418715401580261,,,,,,,,,,,,,,,,,,,"Sixto Sanchez","19680",664350
"Tristan Stevens","MIA",0,0,0,5.15715,1,1,0,0,,3.4956,15,4,2,2,0,1,0,0,2,5.27058,3.30183,1.59626,1.19102,0.136176,0.0853093,0.050866611301898956,0.277242,1.4448,0.298287,0.650196,,,4.92152,0.0152096,0.0223554,999,,,,,,,16.46746988296509,4.710908244419822,18.478020191192627,5.286073591019168,,,,,,,,,,,,,,,,,,,"Tristan Stevens","sa3019881",688306
"Darius Vines","ATL",0,0,0,5.16708,1,1,0,0,,5.01605,21,5,3,3,1,2,0,0,3,6.00505,2.79057,2.15191,1.4926,0.157124,0.073016,0.08410780876874924,0.270325,1.36249,0.289721,0.650642,,,5.01662,0.0151951,0.0174314,999,,,,,,,11.818740749359133,2.356186653416242,12.080230236053467,2.4083172527435233,,,,,,,,,,,,,,,,,,,"Darius Vines","25928",670241
"Ryan Lambert","NYM",1,1,0,3.76217,22,0,0,1,,22,95,18,10,9,3,11,,1,26,10.798,4.53183,2.38271,1.17266,0.277844,0.116608,0.161236010491848,0.211881,1.30115,0.274124,0.754944,,,4.09061,0.0150895,0.0187016,999,,,,,,,99.10000000000001,4.504545454545455,91,4.136363636363637,,,,,,,,,,,,,,,,,,,"Ryan Lambert","sa3025613",822038
"Alex Cornwell","STL",0,0,0,5.0866,1,1,0,0,,3.53787,16,4,2,2,0,1,0,0,2,5.50048,3.52892,1.55869,1.08646,0.137141,0.0879849,0.04915621131658554,0.280703,1.51962,0.306495,0.668083,,,4.80123,0.0149931,0.0180156,999,,,,,,,16.780274534225462,4.743037793241463,18.689374685287476,5.282655553910483,,,,,,,,,,,,,,,,,,,"Alex Cornwell","sa3017501",676498
"Josh Bostick","SFG",0,0,0,4.94429,1,1,0,0,,4.6204,19,5,3,3,1,2,0,0,3,6.66413,3.6038,1.8492,1.31046,0.175522,0.0949181,0.0806041955947876,0.259149,1.37798,0.28826,0.662577,,,4.88644,0.0149851,-0.0142785,999,,,,,,,8.890952587127689,1.9242824246293408,10.10199499130249,2.1863901786632973,,,,,,,,,,,,,,,,,,,"Josh Bostick","sa3022857",701241
"Yujanyer Herrera","COL",0,0,0,4.9298,1,1,0,0,,4.17757,18,4,2,2,1,2,0,0,3,6.19535,4.27686,1.44857,1.14255,0.160595,0.110865,0.049730829894542694,0.257888,1.44542,0.286159,0.668265,,,4.98141,0.0146522,0.0613036,999,,,,,,,8.214002895355224,1.9662164628561023,7.8878397941589355,1.8881415866576798,,,,,,,,,,,,,,,,,,,"Yujanyer Herrera","sa3015370",692632
"Dylan Dodd","ATL",3,2,0,4.22737,50,0,0,7,,50,211,49,26,23,7,13,,2,42,7.64342,2.42886,3.14691,1.241,0.201248,0.063951,0.13729743659496307,0.253061,1.25894,0.291375,0.699802,,,4.16395,0.0146242,-0.0261849,999,,,,,,,223.49999999999997,4.47,226,4.52,,,,,,,,,,,,,,,,,,,"Dylan Dodd","29928",689266
"Yu-Min Lin","ARI",0,0,0,5.06468,1,1,0,0,,4.65313,21,5,3,3,1,2,0,0,3,6.4261,3.83849,1.67412,1.19308,0.157965,0.0943567,0.06360805779695511,0.273976,1.53455,0.305054,0.681943,,,4.85762,0.0145744,-0.00283308,999,,,,,,,9.133155345916752,1.9627986131627801,10.265645503997803,2.2061811055777127,,,,,,,,,,,,,,,,,,,"Yu-Min Lin","sa3019278",801179
"Jesus Travieso","PIT",0,0,0,5.03554,1,1,0,0,,3.37895,15,3,2,2,0,2,0,0,3,7.48279,4.73261,1.58111,1.19337,0.188612,0.119291,0.06932131201028824,0.259152,1.51856,0.300047,0.680804,,,4.92848,0.014453,0.0161654,999,,,,,,,17.204207944869996,5.091588546725306,16.894735097885132,5,,,,,,,,,,,,,,,,,,,"Jesus Travieso","sa3024565",821174
"Eliazar Dishmey","MIA",0,0,0,5.15562,1,1,0,0,,4.24684,18,4,3,2,1,2,0,0,3,6.30649,4.26309,1.47932,1.20215,0.167338,0.113118,0.05421997606754303,0.261934,1.43382,0.291941,0.648167,,,5.03575,0.0143928,-0.025656,999,,,,,,,8.726623058319094,2.054850453124546,8.234204769134521,1.9389011405559071,,,,,,,,,,,,,,,,,,,"Eliazar Dishmey","sa3019181",803244
"Walker Powell","CHC",0,0,0,5.14823,1,1,0,0,,4.34075,18,4,3,2,1,1,0,0,2,4.91724,2.79734,1.75783,1.28162,0.133478,0.0759336,0.05754456669092178,0.273463,1.33366,0.28852,0.624955,,,4.95236,0.0143174,-0.0287818,999,,,,,,,10.421579837799074,2.4008685497144366,9.703770160675049,2.2355033454642044,,,,,,,,,,,,,,,,,,,"Walker Powell","sa3017815",689608
"Aaron Rozek","NYM",0,0,0,5.1852,1,1,0,0,,3.79246,16,4,2,2,1,1,0,0,2,5.83436,3.01389,1.93583,1.43763,0.150892,0.0779469,0.07294470816850662,0.271269,1.3974,0.290391,0.654421,,,5.05322,0.0142603,0.034833,999,,,,,,,6.364173746109005,1.678114101888931,6.962279558181763,1.8358234664823587,,,,,,,,,,,,,,,,,,,"Aaron Rozek","sa3015224",702065
"Jake Brooks","MIA",0,0,0,5.53367,1,1,0,0,,5.06227,21,6,3,3,1,1,0,0,2,4.31247,2.61963,1.64621,1.34762,0.116005,0.0704679,0.045537397265434265,0.287892,1.38441,0.297776,0.6068,,,5.12178,0.0142254,0.0226945,999,,,,,,,10.560813331604008,2.0861805098059096,13.311360359191895,2.629522904002636,,,,,,,,,,,,,,,,,,,"Jake Brooks","sa3023205",694860
"Peter Heubeck","LAD",0,0,0,4.66265,1,1,0,0,,3.85695,16,3,2,2,1,2,0,0,3,7.99326,4.97536,1.60657,1.37983,0.20765,0.129251,0.07839952409267426,0.226265,1.38384,0.257553,0.699616,,,5.1649,0.0141179,0.041331,999,,,,,,,8.44145150184631,2.188632246318019,6.284764528274536,1.6294636418972268,,,,,,,,,,,,,,,,,,,"Peter Heubeck","sa3017936",695646
"Greg Farone","SFG",0,0,0,5.02081,1,1,0,0,,4.57391,19,5,3,3,1,2,0,0,3,6.42703,3.75222,1.71286,1.21846,0.167689,0.0979001,0.06978914141654968,0.265697,1.42517,0.296365,0.660276,,,4.85827,0.0140574,-0.0169893,999,,,,,,,8.546956920623781,1.8686312438941222,9.869565486907959,2.1577947103013275,,,,,,,,,,,,,,,,,,,"Greg Farone","sa3031164",805661
"Anthony Molina","ATL",0,0,0,4.91432,1,1,0,0,,3.22491,15,4,2,2,1,1,0,0,2,6.77945,3.02658,2.23997,1.43885,0.160585,0.0716906,0.08889415860176086,0.271105,1.50392,0.296942,0.708955,,,4.85853,0.0139738,0.0040105,999,,,,,,,2.1643482685089115,0.6711340702356698,4.124559640884399,1.27896814943908,,,,,,,,,,,,,,,,,,,"Anthony Molina","26952",683627
"Carson Montgomery","SDP",0,0,0,4.65401,1,1,0,0,,2.33333,10,2,1,1,0,1,0,0,2,7.60984,4.10706,1.85287,1.23372,0.197292,0.106479,0.0908128023147583,0.247377,1.39167,0.285255,0.689197,,,4.74027,0.0138168,0.0431514,999,,,,,,,13.066664314270021,5.599999754769429,12.666665077209473,5.42857148695966,,,,,,,,,,,,,,,,,,,"Carson Montgomery","sa3023470",691000
"Jose Montero","CIN",0,0,0,5.51413,1,1,0,0,,4.16839,18,4,3,3,1,2,0,0,2,5.21259,4.09634,1.2725,1.23023,0.134917,0.106026,0.02889178693294525,0.277707,1.50746,0.297916,0.636947,,,5.26445,0.013606,-0.0211059,999,,,,,,,6.146102142333989,1.474453908095312,5.841960906982422,1.4014902275882455,,,,,,,,,,,,,,,,,,,"Jose Montero","sa3018312",800017
"Joel Valdez","CIN",0,0,0,4.96474,1,1,0,0,,2.02229,9,2,1,1,0,1,0,0,2,7.36449,4.65425,1.58232,1.19777,0.184855,0.116825,0.0680294930934906,0.257426,1.51028,0.295897,0.685648,,,4.93457,0.0135565,0.031953,999,,,,,,,10.764975929260256,5.323150685512909,11.111470222473145,5.4944879320207365,,,,,,,,,,,,,,,,,,,"Joel Valdez","sa3011397",683638
"Pablo Aldonis","WSN",0,0,0,5.00795,1,1,0,0,,2.07738,8,2,1,1,0,1,0,0,1,6.13078,3.09568,1.98043,1.28296,0.178699,0.0902326,0.0884668156504631,0.258821,1.23095,0.28596,0.604237,,,4.78079,0.0134574,0.0306628,999,,,,,,,9.172590398788454,4.415467217313233,9.386885404586792,4.5186237447279405,,,,,,,,,,,,,,,,,,,"Pablo Aldonis","sa3018289",692454
"Keyner Martinez","SFG",0,0,0,4.84603,1,1,0,0,,2.93085,12,3,2,2,0,1,0,0,2,6.70644,3.95941,1.6938,1.11268,0.178796,0.105559,0.07323650270700455,0.259478,1.39502,0.29568,0.66036,,,4.71261,0.0133879,-0.0192915,999,,,,,,,14.888320207595825,5.079857198789577,15.65427041053772,5.341197470766239,,,,,,,,,,,,,,,,,,,"Keyner Martinez","sa3023631",815212
"Justin Hagenman","NYM",2,2,0,4.06658,36,0,0,1,,36,150,34,18,16,5,9,,1,31,7.78019,2.34471,3.31819,1.3129,0.207472,0.0625256,0.14494608342647552,0.242471,1.19771,0.277185,0.70882,,,4.2072,0.013375,-0.0209949,999,,,,,,,152.50000000000003,4.236111111111112,151,4.194444444444445,,,,,,,,,,,,,,,,,,,"Justin Hagenman","21546",663795
"Liam Sullivan","WSN",0,0,0,5.25882,1,1,0,0,,3.35468,14,3,2,2,0,2,0,0,3,6.72009,4.12298,1.62991,1.27147,0.183121,0.112351,0.07077080011367798,0.261946,1.39393,0.295963,0.631807,,,4.99315,0.0132972,0.0110016,999,,,,,,,17.024602460861207,5.074887237731113,16.773380041122437,5,,,,,,,,,,,,,,,,,,,"Liam Sullivan","sa3022952",807715
"Kade Woods","ATL",0,0,0,4.93184,1,1,0,0,,2.2,9,2,1,1,0,1,0,0,2,6.76387,3.56831,1.89554,1.17469,0.190776,0.100645,0.09013107419013977,0.259541,1.30466,0.297143,0.629402,,,4.64942,0.0132813,0.0390641,999,,,,,,,12.0800003528595,5.4909091322875225,12.000000238418579,5.454545444693447,,,,,,,,,,,,,,,,,,,"Kade Woods","sa3045561",701515
"Austin Emener","COL",0,0,0,5.99967,1,1,0,0,,4.62254,20,5,3,3,1,2,0,0,3,6.15056,3.63728,1.69098,1.58115,0.160241,0.0947621,0.06547851860523224,0.286576,1.49719,0.310436,0.614662,,,5.40416,0.0131993,0.0269618,999,,,,,,,8.906781864166259,1.9268163271411203,10.112690448760986,2.1876921839065044,,,,,,,,,,,,,,,,,,,"Austin Emener","sa3022799",815305
"Gavin Hollowell","CHC",1,1,0,3.74277,18,0,0,1,,18,78,15,8,7,2,9,,1,20,9.87116,4.30973,2.29044,1.06115,0.252137,0.110082,0.14205442368984222,0.220713,1.32232,0.27833,0.750145,,,4.05979,0.01312,0.0276384,999,,,,,,,83.60000000000002,4.644444444444446,78,4.333333333333333,,,,,,,,,,,,,,,,,,,"Gavin Hollowell","25427",668970
"Joseph King","STL",0,0,0,4.93357,1,1,0,0,,2.05698,9,2,1,1,0,1,0,0,1,6.52229,3.47473,1.87706,1.14022,0.17109,0.0911477,0.07994214445352554,0.270511,1.41511,0.305604,0.659576,,,4.62802,0.0130407,0.0271196,999,,,,,,,9.021674156188968,4.385876879952415,9.28491497039795,4.513851109669744,,,,,,,,,,,,,,,,,,,"Joseph King","sa3020857",683165
"Tyler Van Dyke","STL",0,0,0,5.16518,1,1,0,0,,2.8,11,3,2,2,0,1,0,0,2,5.47569,3.23212,1.69415,1.14785,0.154868,0.0914134,0.06345472484827042,0.272841,1.32145,0.299088,0.607768,,,4.7809,0.012997,-0.0265727,999,,,,,,,13.919999647140504,4.971428530070246,14.999999761581421,5.357142863224964,,,,,,,,,,,,,,,,,,,"Tyler Van Dyke","sa3060817",807549
"Paul Gervase","LAD",1,1,0,4.09552,28,0,0,1,,28,122,24,14,13,4,14,,1,32,10.1304,4.40921,2.29756,1.30751,0.258335,0.112439,0.1458963081240654,0.220814,1.3328,0.273969,0.740013,,,4.39244,0.0128009,0.00226536,999,,,,,,,118.60000000000005,4.2357142857142875,111,3.9642857142857144,,,,,,,,,,,,,,,,,,,"Paul Gervase","31571",801434
"Anthony Solometo","PIT",0,0,0,5.21821,1,1,0,0,,3.69006,16,4,2,2,0,2,0,0,2,5.63334,3.9501,1.42613,1.13824,0.145334,0.101908,0.043425798416137695,0.27436,1.48694,0.300426,0.651717,,,4.98803,0.012761,0.0355729,999,,,,,,,14.90646619796753,4.039623767690971,16.45031499862671,4.458003833498544,,,,,,,,,,,,,,,,,,,"Anthony Solometo","sa3018259",696143
"Carlos Rodriguez","MIL",1,1,2,4.42285,28,2,0,1,,33,144,30,18,16,5,14,,2,30,7.98358,3.77858,2.11285,1.38858,0.205611,0.0973144,0.10829655081033707,0.235585,1.32615,0.268033,0.71108,,,4.76849,0.0125885,0.00319738,999,,,,,,,120.70000000000005,3.657575757575759,116,3.515151515151515,,,,,,,,,,,,,,,,,,,"Carlos Rodriguez","30161",692230
"Austin Warren","NYM",2,2,0,3.92405,44,0,0,1,,44,189,40,21,19,6,17,,2,42,8.53444,3.38964,2.5178,1.17856,0.220762,0.0876803,0.13308121263980865,0.232062,1.2754,0.274834,0.731811,,,4.20834,0.012561,0.0056947,999,,,,,,,178.8,4.0636363636363635,173,3.9318181818181817,,,,,,,,,,,,,,,,,,,"Austin Warren","24937",681810
"Khristian Curtis","PIT",0,0,0,5.16415,1,1,0,0,,4.10577,18,4,3,2,1,2,0,0,3,6.21703,4.33816,1.4331,1.18206,0.161142,0.112443,0.04869924485683441,0.264834,1.47661,0.294283,0.657446,,,5.05477,0.0124605,-0.0323718,999,,,,,,,7.6827129364013675,1.871198133240299,7.528860092163086,1.8337258031772636,,,,,,,,,,,,,,,,,,,"Khristian Curtis","sa3023473",694753
"Randy Rodríguez","SFG",0,0,0,3.05583,1,0,0,0,,1.2714,5,1,0,0,0,0,0,0,1,10.5662,3.52861,2.99445,0.914662,0.280033,0.0935174,0.18651556223630905,0.207245,1.17024,0.272888,0.77765,,,3.42109,0.0121789,0.0716469,999,,,,,,,8.808344817161561,6.928078521112334,8.356989741325378,6.573071596292223,,,,,,,,,,,,,,,,,,,"Randy Rodriguez","23974",678495
"Reinold Navarro","PIT",0,0,0,4.34116,1,1,0,0,,2.08667,10,2,1,1,0,2,0,0,2,10.3415,6.63956,1.55756,1.06146,0.241379,0.154973,0.08640633523464203,0.224313,1.6263,0.286022,0.75245,,,4.76751,0.0120701,0.0331902,999,,,,,,,8.241336250305178,3.949521418591802,8.433335304260254,4.041533727386612,,,,,,,,,,,,,,,,,,,"Reinold Navarro","sa3024459",821116
"Nick Sando","CIN",0,0,0,5.33701,1,1,0,0,,3.04801,13,3,2,2,0,1,0,0,2,7.0807,4.37369,1.61893,1.44338,0.187302,0.115695,0.07160703837871552,0.255523,1.42265,0.285551,0.646814,,,5.25053,0.0120381,0.00133259,999,,,,,,,15.755295991897583,5.169038366063732,16.24006485939026,5.328082593225922,,,,,,,,,,,,,,,,,,,"Nick Sando","sa3023511",805311
"Ronny Henriquez","MIA",0,0,0,3.45428,1,0,0,0,,1.27829,5,1,1,0,0,0,0,0,1,10.094,3.42331,2.9486,0.976437,0.261805,0.0887896,0.17301543056964874,0.22469,1.24715,0.288582,0.755937,,,3.58115,0.0120199,-0.0307952,501.79998779296875,,,,,,,8.859375357627869,6.930624398320375,8.391469836235046,6.564585338932083,,,,,,,,,,,,,,,,,,,"Ronny Henriquez","24094",678692
"R.J. Sales","WSN",0,0,0,5.56402,1,1,0,0,,4.28182,18,4,3,3,1,2,0,0,3,5.31482,3.37746,1.57361,1.30714,0.14449,0.0918202,0.05266931653022766,0.281611,1.40811,0.302747,0.608309,,,5.10048,0.0119384,-0.0272872,999,,,,,,,8.985452556610108,2.098513467658943,8.4090895652771,1.9639063911703198,,,,,,,,,,,,,,,,,,,"R.J. Sales","sa3041437",701680
"Isaac Lyon","WSN",0,0,0,5.1319,1,1,0,0,,3.025,14,3,2,2,0,1,0,0,2,7.01343,3.70377,1.8936,1.42947,0.171439,0.0905365,0.08090297877788544,0.26842,1.50802,0.297964,0.68854,,,5.02277,0.0118324,-0.00904623,999,,,,,,,15.585000705718993,5.152066186571793,16.125000476837158,5.3305785019747365,,,,,,,,,,,,,,,,,,,"Isaac Lyon","sa3036750",805214
"Douglas Orellana","NYM",0,0,0,4.49251,1,1,0,0,,2.42996,10,2,1,1,0,1,0,0,2,7.99839,4.67625,1.71043,1.23794,0.20597,0.12042,0.08554993569850922,0.233101,1.39242,0.270505,0.706104,,,4.8567,0.0117161,0.0499319,999,,,,,,,13.781674098968509,5.671573612727035,13.149779796600342,5.411530092207849,,,,,,,,,,,,,,,,,,,"Douglas Orellana","sa3016817",702878
"Yorman Galindez","MIL",0,0,0,4.84465,1,1,0,0,,3.60258,16,3,2,2,0,2,0,0,3,7.69107,5.29649,1.45211,1.13895,0.196905,0.1356,0.06130550801753998,0.244115,1.49131,0.285686,0.687428,,,4.99616,0.0116528,0.0248687,999,,,,,,,18.859062528610234,5.234882605565914,18.012880086898804,5,,,,,,,,,,,,,,,,,,,"Yorman Galindez","sa3018322",800223
"Spencer Giesting","ARI",0,0,0,5.14418,1,1,0,0,,5.15754,23,5,3,3,1,2,0,0,4,6.57865,3.88046,1.69533,1.28398,0.165149,0.0974143,0.06773482263088226,0.270007,1.49668,0.300346,0.672652,,,4.96728,0.0116339,0.0274825,999,,,,,,,14.865801906585691,2.88234305617333,14.78770399093628,2.8672005844595123,,,,,,,,,,,,,,,,,,,"Spencer Giesting","sa3020402",801517
"Luke Little","CHC",1,1,0,3.8691,22,0,0,1,,22,95,19,10,9,2,12,,1,23,9.37784,4.83882,1.93804,0.865855,0.242009,0.124873,0.11713581532239914,0.227687,1.38389,0.29088,0.731944,,,4.06846,0.0113093,0.0268878,999,,,,,,,99.80000000000001,4.536363636363637,95,4.318181818181818,,,,,,,,,,,,,,,,,,,"Luke Little","28036",681432
"Daviel Hurtado","NYM",0,0,0,4.90671,1,1,0,0,,3.40091,14,3,2,2,0,2,0,0,2,6.43376,4.11571,1.56322,1.2171,0.169871,0.108667,0.06120345741510391,0.253785,1.39711,0.282003,0.663731,,,4.9788,0.011305,0.00721607,999,,,,,,,15.366749143600465,4.518420039624356,15.004560232162476,4.411922457066195,,,,,,,,,,,,,,,,,,,"Daviel Hurtado","sa3023674",808064
"Tommy Henry","ARI",0,0,0,5.1422,1,1,0,0,,4.93704,22,5,3,3,1,2,0,0,4,6.69094,3.35679,1.99326,1.43877,0.165947,0.0832543,0.0826929584145546,0.271138,1.47376,0.298085,0.679798,,,4.98686,0.0112696,0.0141178,999,,,,,,,13.234073734283445,2.680570098641869,13.685184955596924,2.7719429650240586,,,,,,,,,,,,,,,,,,,"Tommy Henry","26285",674072
"Dakota Hawkins","NYM",0,0,0,4.91935,1,1,0,0,,2.4548,10,2,1,1,0,1,0,0,2,6.12987,3.56311,1.72037,1.23899,0.164714,0.0957436,0.068970687687397,0.259005,1.35264,0.284882,0.651467,,,4.88597,0.0110686,0.0515549,999,,,,,,,13.965498018264771,5.689064248678998,13.273985147476196,5.407365655076429,,,,,,,,,,,,,,,,,,,"Dakota Hawkins","sa3023103",809950
"Patrick Copen","LAD",0,0,0,5.07908,1,1,0,0,,4.27241,19,4,3,2,1,3,0,0,4,7.87891,5.57305,1.41375,1.25724,0.197413,0.139637,0.05777537822723389,0.245929,1.54402,0.285982,0.687928,,,5.22271,0.0110019,-0.029163,999,,,,,,,7.915847492218022,1.8527819460424613,7.362059116363525,1.723162330995546,,,,,,,,,,,,,,,,,,,"Patrick Copen","sa3023283",814527
"Zack Qin","SDP",0,0,0,4.75736,1,1,0,0,,2.50637,11,2,1,1,0,1,0,0,2,6.83911,4.04335,1.69145,1.21099,0.1728,0.102161,0.07063895463943481,0.25494,1.44335,0.28605,0.690061,,,4.8594,0.0109543,0.0544338,999,,,,,,,14.347138500213624,5.724269805844065,13.531850337982178,5.398983379560937,,,,,,,,,,,,,,,,,,,"Zack Qin","sa3021986",805243
"Logan Gillaspie","SDP",0,0,0,4.66389,1,1,0,0,,2.10386,10,2,1,1,0,1,0,0,2,6.97493,3.41134,2.04463,1.36279,0.169822,0.0830575,0.08676425367593765,0.25632,1.43931,0.283122,0.711561,,,4.83474,0.0109288,0.0283792,999,,,,,,,11.368542098999026,5.4036666373533935,11.519285202026367,5.4753174672968115,,,,,,,,,,,,,,,,,,,"Logan Gillaspie","22461",670810
"Jack Neely","CHC",1,1,0,3.79235,20,0,0,1,,20,87,17,9,8,3,9,,1,22,10.032,4.19903,2.38913,1.16499,0.255445,0.10692,0.148525208234787,0.219284,1.31031,0.27435,0.75289,,,4.13624,0.0108175,0.0271225,999,,,,,,,84.89999999999999,4.244999999999999,79,3.95,,,,,,,,,,,,,,,,,,,"Jack Neely","30106",680891
"Gus Varland","ARI",2,2,0,4.14586,40,0,0,1,,40,173,38,20,18,5,16,,2,38,8.50566,3.5461,2.39859,1.05349,0.218514,0.0911009,0.12741312384605408,0.247133,1.35396,0.298664,0.714933,,,4.08864,0.0105823,0.00534404,999,,,,,,,161.7,4.0424999999999995,161,4.025,,,,,,,,,,,,,,,,,,,"Gus Varland","24737",681402
"Miguel Cienfuegos","SDP",0,0,0,5.10982,1,1,0,0,,3.59961,16,4,2,2,0,1,0,0,2,5.33142,3.5219,1.51379,1.19898,0.136546,0.0902011,0.046344466507434845,0.27239,1.45374,0.292683,0.657831,,,4.99616,0.0105225,0.0185009,999,,,,,,,17.237128782272343,4.788607437063793,18.99805998802185,5.277807719461299,,,,,,,,,,,,,,,,,,,"Miguel Cienfuegos","sa3020816",800550
"Nick Burdi","NYM",1,1,0,3.74413,18,0,0,1,,18,77,15,8,7,2,9,,1,19,9.50144,4.28002,2.21995,1.03461,0.246791,0.111169,0.13562127947807312,0.220314,1.30246,0.27567,0.742939,,,4.09169,0.0104993,0.0210534,999,,,,,,,81.60000000000002,4.533333333333335,76,4.222222222222222,,,,,,,,,,,,,,,,,,,"Nick Burdi","16074",595897
"Blake Burkhalter","ATL",0,0,0,5.01626,1,1,0,0,,3.54279,15,3,2,2,1,1,0,0,2,6.19926,3.59188,1.72591,1.30013,0.16388,0.0949528,0.0689270868897438,0.261241,1.38089,0.286276,0.655097,,,4.97035,0.0104925,0.0235922,999,,,,,,,7.116661405563357,2.008771963236834,5.713960409164429,1.6128410240231414,,,,,,,,,,,,,,,,,,,"Blake Burkhalter","sa3020382",686628
"Aiden May","MIA",0,0,0,5.1,1,1,0,0,,2.64,11,3,2,1,0,1,0,0,2,6.60898,4.37944,1.50909,1.16358,0.170056,0.112687,0.05736833065748215,0.26449,1.48689,0.298459,0.664657,,,4.95593,0.0104901,-0.0294691,999,,,,,,,12.736000776290894,4.824242526593831,14.200000524520874,5.378787863736202,,,,,,,,,,,,,,,,,,,"Aiden May","sa3037366",801995
"Payton Martin","LAD",0,0,0,5.26619,1,1,0,0,,3.72692,16,4,2,2,1,2,0,0,3,6.18936,3.86886,1.59979,1.41782,0.161637,0.101036,0.06060032546520233,0.26213,1.42007,0.283966,0.651076,,,5.23913,0.0104334,0.0331374,999,,,,,,,4.879230117797848,1.3091845826545898,5.634614944458008,1.5118678226656246,,,,,,,,,,,,,,,,,,,"Payton Martin","sa3020869",806293
"Jose Acuna","CIN",0,0,0,5.27323,1,1,0,0,,3.85067,17,4,2,2,1,2,0,0,3,6.77623,4.13738,1.63781,1.56548,0.174629,0.106624,0.06800556927919388,0.25303,1.42201,0.274093,0.663615,,,5.41578,0.010349,0.0514911,999,,,,,,,5.7949869632720965,1.5049279925443155,6.253369569778442,1.6239675728227354,,,,,,,,,,,,,,,,,,,"Jose Acuna","sa3015331",691641
"Caden Grice","ARI",0,0,0,5.07817,1,1,0,0,,4.175,18,4,3,2,1,2,0,0,3,7.04086,4.53199,1.55359,1.16565,0.17979,0.115725,0.06406435370445251,0.263063,1.50248,0.301307,0.670781,,,4.91624,0.010273,-0.0307505,999,,,,,,,8.195001411437987,1.9628744998920689,7.875000953674316,1.886227687162859,,,,,,,,,,,,,,,,,,,"Caden Grice","sa3023166",694364
"Josh Knoth","MIL",0,0,0,5.02205,1,1,0,0,,4.00476,17,4,2,2,1,2,0,0,3,6.58557,4.43947,1.48342,1.24983,0.170467,0.114915,0.05555174499750137,0.25452,1.44762,0.283251,0.668812,,,5.10578,0.0100279,0.0502157,999,,,,,,,6.935240077972411,1.7317482983760972,7.023810863494873,1.7538646642682496,,,,,,,,,,,,,,,,,,,"Josh Knoth","sa3023420",805807
"Logan Van Treeck","CIN",0,0,0,5.12656,1,1,0,0,,2.1,10,2,1,1,0,1,0,0,2,8.25981,4.17223,1.97971,1.62978,0.192729,0.0973521,0.09537670016288757,0.25907,1.56359,0.291986,0.718623,,,5.20149,0.0099718,0.0369589,999,,,,,,,11.339999294281007,5.3999999091738715,11.499999523162842,5.476190497815745,,,,,,,,,,,,,,,,,,,"Logan Van Treeck","sa3044363",689912
"Colton Cosper","NYM",0,0,0,4.82406,1,1,0,0,,2.24,10,2,1,1,0,1,0,0,2,6.29761,3.3981,1.85327,1.31523,0.163271,0.0880989,0.07517239451408386,0.257545,1.3723,0.281318,0.673852,,,4.90551,0.00996682,0.0376059,999,,,,,,,12.376000070571902,5.525000007982766,12.200000047683716,5.446428569527913,,,,,,,,,,,,,,,,,,,"Colton Cosper","sa3069106",836128
"Zack Morris","COL",0,0,0,5.96641,1,1,0,0,,2.71177,12,3,2,2,0,1,0,0,2,5.5391,3.78943,1.46172,1.3584,0.142575,0.0975392,0.04503616690635681,0.295724,1.55905,0.32029,0.619541,,,5.2719,0.00994602,-0.00491468,999,,,,,,,13.267061376571654,4.89240812814034,14.558825254440308,5.368763510567597,,,,,,,,,,,,,,,,,,,"Zack Morris","sa3068749",687253
"Ethan Roberts","CHC",2,2,0,3.99271,42,0,0,1,,42,182,38,20,19,6,17,,2,42,9.03663,3.6608,2.46848,1.19546,0.231708,0.0938668,0.1378416046500206,0.232053,1.307,0.279816,0.733653,,,4.21541,0.00993636,0.0227034,999,,,,,,,169.2,4.0285714285714285,163,3.880952380952381,,,,,,,,,,,,,,,,,,,"Ethan Roberts","24930",681799
"Ronan Kopp","LAD",1,1,0,3.81903,12,0,0,1,,12,53,9,6,5,1,8,,1,15,11.0997,5.68989,1.95078,1.04567,0.279239,0.143142,0.13609689474105835,0.207222,1.40499,0.275909,0.757869,,,4.24118,0.00956051,0.0010013,999,,,,,,,60.100000000000016,5.008333333333335,54,4.5,,,,,,,,,,,,,,,,,,,"Ronan Kopp","sa3017751",691947
"Nate Dohm","STL",0,0,0,5.05722,1,1,0,0,,3.23043,14,3,2,2,0,1,0,0,2,6.70119,4.03038,1.66267,1.26176,0.171276,0.103012,0.06826319545507431,0.263537,1.46266,0.294883,0.670356,,,4.95775,0.0095536,-0.00080221,999,,,,,,,17.10521821975708,5.29502026137491,17.152174472808838,5.309555843915454,,,,,,,,,,,,,,,,,,,"Nate Dohm","sa3030418",702296
"Hancel Rincon","STL",0,0,0,5.31643,1,1,0,0,,5.30569,22,5,3,3,1,2,0,0,3,5.30932,3.07012,1.72936,1.3954,0.141424,0.0817786,0.05964572727680206,0.27336,1.3762,0.289339,0.63065,,,5.12533,0.00937517,0.0272994,999,,,,,,,13.962076377868652,2.6315308493074845,13.528429985046387,2.5497984601184704,,,,,,,,,,,,,,,,,,,"Hancel Rincon","sa3009629",684516
"Saul Garcia","NYM",0,0,0,4.48128,1,1,0,0,,2.37186,11,2,1,1,0,1,0,0,2,8.50562,5.31559,1.60013,1.20959,0.211559,0.132214,0.0793452262878418,0.229969,1.46963,0.271475,0.722447,,,4.92672,0.00923878,0.0461461,999,,,,,,,13.351741266250613,5.629235519796421,12.85928463935852,5.421610590524662,,,,,,,,,,,,,,,,,,,"Saul Garcia","sa3017106",702903
"Hunter Stratton","ATL",1,1,0,3.98714,26,0,0,1,,26,112,24,13,12,3,9,,1,25,8.65683,3.24097,2.67106,1.19603,0.223291,0.0835965,0.1396946832537651,0.236749,1.28395,0.281733,0.728737,,,4.15548,0.00911443,0.00216417,999,,,,,,,117.1,4.503846153846154,115,4.423076923076923,,,,,,,,,,,,,,,,,,,"Hunter Stratton","23455",676702
"Riley Frey","ATL",0,0,0,5.31808,1,1,0,0,,3.95846,16,4,3,2,1,1,0,0,2,5.67867,3.31102,1.71508,1.33355,0.151952,0.0885976,0.06335421651601791,0.273767,1.3918,0.295764,0.630224,,,5.03642,0.00900262,-0.0444895,999,,,,,,,7.592604684829711,1.9180702867586759,7.792300462722778,1.968518130926457,,,,,,,,,,,,,,,,,,,"Riley Frey","sa3022909",811319
"Nate Lavender","NYM",1,1,0,3.74661,12,0,0,1,,12,52,10,5,5,2,5,,1,13,9.82851,3.9816,2.46848,1.1376,0.252013,0.102092,0.149920754134655,0.221024,1.29171,0.275482,0.75087,,,4.06631,0.00892277,0.0246634,999,,,,,,,50.20000000000002,4.1833333333333345,46,3.8333333333333335,,,,,,,,,,,,,,,,,,,"Nate Lavender","sa3017917",681320
"Alex Williams","MIA",0,0,0,5.15648,1,1,0,0,,3.54925,16,4,2,2,1,1,0,0,2,5.94737,3.68804,1.61261,1.345,0.147877,0.0917006,0.0561768040060997,0.269259,1.48968,0.290734,0.674684,,,5.13045,0.00888264,0.0256952,999,,,,,,,4.564479160308837,1.2860390484091448,5.746269702911377,1.619007768705518,,,,,,,,,,,,,,,,,,,"Alex Williams","sa3020314",677354
"Reiver Camacho","COL",0,0,0,6.22413,1,1,0,0,,3.31,14,4,3,2,0,1,0,0,2,4.71893,3.56076,1.32526,1.35568,0.127612,0.0962918,0.031319841742515564,0.301698,1.5023,0.319406,0.578401,,,5.36664,0.00876285,-0.0506464,999,,,,,,,15.093999576568605,4.5601207968280395,17.549999713897705,5.302114808848081,,,,,,,,,,,,,,,,,,,"Reiver Camacho","sa3023839",821096
"Jack Mahoney","COL",0,0,0,6.08154,1,1,0,0,,4.61499,20,5,3,3,1,2,0,0,2,4.68418,3.73202,1.25513,1.36897,0.118141,0.0941265,0.024014770984649658,0.300772,1.60056,0.316117,0.621587,,,5.45945,0.00867245,0.0264982,999,,,,,,,6.850955963134769,1.4844994143626231,8.074970245361328,1.7497249529464958,,,,,,,,,,,,,,,,,,,"Jack Mahoney","sa3023157",694968
"Christian Romero","LAD",0,0,0,5.25958,1,1,0,0,,4.00943,17,4,3,2,1,2,0,0,2,5.43199,3.39065,1.60205,1.46801,0.140306,0.087579,0.05272708833217621,0.2656,1.40702,0.278617,0.652207,,,5.31637,0.00865718,-0.0442013,999,,,,,,,4.969813251495362,1.2395298126526675,5.047171115875244,1.2588237728659923,,,,,,,,,,,,,,,,,,,"Christian Romero","sa3016260",699071
"Clark Candiotti","SDP",0,0,0,4.76504,1,1,0,0,,2.82941,13,3,2,1,0,2,0,0,3,8.57141,4.94526,1.73326,1.37701,0.203598,0.117465,0.08613238483667374,0.244288,1.54465,0.283713,0.726354,,,5.03133,0.00851489,-0.0279817,999,,,,,,,13.13764867782593,4.643243456409291,14.147059917449951,5,,,,,,,,,,,,,,,,,,,"Clark Candiotti","sa3028358",690711
"Fernando Sanchez","SDP",0,0,0,4.93159,1,1,0,0,,2.61425,11,3,2,1,0,1,0,0,2,6.23654,4.07737,1.52955,1.18335,0.15953,0.104299,0.055231429636478424,0.260327,1.4532,0.28788,0.673467,,,4.96383,0.00847467,-0.0405928,999,,,,,,,12.545472526550292,4.798874598129388,14.07126522064209,5.382518441451561,,,,,,,,,,,,,,,,,,,"Fernando Sanchez","sa3010134",685719
"Nick Zwack","SFG",0,0,0,5.03147,1,1,0,0,,3.45494,15,4,2,2,0,1,0,0,2,6.12773,3.49448,1.75355,1.29412,0.157587,0.0898673,0.06771925836801529,0.266565,1.42411,0.291402,0.665278,,,4.94678,0.00840829,0.0124016,999,,,,,,,16.166540718078615,4.679256479512196,18.27468967437744,5.289440800051894,,,,,,,,,,,,,,,,,,,"Nick Zwack","sa3017867",686873
"Alex Clemmey","WSN",0,0,0,5.22655,1,1,0,0,,4.36716,19,4,3,3,1,3,0,0,3,7.08302,5.35886,1.32174,1.1549,0.18158,0.13738,0.04420068860054016,0.256571,1.541,0.295027,0.666044,,,5.17565,0.00840387,-0.0223471,999,,,,,,,6.61698989868164,1.5151697421003207,5.835803985595703,1.3362924464437795,,,,,,,,,,,,,,,,,,,"Alex Clemmey","sa3023421",806046
"Ben Heller","CHC",0,0,0,3.55938,1,0,0,0,,1.198,5,1,1,0,0,1,0,0,1,10.7687,3.85153,2.79594,1.0806,0.264784,0.0947031,0.17008120566606522,0.223459,1.33109,0.287362,0.773116,,,3.7346,0.00826698,-0.0379241,999,,,,,,,5.265185546875001,4.394986753617283,4.989990234375,4.165274098227022,,,,,,,,,,,,,,,,,,,"Ben Heller","15100",621294
"Roque Gutierrez","LAD",0,0,0,5.26108,1,1,0,0,,3.57698,16,4,2,2,1,2,0,0,3,6.82878,3.98248,1.7147,1.53923,0.173559,0.101218,0.07234086841344833,0.25842,1.44533,0.281887,0.669096,,,5.31425,0.0082565,0.0237701,999,,,,,,,3.7696157932281498,1.0538557524897987,4.884875535964966,1.3656442635404131,,,,,,,,,,,,,,,,,,,"Roque Gutierrez","sa3015440",692262
"Luichi Casilla","COL",0,0,0,5.72629,1,1,0,0,,3,14,3,2,2,0,2,0,0,3,7.5173,5.71295,1.31583,1.24642,0.17381,0.132091,0.04171907901763916,0.281155,1.79101,0.324256,0.686287,,,5.34427,0.00820088,0.0127651,999,,,,,,,14.400000000000002,4.800000000000001,15,5,,,,,,,,,,,,,,,,,,,"Luichi Casilla","sa3018332",800436
"Sandy Ozuna","COL",0,0,0,6.23835,1,1,0,0,,3.53873,15,4,3,2,1,1,0,0,2,5.20092,3.70566,1.4035,1.43447,0.139505,0.0993976,0.0401073694229126,0.297464,1.50784,0.317794,0.584393,,,5.42401,0.00819342,-0.0375455,999,,,,,,,4.486594247817992,1.2678547320684748,5.693644762039185,1.6089519255678202,,,,,,,,,,,,,,,,,,,"Sandy Ozuna","sa3021041",814252
"Trystan Vrieling","SFG",0,0,0,5.16138,1,1,0,0,,4.61913,20,5,3,3,1,2,0,0,3,5.8224,3.44805,1.68861,1.29984,0.150067,0.0888703,0.06119660288095474,0.271353,1.43642,0.294105,0.656324,,,5.00668,0.00814059,-0.0143526,999,,,,,,,8.881562995910645,1.9227782584898678,10.095650672912598,2.185617286971078,,,,,,,,,,,,,,,,,,,"Trystan Vrieling","sa3020681",801639
"John Michael Bertrand","SFG",0,0,0,5.52198,1,1,0,0,,5.12825,21,6,3,3,1,2,0,0,2,4.21975,3.23184,1.30568,1.08141,0.112806,0.0863963,0.026409827172756195,0.293005,1.45876,0.309575,0.611084,,,4.96925,0.00809526,0.0158219,999,,,,,,,8.049026203155519,1.5695473603061283,10.641233921051025,2.0750237593509,,,,,,,,,,,,,,,,,,,"John Michael Bertrand","sa3020082",802609
"Fisher Jameson","COL",0,0,0,6.14149,1,1,0,0,,2.54103,10,3,2,2,0,1,0,0,1,4.37708,3.24609,1.34842,1.34417,0.118129,0.0876056,0.030523225665092468,0.303456,1.48724,0.317612,0.580471,,,5.31782,0.00801872,-0.0152435,999,,,,,,,10.003593254089356,3.936832129899541,11.705130577087402,4.606458196579493,,,,,,,,,,,,,,,,,,,"Fisher Jameson","sa3034551",701404
"J.B. Bukauskas","MIL",0,0,0,3.56722,1,0,0,0,,1.08666,5,1,0,0,0,0,0,0,1,8.31623,2.81553,2.9537,0.940234,0.22066,0.0747062,0.14595383405685425,0.234872,1.21282,0.283776,0.73124,,,3.71239,0.00796384,0.0607969,999,,,,,,,7.4412912607193,6.8478498718621434,7.4333049058914185,6.8405004271261936,,,,,,,,,,,,,,,,,,,"J.B. Bukauskas","20491",656266
"Angel Chivilli","COL",1,1,0,4.85948,26,0,0,1,,26,115,28,15,14,4,10,,1,22,7.72246,3.54799,2.17657,1.21651,0.193545,0.088922,0.10462330281734467,0.269587,1.47031,0.313807,0.687373,,,4.50134,0.00777797,-0.00383643,999,,,,,,,85.39999999999999,3.2846153846153845,93,3.576923076923077,,,,,,,,,,,,,,,,,,,"Angel Chivilli","26790",683409
"Reed Garrett","NYM",0,0,0,3.31854,1,0,0,0,,1.05103,5,1,0,0,0,1,0,0,1,10.7786,4.29119,2.5118,0.957604,0.273147,0.108746,0.16440126299858093,0.210159,1.28758,0.275805,0.777125,,,3.70298,0.00777765,0.0587221,999,,,,,,,4.177614355087281,3.9747851739942637,4.255144834518433,4.048551437220628,,,,,,,,,,,,,,,,,,,"Reed Garrett","16866",657585
"Billy Corcoran","ARI",0,0,0,5.27772,1,1,0,0,,4.49369,20,5,3,3,1,2,0,0,3,5.64121,3.2375,1.74246,1.32831,0.143767,0.0825079,0.06125891953706741,0.278662,1.46165,0.30011,0.654297,,,5.0167,0.00773789,-0.0122288,999,,,,,,,7.953320217132568,1.7698855098522859,9.468459606170654,2.1070557955762736,,,,,,,,,,,,,,,,,,,"Billy Corcoran","sa3020172",682225
"Easton Sikorski","CIN",0,0,0,5.36534,1,1,0,0,,2.04696,9,2,1,1,0,1,0,0,2,6.70258,4.38641,1.52804,1.37954,0.175474,0.114836,0.060637637972831726,0.260944,1.45487,0.289791,0.648038,,,5.24774,0.0077109,0.0335393,999,,,,,,,10.947496032714845,5.348175729316919,11.234794616699219,5.488529588257877,,,,,,,,,,,,,,,,,,,"Easton Sikorski","sa3020250",675783
"Michael Prosecky","COL",0,0,0,6.06308,1,1,0,0,,4.58834,20,5,3,3,1,2,0,0,3,6.09371,4.41263,1.38097,1.46327,0.156137,0.113063,0.04307376593351364,0.285423,1.57383,0.311492,0.62251,,,5.51516,0.00763137,0.0248619,999,,,,,,,8.653700447082517,1.886020741928088,9.941689491271973,2.1667300254966464,,,,,,,,,,,,,,,,,,,"Michael Prosecky","sa3020526",687087
"Ryan Dromboski","PHI",0,0,0,5.47768,1,1,0,0,,3.60909,15,4,2,2,1,1,0,0,2,5.26522,3.35808,1.56792,1.4058,0.143811,0.0917206,0.05209033936262131,0.271793,1.36542,0.287348,0.611005,,,5.2469,0.00762982,0.0299574,999,,,,,,,5.007273721694945,1.3874057654354626,6.04545521736145,1.6750630960933435,,,,,,,,,,,,,,,,,,,"Ryan Dromboski","sa3067032",823804
"Kyle Brnovich","PHI",0,0,0,5.1146,1,1,0,0,,3.65825,17,4,2,2,1,2,0,0,3,7.53498,4.16768,1.80795,1.50356,0.184067,0.101809,0.0822572335600853,0.258045,1.50422,0.288432,0.695506,,,5.17369,0.00761026,0.0220647,999,,,,,,,4.371064805984497,1.1948506568214008,5.291260004043579,1.4463902439946348,,,,,,,,,,,,,,,,,,,"Kyle Brnovich","sa3014923",686599
"Jerming Rosario","LAD",0,0,0,5.041,1,1,0,0,,2.84945,13,3,2,2,0,2,0,0,2,7.65194,5.2303,1.463,1.312,0.191436,0.130851,0.06058435142040253,0.246396,1.51903,0.281847,0.689968,,,5.23438,0.00752142,-0.0204868,999,,,,,,,11.285922002792358,3.960738487489598,12.247244596481323,4.29810989540604,,,,,,,,,,,,,,,,,,,"Jerming Rosario","sa3008678",682645
"Trent Harris","SFG",0,0,0,3.77634,1,0,0,0,,1.65012,7,1,1,1,0,1,0,0,2,8.37869,3.23779,2.58778,0.932443,0.230416,0.0890399,0.14137572795152664,0.235961,1.21802,0.289947,0.708063,,,3.82921,0.00733485,-0.0152912,999,,,,,,,10.61086609363556,6.43037180907494,9.250585198402405,5.606017619328163,,,,,,,,,,,,,,,,,,,"Trent Harris","sa3022526",805345
"Cedric De Grandpre","ATL",0,0,0,5.19378,1,1,0,0,,4.17551,18,4,3,2,1,2,0,0,3,7.15032,4.61145,1.55056,1.26334,0.18147,0.117036,0.06443454325199127,0.262046,1.51201,0.298369,0.670249,,,5.06101,0.00730718,-0.0320887,999,,,,,,,8.198759365081786,1.9635357712830495,7.877540111541748,1.8866063888405131,,,,,,,,,,,,,,,,,,,"Cedric De Grandpre","sa3020315",678142
"Ian Mejia","ATL",0,0,0,5.33372,1,1,0,0,,5.17313,21,5,3,3,1,2,0,0,3,5.56003,3.34409,1.66264,1.37922,0.14941,0.0898627,0.05954685062170029,0.270388,1.37709,0.289124,0.627765,,,5.13973,0.00727551,0.0269622,999,,,,,,,12.981190490722657,2.5093474993842664,12.865669250488281,2.4870165016599,,,,,,,,,,,,,,,,,,,"Ian Mejia","sa3019911",681256
"Josh Randall","WSN",0,0,0,5.58186,1,1,0,0,,4.67802,21,5,3,3,1,1,0,0,2,4.54008,2.84936,1.59337,1.41156,0.114411,0.0718042,0.0426064133644104,0.290367,1.49195,0.300755,0.640181,,,5.24916,0.00726279,-0.00414514,999,,,,,,,10.317319774627688,2.205490396983399,11.39008092880249,2.4348100725843946,,,,,,,,,,,,,,,,,,,"Josh Randall","sa3025585",695620
"Misael Tamarez","SDP",0,0,0,4.81255,1,1,0,0,,2.22592,10,2,1,1,0,1,0,0,2,7.62426,4.25589,1.79146,1.43312,0.184277,0.102864,0.08141297847032547,0.249331,1.48837,0.279229,0.714638,,,5.08361,0.0072624,0.036918,999,,,,,,,12.271807718276978,5.513139703208537,12.129599809646606,5.449252451617014,,,,,,,,,,,,,,,,,,,"Misael Tamarez","sa3009632",685377
"Jacob Bresnahan","SFG",0,0,0,5.17266,1,1,0,0,,4.00559,17,4,3,2,1,2,0,0,3,7.11706,4.39783,1.61831,1.26979,0.189365,0.117014,0.07235103845596313,0.25792,1.42715,0.29459,0.650123,,,4.99945,0.0072195,-0.0495528,999,,,,,,,6.9413445472717274,1.732915643144759,7.02793550491333,1.754533187704047,,,,,,,,,,,,,,,,,,,"Jacob Bresnahan","sa3023066",815298
"Charlie McDaniel","SFG",0,0,0,5.39565,1,1,0,0,,4.35217,18,5,3,3,1,2,0,0,2,4.97488,3.12449,1.59222,1.2369,0.133975,0.0841436,0.04983142763376236,0.282583,1.40266,0.301501,0.617935,,,4.98838,0.00707127,-0.0298203,999,,,,,,,4.906086158752441,1.1272725718924923,6.760869026184082,1.553446468072798,,,,,,,,,,,,,,,,,,,"Charlie McDaniel","sa3067132",826052
"Nick Dombkowski","PIT",0,0,0,5.22113,1,1,0,0,,2.6434,11,3,2,2,0,1,0,0,2,5.68941,3.52452,1.61424,1.33563,0.146282,0.0906201,0.05566209554672241,0.270561,1.44229,0.290796,0.655044,,,5.11451,0.00700186,-0.028289,999,,,,,,,12.7611967086792,4.827560248516224,14.217024803161621,5.378299963453497,,,,,,,,,,,,,,,,,,,"Nick Dombkowski","sa3017201",694298
"Matt Gage","SFG",3,3,0,4.15423,56,0,0,10,,56,241,55,28,26,6,21,,3,49,7.80563,3.3193,2.35159,0.994828,0.201529,0.0856988,0.115829698741436,0.251958,1.34871,0.298616,0.707363,,,4.08088,0.00695759,-0.00902421,999,,,,,,,263.6000000000001,4.707142857142858,268,4.785714285714286,,,,,,,,,,,,,,,,,,,"Matt Gage","17381",657424
"Landon Beidelschies","ATL",0,0,0,4.9147,1,1,0,0,,3.05,16,4,2,2,1,1,0,0,3,8.48003,4.25135,1.99467,1.53697,0.185406,0.0929507,0.09245502948760986,0.262008,1.66568,0.297121,0.749509,,,5.0532,0.00694461,-0.0066047,999,,,,,,,2.8699996471405047,0.9409835055770802,5.249999761581421,1.7213114241508018,,,,,,,,,,,,,,,,,,,"Landon Beidelschies","sa3026885",804860
"Luis Vargas","ATL",0,0,0,5.11588,1,1,0,0,,3.61225,16,4,2,2,1,2,0,0,3,6.92333,4.21133,1.64398,1.32852,0.178267,0.108437,0.06983063369989395,0.259063,1.45192,0.290269,0.667385,,,5.06637,0.00694291,0.0279219,999,,,,,,,4.030664777755733,1.1158315591243086,5.061259984970093,1.4011370162385914,,,,,,,,,,,,,,,,,,,"Luis Vargas","sa3009592",682855
"Luis Gastelum","STL",0,0,0,3.94699,1,0,0,0,,1.42931,6,1,1,1,0,0,0,0,1,8.66748,3.0763,2.8175,1.03864,0.228185,0.0809884,0.14719627797603607,0.244446,1.27916,0.298224,0.71597,,,3.86703,0.00693065,-0.0264828,999,,,,,,,9.976930785179139,6.980218487746793,9.146574854850769,6.399271707510691,,,,,,,,,,,,,,,,,,,"Luis Gastelum","sa3020964",703725
"Samuel Strickland","ATL",0,0,0,5.03363,1,1,0,0,,2.00877,8,2,1,1,0,1,0,0,1,6.27559,3.06431,2.04796,1.41448,0.17026,0.0831363,0.08712366223335266,0.261332,1.31051,0.284476,0.641591,,,4.93439,0.00690783,0.0267753,999,,,,,,,8.664874982833862,4.313529373574767,9.043834447860718,4.502182157028188,,,,,,,,,,,,,,,,,,,"Samuel Strickland","sa3017139",694436
"Austin Troesser","NYM",0,0,0,4.9546,1,1,0,0,,2.28586,10,2,1,1,0,1,0,0,2,7.2216,4.37765,1.64965,1.31292,0.184816,0.112033,0.07278259098529816,0.252058,1.44559,0.284658,0.680152,,,5.03543,0.00656373,0.040568,999,,,,,,,12.715357398986818,5.5626164161413705,12.429295539855957,5.437472281871102,,,,,,,,,,,,,,,,,,,"Austin Troesser","sa3023281",809340
"Ray Kerr","ATL",0,0,0,3.85516,1,0,0,0,,1.40238,6,1,1,1,0,1,0,0,2,10.3261,3.8252,2.6995,1.13739,0.262405,0.0972054,0.16520009189844131,0.229623,1.32041,0.292883,0.745579,,,3.9025,0.00655768,-0.0252603,999,,,,,,,8.777648973464967,6.259086481892559,8.011924982070923,5.713070948817151,,,,,,,,,,,,,,,,,,,"Ray Kerr","23809",678061
"Jared Shuster","STL",0,0,0,5.10192,1,1,0,0,,2.58697,12,3,2,1,0,1,0,0,2,6.22106,3.67753,1.69164,1.30434,0.148018,0.0875,0.06051843613386154,0.274665,1.56536,0.29977,0.69448,,,5.01197,0.00655379,-0.0390875,999,,,,,,,12.343548679351805,4.771438240482808,13.93483018875122,5.386553199928999,,,,,,,,,,,,,,,,,,,"Jared Shuster","27472",694363
"Ethan Dorchies","MIL",0,0,0,5.25139,1,1,0,0,,4.31579,18,4,3,3,1,2,0,0,3,6.04166,4.14843,1.45637,1.32402,0.165304,0.113504,0.051799923181533813,0.255961,1.37043,0.278766,0.629587,,,5.22821,0.00650988,-0.0273357,999,,,,,,,9.236840248107912,2.1402435965795985,8.578946113586426,1.9878047028869945,,,,,,,,,,,,,,,,,,,"Ethan Dorchies","sa3067421",828475
"Frank Elissalt","STL",0,0,0,5.14183,1,1,0,0,,2.63987,11,3,2,2,0,1,0,0,2,6.4415,4.11214,1.56646,1.24083,0.17235,0.110025,0.06232484430074692,0.260854,1.40861,0.291193,0.645457,,,5.00883,0.00644638,-0.0359938,999,,,,,,,12.735074520111084,4.82412039697129,14.199374675750732,5.37880582397481,,,,,,,,,,,,,,,,,,,"Frank Elissalt","sa3025634",692284
"Ryan Cusick","PHI",0,0,0,5.05684,1,1,0,0,,2.35627,11,2,1,1,0,1,0,0,2,7.4234,4.92828,1.50628,1.30945,0.181057,0.120201,0.060855939984321594,0.254712,1.55485,0.288777,0.696562,,,5.18017,0.0063975,0.0503959,999,,,,,,,13.236419725418092,5.6175239820194935,12.781364679336548,5.424399051900121,,,,,,,,,,,,,,,,,,,"Ryan Cusick","sa3017385",680743
"Nate Payne","MIA",0,0,0,5.12471,1,1,0,0,,3.25882,13,3,2,2,0,2,0,0,3,7.03107,4.81091,1.46148,1.28751,0.189825,0.129885,0.05993986129760742,0.24595,1.40308,0.278274,0.649449,,,5.18497,0.00634227,0.00774547,999,,,,,,,16.315298414230348,5.006498621392152,16.29412055015564,5,,,,,,,,,,,,,,,,,,,"Nate Payne","sa3067390",827626
"Seth Lonsway","SFG",0,0,0,5.29128,1,1,0,0,,4.54722,20,5,3,3,1,2,0,0,3,5.45924,4.19065,1.30272,1.04136,0.137871,0.105833,0.03203798830509186,0.280982,1.55708,0.308572,0.655831,,,4.97178,0.00633242,-0.0185426,999,,,,,,,8.349436759948734,1.8361624435022124,9.736105918884277,2.141111136977421,,,,,,,,,,,,,,,,,,,"Seth Lonsway","sa3017857",675920
"Nigel Belgrave","MIA",0,0,0,4.02751,8,0,0,1,,8,35,7,4,4,1,4,,0,8,9.37897,4.27854,2.19209,1.00885,0.238196,0.108661,0.12953449040651321,0.236348,1.38531,0.295961,0.729859,,,4.08347,0.00627868,0.00153105,999,,,,,,,36.7,4.5875,35,4.375,,,,,,,,,,,,,,,,,,,"Nigel Belgrave","sa3023180",811310
"Darlin Saladin","STL",0,0,0,5.38221,1,1,0,0,,4.22253,18,4,3,3,1,2,0,0,3,5.41514,3.87269,1.39829,1.19834,0.143311,0.10249,0.04082062095403671,0.275616,1.45595,0.298848,0.632337,,,5.09415,0.00618317,-0.036559,999,,,,,,,8.546721172332768,2.0240759446870564,8.11264944076538,1.9212769727282695,,,,,,,,,,,,,,,,,,,"Darlin Saladin","sa3015949",692404
"Keaton Winn","SFG",1,1,0,4.07735,28,0,0,1,,28,118,27,14,13,3,9,,1,24,7.62391,2.91711,2.61351,0.989303,0.201007,0.0769107,0.12409643083810806,0.252639,1.29595,0.29827,0.701481,,,3.97271,0.00617386,-0.0203333,738.2999877929688,,,,,,,122.10000000000001,4.360714285714286,123,4.392857142857143,,,,,,,,,,,,,,,,,,,"Keaton Winn","23499",676775
"Joey Volini","MIA",0,0,0,4.17783,1,0,0,0,,1.68333,6,1,1,1,0,1,0,0,1,7.62864,3.07516,2.48073,1.02811,0.219514,0.0884874,0.13102616369724274,0.244679,1.19277,0.292806,0.663956,,,4.07389,0.00611305,-0.00977891,999,,,,,,,8.85666449069977,5.261385765034484,7.416665196418762,4.405940490287357,,,,,,,,,,,,,,,,,,,"Joey Volini","sa3044555",804123
"Edgar Moreta","NYM",0,0,0,5.15542,1,1,0,0,,3.81649,17,4,2,2,1,2,0,0,2,5.7978,3.7143,1.56094,1.34484,0.146286,0.0937167,0.05256965756416321,0.266711,1.46438,0.286474,0.668214,,,5.17098,0.00599614,0.0329276,999,,,,,,,3.5420555114746097,0.9280914689181397,4.082469940185547,1.06969117545636,,,,,,,,,,,,,,,,,,,"Edgar Moreta","sa3020989",807756
"Jace Hampson","NYM",0,0,0,5.2135,1,1,0,0,,3.5,14,3,2,2,0,1,0,0,2,4.85514,3.38099,1.43601,1.26381,0.134067,0.0933607,0.040706418454647064,0.265599,1.33301,0.279329,0.616245,,,5.13979,0.0058671,0.0132875,999,,,,,,,19.1,5.457142857142857,18.5,5.285714285714286,,,,,,,,,,,,,,,,,,,"Jace Hampson","sa3067455",827392
"Nolan Hoffman","PHI",1,1,0,4.31857,20,0,0,1,,20,88,19,10,10,2,9,,1,19,8.63498,4.06344,2.12504,1.10923,0.219301,0.103198,0.1161026656627655,0.245153,1.40136,0.296078,0.713917,,,4.31972,0.00583185,0.00619645,999,,,,,,,86,4.3,86,4.3,,,,,,,,,,,,,,,,,,,"Nolan Hoffman","23381",676510
"Reggie Crawford","SFG",0,0,0,3.66833,8,0,0,1,,8,35,7,4,3,1,4,,0,9,10.4639,4.23148,2.47287,1.02522,0.26575,0.107466,0.158283993601799,0.222042,1.3262,0.287787,0.755126,,,3.8498,0.00581218,-0.00616713,999,,,,,,,38.7,4.8375,37,4.625,,,,,,,,,,,,,,,,,,,"Reggie Crawford","sa3020457",686846
"Cory Wall","ATL",0,0,0,5.12185,1,1,0,0,,2.08329,9,2,1,1,0,1,0,0,1,6.45805,3.51716,1.83616,1.37449,0.174968,0.0952904,0.07967770844697952,0.260479,1.34558,0.286941,0.639712,,,4.99215,0.00575035,0.0315465,999,,,,,,,9.216337919235233,4.4239365379533675,9.416444540023804,4.519989764186027,,,,,,,,,,,,,,,,,,,"Cory Wall","sa3022944",696505
"Herick Hernandez","ATL",0,0,0,5.18096,1,1,0,0,,4.64489,20,4,3,3,1,3,0,0,4,7.62869,5.01538,1.52106,1.29323,0.197838,0.130066,0.06777213513851166,0.251281,1.48085,0.290552,0.665871,,,5.13478,0.00572877,-0.00473588,999,,,,,,,10.672209453582761,2.297622154990115,9.22446584701538,1.9859371379688446,,,,,,,,,,,,,,,,,,,"Herick Hernandez","sa3025588",803349
"Everett Catlett","COL",0,0,0,6.20286,1,1,0,0,,4.43667,19,5,3,3,1,2,0,0,2,5.00924,3.82093,1.311,1.45194,0.129739,0.0989619,0.030777379870414734,0.297321,1.55975,0.314134,0.604985,,,5.53498,0.00567413,0.0156017,999,,,,,,,5.531335544586181,1.2467321950503876,7.183334827423096,1.6190836236540591,,,,,,,,,,,,,,,,,,,"Everett Catlett","sa3028650",700481
"Josh Simpson","MIA",2,2,0,4.14037,44,0,0,1,,44,192,40,22,20,5,22,,2,43,8.88175,4.43093,2.00449,1.02698,0.225568,0.112532,0.11303666979074478,0.237072,1.40088,0.290854,0.723871,,,4.27262,0.00561386,0.00837356,999,,,,,,,178.10000000000002,4.047727272727273,173,3.9318181818181817,,,,,,,,,,,,,,,,,,,"Josh Simpson","25957",681006
"Luke Fox","LAD",0,0,0,5.3087,1,1,0,0,,4.07577,18,4,3,2,1,2,0,0,3,7.23986,4.66651,1.55145,1.50415,0.185958,0.119861,0.06609746068716049,0.250739,1.46043,0.2782,0.665481,,,5.40669,0.0055898,-0.0404293,999,,,,,,,7.460676097869873,1.8304962045640698,7.378835201263428,1.810416328604974,,,,,,,,,,,,,,,,,,,"Luke Fox","sa3023673",803183
"Jakob Wright","LAD",0,0,0,5.17407,1,1,0,0,,2.13333,10,2,1,1,0,1,0,0,2,7.13692,4.2601,1.67529,1.47163,0.169171,0.10098,0.06819120049476624,0.263724,1.57098,0.291406,0.702703,,,5.2511,0.00548234,0.0337474,999,,,,,,,11.586663961410526,5.431249662628341,11.666664838790894,5.468750080326585,,,,,,,,,,,,,,,,,,,"Jakob Wright","sa3045618",809915
"Max Lazar","PHI",2,2,0,4.41354,42,0,0,1,,42,181,42,22,21,6,14,,2,36,7.64928,2.98637,2.56139,1.266,0.197219,0.0769967,0.12022219598293304,0.253221,1.3278,0.29066,0.700509,,,4.39282,0.00544904,-0.0170665,999,,,,,,,155.8,3.7095238095238097,160,3.8095238095238093,,,,,,,,,,,,,,,,,,,"Max Lazar","23426",676661
"Alix Hernandez","SFG",0,0,0,4.91854,1,1,0,0,,2.48848,11,2,1,1,0,1,0,0,2,7.6087,4.7362,1.6065,1.22788,0.192569,0.119869,0.07270050793886185,0.252027,1.48707,0.291249,0.686825,,,4.95117,0.00535261,0.0547798,999,,,,,,,14.214743852615356,5.712221975567373,13.442394495010376,5.401851910579197,,,,,,,,,,,,,,,,,,,"Alix Hernandez","sa3021479",806672
"Mavis Graves","PHI",0,0,0,5.32271,1,1,0,0,,4.03852,18,4,3,2,1,2,0,0,3,7.52018,4.96711,1.51399,1.42138,0.18418,0.121651,0.06252826005220413,0.258512,1.5682,0.292177,0.684621,,,5.33326,0.00524384,-0.0369422,999,,,,,,,7.185018730163579,1.7791234826815001,7.192580223083496,1.780995827086321,,,,,,,,,,,,,,,,,,,"Mavis Graves","sa3021472",703496
"Alex McFarlane","PHI",0,0,0,5.19845,1,1,0,0,,2.89311,13,3,2,2,0,2,0,0,2,6.80534,4.90289,1.38803,1.27036,0.171119,0.123282,0.047836676239967346,0.257818,1.53009,0.288658,0.674847,,,5.24912,0.00522769,-0.0139167,999,,,,,,,11.60900721549988,4.012640685762563,12.465545415878296,4.30870218076787,,,,,,,,,,,,,,,,,,,"Alex McFarlane","sa3020633",686934
"Darien Smith","SFG",0,0,0,5.38579,1,1,0,0,,3.51,15,4,2,2,0,1,0,0,2,5.1537,3.4649,1.4874,1.18835,0.13814,0.0928735,0.04526693373918533,0.280611,1.42756,0.302433,0.622799,,,4.99617,0.00522577,0.0157898,999,,,,,,,16.573999929428105,4.721937314660971,18.549999952316284,5.2849002856743645,,,,,,,,,,,,,,,,,,,"Darien Smith","sa3067264",700800
"Jonathan Hernández","PHI",0,0,0,3.89132,1,0,0,0,,1.19214,5,1,1,1,0,1,0,0,1,8.92928,4.24084,2.10554,0.956121,0.224338,0.106546,0.11779139935970306,0.234035,1.38427,0.287843,0.738163,,,4.09535,0.00518996,-0.0376921,999,,,,,,,5.221850872039795,4.38022553470797,4.960710048675537,4.161173759641103,,,,,,,,,,,,,,,,,,,"Jonathan Hernandez","17464",642546
"Jordan Geber","NYM",0,0,0,5.15048,1,1,0,0,,2.99686,13,3,2,2,0,1,0,0,2,5.65177,3.54111,1.59605,1.36089,0.144996,0.0908473,0.0541490763425827,0.265945,1.42821,0.283944,0.660214,,,5.16529,0.00500885,-0.0171708,999,,,,,,,15.376727151870728,5.130954632962816,15.984275102615356,5.333683142211351,,,,,,,,,,,,,,,,,,,"Jordan Geber","sa3019958",802363
"Dylan Carmouche","SFG",0,0,0,5.33358,1,1,0,0,,4.33746,18,4,3,3,1,2,0,0,3,5.28682,3.61549,1.46227,1.2038,0.141733,0.096927,0.04480637609958649,0.275469,1.42023,0.297278,0.626908,,,5.04073,0.00494439,-0.030666,999,,,,,,,9.397197246551515,2.1665212414131405,8.68729543685913,2.002853574377569,,,,,,,,,,,,,,,,,,,"Dylan Carmouche","sa3023412",694581
"Bryce Jarvis","ARI",0,0,0,5.10805,1,1,0,0,,2.95777,14,3,2,2,0,1,0,0,2,7.04177,4.13439,1.70322,1.3406,0.171147,0.100484,0.07066244632005692,0.266475,1.54168,0.298177,0.691434,,,5.03698,0.00488597,-0.011195,999,,,,,,,15.087468814849853,5.100967598141832,15.788830280303955,5.33809300027326,,,,,,,,,,,,,,,,,,,"Bryce Jarvis","27477",686826
"Luis Ortiz","NYM",0,0,0,3.95556,1,0,0,0,,1.47779,6,1,1,1,0,0,0,0,1,8.01182,2.91555,2.74796,1.13427,0.204866,0.0745519,0.13031389564275742,0.242605,1.28876,0.283311,0.727061,,,4.09843,0.00486823,-0.025181,999,,,,,,,10.335675978660584,6.99398943342286,9.388970255851746,6.353368555257132,,,,,,,,,,,,,,,,,,,"Luis Ortiz","16942",656814
"Brandt Thompson","STL",0,0,0,5.45082,1,1,0,0,,4.69091,19,5,3,3,1,2,0,0,2,4.56794,2.92325,1.56263,1.35009,0.126215,0.0807708,0.04544372111558914,0.277327,1.3383,0.288121,0.599851,,,5.17057,0.00476898,-0.00944093,999,,,,,,,7.41272592544556,1.580232332260811,8.45454454421997,1.8023254572861593,,,,,,,,,,,,,,,,,,,"Brandt Thompson","sa3043741",825576
"Stu Flesland III","COL",0,0,0,6.27306,1,1,0,0,,2.8366,12,3,2,2,0,1,0,0,1,4.59385,3.49348,1.31498,1.43827,0.122044,0.0928108,0.029233478009700775,0.301853,1.51976,0.31566,0.585231,,,5.49227,0.00473454,0.00270469,999,,,,,,,12.190854597091676,4.297696580251549,13.18300986289978,4.647465520483131,,,,,,,,,,,,,,,,,,,"Stu Flesland III","sa3023000",687317
"Sterling Patick","LAD",0,0,0,5.32106,1,1,0,0,,3.50991,15,4,2,2,1,2,0,0,2,6.22384,4.1506,1.4995,1.45091,0.158099,0.105434,0.052664920687675476,0.261716,1.47236,0.282296,0.663058,,,5.37906,0.00473418,0.0196085,999,,,,,,,1.2733418464660655,0.3627846474107429,2.5495553016662598,0.7263874376988315,,,,,,,,,,,,,,,,,,,"Sterling Patick","sa3024981",814507
"Dedniel Núñez","NYM",0,0,0,3.59935,1,0,0,0,,1.18768,5,1,1,0,0,1,0,0,1,9.72247,4.02014,2.41844,1.08914,0.247344,0.102274,0.14506970345973969,0.217247,1.28789,0.26965,0.760936,,,4.03395,0.00472159,-0.0399718,999,,,,,,,5.188839101791382,4.368882955819489,4.93840479850769,4.158023043283191,,,,,,,,,,,,,,,,,,,"Dedniel Nunez","23055",673380
"Packy Naughton","STL",0,0,0,4.04888,1,0,0,0,,1.34381,6,1,1,1,0,0,0,0,1,8.1853,3.00488,2.72401,1.07416,0.208071,0.0763843,0.13168711215257645,0.24983,1.33122,0.296293,0.721449,,,4.00441,0.00461549,-0.0308666,999,,,,,,,9.344201660156251,6.9535086524049605,8.71905517578125,6.488304491983468,,,,,,,,,,,,,,,,,,,"Packy Naughton","23292",676050
"Mason Albright","COL",0,0,0,6.14201,1,1,0,0,,4.60562,20,5,3,3,1,2,0,0,3,4.94463,3.29202,1.502,1.62919,0.124622,0.0829707,0.04165147244930267,0.296806,1.55194,0.307759,0.621143,,,5.62602,0.00443088,0.0259226,999,,,,,,,8.78160848617554,1.9067146676500992,10.028113842010498,2.1773632679625012,,,,,,,,,,,,,,,,,,,"Mason Albright","sa3017847",695476
"Pierce Coppola","CHC",0,0,0,4.94017,1,1,0,0,,2.66667,13,3,2,1,0,1,0,0,3,8.6108,4.85811,1.77246,1.47511,0.201422,0.11364,0.08778225630521774,0.249699,1.5774,0.287897,0.725459,,,5.13596,0.00441587,-0.0337396,999,,,,,,,14.933335685729979,5.600000214576695,16.333334922790527,6.124999865889565,,,,,,,,,,,,,,,,,,,"Pierce Coppola","sa3029364",695518
"Dameivi Tineo","MIA",0,0,0,5.35526,1,1,0,0,,3.89412,17,4,3,2,1,2,0,0,3,6.24308,4.69031,1.33106,1.22166,0.154617,0.116161,0.03845629096031189,0.270792,1.5808,0.299607,0.669344,,,5.23209,0.00438974,-0.0458713,999,,,,,,,6.116473722457885,1.5706954980724739,6.470590353012085,1.6616317830370997,,,,,,,,,,,,,,,,,,,"Dameivi Tineo","sa3017726",702419
"Jack Hostetler","MIL",0,0,0,5.05985,1,1,0,0,,2.84,13,3,2,2,0,1,0,0,2,6.7551,4.0225,1.67933,1.45005,0.16397,0.0976402,0.06632983684539795,0.259694,1.50654,0.283567,0.696726,,,5.22039,0.00432679,-0.021516,999,,,,,,,14.215999364852905,5.005633730454188,15.199999570846558,5.352112686697914,,,,,,,,,,,,,,,,,,,"Jack Hostetler","sa3065768",828774
"Mike Baumann","NYM",0,0,0,4.06823,1,0,0,0,,1.47502,7,1,1,1,0,1,0,0,1,8.97863,4.07471,2.2035,1.04426,0.224072,0.101689,0.12238296866416931,0.240195,1.4015,0.293598,0.732644,,,4.15518,0.00431636,-0.0206652,999,,,,,,,7.315140438079835,4.959353436529265,6.375094890594482,4.322042621258129,,,,,,,,,,,,,,,,,,,"Mike Baumann","20206",657508
"Danyony Pulido","PHI",0,0,0,5.35786,1,1,0,0,,2.53641,11,2,2,2,0,1,0,0,2,6.68688,4.85252,1.37802,1.26887,0.17505,0.12703,0.04802025854587555,0.259552,1.48769,0.291477,0.649049,,,5.25188,0.00431287,-0.0350833,999,,,,,,,14.569404697418214,5.74411370520051,13.682030200958252,5.394258641618927,,,,,,,,,,,,,,,,,,,"Danyony Pulido","sa3015502",699707
"Irving Cota","NYM",0,0,0,5.2177,1,1,0,0,,3.65596,15,4,2,2,1,1,0,0,2,4.91282,3.19882,1.53582,1.36951,0.130991,0.0852904,0.04570067673921585,0.266771,1.36053,0.277863,0.633835,,,5.22026,0.00420133,0.0229178,999,,,,,,,5.354074621200562,1.46448003680142,6.279780149459839,1.7176848129777436,,,,,,,,,,,,,,,,,,,"Irving Cota","sa3022108",806522
"Zane Mills","CHC",0,0,0,5.2583,1,1,0,0,,2.48443,11,3,2,1,0,1,0,0,2,5.91398,3.70994,1.59409,1.30681,0.149661,0.093885,0.055776387453079224,0.273372,1.48675,0.297068,0.661191,,,5.08843,0.00414882,-0.0450561,999,,,,,,,11.584752559661865,4.662949292534536,13.422130107879639,5.402507456980215,,,,,,,,,,,,,,,,,,,"Zane Mills","sa3017535",677312
"Keyner Benitez","MIA",0,0,0,5.57085,1,1,0,0,,3.87117,17,4,3,2,0,2,0,0,2,5.26402,4.4004,1.19626,1.13368,0.136406,0.114027,0.022378921508789062,0.280969,1.54242,0.305245,0.634195,,,5.21813,0.00414106,-0.0471724,999,,,,,,,16.2466724395752,4.196835646668892,17.355859756469727,4.483360588172402,,,,,,,,,,,,,,,,,,,"Keyner Benitez","sa3021795",808547
"Max Rajcic","STL",0,0,0,5.32455,1,1,0,0,,4.77911,21,5,3,3,1,2,0,0,3,5.4329,3.43281,1.58264,1.3652,0.136745,0.0864029,0.0503416433930397,0.276247,1.48258,0.293882,0.658476,,,5.1848,0.00408953,-0.00425149,999,,,,,,,10.065406608581544,2.10612618505649,10.89554500579834,2.279827684021121,,,,,,,,,,,,,,,,,,,"Max Rajcic","sa3020746",691008
"Po-Yu Chen","PIT",0,0,0,5.48751,1,1,0,0,,4.35603,19,5,3,3,1,2,0,0,2,5.09322,3.83029,1.32972,1.27004,0.128273,0.096466,0.031807154417037964,0.281121,1.5326,0.298963,0.649157,,,5.25963,0.00405587,-0.0178707,999,,,,,,,4.9346077919006355,1.132822769112142,6.780140399932861,1.5564960269846932,,,,,,,,,,,,,,,,,,,"Po-Yu Chen","sa3014699",696040
"Jonah Hurney","CIN",0,0,0,5.71319,1,1,0,0,,2.17947,10,2,2,1,0,1,0,0,1,5.15187,3.4575,1.49006,1.48931,0.130655,0.0876849,0.04297050088644028,0.283905,1.50568,0.297607,0.637626,,,5.43425,0.0039947,-0.0502783,999,,,,,,,9.92804141044617,4.5552652406830125,9.897325277328491,4.541171813013389,,,,,,,,,,,,,,,,,,,"Jonah Hurney","sa3023417",802373
"Eriq Swan","WSN",0,0,0,5.37644,1,1,0,0,,3.96348,18,4,3,2,1,2,0,0,3,7.15708,5.39167,1.32743,1.22349,0.179102,0.134923,0.044178351759910583,0.261654,1.58989,0.299371,0.669791,,,5.27204,0.0039498,-0.0455029,999,,,,,,,6.629744911193848,1.6727084565986263,6.817395210266113,1.720053301135777,,,,,,,,,,,,,,,,,,,"Eriq Swan","sa3023514",811291
"Luis Gutierrez","SDP",0,0,0,5.28616,1,1,0,0,,4.70183,20,5,3,3,1,2,0,0,3,4.98454,3.61829,1.3776,1.27731,0.128373,0.0931858,0.035186752676963806,0.272342,1.45476,0.287347,0.647452,,,5.21902,0.00394824,-0.0134684,999,,,,,,,9.493548393249515,2.019117375325721,10.509154319763184,2.2351195999697375,,,,,,,,,,,,,,,,,,,"Luis Gutierrez","sa3016469",692294
"Brandon Beckel","PHI",0,0,0,5.38685,1,1,0,0,,2.47901,11,3,2,1,0,1,0,0,2,5.71462,3.88959,1.46921,1.37313,0.148891,0.101341,0.04755021631717682,0.268306,1.44771,0.287899,0.643358,,,5.28744,0.00391442,-0.0384478,999,,,,,,,11.544703006744385,4.656973853351565,13.395069599151611,5.403386198036534,,,,,,,,,,,,,,,,,,,"Brandon Beckel","sa3023276",699552
"Nick Sinacola","SFG",0,0,0,5.39672,1,1,0,0,,3.57432,15,4,2,2,1,1,0,0,2,5.3367,3.43104,1.55542,1.26952,0.142162,0.0913979,0.05076386779546738,0.27823,1.42315,0.299212,0.626775,,,5.06169,0.00381836,0.0197624,999,,,,,,,4.74999680519104,1.3289217619684253,5.871619462966919,1.6427217116876085,,,,,,,,,,,,,,,,,,,"Nick Sinacola","sa3017862",701161
"Braxton Roxby","SFG",0,0,0,3.84788,1,0,0,0,,1.3453,6,1,1,1,0,1,0,0,1,9.30781,3.97622,2.34087,1.01141,0.23803,0.101685,0.13634556531906128,0.232006,1.33611,0.288737,0.737321,,,3.99817,0.00380447,-0.0310402,999,,,,,,,6.355219697952272,4.724016866701628,5.726499795913696,4.256671351861563,,,,,,,,,,,,,,,,,,,"Braxton Roxby","sa3014811",694820
"Joe Jacques","NYM",0,0,0,4.00436,8,0,0,1,,8,35,8,4,4,1,3,,0,7,7.87934,3.48891,2.2584,0.977075,0.20011,0.0886071,0.1115029975771904,0.245119,1.35355,0.289984,0.722054,,,4.09892,0.00363172,-0.00469284,999,,,,,,,35.10000000000001,4.387500000000001,36,4.5,,,,,,,,,,,,,,,,,,,"Joe Jacques","25178",682175
"John West","ARI",0,0,0,5.53363,1,1,0,0,,4.955,22,6,3,3,1,2,0,0,3,5.48364,3.88287,1.41226,1.19331,0.139771,0.0989693,0.04080129414796829,0.286634,1.54347,0.312148,0.642139,,,5.07893,0.00356564,0.0152,999,,,,,,,8.766999435424806,1.7693238285395563,11.774999618530273,2.3763874469897575,,,,,,,,,,,,,,,,,,,"John West","sa3045033",802482
"Brayan Mendoza","MIA",0,0,0,5.51469,1,1,0,0,,3.72193,16,4,2,2,1,2,0,0,2,5.33563,4.03125,1.32356,1.25941,0.134993,0.101992,0.03300095349550247,0.280152,1.53907,0.300821,0.647592,,,5.25915,0.00353297,0.0365197,999,,,,,,,2.8422451496124257,0.7636492229620547,3.6096251010894775,0.9698274633372803,,,,,,,,,,,,,,,,,,,"Brayan Mendoza","sa3015477",694207
"Tanner Gillis","MIL",0,0,0,5.5213,1,1,0,0,,4.34286,18,4,3,3,1,2,0,0,2,4.43623,3.12379,1.42014,1.35091,0.121826,0.0857842,0.03604169189929962,0.27707,1.36007,0.286383,0.600053,,,5.27064,0.00351452,-0.0257724,999,,,,,,,7.437140941619875,1.712499660998563,6.714284420013428,1.5460524257076291,,,,,,,,,,,,,,,,,,,"Tanner Gillis","sa3067074",828705
"Noble Meyer","MIA",0,0,0,5.24451,1,1,0,0,,3.54181,16,3,2,2,1,2,0,0,3,7.2285,5.19111,1.39248,1.29723,0.179668,0.129028,0.0506405383348465,0.256259,1.56075,0.290355,0.680145,,,5.29433,0.00337086,0.0252313,999,,,,,,,6.109408378601075,1.7249386689155406,4.709059715270996,1.3295623231792053,,,,,,,,,,,,,,,,,,,"Noble Meyer","sa3022945",800611
"Tyler Schlaffer","CHC",0,0,0,5.20348,1,1,0,0,,4.5422,19,4,3,3,1,2,0,0,3,6.06512,4.24047,1.4303,1.27944,0.159005,0.111169,0.04783569276332855,0.260602,1.44023,0.284894,0.651583,,,5.19441,0.00330971,-0.0171145,999,,,,,,,10.912273597717283,2.4024207820500405,9.7109956741333,2.1379502276057503,,,,,,,,,,,,,,,,,,,"Tyler Schlaffer","sa3011815",690370
"Will Rudy","MIL",0,0,0,5.37263,1,1,0,0,,4.78685,20,5,3,3,1,2,0,0,3,5.46389,3.5619,1.53398,1.44301,0.145879,0.0950983,0.050780825316905975,0.265247,1.38261,0.279885,0.630838,,,5.32886,0.00325546,0.000223297,999,,,,,,,10.122675704956055,2.1146849786447475,10.934240341186523,2.2842254830980915,,,,,,,,,,,,,,,,,,,"Will Rudy","sa3020893",805733
"Yunior Marte","CIN",1,1,0,4.32476,24,0,0,1,,24,109,23,13,12,3,11,,1,23,8.53818,4.24172,2.0129,1.17192,0.208719,0.10369,0.10502854734659195,0.243215,1.44978,0.288114,0.729745,,,4.49715,0.00325393,-0.0122382,999,,,,,,,94.90000000000002,3.9541666666666675,95,3.9583333333333335,,,,,,,,,,,,,,,,,,,"Yunior Marte","14416",628708
"Kyle Luckham","WSN",0,0,0,5.65366,1,1,0,0,,5.07764,22,6,3,3,1,2,0,0,2,4.08793,2.92302,1.39853,1.38554,0.105298,0.0752923,0.030006103217601776,0.28959,1.46708,0.296235,0.623999,,,5.33518,0.00311405,0.0197486,999,,,,,,,7.674550533294676,1.5114398746049589,10.388209819793701,2.0458728467917857,,,,,,,,,,,,,,,,,,,"Kyle Luckham","sa3020378",680734
"Hyun-Seok Jang","LAD",0,0,0,5.22762,1,1,0,0,,2.70885,12,2,2,2,0,2,0,0,3,8.5633,5.7379,1.49241,1.46294,0.21464,0.143821,0.07081903517246246,0.238084,1.52794,0.277189,0.687135,,,5.42447,0.0030903,-0.0288203,999,,,,,,,14.845505189895633,5.480367661704198,13.544260263442993,5,,,,,,,,,,,,,,,,,,,"Hyun-Seok Jang","sa3023601",815794
"Dominic Perachi","PIT",0,0,0,5.45531,1,1,0,0,,4.14612,18,4,3,3,1,2,0,0,2,5.10282,4.02172,1.26882,1.22813,0.132996,0.104819,0.028177127242088318,0.275281,1.48422,0.293939,0.635781,,,5.25941,0.00304772,-0.0300482,999,,,,,,,5.981256771087645,1.442616918735807,5.730578899383545,1.3821560235237695,,,,,,,,,,,,,,,,,,,"Dominic Perachi","sa3020841",806270
"Garrett Hawkins","SDP",1,1,0,4.01233,28,0,0,1,,28,121,24,14,12,4,12,,1,30,9.49831,3.99977,2.37471,1.24572,0.244217,0.102841,0.14137662202119827,0.225408,1.30745,0.275001,0.736773,,,4.30184,0.00296121,-0.0152012,999,,,,,,,120.60000000000005,4.307142857142859,113,4.035714285714286,,,,,,,,,,,,,,,,,,,"Garrett Hawkins","sa3017383",678184
"Kyle Amendt","ARI",0,0,0,3.81997,1,0,0,0,,1.05493,5,1,0,0,0,1,0,0,1,10.3675,4.47364,2.31746,1.06429,0.261521,0.112848,0.14867302030324936,0.223444,1.3589,0.287446,0.750262,,,4.01175,0.00290899,0.0589492,999,,,,,,,4.206518840789796,3.9874674047024024,4.274674892425537,4.0520742790840005,,,,,,,,,,,,,,,,,,,"Kyle Amendt","sa3022904",694900
"Jordy Vargas","COL",0,0,0,5.58699,1,1,0,0,,3.03998,15,3,2,2,1,2,0,0,3,7.62995,5.24268,1.45535,1.54127,0.175105,0.120318,0.05478714406490326,0.268067,1.70897,0.300085,0.701698,,,5.58404,0.00289287,0.0152422,999,,,,,,,2.3958673954010026,0.7881189204374479,2.1999104022979736,0.7236590032680008,,,,,,,,,,,,,,,,,,,"Jordy Vargas","sa3016052",700174
"Shawn Dubin","ARI",0,0,0,4.19539,1,0,0,0,,1.60558,7,2,1,1,0,1,0,0,2,8.96698,3.8596,2.32329,1.15101,0.222863,0.0959256,0.1269376575946808,0.243444,1.40088,0.294269,0.729835,,,4.23833,0.00287493,-0.0189652,999,,,,,,,7.681276798248292,4.784119524546195,9.027889728546143,5.622828684631858,,,,,,,,,,,,,,,,,,,"Shawn Dubin","24977",681869
"Franck De La Rosa","PIT",0,0,0,5.13622,1,1,0,0,,2.08551,10,2,1,1,0,1,0,0,2,7.23746,5.23947,1.38133,1.2166,0.174644,0.126432,0.04821258783340454,0.259472,1.61159,0.295322,0.69482,,,5.19566,0.00286769,0.0331155,999,,,,,,,11.232744121551516,5.386100219429065,11.42752981185913,5.479499947754984,,,,,,,,,,,,,,,,,,,"Franck De La Rosa","sa3015964",692651
"Enniel Cortez","MIL",0,0,0,5.14602,1,1,0,0,,3.63846,16,4,2,2,1,1,0,0,2,6.05073,3.57706,1.69154,1.51277,0.15,0.0886767,0.061323098838329315,0.262216,1.45591,0.278572,0.681149,,,5.31191,0.00285678,0.0271048,999,,,,,,,5.224619293212891,1.435941669174178,6.192310333251953,1.7019032271930938,,,,,,,,,,,,,,,,,,,"Enniel Cortez","sa3021525",808308
"Yunior Marte","SFG",0,0,0,5.24866,1,1,0,0,,3.87598,16,4,2,2,1,2,0,0,2,5.12981,3.53903,1.4495,1.23447,0.138003,0.0952074,0.04279526323080063,0.270259,1.39099,0.288333,0.628899,,,5.09327,0.00280604,0.0386028,999,,,,,,,3.982251262664791,1.0274179343125103,4.379899501800537,1.1300108912829017,,,,,,,,,,,,,,,,,,,"Yunior Marte","sa3018367",805074
"Anderson Cardenas","ARI",0,0,0,5.46801,1,1,0,0,,2.61476,10,2,2,2,0,1,0,0,2,5.73851,3.79668,1.51145,1.24321,0.162126,0.107265,0.05486113578081131,0.270868,1.36081,0.297623,0.597235,,,5.05473,0.00279134,-0.0316054,999,,,,,,,15.149260473251346,5.793737060754061,14.073824644088745,5.382443556963319,,,,,,,,,,,,,,,,,,,"Anderson Cardenas","sa3020991",807966
"Sammy Peralta","MIL",1,1,0,4.2031,22,0,0,1,,22,94,21,11,10,3,7,,1,19,7.75092,2.8645,2.70585,1.2515,0.201561,0.0744906,0.12707003206014633,0.246026,1.28041,0.282802,0.709507,,,4.30647,0.00268993,-0.00251092,999,,,,,,,89.30000000000001,4.0590909090909095,89,4.045454545454546,,,,,,,,,,,,,,,,,,,"Sammy Peralta","25589",671111
"José Marte","NYM",0,0,0,3.95089,1,0,0,0,,1.10844,5,1,1,0,0,1,0,0,1,9.15204,4.568,2.00351,1.03803,0.230577,0.115086,0.11549025028944016,0.227534,1.38393,0.279856,0.739871,,,4.27653,0.00246074,-0.0416014,999,,,,,,,4.602470421791077,4.152197980595346,4.54220974445343,4.097832772387596,,,,,,,,,,,,,,,,,,,"Jose Marte","21761",665896
"Hayden Cuthbertson","MIA",0,0,0,4.49479,1,0,0,0,,1.25,4,1,1,1,0,0,0,0,1,6.73556,3.08598,2.18263,0.993096,0.207888,0.0952464,0.1126411110162735,0.251114,1.15092,0.295749,0.60761,,,4.21942,0.00244946,-0.0322403,999,,,,,,,8.65,6.92,8.25,6.6,,,,,,,,,,,,,,,,,,,"Hayden Cuthbertson","sa3062581",836078
"Cesar Aquino","PIT",0,0,0,5.70779,1,1,0,0,,2.24286,9,2,2,1,0,1,0,0,1,3.73557,3.1551,1.18398,1.187,0.102892,0.0869038,0.015988178551197052,0.290891,1.40955,0.299688,0.585241,,,5.2001,0.00243363,-0.0516972,999,,,,,,,10.39714164733887,4.635668588310431,10.214284896850586,4.554140094888779,,,,,,,,,,,,,,,,,,,"Cesar Aquino","sa3024469",823714
"Brady Smith","LAD",0,0,0,5.26131,1,1,0,0,,2.03,9,2,1,1,0,1,0,0,2,7.96505,4.99754,1.59379,1.55051,0.197424,0.123871,0.07355351746082306,0.247405,1.5138,0.279105,0.687801,,,5.43014,0.00235316,0.0271248,999,,,,,,,10.821999788284305,5.331034453599224,11.149999856948853,5.4926108443811374,,,,,,,,,,,,,,,,,,,"Brady Smith","sa3067255",806224
"Mason Green","COL",0,0,0,6.12047,1,1,0,0,,2.99973,13,3,2,2,0,2,0,0,2,6.10182,4.80284,1.27046,1.41869,0.154861,0.121894,0.03296744078397751,0.285384,1.61602,0.312721,0.62584,,,5.5843,0.00231275,0.0127484,999,,,,,,,12.397993993759155,4.133038128562941,12.998644590377808,4.333273087461825,,,,,,,,,,,,,,,,,,,"Mason Green","sa3017717",679057
"Seth Clausen","COL",0,0,0,5.15836,1,0,0,0,,1.4,5,1,1,1,0,1,0,0,1,6.51633,3.30177,1.97359,1.083,0.194933,0.0987708,0.09616212546825409,0.27189,1.26585,0.31626,0.583063,,,4.47496,0.00228297,-0.0139804,999,,,,,,,6.7599998235702525,4.828571384780261,5.9999998807907104,4.285714273550072,,,,,,,,,,,,,,,,,,,"Seth Clausen","sa3029003",703523
"Parker Mushinski","COL",0,0,0,3.99107,1,0,0,0,,1.04984,5,1,1,0,0,0,0,0,1,9.05375,4.23215,2.13928,1.02184,0.223543,0.104494,0.11904823035001755,0.236936,1.4131,0.289985,0.740547,,,4.16144,0.00226144,-0.0467822,999,,,,,,,7.1688378572464,6.8284859484023634,7.249214768409729,6.905046838658793,,,,,,,,,,,,,,,,,,,"Parker Mushinski","21324",656786
"Bryce Meccage","MIL",0,0,0,5.25124,1,1,0,0,,3.68947,15,3,2,2,1,2,0,0,2,5.94178,3.87052,1.53514,1.4452,0.158493,0.103243,0.05524925887584686,0.256525,1.37633,0.273948,0.641808,,,5.33218,0.00218068,0.0302919,999,,,,,,,5.202108383178712,1.4099864191895253,3.4473705291748047,0.9343799225268269,,,,,,,,,,,,,,,,,,,"Bryce Meccage","sa3067069",815501
"Logan Tabeling","LAD",0,0,0,5.31347,1,1,0,0,,3.26667,15,3,2,2,0,2,0,0,3,7.20988,5.40667,1.33352,1.31684,0.176642,0.132463,0.04417863488197327,0.25669,1.59652,0.289732,0.683845,,,5.40253,0.00209669,0.00465594,999,,,,,,,16.373334980010988,5.012245060612082,16.33333444595337,5,,,,,,,,,,,,,,,,,,,"Logan Tabeling","sa3067065",805841
"Eric Yost","SDP",0,0,0,5.33487,1,1,0,0,,4.71101,21,5,3,3,1,2,0,0,3,5.28667,4.022,1.31444,1.2376,0.133805,0.101796,0.032008565962314606,0.273528,1.51208,0.292704,0.655257,,,5.23529,0.00207667,-0.0129326,999,,,,,,,9.561445617675783,2.0295973479345926,10.555030822753906,2.2405045661323992,,,,,,,,,,,,,,,,,,,"Eric Yost","sa3022858",801293
"Anthony Flores","MIL",0,0,0,5.13235,1,1,0,0,,3.08327,14,3,2,2,0,2,0,0,2,6.5928,4.56488,1.44424,1.33756,0.164399,0.113831,0.05056857317686081,0.256985,1.50874,0.282789,0.681101,,,5.27789,0.00203147,-0.00694893,999,,,,,,,13.016189718246462,4.221555180968511,13.416344404220581,4.35133779203439,,,,,,,,,,,,,,,,,,,"Anthony Flores","sa3019377",800260
"Michael Rucker","WSN",0,0,0,4.23997,1,0,0,0,,1.25127,6,1,1,1,0,0,0,0,1,8.02827,3.47137,2.31271,1.12364,0.201668,0.0872002,0.11446830630302429,0.249426,1.38102,0.292737,0.718327,,,4.27262,0.00199609,-0.0334773,999,,,,,,,8.659434580802918,6.920489079408239,8.256374716758728,6.598369735305872,,,,,,,,,,,,,,,,,,,"Michael Rucker","19454",621074
"Alex Young","CIN",0,0,0,4.45182,1,0,0,0,,0.94896,4,1,1,0,0,0,0,0,1,7.63189,3.35547,2.27446,1.21002,0.198327,0.0871974,0.11112984269857407,0.251487,1.3429,0.290662,0.69512,,,4.44212,0.00195255,-0.0442701,999,,,,,,,6.422304046154023,6.767728886300261,6.74480003118515,7.107570378999136,,,,,,,,,,,,,,,,,,,"Alex Young","18333",622065
"Jeff Criswell","COL",1,1,0,4.82265,18,0,0,1,,18,78,18,11,10,3,7,,1,17,8.37332,3.60605,2.32202,1.37477,0.213527,0.0919577,0.12156955152750015,0.257578,1.40764,0.302243,0.688879,,,4.60351,0.00188888,-0.0190486,999,,,,,,,63.500000000000014,3.5277777777777786,65,3.611111111111111,,,,,,,,,,,,,,,,,,,"Jeff Criswell","27608",676105
"Daison Acosta","SDP",1,1,0,3.86451,18,0,0,1,,18,79,15,8,8,2,9,,1,19,9.63567,4.57272,2.10721,1.107,0.243941,0.115765,0.1281760036945343,0.220164,1.35129,0.273191,0.748292,,,4.2698,0.00184809,0.022008,999,,,,,,,81.60000000000002,4.533333333333335,76,4.222222222222222,,,,,,,,,,,,,,,,,,,"Daison Acosta","sa944989",670897
"Emmanuel Chapman","PIT",0,0,0,5.50842,1,1,0,0,,2.25416,10,2,2,1,0,1,0,0,1,5.98496,4.53269,1.3204,1.23946,0.155461,0.117738,0.0377231165766716,0.271967,1.51645,0.299555,0.640628,,,5.25603,0.00167427,-0.0510441,999,,,,,,,10.480783462524414,4.649529669689946,10.27079963684082,4.556375753175798,,,,,,,,,,,,,,,,,,,"Emmanuel Chapman","sa3023456",820888
"Daniel Duarte","NYM",0,0,0,4.09472,1,0,0,0,,1.07909,5,1,1,0,0,0,0,0,1,8.52926,4.05991,2.10085,1.07731,0.216875,0.103232,0.11364273726940155,0.236889,1.36782,0.284403,0.725603,,,4.29577,0.00165568,-0.0434607,999,,,,,,,7.385295987129213,6.84397803072592,7.3954702615737915,6.853406564246936,,,,,,,,,,,,,,,,,,,"Daniel Duarte","17480",650960
"Blake Holub","MIL",0,0,0,3.96799,1,0,0,0,,1.13005,5,1,1,0,0,1,0,0,1,9.27215,4.52649,2.04842,1.0563,0.236039,0.11523,0.12080918252468109,0.226964,1.36795,0.280688,0.73644,,,4.26086,0.00162503,-0.0403346,999,,,,,,,4.762333416938782,4.214286315582934,4.650225281715393,4.11507953210637,,,,,,,,,,,,,,,,,,,"Blake Holub","sa3018147",700183
"Jesse Bergin","MIA",0,0,0,4.37215,1,0,0,0,,1.31618,5,1,1,1,0,1,0,0,1,7.61949,3.48601,2.18573,1.0853,0.210362,0.0962433,0.11411885917186737,0.246949,1.27465,0.291984,0.672853,,,4.30382,0.00161573,-0.0288557,999,,,,,,,6.139709877967835,4.664805591359323,5.580885052680969,4.240223775377589,,,,,,,,,,,,,,,,,,,"Jesse Bergin","sa3017133",685045
"Carlos Carra","MIL",0,0,0,5.26316,1,1,0,0,,3.72143,16,4,2,2,1,2,0,0,2,5.82465,3.64054,1.59994,1.48593,0.149859,0.0936653,0.05619361996650696,0.262605,1.42005,0.278386,0.65718,,,5.34142,0.00161011,0.0322935,999,,,,,,,2.8385754108428944,0.7627648753379901,3.6071455478668213,0.9692904101242856,,,,,,,,,,,,,,,,,,,"Carlos Carra","sa3025013",820902
"Justin Armbruester","NYM",0,0,0,5.19562,1,1,0,0,,4.14944,19,4,3,2,1,2,0,0,4,7.6016,3.90421,1.94703,1.73675,0.184872,0.0949509,0.08992128074169159,0.253865,1.47085,0.276978,0.699867,,,5.40546,0.00152055,-0.0447668,999,,,,,,,10.005847549438473,2.411373655999238,9.747194290161133,2.3490391408691607,,,,,,,,,,,,,,,,,,,"Justin Armbruester","sa3017548",701859
"David Lorduy","CIN",0,0,0,5.82509,1,1,0,0,,3.25448,14,3,2,2,1,1,0,0,2,4.94278,3.68711,1.34056,1.53168,0.131806,0.0983216,0.033484093844890594,0.275496,1.43208,0.284855,0.60743,,,5.61598,0.00146258,0.0139993,999,,,,,,,4.983115863800049,1.5311580777447578,4.272375583648682,1.3127694729286437,,,,,,,,,,,,,,,,,,,"David Lorduy","sa3019135",800124
"Jake Clemente","MIA",0,0,0,4.69657,1,0,0,0,,1.62,6,1,1,1,0,1,0,0,1,5.98289,3.05978,1.95534,0.945533,0.192307,0.09835,0.0939573273062706,0.257118,1.13157,0.297344,0.570456,,,4.30561,0.00128561,-0.0131062,999,,,,,,,8.38800003528595,5.177777784318754,7.100000023841858,4.382716051199654,,,,,,,,,,,,,,,,,,,"Jake Clemente","sa3029027",701361
"Yordin Chalas","ARI",0,0,0,5.12788,1,1,0,0,,2.27249,10,2,1,1,0,1,0,0,2,6.73666,4.78514,1.40783,1.17543,0.16311,0.11586,0.04725084453821182,0.266331,1.5981,0.299462,0.689483,,,5.09068,0.00126652,0.0442917,999,,,,,,,12.616426181793216,5.551807068635687,12.362450122833252,5.440045936039122,,,,,,,,,,,,,,,,,,,"Yordin Chalas","sa3021508",808054
"Aaron Combs","PHI",0,0,0,5.30562,1,1,0,0,,2.82521,13,3,2,2,0,1,0,0,2,7.0339,4.25696,1.65233,1.58014,0.166305,0.100649,0.065655916929245,0.263754,1.57399,0.287648,0.700287,,,5.42993,0.00125748,-0.0179805,999,,,,,,,14.10652470588684,4.993095901499547,15.126030206680298,5.353956485073596,,,,,,,,,,,,,,,,,,,"Aaron Combs","sa3025490",694551
"Johnathan Harmon","CIN",0,0,0,5.77374,1,1,0,0,,4.00061,17,4,3,3,1,2,0,0,2,5.25662,3.8962,1.34917,1.52402,0.134037,0.0993481,0.0346890464425087,0.27727,1.50773,0.289938,0.635138,,,5.61161,0.00123004,-0.0308394,999,,,,,,,4.904520130157467,1.225942822366302,5.003054141998291,1.2505725641900627,,,,,,,,,,,,,,,,,,,"Johnathan Harmon","sa3020452",801333
"Edwin Jimenez","MIL",0,0,0,5.47912,1,1,0,0,,4.89315,21,5,3,3,1,2,0,0,3,5.11901,3.33462,1.53511,1.46974,0.134092,0.08735,0.04674186557531357,0.273082,1.41532,0.284917,0.632336,,,5.36773,0.00122799,0.00654792,999,,,,,,,10.90928068161011,2.229502368571357,11.4657301902771,2.3432225609259936,,,,,,,,,,,,,,,,,,,"Edwin Jimenez","sa3010800",683720
"Peyton Stumbo","PIT",0,0,0,5.547,1,1,0,0,,3.02907,13,3,2,2,0,1,0,0,2,4.82185,3.64786,1.32183,1.30155,0.125043,0.0945986,0.030444689095020294,0.280488,1.48031,0.295151,0.631642,,,5.29967,0.00116859,-0.00522442,999,,,,,,,15.615133142471315,5.15508806125913,16.145360231399536,5.330134108638363,,,,,,,,,,,,,,,,,,,"Peyton Stumbo","sa3023009",814482
"Hung-Leng Chang","PIT",0,0,0,5.57573,1,1,0,0,,4.09093,18,5,3,3,1,2,0,0,2,4.58609,3.53875,1.29596,1.30411,0.11766,0.0907896,0.026870228350162506,0.283561,1.49653,0.29613,0.633759,,,5.31928,0.00101153,-0.0332252,999,,,,,,,2.9728889465331996,0.7267023059213186,5.454654693603516,1.3333529153413843,,,,,,,,,,,,,,,,,,,"Hung-Leng Chang","sa3019518",800213
"Marlon Nieves","LAD",0,0,0,5.55107,1,1,0,0,,4.165,18,4,3,3,1,2,0,0,3,5.72994,4.81824,1.18922,1.28434,0.151525,0.127416,0.024109497666358948,0.26342,1.48788,0.285487,0.632111,,,5.47407,0.00100397,-0.0353326,999,,,,,,,8.120999717712403,1.949819878053332,7.824999809265137,1.8787514720129215,,,,,,,,,,,,,,,,,,,"Marlon Nieves","sa3021567",812363
"Jefry Yan","NYM",0,0,0,4.5877,1,0,0,0,,1.11293,5,1,1,1,0,1,0,0,1,10.4998,5.33464,1.96823,1.26558,0.238314,0.12108,0.11723332852125168,0.245313,1.6341,0.306608,0.749601,,,4.58101,0.000959657,-0.0288615,999,,,,,,,4.6357044935226455,4.165304046429511,4.564665198326111,4.10147334623042,,,,,,,,,,,,,,,,,,,"Jefry Yan","sa828460",642376
"Anderson Pilar","ATL",0,0,0,4.23047,1,0,0,0,,1.76221,7,2,1,1,0,1,0,0,2,7.88571,3.23014,2.44129,1.15726,0.20775,0.0850985,0.12265173345804214,0.245985,1.29708,0.288194,0.701557,,,4.265,0.000953693,-0.00647465,999,,,,,,,8.84035408496857,5.016629134647084,9.811050057411194,5.567469253655457,,,,,,,,,,,,,,,,,,,"Anderson Pilar","sa917899",666768
"Cam Day","LAD",0,0,0,5.50393,1,1,0,0,,3.08733,14,3,2,2,0,2,0,0,2,6.15329,4.64046,1.32601,1.37705,0.155488,0.11726,0.038227736949920654,0.266278,1.53553,0.289591,0.656606,,,5.45726,0.000906033,-0.00622811,999,,,,,,,13.046256875991823,4.225738220766998,13.436660051345825,4.352191473625918,,,,,,,,,,,,,,,,,,,"Cam Day","sa3023201",701764
"Wilkin Ramos","SFG",0,0,0,4.37883,1,0,0,0,,1.3945,6,1,1,1,0,1,0,0,1,7.09778,4.12284,1.72158,0.833032,0.188049,0.109231,0.0788184255361557,0.25483,1.3979,0.301858,0.683187,,,4.27859,0.00089572,-0.0243133,999,,,,,,,6.719322180747987,4.8184350935664835,5.972514986991882,4.282898637101801,,,,,,,,,,,,,,,,,,,"Wilkin Ramos","sa3006487",678576
"Wen-Hui Pan","PHI",0,0,0,4.39111,1,0,0,0,,1.77878,7,2,1,1,0,1,0,0,2,7.84942,3.5379,2.21867,1.21806,0.211772,0.0954499,0.11632165312767029,0.242068,1.28398,0.282679,0.686235,,,4.46454,0.000872454,-0.00447051,999,,,,,,,8.963008928298951,5.038837733127903,9.893924951553345,5.562181492112404,,,,,,,,,,,,,,,,,,,"Wen-Hui Pan","sa3020878",808207
"Génesis Cabrera","PHI",2,2,0,4.30682,31,0,0,1,,31,135,29,16,15,4,14,,1,29,8.52378,3.94163,2.1625,1.2066,0.218079,0.100846,0.11723323166370392,0.240034,1.36369,0.285232,0.715161,,,4.44239,0.000861149,-0.00550296,999,,,,,,,121.79999999999998,3.9290322580645154,120,3.870967741935484,,,,,,,,,,,,,,,,,,,"Genesis Cabrera","17490",650893
"Evan Aschenbeck","CHC",0,0,0,5.57224,1,1,0,0,,4.95263,20,5,3,3,1,2,0,0,2,4.53867,2.96107,1.53278,1.40794,0.123902,0.0808345,0.04306720197200775,0.279784,1.36382,0.289141,0.600615,,,5.27479,0.000745741,0.0070839,999,,,,,,,9.34947643280029,1.887779371953113,9.76315975189209,1.9713073472269853,,,,,,,,,,,,,,,,,,,"Evan Aschenbeck","sa3026253",809767
"Hunter Hayes","STL",0,0,0,5.30249,1,1,0,0,,2.04538,9,2,1,1,0,1,0,0,1,5.89568,4.13834,1.42465,1.27136,0.147068,0.103231,0.04383689910173416,0.272235,1.53368,0.296226,0.666349,,,5.19028,0.000739954,0.0263791,999,,,,,,,8.935819911956788,4.368780002214724,9.226905345916748,4.51109354874431,,,,,,,,,,,,,,,,,,,"Hunter Hayes","sa3020450",702119
"Carson Seymour","SFG",1,1,0,4.01981,20,0,0,1,,20,85,19,10,9,2,8,,1,18,8.01829,3.47565,2.30699,0.928174,0.209628,0.0908666,0.11876189708709717,0.246867,1.32873,0.297246,0.710008,,,3.98993,0.000717415,-0.0155542,999,,,,,,,87,4.35,87,4.35,,,,,,,,,,,,,,,,,,,"Carson Seymour","30084",693313
"Enmanuel Pinales","SDP",0,0,0,5.34704,1,1,0,0,,4.6177,20,5,3,3,1,2,0,0,3,5.77052,3.91512,1.47391,1.39496,0.151111,0.102524,0.04858697950839996,0.264524,1.4298,0.283283,0.643876,,,5.31483,0.000713178,-0.0183683,999,,,,,,,8.870956039428709,1.9210780821006825,10.088483810424805,2.1847436785497583,,,,,,,,,,,,,,,,,,,"Enmanuel Pinales","sa3018832",800215
"Lucas Wepf","LAD",0,0,0,4.40804,1,0,0,0,,1.31801,5,1,1,1,0,1,0,0,1,8.84136,4.19619,2.107,1.23023,0.237627,0.11278,0.12484718859195709,0.233394,1.3112,0.283165,0.693187,,,4.48873,0.000705064,-0.0305485,999,,,,,,,6.153310847282411,4.668619813606909,5.590074896812439,4.241283281557474,,,,,,,,,,,,,,,,,,,"Lucas Wepf","sa3020704",689233
"Jarrod Cande","COL",0,0,0,6.15154,1,1,0,0,,4.80198,21,5,4,3,1,2,0,0,3,5.07796,3.58272,1.41735,1.63854,0.131515,0.0927896,0.03872555494308472,0.288819,1.50875,0.299621,0.607891,,,5.70722,0.000679808,-0.0432602,999,,,,,,,10.234659194946293,2.131341055702984,11.009904861450195,2.2927839416655647,,,,,,,,,,,,,,,,,,,"Jarrod Cande","sa3017813",686662
"Ethan Lanthier","NYM",0,0,0,5.03723,1,1,0,0,,2.5764,12,3,2,1,0,1,0,0,2,7.113,4.80258,1.48108,1.36974,0.16714,0.11285,0.054289646446704865,0.256423,1.59536,0.284407,0.711903,,,5.29698,0.00064244,-0.0419359,999,,,,,,,12.265390300750731,4.7606624775985535,13.882020473480225,5.388137870941389,,,,,,,,,,,,,,,,,,,"Ethan Lanthier","sa3025614",822490
"Garrett McDaniels","LAD",0,0,0,4.41459,1,0,0,0,,1.62082,7,2,1,1,0,1,0,0,1,7.99271,4.43879,1.80065,0.985705,0.201523,0.111917,0.0896063968539238,0.250056,1.45919,0.29889,0.707157,,,4.414,0.000542408,-0.0155527,999,,,,,,,5.794090390205384,3.574782871615964,7.104115128517151,4.38302949542193,,,,,,,,,,,,,,,,,,,"Garrett McDaniels","31751",680729
"Melvin Hernandez","MIL",0,0,0,5.52634,1,1,0,0,,4.73892,20,5,3,3,1,2,0,0,2,3.97362,2.9492,1.34736,1.38107,0.10685,0.0793037,0.0275467187166214,0.278702,1.37601,0.282607,0.607442,,,5.35891,0.000522429,-0.00261537,999,,,,,,,7.768016624450684,1.6391951571294632,8.694605827331543,1.8347226138073973,,,,,,,,,,,,,,,,,,,"Melvin Hernandez","sa3021785",808329
"Owen Hackman","ATL",0,0,0,5.5987,1,1,0,0,,3.96967,16,4,3,2,1,1,0,0,2,5.1808,3.16202,1.63845,1.43726,0.140202,0.0855703,0.05463198572397232,0.27918,1.38736,0.294503,0.608287,,,5.24447,0.000448278,-0.0438526,999,,,,,,,7.675579595565795,1.9335546664672671,7.848364591598511,1.9770809215487193,,,,,,,,,,,,,,,,,,,"Owen Hackman","sa3025349",813706
"Argenis Cayama","SFG",0,0,0,5.34694,1,1,0,0,,3.45,15,4,2,2,0,2,0,0,2,5.07036,4.35789,1.16349,1.01606,0.129098,0.110957,0.018140465021133423,0.279987,1.5565,0.30423,0.649014,,,5.0784,0.000366359,0.0120983,999,,,,,,,13.130000352859499,3.805797151126072,15.250000238418579,4.42028986308485,,,,,,,,,,,,,,,,,,,"Argenis Cayama","sa3025006",821783
"Micah Ottenbreit","PHI",0,0,0,5.69704,1,1,0,0,,4.58156,20,5,3,3,1,2,0,0,3,5.33179,3.74351,1.42427,1.46988,0.135087,0.0948461,0.04024071246385574,0.280499,1.51598,0.29587,0.640551,,,5.46478,0.000363598,-0.00535782,999,,,,,,,8.603580284118653,1.8778693450349586,9.907824516296387,2.1625415606898994,,,,,,,,,,,,,,,,,,,"Micah Ottenbreit","sa3017860",695648
"Gabe Bierman","MIA",0,0,0,5.48476,1,1,0,0,,2.48325,11,3,2,2,0,1,0,0,2,5.99284,4.69041,1.27768,1.24731,0.147491,0.115437,0.03205454349517822,0.274874,1.60449,0.301186,0.665648,,,5.32545,0.000340022,-0.0386813,999,,,,,,,11.576079273223876,4.661657437812526,13.416269779205322,5.402697435615805,,,,,,,,,,,,,,,,,,,"Gabe Bierman","sa3016939",685321
"AJ Smith-Shawver","ATL",0,0,0,4.14872,6,0,0,1,,6,25,5,3,3,1,2,,0,6,8.94748,3.58376,2.49668,1.21668,0.2386,0.0955669,0.14303264021873474,0.234334,1.2706,0.284249,0.709421,,,4.23546,0.000325605,0.000499425,999,,,,,,,29.10000000000001,4.850000000000001,27,4.5,,,,,,,,,,,,,,,,,,,"AJ Smith-Shawver","29960",700363
"Christian Lopez","CIN",0,0,0,5.99846,1,1,0,0,,3.71429,16,4,3,2,1,2,0,0,2,4.73485,3.66862,1.29064,1.50533,0.123229,0.0954796,0.02774982899427414,0.286985,1.50246,0.297147,0.610662,,,5.62014,0.000311675,-0.0472351,999,,,,,,,2.7857170581817616,0.7500006707814344,3.5714304447174072,0.9615388688956081,,,,,,,,,,,,,,,,,,,"Christian Lopez","sa3021027",809326
"Ethan Flanagan","CHC",0,0,0,5.47253,1,1,0,0,,4.5,18,4,3,3,1,2,0,0,3,5.26212,3.83874,1.37079,1.29651,0.145592,0.10621,0.039382047951221466,0.268321,1.37747,0.286606,0.606688,,,5.25401,0.000278459,-0.0195699,999,,,,,,,10.600000000000003,2.355555555555556,9.5,2.111111111111111,,,,,,,,,,,,,,,,,,,"Ethan Flanagan","sa3031428",701579
"Drue Hackenberg","ATL",0,0,0,5.20026,1,1,0,0,,4.14218,19,4,3,2,1,2,0,0,3,6.73984,5.11168,1.31852,1.16699,0.162355,0.123134,0.03922053426504135,0.265733,1.62823,0.299091,0.689253,,,5.19077,0.000273734,-0.0340028,999,,,,,,,7.952138805389405,1.9197951416537056,7.710904598236084,1.8615566890527828,,,,,,,,,,,,,,,,,,,"Drue Hackenberg","sa3023304",802357
"Irvin Machuca","CIN",0,0,0,4.56463,1,0,0,0,,1.42414,6,1,1,1,0,1,0,0,1,8.9334,4.29293,2.08096,1.31774,0.231607,0.111298,0.12030871212482452,0.238038,1.37193,0.285627,0.700956,,,4.63152,0.000265731,-0.0200189,999,,,,,,,6.938620829582215,4.872154997243971,6.120689749717712,4.29782083256777,,,,,,,,,,,,,,,,,,,"Irvin Machuca","sa3008641",685829
"Oddanier Mosqueda","PIT",0,0,0,4.2668,1,0,0,0,,1.21304,5,1,1,1,0,1,0,0,1,8.18632,4.06685,2.01294,1.07672,0.207275,0.102972,0.1043037474155426,0.244019,1.40048,0.290033,0.715878,,,4.37394,0.00024121,-0.0336152,999,,,,,,,5.376488900184633,4.432247207541018,5.065195202827454,4.175624224316949,,,,,,,,,,,,,,,,,,,"Oddanier Mosqueda","sa917882",665996
"Colby Martin","MIA",0,0,0,4.27536,1,0,0,0,,1.10205,5,1,1,1,0,1,0,0,1,8.63841,4.89079,1.76626,0.953846,0.227135,0.128596,0.09853851795196533,0.235792,1.39972,0.292432,0.703941,,,4.3759,0.000200358,-0.0397493,999,,,,,,,4.555140495300293,4.1333487368669735,4.51023006439209,4.092596871351937,,,,,,,,,,,,,,,,,,,"Colby Martin","sa3025304",814508
"Tyler Jay","MIL",0,0,0,4.16396,1,0,0,0,,1.28715,5,1,1,1,0,0,0,0,1,7.32548,3.3472,2.18854,1.13163,0.191727,0.0876049,0.10412216186523438,0.241563,1.29664,0.276618,0.706145,,,4.39342,0.000188319,-0.0323664,999,,,,,,,8.924895191192627,6.933853138446549,8.435739994049072,6.553822871844837,,,,,,,,,,,,,,,,,,,"Tyler Jay","17952",664079
"Noah Edders","CHC",0,0,0,4.43877,1,0,0,0,,1.66667,6,1,1,1,0,1,0,0,1,6.90249,3.26135,2.11646,1.01871,0.21304,0.100659,0.11238116025924683,0.244164,1.14313,0.28805,0.613866,,,4.2797,0.000180768,-0.0138012,999,,,,,,,8.733335685729982,5.240000411987227,7.333334922790527,4.400000114440896,,,,,,,,,,,,,,,,,,,"Noah Edders","sa3030774",833415
"Kade Bragg","MIA",0,0,0,4.56036,1,0,0,0,,1.58116,6,1,1,1,0,1,0,0,1,7.76343,3.99365,1.94395,1.04615,0.212312,0.109217,0.10309495776891708,0.250386,1.33835,0.300057,0.667665,,,4.39096,0.000159374,-0.015139,999,,,,,,,8.100606560707094,5.123194959015007,6.905815243721008,4.367554155281947,,,,,,,,,,,,,,,,,,,"Kade Bragg","sa3023408",688540
"Brian Metoyer","NYM",0,0,0,4.26665,1,0,0,0,,1.27576,5,1,1,1,0,1,0,0,1,8.332,4.36417,1.90918,1.00131,0.230623,0.120797,0.10982614010572433,0.234277,1.30069,0.288138,0.683797,,,4.3263,0.000126887,-0.0355141,999,,,,,,,5.840609407424928,4.57814826879206,5.3787901401519775,4.216152296886683,,,,,,,,,,,,,,,,,,,"Brian Metoyer","sa3008361",682260
"Jacob Edwards","CIN",0,0,0,5.88589,1,1,0,0,,2.09565,9,2,1,1,0,1,0,0,1,5.15729,4.27128,1.20743,1.4106,0.132154,0.10945,0.022703640162944794,0.281345,1.54711,0.297106,0.627269,,,5.59851,0.0000293018,0.0366782,999,,,,,,,9.307825565338138,4.441493676421837,9.478260517120361,4.522821560713199,,,,,,,,,,,,,,,,,,,"Jacob Edwards","sa3020491",806652
"Jack Sellinger","MIA",0,0,0,4.46236,1,0,0,0,,1.55816,7,1,1,1,0,1,0,0,1,8.53412,4.65684,1.8326,1.00262,0.22372,0.122078,0.10164192318916321,0.244563,1.41523,0.301141,0.693807,,,4.38928,0.0000170805,-0.0163402,999,,,,,,,7.9303836107254035,5.089582506585485,6.7907997369766235,4.358217362940413,,,,,,,,,,,,,,,,,,,"Jack Sellinger","sa3022934",681415
"R.J. Dabovich","SFG",0,0,0,3.94746,1,0,0,0,,0.858903,5,1,0,0,0,1,0,0,1,11.9166,5.57783,2.13642,1.2063,0.246146,0.115214,0.13093198835849762,0.231116,1.70535,0.293775,0.807994,,,4.27556,-4.04628e-7,0.047633,999,,,,,,,2.7558821320533755,3.20860698066572,3.2945149540901184,3.8357241612960333,,,,,,,,,,,,,,,,,,,"R.J. Dabovich","sa3014431",681924
"Derek Diamond","PIT",0,0,0,5.63228,1,1,0,0,,3.75563,17,4,3,2,1,1,0,0,2,4.55398,3.23534,1.40757,1.39432,0.112199,0.0797111,0.032488226890563965,0.289979,1.54938,0.300649,0.649809,,,5.35641,-0.00000514189,-0.0523156,999,,,,,,,6.091648006439209,1.6220051159688593,6.778140544891357,1.8047954558353139,,,,,,,,,,,,,,,,,,,"Derek Diamond","sa3020470",682981
"Junior Fernández","ARI",0,0,0,4.36642,1,0,0,0,,1.18533,5,1,1,1,0,1,0,0,1,8.50068,4.39425,1.9345,1.07292,0.204557,0.105742,0.09881579875946045,0.249707,1.50633,0.298293,0.72899,,,4.41667,-0.0000265868,-0.0360421,999,,,,,,,5.171456360816956,4.362876071640308,4.9266597032547,4.15635446434453,,,,,,,,,,,,,,,,,,,"Junior Fernandez","18496",658551
"Jeff Brigham","CHC",0,0,0,4.08955,1,0,0,0,,1.13439,5,1,1,1,0,1,0,0,1,9.74032,4.33619,2.24628,1.19773,0.244186,0.108707,0.13547936081886292,0.229552,1.37704,0.2839,0.739669,,,4.29717,-0.0000333663,-0.0384498,999,,,,,,,4.794478917121888,4.226485567119188,4.671945214271545,4.118468213088663,,,,,,,,,,,,,,,,,,,"Jeff Brigham","16631",656257
"Victor Lizarraga","SDP",0,0,0,5.18449,1,1,0,0,,4.08303,18,4,3,2,1,2,0,0,3,6.27831,4.34004,1.4466,1.373,0.157275,0.10872,0.04855462163686752,0.259219,1.49392,0.281435,0.6754,,,5.32107,-0.0000336053,-0.0489598,999,,,,,,,7.514423656463622,1.840403632717817,7.415151119232178,1.816090186137957,,,,,,,,,,,,,,,,,,,"Victor Lizarraga","sa3015220",694205
"Simon Miller","CIN",0,0,0,4.55289,1,0,0,0,,1.27379,6,1,1,1,0,1,0,0,1,8.30473,4.25519,1.95167,1.23451,0.211783,0.108514,0.1032695397734642,0.244104,1.40888,0.287913,0.703748,,,4.63967,-0.0000448416,-0.0277821,999,,,,,,,5.826076006889345,4.573797455003619,5.368970274925232,4.214943737501005,,,,,,,,,,,,,,,,,,,"Simon Miller","sa3023311",815043
"Blake Aita","STL",0,0,0,5.80604,1,1,0,0,,5.00435,20,5,4,3,1,2,0,0,2,4.17596,3.09434,1.34955,1.31686,0.115348,0.0854712,0.029876500368118286,0.290087,1.39861,0.300241,0.581358,,,5.26862,-0.0000608689,-0.0801965,999,,,,,,,9.732173728942872,1.9447436740093598,10.02173900604248,2.002606414290857,,,,,,,,,,,,,,,,,,,"Blake Aita","sa3025822",820832
"Josh Staumont","CIN",0,0,0,4.43456,1,0,0,0,,0.969208,4,1,1,0,0,1,0,0,1,9.08561,4.78633,1.89824,1.23942,0.227185,0.119682,0.10750314593315125,0.234461,1.43675,0.282856,0.722362,,,4.65814,-0.000106926,-0.0432536,999,,,,,,,3.572139215469361,3.685627035439995,3.8460400104522705,3.968229732066665,,,,,,,,,,,,,,,,,,,"Josh Staumont","18335",622251
"Luis Mey","CIN",2,2,0,4.20584,44,0,0,1,,44,198,39,22,21,5,27,,2,46,9.35885,5.53687,1.69028,0.999022,0.231083,0.136713,0.09436975419521332,0.229265,1.49318,0.286328,0.734629,,,4.50992,-0.000134353,0.0308302,999,,,,,,,171.70000000000002,3.902272727272728,164,3.727272727272727,,,,,,,,,,,,,,,,,,,"Luis Mey","25620",682825
"Austin Pope","ATL",0,0,0,4.32152,1,0,0,0,,1.17397,5,1,1,1,0,0,0,0,1,8.33298,3.621,2.30129,1.12085,0.205512,0.0893027,0.11620889604091644,0.253474,1.43008,0.300647,0.7212,,,4.25431,-0.000153837,-0.0364454,999,,,,,,,8.087348771095277,6.888911966470961,7.869830250740051,6.703626778430131,,,,,,,,,,,,,,,,,,,"Austin Pope","26136",687166
"Miguel Mendez","SDP",0,0,0,5.07978,1,1,0,0,,4.13092,18,4,3,2,1,2,0,0,3,7.10003,4.93418,1.43895,1.36499,0.180007,0.125096,0.05491061508655548,0.246655,1.48113,0.274924,0.681481,,,5.33024,-0.000174326,-0.0462576,999,,,,,,,7.868786334991457,1.9048521665475227,7.654585361480713,1.8529990381109158,,,,,,,,,,,,,,,,,,,"Miguel Mendez","sa3015506",700280
"Noah Hall","NYM",0,0,0,5.24987,1,1,0,0,,4.33388,19,4,3,3,1,2,0,0,3,5.99204,5.0122,1.19549,1.14168,0.155297,0.129902,0.025394633412361145,0.259587,1.51181,0.286929,0.655591,,,5.27854,-0.000193157,-0.0334614,999,,,,,,,9.370683383941648,2.1621945566613485,8.66938066482544,2.000375737295046,,,,,,,,,,,,,,,,,,,"Noah Hall","sa3023416",801801
"Gregory Santos","SFG",1,1,0,3.97814,24,0,0,1,,24,103,23,12,11,2,11,,1,21,7.7691,4.01457,1.93522,0.753124,0.201142,0.103937,0.09720455855131149,0.24702,1.38412,0.29972,0.711419,,,3.97899,-0.000208913,-0.0183771,999,,,,,,,103.20000000000003,4.300000000000002,104,4.333333333333333,,,,,,,,,,,,,,,,,,,"Gregory Santos","21894",666619
"Tyler Santana","CHC",0,0,0,5.26195,1,1,0,0,,2.23703,10,2,1,1,0,1,0,0,1,5.34723,3.91837,1.36466,1.27792,0.135946,0.0996195,0.036326758563518524,0.269425,1.48253,0.287308,0.657418,,,5.24394,-0.000213828,0.0390678,999,,,,,,,10.354052209854128,4.628473160626556,10.185170412063599,4.5529795420365415,,,,,,,,,,,,,,,,,,,"Tyler Santana","sa3017542",687825
"Lewis Sifontes","ATL",0,0,0,5.25727,1,1,0,0,,3.17143,15,3,2,2,0,2,0,0,2,6.91223,4.4847,1.54129,1.38004,0.167158,0.108454,0.058704882860183716,0.265749,1.57302,0.295054,0.688346,,,5.2439,-0.000273101,0.00075283,999,,,,,,,13.66857399940491,4.309910248409687,13.857144594192505,4.369369438450956,,,,,,,,,,,,,,,,,,,"Lewis Sifontes","sa3021016",808508
"Christian Montes De Oca","ARI",0,0,0,4.32926,1,0,0,0,,1.33932,6,1,1,1,0,0,0,0,1,7.48002,3.22142,2.32197,1.10257,0.190343,0.0819748,0.10836795717477798,0.25558,1.37072,0.295864,0.704908,,,4.27663,-0.000327676,-0.0280084,999,,,,,,,9.310997581481935,6.952012805623538,8.696619987487793,6.493290647921543,,,,,,,,,,,,,,,,,,,"Christian Montes De Oca","30206",801216
"Charles King","PHI",0,0,0,5.83274,1,1,0,0,,4.36188,19,5,3,3,1,2,0,0,3,5.20451,3.35207,1.55263,1.56336,0.133358,0.085892,0.047466255724430084,0.285429,1.49071,0.298359,0.627536,,,5.49217,-0.000424752,-0.0182547,999,,,,,,,6.977917766571043,1.5997497684346813,8.809403896331787,2.019634268365647,,,,,,,,,,,,,,,,,,,"Charles King","sa3023436",666155
"Ryan Slater","SFG",0,0,0,5.44033,1,1,0,0,,2.15152,9,2,1,1,0,1,0,0,1,5.0854,3.57109,1.42405,1.2696,0.139784,0.09816,0.04162438213825226,0.273299,1.38092,0.291232,0.608992,,,5.16287,-0.000458728,0.0329083,999,,,,,,,9.72121105194092,4.518309665620137,9.757575035095215,4.535211236390345,,,,,,,,,,,,,,,,,,,"Ryan Slater","sa3042417",695421
"Carlson Reed","PIT",0,0,0,5.5398,1,1,0,0,,4.05959,17,4,3,2,0,2,0,0,3,5.66413,5.17884,1.09371,1.08066,0.148429,0.135712,0.012716993689537048,0.270375,1.5522,0.299206,0.635725,,,5.31956,-0.000528941,-0.035025,999,,,,,,,19.640979099273686,4.838166054918607,20.297958850860596,5,,,,,,,,,,,,,,,,,,,"Carlson Reed","sa3022793",694788
"Luke Albright","ARI",0,0,0,5.08564,1,1,0,0,,2.94791,14,3,2,2,0,2,0,0,3,7.74203,5.3416,1.44938,1.25294,0.184224,0.127105,0.05711878836154938,0.256755,1.62568,0.29562,0.704861,,,5.1727,-0.000647711,-0.0117873,999,,,,,,,14.014534521102906,4.754057683689609,14.739550352096558,5,,,,,,,,,,,,,,,,,,,"Luke Albright","sa3017592",681475
"Carson Laws","MIA",0,0,0,4.46394,1,0,0,0,,1.04444,5,1,1,1,0,0,0,0,1,8.76133,4.18068,2.09567,1.21122,0.212807,0.101546,0.11126114428043365,0.249117,1.4757,0.297053,0.725531,,,4.48398,-0.000676336,-0.0426511,999,,,,,,,7.128885340690614,6.825531651165204,7.222219824790955,6.914894496115989,,,,,,,,,,,,,,,,,,,"Carson Laws","sa3059768",830894
"Carlos Castillo","PIT",0,0,0,5.67697,1,1,0,0,,3.60472,15,4,2,2,0,2,0,0,2,4.22394,3.92799,1.07534,1.15902,0.110144,0.102427,0.007717058062553406,0.286763,1.51956,0.300206,0.620201,,,5.32257,-0.000686792,0.0302123,999,,,,,,,14.274957084655762,3.96006944233162,16.023619651794434,4.445172490698648,,,,,,,,,,,,,,,,,,,"Carlos Castillo","sa3021500",807962
"Kevin Herget","NYM",0,0,0,4.29131,1,0,0,0,,1.38408,6,1,1,1,0,0,0,0,1,7.21936,2.90284,2.487,1.26661,0.194304,0.0781279,0.11617598682641983,0.243738,1.23974,0.275326,0.689507,,,4.45625,-0.000690097,-0.029993,999,,,,,,,9.642162394523622,6.96649779324198,8.920379996299744,6.445007355860068,,,,,,,,,,,,,,,,,,,"Kevin Herget","15369",643361
"Joel Díaz","NYM",0,0,0,5.24987,1,1,0,0,,4.07443,17,4,3,2,1,2,0,0,2,5.37869,3.40657,1.57892,1.5045,0.139167,0.0881406,0.051026105880737305,0.262533,1.3945,0.27336,0.65266,,,5.38623,-0.000742663,-0.0482056,999,,,,,,,5.450788974761965,1.3378037452685594,5.372154712677002,1.3185042987460884,,,,,,,,,,,,,,,,,,,"Joel Diaz","sa3015500",699309
"Nick Hull","CHC",0,0,0,5.30622,1,1,0,0,,2.55314,11,3,2,2,0,1,0,0,2,5.99543,4.33861,1.38188,1.29462,0.155127,0.112258,0.04286893457174301,0.263937,1.47524,0.287623,0.652578,,,5.26693,-0.000782465,-0.0403822,999,,,,,,,12.093207216262819,4.7366088973667875,13.76568055152893,5.391675162151943,,,,,,,,,,,,,,,,,,,"Nick Hull","sa3020624",701314
"Jorge Rodriguez","NYM",0,0,0,5.15303,1,1,0,0,,2.41272,11,2,2,1,0,1,0,0,2,6.75821,4.20762,1.60618,1.51677,0.16492,0.102678,0.062241725623607635,0.256746,1.50344,0.278424,0.692768,,,5.37925,-0.000790304,-0.0514148,999,,,,,,,13.654097747802737,5.659223152073034,13.063579559326172,5.4144706780778495,,,,,,,,,,,,,,,,,,,"Jorge Rodriguez","sa3016459",691715
"Fidel Ulloa","COL",0,0,0,5.14684,1,0,0,0,,1.31649,5,1,1,1,0,1,0,0,1,7.04218,3.80512,1.85071,1.20305,0.192567,0.10405,0.08851685374975204,0.26696,1.38251,0.308358,0.634034,,,4.71298,-0.000888432,-0.0183415,999,,,,,,,6.1420334577560425,4.665457964652053,5.582455039024353,4.240404990181126,,,,,,,,,,,,,,,,,,,"Fidel Ulloa","sa3025235",801842
"Manuel Castro","SDP",0,0,0,4.29977,1,0,0,0,,1.67809,7,1,1,1,0,1,0,0,2,8.57868,4.01804,2.13504,1.18366,0.224293,0.105053,0.11923990398645401,0.237495,1.33836,0.284707,0.707439,,,4.42118,-0.000895858,-0.0152539,999,,,,,,,10.817902874946595,6.446537880088637,9.390474915504456,5.595913824944603,,,,,,,,,,,,,,,,,,,"Manuel Castro","sa3017493",701195
"Jacob Wallace","ATL",0,0,0,4.51204,1,0,0,0,,1.39596,6,1,1,1,0,1,0,0,1,8.06708,4.28993,1.88047,1.09228,0.20918,0.111238,0.0979417935013771,0.247551,1.40728,0.295176,0.69479,,,4.49732,-0.00091467,-0.0253645,999,,,,,,,6.730081748962403,4.821123990361855,5.979784965515137,4.283645552878292,,,,,,,,,,,,,,,,,,,"Jacob Wallace","sa3010374",686608
"Carson Hobbs","LAD",0,0,0,4.40265,1,0,0,0,,1.28518,5,1,1,1,0,1,0,0,1,7.93514,3.90079,2.03424,1.25483,0.221202,0.108739,0.11246237903833389,0.230665,1.2424,0.269323,0.676187,,,4.62047,-0.000916905,-0.0322258,999,,,,,,,5.910309743881227,4.598829405410299,5.425884962081909,4.221897057058416,,,,,,,,,,,,,,,,,,,"Carson Hobbs","sa3023573",814481
"RJ Shunck","MIA",0,0,0,4.50815,1,0,0,0,,1.03333,4,1,1,1,0,0,0,0,1,8.1353,3.99272,2.03754,1.18665,0.207567,0.101872,0.10569556057453156,0.248523,1.4036,0.29294,0.702623,,,4.51777,-0.000972772,-0.0432095,999,,,,,,,7.046663784980774,6.819354619890462,7.166664719581604,6.935484600365126,,,,,,,,,,,,,,,,,,,"RJ Shunck","sa3042239",836071
"Hunter Cranton","ARI",0,0,0,4.50815,1,0,0,0,,0.962205,4,1,1,0,0,0,0,0,1,7.33841,3.56952,2.05586,1.03062,0.208403,0.10137,0.10703248530626297,0.251105,1.26855,0.297904,0.650993,,,4.31343,-0.000986221,-0.0471044,999,,,,,,,6.520316946506501,6.776432252474599,6.811024963855743,7.078559158418003,,,,,,,,,,,,,,,,,,,"Hunter Cranton","sa3025298",675450
"Dariel Francia","PIT",0,0,0,5.2423,1,1,0,0,,2.13333,10,2,1,1,0,1,0,0,2,6.9696,5.40947,1.28841,1.24715,0.160914,0.124894,0.036020345985889435,0.264741,1.70084,0.296559,0.706543,,,5.3627,-0.00103429,0.0361952,999,,,,,,,11.586663961410526,5.431249662628341,11.666664838790894,5.468750080326585,,,,,,,,,,,,,,,,,,,"Dariel Francia","sa3021526",808333
"Marques Johnson","SFG",0,0,0,4.26517,1,0,0,0,,1.36512,6,1,1,1,0,1,0,0,1,8.45956,4.69204,1.80296,0.902944,0.223336,0.123872,0.09946393221616745,0.240711,1.39691,0.298497,0.699827,,,4.27329,-0.00113513,-0.030027,999,,,,,,,6.501851344108582,4.762859629137535,5.825575232505798,4.267461008093759,,,,,,,,,,,,,,,,,,,"Marques Johnson","sa3020741",688730
"Owen Kellington","PIT",0,0,0,5.60712,1,1,0,0,,3.07576,13,3,2,2,0,1,0,0,2,5.442,4.29893,1.2659,1.29615,0.144105,0.113836,0.03026878833770752,0.272495,1.47771,0.293033,0.624757,,,5.37617,-0.00118401,-0.00239598,999,,,,,,,15.960646104812621,5.18916645123883,16.378814935684204,5.325122580700172,,,,,,,,,,,,,,,,,,,"Owen Kellington","sa3018801",701685
"Ryan Murphy","STL",0,0,0,5.28041,1,1,0,0,,3.39528,15,4,2,2,0,1,0,0,2,5.66879,3.8553,1.47039,1.30815,0.143405,0.0975286,0.04587627202272415,0.271242,1.49043,0.291915,0.660181,,,5.19494,-0.00124251,0.00874356,999,,,,,,,15.725101137161255,4.6314539304632945,17.976419687271118,5.294526177610288,,,,,,,,,,,,,,,,,,,"Ryan Murphy","sa3014871",694885
"Adrian Herrera","CIN",0,0,0,5.54921,1,1,0,0,,2.71137,13,3,2,2,0,2,0,0,2,6.9436,4.98956,1.39162,1.57599,0.165084,0.118627,0.04645721614360809,0.262243,1.62026,0.285701,0.688545,,,5.69564,-0.00124731,-0.0189862,999,,,,,,,10.26415205001831,3.785593579075084,11.556859493255615,4.262366036545935,,,,,,,,,,,,,,,,,,,"Adrian Herrera","sa3023627",805155
"Tyler Zuber","MIA",0,0,0,4.3679,1,0,0,0,,1.18553,5,1,1,1,0,1,0,0,1,8.82514,4.12513,2.13936,1.28653,0.212575,0.0993637,0.11321084946393967,0.242856,1.4549,0.286448,0.737044,,,4.56035,-0.00134308,-0.0355223,999,,,,,,,5.172899556159974,4.363375697001516,4.927634835243225,4.156493249167087,,,,,,,,,,,,,,,,,,,"Tyler Zuber","20379",676604
"Tyrone Yulie","PIT",0,0,0,5.34057,1,1,0,0,,2.66301,12,3,2,2,0,1,0,0,2,6.74771,4.97789,1.35554,1.43358,0.167967,0.123912,0.04405519366264343,0.254675,1.53553,0.279168,0.676109,,,5.52455,-0.00135965,-0.0367975,999,,,,,,,12.906296062469483,4.846501369892939,14.315064907073975,5.375514504427509,,,,,,,,,,,,,,,,,,,"Tyrone Yulie","sa3010246",682944
"Michael Fowler","MIL",0,0,0,4.31206,1,0,0,0,,0.91,4,1,0,0,0,0,0,0,1,8.4752,4.05981,2.08759,1.25169,0.214234,0.102623,0.1116112470626831,0.237228,1.3752,0.278906,0.721648,,,4.56024,-0.00141522,0.0505661,999,,,,,,,6.1340001940727245,6.740659359661426,6.5500001311302185,7.197802134461917,,,,,,,,,,,,,,,,,,,"Michael Fowler","sa3069077",694725
"Adam Bloebaum","WSN",0,0,0,4.68213,1,0,0,0,,1.21619,5,1,1,1,0,0,0,0,1,7.07648,3.45316,2.04928,1.17238,0.19876,0.0969906,0.10176991671323776,0.252346,1.27416,0.291018,0.646598,,,4.53735,-0.00145004,-0.0352617,999,,,,,,,8.399835848808289,6.9066576685853756,8.080970168113708,6.644474438048749,,,,,,,,,,,,,,,,,,,"Adam Bloebaum","sa3023654",826168
"Manuel Genao","MIA",0,0,0,5.42073,1,1,0,0,,3.20588,15,4,2,2,0,1,0,0,2,5.16923,4.01568,1.28726,1.33294,0.123238,0.0957368,0.02750156819820404,0.278328,1.60498,0.293724,0.677669,,,5.40324,-0.00146238,0.00450747,999,,,,,,,14.323527336120607,4.467889651717584,17.029410362243652,5.311926632796002,,,,,,,,,,,,,,,,,,,"Manuel Genao","sa3024519",808510
"Jackson Kirkpatrick","CHC",0,0,0,4.29893,1,0,0,0,,1.31212,5,1,1,1,0,1,0,0,1,8.91291,4.76437,1.87074,1.04225,0.239559,0.128055,0.11150331795215607,0.231065,1.3508,0.288147,0.697496,,,4.39693,-0.00148074,-0.0321253,999,,,,,,,6.109695649147035,4.65635066611586,5.56060516834259,4.237875185032183,,,,,,,,,,,,,,,,,,,"Jackson Kirkpatrick","sa3067258",814342
"Levi Stoudt","PHI",0,0,0,5.30561,1,1,0,0,,2.43563,11,3,2,1,0,1,0,0,2,6.44584,4.13255,1.55977,1.52339,0.156611,0.100406,0.05620468407869339,0.263661,1.5305,0.283863,0.685431,,,5.43285,-0.00148164,-0.0505062,999,,,,,,,11.223683786392211,4.608117907728089,13.178164720535278,5.41057089592234,,,,,,,,,,,,,,,,,,,"Levi Stoudt","25650",686651
"Liomar Martinez","MIA",0,0,0,5.49297,1,1,0,0,,4.08626,18,4,3,2,1,2,0,0,3,5.9585,4.52344,1.31725,1.35056,0.151587,0.115078,0.03650844097137451,0.267731,1.52383,0.29017,0.652499,,,5.42129,-0.00160609,-0.0349099,999,,,,,,,7.538308715820309,1.8447951246653238,7.4312896728515625,1.8186051374735341,,,,,,,,,,,,,,,,,,,"Liomar Martinez","sa3019612",801737
"Cesar Perdomo","SFG",0,0,0,5.45236,1,1,0,0,,4.4722,19,5,3,3,1,2,0,0,3,5.07224,3.40835,1.48818,1.33361,0.131181,0.0881488,0.043032653629779816,0.27964,1.46136,0.295735,0.637745,,,5.20815,-0.00164489,-0.0228955,999,,,,,,,7.794258213043211,1.742825308403127,9.360985279083252,2.0931513442387613,,,,,,,,,,,,,,,,,,,"Cesar Perdomo","sa3019248",702885
"Tyler Schoff","WSN",0,0,0,4.63629,1,0,0,0,,1.27234,6,1,1,1,0,1,0,0,1,7.77504,3.77562,2.05927,1.19528,0.196677,0.0955082,0.10116913169622421,0.256975,1.42812,0.299089,0.696733,,,4.53642,-0.00168434,-0.0324035,999,,,,,,,5.815345549583435,4.5705764956041754,5.361719965934753,4.214049026556715,,,,,,,,,,,,,,,,,,,"Tyler Schoff","sa3017545",694887
"John Brebbia","COL",1,1,0,5.0392,22,0,0,1,,22,96,23,13,12,4,8,,1,20,8.36444,3.42989,2.43869,1.469,0.21243,0.0871084,0.12532184273004532,0.264376,1.42467,0.308386,0.679781,,,4.68136,-0.00187495,-0.0113959,999,,,,,,,70.80000000000003,3.218181818181819,75,3.409090909090909,,,,,,,,,,,,,,,,,,,"John Brebbia","12777",605154
"Samuel Mejia","ATL",0,0,0,5.32673,1,1,0,0,,2.45128,10,2,2,1,0,1,0,0,2,6.3358,4.11242,1.54065,1.44815,0.166306,0.107945,0.058360569179058075,0.258713,1.42144,0.280664,0.647903,,,5.33376,-0.00194894,-0.042117,999,,,,,,,13.939494037628176,5.6866115264555726,13.256414890289307,5.407949636558198,,,,,,,,,,,,,,,,,,,"Samuel Mejia","sa3016475",692410
"Tristan Garnett","PHI",0,0,0,4.48539,1,0,0,0,,1.18924,5,1,1,1,0,1,0,0,1,8.59582,4.38846,1.95873,1.25995,0.220134,0.112386,0.10774793475866318,0.237761,1.39139,0.282242,0.708597,,,4.65719,-0.00201627,-0.0350808,999,,,,,,,5.200405836105347,4.3728668772632835,4.94622015953064,4.15912968812869,,,,,,,,,,,,,,,,,,,"Tristan Garnett","sa3017473",702911
"George Soriano","ATL",1,1,0,4.14901,16,0,0,1,,16,70,15,8,7,2,7,,1,16,8.97808,3.74966,2.39437,1.19563,0.228015,0.0952295,0.13278517872095108,0.238396,1.3489,0.287543,0.726956,,,4.26024,-0.00202674,0.0013318,999,,,,,,,66.80000000000001,4.175000000000001,66,4.125,,,,,,,,,,,,,,,,,,,"George Soriano","21863",666277
"Luke Craig","ARI",0,0,0,4.51371,1,0,0,0,,0.973991,4,1,1,0,0,0,0,0,1,7.97269,3.89115,2.04893,1.12636,0.20341,0.0992761,0.1041334792971611,0.253348,1.41396,0.29909,0.699244,,,4.43185,-0.00203745,-0.0465154,999,,,,,,,6.6075332283973705,6.783977866032364,6.869954884052277,7.0534071132254565,,,,,,,,,,,,,,,,,,,"Luke Craig","sa3025433",823996
"Hunter Omlid","COL",0,0,0,6.03303,1,1,0,0,,2.13589,10,2,2,1,0,1,0,0,1,6.29816,4.52168,1.39288,1.64395,0.153354,0.110098,0.043255515396595,0.280321,1.62616,0.301019,0.652353,,,5.77356,-0.00204414,-0.0393368,999,,,,,,,9.605616044998168,4.497234307768779,9.679470300674438,4.531811985123997,,,,,,,,,,,,,,,,,,,"Hunter Omlid","sa3025589",804528
"Antoine Kelly","LAD",0,0,0,4.99409,1,0,0,0,,1.07593,5,1,1,1,0,1,0,0,1,8.95904,5.28752,1.69437,1.21102,0.199712,0.117868,0.08184437453746796,0.266043,1.7418,0.317799,0.731116,,,4.83044,-0.0020772,-0.0307571,999,,,,,,,4.361896991729738,4.054063720282771,4.379660129547119,4.070573255634103,,,,,,,,,,,,,,,,,,,"Antoine Kelly","sa3011135",681520
"Juan Sanchez","SFG",0,0,0,4.28861,1,0,0,0,,1.49843,6,1,1,1,0,1,0,0,1,8.0007,4.22626,1.89309,0.997516,0.209883,0.110868,0.09901519119739532,0.243006,1.37296,0.291622,0.700044,,,4.35211,-0.00212967,-0.0231719,999,,,,,,,7.488404154777527,4.9974901682744,6.492164969444275,4.332636157854,,,,,,,,,,,,,,,,,,,"Juan Sanchez","sa3005444",678738
"Noah Murdock","PIT",0,0,0,4.37274,1,0,0,0,,1.44559,7,1,1,1,0,1,0,0,1,8.69287,5.57255,1.55994,0.861481,0.203566,0.130496,0.07307040691375732,0.248294,1.6293,0.304125,0.734729,,,4.47725,-0.00216198,-0.0216724,999,,,,,,,7.097358202934267,4.9096655179133215,6.227944731712341,4.308240421642589,,,,,,,,,,,,,,,,,,,"Noah Murdock","27908",668716
"Mitch Neunborn","PHI",0,0,0,5.50018,1,1,0,0,,2.86236,13,3,2,2,1,1,0,0,2,6.12684,4.01831,1.52473,1.59544,0.155224,0.101805,0.05341986566781998,0.263399,1.47119,0.279471,0.657151,,,5.5641,-0.00220738,-0.0157592,999,,,,,,,2.0814410686492915,0.7271773369000035,2.311784505844116,0.8076506828691122,,,,,,,,,,,,,,,,,,,"Mitch Neunborn","sa3021722",666748
"Russell Smith","MIL",0,0,0,5.1561,1,1,0,0,,2.44252,11,2,2,1,0,1,0,0,2,6.79064,4.55042,1.49231,1.49742,0.171081,0.114642,0.056439027190208435,0.248595,1.46361,0.269923,0.680828,,,5.45879,-0.00220765,-0.0448734,999,,,,,,,13.874626111984256,5.680462356043281,13.212585210800171,5.4094137247516,,,,,,,,,,,,,,,,,,,"Russell Smith","sa3018191",669080
"Leonel Sequera","STL",0,0,0,5.67371,1,1,0,0,,4.37287,19,5,3,3,1,2,0,0,2,4.29866,3.77377,1.13909,1.15563,0.109702,0.0963072,0.013395212590694427,0.291884,1.55382,0.306663,0.629723,,,5.25013,-0.00221051,-0.0279339,999,,,,,,,5.059265995025637,1.1569659326928146,6.864368915557861,1.5697615014795683,,,,,,,,,,,,,,,,,,,"Leonel Sequera","sa3019268",800320
"Nick Brink","MIA",0,0,0,5.79097,1,1,0,0,,4.8364,21,5,3,3,1,2,0,0,2,4.48255,3.60895,1.24207,1.34759,0.116334,0.0936616,0.022672317922115326,0.287581,1.50352,0.299056,0.618862,,,5.4281,-0.00222683,0.00906765,999,,,,,,,8.489360237121584,1.7553056366048143,9.182000160217285,1.8985195805520956,,,,,,,,,,,,,,,,,,,"Nick Brink","sa3025653",813752
"Luke Gabrysh","PHI",0,0,0,5.91616,1,1,0,0,,3.71905,15,4,3,2,1,2,0,0,2,3.90882,3.81562,1.02443,1.24856,0.106666,0.104123,0.0025433748960494995,0.286982,1.45769,0.295474,0.585469,,,5.47883,-0.0022506,-0.0550691,999,,,,,,,2.820955371856689,0.7585154464908814,3.5952401161193848,0.9667097853183492,,,,,,,,,,,,,,,,,,,"Luke Gabrysh","sa3031808",826939
"Isaias Uribe","PIT",0,0,0,5.60636,1,1,0,0,,2.23781,10,3,2,1,0,1,0,0,1,5.66983,4.27857,1.32517,1.37775,0.138527,0.104535,0.033991724252700806,0.278976,1.59723,0.299164,0.66299,,,5.4446,-0.00226311,-0.0519889,999,,,,,,,7.759772062301637,3.4675787230039328,10.189035177230835,4.553133945795901,,,,,,,,,,,,,,,,,,,"Isaias Uribe","sa3016486",692854
"Andrew Baker","PHI",0,0,0,4.55392,1,0,0,0,,1.17091,5,1,1,1,0,1,0,0,1,9.25406,5.16807,1.79062,1.17447,0.225209,0.125771,0.09943747520446777,0.241021,1.52313,0.294573,0.724002,,,4.66118,-0.0022944,-0.0360116,999,,,,,,,5.064763998985292,4.325478870155063,4.854570269584656,4.14596635282085,,,,,,,,,,,,,,,,,,,"Andrew Baker","sa3017196",687900
"Skylar Hales","STL",0,0,0,4.48709,1,0,0,0,,1.13352,5,1,1,1,0,0,0,0,1,7.57816,3.56961,2.12297,1.20665,0.194864,0.0917883,0.1030752882361412,0.250844,1.36933,0.289019,0.69801,,,4.52399,-0.00230074,-0.0415337,999,,,,,,,7.788063049316406,6.87067636784611,7.667610168457031,6.764412107179636,,,,,,,,,,,,,,,,,,,"Skylar Hales","sa3022739",813766
"Jesus Flores","MIL",0,0,0,5.34169,1,1,0,0,,2.35853,11,2,2,1,0,1,0,0,2,5.83961,4.46627,1.30749,1.33952,0.14574,0.111466,0.03427485376596451,0.264939,1.53079,0.285055,0.667365,,,5.41406,-0.00232502,-0.0497403,999,,,,,,,13.253106451034547,5.6192281879907,12.79263949394226,5.423993288573643,,,,,,,,,,,,,,,,,,,"Jesus Flores","sa3021519",808222
"Justin Garza","NYM",0,0,0,4.36538,1,0,0,0,,1.1814,5,1,1,1,0,0,0,0,1,7.89399,3.67198,2.14979,1.26515,0.196218,0.0912734,0.10494503378868103,0.245038,1.39154,0.28135,0.721303,,,4.57703,-0.00234938,-0.0402889,999,,,,,,,8.142323398590088,6.892125857444709,7.906975269317627,6.692913808517638,,,,,,,,,,,,,,,,,,,"Justin Garza","19784",621057
"Joshua Quezada","MIL",0,0,0,5.26681,1,1,0,0,,2.56111,12,3,2,1,0,1,0,0,2,5.84216,4.3717,1.33636,1.36445,0.143181,0.107143,0.03603832423686981,0.264009,1.54088,0.282719,0.678678,,,5.41884,-0.0023545,-0.037961,999,,,,,,,12.152221202850342,4.744902243308976,13.805554866790771,5.390455552454562,,,,,,,,,,,,,,,,,,,"Joshua Quezada","sa3021789",808350
"Daniel Corniel","MIL",0,0,0,5.2771,1,1,0,0,,4.33004,18,4,3,3,1,2,0,0,3,5.90532,4.38835,1.34568,1.37872,0.154231,0.114612,0.039619021117687225,0.255643,1.43796,0.274111,0.651859,,,5.42463,-0.00239549,-0.0265129,999,,,,,,,9.342295837402341,2.157554176129906,8.650199890136719,1.997718250647083,,,,,,,,,,,,,,,,,,,"Daniel Corniel","sa3019395",802192
"Bryce Montes de Oca","NYM",0,0,0,4.11244,1,0,0,0,,0.959852,5,1,0,0,0,1,0,0,1,11.029,6.0595,1.82011,1.21522,0.239857,0.131781,0.1080755740404129,0.224691,1.65604,0.281326,0.788656,,,4.64523,-0.00243229,0.053439,999,,,,,,,3.5029046535491957,3.6494217085275866,3.799259901046753,3.958172696813218,,,,,,,,,,,,,,,,,,,"Bryce Montes de Oca","21319",656755
"Tayler Scott","ATL",0,0,0,4.51734,1,0,0,0,,1.06115,5,1,1,1,0,1,0,0,1,8.3942,4.28028,1.96113,1.23175,0.208824,0.106481,0.1023428812623024,0.245453,1.44276,0.289226,0.714978,,,4.627,-0.00244232,-0.0456284,999,,,,,,,4.252539658546448,4.007466990503398,4.305770039558411,4.057629719584277,,,,,,,,,,,,,,,,,,,"Tayler Scott","13652",605463
"Ryan Jensen","CHC",0,0,0,4.36985,1,0,0,0,,1.35741,7,1,1,1,0,1,0,0,2,10.212,6.10183,1.6736,1.04649,0.2358,0.140894,0.09490597248077393,0.235037,1.63557,0.297993,0.750455,,,4.59071,-0.00248445,-0.0294679,999,,,,,,,8.444848656654358,6.2212863722783505,7.787059903144836,5.7366960173260315,,,,,,,,,,,,,,,,,,,"Ryan Jensen","sa3011496",686754
"Bryan Perez","COL",0,0,0,6.27599,1,1,0,0,,4.75901,22,6,4,3,1,2,0,0,3,4.85043,4.46187,1.08709,1.373,0.11669,0.107342,0.009347982704639435,0.303785,1.73231,0.320805,0.639133,,,5.6846,-0.00255871,-0.0456693,999,,,,,,,7.316704559326174,1.5374412346789346,10.79507064819336,2.268341793936421,,,,,,,,,,,,,,,,,,,"Bryan Perez","sa3016515",700169
"Antonio Jimenez","SFG",0,0,0,4.30916,1,0,0,0,,1.68871,7,2,1,1,0,1,0,0,2,8.07618,4.19152,1.92679,1.01938,0.20568,0.106748,0.0989326685667038,0.246393,1.41381,0.294238,0.709713,,,4.35794,-0.00267109,-0.013272,999,,,,,,,8.296475863456727,4.912898809264553,9.443564772605896,5.592166950175106,,,,,,,,,,,,,,,,,,,"Antonio Jimenez","sa3008074",682607
"Davis Chastain","LAD",0,0,0,4.82712,1,0,0,0,,1.18333,5,1,1,1,0,0,0,0,1,7.09849,3.47212,2.04442,1.32231,0.193101,0.0944524,0.09864828735589981,0.252962,1.31017,0.285979,0.655843,,,4.75856,-0.00267188,-0.0374027,999,,,,,,,8.156664490699768,6.892957620482592,7.916665196418762,6.690141265058026,,,,,,,,,,,,,,,,,,,"Davis Chastain","sa3028782",823803
"Ryan Bourassa","ATL",0,0,0,4.35195,1,0,0,0,,1.30623,5,1,1,1,0,1,0,0,1,8.96159,4.49015,1.99583,1.2029,0.244867,0.122689,0.1221778616309166,0.225785,1.29354,0.276555,0.691777,,,4.52216,-0.00272008,-0.0301977,999,,,,,,,6.066072511672974,4.643968533462902,5.531130075454712,4.2344357037396945,,,,,,,,,,,,,,,,,,,"Ryan Bourassa","sa3022947",802180
"Brayden Risedorph","CHC",0,0,0,4.52419,1,0,0,0,,1.4,6,1,1,1,0,1,0,0,1,7.41008,3.85611,1.92164,1.09202,0.207482,0.107971,0.09951101243495941,0.244895,1.28431,0.288034,0.659764,,,4.48618,-0.0027545,-0.0276273,999,,,,,,,6.7599998235702525,4.828571384780261,5.9999998807907104,4.285714273550072,,,,,,,,,,,,,,,,,,,"Brayden Risedorph","sa3040792",703613
"Jhony Brito","SDP",1,1,0,4.2134,24,0,0,1,,24,102,23,12,11,3,8,,1,18,6.85379,2.98757,2.2941,1.10186,0.179184,0.0781063,0.10107777267694473,0.249443,1.29831,0.282242,0.698354,,,4.33153,-0.00277738,-0.0130595,999,,,,,,,93.90000000000002,3.912500000000001,94,3.9166666666666665,,,,,,,,,,,,,,,,,,,"Jhony Brito","25386",666745
"Gerardo Carrillo","ARI",0,0,0,4.5725,1,0,0,0,,1.14674,5,1,1,1,0,0,0,0,1,7.68966,3.82432,2.01073,1.11476,0.196649,0.0978001,0.09884922206401825,0.256655,1.41872,0.300616,0.69365,,,4.45473,-0.00283148,-0.0378249,999,,,,,,,7.885868644714357,6.876777194428344,7.733695030212402,6.74407601857219,,,,,,,,,,,,,,,,,,,"Gerardo Carrillo","sa3002790",672629
"Josh Ekness","MIA",1,1,0,4.25346,22,0,0,1,,22,98,21,11,10,3,11,,1,21,8.65669,4.32688,2.00068,1.08563,0.216756,0.108341,0.10841462016105652,0.241297,1.42336,0.291078,0.723143,,,4.37297,-0.00284465,0.00420048,999,,,,,,,81.30000000000001,3.6954545454545458,81,3.6818181818181817,,,,,,,,,,,,,,,,,,,"Josh Ekness","sa3023204",694795
"Grant Shepardson","MIA",0,0,0,5.49382,1,1,0,0,,3.2,15,3,2,2,0,2,0,0,2,5.89546,4.87141,1.21022,1.26504,0.14427,0.11921,0.025059863924980164,0.27199,1.61454,0.296063,0.668539,,,5.43563,-0.00284904,0.00414835,999,,,,,,,13.880000352859497,4.337500045634806,14.000000238418579,4.375000009313226,,,,,,,,,,,,,,,,,,,"Grant Shepardson","sa3067434",824415
"Cameron Keshock","PIT",0,0,0,4.67971,1,0,0,0,,1.31429,6,1,1,1,0,1,0,0,1,7.13403,3.8878,1.83498,1.09654,0.177867,0.0969317,0.08093570917844772,0.26243,1.4753,0.301029,0.695459,,,4.57635,-0.00286457,-0.0284403,999,,,,,,,6.125716352462769,4.660870147292116,5.571429967880249,4.239130596470032,,,,,,,,,,,,,,,,,,,"Cameron Keshock","sa3035309",804999
"Dylan Tebrake","WSN",0,0,0,4.44742,1,0,0,0,,1.62132,7,1,1,1,0,1,0,0,1,7.51259,3.92224,1.91538,1.11497,0.20623,0.10767,0.0985596552491188,0.241628,1.29743,0.282951,0.674118,,,4.52117,-0.00289373,-0.017748,999,,,,,,,8.397753071784974,5.179584240431729,7.106589913368225,4.383217844564369,,,,,,,,,,,,,,,,,,,"Dylan Tebrake","sa3020477",700188
"Andrew Walling","PHI",0,0,0,4.61277,1,0,0,0,,1.18381,5,1,1,1,0,1,0,0,1,7.63625,4.3594,1.75168,1.14779,0.196276,0.11205,0.08422540873289108,0.247664,1.42275,0.28826,0.69358,,,4.69804,-0.00289409,-0.035357,999,,,,,,,5.160171914100648,4.35896378961246,4.919035077095032,4.155267719336794,,,,,,,,,,,,,,,,,,,"Andrew Walling","sa3020319",681003
"Tyler Bryant","MIL",0,0,0,4.54526,1,0,0,0,,1.17622,5,1,1,1,0,1,0,0,1,8.79182,4.64034,1.89465,1.21166,0.226457,0.119524,0.10693245381116867,0.238589,1.40972,0.288118,0.702662,,,4.63002,-0.00293776,-0.0380022,999,,,,,,,5.103998446464539,4.339337689011095,4.8810800313949585,4.149816024725304,,,,,,,,,,,,,,,,,,,"Tyler Bryant","sa3024995",827744
"Matt Turner","NYM",0,0,0,5.16821,1,0,0,0,,1.44811,7,2,1,1,0,1,0,0,1,7.39161,4.44402,1.66327,1.17652,0.173638,0.104395,0.06924252957105637,0.277873,1.65613,0.319288,0.698472,,,4.83255,-0.00294264,-0.0114557,999,,,,,,,4.516021823883057,3.118560417845909,6.240555286407471,4.309445228684824,,,,,,,,,,,,,,,,,,,"Matt Turner","sa3005029",676666
"Tejay Antone","CIN",0,0,0,4.57648,1,0,0,0,,0.930447,5,1,1,0,0,0,0,0,1,9.00689,4.7873,1.88141,1.42318,0.189363,0.100649,0.08871351927518845,0.2513,1.71161,0.288947,0.77587,,,4.96104,-0.00294371,-0.0451983,999,,,,,,,6.285307669639588,6.755148642147402,6.65223491191864,7.149504526175329,,,,,,,,,,,,,,,,,,,"Tejay Antone","16233",622088
"Andrew Moore","SDP",0,0,0,4.12869,1,0,0,0,,1.38783,6,1,1,1,0,1,0,0,2,10.3915,6.10631,1.70177,1.03029,0.250564,0.147238,0.10332627594470978,0.220332,1.53146,0.283793,0.751472,,,4.5242,-0.0030096,-0.0302584,999,,,,,,,8.66996419429779,6.2471235365578055,7.939164996147156,5.720547789651372,,,,,,,,,,,,,,,,,,,"Andrew Moore","sa3016795",681097
"Mason Thompson","WSN",0,0,0,4.56623,1,0,0,0,,0.942205,5,1,1,0,0,1,0,0,1,8.86245,4.79858,1.84689,1.24767,0.196335,0.106306,0.09002921730279922,0.253223,1.65387,0.297382,0.753346,,,4.73722,-0.00301873,-0.0490447,999,,,,,,,3.3723170876502997,3.5791754928664914,3.711025059223175,3.9386598591295807,,,,,,,,,,,,,,,,,,,"Mason Thompson","21850",666168
"Jonathan Pintaro","NYM",1,1,0,4.04024,26,0,0,1,,26,111,23,13,12,3,13,,1,24,8.47836,4.33889,1.95404,0.987053,0.220658,0.112924,0.10773414373397827,0.232926,1.35278,0.283292,0.71918,,,4.27042,-0.00304257,-0.015207,999,,,,,,,105.7,4.065384615384615,101,3.8846153846153846,,,,,,,,,,,,,,,,,,,"Jonathan Pintaro","33980",702752
"Logan Mercado","ARI",0,0,0,5.33362,1,1,0,0,,2.75263,12,3,2,2,0,1,0,0,2,6.38615,4.57963,1.39447,1.30298,0.163483,0.117237,0.04624616354703903,0.263238,1.50414,0.290615,0.658391,,,5.27624,-0.00314561,-0.0234512,999,,,,,,,13.569476079940795,4.929637001829737,14.76315951347351,5.363288676201509,,,,,,,,,,,,,,,,,,,"Logan Mercado","sa3067558",694781
"Chase Shugart","PIT",1,1,0,4.27829,18,0,0,1,,18,79,17,9,9,2,7,,1,15,7.7477,3.64484,2.12566,1.12446,0.196767,0.0925675,0.10419958829879761,0.246714,1.37275,0.286985,0.712576,,,4.39476,-0.00314888,0.00583206,999,,,,,,,74.40000000000002,4.133333333333335,74,4.111111111111111,,,,,,,,,,,,,,,,,,,"Chase Shugart","21544",663767
"John McMillon","PHI",0,0,0,4.50994,1,0,0,0,,1.10593,5,1,1,1,0,1,0,0,1,9.45976,5.22342,1.81103,1.27322,0.229453,0.126698,0.10275547206401825,0.233682,1.50241,0.28352,0.732236,,,4.77751,-0.00316152,-0.0393017,999,,,,,,,4.583918833732605,4.144835751523484,4.5296748876571655,4.095787708756523,,,,,,,,,,,,,,,,,,,"John McMillon","27942",669111
"Daysbel Hernández","ATL",2,2,0,3.97583,42,0,0,1,,42,184,35,20,19,5,23,,2,46,9.87545,4.92948,2.00334,1.05536,0.250464,0.125023,0.12544116377830505,0.222644,1.38956,0.282313,0.740222,,,4.26459,-0.00316675,0.0339439,999,,,,,,,179.3,4.269047619047619,166,3.9523809523809526,,,,,,,,,,,,,,,,,,,"Daysbel Hernandez","20271",678226
"Antonio Knowles","LAD",0,0,0,4.69681,1,0,0,0,,1.23771,5,1,1,1,0,1,0,0,1,7.81532,4.27861,1.8266,1.24814,0.206327,0.112957,0.09337016940116882,0.243837,1.37391,0.283748,0.681429,,,4.77271,-0.0031704,-0.0346432,999,,,,,,,5.559068989753724,4.49140743127907,5.188560128211975,4.1920576197997415,,,,,,,,,,,,,,,,,,,"Antonio Knowles","sa3017387",682087
"Tyler Baum","WSN",0,0,0,4.5279,1,0,0,0,,1.15125,5,1,1,1,0,1,0,0,1,8.34194,4.60776,1.81041,1.17913,0.203741,0.112539,0.09120256453752518,0.245958,1.49213,0.29009,0.720279,,,4.6773,-0.00318878,-0.0385531,999,,,,,,,4.919272089004517,4.272972277246177,4.756264925003052,4.131381188123938,,,,,,,,,,,,,,,,,,,"Tyler Baum","sa1054042",666121
"Xavier Cardenas III","MIA",0,0,0,4.82557,1,0,0,0,,1.35,6,1,1,1,0,1,0,0,1,6.95815,3.92166,1.77429,1.09936,0.189768,0.106954,0.08281345665454865,0.258122,1.36299,0.298515,0.652168,,,4.62225,-0.00323752,-0.0271196,999,,,,,,,6.39000017642975,4.733333380428361,5.7500001192092896,4.259259272341211,,,,,,,,,,,,,,,,,,,"Xavier Cardenas III","sa3028415",702696
"Michael Mercado","PHI",0,0,0,4.50263,1,0,0,0,,1.52631,7,1,1,1,0,1,0,0,1,8.84136,4.43139,1.99517,1.33392,0.218743,0.109636,0.10910633206367493,0.238441,1.43361,0.281526,0.723575,,,4.72782,-0.00331189,-0.017741,999,,,,,,,7.694678759574892,5.041367181212096,6.631539702415466,4.34482421700336,,,,,,,,,,,,,,,,,,,"Michael Mercado","23223",675650
"Brandon White","MIA",0,0,0,5.78746,1,1,0,0,,4.02836,17,4,3,3,1,1,0,0,2,4.45839,3.27554,1.36112,1.45686,0.116686,0.0857283,0.03095783293247223,0.285561,1.45948,0.29368,0.614124,,,5.47566,-0.00332284,-0.0382256,999,,,,,,,8.109849071502682,2.013189767756669,8.14178991317749,2.0211187655797254,,,,,,,,,,,,,,,,,,,"Brandon White","sa3020589",681449
"José Suarez","ATL",2,1,0,4.26792,30,0,0,1,,30,126,28,16,14,4,10,,1,27,8.17299,3.09499,2.64072,1.24145,0.216217,0.081878,0.13433873653411865,0.245262,1.27885,0.288145,0.70082,,,4.27582,-0.00332809,-0.027819,999,,,,,,,125.00000000000001,4.166666666666667,123,4.1,,,,,,,,,,,,,,,,,,,"Jose Suarez","19911",660761
"Jose Guevara","NYM",0,0,0,5.21406,1,1,0,0,,2.9579,13,3,2,2,0,2,0,0,2,6.59448,4.65188,1.41759,1.43103,0.164716,0.116194,0.04852176457643509,0.25375,1.50139,0.276263,0.679259,,,5.44231,-0.00341011,-0.0194914,999,,,,,,,12.08842329978943,4.0868330803572475,12.789475202560425,4.323843485787194,,,,,,,,,,,,,,,,,,,"Jose Guevara","sa3023823",816397
"Beau Blanchard","CIN",0,0,0,5.86252,1,1,0,0,,2.17826,10,2,2,1,0,1,0,0,1,5.3386,3.83501,1.39207,1.67591,0.130343,0.0936325,0.03671061992645264,0.27964,1.56574,0.28927,0.654599,,,5.79624,-0.00342186,-0.0503481,999,,,,,,,9.919131708145144,4.553692839620114,9.891305208206177,4.540918199938728,,,,,,,,,,,,,,,,,,,"Beau Blanchard","sa3067505",699782
"Ryan Brown","LAD",0,0,0,4.60407,1,0,0,0,,1.27838,6,1,1,1,0,1,0,0,2,11.1296,6.3399,1.75548,1.27921,0.262296,0.149416,0.11288084089756012,0.225507,1.59524,0.291144,0.742347,,,4.80266,-0.00353709,-0.0325726,999,,,,,,,7.859997272491455,6.148414015463904,7.391890048980713,5.78224124033506,,,,,,,,,,,,,,,,,,,"Ryan Brown","sa3027877",811286
"Jack Noble","PIT",0,0,0,5.6597,1,1,0,0,,2.57243,11,3,2,2,0,1,0,0,2,5.59173,4.38923,1.27397,1.38573,0.139815,0.109748,0.030067190527915955,0.275983,1.56552,0.295149,0.650886,,,5.50917,-0.00366756,-0.0324769,999,,,,,,,12.235960054397584,4.756581971373945,13.862135171890259,5.388737945386184,,,,,,,,,,,,,,,,,,,"Jack Noble","sa3020482",804665
"Bryson Van Sickle","COL",0,0,0,5.24661,1,0,0,0,,1.37273,6,2,1,1,0,1,0,0,1,7.25671,3.81321,1.90305,1.38964,0.173931,0.0913959,0.08253488689661026,0.276473,1.57438,0.31121,0.690367,,,4.95096,-0.00372596,-0.0154076,999,,,,,,,3.9581800699234018,2.883442931294094,5.863635182380676,4.271523053434531,,,,,,,,,,,,,,,,,,,"Bryson Van Sickle","sa3068737",809819
"Cristhian Tortosa","PHI",0,0,0,4.6688,1,0,0,0,,1.18531,5,1,1,1,0,1,0,0,1,8.88493,5.03749,1.76376,1.22127,0.217502,0.123317,0.09418479353189468,0.243872,1.51701,0.293168,0.716197,,,4.76523,-0.00372858,-0.0352807,999,,,,,,,5.171279048919679,4.36281467600998,4.926539897918701,4.156337410002772,,,,,,,,,,,,,,,,,,,"Cristhian Tortosa","sa920454",665993
"Logan Martin","SFG",0,0,0,5.53239,1,1,0,0,,4.08249,17,4,3,3,1,2,0,0,2,4.85753,3.67081,1.32329,1.25577,0.130141,0.0983464,0.03179410099983215,0.278546,1.43672,0.295024,0.616513,,,5.23032,-0.00373716,-0.045208,999,,,,,,,5.510397529602047,1.3497651488729776,5.412430763244629,1.3257683090321732,,,,,,,,,,,,,,,,,,,"Logan Martin","sa3023213",814803
"Ricardo Estrada","SFG",0,0,0,5.58785,1,1,0,0,,3.28636,14,3,2,2,0,1,0,0,2,4.96104,4.03578,1.22926,1.18083,0.132404,0.10771,0.024694010615348816,0.280212,1.47613,0.300318,0.617437,,,5.22511,-0.00374985,0.00209848,999,,,,,,,17.51909418106079,5.330843985168322,17.431820392608643,5.304287649239953,,,,,,,,,,,,,,,,,,,"Ricardo Estrada","sa3016017",698962
"Josh Mallitz","SDP",0,0,0,4.56652,1,0,0,0,,1.7623,7,2,1,1,0,1,0,0,1,6.87187,3.28428,2.09235,1.19573,0.183574,0.087736,0.09583834558725357,0.253549,1.31573,0.286638,0.6741,,,4.56315,-0.00381499,-0.0108412,999,,,,,,,6.841042160987855,3.881876261603574,7.811514973640442,4.432560687355415,,,,,,,,,,,,,,,,,,,"Josh Mallitz","sa3025568",695256
"Collin Snider","CHC",1,1,0,4.26413,14,0,0,1,,14,60,14,7,7,2,5,,1,12,7.66245,3.21088,2.3864,1.19489,0.197422,0.0827281,0.11469422280788422,0.247159,1.32326,0.284912,0.708445,,,4.36455,-0.00384458,-0.00283307,999,,,,,,,52.6,3.757142857142857,54,3.857142857142857,,,,,,,,,,,,,,,,,,,"Collin Snider","23307",676092
"Sawyer Hawks","ARI",0,0,0,4.94204,1,0,0,0,,1,4,1,1,1,0,0,0,0,1,5.9882,3.44848,1.73648,1.02758,0.175094,0.100833,0.07426105439662933,0.265197,1.27811,0.300862,0.606616,,,4.56478,-0.00391328,-0.0452138,999,,,,,,,6.800000000000001,6.800000000000001,7,7,,,,,,,,,,,,,,,,,,,"Sawyer Hawks","sa3033436",700895
"Mikey Tepper","WSN",0,0,0,5.64739,1,1,0,0,,2.6964,13,3,2,2,0,1,0,0,2,6.01429,4.77923,1.25842,1.34298,0.142301,0.113079,0.029221996665000916,0.280107,1.68254,0.304324,0.676688,,,5.4937,-0.00397115,-0.0286399,999,,,,,,,13.153375339508056,4.878120912186448,14.48201036453247,5.370864571737287,,,,,,,,,,,,,,,,,,,"Mikey Tepper","sa3023065",694366
"Carson Skipper","COL",0,0,0,5.22942,1,0,0,0,,1.37094,6,1,1,1,0,1,0,0,1,7.01196,3.51737,1.99352,1.45817,0.182321,0.0914569,0.09086444973945618,0.266425,1.41291,0.297069,0.656177,,,4.99402,-0.00406786,-0.0155011,999,,,,,,,6.544948720932007,4.774062626355729,5.854695081710815,4.27057295176548,,,,,,,,,,,,,,,,,,,"Carson Skipper","sa3020451",702297
"Tucker Davidson","PHI",1,0,0,4.4457,10,0,0,1,,10,43,10,5,5,1,4,,0,8,7.30086,3.18771,2.29031,1.28964,0.188316,0.0822227,0.10609301924705505,0.249225,1.32824,0.281249,0.699451,,,4.57368,-0.00410565,0.00308451,999,,,,,,,43.7,4.37,45,4.5,,,,,,,,,,,,,,,,,,,"Tucker Davidson","19871",656353
"Carter Loewen","SDP",0,0,0,4.49706,1,0,0,0,,1.32807,6,1,1,1,0,1,0,0,1,7.58948,4.12653,1.83919,1.15936,0.202307,0.109998,0.09230898320674896,0.241377,1.34249,0.280714,0.685574,,,4.64136,-0.00410966,-0.0333085,999,,,,,,,6.227740383148195,4.689305683564852,5.640365123748779,4.247029356545792,,,,,,,,,,,,,,,,,,,"Carter Loewen","sa3014844",659389
"Trevor Richards","PHI",0,0,0,4.59476,1,0,0,0,,1.26163,6,1,1,1,0,1,0,0,1,8.44459,3.93349,2.14684,1.29028,0.210893,0.098234,0.11265905201435089,0.250356,1.42922,0.294582,0.709487,,,4.58052,-0.00413186,-0.0319848,999,,,,,,,5.7360985994339,4.546559698757323,5.308174729347229,4.207377694099256,,,,,,,,,,,,,,,,,,,"Trevor Richards","19309",670950
"Connor Foley","ARI",0,0,0,5.14986,1,1,0,0,,2.8,14,3,2,2,0,2,0,0,2,7.89397,5.30707,1.48744,1.36468,0.177964,0.119644,0.058319784700870514,0.261268,1.70819,0.297287,0.724121,,,5.2945,-0.00415066,-0.0206343,999,,,,,,,10.919999647140504,3.8999999403953542,11.999999761581421,4.285714273550072,,,,,,,,,,,,,,,,,,,"Connor Foley","sa3031511",805879
"Cade Denton","COL",0,0,0,5.48789,1,0,0,0,,1.18677,5,1,1,1,0,1,0,0,1,6.82637,3.91578,1.7433,1.3451,0.17018,0.0976198,0.07256051152944565,0.28179,1.55459,0.316503,0.660492,,,5.0134,-0.00421724,-0.0250636,999,,,,,,,5.182097721099854,4.366556186684785,4.933849811553955,4.157376718523551,,,,,,,,,,,,,,,,,,,"Cade Denton","sa3023047",814106
"Tayler Montiel","ARI",0,0,0,4.74412,1,0,0,0,,1,4,1,1,1,0,0,0,0,1,7.49045,3.96019,1.89144,1.16461,0.189153,0.100005,0.08914794772863388,0.260032,1.45707,0.300941,0.69075,,,4.61908,-0.0042284,-0.0452138,999,,,,,,,6.800000000000001,6.800000000000001,7,7,,,,,,,,,,,,,,,,,,,"Tayler Montiel","sa3038267",813535
"Andrew Bechtold","PHI",0,0,0,4.63926,1,0,0,0,,1.00364,5,1,1,1,0,1,0,0,1,8.89673,5.11682,1.73872,1.28483,0.207509,0.119345,0.08816314488649368,0.24428,1.57972,0.28869,0.736823,,,4.88697,-0.00423343,-0.0444505,999,,,,,,,3.826906418800353,3.8130421877184384,4.018180012702942,4.003622829921788,,,,,,,,,,,,,,,,,,,"Andrew Bechtold","sa829787",657510
"Jacob Odle","STL",0,0,0,5.30442,1,1,0,0,,2.96339,13,3,2,2,0,2,0,0,2,6.97162,5.30461,1.31426,1.2704,0.170667,0.129859,0.040808916091918945,0.260053,1.60221,0.292614,0.682391,,,5.35334,-0.00424847,-0.016868,999,,,,,,,12.129063892364503,4.092973290791004,12.816935062408447,4.325096589957348,,,,,,,,,,,,,,,,,,,"Jacob Odle","sa3022877",813838
"Jackson Smeltz","SDP",0,0,0,4.43423,1,0,0,0,,1.34,6,1,1,1,0,1,0,0,1,8.45213,4.10055,2.06122,1.30961,0.198699,0.096399,0.10230015963315964,0.246693,1.49641,0.285636,0.741307,,,4.67077,-0.004321,-0.0327008,999,,,,,,,6.316000247001648,4.713432902741681,5.700000166893005,4.253731361872689,,,,,,,,,,,,,,,,,,,"Jackson Smeltz","sa3023810",694461
"John Curtiss","ARI",0,0,0,4.63723,1,0,0,0,,1.21028,5,1,1,1,0,0,0,0,1,6.76905,2.77755,2.43706,1.33903,0.177076,0.0726599,0.10441659390926361,0.25838,1.31515,0.286427,0.679754,,,4.62057,-0.00435876,-0.0346009,999,,,,,,,8.356108617782594,6.904248978045637,8.051424741744995,6.652503406514544,,,,,,,,,,,,,,,,,,,"John Curtiss","16128",595928
"Jonney Rosario","SDP",0,0,0,5.14647,1,1,0,0,,2.27947,11,3,1,1,0,1,0,0,2,7.52287,4.83916,1.55458,1.56552,0.16773,0.107894,0.05983589589595795,0.258149,1.67077,0.283816,0.733027,,,5.50723,-0.00441672,0.0396651,999,,,,,,,10.068114805221558,4.416856917263609,12.397374868392944,5.438697512167116,,,,,,,,,,,,,,,,,,,"Jonney Rosario","sa3016616",700326
"William Kempner","MIA",1,1,0,4.34523,24,0,0,1,,24,106,22,13,12,3,13,,1,25,9.3467,4.70332,1.98726,1.10932,0.234505,0.118004,0.11650056391954422,0.239151,1.44435,0.296564,0.721051,,,4.38327,-0.00442217,-0.0254712,999,,,,,,,95.50000000000001,3.9791666666666674,93,3.875,,,,,,,,,,,,,,,,,,,"William Kempner","sa3020527",687531
"Braeden Fausnaught","PHI",0,0,0,5.70176,1,1,0,0,,4.4578,20,5,3,3,1,2,0,0,3,5.59771,3.71496,1.5068,1.60918,0.141515,0.0939175,0.04759744554758072,0.274614,1.49324,0.287731,0.644682,,,5.5973,-0.00442847,-0.012644,999,,,,,,,7.68771228790283,1.7245533862420388,9.288994789123535,2.0837626095314827,,,,,,,,,,,,,,,,,,,"Braeden Fausnaught","sa3020598",805634
"Justin King","MIA",0,0,0,4.58269,1,0,0,0,,1.03877,5,1,1,1,0,1,0,0,1,9.45874,5.5382,1.70791,1.23237,0.223756,0.131011,0.09274418652057648,0.237702,1.57205,0.288969,0.735979,,,4.82984,-0.00445959,-0.0429363,999,,,,,,,4.086905646324158,3.934366203292853,4.193855166435242,4.037323945359126,,,,,,,,,,,,,,,,,,,"Justin King","sa3018278",659381
"Mason Burns","STL",0,0,0,4.66779,1,0,0,0,,1.4525,6,1,1,1,0,1,0,0,1,7.82638,4.3516,1.7985,1.09599,0.20538,0.114195,0.09118536114692688,0.251105,1.41302,0.298023,0.68131,,,4.57622,-0.00448257,-0.0252894,999,,,,,,,7.148499894142152,4.9215146055387144,6.262499928474426,4.311531834871865,,,,,,,,,,,,,,,,,,,"Mason Burns","sa3028089",826314
"Austin Schulfer","PHI",0,0,0,4.74711,1,0,0,0,,1.31934,6,1,1,1,0,1,0,0,1,7.25686,3.93715,1.84318,1.27508,0.1808,0.0980914,0.0827084332704544,0.255291,1.45177,0.288459,0.698624,,,4.82402,-0.00464491,-0.0284383,999,,,,,,,6.163122987747194,4.671364907168185,5.596704721450806,4.242045807546718,,,,,,,,,,,,,,,,,,,"Austin Schulfer","sa3007585",662165
"JeanPierre Ortiz","CIN",0,0,0,5.99448,1,1,0,0,,3.25639,14,3,2,2,1,2,0,0,2,4.98487,4.17957,1.19267,1.54114,0.130043,0.109035,0.021008215844631195,0.276921,1.50183,0.286706,0.613548,,,5.79202,-0.00465732,0.0141176,999,,,,,,,1.9972937583923356,0.6133457956022916,1.2819552421569824,0.39367361692463204,,,,,,,,,,,,,,,,,,,"JeanPierre Ortiz","sa3024922",701370
"Evan Gates","PHI",0,0,0,4.53555,1,0,0,0,,1.65202,7,2,1,1,0,1,0,0,1,7.60252,4.04102,1.88134,1.06381,0.194916,0.103605,0.091311015188694,0.254169,1.42406,0.29821,0.694147,,,4.47486,-0.00469213,-0.0151918,999,,,,,,,6.024940776824951,3.647016583755107,7.260095119476318,4.394680094154049,,,,,,,,,,,,,,,,,,,"Evan Gates","sa3017311",688753
"Elwis Mijares","NYM",0,0,0,4.62163,1,0,0,0,,1.28333,5,1,1,1,0,1,0,0,1,7.00527,3.90961,1.79181,1.15584,0.187294,0.104528,0.08276588469743729,0.248577,1.34787,0.283613,0.67376,,,4.69112,-0.00472196,-0.0351294,999,,,,,,,5.896663784980774,4.594804343591497,5.416664719581604,4.2207789843309715,,,,,,,,,,,,,,,,,,,"Elwis Mijares","sa3021009",808274
"Eduardo Salazar","WSN",0,0,0,4.79306,1,0,0,0,,1.24527,6,1,1,1,0,1,0,0,1,7.25247,4.17413,1.73748,1.17313,0.167693,0.0965153,0.07117822766304016,0.266892,1.60847,0.302538,0.720062,,,4.7674,-0.00475731,-0.0337829,999,,,,,,,5.615027213096619,4.50906985037021,5.226369738578796,4.196963847325058,,,,,,,,,,,,,,,,,,,"Eduardo Salazar","23135",674285
"Kyle Nelson","ARI",0,0,0,4.71727,1,0,0,0,,0.807686,4,1,0,0,0,0,0,0,1,7.71244,3.70804,2.07993,1.39733,0.187521,0.0901574,0.09736329317092896,0.254697,1.45848,0.287813,0.713875,,,4.82304,-0.00475971,0.0447045,999,,,,,,,5.376876187324525,6.65713702930368,6.038429856300354,7.476209902321072,,,,,,,,,,,,,,,,,,,"Kyle Nelson","20515",669459
"Robert Cranz","WSN",0,0,0,5.03865,1,0,0,0,,1.19699,5,1,1,1,0,0,0,0,1,6.73213,3.75574,1.79249,1.25775,0.196391,0.109563,0.08682769536972046,0.251114,1.25806,0.284921,0.608601,,,4.83794,-0.00493418,-0.0362366,999,,,,,,,8.257733154296876,6.8987430844147575,7.984954833984375,6.670856385284145,,,,,,,,,,,,,,,,,,,"Robert Cranz","sa3025521",801128
"Nick Merkel","MIL",0,0,0,4.53632,1,0,0,0,,1.83913,8,2,1,1,0,1,0,0,2,7.44872,4.0066,1.85911,1.16135,0.195129,0.104958,0.09017106145620346,0.246469,1.3691,0.284705,0.688785,,,4.63592,-0.00494704,-0.00363873,999,,,,,,,9.409525275230411,5.116305354414811,10.195625185966492,5.543736820377426,,,,,,,,,,,,,,,,,,,"Nick Merkel","sa3019962",806581
"Jason Blanchard","SDP",0,0,0,4.5359,1,0,0,0,,1.39304,6,1,1,1,0,1,0,0,1,8.14986,4.26831,1.90939,1.2368,0.199371,0.104416,0.09495489299297333,0.247542,1.46857,0.288148,0.719418,,,4.68623,-0.00494903,-0.0299921,999,,,,,,,6.7084814548492435,4.81572023806977,5.965190172195435,4.282144510574936,,,,,,,,,,,,,,,,,,,"Jason Blanchard","sa3010313",687836
"David Bracho","CHC",0,0,0,5.40423,1,1,0,0,,2.28282,10,2,1,1,0,1,0,0,1,5.82709,4.46364,1.30546,1.36069,0.143708,0.110082,0.03362557291984558,0.267908,1.55634,0.287778,0.669674,,,5.44776,-0.00498466,0.0420308,999,,,,,,,10.692890834808352,4.684064613413428,10.41411542892456,4.561945905389262,,,,,,,,,,,,,,,,,,,"David Bracho","sa3019080",803425
"Jason Savacool","STL",0,0,0,5.76742,1,1,0,0,,4.38665,18,5,3,3,1,2,0,0,2,4.47429,4.19455,1.06669,1.13289,0.120166,0.112653,0.007512994110584259,0.285565,1.50081,0.302907,0.604637,,,5.31809,-0.00498927,-0.0271398,999,,,,,,,5.161217689514164,1.1765735736630167,6.933255195617676,1.5805349305840748,,,,,,,,,,,,,,,,,,,"Jason Savacool","sa3022856",691013
"Patricio Aquino","MIL",0,0,0,5.4585,1,1,0,0,,3.01879,13,3,2,2,0,1,0,0,2,4.93189,3.8038,1.29657,1.42379,0.125993,0.0971738,0.028818808495998383,0.269538,1.46817,0.27967,0.646303,,,5.50699,-0.00499778,-0.0108304,999,,,,,,,15.539060163497926,5.147443284018592,16.09395956993103,5.331258340585501,,,,,,,,,,,,,,,,,,,"Patricio Aquino","sa3016510",699223
"Saul Teran","PHI",0,0,0,4.87988,1,0,0,0,,1.26447,5,1,1,1,0,1,0,0,1,7.03774,3.91212,1.79896,1.2749,0.189615,0.105403,0.08421232551336288,0.251733,1.35172,0.285144,0.658495,,,4.85599,-0.005015,-0.0312477,999,,,,,,,5.757048749923706,4.552948465698951,5.3223302364349365,4.209152351583042,,,,,,,,,,,,,,,,,,,"Saul Teran","sa3018296",699703
"Michael Walsh","PIT",0,0,0,5.02976,1,0,0,0,,1.35108,6,1,1,1,0,0,0,0,1,5.62873,3.18894,1.76508,1.14525,0.1535,0.0869649,0.06653483957052231,0.272146,1.35492,0.29868,0.632681,,,4.73167,-0.00502435,-0.0265505,999,,,,,,,9.39796245098114,6.955909514386676,8.755380034446716,6.480301618711082,,,,,,,,,,,,,,,,,,,"Michael Walsh","sa3020337",805315
"Alec Willis","STL",0,0,0,4.8137,1,0,0,0,,1.71968,7,2,1,1,0,1,0,0,1,6.55404,3.37406,1.94248,1.13389,0.184244,0.0948503,0.08939408510923386,0.260222,1.29465,0.29615,0.635333,,,4.57054,-0.00502534,-0.0113907,999,,,,,,,6.525646638870239,3.794682227002875,7.59840989112854,4.418497133387561,,,,,,,,,,,,,,,,,,,"Alec Willis","sa3017992",701650
"Erubiel Armenta","PHI",0,0,0,4.78144,1,0,0,0,,1.004,5,1,1,1,0,1,0,0,1,8.63814,5.0996,1.69388,1.30006,0.205904,0.121557,0.08434678614139557,0.246458,1.56226,0.289959,0.722042,,,4.95812,-0.00508031,-0.0444322,999,,,,,,,3.8295996189117445,3.814342445562079,4.019999742507935,4.003984012656133,,,,,,,,,,,,,,,,,,,"Erubiel Armenta","sa3015125",692068
"Travis Smith","MIL",0,0,0,5.74579,1,1,0,0,,4.084,17,4,3,3,1,2,0,0,2,3.56584,3.42625,1.04074,1.27526,0.0963154,0.0925451,0.0037703588604927063,0.284116,1.42862,0.287648,0.594454,,,5.46052,-0.00511275,-0.0406238,999,,,,,,,5.521600818634029,1.3520079992817076,5.4200005531311035,1.3271303639362604,,,,,,,,,,,,,,,,,,,"Travis Smith","sa3042647",695605
"Wyatt Hudepohl","NYM",0,0,0,5.42754,1,1,0,0,,3.625,16,4,2,2,1,2,0,0,2,6.04691,4.66449,1.29637,1.34458,0.149881,0.115616,0.03426498919725418,0.266765,1.562,0.289309,0.667726,,,5.44427,-0.00514633,0.020999,999,,,,,,,2.1250000000000018,0.5862068965517246,3.125,0.8620689655172413,,,,,,,,,,,,,,,,,,,"Wyatt Hudepohl","sa3023442",694766
"Ryan Birchard","MIL",0,0,0,5.07347,1,1,0,0,,3.8712,17,3,2,2,1,2,0,0,3,7.99312,5.76007,1.38768,1.43129,0.200075,0.144179,0.05589529871940613,0.233298,1.51332,0.264924,0.695462,,,5.51323,-0.00515562,0.0417279,999,,,,,,,8.546880626678465,2.20781164489231,6.3560004234313965,1.641868228039803,,,,,,,,,,,,,,,,,,,"Ryan Birchard","sa3023449",804670
"Deyer Zapata","ARI",0,0,0,5.61188,1,1,0,0,,2.3711,10,3,2,1,0,1,0,0,2,5.70092,4.2962,1.32697,1.3177,0.143366,0.10804,0.03532584011554718,0.278796,1.56211,0.301621,0.649212,,,5.35401,-0.00518427,-0.0458574,999,,,,,,,10.74613962173462,4.5321327035567425,12.855499744415283,5.421745190653421,,,,,,,,,,,,,,,,,,,"Deyer Zapata","sa3016063",700345
"Tanner Franklin","STL",0,0,0,4.54946,1,0,0,0,,2,9,2,1,1,0,1,0,0,2,8.30965,4.20348,1.97685,1.17707,0.197849,0.100083,0.09776593744754791,0.255481,1.52676,0.300251,0.72537,,,4.54502,-0.00520544,0.00348745,999,,,,,,,10.600000000000001,5.300000000000001,11,5.5,,,,,,,,,,,,,,,,,,,"Tanner Franklin","sa3031652",815119
"Nick Maldonado","MIA",0,0,0,4.99735,1,0,0,0,,1.52605,7,2,1,1,0,1,0,0,1,6.50643,3.54811,1.83377,1.18599,0.167998,0.0916132,0.07638458907604218,0.271072,1.44126,0.30429,0.664236,,,4.72449,-0.00528009,-0.0180137,999,,,,,,,5.09276978969574,3.3372234753369447,6.630249857902527,4.344713463764023,,,,,,,,,,,,,,,,,,,"Nick Maldonado","sa3023033",686529
"Antonio Menendez","ARI",0,0,0,4.60753,1,0,0,0,,1.42667,6,1,1,1,0,1,0,0,1,7.08231,4.44929,1.59178,1.14599,0.180693,0.113516,0.06717687100172043,0.245527,1.42994,0.279068,0.695694,,,4.85024,-0.00531227,-0.0258218,999,,,,,,,6.957372665405273,4.87664491495173,6.133359909057617,4.299068031931037,,,,,,,,,,,,,,,,,,,"Antonio Menendez","sa3018799",694674
"Nate Peterson","CIN",0,0,0,5.52693,1,1,0,0,,2.97375,13,3,2,2,0,1,0,0,2,5.77496,4.32894,1.33404,1.45383,0.14605,0.10948,0.03657033294439316,0.266678,1.51101,0.283891,0.653984,,,5.54488,-0.00532854,-0.0135329,999,,,,,,,15.205772018432619,5.113327214430349,15.868764877319336,5.336275409642596,,,,,,,,,,,,,,,,,,,"Nate Peterson","sa3020804",685396
"Tucker Biven","WSN",0,0,0,4.88003,1,0,0,0,,1,5,1,1,1,0,0,0,0,1,7.88239,4.29288,1.83615,1.35487,0.184383,0.100418,0.08396504819393158,0.260103,1.57471,0.296553,0.72032,,,4.92953,-0.00534606,-0.0461598,999,,,,,,,6.800000000000001,6.800000000000001,7,7,,,,,,,,,,,,,,,,,,,"Tucker Biven","sa3027184",702712
"Hoss Brewer","NYM",0,0,0,4.84862,1,0,0,0,,1.40633,6,1,1,1,0,1,0,0,1,6.2108,3.41569,1.81831,1.1635,0.170134,0.0935671,0.07656723260879517,0.26098,1.32754,0.291038,0.644652,,,4.70635,-0.0053563,-0.0288532,999,,,,,,,6.806848978996278,4.840147343949506,6.031654715538025,4.288929817763751,,,,,,,,,,,,,,,,,,,"Hoss Brewer","sa3025636",804546
"Julian Aguiar","CIN",1,1,2,5.10202,32,2,0,1,,37,162,39,23,21,6,13,,2,25,6.11426,3.02553,2.02089,1.48168,0.156776,0.0775776,0.07919829338788986,0.266934,1.39119,0.286449,0.665132,,,5.05951,-0.00538589,-0.12817,999,,,,,,,107.6,2.908108108108108,116,3.135135135135135,,,,,,,,,,,,,,,,,,,"Julian Aguiar","30031",687924
"Chris Devenski","PIT",1,1,0,4.20458,26,0,0,1,,26,109,24,13,12,4,9,,1,22,7.63145,3.12821,2.43956,1.23474,0.202639,0.0830635,0.11957506090402603,0.240607,1.26018,0.276164,0.702102,,,4.39755,-0.00541426,0.00838718,999,,,,,,,98.79999999999998,3.7999999999999994,96,3.6923076923076925,,,,,,,,,,,,,,,,,,,"Chris Devenski","12763",606965
"Myles Caba","LAD",0,0,0,4.90694,1,0,0,0,,1.3325,6,1,1,1,0,1,0,0,1,7.5871,4.16263,1.82267,1.34932,0.200591,0.110054,0.09053786098957062,0.247927,1.3779,0.283586,0.669867,,,4.92951,-0.00544437,-0.0298073,999,,,,,,,6.2604998588562015,4.698311405980773,5.662499904632568,4.24953094610577,,,,,,,,,,,,,,,,,,,"Myles Caba","sa3067130",703821
"Estibenzon Jimenez","PHI",0,0,0,5.76437,1,1,0,0,,4.11132,18,5,3,3,1,2,0,0,2,5.27384,3.44645,1.53022,1.6564,0.133895,0.0875,0.046394556760787964,0.277413,1.47784,0.286721,0.637851,,,5.64459,-0.00544713,-0.0327653,999,,,,,,,3.1237399101257317,0.7597907227453314,5.556581020355225,1.3515333641457865,,,,,,,,,,,,,,,,,,,"Estibenzon Jimenez","sa3015983",693732
"Gabriel Barbosa","PHI",0,0,0,5.81794,1,1,0,0,,3.7735,16,4,3,2,1,1,0,0,2,4.37392,3.43495,1.27336,1.49863,0.112174,0.0880931,0.024080820381641388,0.284066,1.49081,0.28986,0.623969,,,5.61169,-0.0054581,-0.0520026,999,,,,,,,6.2238926887512225,1.6493691051646404,6.867495059967041,1.8199276157592479,,,,,,,,,,,,,,,,,,,"Gabriel Barbosa","sa3009593",682858
"Cy Nielson","PIT",0,0,0,4.79042,1,0,0,0,,1.37634,6,1,1,1,0,1,0,0,1,7.79422,4.74585,1.64232,1.10843,0.186928,0.11382,0.07310878485441208,0.259865,1.58033,0.303578,0.709548,,,4.7464,-0.00549757,-0.0252499,999,,,,,,,6.584908294677735,4.784365256001264,5.881694793701172,4.273434793333684,,,,,,,,,,,,,,,,,,,"Cy Nielson","sa3020321",686951
"Alexander De Los Santos","PHI",0,0,0,5.34002,1,1,0,0,,2.1,12,3,1,1,0,1,0,0,2,8.57248,5.1508,1.6643,1.82009,0.173934,0.104509,0.0694253146648407,0.264386,1.85257,0.292333,0.767482,,,5.76051,-0.00551641,0.0337746,999,,,,,,,8.739999294281006,4.161904614852933,11.499999523162842,5.476190497815745,,,,,,,,,,,,,,,,,,,"Alexander De Los Santos","sa3023083",808167
"Kevin Camacho","CHC",0,0,0,5.44826,1,1,0,0,,3.33125,14,3,2,2,0,2,0,0,2,6.46838,4.94614,1.30776,1.33212,0.170254,0.130187,0.04006683826446533,0.256759,1.47926,0.283818,0.643117,,,5.42348,-0.00553042,0.00604867,999,,,,,,,14.851249647140502,4.458161308734619,14.656249761581421,4.3996247568846165,,,,,,,,,,,,,,,,,,,"Kevin Camacho","sa3021577",814268
"Hamlet Garcia","MIA",0,0,0,5.99445,1,1,0,0,,4.0125,16,4,3,3,1,2,0,0,2,4.23464,4.07047,1.04033,1.23291,0.117082,0.112543,0.0045388489961624146,0.286597,1.46116,0.29934,0.577995,,,5.47033,-0.00557813,-0.0391319,999,,,,,,,4.992498588562016,1.2442364675093556,5.062499046325684,1.2616820652890817,,,,,,,,,,,,,,,,,,,"Hamlet Garcia","sa3021022",808697
"Wande Torres","MIL",0,0,0,5.57889,1,1,0,0,,3.73913,16,4,3,2,1,2,0,0,2,5.2016,4.24137,1.2264,1.34273,0.132899,0.108365,0.024533435702323914,0.273318,1.51758,0.289296,0.642265,,,5.48062,-0.00563684,-0.0600745,999,,,,,,,2.969562149047851,0.7941853139772319,3.695650100708008,0.9883716481643109,,,,,,,,,,,,,,,,,,,"Wande Torres","sa3019165",800485
"Beau Burrows","PIT",0,0,0,4.61381,1,0,0,0,,1.56301,7,1,1,1,0,1,0,0,1,7.308,3.94584,1.85208,1.24718,0.188905,0.101996,0.08690843731164932,0.247007,1.38005,0.280633,0.691484,,,4.77158,-0.00566285,-0.0155652,999,,,,,,,7.966251778602601,5.096747355155832,6.815034985542297,4.360207598654398,,,,,,,,,,,,,,,,,,,"Beau Burrows","18873",663366
"Nestor Lorant","CIN",0,0,0,5.80989,1,1,0,0,,3.903,17,4,3,3,1,2,0,0,2,5.7613,3.97398,1.44975,1.73661,0.143874,0.0992403,0.044633686542510986,0.270216,1.51124,0.280506,0.649557,,,5.83546,-0.00567615,-0.0364588,999,,,,,,,4.182214975357057,1.071537998178051,4.515010118484497,1.1568044523348484,,,,,,,,,,,,,,,,,,,"Nestor Lorant","sa3011640",686544
"Carlos Guzman","NYM",0,0,0,4.50589,1,0,0,0,,1.54651,7,1,1,1,0,1,0,0,1,7.67497,4.32684,1.7738,1.17886,0.20016,0.112842,0.08731799572706223,0.240214,1.37693,0.278558,0.695492,,,4.72166,-0.00567716,-0.0216321,999,,,,,,,7.844158864021303,5.072174922024885,6.732539772987366,4.35338192278469,,,,,,,,,,,,,,,,,,,"Carlos Guzman","sa871477",664346
"Michael Perez","MIA",0,0,0,5.58831,1,1,0,0,,2.81253,13,3,2,2,0,2,0,0,2,6.68279,5.31462,1.25743,1.36302,0.160012,0.127253,0.03275923430919647,0.26885,1.66441,0.297523,0.679039,,,5.55714,-0.00571828,-0.019231,999,,,,,,,11.012699365615845,3.915588933177571,12.062634706497192,4.288895700648484,,,,,,,,,,,,,,,,,,,"Michael Perez","sa3019721",805872
"DJ Herz","WSN",1,1,0,4.36962,22,0,0,1,,22,92,19,12,11,3,11,,1,22,8.84308,4.3831,2.01754,1.18829,0.234961,0.116459,0.11850196123123169,0.232784,1.33579,0.283118,0.699864,,,4.49322,-0.00573836,-0.0262486,749.5,,,,,,,88.5,4.0227272727272725,83,3.772727272727273,,,,,,,,,,,,,,,,,,,"DJ Herz","26389",687792
"Connor Oliver","PIT",0,0,0,5.71428,1,1,0,0,,2.72056,12,3,2,2,0,2,0,0,2,5.78332,4.98169,1.16092,1.28684,0.144752,0.124688,0.0200643390417099,0.275063,1.60782,0.299051,0.64956,,,5.52764,-0.00576629,-0.0237167,999,,,,,,,10.332158660888673,3.797803076086088,11.60280990600586,4.264857770629813,,,,,,,,,,,,,,,,,,,"Connor Oliver","sa3023200",700179
"Nicolas Carreno","NYM",0,0,0,5.24166,1,1,0,0,,2.00714,10,2,1,1,0,1,0,0,1,6.58739,5.2113,1.26406,1.37966,0.149038,0.117905,0.03113377094268799,0.262081,1.69935,0.285302,0.716112,,,5.57311,-0.00579415,0.0226968,999,,,,,,,8.652858352661134,4.311032280074237,9.035715103149414,4.501779400011974,,,,,,,,,,,,,,,,,,,"Nicolas Carreno","sa3022004",807993
"Ethan Bagwell","ATL",0,0,0,5.81254,1,1,0,0,,4.44969,18,4,3,3,1,2,0,0,2,4.2558,3.44479,1.23543,1.3202,0.118981,0.096307,0.0226738303899765,0.283042,1.38699,0.292833,0.576829,,,5.37523,-0.00582152,-0.0162019,999,,,,,,,8.22766971588135,1.8490453901800605,7.248425483703613,1.6289749333077288,,,,,,,,,,,,,,,,,,,"Ethan Bagwell","sa3025661",815626
"Anyer Laureano","CIN",0,0,0,4.86271,1,0,0,0,,1.77067,8,2,1,1,0,1,0,0,2,8.39937,5.57207,1.50741,1.1415,0.217178,0.144074,0.07310396432876587,0.240016,1.489,0.289781,0.685414,,,4.93633,-0.00590092,-0.0017968,999,,,,,,,8.902950477600097,5.028015151768128,9.853344917297363,5.564758297198065,,,,,,,,,,,,,,,,,,,"Anyer Laureano","sa3019123",703242
"Luis Moreno","NYM",0,0,0,5.63948,1,1,0,0,,2.08834,9,2,1,1,0,1,0,0,1,5.13881,4.65404,1.10416,1.26295,0.127045,0.11506,0.011984691023826599,0.277836,1.60767,0.295665,0.654245,,,5.52483,-0.00592136,0.0278708,999,,,,,,,9.253709268569946,4.431133483705971,9.44169545173645,4.52115056188806,,,,,,,,,,,,,,,,,,,"Luis Moreno","sa3002928",672382
"Joshua Loeschorn","PIT",0,0,0,4.97072,1,0,0,0,,1.45776,6,1,1,1,0,1,0,0,1,6.00525,3.31582,1.81109,1.20418,0.16075,0.0887584,0.07199127972126007,0.267259,1.36744,0.294597,0.647565,,,4.7786,-0.00593249,-0.021042,999,,,,,,,7.18740177154541,4.930452599784505,6.288784980773926,4.314014611051252,,,,,,,,,,,,,,,,,,,"Joshua Loeschorn","sa3020837",700380
"Aidan Foeller","LAD",0,0,0,5.42666,1,1,0,0,,3.75311,17,4,2,2,1,3,0,0,3,7.88134,6.03009,1.307,1.45695,0.189931,0.145318,0.04461278021335602,0.247623,1.63145,0.28103,0.692536,,,5.67212,-0.00602046,0.0347822,999,,,,,,,2.0730134963989304,0.5523455305035992,2.765549659729004,0.7368688127648859,,,,,,,,,,,,,,,,,,,"Aidan Foeller","sa3025616",826538
"Justin Chambers","LAD",0,0,0,4.78041,1,0,0,0,,1.58294,7,1,1,1,0,1,0,0,1,8.50953,4.84285,1.75713,1.30691,0.213919,0.121743,0.09217558801174164,0.242591,1.46715,0.286179,0.701831,,,4.90255,-0.0060412,-0.0168695,999,,,,,,,8.11372675895691,5.125745140876732,6.914680242538452,4.3682625391324255,,,,,,,,,,,,,,,,,,,"Justin Chambers","sa3024201",807724
"Joey Gerber","NYM",1,1,0,4.17935,28,0,0,1,,28,120,25,14,13,4,11,,1,27,8.59563,3.50325,2.45361,1.27376,0.22285,0.0908251,0.13202449679374695,0.236225,1.29879,0.278901,0.719205,,,4.37114,-0.00604489,-0.0164174,999,,,,,,,115.00000000000006,4.107142857142859,110,3.9285714285714284,,,,,,,,,,,,,,,,,,,"Joey Gerber","24591",680702
"Isaac Ayon","LAD",0,0,0,5.90683,1,1,0,0,,2.36471,10,2,2,2,0,1,0,0,1,5.24615,4.40805,1.19013,1.49519,0.136237,0.114473,0.021764539182186127,0.273632,1.513,0.286616,0.6218,,,5.74669,-0.00605517,-0.048932,999,,,,,,,11.298824691772463,4.7781096268955885,10.823530197143555,4.577114455950901,,,,,,,,,,,,,,,,,,,"Isaac Ayon","sa3026340",694847
"Nick Nastrini","LAD",0,0,0,5.37354,1,1,0,0,,3.43229,16,3,2,2,1,2,0,0,3,7.98981,5.54988,1.43964,1.62872,0.188249,0.130762,0.05748745799064636,0.247221,1.61597,0.275216,0.707354,,,5.73323,-0.0060757,0.014813,999,,,,,,,5.298953628540041,1.543853239967125,4.161455154418945,1.212442394008588,,,,,,,,,,,,,,,,,,,"Nick Nastrini","29833",680897
"Greiber Mendez","PIT",0,0,0,5.93373,1,1,0,0,,2.06713,9,2,1,1,0,1,0,0,1,4.7509,4.77548,0.994853,1.2241,0.12361,0.124249,-0.0006394684314727783,0.282742,1.5737,0.299831,0.61708,,,5.59151,-0.00611637,0.0319345,999,,,,,,,9.096739721298217,4.400668061566114,9.33563494682312,4.516236784123567,,,,,,,,,,,,,,,,,,,"Greiber Mendez","sa3018041",700356
"Andre Granillo","STL",2,2,0,4.09496,40,0,0,1,,40,174,36,20,18,5,18,,2,41,9.19457,4.00594,2.29523,1.19164,0.235347,0.102537,0.13280951976776123,0.231927,1.33741,0.282142,0.729536,,,4.29382,-0.00611744,-0.0155759,999,,,,,,,166.9,4.1725,161,4.025,,,,,,,,,,,,,,,,,,,"Andre Granillo","29542",701552
"Alfred Morillo","ARI",0,0,0,4.62469,1,0,0,0,,1.26049,6,1,1,1,0,1,0,0,1,7.66976,4.94649,1.55055,0.964739,0.188401,0.121506,0.06689481437206268,0.25487,1.5488,0.301248,0.706039,,,4.63302,-0.00611828,-0.0320433,999,,,,,,,5.727625560760499,4.543967687546413,5.302449703216553,4.206657690985114,,,,,,,,,,,,,,,,,,,"Alfred Morillo","sa3018870",801219
"Dustin Saenz","WSN",0,0,0,5.98268,1,1,0,0,,3.10001,13,4,2,2,0,1,0,0,1,3.42727,3.12214,1.09773,1.39199,0.0880877,0.0802451,0.007842615246772766,0.297693,1.51716,0.299089,0.608258,,,5.56009,-0.00612953,-0.00451967,999,,,,,,,11.540073394775392,3.7225924107455994,14.500049591064453,4.677420386907508,,,,,,,,,,,,,,,,,,,"Dustin Saenz","sa3017610",685010
"Justin Yeager","SDP",0,0,0,4.76782,1,0,0,0,,1.13011,5,1,1,1,0,0,0,0,1,6.66468,3.92607,1.69754,1.2709,0.182087,0.107265,0.07482204586267471,0.244356,1.31215,0.271825,0.658204,,,4.93659,-0.00625867,-0.0403313,999,,,,,,,7.76281418800354,6.869078243258211,7.650550127029419,6.7697391891392975,,,,,,,,,,,,,,,,,,,"Justin Yeager","sa3010825",687866
"Joshua Cornielly","NYM",0,0,0,4.47875,1,0,0,0,,1.5386,7,1,1,1,0,1,0,0,1,7.6254,3.75809,2.02906,1.35555,0.19745,0.0973109,0.10013894736766815,0.238663,1.33077,0.269613,0.702952,,,4.79277,-0.0062937,-0.0220412,999,,,,,,,7.785676813125612,5.060218146251181,6.6930248737335205,4.350060596180883,,,,,,,,,,,,,,,,,,,"Joshua Cornielly","sa3005890",681739
"Ryan Och","SDP",0,0,0,4.75729,1,0,0,0,,1.31516,6,1,1,1,0,1,0,0,1,7.6223,4.51855,1.68689,1.17015,0.196906,0.116727,0.08017893135547638,0.249425,1.43717,0.290424,0.685049,,,4.78773,-0.00632528,-0.0339659,999,,,,,,,6.132176327705384,4.662688313182148,5.575794816017151,4.2396356425505966,,,,,,,,,,,,,,,,,,,"Ryan Och","sa3017146",701000
"Jaxon Dalena","SDP",0,0,0,4.59941,1,0,0,0,,1.66667,7,2,1,1,0,1,0,0,1,8.01669,4.1818,1.91704,1.26525,0.202442,0.105601,0.09684068709611893,0.246092,1.42091,0.285755,0.704797,,,4.72381,-0.00632733,-0.0158507,999,,,,,,,6.133335685729981,3.6800007095335565,7.333334922790527,4.400000114440896,,,,,,,,,,,,,,,,,,,"Jaxon Dalena","sa3029782",826941
"Ben Simon","NYM",0,0,0,4.71173,1,0,0,0,,1.44425,6,1,1,1,0,1,0,0,1,6.76604,3.7201,1.81878,1.21916,0.175803,0.0966602,0.07914320379495621,0.254244,1.38355,0.285013,0.679909,,,4.7733,-0.00632898,-0.0269071,999,,,,,,,7.087449908256531,4.907356738166378,6.221249938011169,4.307599093935105,,,,,,,,,,,,,,,,,,,"Ben Simon","sa3023164",815084
"Braydon Tucker","PHI",0,0,0,5.97547,1,1,0,0,,4.50427,18,5,3,3,1,2,0,0,2,4.14621,3.20761,1.29262,1.52993,0.113411,0.0877375,0.02567359060049057,0.283843,1.39594,0.286819,0.579275,,,5.62291,-0.00633428,-0.00991422,999,,,,,,,6.03161973953247,1.3390884217847596,7.521364688873291,1.6698288031784394,,,,,,,,,,,,,,,,,,,"Braydon Tucker","sa3023249",685319
"Humberto Cruz","SDP",0,0,0,5.34094,1,1,0,0,,2.62774,12,3,2,2,0,1,0,0,2,5.51372,4.26232,1.2936,1.41556,0.134062,0.103635,0.030426882207393646,0.265926,1.54927,0.280416,0.677998,,,5.52883,-0.00638323,-0.0398068,999,,,,,,,12.64529118537903,4.812226974629429,14.138710260391235,5.380554856672143,,,,,,,,,,,,,,,,,,,"Humberto Cruz","sa3025115",814232
"Michael Watson","STL",0,0,0,4.77256,1,0,0,0,,1.48999,6,1,1,1,0,1,0,0,1,7.32832,4.25593,1.72191,1.12663,0.196022,0.11384,0.08218194544315338,0.251937,1.3882,0.29333,0.666982,,,4.69634,-0.00639324,-0.0233555,999,,,,,,,7.425918912887575,4.983874848847111,6.4499452114105225,4.3288541246797525,,,,,,,,,,,,,,,,,,,"Michael Watson","sa3025165",828594
"Clay Edmondson","SDP",0,0,0,4.47863,1,0,0,0,,1.74286,8,2,1,1,0,1,0,0,1,7.20316,3.7665,1.91243,1.22554,0.18082,0.0945499,0.08627021312713623,0.247799,1.39966,0.279523,0.708131,,,4.70486,-0.00648832,-0.0118626,999,,,,,,,6.697141647338868,3.8426226171233338,7.714284896850586,4.426229454374731,,,,,,,,,,,,,,,,,,,"Clay Edmondson","sa3030792",811667
"Brayan Castillo","COL",0,0,0,5.462,1,0,0,0,,1.60868,7,2,1,1,0,1,0,0,1,7.36066,4.7759,1.54121,1.2502,0.189019,0.122644,0.06637589633464813,0.269781,1.54099,0.312535,0.652153,,,5.05071,-0.00659787,-0.00296458,999,,,,,,,5.704254126548768,3.5459156103128873,7.043414950370789,4.378373485534337,,,,,,,,,,,,,,,,,,,"Brayan Castillo","sa3006544",678899
"Austin Cox","ATL",0,0,0,4.66919,1,0,0,0,,1.57843,7,2,1,1,0,1,0,0,1,7.92106,3.97743,1.9915,1.28224,0.196052,0.098444,0.0976075753569603,0.253289,1.45453,0.292459,0.707442,,,4.70132,-0.00664236,-0.0161312,999,,,,,,,5.480367422103883,3.472041371474594,6.89214015007019,4.366458285721708,,,,,,,,,,,,,,,,,,,"Austin Cox","24604",680735
"Brett Banks","NYM",0,0,0,4.85214,1,0,0,0,,1.06948,4,1,1,1,0,1,0,0,1,6.61528,4.44105,1.48958,1.13882,0.175983,0.118143,0.05783982574939728,0.25048,1.40382,0.282673,0.664383,,,4.93668,-0.00665412,-0.0459104,999,,,,,,,4.314115405082704,4.033862581421177,4.347375273704529,4.064961828172549,,,,,,,,,,,,,,,,,,,"Brett Banks","sa3023097",688781
"Graham Osman","CIN",0,0,0,5.98508,1,1,0,0,,2.30424,11,3,2,2,0,2,0,0,2,6.04732,5.9416,1.01779,1.33262,0.14358,0.14107,0.002509966492652893,0.277168,1.75817,0.302382,0.665325,,,5.87123,-0.00665777,-0.0430247,999,,,,,,,7.251375913619996,3.146970780107325,9.521199941635132,4.132034853083128,,,,,,,,,,,,,,,,,,,"Graham Osman","sa3023063",690104
"Erik Tolman","WSN",0,0,0,5.81552,1,1,0,0,,2.88794,12,3,2,2,0,2,0,0,2,5.41869,4.7263,1.1465,1.32901,0.14239,0.124195,0.018194176256656647,0.273163,1.52301,0.292842,0.620885,,,5.57673,-0.00666205,-0.0172654,999,,,,,,,11.570727252960204,4.006573134287942,12.439680576324463,4.307463904956723,,,,,,,,,,,,,,,,,,,"Erik Tolman","sa3021719",680899
"Jake Madden","COL",0,0,0,6.6214,1,1,0,0,,2.77742,13,3,2,2,0,2,0,0,1,4.81947,4.91422,0.98072,1.38699,0.117679,0.119993,-0.002313472330570221,0.308094,1.76332,0.325986,0.620175,,,5.86585,-0.00673026,-0.000914919,999,,,,,,,8.75287127494812,3.1514451955705924,9.887075185775757,3.559811930701896,,,,,,,,,,,,,,,,,,,"Jake Madden","sa3020866",802409
"Yoel Tejeda Jr.","WSN",0,0,0,5.93075,1,1,0,0,,4.79444,20,5,3,3,1,2,0,0,2,4.42574,3.46129,1.27864,1.45963,0.116909,0.0914322,0.025476686656475067,0.287194,1.46911,0.295401,0.60333,,,5.54996,-0.00673178,0.00275787,999,,,,,,,8.178886222839356,1.7059091897323815,8.972220420837402,1.8713786756771327,,,,,,,,,,,,,,,,,,,"Yoel Tejeda Jr.","sa3043611",701347
"Evan Taylor","CHC",0,0,0,4.63242,1,0,0,0,,1.51173,7,1,1,1,0,1,0,0,1,7.78522,4.45937,1.74581,1.15747,0.197676,0.113229,0.08444740623235703,0.248172,1.44601,0.289768,0.698152,,,4.71459,-0.00674239,-0.0218672,999,,,,,,,7.586779618263245,5.018617608546768,6.558634877204895,4.338504891262991,,,,,,,,,,,,,,,,,,,"Evan Taylor","sa3019950",681117
"Francis Pena","SDP",1,1,0,4.14975,16,0,0,1,,16,70,15,8,7,2,7,,1,13,7.54343,4.03833,1.86796,1.00092,0.191579,0.102561,0.0890185534954071,0.241268,1.38421,0.281512,0.716809,,,4.3972,-0.0067609,-0.00867602,999,,,,,,,60.80000000000001,3.8000000000000007,60,3.75,,,,,,,,,,,,,,,,,,,"Francis Pena","sa3019374",800212
"J.P. Feyereisen","LAD",0,0,0,4.87105,1,0,0,0,,1.19982,6,1,1,1,0,0,0,0,1,7.0521,3.26549,2.15959,1.60305,0.16825,0.0779087,0.09034181386232376,0.257606,1.45666,0.278802,0.716909,,,5.1166,-0.00676502,-0.0365673,999,,,,,,,8.278645372390748,6.899923714285658,7.999084711074829,6.666920952381141,,,,,,,,,,,,,,,,,,,"J.P. Feyereisen","16610",656420
"Sam Garcia","MIL",0,0,0,5.31563,1,1,0,0,,4.012,18,4,3,2,1,2,0,0,3,6.53199,4.42124,1.47741,1.57584,0.1662,0.112494,0.053705938160419464,0.250923,1.45115,0.268346,0.668364,,,5.58405,-0.00679158,-0.0447159,999,,,,,,,6.988800621032711,1.7419741961217394,7.060000419616699,1.759720905267957,,,,,,,,,,,,,,,,,,,"Sam Garcia","sa3031950",822760
"Titan Kennedy-Hayes","PHI",0,0,0,4.996,1,0,0,0,,1.13201,5,1,1,1,0,1,0,0,1,8.01761,5.14551,1.55818,1.24601,0.19304,0.123889,0.0691516175866127,0.255245,1.58973,0.297244,0.704509,,,5.03267,-0.00685352,-0.0379831,999,,,,,,,4.776910924911499,4.219830097419659,4.660074949264526,4.1166194715054605,,,,,,,,,,,,,,,,,,,"Titan Kennedy-Hayes","sa3025462",813901
"Drew Gray","CHC",0,0,0,5.25851,1,1,0,0,,3.29744,15,3,2,2,0,2,0,0,3,8.0975,6.21958,1.30194,1.29841,0.200733,0.154181,0.04655282199382782,0.242694,1.59715,0.28326,0.687362,,,5.45733,-0.00686328,0.00398622,999,,,,,,,16.601063442230224,5.0345293254676085,16.487205028533936,5,,,,,,,,,,,,,,,,,,,"Drew Gray","sa3017964",695645
"Brendan Hardy","COL",0,0,0,5.4607,1,0,0,0,,1.18161,5,1,1,1,0,1,0,0,1,7.78998,4.90125,1.58939,1.41089,0.187106,0.117723,0.06938394904136658,0.268654,1.62658,0.307881,0.68501,,,5.23757,-0.00688818,-0.0253298,999,,,,,,,5.143898916244508,4.353304211865039,4.908039808273315,4.153695614406955,,,,,,,,,,,,,,,,,,,"Brendan Hardy","sa3008290",682132
"Jace Beck","CHC",0,0,0,4.71105,1,0,0,0,,1.09891,5,1,1,1,0,1,0,0,1,9.17164,5.60954,1.63501,1.25779,0.225953,0.138197,0.08775609731674194,0.234477,1.5216,0.283858,0.716381,,,4.95055,-0.0069298,-0.0444363,999,,,,,,,4.5319338083267215,4.124026458168919,4.494549870491028,4.0900073494913665,,,,,,,,,,,,,,,,,,,"Jace Beck","sa3011811",689476
"Julio Mendez","MIA",0,0,0,5.71567,1,1,0,0,,3.8981,17,4,3,2,1,2,0,0,2,5.18801,4.52132,1.14745,1.31191,0.130515,0.113744,0.016771942377090454,0.278367,1.57781,0.295963,0.643625,,,5.53711,-0.00693863,-0.0456455,999,,,,,,,4.1459251403808555,1.0635764285427685,4.490489959716797,1.1519694910178762,,,,,,,,,,,,,,,,,,,"Julio Mendez","sa3019580",801249
"Cole Reynolds","CHC",0,0,0,5.33394,1,1,0,0,,2.11429,10,2,1,1,0,1,0,0,1,6.26089,5.22144,1.19907,1.31175,0.146558,0.122226,0.024332016706466675,0.264224,1.66623,0.287647,0.696847,,,5.54722,-0.00704701,0.0311672,999,,,,,,,9.445715999603273,4.467567888796948,9.57142972946167,4.527027078838217,,,,,,,,,,,,,,,,,,,"Cole Reynolds","sa3067031",822636
"Johzan Oquendo","CHC",0,0,0,4.5051,1,0,0,0,,1.49081,6,1,1,1,0,1,0,0,1,8.00343,4.8955,1.63486,1.11127,0.209594,0.128203,0.08139058947563171,0.235434,1.40279,0.279059,0.696029,,,4.74643,-0.00706739,-0.022949,999,,,,,,,7.432016324996949,4.985210244872679,6.4540650844573975,4.329225068020189,,,,,,,,,,,,,,,,,,,"Johzan Oquendo","sa3015148",688016
"Taylor Floyd","CIN",0,0,0,4.40156,1,0,0,0,,1.35038,6,1,1,1,0,1,0,0,1,7.65574,3.91244,1.95677,1.2526,0.189291,0.0967365,0.09255436062812805,0.243643,1.41168,0.277413,0.72115,,,4.6952,-0.00708197,-0.0373642,999,,,,,,,6.392834520339967,4.734089747430975,5.751915216445923,4.259469374286382,,,,,,,,,,,,,,,,,,,"Taylor Floyd","sa3011367",687905
"Jacob Kroeger","ATL",0,0,0,5.87758,1,1,0,0,,3.73007,15,4,3,2,1,2,0,0,2,5.33035,4.02964,1.32278,1.38828,0.149201,0.112793,0.0364079624414444,0.274694,1.40262,0.293308,0.580898,,,5.43606,-0.00723068,-0.057375,999,,,,,,,2.9024817943573016,0.7781316708497855,3.6503255367279053,0.9786224721759829,,,,,,,,,,,,,,,,,,,"Jacob Kroeger","sa3025344",800811
"Rayven Antonio","ATL",0,0,0,5.70745,1,1,0,0,,4.08479,18,4,3,3,1,2,0,0,2,4.81433,4.04188,1.19111,1.26504,0.123613,0.10378,0.019833557307720184,0.284342,1.53808,0.300671,0.630316,,,5.38528,-0.00723076,-0.0372904,999,,,,,,,5.52744770050049,1.353177859704853,5.423951148986816,1.3278408054887767,,,,,,,,,,,,,,,,,,,"Rayven Antonio","sa3021808",810982
"Brayan Palencia","SFG",0,0,0,5.82182,1,1,0,0,,2.41028,10,3,2,2,0,1,0,0,1,4.02961,3.28636,1.22616,1.36272,0.106058,0.0864959,0.01956205815076828,0.289777,1.46965,0.296689,0.606782,,,5.43815,-0.00728527,-0.0498154,999,,,,,,,9.036094856262206,3.7489765823298176,11.05141544342041,4.585110975264752,,,,,,,,,,,,,,,,,,,"Brayan Palencia","sa3016011",696037
"Elison Joseph","ATL",0,0,0,4.51563,1,0,0,0,,1.16884,5,1,1,1,0,1,0,0,1,9.74927,6.0267,1.61768,1.19678,0.235139,0.145356,0.08978345990180969,0.227444,1.55196,0.281385,0.735071,,,4.87997,-0.00730847,-0.0371927,999,,,,,,,5.049408435821533,4.320020577399211,4.8441948890686035,4.144450160388669,,,,,,,,,,,,,,,,,,,"Elison Joseph","sa3015306",693176
"Orlando Gonzalez","PHI",0,0,0,5.79823,1,1,0,0,,2.21108,10,2,2,1,0,1,0,0,1,4.95021,4.43855,1.11528,1.43627,0.125788,0.112786,0.013001464307308197,0.274068,1.54263,0.285255,0.635965,,,5.74005,-0.00731008,-0.0540075,999,,,,,,,10.161976671218873,4.595937818399163,10.055389642715454,4.547731906193413,,,,,,,,,,,,,,,,,,,"Orlando Gonzalez","sa3024196",701432
"Ethan Chenault","PHI",0,0,0,5.06922,1,0,0,0,,1.18795,5,1,1,1,0,1,0,0,1,7.18508,4.73582,1.51718,1.22905,0.179784,0.118499,0.06128513067960739,0.258796,1.5258,0.294795,0.682303,,,5.04804,-0.00733516,-0.0351465,999,,,,,,,5.190837168693543,4.369571897558066,4.939754843711853,4.158214415988351,,,,,,,,,,,,,,,,,,,"Ethan Chenault","sa3023445",694839
"Ben Brutti","CIN",0,0,0,5.95939,1,1,0,0,,2.6156,12,3,2,2,0,2,0,0,2,5.73196,5.44878,1.05197,1.41537,0.138297,0.131465,0.006832331418991089,0.27583,1.69329,0.295446,0.658516,,,5.88941,-0.00734568,-0.0246927,999,,,,,,,9.555440807342528,3.6532498886571787,11.078000545501709,4.235357120134118,,,,,,,,,,,,,,,,,,,"Ben Brutti","sa3021478",804992
"Franklin Gomez","NYM",0,0,0,5.41476,1,1,0,0,,3.55302,16,4,2,2,1,2,0,0,2,5.27482,4.4976,1.17281,1.31232,0.133382,0.113729,0.019653119146823883,0.265556,1.52044,0.281157,0.655868,,,5.50971,-0.00738727,0.0165514,999,,,,,,,1.5923709392547618,0.4481735396822769,2.76511549949646,0.7782430402928805,,,,,,,,,,,,,,,,,,,"Franklin Gomez","sa3019153",800338
"Alessandro Ercolani","PIT",0,0,0,5.71053,1,1,0,0,,3.78391,16,4,3,2,1,2,0,0,2,4.66733,3.73064,1.25108,1.46244,0.121584,0.097183,0.02440076321363449,0.275974,1.46431,0.28413,0.623611,,,5.59447,-0.00739985,-0.0507193,999,,,,,,,3.300941324234005,0.8723623079839391,3.9195549488067627,1.0358475554558342,,,,,,,,,,,,,,,,,,,"Alessandro Ercolani","sa3016714",700344
"Evan Shaw","LAD",0,0,0,5.2166,1,0,0,0,,1.34285,5,1,1,1,0,1,0,0,1,5.86285,4.11764,1.42384,1.16036,0.160174,0.112494,0.04767938703298569,0.264555,1.40006,0.292415,0.628905,,,5.02108,-0.00744599,-0.0292774,999,,,,,,,6.337074780464173,4.719130570258664,5.714239716529846,4.255314047294073,,,,,,,,,,,,,,,,,,,"Evan Shaw","sa3025563",822627
"Gerson Moreno","STL",0,0,0,4.7467,1,0,0,0,,1.13753,5,1,1,1,0,1,0,0,1,7.77632,4.68804,1.65876,1.25189,0.201866,0.121697,0.08016879856586456,0.241312,1.41589,0.279368,0.687746,,,4.92945,-0.00744955,-0.041332,999,,,,,,,4.817706775665284,4.235242577347376,4.6876397132873535,4.120900715929826,,,,,,,,,,,,,,,,,,,"Gerson Moreno","sa736656",642575
"Jake Shirk","PIT",0,0,0,5.24881,1,0,0,0,,1.37561,6,1,1,1,0,1,0,0,1,4.94329,3.48564,1.41819,1.03972,0.131263,0.0925566,0.038705915212631226,0.283119,1.4495,0.306666,0.63095,,,4.83629,-0.00749516,-0.0252875,999,,,,,,,6.579513955116273,4.782979175876015,5.878049969673157,4.27304977107667,,,,,,,,,,,,,,,,,,,"Jake Shirk","sa3042195",827620
"Lenny Torres Jr.","PHI",0,0,0,5.05759,1,0,0,0,,1.08807,5,1,1,1,0,1,0,0,1,8.03494,5.32947,1.50764,1.39484,0.196393,0.130265,0.06612813472747803,0.244901,1.54698,0.280542,0.701654,,,5.30552,-0.00751894,-0.0372562,999,,,,,,,4.451732373237611,4.091395246997259,4.440359711647034,4.0809431241659055,,,,,,,,,,,,,,,,,,,"Lenny Torres Jr.","sa3008329",678013
"Connor Spencer","CHC",0,0,0,4.87655,1,0,0,0,,0.84,4,1,0,0,0,0,0,0,1,8.10355,4.59466,1.76369,1.48195,0.180079,0.102104,0.07797524333000183,0.255812,1.64472,0.28781,0.744533,,,5.17368,-0.00758347,0.0465508,999,,,,,,,5.615999805927277,6.685714263413228,6.1999998688697815,7.380952455289242,,,,,,,,,,,,,,,,,,,"Connor Spencer","sa3042826",824606
"Nathan Blasick","COL",0,0,0,5.80279,1,0,0,0,,1.20362,5,1,1,1,0,1,0,0,1,6.47859,4.92698,1.31492,1.20976,0.163173,0.124093,0.0390794575214386,0.284609,1.63229,0.321368,0.642668,,,5.24231,-0.00758912,-0.0241942,999,,,,,,,5.306765627861024,4.409015268497905,5.01808488368988,4.169170907916085,,,,,,,,,,,,,,,,,,,"Nathan Blasick","sa3025491",802136
"Joe La Sorsa","PIT",0,0,0,4.65313,8,0,0,1,,8,35,8,5,4,1,3,,0,6,6.71021,3.3227,2.01951,1.20732,0.168357,0.0833651,0.08499151468276978,0.261663,1.41918,0.292319,0.693931,,,4.63533,-0.00763154,-0.0271378,999,,,,,,,33.10000000000001,4.137500000000001,34,4.25,,,,,,,,,,,,,,,,,,,"Joe La Sorsa","25481",686747
"Jared Kollar","SDP",0,0,0,5.53255,1,1,0,0,,3.95908,18,4,3,2,1,1,0,0,2,4.80873,3.24339,1.48262,1.56065,0.120533,0.0812969,0.03923574090003967,0.275827,1.47089,0.282397,0.650973,,,5.54104,-0.00764801,-0.0559205,999,,,,,,,7.597191858291625,1.9189286134755261,7.795399904251099,1.9689927816454524,,,,,,,,,,,,,,,,,,,"Jared Kollar","sa3020439",806577
"Layonel Ovalles","NYM",0,0,0,5.49828,1,1,0,0,,2.37738,10,2,2,1,0,1,0,0,1,5.48902,4.95431,1.10793,1.29835,0.141128,0.12738,0.01374790072441101,0.261351,1.52252,0.279171,0.647655,,,5.5975,-0.00767709,-0.0534496,999,,,,,,,11.392590045928955,4.792083833010311,10.886885166168213,4.579368360162953,,,,,,,,,,,,,,,,,,,"Layonel Ovalles","sa3015993",693803
"Harry Gustin","SDP",0,0,0,4.54101,1,0,0,0,,1.94432,8,2,1,1,0,1,0,0,2,7.46812,4.13707,1.80517,1.18887,0.193815,0.107366,0.08644843101501465,0.244159,1.38094,0.28071,0.693855,,,4.71722,-0.00767991,-0.00120893,999,,,,,,,10.187997722625735,5.239866213550662,10.721620082855225,5.514317568202224,,,,,,,,,,,,,,,,,,,"Harry Gustin","sa3023229",814480
"Landon Tomkins","PIT",0,0,0,5.11838,1,0,0,0,,1.23673,5,1,1,1,0,1,0,0,1,5.66482,4.20342,1.34767,1.04427,0.144911,0.107527,0.03738360106945038,0.272476,1.50989,0.300735,0.659572,,,4.93339,-0.00772269,-0.0324075,999,,,,,,,5.551831841468811,4.4891073545201365,5.183670163154602,4.191418709588927,,,,,,,,,,,,,,,,,,,"Landon Tomkins","sa3022798",814280
"Kleyderve Andrade","PHI",0,0,0,5.04411,1,0,0,0,,1.45,6,1,1,1,0,1,0,0,1,7.97171,4.22957,1.88476,1.4535,0.199293,0.105739,0.09355345368385315,0.254622,1.4692,0.291168,0.689453,,,5.02322,-0.00783401,-0.0217038,999,,,,,,,7.130000352859497,4.917241460956657,6.250000238418579,4.310344850265738,,,,,,,,,,,,,,,,,,,"Kleyderve Andrade","sa3019745",804694
"Jarod Bayless","PIT",0,0,0,4.86125,1,0,0,0,,1.81374,8,2,1,1,0,1,0,0,1,6.34988,3.00024,2.11646,1.3826,0.164361,0.0776585,0.08670263737440109,0.262037,1.35921,0.28544,0.672349,,,4.85438,-0.00784801,-0.00234681,999,,,,,,,7.221639060974122,3.981639560446495,8.06867504119873,4.448651542007499,,,,,,,,,,,,,,,,,,,"Jarod Bayless","sa3010236",663681
"Truman Pauley","NYM",0,0,0,4.92149,1,0,0,0,,1.36667,6,1,1,1,0,1,0,0,1,6.65151,4.01523,1.65657,1.22389,0.178243,0.107598,0.07064522057771683,0.254509,1.37592,0.285723,0.656799,,,4.90417,-0.00786441,-0.0308832,999,,,,,,,6.513336038589479,4.76585436315478,5.8333351612091064,4.268292878654106,,,,,,,,,,,,,,,,,,,"Truman Pauley","sa3039559",831912
"Cesar Rojas","WSN",0,0,0,4.96896,1,0,0,0,,1.24615,5,1,1,1,0,1,0,0,1,6.89974,4.65643,1.48177,1.25221,0.174923,0.11805,0.056872814893722534,0.252177,1.47923,0.282874,0.682171,,,5.11621,-0.00789008,-0.034976,999,,,,,,,5.621539235115051,4.511111353454256,5.230769753456116,4.197530931515071,,,,,,,,,,,,,,,,,,,"Cesar Rojas","sa3019244",700291
"Tucker Musgrove","SDP",0,0,0,4.71536,1,0,0,0,,1.42857,6,1,1,1,0,1,0,0,1,7.1329,4.155,1.7167,1.24143,0.186481,0.108627,0.07785364985466003,0.246669,1.38422,0.279265,0.681698,,,4.87308,-0.00799963,-0.0281715,999,,,,,,,6.971425294876099,4.879999218940493,6.142854928970337,4.299999783039026,,,,,,,,,,,,,,,,,,,"Tucker Musgrove","sa3067261",814491
"Lisandro Almonte","CHC",0,0,0,5.51279,1,1,0,0,,2.41794,11,2,2,1,0,1,0,0,2,6.50034,5.05365,1.28627,1.40444,0.159313,0.123857,0.0354560986161232,0.263787,1.59511,0.288667,0.672719,,,5.56515,-0.00804716,-0.0482355,999,,,,,,,13.692778205871583,5.66298634888343,13.089715003967285,5.4135746788372785,,,,,,,,,,,,,,,,,,,"Lisandro Almonte","sa3015497",699226
"Wyatt Mills","LAD",0,0,0,5.01185,1,0,0,0,,1.625,7,2,1,1,0,1,0,0,1,7.06025,4.10998,1.71783,1.28508,0.180498,0.105073,0.07542471587657928,0.259941,1.455,0.293664,0.674667,,,4.93901,-0.00806628,-0.0124641,999,,,,,,,5.825,3.5846153846153848,7.125,4.384615384615385,,,,,,,,,,,,,,,,,,,"Wyatt Mills","20010",670090
"Nien-Hsi Yang","SFG",0,0,0,4.97154,1,0,0,0,,1.25,6,1,1,1,0,1,0,0,1,7.13434,4.01411,1.77731,1.24471,0.18016,0.101367,0.07879345864057541,0.263581,1.47531,0.299591,0.680335,,,4.83249,-0.00809684,-0.0358931,999,,,,,,,5.65,4.5200000000000005,5.25,4.2,,,,,,,,,,,,,,,,,,,"Nien-Hsi Yang","sa3068860",806825
"Johan Moreno","SDP",0,0,0,5.32655,1,1,0,0,,2.18928,10,2,1,1,0,1,0,0,2,6.42034,5.1311,1.25126,1.43201,0.153896,0.122992,0.030903205275535583,0.256247,1.59779,0.276789,0.691891,,,5.6518,-0.00814229,0.0338531,999,,,,,,,12.000665187835693,5.48156025449273,11.94639539718628,5.456771367977922,,,,,,,,,,,,,,,,,,,"Johan Moreno","sa3020999",808052
"Alex Breckheimer","STL",0,0,0,4.95033,1,0,0,0,,1,5,1,1,1,0,1,0,0,1,8.16961,4.6481,1.75763,1.41367,0.181547,0.103291,0.07825600355863571,0.261692,1.67513,0.297845,0.738284,,,5.07877,-0.00816493,-0.0482237,999,,,,,,,3.8000000000000003,3.8000000000000003,4,4,,,,,,,,,,,,,,,,,,,"Alex Breckheimer","sa3058721",832225
"Colin Peluse","PHI",0,0,0,5.13621,1,0,0,0,,1.45326,6,1,1,1,0,1,0,0,1,6.19659,3.33132,1.8601,1.35637,0.162829,0.087538,0.07529129087924957,0.268023,1.39217,0.292981,0.650919,,,4.96306,-0.00817662,-0.0240575,999,,,,,,,7.15414652824402,4.922815973351827,6.266315221786499,4.311893325931063,,,,,,,,,,,,,,,,,,,"Colin Peluse","sa3011126",668761
"Will Cannon","CIN",0,0,0,5.22741,1,0,0,0,,1.54865,7,1,1,1,0,1,0,0,1,6.61332,4.37748,1.51076,1.30734,0.174709,0.115643,0.05906563997268677,0.258236,1.43432,0.287621,0.649848,,,5.15933,-0.00820783,-0.0135248,999,,,,,,,7.86000225543976,5.075393127662371,6.743244767189026,4.354275868795103,,,,,,,,,,,,,,,,,,,"Will Cannon","sa3028369",825756
"Zuher Yousuf","PHI",0,0,0,5.83705,1,1,0,0,,4.02222,17,4,3,3,1,2,0,0,3,5.88865,3.89188,1.51306,1.70024,0.15183,0.100346,0.0514836460351944,0.27034,1.46761,0.283414,0.631056,,,5.72309,-0.00824741,-0.0378747,999,,,,,,,7.0644431114196795,1.756353338404932,7.111110210418701,1.767955656355247,,,,,,,,,,,,,,,,,,,"Zuher Yousuf","sa3024271",823358
"Jesus Clode","PIT",0,0,0,5.42777,1,0,0,0,,1.00454,4,1,1,1,0,0,0,0,1,5.43083,3.8021,1.42837,1.2585,0.141869,0.0993221,0.042547062039375305,0.276746,1.46964,0.298406,0.636595,,,5.15454,-0.00827133,-0.0441536,999,,,,,,,6.8336328029632565,6.802714646030123,7.022724866867065,6.990951179899591,,,,,,,,,,,,,,,,,,,"Jesus Clode","sa3015491",699018
"Hunter Dryden","SFG",0,0,0,5.58291,1,1,0,0,,4.42857,19,5,3,3,1,2,0,0,3,5.62734,4.18159,1.34574,1.33761,0.146841,0.109115,0.037725768983364105,0.273414,1.48856,0.294607,0.633377,,,5.35591,-0.00828797,-0.0254181,999,,,,,,,7.471427059173582,1.6870965105685802,9.142856121063232,2.0645159935727886,,,,,,,,,,,,,,,,,,,"Hunter Dryden","sa3067105",827500
"Mark Manfredi","MIL",0,0,0,4.59085,1,0,0,0,,1.93628,8,2,1,1,0,1,0,0,2,8.47172,5.10991,1.6579,1.15861,0.218937,0.132057,0.08688023686408997,0.235392,1.43389,0.282584,0.699356,,,4.78588,-0.00830419,0.00153902,999,,,,,,,10.128442096710206,5.230887699428542,10.681379795074463,5.516455309659871,,,,,,,,,,,,,,,,,,,"Mark Manfredi","sa3023516",815081
"Bryce McGowan","COL",0,0,0,5.6748,1,0,0,0,,1.13191,5,1,1,1,0,1,0,0,1,6.43964,4.84248,1.32982,1.31178,0.160581,0.120753,0.039827197790145874,0.276233,1.60579,0.30691,0.654268,,,5.37028,-0.00835805,-0.0278871,999,,,,,,,4.776170802116395,4.219549095958155,4.659574866294861,4.1165414155439315,,,,,,,,,,,,,,,,,,,"Bryce McGowan","sa3017786",700245
"Jefferson Moran","STL",0,0,0,5.72269,1,1,0,0,,2.36667,11,3,2,2,0,1,0,0,2,6.69706,5.36795,1.2476,1.338,0.155389,0.124551,0.030838772654533386,0.27917,1.75091,0.310185,0.684752,,,5.53964,-0.00836381,-0.0518673,999,,,,,,,10.713336038589478,4.526761007204841,12.833335161209106,5.422535145999288,,,,,,,,,,,,,,,,,,,"Jefferson Moran","sa3022194",814086
"Manuel Olivares","COL",0,0,0,6.87259,1,1,0,0,,3.66013,16,5,3,3,1,2,0,0,2,3.83911,4.37395,0.877722,1.35331,0.0970223,0.110539,-0.013516448438167572,0.320984,1.72511,0.331589,0.588323,,,5.84544,-0.00838155,-0.0305222,999,,,,,,,-0.21506781578063894,-0.05875967589477641,3.3006298542022705,0.9017803978600129,,,,,,,,,,,,,,,,,,,"Manuel Olivares","sa3009471",683416
"Ashton Izzi","ARI",0,0,0,5.57348,1,1,0,0,,4.04569,18,4,3,3,1,2,0,0,2,5.54908,4.33262,1.28077,1.29955,0.137684,0.107501,0.03018306940793991,0.278803,1.58156,0.300079,0.656206,,,5.37546,-0.00843982,-0.0381692,999,,,,,,,5.238141727447514,1.2947446483485008,5.228474140167236,1.292355049604352,,,,,,,,,,,,,,,,,,,"Ashton Izzi","sa3022230",802416
"Sandro Santana","ARI",0,0,0,5.82716,1,1,0,0,,2.28947,10,2,2,1,0,1,0,0,1,5.22599,4.77574,1.09428,1.21618,0.135857,0.124152,0.011705107986927032,0.280405,1.56609,0.302435,0.623805,,,5.47466,-0.00846607,-0.0505874,999,,,,,,,10.742047691345217,4.69194482061117,10.4473295211792,4.563216906550188,,,,,,,,,,,,,,,,,,,"Sandro Santana","sa3021030",811139
"Danny Wilkinson","PHI",0,0,0,4.86908,1,0,0,0,,1.32781,6,1,1,1,0,1,0,0,1,9.50966,5.54149,1.71608,1.44213,0.232616,0.135551,0.09706544876098633,0.232786,1.51684,0.279141,0.71639,,,5.11903,-0.00847321,-0.0280037,999,,,,,,,6.225786423683168,4.68876663390633,5.639044880867004,4.246879620529536,,,,,,,,,,,,,,,,,,,"Danny Wilkinson","sa3020747",700673
"Jaitoine Kelly","ARI",0,0,0,5.89619,1,1,0,0,,4.51667,18,5,3,3,1,2,0,0,2,4.19538,3.42357,1.22544,1.31006,0.11697,0.0954513,0.021518610417842865,0.287656,1.40482,0.297963,0.573903,,,5.36697,-0.00852432,-0.0108803,999,,,,,,,6.123334980010984,1.3557198549809821,7.583334445953369,1.6789669532862541,,,,,,,,,,,,,,,,,,,"Jaitoine Kelly","sa3024275",823858
"Seamus Barrett","LAD",0,0,0,4.85085,1,0,0,0,,1.31429,6,1,1,1,0,1,0,0,1,8.04793,4.79346,1.67894,1.42385,0.186972,0.111363,0.07560890913009644,0.249448,1.5791,0.282641,0.729526,,,5.1655,-0.00861989,-0.0307391,999,,,,,,,6.125716352462769,4.660870147292116,5.571429967880249,4.239130596470032,,,,,,,,,,,,,,,,,,,"Seamus Barrett","sa3025477",804255
"Erick Mejia","WSN",0,0,0,5.20852,1,0,0,0,,1.0876,5,1,1,1,0,1,0,0,1,7.21818,4.78742,1.50774,1.29858,0.183303,0.121575,0.0617283433675766,0.257973,1.51013,0.293057,0.671218,,,5.15736,-0.00865998,-0.0417643,999,,,,,,,4.448239946365357,4.08995952189139,4.437999963760376,4.080544311636497,,,,,,,,,,,,,,,,,,,"Erick Mejia","15817",625510
"Victor Zarraga","CHC",0,0,0,5.30747,1,1,0,0,,2.6375,12,3,2,2,0,2,0,0,2,6.76231,5.47186,1.23583,1.32577,0.161774,0.130903,0.030871257185935974,0.257301,1.63214,0.284533,0.692919,,,5.53989,-0.00872821,-0.0354503,999,,,,,,,9.717500352859496,3.6843602567490077,11.187500238418579,4.241706174846737,,,,,,,,,,,,,,,,,,,"Victor Zarraga","sa3067535",828393
"Evan Justice","COL",0,0,0,5.52119,1,0,0,0,,0.998666,5,1,1,1,0,1,0,0,1,8.30833,6.06732,1.36936,1.40126,0.182913,0.133576,0.049337342381477356,0.267959,1.82939,0.309225,0.719462,,,5.51979,-0.0087662,-0.0346992,999,,,,,,,3.7901283144950866,3.795191143332656,3.99332994222641,3.998664206481293,,,,,,,,,,,,,,,,,,,"Evan Justice","30008",687145
"Jared Karros","LAD",0,0,0,5.70799,1,1,0,0,,4.25497,19,5,3,3,1,2,0,0,3,5.4051,3.69204,1.46399,1.70699,0.136868,0.09349,0.043378233909606934,0.269201,1.46819,0.276547,0.644809,,,5.77332,-0.00887796,-0.0301676,999,,,,,,,6.186757373809815,1.4540082366269123,8.27483606338501,1.94474731526284,,,,,,,,,,,,,,,,,,,"Jared Karros","sa3020859",689042
"Tyler Myrick","SFG",0,0,0,4.90222,1,0,0,0,,1.32704,6,1,1,1,0,1,0,0,1,5.78623,3.63601,1.59137,1.11684,0.148881,0.0935552,0.055325329303741455,0.267326,1.43786,0.293434,0.666814,,,4.81527,-0.00888654,-0.0319728,999,,,,,,,6.220073628425599,4.687189382889479,5.63518488407135,4.246441495247078,,,,,,,,,,,,,,,,,,,"Tyler Myrick","sa3017541",686924
"Joseph Menefee","CIN",0,0,0,5.06961,1,0,0,0,,1.59308,7,1,1,1,0,1,0,0,2,8.71542,5.61818,1.55129,1.3394,0.215776,0.139095,0.07668113708496094,0.242849,1.54905,0.288368,0.696515,,,5.17229,-0.0088989,-0.0111929,999,,,,,,,10.188821434974672,6.395658720822297,8.965419888496399,5.627713299486065,,,,,,,,,,,,,,,,,,,"Joseph Menefee","sa3020443",680749
"Jawilme Ramirez","STL",0,0,0,5.64438,1,1,0,0,,2.58267,11,3,2,2,0,1,0,0,1,4.752,4.14774,1.14568,1.36517,0.121481,0.106034,0.015447385609149933,0.274623,1.51445,0.285701,0.637023,,,5.58065,-0.00892574,-0.0393381,999,,,,,,,10.311773681640624,3.9926762693639293,11.913360595703125,4.612804121518629,,,,,,,,,,,,,,,,,,,"Jawilme Ramirez","sa3016204",691711
"Orlando Ortiz-Mayr","MIA",0,0,0,5.78311,1,1,0,0,,4.37552,19,5,3,3,1,2,0,0,2,5.09877,4.48133,1.13778,1.33208,0.129019,0.113396,0.015623599290847778,0.279653,1.57251,0.296218,0.637726,,,5.57171,-0.00894763,-0.0181788,999,,,,,,,5.078839111328126,1.1607398676217247,6.877593994140625,1.5718350920998487,,,,,,,,,,,,,,,,,,,"Orlando Ortiz-Mayr","sa3018181",689508
"Luis Rujano","CHC",0,0,0,5.4249,1,1,0,0,,2.09744,10,2,1,1,0,1,0,0,2,6.54451,5.43376,1.20442,1.3692,0.158636,0.131712,0.02692408859729767,0.258037,1.61643,0.282586,0.682664,,,5.63649,-0.00896125,0.0300875,999,,,,,,,11.321033096313478,5.397555974068372,11.487184524536133,5.476772387126578,,,,,,,,,,,,,,,,,,,"Luis Rujano","sa3020904",701329
"Kevin Warunek","PHI",0,0,0,5.11712,1,0,0,0,,1.58461,7,2,1,1,0,1,0,0,1,7.42069,3.93009,1.88817,1.46745,0.191922,0.101645,0.09027788043022156,0.256156,1.41305,0.287998,0.66852,,,5.05923,-0.00897231,-0.0146981,999,,,,,,,5.526150941848756,3.4873776717079754,6.923074960708618,4.368931882533544,,,,,,,,,,,,,,,,,,,"Kevin Warunek","sa3044815",825100
"Adam McKillican","COL",0,0,0,5.92572,1,0,0,0,,1.31377,6,1,1,1,0,1,0,0,1,6.1507,4.09092,1.5035,1.42221,0.154575,0.10281,0.05176464468240738,0.290147,1.59114,0.318145,0.636548,,,5.3344,-0.00898051,-0.0184834,999,,,,,,,6.121861362457276,4.659784005676611,5.5688252449035645,4.238828890465725,,,,,,,,,,,,,,,,,,,"Adam McKillican","sa3017687",688015
"Austin Smith","COL",0,0,0,5.99591,1,0,0,0,,1.0176,5,1,1,1,0,1,0,0,1,6.4649,4.875,1.32613,1.4138,0.158237,0.119322,0.038915060460567474,0.28548,1.6678,0.315723,0.649331,,,5.52518,-0.00900284,-0.0337352,999,,,,,,,3.9302404403686526,3.862264357830279,4.088000297546387,4.017295654952855,,,,,,,,,,,,,,,,,,,"Austin Smith","sa3017071",694518
"Carson Swilling","SDP",0,0,0,4.69543,1,0,0,0,,1.42,7,2,1,1,0,1,0,0,1,8.09576,4.12607,1.9621,1.45088,0.18512,0.0943481,0.09077232331037521,0.25271,1.55718,0.285216,0.741543,,,4.96591,-0.00904552,-0.0286111,999,,,,,,,4.307999682426453,3.033802684945873,6.099999785423279,4.295774626604173,,,,,,,,,,,,,,,,,,,"Carson Swilling","sa3067026",691018
"Luke Johnson","WSN",0,0,0,6.13669,1,1,0,0,,3.15,13,3,2,2,0,1,0,0,1,3.82142,3.70885,1.03035,1.3664,0.102526,0.0995056,0.0030202120542526245,0.292876,1.49091,0.298347,0.583699,,,5.63332,-0.00904742,-0.00149164,999,,,,,,,14.510000705718994,4.60634929092803,14.750000476837158,4.682539692150913,,,,,,,,,,,,,,,,,,,"Luke Johnson","sa3034784",810022
"Jose Cabrera","ARI",0,0,0,5.59197,1,1,0,0,,5.19659,23,6,4,3,1,2,0,0,3,5.06442,3.77913,1.3401,1.34178,0.128186,0.0956537,0.0325319766998291,0.281776,1.52501,0.297814,0.643007,,,5.35153,-0.00909756,-0.0592753,999,,,,,,,10.554772663116458,2.031095551943694,12.982954502105713,2.4983599345974197,,,,,,,,,,,,,,,,,,,"Jose Cabrera","sa3018042",703615
"Trent Buchanan","ATL",0,0,0,4.982,1,0,0,0,,1.50714,6,1,1,1,0,1,0,0,1,6.51307,3.84736,1.69287,1.19011,0.171568,0.101348,0.0702202096581459,0.263349,1.41336,0.295613,0.658474,,,4.83002,-0.00911903,-0.019842,999,,,,,,,7.552858352661135,5.011374666688604,6.535715103149414,4.336492962969056,,,,,,,,,,,,,,,,,,,"Trent Buchanan","sa3067035",830485
"Francis Rivera","COL",0,0,0,6.06378,1,0,0,0,,1.08582,5,1,1,1,0,1,0,0,1,5.78776,4.2568,1.35965,1.42025,0.142217,0.104598,0.03761865198612213,0.295401,1.65402,0.320041,0.640667,,,5.47169,-0.00913316,-0.0302508,999,,,,,,,4.435097694396973,4.084545600661883,4.429120063781738,4.079040444628301,,,,,,,,,,,,,,,,,,,"Francis Rivera","sa3009217",682863
"Hunter Kublick","STL",0,0,0,5.72866,1,1,0,0,,2.42726,11,3,2,2,0,1,0,0,1,4.94024,4.53801,1.08864,1.28175,0.120362,0.110562,0.009799696505069733,0.283417,1.63909,0.299571,0.655601,,,5.55771,-0.00914798,-0.0483685,999,,,,,,,9.161702251434328,3.7745084353127023,11.136285305023193,4.588012322194626,,,,,,,,,,,,,,,,,,,"Hunter Kublick","sa3022879",815047
"Eli Ankeney","NYM",0,0,0,4.8721,1,0,0,0,,1.2662,6,1,1,1,0,1,0,0,1,8.0556,4.6023,1.75034,1.41103,0.201187,0.114942,0.08624573796987534,0.244501,1.46152,0.279923,0.700672,,,5.07167,-0.00915832,-0.0359991,999,,,,,,,5.769894599914551,4.5568516896398235,5.331009864807129,4.210236580455507,,,,,,,,,,,,,,,,,,,"Eli Ankeney","sa3020390",690716
"Alton Davis II","LAD",0,0,0,5.08211,1,0,0,0,,1.14286,5,1,1,1,0,1,0,0,1,7.9301,4.79692,1.65317,1.47548,0.185499,0.112209,0.07329075038433075,0.255282,1.5956,0.288273,0.716537,,,5.26669,-0.00916961,-0.0398815,999,,,,,,,4.85714147090912,4.2499994836746815,4.714284777641296,4.1249998565763,,,,,,,,,,,,,,,,,,,"Alton Davis II","sa3029880",702671
"Stone Hewlett","LAD",0,0,0,5.04161,1,0,0,0,,1.2214,6,1,1,1,0,1,0,0,1,7.70456,4.31697,1.78472,1.52396,0.180504,0.101139,0.07936524599790573,0.257363,1.56323,0.287057,0.717399,,,5.22141,-0.00920491,-0.0359406,999,,,,,,,5.4383522272109985,4.452560098311149,5.1069947481155396,4.181266693975319,,,,,,,,,,,,,,,,,,,"Stone Hewlett","sa3025562",803108
"Eddy Yean","WSN",0,0,0,5.07321,1,0,0,0,,1.43109,6,1,1,1,0,1,0,0,1,5.8622,4.18476,1.40084,1.11617,0.14818,0.105779,0.04240085929632187,0.268652,1.50767,0.295791,0.668641,,,4.98817,-0.00922996,-0.0242596,999,,,,,,,6.990080976486206,4.884438498709274,6.1554601192474365,4.301232916308131,,,,,,,,,,,,,,,,,,,"Eddy Yean","sa3006543",678868
"Bryan Salgado","CIN",0,0,0,5.18763,1,0,0,0,,1.06667,6,1,1,1,0,1,0,0,1,8.64701,5.07132,1.70508,1.68148,0.180853,0.106067,0.07478576898574829,0.261583,1.79007,0.293593,0.759246,,,5.51254,-0.0092426,-0.03834,999,,,,,,,4.293335509300233,4.025000930390997,4.333334803581238,4.062500258441943,,,,,,,,,,,,,,,,,,,"Bryan Salgado","sa3024104",824211
"Tyler Vogel","SFG",0,0,0,4.81809,1,0,0,0,,1.52339,7,2,1,1,0,1,0,0,1,7.06379,4.44771,1.58818,1.06838,0.176763,0.111299,0.06546401232481003,0.261159,1.51146,0.300358,0.688895,,,4.74371,-0.00924755,-0.0218811,999,,,,,,,5.073108458518983,3.3301376218616165,6.616965174674988,4.343570584171228,,,,,,,,,,,,,,,,,,,"Tyler Vogel","sa3020406",804922
"Zane Russell","ARI",0,0,0,5.18172,1,0,0,0,,1.09774,5,1,1,1,0,1,0,0,1,6.87164,4.48232,1.53305,1.21161,0.181507,0.118396,0.06311149895191193,0.260858,1.4526,0.296952,0.651644,,,4.99975,-0.00926673,-0.0403009,999,,,,,,,4.523268461227417,4.120531873696721,4.488694906234741,4.089036631582422,,,,,,,,,,,,,,,,,,,"Zane Russell","sa3022907",801546
"Jack Ralston","MIA",0,0,0,4.82713,1,0,0,0,,1.48044,6,1,1,1,0,1,0,0,1,8.14782,5.20154,1.56643,1.14348,0.206965,0.132126,0.07483948767185211,0.246399,1.50027,0.293367,0.69152,,,4.8693,-0.00926884,-0.0238486,999,,,,,,,7.355256152153016,4.9682905420002905,6.402200102806091,4.324525150555636,,,,,,,,,,,,,,,,,,,"Jack Ralston","sa3011296",667652
"Chase Valentine","SDP",0,0,0,4.79712,1,0,0,0,,1.14213,6,1,1,1,0,1,0,0,1,8.14331,4.26823,1.90789,1.56653,0.181021,0.09488,0.08614072948694229,0.25279,1.60412,0.281889,0.751196,,,5.17459,-0.00928122,-0.0427155,999,,,,,,,4.851762127876283,4.2479945842141245,4.710650086402893,4.124442940059479,,,,,,,,,,,,,,,,,,,"Chase Valentine","sa3020002",701106
"David Matoma","PIT",0,0,0,5.08827,1,0,0,0,,1.3482,6,1,1,1,0,1,0,0,1,5.85718,4.49758,1.30229,1.0581,0.15295,0.117447,0.03550343960523605,0.264284,1.47908,0.293392,0.655449,,,5.00984,-0.00929812,-0.0266985,999,,,,,,,6.376665616035462,4.72976918087927,5.7409902811050415,4.258269216910908,,,,,,,,,,,,,,,,,,,"David Matoma","sa3021761",807968
"Kleiber Olmedo","SDP",0,0,0,5.52929,1,1,0,0,,2.32664,11,3,2,1,0,1,0,0,1,5.66936,4.7975,1.18173,1.40795,0.136685,0.115665,0.021019987761974335,0.268032,1.61112,0.284823,0.675307,,,5.66844,-0.00934613,-0.0572073,999,,,,,,,8.417135190963744,3.617721515355375,10.633199453353882,4.570195626744929,,,,,,,,,,,,,,,,,,,"Kleiber Olmedo","sa3022420",811598
"Ryan Ammons","NYM",0,0,0,4.72725,1,0,0,0,,1.23572,5,1,1,1,0,1,0,0,1,8.14233,5.42276,1.50151,1.23245,0.212561,0.141565,0.07099620997905731,0.22985,1.43015,0.269897,0.691569,,,5.07246,-0.00942901,-0.037544,999,,,,,,,5.544320344924927,4.4867162353093715,5.1785948276519775,4.1907545098081584,,,,,,,,,,,,,,,,,,,"Ryan Ammons","sa3023523",686825
"Jason Woodward","MIL",0,0,0,4.59613,1,0,0,0,,1.61429,8,2,1,1,0,1,0,0,2,8.98484,5.12695,1.75247,1.33099,0.201446,0.11495,0.08649637550115585,0.244915,1.62984,0.286654,0.753492,,,4.94204,-0.00946009,-0.0154805,999,,,,,,,7.745715999603273,4.798230461779588,9.07142972946167,5.6194689376715266,,,,,,,,,,,,,,,,,,,"Jason Woodward","sa3025012",814710
"Reynaldo Yean","LAD",0,0,0,4.95627,1,0,0,0,,0.893439,4,1,1,0,0,1,0,0,1,9.64483,7.37806,1.30723,1.3159,0.221349,0.169327,0.052022531628608704,0.226831,1.71734,0.274305,0.73769,,,5.54602,-0.00949247,-0.0519331,999,,,,,,,3.0114485621452345,3.3706258394671615,3.467194974422455,3.880729399851989,,,,,,,,,,,,,,,,,,,"Reynaldo Yean","sa3018303",702905
"Luis R. Rodriguez","NYM",0,0,0,4.8345,1,0,0,0,,1.57988,7,2,1,1,0,1,0,0,1,7.47098,4.28243,1.74457,1.30733,0.184849,0.105957,0.07889186590909958,0.253441,1.48054,0.287546,0.699854,,,4.94263,-0.00949527,-0.0199019,999,,,,,,,5.491141986846924,3.4756613809312107,6.899420261383057,4.367042158214711,,,,,,,,,,,,,,,,,,,"Luis R. Rodriguez","sa3017275",691712
"Gerelmi Maldonado","SFG",0,0,0,5.46648,1,1,0,0,,2.79196,13,3,2,2,0,2,0,0,2,6.21463,5.58562,1.11261,1.13473,0.151531,0.136194,0.015337124466896057,0.268867,1.66393,0.299377,0.672665,,,5.42278,-0.0095548,-0.0275264,999,,,,,,,10.860526943206786,3.8899249569312317,11.959815502166748,4.283658154475762,,,,,,,,,,,,,,,,,,,"Gerelmi Maldonado","sa3016018",698965
"Randel Clemente","STL",0,0,0,4.8491,1,0,0,0,,1.27487,6,1,1,1,0,1,0,0,1,8.7316,6.39962,1.36439,1.00294,0.215371,0.157851,0.057519927620887756,0.24224,1.61587,0.298984,0.703764,,,4.95214,-0.00967524,-0.0343813,999,,,,,,,5.834067392349244,4.576191467361759,5.374369859695435,4.215608740933821,,,,,,,,,,,,,,,,,,,"Randel Clemente","sa3016003",695003
"Dale Stanavich","MIA",1,1,0,4.41835,16,0,0,1,,16,72,15,9,8,2,9,,1,16,8.9724,5.22902,1.71589,0.994933,0.221541,0.129112,0.09242922067642212,0.242351,1.51765,0.299598,0.720128,,,4.48389,-0.00967957,-0.0269553,999,,,,,,,60.80000000000001,3.8000000000000007,60,3.75,,,,,,,,,,,,,,,,,,,"Dale Stanavich","sa3019833",689359
"Maddux Bruns","LAD",0,0,0,5.42824,1,1,0,0,,3.444,16,3,2,2,1,2,0,0,3,7.65173,6.04955,1.26484,1.5089,0.178095,0.140804,0.037290871143341064,0.24982,1.68203,0.27846,0.707017,,,5.80869,-0.0097423,0.0155348,999,,,,,,,5.3855771064758295,1.5637578235493246,4.219984531402588,1.2253160052806578,,,,,,,,,,,,,,,,,,,"Maddux Bruns","sa3017782",691772
"Roman Angelo","ARI",0,0,0,5.37646,1,1,0,0,,4.8727,22,5,3,3,1,2,0,0,3,6.35296,4.60455,1.37971,1.37614,0.158831,0.115119,0.04371216148138046,0.263523,1.5344,0.28781,0.667958,,,5.40031,-0.00976325,0.0102517,999,,,,,,,10.758002758026127,2.2078100371677736,11.363515377044678,2.332076303683045,,,,,,,,,,,,,,,,,,,"Roman Angelo","sa3022737",809109
"Lucas Gilbreath","COL",0,0,0,5.97882,1,0,0,0,,0.938229,5,1,1,1,0,0,0,0,1,7.1965,4.71607,1.52595,1.68694,0.161596,0.105898,0.055697470903396606,0.286095,1.7738,0.314175,0.693552,,,5.71195,-0.00980262,-0.0377674,999,,,,,,,6.3428947806358345,6.760497293955336,6.691145122051239,7.1316756868155515,,,,,,,,,,,,,,,,,,,"Lucas Gilbreath","21290",656458
"Chase Centala","MIA",0,0,0,5.39849,1,0,0,0,,1.51815,6,2,1,1,0,1,0,0,1,4.95026,3.60863,1.37178,1.10685,0.132718,0.0967484,0.03596954792737961,0.282834,1.44686,0.305105,0.621104,,,4.97312,-0.00981116,-0.0184247,999,,,,,,,5.0343247890472425,3.316087449712145,6.590759992599487,4.341304427372926,,,,,,,,,,,,,,,,,,,"Chase Centala","sa3025431",694555
"Hayden Wynja","SFG",0,0,0,5.50338,1,1,0,0,,3.52209,16,4,2,2,1,2,0,0,2,6.11494,4.10486,1.48968,1.50992,0.153029,0.102726,0.05030304938554764,0.268419,1.51212,0.287737,0.66099,,,5.47428,-0.00981126,0.0165352,999,,,,,,,1.3634586334228533,0.3871164617573271,2.610445022583008,0.7411638431724655,,,,,,,,,,,,,,,,,,,"Hayden Wynja","sa3020464",676883
"Trevor Kuncl","CIN",1,1,0,4.81004,12,0,0,1,,12,52,12,7,6,2,5,,1,10,7.33488,3.86817,1.89621,1.28173,0.188074,0.0991838,0.08888993412256241,0.255658,1.41553,0.290974,0.683958,,,4.78959,-0.00981197,-0.0205768,999,,,,,,,39.000000000000014,3.2500000000000013,40,3.3333333333333335,,,,,,,,,,,,,,,,,,,"Trevor Kuncl","sa3066360",805321
"Will Sanders","CHC",0,0,0,4.67337,8,0,0,1,,8,34,8,5,4,1,3,,0,6,7.19093,3.41224,2.1074,1.27024,0.185812,0.0881715,0.09764080494642258,0.256306,1.3723,0.29032,0.685406,,,4.64721,-0.00981474,-0.0323753,999,,,,,,,33.10000000000001,4.137500000000001,34,4.25,,,,,,,,,,,,,,,,,,,"Will Sanders","sa3023508",691739
"Brett Wichrowski","MIL",0,0,0,5.54288,1,1,0,0,,4.40558,19,5,3,3,1,2,0,0,2,5.00276,4.09296,1.22229,1.43153,0.127396,0.104228,0.023168325424194336,0.268861,1.49246,0.279405,0.645617,,,5.60231,-0.00989018,-0.0221404,999,,,,,,,5.301292324066164,1.2033131327475164,7.027900218963623,1.5952269960151186,,,,,,,,,,,,,,,,,,,"Brett Wichrowski","sa3023366",814489
"Lyon Richardson","CIN",1,1,0,4.62731,22,0,0,1,,22,96,21,12,11,3,11,,1,19,7.76829,4.38094,1.7732,1.13862,0.197804,0.111552,0.08625208586454391,0.24985,1.44292,0.292411,0.696287,,,4.66383,-0.00990513,-0.0136598,999,,,,,,,77.30000000000001,3.513636363636364,77,3.5,,,,,,,,,,,,,,,,,,,"Lyon Richardson","24581",680689
"Tyler Renz","MIL",0,0,0,5.66097,1,1,0,0,,4.3,18,4,3,3,1,2,0,0,2,4.68481,4.0113,1.1679,1.395,0.123945,0.106126,0.017818883061408997,0.271247,1.45112,0.280563,0.619161,,,5.58827,-0.00994726,-0.0282464,999,,,,,,,7.120001411437984,1.6558142082829042,6.500000953674316,1.5116280617102662,,,,,,,,,,,,,,,,,,,"Tyler Renz","sa3067437",815868
"Tyler Hampu","COL",0,0,0,6.17364,1,0,0,0,,1.11861,5,1,1,1,0,1,0,0,1,5.98413,4.46695,1.33964,1.46449,0.158326,0.118185,0.04014092683792114,0.283848,1.53357,0.30939,0.600688,,,5.5568,-0.00998448,-0.0285705,999,,,,,,,4.677677130699159,4.181705836145618,4.593025088310242,4.106029398929338,,,,,,,,,,,,,,,,,,,"Tyler Hampu","sa3033115",812407
"Austin Strickland","SFG",0,0,0,4.90972,1,0,0,0,,1.65174,7,2,1,1,0,1,0,0,1,6.73578,4.45644,1.51147,1.01359,0.170531,0.112825,0.05770637094974518,0.265933,1.51718,0.304952,0.677706,,,4.73926,-0.00999568,-0.0152062,999,,,,,,,6.022905659675598,3.646391710985547,7.25872004032135,4.394579308223475,,,,,,,,,,,,,,,,,,,"Austin Strickland","sa3023380",814088
"Daniel Harper","PHI",0,0,0,5.40047,1,0,0,0,,1.17831,5,1,1,1,0,1,0,0,1,6.95487,4.29378,1.61975,1.48748,0.174234,0.107568,0.06666598469018936,0.264245,1.50972,0.292057,0.668319,,,5.32016,-0.0100063,-0.035636,999,,,,,,,5.119523382186891,4.3447871365970725,4.8915698528289795,4.151329760165853,,,,,,,,,,,,,,,,,,,"Daniel Harper","sa3020316",679702
"Bryson Hammer","COL",0,0,0,5.97416,1,0,0,0,,1.27525,6,1,1,1,0,1,0,0,1,5.74436,4.76576,1.20534,1.23503,0.141527,0.117416,0.02411012351512909,0.293872,1.68379,0.322635,0.642755,,,5.38877,-0.0100483,-0.0204852,999,,,,,,,5.836886739730836,4.577035103341737,5.376274824142456,4.215843084261594,,,,,,,,,,,,,,,,,,,"Bryson Hammer","sa3022664",694811
"Indigo Diaz","ARI",0,0,0,5.2338,1,0,0,0,,1.24359,5,1,1,1,0,1,0,0,1,6.27893,4.1896,1.49869,1.39313,0.167298,0.111629,0.055668994784355164,0.254632,1.39666,0.276836,0.645365,,,5.29201,-0.0100765,-0.0370619,999,,,,,,,5.602595973014832,4.505164664610115,5.217970252037048,4.19587907350281,,,,,,,,,,,,,,,,,,,"Indigo Diaz","sa3011726",666301
"Juan De La Cruz","MIA",0,0,0,5.73176,1,1,0,0,,3.14171,14,3,2,2,0,2,0,0,2,6.2384,5.73742,1.08732,1.26137,0.153048,0.140757,0.012290626764297485,0.269606,1.6715,0.297758,0.661505,,,5.65203,-0.010116,0.000596719,999,,,,,,,13.448684310913087,4.2806836967561805,13.70857048034668,4.36340483607269,,,,,,,,,,,,,,,,,,,"Juan De La Cruz","sa3019171",801275
"Kyler Carmack","PHI",0,0,0,4.8482,1,0,0,0,,1.06667,6,1,1,1,0,1,0,0,1,10.3633,5.4565,1.89926,1.81599,0.193933,0.10211,0.09182322025299072,0.253553,1.94125,0.289686,0.815598,,,5.47266,-0.0102037,-0.0412826,999,,,,,,,4.293335509300233,4.025000930390997,4.333334803581238,4.062500258441943,,,,,,,,,,,,,,,,,,,"Kyler Carmack","sa3025510",820837
"Zach Peek","NYM",0,0,0,4.96636,1,0,0,0,,1.65501,7,2,1,1,0,1,0,0,1,7.32149,4.49691,1.62811,1.2503,0.185626,0.114013,0.0716131180524826,0.255616,1.47924,0.291914,0.682262,,,4.9648,-0.0102082,-0.0133501,999,,,,,,,6.0470818281173715,3.6538014652056345,7.275055289268494,4.395774429871876,,,,,,,,,,,,,,,,,,,"Zach Peek","sa3014469",686745
"Samuel Sanchez","LAD",0,0,0,5.9332,1,1,0,0,,3.39338,15,4,2,2,1,1,0,0,2,4.46497,3.28692,1.3584,1.71762,0.11448,0.0842757,0.030204743146896362,0.279762,1.46261,0.280175,0.621178,,,5.85684,-0.0102192,0.0124179,999,,,,,,,3.4110485076904293,1.0052052963530662,4.966924667358398,1.4637079979832623,,,,,,,,,,,,,,,,,,,"Samuel Sanchez","sa3021008",808247
"Isaac Gallegos","ATL",0,0,0,5.00154,1,0,0,0,,1.45597,6,1,1,1,0,1,0,0,1,6.45065,4.03933,1.59696,1.20147,0.165282,0.103498,0.06178435683250427,0.263428,1.46014,0.2937,0.670072,,,4.92916,-0.010306,-0.022494,999,,,,,,,7.174163365364075,4.927418222964749,6.279840111732483,4.313171728601319,,,,,,,,,,,,,,,,,,,"Isaac Gallegos","sa3023183",814541
"Jhancarlos Lara","ATL",1,0,0,4.37666,10,0,0,1,,10,44,9,5,5,1,7,,1,11,9.5963,5.86704,1.63563,0.944044,0.241416,0.147599,0.0938178300857544,0.232514,1.51427,0.298484,0.718968,,,4.48948,-0.010379,0.000832374,999,,,,,,,40.300000000000004,4.03,39,3.9,,,,,,,,,,,,,,,,,,,"Jhancarlos Lara","sa3019367",702910
"Luke Young","WSN",0,0,0,6.05864,1,1,0,0,,2.57729,11,3,2,2,0,1,0,0,1,4.38926,3.85946,1.13727,1.52171,0.113284,0.09961,0.013673849403858185,0.285397,1.52151,0.291187,0.611961,,,5.78715,-0.0103868,-0.0356494,999,,,,,,,10.271923494338989,3.985556773058092,11.88643479347229,4.611995087847511,,,,,,,,,,,,,,,,,,,"Luke Young","sa3020819",805272
"Alec Baker","ARI",0,0,0,5.59129,1,1,0,0,,2.77329,12,3,2,2,0,1,0,0,2,5.02498,3.76804,1.33358,1.4689,0.12412,0.0930727,0.031047023832798004,0.277703,1.53805,0.288933,0.656335,,,5.54262,-0.0104087,-0.0222234,999,,,,,,,13.722375392913818,4.9480421229710565,14.866469860076904,5.36058204073955,,,,,,,,,,,,,,,,,,,"Alec Baker","sa3022794",696508
"Davison Palermo","COL",0,0,0,6.08028,1,0,0,0,,1.35938,6,1,1,1,0,1,0,0,1,5.92258,4.30843,1.37465,1.38405,0.153232,0.11147,0.041761912405490875,0.290645,1.57348,0.318456,0.615228,,,5.40191,-0.0104239,-0.0161048,999,,,,,,,6.459441161155702,4.751741555696977,5.7969197034835815,4.264372654360272,,,,,,,,,,,,,,,,,,,"Davison Palermo","sa3020480",801754
"Tristan Beck","SFG",2,2,0,4.06441,40,0,0,1,,40,171,38,20,18,5,14,,2,35,7.94172,3.03895,2.61331,1.13522,0.206412,0.078985,0.12742743641138077,0.244109,1.28796,0.285733,0.715076,,,4.15622,-0.0104935,-0.0298356,999,,,,,,,161.7,4.0424999999999995,161,4.025,,,,,,,,,,,,,,,,,,,"Tristan Beck","21584",663941
"Yerlin Rodriguez","MIL",0,0,0,4.6689,1,0,0,0,,1.27531,6,1,1,1,0,1,0,0,1,9.86809,7.48299,1.31874,1.02162,0.228904,0.173578,0.055325672030448914,0.228592,1.72156,0.289352,0.739103,,,5.10626,-0.010513,-0.0329699,999,,,,,,,5.837308406829834,4.577161235854019,5.376559734344482,4.215878121070561,,,,,,,,,,,,,,,,,,,"Yerlin Rodriguez","sa3015362",693750
"Bjorn Johnson","MIL",0,0,0,5.61592,1,1,0,0,,2.4033,11,2,2,1,0,1,0,0,1,5.45252,5.17167,1.05431,1.34383,0.137218,0.13015,0.007067859172821045,0.263118,1.57111,0.279404,0.653108,,,5.74832,-0.0105349,-0.0471491,999,,,,,,,11.584390354156497,4.820209572195029,11.016479969024658,4.583904769708876,,,,,,,,,,,,,,,,,,,"Bjorn Johnson","sa3023617",807723
"Giussepe Velasquez","PHI",0,0,0,6.03004,1,1,0,0,,3.66042,16,4,3,2,1,2,0,0,2,4.5304,3.84487,1.1783,1.52568,0.118455,0.100531,0.01792445033788681,0.282986,1.49553,0.289723,0.607008,,,5.75519,-0.0105631,-0.0583605,999,,,,,,,2.3870934486389164,0.6521368397618016,3.3020901679992676,0.9021073925678956,,,,,,,,,,,,,,,,,,,"Giussepe Velasquez","sa3016463",691908
"Dailoui Abad","LAD",0,0,0,5.44468,1,0,0,0,,0.983822,5,1,1,1,0,0,0,0,1,6.41148,4.28269,1.49707,1.57998,0.153405,0.10247,0.05093467980623245,0.266143,1.57135,0.284967,0.686945,,,5.57556,-0.0105949,-0.047435,999,,,,,,,6.680282711982729,6.790133573701455,6.91910994052887,7.032888087661823,,,,,,,,,,,,,,,,,,,"Dailoui Abad","sa3016027",699060
"Will Bednar","SFG",0,0,0,4.39315,1,0,0,0,,1.5113,7,1,1,1,0,1,0,0,2,10.0701,6.03078,1.66979,1.23609,0.234142,0.140223,0.0939197838306427,0.225818,1.58451,0.278211,0.755169,,,4.87086,-0.0106402,-0.0225067,999,,,,,,,9.583634757995606,6.3413102040429985,8.556509971618652,5.6616811224731265,,,,,,,,,,,,,,,,,,,"Will Bednar","sa3017844",687218
"Zach Harris","COL",0,0,0,5.53542,1,0,0,0,,1.03333,6,2,1,1,0,1,0,0,1,9.67948,5.42783,1.78331,1.91084,0.175476,0.0983992,0.07707663625478745,0.28118,2.13788,0.317096,0.796526,,,5.75622,-0.0106684,-0.0329332,999,,,,,,,1.4466637849807737,1.3999977388681073,4.166664719581604,4.032257699817436,,,,,,,,,,,,,,,,,,,"Zach Harris","sa3033317",823226
"Levi Sterling","PIT",0,0,0,5.68215,1,1,0,0,,2.775,14,3,2,2,0,2,0,0,2,5.85878,5.07549,1.15433,1.40247,0.133812,0.115922,0.01788993924856186,0.278218,1.74484,0.298185,0.691219,,,5.72013,-0.0106922,-0.0204782,999,,,,,,,10.735000705718996,3.8684685898353446,11.875000476837158,4.279279304048029,,,,,,,,,,,,,,,,,,,"Levi Sterling","sa3066664",815552
"Frankie Scalzo Jr.","CHC",0,0,0,4.90027,1,0,0,0,,1.40412,6,1,1,1,0,1,0,0,1,7.01498,4.2054,1.66809,1.31967,0.172848,0.103621,0.06922772526741028,0.256057,1.48936,0.285578,0.696745,,,5.0357,-0.0107048,-0.0274159,999,,,,,,,6.790458655357362,4.836109330336029,6.020580172538757,4.287808147315563,,,,,,,,,,,,,,,,,,,"Frankie Scalzo Jr.","sa3017724",700794
"Tyler LaPorte","ATL",0,0,0,5.15129,1,0,0,0,,1.34737,6,1,1,1,0,1,0,0,1,5.99602,4.08712,1.46705,1.16698,0.158654,0.108145,0.050509415566921234,0.266063,1.43788,0.294355,0.646899,,,4.99361,-0.0107527,-0.0280894,999,,,,,,,6.37052321434021,4.7281241688816555,5.736840009689331,4.257812269133793,,,,,,,,,,,,,,,,,,,"Tyler LaPorte","sa3067023",679489
"Drew Christo","ATL",0,0,0,4.72636,1,0,0,0,,1.64,8,2,1,1,0,1,0,0,2,9.40226,4.86067,1.93435,1.44463,0.203964,0.105443,0.09852107614278793,0.252987,1.68464,0.29649,0.761044,,,4.92562,-0.0107958,-0.0129105,999,,,,,,,7.935999894142152,4.839024367905458,9.199999928474426,5.609756102879653,,,,,,,,,,,,,,,,,,,"Drew Christo","sa3069104",695513
"Anthony Garcia","ATL",0,0,0,5.81864,1,1,0,0,,2.18508,10,3,2,1,0,1,0,0,1,5.47925,4.63523,1.18209,1.42376,0.130158,0.110108,0.02004922181367874,0.283055,1.67811,0.300681,0.667275,,,5.67926,-0.0108045,-0.0575128,999,,,,,,,7.369592380523682,3.372687593631784,9.925400257110596,4.542350862912703,,,,,,,,,,,,,,,,,,,"Anthony Garcia","sa3019661",805817
"Jermayne Verdu","NYM",0,0,0,5.68785,1,1,0,0,,2.0125,9,2,1,1,0,1,0,0,1,5.29429,4.71873,1.12197,1.46829,0.129738,0.115634,0.014104112982749939,0.26933,1.59012,0.281566,0.660824,,,5.81008,-0.0108229,0.0230373,999,,,,,,,8.6925003528595,4.31925473137957,9.062500238418579,4.503105601835414,,,,,,,,,,,,,,,,,,,"Jermayne Verdu","sa3024269",823221
"Philip Abner","ARI",2,2,0,4.29684,42,0,0,1,,42,182,41,22,20,5,16,,2,38,8.15809,3.47271,2.3492,1.12396,0.209182,0.0890439,0.12013791501522064,0.250321,1.36237,0.296766,0.708122,,,4.2426,-0.0108528,-0.0245855,999,,,,,,,168.70000000000002,4.0166666666666675,171,4.071428571428571,,,,,,,,,,,,,,,,,,,"Philip Abner","33821",691769
"Daury Vasquez","ARI",0,0,0,5.565,1,1,0,0,,3.95625,18,4,3,2,1,2,0,0,3,6.40385,5.08592,1.25913,1.28811,0.158037,0.125512,0.03252434730529785,0.270704,1.61641,0.299835,0.66457,,,5.42894,-0.0108795,-0.043269,999,,,,,,,6.576249647140502,1.6622432167841859,6.781249761581421,1.7140599919909436,,,,,,,,,,,,,,,,,,,"Daury Vasquez","sa3021767",808035
"Ryan Sublette","LAD",0,0,0,4.91783,1,0,0,0,,1.31076,6,1,1,1,0,1,0,0,1,8.31938,5.72885,1.45219,1.35791,0.195076,0.134332,0.06074357032775879,0.241699,1.61401,0.278416,0.725127,,,5.33098,-0.0109406,-0.0309193,999,,,,,,,6.099631214141846,4.653503827943533,5.553804874420166,4.237084396650982,,,,,,,,,,,,,,,,,,,"Ryan Sublette","sa3017781",690922
"Avery Short","ARI",0,0,0,5.71091,1,1,0,0,,4.83424,21,5,3,3,1,2,0,0,2,4.4698,3.42183,1.30626,1.38987,0.115835,0.0886772,0.02715807408094406,0.284874,1.48022,0.294545,0.622744,,,5.42772,-0.010972,0.00794703,999,,,,,,,8.473340415954592,1.7527778605237303,9.171175956726074,1.897130692595456,,,,,,,,,,,,,,,,,,,"Avery Short","sa3011712",683008
"Landon Sims","ARI",0,0,0,5.01846,1,0,0,0,,1.235,6,1,1,1,0,1,0,0,1,7.34657,4.83014,1.52099,1.21397,0.182993,0.120312,0.06268087774515152,0.257016,1.53176,0.294538,0.68711,,,5.02332,-0.0109919,-0.0333432,999,,,,,,,5.538963055610658,4.485008459067468,5.174975037574768,4.190280127518741,,,,,,,,,,,,,,,,,,,"Landon Sims","sa3021979",683085
"Chase Watkins","CHC",0,0,0,4.85068,1,0,0,0,,1.95617,8,2,1,1,0,1,0,0,1,6.39142,3.37193,1.89548,1.30744,0.168923,0.0891189,0.0798041895031929,0.25782,1.35033,0.283521,0.664078,,,4.86249,-0.0110671,0.00151785,999,,,,,,,8.275643610954287,4.230538162373603,8.780840277671814,4.488796477802194,,,,,,,,,,,,,,,,,,,"Chase Watkins","sa3017842",677352
"Andrew Dutkanych IV","STL",0,0,0,4.89718,1,0,0,0,,1.91111,9,2,1,1,0,1,0,0,2,7.47194,4.36991,1.70986,1.20343,0.185451,0.10846,0.07699114084243774,0.260113,1.51049,0.299428,0.69235,,,4.82214,-0.0110677,-0.00126381,999,,,,,,,9.942221379280092,5.202325450403738,10.555554986000061,5.523255845141967,,,,,,,,,,,,,,,,,,,"Andrew Dutkanych IV","sa3030700",702254
"Hunter Hodges","NYM",0,0,0,4.70359,1,0,0,0,,1.26968,6,1,1,1,0,1,0,0,1,9.10847,6.43048,1.41645,1.18123,0.201984,0.142599,0.05938562750816345,0.241229,1.73575,0.288006,0.7506,,,5.14836,-0.0110902,-0.0358224,999,,,,,,,5.795654225349427,4.564646616291454,5.348415017127991,4.212401837858737,,,,,,,,,,,,,,,,,,,"Hunter Hodges","sa3025645",808788
"Chase Costello","MIL",0,0,0,5.04477,1,0,0,0,,1.56259,7,2,1,1,0,1,0,0,1,6.24625,4.22526,1.47831,1.19947,0.160581,0.108625,0.05195648968219757,0.261521,1.46414,0.289438,0.666835,,,5.03537,-0.0111133,-0.0181755,999,,,,,,,5.363196015357972,3.432238843044498,6.812970280647278,4.360038523071693,,,,,,,,,,,,,,,,,,,"Chase Costello","sa3020799",680774
"Xavier Meachem","MIA",0,0,0,5.08007,1,0,0,0,,1.41939,6,1,1,1,0,1,0,0,1,6.6062,4.97379,1.3282,1.1381,0.168896,0.127161,0.04173476994037628,0.256689,1.513,0.289464,0.671049,,,5.12504,-0.0111704,-0.0235446,999,,,,,,,6.903456616401673,4.863692099379903,6.096930146217346,4.295470027605528,,,,,,,,,,,,,,,,,,,"Xavier Meachem","sa3022410",801870
"Dawson Netz","CHC",0,0,0,5.48487,1,1,0,0,,3.51111,15,4,2,2,1,2,0,0,2,5.5209,4.28507,1.2884,1.44695,0.140978,0.109421,0.03155740350484848,0.263949,1.48588,0.27823,0.65058,,,5.57531,-0.0111781,0.017092,999,,,,,,,1.2822215557098406,0.36518969295632253,2.5555551052093506,0.7278479916738798,,,,,,,,,,,,,,,,,,,"Dawson Netz","sa3067466",683100
"Andre Scrubb","NYM",0,0,0,4.84795,1,0,0,0,,1.74424,7,2,1,1,0,1,0,0,1,6.3658,4.07199,1.56331,1.20637,0.169417,0.10837,0.06104634702205658,0.251437,1.37651,0.278787,0.662971,,,4.96257,-0.011195,-0.0113197,999,,,,,,,6.707390451431276,3.845447267389943,7.721209764480591,4.42668504312741,,,,,,,,,,,,,,,,,,,"Andre Scrubb","20329",668687
"Bruno Lopez","STL",0,0,0,5.11397,1,0,0,0,,0.989435,5,1,1,1,0,1,0,0,1,8.97644,5.74989,1.56115,1.49211,0.204942,0.131277,0.07366585731506348,0.24701,1.66862,0.287443,0.729545,,,5.38904,-0.0112122,-0.0487503,999,,,,,,,3.7218191266059875,3.7615599430480726,3.947175085544586,3.9893222064022424,,,,,,,,,,,,,,,,,,,"Bruno Lopez","sa3015999",694058
"Gerardo Salas","STL",0,0,0,5.72026,1,1,0,0,,4.25103,19,5,3,3,1,2,0,0,2,4.94574,3.54015,1.39704,1.51831,0.124519,0.0891303,0.03538858890533447,0.281509,1.51166,0.291799,0.640907,,,5.55116,-0.0112671,-0.0349296,999,,,,,,,4.157635879516601,0.9780298057444368,6.255159378051758,1.471444948211229,,,,,,,,,,,,,,,,,,,"Gerardo Salas","sa3016216",692401
"Zeke Wood","STL",0,0,0,5.26168,1,0,0,0,,0.933333,5,1,1,1,0,1,0,0,1,7.28472,4.85694,1.49986,1.46195,0.1563,0.10421,0.05209014564752579,0.271793,1.7847,0.299974,0.735996,,,5.42124,-0.0113033,-0.0515402,999,,,,,,,3.306664049625398,3.542855681326372,3.6666648983955383,3.9285710225906585,,,,,,,,,,,,,,,,,,,"Zeke Wood","sa3068853",699575
"Jack Sinclair","WSN",0,0,0,5.21901,1,0,0,0,,1.23464,6,1,1,1,0,1,0,0,1,6.50299,4.60409,1.41244,1.31208,0.161583,0.1144,0.04718305170536041,0.261653,1.53424,0.288434,0.677278,,,5.27492,-0.0113461,-0.0343242,999,,,,,,,5.536313962936402,4.484163251386566,5.173185110092163,4.190045347607379,,,,,,,,,,,,,,,,,,,"Jack Sinclair","sa3017596",695378
"Cole Paplham","SDP",0,0,0,5.00435,1,0,0,0,,1.08667,5,1,1,1,0,1,0,0,1,7.22539,5.47866,1.31882,1.23047,0.165195,0.125259,0.03993569314479828,0.256374,1.68377,0.288386,0.72131,,,5.3067,-0.0114002,-0.0454973,999,,,,,,,4.44132125377655,4.0871115878514725,4.433325171470642,4.079753218847632,,,,,,,,,,,,,,,,,,,"Cole Paplham","sa3020749",800996
"Matt Dunaway","SFG",0,0,0,5.13184,1,0,0,0,,1.775,7,2,1,1,0,1,0,0,1,5.22231,3.17681,1.64389,1.13047,0.147136,0.0895053,0.05763114243745804,0.272868,1.32121,0.296438,0.609786,,,4.79341,-0.0114038,-0.00873697,999,,,,,,,6.934999823570252,3.907042206603604,7.8749998807907104,4.436619710742517,,,,,,,,,,,,,,,,,,,"Matt Dunaway","sa3068824",835882
"Braxton Hyde","COL",0,0,0,7.00802,1,1,0,0,,2.28329,10,3,2,2,0,1,0,0,1,4.03913,4.64007,0.87049,1.52297,0.101098,0.116139,-0.015041179955005646,0.314469,1.73322,0.32219,0.589946,,,6.13869,-0.0114498,-0.0306377,999,,,,,,,8.096338272094727,3.5459104954385636,10.416444778442383,4.562035283572564,,,,,,,,,,,,,,,,,,,"Braxton Hyde","sa3020612",805703
"Enderson Mercado","MIL",0,0,0,5.54773,1,1,0,0,,3.8,17,4,3,2,1,2,0,0,2,5.64979,4.31516,1.30929,1.53905,0.142528,0.108859,0.03366889804601669,0.263042,1.49872,0.275753,0.655486,,,5.6913,-0.011523,-0.0566688,999,,,,,,,3.419999647140502,0.899999918435748,3.999999761581421,1.052631529414422,,,,,,,,,,,,,,,,,,,"Enderson Mercado","sa3024254",821253
"Jhon Medina","COL",0,0,0,6.93566,1,1,0,0,,3.68333,16,4,3,3,1,2,0,0,2,3.94823,4.90824,0.804408,1.30316,0.103691,0.128903,-0.025212399661540985,0.312711,1.68191,0.325056,0.568023,,,5.92886,-0.0115262,-0.029174,999,,,,,,,2.556663608551025,0.6941168946790015,3.4166646003723145,0.9276013530439281,,,,,,,,,,,,,,,,,,,"Jhon Medina","sa3022121",808042
"Alex Makarewich","LAD",0,0,0,4.79844,1,0,0,0,,1.36036,7,1,1,1,0,1,0,0,2,10.2559,7.47514,1.37199,1.21998,0.232931,0.169775,0.06315548717975616,0.226472,1.73559,0.28278,0.746055,,,5.30629,-0.0115517,-0.0283796,999,,,,,,,8.46666419506073,6.223840770827603,7.8018001317977905,5.735099518232748,,,,,,,,,,,,,,,,,,,"Alex Makarewich","sa3023642",801317
"Ben Peterson","SFG",0,0,0,5.17325,1,0,0,0,,1.255,6,1,1,1,0,1,0,0,1,6.02591,3.94163,1.52878,1.23818,0.146135,0.0955894,0.05054608732461929,0.274855,1.56312,0.300495,0.682449,,,5.04865,-0.011571,-0.0356394,999,,,,,,,5.686999964714051,4.531474092686696,5.274999976158142,4.203187247968526,,,,,,,,,,,,,,,,,,,"Ben Peterson","sa3067064",803292
"Nicolas Cruz","LAD",0,0,0,5.27426,1,0,0,0,,1.76665,7,2,1,1,0,1,0,0,1,6.13371,3.70859,1.65392,1.39003,0.162239,0.0980939,0.06414532661437988,0.2649,1.40343,0.287953,0.642989,,,5.15491,-0.0115893,-0.00722701,999,,,,,,,6.873224711418152,3.8905368787910137,7.8332599401474,4.433957561095324,,,,,,,,,,,,,,,,,,,"Nicolas Cruz","sa3019461",800395
"Cristofer Gomez","NYM",0,0,0,4.77741,1,0,0,0,,1.76892,8,2,1,1,0,1,0,0,2,8.22045,5.23178,1.57125,1.21789,0.209314,0.133215,0.07609918713569641,0.239398,1.47409,0.282574,0.696161,,,4.97082,-0.0116318,-0.010022,999,,,,,,,8.89003758430481,5.025675266412873,9.844619989395142,5.56531541275884,,,,,,,,,,,,,,,,,,,"Cristofer Gomez","sa3019567",805684
"Jonatan Bernal","ARI",0,0,0,5.87105,1,1,0,0,,3.56823,15,4,3,2,1,1,0,0,2,3.93994,3.29985,1.19397,1.37584,0.102958,0.0862311,0.016726672649383545,0.291369,1.48554,0.297285,0.607969,,,5.48237,-0.0116377,-0.0650967,999,,,,,,,4.704938411712648,1.3185618426297767,5.841174602508545,1.6369927240348994,,,,,,,,,,,,,,,,,,,"Jonatan Bernal","sa3009271",685763
"Bryant Olson","WSN",0,0,0,5.27509,1,0,0,0,,1.08148,5,1,1,1,0,1,0,0,1,7.98944,6.53319,1.2229,1.14365,0.183839,0.15033,0.03350871801376343,0.258495,1.77058,0.30318,0.709753,,,5.37387,-0.0116876,-0.0420722,999,,,,,,,4.402959251403809,4.071231332918877,4.407404899597168,4.07534203692191,,,,,,,,,,,,,,,,,,,"Bryant Olson","sa3039129",825926
"Jayden Dubanewicz","MIL",0,0,0,5.85833,1,1,0,0,,4.28421,18,5,3,3,1,2,0,0,2,3.86885,3.36241,1.15062,1.45678,0.10322,0.0897083,0.013511791825294495,0.282447,1.43173,0.284118,0.598098,,,5.63458,-0.0116888,-0.0291564,999,,,,,,,4.403162574768071,1.0277650684356716,6.421055793762207,1.4987720156239948,,,,,,,,,,,,,,,,,,,"Jayden Dubanewicz","sa3067382",803848
"Kyle Ayers","ARI",0,0,0,5.0865,1,0,0,0,,1.63889,7,2,1,1,0,1,0,0,1,6.01957,3.88446,1.54965,1.12099,0.156594,0.101051,0.05554299056529999,0.271098,1.45964,0.301289,0.655396,,,4.85386,-0.0117795,-0.0124637,999,,,,,,,5.927778267860414,3.6169493054151824,7.19444477558136,4.389830533131481,,,,,,,,,,,,,,,,,,,"Kyle Ayers","sa3026337",695486
"Jose Cabrera","LAD",0,0,0,5.3842,1,0,0,0,,1.13667,5,1,1,1,0,1,0,0,1,7.10047,4.79045,1.48221,1.53362,0.173567,0.1171,0.056467168033123016,0.257149,1.55065,0.282572,0.683825,,,5.52804,-0.0117948,-0.0397621,999,,,,,,,4.81133589744568,4.232845540255987,4.683335065841675,4.120234872293329,,,,,,,,,,,,,,,,,,,"Jose Cabrera","sa3024078",820872
"Stiven Cruz","MIL",0,0,0,5.64,1,1,0,0,,2.37291,11,2,2,1,0,1,0,0,2,5.71657,4.72712,1.20931,1.56244,0.141843,0.117292,0.02455086261034012,0.261676,1.54594,0.273977,0.661207,,,5.85381,-0.0118449,-0.0489087,999,,,,,,,13.3595112323761,5.6300190712202225,12.864534616470337,5.421424030661852,,,,,,,,,,,,,,,,,,,"Stiven Cruz","sa3015938",691602
"Maikel Miralles","SDP",0,0,0,5.55667,1,1,0,0,,2.99956,13,3,2,2,0,2,0,0,2,5.02928,4.65891,1.0795,1.34442,0.125021,0.115814,0.009206734597682953,0.268637,1.56541,0.28144,0.656994,,,5.66795,-0.0119083,-0.0178955,999,,,,,,,12.396766042709352,4.132857396412502,12.997814893722534,4.3332362033494904,,,,,,,,,,,,,,,,,,,"Maikel Miralles","sa3022418",808063
"Javier Chacon","SDP",0,0,0,5.68085,1,1,0,0,,2.18804,10,2,2,1,0,1,0,0,1,5.97413,5.26367,1.13497,1.4536,0.149616,0.131823,0.01779264211654663,0.260356,1.57368,0.278306,0.656197,,,5.82315,-0.0119946,-0.0651168,999,,,,,,,9.991482019424438,4.566411330046309,9.940190553665161,4.542969569362308,,,,,,,,,,,,,,,,,,,"Javier Chacon","sa3015312",700274
"Justin Meis","PIT",0,0,0,4.95956,1,0,0,0,,1.89633,8,2,1,1,0,1,0,0,1,6.95051,4.29698,1.61754,1.28186,0.177993,0.110039,0.0679531991481781,0.254552,1.44776,0.285758,0.677595,,,5.02296,-0.0121102,0.00206161,999,,,,,,,7.832871985435484,4.130533845985469,8.481670260429382,4.472666749352495,,,,,,,,,,,,,,,,,,,"Justin Meis","sa3017207",701568
"David Rodriguez","ATL",0,0,0,6.0535,1,1,0,0,,3.05356,12,3,2,2,0,1,0,0,1,3.98817,3.59359,1.1098,1.4162,0.108876,0.0981044,0.010771825909614563,0.286829,1.43931,0.291748,0.578068,,,5.62684,-0.012149,-0.00638999,999,,,,,,,13.796314144134524,4.518114061230485,14.26777982711792,4.672512961503464,,,,,,,,,,,,,,,,,,,"David Rodriguez","sa3023659",815095
"Franklin Sanchez","MIA",0,0,0,5.12811,1,0,0,0,,1.10107,6,1,1,1,0,1,0,0,1,8.84494,6.77428,1.30567,1.24721,0.195204,0.149505,0.04569871723651886,0.250936,1.81112,0.297055,0.735131,,,5.42117,-0.0121592,-0.0397986,999,,,,,,,4.547903347015382,4.130447224836269,4.505340099334717,4.091790895787852,,,,,,,,,,,,,,,,,,,"Franklin Sanchez","sa3015157",692845
"Nolan Sparks","STL",0,0,0,5.76227,1,1,0,0,,3.79183,17,4,3,2,1,2,0,0,2,5.70961,5.06468,1.12734,1.26464,0.142932,0.126787,0.016144737601280212,0.2768,1.62085,0.301075,0.647103,,,5.54052,-0.0121662,-0.0608649,999,,,,,,,3.359535408020024,0.88599335868699,3.9591455459594727,1.0441255214698313,,,,,,,,,,,,,,,,,,,"Nolan Sparks","sa3025182",822463
"Cameron Pferrer","SFG",0,0,0,5.27188,1,0,0,0,,1.11992,5,1,1,1,0,1,0,0,1,6.45736,4.23901,1.52332,1.38318,0.165167,0.108426,0.05674105882644653,0.261773,1.47194,0.28696,0.662134,,,5.25907,-0.0121673,-0.0424635,999,,,,,,,4.687437224388123,4.185496012976813,4.599619746208191,4.107082225826892,,,,,,,,,,,,,,,,,,,"Cameron Pferrer","sa3025489",680102
"Jose Davila","STL",0,0,0,5.58322,1,1,0,0,,4.28239,19,5,3,3,1,2,0,0,2,5.16644,4.37273,1.18151,1.34253,0.128079,0.108402,0.019676536321640015,0.275071,1.57108,0.290517,0.655917,,,5.53649,-0.0122097,-0.0331338,999,,,,,,,4.389686870574952,1.0250553429234717,6.411950588226318,1.4972831554524568,,,,,,,,,,,,,,,,,,,"Jose Davila","sa3015092",692369
"Drew Pestka","CIN",0,0,0,5.33799,1,0,0,0,,1.70248,8,2,1,1,0,1,0,0,1,6.87484,4.96037,1.38595,1.31741,0.170187,0.122794,0.04739297181367874,0.262296,1.56995,0.293358,0.675556,,,5.32304,-0.0122132,-0.00541909,999,,,,,,,6.398374629020691,3.75826038270729,7.512415289878845,4.412622642372144,,,,,,,,,,,,,,,,,,,"Drew Pestka","sa3024451",814102
"Lebarron Johnson Jr.","COL",0,0,0,6.50969,1,1,0,0,,4.8875,22,5,4,4,1,3,0,0,3,5.35271,5.08048,1.05358,1.47603,0.134032,0.127215,0.006816595792770386,0.293593,1.68594,0.31279,0.615202,,,5.93058,-0.0122416,-0.0384479,999,,,,,,,7.867498588562011,1.6097184441107801,8.437499046325684,1.726342583242844,,,,,,,,,,,,,,,,,,,"Lebarron Johnson Jr.","sa3034782",694316
"Darwin Rodriguez","MIA",0,0,0,5.07185,1,0,0,0,,0.925858,6,1,1,1,0,1,0,0,1,9.17344,6.19294,1.48127,1.59411,0.169801,0.114632,0.05516912788152695,0.263067,2.06796,0.297055,0.798057,,,5.67167,-0.0122487,-0.0485878,999,,,,,,,3.251349353790283,3.5117148426736846,3.6292901039123535,3.919920789631579,,,,,,,,,,,,,,,,,,,"Darwin Rodriguez","sa3018877",801270
"Jose Pena Jr.","PHI",0,0,0,5.16242,1,0,0,0,,1.54895,7,1,1,1,0,1,0,0,1,6.74998,4.61515,1.46257,1.32629,0.173351,0.118525,0.05482609570026398,0.254716,1.47132,0.283053,0.66784,,,5.24098,-0.0122804,-0.0165611,999,,,,,,,7.862207627296449,5.075840390767421,6.744734883308411,4.354400108546506,,,,,,,,,,,,,,,,,,,"Jose Pena Jr.","sa3017821",700247
"Kaleb Bowman","MIL",0,0,0,5.18926,1,0,0,0,,1.41724,6,1,1,1,0,1,0,0,1,5.93432,3.81527,1.55541,1.38794,0.161435,0.103789,0.05764593183994293,0.255611,1.34789,0.274798,0.6344,,,5.23021,-0.0123294,-0.0256993,999,,,,,,,6.887591171264649,4.859855216992826,6.086210250854492,4.294404226942452,,,,,,,,,,,,,,,,,,,"Kaleb Bowman","sa3020745",689337
"Juan Amarante","PHI",0,0,0,6.09619,1,1,0,0,,3.90842,17,4,3,3,1,2,0,0,2,5.15382,4.33566,1.1887,1.52307,0.130235,0.109561,0.02067463845014572,0.284503,1.5814,0.297898,0.625953,,,5.78532,-0.0123418,-0.0443637,999,,,,,,,4.222285699844365,1.080305841077299,4.5420849323272705,1.1621290532858084,,,,,,,,,,,,,,,,,,,"Juan Amarante","sa3019048",702431
"Kevin Kopps","SDP",0,0,0,4.94586,1,0,0,0,,1.3561,6,1,1,1,0,1,0,0,1,6.65391,4.83022,1.37756,1.21415,0.156998,0.113968,0.04302959144115448,0.25841,1.60085,0.286464,0.708673,,,5.18332,-0.0123506,-0.0318797,999,,,,,,,6.435132670402528,4.745326576640923,5.780495047569275,4.262590715733589,,,,,,,,,,,,,,,,,,,"Kevin Kopps","sa3017005",667434
"Zac Leigh","CHC",0,0,0,4.90695,1,0,0,0,,1.18879,5,1,1,1,0,1,0,0,1,7.57945,5.44541,1.3919,1.27489,0.186869,0.134255,0.052614107728004456,0.241579,1.53431,0.275117,0.702711,,,5.27248,-0.0123515,-0.03839,999,,,,,,,5.197038674354554,4.371708209302081,4.943945050239563,4.158807835917244,,,,,,,,,,,,,,,,,,,"Zac Leigh","sa3017873",684949
"Erian Rodriguez","CHC",0,0,0,5.67038,1,1,0,0,,4.19025,18,4,3,3,1,2,0,0,2,4.88778,4.24428,1.15162,1.33899,0.12745,0.110671,0.016779422760009766,0.273699,1.49546,0.28701,0.627202,,,5.54391,-0.0123536,-0.0374108,999,,,,,,,6.30788116455078,1.5053695662069277,5.951271057128906,1.4202649187491465,,,,,,,,,,,,,,,,,,,"Erian Rodriguez","sa3019625",701477
"Clevari Tejada","PIT",0,0,0,6.03879,1,1,0,0,,3.49922,15,4,3,2,0,2,0,0,1,3.81486,4.4001,0.866995,1.21931,0.0986446,0.113778,-0.015133030712604523,0.290649,1.58131,0.299119,0.609683,,,5.66396,-0.0124055,-0.0666729,999,,,,,,,11.494206047058105,3.2847936945297262,13.496085166931152,3.8568871373693683,,,,,,,,,,,,,,,,,,,"Clevari Tejada","sa3021040",814136
"Isaiah Campbell","ARI",1,1,0,4.55238,22,0,0,1,,22,96,23,12,11,3,8,,1,17,6.99568,3.20445,2.18311,1.05198,0.178131,0.0815949,0.096535824239254,0.267087,1.41422,0.306836,0.689085,,,4.30528,-0.0124356,-0.0271781,999,,,,,,,77.10000000000001,3.504545454545455,82,3.727272727272727,,,,,,,,,,,,,,,,,,,"Isaiah Campbell","25551",663462
"Luis Alvarez","NYM",0,0,0,4.81906,1,0,0,0,,1.4602,7,1,1,1,0,1,0,0,1,8.33352,5.56987,1.49618,1.27689,0.192488,0.128653,0.06383484601974487,0.246131,1.63631,0.285581,0.731373,,,5.15775,-0.0124572,-0.026087,999,,,,,,,7.2054655313491835,4.934581002298224,6.3009902238845825,4.315161389527284,,,,,,,,,,,,,,,,,,,"Luis Alvarez","sa3016847",700351
"Christian Suarez","LAD",0,0,0,5.275,1,0,0,0,,1.39003,6,1,1,1,0,1,0,0,1,6.90997,5.49308,1.25794,1.21589,0.173254,0.137729,0.03552575409412384,0.255666,1.57332,0.289097,0.67416,,,5.35069,-0.0124784,-0.0268561,999,,,,,,,6.686214256286622,4.810125889248472,5.9501447677612305,4.280590524791243,,,,,,,,,,,,,,,,,,,"Christian Suarez","sa3009222",682949
"Evan Shawver","COL",0,0,0,5.83628,1,0,0,0,,1.55547,7,2,1,1,0,1,0,0,1,6.434,4.79363,1.3422,1.36656,0.156582,0.116661,0.03992094099521637,0.2837,1.66172,0.313911,0.657936,,,5.43639,-0.0124815,-0.0057897,999,,,,,,,5.310470867156982,3.414064017927349,6.777345180511475,4.3571070996657015,,,,,,,,,,,,,,,,,,,"Evan Shawver","sa3017780",686900
"Shane Rademacher","SFG",0,0,0,5.75024,1,1,0,0,,4.10909,17,4,3,3,1,1,0,0,2,3.96975,3.11555,1.27417,1.42835,0.104914,0.082339,0.022575028240680695,0.285012,1.43319,0.28882,0.607229,,,5.48702,-0.0125064,-0.0437003,999,,,,,,,8.707296657562255,2.119030704754743,8.545470714569092,2.0796483159934063,,,,,,,,,,,,,,,,,,,"Shane Rademacher","sa3023258",815780
"Wyatt Hoffman","SDP",0,0,0,5.21758,1,0,0,0,,1.03263,5,1,1,1,0,0,0,0,1,6.38169,3.99494,1.59744,1.60038,0.144027,0.0901612,0.053866319358348846,0.266556,1.62376,0.283109,0.720513,,,5.5191,-0.0125101,-0.0481967,999,,,,,,,7.0414838075637824,6.818961014403362,7.163164734840393,6.936796618655462,,,,,,,,,,,,,,,,,,,"Wyatt Hoffman","sa3018219",703715
"Anthony Arguelles","WSN",0,0,0,5.50011,1,0,0,0,,1.39167,6,1,1,1,0,1,0,0,1,5.87111,4.52743,1.29679,1.2038,0.157203,0.121225,0.035977803170681,0.269581,1.47295,0.29738,0.626487,,,5.22501,-0.012511,-0.0262907,999,,,,,,,6.698364973068237,4.813181600218328,5.958354711532593,4.28143933339398,,,,,,,,,,,,,,,,,,,"Anthony Arguelles","sa3023266",690593
"Marty Gair","PHI",0,0,0,5.41352,1,0,0,0,,1.125,5,1,1,1,0,1,0,0,1,8.35106,6.34346,1.31648,1.34373,0.194211,0.147522,0.04668836295604706,0.254758,1.72705,0.297383,0.704916,,,5.516,-0.0125663,-0.038338,999,,,,,,,4.725000000000001,4.200000000000001,4.625,4.111111111111111,,,,,,,,,,,,,,,,,,,"Marty Gair","sa3031829",700248
"Will Mabrey","ARI",0,0,0,5.30721,1,0,0,0,,1.24649,5,1,1,1,0,1,0,0,1,6.41841,4.35059,1.4753,1.28436,0.164498,0.111502,0.05299639701843262,0.26672,1.49754,0.295761,0.657655,,,5.1632,-0.012583,-0.0327575,999,,,,,,,5.624018955230714,4.511887981876586,5.232445240020752,4.197746661632385,,,,,,,,,,,,,,,,,,,"Will Mabrey","sa3020709",801412
"Wesley Moore","PHI",0,0,0,5.39486,1,0,0,0,,1.13224,5,1,1,1,0,1,0,0,1,6.65188,4.78214,1.39098,1.47825,0.161579,0.116162,0.045417457818984985,0.260601,1.57108,0.283658,0.683286,,,5.54555,-0.0125939,-0.0379718,999,,,,,,,4.7785614252090465,4.220456561928789,4.661190152168274,4.116793489424664,,,,,,,,,,,,,,,,,,,"Wesley Moore","sa3020796",667744
"Eiker Huizi","WSN",0,0,0,5.13902,1,0,0,0,,1.29138,6,1,1,1,0,1,0,0,1,6.49566,5.09722,1.27435,1.1593,0.159236,0.124954,0.03428161144256592,0.260974,1.58735,0.291402,0.68492,,,5.22708,-0.0126378,-0.0351746,999,,,,,,,5.95624146461487,4.612293128146315,5.45691990852356,4.225636980040643,,,,,,,,,,,,,,,,,,,"Eiker Huizi","sa3007842",678973
"Jose Chirinos","NYM",0,0,0,5.49412,1,1,0,0,,3.51694,16,4,2,2,1,2,0,0,2,5.63189,4.98556,1.12964,1.35131,0.141047,0.12486,0.016186989843845367,0.261684,1.55616,0.279005,0.660801,,,5.65569,-0.012658,0.0143289,999,,,,,,,1.3253268718719493,0.3768413322966651,2.5846803188323975,0.7349238860101204,,,,,,,,,,,,,,,,,,,"Jose Chirinos","sa3018859",800452
"James Karinchak","ATL",1,1,0,4.32921,14,0,0,1,,14,61,12,7,7,2,7,,1,15,9.4934,4.67597,2.03025,1.23932,0.24209,0.119241,0.12284883111715317,0.229649,1.38913,0.282138,0.721988,,,4.52736,-0.0126788,0.00116532,999,,,,,,,57.800000000000026,4.128571428571431,54,3.857142857142857,,,,,,,,,,,,,,,,,,,"James Karinchak","20151",675916
"Bryan Balzer","SDP",0,0,0,5.52599,1,1,0,0,,2.99815,14,3,2,2,0,2,0,0,2,5.25696,4.88074,1.07708,1.32399,0.121611,0.112908,0.00870312750339508,0.274773,1.69787,0.29026,0.688544,,,5.67201,-0.012683,-0.0179799,999,,,,,,,12.386280822753907,4.131313347227418,12.990730285644531,4.332921091270902,,,,,,,,,,,,,,,,,,,"Bryan Balzer","sa3025047",808893
"Ethan Routzahn","SDP",0,0,0,5.17298,1,0,0,0,,1.39215,6,1,1,1,0,1,0,0,1,5.69176,3.89785,1.46023,1.30952,0.142352,0.0974857,0.044865794479846954,0.267198,1.49139,0.28679,0.670669,,,5.20764,-0.0127333,-0.0300376,999,,,,,,,6.701895332336427,4.814068077707973,5.960740089416504,4.281685577141103,,,,,,,,,,,,,,,,,,,"Ethan Routzahn","sa3017206",701240
"Justin Lawson","NYM",0,0,0,5.0973,1,0,0,0,,1.68497,7,2,1,1,0,1,0,0,1,5.64361,3.96104,1.42478,1.19295,0.154038,0.108113,0.04592439532279968,0.259474,1.37022,0.282324,0.634469,,,5.06304,-0.0127334,-0.0144267,999,,,,,,,6.268756103515625,3.7204028036875374,7.424835205078125,4.406516581239925,,,,,,,,,,,,,,,,,,,"Justin Lawson","sa3023504",803088
"Bobby Miller","LAD",1,1,0,4.48515,26,0,0,1,,26,111,24,14,13,4,12,,1,23,7.90625,4.0276,1.96302,1.23674,0.205768,0.104822,0.1009458526968956,0.241453,1.35869,0.280568,0.698259,,,4.65103,-0.0127909,-0.0285893,726.2000122070312,,,,,,,91.79999999999998,3.53076923076923,89,3.423076923076923,,,,,,,,,,,,,,,,,,,"Bobby Miller","27483",676272
"Inmer Lobo","PIT",0,0,0,5.28747,1,0,0,0,,1.65369,7,2,1,1,0,1,0,0,1,5.5987,3.50492,1.59738,1.35157,0.15339,0.0960255,0.057364076375961304,0.265187,1.34986,0.284354,0.621427,,,5.14473,-0.0127942,-0.0108125,999,,,,,,,6.037305855751039,3.6508087531016273,7.268449902534485,4.39529173437123,,,,,,,,,,,,,,,,,,,"Inmer Lobo","sa3019151",800308
"Juan Arnaud","NYM",0,0,0,4.89099,1,0,0,0,,1.32455,6,1,1,1,0,1,0,0,1,7.04318,5.42932,1.29725,1.17077,0.174074,0.134187,0.03988678753376007,0.245342,1.54476,0.277421,0.698059,,,5.23547,-0.0127942,-0.0330325,999,,,,,,,6.201662302017212,4.682093671548202,5.622744798660278,4.2450260198745005,,,,,,,,,,,,,,,,,,,"Juan Arnaud","sa3018294",699304
"Jackson Cluff","NYM",0,0,0,4.89663,1,0,0,0,,1,6,1,1,1,0,1,0,0,1,8.695,5.0265,1.72983,1.77939,0.166571,0.0962931,0.07027775794267654,0.256193,1.88506,0.281218,0.802615,,,5.63925,-0.0128171,-0.0493774,999,,,,,,,3.8000000000000003,3.8000000000000003,4,4,,,,,,,,,,,,,,,,,,,"Jackson Cluff","sa3010342",687714
"Justin Long","ATL",0,0,0,5.35207,1,0,0,0,,1.12361,5,1,1,1,0,1,0,0,1,6.72867,5.39958,1.24615,1.17167,0.161684,0.129747,0.031937018036842346,0.267954,1.66328,0.301939,0.684505,,,5.29941,-0.0128439,-0.0394803,999,,,,,,,4.714743256568909,4.196052604636522,4.618069767951965,4.110014612399034,,,,,,,,,,,,,,,,,,,"Justin Long","sa3022871",700043
"Luke Hayden","CIN",0,0,0,6.02622,1,1,0,0,,4.14214,18,4,3,3,1,3,0,0,2,5.27004,5.47297,0.962923,1.37313,0.132029,0.137112,-0.0050837695598602295,0.273802,1.64101,0.290126,0.637296,,,5.93541,-0.0128838,-0.0226349,999,,,,,,,2.9518565177917484,0.7126399739924343,2.7107138633728027,0.6544230877929175,,,,,,,,,,,,,,,,,,,"Luke Hayden","sa3025504",695569
"Hunter Mann","COL",0,0,0,6.06995,1,0,0,0,,1.25834,6,1,1,1,0,1,0,0,1,6.54524,5.27103,1.24174,1.41772,0.158048,0.12728,0.030768439173698425,0.284259,1.71152,0.314812,0.653854,,,5.65079,-0.0129323,-0.0213629,999,,,,,,,5.711686015129089,4.539078792313565,5.291679739952087,4.2052996645315455,,,,,,,,,,,,,,,,,,,"Hunter Mann","sa3023231",815065
"Thomas Schultz","WSN",0,0,0,5.43948,1,0,0,0,,1.40589,6,1,1,1,0,1,0,0,1,5.98511,4.03175,1.48449,1.40529,0.160257,0.107954,0.05230298638343811,0.263614,1.41138,0.284904,0.629841,,,5.32005,-0.0129335,-0.0255589,999,,,,,,,6.803563857078553,4.839339022091528,6.029435038566589,4.288705283914314,,,,,,,,,,,,,,,,,,,"Thomas Schultz","sa3022936",686463
"Sadrac Franco","SDP",0,0,0,5.17319,1,0,0,0,,1.48775,6,2,1,1,0,1,0,0,1,6.21268,4.13785,1.50143,1.20261,0.160749,0.107064,0.05368480831384659,0.267367,1.47199,0.296626,0.656996,,,5.01662,-0.0129471,-0.0237239,999,,,,,,,4.809313344955444,3.2326192958235143,6.438725233078003,4.327841821907018,,,,,,,,,,,,,,,,,,,"Sadrac Franco","sa3005073",677614
"Wenderlyn King","MIL",0,0,0,5.79217,1,1,0,0,,2.78889,13,3,2,2,0,1,0,0,2,5.50814,4.51297,1.22051,1.55026,0.134751,0.110405,0.024345792829990387,0.273276,1.59141,0.286405,0.658012,,,5.81029,-0.0130082,-0.02455,999,,,,,,,13.837778091430664,4.961753025104279,14.94444465637207,5.358565731602312,,,,,,,,,,,,,,,,,,,"Wenderlyn King","sa3024235",820936
"Jeter Martinez","PIT",0,0,0,5.73088,1,1,0,0,,3.43526,16,4,2,2,0,2,0,0,2,5.78949,5.74425,1.00788,1.21042,0.135633,0.134573,0.0010598748922348022,0.277456,1.761,0.302329,0.677502,,,5.68554,-0.0130267,0.0196508,999,,,,,,,13.020924425125122,3.790375170255109,15.176300287246704,4.41780244681534,,,,,,,,,,,,,,,,,,,"Jeter Martinez","sa3021738",807002
"Reese Dutton","PHI",0,0,0,6.21767,1,1,0,0,,4.32089,19,5,3,3,1,2,0,0,2,3.96199,3.80781,1.04049,1.43858,0.10259,0.098598,0.003992140293121338,0.295558,1.55231,0.300996,0.600476,,,5.74391,-0.0130756,-0.020643,999,,,,,,,4.674571514129635,1.0818543475797038,6.604440212249756,1.5284913997690683,,,,,,,,,,,,,,,,,,,"Reese Dutton","sa3025570",700848
"Holden Powell","WSN",0,0,0,5.36271,1,0,0,0,,1.12986,5,1,1,1,0,1,0,0,1,6.78554,5.55346,1.22186,1.27859,0.164655,0.134758,0.029897183179855347,0.259086,1.62902,0.289013,0.684007,,,5.49315,-0.0131063,-0.0396342,999,,,,,,,4.760927271842958,4.213750540599085,4.649275183677673,4.114930705721967,,,,,,,,,,,,,,,,,,,"Holden Powell","sa3014854",676026
"Sam Weatherly","COL",0,0,0,6.03466,1,0,0,0,,1.25257,6,1,1,1,0,1,0,0,1,7.82619,5.7659,1.35732,1.54023,0.187216,0.13793,0.049285680055618286,0.271381,1.71176,0.309676,0.665283,,,5.7145,-0.0131078,-0.0216617,999,,,,,,,5.66903235912323,4.5259135832254325,5.2628597021102905,4.201642662007065,,,,,,,,,,,,,,,,,,,"Sam Weatherly","sa3014455",676333
"Zander Mueth","PIT",0,0,0,5.73948,1,1,0,0,,2.97766,14,3,2,2,0,2,0,0,2,6.48349,6.3306,1.02415,1.21501,0.149733,0.146202,0.0035309642553329468,0.272969,1.80814,0.303828,0.686545,,,5.74144,-0.0131799,-0.00832998,999,,,,,,,12.234653568267824,4.108820505150293,12.888279438018799,4.3283307153367945,,,,,,,,,,,,,,,,,,,"Zander Mueth","sa3023569",805800
"Owen Puk","WSN",0,0,0,5.36633,1,0,0,0,,1.22,6,1,1,1,0,1,0,0,1,6.95416,4.63163,1.50145,1.4868,0.157112,0.104641,0.052471987903118134,0.271132,1.69356,0.297256,0.712802,,,5.44693,-0.0132377,-0.0350684,999,,,,,,,5.428000211715698,4.449180397068546,5.1000001430511475,4.180327888074596,,,,,,,,,,,,,,,,,,,"Owen Puk","sa3040281",824667
"J.P. Massey","PIT",0,0,0,6.01773,1,1,0,0,,2.6379,12,3,2,2,0,2,0,0,1,4.87169,5.3927,0.903386,1.2111,0.117749,0.130342,-0.012592829763889313,0.287615,1.73307,0.305929,0.64918,,,5.76603,-0.0132459,-0.0286145,999,,,,,,,7.72045202255249,2.9267429309978623,9.189494609832764,3.483641671524699,,,,,,,,,,,,,,,,,,,"J.P. Massey","sa3020803",685364
"Jesus Tillero","LAD",0,0,0,5.84998,1,1,0,0,,2.69993,12,3,2,2,0,1,0,0,2,5.3059,4.83565,1.09725,1.59113,0.128083,0.116731,0.01135176420211792,0.269861,1.61998,0.279108,0.663067,,,6.0268,-0.0134008,-0.0293465,999,,,,,,,13.179511642456056,4.881419921542475,14.499670028686523,5.370379423302577,,,,,,,,,,,,,,,,,,,"Jesus Tillero","sa3021010",808313
"Sam Thoresen","CHC",0,0,0,4.95148,1,0,0,0,,1.23867,6,1,1,1,0,1,0,0,1,8.94875,6.5501,1.3662,1.22961,0.208912,0.152914,0.0559973269701004,0.239735,1.67969,0.287099,0.724792,,,5.28906,-0.0134111,-0.035863,999,,,,,,,5.566150879859926,4.4936546485903905,5.1933451890945435,4.192681846830664,,,,,,,,,,,,,,,,,,,"Sam Thoresen","sa3014920",679645
"Sam Highfill","PHI",0,0,0,6.04045,1,1,0,0,,4.31212,19,5,3,3,1,2,0,0,2,4.45229,3.58088,1.24335,1.61023,0.115019,0.0925072,0.022511661052703857,0.284318,1.49437,0.288278,0.612045,,,5.80498,-0.0134459,-0.021153,999,,,,,,,4.609708881378179,1.0690114989455597,6.560614109039307,1.5214348895305267,,,,,,,,,,,,,,,,,,,"Sam Highfill","sa3025519",687122
"Matt Pushard","STL",3,3,0,4.29119,52,0,0,7,,52,225,50,27,25,7,20,,2,47,8.19782,3.52058,2.32854,1.17331,0.21078,0.0905199,0.12025971710681915,0.246419,1.3482,0.290821,0.709826,,,4.32126,-0.0134462,-0.0514146,999,,,,,,,224.70000000000005,4.321153846153847,225,4.326923076923077,,,,,,,,,,,,,,,,,,,"Matt Pushard","sa3019955",690155
"Tyler Gough","LAD",0,0,0,5.89698,1,1,0,0,,3.85557,17,4,3,3,1,2,0,0,2,5.2859,4.53036,1.16677,1.56561,0.134761,0.115499,0.019262172281742096,0.27005,1.53075,0.280443,0.633235,,,5.88356,-0.0134665,-0.0528966,999,,,,,,,3.8312097549438437,0.9936820916495429,4.277844429016113,1.1095235374389942,,,,,,,,,,,,,,,,,,,"Tyler Gough","sa3020865",702640
"Yulian Quintana","PIT",0,0,0,6.03781,1,1,0,0,,2.26957,10,3,2,2,0,1,0,0,1,4.55741,5.13592,0.88736,1.30265,0.110598,0.124637,-0.01403915137052536,0.285607,1.69979,0.29809,0.64593,,,5.87926,-0.0134928,-0.0501532,999,,,,,,,7.9947817802429215,3.5226051727206134,10.347825527191162,4.559386951445524,,,,,,,,,,,,,,,,,,,"Yulian Quintana","sa3067459",831951
"Justin Storm","MIA",0,0,0,5.35613,1,0,0,0,,1.44699,6,1,1,1,0,1,0,0,1,6.51526,5.13773,1.26812,1.18353,0.166415,0.131229,0.0351853221654892,0.26294,1.55072,0.295477,0.659084,,,5.26742,-0.0134985,-0.0221176,999,,,,,,,7.107689046859742,4.912068207862951,6.234925031661987,4.308907835517487,,,,,,,,,,,,,,,,,,,"Justin Storm","sa3022797",814193
"Ricardo Yan","ARI",0,0,0,5.62182,1,1,0,0,,3.06145,14,3,2,2,0,2,0,0,2,6.16948,5.64774,1.09238,1.20168,0.151676,0.138849,0.012826889753341675,0.269386,1.66092,0.298259,0.663959,,,5.55002,-0.0135225,-0.00494331,999,,,,,,,12.854707098007204,4.198899244811726,13.307234525680542,4.34671413159423,,,,,,,,,,,,,,,,,,,"Ricardo Yan","sa3016056",700282
"Dax Fulton","MIA",1,0,0,4.8205,10,0,0,1,,10,43,10,6,5,1,5,,0,8,6.99582,4.18491,1.67168,1.09858,0.180771,0.108137,0.0726335272192955,0.259882,1.44896,0.298564,0.675986,,,4.70866,-0.0135644,-0.0280097,999,,,,,,,40.7,4.07,42,4.2,,,,,,,,,,,,,,,,,,,"Dax Fulton","sa3014535",690978
"David Lee","COL",0,0,0,7.06508,1,0,0,0,,0.675,3,1,1,1,0,0,0,0,0,4.99679,5.75097,0.868859,1.72959,0.109686,0.126241,-0.016555316746234894,0.311465,1.99769,0.322697,0.659645,,,6.62136,-0.0135789,-0.0509769,999,,,,,,,2.3950000882148745,3.5481482161742988,3.3750000596046448,5,,,,,,,,,,,,,,,,,,,"David Lee","sa3067547",814383
"Carlos Duran","LAD",0,0,0,4.78683,1,0,0,0,,1.9575,9,2,1,1,0,1,0,0,2,8.98865,5.85044,1.53641,1.23851,0.209006,0.136036,0.0729704201221466,0.243078,1.63934,0.290329,0.731621,,,5.05259,-0.0136091,0.00233722,999,,,,,,,10.285521912574769,5.2544093759563,10.787514805793762,5.510854910486596,,,,,,,,,,,,,,,,,,,"Carlos Duran","24458",679922
"Merritt Beeker","WSN",0,0,0,5.48662,1,0,0,0,,1.62709,7,2,1,1,0,1,0,0,1,6.31162,4.34335,1.45317,1.29133,0.168973,0.116279,0.05269397795200348,0.267886,1.45221,0.297734,0.628423,,,5.19019,-0.0136112,-0.0140742,999,,,,,,,5.840458774566652,3.5895139662856193,7.1354451179504395,4.385405478433165,,,,,,,,,,,,,,,,,,,"Merritt Beeker","sa3025506",701726
"Luis Gonzalez","PHI",0,0,0,6.16177,1,1,0,0,,3.7164,16,4,3,3,1,1,0,0,1,3.53073,3.62728,0.973383,1.46075,0.0909266,0.093413,-0.002486392855644226,0.293786,1.5384,0.293976,0.602991,,,5.81016,-0.0136685,-0.0552179,999,,,,,,,3.8013681411743168,1.0228627208758487,4.582005500793457,1.23291468743721,,,,,,,,,,,,,,,,,,,"Luis Gonzalez","sa3019164",800461
"Kelvin Ramirez","LAD",0,0,0,5.41765,1,0,0,0,,1.20358,5,1,1,1,0,1,0,0,1,7.22539,5.74783,1.25706,1.37601,0.178322,0.141856,0.03646610677242279,0.251384,1.59576,0.282019,0.679074,,,5.60125,-0.0137017,-0.0363767,999,,,,,,,5.3064551115036025,4.408910990233174,5.017875075340271,4.169141941731437,,,,,,,,,,,,,,,,,,,"Kelvin Ramirez","sa3015492",699062
"Wuillians Herrera","LAD",0,0,0,5.97266,1,0,0,0,,0.9375,4,1,1,1,0,1,0,0,1,6.78659,5.17454,1.31153,1.68904,0.161585,0.123203,0.038381949067115784,0.269839,1.66414,0.29131,0.670269,,,5.95737,-0.0137396,-0.0497439,999,,,,,,,3.3375,3.56,3.6875,3.933333333333333,,,,,,,,,,,,,,,,,,,"Wuillians Herrera","sa3018302",702900
"Mike Villani","CIN",0,0,0,5.60401,1,0,0,0,,1.33809,6,1,1,1,0,1,0,0,1,7.35103,5.21592,1.40934,1.55462,0.172568,0.122446,0.05012243241071701,0.264761,1.66444,0.293476,0.691933,,,5.65356,-0.0137708,-0.0244722,999,,,,,,,6.301902627944948,4.709607961118793,5.69047474861145,4.252668878088553,,,,,,,,,,,,,,,,,,,"Mike Villani","sa3044503",814525
"Ruben Galindo","SDP",0,0,0,5.17043,1,0,0,0,,1.38566,6,1,1,1,0,1,0,0,1,6.79578,4.93063,1.37828,1.26662,0.162184,0.117671,0.04451247304677963,0.262971,1.61383,0.293005,0.696189,,,5.26092,-0.0138372,-0.0303697,999,,,,,,,6.653854393959046,4.801952575443758,5.928279995918274,4.278320159845489,,,,,,,,,,,,,,,,,,,"Ruben Galindo","sa3015100",692020
"Miles Langhorne","MIL",0,0,0,5.18,1,0,0,0,,1.41111,6,1,1,1,0,1,0,0,1,7.10423,5.02274,1.41441,1.33429,0.171855,0.121502,0.05035223066806793,0.257456,1.58301,0.288061,0.693864,,,5.32038,-0.0138384,-0.0260149,999,,,,,,,6.84222137928009,4.848818691695213,6.055554986000061,4.291338525470892,,,,,,,,,,,,,,,,,,,"Miles Langhorne","sa3067063",695680
"Nate Savino","ARI",0,0,0,5.93473,1,1,0,0,,2.04197,10,2,1,1,0,1,0,0,1,5.27975,5.47408,0.964499,1.24182,0.126055,0.130694,-0.004639804363250732,0.284161,1.74185,0.304968,0.659677,,,5.74908,-0.0139235,0.0294193,999,,,,,,,8.91057105064392,4.363715014725081,9.209845304489136,4.510276615278239,,,,,,,,,,,,,,,,,,,"Nate Savino","sa3023565",691014
"A.J. Wilson","PHI",0,0,0,5.37213,1,0,0,0,,1.42005,6,1,1,1,0,1,0,0,1,7.19924,4.94503,1.45585,1.44357,0.181095,0.124391,0.056704044342041016,0.255272,1.52336,0.284956,0.670933,,,5.42623,-0.0139404,-0.023253,999,,,,,,,6.908392238616944,4.864883362261494,6.100265026092529,4.295800933961526,,,,,,,,,,,,,,,,,,,"A.J. Wilson","sa3025461",687954
"Dylan Hecht","SFG",0,0,0,5.41477,1,0,0,0,,1.03871,5,1,1,1,0,1,0,0,1,7.49301,5.8572,1.27928,1.26927,0.17408,0.136077,0.0380035936832428,0.264727,1.72907,0.302379,0.699874,,,5.4318,-0.0139619,-0.0465348,999,,,,,,,4.086453986167909,3.9341625607933417,4.193549990653992,4.03726737799815,,,,,,,,,,,,,,,,,,,"Dylan Hecht","sa3067284",663408
"Koen Moreno","CHC",0,0,0,5.58698,1,1,0,0,,2.53063,11,2,2,2,0,2,0,0,2,6.54309,5.79488,1.12911,1.37922,0.160413,0.14207,0.018343210220336914,0.257026,1.62874,0.28176,0.672267,,,5.77441,-0.0139667,-0.0416937,999,,,,,,,11.526683998107913,4.5548620137242,10.653164863586426,4.209683892701166,,,,,,,,,,,,,,,,,,,"Koen Moreno","sa3014509",691103
"Cade Vernon","SFG",0,0,0,5.56795,1,0,0,0,,1.55833,6,2,1,1,0,1,0,0,1,3.98902,3.367,1.18474,1.02982,0.113022,0.0953982,0.017623968422412872,0.289044,1.3871,0.304911,0.579822,,,4.98707,-0.0139918,-0.0200702,999,,,,,,,5.331664490699768,3.421389623587991,6.791665196418762,4.358288648965805,,,,,,,,,,,,,,,,,,,"Cade Vernon","sa3044462",827293
"Vicarte Domingo","SDP",0,0,0,5.09877,1,0,0,0,,1.7027,7,2,1,1,0,1,0,0,1,7.55286,4.71707,1.60118,1.35797,0.196543,0.122749,0.07379383593797684,0.248415,1.44207,0.283558,0.668895,,,5.14209,-0.0140064,-0.0139672,999,,,,,,,6.400002193450928,3.758730792614708,7.513514995574951,4.412698514937856,,,,,,,,,,,,,,,,,,,"Vicarte Domingo","sa3066779",692157
"Tyler Morgan","SDP",0,0,0,5.16902,1,0,0,0,,1.93029,8,2,1,1,0,1,0,0,1,5.95432,3.88189,1.53387,1.22497,0.159541,0.104012,0.05552913248538971,0.265139,1.40413,0.291397,0.640115,,,5.01476,-0.0140073,-0.00195609,999,,,,,,,8.084160876274108,4.188050736938537,8.65146005153656,4.481943667248151,,,,,,,,,,,,,,,,,,,"Tyler Morgan","sa3022862",809499
"Carlos Torres","COL",0,0,0,6.35334,1,0,0,0,,1.46481,6,2,1,1,0,1,0,0,1,4.41923,3.61015,1.22411,1.453,0.11314,0.0924263,0.020713746547698975,0.306535,1.59412,0.318438,0.601634,,,5.59622,-0.0140246,-0.0105775,999,,,,,,,4.639572048187255,3.1673605751185816,6.324035167694092,4.31731622179332,,,,,,,,,,,,,,,,,,,"Carlos Torres","sa3020387",688876
"Grayson Moore","CHC",0,0,0,5.1676,1,0,0,0,,1.15957,6,1,1,1,0,1,0,0,1,7.99911,5.48479,1.45842,1.45138,0.184903,0.126783,0.058119580149650574,0.251956,1.65249,0.28539,0.718687,,,5.45472,-0.0140428,-0.0398662,999,,,,,,,4.980802845954896,4.295395398513503,4.7978397607803345,4.137609832920417,,,,,,,,,,,,,,,,,,,"Grayson Moore","sa3023275",694383
"C.J. Widger","SDP",0,0,0,5.42161,1,0,0,0,,1.10362,5,1,1,1,0,1,0,0,1,7.33744,5.32582,1.37771,1.46018,0.176644,0.128216,0.048428431153297424,0.257172,1.61225,0.28698,0.688969,,,5.55526,-0.014043,-0.044648,999,,,,,,,4.566810441017152,4.138016610964456,4.518115162849426,4.093893503045682,,,,,,,,,,,,,,,,,,,"C.J. Widger","sa3020960",702448
"Dan Kubiuk","ARI",0,0,0,5.64236,1,0,0,0,,0.853846,4,1,1,1,0,0,0,0,1,6.15925,4.84082,1.27236,1.5045,0.13327,0.104743,0.028527483344078064,0.282149,1.81871,0.301967,0.715583,,,5.72624,-0.0140543,-0.0524967,999,,,,,,,5.718460500240328,6.6972971818323295,6.26923006772995,7.342342727225575,,,,,,,,,,,,,,,,,,,"Dan Kubiuk","sa3068953",703655
"Carlos Rey","ARI",0,0,0,4.99943,1,0,0,0,,1.33759,6,1,1,1,0,1,0,0,1,8.06637,5.95781,1.35391,1.14604,0.197491,0.145867,0.05162440240383148,0.246831,1.60466,0.291659,0.69963,,,5.15534,-0.0140695,-0.0280976,999,,,,,,,6.2981437921524055,4.708586280478051,5.687934994697571,4.25238507791057,,,,,,,,,,,,,,,,,,,"Carlos Rey","sa3022732",692229
"Yoldin De La Paz","PIT",0,0,0,5.35278,1,0,0,0,,1.58311,7,2,1,1,0,1,0,0,1,5.68244,4.24446,1.33879,1.22369,0.139072,0.103879,0.03519298881292343,0.276846,1.58384,0.300375,0.670432,,,5.20736,-0.0141584,-0.0145143,999,,,,,,,5.515006756782532,3.4836556945699355,6.915545105934143,4.368331563640312,,,,,,,,,,,,,,,,,,,"Yoldin De La Paz","sa3015975",692848
"Ovis Portes","CIN",0,0,0,6.04514,1,1,0,0,,2.64269,12,3,2,2,0,2,0,0,2,6.50088,6.19392,1.04956,1.55889,0.155314,0.14798,0.007333621382713318,0.263306,1.71606,0.284113,0.666709,,,6.18349,-0.0141767,-0.0230819,999,,,,,,,9.75589852333069,3.691655946491961,11.213444948196411,4.243195091120809,,,,,,,,,,,,,,,,,,,"Ovis Portes","sa3019644",802086
"Logan Samuels","ATL",0,0,0,6.07535,1,1,0,0,,2.49166,11,3,2,2,0,1,0,0,1,4.77478,4.01086,1.19046,1.5567,0.121945,0.102435,0.019510164856910706,0.284392,1.54238,0.292988,0.619193,,,5.80522,-0.0142929,-0.0397607,999,,,,,,,9.638320159912109,3.8682249014429515,11.458324432373047,4.598661920618517,,,,,,,,,,,,,,,,,,,"Logan Samuels","sa3025571",808469
"Chase Renner","MIA",0,0,0,5.44652,1,0,0,0,,1.16667,6,1,1,1,0,1,0,0,1,7.18319,4.97075,1.44509,1.54727,0.159626,0.110461,0.04916537553071976,0.269412,1.73518,0.295556,0.718775,,,5.60206,-0.0143373,-0.0364795,999,,,,,,,5.0333356857299805,4.314286555075903,4.833334922790527,4.142857376409973,,,,,,,,,,,,,,,,,,,"Chase Renner","sa3040620",702041
"Jaydenn Estanista","PHI",0,0,0,5.3618,1,0,0,0,,1.40955,6,1,1,1,0,1,0,0,1,7.30649,5.34872,1.36603,1.38026,0.183721,0.134493,0.04922792315483093,0.25236,1.54584,0.284518,0.672469,,,5.45,-0.0143744,-0.0237955,999,,,,,,,6.830669641494751,4.845993314367648,6.047749757766724,4.290553698435458,,,,,,,,,,,,,,,,,,,"Jaydenn Estanista","sa3016230",692838
"Melvin Pineda","SFG",0,0,0,5.10782,1,0,0,0,,1.3957,6,1,1,1,0,1,0,0,1,7.90642,5.1643,1.53098,1.34288,0.192796,0.12593,0.06686583161354065,0.252377,1.56525,0.290354,0.696999,,,5.20241,-0.0144695,-0.0284603,999,,,,,,,6.728157782554627,4.820643588056155,5.9784849882125854,4.283512107793376,,,,,,,,,,,,,,,,,,,"Melvin Pineda","sa3018815",703941
"Jaylen Paden","ATL",0,0,0,5.1615,1,0,0,0,,1.5,7,2,1,1,0,1,0,0,1,7.40374,4.2535,1.74062,1.48814,0.170201,0.0977817,0.07241931557655334,0.266715,1.6215,0.296286,0.715903,,,5.21678,-0.0144876,-0.0202127,999,,,,,,,4.900000000000001,3.2666666666666675,6.5,4.333333333333333,,,,,,,,,,,,,,,,,,,"Jaylen Paden","sa3069161",814511
"Jonathan Jimenez","NYM",0,0,0,5.87164,1,1,0,0,,3.11579,14,3,2,2,1,1,0,0,2,4.5016,4.14063,1.08718,1.46568,0.114326,0.105159,0.00916752964258194,0.2787,1.53745,0.285548,0.629943,,,5.7797,-0.0144975,-0.0100535,999,,,,,,,3.9568381309509286,1.2699313757913457,3.578944683074951,1.148647984790374,,,,,,,,,,,,,,,,,,,"Jonathan Jimenez","sa3022343",815183
"Gregori Ramirez","ARI",0,0,0,5.60208,1,0,0,0,,0.818182,4,1,1,1,0,0,0,0,1,6.45485,5.33759,1.20932,1.52018,0.137337,0.113566,0.023771464824676514,0.276037,1.85427,0.29659,0.725936,,,5.85628,-0.0145314,-0.0542623,999,,,,,,,5.454546737670899,6.666666822080227,6.090909957885742,7.444443926399247,,,,,,,,,,,,,,,,,,,"Gregori Ramirez","sa3020412",806646
"Ryan Bruno","ARI",0,0,0,5.12492,1,0,0,0,,1.50833,6,1,1,1,0,1,0,0,1,7.45523,5.31711,1.40212,1.17332,0.193462,0.137978,0.05548383295536041,0.25096,1.50383,0.2921,0.667429,,,5.10395,-0.0146275,-0.0192801,999,,,,,,,7.561663961410524,5.013259090033253,6.5416648387908936,4.337016413898126,,,,,,,,,,,,,,,,,,,"Ryan Bruno","sa3027909",691943
"Nelfy Ynfante","STL",0,0,0,5.81487,1,1,0,0,,3.57922,16,4,3,2,1,2,0,0,2,4.76714,4.40734,1.08164,1.3382,0.118289,0.109361,0.00892794132232666,0.283121,1.6044,0.29643,0.643676,,,5.63078,-0.0146354,-0.0726491,999,,,,,,,1.7862425327301015,0.4990588878686172,2.8961098194122314,0.8091450736044236,,,,,,,,,,,,,,,,,,,"Nelfy Ynfante","sa3019149",800295
"Esmerlin Vinicio","SFG",0,0,0,5.79282,1,1,0,0,,2.38032,11,3,2,2,0,2,0,0,2,5.80879,5.78681,1.0038,1.19802,0.139185,0.138658,0.000526726245880127,0.277153,1.73411,0.303325,0.666197,,,5.67553,-0.0146371,-0.0515444,999,,,,,,,7.814368534088136,3.282906624801454,9.901600360870361,4.159776862204378,,,,,,,,,,,,,,,,,,,"Esmerlin Vinicio","sa3014708",691263
"Christian Rodriguez","NYM",0,0,0,5.75103,1,1,0,0,,2.08214,10,2,1,1,0,1,0,0,1,5.81082,5.93724,0.978707,1.35469,0.141033,0.144101,-0.003068298101425171,0.262685,1.6739,0.281812,0.667025,,,5.9518,-0.0146495,0.0274746,999,,,,,,,9.207814598083498,4.422290234092849,9.410685539245605,4.5197242313052985,,,,,,,,,,,,,,,,,,,"Christian Rodriguez","sa3022360",815184
"D.J. Carpenter","STL",0,0,0,5.50813,1,0,0,0,,1.02778,5,1,1,1,0,1,0,0,1,6.78179,5.4902,1.23525,1.35747,0.156633,0.126802,0.02983085811138153,0.268428,1.72219,0.29681,0.697365,,,5.59155,-0.0146662,-0.0468371,999,,,,,,,4.00555741786957,3.897298154977015,4.1388901472091675,4.027027265271393,,,,,,,,,,,,,,,,,,,"D.J. Carpenter","sa3020444",681884
"Garrett Hodges","MIL",0,0,0,5.3219,1,0,0,0,,1.2875,6,1,1,1,0,1,0,0,1,7.39248,5.78483,1.27791,1.27918,0.182925,0.143144,0.03978085517883301,0.252315,1.59939,0.288023,0.6809,,,5.43672,-0.0146813,-0.0323484,999,,,,,,,5.927500176429749,4.603883546923971,5.4375001192092896,4.2233009852566585,,,,,,,,,,,,,,,,,,,"Garrett Hodges","sa3067071",823748
"Brandon Neeck","PIT",0,0,0,5.4466,1,0,0,0,,1.30808,6,1,1,1,0,1,0,0,1,6.7487,5.10017,1.32323,1.45877,0.167069,0.126258,0.04081064462661743,0.256523,1.55892,0.280828,0.674125,,,5.60339,-0.0146947,-0.0310562,999,,,,,,,6.079814624786378,4.64788118030846,5.540415287017822,4.235522550085683,,,,,,,,,,,,,,,,,,,"Brandon Neeck","sa3021978",677957
"Ryan Cardona","CIN",0,0,0,6.0635,1,1,0,0,,4.31144,18,4,3,3,1,2,0,0,2,4.91185,4.67376,1.05094,1.57486,0.128137,0.121926,0.006211139261722565,0.269486,1.51361,0.275969,0.61307,,,6.0271,-0.0147512,-0.0127324,999,,,,,,,7.204634761810299,1.671051796562585,6.557185649871826,1.52088165783153,,,,,,,,,,,,,,,,,,,"Ryan Cardona","sa3017470",701318
"Marcos Herrera","COL",0,0,0,6.59301,1,1,0,0,,4.52127,20,5,4,3,1,3,0,0,3,4.98524,5.05061,0.987058,1.48197,0.124377,0.126008,-0.0016307458281517029,0.296781,1.70058,0.312354,0.612543,,,6.01091,-0.0147883,-0.0588958,999,,,,,,,5.157382392883303,1.1406938313098403,6.606339454650879,1.4611696572776478,,,,,,,,,,,,,,,,,,,"Marcos Herrera","sa3019261",800154
"Christian Ruebeck","LAD",0,0,0,5.54904,1,0,0,0,,1.04845,5,1,1,1,0,1,0,0,1,8.87617,6.6355,1.33768,1.61742,0.200548,0.149922,0.05062584578990936,0.24652,1.75242,0.283011,0.718942,,,5.89846,-0.014807,-0.044201,999,,,,,,,4.158514952659607,3.966353205149414,4.242239832878113,4.046209223652615,,,,,,,,,,,,,,,,,,,"Christian Ruebeck","sa3020900",687199
"LJ McDonough","ATL",0,0,0,5.27125,1,0,0,0,,1.26977,6,1,1,1,0,1,0,0,1,7.19476,5.3485,1.34519,1.29165,0.170073,0.12643,0.04364281892776489,0.262002,1.65538,0.295324,0.698319,,,5.35333,-0.0148748,-0.0320605,999,,,,,,,5.796313190460205,4.564845460127192,5.348860263824463,4.212457072257553,,,,,,,,,,,,,,,,,,,"LJ McDonough","sa3023172",690229
"Jose Feliz","WSN",0,0,0,6.37177,1,1,0,0,,4.36429,18,5,3,3,1,2,0,0,2,3.35506,3.2853,1.02123,1.46458,0.0918431,0.0899337,0.0019094198942184448,0.299631,1.45877,0.298901,0.556896,,,5.73101,-0.014905,-0.0225139,999,,,,,,,4.995715999603274,1.144681183024967,6.82142972946167,1.5630116390247069,,,,,,,,,,,,,,,,,,,"Jose Feliz","sa3024069",808243
"Landry Jurecka","SDP",0,0,0,5.10972,1,0,0,0,,1.51667,7,2,1,1,0,1,0,0,1,6.37726,4.17645,1.52695,1.38394,0.149956,0.098206,0.051750145852565765,0.265519,1.58166,0.287988,0.703727,,,5.26533,-0.0149088,-0.0236377,999,,,,,,,5.023335862159729,3.312088833170567,6.583335041999817,4.340659489221059,,,,,,,,,,,,,,,,,,,"Landry Jurecka","sa3035000",800970
"Brian Fitzpatrick","MIL",0,0,0,4.68546,8,0,0,1,,8,35,8,5,4,1,4,,0,7,7.64292,4.1771,1.82972,1.33375,0.194106,0.106085,0.08802095800638199,0.244553,1.40847,0.277975,0.699298,,,4.90361,-0.014914,-0.0313593,999,,,,,,,32.10000000000001,4.012500000000001,33,4.125,,,,,,,,,,,,,,,,,,,"Brian Fitzpatrick","sa3020265",702153
"Jose T. Perez","SFG",0,0,0,5.6492,1,1,0,0,,2.58889,13,3,2,2,0,1,0,0,2,6.54272,5.08264,1.28727,1.50981,0.148582,0.115424,0.03315797448158264,0.273824,1.73432,0.2967,0.699416,,,5.72629,-0.0149544,-0.0394468,999,,,,,,,12.357777738571166,4.7733905525645275,13.944444417953491,5.386266095211099,,,,,,,,,,,,,,,,,,,"Jose T. Perez","sa3017966",698952
"Brady Hill","WSN",0,0,0,6.45173,1,0,0,0,,1.10089,5,1,1,1,0,1,0,0,1,6.30959,5.60154,1.1264,1.53744,0.152419,0.135315,0.017104044556617737,0.28699,1.74765,0.31303,0.639503,,,5.98984,-0.0149622,-0.0294791,999,,,,,,,4.546586298942566,4.1299186404668795,4.50445020198822,4.091644066796356,,,,,,,,,,,,,,,,,,,"Brady Hill","sa3020559",687984
"Samuel Carpio","MIA",0,0,0,5.11062,1,0,0,0,,1.50186,7,1,1,1,0,1,0,0,1,8.18843,6.62057,1.23682,1.10275,0.191957,0.155203,0.036754533648490906,0.250522,1.72343,0.297282,0.710886,,,5.29859,-0.0150224,-0.0192717,999,,,,,,,7.513771224021912,5.002973872413457,6.509304881095886,4.334159409003738,,,,,,,,,,,,,,,,,,,"Samuel Carpio","sa3022650",815704
"Gavin Bruni","WSN",0,0,0,5.45717,1,0,0,0,,1.36471,6,1,1,1,0,1,0,0,1,7.69204,5.44346,1.41308,1.43185,0.185312,0.131141,0.05417138338088989,0.258776,1.62736,0.293922,0.68708,,,5.47597,-0.0150401,-0.0276766,999,,,,,,,6.498824691772462,4.762069269139441,5.823530197143555,4.267241463649844,,,,,,,,,,,,,,,,,,,"Gavin Bruni","sa3027900",696491
"Jesus Castro","SDP",0,0,0,6.09993,1,0,0,0,,0.644809,3,1,0,0,0,0,0,0,0,5.2778,5.26366,1.00269,1.82799,0.108953,0.108661,0.00029187649488449097,0.284219,1.93101,0.289613,0.723125,,,6.54074,-0.0150444,0.0354677,999,,,,,,,2.1715866565704345,3.367798264020484,3.2240450382232666,5,,,,,,,,,,,,,,,,,,,"Jesus Castro","sa3019090",703305
"Davis Polo","ATL",0,0,0,5.80626,1,1,0,0,,3.81115,16,4,3,2,1,1,0,0,2,4.12288,3.31715,1.2429,1.50964,0.106389,0.0855974,0.02079133689403534,0.283087,1.47025,0.285974,0.619724,,,5.64221,-0.0150632,-0.0528191,999,,,,,,,6.502538776397701,1.7061863588540795,7.055769443511963,1.8513472952188463,,,,,,,,,,,,,,,,,,,"Davis Polo","sa3019637",805175
"Nick Wissman","SDP",0,0,0,5.27716,1,0,0,0,,1.40811,6,2,1,1,0,1,0,0,1,5.01839,3.88048,1.29324,1.28316,0.123097,0.095185,0.0279119610786438,0.272954,1.53639,0.287448,0.67024,,,5.31526,-0.0150746,-0.0292205,999,,,,,,,4.219999170303345,2.996928632129215,6.040539979934692,4.289827198730518,,,,,,,,,,,,,,,,,,,"Nick Wissman","sa3045483",828470
"Josue Lopez","CIN",0,0,0,6.06773,1,0,0,0,,0.927273,5,1,1,1,0,1,0,0,1,6.77135,6.01636,1.12549,1.66208,0.147581,0.131126,0.01645474135875702,0.276524,1.8763,0.298222,0.704642,,,6.22174,-0.0150834,-0.0453573,999,,,,,,,3.2618200182914747,3.5176480978827698,3.6363648772239685,3.9215689160785465,,,,,,,,,,,,,,,,,,,"Josue Lopez","sa3024282",823901
"Kyle Larsen","PIT",0,0,0,5.94304,1,1,0,0,,2.34436,11,3,2,2,0,1,0,0,2,6.09058,5.63466,1.08091,1.52794,0.144216,0.13342,0.010795488953590393,0.269942,1.70834,0.288513,0.671201,,,6.03836,-0.0151468,-0.0556478,999,,,,,,,10.54829306602478,4.4994264502859,12.721819639205933,5.426554933781485,,,,,,,,,,,,,,,,,,,"Kyle Larsen","sa3021983",701686
"Gerardo Gutierrez","ARI",0,0,0,5.20798,1,0,0,0,,1.35827,6,1,1,1,0,1,0,0,1,6.31347,4.50908,1.40017,1.29045,0.153861,0.109887,0.043973587453365326,0.265589,1.56504,0.291213,0.683875,,,5.25512,-0.0151619,-0.0270354,999,,,,,,,6.451183366775513,4.7495658145030655,5.791340112686157,4.263768281806406,,,,,,,,,,,,,,,,,,,"Gerardo Gutierrez","sa3005379",677916
"Jesus Valdez","ARI",0,0,0,5.05491,1,0,0,0,,1,6,1,1,1,0,1,0,0,1,8.99641,5.25035,1.71349,1.82425,0.1631,0.095186,0.06791403889656067,0.265481,2.0378,0.292723,0.812045,,,5.72181,-0.0152509,-0.0452138,999,,,,,,,3.8000000000000003,3.8000000000000003,4,4,,,,,,,,,,,,,,,,,,,"Jesus Valdez","sa3005492",678232
"Cody Adcock","CIN",0,0,0,5.39802,1,0,0,0,,1.63047,7,2,1,1,0,1,0,0,1,7.36334,5.4086,1.36141,1.45577,0.17961,0.131929,0.04768088459968567,0.253332,1.58868,0.282961,0.685341,,,5.57024,-0.0153578,-0.00922487,999,,,,,,,5.8654923915863035,3.597420004840105,7.1523597240448,4.3866806459419525,,,,,,,,,,,,,,,,,,,"Cody Adcock","sa3023175",694832
"Dawson Brown","ARI",0,0,0,5.54212,1,0,0,0,,1.21622,6,1,1,1,0,1,0,0,1,5.8207,5.06741,1.14865,1.12675,0.142664,0.124201,0.01846298575401306,0.278382,1.65332,0.306908,0.663539,,,5.31981,-0.0153635,-0.0342992,999,,,,,,,5.399998164176942,4.439999396218072,5.081079840660095,4.177777610060575,,,,,,,,,,,,,,,,,,,"Dawson Brown","sa3027812",804502
"Tyler Burch","NYM",0,0,0,5.48821,1,0,0,0,,1.3975,6,2,1,1,0,1,0,0,1,6.00991,3.9443,1.52369,1.49585,0.146456,0.0961188,0.05033673346042633,0.274029,1.55392,0.293282,0.672013,,,5.4248,-0.0153957,-0.0296066,999,,,,,,,4.141522336006164,2.963515843285546,5.987515091896057,4.284438039239604,,,,,,,,,,,,,,,,,,,"Tyler Burch","sa1172727",688889
"Joe Elbis","ARI",0,0,0,5.75781,1,1,0,0,,5.29588,23,6,4,3,1,2,0,0,3,4.47916,3.75714,1.19217,1.3491,0.117022,0.0981583,0.018863484263420105,0.282903,1.48927,0.293505,0.617876,,,5.48139,-0.0154091,-0.0538331,999,,,,,,,11.289510822296142,2.131753582324931,13.47939920425415,2.545261525814484,,,,,,,,,,,,,,,,,,,"Joe Elbis","sa3015216",692544
"Wilfredo Pereira","STL",0,0,0,5.78836,1,1,0,0,,4.00639,18,4,3,3,1,2,0,0,2,5.03669,3.73869,1.34718,1.57317,0.126855,0.0941636,0.032691843807697296,0.278569,1.51524,0.287839,0.63972,,,5.67851,-0.0154371,-0.04883,999,,,,,,,4.947307872772216,1.2348533774338653,5.0319647789001465,1.255983832449716,,,,,,,,,,,,,,,,,,,"Wilfredo Pereira","sa917136",668579
"Jacob Steinmetz","ARI",0,0,0,5.65657,1,1,0,0,,4.26765,19,5,3,3,1,2,0,0,3,5.3111,4.60575,1.15315,1.28196,0.13096,0.113568,0.017392590641975403,0.279149,1.61228,0.298481,0.655274,,,5.49764,-0.0154498,-0.0254008,999,,,,,,,6.280632114410405,1.4716829440988124,8.33826494216919,1.953829180762235,,,,,,,,,,,,,,,,,,,"Jacob Steinmetz","sa3017976",700255
"Cannon Pickell","MIA",0,0,0,5.37656,1,0,0,0,,1.025,6,1,1,1,0,1,0,0,1,8.37879,6.58205,1.27298,1.49856,0.165957,0.130369,0.035587653517723083,0.265515,2.00864,0.299149,0.763802,,,5.83504,-0.01553,-0.043628,999,,,,,,,3.9849998235702517,3.887804796353894,4.1249998807907104,4.024390221209415,,,,,,,,,,,,,,,,,,,"Cannon Pickell","sa3039890",695384
"Jaycob Deese","PIT",0,0,0,5.71579,1,0,0,0,,1.4983,7,2,1,1,0,1,0,0,1,4.08867,3.61057,1.13242,1.20857,0.103711,0.0915841,0.01212725043296814,0.292994,1.5532,0.30441,0.629613,,,5.31769,-0.0155426,-0.0189371,999,,,,,,,4.887434673309326,3.261982383495212,6.491509914398193,4.33257780378955,,,,,,,,,,,,,,,,,,,"Jaycob Deese","sa3020376",671600
"Tyler Switalski","SFG",0,0,0,5.88739,1,1,0,0,,4.00833,17,4,3,3,1,2,0,0,2,4.23384,3.97244,1.0658,1.28635,0.111192,0.104327,0.006864823400974274,0.286968,1.51519,0.297543,0.608865,,,5.51889,-0.0155516,-0.049398,999,,,,,,,4.961665725708004,1.2378376423552264,5.041666030883789,1.257796139082122,,,,,,,,,,,,,,,,,,,"Tyler Switalski","sa3043424",802000
"Jose Gerardo","MIA",0,0,0,5.22873,1,0,0,0,,1.09286,6,1,1,1,0,1,0,0,1,9.27535,6.53441,1.41946,1.61175,0.179183,0.126233,0.052949920296669006,0.25978,2.01375,0.295851,0.782292,,,5.78622,-0.0155722,-0.040213,999,,,,,,,4.487141823768617,4.105881932019127,4.4642850160598755,4.084967203338646,,,,,,,,,,,,,,,,,,,"Jose Gerardo","sa3018645",805103
"Jacob Bimbi","PIT",0,0,0,5.18283,1,0,0,0,,1,6,2,1,1,0,1,0,0,1,9.9048,6.48662,1.52696,1.79603,0.169313,0.110882,0.05843046307563782,0.267298,2.24565,0.300886,0.822205,,,5.91354,-0.0155766,-0.0443816,999,,,,,,,1.2000000000000002,1.2000000000000002,4,4,,,,,,,,,,,,,,,,,,,"Jacob Bimbi","sa3025547",805266
"Sandy Gaston","WSN",0,0,0,5.11721,1,0,0,0,,1.59088,7,2,1,1,0,1,0,0,1,7.98962,6.08445,1.31312,1.26451,0.190619,0.145164,0.04545418918132782,0.246734,1.64388,0.285845,0.706802,,,5.38989,-0.0155797,-0.0171015,999,,,,,,,5.5725122690200815,3.5027859685705853,6.954400181770325,4.371417091704933,,,,,,,,,,,,,,,,,,,"Sandy Gaston","sa3011136",682624
"Benito Garcia","STL",0,0,0,5.26494,1,0,0,0,,1.99547,8,2,1,1,0,1,0,0,1,4.57385,2.7295,1.67571,1.30078,0.120607,0.0719737,0.048633307218551636,0.279983,1.38616,0.291873,0.631197,,,5.0358,-0.0156051,0.00324434,999,,,,,,,8.566448354721071,4.292956322477408,8.977329969406128,4.4988639229802265,,,,,,,,,,,,,,,,,,,"Benito Garcia","sa3005891",681740
"Luis Lameda","MIL",0,0,0,4.99361,1,0,0,0,,1.3,7,2,1,1,0,1,0,0,1,7.80999,4.6208,1.69018,1.71955,0.167127,0.0988813,0.06824608147144318,0.253021,1.68278,0.274591,0.760809,,,5.59562,-0.0156581,-0.0317105,999,,,,,,,3.4199996471405028,2.630769055834882,5.499999761581421,4.230769202554013,,,,,,,,,,,,,,,,,,,"Luis Lameda","sa3021233",808288
"Victor Morales","ARI",0,0,0,5.44172,1,0,0,0,,1.44595,6,2,1,1,0,1,0,0,1,5.68518,3.67465,1.54713,1.40559,0.145669,0.0941542,0.05151499807834625,0.274132,1.47219,0.293467,0.647603,,,5.26854,-0.0157145,-0.0225146,999,,,,,,,4.50000023841858,3.1121496282526353,6.229729890823364,4.308411230363328,,,,,,,,,,,,,,,,,,,"Victor Morales","sa3025376",802559
"Cam Sanders","PIT",2,1,0,4.20155,30,0,0,1,,30,135,26,15,14,3,18,,2,32,9.51258,5.50011,1.72953,1.0097,0.234878,0.135805,0.09907332062721252,0.229227,1.48991,0.287701,0.735285,,,4.47853,-0.0157178,0.00973939,999,,,,,,,125.5,4.183333333333334,119,3.966666666666667,,,,,,,,,,,,,,,,,,,"Cam Sanders","23479",676742
"Casey Anderson","ARI",0,0,0,5.80248,1,1,0,0,,3.5559,16,4,3,2,1,2,0,0,2,5.27341,4.65238,1.13349,1.3121,0.12649,0.111594,0.014896199107170105,0.286233,1.67968,0.305345,0.661101,,,5.56856,-0.015721,-0.0657828,999,,,,,,,1.6136607170104984,0.45379810260145054,2.7795004844665527,0.7816587667620144,,,,,,,,,,,,,,,,,,,"Casey Anderson","sa3022742",814783
"Moises Meza","COL",0,0,0,6.65115,1,1,0,0,,3,15,4,2,2,1,2,0,0,2,5.42257,4.81346,1.12654,1.72944,0.117882,0.104641,0.01324155181646347,0.310507,1.93797,0.325165,0.677556,,,6.20488,-0.0157388,0.0127651,999,,,,,,,-2.4999999999999982,-0.8333333333333327,0,0,,,,,,,,,,,,,,,,,,,"Moises Meza","sa3023822",816396
"Fernando Vasquez","SFG",0,0,0,5.27985,1,0,0,0,,1.2,6,1,1,1,0,1,0,0,1,7.27022,5.19481,1.39952,1.40101,0.171658,0.122655,0.04900268465280533,0.259074,1.63242,0.289285,0.701083,,,5.44174,-0.0157418,-0.038426,999,,,,,,,5.280000352859497,4.4000001192092855,5.000000238418579,4.1666666997803565,,,,,,,,,,,,,,,,,,,"Fernando Vasquez","sa3015475",694029
"Jaiker Garcia","PIT",0,0,0,5.97102,1,0,0,0,,1.06111,5,1,1,1,0,1,0,0,1,6.11372,5.34573,1.14366,1.42475,0.147439,0.128918,0.018520981073379517,0.278261,1.69531,0.302223,0.658678,,,5.7827,-0.0157945,-0.04131,999,,,,,,,4.252221202850341,4.007329402496999,4.3055548667907715,4.0575915006936105,,,,,,,,,,,,,,,,,,,"Jaiker Garcia","sa3018626",802243
"Adam Maier","ATL",0,0,0,5.87432,1,1,0,0,,4.34753,19,5,3,3,1,2,0,0,2,4.39636,3.97208,1.10681,1.35516,0.110827,0.100131,0.01069551706314087,0.288102,1.56997,0.298332,0.63059,,,5.58617,-0.0158435,-0.0221505,999,,,,,,,4.871728229522706,1.1205735868856948,6.737654209136963,1.5497657070800521,,,,,,,,,,,,,,,,,,,"Adam Maier","sa3020883",683264
"Jake Rice","ARI",0,0,0,5.18892,1,0,0,0,,1.1631,6,1,1,1,0,1,0,0,1,7.76865,5.88609,1.31983,1.34101,0.178475,0.135225,0.04324951767921448,0.253359,1.69867,0.287896,0.717387,,,5.48538,-0.0158694,-0.0369963,999,,,,,,,5.006932973861694,4.304820790297457,4.815495252609253,4.140227997304849,,,,,,,,,,,,,,,,,,,"Jake Rice","sa3017593",687095
"Thomas Mangus","CHC",0,0,0,5.38519,1,0,0,0,,1.56667,6,2,1,1,0,1,0,0,1,5.45594,4.05258,1.34629,1.25995,0.147373,0.109466,0.037906765937805176,0.266886,1.41544,0.287497,0.624796,,,5.23404,-0.0158949,-0.0190175,999,,,,,,,5.393335509300232,3.442553934267249,6.833334803581238,4.36170224746246,,,,,,,,,,,,,,,,,,,"Thomas Mangus","sa3068785",821431
"Grayson Hitt","ARI",0,0,0,5.80888,1,1,0,0,,2.00306,10,2,1,1,0,1,0,0,1,6.21552,6.72925,0.923656,1.12698,0.138725,0.150191,-0.01146608591079712,0.279083,1.9107,0.309657,0.694799,,,5.815,-0.0159391,0.0269303,999,,,,,,,8.622651815414432,4.304737386309765,9.015305280685425,4.500764094566091,,,,,,,,,,,,,,,,,,,"Grayson Hitt","sa3025020",694491
"Jake Faherty","MIA",0,0,0,5.61192,1,0,0,0,,1.0047,5,1,1,1,0,1,0,0,1,7.98318,7.1893,1.11043,1.31824,0.172075,0.154963,0.017111867666244507,0.263465,1.92897,0.302106,0.723891,,,5.86097,-0.0159474,-0.0446463,999,,,,,,,3.8347945928573615,3.816847880963227,4.023509860038757,4.00467996693423,,,,,,,,,,,,,,,,,,,"Jake Faherty","sa3025331",801619
"Jesus Colina","CIN",0,0,0,5.97498,1,0,0,0,,1.26667,6,1,1,1,0,1,0,0,1,6.54986,5.035,1.30087,1.63171,0.157131,0.120789,0.036341406404972076,0.273531,1.6584,0.295199,0.664464,,,5.87829,-0.0159557,-0.028148,999,,,,,,,5.77333586215973,4.5578955036119,5.333335041999817,4.210526528781084,,,,,,,,,,,,,,,,,,,"Jesus Colina","sa3019776",806239
"K.C. Hunt","MIL",1,1,0,4.6129,14,0,0,1,,14,59,13,8,7,2,5,,1,11,7.33384,3.42707,2.13997,1.31833,0.193359,0.0903558,0.10300333797931671,0.248977,1.32395,0.281832,0.682954,,,4.68803,-0.0160077,-0.032166,999,,,,,,,53.2,3.8000000000000003,52,3.7142857142857144,,,,,,,,,,,,,,,,,,,"K.C. Hunt","sa3022937",687268
"Joangel Gonzalez","ARI",0,0,0,5.34746,1,0,0,0,,1.55037,7,2,1,1,0,1,0,0,1,6.05486,4.41038,1.37287,1.20525,0.147736,0.107612,0.04012473672628403,0.276716,1.60028,0.304576,0.673363,,,5.15541,-0.0160174,-0.0170926,999,,,,,,,5.272715783119202,3.40094686669505,6.751834988594055,4.354991430112105,,,,,,,,,,,,,,,,,,,"Joangel Gonzalez","sa3022242",814544
"Vince Reilly","CHC",0,0,0,5.45264,1,0,0,0,,1.28998,6,1,1,1,0,1,0,0,1,5.38368,4.12895,1.30389,1.38258,0.133519,0.1024,0.031118154525756836,0.271707,1.53784,0.28744,0.662337,,,5.46208,-0.0160542,-0.0332542,999,,,,,,,5.945829463005067,4.609252469547721,5.44988477230072,4.224792352652145,,,,,,,,,,,,,,,,,,,"Vince Reilly","sa3040586",805291
"Owen Holt","CIN",0,0,0,5.8463,1,0,0,0,,1.50242,7,2,1,1,0,1,0,0,1,5.83337,4.56848,1.27687,1.50956,0.149725,0.117259,0.03246598690748215,0.270942,1.52931,0.288989,0.633315,,,5.69337,-0.0160703,-0.0159427,999,,,,,,,4.917922616004945,3.273329795086641,6.512109875679016,4.334408031465587,,,,,,,,,,,,,,,,,,,"Owen Holt","sa3017861",700177
"Junior Sanchez","ARI",0,0,0,6.05661,1,1,0,0,,4.36982,18,5,3,3,1,2,0,0,2,4.32873,3.89443,1.11152,1.33129,0.115475,0.10389,0.01158558577299118,0.291169,1.50589,0.302681,0.59353,,,5.53433,-0.0160737,-0.0194688,999,,,,,,,5.036637115478516,1.1525971151991103,6.849079132080078,1.5673610523072035,,,,,,,,,,,,,,,,,,,"Junior Sanchez","sa3022009",808087
"Nathan Karaffa","PHI",0,0,0,5.60421,1,0,0,0,,1.67982,7,2,1,1,0,1,0,0,1,5.52616,4.0588,1.36153,1.37125,0.142761,0.104853,0.037907302379608154,0.275319,1.49767,0.294637,0.636545,,,5.38572,-0.0160895,-0.00970157,999,,,,,,,6.230667567253113,3.709128230501107,7.399099707603455,4.404698101693727,,,,,,,,,,,,,,,,,,,"Nathan Karaffa","sa3021466",688087
"Zach Barnes","ARI",0,0,0,5.36948,1,0,0,0,,1.30124,6,1,1,1,0,1,0,0,1,6.18295,4.85592,1.27328,1.24765,0.14613,0.114766,0.03136340528726578,0.272948,1.66064,0.299374,0.688014,,,5.34504,-0.0160929,-0.0299607,999,,,,,,,6.0291537046432495,4.633401728009182,5.506184935569763,4.23150048000255,,,,,,,,,,,,,,,,,,,"Zach Barnes","sa3017203",695071
"Johan Otanez","WSN",0,0,0,5.6787,1,0,0,0,,1.12768,5,1,1,1,0,1,0,0,1,6.36247,6.11714,1.0401,1.22187,0.147073,0.141402,0.005670890212059021,0.272701,1.78883,0.301866,0.687831,,,5.70464,-0.0161125,-0.0397439,999,,,,,,,4.744854521751405,4.207613610212005,4.638415217399597,4.113226002836668,,,,,,,,,,,,,,,,,,,"Johan Otanez","sa3009782",683634
"Griffin Tobias","MIL",0,0,0,5.81921,1,1,0,0,,3.6375,16,4,3,2,1,1,0,0,2,4.31119,3.38706,1.27284,1.65731,0.107641,0.0845676,0.023073479533195496,0.279339,1.50118,0.279666,0.639369,,,5.84109,-0.0161328,-0.0657352,999,,,,,,,5.217500352859497,1.4343643393714574,6.187500238418579,1.70103097108099,,,,,,,,,,,,,,,,,,,"Griffin Tobias","sa3067389",827437
"Connor Noland","CHC",1,0,0,4.94853,10,0,0,1,,10,42,10,6,5,1,3,,0,6,5.74357,2.94712,1.94887,1.22481,0.151431,0.0777019,0.07372923195362091,0.271563,1.37114,0.295731,0.65271,,,4.74108,-0.0162095,-0.0328448,999,,,,,,,42.7,4.2700000000000005,44,4.4,,,,,,,,,,,,,,,,,,,"Connor Noland","sa3020834",690939
"Brad Pacheco","PHI",0,0,0,6.21712,1,1,0,0,,3.75833,16,4,3,3,1,2,0,0,2,4.48463,4.00285,1.12036,1.57172,0.1135,0.101307,0.012193329632282257,0.289823,1.5741,0.296149,0.616427,,,5.88955,-0.0162304,-0.0528576,999,,,,,,,3.111663961410523,0.8279372764746308,3.7916648387908936,1.0088687913813548,,,,,,,,,,,,,,,,,,,"Brad Pacheco","sa3025116",814372
"Cale Lansville","SFG",0,0,0,5.79345,1,1,0,0,,3.38612,16,4,2,2,1,2,0,0,2,4.45444,4.10868,1.08415,1.3311,0.105061,0.0969058,0.008154883980751038,0.291755,1.68269,0.302894,0.663861,,,5.59262,-0.0162465,0.00818286,999,,,,,,,0.357295656204224,0.10551768603395165,1.930605173110962,0.5701524409113066,,,,,,,,,,,,,,,,,,,"Cale Lansville","sa3023176",695746
"Evan Gray","SFG",0,0,0,5.32877,1,0,0,0,,1.27568,6,1,1,1,0,1,0,0,1,6.6255,5.12598,1.29253,1.25253,0.153748,0.118951,0.03479702025651932,0.270564,1.69579,0.300274,0.698959,,,5.34876,-0.0162568,-0.0345889,999,,,,,,,5.840002489089967,4.5779668457939,5.378380060195923,4.216101901609417,,,,,,,,,,,,,,,,,,,"Evan Gray","sa3032609",690367
"Teofilo Mendez","ARI",0,0,0,5.29137,1,0,0,0,,1.68244,7,2,1,1,0,1,0,0,1,6.30484,4.0451,1.55864,1.30844,0.158756,0.101855,0.05690016597509384,0.271275,1.51125,0.298683,0.664596,,,5.11984,-0.0164136,-0.0101751,999,,,,,,,6.250085425376892,3.714884723081239,7.412219882011414,4.405626568238909,,,,,,,,,,,,,,,,,,,"Teofilo Mendez","sa3008795",682754
"Draven Zeigler","PIT",0,0,0,5.54832,1,0,0,0,,1.42857,7,2,1,1,0,1,0,0,1,5.84191,4.56305,1.28026,1.35044,0.138107,0.107874,0.030232995748519897,0.278273,1.65898,0.299926,0.680269,,,5.46843,-0.0166294,-0.0225532,999,,,,,,,4.371425294876098,3.0599986548419595,6.142854928970337,4.299999783039026,,,,,,,,,,,,,,,,,,,"Draven Zeigler","sa3069097",825932
"Brandan Bidois","PIT",2,2,0,4.36817,42,0,0,1,,42,186,39,22,20,5,22,,2,42,8.9832,4.62456,1.9425,1.12648,0.225385,0.116028,0.10935667157173157,0.23985,1.44046,0.292498,0.719514,,,4.46171,-0.0166294,-0.0163655,999,,,,,,,163.9,3.9023809523809527,161,3.8333333333333335,,,,,,,,,,,,,,,,,,,"Brandan Bidois","sa3015277",684049
"Alexis Torres","PIT",0,0,0,5.30221,1,0,0,0,,1.94953,8,2,1,1,0,1,0,0,1,5.969,4.79879,1.24385,1.09869,0.154037,0.123839,0.030198566615581512,0.268133,1.53101,0.298271,0.652558,,,5.14852,-0.016656,0.00491507,999,,,,,,,8.226522040367126,4.219746306724358,8.747650027275085,4.487055855923283,,,,,,,,,,,,,,,,,,,"Alexis Torres","sa3019375",800225
"Paxton Thompson","PHI",0,0,0,5.74358,1,0,0,0,,1.3683,6,1,1,1,0,1,0,0,1,5.1195,3.89762,1.3135,1.53407,0.131603,0.100193,0.0314100906252861,0.273952,1.48542,0.284293,0.632341,,,5.65627,-0.0166575,-0.0259224,999,,,,,,,6.525405597686769,4.768994284427864,5.841490268707275,4.26916507900774,,,,,,,,,,,,,,,,,,,"Paxton Thompson","sa3023277",801505
"Rocco Reid","ARI",0,0,0,5.45332,1,0,0,0,,1.42949,7,2,1,1,0,1,0,0,1,6.48728,4.91037,1.32114,1.23899,0.157774,0.119423,0.03835126757621765,0.273531,1.63137,0.30476,0.67395,,,5.28055,-0.0168222,-0.0233654,999,,,,,,,4.378210783004762,3.0627825876081007,6.14743971824646,4.30044880445292,,,,,,,,,,,,,,,,,,,"Rocco Reid","sa3025546",701793
"Alan Reyes","STL",0,0,0,5.4156,1,0,0,0,,1.71852,8,2,1,1,0,1,0,0,1,5.61734,3.93368,1.42801,1.28337,0.142663,0.0999029,0.042759619653224945,0.276596,1.51289,0.298846,0.651561,,,5.19716,-0.0168298,-0.0114517,999,,,,,,,6.517040395736696,3.792242332156076,7.592594861984253,4.418103601960658,,,,,,,,,,,,,,,,,,,"Alan Reyes","sa3023814",814085
"Sam Knowlton","ARI",0,0,0,5.65556,1,0,0,0,,1.02831,5,1,1,1,0,1,0,0,1,6.96088,6.9558,1.00073,1.06685,0.161228,0.16111,0.00011776387691497803,0.269474,1.84038,0.309163,0.689213,,,5.63628,-0.0168869,-0.0437945,999,,,,,,,4.00947151184082,3.899099844378618,4.141534805297852,4.027527734549616,,,,,,,,,,,,,,,,,,,"Sam Knowlton","sa3023467",681060
"Jorge De Leon","NYM",0,0,0,5.07305,1,0,0,0,,1.28266,6,1,1,1,0,1,0,0,1,8.97497,6.94629,1.29205,1.36811,0.199235,0.154201,0.04503445327281952,0.23949,1.77025,0.280293,0.741347,,,5.62544,-0.0170892,-0.0351637,999,,,,,,,5.891654062271119,4.5933237531387965,5.41327977180481,4.220367709205221,,,,,,,,,,,,,,,,,,,"Jorge De Leon","sa3016059",700305
"Shinnosuke Ogasawara","WSN",1,0,0,5.12823,10,0,0,1,,10,43,10,6,6,2,4,,0,7,6.58036,3.33151,1.97519,1.40822,0.170035,0.0860855,0.08394956588745117,0.267733,1.41009,0.294823,0.661394,,,4.95441,-0.0171403,-0.0283427,999,,,,,,,29.4,2.94,30,3,,,,,,,,,,,,,,,,,,,"Shinnosuke Ogasawara","35324",829272
"Logan Forsythe","ATL",0,0,0,5.10017,1,0,0,0,,1.8,9,2,1,1,0,1,0,0,1,7.29976,4.57891,1.59421,1.37155,0.169762,0.106486,0.06327558308839798,0.263872,1.621,0.295192,0.711867,,,5.18223,-0.0171417,-0.0044728,999,,,,,,,7.119999647140504,3.955555464308937,7.999999761581421,4.444444429727247,,,,,,,,,,,,,,,,,,,"Logan Forsythe","sa3031560",702649
"Julian Bosnic","PIT",0,0,0,5.61862,1,0,0,0,,1.38122,6,1,1,1,0,1,0,0,1,6.30526,5.93059,1.06318,1.12255,0.159223,0.149762,0.009461283683776855,0.266085,1.6395,0.29926,0.653732,,,5.50016,-0.0171456,-0.0249981,999,,,,,,,6.621064925193787,4.79361796496025,5.906124949455261,4.276004990266736,,,,,,,,,,,,,,,,,,,"Julian Bosnic","sa3020734",669343
"Robinson Martínez","NYM",0,0,0,5.46069,1,0,0,0,,1.23333,6,1,1,1,0,1,0,0,1,7.42094,5.50516,1.348,1.51728,0.171075,0.12691,0.044164419174194336,0.259537,1.68889,0.287779,0.706323,,,5.68572,-0.0171858,-0.0378913,999,,,,,,,5.526664137840271,4.481080272303734,5.166664958000183,4.189188964528815,,,,,,,,,,,,,,,,,,,"Robinson Martinez","sa873188",660822
"Luis Avila","PHI",0,0,0,5.54941,1,0,0,0,,1.42707,6,1,1,1,0,1,0,0,1,6.51869,5.22955,1.24651,1.42915,0.163294,0.131001,0.03229320049285889,0.258129,1.56216,0.281831,0.663284,,,5.65504,-0.0172166,-0.0228903,999,,,,,,,6.960318160057069,4.877348731711315,6.1353501081466675,4.299263536586476,,,,,,,,,,,,,,,,,,,"Luis Avila","sa3021805",809701
"Taylor Rashi","ARI",1,1,0,4.73189,12,0,0,1,,12,52,12,7,6,2,5,,1,10,7.51957,3.92538,1.91563,1.15035,0.192809,0.100651,0.09215861558914185,0.259268,1.4341,0.301524,0.685054,,,4.57847,-0.0172394,-0.0284736,999,,,,,,,39.000000000000014,3.2500000000000013,40,3.3333333333333335,,,,,,,,,,,,,,,,,,,"Taylor Rashi","26344",688497
"Casey Steward","PHI",0,0,0,6.09443,1,1,0,0,,3.86964,17,4,3,3,1,2,0,0,2,5.1581,4.72591,1.09145,1.51702,0.127163,0.116508,0.010654963552951813,0.282154,1.63383,0.294925,0.639715,,,5.91257,-0.017265,-0.0465653,999,,,,,,,3.9353209495544395,1.0169739350225782,4.348189830780029,1.1236683815926594,,,,,,,,,,,,,,,,,,,"Casey Steward","sa3023253",804523
"Dylan Simmons","CIN",0,0,0,5.82982,1,0,0,0,,1.62216,7,2,1,1,0,1,0,0,1,5.39336,4.33119,1.24524,1.49452,0.135444,0.10877,0.02667432278394699,0.276787,1.55874,0.291422,0.641842,,,5.68996,-0.0173064,-0.00966259,999,,,,,,,5.804020738601685,3.577947289572541,7.110824823379517,4.383539885414926,,,,,,,,,,,,,,,,,,,"Dylan Simmons","sa3023468",687535
"Merrick Baldo","WSN",0,0,0,6.01967,1,0,0,0,,1.22793,5,1,1,1,0,1,0,0,1,5.17003,4.43277,1.16632,1.48298,0.133262,0.114259,0.019003599882125854,0.279362,1.54527,0.293141,0.619768,,,5.75523,-0.0173083,-0.0346651,999,,,,,,,5.486704564094545,4.468244068893136,5.139665246009827,4.185623352470315,,,,,,,,,,,,,,,,,,,"Merrick Baldo","sa3022957",813707
"Ernesto Mercedes","NYM",0,0,0,5.47996,1,1,0,0,,2.62401,12,3,2,2,0,2,0,0,2,7.29003,6.91978,1.05351,1.32098,0.171257,0.162559,0.008698120713233948,0.247348,1.73321,0.2779,0.699195,,,5.91624,-0.0173248,-0.0391621,999,,,,,,,9.617688751220705,3.665260972656131,11.120059967041016,4.237808361766557,,,,,,,,,,,,,,,,,,,"Ernesto Mercedes","sa3018835",800233
"Adolfo Oviedo","PIT",0,0,0,5.53298,1,0,0,0,,1.9,8,2,1,1,0,1,0,0,1,4.43215,3.28316,1.34997,1.27572,0.111485,0.0825834,0.02890148013830185,0.28863,1.52108,0.30088,0.642363,,,5.22649,-0.0173505,0.00225789,999,,,,,,,7.859999823570251,4.136842064315922,8.49999988079071,4.473684203921923,,,,,,,,,,,,,,,,,,,"Adolfo Oviedo","sa3018882",801743
"Shane Marshall","CHC",0,0,0,5.77821,1,0,0,0,,1.18485,5,1,1,1,0,1,0,0,1,5.52988,4.67727,1.18229,1.41999,0.143002,0.120953,0.02204831689596176,0.269709,1.52474,0.286801,0.6316,,,5.66814,-0.0173698,-0.0385893,999,,,,,,,5.167874836921692,4.361635459505143,4.924239754676819,4.1560098498625395,,,,,,,,,,,,,,,,,,,"Shane Marshall","sa3023405",686288
"Kendy Richard","ATL",0,0,0,6.11623,1,1,0,0,,4.20625,18,4,3,3,1,2,0,0,2,4.81685,4.17304,1.15428,1.4251,0.128183,0.11105,0.017132699489593506,0.285403,1.50936,0.298734,0.595731,,,5.65753,-0.0173793,-0.0303199,999,,,,,,,6.42625141143799,1.527786298968411,6.031250953674316,1.4338783192115854,,,,,,,,,,,,,,,,,,,"Kendy Richard","sa3024555",821062
"Jesús Broca","MIL",0,0,0,5.06938,1,0,0,0,,1.96673,9,2,1,1,0,1,0,0,1,6.23851,4.56058,1.36792,1.24385,0.157468,0.115115,0.0423530638217926,0.257033,1.49484,0.282087,0.675937,,,5.21853,-0.0174992,0.00316999,999,,,,,,,8.353831982612611,4.247565640800815,8.833670258522034,4.4915428452904544,,,,,,,,,,,,,,,,,,,"Jesus Broca","sa3022905",695871
"Trent Hodgdon","CIN",0,0,0,5.60798,1,0,0,0,,1.45239,7,1,1,1,0,1,0,0,1,7.34936,6.26966,1.17221,1.42184,0.172378,0.147054,0.02532404661178589,0.256737,1.71864,0.287417,0.693219,,,5.82506,-0.0176044,-0.0185506,999,,,,,,,7.14767155647278,4.921323585297313,6.261940240859985,4.311478773693698,,,,,,,,,,,,,,,,,,,"Trent Hodgdon","sa3025536",695787
"Noah Ruen","LAD",0,0,0,5.62438,1,0,0,0,,1.14907,6,1,1,1,0,1,0,0,1,6.13534,5.44905,1.12595,1.53962,0.135576,0.120411,0.015165343880653381,0.268812,1.77846,0.285379,0.712103,,,5.98922,-0.0176702,-0.0391356,999,,,,,,,4.903140234947205,4.267039791898081,4.745365023612976,4.1297332755272445,,,,,,,,,,,,,,,,,,,"Noah Ruen","sa3022913",815125
"Gabe Starks","CIN",0,0,0,5.78434,1,0,0,0,,1.54929,7,2,1,1,0,1,0,0,1,6.56317,5.42859,1.209,1.45025,0.160737,0.13295,0.027786672115325928,0.266758,1.6378,0.292318,0.66267,,,5.74653,-0.0176745,-0.0134913,999,,,,,,,5.264738512039185,3.3981642885425463,6.746444940567017,4.354542627184282,,,,,,,,,,,,,,,,,,,"Gabe Starks","sa3023443",694784
"Mauricio Estrella","SFG",0,0,0,5.82392,1,1,0,0,,2.32745,11,3,2,2,0,1,0,0,1,5.08717,4.85237,1.04839,1.44279,0.118624,0.113148,0.005475133657455444,0.28025,1.70807,0.292738,0.674893,,,5.87067,-0.0176851,-0.0545879,999,,,,,,,8.423144388198853,3.619041161576765,10.637259721755981,4.570345586542814,,,,,,,,,,,,,,,,,,,"Mauricio Estrella","sa3018857",800442
"Alexander Fuentes","SFG",0,0,0,6.11169,1,1,0,0,,2.84167,13,3,2,2,0,2,0,0,2,5.11349,4.85345,1.05358,1.34146,0.124996,0.11864,0.006356589496135712,0.291598,1.69197,0.310167,0.640648,,,5.71371,-0.017819,-0.0245871,999,,,,,,,11.228335332870483,3.951319976021106,12.208334684371948,4.296187750208389,,,,,,,,,,,,,,,,,,,"Alexander Fuentes","sa3024072",815218
"Magdiel Cotto","PIT",0,0,0,5.75611,1,0,0,0,,1.28178,6,2,1,1,0,1,0,0,1,5.08869,5.42036,0.93881,1.14703,0.118549,0.126276,-0.0077268704771995544,0.284984,1.7736,0.305469,0.673941,,,5.63881,-0.0178214,-0.0301059,999,,,,,,,3.2851720333099363,2.562976502811013,5.408900022506714,4.219834919808228,,,,,,,,,,,,,,,,,,,"Magdiel Cotto","sa3023251",694365
"Jose Romero","CHC",0,0,0,5.08107,1,0,0,0,,1.54618,7,2,1,1,0,1,0,0,1,7.74698,6.11091,1.26773,1.19986,0.184351,0.145418,0.038932785391807556,0.248379,1.6555,0.28705,0.707268,,,5.35982,-0.0178889,-0.0200816,999,,,,,,,5.2417100191116335,3.39010987663868,6.730885148048401,4.353243528490109,,,,,,,,,,,,,,,,,,,"Jose Romero","sa3015483",696098
"Luis Ramirez","MIA",0,0,0,5.82468,1,0,0,0,,1.12694,5,1,1,1,0,1,0,0,1,6.23204,5.48042,1.13715,1.49782,0.143749,0.126412,0.01733696460723877,0.273141,1.74263,0.29385,0.686101,,,5.91322,-0.0179592,-0.0384912,999,,,,,,,4.739385199546815,4.205519907936656,4.634719729423523,4.112644418871293,,,,,,,,,,,,,,,,,,,"Luis Ramirez","sa3018353",802092
"Caswell Smith","ARI",0,0,0,5.54967,1,0,0,0,,1.17261,6,1,1,1,0,1,0,0,1,7.23793,5.74427,1.26003,1.38202,0.161594,0.128247,0.03334742784500122,0.270844,1.79712,0.302717,0.710195,,,5.617,-0.0179614,-0.0365143,999,,,,,,,5.07729139328003,4.329917552310061,4.863034725189209,4.147199320086128,,,,,,,,,,,,,,,,,,,"Caswell Smith","sa3020955",689110
"Daurys Mora","MIL",0,0,0,5.67166,1,0,0,0,,1.18182,6,1,1,1,0,1,0,0,1,5.86395,5.43611,1.0787,1.36049,0.136615,0.126648,0.009967595338821411,0.272313,1.72273,0.292711,0.684557,,,5.78028,-0.0180615,-0.0377186,999,,,,,,,5.145453262329102,4.35384570691706,4.909090042114258,4.153846029699183,,,,,,,,,,,,,,,,,,,"Daurys Mora","sa3018336",800491
"Rolddy Muñoz","ATL",1,1,0,4.37858,22,0,0,1,,22,97,21,12,11,2,11,,1,20,8.35001,4.6628,1.79077,1.0068,0.210424,0.117505,0.09291938692331314,0.244845,1.4582,0.295805,0.712076,,,4.44227,-0.018097,-0.0284571,999,,,,,,,91.60000000000002,4.163636363636365,92,4.181818181818182,,,,,,,,,,,,,,,,,,,"Rolddy Munoz","27407",691548
"Jared Simpson","WSN",0,0,0,5.69292,1,0,0,0,,1.26153,6,1,1,1,0,1,0,0,1,6.7796,6.68755,1.01376,1.15059,0.158876,0.156718,0.00215718150138855,0.26808,1.79847,0.303543,0.683914,,,5.70386,-0.0181617,-0.032955,999,,,,,,,5.73530731201172,4.546317832973494,5.307640075683594,4.207310509159304,,,,,,,,,,,,,,,,,,,"Jared Simpson","sa3022902",688692
"Cameron Nohos","SDP",0,0,0,5.14053,1,0,0,0,,1.33333,7,2,1,1,0,1,0,0,1,7.99405,4.92749,1.62234,1.73194,0.161496,0.0995452,0.0619506910443306,0.262142,1.82981,0.285981,0.77286,,,5.68539,-0.0181985,-0.0330406,999,,,,,,,3.6666643142700197,2.749998891353343,5.666665077209473,4.249999821186023,,,,,,,,,,,,,,,,,,,"Cameron Nohos","sa3069180",823208
"Jeremy Reyes","ATL",0,0,0,5.8785,1,1,0,0,,4.1856,18,4,3,3,1,2,0,0,3,5.70663,5.27033,1.08278,1.28893,0.147312,0.136049,0.011262521147727966,0.272583,1.58485,0.296352,0.629502,,,5.64394,-0.0182554,-0.0315087,999,,,,,,,8.273403263092037,1.9766372983570302,7.927975177764893,1.894109466019445,,,,,,,,,,,,,,,,,,,"Jeremy Reyes","sa3021018",808512
"Jackson Wolf","SDP",1,1,0,4.6702,12,0,0,1,,12,51,12,7,6,2,4,,1,9,6.86757,3.1783,2.16077,1.3685,0.179544,0.0830928,0.09645143151283264,0.252238,1.3248,0.279059,0.681736,,,4.77929,-0.0182669,-0.0379496,999,,,,,,,40.000000000000014,3.3333333333333344,41,3.4166666666666665,,,,,,,,,,,,,,,,,,,"Jackson Wolf","29832",680232
"Bryce Jenkins","NYM",0,0,0,5.52367,1,0,0,0,,0.965528,5,1,1,1,0,1,0,0,1,7.57016,6.60376,1.14634,1.58061,0.153458,0.133868,0.019590452313423157,0.26286,1.96409,0.287872,0.752961,,,6.13773,-0.0182835,-0.0510913,999,,,,,,,3.5449072837829596,3.671470161626069,3.8276400566101074,3.9642972671183525,,,,,,,,,,,,,,,,,,,"Bryce Jenkins","sa3023211",808743
"Brendan Collins","WSN",0,0,0,5.51986,1,0,0,0,,1.61883,7,2,1,1,0,1,0,0,1,6.22717,4.63897,1.34236,1.40261,0.154317,0.11496,0.03935752809047699,0.268318,1.56627,0.291659,0.664938,,,5.47926,-0.018293,-0.0145065,999,,,,,,,5.779327630996705,3.570068854174691,7.094140291213989,4.3822691700281755,,,,,,,,,,,,,,,,,,,"Brendan Collins","sa3017549",701975
"Jose Atencio","WSN",0,0,0,6.10824,1,1,0,0,,4.84283,21,6,4,3,1,2,0,0,2,3.18344,3.16896,1.00457,1.4936,0.0803024,0.079937,0.0003654211759567261,0.297838,1.54549,0.294633,0.612427,,,5.77908,-0.0182954,-0.0816957,999,,,,,,,5.936911582946776,1.2259188577709919,9.214129447937012,1.9026348784804308,,,,,,,,,,,,,,,,,,,"Jose Atencio","sa3010304",682719
"Hayden Robinson","MIL",0,0,0,5.91061,1,1,0,0,,2.18174,10,2,2,1,0,1,0,0,1,5.73106,5.74508,0.997561,1.51891,0.132789,0.133113,-0.0003246814012527466,0.269866,1.74446,0.28463,0.68106,,,6.14563,-0.0183695,-0.0599081,999,,,,,,,9.944853401184083,4.5582275255199844,9.908684730529785,4.54164960089032,,,,,,,,,,,,,,,,,,,"Hayden Robinson","sa3023574",815300
"Dylan Ray","ARI",0,0,0,5.00188,8,0,0,1,,8,35,8,5,4,1,3,,0,6,6.55598,3.54811,1.84774,1.28279,0.166501,0.0901107,0.076390340924263,0.267738,1.44745,0.297339,0.673475,,,4.85498,-0.0184825,-0.0288932,999,,,,,,,33.10000000000001,4.137500000000001,34,4.25,,,,,,,,,,,,,,,,,,,"Dylan Ray","sa3020392",691009
"Erik Ritchie","PHI",0,0,0,5.703,1,0,0,0,,1.39643,7,2,1,1,0,1,0,0,1,6.30321,5.45216,1.1561,1.37977,0.147226,0.127347,0.0198783278465271,0.273182,1.72427,0.297837,0.683719,,,5.71575,-0.0184983,-0.0244727,999,,,,,,,4.133574175834656,2.960103482172545,5.982144713401794,4.283887658414927,,,,,,,,,,,,,,,,,,,"Erik Ritchie","sa3040800",804116
"Jonawel Valdez","PIT",0,0,0,6.50257,1,1,0,0,,2.46291,10,3,2,2,0,1,0,0,1,3.17434,4.15581,0.763831,1.47558,0.0838268,0.109745,-0.02591836452484131,0.293841,1.54833,0.290025,0.575672,,,6.09026,-0.0186178,-0.0389048,999,,,,,,,9.42551941871643,3.8269879774660374,11.314540147781372,4.593975906530232,,,,,,,,,,,,,,,,,,,"Jonawel Valdez","sa3021755",807835
"Niko Mazza","SFG",0,0,0,5.90949,1,1,0,0,,4.43333,19,5,3,3,1,2,0,0,2,4.70304,4.69983,1.00068,1.18919,0.124108,0.124023,0.00008469074964523315,0.282994,1.55183,0.300805,0.610656,,,5.52426,-0.018646,-0.025143,999,,,,,,,5.506663608551026,1.2421046891417609,7.1666646003723145,1.6165410379899785,,,,,,,,,,,,,,,,,,,"Niko Mazza","sa3037404",695789
"Josh Timmerman","MIL",0,0,0,5.55598,1,1,0,0,,2.7799,13,3,2,2,0,2,0,0,2,6.74001,5.6533,1.19223,1.61673,0.156522,0.131285,0.025236427783966064,0.253735,1.66808,0.271389,0.701559,,,6.03086,-0.0186696,-0.0250829,999,,,,,,,10.77123761177063,3.874689497606849,11.899484872817993,4.280548877062622,,,,,,,,,,,,,,,,,,,"Josh Timmerman","sa3023098",803024
"Yeuris Jimenez","WSN",0,0,0,5.68412,1,0,0,0,,1.36243,6,1,1,1,0,1,0,0,1,6.51927,6.17867,1.05513,1.20844,0.152086,0.144141,0.007945835590362549,0.271887,1.77859,0.303293,0.684504,,,5.67055,-0.0186944,-0.0277933,999,,,,,,,6.482011818885804,4.75767022707735,5.812170147895813,4.266019507521486,,,,,,,,,,,,,,,,,,,"Yeuris Jimenez","sa3006386",678883
"Augie Mojica","ARI",0,0,0,6.25608,1,1,0,0,,2.83333,12,3,2,2,0,1,0,0,1,4.36858,4.61942,0.945697,1.315,0.110023,0.116341,-0.006317608058452606,0.296353,1.65341,0.309114,0.61717,,,5.75733,-0.0186985,-0.0186473,999,,,,,,,12.166664314270019,4.294117298588169,13.166665077209473,4.647058783930474,,,,,,,,,,,,,,,,,,,"Augie Mojica","sa3068592",821318
"Ayendy Bravo","MIL",0,0,0,5.79211,1,1,0,0,,2.17143,11,3,2,1,0,1,0,0,1,5.60758,4.85263,1.15558,1.7537,0.119881,0.103741,0.016139701008796692,0.276435,1.81077,0.284697,0.720335,,,6.2143,-0.0187589,-0.0604978,999,,,,,,,7.268573999404908,3.3473690694387885,9.857144594192505,4.539473757890772,,,,,,,,,,,,,,,,,,,"Ayendy Bravo","sa3024090",821131
"Zack Showalter","STL",0,0,0,5.21567,1,0,0,0,,1.69944,8,2,1,1,0,1,0,0,1,7.12011,5.45187,1.306,1.23378,0.177843,0.136174,0.04166875779628754,0.253807,1.56721,0.288248,0.679311,,,5.31605,-0.0187654,-0.0124533,999,,,,,,,6.375841021537782,3.7517350512443293,7.497189879417419,4.411570169555537,,,,,,,,,,,,,,,,,,,"Zack Showalter","sa3020959",701374
"Cody Morse","LAD",0,0,0,5.90462,1,0,0,0,,1.3,6,1,1,1,0,1,0,0,1,5.84833,4.81704,1.21409,1.60845,0.140209,0.115484,0.024724483489990234,0.273909,1.64338,0.2889,0.66525,,,5.92561,-0.0187751,-0.0314691,999,,,,,,,6.019999647140503,4.630769129194448,5.499999761581421,4.230769202554013,,,,,,,,,,,,,,,,,,,"Cody Morse","sa3067028",701808
"Hayden Durke","ARI",1,1,0,4.37061,14,0,0,1,,14,63,12,7,7,1,9,,1,15,9.58407,5.89346,1.62622,0.958323,0.236644,0.145518,0.09112605452537537,0.233541,1.53962,0.297383,0.725767,,,4.52387,-0.018783,0.00185519,999,,,,,,,64.10000000000002,4.57857142857143,61,4.357142857142857,,,,,,,,,,,,,,,,,,,"Hayden Durke","sa3022733",694492
"Jake Fitzgibbons","ARI",0,0,0,5.71323,1,0,0,0,,1.37074,6,1,1,1,0,1,0,0,1,5.982,5.4863,1.09035,1.14629,0.156491,0.143524,0.01296757161617279,0.269676,1.57627,0.300554,0.631582,,,5.44974,-0.0188031,-0.0263938,999,,,,,,,6.543512582778931,4.7736908410575785,5.853724718093872,4.270469678071549,,,,,,,,,,,,,,,,,,,"Jake Fitzgibbons","sa3022796",801413
"Clarence Martina","WSN",0,0,0,6.38399,1,0,0,0,,0.9,5,1,1,1,0,1,0,0,0,4.91556,5.18069,0.948823,1.69558,0.107903,0.113722,-0.005819939076900482,0.293787,1.87644,0.301209,0.683145,,,6.39393,-0.0188265,-0.0511439,999,,,,,,,1.059999823570252,1.177777612945176,1.4999998807907104,1.6666665783634869,,,,,,,,,,,,,,,,,,,"Clarence Martina","sa3019099",801745
"Riskiel Tineo","MIA",0,0,0,5.53337,1,0,0,0,,1.53294,7,2,1,1,0,1,0,0,1,5.45314,4.52153,1.20604,1.36774,0.126462,0.104857,0.021604545414447784,0.278315,1.68105,0.295271,0.687558,,,5.56764,-0.0188647,-0.0176552,999,,,,,,,5.143719172477723,3.3554711023422863,6.6646751165390015,4.3476566294100465,,,,,,,,,,,,,,,,,,,"Riskiel Tineo","sa3018375",805144
"Wilmis Paulino","COL",0,0,0,6.50007,1,0,0,0,,1.27037,6,2,1,1,0,1,0,0,1,5.22461,4.67259,1.11814,1.68886,0.119949,0.107276,0.012673571705818176,0.300451,1.80081,0.312787,0.657943,,,6.13542,-0.0188771,-0.0207388,999,,,,,,,3.2007380485534673,2.5195321300267746,5.3518500328063965,4.212827762907544,,,,,,,,,,,,,,,,,,,"Wilmis Paulino","sa3021815",811637
"Will Varmette","SDP",0,0,0,5.87524,1,1,0,0,,2.78401,13,3,2,2,0,2,0,0,2,5.74377,5.30035,1.08366,1.51096,0.141242,0.130338,0.010903909802436829,0.26666,1.62222,0.281996,0.655442,,,5.97174,-0.0188861,-0.0306558,999,,,,,,,10.801696443557738,3.879901536328218,11.92006516456604,4.281612558434331,,,,,,,,,,,,,,,,,,,"Will Varmette","sa3022881",815580
"Keiverson Ramirez","STL",0,0,0,6.02205,1,1,0,0,,3.16154,14,4,2,2,0,1,0,0,1,3.62518,4.18788,0.865635,1.30919,0.0885293,0.102271,-0.013741619884967804,0.294238,1.65223,0.298787,0.636078,,,5.76877,-0.0188962,-0.00497164,999,,,,,,,11.995380353927613,3.7941599271397335,14.807689428329468,4.6836982392227835,,,,,,,,,,,,,,,,,,,"Keiverson Ramirez","sa3022126",808138
"Travis Garnett","ARI",0,0,0,5.37892,1,0,0,0,,0.921545,6,1,1,1,0,1,0,0,1,9.77455,7.24235,1.34964,1.77274,0.168498,0.124847,0.0436512753367424,0.267205,2.29147,0.301276,0.812964,,,6.16778,-0.0189189,-0.0491326,999,,,,,,,3.2194332122802733,3.4935169873022116,3.607725143432617,3.91486582980617,,,,,,,,,,,,,,,,,,,"Travis Garnett","sa3025535",695775
"Gregori Louis","NYM",0,0,0,5.17957,1,0,0,0,,1.49911,7,1,1,1,0,1,0,0,1,6.87578,5.43894,1.26418,1.35428,0.164558,0.13017,0.03438800573348999,0.251126,1.60437,0.276932,0.700142,,,5.54448,-0.018975,-0.024082,999,,,,,,,7.493413877487184,4.998575128071005,6.495549917221069,4.332937535575279,,,,,,,,,,,,,,,,,,,"Gregori Louis","sa3019699",805774
"Sean Harney","ARI",0,0,0,5.32944,1,0,0,0,,1.84566,8,2,1,1,0,1,0,0,1,5.67806,4.18205,1.35772,1.33304,0.149746,0.110292,0.039453886449337006,0.261842,1.43357,0.280964,0.641656,,,5.33716,-0.0190065,-0.00597232,999,,,,,,,7.457868790626526,4.04076433129247,8.228289723396301,4.458187795369753,,,,,,,,,,,,,,,,,,,"Sean Harney","sa3020472",686184
"Accimias Morales","LAD",0,0,0,6.46613,1,1,0,0,,2.03475,9,2,2,1,0,1,0,0,1,4.24694,4.8433,0.876868,1.70606,0.103169,0.117656,-0.014487288892269135,0.284716,1.672,0.284342,0.630797,,,6.4301,-0.0190294,-0.0678435,999,,,,,,,8.857186937332155,4.352950096790852,9.17377495765686,4.508540338192073,,,,,,,,,,,,,,,,,,,"Accimias Morales","sa3018809",703193
"Giovanni Vargas","STL",0,0,0,5.78522,1,0,0,0,,1.42857,6,2,1,1,0,1,0,0,1,4.47581,3.7975,1.17862,1.37811,0.114325,0.0969988,0.017325885593891144,0.284481,1.52582,0.294362,0.628115,,,5.54021,-0.0190811,-0.0265211,999,,,,,,,4.371425294876098,3.0599986548419595,6.142854928970337,4.299999783039026,,,,,,,,,,,,,,,,,,,"Giovanni Vargas","sa3021515",808133
"Hunter Furtado","PIT",0,0,0,5.68566,1,0,0,0,,1.38109,6,1,1,1,0,1,0,0,1,6.31326,5.94553,1.06185,1.23565,0.153973,0.145005,0.008968666195869446,0.267081,1.68566,0.295996,0.666688,,,5.67052,-0.0191301,-0.0250048,999,,,,,,,6.620095443725587,4.793370722740651,5.90546989440918,4.275936311872403,,,,,,,,,,,,,,,,,,,"Hunter Furtado","sa3023447",695345
"Kenten Egbert","CHC",0,0,0,6.10036,1,1,0,0,,4.10214,17,5,3,3,1,2,0,0,2,3.72755,3.29571,1.13103,1.53525,0.0983828,0.0869851,0.011397793889045715,0.29016,1.46845,0.289877,0.592148,,,5.75742,-0.0192062,-0.0424285,999,,,,,,,3.0558426856994636,0.7449384986050495,5.510704517364502,1.3433728014313457,,,,,,,,,,,,,,,,,,,"Kenten Egbert","sa3023500",687881
"Tate Kuehner","MIL",1,0,0,4.79703,10,0,0,1,,10,43,9,6,5,1,5,,1,8,7.40293,4.62271,1.60143,1.18237,0.19129,0.11945,0.0718403309583664,0.24827,1.44117,0.286176,0.68325,,,4.88997,-0.0192182,-0.0316467,999,,,,,,,40.300000000000004,4.03,39,3.9,,,,,,,,,,,,,,,,,,,"Tate Kuehner","sa3023099",804249
"Marino Santy","CHC",0,0,0,5.92863,1,1,0,0,,2.40708,11,3,2,2,0,2,0,0,2,5.67711,6.42272,0.88391,1.21414,0.132729,0.150162,-0.017432287335395813,0.275726,1.81056,0.299451,0.672801,,,5.94972,-0.019285,-0.0488638,999,,,,,,,8.012391519546508,3.3286769594964354,10.035399675369263,4.169117746836007,,,,,,,,,,,,,,,,,,,"Marino Santy","sa3017422",696091
"Jeury Espinal","ARI",0,0,0,6.37527,1,1,0,0,,2.53333,11,3,2,2,0,1,0,0,1,3.86062,4.61519,0.836502,1.30244,0.101245,0.121033,-0.01978873461484909,0.294827,1.59605,0.302703,0.590163,,,5.84653,-0.0192945,-0.0363908,999,,,,,,,9.946664667129518,3.9263154189672105,11.666665315628052,4.605263115791728,,,,,,,,,,,,,,,,,,,"Jeury Espinal","sa3024105",824216
"Brayden Spears","CHC",0,0,0,5.56665,1,0,0,0,,1.66944,7,2,1,1,0,1,0,0,1,4.64813,4.13145,1.12506,1.17989,0.119842,0.106521,0.01332152634859085,0.280608,1.52586,0.296653,0.633458,,,5.32964,-0.0193091,-0.0136558,999,,,,,,,6.153885340690613,3.686188617205088,7.347219824790955,4.400998164065337,,,,,,,,,,,,,,,,,,,"Brayden Spears","sa3067025",687168
"Carter Lovasz","ATL",0,0,0,5.06131,1,0,0,0,,1.75,10,2,1,1,0,1,0,0,2,8.79226,5.04267,1.74357,1.59649,0.179959,0.103213,0.07674600929021835,0.263481,1.827,0.298176,0.76823,,,5.35034,-0.0194768,-0.00712026,999,,,,,,,8.750000000000004,5.000000000000002,9.75,5.571428571428571,,,,,,,,,,,,,,,,,,,"Carter Lovasz","sa3036586",801921
"Cade Kuehler","ATL",0,0,0,5.93051,1,1,0,0,,4.37073,19,5,3,3,1,2,0,0,2,4.89159,4.17715,1.17104,1.46342,0.125785,0.107414,0.01837160438299179,0.280422,1.53195,0.291838,0.622735,,,5.70108,-0.0194902,-0.0208026,999,,,,,,,5.043408489227293,1.1539050633056391,6.853654384613037,1.5680797051129889,,,,,,,,,,,,,,,,,,,"Cade Kuehler","sa3023306",805780
"Holt Jones","MIA",0,0,0,5.34132,1,0,0,0,,1.60555,8,2,1,1,0,1,0,0,1,7.68456,6.20165,1.23911,1.28894,0.174775,0.141048,0.03372675180435181,0.259166,1.76087,0.295868,0.713076,,,5.53865,-0.0195022,-0.0138633,999,,,,,,,5.68105537891388,3.538390190367569,7.027740120887756,4.377159708123801,,,,,,,,,,,,,,,,,,,"Holt Jones","sa3017368",695366
"Ian Villers","SFG",0,0,0,5.46953,1,0,0,0,,1.56096,7,2,1,1,0,1,0,0,1,4.95326,4.07696,1.21494,1.24224,0.125139,0.103,0.022138826549053192,0.277215,1.53299,0.293678,0.648794,,,5.3352,-0.019505,-0.0199338,999,,,,,,,5.351118516921997,3.428090272575132,6.804809808731079,4.359369398802441,,,,,,,,,,,,,,,,,,,"Ian Villers","sa3017303",677351
"Bryan Mena","PIT",0,0,0,6.83593,1,1,0,0,,3.78743,17,5,3,3,1,2,0,0,2,4.2294,5.01752,0.842928,1.49101,0.102404,0.121486,-0.01908208429813385,0.30899,1.78649,0.318184,0.615545,,,6.18371,-0.0196514,-0.0231039,999,,,,,,,0.7270035266876214,0.19195152604757296,3.937164545059204,1.0395338055206447,,,,,,,,,,,,,,,,,,,"Bryan Mena","sa3016613",700167
"Gavin Adams","PIT",0,0,0,5.55347,1,0,0,0,,1.16923,6,1,1,1,0,1,0,0,1,7.47349,6.99941,1.06773,1.33433,0.153926,0.144161,0.00976426899433136,0.268342,1.99851,0.300366,0.739584,,,5.93769,-0.0197584,-0.0358426,999,,,,,,,5.052309823036195,4.321053389804329,4.846155285835266,4.144737052723425,,,,,,,,,,,,,,,,,,,"Gavin Adams","sa3067453",701400
"Ethan Bell","CHC",0,0,0,5.36048,1,0,0,0,,1.23461,6,1,1,1,0,1,0,0,1,8.30522,6.51126,1.27552,1.47283,0.180622,0.141607,0.03901490569114685,0.25379,1.82035,0.288432,0.735159,,,5.77817,-0.0197763,-0.0360687,999,,,,,,,5.536150765419007,4.484111166287413,5.173074841499329,4.190030879524281,,,,,,,,,,,,,,,,,,,"Ethan Bell","sa3067260",809754
"Rio Britton","ARI",0,0,0,5.42772,1,0,0,0,,1.94286,8,2,1,1,0,1,0,0,1,5.77283,4.4938,1.28462,1.10512,0.146858,0.11432,0.032538093626499176,0.278888,1.56408,0.308472,0.65034,,,5.09783,-0.0197862,0.00366249,999,,,,,,,8.177142000198366,4.208823339202814,8.714285135269165,4.485294086968196,,,,,,,,,,,,,,,,,,,"Rio Britton","sa3023379",694833
"DL Hall","MIL",3,3,0,4.18219,52,0,0,7,,52,223,46,26,24,7,24,,3,49,8.40857,4.13361,2.0342,1.14548,0.21786,0.107099,0.11076138913631439,0.233523,1.34216,0.277885,0.717044,,,4.44453,-0.0198395,-0.00594845,742.1500244140625,,,,,,,224.10000000000005,4.309615384615386,214,4.115384615384615,,,,,,,,,,,,,,,,,,,"DL Hall","22207",669084
"Tyler Bradt","STL",0,0,0,5.53795,1,0,0,0,,1.63364,7,2,1,1,0,1,0,0,1,6.60959,5.33277,1.23943,1.26006,0.167468,0.135117,0.0323510468006134,0.264206,1.58043,0.295978,0.656128,,,5.42497,-0.0198491,-0.0158961,999,,,,,,,5.888943433761598,3.604796535661846,7.16820502281189,4.387870408977717,,,,,,,,,,,,,,,,,,,"Tyler Bradt","sa3022859",802680
"Brandon Waddell","NYM",1,1,0,4.60344,14,0,0,1,,14,59,14,8,7,2,5,,1,10,6.49994,3.04605,2.1339,1.30542,0.171373,0.08031,0.09106317907571793,0.252853,1.30735,0.277896,0.677986,,,4.72349,-0.0199261,-0.0394744,999,,,,,,,48.6,3.4714285714285715,50,3.5714285714285716,,,,,,,,,,,,,,,,,,,"Brandon Waddell","18347",663399
"Zach Brzykcy","MIA",1,1,0,4.67461,18,0,0,1,,18,80,17,10,9,2,9,,1,17,8.40593,4.41155,1.90544,1.24416,0.210901,0.110684,0.10021740198135376,0.248407,1.45593,0.293908,0.703925,,,4.68663,-0.0199739,-0.0265844,999,,,,,,,72.40000000000002,4.022222222222223,72,4,,,,,,,,,,,,,,,,,,,"Zach Brzykcy","27783",694350
"Daniel Nunez","ARI",0,0,0,6.02279,1,1,0,0,,3.21574,15,4,2,2,1,1,0,0,2,4.2984,3.66609,1.17247,1.55265,0.105264,0.0897793,0.015484653413295746,0.291562,1.59723,0.296526,0.639018,,,5.79086,-0.0199846,0.00443224,999,,,,,,,2.0964457511901866,0.6519334324552001,4.07867956161499,1.2683502852286819,,,,,,,,,,,,,,,,,,,"Daniel Nunez","sa3023597",805982
"Andrew Dalquist","SDP",0,0,0,5.78032,1,0,0,0,,1.67278,7,2,1,1,0,1,0,0,1,5.91843,5.48167,1.07968,1.3249,0.151414,0.14024,0.011173650622367859,0.264982,1.58425,0.287954,0.640542,,,5.72251,-0.0200261,-0.0137686,999,,,,,,,6.178594326972962,3.6936017783515647,7.3639150857925415,4.402193835217994,,,,,,,,,,,,,,,,,,,"Andrew Dalquist","sa3011841",686643
"Sam Whiting","SDP",0,0,0,5.74396,1,1,0,0,,2.92279,13,3,2,2,0,2,0,0,2,5.04855,4.92503,1.02508,1.49251,0.123053,0.120042,0.003010675311088562,0.267177,1.60468,0.275949,0.661275,,,5.97128,-0.0201247,-0.0224588,999,,,,,,,11.828667545318602,4.047042641528949,12.613964557647705,4.315722988067132,,,,,,,,,,,,,,,,,,,"Sam Whiting","sa3023078",688519
"Sam Brodersen","STL",0,0,0,5.71114,1,0,0,0,,1.25556,6,1,1,1,0,1,0,0,1,6.72433,5.91007,1.13777,1.35544,0.157809,0.1387,0.019109264016151428,0.268469,1.73575,0.297433,0.683754,,,5.74417,-0.0201405,-0.0353631,999,,,,,,,5.69111430644989,4.5327443489198584,5.277779936790466,4.2035400969221834,,,,,,,,,,,,,,,,,,,"Sam Brodersen","sa3027731",813291
"Joan Gonzalez","SDP",0,0,0,5.54027,1,0,0,0,,1.565,7,2,1,1,0,1,0,0,1,5.87398,4.74097,1.23898,1.37105,0.147806,0.119297,0.028509914875030518,0.266376,1.5489,0.286854,0.656284,,,5.5457,-0.0202265,-0.021138,999,,,,,,,5.3809774875640874,3.438330957014037,6.824984788894653,4.3610211220990385,,,,,,,,,,,,,,,,,,,"Joan Gonzalez","sa3022860",802993
"Landon Ginn","CHC",0,0,0,5.58421,1,0,0,0,,1.59504,7,2,1,1,0,1,0,0,1,5.40123,4.44586,1.21489,1.31373,0.135268,0.111342,0.023926109075546265,0.275139,1.56479,0.293994,0.652074,,,5.46683,-0.0203345,-0.0175414,999,,,,,,,5.6032886743545545,3.5129477329750323,6.975195050239563,4.373056085963714,,,,,,,,,,,,,,,,,,,"Landon Ginn","sa3023159",701061
"Yenrri Rojas","CHC",0,0,0,6.06634,1,1,0,0,,4.20594,18,4,3,3,1,2,0,0,2,3.72556,3.90047,0.955158,1.37941,0.0993239,0.103987,-0.004662945866584778,0.286361,1.48937,0.289297,0.59082,,,5.74001,-0.0203666,-0.0365148,999,,,,,,,6.423964881896973,1.5273548953811906,6.029706001281738,1.4336163332274436,,,,,,,,,,,,,,,,,,,"Yenrri Rojas","sa3018366",805060
"Bernard Mack","STL",0,0,0,5.73015,1,1,0,0,,3.08125,14,3,2,2,0,2,0,0,2,6.77469,6.32489,1.07112,1.34886,0.16065,0.149984,0.010666251182556152,0.262091,1.731,0.290791,0.680791,,,5.86517,-0.0204172,-0.00980878,999,,,,,,,13.001249647140504,4.219472567412782,13.406249761581421,4.350912768859751,,,,,,,,,,,,,,,,,,,"Bernard Mack","sa3021771",808088
"Austin Amaral","WSN",0,0,0,5.75597,1,0,0,0,,1.75632,7,2,1,1,0,1,0,0,1,4.75272,3.92592,1.2106,1.38717,0.127716,0.105498,0.02221769094467163,0.275361,1.44184,0.286717,0.606262,,,5.53095,-0.0204469,-0.00727807,999,,,,,,,6.796782994270326,3.8698956641634825,7.781610131263733,4.430628332929594,,,,,,,,,,,,,,,,,,,"Austin Amaral","sa3022903",694544
"Jose Nova","MIL",0,0,0,5.61933,1,0,0,0,,1.19121,6,1,1,1,0,1,0,0,1,6.63737,5.94584,1.11631,1.52243,0.15148,0.135698,0.01578238606452942,0.259347,1.73648,0.2797,0.703182,,,6.02015,-0.0205405,-0.0372431,999,,,,,,,5.214946293830872,4.377860203340777,4.956044793128967,4.160516723150216,,,,,,,,,,,,,,,,,,,"Jose Nova","sa3023641",703360
"Josh Blum","NYM",0,0,0,5.52485,1,0,0,0,,1.63714,7,2,1,1,0,1,0,0,1,5.09512,4.05175,1.25751,1.42174,0.130802,0.104017,0.02678544819355011,0.268607,1.4788,0.28037,0.642726,,,5.55264,-0.020558,-0.0169237,999,,,,,,,5.914858317375184,3.612914852318273,7.185715079307556,4.389179814890044,,,,,,,,,,,,,,,,,,,"Josh Blum","sa3027287",810840
"Wilson Lopez","NYM",0,0,0,5.77482,1,0,0,0,,0.971346,5,1,1,1,0,1,0,0,1,6.20751,7.28814,0.851728,1.31223,0.13098,0.153782,-0.022801473736763,0.268562,1.98835,0.290681,0.721621,,,6.28352,-0.0206498,-0.0508023,999,,,,,,,3.587960553169251,3.6938026992574233,3.856730103492737,3.9705007497937284,,,,,,,,,,,,,,,,,,,"Wilson Lopez","sa3019297",805083
"Luke Jewett","COL",0,0,0,6.73901,1,0,0,0,,1.28857,6,2,1,1,0,1,0,0,1,4.21285,4.63905,0.908128,1.6158,0.101495,0.111763,-0.010267950594425201,0.304796,1.74794,0.310056,0.621486,,,6.23786,-0.0206549,-0.0197937,999,,,,,,,3.335425400733947,2.5884684666015434,5.442855000495911,4.223946526871217,,,,,,,,,,,,,,,,,,,"Luke Jewett","sa3034688",695609
"Joel Ibarra","LAD",0,0,0,5.82988,1,0,0,0,,1.07705,5,1,1,1,0,1,0,0,1,7.41351,6.98489,1.06136,1.66096,0.167235,0.157567,0.009668692946434021,0.24913,1.79392,0.270785,0.707515,,,6.40688,-0.0207629,-0.0427647,999,,,,,,,4.3701997756958,4.057549277342384,4.385270118713379,4.07154146592844,,,,,,,,,,,,,,,,,,,"Joel Ibarra","sa3009326",684169
"Jacob Shafer","ATL",0,0,0,6.18898,1,1,0,0,,4.01492,17,4,3,3,1,2,0,0,2,4.16247,3.99625,1.04159,1.44459,0.112442,0.107952,0.004490084946155548,0.286011,1.48011,0.291904,0.580718,,,5.76878,-0.0207754,-0.0412783,999,,,,,,,5.010423851013188,1.2479504393281549,5.074610710144043,1.2639375137620366,,,,,,,,,,,,,,,,,,,"Jacob Shafer","sa3025390",822465
"Reynardo Cruz","CIN",0,0,0,6.47848,1,1,0,0,,3.265,15,4,3,2,1,2,0,0,2,5.09875,5.46561,0.932878,1.59443,0.125404,0.134427,-0.00902298092842102,0.282002,1.69445,0.292468,0.62792,,,6.29253,-0.020797,-0.0724338,999,,,,,,,-0.5389992237091068,-0.16508398358073745,1.325000524520874,0.40581944316959273,,,,,,,,,,,,,,,,,,,"Reynardo Cruz","sa3016032",699106
"Samuel Vasquez","MIA",0,0,0,6.09687,1,0,0,0,,1.23297,5,1,1,1,0,1,0,0,1,4.80018,5.2541,0.913606,1.39521,0.120126,0.131485,-0.0113595649600029,0.277637,1.63947,0.289228,0.632415,,,5.99647,-0.0208307,-0.0344091,999,,,,,,,5.523962998390198,4.480216129252138,5.164839863777161,4.18894892479226,,,,,,,,,,,,,,,,,,,"Samuel Vasquez","sa3005849",679029
"Styven Paez","ATL",0,0,0,6.02199,1,0,0,0,,1.24,6,1,1,1,0,1,0,0,1,5.48347,4.597,1.19284,1.55333,0.130259,0.109201,0.02105776220560074,0.285209,1.68396,0.300338,0.660839,,,5.85232,-0.0208858,-0.0335782,999,,,,,,,5.576000070571901,4.496774215876871,5.200000047683716,4.193548393299131,,,,,,,,,,,,,,,,,,,"Styven Paez","sa3022155",814230
"Joel Sierra","CHC",0,0,0,5.40681,1,0,0,0,,1.14444,6,1,1,1,0,1,0,0,1,8.15572,6.5442,1.24625,1.61545,0.16375,0.131394,0.03235611319541931,0.259679,1.95797,0.287712,0.762776,,,6.03866,-0.0209738,-0.040629,999,,,,,,,4.868885517120361,4.254367679649744,4.722219944000244,4.126213244347151,,,,,,,,,,,,,,,,,,,"Joel Sierra","sa3016947",699387
"Juan Reynoso","MIA",0,0,0,5.61287,1,0,0,0,,1.58668,7,2,1,1,0,1,0,0,1,6.11853,5.67354,1.07843,1.23561,0.146649,0.135984,0.01066558063030243,0.270068,1.69677,0.296699,0.675019,,,5.62196,-0.0210351,-0.0148505,999,,,,,,,5.541432404518129,3.492469945801053,6.933400273323059,4.369753217064686,,,,,,,,,,,,,,,,,,,"Juan Reynoso","sa3017790",702418
"Charles Harrison","STL",0,0,0,5.79844,1,0,0,0,,1.39302,7,2,1,1,0,1,0,0,1,6.30526,5.40599,1.16635,1.38138,0.149021,0.127767,0.02125367522239685,0.276043,1.71704,0.301833,0.674601,,,5.70043,-0.0212639,-0.0283471,999,,,,,,,4.108333253860473,2.949231978620993,5.965090036392212,4.282134190100161,,,,,,,,,,,,,,,,,,,"Charles Harrison","sa3023668",801422
"Wilber Dotel","PIT",1,1,2,5.35221,17,3,0,1,,33,149,36,22,20,5,15,,2,22,5.95738,4.15167,1.43494,1.34337,0.148064,0.103185,0.04487883299589157,0.270828,1.53359,0.293201,0.667405,,,5.28555,-0.0212796,-0.116674,999,,,,,,,86.10000000000005,2.6090909090909107,97,2.9393939393939394,,,,,,,,,,,,,,,,,,,"Wilber Dotel","sa3015163",696062
"Camron Hill","PHI",0,0,0,5.89019,1,1,0,0,,2.65,14,3,2,2,1,2,0,0,2,7.24975,5.93245,1.22205,1.79659,0.156671,0.128204,0.028467684984207153,0.266215,1.83599,0.286114,0.720308,,,6.28184,-0.021282,-0.0283908,999,,,,,,,-2.489999294281005,-0.9396223413855228,-1.7499995231628418,-0.6603771547865542,,,,,,,,,,,,,,,,,,,"Camron Hill","sa3033811",701320
"Yadiel Batista","STL",0,0,0,6.26309,1,1,0,0,,3.97873,17,4,3,3,1,2,0,0,2,3.63406,3.72814,0.974764,1.43019,0.0949531,0.0974113,-0.002458244562149048,0.296787,1.5395,0.299293,0.591809,,,5.77633,-0.0212924,-0.0503898,999,,,,,,,4.742594671249394,1.1919873557039415,4.8936450481414795,1.229951835447737,,,,,,,,,,,,,,,,,,,"Yadiel Batista","sa3021558",810098
"Ramon Sanchez","MIA",0,0,0,6.35818,1,0,0,0,,1.20553,6,1,1,1,0,1,0,0,1,4.66193,5.01928,0.928803,1.57446,0.110366,0.118826,-0.008459992706775665,0.28973,1.74003,0.297353,0.647723,,,6.21117,-0.0212988,-0.0370198,999,,,,,,,5.320922350883485,4.413761699499414,5.027650237083435,4.170489360972059,,,,,,,,,,,,,,,,,,,"Ramon Sanchez","sa3019132",800013
"Maxwel Hernandez","PHI",0,0,0,6.44366,1,1,0,0,,2.62938,12,3,2,2,0,1,0,0,1,4.02123,4.51199,0.891232,1.62393,0.0968915,0.108716,-0.011824838817119598,0.293671,1.69294,0.294768,0.632463,,,6.24841,-0.0213522,-0.0296091,999,,,,,,,10.657404851913451,4.053202187259003,12.146895170211792,4.6196820667339775,,,,,,,,,,,,,,,,,,,"Maxwel Hernandez","sa3018822",800091
"Braian Salazar","SDP",0,0,0,5.04527,1,0,0,0,,1.70249,8,2,1,1,0,1,0,0,2,8.22299,6.27479,1.31048,1.33311,0.187844,0.143339,0.04450403153896332,0.244073,1.69935,0.280547,0.72861,,,5.50749,-0.0213596,-0.0139784,999,,,,,,,8.398425793647768,4.933025116862553,9.512449860572815,5.587374972175582,,,,,,,,,,,,,,,,,,,"Braian Salazar","sa3019741",800317
"Andres Silvera","PIT",0,0,0,5.69898,1,0,0,0,,1.60715,8,2,1,1,0,1,0,0,1,5.99137,4.95424,1.20934,1.39611,0.137436,0.113645,0.023790568113327026,0.280782,1.74028,0.302837,0.688506,,,5.63924,-0.0214784,-0.0132556,999,,,,,,,5.692909693717957,3.5422392684748445,7.035749793052673,4.377780527173362,,,,,,,,,,,,,,,,,,,"Andres Silvera","sa3016284",700353
"Sean Barnett","SDP",0,0,0,5.64084,1,0,0,0,,0.728571,5,1,0,0,0,1,0,0,1,8.42018,7.5604,1.11372,2.17633,0.133654,0.120006,0.013647258281707764,0.268343,2.47098,0.28347,0.837736,,,7.17417,-0.0215178,0.0402035,999,,,,,,,1.791425383090973,2.4588206073387315,2.6428549885749817,3.627450168705203,,,,,,,,,,,,,,,,,,,"Sean Barnett","sa3025496",826141
"Connor Staine","COL",0,0,0,6.67021,1,1,0,0,,4.35003,19,5,4,3,1,2,0,0,2,4.57997,4.46707,1.02527,1.72217,0.115298,0.112456,0.0028421059250831604,0.29336,1.63065,0.297804,0.60258,,,6.24608,-0.0215505,-0.0683152,999,,,,,,,4.890207481384277,1.1241783819868523,6.750140190124512,1.5517463637290398,,,,,,,,,,,,,,,,,,,"Connor Staine","sa3020739",688422
"Eric Prado","MIL",0,0,0,5.82353,1,1,0,0,,3.38461,15,4,2,2,1,2,0,0,2,4.53492,4.05819,1.11747,1.65143,0.111411,0.0996986,0.011711955070495605,0.272384,1.54637,0.273505,0.651149,,,6.01566,-0.021553,0.0113923,999,,,,,,,0.3461505889892589,0.10227177822873124,1.923074722290039,0.5681812418393103,,,,,,,,,,,,,,,,,,,"Eric Prado","sa3021780",808260
"Tristan Smith","CIN",0,0,0,5.70053,1,0,0,0,,1.33333,8,2,1,1,0,1,0,0,1,8.8263,6.33944,1.39228,1.93818,0.170557,0.122501,0.04805529862642288,0.26629,2.02989,0.293566,0.774179,,,6.29035,-0.0215823,-0.0247179,999,,,,,,,3.6666643142700197,2.749998891353343,5.666665077209473,4.249999821186023,,,,,,,,,,,,,,,,,,,"Tristan Smith","sa3042648",702280
"Hunter Hollan","CIN",0,0,0,6.35419,1,1,0,0,,2.37146,12,3,2,2,0,2,0,0,2,6.01736,6.02037,0.999501,1.79598,0.134082,0.134149,-0.00006696581840515137,0.276262,1.8449,0.288151,0.685885,,,6.58147,-0.0215912,-0.039095,999,,,,,,,7.748826646804809,3.26752998023352,9.857315301895142,4.156638771476229,,,,,,,,,,,,,,,,,,,"Hunter Hollan","sa3025045",702052
"Brennan Malone","PIT",0,0,0,6.34682,1,0,0,0,,1.07954,5,1,1,1,0,1,0,0,1,4.91418,5.65988,0.868248,1.49342,0.112289,0.129328,-0.017039217054843903,0.290032,1.83982,0.301742,0.665367,,,6.26258,-0.0216536,-0.040381,999,,,,,,,4.388611102104187,4.065252612812374,4.397710204124451,4.07368128133677,,,,,,,,,,,,,,,,,,,"Brennan Malone","sa3011741",683005
"Carlos Martinez","LAD",0,0,0,5.63787,1,0,0,0,,1.42237,7,1,1,1,0,1,0,0,1,7.45147,5.86179,1.27119,1.66823,0.171382,0.134819,0.03656226396560669,0.25414,1.69852,0.277363,0.704872,,,6.02001,-0.0216702,-0.0251917,999,,,,,,,6.9255306243896495,4.869011211817667,6.111845016479492,4.296947558838241,,,,,,,,,,,,,,,,,,,"Carlos Martinez","sa3015423",691546
"Jose Luis Reyes","SDP",0,0,0,5.86144,1,1,0,0,,4.06735,19,5,3,3,1,2,0,0,2,4.56015,3.93096,1.16006,1.57387,0.110313,0.0950923,0.015220582485198975,0.282071,1.59502,0.287144,0.654492,,,5.85586,-0.0216794,-0.049843,999,,,,,,,2.7983893394470236,0.6880129324650577,5.33674955368042,1.3120950178379436,,,,,,,,,,,,,,,,,,,"Jose Luis Reyes","sa3015304",692271
"Brody Jessee","CIN",0,0,0,5.72326,1,0,0,0,,1.78604,8,2,1,1,0,1,0,0,1,6.47026,4.91023,1.31771,1.62637,0.152787,0.115949,0.03683822602033615,0.267828,1.64506,0.28662,0.682798,,,5.84702,-0.0216904,-0.0009777111,999,,,,,,,7.0166956186294565,3.9286330771414364,7.9301997423172,4.440102109216361,,,,,,,,,,,,,,,,,,,"Brody Jessee","sa3020447",689297
"Jairon Digon","ARI",0,0,0,6.03813,1,1,0,0,,2.7,13,3,2,2,0,2,0,0,2,5.55541,5.05734,1.09848,1.50229,0.128202,0.116708,0.011493846774101257,0.28593,1.76195,0.302721,0.673431,,,5.92431,-0.0217661,-0.0265719,999,,,,,,,10.180000352859498,3.7703704344719355,11.500000238418579,4.259259272341211,,,,,,,,,,,,,,,,,,,"Jairon Digon","sa3022148",811138
"Redinson Gomez","COL",0,0,0,7.01558,1,0,0,0,,1.36842,6,2,1,1,0,1,0,0,1,4.50355,4.69219,0.959796,1.66702,0.116163,0.121029,-0.004865869879722595,0.302108,1.64992,0.30929,0.57423,,,6.25843,-0.0218505,-0.0156327,999,,,,,,,3.9263150930404658,2.8692304576289507,5.84210479259491,4.269230718972412,,,,,,,,,,,,,,,,,,,"Redinson Gomez","sa3016612",700166
"Jose Ortega","SDP",0,0,0,5.84893,1,0,0,0,,1.025,6,1,1,1,0,1,0,0,1,6.28862,5.52219,1.13879,1.79479,0.124557,0.109377,0.015180513262748718,0.280228,1.99575,0.293184,0.749137,,,6.36249,-0.0218765,-0.0485772,999,,,,,,,3.9849998235702517,3.887804796353894,4.1249998807907104,4.024390221209415,,,,,,,,,,,,,,,,,,,"Jose Ortega","sa3024610",823886
"Luis Carias","LAD",0,0,0,6.14097,1,1,0,0,,3.15714,15,4,2,2,1,2,0,0,2,5.0912,4.56465,1.11535,1.77691,0.121968,0.109354,0.01261446624994278,0.276628,1.63528,0.280751,0.654975,,,6.25037,-0.0218954,-0.00200512,999,,,,,,,-1.3371409416198734,-0.4235287703128029,0.7857155799865723,0.24886916782623314,,,,,,,,,,,,,,,,,,,"Luis Carias","sa3021006",808218
"Jose Franco","CIN",1,1,0,4.73444,18,0,0,1,,18,78,17,10,9,3,8,,1,16,7.80505,4.11822,1.89525,1.41572,0.200129,0.105595,0.09453406184911728,0.242142,1.38425,0.274535,0.695595,,,4.96475,-0.0219025,-0.0164099,999,,,,,,,61.10000000000001,3.394444444444445,60,3.3333333333333335,,,,,,,,,,,,,,,,,,,"Jose Franco","sa3008714",683742
"Luis Germán","SDP",0,0,0,5.50099,1,0,0,0,,1.16808,6,1,1,1,0,1,0,0,1,7.45992,7.77219,0.959822,1.23348,0.162067,0.168851,-0.006784036755561829,0.253584,1.92421,0.287126,0.725394,,,6.05458,-0.0220398,-0.0414104,999,,,,,,,5.043762683868408,4.318008860919166,4.8403801918029785,4.143891350255324,,,,,,,,,,,,,,,,,,,"Luis German","sa3019658",702445
"Yordy Herrera","STL",0,0,0,5.37317,1,0,0,0,,1.75805,8,2,1,1,0,1,0,0,1,7.1956,5.64316,1.2751,1.28872,0.172085,0.134958,0.037127092480659485,0.260511,1.65921,0.294422,0.690414,,,5.4491,-0.022079,-0.00937215,999,,,,,,,6.809599733352662,3.87337343651107,7.790270090103149,4.4311892639533985,,,,,,,,,,,,,,,,,,,"Yordy Herrera","sa3019643",800277
"Alex Rao","PHI",0,0,0,5.8738,1,0,0,0,,1.29337,7,2,1,1,0,1,0,0,1,7.01981,5.78188,1.21411,1.70427,0.154426,0.127193,0.027232766151428223,0.268998,1.81202,0.290128,0.710571,,,6.14562,-0.0221632,-0.0297695,999,,,,,,,3.3709010124206538,2.6063029446800097,5.466825008392334,4.22682305559355,,,,,,,,,,,,,,,,,,,"Alex Rao","sa3020595",702102
"Edgar Colon","CIN",0,0,0,6.48391,1,1,0,0,,2.875,13,3,2,2,1,2,0,0,1,4.412,5.18055,0.851646,1.6498,0.108414,0.1273,-0.01888538897037506,0.281975,1.67305,0.284028,0.625651,,,6.42706,-0.0222454,-0.00916108,999,,,,,,,-2.8249999999999984,-0.9826086956521733,-2.625,-0.9130434782608695,,,,,,,,,,,,,,,,,,,"Edgar Colon","sa3067292",813958
"Alvaro Benua","LAD",0,0,0,5.95466,1,0,0,0,,1.20385,6,1,1,1,0,1,0,0,1,7.86376,7.56482,1.03952,1.49351,0.177112,0.170379,0.006732940673828125,0.255138,1.8679,0.288389,0.700218,,,6.26482,-0.0222609,-0.0363629,999,,,,,,,5.30848228931427,4.409591630220257,5.0192447900772095,4.169331008394516,,,,,,,,,,,,,,,,,,,"Alvaro Benua","sa3018032",703620
"Sam Gerth","COL",0,0,0,6.54358,1,0,0,0,,1.02,6,2,1,1,0,1,0,0,1,7.11941,6.51161,1.09334,2.00372,0.126073,0.11531,0.01076296716928482,0.305071,2.39479,0.324469,0.768411,,,6.83585,-0.0222785,-0.033613,999,,,,,,,1.347999858856201,1.3215685137873725,4.099999904632568,4.019607824804415,,,,,,,,,,,,,,,,,,,"Sam Gerth","sa3067484",821456
"Trevor Williams","WSN",1,1,0,5.12496,18,0,0,1,,18,76,19,11,10,3,5,,1,13,6.43211,2.71225,2.3715,1.43515,0.169266,0.0713751,0.09789083153009415,0.273579,1.36232,0.300105,0.649974,,,4.81121,-0.0223878,-0.0569323,999,,,,,,,58.90000000000001,3.272222222222223,63,3.5,,,,,,,,,,,,,,,,,,,"Trevor Williams","16977",592866
"Mervin Fell","ARI",0,0,0,5.92422,1,1,0,0,,3.955,17,4,3,3,1,2,0,0,2,5.13011,4.99524,1.027,1.29619,0.132612,0.129125,0.0034864097833633423,0.276686,1.57644,0.294668,0.623717,,,5.68769,-0.0224374,-0.0433401,999,,,,,,,4.5669994354248065,1.1547407139126502,4.774999618530273,1.2073324173558602,,,,,,,,,,,,,,,,,,,"Mervin Fell","sa3022267",807818
"Sam Benschoter","CIN",1,1,0,5.02292,16,0,0,1,,16,70,16,10,9,2,6,,1,12,6.71624,3.64934,1.8404,1.38906,0.170571,0.0926815,0.07788975536823273,0.261693,1.43187,0.288612,0.676351,,,5.00772,-0.022452,-0.0466067,999,,,,,,,59.20000000000001,3.7000000000000006,61,3.8125,,,,,,,,,,,,,,,,,,,"Sam Benschoter","sa3017639",680397
"Luis Martinez-Gomez","CHC",0,0,0,5.29497,1,0,0,0,,1.91303,8,2,1,1,0,1,0,0,1,6.63441,5.08346,1.3051,1.29823,0.168036,0.128753,0.03928212821483612,0.256084,1.53009,0.284293,0.668231,,,5.38878,-0.0225085,-0.000785832,999,,,,,,,7.956392216682434,4.1590612567280205,8.56512987613678,4.477267944633551,,,,,,,,,,,,,,,,,,,"Luis Martinez-Gomez","sa3023285",815292
"Aaron Holiday","STL",0,0,0,5.52815,1,0,0,0,,1.39448,7,2,1,1,0,1,0,0,1,7.21,6.27251,1.14946,1.37669,0.163232,0.142008,0.02122439444065094,0.260966,1.77988,0.291013,0.708295,,,5.79579,-0.0226281,-0.028272,999,,,,,,,4.119158983230592,2.9539012360834405,5.972404718399048,4.282887296142491,,,,,,,,,,,,,,,,,,,"Aaron Holiday","sa3017937",701569
"Eli Saul","ARI",0,0,0,5.97899,1,0,0,0,,1.21892,6,1,1,1,0,1,0,0,1,5.02168,5.88635,0.853106,1.18334,0.116241,0.136256,-0.020015232264995575,0.286516,1.82507,0.305958,0.670005,,,5.86731,-0.022714,-0.0341618,999,,,,,,,5.4199929475784305,4.446560883714221,5.094589829444885,4.1796002454761725,,,,,,,,,,,,,,,,,,,"Eli Saul","sa3020471",683272
"William Maynard","LAD",0,0,0,6.34948,1,0,0,0,,0.990297,5,1,1,1,0,1,0,0,1,5.4354,6.13039,0.886632,1.7951,0.115448,0.13021,-0.014761708676815033,0.280931,1.94166,0.288056,0.704456,,,6.75312,-0.0227252,-0.0471117,999,,,,,,,3.7281979441642767,3.7647270170677576,3.9514850974082947,3.990201949185488,,,,,,,,,,,,,,,,,,,"William Maynard","sa3025091",814310
"Estarlin Escalante","NYM",0,0,0,5.4522,1,0,0,0,,1.38953,7,2,1,1,0,1,0,0,1,5.89072,5.80776,1.01428,1.33501,0.132987,0.131114,0.001872822642326355,0.263322,1.75569,0.281797,0.706725,,,5.86905,-0.0227874,-0.0297137,999,,,,,,,4.082536578178407,2.9380659576386523,5.947659850120544,4.2803332189739765,,,,,,,,,,,,,,,,,,,"Estarlin Escalante","sa3018906",805076
"Jeckferxon Hernandez","MIA",0,0,0,5.91537,1,0,0,0,,1.26,6,1,1,1,0,1,0,0,1,6.29361,6.32911,0.994391,1.422,0.138757,0.13954,-0.0007826685905456543,0.275483,1.88067,0.298362,0.700703,,,6.08744,-0.0228341,-0.0317299,999,,,,,,,5.723999929428102,4.542857121231876,5.299999952316284,4.206349200342188,,,,,,,,,,,,,,,,,,,"Jeckferxon Hernandez","sa3022279",814468
"Victor Brea","ARI",0,0,0,5.98084,1,0,0,0,,1.66667,7,2,1,1,0,1,0,0,1,4.83149,4.12907,1.17011,1.31508,0.127817,0.109235,0.018582426011562347,0.287885,1.52207,0.304658,0.604363,,,5.48079,-0.0228868,-0.011005,999,,,,,,,6.133335685729981,3.6800007095335565,7.333334922790527,4.400000114440896,,,,,,,,,,,,,,,,,,,"Victor Brea","sa3019242",699233
"Charlie Hurley","CHC",0,0,0,6.36223,1,1,0,0,,2.00333,10,2,2,1,0,1,0,0,1,3.78333,5.91642,0.639463,1.24736,0.0871181,0.136236,-0.049118176102638245,0.295117,1.86993,0.302544,0.655067,,,6.24592,-0.0229154,-0.0719438,999,,,,,,,8.624664878845216,4.3051576966525085,9.0166654586792,4.500831886556856,,,,,,,,,,,,,,,,,,,"Charlie Hurley","sa3067102",695041
"Stephen Quigley","CIN",0,0,0,5.9076,1,0,0,0,,1.95953,9,2,1,1,0,1,0,0,1,5.17572,3.83785,1.3486,1.65828,0.128019,0.0949275,0.03309144079685211,0.280201,1.55192,0.288955,0.645294,,,5.80658,-0.0229221,0.00833221,999,,,,,,,8.300514912605287,4.235974427355228,8.797645211219788,4.489673294734714,,,,,,,,,,,,,,,,,,,"Stephen Quigley","sa3025572",808839
"Jesus Anton","NYM",0,0,0,6.16194,1,0,0,0,,0.633802,4,1,0,0,0,1,0,0,1,8.4185,9.52852,0.883505,2.10857,0.133627,0.151246,-0.017619505524635315,0.272765,2.65493,0.290868,0.819592,,,7.75435,-0.0230002,0.0348477,999,,,,,,,1.0901347756385804,1.7199926495986764,2.1690099835395813,3.422220180444077,,,,,,,,,,,,,,,,,,,"Jesus Anton","sa3021003",808128
"John Valle","NYM",0,0,0,5.97979,1,0,0,0,,1,5,1,1,1,0,1,0,0,1,7.25116,6.89131,1.05222,1.72705,0.14752,0.140199,0.007320821285247803,0.269832,2.01451,0.291119,0.738215,,,6.5187,-0.0230057,-0.0493774,999,,,,,,,3.8000000000000003,3.8000000000000003,4,4,,,,,,,,,,,,,,,,,,,"John Valle","sa3067416",813179
"Thomas Farr","CIN",0,0,0,6.618,1,1,0,0,,3.96841,17,5,3,3,1,2,0,0,2,3.47195,3.80972,0.911339,1.73185,0.0889795,0.097636,-0.008656509220600128,0.295294,1.56448,0.288695,0.587867,,,6.27812,-0.023009,-0.0326967,999,,,,,,,2.0662270545959522,0.5206688682064481,4.842045307159424,1.220147729783762,,,,,,,,,,,,,,,,,,,"Thomas Farr","sa3017720",686671
"Yerry Landinez","SDP",0,0,0,5.75971,1,0,0,0,,1.28921,6,1,1,1,0,1,0,0,1,6.03032,5.46637,1.10317,1.55239,0.141706,0.128454,0.013252243399620056,0.264688,1.68311,0.280369,0.682649,,,6.02996,-0.0230171,-0.0352852,999,,,,,,,5.940124607086183,4.607583643067678,5.446030139923096,4.224328789741022,,,,,,,,,,,,,,,,,,,"Yerry Landinez","sa3007036",678219
"Antoni Cuello","STL",0,0,0,5.95939,1,0,0,0,,1.35683,6,2,1,1,0,1,0,0,1,5.21456,5.16045,1.01048,1.375,0.125034,0.123737,0.0012973546981811523,0.281773,1.70205,0.298126,0.657746,,,5.84747,-0.0230533,-0.0302008,999,,,,,,,3.8405490636825563,2.8305287779578197,5.784154772758484,4.262988512573842,,,,,,,,,,,,,,,,,,,"Antoni Cuello","sa3015947",692391
"Anfernny Reyes","MIL",0,0,0,5.64925,1,0,0,0,,1.37966,6,1,1,1,0,1,0,0,1,6.6416,6.48875,1.02356,1.34546,0.156743,0.153135,0.0036072582006454468,0.257112,1.73057,0.282999,0.686918,,,5.94677,-0.0230539,-0.027632,999,,,,,,,6.609447026252747,4.790652017538516,5.898275017738342,4.275181115982921,,,,,,,,,,,,,,,,,,,"Anfernny Reyes","sa3018807",703102
"Irwin Ramirez","PIT",0,0,0,6.52463,1,1,0,0,,2.92727,13,3,2,2,0,2,0,0,1,3.40984,5.27301,0.646659,1.20972,0.0847197,0.131011,-0.046291738748550415,0.30171,1.74206,0.307871,0.611531,,,6.04476,-0.0231089,-0.0113639,999,,,,,,,9.861820459365845,3.3689445232085395,10.636365175247192,3.6335405163418777,,,,,,,,,,,,,,,,,,,"Irwin Ramirez","sa3024088",821061
"Alberto Pacheco","COL",0,0,0,6.9004,1,1,0,0,,4.43964,20,5,4,3,1,2,0,0,2,3.83848,4.44526,0.863499,1.59757,0.0946709,0.109636,-0.014965422451496124,0.310722,1.72432,0.313753,0.600962,,,6.2255,-0.023148,-0.0633968,999,,,,,,,5.553357505798342,1.2508567970763669,7.198214530944824,1.621349888503498,,,,,,,,,,,,,,,,,,,"Alberto Pacheco","sa3015421",691436
"Ian Koenig","SDP",0,0,0,6.05439,1,1,0,0,,4.45175,19,5,3,3,1,2,0,0,2,4.14388,3.52688,1.17494,1.62843,0.106969,0.0910416,0.015927009284496307,0.283756,1.4889,0.284083,0.610361,,,5.8813,-0.0231555,-0.0279634,999,,,,,,,5.642927360534667,1.2675759507026034,7.258734703063965,1.6305362366497822,,,,,,,,,,,,,,,,,,,"Ian Koenig","sa3020568",701617
"Manuel Mercedes","SFG",0,0,0,6.16449,1,1,0,0,,3.674,17,4,3,3,0,2,0,0,1,3.4706,4.53762,0.76485,1.14649,0.0844363,0.110396,-0.025959603488445282,0.303858,1.72286,0.312005,0.631105,,,5.68893,-0.0232765,-0.0680747,999,,,,,,,12.787563133239749,3.480560825632849,14.369975090026855,3.9112668960091246,,,,,,,,,,,,,,,,,,,"Manuel Mercedes","sa3015214",692352
"Bryce Hubbart","CIN",0,0,0,6.42616,1,1,0,0,,2.64515,13,3,2,2,1,2,0,0,2,5.89995,5.73512,1.02874,1.84715,0.138233,0.134371,0.0038619190454483032,0.27198,1.738,0.281043,0.660482,,,6.57756,-0.0232915,-0.0229355,999,,,,,,,-2.5258974552154525,-0.9549168921450589,-1.7742550373077393,-0.6707580715916694,,,,,,,,,,,,,,,,,,,"Bryce Hubbart","sa3020323",687114
"Angel Camacho","PIT",0,0,0,6.20153,1,0,0,0,,1.58824,7,2,1,1,0,1,0,0,1,4.99463,4.858,1.02812,1.37114,0.130295,0.12673,0.0035642385482788086,0.284075,1.58192,0.300481,0.605948,,,5.77788,-0.0233528,-0.0142461,999,,,,,,,5.552939152717591,3.496295624112771,6.941175103187561,4.370370261953672,,,,,,,,,,,,,,,,,,,"Angel Camacho","sa3022175",537996
"Modeifi Marte","ARI",0,0,0,5.3655,1,0,0,0,,1,7,2,1,1,0,1,0,0,1,9.5333,6.70933,1.4209,2.05696,0.151322,0.106497,0.0448249876499176,0.271388,2.42143,0.296133,0.842409,,,6.46134,-0.0233534,-0.0452138,999,,,,,,,1.2000000000000002,1.2000000000000002,4,4,,,,,,,,,,,,,,,,,,,"Modeifi Marte","sa3018445",800029
"Jimmy Romano","CIN",0,0,0,5.87306,1,0,0,0,,1.70333,8,2,1,1,0,1,0,0,1,5.58753,5.11419,1.09255,1.53501,0.135191,0.123739,0.01145259290933609,0.270082,1.64035,0.28367,0.661837,,,5.97881,-0.0233554,-0.00537431,999,,,,,,,6.404627299308777,3.760066909513778,7.516640067100525,4.412914017663512,,,,,,,,,,,,,,,,,,,"Jimmy Romano","sa3025543",695740
"Eli Trop","PHI",0,0,0,6.03646,1,0,0,0,,1.29292,7,2,1,1,0,1,0,0,1,6.10165,6.01036,1.01519,1.54352,0.134297,0.132288,0.0020091980695724487,0.27843,1.87039,0.297168,0.697927,,,6.19607,-0.0234002,-0.0297924,999,,,,,,,3.3675929546356196,2.6046454925979514,5.464589834213257,4.226555724612573,,,,,,,,,,,,,,,,,,,"Eli Trop","sa3025508",813864
"Liam Simon","SFG",0,0,0,5.61919,1,0,0,0,,1.22729,6,1,1,1,0,1,0,0,1,7.95472,7.60556,1.04591,1.25705,0.168472,0.161077,0.007394894957542419,0.264018,1.98894,0.303472,0.72879,,,5.92438,-0.0234136,-0.0370446,999,,,,,,,5.481953310966492,4.466710311334446,5.136454939842224,4.185197308704013,,,,,,,,,,,,,,,,,,,"Liam Simon","sa3020256",687216
"Darrel Lunar","WSN",0,0,0,6.39395,1,1,0,0,,3.22857,15,4,3,2,1,2,0,0,2,4.50638,4.76792,0.945146,1.5288,0.110941,0.11738,-0.006438761949539185,0.291354,1.67506,0.299178,0.625576,,,6.08903,-0.0235541,-0.0863319,999,,,,,,,-0.8085750579833988,-0.2504436400758316,1.1428546905517578,0.3539815950956489,,,,,,,,,,,,,,,,,,,"Darrel Lunar","sa3024252",821188
"Johan Rodriguez","SFG",0,0,0,6.20545,1,1,0,0,,2.07358,10,2,2,1,0,2,0,0,1,5.92577,7.02903,0.843042,1.23942,0.136207,0.161567,-0.025359168648719788,0.280046,1.89827,0.306738,0.671481,,,6.14165,-0.0236716,-0.0690757,999,,,,,,,6.144476318359376,2.9632242777458906,6.367889404296875,3.0709670772808217,,,,,,,,,,,,,,,,,,,"Johan Rodriguez","sa3021807",810978
"Brooks Auger","LAD",0,0,0,6.27096,1,1,0,0,,4.14091,18,5,3,3,1,2,0,0,2,4.0382,4.07366,0.991296,1.6529,0.102702,0.103604,-0.0009017810225486755,0.28425,1.5519,0.283041,0.610817,,,6.12989,-0.023688,-0.0367111,999,,,,,,,3.342728042602541,0.8072449515874736,5.704545974731445,1.3776071162568533,,,,,,,,,,,,,,,,,,,"Brooks Auger","sa3026300",824624
"Channing Austin","NYM",0,0,0,5.83029,1,1,0,0,,3.51117,16,4,2,2,1,2,0,0,2,5.17922,5.19994,0.996014,1.46235,0.126905,0.127412,-0.000507846474647522,0.267949,1.62346,0.279088,0.656104,,,5.99277,-0.0236999,0.013974,999,,,,,,,1.2826291084289547,0.3653000380664006,2.555830478668213,0.7279150028743324,,,,,,,,,,,,,,,,,,,"Channing Austin","sa3025635",694537
"Brycen Mautz","STL",1,1,0,4.86351,16,0,0,1,,16,68,16,9,9,2,6,,1,12,6.81483,3.40896,1.99909,1.22404,0.179338,0.0897095,0.08962810784578323,0.264228,1.38234,0.298654,0.664565,,,4.66112,-0.0237453,-0.037223,999,,,,,,,59.20000000000001,3.7000000000000006,61,3.8125,,,,,,,,,,,,,,,,,,,"Brycen Mautz","sa3020710",802408
"Joseilyn Gonzalez","LAD",0,0,0,6.28655,1,0,0,0,,1.33699,6,1,1,1,0,1,0,0,1,5.04309,5.60955,0.89902,1.50321,0.124477,0.138458,-0.013981513679027557,0.27652,1.68035,0.28754,0.634234,,,6.22231,-0.0237895,-0.0295774,999,,,,,,,6.293725991249085,4.707384495632601,5.684949994087219,4.252051248786834,,,,,,,,,,,,,,,,,,,"Joseilyn Gonzalez","sa3018910",805120
"Connor Godwin","LAD",0,0,0,5.99452,1,0,0,0,,1.2,6,1,1,1,0,1,0,0,1,6.15234,6.43606,0.955916,1.60165,0.131836,0.137916,-0.006079822778701782,0.272173,1.91435,0.288122,0.712748,,,6.41856,-0.02387,-0.036558,999,,,,,,,5.280000352859497,4.4000001192092855,5.000000238418579,4.1666666997803565,,,,,,,,,,,,,,,,,,,"Connor Godwin","sa3067251",802684
"Joel Heredia","PHI",0,0,0,6.62762,1,0,0,0,,1.15714,6,1,1,1,0,1,0,0,1,4.13701,5.50112,0.75203,1.51772,0.0967093,0.128598,-0.03188835829496384,0.296847,1.82377,0.302018,0.642107,,,6.41317,-0.0238794,-0.0367102,999,,,,,,,4.962858176231386,4.288889264340873,4.7857149839401245,4.13580257342802,,,,,,,,,,,,,,,,,,,"Joel Heredia","sa3021739",807380
"Jack Seppings","MIL",0,0,0,5.71879,1,0,0,0,,1.63629,7,2,1,1,0,1,0,0,1,5.60939,5.19473,1.07982,1.36063,0.138509,0.12827,0.010239005088806152,0.269215,1.61868,0.287738,0.657175,,,5.74765,-0.0238921,-0.0143301,999,,,,,,,5.90855360031128,3.6109429817595604,7.181455135345459,4.388861771251542,,,,,,,,,,,,,,,,,,,"Jack Seppings","sa3025573",808952
"Winyer Chourio","SDP",0,0,0,6.02264,1,1,0,0,,2.62381,13,3,2,2,0,1,0,0,1,4.82041,5.02148,0.959959,1.57237,0.111365,0.11601,-0.004645124077796936,0.279858,1.73214,0.286767,0.673086,,,6.17639,-0.0239009,-0.040036,999,,,,,,,10.616194391250609,4.0460986799068825,12.11905026435852,4.618874849989418,,,,,,,,,,,,,,,,,,,"Winyer Chourio","sa3024615",826466
"Rowell Arroyo","CHC",0,0,0,5.96552,1,0,0,0,,1,6,1,1,1,0,1,0,0,1,6.72479,6.47069,1.03927,1.75605,0.131859,0.126876,0.004982292652130127,0.277596,2.07361,0.294476,0.749619,,,6.53752,-0.0239284,-0.0478728,999,,,,,,,3.8000000000000003,3.8000000000000003,4,4,,,,,,,,,,,,,,,,,,,"Rowell Arroyo","sa3024614",824634
"Domingo Geronimo","LAD",0,0,0,5.78202,1,0,0,0,,1.73051,8,2,1,1,0,1,0,0,1,5.4125,4.59664,1.17749,1.56931,0.13369,0.113539,0.020151831209659576,0.26895,1.56927,0.279795,0.654699,,,5.88686,-0.0240367,-0.00913441,999,,,,,,,6.605751919746399,3.817234982566444,7.652535080909729,4.4221346746074905,,,,,,,,,,,,,,,,,,,"Domingo Geronimo","sa3018851",800383
"Kinn Omosako","LAD",0,0,0,6.24187,1,0,0,0,,1.5625,7,2,1,1,0,1,0,0,1,5.37266,4.60693,1.16621,1.67361,0.136918,0.117404,0.019514121115207672,0.276896,1.56334,0.287124,0.618453,,,6.04668,-0.0241089,-0.0179341,999,,,,,,,5.3625,3.432,6.8125,4.36,,,,,,,,,,,,,,,,,,,"Kinn Omosako","sa3016948",700348
"Raymon Rosario","PHI",0,0,0,5.76732,1,0,0,0,,1.62778,8,2,1,1,0,1,0,0,1,5.34299,4.98778,1.07122,1.45558,0.11914,0.111219,0.007920496165752411,0.281744,1.7859,0.295874,0.696383,,,5.88401,-0.0242363,-0.0124371,999,,,,,,,5.845557594299318,3.5911269245258377,7.138890266418457,4.385665632988038,,,,,,,,,,,,,,,,,,,"Raymon Rosario","sa3022801",815320
"Victor Diaz","CIN",0,0,0,5.98836,1,0,0,0,,1.44815,7,2,1,1,0,1,0,0,1,6.52558,5.93638,1.09925,1.70178,0.149211,0.135738,0.013472437858581543,0.264589,1.75505,0.280952,0.689994,,,6.30058,-0.0242773,-0.0187712,999,,,,,,,4.516295289993287,3.118669674692331,6.240740060806274,4.3094628507568284,,,,,,,,,,,,,,,,,,,"Victor Diaz","sa3067034",828718
"Walvin Mena","ARI",0,0,0,5.92269,1,0,0,0,,1.41,7,2,1,1,0,1,0,0,1,5.5769,5.03433,1.10777,1.40886,0.126625,0.114306,0.012319132685661316,0.288465,1.79335,0.307703,0.682627,,,5.77849,-0.024301,-0.0243715,999,,,,,,,4.2339997529983515,3.0028367753396044,6.049999833106995,4.290780125054775,,,,,,,,,,,,,,,,,,,"Walvin Mena","sa3021505",808005
"Rordy Mejia","SDP",0,0,0,5.51803,1,0,0,0,,1.7,8,2,1,1,0,1,0,0,1,6.53177,5.02489,1.29988,1.49567,0.148053,0.113898,0.03415583819150925,0.270123,1.71636,0.292139,0.705472,,,5.68864,-0.0243288,-0.0141087,999,,,,,,,6.380000352859498,3.752941278767831,7.500000238418579,4.411764722381908,,,,,,,,,,,,,,,,,,,"Rordy Mejia","sa3024772",820882
"Efrain Cubilla","COL",0,0,0,7.13646,1,0,0,0,,1.58571,7,2,1,1,0,1,0,0,1,3.95838,4.28165,0.924499,1.6369,0.101708,0.110014,-0.008306227624416351,0.31464,1.67114,0.318962,0.568352,,,6.1951,-0.0244063,-0.00418536,999,,,,,,,5.534283471107483,3.4900893426541844,6.928569912910461,4.369369248815191,,,,,,,,,,,,,,,,,,,"Efrain Cubilla","sa3024289",827384
"Will Gervase","LAD",0,0,0,6.3816,1,0,0,0,,0.879167,5,1,1,1,0,1,0,0,1,6.40032,8.73137,0.733026,1.54308,0.125043,0.170585,-0.04554179310798645,0.276445,2.25308,0.295746,0.734523,,,7.08088,-0.0245131,-0.0529529,999,,,,,,,2.905835950374603,3.305214917313419,3.3958351016044617,3.8625596992537274,,,,,,,,,,,,,,,,,,,"Will Gervase","sa3032155",822654
"Jake Smith","MIA",0,0,0,5.86065,1,0,0,0,,1.37876,7,1,1,1,0,1,0,0,1,6.81384,6.64268,1.02577,1.4934,0.158912,0.15492,0.003991797566413879,0.257506,1.75903,0.281096,0.686303,,,6.1765,-0.0245383,-0.0279781,999,,,,,,,6.602831792831422,4.788960188609849,5.893805265426636,4.274711163502736,,,,,,,,,,,,,,,,,,,"Jake Smith","sa3017258",681977
"Bernard Jose","SDP",0,0,0,5.58933,1,0,0,0,,1.61586,7,2,1,1,0,1,0,0,1,5.59193,5.22683,1.06985,1.35441,0.137163,0.128207,0.00895555317401886,0.264533,1.61104,0.281723,0.666069,,,5.75429,-0.0245523,-0.0184979,999,,,,,,,5.757348895072938,3.5630290792213155,7.079289793968201,4.381133722455051,,,,,,,,,,,,,,,,,,,"Bernard Jose","sa3021812",811594
"Kenyi Perez","CHC",0,0,0,5.67006,1,0,0,0,,1.14199,6,1,1,1,0,1,0,0,1,9.15846,9.11816,1.00442,1.31156,0.195031,0.194173,0.0008580982685089111,0.243673,2.01963,0.290096,0.733377,,,6.25576,-0.024562,-0.0407528,999,,,,,,,4.850703549385072,4.247599747841291,4.709934830665588,4.124333263289247,,,,,,,,,,,,,,,,,,,"Kenyi Perez","sa3016008",695990
"Domenic Picone","STL",0,0,0,5.73256,1,0,0,0,,1.82667,8,2,1,1,0,1,0,0,1,5.71429,4.27418,1.33693,1.49982,0.143776,0.107541,0.036234304308891296,0.274019,1.54115,0.291173,0.646454,,,5.60646,-0.0245639,-0.00574862,999,,,,,,,7.317335438728333,4.005839944716483,8.133334755897522,4.452554829792981,,,,,,,,,,,,,,,,,,,"Domenic Picone","sa3068844",822472
"Livan Reinoso","MIA",0,0,0,6.07462,1,0,0,0,,1.46248,7,2,1,1,0,1,0,0,1,5.80986,6.44476,0.901485,1.34856,0.140534,0.155892,-0.01535770297050476,0.269005,1.74315,0.290218,0.656038,,,6.11827,-0.0247464,-0.0231217,999,,,,,,,4.622374558448791,3.1606346230012443,6.312415242195129,4.316231390806652,,,,,,,,,,,,,,,,,,,"Livan Reinoso","sa3020331",802984
"Ryan Rolison","CHC",1,1,0,4.74359,16,0,0,1,,16,71,17,9,8,2,6,,1,12,6.86486,3.56637,1.92489,1.23179,0.171578,0.0891367,0.08244121819734573,0.261575,1.443,0.293314,0.693094,,,4.7206,-0.0247517,-0.0341681,999,,,,,,,56.60000000000001,3.5375000000000005,61,3.8125,,,,,,,,,,,,,,,,,,,"Ryan Rolison","22200",669020
"Brooks Caple","CHC",0,0,0,6.01168,1,1,0,0,,4.67143,20,5,3,3,1,2,0,0,2,4.19553,4.07003,1.03083,1.45385,0.106849,0.103653,0.003196120262145996,0.284877,1.55237,0.290221,0.620418,,,5.80603,-0.0247962,-0.00955791,999,,,,,,,7.2685757637023904,1.5559640356336422,8.3571457862854,1.7889912283701332,,,,,,,,,,,,,,,,,,,"Brooks Caple","sa3028388",699944
"Cole Schoenwetter","CIN",0,0,0,6.41404,1,1,0,0,,2.96091,14,3,2,2,1,2,0,0,2,5.48022,6.31478,0.86784,1.59533,0.130625,0.150517,-0.01989227533340454,0.27244,1.7643,0.284297,0.650276,,,6.50479,-0.0248483,-0.00396404,999,,,,,,,-0.18926539421081667,-0.06392135829119991,-0.1954495906829834,-0.06600997169085938,,,,,,,,,,,,,,,,,,,"Cole Schoenwetter","sa3023567",800616
"Noah Takacs","PIT",0,0,0,6.35232,1,0,0,0,,1.28301,6,1,1,1,0,1,0,0,1,4.54263,5.60656,0.810235,1.4079,0.108382,0.133767,-0.02538418024778366,0.288211,1.76925,0.298501,0.643995,,,6.19846,-0.0249098,-0.0300429,999,,,,,,,5.894281101226808,4.5941003519942445,5.415054798126221,4.220583431109512,,,,,,,,,,,,,,,,,,,"Noah Takacs","sa3023612",692176
"Dane Lais","SDP",0,0,0,5.85917,1,0,0,0,,1.4,7,2,1,1,0,1,0,0,1,5.44852,4.91823,1.10782,1.58141,0.121078,0.109294,0.0117841437458992,0.281139,1.78253,0.293277,0.697333,,,6.01877,-0.0250773,-0.0296357,999,,,,,,,4.159999823570252,2.9714284960104487,5.9999998807907104,4.285714273550072,,,,,,,,,,,,,,,,,,,"Dane Lais","sa3068892",814153
"Jun-Seok Shim","NYM",0,0,0,6.06716,1,0,0,0,,1.08661,6,1,1,1,0,1,0,0,1,6.88542,7.51335,0.916424,1.57028,0.134495,0.14676,-0.012265592813491821,0.278318,2.16566,0.300965,0.74392,,,6.59301,-0.0250868,-0.0405283,999,,,,,,,4.440884590148926,4.08693168004957,4.433030128479004,4.079703244458214,,,,,,,,,,,,,,,,,,,"Jun-Seok Shim","sa3022110",807149
"Bradley Blalock","COL",0,0,0,5.98609,10,0,0,1,,10,45,12,7,7,2,4,,0,6,5.77688,3.75588,1.53809,1.50249,0.14378,0.0934797,0.05030038207769394,0.293815,1.59213,0.31598,0.637271,,,5.41908,-0.0250902,-0.0341964,999,,,,,,,22.2,2.2199999999999998,28,2.8,,,,,,,,,,,,,,,,,,,"Bradley Blalock","26419",687134
"Isaiah Lowe","SDP",0,0,0,5.81624,1,1,0,0,,4.19218,19,5,3,3,1,2,0,0,2,5.23472,4.65966,1.12341,1.57163,0.127305,0.11332,0.013985104858875275,0.270901,1.60093,0.28023,0.659873,,,5.95306,-0.02521,-0.0427898,999,,,,,,,3.7221613883972218,0.8878812127011025,5.9609198570251465,1.4219127542313743,,,,,,,,,,,,,,,,,,,"Isaiah Lowe","sa3020864",702584
"Gabriel Agostini","WSN",0,0,0,6.17367,1,1,0,0,,2.65401,13,3,2,2,0,2,0,0,1,4.87475,5.11618,0.952811,1.66574,0.109664,0.115095,-0.005431279540061951,0.283946,1.79325,0.289876,0.680533,,,6.33483,-0.0252517,-0.0311402,999,,,,,,,7.839667367935182,2.9538961855044703,9.270045518875122,3.492846164577786,,,,,,,,,,,,,,,,,,,"Gabriel Agostini","sa3015488",698989
"Jake Eddington","PHI",0,0,0,5.88727,1,0,0,0,,1.71213,8,2,1,1,0,1,0,0,1,6.02759,5.97399,1.00897,1.31025,0.143198,0.141925,0.001273423433303833,0.273837,1.74678,0.298579,0.669048,,,5.8544,-0.0253113,-0.00799787,999,,,,,,,6.4697695732116705,3.778781813285193,7.560655117034912,4.415932550529869,,,,,,,,,,,,,,,,,,,"Jake Eddington","sa3023409",690974
"Ryan Minckler","WSN",0,0,0,6.42219,1,0,0,0,,1.25897,6,1,1,1,0,1,0,0,1,5.75098,6.66737,0.862557,1.41515,0.136412,0.158149,-0.021736398339271545,0.278726,1.82301,0.299687,0.651099,,,6.30631,-0.0255251,-0.0330851,999,,,,,,,5.716407275199892,4.5405286165499446,5.294869780540466,4.205702393486096,,,,,,,,,,,,,,,,,,,"Ryan Minckler","sa3038123",828514
"Jack Findlay","STL",0,0,0,5.70409,1,0,0,0,,1.82424,8,2,1,1,0,1,0,0,1,5.8858,5.21537,1.12855,1.28238,0.143684,0.127318,0.016366422176361084,0.27496,1.65664,0.299474,0.66184,,,5.58151,-0.0256646,-0.005877,999,,,,,,,7.299390769004822,4.0013281054621785,8.121209979057312,4.451827113784223,,,,,,,,,,,,,,,,,,,"Jack Findlay","sa3031334",701469
"Jeison Calvo","ARI",0,0,0,6.32145,1,1,0,0,,2.45455,12,3,2,2,0,1,0,0,1,5.01733,5.44829,0.920901,1.46769,0.113173,0.122894,-0.009720772504806519,0.295419,1.86452,0.309477,0.670675,,,6.13111,-0.0257327,-0.0409994,999,,,,,,,9.363633155822754,3.8148141816482157,11.272725105285645,4.592592520641842,,,,,,,,,,,,,,,,,,,"Jeison Calvo","sa3022120",808018
"Brailyn Paulino","STL",0,0,0,5.89794,1,0,0,0,,1.5,8,2,1,1,0,1,0,0,1,5.74843,5.21645,1.10198,1.4574,0.127743,0.115921,0.011821724474430084,0.285686,1.82588,0.304441,0.694185,,,5.87568,-0.025766,-0.0228382,999,,,,,,,4.900000000000001,3.2666666666666675,6.5,4.333333333333333,,,,,,,,,,,,,,,,,,,"Brailyn Paulino","sa3022038",809330
"Euri Montero","WSN",0,0,0,6.45102,1,0,0,0,,1.41146,6,2,1,1,0,1,0,0,0,3.06253,4.44487,0.689004,1.4035,0.0740672,0.107499,-0.03343182057142258,0.302498,1.71848,0.300854,0.623668,,,6.11954,-0.0257718,-0.025272,999,,,,,,,2.2447743177413946,1.5903962542369607,4.057279944419861,2.8745352149647414,,,,,,,,,,,,,,,,,,,"Euri Montero","sa3015989",693759
"Cesar Espinal","MIL",0,0,0,6.30292,1,0,0,0,,1.07143,6,1,1,1,0,1,0,0,1,5.07641,5.71533,0.888209,1.78224,0.107097,0.120577,-0.013479337096214294,0.28522,1.93841,0.290297,0.706432,,,6.67223,-0.025776,-0.0432847,999,,,,,,,4.328574705123902,4.040001388549231,4.357145071029663,4.066667052374786,,,,,,,,,,,,,,,,,,,"Cesar Espinal","sa3019192",805238
"Igor Gil","SDP",0,0,0,5.60284,1,0,0,0,,1.58121,7,2,1,1,0,1,0,0,1,6.26552,6.33261,0.989406,1.2361,0.147991,0.149576,-0.001584663987159729,0.262468,1.73793,0.288674,0.684493,,,5.81853,-0.0257822,-0.0202975,999,,,,,,,5.500946187973024,3.47894957698734,6.9060447216033936,4.367572512417313,,,,,,,,,,,,,,,,,,,"Igor Gil","sa3023652",815951
"Garrett Acton","COL",2,1,0,5.19196,30,0,0,1,,30,132,31,19,17,5,13,,1,28,8.42031,3.91325,2.15174,1.55717,0.212067,0.0985559,0.11351126432418823,0.259211,1.45306,0.299763,0.679679,,,4.96359,-0.0258661,-0.0494532,999,,,,,,,97.9,3.2633333333333336,103,3.433333333333333,,,,,,,,,,,,,,,,,,,"Garrett Acton","27583",670183
"Dilan Figueredo","LAD",0,0,0,6.4506,1,0,0,0,,1.2963,6,1,1,1,0,1,0,0,1,4.05421,4.8912,0.828879,1.67662,0.0973429,0.117439,-0.020096376538276672,0.286044,1.6963,0.284821,0.636346,,,6.44814,-0.0258674,-0.0316583,999,,,,,,,5.992590403556825,4.622856509111222,5.481480002403259,4.2285712525308945,,,,,,,,,,,,,,,,,,,"Dilan Figueredo","sa3019555",700310
"Dariel Polanco","SDP",0,0,0,6.39401,1,1,0,0,,2.47333,11,3,2,2,0,1,0,0,1,3.34692,4.09703,0.816916,1.67166,0.0802137,0.0981909,-0.017977237701416016,0.293548,1.66753,0.287375,0.633443,,,6.3249,-0.0260141,-0.0487676,999,,,,,,,9.502663326263427,3.8420478681615706,11.366664409637451,4.595687257745633,,,,,,,,,,,,,,,,,,,"Dariel Polanco","sa3022419",811595
"Bryan Rivera","MIL",0,0,0,5.98425,1,1,0,0,,3.27435,15,3,2,2,1,2,0,0,2,5.84155,5.68854,1.0269,1.55452,0.139802,0.13614,0.0036618560552597046,0.267175,1.68839,0.28213,0.665127,,,6.14949,-0.0260682,0.0046424,999,,,,,,,2.130189466476442,0.650568666569242,1.3717496395111084,0.4189380089836481,,,,,,,,,,,,,,,,,,,"Bryan Rivera","sa3019382",800469
"Walin Castillo","MIA",0,0,0,6.41217,1,1,0,0,,3.8756,17,5,3,3,1,2,0,0,1,3.347,4.31313,0.776003,1.4202,0.0835065,0.107611,-0.024104535579681396,0.299122,1.65291,0.299312,0.61086,,,6.0318,-0.0262232,-0.0469212,999,,,,,,,-0.6205310344696038,-0.1601120878700393,2.3780195713043213,0.6135868432153354,,,,,,,,,,,,,,,,,,,"Walin Castillo","sa3019280",801384
"Jackson Dannelley","ATL",0,0,0,5.9492,1,0,0,0,,1.67333,8,2,1,1,0,1,0,0,1,5.0931,4.68043,1.08817,1.40581,0.1257,0.115515,0.010185010731220245,0.282643,1.63077,0.297575,0.64358,,,5.75061,-0.026267,-0.0111608,999,,,,,,,6.182664561271667,3.6948200871486545,7.366665244102478,4.40239033663688,,,,,,,,,,,,,,,,,,,"Jackson Dannelley","sa3067029",800727
"Ayendy Pena","CIN",0,0,0,6.82502,1,0,0,0,,0.930769,5,1,1,1,0,1,0,0,1,5.99451,7.05994,0.849088,2.16434,0.116801,0.137561,-0.02075950801372528,0.286091,2.17136,0.290879,0.732056,,,7.49328,-0.0265404,-0.0451821,999,,,,,,,3.2876907944679252,3.5322305552106386,3.6538451313972473,3.925619598669622,,,,,,,,,,,,,,,,,,,"Ayendy Pena","sa3024095",822597
"Luis De La Cruz","MIA",0,0,0,6.27601,1,1,0,0,,2.15,12,3,2,1,0,1,0,0,1,5.17981,6.19642,0.835936,1.57455,0.105874,0.126653,-0.020779207348823547,0.292349,2.05744,0.303655,0.714919,,,6.51886,-0.0266252,-0.0579911,999,,,,,,,7.110000705718993,3.306976925740045,9.750000476837158,4.5348837415613685,,,,,,,,,,,,,,,,,,,"Luis De La Cruz","sa3020981",806927
"Alexis Liebano","ARI",0,0,0,6.09103,1,0,0,0,,1.30859,6,2,1,1,0,1,0,0,1,4.81247,5.56856,0.864221,1.36818,0.112954,0.130701,-0.017746351659297943,0.283296,1.76834,0.295912,0.661614,,,6.06983,-0.0266594,-0.0295842,999,,,,,,,3.483566403388978,2.662076172272307,5.54295027256012,4.235818737463275,,,,,,,,,,,,,,,,,,,"Alexis Liebano","sa3019885",806536
"Ismael Luciano","COL",0,0,0,7.28068,1,1,0,0,,3.13307,15,4,3,3,1,2,0,0,1,3.62319,5.46029,0.663554,1.51166,0.0853333,0.1286,-0.04326716065406799,0.321299,1.90934,0.325706,0.612699,,,6.5037,-0.0267005,-0.060664,999,,,,,,,-3.515245008468627,-1.1219792088451856,-1.334625005722046,-0.4259792715493694,,,,,,,,,,,,,,,,,,,"Ismael Luciano","sa3016227",692593
"Nick Raquet","STL",2,2,0,4.52607,38,0,0,1,,38,164,39,21,19,5,14,,2,30,7.10902,3.25905,2.18132,1.14068,0.182634,0.0837263,0.09890756756067276,0.259733,1.37957,0.296837,0.690687,,,4.4261,-0.026702,-0.076882,999,,,,,,,134.29999999999998,3.534210526315789,141,3.710526315789474,,,,,,,,,,,,,,,,,,,"Nick Raquet","20333",675919
"Reiver Sanmartin","SFG",2,2,0,4.44309,44,0,0,1,,44,191,47,24,22,5,15,,2,32,6.58683,3.01391,2.18547,0.943834,0.168598,0.077145,0.09145339578390121,0.269134,1.40098,0.307645,0.687135,,,4.17378,-0.026787,-0.0965162,999,,,,,,,158.90000000000003,3.611363636363637,172,3.909090909090909,,,,,,,,,,,,,,,,,,,"Reiver Sanmartin","19754",665665
"Christian Worley","STL",0,0,0,6.02454,1,0,0,0,,1.4303,7,2,1,1,0,1,0,0,1,5.19663,5.68807,0.913601,1.36068,0.118493,0.129699,-0.011205807328224182,0.284374,1.8213,0.300591,0.67728,,,6.01801,-0.0268015,-0.026432,999,,,,,,,4.384242033958436,3.065254077448455,6.151514887809753,4.300847431846525,,,,,,,,,,,,,,,,,,,"Christian Worley","sa3045583",802371
"Kannon Kemp","SDP",0,0,0,6.00836,1,1,0,0,,4.28889,19,5,3,3,1,2,0,0,2,4.0831,4.29372,0.950947,1.461,0.100068,0.10523,-0.0051618292927742004,0.285363,1.62013,0.289331,0.639669,,,5.92236,-0.0268305,-0.0372915,999,,,,,,,4.437778091430669,1.034715088812527,6.44444465637207,1.5025907081387504,,,,,,,,,,,,,,,,,,,"Kannon Kemp","sa3067314",807748
"Nazier Mulé","CHC",0,0,0,5.78423,1,1,0,0,,3.51381,16,4,2,2,0,2,0,0,2,5.68525,6.34678,0.895769,1.25216,0.138364,0.154464,-0.016099974513053894,0.262909,1.70465,0.283871,0.66409,,,5.97233,-0.0268938,0.0172584,999,,,,,,,13.602172231674194,3.8710640640929297,15.569035291671753,4.4308167845311175,,,,,,,,,,,,,,,,,,,"Nazier Mule","sa3023566",702271
"Alek Jacob","SDP",2,2,0,4.24689,33,0,0,1,,33,145,30,17,16,5,14,,2,31,8.44417,3.72335,2.2679,1.3389,0.213531,0.0941536,0.11937709897756577,0.234632,1.33637,0.271984,0.727757,,,4.57721,-0.0268939,-0.0336217,999,,,,,,,122.70000000000005,3.7181818181818196,118,3.5757575757575757,,,,,,,,,,,,,,,,,,,"Alek Jacob","29628",689690
"Junior Ciprian","ARI",0,0,0,6.25514,1,1,0,0,,3.18824,14,3,2,2,1,2,0,0,2,4.57222,4.91459,0.930335,1.43464,0.116673,0.12541,-0.008736707270145416,0.28367,1.61162,0.293358,0.614,,,5.98518,-0.0269848,0.00275473,999,,,,,,,1.4929393291473412,0.46826513990317614,0.9411752223968506,0.29520258364468915,,,,,,,,,,,,,,,,,,,"Junior Ciprian","sa3023107",815795
"Miguel Mejias","NYM",0,0,0,5.97944,1,0,0,0,,1.025,6,2,1,1,0,1,0,0,1,6.65111,6.67916,0.995801,1.9128,0.121198,0.121709,-0.0005110353231430054,0.279132,2.21693,0.291383,0.776959,,,6.86215,-0.0270921,-0.0481318,999,,,,,,,1.3849998235702516,1.3512193714983727,4.1249998807907104,4.024390221209415,,,,,,,,,,,,,,,,,,,"Miguel Mejias","sa3022328",814255
"Jhoniel Serrano","MIA",0,0,0,6.14129,1,1,0,0,,2.26824,12,3,2,2,0,2,0,0,2,6.90299,7.70812,0.895548,1.46756,0.142475,0.159092,-0.01661747694015503,0.275301,2.08343,0.301667,0.721313,,,6.50068,-0.0271466,-0.0511822,999,,,,,,,6.984998750686647,3.0794754007930254,9.341215372085571,4.1182602858761275,,,,,,,,,,,,,,,,,,,"Jhoniel Serrano","sa3016710",698934
"Alexander Meckley","WSN",0,0,0,6.28311,1,1,0,0,,4.33051,19,5,3,3,1,2,0,0,2,3.94665,4.49376,0.878251,1.45791,0.098066,0.111661,-0.013594567775726318,0.291738,1.64324,0.295714,0.62179,,,6.01564,-0.0271632,-0.0244716,999,,,,,,,4.745775032043458,1.0958928346094108,6.65255069732666,1.536204854180995,,,,,,,,,,,,,,,,,,,"Alexander Meckley","sa3025591",814384
"Rob Griswold","ATL",0,0,0,6.32964,1,0,0,0,,1.51066,7,2,1,1,0,1,0,0,0,2.94839,3.49283,0.844128,1.50082,0.0727571,0.086192,-0.013434924185276031,0.303503,1.62236,0.298824,0.615026,,,5.95553,-0.027183,-0.0196592,999,,,,,,,2.978906440734863,1.9719198633877193,4.553315162658691,3.014117023190629,,,,,,,,,,,,,,,,,,,"Rob Griswold","sa3018118",700375
"Eligio Arias","PHI",0,0,0,6.50757,1,0,0,0,,1.54667,7,2,1,1,0,1,0,0,1,5.24847,4.92112,1.06652,1.68106,0.127636,0.119675,0.007960893213748932,0.288976,1.69362,0.30014,0.631146,,,6.1981,-0.0272776,-0.01668,999,,,,,,,5.245335650444031,3.3913801218909603,6.733334898948669,4.353448406756606,,,,,,,,,,,,,,,,,,,"Eligio Arias","sa3024228",820857
"Ryan Vanderhei","SFG",0,0,0,5.71538,1,0,0,0,,1.77539,8,2,1,1,0,1,0,0,1,4.97664,4.80689,1.03531,1.25837,0.122556,0.118375,0.004180304706096649,0.278932,1.62894,0.295459,0.652623,,,5.60729,-0.0273954,-0.0087164,999,,,,,,,6.937886214256287,3.9078096086557417,7.876950144767761,4.436743485267055,,,,,,,,,,,,,,,,,,,"Ryan Vanderhei","sa3023671",687864
"Jhonny Jimenez","LAD",0,0,0,6.24156,1,0,0,0,,1.37586,6,2,1,1,0,1,0,0,1,5.18252,5.27065,0.983279,1.78686,0.122315,0.124395,-0.0020800381898880005,0.272072,1.69194,0.275762,0.660885,,,6.48917,-0.0274313,-0.0275838,999,,,,,,,3.981400871276855,2.89374387866076,5.879324913024902,4.273184496558187,,,,,,,,,,,,,,,,,,,"Jhonny Jimenez","sa3016506",699075
"Ryan Harbin","PIT",2,2,0,4.44485,40,0,0,1,,40,179,37,22,20,4,24,,2,39,8.76738,5.35112,1.63842,0.931126,0.217903,0.132996,0.0849071741104126,0.244229,1.52792,0.302438,0.714714,,,4.47864,-0.0274639,-0.0468394,999,,,,,,,154.60000000000002,3.8650000000000007,152,3.8,,,,,,,,,,,,,,,,,,,"Ryan Harbin","sa3011733",689877
"Peter Bonilla","LAD",0,0,0,6.44483,1,0,0,0,,1.29412,6,1,1,1,0,1,0,0,1,5.74675,6.17328,0.930908,1.71091,0.131286,0.14103,-0.009744003415107727,0.277304,1.82765,0.28937,0.66956,,,6.56851,-0.0274852,-0.0317695,999,,,,,,,5.976473546028139,4.61818267737512,5.470590233802795,4.227272965937533,,,,,,,,,,,,,,,,,,,"Peter Bonilla","sa3018850",800361
"Andy Luis","WSN",0,0,0,6.60765,1,0,0,0,,1.17625,6,1,1,1,0,1,0,0,1,3.94852,6.17957,0.638963,1.43325,0.0878462,0.137482,-0.049636222422122955,0.297432,1.94955,0.302532,0.664696,,,6.57227,-0.027521,-0.0372881,999,,,,,,,5.10424280166626,4.339423611333512,4.881245136260986,4.149839892037087,,,,,,,,,,,,,,,,,,,"Andy Luis","sa3015633",692451
"Ruben Menes","STL",0,0,0,6.25568,1,1,0,0,,2.97519,14,4,2,2,1,2,0,0,1,4.39546,4.61258,0.95293,1.59462,0.104588,0.109754,-0.005166158080101013,0.288944,1.69829,0.293344,0.647561,,,6.15891,-0.0276303,-0.0161632,999,,,,,,,-4.683578681945802,-1.5742105288463855,-2.124039649963379,-0.7139168161194211,,,,,,,,,,,,,,,,,,,"Ruben Menes","sa3022122",808048
"Miqueas Mercedes","MIL",0,0,0,5.76852,1,1,0,0,,3.48235,17,4,2,2,1,2,0,0,2,5.47499,5.314,1.03029,1.58412,0.127255,0.123514,0.0037418007850646973,0.265645,1.68844,0.275303,0.685418,,,6.14795,-0.0276379,0.0174132,999,,,,,,,1.0694119930267352,0.30709465743879966,2.4117648601531982,0.6925676057320642,,,,,,,,,,,,,,,,,,,"Miqueas Mercedes","sa3025237",823650
"Jacob Meador","LAD",0,0,0,6.06766,1,1,0,0,,2.87283,14,3,2,2,1,2,0,0,2,5.86717,6.09243,0.963026,1.69624,0.135364,0.140561,-0.005197092890739441,0.262972,1.74966,0.273014,0.681993,,,6.49161,-0.0276463,-0.0190943,999,,,,,,,-0.8410656929016112,-0.29276566913298935,-0.6358551979064941,-0.2213341645699023,,,,,,,,,,,,,,,,,,,"Jacob Meador","sa3020385",687138
"Luis Maracara","SDP",0,0,0,5.7761,1,1,0,0,,2.675,14,3,2,2,0,2,0,0,2,6.60352,6.41928,1.0287,1.59911,0.144494,0.140463,0.004031270742416382,0.261525,1.83823,0.279423,0.715491,,,6.30633,-0.0276568,-0.0370482,999,,,,,,,9.994999647140503,3.736448532825515,11.374999761581421,4.2523364352705135,,,,,,,,,,,,,,,,,,,"Luis Maracara","sa3024260",821634
"Gabriel Colmenarez","MIL",0,0,0,6.20337,1,1,0,0,,3.66667,16,4,3,3,1,2,0,0,2,4.30739,4.47694,0.962128,1.58281,0.107441,0.11167,-0.004229210317134857,0.2826,1.60129,0.285394,0.626138,,,6.1097,-0.0276941,-0.0641139,999,,,,,,,2.433335685729981,0.6636369476633118,3.3333349227905273,0.9090912637631448,,,,,,,,,,,,,,,,,,,"Gabriel Colmenarez","sa3022020",808300
"Adilson Peralta","PHI",0,0,0,6.22452,1,0,0,0,,1.83835,8,2,1,1,0,1,0,0,1,5.3879,4.89839,1.09993,1.53004,0.136892,0.124455,0.012437038123607635,0.280083,1.60213,0.295136,0.620719,,,5.93658,-0.0277437,-0.00130385,999,,,,,,,7.403753376007081,4.0274013699102715,8.191725254058838,4.456032479017786,,,,,,,,,,,,,,,,,,,"Adilson Peralta","sa3018816",800012
"Dylan Tate","LAD",0,0,0,5.28649,1,0,0,0,,1.55,10,2,1,1,0,1,0,0,2,9.4556,5.98929,1.57875,2.14073,0.162847,0.103149,0.059697605669498444,0.262147,2.16339,0.284724,0.831428,,,6.33888,-0.0277463,-0.0185845,999,,,,,,,7.269999647140504,4.69032249728549,8.749999761581421,5.6451613101701215,,,,,,,,,,,,,,,,,,,"Dylan Tate","sa3067523",827721
"Edgar Leon","LAD",0,0,0,5.83079,1,0,0,0,,1.81875,8,2,1,1,0,1,0,0,2,7.69298,6.29491,1.2221,1.62459,0.182897,0.149658,0.03323847055435181,0.252207,1.68675,0.280198,0.682786,,,6.04877,-0.027754,-0.00446881,999,,,,,,,9.25875017642975,5.090721679756694,10.09375011920929,5.549828171486501,,,,,,,,,,,,,,,,,,,"Edgar Leon","sa3019161",800453
"Yuki Matsui","SDP",3,3,0,4.19308,52,0,0,7,,52,223,45,26,24,7,24,,3,51,8.89841,4.10671,2.1668,1.26094,0.230552,0.106402,0.12414959818124771,0.228808,1.32205,0.27332,0.722256,,,4.4932,-0.0277607,-0.0283821,999,,,,,,,230.70000000000005,4.436538461538462,218,4.1923076923076925,,,,,,,,,,,,,,,,,,,"Yuki Matsui","33826",673513
"Abraham Parra","SDP",0,0,0,5.89933,1,1,0,0,,3.97077,18,4,3,3,1,2,0,0,2,4.52537,4.64642,0.973948,1.49924,0.108699,0.111607,-0.0029076337814331055,0.277681,1.64268,0.283378,0.657521,,,6.0029,-0.0278044,-0.0552662,999,,,,,,,4.683675956726079,1.179539351400971,4.853835105895996,1.2223923186645567,,,,,,,,,,,,,,,,,,,"Abraham Parra","sa3022369",811600
"Ubert Mejias","SFG",0,0,0,6.24668,1,1,0,0,,3.66821,16,4,3,3,1,1,0,0,1,2.7894,3.22539,0.864825,1.50897,0.0706512,0.0816942,-0.011043012142181396,0.299754,1.55214,0.292764,0.602743,,,5.90785,-0.0278959,-0.0683946,999,,,,,,,3.4447842121124257,0.9390902860173517,4.3410704135894775,1.1834288609385202,,,,,,,,,,,,,,,,,,,"Ubert Mejias","sa3021562",811229
"Chance Huff","WSN",0,0,0,6.0787,1,0,0,0,,1.85177,8,2,1,1,0,1,0,0,1,4.27311,4.82193,0.886181,1.29139,0.106594,0.120284,-0.01369062066078186,0.288058,1.64943,0.298714,0.629414,,,5.81516,-0.0279744,-0.00221705,999,,,,,,,7.503083324432374,4.051848426098621,8.258840084075928,4.459975552596552,,,,,,,,,,,,,,,,,,,"Chance Huff","sa3020317",680770
"Dioris Martinez","PIT",0,0,0,6.62507,1,1,0,0,,2.47537,12,3,2,2,0,2,0,0,1,4.62693,6.63311,0.697551,1.2996,0.105466,0.151194,-0.045728541910648346,0.297333,1.94876,0.312374,0.655421,,,6.38183,-0.0279788,-0.0381754,999,,,,,,,6.5177533626556405,2.6330398673224265,8.37686038017273,3.3840813109567547,,,,,,,,,,,,,,,,,,,"Dioris Martinez","sa3022376",808327
"Jordan Valenzuela","SDP",0,0,0,5.83055,1,0,0,0,,1.23704,7,2,1,1,0,1,0,0,1,6.23231,7.01551,0.888362,1.49516,0.128493,0.144641,-0.016147345304489136,0.268866,2.00071,0.286437,0.731355,,,6.45123,-0.02807,-0.0379298,999,,,,,,,2.9540733814239504,2.3880235728607198,5.185184717178345,4.191616705300116,,,,,,,,,,,,,,,,,,,"Jordan Valenzuela","sa3021820",814227
"Javier Bartolozzi","LAD",0,0,0,6.09766,1,0,0,0,,1.93846,9,2,1,1,0,1,0,0,1,5.17706,4.24949,1.21828,1.65189,0.128281,0.105297,0.02298411726951599,0.281686,1.58807,0.291113,0.637117,,,5.93859,-0.0282572,0.0019094,999,,,,,,,8.144618940353393,4.201588094408473,8.692310094833374,4.484127112001366,,,,,,,,,,,,,,,,,,,"Javier Bartolozzi","sa3021568",812745
"Bladimir Pichardo","PIT",0,0,0,6.49032,1,0,0,0,,1.53684,7,2,1,1,0,1,0,0,1,3.93781,5.05481,0.779022,1.38304,0.0953433,0.122388,-0.02704508602619171,0.299415,1.75127,0.306318,0.627306,,,6.10539,-0.0282577,-0.0169306,999,,,,,,,5.172630715370178,3.36575311831827,6.684209942817688,4.349315019083592,,,,,,,,,,,,,,,,,,,"Bladimir Pichardo","sa3022123",808097
"Shawndrick Oduber","LAD",0,0,0,5.9895,1,0,0,0,,1.657,8,2,1,1,0,1,0,0,1,5.14458,4.57168,1.12532,1.76288,0.122009,0.108422,0.013586997985839844,0.27267,1.63243,0.276662,0.666733,,,6.22176,-0.0282773,-0.0129976,999,,,,,,,6.0618366479873655,3.658309312289635,7.2850247621536255,4.3965015019822,,,,,,,,,,,,,,,,,,,"Shawndrick Oduber","sa3021483",806779
"Lisnerkin Lantigua","CIN",0,0,0,6.64535,1,0,0,0,,1.96997,8,2,2,1,0,1,0,0,1,4.88223,4.60388,1.06046,1.63317,0.131336,0.123849,0.007487766444683075,0.285196,1.52965,0.293981,0.566938,,,6.09084,-0.0283875,-0.0820401,999,,,,,,,8.377792906761169,4.252747168693768,8.849860072135925,4.492378575595769,,,,,,,,,,,,,,,,,,,"Lisnerkin Lantigua","sa3019258",800128
"Jecsua Liborius","LAD",0,0,0,6.73403,1,0,0,0,,0.871429,5,1,1,1,0,1,0,0,1,5.78107,7.59091,0.761579,2.13671,0.1059,0.139053,-0.03315313160419464,0.287345,2.32244,0.290949,0.756366,,,7.69211,-0.0284324,-0.0530241,999,,,,,,,2.848574793338775,3.26885461458577,3.357145130634308,3.852459615162714,,,,,,,,,,,,,,,,,,,"Jecsua Liborius","sa3021742",807403
"Victor Cabreja","PIT",0,0,0,6.8016,1,1,0,0,,3.83183,16,4,3,3,1,1,0,0,1,1.84189,3.43066,0.536891,1.45502,0.0499626,0.093059,-0.04309645667672157,0.309766,1.51819,0.29518,0.536258,,,6.10439,-0.0284367,-0.0480088,999,,,,,,,4.655556297302246,1.2149688138304768,5.1591596603393555,1.3463950798998598,,,,,,,,,,,,,,,,,,,"Victor Cabreja","sa3018342",800573
"Chris Roycroft","STL",2,2,0,4.35255,44,0,0,1,,44,192,43,23,21,4,20,,2,36,7.26337,4.09559,1.77346,0.920423,0.184873,0.104244,0.08062895387411118,0.253087,1.43232,0.296402,0.701324,,,4.36264,-0.0284687,-0.0483775,999,,,,,,,174.60000000000002,3.9681818181818187,178,4.045454545454546,,,,,,,,,,,,,,,,,,,"Chris Roycroft","31261",688297
"Lorenzo Encarnacion","ARI",0,0,0,6.10588,1,1,0,0,,3.89049,18,5,3,3,1,2,0,0,2,5.10603,4.49839,1.13508,1.55765,0.119895,0.105627,0.014267995953559875,0.290366,1.71322,0.302557,0.660965,,,5.90975,-0.0285577,-0.0470022,999,,,,,,,1.4895893573761008,0.3828801136324296,4.452425241470337,1.144439622874961,,,,,,,,,,,,,,,,,,,"Lorenzo Encarnacion","sa3015498",699230
"Juan Sanchez","ATL",0,0,0,5.83557,1,0,0,0,,1.50394,7,2,1,1,0,1,0,0,1,7.031,6.97457,1.00809,1.34721,0.157816,0.156549,0.0012666583061218262,0.266087,1.86889,0.296906,0.699502,,,6.0357,-0.028563,-0.0200084,999,,,,,,,4.9291338443756105,3.2774869058487766,6.5196850299835205,4.335078533201416,,,,,,,,,,,,,,,,,,,"Juan Sanchez","sa3018360",803424
"Edwin Cervantes","CIN",0,0,0,6.19383,1,0,0,0,,1.54667,8,2,1,1,0,1,0,0,1,6.31953,5.62858,1.12276,1.85442,0.132442,0.117961,0.01448061317205429,0.282559,1.92926,0.296206,0.717696,,,6.47119,-0.0285689,-0.0136286,999,,,,,,,5.245335650444031,3.3913801218909603,6.733334898948669,4.353448406756606,,,,,,,,,,,,,,,,,,,"Edwin Cervantes","sa3020965",800099
"Yoel Correa","ATL",0,0,0,6.82874,1,0,0,0,,0.916667,5,1,1,1,0,1,0,0,0,4.812,6.90231,0.697158,1.82093,0.0996836,0.142986,-0.043302103877067566,0.291128,2.08565,0.294354,0.697367,,,7.19784,-0.0287483,-0.0498539,999,,,,,,,1.1833356857299804,1.2909112094840276,1.5833349227905273,1.7272738622235864,,,,,,,,,,,,,,,,,,,"Yoel Correa","sa3067515",828887
"Luis Peralta","COL",2,2,0,5.19896,34,0,0,1,,34,155,35,21,20,5,19,,2,33,8.76966,5.09858,1.72002,1.26902,0.214155,0.124508,0.0896477997303009,0.261715,1.59489,0.315345,0.68978,,,4.88111,-0.0288511,-0.041674,999,,,,,,,106.10000000000002,3.120588235294118,112,3.2941176470588234,,,,,,,,,,,,,,,,,,,"Luis Peralta","24203",678821
"Cole Hillier","SFG",0,0,0,5.53405,1,0,0,0,,1.91849,9,2,1,1,0,1,0,0,1,5.32252,4.8956,1.0872,1.2794,0.132609,0.121973,0.010636530816555023,0.268432,1.58093,0.285927,0.658024,,,5.59013,-0.0289023,-0.00113159,999,,,,,,,7.996811389923098,4.168288403650581,8.592440128326416,4.4787561941371905,,,,,,,,,,,,,,,,,,,"Cole Hillier","sa3023232",815779
"Leodarlyn Colon","WSN",0,0,0,6.92946,1,1,0,0,,2.13849,10,3,2,2,0,1,0,0,1,4.07444,5.49972,0.740845,1.70512,0.0942957,0.127281,-0.03298555314540863,0.300519,1.85296,0.301529,0.637403,,,6.69838,-0.0289606,-0.0610575,999,,,,,,,7.0248486518859865,3.284952745362334,9.69246530532837,4.5323809937911745,,,,,,,,,,,,,,,,,,,"Leodarlyn Colon","sa3019719",805741
"Joseph Herrera","SDP",0,0,0,5.80309,1,0,0,0,,1.275,8,2,1,1,0,1,0,0,1,7.18723,5.85487,1.22756,1.97636,0.135759,0.110592,0.02516680210828781,0.275029,2.07096,0.289604,0.774989,,,6.54598,-0.0290164,-0.0360063,999,,,,,,,3.2349998235702513,2.537254811029898,5.3749998807907104,4.215686259843532,,,,,,,,,,,,,,,,,,,"Joseph Herrera","sa3024471",823877
"Natanael Polanco","MIA",0,0,0,6.12831,1,0,0,0,,1.7761,8,2,1,1,0,1,0,0,1,5.0091,5.87667,0.852371,1.21492,0.125043,0.1467,-0.021657198667526245,0.280609,1.70297,0.299973,0.633598,,,5.90424,-0.0290377,-0.00487715,999,,,,,,,6.943147349357605,3.9092075147249665,7.8805049657821655,4.436968953987898,,,,,,,,,,,,,,,,,,,"Natanael Polanco","sa3016715",702417
"Miguel Valdez","SDP",0,0,0,6.09554,1,0,0,0,,1.23972,6,2,1,1,0,1,0,0,1,5.50175,6.35848,0.865261,1.6089,0.117637,0.135956,-0.01831846684217453,0.275648,1.92661,0.286378,0.708014,,,6.54715,-0.0290956,-0.0377941,999,,,,,,,2.973920845985412,2.3988668127567845,5.19859516620636,4.193365614960772,,,,,,,,,,,,,,,,,,,"Miguel Valdez","sa3021025",808895
"Mario Zabala","SDP",0,0,0,5.74177,1,0,0,0,,0.992146,7,2,1,1,0,1,0,0,1,8.49356,8.17821,1.03856,2.02202,0.134849,0.129842,0.005006730556488037,0.272143,2.543,0.291432,0.82846,,,7.14765,-0.0291894,-0.0502126,999,,,,,,,1.141880512237548,1.1509198190400154,3.9607300758361816,3.992083841780648,,,,,,,,,,,,,,,,,,,"Mario Zabala","sa3023061",683336
"Victor Farias","WSN",0,0,0,6.73561,1,1,0,0,,2.30136,11,3,2,2,0,2,0,0,1,4.56406,6.11415,0.746474,1.55951,0.105283,0.141041,-0.03575752675533295,0.293299,1.87527,0.301035,0.647925,,,6.59119,-0.0292437,-0.0517018,999,,,,,,,5.230042028427126,2.272590457836658,7.506785154342651,3.2618950704531042,,,,,,,,,,,,,,,,,,,"Victor Farias","sa3020957",693756
"Hunter Parks","CIN",0,0,0,5.49898,8,0,0,1,,8,37,8,5,5,1,5,,0,6,7.19682,5.75633,1.25024,1.46039,0.172897,0.13829,0.03460635244846344,0.253927,1.6371,0.281566,0.687808,,,5.73528,-0.0292538,-0.0233124,999,,,,,,,27.100000000000005,3.3875000000000006,28,3.5,,,,,,,,,,,,,,,,,,,"Hunter Parks","sa3017640",688609
"Luis Tejeda","COL",0,0,0,7.6017,1,0,0,0,,1.40292,6,2,1,1,0,1,0,0,1,3.47927,5.37543,0.647254,1.65174,0.0838554,0.129556,-0.04570014774799347,0.323404,1.87708,0.323655,0.589182,,,6.70629,-0.029257,-0.0138272,999,,,,,,,4.181637167930604,2.980658497512742,6.014619708061218,4.287202983469797,,,,,,,,,,,,,,,,,,,"Luis Tejeda","sa3019176",802240
"Marco Corcho","LAD",0,0,0,6.30296,1,0,0,0,,1.23798,6,2,1,1,0,1,0,0,1,4.83654,6.30713,0.766837,1.69383,0.103437,0.134888,-0.031450964510440826,0.27883,1.9363,0.282639,0.700249,,,6.79994,-0.0293454,-0.0346298,999,,,,,,,2.961022067070007,2.391825184558919,5.189879775047302,4.192229868477245,,,,,,,,,,,,,,,,,,,"Marco Corcho","sa3021484",806866
"Will Childers","MIL",1,1,0,4.85668,12,0,0,1,,12,53,12,7,6,2,6,,1,9,7.12212,4.46738,1.59425,1.30432,0.179173,0.112387,0.0667857676744461,0.248913,1.45956,0.278956,0.692441,,,5.07777,-0.0293622,-0.0319149,999,,,,,,,34.000000000000014,2.8333333333333344,35,2.9166666666666665,,,,,,,,,,,,,,,,,,,"Will Childers","sa3021720",682999
"Albert Rivas","ATL",0,0,0,5.91526,1,0,0,0,,1.89351,8,2,1,1,0,1,0,0,1,4.7739,4.09616,1.16546,1.50641,0.124212,0.106578,0.017633967101573944,0.2767,1.49747,0.285075,0.617199,,,5.76027,-0.0294052,0.000505071,999,,,,,,,7.812010931968689,4.125666271404068,8.467574954032898,4.471881656678075,,,,,,,,,,,,,,,,,,,"Albert Rivas","sa3018286",691309
"Gordon Graceffo","STL",3,3,0,4.5702,60,0,0,11,,60,257,62,33,30,7,20,,3,46,6.89836,2.98475,2.3112,1.11839,0.178946,0.0774254,0.10152045637369156,0.265621,1.36954,0.30286,0.68161,,,4.3453,-0.029418,-0.174061,999,,,,,,,263.7,4.395,276,4.6,,,,,,,,,,,,,,,,,,,"Gordon Graceffo","29519",700669
"Samir Chires","SFG",0,0,0,6.49169,1,1,0,0,,2.54328,12,3,2,2,0,2,0,0,1,5.10461,5.56901,0.91661,1.55833,0.121498,0.132551,-0.011053428053855896,0.288133,1.76922,0.300482,0.642779,,,6.2782,-0.0296179,-0.0421047,999,,,,,,,7.020271158218386,2.7603218962193683,8.716399431228638,3.427227761430294,,,,,,,,,,,,,,,,,,,"Samir Chires","sa3016254",698968
"Marquis Grissom Jr.","WSN",1,1,0,5.06799,12,0,0,1,,12,53,12,7,7,2,5,,1,9,6.47838,3.8512,1.68217,1.43612,0.162978,0.0968856,0.06609263271093369,0.25838,1.446,0.280481,0.679667,,,5.19903,-0.0296704,-0.0279603,999,,,,,,,37.000000000000014,3.0833333333333344,38,3.1666666666666665,,,,,,,,,,,,,,,,,,,"Marquis Grissom Jr.","sa3020312",671726
"Adonys Perez","ARI",0,0,0,6.24533,1,1,0,0,,4.03909,19,5,3,3,1,2,0,0,1,3.27318,4.38468,0.746504,1.2532,0.0788859,0.105674,-0.026787832379341125,0.304013,1.72488,0.307839,0.632027,,,5.83528,-0.0299438,-0.0385464,999,,,,,,,0.5892953872680664,0.14589791459725257,3.195469856262207,0.7911353088106926,,,,,,,,,,,,,,,,,,,"Adonys Perez","sa3020114",806583
"Joel Lara","NYM",0,0,0,5.27961,1,0,0,0,,1.95882,10,2,1,1,0,1,0,0,2,7.30112,6.20307,1.17702,1.40539,0.16472,0.139947,0.024773046374320984,0.250937,1.73681,0.277939,0.72197,,,5.79348,-0.0302093,0.0000420103,999,,,,,,,10.295297884941103,5.255856413113909,10.794120192527771,5.510510377830022,,,,,,,,,,,,,,,,,,,"Joel Lara","sa3024620",827445
"Jagger Haynes","SDP",1,1,1,5.23659,3,3,0,0,,19,90,19,12,11,3,12,,1,15,6.9103,5.40536,1.27842,1.34559,0.166513,0.13025,0.0362635999917984,0.253632,1.60367,0.281007,0.694351,,,5.51196,-0.0302505,-0.035489,999,,,,,,,45.29999999999999,2.384210526315789,47,2.473684210526316,,,,,,,,,,,,,,,,,,,"Jagger Haynes","sa3020876",695247
"Edward Cedano","ATL",0,0,0,6.71039,1,0,0,0,,1.25,6,1,1,1,0,1,0,0,1,4.15749,5.77731,0.719624,1.53366,0.0972512,0.135142,-0.03789053112268448,0.295262,1.83772,0.300032,0.639944,,,6.52667,-0.0305005,-0.0330688,999,,,,,,,5.65,4.5200000000000005,5.25,4.2,,,,,,,,,,,,,,,,,,,"Edward Cedano","sa3021792",808523
"Jhon Cabral","MIA",0,0,0,6.4249,1,0,0,0,,1.28129,7,2,1,1,0,1,0,0,1,5.5752,7.4844,0.74491,1.40344,0.117163,0.157285,-0.04012197256088257,0.287156,2.09137,0.305631,0.700278,,,6.62385,-0.03065,-0.030642,999,,,,,,,3.281546401977539,2.5611268821686153,5.406450271606445,4.219536593898164,,,,,,,,,,,,,,,,,,,"Jhon Cabral","sa3019299",805093
"Ryan Degges","PHI",0,0,0,6.56956,1,1,0,0,,3.68182,16,4,3,3,1,2,0,0,2,4.35724,4.96997,0.876712,1.61754,0.110777,0.126355,-0.015578046441078186,0.284979,1.62543,0.288029,0.602824,,,6.31659,-0.0306531,-0.0571604,999,,,,,,,2.5454532623291026,0.691357708747662,3.409090042114258,0.9259257340572844,,,,,,,,,,,,,,,,,,,"Ryan Degges","sa3030027",813869
"Joaquin Tejada","PIT",0,0,0,6.33328,1,0,0,0,,1.16731,7,2,1,1,0,1,0,0,1,5.6198,7.62942,0.736596,1.52623,0.110993,0.150683,-0.03969048708677292,0.285245,2.19019,0.29979,0.727988,,,6.84913,-0.0307898,-0.0359403,999,,,,,,,2.4380719423294073,2.088629556883772,4.836535096168518,4.14332734788448,,,,,,,,,,,,,,,,,,,"Joaquin Tejada","sa3016207",692047
"Yoendris Gonzalez","CHC",0,0,0,6.08121,1,0,0,0,,1.52655,7,2,1,1,0,1,0,0,1,5.23545,5.14662,1.01726,1.64435,0.121231,0.119174,0.002056919038295746,0.277752,1.73018,0.286446,0.672942,,,6.23097,-0.0308738,-0.0210996,999,,,,,,,5.096447467803956,3.3385461552614,6.632734775543213,4.34492679923571,,,,,,,,,,,,,,,,,,,"Yoendris Gonzalez","sa3020334",803248
"Andrew Hoffmann","ARI",3,2,0,4.39331,50,0,0,7,,50,216,49,27,24,6,20,,2,43,7.76994,3.55335,2.18665,1.1181,0.199844,0.0913929,0.10845115035772324,0.252405,1.37379,0.295654,0.700603,,,4.34784,-0.0311236,-0.0536125,999,,,,,,,216.79999999999998,4.335999999999999,220,4.4,,,,,,,,,,,,,,,,,,,"Andrew Hoffmann","29633",694851
"Khristian Guevara","CIN",0,0,0,7.0968,1,1,0,0,,2.43333,12,3,2,2,0,1,0,0,1,2.58774,4.8094,0.538058,1.79812,0.0599697,0.111456,-0.051486071199178696,0.307501,1.82749,0.294069,0.624274,,,6.92525,-0.0312513,-0.0354645,999,,,,,,,9.206663608551025,3.7835610296470614,11.166664600372314,4.589041026096257,,,,,,,,,,,,,,,,,,,"Khristian Guevara","sa3019122",703145
"Ronaldys Jimenez","PIT",0,0,0,5.90521,1,0,0,0,,1.86667,9,2,1,1,0,1,0,0,1,6.876,6.62946,1.03719,1.35791,0.150648,0.145246,0.005401477217674255,0.276395,1.91711,0.306783,0.703724,,,5.9696,-0.0314072,0.000475137,999,,,,,,,7.613336038589478,4.078572079052603,8.333335161209106,4.464285819202033,,,,,,,,,,,,,,,,,,,"Ronaldys Jimenez","sa3025092",815858
"Jose Garces","PIT",0,0,0,6.31033,1,0,0,0,,1.54116,7,2,1,1,0,1,0,0,1,4.15976,5.94423,0.699799,1.33353,0.0996285,0.142367,-0.0427388995885849,0.283699,1.77281,0.291248,0.643301,,,6.29196,-0.0315451,-0.0167052,999,,,,,,,5.204620957374574,3.3770692799454594,6.705824971199036,4.351140206442816,,,,,,,,,,,,,,,,,,,"Jose Garces","sa3015490",699010
"Zach Agnos","COL",3,2,0,5.05061,50,0,0,4,,50,223,53,31,28,8,21,,2,43,7.68789,3.78402,2.03167,1.37063,0.191527,0.0942705,0.09725645184516907,0.266177,1.48276,0.304915,0.685148,,,4.81353,-0.0316278,-0.0675516,999,,,,,,,166.8,3.3360000000000003,179,3.58,,,,,,,,,,,,,,,,,,,"Zach Agnos","31552",688642
"Josbel Garcia","PHI",0,0,0,6.3217,1,0,0,0,,1.88488,9,2,1,1,0,1,0,0,1,4.26824,4.51088,0.94621,1.56137,0.103491,0.109374,-0.005883209407329559,0.291948,1.6775,0.296567,0.634535,,,6.10211,-0.0316726,0.00117981,999,,,,,,,7.748082494735718,4.110658972850496,8.42438006401062,4.469461124653306,,,,,,,,,,,,,,,,,,,"Josbel Garcia","sa3019250",703863
"Junior Flores","PIT",0,0,0,6.04715,1,0,0,0,,1.67944,8,2,1,1,0,1,0,0,1,5.06249,5.74631,0.880998,1.27503,0.118769,0.134812,-0.016042880713939667,0.284764,1.78884,0.302408,0.663295,,,5.94097,-0.0322356,-0.0137577,999,,,,,,,6.227848219871521,3.7082909295078026,7.397194743156433,4.40456305314642,,,,,,,,,,,,,,,,,,,"Junior Flores","sa3015479",695946
"Candido Cuevas","NYM",0,0,0,5.01534,1,0,0,0,,1.9192,12,3,1,1,0,1,0,0,2,9.41459,6.80779,1.38291,1.71124,0.172334,0.124616,0.047717370092868805,0.250838,2.07117,0.280786,0.810271,,,6.00054,-0.0322995,-0.00206968,999,,,,,,,7.402065467834473,3.8568533982632895,10.595990180969238,5.521050970843634,,,,,,,,,,,,,,,,,,,"Candido Cuevas","sa3018305",703341
"Mason Pelio","CIN",0,0,0,6.74552,1,1,0,0,,3.28597,15,4,3,2,1,2,0,0,1,4.10471,5.71133,0.718696,1.6321,0.0987559,0.13741,-0.0386539027094841,0.287731,1.76445,0.288357,0.626143,,,6.65478,-0.0323393,-0.0712714,999,,,,,,,-2.383785152435303,-0.7254422712829384,-0.5701251029968262,-0.17350256973070974,,,,,,,,,,,,,,,,,,,"Mason Pelio","sa3020381",680900
"Anthony Crespo","NYM",0,0,0,6.07399,1,0,0,0,,1.53333,8,2,1,1,0,1,0,0,1,6.15783,5.71761,1.07699,1.74819,0.131139,0.121764,0.009375117719173431,0.278851,1.89586,0.292775,0.713541,,,6.38236,-0.0323447,-0.0223139,999,,,,,,,5.146663784980775,3.3565207122176366,6.666664719581604,4.347825921325425,,,,,,,,,,,,,,,,,,,"Anthony Crespo","sa3023139",815803
"Griff McGarry","WSN",3,3,0,4.51598,52,0,0,7,,52,227,45,28,26,6,31,,3,54,9.40019,5.40032,1.74067,1.08762,0.239261,0.137453,0.10180775821208954,0.235008,1.47229,0.2951,0.709263,,,4.57855,-0.0326721,-0.0505951,999,,,,,,,228,4.384615384615385,216,4.153846153846154,,,,,,,,,,,,,,,,,,,"Griff McGarry","sa3017130",676046
"Jose Regalado","PIT",0,0,0,6.59652,1,0,0,0,,1.46264,7,2,1,1,0,1,0,0,1,5.5326,6.83816,0.809076,1.45773,0.126123,0.155885,-0.029762059450149536,0.286903,1.92213,0.305491,0.661563,,,6.47958,-0.0326968,-0.020789,999,,,,,,,4.623499298095703,3.1610751628105915,6.313175201416016,4.316302445614611,,,,,,,,,,,,,,,,,,,"Jose Regalado","sa3022049",814219
"Eris Albino","NYM",0,0,0,6.42153,1,1,0,0,,2.33333,12,3,2,2,0,1,0,0,1,4.69738,5.4443,0.862807,1.82164,0.0987436,0.114445,-0.015701033174991608,0.291264,1.95048,0.293464,0.70252,,,6.72049,-0.0332087,-0.0559798,999,,,,,,,8.46666431427002,3.628570914754992,10.666665077209473,4.57142851304034,,,,,,,,,,,,,,,,,,,"Eris Albino","sa3018894",802741
"Jordan Henriquez","CHC",0,0,0,6.161,1,0,0,0,,1.36667,8,2,1,1,0,1,0,0,1,5.86708,5.72889,1.02412,1.85834,0.116208,0.113471,0.0027370452880859375,0.286774,2.0442,0.296571,0.738704,,,6.61912,-0.0332471,-0.0293368,999,,,,,,,3.9133360385894784,2.863415847655454,5.8333351612091064,4.268292878654106,,,,,,,,,,,,,,,,,,,"Jordan Henriquez","sa3023867",823932
"Jholbran Herder","LAD",0,0,0,6.69785,1,1,0,0,,2.67354,13,3,2,2,1,1,0,0,1,2.73583,4.59039,0.59599,1.77618,0.0633971,0.106373,-0.04297560453414917,0.295852,1.76171,0.282704,0.638794,,,6.78526,-0.0333813,-0.0309028,999,,,,,,,-1.3158401966094955,-0.4921724021477806,-0.6323244571685791,-0.23651249431606336,,,,,,,,,,,,,,,,,,,"Jholbran Herder","sa3019272",800408
"Angel Liranzo","PHI",0,0,0,6.51375,1,1,0,0,,4.31114,19,5,3,3,1,2,0,0,2,3.90462,3.98572,0.979652,1.78777,0.0971103,0.0991273,-0.002016998827457428,0.291058,1.59992,0.286705,0.612357,,,6.32642,-0.0336617,-0.0212099,999,,,,,,,4.602464675903317,1.0675738989975132,6.555719375610352,1.5206449994491835,,,,,,,,,,,,,,,,,,,"Angel Liranzo","sa3022217",808158
"Nelfri Payano","CIN",0,0,0,6.69129,1,0,0,0,,0.981043,6,1,1,1,0,1,0,0,1,7.21738,9.69225,0.744655,2.09572,0.125473,0.168498,-0.04302513599395752,0.275037,2.51513,0.287375,0.777976,,,8.04486,-0.0336702,-0.0426587,999,,,,,,,3.659718060493469,3.7304360061898625,3.9052149057388306,3.980676668386073,,,,,,,,,,,,,,,,,,,"Nelfri Payano","sa3019260",800152
"Davian Garcia","WSN",0,0,0,6.52717,1,1,0,0,,4.36364,19,5,3,3,1,2,0,0,2,4.38217,4.87333,0.899215,1.5767,0.113454,0.12617,-0.012716054916381836,0.284376,1.59337,0.288689,0.594354,,,6.21694,-0.0338241,-0.0225516,999,,,,,,,4.990906524658204,1.1437495027978821,6.818180084228516,1.562499726812023,,,,,,,,,,,,,,,,,,,"Davian Garcia","sa3031927",807485
"Abraham Gaitan","CIN",0,0,0,6.75408,1,0,0,0,,1.9285,9,2,2,1,0,1,0,0,1,4.37155,4.58516,0.953414,1.76591,0.108131,0.113415,-0.00528358668088913,0.294609,1.66752,0.296054,0.608737,,,6.39805,-0.0338358,-0.0839963,999,,,,,,,8.070885419845585,4.185062828953999,8.642490148544312,4.481461746605484,,,,,,,,,,,,,,,,,,,"Abraham Gaitan","sa3020492",806675
"Kevin Valdez","CHC",0,0,0,6.27411,1,1,0,0,,4.11457,18,4,3,3,1,2,0,0,2,3.89205,5.32296,0.731181,1.26647,0.0977539,0.133693,-0.03593931347131729,0.287574,1.67804,0.295096,0.618913,,,6.03564,-0.0339601,-0.0417225,999,,,,,,,5.747787284851073,1.396936516600667,5.572829246520996,1.354414888623887,,,,,,,,,,,,,,,,,,,"Kevin Valdez","sa3019052",703936
"Ismael Yanez","MIL",0,0,0,6.32071,1,0,0,0,,1.29294,7,2,1,1,0,1,0,0,1,6.1457,6.94602,0.88478,1.8074,0.126292,0.142738,-0.0164463073015213,0.275288,2.0292,0.286809,0.722025,,,6.89798,-0.0341466,-0.0320708,999,,,,,,,3.3677632093429564,2.6047308241075604,5.464704871177673,4.226569487759284,,,,,,,,,,,,,,,,,,,"Ismael Yanez","sa3022354",808254
"Orlando Ribalta","WSN",2,2,0,4.4288,42,0,0,1,,42,185,38,23,21,6,21,,2,40,8.60325,4.47456,1.9227,1.26195,0.21746,0.113101,0.10435862094163895,0.235606,1.4038,0.278499,0.717462,,,4.68941,-0.0342809,-0.0524969,999,,,,,,,153.2,3.6476190476190475,147,3.5,,,,,,,,,,,,,,,,,,,"Orlando Ribalta","26247",687377
"Diomede Sierra","ARI",0,0,0,6.2433,1,1,0,0,,2.49612,13,3,2,2,0,2,0,0,1,5.27649,6.61674,0.797446,1.41992,0.111372,0.139661,-0.02828897535800934,0.288801,2.02432,0.304154,0.702351,,,6.41474,-0.0342823,-0.0385701,999,,,,,,,6.67129487991333,2.6726649340130226,8.480604648590088,3.397513536953567,,,,,,,,,,,,,,,,,,,"Diomede Sierra","sa3009586",682660
"Manuel Davila","SDP",0,0,0,6.16889,1,0,0,0,,1.47692,8,2,1,1,0,1,0,0,1,4.66289,5.2211,0.893085,1.78072,0.10048,0.112509,-0.012028813362121582,0.282056,1.85414,0.28313,0.700951,,,6.58917,-0.0346129,-0.0256867,999,,,,,,,4.729230117797852,3.2020830831179867,6.384614944458008,4.322916626309353,,,,,,,,,,,,,,,,,,,"Manuel Davila","sa3024787",823839
"Engel Silvestre","COL",0,0,0,7.17921,1,0,0,0,,1.80339,8,2,2,1,0,1,0,0,1,5.08679,6.11777,0.831478,1.63287,0.12025,0.144622,-0.024371981620788574,0.303427,1.88176,0.317461,0.6208,,,6.57952,-0.0347721,-0.0767229,999,,,,,,,7.145049142837524,3.9620209031133884,8.01692509651184,4.445487242437643,,,,,,,,,,,,,,,,,,,"Engel Silvestre","sa3022397",815437
"Jaden Woods","PIT",1,1,0,4.86279,16,0,0,1,,16,71,16,9,9,2,8,,1,12,6.80111,4.45564,1.5264,1.18737,0.169498,0.111044,0.05845383554697037,0.256029,1.49672,0.287545,0.690986,,,4.9771,-0.0347952,-0.0246877,999,,,,,,,53.20000000000001,3.3250000000000006,55,3.4375,,,,,,,,,,,,,,,,,,,"Jaden Woods","sa3023064",692243
"Omar Victorino","NYM",0,0,0,6.2764,1,1,0,0,,3.11527,15,3,2,2,0,2,0,0,1,4.19998,6.45961,0.650191,1.2554,0.0998869,0.153627,-0.05374016612768173,0.280188,1.80884,0.289417,0.648971,,,6.34839,-0.0348638,-0.0100844,999,,,,,,,11.253034305572509,3.6122122909046936,11.576374530792236,3.716004166408371,,,,,,,,,,,,,,,,,,,"Omar Victorino","sa3019273",800466
"Camilo Sanchez","WSN",0,0,0,6.54699,1,1,0,0,,3.35113,15,4,3,2,1,2,0,0,2,4.07909,4.87135,0.837364,1.69044,0.0991339,0.118388,-0.01925414800643921,0.287803,1.68592,0.286805,0.626437,,,6.45443,-0.0348743,-0.0796376,999,,,,,,,0.09836912155151545,0.02935400694752104,1.7556548118591309,0.5238991945025429,,,,,,,,,,,,,,,,,,,"Camilo Sanchez","sa3018834",800229
"JP Wheat","CHC",0,0,0,6.12417,1,1,0,0,,3.55787,17,4,3,2,1,2,0,0,2,5.53721,6.28408,0.881148,1.39584,0.131686,0.149448,-0.017762169241905212,0.272809,1.76613,0.290322,0.660373,,,6.19366,-0.0348819,-0.0728785,999,,,,,,,1.6282232284545888,0.45764014479875703,2.789340019226074,0.7839919907684761,,,,,,,,,,,,,,,,,,,"JP Wheat","sa3024884",702516
"Dominic Hambley","CHC",0,0,0,5.8278,1,0,0,0,,1.81746,9,2,1,1,0,1,0,0,1,6.20186,6.84727,0.905742,1.27459,0.142336,0.157148,-0.014812454581260681,0.266332,1.83087,0.291316,0.688242,,,6.06868,-0.034906,-0.00586273,999,,,,,,,7.249203562736512,3.9886455814291515,8.087299704551697,4.449781545391798,,,,,,,,,,,,,,,,,,,"Dominic Hambley","sa3017999",692163
"Jose Rengel","SFG",0,0,0,6.58836,1,1,0,0,,2.61138,13,3,2,2,0,2,0,0,1,4.3441,5.65443,0.768266,1.50039,0.0974813,0.126885,-0.02940351516008377,0.300536,1.90975,0.308408,0.662273,,,6.39953,-0.034973,-0.0381337,999,,,,,,,7.524182748794556,2.8813095521233865,9.056880235671997,3.468240526143521,,,,,,,,,,,,,,,,,,,"Jose Rengel","sa3021790",808373
"Dominic Scheffler","CIN",0,0,0,6.12827,1,0,0,0,,1.94278,10,2,1,1,0,2,0,0,1,6.36809,7.01613,0.907636,1.46835,0.1395,0.153696,-0.014196082949638367,0.273474,1.93566,0.295808,0.698169,,,6.37515,-0.0350108,0.00742811,999,,,,,,,5.176564192771912,2.6645152842409665,5.713894724845886,2.9410936018438982,,,,,,,,,,,,,,,,,,,"Dominic Scheffler","sa3023599",807636
"Alexander Johnson","CIN",0,0,0,6.81762,1,0,0,0,,1.50854,7,2,1,1,0,1,0,0,1,5.49556,7.17534,0.765895,1.6949,0.127277,0.16618,-0.03890372812747955,0.274897,1.87944,0.284873,0.65112,,,6.9447,-0.035014,-0.015623,999,,,,,,,4.9632253646850595,3.2900767026399294,6.542719841003418,4.337109145587085,,,,,,,,,,,,,,,,,,,"Alexander Johnson","sa3015278",689564
"Adler Cecil","SDP",0,0,0,6.17911,1,0,0,0,,1.23333,7,2,1,1,0,1,0,0,1,7.21202,8.06792,0.893913,1.79033,0.141188,0.157943,-0.016755729913711548,0.266275,2.1494,0.284471,0.748044,,,7.02893,-0.0350167,-0.0381172,999,,,,,,,2.9266641378402705,2.3729715800786524,5.166664958000183,4.189188964528815,,,,,,,,,,,,,,,,,,,"Adler Cecil","sa3023600",814702
"Yorvi Pirela","ATL",0,0,0,7.14917,1,1,0,0,,2.23148,10,3,2,2,0,1,0,0,1,2.20376,4.57449,0.481749,1.6567,0.0523106,0.108585,-0.05627416446805,0.315336,1.80729,0.302108,0.606414,,,6.72278,-0.0352425,-0.0548462,999,,,,,,,7.712951135635376,3.456428710706389,10.157399415969849,4.551866898943908,,,,,,,,,,,,,,,,,,,"Yorvi Pirela","sa3019163",800459
"Anhuar Garcia","CHC",0,0,0,6.12201,1,1,0,0,,4.57143,21,5,3,3,1,2,0,0,2,4.88092,4.75641,1.02618,1.55123,0.117259,0.114268,0.002991318702697754,0.283789,1.67588,0.292941,0.650315,,,6.03683,-0.0352434,-0.0154103,999,,,,,,,6.528572940826418,1.4281252669636046,7.857143878936768,1.7187501466832988,,,,,,,,,,,,,,,,,,,"Anhuar Garcia","sa3067383",806879
"Kelvin Rosario","ARI",0,0,0,6.14089,1,0,0,0,,1.86429,9,2,1,1,0,1,0,0,1,5.01588,5.7752,0.86852,1.27317,0.116368,0.133985,-0.01761636883020401,0.289716,1.82639,0.307704,0.663956,,,5.95983,-0.0358256,-0.000540654,999,,,,,,,7.595715999603272,4.074329915075131,8.32142972946167,4.463601599205666,,,,,,,,,,,,,,,,,,,"Kelvin Rosario","sa3022128",808163
"Luis Arestigueta","ATL",0,0,0,6.20418,1,1,0,0,,3.62014,17,4,3,2,1,2,0,0,2,4.59443,4.79939,0.957296,1.64455,0.110626,0.115561,-0.004934877157211304,0.280362,1.66251,0.283849,0.646616,,,6.24986,-0.0360256,-0.063518,999,,,,,,,2.089050674438477,0.5770631881926053,3.100709915161133,0.8565161061898412,,,,,,,,,,,,,,,,,,,"Luis Arestigueta","sa3021521",808244
"Marlon Franco","SFG",0,0,0,6.56602,1,1,0,0,,3.85714,18,5,3,3,1,2,0,0,2,3.6654,4.30195,0.852031,1.50823,0.0893999,0.104926,-0.015525713562965393,0.305174,1.70674,0.307448,0.618088,,,6.08675,-0.0362977,-0.0578869,999,,,,,,,1.242857646942138,0.3222223472202732,4.285714626312256,1.111111179791359,,,,,,,,,,,,,,,,,,,"Marlon Franco","sa3016242",693812
"Edwin Nuñez","STL",0,0,0,5.8238,1,0,0,0,,1.85052,9,2,1,1,0,1,0,0,1,6.63941,6.9694,0.952652,1.36654,0.147644,0.154982,-0.007337987422943115,0.265367,1.87772,0.291136,0.703216,,,6.14994,-0.036679,-0.00448462,999,,,,,,,7.4938481092453015,4.049590412133719,8.252600073814392,4.459611356795761,,,,,,,,,,,,,,,,,,,"Edwin Nunez","sa3014813",695835
"Tim Fischer","LAD",0,0,0,7.17199,1,0,0,0,,1.2,6,2,1,1,0,1,0,0,1,4.1218,6.8118,0.605097,1.98809,0.0886408,0.14649,-0.05784952640533447,0.289688,2.01546,0.283077,0.671131,,,7.55691,-0.0370352,-0.036558,999,,,,,,,2.680000352859497,2.2333335386382127,5.000000238418579,4.1666666997803565,,,,,,,,,,,,,,,,,,,"Tim Fischer","sa3021536",808444
"Braulio Salas","MIA",0,0,0,6.05571,1,0,0,0,,1.95,10,3,1,1,0,1,0,0,1,4.907,5.07275,0.967325,1.60913,0.106318,0.10991,-0.003591299057006836,0.287531,1.85928,0.295301,0.698817,,,6.23535,-0.0370603,0.00440249,999,,,,,,,5.630000352859498,2.8871795975323313,8.750000238418579,4.487179499719583,,,,,,,,,,,,,,,,,,,"Braulio Salas","sa3019820",806466
"Alfredo Romero","CHC",0,0,0,6.43578,1,1,0,0,,3.26724,15,4,3,2,1,2,0,0,1,4.03617,5.38219,0.749912,1.4998,0.0991035,0.132154,-0.03304997831583023,0.284052,1.69794,0.286532,0.626033,,,6.36341,-0.0371317,-0.0887665,999,,,,,,,-2.5224395275115956,-0.7720403605163503,-0.6638104915618896,-0.20317176512277005,,,,,,,,,,,,,,,,,,,"Alfredo Romero","sa3018345",801252
"Eduardo Castillo","CHC",0,0,0,6.41542,1,0,0,0,,1.32826,7,2,1,1,0,1,0,0,1,6.09313,7.0136,0.868759,1.81876,0.121666,0.140046,-0.018379800021648407,0.282162,2.11003,0.29414,0.72873,,,6.95302,-0.0372249,-0.0313011,999,,,,,,,3.6291606426239023,2.7322565712231257,5.641324758529663,4.247138156648891,,,,,,,,,,,,,,,,,,,"Eduardo Castillo","sa3022168",808341
"Alison Zacarias","COL",0,0,0,7.86249,1,1,0,0,,3.425,15,4,3,3,1,2,0,0,1,2.58068,5.07807,0.508201,1.64652,0.0651111,0.128121,-0.06300961971282959,0.328378,1.80773,0.319722,0.550113,,,6.79123,-0.0375187,-0.0440809,999,,,,,,,-1.3550003528594967,-0.39562054648880424,0.1249997615814209,0.03649628126180999,,,,,,,,,,,,,,,,,,,"Alison Zacarias","sa3022388",808026
"Paxton Schultz","WSN",3,2,0,4.53503,48,0,0,4,,48,208,46,26,24,7,19,,2,43,8.13971,3.64582,2.23262,1.34947,0.208711,0.0934825,0.11522812396287918,0.245405,1.35755,0.283894,0.703352,,,4.63201,-0.0375194,-0.0466156,999,,,,,,,188.50000000000003,3.927083333333334,188,3.9166666666666665,,,,,,,,,,,,,,,,,,,"Paxton Schultz","25501",687606
"Pitterson Rosa","PIT",0,0,0,6.31939,1,0,0,0,,1.61465,8,2,1,1,0,1,0,0,1,4.99848,6.43373,0.776919,1.54576,0.105981,0.136412,-0.03043101727962494,0.286759,1.99415,0.296603,0.699805,,,6.59472,-0.0375754,-0.0128623,999,,,,,,,5.748425078392029,3.5601633940048654,7.073260188102722,4.380671515162075,,,,,,,,,,,,,,,,,,,"Pitterson Rosa","sa3018839",800278
"Aldrin Gonzalez","MIL",0,0,0,5.96957,1,0,0,0,,1.18333,8,2,1,1,0,1,0,0,1,7.50511,7.53698,0.995772,2.23405,0.119129,0.119635,-0.0005058348178863525,0.278384,2.53015,0.288992,0.827304,,,7.45282,-0.0377105,-0.0376419,999,,,,,,,2.5566644906997675,2.1605620783201194,4.916665196418762,4.154929367470987,,,,,,,,,,,,,,,,,,,"Aldrin Gonzalez","sa3025070",808305
"Josdanner Suarez","ARI",0,0,0,6.51911,1,1,0,0,,3.28421,16,4,3,2,0,2,0,0,1,3.65708,5.31827,0.687645,1.37016,0.0850865,0.123736,-0.038649506866931915,0.30186,1.83702,0.306447,0.64406,,,6.24423,-0.037987,-0.0807781,999,,,,,,,9.903160810470583,3.0153851414219948,12.421054601669312,3.782051428172776,,,,,,,,,,,,,,,,,,,"Josdanner Suarez","sa3023843",821193
"Ricardo Montero","LAD",0,0,0,7.49848,1,0,0,0,,0.940776,6,1,1,1,0,1,0,0,0,4.52991,9.36145,0.48389,2.03605,0.0852943,0.176268,-0.09097357839345932,0.292976,2.44078,0.289893,0.720688,,,8.43054,-0.0381191,-0.0495809,999,,,,,,,1.3617423295974738,1.4474671370958296,1.703879952430725,1.8111431091584798,,,,,,,,,,,,,,,,,,,"Ricardo Montero","sa3018370",805110
"Blake Walston","ARI",1,1,0,4.98395,16,0,0,1,,16,70,17,10,9,2,6,,1,12,6.67055,3.62859,1.83833,1.2944,0.169411,0.0921546,0.07725615054368973,0.265421,1.44482,0.295384,0.675514,,,4.874,-0.0381315,-0.0577984,999,,,,,,,56.60000000000001,3.5375000000000005,61,3.8125,,,,,,,,,,,,,,,,,,,"Blake Walston","26270",686796
"Mathew Peters","CHC",0,0,0,6.73937,1,0,0,0,,1.22669,6,1,1,1,0,1,0,0,1,5.20015,7.85876,0.661701,1.69843,0.109091,0.164865,-0.055773742496967316,0.279597,2.09035,0.286734,0.696808,,,7.2624,-0.0386308,-0.0364707,999,,,,,,,5.477513456344605,4.465275625520518,5.133455038070679,4.1847987848668105,,,,,,,,,,,,,,,,,,,"Mathew Peters","sa3020629",802963
"Jovi Galvez","STL",0,0,0,6.66268,1,0,0,0,,1.16644,7,2,1,1,0,1,0,0,1,4.87184,8.27844,0.588497,1.59875,0.0930092,0.158045,-0.06503619998693466,0.290847,2.32304,0.298511,0.730097,,,7.3481,-0.0387421,-0.0398747,999,,,,,,,2.431634020805359,2.084668060599811,4.83218514919281,4.142688396870938,,,,,,,,,,,,,,,,,,,"Jovi Galvez","sa3018837",800243
"Adam Conrad","SDP",0,0,0,6.46642,1,0,0,0,,1.67568,8,2,1,1,0,1,0,0,1,5.03,6.36409,0.790372,1.54509,0.119076,0.150658,-0.03158210217952728,0.276639,1.79337,0.286159,0.649457,,,6.55001,-0.0389958,-0.0153803,999,,,,,,,6.200002312660218,3.70000069006784,7.378379940986633,4.403225917752877,,,,,,,,,,,,,,,,,,,"Adam Conrad","sa3067215",828597
"Luis Cesar","MIA",0,0,0,6.86091,1,1,0,0,,3.23904,15,4,3,2,1,2,0,0,1,3.8539,6.16203,0.625426,1.39532,0.0922024,0.147423,-0.055220939218997955,0.298709,1.8499,0.304492,0.623007,,,6.5243,-0.0390983,-0.0823666,999,,,,,,,-2.7311047554016117,-0.8431834251737771,-0.8048005104064941,-0.24846884748892165,,,,,,,,,,,,,,,,,,,"Luis Cesar","sa3018368",805094
"Justin Loer","COL",0,0,0,7.34811,1,0,0,0,,1.86741,9,2,2,2,0,1,0,0,1,3.68348,5.61062,0.65652,1.64287,0.0860125,0.131013,-0.04500025510787964,0.316174,1.91256,0.317487,0.616059,,,6.73254,-0.0391164,-0.0736659,999,,,,,,,7.618804478645326,4.0798864495912115,8.337030053138733,4.464497814450195,,,,,,,,,,,,,,,,,,,"Justin Loer","sa3025306",820830
"Scott Blewett","STL",1,1,0,4.86755,24,0,0,1,,24,104,25,14,13,3,9,,1,17,6.35831,3.34057,1.90336,1.20019,0.163483,0.0858916,0.07759115099906921,0.267795,1.41675,0.297668,0.671546,,,4.70688,-0.0392861,-0.0711728,999,,,,,,,83.70000000000002,3.4875000000000007,89,3.7083333333333335,,,,,,,,,,,,,,,,,,,"Scott Blewett","16427",656240
"Travis Sthele","WSN",0,0,0,6.84891,1,1,0,0,,5.39261,23,6,4,4,1,2,0,0,1,2.23087,3.14392,0.709582,1.64691,0.059006,0.083156,-0.024149969220161438,0.310955,1.53323,0.296439,0.549756,,,6.19883,-0.0397224,-0.0518977,999,,,,,,,8.005342769622805,1.484501382113268,9.963069438934326,1.8475399215023682,,,,,,,,,,,,,,,,,,,"Travis Sthele","sa3022941",691017
"Luis A. Reyes","CHC",0,0,0,6.62368,1,0,0,0,,1.32205,7,2,1,1,0,1,0,0,1,4.9854,7.72287,0.645537,1.58851,0.106417,0.16485,-0.05843328684568405,0.278757,2.05074,0.286399,0.691329,,,7.10244,-0.0397287,-0.0316187,999,,,,,,,3.5831477642059335,2.710302869198876,5.610234975814819,4.2435972369675605,,,,,,,,,,,,,,,,,,,"Luis A. Reyes","sa3019049",703724
"Zack Austin","ATL",0,0,0,6.36495,1,0,0,0,,1.3854,8,2,1,1,0,1,0,0,1,5.69359,8.27553,0.688002,1.40809,0.112406,0.16338,-0.0509742796421051,0.284429,2.23766,0.302108,0.725855,,,6.88462,-0.0397734,-0.0261347,999,,,,,,,4.051996588706971,2.9247741644258007,5.927024722099304,4.278189381359,,,,,,,,,,,,,,,,,,,"Zack Austin","sa3022910",813186
"Jeiki Beltran","ATL",0,0,0,7.04763,1,0,0,0,,1.01667,6,2,1,1,0,1,0,0,1,5.01286,8.36646,0.599162,2.00568,0.0882496,0.147288,-0.05903875082731247,0.301287,2.52707,0.303963,0.754732,,,7.94634,-0.0397746,-0.0448603,999,,,,,,,1.3233358621597295,1.3016413941103522,4.083335041999817,4.016393773243605,,,,,,,,,,,,,,,,,,,"Jeiki Beltran","sa3022344",815194
"Zack Tukis","PHI",0,0,0,6.33056,1,0,0,0,,1.79286,9,2,1,1,0,1,0,0,1,5.53205,6.90065,0.801671,1.54386,0.119599,0.149187,-0.02958819270133972,0.279565,1.97095,0.293269,0.694877,,,6.63181,-0.0404644,-0.00372359,999,,,,,,,7.067142176628113,3.9418324919420926,7.964285254478455,4.442231047087434,,,,,,,,,,,,,,,,,,,"Zack Tukis","sa3067103",821486
"Deivi Villafana","CIN",0,0,0,6.94842,1,1,0,0,,3.85,19,5,3,3,1,2,0,0,1,3.44773,4.33841,0.794699,1.95538,0.0779663,0.098108,-0.020141705870628357,0.30721,1.82678,0.298517,0.645955,,,6.8019,-0.0409549,-0.0394971,999,,,,,,,-0.8100007057189949,-0.21038979890476095,2.249999523162842,0.5844154750381935,,,,,,,,,,,,,,,,,,,"Deivi Villafana","sa3025142",812151
"Fred Fajardo","CHC",0,0,0,6.56352,1,0,0,0,,1.57857,8,2,1,1,0,1,0,0,1,4.77506,5.58369,0.855179,1.84899,0.103765,0.121337,-0.017572104930877686,0.289192,1.90225,0.291194,0.684811,,,6.7867,-0.0410773,-0.0183986,999,,,,,,,5.48142511844635,3.4723970290619715,6.892854809761047,4.366515649848705,,,,,,,,,,,,,,,,,,,"Fred Fajardo","sa3024285",824632
"Hayden Frank","CHC",0,0,0,6.33829,1,1,0,0,,4.30769,20,5,3,3,1,2,0,0,2,3.68551,4.35032,0.847182,1.61051,0.0892299,0.105326,-0.01609562337398529,0.29055,1.66134,0.28825,0.632358,,,6.24746,-0.0415031,-0.0306838,999,,,,,,,4.5769211769104,1.062499622255541,6.5384602546691895,1.5178569353052425,,,,,,,,,,,,,,,,,,,"Hayden Frank","sa3031647",810070
"Mason McGwire","CHC",0,0,0,6.57326,1,1,0,0,,2.90768,14,3,2,2,0,2,0,0,1,3.69787,6.16249,0.600062,1.42055,0.0848732,0.141441,-0.05656762421131134,0.291421,1.8784,0.293659,0.652028,,,6.60017,-0.0415036,-0.0194913,999,,,,,,,9.716802263259886,3.3417761556000536,10.538379907608032,3.6243309002034083,,,,,,,,,,,,,,,,,,,"Mason McGwire","sa3020961",702576
"Luis Morellis","CIN",0,0,0,7.19217,1,1,0,0,,2.92959,14,3,3,2,1,2,0,0,2,4.71125,6.35313,0.741564,1.90643,0.108607,0.146456,-0.03784959763288498,0.28971,1.88016,0.290071,0.636105,,,7.14195,-0.0416298,-0.0908408,999,,,,,,,-0.4210570335388182,-0.14372573667487598,-0.3520655632019043,-0.12017583937208781,,,,,,,,,,,,,,,,,,,"Luis Morellis","sa3021489",807260
"Cristobal Abreu","ATL",0,0,0,6.26853,1,1,0,0,,2.7,15,4,2,2,1,2,0,0,2,5.6268,5.35122,1.0515,2.03912,0.11009,0.104698,0.005391910672187805,0.28911,2.0461,0.293832,0.743458,,,6.80523,-0.0417377,-0.0275163,999,,,,,,,-4.719999647140503,-1.748147986586041,-1.499999761581421,-0.5555554574409157,,,,,,,,,,,,,,,,,,,"Cristobal Abreu","sa3022169",808515
"Jose Vasquez","LAD",0,0,0,6.92496,1,1,0,0,,2.01333,12,3,2,2,0,2,0,0,1,5.5165,7.87461,0.700543,1.94952,0.107,0.152738,-0.045738570392131805,0.289287,2.25778,0.295201,0.725182,,,7.57032,-0.0418496,-0.0690591,999,,,,,,,3.098664808273317,1.5390721166160686,6.066665410995483,3.0132447852935824,,,,,,,,,,,,,,,,,,,"Jose Vasquez","sa3022116",807833
"Leuris Portorreal","WSN",0,0,0,6.97112,1,1,0,0,,3.7641,17,5,3,3,1,2,0,0,1,2.79665,4.12386,0.678164,1.74054,0.0685292,0.101051,-0.032521940767765045,0.308226,1.69907,0.297434,0.597256,,,6.55354,-0.0425252,-0.0567454,999,,,,,,,-1.445675325393676,-0.3840695307779671,1.8204896450042725,0.48364566473633297,,,,,,,,,,,,,,,,,,,"Leuris Portorreal","sa3021520",808224
"Erick Batista","SDP",0,0,0,6.41229,1,0,0,0,,1.43333,8,2,1,1,0,1,0,0,1,6.08103,7.38343,0.823605,1.87282,0.117389,0.142531,-0.025141693651676178,0.280392,2.1841,0.290369,0.742784,,,7.1656,-0.0426707,-0.0279272,999,,,,,,,4.406664490699769,3.0744177172541933,6.166665196418762,4.302325438266806,,,,,,,,,,,,,,,,,,,"Erick Batista","sa3022026",808369
"Josue Arias","MIA",0,0,0,7.13094,1,1,0,0,,2.14213,11,3,2,2,0,2,0,0,1,4.0281,8.16552,0.493305,1.4121,0.0837672,0.169808,-0.08604081720113754,0.303967,2.23386,0.311105,0.67941,,,7.21598,-0.0427659,-0.0584425,999,,,,,,,4.051791238784792,1.891474264034403,6.710669755935669,3.1327031403506447,,,,,,,,,,,,,,,,,,,"Josue Arias","sa3018350",801738
"Jose Meneses","MIL",0,0,0,5.92453,1,0,0,0,,1.77335,10,2,1,1,0,2,0,0,1,6.6345,7.84456,0.845744,1.53857,0.137528,0.162611,-0.0250837504863739,0.2602,2.0212,0.278816,0.730815,,,6.70935,-0.0436631,-0.00712308,999,,,,,,,3.922812056541443,2.212087553592329,4.8667649030685425,2.7443858928662297,,,,,,,,,,,,,,,,,,,"Jose Meneses","sa3019158",800427
"Marcus Morgan","PHI",0,0,0,6.16394,1,0,0,0,,1.6375,10,2,1,1,0,1,0,0,1,6.90504,7.61847,0.906355,1.88853,0.125633,0.138614,-0.012980490922927856,0.277843,2.2871,0.29249,0.772105,,,7.0943,-0.0437813,-0.0119269,999,,,,,,,5.917500352859498,3.6137405682704853,7.187500238418579,4.389312994882336,,,,,,,,,,,,,,,,,,,"Marcus Morgan","sa3038363",808861
"Cayman Goode","ATL",0,0,0,6.97992,1,1,0,0,,3.9,17,5,3,3,1,2,0,0,1,3.36432,4.40061,0.764513,1.64268,0.0846507,0.110725,-0.026074282824993134,0.307673,1.68166,0.304254,0.585215,,,6.37857,-0.0438019,-0.0478035,999,,,,,,,-0.43999929428100515,-0.11282032910810773,2.500000476837158,0.6410257476164561,,,,,,,,,,,,,,,,,,,"Cayman Goode","sa3067387",826931
"Wilmer Blanco","PHI",0,0,0,6.78344,1,1,0,0,,3.91667,19,5,3,3,1,2,0,0,2,4.53575,5.1835,0.875036,1.80418,0.106218,0.121388,-0.015169024467468262,0.293621,1.78356,0.295491,0.638986,,,6.62876,-0.0439682,-0.0438948,999,,,,,,,1.6833356857299826,0.4297877997712648,4.583334922790527,1.170213076797398,,,,,,,,,,,,,,,,,,,"Wilmer Blanco","sa3019184",804627
"Jacob Webb","CHC",3,3,0,4.16418,54,0,0,11,,54,233,48,27,25,8,23,,3,51,8.45443,3.7738,2.2403,1.25786,0.217711,0.0971794,0.12053132057189941,0.232725,1.31486,0.272951,0.723295,,,4.4734,-0.0439897,0.0615512,999,,,,,,,244.40000000000003,4.525925925925926,234,4.333333333333333,,,,,,,,,,,,,,,,,,,"Jacob Webb","19274",657097
"Triston McKenzie","SDP",1,1,2,5.11115,17,3,0,1,,33,147,30,21,19,5,21,,2,30,8.01851,5.59174,1.43399,1.36895,0.2022,0.141005,0.061195313930511475,0.239777,1.51571,0.276244,0.687337,,,5.35882,-0.0440241,-0.106007,738.25,,,,,,,99.70000000000005,3.021212121212123,95,2.878787878787879,,,,,,,,,,,,,,,,,,,"Triston McKenzie","18000",663474
"Matt Ager","PIT",0,0,0,6.82037,1,1,0,0,,3.45455,16,4,3,3,1,2,0,0,1,2.58615,5.2364,0.49388,1.48819,0.0611726,0.123861,-0.06268873810768127,0.302778,1.81105,0.294936,0.622547,,,6.62269,-0.044443,-0.0691533,999,,,,,,,-1.1363668441772443,-0.3289483382762525,0.27272510528564453,0.07894675091025088,,,,,,,,,,,,,,,,,,,"Matt Ager","sa3025798",700400
"Carlos Mateo","PIT",0,0,0,6.62297,1,0,0,0,,1.27258,8,2,1,1,0,2,0,0,1,6.69732,10.8914,0.614919,1.4511,0.115864,0.188422,-0.0725577250123024,0.286358,2.67704,0.309603,0.7642,,,7.64294,-0.0444747,-0.0305768,999,,,,,,,0.2170551538467409,0.1705637391121967,2.3628751039505005,1.8567668430922593,,,,,,,,,,,,,,,,,,,"Carlos Mateo","sa3022011",808102
"Kevin Abel","CIN",1,1,0,5.62407,14,0,0,1,,14,62,14,10,9,2,8,,1,10,6.27103,4.84994,1.29301,1.42041,0.157338,0.121683,0.03565467149019241,0.266773,1.56261,0.290294,0.655971,,,5.56658,-0.0449206,-0.0763965,999,,,,,,,39.6,2.8285714285714287,41,2.9285714285714284,,,,,,,,,,,,,,,,,,,"Kevin Abel","sa3017879",674265
"Brandon Dufault","LAD",0,0,0,6.89944,1,1,0,0,,2.95378,15,4,2,2,1,2,0,0,1,3.67336,6.57715,0.558504,1.57846,0.0824868,0.147692,-0.06520548462867737,0.293986,1.95222,0.292913,0.653269,,,6.97898,-0.0451599,-0.0153941,999,,,,,,,-4.841991424560549,-1.6392498162897113,-2.2310752868652344,-0.7553275983867073,,,,,,,,,,,,,,,,,,,"Brandon Dufault","sa3017257",679555
"Vitico Valdez","ARI",0,0,0,6.88822,1,1,0,0,,3.35043,16,4,3,3,1,2,0,0,1,3.45476,5.70899,0.605144,1.3735,0.0810743,0.133975,-0.05290094017982483,0.309356,1.88494,0.313163,0.627663,,,6.42761,-0.0454594,-0.0771441,999,,,,,,,-1.906847906112672,-0.5691359635031124,-0.24787020683288574,-0.07398169960872301,,,,,,,,,,,,,,,,,,,"Vitico Valdez","sa3017472",702884
"Chandler Welch","MIL",0,0,0,6.36284,1,1,0,0,,4.38855,21,5,3,3,1,3,0,0,2,4.6858,5.19379,0.902193,1.71346,0.110701,0.122702,-0.012001164257526398,0.280408,1.71848,0.283085,0.651749,,,6.46696,-0.0454987,-0.0231278,999,,,,,,,2.1752791404724157,0.4956713557370123,3.942756175994873,0.8984186271705019,,,,,,,,,,,,,,,,,,,"Chandler Welch","sa3025667",803068
"Jhon Rosario","CHC",0,0,0,6.74122,1,0,0,0,,1.66667,8,2,1,1,0,1,0,0,1,4.11057,5.34164,0.769533,1.89685,0.0899075,0.116834,-0.026926301419734955,0.294531,1.89752,0.290763,0.673606,,,6.91939,-0.0455493,-0.0138012,999,,,,,,,6.133335685729981,3.6800007095335565,7.333334922790527,4.400000114440896,,,,,,,,,,,,,,,,,,,"Jhon Rosario","sa3023698",823351
"Andrew Bolivar","STL",0,0,0,6.83792,1,1,0,0,,2.65455,14,3,2,2,0,2,0,0,1,4.26293,6.60872,0.645047,1.59336,0.091595,0.141997,-0.050402380526065826,0.299131,2.04225,0.303861,0.675669,,,6.88556,-0.0458137,-0.0351343,999,,,,,,,7.843633508682253,2.954793874493454,9.272725343704224,3.4931504659299843,,,,,,,,,,,,,,,,,,,"Andrew Bolivar","sa3024521",810977
"Geovanny Vasquez","CHC",0,0,0,6.77257,1,0,0,0,,1.67333,8,2,1,1,0,1,0,0,1,4.39544,6.62902,0.663061,1.61249,0.0965229,0.145572,-0.04904870688915253,0.292173,1.98109,0.296592,0.66995,,,6.88814,-0.0462363,-0.0134521,999,,,,,,,6.182664561271667,3.6948200871486545,7.366665244102478,4.40239033663688,,,,,,,,,,,,,,,,,,,"Geovanny Vasquez","sa3023865",823893
"Edwardo Melendez","CHC",0,0,0,6.54871,1,1,0,0,,3.38889,16,4,3,2,1,2,0,0,2,4.92103,6.53439,0.753097,1.54038,0.118275,0.157052,-0.03877665102481842,0.274742,1.78023,0.283108,0.639677,,,6.62441,-0.0464499,-0.0821469,999,,,,,,,0.37777915000915563,0.11147580865695322,1.9444453716278076,0.5737707340021982,,,,,,,,,,,,,,,,,,,"Edwardo Melendez","sa3024281",823898
"Argenis Aparicio","MIL",0,0,0,6.78757,1,0,0,0,,1.88,9,2,2,1,0,1,0,0,1,3.60806,5.09671,0.707919,1.80102,0.0831268,0.117424,-0.0342973917722702,0.295068,1.80565,0.28874,0.643679,,,6.80229,-0.0467452,-0.0958276,999,,,,,,,7.7119999647140505,4.102127651209851,8.399999976158142,4.468085105033847,,,,,,,,,,,,,,,,,,,"Argenis Aparicio","sa3021643",809699
"Wilkin Paredes","ARI",0,0,0,6.70797,1,1,0,0,,5.04575,22,6,4,4,1,2,0,0,1,2.14952,3.48483,0.616821,1.50039,0.0546017,0.0885212,-0.033919449895620346,0.312476,1.6184,0.301163,0.580748,,,6.12669,-0.0468452,-0.0674867,999,,,,,,,5.438579273223878,1.077852650133301,8.228769779205322,1.630830565901759,,,,,,,,,,,,,,,,,,,"Wilkin Paredes","sa3020998",808051
"Yanzel Correa","COL",0,0,0,7.49791,1,0,0,0,,1.73723,9,3,2,1,0,1,0,0,1,3.78805,6.56061,0.577393,1.87827,0.0779664,0.135032,-0.057065449655056,0.317866,2.19223,0.315709,0.674877,,,7.39138,-0.0471821,-0.0798679,999,,,,,,,4.055465412139893,2.3344502192425667,7.6861252784729,4.424369343095746,,,,,,,,,,,,,,,,,,,"Yanzel Correa","sa3023302",814354
"Darian Rivero","CHC",0,0,0,7.07265,1,1,0,0,,3,14,4,3,2,1,2,0,0,1,2.64946,5.25165,0.504501,1.6328,0.0647646,0.128374,-0.06360898166894913,0.300425,1.75738,0.289212,0.598023,,,6.81921,-0.0476507,-0.103156,999,,,,,,,-4.499999999999998,-1.4999999999999993,-2,-0.6666666666666666,,,,,,,,,,,,,,,,,,,"Darian Rivero","sa3024528",815855
"Brayan Romero","WSN",0,0,0,7.16522,1,1,0,0,,3.84952,17,5,3,3,1,2,0,0,1,2.26607,5.25454,0.431259,1.45101,0.0557437,0.129258,-0.07351427152752876,0.311687,1.79275,0.302311,0.589136,,,6.64215,-0.0491944,-0.051944,999,,,,,,,-0.813529300689698,-0.2113324914359967,2.247615337371826,0.5838685203272376,,,,,,,,,,,,,,,,,,,"Brayan Romero","sa3018313",800019
"Spencer Bivens","SFG",4,3,0,4.18733,70,0,1,14,,70,303,70,36,33,8,25,,3,56,7.22317,3.25826,2.21688,0.982711,0.185413,0.0836369,0.10177639871835709,0.253622,1.35646,0.294182,0.704803,,,4.17238,-0.0498685,-0.0857741,999,,,,,,,326.6,4.665714285714286,335,4.785714285714286,,,,,,,,,,,,,,,,,,,"Spencer Bivens","30226",702352
"Samuel Perez","CIN",0,0,0,7.46291,1,1,0,0,,3.68333,17,5,3,3,1,2,0,0,1,2.49397,4.11872,0.605522,2.0999,0.0594572,0.0981917,-0.03873448073863983,0.312553,1.75525,0.292289,0.594688,,,7.14106,-0.0501094,-0.0489916,999,,,,,,,-2.0433363914489746,-0.5547520237208604,1.4166646003723145,0.3846148667831185,,,,,,,,,,,,,,,,,,,"Samuel Perez","sa3024068",806951
"Jesus Escobar","ARI",0,0,0,7.05368,1,1,0,0,,3.55782,16,4,3,3,1,2,0,0,1,2.97908,5.05122,0.589774,1.59153,0.0717542,0.121664,-0.04990970343351364,0.308552,1.79467,0.30278,0.606718,,,6.61892,-0.0521841,-0.0656763,999,,,,,,,-0.372161388397215,-0.10460388772383673,0.7890801429748535,0.22178778684250064,,,,,,,,,,,,,,,,,,,"Jesus Escobar","sa3022013",808127
"Elvis Reyes","SDP",0,0,0,7.14321,1,0,0,0,,1.53333,8,2,1,1,0,1,0,0,1,4.21411,7.60064,0.554442,1.83589,0.0875561,0.157918,-0.07036147266626358,0.291651,2.13766,0.289542,0.686137,,,7.5924,-0.0522005,-0.0227767,999,,,,,,,5.146663784980775,3.3565207122176366,6.666664719581604,4.347825921325425,,,,,,,,,,,,,,,,,,,"Elvis Reyes","sa3024575",821590
"Bryan Polanco","WSN",0,0,0,7.06278,1,1,0,0,,4.4583,19,5,4,3,1,2,0,0,1,2.64065,4.31815,0.611524,1.74513,0.0673222,0.110089,-0.04276706278324127,0.302,1.63607,0.288014,0.570823,,,6.65762,-0.0522154,-0.102021,999,,,,,,,3.6913890838623082,0.8279820880274121,5.291479110717773,1.1868838053401363,,,,,,,,,,,,,,,,,,,"Bryan Polanco","sa3016915",702877
"Rudit Pina","ATL",0,0,0,7.09782,1,1,0,0,,3.1,16,4,3,2,1,2,0,0,1,3.25437,6.17243,0.527243,1.59239,0.0716886,0.135969,-0.06428030878305435,0.308698,2.01209,0.305853,0.652191,,,6.95509,-0.055158,-0.0920854,999,,,,,,,-3.7600007057189924,-1.2129034907711236,-1.5000004768371582,-0.48387113644603413,,,,,,,,,,,,,,,,,,,"Rudit Pina","sa3022030",808531
"Cade Gibson","MIA",3,3,0,4.63461,60,0,0,12,,60,262,62,34,31,7,25,,3,46,6.8639,3.74526,1.83269,1.01465,0.174654,0.0952992,0.07935480773448944,0.264369,1.44793,0.303573,0.686371,,,4.46692,-0.0573787,-0.168177,999,,,,,,,252.7,4.211666666666667,265,4.416666666666667,,,,,,,,,,,,,,,,,,,"Cade Gibson","31815",806188
"Austin Love","STL",2,2,0,4.81945,32,0,0,1,,32,141,32,19,17,4,15,,2,27,7.69174,4.20019,1.83128,1.2575,0.194468,0.106193,0.08827586472034454,0.254718,1.4546,0.294092,0.690812,,,4.79104,-0.0577729,-0.105274,999,,,,,,,111.40000000000002,3.4812500000000006,115,3.59375,,,,,,,,,,,,,,,,,,,"Austin Love","sa3017609",676153
"Jake Eder","WSN",2,1,0,5.28537,30,0,0,1,,30,130,32,19,18,5,12,,1,21,6.36434,3.58054,1.77748,1.38709,0.163188,0.0918088,0.07137938588857651,0.271911,1.45521,0.298359,0.65658,,,5.05842,-0.0615363,-0.115091,999,,,,,,,84.3,2.81,92,3.066666666666667,,,,,,,,,,,,,,,,,,,"Jake Eder","27590",671109
"Ronny Lopez","CHC",0,0,0,7.02056,1,1,0,0,,3.69375,18,5,3,3,1,2,0,0,1,2.82806,5.78577,0.488797,1.60749,0.0656218,0.134252,-0.06862989068031311,0.300588,1.87142,0.292112,0.628744,,,6.93254,-0.0617419,-0.0653628,999,,,,,,,-1.9662507057189949,-0.5323183097082436,1.4687495231628418,0.3976310148450465,,,,,,,,,,,,,,,,,,,"Ronny Lopez","sa3021754",807832
"Riley Cornelio","WSN",0,1,1,5.76982,11,3,0,1,,27,123,30,19,18,5,13,,1,17,5.57237,4.41983,1.26076,1.47724,0.137589,0.109132,0.02845769375562668,0.276652,1.586,0.293209,0.653138,,,5.65751,-0.0619832,-0.216888,999,,,,,,,56.30000000000001,2.0851851851851855,66,2.4444444444444446,,,,,,,,,,,,,,,,,,,"Riley Cornelio","sa3020830",683000
"Erick Reynoso","ARI",0,0,0,7.15467,1,1,0,0,,3.47621,16,4,3,3,1,2,0,0,1,3.64427,6.3352,0.575242,1.62448,0.0894663,0.155528,-0.06606192141771317,0.289843,1.79477,0.286439,0.600813,,,6.95876,-0.0620549,-0.0702045,999,,,,,,,-0.9760451316833478,-0.2807785199216306,0.38105058670043945,0.1096166727090738,,,,,,,,,,,,,,,,,,,"Erick Reynoso","sa3021749",807791
"Christian Oliveira","LAD",0,0,0,7.32391,1,0,0,0,,1.87143,10,3,2,2,0,2,0,0,1,4.49986,7.39314,0.608654,2.173,0.0891129,0.14641,-0.05729695409536362,0.295061,2.21371,0.289359,0.706354,,,7.95053,-0.063665,-0.0957887,999,,,,,,,2.0485743522644055,1.0946578197255268,5.357144832611084,2.8625958710933985,,,,,,,,,,,,,,,,,,,"Christian Oliveira","sa3067439",816154
"Jhonly Taveras","ATL",0,0,0,7.1528,1,0,0,0,,1.99803,10,2,2,2,0,2,0,0,1,4.12486,7.29551,0.565396,1.71289,0.0898374,0.158893,-0.0690554529428482,0.293621,2.05105,0.293658,0.662896,,,7.32376,-0.064004,-0.0881714,999,,,,,,,5.58544454574585,2.79547155384054,5.9901652336120605,2.998031110365452,,,,,,,,,,,,,,,,,,,"Jhonly Taveras","sa3018847",800353
"Jackson Rutledge","WSN",3,3,0,4.63418,55,0,0,10,,55,236,53,31,28,8,22,,3,46,7.48018,3.67015,2.03812,1.2609,0.193696,0.0950368,0.09865913540124893,0.25164,1.37316,0.288044,0.68883,,,4.65803,-0.0730014,-0.133697,748.9000244140625,,,,,,,227.8,4.141818181818182,228,4.1454545454545455,,,,,,,,,,,,,,,,,,,"Jackson Rutledge","26215",671131
"Juan Burgos","ARI",2,2,0,4.37473,47,0,0,4,,47,207,45,25,23,6,22,,2,41,7.86702,4.11827,1.91027,1.08707,0.19847,0.103896,0.0945739671587944,0.246984,1.42016,0.29003,0.710801,,,4.47794,-0.0741635,-0.0269379,999,,,,,,,183,3.893617021276596,183,3.893617021276596,,,,,,,,,,,,,,,,,,,"Juan Burgos","27271",686228
"Yilber Díaz","ARI",1,1,2,5.13045,30,2,6,1,,35,158,34,22,20,5,22,,2,31,7.95672,5.5674,1.42916,1.19365,0.197054,0.137881,0.059173330664634705,0.253472,1.58498,0.298208,0.687746,,,5.11284,-0.0882427,-0.137113,747.2000122070312,,,,,,,133.1,3.8028571428571425,134,3.8285714285714287,,,,,,,,,,,,,,,,,,,"Yilber Diaz","29271",700270
"José Buttó","SFG",3,3,0,4.19801,62,0,1,16,,62,268,58,32,29,7,27,,3,56,8.05929,3.92112,2.05536,1.01106,0.207163,0.100792,0.10637105256319046,0.245054,1.37642,0.292608,0.711122,,,4.25561,-0.110022,-0.0894262,737.4000244140625,,,,,,,312.8999999999999,5.046774193548385,310,5,,,,,,,,,,,,,,,,,,,"Jose Butto","23313",676130
"Andry Lara","WSN",2,2,0,5.56764,40,0,0,1,,40,175,44,27,25,6,17,,2,23,5.15763,3.71764,1.38734,1.33481,0.130987,0.0944162,0.036571212112903595,0.28202,1.51697,0.299287,0.642539,,,5.29923,-0.117061,-0.203394,999,,,,,,,100.79999999999998,2.5199999999999996,115,2.875,,,,,,,,,,,,,,,,,,,"Andry Lara","27967",691251
"Konnor Pilkington","WSN",3,3,0,4.70407,57,0,1,11,,57,248,53,33,30,7,30,,3,52,8.1954,4.67243,1.75399,1.17697,0.209291,0.119323,0.08996850252151489,0.246906,1.45265,0.293029,0.694549,,,4.72437,-0.126493,-0.219296,999,,,,,,,251.89999999999992,4.4192982456140335,248,4.350877192982456,,,,,,,,,,,,,,,,,,,"Konnor Pilkington","21453",663455
"JT Brubaker","SFG",3,3,0,4.56254,53,0,0,5,,53,228,52,29,27,6,22,,3,40,6.75363,3.79057,1.78169,1.05557,0.174436,0.0979047,0.07653128355741501,0.256386,1.40399,0.291851,0.685836,,,4.56462,-0.14648,-0.153202,999,,,,,,,208.20000000000005,3.9283018867924535,212,4,,,,,,,,,,,,,,,,,,,"JT Brubaker","17578",664141
"Cole Henry","WSN",3,3,0,4.39348,64,0,16,8,,64,285,57,34,31,9,34,,3,61,8.59589,4.72011,1.82112,1.27054,0.214478,0.117773,0.09670562297105789,0.231537,1.42206,0.272054,0.725959,,,4.78934,-0.255386,0.0644064,684.5499877929688,,,,,,,337.70000000000005,5.276562500000001,326,5.09375,,,,,,,,,,,,,,,,,,,"Cole Henry","27570",669371
"Andrew Saalfrank","ARI",3,3,0,4.57942,63,0,20,8,,63,276,62,35,32,7,30,,3,54,7.6596,4.23434,1.80892,1.02329,0.194265,0.107393,0.0868724137544632,0.256718,1.46164,0.302978,0.695524,,,4.47132,-0.263434,-0.179142,620.3499755859375,,,,,,,359.90000000000003,5.712698412698413,365,5.7936507936507935,,,,,,,,,,,,,,,,,,,"Andrew Saalfrank","26203",685314