Name,Team,G,PA,AB,H,1B,2B,3B,HR,R,RBI,BB,IBB,SO,HBP,SF,SH,GDP,SB,CS,AVG,BB%,K%,BB/K,OBP,SLG,wOBA,OPS,ISO,Spd,BABIP,UBR,wSB,wRC,wRAA,wRC+,BsR,Fld,Off,Def,WAR,ADP,InterSD,InterSK,IntraSD,Vol,Skew,Dim,FPTS,FPTS/G,SPTS,SPTS/G,P10,P20,P30,P40,P50,P60,P70,P80,P90,TT10,TT20,TT30,TT40,TT50,TT60,TT70,TT80,TT90,NameASCII,PlayerId,MLBAMID
"Shohei Ohtani","LAD",38,165,141,41,20,7,1,12,31,34,21,1,41,1,1,0,,7,2,0.289599,0.12971,0.249973,0.518897,0.385212,0.624751,0.421687,1.00996,0.335152,6.87496,0.321492,0.0498129,0.173572,33.7578,14.4133,175.086,0.223384,0,14.751042902469635,-4.11898136138916,1.64632,1.5499999523162842,,,,,,,301.1,7.92368421,301.1,7.92368421,,,,,,,,,,,,,,,,,,,"Shohei Ohtani","19755",660271
"Juan Soto","NYM",40,172,138,38,22,7,1,9,28,27,31,1,30,1,1,0,,4,1,0.273779,0.181988,0.174822,1.04099,0.407455,0.525758,0.399657,0.933213,0.251979,4.45533,0.286303,-0.200496,-0.153249,32.1464,11.9699,163.313,-0.353745,-1.00712,12.422906309366226,-2.974870800971985,1.54853,7.079999923706055,,,,,,,286.2,7.155,286.2,7.155,,,,,,,,,,,,,,,,,,,"Juan Soto","20123",665742
"Ronald Acuña Jr.","ATL",36,156,133,40,24,7,1,8,25,26,20,1,32,2,1,0,,7,2,0.297355,0.125482,0.20611,0.608812,0.392167,0.544584,0.399097,0.936751,0.247229,5.44104,0.33432,0.194803,0.359062,29.0931,10.7886,159.083,0.553866,-0.459835,11.370608627796173,-2.231440156698227,1.46317,37.599998474121094,,,,,,,265.9,7.386111111,265.9,7.386111111,,,,,,,,,,,,,,,,,,,"Ronald Acuna Jr.","18401",660670
"Fernando Tatis Jr.","SDP",40,172,152,41,25,8,0,8,24,26,17,1,36,2,1,0,,7,1,0.273196,0.10133,0.206831,0.489918,0.352472,0.497555,0.364221,0.850026,0.224359,5.35578,0.304062,0.167795,0.489895,27.219,7.04245,138.862,0.657689,1.2703,8.500106930732727,-0.621523380279541,1.38732,11.619999885559082,,,,,,,243.5,6.0875,243.5,6.0875,,,,,,,,,,,,,,,,,,,"Fernando Tatis Jr.","19709",665487
"Ketel Marte","ARI",37,161,141,40,23,8,1,8,22,23,17,1,27,2,1,0,,2,0,0.283671,0.106618,0.170187,0.626478,0.364632,0.515117,0.375719,0.879749,0.231446,4.15801,0.3021,-0.0268283,-0.111765,26.9556,8.0829,141.743,-0.138593,-0.256959,7.7409432381391525,-0.07794678211212158,1.32782,30.65999984741211,,,,,,,247.9,6.7,247.9,6.7,,,,,,,,,,,,,,,,,,,"Ketel Marte","13613",606466
"Elly De La Cruz","CIN",39,169,153,40,23,8,2,7,23,22,15,1,49,1,1,0,,11,2,0.262262,0.0869808,0.288289,0.301714,0.32865,0.475121,0.344399,0.803771,0.212859,7.18812,0.337264,0.0863729,0.967409,24.1121,4.22477,116.838,1.05378,0.605939,4.402974724769592,2.42075377702713,1.27068,4.300000190734863,,,,,,,234.7,6.017948717,234.7,6.017948717,,,,,,,,,,,,,,,,,,,"Elly De La Cruz","26668",682829
"Manny Machado","SDP",40,174,158,44,27,8,0,8,22,26,14,1,33,1,1,0,,3,1,0.276087,0.0806068,0.188037,0.428676,0.335124,0.485774,0.351297,0.820898,0.209688,3.75669,0.299587,-0.0950357,-0.00577384,25.684,5.29945,129.957,-0.10081,0.352513,6.0068598464131355,0.5676362216472626,1.25932,37.45000076293945,,,,,,,234.7,5.8675,234.7,5.8675,,,,,,,,,,,,,,,,,,,"Manny Machado","11493",592518
"Francisco Lindor","NYM",40,174,155,38,24,7,0,7,23,24,14,1,34,3,1,0,,6,1,0.247653,0.0829277,0.195641,0.423876,0.320586,0.434585,0.327282,0.755171,0.186932,5.41948,0.272592,0.0948467,0.328216,22.3103,1.92584,113.444,0.423063,1.42631,3.1640075743198395,3.2232227325439453,1.24008,14.149999618530273,,,,,,,203.5,5.0875,203.5,5.0875,,,,,,,,,,,,,,,,,,,"Francisco Lindor","12916",596019
"Kyle Tucker","CHC",40,174,150,40,24,8,1,7,26,24,22,1,26,1,1,0,,7,1,0.268346,0.127454,0.149173,0.854407,0.363051,0.479412,0.362812,0.842464,0.211066,5.86018,0.278522,0.117652,0.689371,27.3968,6.94126,136.279,0.807024,0.0460359,8.229373633861542,-1.9243344627320766,1.23367,8.710000038146973,,,,,,,248.2,6.205,248.2,6.205,,,,,,,,,,,,,,,,,,,"Kyle Tucker","18345",663656
"Matt Chapman","SFG",40,172,150,35,20,8,1,7,21,22,19,1,46,2,1,0,,3,1,0.236381,0.11003,0.267363,0.41154,0.327857,0.437283,0.332288,0.765141,0.200903,4.40364,0.290804,0.16709,-0.142187,22.7787,2.6022,116.338,0.0249032,1.15459,3.3220406901091337,1.7683293223381042,1.10091,125.16999816894531,,,,,,,206.6,5.165,206.6,5.165,,,,,,,,,,,,,,,,,,,"Matt Chapman","16505",656305
"William Contreras","MIL",39,158,138,37,24,7,0,5,19,19,18,1,32,1,1,0,,2,1,0.267078,0.111291,0.205669,0.541118,0.351427,0.442525,0.345156,0.793952,0.175446,3.55574,0.310689,-0.106878,-0.132986,22.5727,4.03486,123.317,-0.239864,-0.362277,4.083364024758339,0.8627229630947113,1.09066,24.790000915527344,,,,,,,194.5,4.987179487,194.5,4.987179487,,,,,,,,,,,,,,,,,,,"William Contreras","20503",661388
"Corbin Carroll","ARI",38,164,144,38,20,8,3,7,28,22,15,1,36,3,1,0,,8,2,0.261961,0.0942703,0.221705,0.425206,0.341558,0.50124,0.359163,0.842798,0.239279,8.25466,0.300697,0.311293,0.617532,25.3355,6.05699,130.335,0.928825,0.082769,6.778079450130463,-1.6517988443374634,1.07887,7.889999866485596,,,,,,,238.5,6.276315789,238.5,6.276315789,,,,,,,,,,,,,,,,,,,"Corbin Carroll","25878",682998
"Bryce Harper","PHI",40,172,149,40,22,10,0,8,24,27,21,1,38,1,1,0,,3,1,0.271501,0.120694,0.222394,0.542705,0.363394,0.498421,0.369737,0.861815,0.22692,3.93176,0.31378,-0.201492,-0.0352955,27.9861,7.80955,137.189,-0.236787,0.322432,7.268035680055618,-2.7588947117328644,1.0412,22.260000228881836,,,,,,,248.1,6.2025,248.1,6.2025,,,,,,,,,,,,,,,,,,,"Bryce Harper","11579",547180
"Pete Alonso","NYM",40,174,152,39,21,8,0,10,25,31,16,1,39,4,1,0,,1,0,0.256243,0.0947418,0.226271,0.418709,0.340367,0.51442,0.364002,0.854787,0.258177,3.47245,0.276042,-0.209481,-0.156941,27.4689,7.08436,138.745,-0.366422,-0.0646688,7.5330471098423,-3.215594694018364,1.02747,47.630001068115234,,,,,,,245.5,6.1375,245.5,6.1375,,,,,,,,,,,,,,,,,,,"Pete Alonso","19251",624413
"Michael Harris II","ATL",36,154,144,40,25,8,1,5,21,21,7,0,31,1,1,0,,5,1,0.276432,0.0482912,0.198658,0.243087,0.315596,0.457968,0.33135,0.773564,0.181536,6.16663,0.315435,0.111703,0.303034,20.3135,2.217,112.402,0.414738,1.49291,2.6595364212989807,2.0433731079101562,1.00152,41.880001068115234,,,,,,,186.6,5.183333333,186.6,5.183333333,,,,,,,,,,,,,,,,,,,"Michael Harris II","25931",671739
"Willy Adames","SFG",39,168,150,36,21,8,0,6,19,20,17,0,43,1,1,0,,3,1,0.24011,0.0992366,0.253243,0.391864,0.317167,0.426021,0.322483,0.743189,0.185912,3.96815,0.28982,0.0884986,-0.153849,20.9737,1.21323,109.582,-0.0653508,0.444083,1.8284928724169731,2.2473237812519073,0.984773,91.93000030517578,,,,,,,188.1,4.823076923,188.1,4.823076923,,,,,,,,,,,,,,,,,,,"Willy Adames","15986",642715
"Pete Crow-Armstrong","CHC",38,163,151,37,22,7,2,6,23,22,8,0,42,2,1,1,,10,2,0.247431,0.0497423,0.254473,0.195471,0.293268,0.44386,0.315627,0.737128,0.196428,8.24258,0.297825,-0.02016,0.964289,19.4483,0.271287,103.766,0.944129,1.95641,1.6664394736289978,2.539742648601532,0.98145,127.38999938964844,,,,,,,187.7,4.939473684,187.7,4.939473684,,,,,,,,,,,,,,,,,,,"Pete Crow-Armstrong","27769",691718
"Kyle Schwarber","PHI",40,174,147,36,17,7,0,11,25,31,24,1,50,2,1,0,,2,1,0.243638,0.13995,0.287956,0.486012,0.355879,0.526668,0.375717,0.882547,0.283029,3.62546,0.281808,-0.109402,-0.175687,29.1146,8.73011,141.309,-0.285089,-0.00107895,8.137153804302216,-4.29089389636647,0.979069,75.9000015258789,,,,,,,257.3,6.4325,257.3,6.4325,,,,,,,,,,,,,,,,,,,"Kyle Schwarber","16478",656941
"Trea Turner","PHI",39,170,157,43,29,8,1,5,21,20,11,1,32,1,1,0,,7,1,0.276031,0.0621068,0.188909,0.328766,0.325479,0.434371,0.328813,0.759851,0.158341,5.92952,0.316923,0.168515,0.60103,22.0657,2.09721,108.991,0.769545,-0.525748,2.5651714205741882,1.2964743971824646,0.968732,24.110000610351562,,,,,,,206.2,5.287179487,206.2,5.287179487,,,,,,,,,,,,,,,,,,,"Trea Turner","16252",607208
"Xander Bogaerts","SDP",38,163,147,39,27,7,0,4,19,18,14,0,29,1,1,0,,5,1,0.26525,0.0847015,0.176576,0.479688,0.330777,0.405853,0.321843,0.73663,0.140602,4.73207,0.301574,0.072715,0.260615,20.227,1.09056,109.662,0.333329,0.214084,2.182627499103546,1.7705653011798859,0.9543,155.3699951171875,,,,,,,181,4.763157894,181,4.763157894,,,,,,,,,,,,,,,,,,,"Xander Bogaerts","12161",593428
"Will Smith","LAD",34,133,115,29,18,5,0,5,18,17,15,0,25,2,1,0,,1,0,0.253922,0.111426,0.187199,0.59523,0.347942,0.435051,0.341278,0.782993,0.181129,3.92858,0.281597,-0.0948467,-0.148854,18.6356,2.98765,119.681,-0.2437,0.30652,2.836472809314728,2.6728780567646027,0.950274,107.08000183105469,,,,,,,161.8,4.758823529,161.8,4.758823529,,,,,,,,,,,,,,,,,,,"Will Smith","19197",669257
"Matt Olson","ATL",40,174,150,38,21,8,0,9,24,28,21,1,41,1,1,0,,0,0,0.255466,0.121367,0.234796,0.516904,0.350436,0.489686,0.360663,0.840122,0.23422,2.66588,0.291125,-0.0580226,-0.264095,26.9997,6.61524,132.6,-0.322117,0.27159,6.324430614709854,-2.8287191092967987,0.943061,33.970001220703125,,,,,,,236.6,5.915,236.6,5.915,,,,,,,,,,,,,,,,,,,"Matt Olson","14344",621566
"Mookie Betts","LAD",39,167,146,38,24,8,1,6,23,22,17,1,23,2,1,0,,3,1,0.259847,0.103695,0.136929,0.757289,0.341411,0.440146,0.339413,0.781558,0.180299,4.77801,0.270758,0.056459,0.01071,23.0343,3.48185,118.396,0.067169,-1.6666,3.6646323427557945,0.054383039474487305,0.942163,13.65999984741211,,,,,,,212,5.435897435,212,5.435897435,,,,,,,,,,,,,,,,,,,"Mookie Betts","13611",605141
"Patrick Bailey","SFG",33,131,118,26,18,6,0,3,13,11,10,0,35,1,1,0,,1,0,0.221799,0.0789637,0.269751,0.292728,0.285108,0.340055,0.276527,0.625162,0.118256,3.26426,0.290563,-0.0102757,-0.132951,11.4714,-3.9329,77.9171,-0.143227,2.48271,-3.5455619543790817,5.045208215713501,0.929612,307.2900085449219,,,,,,,108.1,3.275757575,108.1,3.275757575,,,,,,,,,,,,,,,,,,,"Patrick Bailey","27478",672275
"Dansby Swanson","CHC",40,174,159,38,25,7,1,6,20,20,14,0,45,1,1,0,,4,1,0.238584,0.07863,0.260242,0.302142,0.300416,0.393676,0.302846,0.694091,0.155092,4.77264,0.296204,0.194049,0.0675453,18.9432,-1.5123,94.9597,0.261594,2.20649,-0.7696091532707214,4.073153853416443,0.925356,170.38999938964844,,,,,,,186,4.65,186,4.65,,,,,,,,,,,,,,,,,,,"Dansby Swanson","18314",621020
"Jackson Merrill","SDP",39,167,154,40,26,7,1,6,22,21,10,0,33,1,1,1,,3,1,0.262649,0.0573282,0.198554,0.288729,0.305712,0.437741,0.319179,0.743452,0.175092,5.50475,0.297624,0.0218704,-0.0147832,20.3078,0.755357,107.827,0.00708722,1.44915,1.537673108279705,1.8920526504516602,0.912447,27.280000686645508,,,,,,,188.3,4.828205128,188.3,4.828205128,,,,,,,,,,,,,,,,,,,"Jackson Merrill","29490",701538
"Nico Hoerner","CHC",39,171,156,42,32,8,1,2,20,13,11,0,18,3,1,0,,7,2,0.271395,0.0648427,0.103491,0.626555,0.328516,0.361253,0.305274,0.689769,0.0898582,5.9995,0.295719,0.161404,0.542982,18.8837,-1.14567,96.6326,0.704385,2.15369,0.029785513877868652,2.775914251804352,0.862008,203.32000732421875,,,,,,,176.6,4.528205128,176.6,4.528205128,,,,,,,,,,,,,,,,,,,"Nico Hoerner","21479",663538
"Geraldo Perdomo","ARI",37,161,137,35,25,7,1,2,19,13,19,0,24,2,2,2,,5,1,0.255512,0.115559,0.147921,0.781219,0.348407,0.372628,0.320883,0.721035,0.117116,5.54849,0.290401,0.161538,0.166998,19.8233,0.950659,103.959,0.328536,0.0408187,1.075832724571228,1.7630408927798271,0.832278,430.2699890136719,,,,,,,173.5,4.689189189,173.5,4.689189189,,,,,,,,,,,,,,,,,,,"Geraldo Perdomo","22799",672695
"Austin Riley","ATL",26,112,101,28,16,6,0,6,16,19,8,1,29,1,1,0,,1,0,0.275696,0.0740957,0.259464,0.285572,0.336892,0.509231,0.360385,0.846123,0.233535,3.49593,0.328802,0.00569915,-0.152408,17.3319,4.22758,132.409,-0.146709,-0.43001,4.101002544164658,-0.031398653984069824,0.793449,29.6200008392334,,,,,,,158.5,6.096153846,158.5,6.096153846,,,,,,,,,,,,,,,,,,,"Austin Riley","18360",663586
"Freddie Freeman","LAD",39,170,149,41,26,9,0,6,23,23,18,1,32,2,1,0,,2,1,0.27513,0.104306,0.188903,0.552168,0.357763,0.449974,0.350853,0.807737,0.174844,4.03141,0.314828,0.0212571,-0.120736,25.0987,5.1302,126.278,-0.0994784,-0.00550571,5.148793995380402,-3.0678512193262577,0.785816,26.920000076293945,,,,,,,224.1,5.746153846,224.1,5.746153846,,,,,,,,,,,,,,,,,,,"Freddie Freeman","5361",518692
"James Wood","WSN",37,161,141,37,21,8,1,7,20,21,18,1,47,1,1,0,,5,1,0.260922,0.111225,0.290637,0.382695,0.345569,0.477523,0.353766,0.823092,0.216601,5.42241,0.336317,-0.0159074,0.309254,24.1715,5.24306,127.888,0.293347,0.0124144,5.573069751262665,-3.2334189796820283,0.782596,53.29999923706055,,,,,,,224.6,6.07027027,224.6,6.07027027,,,,,,,,,,,,,,,,,,,"James Wood","29518",695578
"Willson Contreras","STL",37,161,140,36,20,8,0,7,19,22,15,1,40,5,1,0,,1,1,0.254251,0.0917115,0.24991,0.366978,0.344764,0.463392,0.350154,0.808156,0.209141,3.19471,0.305662,-0.116445,-0.174994,23.6305,4.7578,127.51,-0.291439,0.1296,4.901335716247559,-2.8271899819374084,0.753724,72.54000091552734,,,,,,,209.7,5.667567567,209.7,5.667567567,,,,,,,,,,,,,,,,,,,"Willson Contreras","11609",575929
"CJ Abrams","WSN",38,163,148,37,24,8,1,5,20,17,10,0,31,4,1,0,,8,2,0.25355,0.0611397,0.190465,0.321002,0.314471,0.422902,0.319761,0.737373,0.169352,6.77277,0.288016,0.0905557,0.621226,19.9524,0.815933,104.457,0.711782,-1.21946,1.5647788643836975,0.3370177745819092,0.743578,49.619998931884766,,,,,,,186.7,4.913157894,186.7,4.913157894,,,,,,,,,,,,,,,,,,,"CJ Abrams","25768",682928
"Ezequiel Tovar","COL",39,168,158,41,25,9,1,5,17,18,7,0,41,1,1,1,,3,1,0.261632,0.0427743,0.243128,0.175933,0.296639,0.43679,0.314991,0.73343,0.175158,4.59927,0.318082,-0.0082702,-0.085248,19.9534,0.192929,87.9037,-0.0935182,2.2527,-2.4842435494065285,4.055938005447388,0.727546,129.3000030517578,,,,,,,177.3,4.546153846,177.3,4.546153846,,,,,,,,,,,,,,,,,,,"Ezequiel Tovar","24064",678662
"Masyn Winn","STL",38,166,152,38,26,8,1,3,19,16,11,0,32,1,1,1,,4,1,0.251771,0.0675585,0.190362,0.354895,0.304248,0.383887,0.300439,0.688134,0.132116,5.51822,0.294857,0.159178,0.18879,17.718,-1.76348,93.2539,0.347969,0.810681,-0.9665027558803558,2.5884588956832886,0.724715,157.3800048828125,,,,,,,158.7,4.176315789,158.7,4.176315789,,,,,,,,,,,,,,,,,,,"Masyn Winn","27479",691026
"Oneil Cruz","PIT",29,124,111,27,15,6,1,6,15,16,12,1,38,1,1,0,,7,1,0.246575,0.0973536,0.304248,0.319981,0.322882,0.463083,0.33741,0.785965,0.216508,6.5118,0.318549,0.0472615,0.64497,17.0113,2.40016,115.026,0.692232,-0.377231,2.8880868554115295,-0.0315517783164978,0.712007,37.369998931884766,,,,,,,169.2,5.834482758,169.2,5.834482758,,,,,,,,,,,,,,,,,,,"Oneil Cruz","21711",665833
"Rafael Devers","SFG",40,174,151,38,23,8,1,7,21,22,20,1,40,2,1,0,,1,0,0.253009,0.1151,0.232539,0.49497,0.344831,0.454832,0.346157,0.799663,0.201823,3.2792,0.296572,-0.033579,-0.226695,24.9619,4.57737,125.895,-0.260274,-0.316028,5.019197702407837,-4.137632966041565,0.674532,40.939998626708984,,,,,,,224.4,5.61,224.4,5.61,,,,,,,,,,,,,,,,,,,"Rafael Devers","17350",646240
"Max Muncy","LAD",28,122,102,23,13,4,0,6,17,18,18,0,30,1,1,0,,1,0,0.225584,0.143454,0.245588,0.584126,0.343466,0.446589,0.343778,0.790055,0.221005,3.79535,0.25498,-0.00806397,-0.115647,17.3399,2.98753,121.403,-0.123711,-0.634075,2.9486832171678543,-0.3999696224927902,0.672974,260.94000244140625,,,,,,,153.7,5.489285714,153.7,5.489285714,,,,,,,,,,,,,,,,,,,"Max Muncy","13301",571970
"Brandon Nimmo","NYM",36,156,137,34,21,6,1,5,21,19,16,0,34,3,1,0,,3,1,0.245547,0.0999473,0.219641,0.455048,0.332195,0.414743,0.326945,0.746938,0.169196,5.1743,0.289759,-0.0527636,-0.139281,19.9913,1.6868,113.211,-0.192045,1.06808,2.226684793829918,-0.8553729057312012,0.66525,193.07000732421875,,,,,,,183.4,5.094444444,183.4,5.094444444,,,,,,,,,,,,,,,,,,,"Brandon Nimmo","12927",607043
"Sean Murphy","ATL",25,98,86,20,11,4,0,4,13,14,10,0,26,2,1,0,,0,0,0.23047,0.0967112,0.259655,0.37246,0.321058,0.433678,0.328311,0.754736,0.203208,3.00783,0.272921,-0.0301849,-0.12761,12.7266,1.17341,110.308,-0.157795,0.600187,1.0333586782217026,1.8909275531768799,0.662024,295.67999267578125,,,,,,,111.2,4.448,111.2,4.448,,,,,,,,,,,,,,,,,,,"Sean Murphy","19352",669221
"Jackson Chourio","MIL",28,122,114,30,18,6,1,5,15,16,6,0,27,1,1,0,,5,1,0.262615,0.0532842,0.218511,0.243852,0.303503,0.452767,0.323445,0.75627,0.190152,6.02972,0.302517,0.104631,0.301355,15.2475,0.971217,108.357,0.405985,0.740534,1.5992814600467682,0.8636817336082458,0.661986,16.420000076293945,,,,,,,151.8,5.421428571,151.8,5.421428571,,,,,,,,,,,,,,,,,,,"Jackson Chourio","28806",694192
"Francisco Alvarez","NYM",24,96,85,20,11,4,0,5,13,14,9,0,25,1,1,0,,0,0,0.234588,0.0975179,0.261529,0.372876,0.31724,0.443165,0.328807,0.760405,0.208577,3.07669,0.275155,-0.0616608,-0.115691,12.4772,1.18546,114.495,-0.177352,-0.725027,1.4596255868673325,0.8377819657325745,0.65248,244.35000610351562,,,,,,,115.6,4.816666666,115.6,4.816666666,,,,,,,,,,,,,,,,,,,"Francisco Alvarez","26121",682626
"Otto Lopez","MIA",34,149,136,36,25,7,1,2,15,12,10,0,25,1,1,0,,5,1,0.262861,0.0681301,0.171233,0.397879,0.31743,0.381011,0.306343,0.69844,0.11815,5.0708,0.305097,0.0337993,0.0872523,16.6018,-0.870668,93.6813,0.121052,0.789717,-0.9831840917468071,2.384161591529846,0.644461,322.1099853515625,,,,,,,150.1,4.414705882,150.1,4.414705882,,,,,,,,,,,,,,,,,,,"Otto Lopez","19608",672640
"J.T. Realmuto","PHI",33,130,119,30,19,6,1,4,16,16,9,0,32,2,1,0,,2,1,0.254041,0.0659476,0.244465,0.269763,0.312106,0.420565,0.317941,0.732671,0.166524,4.91897,0.31095,-0.0171593,-0.0450071,15.7088,0.459004,101.499,-0.0621663,0.343341,0.16652008891105652,2.7223531901836395,0.64276,140.24000549316406,,,,,,,143.7,4.354545454,143.7,4.354545454,,,,,,,,,,,,,,,,,,,"J.T. Realmuto","11739",592663
"Kyle Stowers","MIA",35,152,135,33,18,7,1,7,17,19,14,1,45,2,1,0,,1,0,0.246757,0.0893952,0.297491,0.300497,0.321532,0.469027,0.339003,0.790559,0.22227,3.90533,0.311145,-0.0175456,-0.146283,21.0233,3.13489,116.185,-0.163829,0.0167021,2.731933295726776,-1.5903967060148716,0.629729,552.760009765625,,,,,,,191.5,5.471428571,191.5,5.471428571,,,,,,,,,,,,,,,,,,,"Kyle Stowers","26151",669065
"Teoscar Hernández","LAD",37,161,148,39,23,8,0,8,21,26,10,1,45,1,1,0,,2,1,0.259659,0.0641072,0.278717,0.230008,0.312295,0.474873,0.336826,0.787169,0.215214,4.11085,0.31744,-0.0957027,-0.0576988,21.9617,3.03321,116.613,-0.153401,-0.536395,2.9917315244674683,-2.2637099623680115,0.617047,56.880001068115234,,,,,,,202.8,5.481081081,202.8,5.481081081,,,,,,,,,,,,,,,,,,,"Teoscar Hernandez","13066",606192
"Brice Turang","MIL",38,163,147,36,26,6,1,3,17,13,14,0,33,0,1,1,,9,2,0.246403,0.087645,0.204589,0.428394,0.312554,0.356229,0.29588,0.668783,0.109827,5.63184,0.297989,0.0675,0.769153,16.8386,-2.33848,89.3634,0.836653,0.99738,-1.203512191772461,1.6455281376838684,0.59479,145.1300048828125,,,,,,,159.4,4.194736842,159.4,4.194736842,,,,,,,,,,,,,,,,,,,"Brice Turang","22186",668930
"Carson Kelly","CHC",26,101,89,21,14,4,0,3,12,11,10,0,19,1,1,0,,0,0,0.238484,0.0992776,0.188146,0.527662,0.321478,0.384639,0.311319,0.706117,0.146155,3.20385,0.270189,-0.0501191,-0.149465,11.699,-0.184661,100.798,-0.199584,0.444187,-0.10475365072488785,2.4210385978221893,0.593473,533.52001953125,,,,,,,101.4,3.9,101.4,3.9,,,,,,,,,,,,,,,,,,,"Carson Kelly","13620",608348
"Andy Pages","LAD",34,149,134,33,20,7,0,6,19,21,11,0,35,3,1,0,,2,1,0.246722,0.0714916,0.237051,0.301588,0.31208,0.434867,0.32289,0.746947,0.188145,4.46256,0.288844,-0.000744649,-0.199058,18.5943,1.12186,107.011,-0.199803,-0.291902,1.025361880660057,-0.19066768139600754,0.586292,381.8599853515625,,,,,,,170.5,5.014705882,170.5,5.014705882,,,,,,,,,,,,,,,,,,,"Andy Pages","24816",681624
"Seiya Suzuki","CHC",37,160,142,37,22,7,1,7,23,23,15,1,41,1,1,0,,2,1,0.259669,0.0959827,0.259555,0.369797,0.333092,0.470478,0.344789,0.80357,0.210809,5.11113,0.315608,-0.0940262,-0.251335,22.7847,4.03379,123.86,-0.345361,-0.0359705,4.1294310092926025,-3.6915259659290314,0.582159,84.3499984741211,,,,,,,206,5.567567567,206,5.567567567,,,,,,,,,,,,,,,,,,,"Seiya Suzuki","30116",673548
"Luis García Jr.","WSN",33,142,132,35,23,7,1,4,15,15,8,0,23,0,1,0,,4,1,0.267838,0.0557542,0.162561,0.342973,0.308132,0.429649,0.317479,0.73778,0.161811,4.83503,0.293033,-0.0661066,-0.0456148,17.0882,0.447816,102.884,-0.111721,0.0910548,0.3683248311281204,0.5972276628017426,0.575898,127.55999755859375,,,,,,,156.4,4.739393939,156.4,4.739393939,,,,,,,,,,,,,,,,,,,"Luis Garcia Jr.","20391",671277
"Gabriel Moreno","ARI",19,76,68,19,13,4,0,2,9,7,6,0,13,1,1,0,,1,0,0.27608,0.0846789,0.169637,0.499177,0.341852,0.4091,0.328593,0.750952,0.13302,3.88028,0.317566,-0.0810462,-0.0804716,9.86604,0.925436,109.272,-0.161518,1.07109,0.6675796061754227,2.4044257402420044,0.571284,184.36000061035156,,,,,,,91.7,4.826315789,91.7,4.826315789,,,,,,,,,,,,,,,,,,,"Gabriel Moreno","22664",672515
"Bryson Stott","PHI",36,154,139,34,25,7,1,3,18,14,13,0,27,1,1,0,,7,1,0.248634,0.0848075,0.178243,0.475798,0.313959,0.36547,0.299685,0.679429,0.116836,5.92829,0.288561,0.0969492,0.567998,16.3643,-1.73213,88.9201,0.664948,1.20455,-1.3404956459999084,1.7676657438278198,0.562307,172.64999389648438,,,,,,,158.1,4.391666666,158.1,4.391666666,,,,,,,,,,,,,,,,,,,"Bryson Stott","26294",681082
"Lars Nootbaar","STL",27,118,102,25,16,5,0,4,14,14,14,0,25,1,1,0,,2,1,0.248836,0.119635,0.21244,0.563147,0.341548,0.428674,0.33601,0.770222,0.179838,4.02573,0.288413,0.04658,-0.11562,15.933,2.13368,117.764,-0.0690399,0.350427,2.382683463394642,-0.7606844902038574,0.561939,258.2900085449219,,,,,,,136.1,5.04074074,136.1,5.04074074,,,,,,,,,,,,,,,,,,,"Lars Nootbaar","21454",663457
"Drake Baldwin","ATL",24,98,87,23,15,4,0,4,12,13,9,0,21,1,1,0,,0,0,0.261408,0.0942131,0.212069,0.444257,0.335191,0.438739,0.335823,0.77393,0.177331,2.62086,0.301856,-0.00243421,-0.14335,13.2082,1.75599,115.484,-0.145784,-0.260956,1.6277980208396912,0.6185193061828613,0.558827,999,,,,,,,121,5.041666666,121,5.041666666,,,,,,,,,,,,,,,,,,,"Drake Baldwin","31539",686948
"Matt Shaw","CHC",32,138,124,30,19,5,1,4,18,15,12,0,28,2,1,0,,6,1,0.240308,0.0839233,0.202569,0.414294,0.311648,0.401257,0.311204,0.712905,0.160949,6.36606,0.275518,0,0.371158,15.9294,-0.264534,100.718,0.371158,-0.0591111,0.4874880984425545,0.43348149210214615,0.558529,999,,,,,,,152.4,4.7625,152.4,4.7625,,,,,,,,,,,,,,,,,,,"Matt Shaw","33322",807713
"Brendan Donovan","STL",35,150,133,36,26,7,0,3,17,14,13,0,21,3,1,0,,2,1,0.270883,0.0854069,0.141369,0.604142,0.345636,0.393653,0.3262,0.739289,0.122771,3.4722,0.301092,0.0160615,-0.238525,19.1913,1.53625,111.004,-0.222463,-0.697108,1.7206958830356598,-1.2464903593063354,0.554494,248.27000427246094,,,,,,,166.1,4.745714285,166.1,4.745714285,,,,,,,,,,,,,,,,,,,"Brendan Donovan","24679",680977
"Heliot Ramos","SFG",34,147,133,34,22,6,1,5,17,17,11,0,38,2,1,0,,2,1,0.255495,0.0733609,0.255593,0.287023,0.317968,0.428252,0.323239,0.74622,0.172757,4.42253,0.315809,-0.0486143,-0.0744826,18.4145,1.15002,110.104,-0.123097,0.527925,1.62156243622303,-1.0475380420684814,0.553557,200.07000732421875,,,,,,,167.5,4.926470588,167.5,4.926470588,,,,,,,,,,,,,,,,,,,"Heliot Ramos","22515",671218
"Jung Hoo Lee","SFG",36,156,141,36,25,8,2,2,20,13,12,0,19,2,1,0,,3,1,0.255864,0.0745026,0.119197,0.625037,0.31732,0.383177,0.306986,0.700497,0.127313,6.08036,0.27851,0,0.0322098,17.4734,-0.831093,98.9041,0.0322098,-0.10957,-0.16842398047447205,0.44721997529268265,0.553025,233.94000244140625,,,,,,,158.9,4.413888888,158.9,4.413888888,,,,,,,,,,,,,,,,,,,"Jung Hoo Lee","33824",808982
"Jake Cronenworth","SDP",36,158,138,32,21,6,1,4,21,16,15,0,31,3,1,0,,1,1,0.23501,0.097803,0.193756,0.504774,0.322848,0.382456,0.311504,0.705304,0.147447,4.77178,0.272184,0.105431,-0.178384,18.2484,-0.264064,102.538,-0.072953,-0.68668,0.39697690308094025,-0.3007235527038574,0.540233,284.07000732421875,,,,,,,155,4.305555555,155,4.305555555,,,,,,,,,,,,,,,,,,,"Jake Cronenworth","18036",630105
"Ramón Laureano","SDP",33,143,129,31,19,6,1,5,18,19,10,0,38,3,1,0,,3,1,0.242946,0.0723891,0.267811,0.270299,0.311913,0.425412,0.320048,0.737325,0.182466,5.11183,0.301164,-0.00889941,-0.0660916,17.6002,0.751763,108.425,-0.0749911,0.533748,1.3447881191968918,-0.8265918493270874,0.535904,626.47998046875,,,,,,,156.6,4.745454545,156.6,4.745454545,,,,,,,,,,,,,,,,,,,"Ramon Laureano","17128",657656
"Ozzie Albies","ATL",39,167,151,37,24,8,1,5,21,20,12,0,27,1,1,0,,3,1,0.247183,0.0745606,0.163064,0.457249,0.30797,0.401602,0.308984,0.709572,0.15442,5.19903,0.270912,0.16882,0.0707001,18.934,-0.618459,96.9911,0.23952,-0.594574,-0.3489074409008026,0.00017911195755004883,0.524319,69.22000122070312,,,,,,,174,4.461538461,174,4.461538461,,,,,,,,,,,,,,,,,,,"Ozzie Albies","16556",645277
"Christian Yelich","MIL",37,162,142,36,24,6,0,5,19,17,18,1,40,1,1,0,,6,1,0.256174,0.109258,0.247974,0.440603,0.341793,0.419425,0.333184,0.761218,0.163251,4.99881,0.318751,0.116466,0.325674,21.5269,2.56294,115.068,0.44214,-0.150727,3.3000833094120026,-3.488690599799156,0.523907,112.05000305175781,,,,,,,189.6,5.124324324,189.6,5.124324324,,,,,,,,,,,,,,,,,,,"Christian Yelich","11477",592885
"Jeff McNeil","NYM",34,149,133,34,24,7,1,3,18,15,12,0,19,3,1,0,,1,0,0.253143,0.0774032,0.126412,0.612311,0.323444,0.372665,0.307651,0.696109,0.119521,4.2902,0.275658,-0.102673,-0.0900486,16.7592,-0.713204,99.9168,-0.192722,0.0673978,-0.20726235583424568,0.40906451642513275,0.52128,446.95001220703125,,,,,,,158.5,4.661764705,158.5,4.661764705,,,,,,,,,,,,,,,,,,,"Jeff McNeil","15362",643446
"Marcell Ozuna","ATL",30,131,115,30,18,5,0,7,18,20,15,1,31,1,1,0,,0,0,0.257995,0.112754,0.238833,0.472102,0.343807,0.480171,0.354365,0.823978,0.222176,2.23507,0.294839,-0.102192,-0.197822,19.7195,4.32713,128.261,-0.300014,0,4.050755620002747,-3.2774691581726074,0.520395,68.76000213623047,,,,,,,181.3,6.043333333,181.3,6.043333333,,,,,,,,,,,,,,,,,,,"Marcell Ozuna","10324",542303
"Ian Happ","CHC",37,160,139,33,20,7,0,5,20,19,19,0,38,1,1,0,,2,1,0.2342,0.116817,0.239905,0.48693,0.327897,0.40343,0.321117,0.731327,0.169229,4.39704,0.283101,0.0173854,-0.0530702,19.7257,0.974784,107.549,-0.0356848,0.0828834,1.3801003471016884,-1.6541536450386047,0.509026,130.16000366210938,,,,,,,174.1,4.705405405,174.1,4.705405405,,,,,,,,,,,,,,,,,,,"Ian Happ","17919",664023
"Matt McLain","CIN",33,143,127,29,19,6,1,4,16,14,14,0,39,2,1,0,,5,1,0.230518,0.095068,0.274667,0.346121,0.312576,0.383993,0.306931,0.696569,0.153475,5.50586,0.297318,-0.00647119,0.410713,16.0723,-0.771047,91.0212,0.404241,0.674269,-1.1083692014217377,1.1989608407020569,0.491835,86.18000030517578,,,,,,,150.8,4.569696969,150.8,4.569696969,,,,,,,,,,,,,,,,,,,"Matt McLain","29695",680574
"Nick Gonzales","PIT",34,149,135,34,23,7,1,3,17,14,10,0,34,2,1,0,,1,1,0.252935,0.0664042,0.228367,0.290778,0.310955,0.389854,0.306077,0.700809,0.136919,4.72986,0.314389,0.0716018,-0.20718,16.5504,-0.901739,93.436,-0.135578,0.587913,-1.281349003314972,1.1434686183929443,0.485806,408.55999755859375,,,,,,,144.7,4.255882352,144.7,4.255882352,,,,,,,,,,,,,,,,,,,"Nick Gonzales","27490",693304
"Iván Herrera","STL",32,138,120,32,21,6,0,4,16,15,15,0,30,2,1,0,,2,1,0.265186,0.106788,0.218396,0.488964,0.351175,0.42357,0.339097,0.774745,0.158384,3.97303,0.319033,0.111238,-0.0115681,18.9879,2.84033,119.891,0.09967,-0.080163,3.3121719881892204,-3.1171998530626297,0.483005,225.9600067138672,,,,,,,166.2,5.19375,166.2,5.19375,,,,,,,,,,,,,,,,,,,"Ivan Herrera","20599",671056
"Cedric Mullins","NYM",30,129,115,26,17,5,1,4,16,15,12,0,28,1,1,0,,6,2,0.228302,0.0905053,0.216548,0.417946,0.303786,0.379512,0.300256,0.683299,0.15121,6.21214,0.268384,0.0281625,0.384118,13.7907,-1.39371,94.821,0.412281,0.325826,-0.37425971031188965,0.6864738464355469,0.467074,211.2100067138672,,,,,,,133.2,4.44,133.2,4.44,,,,,,,,,,,,,,,,,,,"Cedric Mullins","17929",656775
"Nolan Arenado","STL",26,111,101,26,17,5,0,3,12,12,8,0,15,1,1,0,,1,0,0.253363,0.0689988,0.139687,0.493954,0.308435,0.406029,0.310779,0.714464,0.152666,3.01796,0.268251,-0.0384,-0.13042,12.7375,-0.250146,100.379,-0.16882,0.643148,-0.11962807178497314,0.9888268411159515,0.461356,222.5399932861328,,,,,,,116.2,4.469230769,116.2,4.469230769,,,,,,,,,,,,,,,,,,,"Nolan Arenado","9777",571448
"Brandon Marsh","PHI",27,119,105,26,17,5,1,3,16,13,11,0,35,1,1,0,,3,1,0.249885,0.0967071,0.292967,0.330095,0.324646,0.401262,0.317467,0.725908,0.151377,5.90029,0.339163,0.0891153,0.103988,14.3102,0.373899,101.172,0.193103,0.547778,0.35652150213718414,0.21243828535079956,0.457693,309.3299865722656,,,,,,,127.9,4.737037037,127.9,4.737037037,,,,,,,,,,,,,,,,,,,"Brandon Marsh","20202",669016
"Brett Baty","NYM",22,96,86,21,13,4,0,4,12,13,8,0,24,1,1,0,,1,0,0.244528,0.0852393,0.254419,0.335035,0.313135,0.425184,0.320155,0.738319,0.180656,3.67876,0.294404,0.00563564,-0.07029,11.7417,0.50945,108.533,-0.0646543,0.0151625,0.8939359858632088,0.35682920180261135,0.450263,465.25,,,,,,,109.7,4.986363636,109.7,4.986363636,,,,,,,,,,,,,,,,,,,"Brett Baty","26123",683146
"Brenton Doyle","COL",34,145,134,32,21,6,1,5,14,13,9,0,41,1,1,0,,5,1,0.242077,0.0604816,0.280104,0.215925,0.290082,0.402095,0.300094,0.692177,0.160018,5.75636,0.309501,0.098397,0.333587,15.4719,-1.58452,77.6394,0.431984,2.47175,-3.382634997367859,2.990574538707733,0.44836,71.72000122070312,,,,,,,152,4.470588235,152,4.470588235,,,,,,,,,,,,,,,,,,,"Brenton Doyle","25479",686668
"TJ Friedl","CIN",36,157,137,33,24,6,1,3,18,13,14,0,27,4,1,1,,4,1,0.243829,0.0916398,0.169563,0.540447,0.329514,0.36738,0.31003,0.696894,0.123551,5.32635,0.279302,0.13557,0.016921,18.0158,-0.451042,93.1561,0.152491,-0.247844,-1.1115915328264236,0.31388483941555023,0.447096,247.4199981689453,,,,,,,157.9,4.386111111,157.9,4.386111111,,,,,,,,,,,,,,,,,,,"TJ Friedl","19522",670770
"Alec Burleson","STL",30,130,119,32,22,6,0,4,14,15,9,0,19,1,1,0,,2,0,0.272412,0.0658358,0.14713,0.447468,0.321592,0.435664,0.32707,0.757256,0.163252,3.29201,0.290174,-0.0841736,-0.0562191,16.6355,1.41561,111.604,-0.140393,0.162238,1.6260055005550385,-1.5476385354995728,0.44407,247.38999938964844,,,,,,,149,4.966666666,149,4.966666666,,,,,,,,,,,,,,,,,,,"Alec Burleson","27615",676475
"Harrison Bader","PHI",27,117,107,26,17,5,0,4,13,14,7,0,27,2,1,0,,4,1,0.241962,0.0636433,0.227477,0.279779,0.299684,0.395152,0.302992,0.694836,0.15319,5.29907,0.287679,0.0453255,0.0843106,12.7272,-1.00118,91.1985,0.129636,1.33528,-1.07888562977314,1.5503992140293121,0.441725,472.25,,,,,,,122.5,4.537037037,122.5,4.537037037,,,,,,,,,,,,,,,,,,,"Harrison Bader","18030",664056
"Alek Thomas","ARI",30,130,119,30,19,6,1,3,16,13,8,0,29,1,1,1,,3,1,0.249717,0.0595929,0.220538,0.270216,0.29967,0.400388,0.303898,0.700058,0.150671,5.69975,0.30091,0.0819786,0.000908241,14.205,-1.01494,92.2554,0.0828868,0.646203,-1.0960541665554047,1.1091661751270294,0.437367,558.010009765625,,,,,,,130.2,4.34,130.2,4.34,,,,,,,,,,,,,,,,,,,"Alek Thomas","23792",677950
"Hunter Goodman","COL",34,136,126,32,17,7,1,7,14,18,8,0,37,1,1,0,,1,0,0.251154,0.0555627,0.272369,0.203998,0.298982,0.489443,0.335251,0.788425,0.23829,3.4428,0.295709,-0.0262064,-0.13994,18.3135,2.38035,101.864,-0.166146,-1.28302,0.13095813989639282,-0.1314791440963745,0.437213,315.19000244140625,,,,,,,173.9,5.114705882,173.9,5.114705882,,,,,,,,,,,,,,,,,,,"Hunter Goodman","29715",696100
"Agustín Ramírez","MIA",34,141,129,31,18,8,0,6,14,17,10,0,32,1,1,0,,3,1,0.242713,0.069613,0.223785,0.311071,0.297569,0.434195,0.314853,0.731765,0.191482,4.15525,0.276646,0,0.178734,16.6912,0.145912,99.5452,0.178734,-0.710667,0.10347215086221695,-0.4828888177871704,0.435017,437.8900146484375,,,,,,,160.1,4.708823529,160.1,4.708823529,,,,,,,,,,,,,,,,,,,"Agustin Ramirez","26546",682663
"Xavier Edwards","MIA",34,145,131,36,29,6,1,0,14,8,12,0,22,0,1,1,,7,2,0.27661,0.081922,0.149564,0.547737,0.335876,0.345846,0.303379,0.681722,0.0692364,5.90223,0.32601,0.0473277,0.51406,15.8581,-1.19834,91.639,0.561388,-0.221055,-0.8649590015411377,0.3357350081205368,0.434271,139.80999755859375,,,,,,,137.4,4.04117647,137.4,4.04117647,,,,,,,,,,,,,,,,,,,"Xavier Edwards","22266",669364
"Michael Busch","CHC",33,142,125,30,18,6,1,6,18,18,14,0,37,2,1,0,,1,0,0.237307,0.0975115,0.264292,0.368953,0.321168,0.425248,0.324773,0.746416,0.187941,4.01452,0.290245,-0.0259459,-0.132152,17.9029,1.28273,110.068,-0.158098,0.54564,1.5155232846736908,-1.9951002597808838,0.426871,252.30999755859375,,,,,,,172.4,5.224242424,172.4,5.224242424,,,,,,,,,,,,,,,,,,,"Michael Busch","26319",683737
"Nolan Gorman","STL",26,111,99,23,13,4,0,5,12,14,10,0,34,0,1,0,,1,0,0.232444,0.0912521,0.306567,0.297658,0.303623,0.434621,0.318889,0.738244,0.202177,3.36354,0.29365,0.00937143,-0.0570481,13.4633,0.475707,105.966,-0.0476767,-0.478959,0.7273675836622715,-0.23204538226127625,0.422951,384.6400146484375,,,,,,,120.3,4.626923076,120.3,4.626923076,,,,,,,,,,,,,,,,,,,"Nolan Gorman","22263",669357
"Jose Trevino","CIN",18,70,64,16,11,3,0,2,6,7,4,0,11,0,0,0,,0,0,0.242417,0.0605709,0.156169,0.387856,0.291159,0.368602,0.289061,0.659762,0.126186,2.62937,0.267902,-0.0459831,-0.079616,6.78453,-1.37913,78.7077,-0.125599,1.30525,-1.864147737622261,2.6632754802703857,0.414459,579.6099853515625,,,,,,,65.1,3.616666666,65.1,3.616666666,,,,,,,,,,,,,,,,,,,"Jose Trevino","16725",624431
"Luis Arraez","SDP",38,163,151,45,35,7,1,1,20,13,9,0,9,1,1,1,,2,1,0.296781,0.0563856,0.052772,1.06848,0.340065,0.384093,0.317652,0.724158,0.0873119,4.27909,0.30579,0.0567138,-0.277937,19.6743,0.537806,106.774,-0.221223,0.570287,1.0753182619810104,-2.416132926940918,0.410492,185.14999389648438,,,,,,,167.4,4.405263157,167.4,4.405263157,,,,,,,,,,,,,,,,,,,"Luis Arraez","18568",650333
"Bryan Reynolds","PIT",38,162,146,37,24,7,1,5,19,17,13,0,39,2,1,0,,2,1,0.253918,0.081267,0.240111,0.338456,0.322117,0.420196,0.322809,0.742313,0.166279,4.5726,0.310522,0.0645137,-0.109157,20.2896,1.21405,104.965,-0.0446432,-0.242716,0.9026762023568153,-2.304444268345833,0.402487,98.11000061035156,,,,,,,180.2,4.742105263,180.2,4.742105263,,,,,,,,,,,,,,,,,,,"Bryan Reynolds","19326",668804
"Freddy Fermin","SDP",25,99,90,22,16,4,0,2,10,9,7,0,20,1,1,0,,1,0,0.23984,0.0727213,0.197744,0.367756,0.298461,0.354959,0.288522,0.65342,0.115119,3.28331,0.282021,-0.0080825,-0.121843,9.5979,-2.00285,86.7025,-0.129926,0.371338,-1.67281836271286,2.3011214435100555,0.400046,376.2200012207031,,,,,,,89.5,3.58,89.5,3.58,,,,,,,,,,,,,,,,,,,"Freddy Fermin","21840",666023
"Mickey Moniak","COL",27,119,111,30,17,6,2,5,15,14,6,0,31,1,1,0,,2,1,0.267267,0.0501093,0.259537,0.193071,0.308697,0.491458,0.340324,0.800155,0.224191,6.07077,0.322088,-0.0222229,-0.0679342,16.5056,2.5692,105.359,-0.0901572,0.167598,0.6568882912397385,-0.7498404085636139,0.389701,590.25,,,,,,,154.8,5.733333333,154.8,5.733333333,,,,,,,,,,,,,,,,,,,"Mickey Moniak","19956",666160
"Sal Frelick","MIL",34,145,131,34,25,6,1,2,16,10,11,0,21,2,1,0,,5,1,0.257872,0.0780285,0.147842,0.527782,0.321967,0.350728,0.29861,0.672695,0.0928556,5.84668,0.295899,0.0683586,0.300653,15.2883,-1.75797,91.2443,0.369012,1.67609,-1.123790055513382,0.1464601755142212,0.38795,350.260009765625,,,,,,,147,4.323529411,147,4.323529411,,,,,,,,,,,,,,,,,,,"Sal Frelick","29622",686217
"Jordan Lawlar","ARI",20,88,79,19,12,4,1,2,11,9,7,0,24,1,1,0,,4,1,0.234983,0.0839864,0.275902,0.304406,0.30784,0.385381,0.304243,0.69322,0.150397,6.89263,0.308821,-0.000591304,0.278558,9.68397,-0.665556,92.493,0.277967,1.06268,-0.49910974502563477,1.2540362477302551,0.374041,403.510009765625,,,,,,,92.3,4.615,92.3,4.615,,,,,,,,,,,,,,,,,,,"Jordan Lawlar","29976",691783
"Joey Ortiz","MIL",37,162,146,35,23,8,1,3,18,15,12,0,30,1,1,1,,4,1,0.240016,0.0725889,0.188693,0.384693,0.300378,0.37254,0.295045,0.672918,0.132524,5.37849,0.280031,0.0469795,0.0121574,16.5424,-2.42157,88.7883,0.059137,-1.32735,-2.06743111461401,0.39023900032043457,0.370998,265.2799987792969,,,,,,,150.9,4.078378378,150.9,4.078378378,,,,,,,,,,,,,,,,,,,"Joey Ortiz","25493",687401
"Ke'Bryan Hayes","CIN",36,154,142,35,25,6,1,3,15,13,9,0,31,1,1,0,,4,1,0.244637,0.0614862,0.203779,0.30173,0.294937,0.360699,0.288222,0.655637,0.116063,4.94042,0.292486,0.0441502,0.069174,14.9054,-3.15552,78.1298,0.113324,1.7458,-3.8373681604862213,2.2951817512512207,0.358995,362.1099853515625,,,,,,,140.1,3.891666666,140.1,3.891666666,,,,,,,,,,,,,,,,,,,"Ke'Bryan Hayes","18577",663647
"Isaac Collins","MIL",31,132,114,26,17,5,1,2,16,11,15,0,31,2,1,1,,5,1,0.225858,0.114313,0.235994,0.48439,0.323376,0.350231,0.301522,0.673606,0.124372,5.93375,0.287181,-0.0114464,0.212575,14.2628,-1.29191,93.2512,0.201128,1.16733,-0.8488147407770157,-0.25211596488952637,0.332523,999,,,,,,,128.3,4.138709677,128.3,4.138709677,,,,,,,,,,,,,,,,,,,"Isaac Collins","25477",686555
"Lourdes Gurriel Jr.","ARI",35,152,140,37,24,8,1,4,17,17,9,0,25,2,1,0,,2,1,0.263661,0.0586394,0.167518,0.350049,0.312328,0.418834,0.316822,0.731162,0.155173,4.15942,0.292618,-0.0715685,-0.157679,18.2577,0.399723,101.161,-0.229247,0.0916183,-0.021952003240585327,-1.7355422228574753,0.331065,219.75999450683594,,,,,,,167.7,4.791428571,167.7,4.791428571,,,,,,,,,,,,,,,,,,,"Lourdes Gurriel Jr.","19238",666971
"Alec Bohm","PHI",24,105,96,26,18,5,0,3,12,12,7,0,17,1,1,0,,1,0,0.268617,0.063436,0.165727,0.382774,0.318899,0.409363,0.316469,0.728261,0.140745,3.78754,0.300835,-0.0715028,-0.103264,12.5172,0.244888,100.485,-0.174767,-0.40207,-0.1152278296649456,-0.10469326376914978,0.328987,164.69000244140625,,,,,,,118.2,4.925,118.2,4.925,,,,,,,,,,,,,,,,,,,"Alec Bohm","21618",664761
"Tommy Edman","LAD",25,106,97,23,15,5,0,3,13,12,7,0,19,1,1,0,,3,1,0.238855,0.0647912,0.179382,0.361191,0.294547,0.379409,0.294734,0.673957,0.140554,5.66993,0.269484,0.0638328,0.1929,10.8599,-1.62045,87.6095,0.256732,0.613197,-1.2899225652217865,1.0054813921451569,0.328318,169.00999450683594,,,,,,,101.4,4.056,101.4,4.056,,,,,,,,,,,,,,,,,,,"Tommy Edman","19470",669242
"Casey Schmitt","SFG",29,124,114,27,18,6,0,3,12,13,7,0,29,1,1,0,,1,0,0.236297,0.0602345,0.237828,0.253269,0.288309,0.376733,0.290501,0.665043,0.140436,3.27243,0.287066,-0.0193818,-0.11052,12.2451,-2.31529,87.5453,-0.129902,0.816086,-1.9436871707439423,1.0565185099840164,0.325995,743.6099853515625,,,,,,,108.7,3.748275862,108.7,3.748275862,,,,,,,,,,,,,,,,,,,"Casey Schmitt","27577",669477
"Dylan Crews","WSN",35,152,139,33,21,6,1,5,17,16,9,0,37,3,1,0,,7,2,0.235466,0.0591138,0.245024,0.241257,0.294276,0.398008,0.301437,0.692284,0.162543,6.1311,0.284237,0.0177008,0.315623,16.3923,-1.4962,91.8311,0.333323,0.889018,-1.1282257735729218,-0.7686977386474609,0.317614,123.19000244140625,,,,,,,159.6,4.56,159.6,4.56,,,,,,,,,,,,,,,,,,,"Dylan Crews","33541",686611
"Tyler Stephenson","CIN",26,102,91,22,14,4,0,3,11,10,10,0,28,1,1,0,,0,0,0.236754,0.0953242,0.272408,0.349932,0.315457,0.38653,0.309051,0.701988,0.149776,2.60609,0.305287,-0.0734857,-0.144985,11.656,-0.374981,92.4819,-0.218471,-0.3849,-1.123140588402748,0.9360876977443695,0.315158,185.97000122070312,,,,,,,105,4.038461538,105,4.038461538,,,,,,,,,,,,,,,,,,,"Tyler Stephenson","17988",663886
"Jurickson Profar","ATL",39,168,146,36,24,7,0,4,21,19,18,0,29,2,1,0,,2,1,0.246014,0.107807,0.169366,0.636533,0.336171,0.38867,0.32043,0.724841,0.142656,4.02295,0.276954,-0.0790129,-0.133168,20.6942,0.933743,104.878,-0.212181,-1.4597,0.7519126534461975,-3.288251757621765,0.305563,192.1999969482422,,,,,,,174.5,4.474358974,174.5,4.474358974,,,,,,,,,,,,,,,,,,,"Jurickson Profar","10815",595777
"Jared Triolo","PIT",24,105,93,22,16,4,0,2,10,8,11,0,24,1,1,0,,3,1,0.235893,0.10122,0.23077,0.438621,0.31673,0.342874,0.294865,0.659604,0.106981,4.72207,0.299437,-0.015368,0.116089,10.7827,-1.5961,85.7106,0.100721,0.768802,-1.6684708148241043,1.157691091299057,0.302162,630.4500122070312,,,,,,,99.5,4.145833333,99.5,4.145833333,,,,,,,,,,,,,,,,,,,"Jared Triolo","25807",669707
"Jakob Marsee","MIA",27,119,100,21,14,4,1,2,12,8,15,0,29,2,1,1,,9,2,0.210145,0.125708,0.241389,0.520769,0.321744,0.330528,0.295869,0.652272,0.120383,6.87944,0.269112,-0.0011289,0.859006,12.2359,-1.70044,86.4642,0.857877,-0.0376301,-1.0288641452789307,0.08258591219782829,0.302046,999,,,,,,,116.2,4.303703703,116.2,4.303703703,,,,,,,,,,,,,,,,,,,"Jakob Marsee","31370",805300
"Mark Vientos","NYM",28,122,112,26,16,5,0,5,15,17,9,0,33,1,1,0,,0,0,0.237491,0.0716507,0.271016,0.264378,0.295896,0.421989,0.310004,0.717885,0.184498,2.96678,0.289001,-0.121373,-0.155225,13.9993,-0.353066,101.538,-0.276598,-0.116516,-0.055762454867362976,-1.0972262620925903,0.29273,105.8499984741211,,,,,,,125.1,4.467857142,125.1,4.467857142,,,,,,,,,,,,,,,,,,,"Mark Vientos","22184",668901
"Joey Bart","PIT",21,82,73,18,12,3,0,2,8,8,8,0,24,1,0,0,,0,0,0.241964,0.0911552,0.2855,0.319283,0.323253,0.379387,0.310882,0.70264,0.137424,2.7222,0.324578,-0.0206776,-0.112934,9.48602,-0.179337,96.7468,-0.133611,-0.63744,-0.4480984956026077,0.8934240937232971,0.290243,258.5799865722656,,,,,,,82.3,3.919047619,82.3,3.919047619,,,,,,,,,,,,,,,,,,,"Joey Bart","21524",663698
"Kyle Karros","COL",29,126,114,29,20,6,1,2,12,10,10,0,31,1,1,0,,1,0,0.251453,0.080963,0.245262,0.330108,0.317572,0.371294,0.304218,0.688865,0.119841,3.79978,0.325916,0,-0.144225,13.8162,-0.952209,80.4811,-0.144225,1.26067,-3.027376353740692,1.709897756576538,0.287752,999,,,,,,,125.2,4.317241379,125.2,4.317241379,,,,,,,,,,,,,,,,,,,"Kyle Karros","33252",691720
"Josh Bell","WSN",36,154,136,33,21,6,0,5,17,17,16,0,30,1,1,0,,0,0,0.245589,0.101734,0.19284,0.527556,0.326892,0.416586,0.324788,0.743478,0.170997,2.44739,0.274541,-0.196255,-0.273301,19.4951,1.39862,107.921,-0.469556,-0.438877,0.964117556810379,-3.2797720432281494,0.280561,334.1600036621094,,,,,,,164.2,4.561111111,164.2,4.561111111,,,,,,,,,,,,,,,,,,,"Josh Bell","13145",605137
"Blaze Alexander","ARI",22,93,83,19,12,4,0,2,10,9,8,0,28,2,1,0,,2,1,0.232053,0.0828919,0.299837,0.276456,0.311611,0.377662,0.304456,0.689273,0.145609,5.15031,0.317582,-0.00126131,-0.0332317,10.2698,-0.688571,92.6403,-0.034493,0.24125,-0.8411450311541557,0.5005088746547699,0.278944,746.6199951171875,,,,,,,84.8,3.854545454,84.8,3.854545454,,,,,,,,,,,,,,,,,,,"Blaze Alexander","23789",677942
"Pedro Pagés","STL",20,81,73,17,11,3,0,2,8,8,6,0,21,1,1,0,,0,0,0.225061,0.0713748,0.263959,0.270401,0.28429,0.36052,0.283298,0.64481,0.135459,2.74757,0.284764,-0.0190667,-0.0888806,7.48807,-1.97436,81.4429,-0.107947,0.448133,-1.8642151355743408,2.022207349538803,0.274205,565.75,,,,,,,70.7,3.535,70.7,3.535,,,,,,,,,,,,,,,,,,,"Pedro Pages","25782",686780
"Ryan O'Hearn","SDP",27,119,106,27,18,5,0,4,15,14,11,0,23,1,1,0,,1,0,0.25555,0.0888765,0.19157,0.463936,0.326676,0.419915,0.325029,0.74659,0.164365,4.09026,0.28902,-0.0636346,-0.137704,15.0365,1.10018,111.857,-0.201339,0.000315963,1.4513952434062958,-2.7140359291806817,0.269549,359.2900085449219,,,,,,,135.2,5.007407407,135.2,5.007407407,,,,,,,,,,,,,,,,,,,"Ryan O'Hearn","16442",656811
"Michael Conforto","LAD",26,113,99,23,13,5,0,4,14,15,11,0,27,2,1,0,,0,0,0.227647,0.1005,0.239913,0.418903,0.316672,0.412671,0.319075,0.729343,0.185024,3.18083,0.266846,-0.023555,-0.138587,13.817,0.504707,104.382,-0.162142,-0.391891,0.4212772399187088,-1.606706142425537,0.259603,272.1300048828125,,,,,,,120.9,4.65,120.9,4.65,,,,,,,,,,,,,,,,,,,"Michael Conforto","16376",624424
"Spencer Horwitz","PIT",29,124,109,28,19,6,0,2,13,11,13,0,24,1,1,0,,1,0,0.254922,0.10686,0.195555,0.546444,0.339809,0.371393,0.316011,0.711203,0.116472,2.7551,0.308656,-0.0904245,-0.20462,14.8565,0.245361,100.281,-0.295045,0.723109,-0.25398945808410645,-1.523804485797882,0.235962,382.5899963378906,,,,,,,127.9,4.410344827,127.9,4.410344827,,,,,,,,,,,,,,,,,,,"Spencer Horwitz","26477",687462
"Caleb Durbin","MIL",33,142,125,29,20,6,0,2,14,11,10,0,18,4,1,1,,7,2,0.227803,0.0704447,0.128515,0.548144,0.304263,0.327647,0.283832,0.63191,0.0998445,5.49968,0.251081,-0.0069346,0.457125,13.2135,-3.40661,81.0622,0.450191,-0.191299,-2.697874754667282,0.32721923291683197,0.232617,392.44000244140625,,,,,,,123.3,3.736363636,123.3,3.736363636,,,,,,,,,,,,,,,,,,,"Caleb Durbin","29646",702332
"Jordan Walker","STL",21,90,82,21,13,5,0,3,10,11,6,0,23,1,1,0,,2,0,0.25474,0.0680526,0.260599,0.261139,0.310631,0.428879,0.319505,0.73951,0.174139,4.81568,0.318649,0.00790875,0.0304001,10.9838,0.431368,106.391,0.0383089,-0.466695,0.712889164686203,-1.4296580255031586,0.22868,295.69000244140625,,,,,,,103.1,4.909523809,103.1,4.909523809,,,,,,,,,,,,,,,,,,,"Jordan Walker","27475",691023
"Isiah Kiner-Falefa","PIT",35,152,141,37,28,6,1,1,14,10,8,0,24,2,1,1,,5,1,0.259975,0.0509236,0.158841,0.320595,0.306184,0.340028,0.286374,0.646212,0.0800529,5.38057,0.304249,0.0300066,0.243094,14.5104,-3.34759,79.8598,0.273101,-0.393403,-3.3241925835609436,0.5695596933364868,0.228637,373.9700012207031,,,,,,,135.4,3.868571428,135.4,3.868571428,,,,,,,,,,,,,,,,,,,"Isiah Kiner-Falefa","16512",643396
"Luis Torrens","NYM",18,71,65,15,10,3,0,2,8,8,5,0,18,1,1,0,,0,0,0.224696,0.0723378,0.247822,0.291894,0.284679,0.363055,0.284446,0.647733,0.138359,3.47999,0.27622,-0.0352957,-0.0894497,6.68801,-1.67974,83.9277,-0.124745,-0.0490217,-1.469885304570198,1.3429535441100597,0.220428,622.3400268554688,,,,,,,64.5,3.583333333,64.5,3.583333333,,,,,,,,,,,,,,,,,,,"Luis Torrens","15905",620443
"Henry Davis","PIT",20,79,70,16,10,3,0,2,8,8,7,0,21,2,1,0,,1,0,0.227967,0.0858086,0.258841,0.331511,0.312987,0.38212,0.306966,0.695107,0.154153,4.03079,0.286572,-0.00551181,-0.088599,8.90426,-0.424807,94.0492,-0.0941108,-1.00336,-0.649365708231926,0.3176302909851074,0.219039,541.4000244140625,,,,,,,76,3.8,76,3.8,,,,,,,,,,,,,,,,,,,"Henry Davis","29617",680779
"Edmundo Sosa","PHI",16,71,65,16,11,3,1,2,9,8,3,0,17,2,0,0,,1,0,0.248576,0.0446339,0.233697,0.190991,0.299883,0.401432,0.305089,0.701314,0.152856,5.6661,0.302917,0.037796,-0.037836,7.83367,-0.486536,92.6434,-0.0000399627,0.116864,-0.6122365870032809,0.4079129695892334,0.217369,531.2100219726562,,,,,,,74.7,4.66875,74.7,4.66875,,,,,,,,,,,,,,,,,,,"Edmundo Sosa","17022",624641
"Max Kepler","PHI",24,103,92,21,13,4,0,3,12,12,9,0,20,1,1,0,,1,0,0.234232,0.0891602,0.198301,0.44962,0.308696,0.399092,0.309472,0.707788,0.16486,3.80959,0.263954,-0.00931009,-0.085237,11.7233,-0.341015,95.6638,-0.0945471,0.465841,-0.6177692040801048,-0.6350846886634827,0.216924,347.260009765625,,,,,,,97.3,4.054166666,97.3,4.054166666,,,,,,,,,,,,,,,,,,,"Max Kepler","12144",596146
"Victor Scott II","STL",34,145,130,29,21,5,1,2,15,10,10,0,33,2,1,1,,10,2,0.219089,0.070883,0.228535,0.310163,0.284285,0.311584,0.266583,0.595869,0.0924954,7.00389,0.277769,0.0241076,1.12664,11.5259,-5.52042,69.9254,1.15075,0.746884,-3.9767906665802,1.2654027938842773,0.209825,321.8500061035156,,,,,,,120.8,3.552941176,120.8,3.552941176,,,,,,,,,,,,,,,,,,,"Victor Scott II","31349",687363
"Ronny Mauricio","NYM",16,69,65,15,10,3,0,2,8,9,3,0,18,0,0,0,,2,1,0.237156,0.0505151,0.256303,0.197092,0.278295,0.403479,0.294299,0.681774,0.166324,5.15939,0.286179,0.00222377,0.0435854,7.03461,-1.0776,90.7167,0.0458092,0.376996,-0.7074078693985939,0.44659511744976044,0.205608,644,,,,,,,56.5,3.53125,56.5,3.53125,,,,,,,,,,,,,,,,,,,"Ronny Mauricio","23698",677595
"Tyler Freeman","COL",33,144,126,34,25,7,1,2,14,11,11,0,18,5,1,0,,6,2,0.273356,0.074301,0.125635,0.591401,0.351866,0.38862,0.328325,0.740485,0.115264,5.37202,0.302378,0.0300203,0.207689,18.5613,1.71286,97.092,0.237709,0.0438144,-0.252336710691452,-2.4554138369858265,0.20453,603,,,,,,,163,4.939393939,163,4.939393939,,,,,,,,,,,,,,,,,,,"Tyler Freeman","22532",671289
"Braxton Fulford","COL",12,49,44,10,6,2,0,1,5,4,3,0,14,1,0,0,,1,0,0.232891,0.0694119,0.280861,0.247139,0.303585,0.390115,0.304292,0.6937,0.157225,4.60295,0.302835,-0.000372727,-0.0160786,5.34032,-0.364969,80.5317,-0.0164513,0.571515,-1.1273777280002832,1.5205892324447632,0.203836,999,,,,,,,41.1,3.425,41.1,3.425,,,,,,,,,,,,,,,,,,,"Braxton Fulford","29704",690924
"Willi Castro","CHC",21,89,79,19,13,4,1,2,12,9,7,0,21,2,1,0,,2,1,0.240082,0.0771194,0.231914,0.332534,0.315448,0.378352,0.305988,0.6938,0.138269,6.15311,0.297829,0.0621062,-0.0589693,9.89499,-0.54586,97.1243,0.00313692,-0.784384,-0.29716552747413516,-0.6482725441455841,0.201993,228.25,,,,,,,91.5,4.357142857,91.5,4.357142857,,,,,,,,,,,,,,,,,,,"Willi Castro","17338",650489
"Nick Allen","ATL",36,158,141,32,25,6,0,1,15,11,12,0,32,1,1,2,,4,1,0.229721,0.0773692,0.202153,0.382726,0.293285,0.299673,0.266895,0.592959,0.0699529,4.49592,0.287076,-0.00721554,-0.0891571,12.5571,-5.95536,67.99,-0.0963726,1.1147,-6.023298256099224,2.8040491342544556,0.19966,746.8900146484375,,,,,,,108.8,3.022222222,108.8,3.022222222,,,,,,,,,,,,,,,,,,,"Nick Allen","22277",669397
"Pavin Smith","ARI",22,97,85,21,13,4,0,3,11,10,11,0,24,0,1,0,,1,0,0.243579,0.115389,0.246083,0.468903,0.331933,0.406971,0.324026,0.738904,0.163392,3.83053,0.301589,-0.0585402,-0.0960025,12.1828,0.818566,106.124,-0.154543,0.00389691,0.5415691286325455,-1.8726462570484728,0.188832,388.0400085449219,,,,,,,107.3,4.877272727,107.3,4.877272727,,,,,,,,,,,,,,,,,,,"Pavin Smith","19892",656976
"Alex Call","LAD",15,66,56,12,8,3,0,1,8,6,7,0,13,1,0,0,,1,0,0.221407,0.112729,0.192951,0.584235,0.319967,0.34255,0.29791,0.662517,0.121143,4.63564,0.260577,0.00464024,-0.0490071,6.86539,-0.830801,89.7982,-0.0443668,0.708707,-0.8296622112393379,0.4113301932811737,0.177509,734.739990234375,,,,,,,55.2,3.68,55.2,3.68,,,,,,,,,,,,,,,,,,,"Alex Call","19296",669743
"Danny Jansen","MIL",12,48,42,9,5,2,0,2,5,5,5,0,11,1,0,0,,0,0,0.212471,0.106261,0.235509,0.451199,0.306219,0.383059,0.304126,0.689278,0.170587,2.61135,0.245809,-0.01113,-0.0622504,5.28179,-0.367837,95.0457,-0.0733804,-0.19642,-0.353333055973053,0.7433948069810867,0.177038,304.8299865722656,,,,,,,51,4.25,51,4.25,,,,,,,,,,,,,,,,,,,"Danny Jansen","16535",643376
"Dalton Rushing","LAD",9,34,29,7,4,1,0,1,4,4,4,0,10,1,0,0,,0,0,0.224592,0.108384,0.286563,0.37822,0.324044,0.407685,0.321526,0.731729,0.183093,2.86359,0.284562,-0.0000729661,-0.0477619,4.23137,0.219844,106.07,-0.0478348,-0.248085,0.19572791457176208,0.35299548506736755,0.171288,999,,,,,,,37.5,4.166666666,37.5,4.166666666,,,,,,,,,,,,,,,,,,,"Dalton Rushing","31382",687221
"Austin Hays","CIN",27,116,105,26,16,6,0,4,13,13,8,0,28,2,1,0,,1,1,0.248455,0.0681163,0.239777,0.284081,0.307866,0.42332,0.316646,0.731185,0.174864,4.28372,0.298809,-0.017909,-0.11355,13.8843,0.287912,97.7153,-0.131459,-0.103014,-0.44215911626815796,-1.6894339248538017,0.170551,359.239990234375,,,,,,,124.7,4.618518518,124.7,4.618518518,,,,,,,,,,,,,,,,,,,"Austin Hays","19363",669720
"Blake Perkins","MIL",16,71,62,13,9,3,0,1,7,6,7,0,20,0,1,0,,3,1,0.211867,0.104928,0.279828,0.374975,0.297827,0.325062,0.279793,0.622889,0.113196,5.62295,0.284746,0.0204519,0.166038,6.37542,-1.93464,78.2788,0.18649,0.663899,-1.6188849955797195,0.9166767299175262,0.165935,653.9299926757812,,,,,,,52.8,3.3,52.8,3.3,,,,,,,,,,,,,,,,,,,"Blake Perkins","19921",663368
"Brady House","WSN",31,133,125,30,20,6,0,4,12,13,5,0,38,1,1,0,,1,0,0.235935,0.0380368,0.287397,0.132349,0.270985,0.372061,0.279326,0.643047,0.136127,3.24711,0.306618,-0.00101821,-0.128304,11.9183,-3.68205,76.5957,-0.129322,0.570199,-3.7811555713415146,1.044735699892044,0.165832,999,,,,,,,117.9,3.803225806,117.9,3.803225806,,,,,,,,,,,,,,,,,,,"Brady House","29993",691781
"Jordan Beck","COL",34,147,133,33,20,7,1,5,15,14,12,0,41,1,1,0,,4,1,0.247542,0.0818779,0.282132,0.290212,0.310588,0.42039,0.317307,0.730978,0.172849,5.43742,0.32084,0.00555592,0.105913,17.7086,0.444152,89.4997,0.111469,0.1564,-1.7016775533556938,-1.5456057488918304,0.161027,400.1400146484375,,,,,,,168.6,4.958823529,168.6,4.958823529,,,,,,,,,,,,,,,,,,,"Jordan Beck","31431",687597
"Tyler Locklear","ARI",25,107,95,23,14,5,0,3,12,12,8,0,30,3,1,0,,2,1,0.239068,0.0786471,0.278559,0.282336,0.315151,0.397419,0.312638,0.71257,0.158351,4.72863,0.31081,-0.00502703,0.0481623,12.5007,-0.0811254,98.278,0.0431352,0.180259,-0.1735646165907383,-1.8073948621749878,0.156956,725.6099853515625,,,,,,,110.5,4.42,110.5,4.42,,,,,,,,,,,,,,,,,,,"Tyler Locklear","31396",682988
"Graham Pauley","MIA",26,112,101,22,14,5,0,3,10,10,9,0,25,1,1,0,,2,1,0.221153,0.0810368,0.224029,0.361725,0.290024,0.365226,0.288549,0.65525,0.144073,3.93684,0.2627,-0.00046125,-0.0535423,10.8443,-2.26006,81.42,-0.0540035,0.232973,-2.489238567650318,0.35318881273269653,0.155995,748.02001953125,,,,,,,95.9,3.688461538,95.9,3.688461538,,,,,,,,,,,,,,,,,,,"Graham Pauley","31363",688363
"Jacob Young","WSN",26,112,100,24,18,4,1,0,10,6,7,0,20,2,1,1,,6,2,0.235664,0.0641801,0.181848,0.352932,0.296576,0.301224,0.269075,0.5978,0.0655608,6.07156,0.288862,0.0435302,0.408031,9.08561,-4.01872,69.5322,0.451562,0.974028,-3.541774183511734,1.3726387917995453,0.152597,294.55999755859375,,,,,,,84.5,3.25,84.5,3.25,,,,,,,,,,,,,,,,,,,"Jacob Young","29931",696285
"Reese McGuire","CHC",11,45,41,9,7,2,0,1,5,4,3,0,10,0,0,0,,0,0,0.229069,0.0662863,0.227957,0.290784,0.284343,0.344769,0.277569,0.629111,0.1157,3.87822,0.280966,-0.00875152,-0.0438017,3.95482,-1.30517,77.5428,-0.0525532,0.274009,-1.2340166829526424,1.1490089297294617,0.146088,999,,,,,,,33.6,3.054545454,33.6,3.054545454,,,,,,,,,,,,,,,,,,,"Reese McGuire","15674",624512
"Yohel Pozo","STL",18,71,69,18,12,4,0,2,6,8,1,0,10,0,1,0,,0,0,0.259089,0.0189915,0.139801,0.135847,0.273799,0.396537,0.288373,0.670336,0.137448,2.38851,0.277764,-0.000606742,-0.0714477,6.91352,-1.45308,84.9399,-0.0720545,-0.949214,-1.3322974145412445,0.3656013011932373,0.140386,999,,,,,,,65.2,3.622222222,65.2,3.622222222,,,,,,,,,,,,,,,,,,,"Yohel Pozo","18848",650968
"Gavin Sheets","SDP",19,81,74,18,11,4,0,3,10,11,6,0,17,1,1,0,,1,0,0.244813,0.0796375,0.209404,0.380306,0.308348,0.41877,0.315358,0.727117,0.173957,3.31407,0.278121,-0.05658,-0.0905838,9.68591,0.117677,105.194,-0.147164,-0.287703,0.3498801738023758,-1.7302960455417633,0.132313,557.0700073242188,,,,,,,89.5,4.710526315,89.5,4.710526315,,,,,,,,,,,,,,,,,,,"Gavin Sheets","19901",657757
"Starling Marte","NYM",17,74,67,18,12,3,0,2,9,8,5,0,15,1,0,0,,3,1,0.259904,0.0644073,0.205555,0.313333,0.320963,0.394379,0.313506,0.715343,0.134476,5.74908,0.309483,0.0319012,0.0956516,8.73211,-0.00411207,103.951,0.127553,-0.0372548,0.4727722257375717,-1.7202794514596462,0.12213,457,,,,,,,82.2,4.835294117,82.2,4.835294117,,,,,,,,,,,,,,,,,,,"Starling Marte","9241",516782
"Liam Hicks","MIA",26,105,91,21,16,4,0,1,10,6,11,0,19,2,1,0,,0,0,0.232503,0.105451,0.181545,0.580856,0.329031,0.312746,0.292729,0.641777,0.0802432,2.45842,0.281706,-0.00764704,-0.173277,10.5959,-1.77748,84.3007,-0.180924,-0.59477,-2.123805448412895,-0.17085000872612,0.118762,746.1599731445312,,,,,,,86.6,3.33076923,86.6,3.33076923,,,,,,,,,,,,,,,,,,,"Liam Hicks","29844",689414
"Keibert Ruiz","WSN",17,68,63,16,11,3,0,2,6,6,3,0,8,1,0,0,,1,0,0.247081,0.0513525,0.11141,0.460932,0.291925,0.373393,0.290901,0.665318,0.126312,2.89591,0.257844,-0.0782796,-0.0747041,6.73931,-1.24809,84.5708,-0.152984,-0.653458,-1.385600984096527,0.6752461194992065,0.117525,209.4499969482422,,,,,,,68,4,68,4,,,,,,,,,,,,,,,,,,,"Keibert Ruiz","19610",660688
"Jake McCarthy","ARI",15,64,58,15,10,3,1,1,9,5,4,0,12,1,0,0,,3,1,0.255998,0.0692642,0.190237,0.364095,0.319316,0.376131,0.306228,0.695447,0.120132,7.47491,0.308601,0.055679,0.21272,7.12836,-0.380122,93.861,0.268399,-0.447521,-0.1926305890083313,-0.8117185235023499,0.111935,220.74000549316406,,,,,,,67.7,4.513333333,67.7,4.513333333,,,,,,,,,,,,,,,,,,,"Jake McCarthy","21622",664983
"Jack Suwinski","PIT",16,67,59,13,7,3,0,3,7,8,7,0,21,1,1,0,,1,0,0.218185,0.107895,0.310395,0.347606,0.308697,0.400565,0.310438,0.709262,0.18238,4.88471,0.287177,0.0056867,0.0626189,7.74331,-0.171029,96.4414,0.0683056,-0.618006,-0.21338880062103271,-0.9204750061035156,0.110258,606.4199829101562,,,,,,,76.6,4.7875,76.6,4.7875,,,,,,,,,,,,,,,,,,,"Jack Suwinski","22244",669261
"Drew Millas","WSN",11,44,40,9,7,2,0,1,4,3,3,0,8,0,0,0,,1,0,0.231994,0.0769174,0.18646,0.412515,0.291553,0.326121,0.274673,0.617674,0.0941269,5.02089,0.277308,0.000219208,0.0259913,3.75816,-1.3766,73.3891,0.0262106,0.162652,-1.3404447976499796,1.0168189704418182,0.108738,999,,,,,,,36.5,3.318181818,36.5,3.318181818,,,,,,,,,,,,,,,,,,,"Drew Millas","25643",686452
"Jake Fraley","CIN",18,78,69,17,12,3,0,2,8,7,8,0,16,1,0,0,,3,1,0.245656,0.0990938,0.206318,0.480296,0.326249,0.384304,0.313781,0.710553,0.138648,4.62778,0.290664,-0.018,0.102064,9.145,0.0130624,95.7411,0.084064,-0.0090303,-0.30492644757032394,-1.2127339439466596,0.105716,377.7200012207031,,,,,,,83.6,4.644444444,83.6,4.644444444,,,,,,,,,,,,,,,,,,,"Jake Fraley","19260",641584
"Rhys Hoskins","MIL",16,69,60,14,8,3,0,3,8,9,7,0,19,1,1,0,,0,0,0.223833,0.104538,0.274307,0.3811,0.312472,0.419639,0.318747,0.732111,0.195806,3.17671,0.269686,-0.0998978,-0.072147,8.38565,0.288665,105.12,-0.172045,-0.158667,0.24257607758045197,-1.4938518404960632,0.10343,259.55999755859375,,,,,,,79.3,4.95625,79.3,4.95625,,,,,,,,,,,,,,,,,,,"Rhys Hoskins","16472",656555
"Connor Norby","MIA",13,55,50,12,8,2,0,2,5,5,4,0,15,0,0,0,,1,0,0.238633,0.0690553,0.275409,0.250737,0.296004,0.386286,0.297813,0.68229,0.147653,4.23247,0.306939,0.00204357,-0.0137557,5.74776,-0.700404,87.8034,-0.0117121,-0.209142,-0.7983140824362636,-0.012999817728996277,0.101388,282.1600036621094,,,,,,,55.7,4.284615384,55.7,4.284615384,,,,,,,,,,,,,,,,,,,"Connor Norby","29592",681393
"Gavin Lux","CIN",24,102,91,23,16,4,0,2,11,8,10,0,23,0,1,0,,1,0,0.252104,0.101014,0.225083,0.448786,0.328979,0.367724,0.308871,0.696702,0.11562,3.96924,0.317659,0.075163,-0.100055,11.5849,-0.388086,92.3573,-0.0248925,-0.0623092,-0.9401145055890083,-1.4265067353844643,0.0998999,329.2300109863281,,,,,,,100.1,4.170833333,100.1,4.170833333,,,,,,,,,,,,,,,,,,,"Gavin Lux","19955",666158
"Hyeseong Kim","LAD",16,71,66,15,10,3,0,2,8,7,4,0,21,1,0,0,,4,1,0.22266,0.0533298,0.290276,0.183721,0.272497,0.347721,0.272504,0.620218,0.12506,6.80427,0.296861,-0.00566091,0.484753,5.96528,-2.35493,72.2926,0.479092,0.174822,-1.8266442120075226,0.4405630826950073,0.0959775,487.30999755859375,,,,,,,65.3,4.08125,65.3,4.08125,,,,,,,,,,,,,,,,,,,"Hyeseong Kim","35322",808975
"Tyrone Taylor","NYM",13,57,52,12,7,3,0,1,7,6,3,0,13,1,0,0,,2,0,0.223731,0.0523418,0.234579,0.223131,0.277272,0.369382,0.282737,0.646654,0.145652,6.43093,0.270961,0.0150637,0.0996563,5.24159,-1.41457,82.7498,0.11472,0.321683,-1.0336939990520477,0.09390518069267273,0.0941497,669.5599975585938,,,,,,,49.1,3.776923076,49.1,3.776923076,,,,,,,,,,,,,,,,,,,"Tyrone Taylor","13675",621438
"Riley Adams","WSN",14,54,48,11,6,2,0,2,6,6,4,0,18,1,0,0,,0,0,0.226241,0.0735644,0.326407,0.225376,0.298126,0.411348,0.308735,0.709473,0.185107,3.36273,0.305788,-0.0152499,-0.0614726,6.101,-0.210471,96.8595,-0.0767225,-1.10063,-0.2749696373939514,-0.18319284915924072,0.0935284,748.2100219726562,,,,,,,53.2,3.8,53.2,3.8,,,,,,,,,,,,,,,,,,,"Riley Adams","19864",656180
"Will Benson","CIN",12,52,45,10,6,2,0,2,6,6,6,0,16,0,0,0,,2,0,0.21863,0.109289,0.317863,0.343825,0.308625,0.39702,0.309299,0.705645,0.17839,5.75056,0.295039,-0.01695,0.0372062,5.90861,-0.17935,92.6526,0.0202562,0.022425,-0.4271290898323059,-0.36029102839529514,0.0935232,686.0499877929688,,,,,,,57.4,4.783333333,57.4,4.783333333,,,,,,,,,,,,,,,,,,,"Will Benson","21853",666181
"Eli White","ATL",11,46,42,10,6,2,0,1,6,5,3,0,13,1,0,0,,2,0,0.228203,0.0707701,0.280619,0.252193,0.291564,0.364257,0.288828,0.655821,0.136055,6.31729,0.298391,0.00120504,0.115791,4.48584,-0.922291,83.1029,0.116996,0.381628,-0.7969888225197792,0.1918131560087204,0.092768,750.8099975585938,,,,,,,45,4.09090909,45,4.09090909,,,,,,,,,,,,,,,,,,,"Eli White","19346",642201
"Tyler Fitzgerald","SFG",15,64,58,13,9,3,0,2,7,6,4,0,19,1,0,0,,2,0,0.225268,0.0581065,0.303858,0.191229,0.281525,0.366578,0.284146,0.648103,0.14131,5.90297,0.304502,0.0267891,0.138568,5.96951,-1.51868,83.1664,0.165357,0.141488,-1.0954075008630753,-0.11159849166870117,0.0905366,242.5800018310547,,,,,,,61.1,4.073333333,61.1,4.073333333,,,,,,,,,,,,,,,,,,,"Tyler Fitzgerald","26208",666149
"Otto Kemp","PHI",10,43,38,8,5,2,0,1,5,4,3,0,12,2,0,0,,1,0,0.22449,0.0649625,0.286191,0.22699,0.304031,0.371934,0.298914,0.675965,0.147444,6.05243,0.296875,-0.00015744,-0.0133944,4.48777,-0.504354,88.3888,-0.0135518,0.173184,-0.5933020897209644,0.046640798449516296,0.0868608,999,,,,,,,38.9,3.89,38.9,3.89,,,,,,,,,,,,,,,,,,,"Otto Kemp","31792",805249
"Nacho Alvarez Jr.","ATL",11,48,42,10,7,2,0,1,5,4,5,0,11,1,0,0,,1,0,0.227468,0.0983775,0.22962,0.428437,0.318744,0.309654,0.286378,0.628397,0.082186,4.42633,0.293965,-0.000389789,0.000512176,4.56355,-1.05259,81.4148,0.000122387,0.116235,-1.0438400915300008,0.3123769760131836,0.0857545,742.6799926757812,,,,,,,49.1,4.463636363,49.1,4.463636363,,,,,,,,,,,,,,,,,,,"Nacho Alvarez Jr.","31765",805373
"James McCann","ARI",10,40,36,9,6,2,0,1,4,4,2,0,10,0,0,0,,0,0,0.234282,0.057205,0.264269,0.216465,0.28429,0.37179,0.286884,0.65608,0.137509,3.04308,0.296874,-0.0145556,-0.0395483,3.78526,-0.853183,80.5323,-0.0541039,-0.213778,-0.9572684802114964,0.5578271746635437,0.0844564,744.8300170898438,,,,,,,35.6,3.56,35.6,3.56,,,,,,,,,,,,,,,,,,,"James McCann","12859",543510
"Andrew Vaughn","MIL",26,114,104,25,16,5,0,4,12,13,8,0,24,1,1,0,,0,0,0.243249,0.0701814,0.2086,0.336441,0.302509,0.414337,0.310807,0.716846,0.171088,2.60365,0.275749,-0.125126,-0.159933,13.168,-0.25594,99.6491,-0.285059,-0.482509,-0.3321784734725952,-2.601953387260437,0.0831717,269.1700134277344,,,,,,,115.1,4.426923076,115.1,4.426923076,,,,,,,,,,,,,,,,,,,"Andrew Vaughn","26197",683734
"Alex Freeland","LAD",10,43,37,8,5,2,0,1,5,4,5,0,12,0,0,0,,1,0,0.205357,0.114489,0.285695,0.400738,0.303776,0.329784,0.285623,0.63356,0.124427,5.0492,0.275502,0,0.0872024,4.0305,-0.961622,81.3319,0.0872024,0.0562286,-0.8449024558067322,0.23338907212018967,0.0801991,999,,,,,,,39.9,3.99,39.9,3.99,,,,,,,,,,,,,,,,,,,"Alex Freeland","31665",690976
"Jose Iglesias","SDP",14,58,54,13,10,3,0,1,6,5,3,0,10,1,0,0,,1,0,0.247489,0.0484858,0.17049,0.284391,0.293163,0.3338,0.277686,0.626964,0.0863116,3.8353,0.290782,-0.028004,-0.0653258,5.16647,-1.6977,79.2358,-0.0933298,0.0361062,-1.5188782066106796,0.3714457377791405,0.0787792,643.3099975585938,,,,,,,50.8,3.628571428,50.8,3.628571428,,,,,,,,,,,,,,,,,,,"Jose Iglesias","10231",578428
"Miguel Rojas","LAD",9,39,36,8,6,2,0,1,4,4,3,0,5,0,0,0,,1,0,0.236317,0.0642269,0.140922,0.45576,0.290709,0.337499,0.278344,0.628209,0.101182,4.26929,0.263031,-0.0100373,-0.0152277,3.46508,-1.11103,76.3166,-0.025265,0.41709,-1.1092426553368568,0.5562877655029297,0.0742964,693.4299926757812,,,,,,,34.9,3.877777777,34.9,3.877777777,,,,,,,,,,,,,,,,,,,"Miguel Rojas","7802",500743
"Noelvi Marte","CIN",20,86,79,20,13,4,0,3,9,10,6,0,19,1,1,0,,3,1,0.250504,0.0664769,0.225484,0.294818,0.305729,0.412206,0.311564,0.717936,0.161702,4.69256,0.296921,0.0174324,0.11703,10.006,-0.140546,94.2132,0.134463,-0.738027,-0.4528086632490158,-1.6886442303657532,0.0707071,499.42999267578125,,,,,,,96.7,4.835,96.7,4.835,,,,,,,,,,,,,,,,,,,"Noelvi Marte","26517",682622
"Rafael Marchán","PHI",8,32,29,6,5,1,0,0,3,3,3,0,6,1,0,0,,0,0,0.223952,0.0803672,0.171083,0.469756,0.296995,0.314911,0.275107,0.611907,0.090959,3.55989,0.263096,-0.00724466,-0.0402042,2.7952,-1.00832,71.9847,-0.0474488,0.231909,-1.1132124364376068,0.8646247982978821,0.0706594,707.3800048828125,,,,,,,19.5,2.4375,19.5,2.4375,,,,,,,,,,,,,,,,,,,"Rafael Marchan","21646",665561
"Paul DeJong","WSN",17,74,68,14,9,3,0,3,7,8,4,0,23,1,1,0,,1,0,0.210659,0.0604636,0.302633,0.199792,0.267948,0.373147,0.279897,0.641095,0.162488,3.28396,0.266826,-0.039852,-0.0549429,6.70861,-2.0276,76.9887,-0.0947949,0.55104,-2.1054779291152954,0.3485708683729172,0.0698036,426.1700134277344,,,,,,,64.2,3.776470588,64.2,3.776470588,,,,,,,,,,,,,,,,,,,"Paul DeJong","18015",657557
"Dane Myers","MIA",19,83,76,18,13,3,0,2,7,7,5,0,22,1,1,0,,3,1,0.237099,0.0634383,0.267888,0.23681,0.294314,0.35969,0.288237,0.654004,0.122591,4.99206,0.307702,-0.0119567,0.137562,8.06916,-1.70709,81.2051,0.125605,0.298453,-1.7121697217226028,-0.39120766520500183,0.0640084,658.6900024414062,,,,,,,73.2,3.852631578,73.2,3.852631578,,,,,,,,,,,,,,,,,,,"Dane Myers","22054",667472
"Miguel Amaya","CHC",5,20,18,4,3,1,0,1,2,2,2,0,4,0,0,0,,0,0,0.234003,0.077425,0.214545,0.360879,0.307042,0.374865,0.300522,0.681907,0.140862,3.33244,0.277746,-0.0091,-0.025089,2.1275,-0.210278,93.3583,-0.034189,-0.172872,-0.18948551639914513,0.21601688861846924,0.0638363,340.9800109863281,,,,,,,22.7,4.54,22.7,4.54,,,,,,,,,,,,,,,,,,,"Miguel Amaya","21693",665804
"Jake Bauers","MIL",7,29,25,6,3,1,0,1,3,4,3,0,9,0,0,0,,1,0,0.221165,0.115297,0.311813,0.369764,0.314821,0.419733,0.320181,0.734554,0.198568,4.68442,0.286152,-0.010608,0.0231484,3.56449,0.15523,106.108,0.0125404,-0.092784,0.22080422472208738,-0.559450663626194,0.0628823,706.9299926757812,,,,,,,31.8,4.542857142,31.8,4.542857142,,,,,,,,,,,,,,,,,,,"Jake Bauers","15194",641343
"Thomas Saggese","STL",8,33,30,7,5,1,0,1,3,3,2,0,9,0,0,0,,0,0,0.240508,0.0556377,0.26054,0.213547,0.290016,0.37047,0.289014,0.660486,0.129962,4.58093,0.307615,0,-0.00464411,3.2031,-0.652606,85.3817,-0.00464411,-0.0381881,-0.5683845994062722,0.07909582927823067,0.060198,694.5,,,,,,,27.5,3.4375,27.5,3.4375,,,,,,,,,,,,,,,,,,,"Thomas Saggese","27883",695336
"Ryan Ritter","COL",7,28,25,6,4,1,0,1,3,2,2,0,8,1,0,0,,0,0,0.238772,0.0782336,0.276982,0.28245,0.312825,0.396641,0.311245,0.709467,0.157869,5.3799,0.313083,-0.0000585714,0.00325954,3.27467,-0.0534106,85.323,0.00320097,-0.00585714,-0.48535150941461325,0.12068606587126851,0.0578841,999,,,,,,,29.9,4.271428571,29.9,4.271428571,,,,,,,,,,,,,,,,,,,"Ryan Ritter","31500",690022
"Elias Díaz","SDP",16,62,56,12,8,2,0,2,6,6,4,0,15,0,0,0,,0,0,0.220505,0.0676767,0.240824,0.281022,0.277142,0.349879,0.276119,0.627022,0.129375,2.72686,0.269487,-0.0659433,-0.0791259,5.3613,-1.8654,78.1562,-0.145069,-0.566587,-1.7239397764205933,0.6355738639831543,0.0541076,481.6700134277344,,,,,,,47.8,2.9875,47.8,2.9875,,,,,,,,,,,,,,,,,,,"Elias Diaz","11680",553869
"Derek Hill","MIA",11,50,46,11,7,2,0,1,5,4,3,0,15,0,0,0,,2,0,0.233203,0.0576068,0.298528,0.19297,0.282284,0.369377,0.284652,0.651662,0.136174,6.34272,0.316229,-0.00106791,0.0926278,4.66326,-1.16088,78.7349,0.0915599,-0.0320372,-1.1471778973937035,-0.006728570908308029,0.0483195,581.030029296875,,,,,,,43.6,3.963636363,43.6,3.963636363,,,,,,,,,,,,,,,,,,,"Derek Hill","16947",656537
"Jose Siri","NYM",2,11,10,2,1,0,0,0,1,1,1,0,4,0,0,0,,0,0,0.213547,0.0699953,0.346783,0.201842,0.275672,0.39961,0.29285,0.675282,0.186063,6.42158,0.289241,0.00992161,0.029035,1.06979,-0.178245,89.7185,0.0389566,0.134659,-0.08938364312052727,0.1726217307150364,0.044304,441.3900146484375,,,,,,,4.2,2.1,4.2,2.1,,,,,,,,,,,,,,,,,,,"Jose Siri","17452",642350
"Jose Herrera","ARI",9,35,30,7,5,1,0,0,3,2,3,0,8,0,0,1,,0,0,0.219024,0.0962336,0.230675,0.417182,0.297761,0.298404,0.269961,0.596166,0.0793804,3.46094,0.285683,-0.0131604,-0.0449117,2.85496,-1.22687,68.8713,-0.0580721,-0.0120504,-1.3289263024926186,0.6669619092717767,0.0436419,750.510009765625,,,,,,,21.1,2.344444444,21.1,2.344444444,,,,,,,,,,,,,,,,,,,"Jose Herrera","17040",645444
"Andruw Monasterio","MIL",6,27,24,5,4,1,0,0,3,2,3,0,7,0,0,0,,1,0,0.219188,0.0958411,0.257914,0.3716,0.298894,0.316264,0.27696,0.615158,0.0970761,4.77794,0.289515,-0.00319702,0.0334171,2.38967,-0.806506,76.3264,0.0302201,0.0801604,-0.7265671603381634,0.2551604360342026,0.0431407,750.3099975585938,,,,,,,17.8,2.966666666,17.8,2.966666666,,,,,,,,,,,,,,,,,,,"Andruw Monasterio","19455",655316
"Miguel Andujar","CIN",20,88,82,22,16,4,0,2,9,9,5,0,14,0,1,0,,1,0,0.267833,0.0545486,0.156261,0.349087,0.308943,0.401982,0.30891,0.710925,0.134149,3.26872,0.297026,0,-0.0884949,10.0169,-0.332646,92.3846,-0.0884949,0.0239,-0.8768008649349213,-1.5995568335056305,0.0421188,530.1199951171875,,,,,,,88.5,4.425,88.5,4.425,,,,,,,,,,,,,,,,,,,"Miguel Andujar","15878",609280
"Alexander Canario","PIT",14,59,53,12,7,3,0,2,6,7,5,0,18,0,0,0,,1,0,0.220366,0.0776457,0.313154,0.247947,0.283383,0.403588,0.297808,0.686971,0.183222,4.5263,0.286988,-0.00605818,0.0144861,6.15003,-0.749658,87.7388,0.00842792,-0.175156,-0.8377076964825392,-0.6813291907310486,0.0416249,747.030029296875,,,,,,,58.6,4.185714285,58.6,4.185714285,,,,,,,,,,,,,,,,,,,"Alexander Canario","22842",672744
"Heriberto Hernández","MIA",25,106,94,20,12,4,0,4,10,11,10,0,35,1,1,0,,1,0,0.216863,0.0970613,0.326555,0.297228,0.299066,0.393208,0.302995,0.692274,0.176345,3.44715,0.293939,-0.0015871,-0.10222,11.5704,-0.90989,91.3742,-0.103807,-0.476129,-1.1805312931537628,-1.9187216460704803,0.039177,999,,,,,,,102.1,4.084,102.1,4.084,,,,,,,,,,,,,,,,,,,"Heriberto Hernandez","24878",681715
"Wilmer Flores","SFG",21,90,81,19,13,4,0,2,9,9,7,0,15,1,1,0,,0,0,0.236381,0.0814798,0.170612,0.477573,0.306507,0.373551,0.299637,0.680058,0.137169,2.46951,0.261823,-0.0767862,-0.116043,9.58933,-1.01893,93.8404,-0.192829,0.104104,-0.8463797122240067,-1.749754436314106,0.0372276,619.8200073242188,,,,,,,79.8,3.8,79.8,3.8,,,,,,,,,,,,,,,,,,,"Wilmer Flores","5827",527038
"Joe Mack","MIA",3,11,10,2,1,0,0,0,1,1,1,0,3,0,0,0,,0,0,0.212864,0.0734475,0.301919,0.243269,0.275957,0.349193,0.275608,0.62515,0.136329,2.60793,0.283386,-0.000082,-0.00994223,0.982921,-0.348312,72.5036,-0.0100242,0.14145,-0.37613228615373373,0.36290061473846436,0.036778,999,,,,,,,4.2,1.4,4.2,1.4,,,,,,,,,,,,,,,,,,,"Joe Mack","sa3017374",691788
"Santiago Espinal","CIN",8,35,31,8,6,2,0,0,3,2,3,0,5,0,0,0,,0,0,0.251828,0.0726205,0.140364,0.517372,0.309511,0.337395,0.287925,0.646906,0.0855669,3.43311,0.285894,0.0016,-0.0328759,3.34122,-0.71742,77.9249,-0.0312759,0.149303,-0.9273858219385147,0.13695717602968216,0.0350781,657.530029296875,,,,,,,28.6,3.575,28.6,3.575,,,,,,,,,,,,,,,,,,,"Santiago Espinal","19997",669289
"Jerar Encarnacion","SFG",4,18,16,4,2,1,0,1,2,2,1,0,6,0,0,0,,0,0,0.237898,0.0788832,0.330024,0.239022,0.301624,0.41807,0.311995,0.719694,0.180172,3.49474,0.322163,-0.001804,-0.0150932,2.05742,-0.0226361,102.356,-0.0168972,-0.000191333,0.03210975229740143,-0.27858639004989527,0.034271,444,,,,,,,21.7,5.425,21.7,5.425,,,,,,,,,,,,,,,,,,,"Jerar Encarnacion","21871",666464
"Jesse Winker","NYM",5,21,18,4,3,1,0,1,3,2,3,0,5,0,0,0,,0,0,0.232036,0.127367,0.211875,0.601143,0.33904,0.376582,0.318864,0.715622,0.144545,3.75683,0.27588,-0.0284344,-0.0467656,2.58707,0.0910034,107.643,-0.0752,-0.0546128,0.11561241745948792,-0.4848596565425396,0.0335777,400.7099914550781,,,,,,,25.7,5.14,25.7,5.14,,,,,,,,,,,,,,,,,,,"Jesse Winker","13590",608385
"Christian Encarnacion-Strand","CIN",6,26,24,6,4,1,0,1,3,3,1,0,7,0,0,0,,0,0,0.250613,0.0479518,0.26784,0.179032,0.293456,0.45179,0.319139,0.745246,0.201177,3.28413,0.301653,-0.00690732,-0.0241981,3.16072,0.116739,99.4325,-0.0311054,0.0241873,-0.048384103924036026,-0.47581268288195133,0.0333578,213.66000366210938,,,,,,,24.9,4.15,24.9,4.15,,,,,,,,,,,,,,,,,,,"Christian Encarnacion-Strand","30011",687952
"José Tena","WSN",7,30,28,7,5,1,0,1,3,3,2,0,8,0,0,0,,1,0,0.240954,0.0619,0.264911,0.233664,0.289903,0.362342,0.285892,0.652245,0.121388,4.97748,0.314589,-0.00534487,-0.00811557,2.86149,-0.674596,81.1197,-0.0134604,-0.095991,-0.6812074650079012,0.011570736765861511,0.032516,572.280029296875,,,,,,,31.4,4.485714285,31.4,4.485714285,,,,,,,,,,,,,,,,,,,"Jose Tena","23691",677588
"Andrew Knizner","SFG",6,24,22,5,3,1,0,0,2,2,2,0,5,1,0,0,,0,0,0.225592,0.0717796,0.216849,0.331012,0.297227,0.327689,0.279956,0.624916,0.102097,2.86346,0.278186,-0.00144706,-0.0341676,2.19173,-0.660914,80.2794,-0.0356147,-0.355615,-0.5982749760150909,0.11892232298851013,0.0310269,999,,,,,,,17.9,2.983333333,17.9,2.983333333,,,,,,,,,,,,,,,,,,,"Andrew Knizner","19514",668800
"Christian Koss","SFG",10,43,40,9,6,2,0,1,4,4,2,0,11,1,0,0,,1,0,0.226063,0.0403172,0.253936,0.158769,0.265732,0.338344,0.264583,0.604076,0.112281,5.5648,0.289906,-0.00285435,0.0401923,3.30662,-1.6855,69.6866,0.0373379,0.217832,-1.4762193784117699,0.3823382258415222,0.0306496,999,,,,,,,36.5,3.65,36.5,3.65,,,,,,,,,,,,,,,,,,,"Christian Koss","27653",683766
"Andrés Chaparro","WSN",5,21,19,5,3,1,0,1,2,3,2,0,5,0,0,0,,0,0,0.236783,0.0814302,0.237151,0.343368,0.304175,0.42206,0.31477,0.726235,0.185277,2.62466,0.275512,-0.0029192,-0.0227104,2.51664,0.0205746,101.018,-0.0256296,0.035875,-0.00022058002650737762,-0.43233489245176315,0.0270746,748.9099731445312,,,,,,,27.3,5.46,27.3,5.46,,,,,,,,,,,,,,,,,,,"Andres Chaparro","21797",665953
"Tommy Pham","PIT",28,123,110,27,18,5,0,3,13,11,11,0,29,1,1,0,,2,1,0.240422,0.0877285,0.238318,0.368115,0.309687,0.372523,0.300544,0.68221,0.132101,4.07037,0.299724,-0.00166244,-0.126872,13.1143,-1.29384,89.6237,-0.128535,-0.717586,-1.6238450706005096,-2.131166636943817,0.0270458,422.7699890136719,,,,,,,120.9,4.317857142,120.9,4.317857142,,,,,,,,,,,,,,,,,,,"Tommy Pham","2967",502054
"Kyle Farmer","COL",10,43,39,9,6,2,0,1,4,3,2,0,9,1,0,0,,0,0,0.244459,0.0573324,0.203062,0.282339,0.302428,0.372826,0.297164,0.675254,0.128366,3.70637,0.29066,-0.00875337,-0.0899598,4.42755,-0.564573,75.6203,-0.0987132,0.0709929,-1.3159989193081856,0.1848817691206932,0.0268247,610.9099731445312,,,,,,,35.6,3.56,35.6,3.56,,,,,,,,,,,,,,,,,,,"Kyle Farmer","14813",571657
"Spencer Steer","CIN",35,150,134,31,19,7,1,4,16,16,14,0,33,2,1,0,,3,1,0.230718,0.0904961,0.220154,0.411059,0.309098,0.389778,0.306924,0.698875,0.159059,4.88136,0.271727,0.0366511,0.0795923,16.846,-0.809085,91.0162,0.116243,-0.443719,-1.4701440259814262,-3.2029783725738525,0.0257538,177.8000030517578,,,,,,,154.1,4.402857142,154.1,4.402857142,,,,,,,,,,,,,,,,,,,"Spencer Steer","26323",668715
"Nick Yorke","PIT",5,21,19,5,3,1,0,0,2,2,1,0,5,0,0,0,,0,0,0.244609,0.0702341,0.244553,0.287194,0.300647,0.364752,0.292641,0.665399,0.120143,4.90107,0.311044,0.000571429,0.00508465,2.08388,-0.351306,84.1784,0.00565607,0.0974571,-0.37970044184476137,-0.05069100856781006,0.0255528,563.4500122070312,,,,,,,14.9,2.98,14.9,2.98,,,,,,,,,,,,,,,,,,,"Nick Yorke","27504",694377
"Justin Dean","LAD",5,23,20,4,3,1,0,0,3,2,2,0,7,0,0,0,,2,0,0.198179,0.0902613,0.312594,0.28875,0.279956,0.281791,0.255763,0.561747,0.0836123,7.34707,0.288947,-0.0000471681,0.129661,1.62673,-1.07733,60.7572,0.129614,0.443381,-0.9317327290773392,0.42439902387559414,0.0253522,999,,,,,,,15.1,3.02,15.1,3.02,,,,,,,,,,,,,,,,,,,"Justin Dean","25005",681909
"Owen Caissie","CHC",5,20,18,4,3,1,0,1,2,2,2,0,7,0,0,0,,0,0,0.241563,0.0947867,0.330174,0.287081,0.31962,0.383659,0.309542,0.703279,0.142096,3.93162,0.351906,-0.000158219,-0.0328629,2.27874,-0.0651278,99.5733,-0.0330211,0.0264658,-0.043023801408708096,-0.3689046110957861,0.0248332,741.4000244140625,,,,,,,22.7,4.54,22.7,4.54,,,,,,,,,,,,,,,,,,,"Owen Caissie","27496",683357
"Cam Devanney","PIT",5,21,19,4,3,1,0,0,2,2,2,0,6,0,0,0,,0,0,0.213553,0.073522,0.266331,0.276055,0.281059,0.348906,0.27843,0.629965,0.135352,3.57989,0.27235,-0.000260465,-0.0206165,1.84538,-0.589799,74.3865,-0.020877,0.055814,-0.6447273436933756,0.19161641597747803,0.023219,999,,,,,,,12.3,2.46,12.3,2.46,,,,,,,,,,,,,,,,,,,"Cam Devanney","sa1170010",687478
"Grant McCray","SFG",9,37,34,7,5,1,0,1,4,3,3,0,13,0,0,0,,1,0,0.217579,0.0735048,0.339368,0.216593,0.277079,0.364142,0.280445,0.641221,0.146563,7.19735,0.312767,-0.000186162,0.120954,3.37081,-0.997295,80.6166,0.120768,0,-0.7260764017701149,-0.2720679044723511,0.022607,731.6599731445312,,,,,,,28.4,3.155555555,28.4,3.155555555,,,,,,,,,,,,,,,,,,,"Grant McCray","25690",687529
"Nick Castellanos","PHI",38,165,153,39,25,8,0,6,19,21,9,0,38,1,1,0,,2,0,0.253618,0.0538026,0.230705,0.233209,0.29887,0.420737,0.310901,0.719607,0.167119,4.05539,0.300291,-0.164689,-0.0796854,18.9882,-0.356322,96.6483,-0.244375,-2.4922,-0.8928566128015518,-4.282781481742859,0.0225329,172.5399932861328,,,,,,,178.8,4.705263157,178.8,4.705263157,,,,,,,,,,,,,,,,,,,"Nick Castellanos","11737",592206
"Weston Wilson","PHI",2,11,9,2,1,0,0,0,1,1,1,0,3,0,0,0,,0,0,0.223364,0.0948484,0.286705,0.330823,0.29839,0.402909,0.305658,0.701299,0.179545,4.98973,0.279321,-0.000680426,0.00957542,1.17995,-0.0680842,93.0356,0.008895,-0.0920494,-0.07803825754672289,-0.054086390882730484,0.0221816,750.510009765625,,,,,,,5.2,2.6,5.2,2.6,,,,,,,,,,,,,,,,,,,"Weston Wilson","19358",642215
"Garrett Hampson","STL",6,26,23,5,4,1,0,0,2,2,2,0,7,0,0,0,,1,0,0.220207,0.080104,0.259225,0.309013,0.286063,0.308092,0.266273,0.594155,0.0878856,5.44684,0.295443,0.00227143,0.0426569,2.05169,-0.992284,69.7121,0.0449283,0.116786,-0.8771982863545418,0.20937830954790115,0.0186046,747.989990234375,,,,,,,15.8,2.633333333,15.8,2.633333333,,,,,,,,,,,,,,,,,,,"Garrett Hampson","19262",641658
"Jesus Rodriguez","SFG",2,6,6,1,1,0,0,0,1,0,0,0,1,0,0,0,,0,0,0.249262,0.0751099,0.20006,0.375438,0.30967,0.348942,0.291778,0.658611,0.0996796,5.25232,0.304269,0,-0.00219374,0.646441,-0.114264,88.4257,-0.00219374,-0.0683333,-0.09025639342144132,0.058209873735904694,0.0185008,999,,,,,,,-0.4,-0.2,-0.4,-0.2,,,,,,,,,,,,,,,,,,,"Jesus Rodriguez","sa3008916",683679
"Drew Gilbert","SFG",24,105,94,21,13,4,1,2,11,9,8,0,23,2,1,0,,1,0,0.219957,0.0791875,0.219436,0.360868,0.293404,0.352113,0.286109,0.645517,0.132156,4.55973,0.264126,-0.000265824,-0.0608402,9.9494,-2.32291,84.5191,-0.0611061,-0.239242,-1.9613195545971394,-1.3085319101810455,0.0156939,999,,,,,,,91.6,3.816666666,91.6,3.816666666,,,,,,,,,,,,,,,,,,,"Drew Gilbert","31545",687551
"Blaine Crim","COL",4,18,16,4,3,1,0,1,2,2,1,0,4,0,0,0,,0,0,0.254277,0.0711022,0.221953,0.320348,0.314481,0.433057,0.323644,0.747538,0.178779,2.65899,0.296132,-0.000269343,-0.0189051,2.22441,0.144361,93.8665,-0.0191744,0.0269343,-0.14677743799984455,-0.2894237246364355,0.0147822,999,,,,,,,21.7,5.425,21.7,5.425,,,,,,,,,,,,,,,,,,,"Blaine Crim","25714",688760
"Ildemaro Vargas","ARI",2,10,10,2,2,1,0,0,1,1,1,0,1,0,0,0,,0,0,0.233718,0.0558048,0.139607,0.399729,0.279895,0.330404,0.269268,0.610299,0.0966859,4.51406,0.263039,-0.000821053,-0.0106811,0.845812,-0.371779,68.3942,-0.0115022,0.146568,-0.3964014295488596,0.19595113396644592,0.0142911,999,,,,,,,7.1,3.55,7.1,3.55,,,,,,,,,,,,,,,,,,,"Ildemaro Vargas","13324",545121
"Luis Matos","SFG",5,23,21,5,3,1,0,1,2,2,1,0,4,0,0,0,,0,0,0.232446,0.0485344,0.15858,0.306055,0.276117,0.368903,0.281255,0.645021,0.136458,3.93371,0.252762,-0.00306879,0.0112617,2.10179,-0.602278,81.1747,0.00819287,0.0563149,-0.5009486339986324,-0.11451838538050652,0.0142446,570.9000244140625,,,,,,,22.3,4.46,22.3,4.46,,,,,,,,,,,,,,,,,,,"Luis Matos","26467",682641
"Enrique Hernández","LAD",3,12,11,2,2,1,0,0,1,1,1,0,3,0,0,0,,0,0,0.221106,0.0775246,0.212999,0.363967,0.285234,0.366394,0.286304,0.651628,0.145289,2.80287,0.255862,0.00290437,-0.0160926,1.18239,-0.273646,81.8007,-0.0131882,0.0156733,-0.27822469640523195,0.009346134960651398,0.014093,556.4500122070312,,,,,,,6.1,2.033333333,6.1,2.033333333,,,,,,,,,,,,,,,,,,,"Enrique Hernandez","10472",571771
"Orlando Arcia","COL",7,28,26,6,4,1,0,1,2,3,2,0,6,0,0,0,,0,0,0.244821,0.0673952,0.194931,0.34574,0.29726,0.389786,0.299822,0.687047,0.144966,2.43573,0.280015,-0.00735817,-0.0334636,3.01268,-0.315403,77.4523,-0.0408217,-0.000807527,-0.7913663946092129,-0.0008075234945863485,0.0139699,462.8599853515625,,,,,,,25.9,3.7,25.9,3.7,,,,,,,,,,,,,,,,,,,"Orlando Arcia","13185",606115
"Johan Rojas","PHI",2,7,7,2,1,0,0,0,1,1,0,0,1,0,0,0,,0,0,0.238632,0.0492039,0.211068,0.233118,0.281572,0.33932,0.272965,0.620892,0.100689,7.4794,0.294699,0.00104663,0.0505333,0.599169,-0.232852,70.5088,0.05158,0.0707013,-0.19383813813328743,0.09600995108485222,0.0137867,581.510009765625,,,,,,,4.2,2.1,4.2,2.1,,,,,,,,,,,,,,,,,,,"Johan Rojas","24336",679032
"Esteury Ruiz","LAD",1,4,3,1,0,0,0,0,0,0,0,0,1,0,0,0,,0,0,0.235434,0.0767042,0.230012,0.333479,0.312501,0.363386,0.299933,0.675887,0.127953,6.84818,0.291973,0.000279149,0.0346134,0.3769,-0.0391099,91.1917,0.0348926,0.0287058,-0.001757558435201645,0.016051496379077435,0.0133862,595.2899780273438,,,,,,,2.6,2.6,2.6,2.6,,,,,,,,,,,,,,,,,,,"Esteury Ruiz","21780",665923
"Jorge Barrosa","ARI",5,21,19,4,3,1,0,0,2,2,2,0,5,0,0,0,,0,0,0.224119,0.0803019,0.225534,0.356052,0.290644,0.323136,0.273721,0.61378,0.0990177,5.02407,0.284829,-0.00028,-0.00334804,1.76635,-0.668831,71.4623,-0.00362804,0.19508,-0.6986995555926114,0.14569729566574097,0.0129581,999,,,,,,,12.3,2.46,12.3,2.46,,,,,,,,,,,,,,,,,,,"Jorge Barrosa","23968",678489
"Liover Peguero","PIT",25,109,101,23,16,5,0,2,10,9,6,0,27,0,1,1,,3,1,0.228767,0.0558158,0.25089,0.222471,0.272705,0.34476,0.270418,0.617465,0.115994,5.21243,0.290732,0.000333775,0.165499,8.98235,-3.80236,68.8659,0.165833,0.129171,-3.815295487642288,0.36991162598133087,0.0123424,999,,,,,,,82,3.28,82,3.28,,,,,,,,,,,,,,,,,,,"Liover Peguero","24273",678894
"Tim Tawa","ARI",2,10,9,2,1,0,0,0,1,1,1,0,3,0,0,0,,0,0,0.219146,0.0714261,0.257315,0.277583,0.278112,0.372827,0.284488,0.650939,0.153681,4.66727,0.267954,-0.000201399,0.00523797,0.973521,-0.24407,78.881,0.00503657,0.0671329,-0.2521535074338317,0.03009583055973053,0.0120715,999,,,,,,,5.2,2.6,5.2,2.6,,,,,,,,,,,,,,,,,,,"Tim Tawa","29571",694374
"Christian Franklin","WSN",1,4,3,1,0,0,0,0,0,0,0,0,1,0,0,0,,0,0,0.233775,0.119426,0.248458,0.48067,0.335382,0.356447,0.310381,0.691829,0.122672,5.21965,0.305221,-0.0000150459,-0.00100978,0.406856,-0.00915448,97.9935,-0.00102483,0.0188073,-0.009373554028570652,-0.019155623391270638,0.00898733,999,,,,,,,2.6,2.6,2.6,2.6,,,,,,,,,,,,,,,,,,,"Christian Franklin","sa3017510",681047
"Brett Wisely","SFG",1,5,5,1,1,0,0,0,1,0,0,0,1,0,0,0,,0,0,0.224441,0.0748534,0.243178,0.307814,0.285334,0.335394,0.275024,0.620727,0.110952,4.68253,0.285235,-0.000433208,0.0010443,0.458232,-0.165783,76.8813,0.000611094,0.0279032,-0.14367929403670132,0.04688468761742115,0.00793395,749.219970703125,,,,,,,0.6,0.6,0.6,0.6,,,,,,,,,,,,,,,,,,,"Brett Wisely","27735",689172
"Will Wagner","SDP",1,5,5,1,1,0,0,0,1,0,1,0,1,0,0,0,,0,0,0.237685,0.094723,0.201518,0.470048,0.314575,0.329625,0.289036,0.6442,0.0919399,3.66033,0.292399,-0.0007585,-0.00625563,0.51849,-0.105526,87.0565,-0.00701413,0.00315017,-0.08779843058437109,-0.015831314492970705,0.00723183,526.3900146484375,,,,,,,3.6,3.6,3.6,3.6,,,,,,,,,,,,,,,,,,,"Will Wagner","29634",695238
"Luis Campusano","SDP",1,5,5,1,1,0,0,0,1,1,0,0,1,0,0,0,,0,0,0.237718,0.0866466,0.209105,0.414369,0.307974,0.393496,0.30705,0.70147,0.155778,2.63659,0.273601,-0.00173171,-0.00679376,0.578933,-0.0272532,99.4691,-0.00852547,-0.0176246,-0.011744249612092972,-0.07456904649734497,0.00722656,431.79998779296875,,,,,,,0.6,0.6,0.6,0.6,,,,,,,,,,,,,,,,,,,"Luis Campusano","22217",669134
"Brandon Lockridge","MIL",5,20,18,4,3,1,0,0,2,1,2,0,6,0,0,0,,1,0,0.217955,0.0797088,0.281218,0.283442,0.285725,0.302421,0.264416,0.588146,0.0844662,6.49342,0.302077,-0.00189695,0.148144,1.54981,-0.794054,67.6835,0.146247,0.136519,-0.6113461405038834,0.02633427083492279,0.00705388,737.8499755859375,,,,,,,15.2,3.04,15.2,3.04,,,,,,,,,,,,,,,,,,,"Brandon Lockridge","21496",663604
"Ji Hwan Bae","PIT",1,3,3,1,1,0,0,0,0,0,0,0,1,0,0,0,,0,0,0.246157,0.088663,0.235431,0.376599,0.316479,0.336381,0.291488,0.65286,0.0902248,6.48573,0.322316,0.000896,0.0106117,0.344088,-0.0617758,83.3839,0.0115077,-0.003008,-0.055943259969353676,0.009337679017335176,0.00683981,739.989990234375,,,,,,,2.6,2.6,2.6,2.6,,,,,,,,,,,,,,,,,,,"Ji Hwan Bae","23818",678225
"José Fermín","STL",1,3,3,1,0,0,0,0,0,0,0,0,0,0,0,0,,0,0,0.235208,0.0977694,0.133335,0.733261,0.323854,0.339293,0.298316,0.663147,0.104085,4.95575,0.261521,-0.00017931,0.00489251,0.363186,-0.0426782,91.7909,0.0047132,-0.0310414,-0.02861067047342658,-0.01869569905102253,0.00676783,750.719970703125,,,,,,,2.6,2.6,2.6,2.6,,,,,,,,,,,,,,,,,,,"Jose Fermin","21746",665877
"Michael Siani","STL",2,7,6,1,1,0,0,0,1,0,1,0,2,0,0,0,,0,0,0.21141,0.0870524,0.25428,0.342349,0.283963,0.302143,0.263639,0.586106,0.0907334,6.14855,0.279296,0.00016,0.0199023,0.532383,-0.279344,67.8971,0.0200623,0.0475111,-0.240573363378644,0.07220247015357018,0.00595912,674.9600219726562,,,,,,,2.6,1.3,2.6,1.3,,,,,,,,,,,,,,,,,,,"Michael Siani","22557",672279
"Tristin English","ARI",2,7,6,2,1,0,0,0,1,1,0,0,2,0,0,0,,0,0,0.233087,0.0458908,0.238159,0.19269,0.278601,0.369198,0.283178,0.647799,0.136111,2.1936,0.283028,-0.0000296296,-0.00783365,0.641687,-0.170041,77.9784,-0.00786328,0.0918518,-0.18665098398923874,0.01777777075767517,0.00590752,999,,,,,,,5.2,2.6,5.2,2.6,,,,,,,,,,,,,,,,,,,"Tristin English","26148",663536
"Luisangel Acuña","NYM",1,5,5,1,1,0,0,0,1,0,0,0,1,0,0,0,,0,0,0.231511,0.0559739,0.218986,0.255605,0.274682,0.318995,0.262199,0.593676,0.0874843,6.42765,0.2882,0.0000878571,0.0253447,0.403076,-0.220939,68.5983,0.0254326,0.0199122,-0.1705546360462904,0.05154799483716488,0.0056523,417.0899963378906,,,,,,,0.6,0.6,0.6,0.6,,,,,,,,,,,,,,,,,,,"Luisangel Acuna","26548",682668
"Connor Joe","CIN",1,5,5,1,1,0,0,0,1,0,1,0,1,0,0,0,,0,0,0.226046,0.104076,0.230782,0.45097,0.31585,0.363768,0.302375,0.679618,0.137722,4.05269,0.278219,0.000468874,-0.00763728,0.561808,-0.0469876,87.8814,-0.00716841,0.0254066,-0.08095952542498708,-0.04249461740255356,0.00475943,650.75,,,,,,,3.6,3.6,3.6,3.6,,,,,,,,,,,,,,,,,,,"Connor Joe","16572",656582
"Justin Turner","CHC",14,60,53,13,9,2,0,1,6,6,5,0,11,1,0,0,,0,0,0.23805,0.0900849,0.182866,0.492627,0.316636,0.352366,0.298102,0.669001,0.114315,2.80455,0.275432,-0.0848467,-0.0717506,6.28183,-0.749764,91.6906,-0.156597,0.00317333,-0.7409861534833908,-1.1829377592075616,0.00381319,537.5399780273438,,,,,,,53,3.785714285,53,3.785714285,,,,,,,,,,,,,,,,,,,"Justin Turner","5235",457759
"Nasim Nuñez","WSN",2,7,6,1,1,0,0,0,1,0,1,0,2,0,0,0,,1,0,0.21195,0.106677,0.246709,0.432399,0.297186,0.260455,0.25751,0.557642,0.0485059,6.01898,0.288743,-0.000300131,0.0738843,0.51055,-0.321471,61.5633,0.0735842,0.0130557,-0.24627520143985748,0.051018647849559784,0.00377875,744.4199829101562,,,,,,,4.5,2.25,4.5,2.25,,,,,,,,,,,,,,,,,,,"Nasim Nunez","25979",683083
"Justin Crawford","PHI",1,4,3,1,1,0,0,0,0,0,0,0,1,0,0,0,,0,0,0.255063,0.0614003,0.231617,0.265094,0.30118,0.341024,0.283573,0.642204,0.0859613,6.98627,0.330175,-0.0000141379,0.0176747,0.329997,-0.0860138,77.8179,0.0176606,0.00777586,-0.07463622651994228,-0.004878458101302385,0.00375003,999,,,,,,,2.6,2.6,2.6,2.6,,,,,,,,,,,,,,,,,,,"Justin Crawford","sa3020240",702222
"Kevin Alcántara","CHC",0,2,2,0,0,0,0,0,0,0,0,0,1,0,0,0,,0,0,0.227651,0.0721631,0.316488,0.228012,0.284001,0.375527,0.287926,0.659528,0.147876,4.82186,0.310472,-0.00000595745,0.0000430728,0.175416,-0.0376629,84.6791,0.0000371154,0.00251106,-0.03261435746026109,0.008992545073851943,0.00367782,706.3300170898438,,,,,,,-2,,-2,,,,,,,,,,,,,,,,,,,,"Kevin Alcantara","25971",682634
"Bryce Johnson","SDP",2,7,6,1,1,0,0,0,1,0,1,0,2,0,0,0,,0,0,0.21717,0.0838039,0.280145,0.299145,0.293975,0.298284,0.268244,0.592259,0.0811136,6.37686,0.304515,0.0000290266,0.0215858,0.572099,-0.259921,72.7301,0.0216149,0.0320888,-0.2053180243819952,0.006780209019780159,0.00344169,999,,,,,,,2.6,1.3,2.6,1.3,,,,,,,,,,,,,,,,,,,"Bryce Johnson","20002",669369
"Joey Wiemer","MIA",4,16,14,3,2,1,0,0,1,1,1,0,5,0,0,0,,0,0,0.211623,0.0901674,0.288353,0.312698,0.289597,0.347166,0.282881,0.636763,0.135542,4.39611,0.279375,-0.000844118,0.0202904,1.47606,-0.395984,77.5149,0.0194463,0.0308947,-0.40156253054738045,-0.08932134322822094,0.00320621,749.469970703125,,,,,,,8.7,2.175,8.7,2.175,,,,,,,,,,,,,,,,,,,"Joey Wiemer","27690",686894
"Maximo Acosta","MIA",1,5,5,1,1,0,0,0,0,0,0,0,1,0,0,0,,0,0,0.222074,0.057601,0.256309,0.224733,0.271781,0.322605,0.262788,0.594386,0.10053,5.37826,0.288488,-0.0000977483,0.0141023,0.405609,-0.218407,63.6696,0.0140046,0.0252517,-0.21274410095065832,0.06954177469015121,0.00316688,999,,,,,,,0.6,0.6,0.6,0.6,,,,,,,,,,,,,,,,,,,"Maximo Acosta","sa3014711",691185
"Eric Haase","MIL",0,2,2,0,0,0,0,0,0,0,0,0,1,0,0,0,,0,0,0.210594,0.0715943,0.341622,0.209572,0.271177,0.366076,0.279164,0.637252,0.155481,3.02281,0.289786,-0.000743363,-0.00161526,0.148616,-0.0461984,77.8456,-0.00235863,-0.00876796,-0.04552651825360954,0.023639442399144173,0.00298199,706.9500122070312,,,,,,,-2,,-2,,,,,,,,,,,,,,,,,,,,"Eric Haase","14111",606992
"Rece Hinds","CIN",0,2,2,0,0,0,0,0,0,0,0,0,1,0,0,0,,0,0,0.226462,0.0546277,0.35364,0.154472,0.274077,0.440373,0.305371,0.714449,0.21391,5.62414,0.305101,0.00000661157,0.0019885,0.19146,-0.0114719,89.946,0.00199512,0.00862149,-0.018411288503557444,-0.00989703182131052,0.00290573,743.4600219726562,,,,,,,-2,,-2,,,,,,,,,,,,,,,,,,,,"Rece Hinds","27493",677956
"Ben Rortvedt","LAD",0,2,1,0,0,0,0,0,0,0,0,0,0,0,0,0,,0,0,0.204147,0.0926157,0.278704,0.332309,0.286175,0.317377,0.271403,0.603552,0.113231,3.21029,0.270515,0.0000634839,-0.00180421,0.134905,-0.0552709,71.5335,-0.00174073,-0.00539613,-0.05588716815691441,0.026239673141390085,0.00285488,699.25,,,,,,,-1,,-1,,,,,,,,,,,,,,,,,,,,"Ben Rortvedt","20287",666163
"Jarred Kelenic","ATL",1,4,3,1,0,0,0,0,0,0,0,0,1,0,0,0,,0,0,0.224635,0.080189,0.292688,0.273974,0.288505,0.386691,0.294595,0.675195,0.162056,5.18391,0.292623,0.0006,-0.000731624,0.361599,-0.0544113,87.0766,-0.000131624,0.001985,-0.053903957741567865,-0.03597796196117997,0.00268509,502.82000732421875,,,,,,,2.6,2.6,2.6,2.6,,,,,,,,,,,,,,,,,,,"Jarred Kelenic","22558",672284
"Ryan Vilade","CIN",0,2,2,0,0,0,0,0,0,0,0,0,0,0,0,0,,0,0,0.233396,0.0792133,0.245029,0.323282,0.299707,0.363526,0.292378,0.663232,0.13013,4.69786,0.293592,0.0000032,-0.00110747,0.173288,-0.029644,80.9929,-0.00110427,0.0252224,-0.03968279028777033,0.006703881546854973,0.00242596,999,,,,,,,-2,,-2,,,,,,,,,,,,,,,,,,,,"Ryan Vilade","22165",668723
"Blake Dunn","CIN",0,2,2,0,0,0,0,0,0,0,0,0,1,0,0,0,,0,0,0.215634,0.0863805,0.294067,0.293744,0.305409,0.310795,0.28008,0.616205,0.0951614,5.36661,0.304401,-0.000110843,0.00485402,0.156089,-0.046843,72.5192,0.00474317,0.0107301,-0.05103432899340987,0.016902959439903498,0.00230758,743.5,,,,,,,-2,,-2,,,,,,,,,,,,,,,,,,,,"Blake Dunn","29487",694362
"Garrett Stubbs","PHI",1,3,3,1,0,0,0,0,0,0,0,0,1,0,0,0,,0,0,0.21662,0.080875,0.251031,0.322172,0.290062,0.309055,0.269806,0.599117,0.0924346,4.44577,0.283292,0.0000361765,-0.000599757,0.265625,-0.114727,68.3322,-0.000563581,-0.0226465,-0.12103490915615112,0.040625132620334625,0.00184477,999,,,,,,,2.6,2.6,2.6,2.6,,,,,,,,,,,,,,,,,,,"Garrett Stubbs","18067",596117
"Jared Young","NYM",0,2,2,0,0,0,0,0,0,0,0,0,0,0,0,0,,0,0,0.229913,0.0886562,0.246598,0.359517,0.308866,0.404283,0.311511,0.713149,0.17437,4.94408,0.275278,-0.0000109821,-0.00149969,0.205048,-0.00295701,102.577,-0.00151068,-0.0168063,0.003849731059744954,-0.04844214208424091,0.00137835,750.719970703125,,,,,,,-2,,-2,,,,,,,,,,,,,,,,,,,,"Jared Young","20404",676724
"Matt Koperniak","STL",0,2,2,0,0,0,0,0,0,0,0,0,0,0,0,0,,0,0,0.238231,0.0566499,0.21324,0.265663,0.28618,0.351728,0.280547,0.637908,0.113496,3.88672,0.286394,-0.0000558824,-0.00156227,0.156743,-0.0461889,79.5477,-0.00161815,0.0182353,-0.043129909434355795,-0.00028322450816631317,0.00135415,999,,,,,,,-2,,-2,,,,,,,,,,,,,,,,,,,,"Matt Koperniak","sa3014834",689288
"Oliver Dunn","MIL",0,2,2,0,0,0,0,0,0,0,0,0,1,0,0,0,,0,0,0.18906,0.0956532,0.356019,0.268674,0.275133,0.308376,0.262828,0.583509,0.119316,6.07567,0.287416,-0.0000148235,0.00245557,0.13856,-0.0745188,66.5892,0.00244075,0.0159773,-0.06876345816999674,0.022458776365965605,0.0013478,638.4099731445312,,,,,,,-2,,-2,,,,,,,,,,,,,,,,,,,,"Oliver Dunn","26295",686554
"Tirso Ornelas","SDP",0,2,2,0,0,0,0,0,0,0,0,0,0,0,0,0,,0,0,0.228483,0.0741521,0.226645,0.327173,0.287723,0.348141,0.280692,0.635864,0.119658,3.45738,0.279045,-0.0000749714,-0.00111928,0.160869,-0.0471359,81.3073,-0.00119425,0.0128857,-0.040083063882775605,-0.006095767021179199,0.00121539,522.2899780273438,,,,,,,-2,,-2,,,,,,,,,,,,,,,,,,,,"Tirso Ornelas","22566",672359
"Victor Mesa Jr.","MIA",1,4,3,1,1,0,0,0,0,0,0,0,1,0,0,0,,0,0,0.226716,0.050808,0.233876,0.217243,0.266769,0.343436,0.266624,0.610205,0.11672,4.28507,0.280581,0,-0.00112182,0.281406,-0.134605,66.3133,-0.00112182,0.0238657,-0.14128749584779143,0.03651999309659004,0.00115602,999,,,,,,,2.6,2.6,2.6,2.6,,,,,,,,,,,,,,,,,,,"Victor Mesa Jr.","25999",683748
"Mason McCoy","SDP",0,2,2,0,0,0,0,0,0,0,0,0,1,0,0,0,,0,0,0.190296,0.0668124,0.315635,0.211676,0.246338,0.28326,0.236481,0.529597,0.0929643,5.97052,0.271247,0.0000126154,0.00415987,0.0974921,-0.110513,50.8439,0.00417248,0.0305702,-0.09809349942952394,0.0495517123490572,0.000972663,999,,,,,,,-2,,-2,,,,,,,,,,,,,,,,,,,,"Mason McCoy","22232",669200
"Sandy León","ATL",1,3,3,1,0,0,0,0,0,0,0,0,1,0,0,0,,0,0,0.180872,0.0874325,0.323684,0.270117,0.258463,0.282287,0.244836,0.54075,0.101415,2.68628,0.255855,-0.0000431579,-0.00358858,0.200171,-0.180182,52.7899,-0.00363174,0.0172092,-0.18322924780659378,0.08048081584274769,0.000344108,999,,,,,,,2.6,2.6,2.6,2.6,,,,,,,,,,,,,,,,,,,"Sandy Leon","5273",506702
"Tsung-Che Cheng","PIT",1,3,3,1,0,0,0,0,0,0,0,0,1,0,0,0,,0,0,0.208819,0.0878621,0.255331,0.344111,0.281455,0.297741,0.260589,0.579197,0.088922,6.10541,0.27944,0,0.0049271,0.257659,-0.148204,62.0928,0.0049271,0.0142857,-0.14895249623805285,0.038977072574198246,0.000330377,999,,,,,,,2.6,2.6,2.6,2.6,,,,,,,,,,,,,,,,,,,"Tsung-Che Cheng","28344",691907
"Wade Meckler","SFG",0,2,2,0,0,0,0,0,0,0,0,0,0,0,0,0,,0,0,0.236292,0.0949907,0.232156,0.409168,0.308093,0.311325,0.27895,0.619418,0.0750329,4.51054,0.30917,0.0000559091,-0.00117498,0.158372,-0.049633,79.5866,-0.00111907,-0.0180475,-0.04358774609863758,-0.011720295064151287,0.000277624,999,,,,,,,-2,,-2,,,,,,,,,,,,,,,,,,,,"Wade Meckler","31490",685133
"Hayden Senger","NYM",0,2,1,0,0,0,0,0,0,0,0,0,0,0,0,0,,0,0,0.198375,0.0557456,0.305575,0.182428,0.256262,0.297292,0.247131,0.553554,0.0989167,4.24112,0.27672,-0.000116477,-0.00145143,0.103094,-0.0870825,58.2159,-0.00156791,-0.00232955,-0.08104592410381883,0.02930625667795539,0.000133406,999,,,,,,,-1,,-1,,,,,,,,,,,,,,,,,,,,"Hayden Senger","21489",663584
"Tyler Black","MIL",0,2,2,0,0,0,0,0,0,0,0,0,0,0,0,0,,0,0,0.210061,0.114104,0.254835,0.447758,0.311253,0.325132,0.287722,0.636385,0.115071,6.73059,0.275084,-0.000114545,0.00434181,0.175116,-0.0379622,83.7425,0.00422726,0.00463364,-0.030420279130339622,-0.02777377050369978,0.000126509,666.6199951171875,,,,,,,-2,,-2,,,,,,,,,,,,,,,,,,,,"Tyler Black","29949",672012
"Billy Cook","PIT",2,10,9,2,1,0,0,0,1,1,1,0,3,0,0,0,,0,0,0.215645,0.0625487,0.298372,0.209633,0.272939,0.346408,0.272528,0.619347,0.130764,5.69335,0.289709,-0.000357764,0.0198517,0.873165,-0.344426,70.3196,0.019494,0.125352,-0.34195762127637863,0.0018947571516036987,-0.0000501118,720.0700073242188,,,,,,,5.2,2.6,5.2,2.6,,,,,,,,,,,,,,,,,,,"Billy Cook","29573",695257
"Darren Baker","WSN",1,5,5,1,1,0,0,0,0,0,0,0,1,0,0,0,,0,0,0.242788,0.0622912,0.207645,0.299989,0.289323,0.29155,0.260181,0.580873,0.0487623,5.23138,0.310572,-0.000159618,0.0132791,0.394396,-0.229619,63.4033,0.0131195,0.0198208,-0.21529117599129677,0.03880232200026512,-0.000252351,999,,,,,,,0.6,0.6,0.6,0.6,,,,,,,,,,,,,,,,,,,"Darren Baker","29912",671117
"Drew Romo","COL",3,11,11,3,2,1,0,0,1,1,0,0,3,0,0,0,,0,0,0.238473,0.0399715,0.236996,0.168659,0.272998,0.354829,0.273574,0.627826,0.116356,4.44005,0.297734,0,-0.00377205,0.964256,-0.366978,59.3658,-0.00377205,-0.0593685,-0.5448063905350864,0.16208208352327347,-0.000629448,699.260009765625,,,,,,,8.7,2.9,8.7,2.9,,,,,,,,,,,,,,,,,,,"Drew Romo","27763",691011
"Cal Stevenson","PHI",0,2,2,0,0,0,0,0,0,0,0,0,0,0,0,0,,0,0,0.213015,0.12875,0.243926,0.527823,0.314623,0.303911,0.282255,0.618534,0.0908958,5.69473,0.280726,-0.000149683,0.00382521,0.16311,-0.0448953,76.9102,0.00367553,-0.00226476,-0.044361277017742395,-0.021246242802590132,-0.000780353,999,,,,,,,-2,,-2,,,,,,,,,,,,,,,,,,,,"Cal Stevenson","22411",670276
"Will Banfield","CIN",0,2,1,0,0,0,0,0,0,0,0,0,0,0,0,0,,0,0,0.205688,0.0359959,0.294237,0.122336,0.237513,0.327856,0.245767,0.565369,0.122168,2.46575,0.268677,-0.0000038835,-0.00151069,0.0988352,-0.0867025,48.8762,-0.00151457,0.0023301,-0.09638574765995145,0.03319429489783943,-0.00117582,999,,,,,,,-1,,-1,,,,,,,,,,,,,,,,,,,,"Will Banfield","sa3007973",677943
"Marco Luciano","SFG",4,18,16,3,2,1,0,1,2,2,2,0,6,0,0,0,,0,0,0.209769,0.105966,0.323981,0.327076,0.294969,0.359296,0.289822,0.654265,0.149527,3.75376,0.289283,0.000571312,-0.0138892,1.73956,-0.340491,87.0773,-0.0133179,-0.124378,-0.28216588869690895,-0.3141926899552345,-0.00166936,732.5900268554688,,,,,,,19.1,4.775,19.1,4.775,,,,,,,,,,,,,,,,,,,"Marco Luciano","25616",682617
"Jonathan Ornelas","ATL",1,5,5,1,1,0,0,0,1,0,0,0,2,0,0,0,,0,0,0.208428,0.0749398,0.28334,0.264487,0.274909,0.279927,0.251178,0.554836,0.0714992,4.58501,0.289912,-0.0000845038,-0.00188551,0.35568,-0.268335,57.16,-0.00197001,0.0343931,-0.26934703113511205,0.07868317514657974,-0.00170843,999,,,,,,,0.6,0.6,0.6,0.6,,,,,,,,,,,,,,,,,,,"Jonathan Ornelas","24597",680716
"Trey Lipscomb","WSN",2,9,8,2,1,0,0,0,1,1,0,0,2,0,0,0,,0,0,0.228996,0.0478464,0.229849,0.208165,0.268043,0.326282,0.261479,0.594324,0.0972859,4.29923,0.286036,-0.000224658,0.00039844,0.666634,-0.373392,64.298,0.000173782,0.0269449,-0.37120401397987735,0.05858066491782665,-0.00231839,750.1599731445312,,,,,,,3.2,1.6,3.2,1.6,,,,,,,,,,,,,,,,,,,"Trey Lipscomb","31567",702358
"Vidal Bruján","ATL",8,34,30,7,5,1,0,0,4,3,3,0,7,0,0,0,,1,1,0.221073,0.0819623,0.209514,0.391203,0.290776,0.325245,0.275051,0.616021,0.104172,5.83413,0.270845,0.00501217,-0.0266684,2.90286,-1.04923,73.6096,-0.0216563,-0.125365,-1.06482052244246,-0.06842019781470299,-0.00318815,693.4500122070312,,,,,,,20.2,2.525,20.2,2.525,,,,,,,,,,,,,,,,,,,"Vidal Brujan","20536",660644
"Carlos Rodríguez","ATL",0,2,2,0,0,0,0,0,0,0,0,0,0,0,0,0,,0,0,0.239211,0.0724415,0.177967,0.407049,0.292953,0.296248,0.264264,0.589201,0.0570377,5.16899,0.291525,-0.00000630769,-0.000322086,0.137319,-0.0706862,66.1769,-0.000328394,0,-0.07069508158019744,-0.018981480970978737,-0.00325276,999,,,,,,,-2,,-2,,,,,,,,,,,,,,,,,,,,"Carlos Rodriguez","sa3005478",677578
"Brett Sullivan","PIT",1,3,3,1,0,0,0,0,0,0,0,0,1,0,0,0,,0,0,0.207414,0.0585612,0.191551,0.305722,0.25613,0.306329,0.248609,0.56246,0.0989151,4.37567,0.2463,-0.0000740741,-0.00201534,0.20494,-0.166136,53.8387,-0.00208941,-0.0220889,-0.17341394699178636,0.03963950648903847,-0.00331346,999,,,,,,,2.6,2.6,2.6,2.6,,,,,,,,,,,,,,,,,,,"Brett Sullivan","18217",664954
"Ronny Simon","PIT",5,21,19,4,3,1,0,0,2,2,2,0,5,0,0,0,,1,0,0.232487,0.0743923,0.219311,0.339209,0.291259,0.349712,0.282553,0.640971,0.117226,5.80915,0.284938,-0.000371831,0.0284231,1.91457,-0.520614,77.227,0.0280513,-0.0743662,-0.5266133807599545,-0.19782298803329468,-0.00465188,999,,,,,,,14.2,2.84,14.2,2.84,,,,,,,,,,,,,,,,,,,"Ronny Simon","25346",682927
"Connor Kaiser","ARI",5,21,18,3,2,1,0,0,2,2,2,0,7,0,0,0,,0,0,0.18723,0.0943838,0.320021,0.29493,0.269729,0.288975,0.253009,0.558704,0.101745,4.80679,0.272759,-0.0000510638,-0.00649918,1.41875,-1.01644,57.1907,-0.00655024,0.203643,-1.0492263338528574,0.30240797996520996,-0.00695098,999,,,,,,,7.7,1.54,7.7,1.54,,,,,,,,,,,,,,,,,,,"Connor Kaiser","21535",663731
"Bryce Eldridge","SFG",4,16,15,3,2,1,0,1,2,2,1,0,5,0,0,0,,0,0,0.226128,0.0686164,0.331441,0.207025,0.278792,0.402109,0.294362,0.680901,0.175981,1.9717,0.30181,-0.000548513,-0.0179678,1.62419,-0.247861,90.206,-0.0185163,-0.0554054,-0.20189836807549,-0.4033992253243923,-0.00854652,999,,,,,,,17.1,4.275,17.1,4.275,,,,,,,,,,,,,,,,,,,"Bryce Eldridge","sa3022757",805811
"Aaron Schunk","COL",7,32,30,7,5,1,0,0,3,2,1,0,8,0,0,0,,0,0,0.235539,0.0373731,0.247178,0.151199,0.266493,0.350041,0.268098,0.616534,0.114502,4.97254,0.300227,-0.0000625424,-0.0234092,2.57067,-1.17342,55.5927,-0.0234718,0.379194,-1.6864258740097284,0.5310462564229965,-0.0114212,999,,,,,,,15.1,2.157142857,15.1,2.157142857,,,,,,,,,,,,,,,,,,,"Aaron Schunk","25524",668845
"Luke Williams","ATL",5,23,21,4,3,1,0,0,2,2,2,0,7,0,0,0,,1,0,0.207941,0.0695228,0.285233,0.243741,0.265936,0.304848,0.254253,0.570783,0.0969069,6.06372,0.281983,-0.000873017,0.0807622,1.5986,-1.10547,59.2792,0.0798892,0.120614,-1.0214291885495186,0.152250025421381,-0.011817,999,,,,,,,12.2,2.44,12.2,2.44,,,,,,,,,,,,,,,,,,,"Luke Williams","19931",663897
"Dominic Smith","SFG",13,57,51,12,8,2,0,1,5,5,4,0,12,1,0,0,,0,0,0.233442,0.0739446,0.213563,0.346243,0.29843,0.349407,0.287222,0.647837,0.115964,3.33949,0.282445,-0.000215082,-0.0583139,5.44737,-1.2088,85.2864,-0.058529,0.14807,-1.0380698554217815,-1.0161270648241043,-0.0203238,729.5,,,,,,,46.4,3.569230769,46.4,3.569230769,,,,,,,,,,,,,,,,,,,"Dominic Smith","15653",642086
"Deyvison De Los Santos","MIA",12,53,50,12,8,2,0,2,5,6,2,0,15,0,0,0,,0,0,0.241925,0.0421084,0.288153,0.146132,0.275358,0.406921,0.293853,0.682278,0.164996,3.36719,0.305787,-0.00139905,-0.0279769,5.39208,-0.848078,85.0753,-0.0293759,0.102597,-0.9608709961175919,-1.0742547065019608,-0.0302826,493.6499938964844,,,,,,,47.8,3.983333333,47.8,3.983333333,,,,,,,,,,,,,,,,,,,"Deyvison De Los Santos","sa3015168",691277
"Adael Amador","COL",25,108,96,22,15,4,0,2,9,8,10,0,21,1,1,0,,4,1,0.231878,0.0906935,0.192913,0.470127,0.306396,0.353281,0.293082,0.659677,0.121404,4.4171,0.271084,-0.0129751,0.0810014,10.8964,-1.79188,72.8078,0.0680262,-0.846203,-3.3828330636024475,-0.4602462351322174,-0.0312709,698.22998046875,,,,,,,95.4,3.816,95.4,3.816,,,,,,,,,,,,,,,,,,,"Adael Amador","27962",691182
"Zac Veen","COL",9,41,37,9,6,2,0,1,4,3,3,0,10,0,0,0,,2,0,0.239015,0.0767815,0.256483,0.299363,0.300904,0.372637,0.295598,0.673541,0.133622,6.58482,0.30882,0,0.146072,4.19145,-0.592672,74.5415,0.146072,-0.0311831,-1.0721156746149063,-0.5943003669381142,-0.0341209,999,,,,,,,41.4,4.6,41.4,4.6,,,,,,,,,,,,,,,,,,,"Zac Veen","27770",691728
"Michael Toglia","COL",7,32,29,6,4,1,0,1,3,3,3,0,10,0,0,0,,0,0,0.218592,0.0915703,0.322265,0.284146,0.291559,0.409048,0.304592,0.700607,0.190456,4.04786,0.287355,0.0112176,-0.0182557,3.51234,-0.231751,80.7389,-0.00703806,-0.0151142,-0.7283237595111132,-0.660484604537487,-0.0353993,182.07000732421875,,,,,,,25.9,3.7,25.9,3.7,,,,,,,,,,,,,,,,,,,"Michael Toglia","25845",669911
"Javier Sanoja","MIA",21,90,85,21,15,4,1,1,8,6,4,0,12,0,1,0,,2,1,0.242822,0.0458268,0.131632,0.348144,0.275672,0.334866,0.266984,0.610538,0.0920436,5.30417,0.272086,-0.00339916,-0.0675474,7.20215,-3.40611,66.5612,-0.0709466,-0.151005,-3.618868701159954,0.28556884825229645,-0.0384951,738.0499877929688,,,,,,,72.3,3.442857142,72.3,3.442857142,,,,,,,,,,,,,,,,,,,"Javier Sanoja","28253",691594
"Andrew McCutchen","PIT",28,121,106,24,16,5,0,3,12,11,14,0,29,1,1,0,,1,0,0.226237,0.113016,0.236048,0.478784,0.318585,0.366556,0.304705,0.68514,0.140319,2.77682,0.276144,-0.15857,-0.17966,13.337,-0.86822,92.4911,-0.33823,0,-1.4050808548927307,-2.975308656692505,-0.0430075,589.6199951171875,,,,,,,118,4.214285714,118,4.214285714,,,,,,,,,,,,,,,,,,,"Andrew McCutchen","9847",457705
"Adrian Del Castillo","ARI",24,104,94,21,13,5,0,3,12,11,9,0,29,1,1,0,,0,0,0.225896,0.0841728,0.274249,0.306921,0.295342,0.384271,0.297588,0.679613,0.158376,3.17404,0.28917,-0.0165396,-0.129269,10.9068,-1.35033,87.908,-0.145809,-0.10454,-1.6282098889350891,-2.2218234166502953,-0.0444322,512.0800170898438,,,,,,,96.3,4.0125,96.3,4.0125,,,,,,,,,,,,,,,,,,,"Adrian Del Castillo","29554",680728
"Jacob Berry","MIA",4,16,15,3,2,1,0,0,1,1,1,0,4,0,0,0,,0,0,0.213501,0.0579238,0.239697,0.241654,0.268255,0.324849,0.262245,0.593104,0.111348,5.09346,0.268816,-0.0000297581,0.0106922,1.20983,-0.662221,63.2957,0.0106625,-0.0257903,-0.6765841310843825,-0.3231668658554554,-0.0490653,999,,,,,,,7.7,1.925,7.7,1.925,,,,,,,,,,,,,,,,,,,"Jacob Berry","sa3019825",694351
"Robert Hassell III","WSN",29,124,113,26,19,5,0,2,11,9,10,0,30,0,1,0,,3,1,0.230851,0.0768957,0.243111,0.316299,0.290379,0.323053,0.273243,0.613432,0.0922015,4.50795,0.296816,0,0.220904,10.5134,-4.047,72.4041,0.220904,-0.159314,-3.7978934347629547,-0.7793759852647781,-0.0530575,714.8499755859375,,,,,,,98.8,3.406896551,98.8,3.406896551,,,,,,,,,,,,,,,,,,,"Robert Hassell III","27482",690987
"Troy Johnston","MIA",20,89,81,19,13,4,0,2,8,7,5,0,20,2,1,0,,3,1,0.230305,0.0574491,0.230204,0.249557,0.286309,0.349152,0.280373,0.635461,0.118847,5.57142,0.285849,-0.00082,0.218829,8.02056,-2.3797,75.7865,0.218009,0.48216,-2.300723046064377,-1.2008647620677948,-0.0617408,999,,,,,,,79.7,3.985,79.7,3.985,,,,,,,,,,,,,,,,,,,"Troy Johnston","26143",687859
"Daylen Lile","WSN",28,122,112,26,18,5,2,1,14,8,7,0,26,1,1,0,,3,1,0.233971,0.0599544,0.21188,0.282964,0.286588,0.339896,0.276031,0.626484,0.105924,6.87258,0.290935,0,0.0952649,10.6389,-3.71346,74.3248,0.0952649,0.559529,-3.5903995484113693,-1.028587818145752,-0.0633017,999,,,,,,,95.8,3.421428571,95.8,3.421428571,,,,,,,,,,,,,,,,,,,"Daylen Lile","29995",695734
"Anthony Seigler","MIL",11,49,42,8,5,2,0,1,5,4,7,0,12,0,0,0,,2,0,0.193807,0.135198,0.23959,0.56429,0.305329,0.298014,0.276594,0.603343,0.104208,5.16928,0.247176,-0.000208073,0.0853968,4.2869,-1.46622,76.0743,0.0851887,-1.32127,-1.2915355116128922,-1.1462659388780594,-0.0855987,999,,,,,,,42.8,3.89090909,42.8,3.89090909,,,,,,,,,,,,,,,,,,,"Anthony Seigler","23802",678011
"Yanquiel Fernández","COL",16,67,64,16,10,3,0,2,6,7,3,0,16,0,1,0,,0,0,0.247039,0.0440824,0.232059,0.189962,0.280377,0.406852,0.296123,0.687229,0.159813,2.35205,0.293422,-0.000117143,-0.0768565,6.95359,-0.950604,74.9032,-0.0769737,0,-2.0610398203134537,-1.2274690866470337,-0.11136,747.9000244140625,,,,,,,62.1,3.88125,62.1,3.88125,,,,,,,,,,,,,,,,,,,"Yanquiel Fernandez","28552",692585
"Eric Wagaman","MIA",18,78,72,17,11,4,0,2,7,7,5,0,17,0,1,0,,1,0,0.232584,0.0652092,0.217848,0.299333,0.283437,0.370366,0.2856,0.653803,0.137782,3.89231,0.277841,-0.00984,-0.0809881,7.38782,-1.76441,79.3885,-0.0908281,-0.520939,-1.9775838777422905,-1.9129137992858887,-0.137444,743.5900268554688,,,,,,,70.5,3.916666666,70.5,3.916666666,,,,,,,,,,,,,,,,,,,"Eric Wagaman","23395",676572
"Warming Bernabel","COL",32,138,132,33,23,7,0,2,10,11,4,0,25,1,1,0,,2,0,0.247155,0.0295881,0.179386,0.164941,0.273896,0.356221,0.274266,0.630117,0.109066,3.20003,0.285022,0,-0.0387606,11.8292,-4.39518,59.8425,-0.0387606,-0.23985,-6.555258218199015,-2.669479563832283,-0.48278,999,,,,,,,110.7,3.459375,110.7,3.459375,,,,,,,,,,,,,,,,,,,"Warming Bernabel","26536",682653