Name,Team,W,L,QS,ERA,G,GS,SV,HLD,BS,IP,TBF,H,R,ER,HR,BB,IBB,HBP,SO,K/9,BB/9,K/BB,HR/9,K%,BB%,K-BB%,AVG,WHIP,BABIP,LOB%,GB%,HR/FB,FIP,WAR,RA9-WAR,ADP,InterSD,InterSK,IntraSD,Vol,Skew,Dim,FPTS,FPTS/IP,SPTS,SPTS/IP,P10,P20,P30,P40,P50,P60,P70,P80,P90,TT10,TT20,TT30,TT40,TT50,TT60,TT70,TT80,TT90,NameASCII,PlayerId,MLBAMID
"Paul Skenes","PIT",13.1475,8.6897,21.0906,2.80455,30.78,30.78,0,0,,188.104,759.711,147.485,64.8176,58.6165,15.5709,55.2044,0.4368,7.5295,241.335,11.5469,2.6413,4.37166,0.745,0.317667,0.072665,0.24500197917222977,0.211607,1.07754,0.299757,0.762185,0.470836,,2.67714,5.79055,5.78693,11.59000015258789,,,,,,,1105.2,5.87872340425532,1025,5.452127659574468,4.21,3.75,3.44,3.2,2.99,2.8,2.6,2.39,2.12,3.72,3.48,3.32,3.19,3.07,2.95,2.83,2.7,2.53,"Paul Skenes","33677",694973
"Zack Wheeler","PHI",13.4684,9.4224,20.562,3.32881,32,32,0,0,,198.518,810.278,171.322,79.9873,73.4254,22.8737,50.9251,0.8184,8.6659,212.374,9.62817,2.30874,4.17032,1.037,0.2621,0.0628489,0.19925100356340408,0.22822,1.11953,0.288003,0.747854,0.425596,,3.42531,4.6125,4.75219,21.43000030517578,,,,,,,989.1000000000003,4.970351758793971,940,4.723618090452261,4.72,4.28,3.98,3.74,3.53,3.34,3.14,2.92,2.65,4.12,3.94,3.81,3.7,3.61,3.51,3.41,3.3,3.15,"Zack Wheeler","10310",554430
"Chris Sale","ATL",13.9473,7.766,19.9652,3.07288,30.78,30.78,0,0,,186.772,754.94,152.721,69.5421,63.7698,19.4243,47.1377,0.5224,8.9808,230.074,11.0866,2.27143,4.88089,0.936,0.304758,0.062439,0.24231886118650436,0.218541,1.07007,0.296661,0.754738,0.42585,,2.95619,4.51026,4.9485,36.560001373291016,,,,,,,1044.3,5.584491978609625,980,5.240641711229946,4.47,4.01,3.7,3.46,3.25,3.05,2.85,2.63,2.36,3.91,3.7,3.55,3.43,3.32,3.22,3.11,2.99,2.82,"Chris Sale","10603",519242
"Tyler Glasnow","LAD",10.5529,6.3893,14.7497,3.22267,24.3,24.3,0,0,,143.689,580.091,117.044,56.0579,51.4512,16.1091,40.6679,0.2431,3.5606,178.161,11.1592,2.54725,4.38086,1.009,0.307125,0.0701061,0.23701902478933334,0.218421,1.09759,0.295482,0.752105,0.449349,,3.06753,3.69032,3.45113,98.19000244140625,,,,,,,785.6000000000001,5.455555555555557,733,5.090277777777778,4.78,4.25,3.9,3.63,3.39,3.16,2.94,2.7,2.4,4.1,3.88,3.72,3.6,3.48,3.37,3.26,3.13,2.96,"Tyler Glasnow","14374",607192
"Sonny Gray","STL",12.1452,9.5475,18.5003,3.40924,30.78,30.78,0,0,,184.766,764.441,164.477,76.4958,69.99,19.6878,51.2749,0.4319,6.8303,197.266,9.60888,2.49762,3.84722,0.959,0.258052,0.067075,0.1909770518541336,0.232859,1.16771,0.295861,0.73998,0.447403,,3.35984,3.67952,3.94891,110.94000244140625,,,,,,,916.6,4.954594594594595,885,4.783783783783784,4.88,4.41,4.1,3.85,3.63,3.42,3.21,2.98,2.69,4.26,4.06,3.92,3.81,3.7,3.6,3.5,3.38,3.22,"Sonny Gray","12768",543243
"Dylan Cease","SDP",12.5502,9.8212,18.4783,3.48084,32,32,0,0,,188.994,786.818,154.557,79.0357,73.0952,22.3852,70.4839,1.0111,6.4338,224.321,10.6823,3.35649,3.18258,1.066,0.285099,0.0895809,0.19551802426576614,0.217716,1.19073,0.285348,0.753763,0.379245,,3.55337,3.63162,3.81409,46.59000015258789,,,,,,,945,5,879,4.650793650793651,4.91,4.44,4.13,3.89,3.67,3.46,3.26,3.03,2.74,4.28,4.09,3.95,3.84,3.74,3.65,3.54,3.43,3.27,"Dylan Cease","18525",656302
"Corbin Burnes","ARI",12.2694,9.7207,18.39,3.68589,30.78,30.78,0,0,,189.849,793.019,178.21,84.6748,77.7512,20.0607,53.5097,0.2498,7.153,192.516,9.12647,2.53669,3.59778,0.951,0.242764,0.0674759,0.17528798431158066,0.243338,1.22055,0.304263,0.722102,0.457641,,3.47064,3.6232,3.57882,36.97999954223633,,,,,,,900.2,4.737894736842105,893,4.7,5.19,4.71,4.4,4.14,3.92,3.71,3.49,3.26,2.96,4.54,4.35,4.21,4.1,3.99,3.89,3.79,3.67,3.51,"Corbin Burnes","19361",669203
"Logan Webb","SFG",12.4097,10.6946,20.6384,3.42681,32,32,0,0,,201.109,839.004,200.554,85.156,76.5737,16.8261,45.1166,0.8449,6.4318,174.692,7.81776,2.01905,3.872,0.753,0.208213,0.053774,0.1544390805065632,0.254687,1.22158,0.308301,0.722668,0.558,,3.28583,3.554,3.63227,99.41000366210938,,,,,,,952.7000000000002,4.7398009950248765,981,4.880597014925373,4.93,4.48,4.17,3.93,3.72,3.52,3.32,3.09,2.81,4.32,4.13,4,3.89,3.79,3.69,3.59,3.48,3.32,"Logan Webb","17995",657277
"Blake Snell","LAD",12.0337,8.1854,16.3852,3.50861,29.16,29.16,0,0,,169.982,712.116,134.379,71.7215,66.2668,20.6623,73.1393,0.4123,5.0624,220.71,11.6859,3.87249,3.01766,1.094,0.309935,0.102707,0.2072281539440155,0.211983,1.22082,0.289693,0.760378,0.397857,,3.53002,3.41395,3.40939,45.540000915527344,,,,,,,859.3000000000001,5.054705882352941,785,4.617647058823529,5.02,4.51,4.18,3.92,3.69,3.47,3.25,3.02,2.71,4.36,4.15,4,3.88,3.77,3.67,3.56,3.43,3.26,"Blake Snell","13543",605483
"Roki Sasaki","LAD",10.2003,6.4514,13.6877,3.30498,24.3,24.3,0,0,,138.51,566.735,110.493,54.9745,50.8636,16.4673,43.4771,0.3837,6.535,178.913,11.6253,2.82502,4.11511,1.07,0.315691,0.076715,0.238975889980793,0.213833,1.11161,0.292601,0.756176,0.395873,,3.21186,3.37338,3.2226,96.56999969482422,,,,,,,753.8000000000002,5.423021582733814,695,5,4.89,4.33,3.97,3.69,3.44,3.21,2.98,2.73,2.42,4.2,3.96,3.8,3.66,3.54,3.42,3.3,3.17,2.99,"Roki Sasaki","sa3025686",808963
"Sandy Alcantara","MIA",10.2586,11.1865,18.476,3.81216,29.16,29.16,0,0,,188.83,790.414,186.734,87.2356,79.9833,21.0231,47.5695,0.7825,7.5832,170.07,8.10588,2.26726,3.57519,1.002,0.215166,0.060183,0.15498283505439758,0.253969,1.24082,0.304521,0.717855,0.480345,,3.68874,3.28068,3.35661,164.55999755859375,,,,,,,826.1000000000001,4.370899470899472,844,4.465608465608466,5.39,4.89,4.56,4.29,4.06,3.83,3.61,3.36,3.05,4.78,4.55,4.39,4.25,4.13,4.01,3.89,3.75,3.57,"Sandy Alcantara","18684",645261
"Aaron Nola","PHI",11.7428,10.1458,17.4902,3.84693,30.78,30.78,0,0,,187.668,780.972,178.542,86.7729,80.216,26.482,44.827,0.7771,5.9401,185.177,8.88056,2.14977,4.13093,1.27,0.237111,0.057399,0.1797119565308094,0.244509,1.19024,0.293243,0.733227,0.427599,,3.83902,3.19157,3.24039,87.55999755859375,,,,,,,823.0000000000001,4.377659574468086,819,4.3563829787234045,5.35,4.87,4.55,4.29,4.07,3.85,3.63,3.4,3.09,4.69,4.49,4.36,4.24,4.14,4.04,3.94,3.82,3.66,"Aaron Nola","16149",605400
"Cristopher Sánchez","PHI",11.368,8.8756,16.4309,3.484,29.16,29.16,0,0,,169.778,706.819,163.911,72.7296,65.7229,16.5816,47.6276,0.3951,5.7853,148.799,7.88789,2.52476,3.12421,0.879,0.210519,0.067383,0.14313580840826035,0.250857,1.24598,0.301889,0.737075,0.53729,,3.6271,3.17659,3.53401,172.30999755859375,,,,,,,758.5000000000001,4.461764705882354,765,4.5,5.08,4.58,4.25,3.98,3.75,3.53,3.31,3.07,2.76,4.42,4.21,4.06,3.94,3.83,3.72,3.61,3.49,3.32,"Cristopher Sanchez","20778",650911
"Yoshinobu Yamamoto","LAD",11.1181,7.8748,14.9539,3.57613,27.54,27.54,0,0,,158.592,654.529,144.297,68.5947,63.0163,19.0135,43.2814,0.3842,5.2781,166.685,9.45925,2.45619,3.85119,1.079,0.254664,0.066126,0.18853801488876343,0.238127,1.18277,0.298103,0.739216,0.456308,,3.54155,3.09355,3.00226,57.70000076293945,,,,,,,758.5000000000001,4.770440251572328,738,4.6415094339622645,5.17,4.64,4.29,4.02,3.78,3.55,3.32,3.08,2.76,4.48,4.26,4.11,3.98,3.87,3.76,3.64,3.51,3.34,"Yoshinobu Yamamoto","33825",808967
"Michael King","SDP",11.6142,9.7938,16.8401,3.64756,30.78,30.78,0,0,,179.519,753.333,156.896,78.9825,72.7564,21.7817,64.1712,0.849,7.5469,191.323,9.59178,3.21715,2.98145,1.092,0.253969,0.085183,0.16878605633974075,0.230182,1.23144,0.288391,0.745566,0.420677,,3.81081,3.07495,3.22238,63.38999938964844,,,,,,,819.2,4.551111111111111,780,4.333333333333333,5.18,4.68,4.35,4.09,3.86,3.64,3.42,3.18,2.87,4.55,4.33,4.18,4.05,3.93,3.82,3.71,3.58,3.4,"Michael King","19853",650633
"Freddy Peralta","MIL",11.1706,10.1684,16.185,3.76612,30.78,30.78,0,0,,177.958,744.282,150.688,79.9821,74.4678,24.0638,63.0414,0.4406,8.2764,205.485,10.3922,3.18824,3.25952,1.217,0.276085,0.084701,0.19138390570878983,0.223917,1.20101,0.285565,0.742875,0.370334,,3.81727,3.06767,3.14255,99.11000061035156,,,,,,,826.4,4.642696629213483,775,4.353932584269663,5.27,4.77,4.44,4.18,3.94,3.72,3.5,3.26,2.95,4.61,4.4,4.25,4.13,4.02,3.92,3.8,3.68,3.51,"Freddy Peralta","18679",642547
"Shota Imanaga","CHC",11.3757,9.4643,17.5208,3.64969,29.16,29.16,0,0,,179.749,740.319,166.744,78.4606,72.8922,25.9039,38.0887,0.4042,5.8174,182.246,9.12499,1.90709,4.78477,1.297,0.246172,0.051449,0.1947229579091072,0.239433,1.13955,0.288451,0.749684,0.368289,,3.74494,3.00714,3.29587,76.4800033569336,,,,,,,810,4.5,794,4.411111111111111,5.14,4.64,4.32,4.06,3.83,3.61,3.39,3.15,2.85,4.5,4.29,4.14,4.02,3.9,3.8,3.68,3.55,3.38,"Shota Imanaga","33829",684007
"Spencer Strider","ATL",8.9645,5.4214,12.0074,3.19725,21.06,21.06,0,0,,119.396,484.956,92.3331,45.7984,42.4155,13.1999,38.8227,0.4641,4.7531,157.922,11.904,2.92643,4.06777,0.995,0.325642,0.0800541,0.24558783322572708,0.209192,1.09849,0.292806,0.757548,0.377358,,3.05326,2.90629,2.97941,111.77999877929688,,,,,,,665.5,5.592436974789916,610,5.126050420168068,4.83,4.24,3.86,3.56,3.31,3.07,2.83,2.58,2.26,4.07,3.83,3.67,3.54,3.42,3.31,3.19,3.05,2.88,"Spencer Strider","27498",675911
"Hunter Greene","CIN",10.2716,10.1691,14.5978,4.17116,29.16,29.16,0,0,,172.061,730.618,149.334,84.8526,79.7436,27.2429,62.6658,0.3156,11.684,205.022,10.7241,3.27787,3.27167,1.425,0.280614,0.0857709,0.19484300911426544,0.22755,1.23212,0.287948,0.73132,0.340265,,4.13802,2.8322,2.71062,94.77999877929688,,,,,,,738.2999999999998,4.292441860465115,694,4.034883720930233,5.75,5.22,4.86,4.58,4.33,4.1,3.86,3.6,3.27,5.07,4.83,4.67,4.54,4.41,4.29,4.17,4.03,3.84,"Hunter Greene","22182",668881
"Ranger Suárez","PHI",10.966,9.0369,14.1801,3.596,39.54,27.54,0,0.5848,,167.063,702.172,159.133,73.4363,66.7509,17.5231,52.9417,1.1097,5.5886,150.906,8.12962,2.85207,2.85043,0.944,0.214914,0.0753971,0.13951680809259415,0.247239,1.26943,0.297994,0.739238,0.5002,,3.7745,2.82317,3.19769,260.7200012207031,,,,,,,729.9999999999999,4.37125748502994,730,4.37125748502994,5.38266,4.75713,4.36044,4.06027,3.79088,3.54579,3.30502,3.04712,2.72352,4.51756,4.309,4.16044,4.04044,3.93116,3.82259,3.71331,3.59331,3.42475,"Ranger Suarez","17277",624133
"Justin Steele","CHC",11.0621,9.2026,16.1729,3.568,29.16,29.16,0,0,,169.848,703.015,157.874,73.4421,67.3355,18.872,47.5449,0.5589,6.5929,165.605,8.77515,2.51933,3.48313,1,0.235564,0.06763,0.16793395578861237,0.243303,1.20942,0.299314,0.737308,0.45614,,3.61712,2.80912,3.18673,120.61000061035156,,,,,,,780.5,4.591176470588235,770,4.529411764705882,5.13,4.62,4.28,4.02,3.78,3.56,3.34,3.1,2.79,4.47,4.25,4.1,3.98,3.87,3.76,3.64,3.52,3.35,"Justin Steele","17312",657006
"Spencer Schwellenbach","ATL",11.5755,8.7856,15.7896,3.79317,29.16,29.16,0,0,,171.934,716.39,164.678,78.5807,72.4637,21.2051,42.7312,0.6483,7.5952,166.046,8.69182,2.2368,3.88583,1.11,0.231782,0.059648,0.17213401570916176,0.247241,1.20634,0.299644,0.724888,0.44081,,3.71642,2.72729,2.94221,84.11000061035156,,,,,,,764.5,4.444767441860465,766,4.453488372093023,5.42,4.88,4.53,4.25,4,3.77,3.53,3.28,2.95,4.8,4.54,4.36,4.21,4.08,3.95,3.82,3.67,3.47,"Spencer Schwellenbach","31846",680885
"Reynaldo López","ATL",11.9307,9.4204,15.8567,3.90636,30.78,30.78,0,0,,178.861,753.097,163.623,83.6457,77.6326,22.1588,60.9248,0.4074,5.7883,189.334,9.527,3.06565,3.10766,1.115,0.251407,0.080899,0.17050793021917343,0.238385,1.25544,0.297888,0.728081,0.39992,,3.77889,2.69607,2.87052,165.6699981689453,,,,,,,804.6,4.4949720670391065,786,4.391061452513966,5.49,4.97,4.62,4.35,4.1,3.87,3.64,3.39,3.06,4.87,4.62,4.45,4.31,4.18,4.06,3.93,3.78,3.59,"Reynaldo Lopez","16400",625643
"MacKenzie Gore","WSN",10.6508,10.5031,15.6787,3.7441,30.78,30.78,0,0,,174.386,733.022,151.732,78.4605,72.5465,21.5851,65.0609,0.3181,7.493,187.802,9.69238,3.35777,2.88655,1.114,0.256202,0.0887571,0.16744507104158401,0.229734,1.24318,0.288522,0.741435,0.406919,,3.86989,2.68351,3.18537,205.19000244140625,,,,,,,781.8,4.493103448275861,744,4.275862068965517,5.3,4.79,4.45,4.18,3.94,3.72,3.5,3.25,2.94,4.64,4.42,4.27,4.14,4.02,3.91,3.8,3.66,3.49,"MacKenzie Gore","22201",669022
"Brandon Woodruff","MIL",9.6264,8.7393,14.7168,3.77359,25.92,25.92,0,0,,156.678,648.501,141.278,70.609,65.6931,21.813,41.7473,0.2639,6.3916,166.939,9.58944,2.39808,3.9988,1.253,0.257423,0.0643751,0.19304797053337097,0.235322,1.16816,0.290239,0.737219,0.384615,,3.76713,2.61417,2.72614,240.69000244140625,,,,,,,714.5999999999998,4.551592356687896,689,4.388535031847134,5.39,4.84,4.48,4.19,3.94,3.7,3.46,3.2,2.87,4.72,4.47,4.3,4.15,4.02,3.9,3.77,3.62,3.43,"Brandon Woodruff","16162",605540
"Kodai Senga","NYM",10.5406,8.5002,14.3621,3.78363,33.92,25.92,0,0.6719,,163.289,692.883,142.561,74.4274,68.6471,19.5947,65.93,0.5071,6.2734,176.839,9.74684,3.63387,2.68222,1.08,0.255222,0.0951532,0.1600686013698578,0.229686,1.27683,0.289848,0.740444,0.421483,,3.88706,2.59534,2.31455,152.27999877929688,,,,,,,730.4000000000001,4.480981595092025,697,4.276073619631902,5.56692,4.92461,4.52542,4.20288,3.93671,3.68642,3.43907,3.16467,2.8332,4.76983,4.5113,4.34179,4.20228,4.07326,3.94375,3.81473,3.67473,3.47619,"Kodai Senga","31838",673540
"Zac Gallen","ARI",10.8398,9.4888,15.1787,3.92173,29.16,29.16,0,0,,170.712,724.89,164.304,80.5924,74.3872,19.8784,52.7908,0.3849,6.7458,171.781,9.05637,2.78316,3.25399,1.048,0.236975,0.0728259,0.16414906084537506,0.246943,1.27171,0.304893,0.721224,0.435044,,3.714,2.59287,2.74471,121,,,,,,,757.0000000000001,4.426900584795322,759,4.43859649122807,5.51,5,4.66,4.39,4.15,3.92,3.69,3.44,3.12,4.81,4.6,4.46,4.34,4.23,4.12,4.01,3.88,3.72,"Zac Gallen","19291",668678
"Jared Jones","PIT",9.863,10.023,13.871,3.91257,35.54,27.54,0,0.6021,,166.87,704.787,152.157,78.1451,72.5435,20.97,57.3504,0.8601,7.8253,171.828,9.26739,3.09314,2.99611,1.131,0.243801,0.0813727,0.16242865473031998,0.23789,1.25551,0.293606,0.729185,0.395146,,3.91246,2.54822,2.79723,142.8000030517578,,,,,,,735.3,4.402994011976047,715,4.281437125748503,5.66767,5.03521,4.63589,4.3224,4.05658,3.80556,3.55788,3.28309,2.95165,4.86925,4.62021,4.45117,4.31165,4.18261,4.06309,3.93356,3.79404,3.605,"Jared Jones","27863",683003
"Shohei Ohtani","LAD",8.621,5.8668,11.5534,3.49036,21.06,21.06,0,0,,120.781,498.273,101.7,50.7116,46.8411,14.8695,38.6819,0.4255,5.7057,141.023,10.5083,2.88238,3.64571,1.108,0.283024,0.0776319,0.20539183914661407,0.224064,1.16228,0.291383,0.749973,0.414142,,3.53425,2.46056,2.45193,1.5399999618530273,,,,,,,592.7,4.898347107438017,557,4.603305785123967,5.21,4.6,4.21,3.9,3.63,3.38,3.14,2.87,2.54,4.42,4.18,4.01,3.87,3.75,3.63,3.5,3.36,3.18,"Shohei Ohtani","19755",660271
"Nick Lodolo","CIN",8.7028,8.0233,12.0322,3.91589,24.3,24.3,0,0,,138.372,584.092,126.021,64.9952,60.2053,18.5725,44.0768,0.4492,12.2414,151.355,9.84446,2.86686,3.43389,1.208,0.259128,0.0754621,0.18366612493991852,0.238779,1.22929,0.300265,0.729393,0.441747,,3.94473,2.38514,2.49623,241.42999267578125,,,,,,,593.9,4.303623188405797,577,4.181159420289855,5.65,5.06,4.67,4.37,4.1,3.84,3.59,3.32,2.97,4.9,4.65,4.47,4.33,4.2,4.07,3.94,3.79,3.59,"Nick Lodolo","26378",666157
"Nick Pivetta","SDP",9.8148,8.8977,13.0849,3.87707,27.54,27.54,0,0,,152.706,634.16,131.601,70.2304,65.7834,22.9568,49.7289,0.6265,4.9598,174.944,10.3107,2.93087,3.51796,1.353,0.275868,0.078417,0.19745097309350967,0.227105,1.18745,0.284729,0.744682,0.344248,,3.90394,2.3423,2.40987,190.05999755859375,,,,,,,691.1000000000001,4.516993464052288,651,4.254901960784314,5.45,4.91,4.56,4.27,4.02,3.79,3.55,3.3,2.97,4.71,4.5,4.35,4.23,4.12,4.01,3.89,3.77,3.59,"Nick Pivetta","15454",601713
"Mitch Keller","PIT",10.0476,11.5975,15.1991,4.25307,30.78,30.78,0,0,,182.036,776.933,180.221,92.672,86.0233,22.5117,56.9811,0.5788,10.7535,164.183,8.11736,2.8172,2.88136,1.113,0.211322,0.0733411,0.13798102736473083,0.254119,1.30305,0.301834,0.702675,0.429676,,4.08658,2.33432,2.33285,298.4599914550781,,,,,,,719.9000000000001,3.955494505494506,735,4.038461538461538,5.85,5.34,5,4.73,4.48,4.26,4.02,3.77,3.44,5.16,4.95,4.8,4.67,4.56,4.45,4.34,4.21,4.03,"Mitch Keller","17594",656605
"Brady Singer","CIN",9.9381,10.4194,14.0775,4.24725,29.16,29.16,0,0,,170.362,729.915,173.714,87.0244,80.3968,24.7214,48.4656,0.3708,8.8772,160.651,8.48699,2.56037,3.31475,1.306,0.220096,0.066399,0.15369707345962524,0.258283,1.30416,0.305815,0.720561,0.476048,,4.17671,2.28524,2.38027,341.94000244140625,,,,,,,649.1,3.818235294117647,676,3.976470588235294,5.9,5.38,5.02,4.74,4.49,4.26,4.02,3.76,3.42,5.18,4.97,4.82,4.69,4.58,4.46,4.35,4.22,4.04,"Brady Singer","25377",663903
"Germán Márquez","COL",8.14,11.3799,12.3793,4.7512,27.54,27.54,0,0,,164.651,712.776,179.25,93.393,86.9213,23.9842,54.1432,1.1932,5.5383,137.954,7.54072,2.95952,2.54795,1.311,0.193545,0.075961,0.11758407205343246,0.274462,1.4175,0.316123,0.700648,0.46274,,4.47185,2.22894,2.16572,646.7999877929688,,,,,,,556.4,3.372121212121212,609,3.690909090909091,6.55,5.96,5.58,5.27,4.99,4.73,4.47,4.18,3.81,5.85,5.57,5.38,5.22,5.07,4.93,4.79,4.62,4.4,"German Marquez","15038",608566
"Jesús Luzardo","PHI",10.0703,9.1617,12.3659,3.93696,40.92,25.92,0,0.5848,,161.257,680.682,146.835,75.9113,70.5402,23.2926,54.9736,1.1711,6.0791,166.164,9.2739,3.06817,3.02262,1.3,0.244114,0.0807625,0.16335191577672958,0.236973,1.25148,0.287194,0.744079,0.388155,,4.11921,2.08549,2.444,250.25999450683594,,,,,,,679.3,4.2192546583850925,659,4.093167701863354,5.78581,5.10791,4.68303,4.34861,4.05442,3.79582,3.53187,3.2507,2.90419,4.87465,4.63651,4.46744,4.32931,4.21024,4.09117,3.9621,3.82303,3.63489,"Jesus Luzardo","19959",666200
"Clay Holmes","NYM",10.1593,7.9742,11.9357,3.55052,48.68,22.68,0,0.6719,,155.276,666.846,145.958,68.1413,61.2567,12.2841,62.5079,0.9345,8.3416,145.168,8.41411,3.62304,2.32239,0.712,0.217693,0.0937366,0.1239563524723053,0.244898,1.34255,0.304813,0.733654,0.572656,,3.69397,2.05502,2.23969,275.69000244140625,,,,,,,700.8000000000001,4.521290322580645,700,4.516129032258065,5.58042,4.85656,4.4046,4.05442,3.75595,3.47418,3.20577,2.91237,2.56232,4.62618,4.36786,4.19121,4.05121,3.91456,3.78623,3.65791,3.50958,3.31293,"Clay Holmes","13649",605280
"Yu Darvish","SDP",10.0673,10.131,13.9418,4.16076,29.16,29.16,0,0,,167.821,702.474,158.037,83.016,77.5848,25.0986,46.8641,0.536,8.0967,160.112,8.58658,2.51325,3.41652,1.346,0.227926,0.0667129,0.16121309995651245,0.244068,1.22095,0.287558,0.717972,0.377881,,4.18506,2.03579,1.98604,232.35000610351562,,,,,,,679.9000000000001,4.04702380952381,670,3.988095238095238,5.77,5.23,4.88,4.59,4.34,4.11,3.87,3.61,3.27,5.07,4.84,4.68,4.55,4.43,4.31,4.19,4.05,3.86,"Yu Darvish","13074",506433
"Erick Fedde","STL",9.7644,10.3975,13.6296,4.21308,29.16,29.16,0,0,,166.933,712.779,166.492,84.3955,78.1446,22.9255,52.1248,1.5845,5.5362,143.253,7.72332,2.81025,2.74827,1.236,0.200978,0.073129,0.12784917652606964,0.254141,1.30961,0.293629,0.719604,0.426384,,4.27176,2.00393,1.90164,325.42999267578125,,,,,,,633.3000000000001,3.792215568862276,648,3.8802395209580838,5.89,5.35,4.99,4.7,4.44,4.2,3.96,3.69,3.35,5.2,4.96,4.79,4.65,4.52,4.4,4.27,4.13,3.94,"Erick Fedde","17425",607200
"Robbie Ray","SFG",9.5805,9.6153,14.2682,3.90833,27.54,27.54,0,0,,160.564,676.915,143.403,74.8623,69.7264,22.7466,50.9879,0.4271,7.0582,173.399,9.71943,2.85799,3.40079,1.275,0.256161,0.0753239,0.18083689361810684,0.231719,1.21068,0.285427,0.735355,0.365288,,3.93281,1.92903,2.18294,159.38999938964844,,,,,,,708.7,4.401863354037268,678,4.211180124223603,5.54,4.98,4.62,4.33,4.08,3.84,3.6,3.34,3,4.87,4.61,4.44,4.3,4.17,4.04,3.91,3.76,3.56,"Robbie Ray","11486",592662
"Brandon Pfaadt","ARI",8.6781,7.8018,10.6199,3.98417,32.68,22.68,0,0.6244,,137.301,573.269,132.687,65.254,60.7813,18.8561,33.3359,0.6478,5.2907,133.986,8.7827,2.18514,4.01928,1.236,0.233723,0.0581505,0.1755727306008339,0.248179,1.20919,0.298143,0.721714,0.386702,,3.84408,1.84947,2.07606,172.11000061035156,,,,,,,592.3000000000002,4.323357664233578,596,4.350364963503649,5.87614,5.16835,4.72591,4.38386,4.08274,3.81672,3.54579,3.25851,2.9056,4.85736,4.63882,4.48955,4.37028,4.25173,4.14246,4.03246,3.89392,3.72538,"Brandon Pfaadt","27782",694297
"Nestor Cortes","MIL",8.418,8.2983,9.8937,3.96742,44.06,21.06,0,0.5961,,142.06,593.807,130.712,66.7139,62.6235,22.2876,38.6388,0.5282,4.6893,144.126,9.13086,2.4479,3.73007,1.412,0.242715,0.0650696,0.17764490842819214,0.237451,1.19211,0.282307,0.742948,0.314478,,4.09195,1.84893,1.91363,268.19000244140625,,,,,,,599.5999999999999,4.222535211267605,584,4.112676056338028,5.92286,5.16981,4.70505,4.33295,4.02219,3.73953,3.45172,3.14876,2.77905,4.82724,4.60048,4.4521,4.32372,4.20533,4.08695,3.96857,3.83181,3.65505,"Nestor Cortes","17874",641482
"Miles Mikolas","STL",10.2355,11.2017,14.5215,4.29475,30.78,30.78,0,0,,178.736,754.162,191.801,91.8901,85.292,26.314,33.7517,0.27,6.8387,128.486,6.46975,1.69952,3.80682,1.325,0.17037,0.0447539,0.12561597675085068,0.26879,1.26193,0.296163,0.708285,0.417376,,4.32394,1.82773,1.83534,598.9299926757812,,,,,,,638.6000000000001,3.5675977653631294,690,3.8547486033519553,5.91,5.39,5.05,4.77,4.53,4.3,4.06,3.8,3.47,5.21,5,4.84,4.72,4.61,4.49,4.38,4.25,4.07,"Miles Mikolas","9803",571945
"Eduardo Rodriguez","ARI",9.0717,8.3149,11.3158,4.01746,32.3,24.3,0,0.6244,,144.255,612.812,142.159,69.589,64.3933,17.7754,45.3989,0.5453,4.495,133.377,8.3213,2.83241,2.93788,1.109,0.217647,0.0740829,0.14356409013271332,0.25254,1.30018,0.302074,0.725194,0.418423,,3.95681,1.80939,2.03484,406.79998779296875,,,,,,,598.0000000000002,4.1527777777777795,609,4.229166666666667,5.91705,5.22055,4.78397,4.44624,4.15683,3.89352,3.62409,3.33855,2.98578,4.98785,4.74841,4.57896,4.44007,4.31063,4.19118,4.06173,3.92229,3.72395,"Eduardo Rodriguez","13164",593958
"Sean Manaea","NYM",10.2598,9.0063,14.1627,4.0398,27.54,27.54,0,0,,162.365,689.449,149.385,78.3941,72.8804,22.7131,57.1788,0.3564,7.5757,162.876,9.02832,3.16945,2.84854,1.259,0.236241,0.0829341,0.15330708026885986,0.239133,1.27222,0.288478,0.733382,0.39159,,4.1752,1.80074,1.9004,197.1999969482422,,,,,,,659.5000000000001,4.070987654320988,642,3.962962962962963,5.65,5.12,4.77,4.49,4.24,4,3.77,3.51,3.18,4.92,4.7,4.56,4.43,4.32,4.22,4.1,3.97,3.8,"Sean Manaea","15873",640455
"Ryan Feltner","COL",8.7622,12.6731,12.2847,4.88862,30.78,30.78,0,0,,177.345,771.736,189.363,103.024,96.3302,26.5426,61.8461,0.3558,7.793,153.524,7.79111,3.1386,2.48235,1.347,0.198933,0.0801389,0.11879398673772812,0.26971,1.4165,0.311897,0.692295,0.43055,,4.55882,1.77316,2.03749,676.9099731445312,,,,,,,584.2999999999998,3.301129943502824,632,3.5706214689265536,6.61,6.06,5.69,5.39,5.13,4.87,4.62,4.34,3.97,5.92,5.66,5.49,5.34,5.2,5.07,4.93,4.78,4.57,"Ryan Feltner","21446",663372
"Matthew Boyd","CHC",8.2412,7.8555,10.2132,3.94212,30.68,22.68,0,0.6254,,131.886,556.282,121.198,62.1025,57.7677,18.1856,43.4767,0.456,6.064,131.135,8.94874,2.96689,3.0162,1.241,0.235734,0.0781559,0.1575779989361763,0.239171,1.24862,0.28821,0.73679,0.375314,,4.09733,1.69127,1.8066,312.0899963378906,,,,,,,559.8000000000002,4.240909090909092,545,4.128787878787879,5.89251,5.15939,4.69087,4.34175,4.03234,3.75839,3.4799,3.18383,2.82262,4.95633,4.68693,4.49815,4.33936,4.19997,4.06997,3.93057,3.77179,3.563,"Matthew Boyd","15440",571510
"Merrill Kelly","ARI",9.2346,8.9017,12.8508,4.18892,25.92,25.92,0,0,,152.484,653.038,152.304,76.5573,70.9717,19.6197,49.6511,1.0507,4.7672,141.01,8.32275,2.93053,2.84002,1.158,0.215929,0.0760309,0.1398981437087059,0.254425,1.32443,0.302939,0.718663,0.420429,,4.06028,1.68433,1.92523,304.3299865722656,,,,,,,600.5999999999999,3.9513157894736834,617,4.059210526315789,5.89,5.33,4.96,4.66,4.4,4.16,3.91,3.64,3.29,5.14,4.91,4.75,4.61,4.49,4.38,4.25,4.11,3.93,"Merrill Kelly","11156",518876
"Max Meyer","MIA",7.7919,9.7992,10.5415,4.23737,34.3,24.3,0,0.5942,,145.184,622.615,145.719,73.9993,68.3553,18.6319,48.52,0.5802,5.8949,128.016,7.9358,3.00778,2.63843,1.155,0.205611,0.0779294,0.12768162786960602,0.256458,1.33789,0.301475,0.715056,0.459747,,4.1957,1.68199,1.71507,414.3900146484375,,,,,,,554.6999999999999,3.82551724137931,573,3.9517241379310346,6.26916,5.52964,5.06523,4.70148,4.38806,4.10015,3.81775,3.51811,3.13329,5.35179,5.06316,4.86385,4.69523,4.54592,4.40661,4.2573,4.08867,3.86936,"Max Meyer","27474",676974
"David Peterson","NYM",10.1135,8.2281,13.1536,3.72129,31.92,25.92,0,0.6719,,152.594,655.231,145.294,69.3602,63.0941,16.4124,58.8038,0.5044,7.2842,140.36,8.27844,3.46825,2.38692,0.968,0.214215,0.0897451,0.12446969002485275,0.246619,1.33752,0.298081,0.743911,0.499701,,4.02434,1.66674,2.22956,364.92999267578125,,,,,,,644.4000000000001,4.211764705882354,643,4.2026143790849675,5.53589,4.89882,4.50304,4.1922,3.92883,3.67979,3.43389,3.17035,2.84035,4.6713,4.46169,4.30248,4.18248,4.06326,3.95366,3.84366,3.71444,3.53523,"David Peterson","20302",656849
"Nick Martinez","CIN",8.3274,9.7318,8.8859,4.55837,48.68,22.68,0,0.6083,,152.51,654.797,159.794,82.9,77.2444,24.7575,41.7503,0.8231,6.1034,129.901,7.66577,2.46378,3.11138,1.461,0.198384,0.0637607,0.13462308049201965,0.263277,1.32151,0.298565,0.71094,0.426252,,4.51463,1.6472,1.41615,333.260009765625,,,,,,,528.7,3.4555555555555557,560,3.6601307189542482,6.66035,5.90079,5.41089,5.03316,4.69906,4.39008,4.08792,3.76576,3.36041,5.55021,5.30362,5.13532,4.99703,4.86873,4.74044,4.61214,4.46384,4.26725,"Nick Martinez","12730",607259
"Edward Cabrera","MIA",7.4992,8.7864,9.1768,4.0501,34.68,22.68,0,0.5942,,131.652,566.716,117.116,64.1763,59.2449,15.0815,61.7602,0.4448,6.5949,142.436,9.73718,4.22205,2.30627,1.031,0.251335,0.108979,0.14235595613718033,0.235003,1.35871,0.299359,0.727044,0.453269,,4.04951,1.58517,1.87565,388.69000244140625,,,,,,,569.1000000000001,4.311363636363637,546,4.136363636363637,6.08391,5.33359,4.86435,4.49697,4.18236,3.89322,3.61046,3.31044,2.93679,5.0407,4.79252,4.62435,4.48526,4.35708,4.23799,4.1089,3.96073,3.77255,"Edward Cabrera","21690",665795
"Jake Irvin","WSN",9.1387,11.1721,13.5656,4.32998,29.16,29.16,0,0,,168.845,719.408,168.524,87.4399,81.2328,24.2011,54.3325,0.5273,7.4243,140.924,7.51172,2.8961,2.59373,1.29,0.195889,0.0755239,0.12036493420600891,0.256251,1.31989,0.293026,0.716585,0.422493,,4.45782,1.56506,1.92024,426.69000244140625,,,,,,,615.0000000000001,3.6390532544378704,632,3.739644970414201,6,5.46,5.1,4.81,4.55,4.31,4.07,3.8,3.46,5.29,5.05,4.89,4.76,4.64,4.52,4.39,4.25,4.06,"Jake Irvin","21504",663623
"Aaron Civale","MIL",8.4369,9.5519,9.9548,4.34677,39.3,24.3,0,0.5961,,148.978,639.689,147.636,77.0241,71.9524,23.8695,43.2941,0.6174,6.7193,143.113,8.64572,2.61547,3.30561,1.442,0.223723,0.0676799,0.15604331344366074,0.250369,1.2816,0.292805,0.723155,0.38064,,4.33523,1.50982,1.41942,366.20001220703125,,,,,,,562.6000000000001,3.7758389261744973,573,3.8456375838926173,6.31673,5.58691,5.13449,4.77421,4.46602,4.18387,3.89776,3.59467,3.21561,5.2724,5.04341,4.88542,4.74643,4.62744,4.50844,4.38945,4.25146,4.06348,"Aaron Civale","19479",650644
"Andrew Abbott","CIN",7.5897,9.0194,9.5284,4.67132,24.3,24.3,0,0,,135.391,585.854,133.85,74.6847,70.2726,24.0995,49.1637,0.457,4.4888,131.361,8.73211,3.26812,2.6719,1.602,0.224221,0.083918,0.1403028815984726,0.251502,1.35174,0.291314,0.725703,0.345239,,4.72885,1.42412,1.32491,515.3099975585938,,,,,,,458.4,3.395555555555555,466,3.4518518518518517,6.47,5.86,5.45,5.12,4.84,4.57,4.3,4,3.62,5.64,5.39,5.21,5.07,4.94,4.81,4.68,4.53,4.33,"Andrew Abbott","29911",671096
"Andre Pallante","STL",9.0367,9.3146,11.3986,4.0218,41.3,24.3,0,0.6474,,154.215,666.084,159.105,76.0426,68.9136,13.1083,62.3824,0.9257,5.5738,113.724,6.63692,3.64063,1.82301,0.765,0.170735,0.0936555,0.07707961648702621,0.266005,1.43622,0.309778,0.715998,0.577942,,4.11858,1.42355,1.71388,505.3299865722656,,,,,,,594.3000000000002,3.8590909090909102,629,4.084415584415584,6.08118,5.36992,4.90709,4.5552,4.24543,3.96339,3.68465,3.38921,3.01929,5.10055,4.85276,4.68386,4.53496,4.40606,4.28606,4.15717,4.00937,3.81047,"Andre Pallante","26108",669467
"Justin Verlander","SFG",7.9928,8.959,11.7452,4.21287,24.3,24.3,0,0,,141.489,600.037,139.868,70.853,66.2304,20.7831,34.9468,0.2442,5.9914,119.913,7.6276,2.22294,3.43131,1.322,0.199843,0.0582411,0.14160194247961044,0.250167,1.23554,0.284618,0.713443,0.34277,,4.24903,1.3805,1.34754,356.8299865722656,,,,,,,538.1000000000001,3.8163120567375897,549,3.893617021276596,5.93,5.34,4.96,4.65,4.38,4.13,3.88,3.6,3.24,5.14,4.9,4.74,4.6,4.48,4.36,4.24,4.1,3.91,"Justin Verlander","8700",434378
"Ryan Weathers","MIA",8.2406,10.1401,11.66,4.18492,31.92,25.92,0,0.5942,,151.563,652.54,149.72,76.0956,70.4753,20.2926,54.8999,0.8553,6.8151,134.65,7.99568,3.26003,2.45264,1.205,0.206347,0.0841326,0.12221444398164749,0.253408,1.35007,0.296931,0.72938,0.421602,,4.35179,1.38004,2.00394,355.4800109863281,,,,,,,576.8,3.7947368421052627,588,3.8684210526315788,6.0563,5.38277,4.96358,4.63022,4.34518,4.0841,3.82657,3.54222,3.18103,5.17952,4.93031,4.7611,4.6215,4.49189,4.36229,4.24268,4.09308,3.89427,"Ryan Weathers","23796",677960
"Andrew Heaney","PIT",7.6089,8.7209,8.7477,4.27757,34.68,22.68,0,0.6021,,132.489,564.716,129.379,67.3274,62.97,18.6662,41.3709,0.6811,7.5304,123.045,8.35849,2.81034,2.97419,1.268,0.217888,0.0732597,0.14462845027446747,0.250825,1.28879,0.295943,0.715147,0.370073,,4.24789,1.37492,1.6125,455.5899963378906,,,,,,,510.70000000000016,3.868939393939395,516,3.909090909090909,6.28412,5.53094,5.05845,4.6895,4.37233,4.0824,3.797,3.48704,3.10979,5.18301,4.95482,4.79573,4.66664,4.54845,4.43845,4.31935,4.18116,3.99298,"Andrew Heaney","15423",571760
"Steven Matz","STL",7.271,7.0943,7.836,3.91993,41.82,17.82,0,0.6474,,120.934,507.953,117.146,57.0945,52.6726,15.2242,34.3977,0.7741,4.8332,106.817,7.9494,2.5599,3.10535,1.133,0.210289,0.0677183,0.14257066696882248,0.249927,1.25311,0.293994,0.725252,0.438395,,4.0097,1.34438,1.52735,641.1699829101562,,,,,,,507.7000000000001,4.1958677685950425,511,4.223140495867769,6.12534,5.28039,4.75894,4.3533,4.01154,3.69575,3.38788,3.06201,2.66407,4.91108,4.66307,4.48703,4.34902,4.221,4.09299,3.96497,3.81696,3.62093,"Steven Matz","13361",571927
"Kyle Freeland","COL",7.4238,11.6037,9.7993,5.12573,27.54,27.54,0,0,,155.761,680.478,179.74,94.5451,88.7101,26.3929,42.1475,0.3858,5.929,115.044,6.64734,2.43531,2.72957,1.525,0.169064,0.0619381,0.10712601616978645,0.284218,1.42453,0.312338,0.68857,0.407876,,4.81803,1.33235,1.41562,750.1900024414062,,,,,,,452.60000000000014,2.901282051282052,528,3.3846153846153846,6.92,6.34,5.95,5.63,5.35,5.09,4.82,4.52,4.14,6.13,5.89,5.71,5.57,5.44,5.31,5.18,5.03,4.82,"Kyle Freeland","16256",607536
"Jameson Taillon","CHC",9.4505,10.7813,12.9571,4.46742,29.16,29.16,0,0,,167.813,711.074,175.089,89.1169,83.2992,26.0297,40.4715,0.3776,5.3651,134.919,7.23585,2.17053,3.33368,1.396,0.18974,0.056916,0.1328238621354103,0.263197,1.28452,0.295583,0.705919,0.384962,,4.39438,1.32746,1.35489,352.760009765625,,,,,,,603.4000000000001,3.5916666666666672,637,3.7916666666666665,6.12,5.58,5.22,4.93,4.68,4.43,4.19,3.92,3.57,5.38,5.16,5,4.87,4.76,4.64,4.52,4.39,4.2,"Jameson Taillon","11674",592791
"Mitchell Parker","WSN",8.583,10.1708,11.3692,4.25984,35.92,25.92,0,0.6126,,155.378,666.769,150.646,79.007,73.5431,22.4608,56.7282,0.5435,4.4973,136.429,7.9024,3.28587,2.40496,1.301,0.204612,0.0850792,0.11953315138816833,0.248778,1.33464,0.28699,0.729653,0.382541,,4.47174,1.30674,1.71528,491.8500061035156,,,,,,,576.8,3.721290322580645,582,3.7548387096774194,6.16005,5.47579,5.03431,4.69213,4.3996,4.12351,3.86064,3.56227,3.20648,5.24109,4.99237,4.82302,4.6743,4.54495,4.42495,4.29559,4.14688,3.94817,"Mitchell Parker","27636",680730
"Antonio Senzatela","COL",6.8357,10.4642,7.3373,5.0857,41.68,22.68,0,0.5573,,143.334,627.249,170.061,86.9578,80.995,21.3886,38.8709,0.9109,6.1232,92.4004,5.80185,2.44072,2.37711,1.343,0.147311,0.0619704,0.08534011244773865,0.292073,1.45766,0.31736,0.681466,0.472283,,4.7588,1.2878,1.10283,999,,,,,,,410.9000000000001,2.873426573426574,495,3.4615384615384617,7.37039,6.55121,6.02565,5.61395,5.25551,4.9237,4.59719,4.24465,3.80477,6.26384,5.96516,5.75781,5.57914,5.42914,5.27179,5.11312,4.93444,4.70577,"Antonio Senzatela","15488",622608
"Tobias Myers","MIL",8.0974,9.2378,9.3522,4.3626,41.68,22.68,0,0.5961,,144.961,621.501,143.798,75.2488,70.2675,22.9683,44.1057,0.686,5.8856,131.883,8.188,2.73833,2.99015,1.426,0.2122,0.0709664,0.14123357832431793,0.25161,1.29623,0.289996,0.723314,0.38064,,4.44128,1.24291,1.33437,318.3699951171875,,,,,,,533.7,3.680689655172414,544,3.7517241379310344,6.40617,5.64772,5.16956,4.795,4.47354,4.17864,3.87898,3.56325,3.17276,5.33121,5.08252,4.91514,4.77514,4.64777,4.51908,4.39039,4.2417,4.04432,"Tobias Myers","22191",668964
"Eury Pérez","MIA",4.7157,5.2032,6.7975,3.93397,14.58,14.58,0,0,,80.6072,338.544,71.2552,37.6794,35.234,11.3029,26.4081,0.2031,3.1694,89.8552,10.0326,2.94853,3.40256,1.262,0.265417,0.0780049,0.18741169571876526,0.230624,1.2116,0.288498,0.732948,0.345659,,3.86071,1.23992,1.36134,470.5,,,,,,,372.4999999999999,4.598765432098764,355,4.382716049382716,6,5.22,4.72,4.34,4,3.69,3.39,3.06,2.67,4.97,4.68,4.48,4.31,4.17,4.03,3.88,3.71,3.5,"Eury Perez","27768",691587
"Kyle Harrison","SFG",8.0231,8.424,10.9104,4.01397,24.3,24.3,0,0,,133.085,569.712,121.628,63.9125,59.3554,17.3306,49.2237,0.3122,7.0696,136.008,9.19768,3.3288,2.76306,1.172,0.238731,0.086401,0.15233011543750763,0.236898,1.28378,0.28965,0.729517,0.386089,,4.0844,1.22299,1.56386,367.44000244140625,,,,,,,561.9000000000001,4.224812030075189,548,4.120300751879699,5.77,5.17,4.78,4.46,4.19,3.93,3.67,3.39,3.04,4.99,4.74,4.56,4.42,4.29,4.17,4.04,3.89,3.7,"Kyle Harrison","27758",690986
"Rhett Lowder","CIN",6.7192,7.8673,7.1356,4.54491,41.82,17.82,0,0.6083,,124.205,535.542,130.212,67.6248,62.7223,18.4375,39.6929,0.8431,5.3093,101.653,7.36583,2.87618,2.56098,1.336,0.189813,0.0741173,0.11569532006978989,0.265447,1.36794,0.301728,0.709824,0.463101,,4.54637,1.2093,1.04062,488.57000732421875,,,,,,,431.19999999999993,3.4774193548387093,459,3.7016129032258065,6.91241,6.03135,5.46599,5.03382,4.65904,4.31813,3.97687,3.62561,3.18209,5.72508,5.41088,5.19281,5.01667,4.8586,4.7086,4.54247,4.3644,4.12827,"Rhett Lowder","33876",695076
"DJ Herz","WSN",7.0537,7.6548,8.1759,4.00834,36.44,19.44,0,0.6126,,121.341,522.101,102.777,58.0881,54.0418,16.1788,58.863,0.6329,5.7447,131.143,9.72699,4.36593,2.22793,1.2,0.251182,0.112743,0.1384398564696312,0.224653,1.33212,0.279195,0.745034,0.365197,,4.3356,1.20108,1.6302,320.92999267578125,,,,,,,501.8000000000001,4.14710743801653,468,3.8677685950413223,6.12947,5.31357,4.80492,4.41289,4.07207,3.76966,3.47284,3.15164,2.76463,4.98512,4.72792,4.55932,4.41072,4.27352,4.15352,4.01633,3.86913,3.67193,"DJ Herz","26389",687792
"Frankie Montas","NYM",6.8294,6.2211,8.3562,4.0806,19.44,19.44,0,0,,105.055,448.955,99.5275,51.4827,47.6321,14.1124,37.2677,0.5114,4.2947,100.652,8.62281,3.19269,2.7008,1.209,0.224193,0.0830099,0.14118295907974243,0.244304,1.30212,0.29189,0.728931,0.424472,,4.1835,1.18562,1.18781,429.42999267578125,,,,,,,423.79999999999995,4.036190476190476,422,4.019047619047619,6,5.33,4.9,4.55,4.25,3.97,3.7,3.39,3.01,5.04,4.81,4.64,4.51,4.38,4.26,4.14,4,3.81,"Frankie Montas","14309",593423
"Jose Quintana","MIL",7.7634,8.8564,10.4747,4.33789,24.3,24.3,0,0,,135.73,592.447,138.859,70.755,65.4201,17.7353,49.9623,0.3756,5.745,113.998,7.55902,3.31291,2.28168,1.176,0.192419,0.0843321,0.1080869734287262,0.258708,1.39116,0.299066,0.719953,0.438596,,4.41665,1.17194,1.37621,531.760009765625,,,,,,,483.60000000000014,3.5558823529411776,506,3.7205882352941178,6.15,5.55,5.16,4.84,4.57,4.31,4.04,3.76,3.39,5.31,5.08,4.92,4.79,4.67,4.55,4.43,4.29,4.1,"Jose Quintana","11423",500779
"Clayton Kershaw","LAD",4.8417,3.9252,6.0489,3.90249,12.96,12.96,0,0,,71.4155,300.444,69.4455,33.5893,30.9665,9.83947,19.7133,0.1887,2.5237,66.3612,8.36304,2.48433,3.36632,1.24,0.220877,0.0656139,0.15526320040225983,0.249618,1.24845,0.29507,0.737157,0.443384,,4.03326,1.08157,0.993393,520.8900146484375,,,,,,,286,4.028169014084507,288,4.056338028169014,6.09,5.28,4.76,4.36,4.02,3.7,3.39,3.05,2.65,4.9,4.65,4.48,4.33,4.2,4.08,3.95,3.8,3.6,"Clayton Kershaw","2036",477132
"Quinn Mathews","STL",6.2721,6.0685,7.9198,3.90994,28.2,16.2,0,0.6474,,104.34,445.479,98.2599,49.2505,45.3293,12.4281,38.8964,0.5575,4.9074,96.1512,8.29366,3.35507,2.47198,1.072,0.215838,0.0873137,0.12852411717176437,0.244625,1.31451,0.292846,0.734035,0.439956,,4.13134,1.0593,1.39524,382.3500061035156,,,,,,,431.2,4.146153846153846,428,4.115384615384615,6.18651,5.29735,4.74949,4.33694,3.98819,3.66749,3.35369,3.02564,2.62334,5.02834,4.73064,4.52294,4.35409,4.20524,4.05754,3.90869,3.73984,3.51214,"Quinn Mathews","sa3023407",687273
"Edwin Díaz","NYM",3.8095,2.5556,0,2.93859,65,0,36.046,1.5118,,65,265.198,46.4647,23.0984,21.2232,6.045,24.0858,1.3207,3.1251,90.1681,12.4848,3.33496,3.74362,0.837,0.340003,0.090822,0.24918097257614136,0.19524,1.08539,0.2851,0.764278,0.398565,,2.85696,1.03944,1.01089,39.939998626708984,,,,,,,574.6,8.84,534,8.215384615384615,4.9,4.12,3.64,3.27,2.96,2.68,2.41,2.12,1.79,3.86,3.6,3.43,3.29,3.16,3.04,2.91,2.77,2.59,"Edwin Diaz","14710",621242
"Dustin May","LAD",4.4787,3.4476,2.3702,3.5662,51.86,4.86,0,4.4624,,74.4167,309.831,65.374,32.0602,29.4872,8.31813,25.0161,1.0001,3.4905,81.7299,9.88446,3.02546,3.26709,1.006,0.263789,0.0807411,0.18304752558469772,0.232379,1.21465,0.29829,0.740747,0.455314,,3.57225,0.978388,0.917414,415.92999267578125,,,,,,,376.20000000000005,5.083783783783784,362,4.891891891891892,6.2479,5.11421,4.43684,3.92158,3.49737,3.12053,2.76105,2.39789,1.96842,4.64842,4.35105,4.14737,3.98368,3.83632,3.69263,3.54263,3.37526,3.16421,"Dustin May","19716",669160
"Ryan Helsley","STL",3.6986,2.7639,0,3.06075,66,0,34.616,1.9721,,66,270.603,50.4347,24.3752,22.4455,6.54867,24.8505,1.7524,2.0812,83.268,11.3547,3.3887,3.35076,0.893,0.307713,0.0918338,0.21587897092103958,0.206978,1.14068,0.285244,0.769998,0.380342,,3.15726,0.956446,1.06173,52.060001373291016,,,,,,,540.3000000000001,8.186363636363637,507,7.681818181818182,5.05,4.26,3.78,3.4,3.09,2.8,2.53,2.24,1.89,3.98,3.72,3.55,3.41,3.29,3.17,3.04,2.9,2.72,"Ryan Helsley","18138",664854
"Matt Strahm","PHI",3.7138,2.8464,0,3.29852,67,0,3.128,11.7931,,67,272.358,54.3325,26.3573,24.5557,8.375,18.9196,1.5674,3.2762,79.2918,10.6511,2.54144,4.19099,1.125,0.291131,0.0694659,0.22166486084461212,0.217189,1.09331,0.282823,0.762181,0.35014,,3.4184,0.929076,0.997636,480.8699951171875,,,,,,,412,6.149253731343284,386,5.7611940298507465,5.31,4.51,4.01,3.63,3.31,3.01,2.72,2.42,2.06,4.21,3.95,3.78,3.63,3.5,3.38,3.25,3.11,2.92,"Matt Strahm","13799",621381
"Jordan Montgomery","ARI",6.7901,6.7778,6.8209,4.20755,42.2,16.2,0,0.6244,,115.75,494.701,121.734,58.5667,54.1137,13.9414,32.935,1.1216,3.6895,90.9049,7.06821,2.56082,2.76013,1.084,0.183757,0.0665756,0.1171816885471344,0.265751,1.33624,0.305164,0.711074,0.443063,,4.11078,0.916684,1.16025,450.4800109863281,,,,,,,444.00000000000006,3.827586206896552,473,4.077586206896552,6.50739,5.63812,5.094,4.67458,4.30864,3.98168,3.65922,3.3135,2.89227,5.13929,4.92153,4.77378,4.64603,4.53052,4.42052,4.30276,4.17501,3.99726,"Jordan Montgomery","16511",656756
"Jordan Hicks","SFG",8.0628,8.8304,9.4974,4.06102,39.68,22.68,0,0.6315,,138.904,601.7,133.747,68.4388,62.6771,14.0911,58.5936,0.5969,7.7505,125.722,8.14591,3.79644,2.14567,0.913,0.208945,0.0973801,0.1115652322769165,0.249829,1.3847,0.302512,0.717801,0.502004,,4.10793,0.916334,1.33287,441.260009765625,,,,,,,563.0000000000001,4.050359712230216,568,4.086330935251799,6.17116,5.40388,4.92657,4.54496,4.22436,3.92988,3.64153,3.32806,2.94827,5.13188,4.86555,4.68678,4.538,4.39922,4.27045,4.13167,3.9829,3.77534,"Jordan Hicks","19618",663855
"Paul Blackburn","NYM",6.7393,6.3917,6.1696,4.12148,47.58,14.58,0,0.6719,,113.532,485.012,114.336,56.3092,51.9909,15.3899,32.5048,1.7438,4.6241,97.6932,7.74443,2.57675,3.0055,1.22,0.201424,0.0670185,0.13440575450658798,0.25528,1.29339,0.295537,0.722547,0.4444,,4.18882,0.908149,0.868654,643.0599975585938,,,,,,,448.69999999999993,3.935964912280701,461,4.043859649122807,6.46264,5.58459,5.03428,4.6116,4.24896,3.91385,3.59125,3.24869,2.82865,5.16917,4.91419,4.73671,4.59173,4.46173,4.33424,4.19926,4.05177,3.85679,"Paul Blackburn","14739",621112
"Tylor Megill","NYM",5.3239,4.4248,3.5285,3.67418,52.1,8.1,0,0.6719,,87.838,367.154,78.1894,38.8629,35.8591,10.6186,29.6534,0.7701,3.5621,91.379,9.36282,3.03833,3.08157,1.088,0.248885,0.0807656,0.16811909526586533,0.234143,1.22775,0.291328,0.741905,0.426465,,3.79184,0.90511,0.932945,420.3299865722656,,,,,,,397.1000000000001,4.512500000000001,381,4.329545454545454,6.17842,5.12587,4.48604,3.99904,3.59058,3.22639,2.87648,2.51229,2.08811,4.52468,4.30186,4.14758,4.01331,3.89904,3.79049,3.67049,3.54194,3.3634,"Tylor Megill","21318",656731
"Michael Soroka","WSN",6.181,7.3598,5.8646,4.26111,51.58,14.58,0,0.6126,,117.283,504.201,111.087,59.8091,55.5285,15.6247,46.0764,1.2485,6.3963,109.191,8.37907,3.53578,2.36979,1.199,0.216563,0.091385,0.12517844885587692,0.245916,1.34004,0.292013,0.719604,0.423492,,4.37856,0.869794,0.964811,507.3699951171875,,,,,,,446.4000000000002,3.815384615384617,443,3.786324786324786,6.64006,5.7328,5.15601,4.71131,4.33292,3.99083,3.64821,3.28875,2.85244,5.32077,5.04708,4.85339,4.69655,4.55655,4.42286,4.27601,4.11232,3.90548,"Michael Soroka","18383",647336
"Bailey Falter","PIT",6.7581,8.622,6.74,4.59918,43.44,19.44,0,0.6021,,127.601,547.997,134.217,69.6185,65.2065,19.5087,37.7852,0.592,4.1012,96.9022,6.83476,2.66509,2.56455,1.376,0.17683,0.0689515,0.10787833482027054,0.265193,1.34797,0.294351,0.707608,0.36907,,4.61999,0.817927,0.923942,705.02001953125,,,,,,,424.80000000000007,3.3187500000000005,452,3.53125,6.83909,5.99614,5.45903,5.04636,4.68875,4.35865,4.0342,3.68351,3.25847,5.57894,5.33082,5.15458,5.01646,4.88834,4.76022,4.63022,4.47398,4.27774,"Bailey Falter","20070",663559
"Cade Cavalli","WSN",4.8122,5.6059,5.8769,4.2025,27.96,12.96,0,0.6126,,88.762,379.946,83.4805,44.6113,41.447,11.8744,33.1823,0.5758,5.0134,82.8914,8.40475,3.36451,2.49806,1.204,0.218166,0.0873343,0.1308320090174675,0.244273,1.31433,0.289921,0.720237,0.409918,,4.32882,0.808114,0.923582,624.7999877929688,,,,,,,351.2,3.946067415730337,345,3.8764044943820224,6.74054,5.72155,5.08874,4.61467,4.20918,3.84214,3.49186,3.12834,2.68158,5.3703,5.05199,4.82368,4.64536,4.47874,4.32043,4.15212,3.97381,3.72719,"Cade Cavalli","27473",676917
"Tanner Scott","LAD",3.8005,2.6624,0,3.13898,66,0,24.752,7.592,,66,275.115,51.6033,25.2962,23.0192,6.15267,29.6191,1.7431,2.8733,82.4785,11.2471,4.03897,2.78464,0.839,0.299796,0.107661,0.19213566184043884,0.21269,1.23064,0.29515,0.770241,0.470226,,3.35595,0.801125,0.964177,114.72000122070312,,,,,,,501.40000000000015,7.596969696969699,474,7.181818181818182,5.2,4.41,3.91,3.54,3.22,2.92,2.64,2.35,1.99,4.08,3.84,3.67,3.54,3.42,3.3,3.18,3.04,2.86,"Tanner Scott","17586",656945
"Grant Holmes","ATL",6.7707,6.3972,6.0024,4.27787,47.58,14.58,0,0.6188,,114.173,489.238,114.817,58.462,54.2687,15.1089,36.5292,1.5323,4.7236,103.032,8.12173,2.8795,2.82053,1.191,0.210596,0.0746655,0.13593077659606934,0.256297,1.32559,0.302289,0.713432,0.427845,,4.16594,0.793243,1.01802,299.42999267578125,,,,,,,444.0999999999999,3.8956140350877186,459,4.026315789473684,6.6811,5.75548,5.17901,4.72854,4.34964,3.9994,3.65917,3.29761,2.86183,5.35299,5.07166,4.87455,4.71744,4.57322,4.43611,4.28901,4.12479,3.90768,"Grant Holmes","16944",656550
"Cal Quantrill","MIA",6.9972,10.9014,10.0228,4.83661,25.92,25.92,0,0,,146.449,646.005,156.912,84.4647,78.702,20.9097,53.1501,0.2662,8.2075,109.637,6.73774,3.26632,2.06279,1.285,0.169716,0.0822751,0.08744095265865326,0.268387,1.43437,0.299498,0.69472,0.42361,,4.78222,0.775954,0.911748,701.47998046875,,,,,,,450.90000000000015,3.088356164383563,494,3.3835616438356166,6.65,6.06,5.67,5.36,5.08,4.81,4.54,4.25,3.87,5.83,5.6,5.43,5.29,5.17,5.05,4.92,4.77,4.58,"Cal Quantrill","19312",615698
"Orion Kerkering","PHI",3.5064,2.6621,0,3.20273,63,0,5.214,12.2412,,63,259.153,51.9158,24.5472,22.4191,6.097,21.4291,1.3504,3.3234,72.3259,10.3323,3.0613,3.37513,0.871,0.279086,0.082689,0.19639670848846436,0.221483,1.1642,0.293752,0.752945,0.464651,,3.30722,0.774488,0.883605,305.05999755859375,,,,,,,402.2000000000001,6.384126984126985,382,6.063492063492063,5.33,4.5,3.98,3.59,3.26,2.96,2.66,2.36,1.99,4.21,3.94,3.75,3.6,3.47,3.33,3.2,3.05,2.85,"Orion Kerkering","31776",689147
"Austin Gomber","COL",6.7339,10.9782,8.2237,5.27602,25.92,25.92,0,0,,143.089,626.486,166.663,89.1972,83.8826,25.7561,39.9285,0.748,4.1849,102.265,6.4322,2.51141,2.56119,1.62,0.163235,0.0637341,0.09950103610754013,0.286179,1.44379,0.310127,0.688397,0.397225,,5.00198,0.764237,1.13218,745.47998046875,,,,,,,376.2000000000001,2.6307692307692316,449,3.13986013986014,7.13,6.52,6.11,5.79,5.5,5.22,4.94,4.63,4.24,6.28,6.03,5.86,5.72,5.59,5.46,5.33,5.17,4.97,"Austin Gomber","16561",596295
"Ian Anderson","ATL",6.0341,5.8428,6.913,4.38294,24.2,16.2,0,0.6188,,99.1181,431.201,101.527,52.2766,48.2699,12.1695,38.8642,0.7252,3.2917,83.9904,7.62639,3.5289,2.16113,1.105,0.194782,0.0901301,0.10465236753225327,0.260965,1.4164,0.305094,0.714324,0.466274,,4.34377,0.759398,0.929954,562.0399780273438,,,,,,,365.8,3.694949494949495,385,3.888888888888889,6.72447,5.83404,5.27704,4.85507,4.48844,4.15907,3.83535,3.48728,3.07405,5.48189,5.2035,5.01431,4.85512,4.71592,4.57673,4.42754,4.26834,4.04996,"Ian Anderson","19951",666120
"Javier Assad","CHC",7.7144,8.8272,7.9557,4.4333,45.06,21.06,0,0.6254,,137.887,598.975,139.349,73.209,67.9215,18.7986,52.182,0.8444,5.61,116.92,7.63144,3.40597,2.24061,1.227,0.195199,0.0871188,0.10808048397302628,0.25749,1.38905,0.297314,0.716179,0.429073,,4.50032,0.756733,0.862279,634.1500244140625,,,,,,,490.1,3.551449275362319,507,3.6739130434782608,6.61399,5.80997,5.30686,4.90813,4.57158,4.25547,3.94284,3.61369,3.20803,5.43076,5.1925,5.02424,4.87772,4.74946,4.62946,4.5012,4.35468,4.15816,"Javier Assad","21741",665871
"Hayden Birdsong","SFG",6.826,7.2731,7.3708,4.0144,39.82,17.82,0,0.6315,,117.464,506.638,104.603,56.5575,52.3943,14.2915,51.3766,0.7349,6.0239,125.136,9.58781,3.93642,2.43567,1.095,0.246993,0.101407,0.14558640122413635,0.232846,1.32789,0.291507,0.731199,0.405841,,4.08351,0.708275,1.06507,413.05999755859375,,,,,,,503.60000000000014,4.304273504273506,486,4.153846153846154,6.24806,5.38508,4.85391,4.43896,4.08712,3.76465,3.45592,3.12468,2.71906,5.04706,4.7808,4.59268,4.43642,4.30017,4.16204,4.02579,3.86766,3.6614,"Hayden Birdsong","31635",806185
"Trevor Megill","MIL",3.3911,2.8742,0,3.46406,64,0,27.897,2.2011,,64,264.682,51.9487,26.49,24.6333,7.49511,22.6573,1.6201,2.5566,78.8148,11.0833,3.18618,3.47856,1.054,0.297772,0.085602,0.21216966211795807,0.216934,1.16572,0.290246,0.750489,0.373312,,3.40786,0.700998,0.772937,132.27999877929688,,,,,,,480.3,7.5046875,457,7.140625,5.58,4.75,4.22,3.82,3.48,3.17,2.87,2.55,2.17,4.43,4.16,3.97,3.82,3.69,3.56,3.42,3.27,3.07,"Trevor Megill","17722",656730
"Ryan Walker","SFG",3.732,2.9259,0,3.0498,68,0,28.015,4.9551,,68,278.917,55.1038,25.2746,23.0429,6.18044,21.5366,1.4345,3.61,80.5663,10.6632,2.85043,3.7409,0.818,0.288854,0.0772151,0.211638942360878,0.21714,1.12706,0.292913,0.755515,0.450251,,3.08785,0.696748,0.938198,85.11000061035156,,,,,,,530.4000000000001,7.800000000000002,506,7.4411764705882355,5.05,4.28,3.8,3.43,3.12,2.83,2.56,2.27,1.92,3.99,3.74,3.57,3.43,3.31,3.19,3.07,2.93,2.75,"Ryan Walker","20423",676254
"Aaron Bummer","ATL",3.5169,2.4564,0,3.0932,61,0,1.071,14.3123,,61,254.485,52.5095,23.3506,20.965,4.25644,24.0244,1.6414,2.837,68.1271,10.0515,3.54458,2.83575,0.628,0.267706,0.094404,0.17330174148082733,0.230686,1.25465,0.310829,0.753573,0.556826,,3.16097,0.691162,0.943438,741.3300170898438,,,,,,,380.40000000000003,6.236065573770492,369,6.049180327868853,5.26,4.43,3.92,3.53,3.19,2.89,2.6,2.3,1.94,4.11,3.85,3.68,3.54,3.41,3.29,3.16,3.02,2.83,"Aaron Bummer","16258",607481
"Colin Rea","CHC",6.5521,7.8951,7.5521,4.60565,31.44,19.44,0,0.6254,,119.957,516.187,125.537,65.7951,61.3868,18.62,34.0744,0.6283,5.534,97.4039,7.30789,2.55649,2.85857,1.397,0.188699,0.0660117,0.12268711626529694,0.263412,1.33057,0.296534,0.702515,0.410025,,4.55095,0.690706,0.581265,598.6699829101562,,,,,,,404.69999999999993,3.3724999999999996,431,3.591666666666667,6.81105,5.982,5.46098,5.05496,4.71295,4.39794,4.07993,3.74593,3.32792,5.60997,5.36197,5.18397,5.04397,4.90597,4.77697,4.64797,4.49897,4.29098,"Colin Rea","12317",607067
"Bubba Chandler","PIT",4.4501,5.6331,6.2762,4.51244,14.58,14.58,0,0,,83.106,362.75,82.5364,44.8321,41.6679,10.7853,34.7213,0.2456,4.0222,72.0215,7.7996,3.76016,2.07427,1.168,0.198543,0.0957169,0.10282619297504425,0.254737,1.41094,0.297476,0.708955,0.422225,,4.51893,0.681519,0.807319,298.260009765625,,,,,,,290.1,3.4951807228915666,299,3.602409638554217,6.72,5.93,5.41,5.01,4.66,4.34,4.01,3.66,3.23,5.63,5.34,5.13,4.97,4.82,4.67,4.52,4.35,4.13,"Bubba Chandler","sa3017428",696149
"Justin Martinez","ARI",3.7829,2.7776,0,3.11196,67,0,17.026,8.8503,,67,281.631,52.6983,25.632,23.1668,4.65278,33.9653,2.0486,3.0816,83.6117,11.2314,4.5625,2.46168,0.625,0.296884,0.120602,0.17628171294927597,0.215461,1.29349,0.307354,0.76147,0.510694,,3.2322,0.680481,0.99066,186.3699951171875,,,,,,,474.49999999999994,7.082089552238805,448,6.686567164179104,5.19,4.4,3.91,3.53,3.21,2.92,2.64,2.34,1.98,4.11,3.85,3.68,3.54,3.41,3.28,3.15,3.01,2.82,"Justin Martinez","24453",679885
"José Alvarado","PHI",3.2943,2.5802,0,3.29494,60,0,3.128,10.4494,,60,252.207,48.7528,24.1277,21.9663,5.72667,27.1175,1.8086,2.5069,70.0734,10.511,4.06763,2.58407,0.859,0.277841,0.107521,0.17032001912593842,0.219032,1.26451,0.293128,0.762569,0.474665,,3.5527,0.679663,0.821058,634.8499755859375,,,,,,,347.79999999999995,5.796666666666666,327,5.45,5.49,4.64,4.11,3.71,3.36,3.05,2.75,2.44,2.06,4.29,4.03,3.86,3.71,3.58,3.46,3.33,3.19,3,"Jose Alvarado","17780",621237
"Jason Adam","SDP",3.5977,2.9616,0,3.43343,67,0,3.263,12.2635,,67,277.663,54.1864,27.6724,25.56,7.41467,23.4944,1.6732,4.3213,77.8077,10.4518,3.15596,3.31176,0.996,0.280224,0.0846148,0.1956087127327919,0.216878,1.15941,0.284111,0.743064,0.409357,,3.52801,0.667051,0.668978,337.4800109863281,,,,,,,407.29999999999995,6.079104477611939,382,5.701492537313433,5.53,4.72,4.21,3.82,3.48,3.18,2.88,2.57,2.19,4.4,4.14,3.96,3.81,3.68,3.55,3.42,3.27,3.08,"Jason Adam","11861",592094
"AJ Smith-Shawver","ATL",4.9281,4.5269,3.3362,4.19522,48.1,8.1,0,0.6188,,85.4036,364.987,77.4238,42.5114,39.8096,12.1463,33.7056,1.0531,3.3721,91.4279,9.63485,3.55196,2.71254,1.28,0.250496,0.0923474,0.15814892947673798,0.236113,1.30123,0.290982,0.729012,0.354398,,4.17673,0.663796,0.616406,474.3699951171875,,,,,,,356.2,4.1905882352941175,344,4.047058823529412,6.85594,5.76657,5.09657,4.58126,4.15062,3.75468,3.37404,2.98278,2.51151,5.22126,4.94062,4.74531,4.58468,4.44936,4.30404,4.16341,3.99809,3.78746,"AJ Smith-Shawver","29960",700363
"Chase Dollander","COL",4.8344,7.5229,6.4946,5.11245,17.82,17.82,0,0,,101.574,447.66,106.661,61.4172,57.6991,16.8613,40.4398,0.3031,5.8594,89.2848,7.91111,3.58318,2.20784,1.494,0.199448,0.090336,0.10911182314157486,0.26575,1.44822,0.304186,0.693824,0.39783,,4.93391,0.66218,1.0267,999,,,,,,,307.50000000000006,3.0147058823529416,329,3.2254901960784315,7.28,6.52,6.02,5.62,5.27,4.95,4.62,4.26,3.82,6.35,6,5.77,5.57,5.4,5.23,5.05,4.85,4.59,"Chase Dollander","sa3023361",801403
"Jeremiah Estrada","SDP",3.4695,2.6989,0,3.25241,63,0,3.263,13.6279,,63,260.546,46.9462,24.5707,22.7669,6.902,27.6147,1.5023,2.2248,82.4417,11.7774,3.94496,2.98543,0.986,0.316419,0.105988,0.21043118834495544,0.203489,1.18351,0.283273,0.770288,0.366011,,3.39443,0.658449,0.770428,438.8699951171875,,,,,,,402.90000000000003,6.395238095238096,369,5.857142857142857,5.33,4.5,3.99,3.59,3.26,2.96,2.67,2.37,2,4.2,3.93,3.75,3.6,3.47,3.34,3.21,3.06,2.87,"Jeremiah Estrada","22210",669093
"A.J. Puk","ARI",3.5206,2.7456,0,3.37616,64,0,17.404,7.1383,,64,265.56,53.6989,26.025,24.0082,6.62044,22.3039,1.6659,3.0999,74.5563,10.4845,3.13649,3.34275,0.931,0.280751,0.0839882,0.1967630535364151,0.2236,1.18754,0.296129,0.748909,0.408389,,3.37218,0.638569,0.826337,242.69000244140625,,,,,,,435.1,6.7984375,417,6.515625,5.49,4.67,4.15,3.75,3.42,3.11,2.81,2.5,2.13,4.33,4.07,3.9,3.75,3.62,3.5,3.37,3.22,3.03,"A.J. Puk","19343",640462
"Matt Waldron","SDP",4.521,5.1402,5.3213,4.46987,20.96,12.96,0,0.6081,,80.5974,342.879,80.7406,42.8578,40.0289,12.5911,23.5057,0.3141,4.2538,65.7215,7.33887,2.62479,2.79598,1.406,0.191675,0.0685539,0.12312156707048416,0.256222,1.29342,0.287785,0.708721,0.395089,,4.59977,0.637084,0.559846,561.8099975585938,,,,,,,280.9,3.467901234567901,288,3.5555555555555554,6.94194,5.95015,5.34273,4.87707,4.48729,4.12744,3.78354,3.4256,2.9756,5.43364,5.19464,5.02662,4.88762,4.75861,4.6396,4.51059,4.36258,4.16456,"Matt Waldron","25550",663362
"Ben Brown","CHC",2.6905,2.2565,1.5512,3.45582,31.24,3.24,0,0.6254,,46.0225,191.496,38.2663,19.1456,17.6717,5.19543,16.652,0.6662,1.7824,53.7472,10.5106,3.25641,3.22767,1.016,0.28067,0.0869574,0.19371264427900314,0.221114,1.19329,0.289793,0.750822,0.401002,,3.5,0.628228,0.638333,417.69000244140625,,,,,,,235.10000000000002,5.110869565217392,220,4.782608695652174,6.5374,5.12118,4.2972,3.69063,3.20972,2.79056,2.39531,2.01007,1.57482,4.43153,4.16762,3.98979,3.84195,3.70804,3.58412,3.44629,3.30237,3.10454,"Ben Brown","23590",676962
"Raisel Iglesias","ATL",3.7896,2.8685,0,3.45467,68,0,32.136,1.4565,,68,281.224,60.3648,28.2377,26.1019,7.85022,18.5625,1.6595,2.5473,75.2145,9.95486,2.4568,4.05196,1.039,0.267454,0.0660061,0.201447956264019,0.23207,1.1607,0.29661,0.746127,0.402316,,3.38638,0.620953,0.810586,51.560001373291016,,,,,,,496.80000000000007,7.305882352941177,484,7.117647058823529,5.54,4.74,4.23,3.84,3.51,3.2,2.91,2.6,2.22,4.41,4.16,3.98,3.83,3.7,3.58,3.45,3.3,3.11,"Raisel Iglesias","17130",628452
"Trevor Williams","WSN",5.9989,7.5213,5.206,4.44726,52.58,14.58,0,0.6126,,116.14,498.201,119.521,61.5655,57.3894,17.8855,34.2127,1.2728,4.3423,94.0218,7.28601,2.65124,2.74815,1.386,0.188723,0.0686725,0.12005013972520828,0.260028,1.32369,0.292275,0.716181,0.400519,,4.54528,0.616204,0.691312,527.4600219726562,,,,,,,403.0000000000001,3.4741379310344835,424,3.6551724137931036,6.85456,5.93659,5.35424,4.90497,4.5188,4.1659,3.81954,3.44972,3.00318,5.46479,5.20133,5.02461,4.87788,4.74115,4.61442,4.47769,4.32424,4.11751,"Trevor Williams","16977",592866
"Andrew Painter","PHI",4.1704,4.4388,4.9406,4.39562,19.34,11.34,0,0.5848,,72.638,309.42,70.1512,37.9423,35.4766,11.4768,24.0951,0.3805,3.109,66.1048,8.19052,2.98543,2.7435,1.422,0.213641,0.0778718,0.13576916605234146,0.248573,1.29748,0.286728,0.720195,0.380152,,4.52391,0.616014,0.727286,999,,,,,,,277.90000000000003,3.8068493150684937,277,3.7945205479452055,7.0441,5.95009,5.27859,4.78013,4.34929,3.96836,3.60515,3.22744,2.76854,5.5907,5.25291,5.01511,4.82621,4.65731,4.48951,4.32061,4.12282,3.87502,"Andrew Painter","sa3017880",691725
"Blake Treinen","LAD",3.2432,2.5335,0,3.54456,59,0,6.401,13.9598,,59,245.731,52.3255,25.2517,23.2366,6.66044,18.6554,1.3363,2.5966,64.3051,9.80925,2.84574,3.447,1.016,0.261689,0.075918,0.18577103316783905,0.233098,1.20307,0.297466,0.74168,0.447361,,3.53481,0.610133,0.579676,458.1700134277344,,,,,,,363.3,6.157627118644068,352,5.966101694915254,5.81,4.93,4.37,3.95,3.59,3.26,2.95,2.61,2.22,4.59,4.31,4.11,3.95,3.81,3.67,3.53,3.37,3.16,"Blake Treinen","12572",595014
"Ryne Nelson","ARI",5.5452,5.4797,3.9318,4.17915,54.72,9.72,0,0.6244,,98.8924,417.151,101.106,49.2884,45.9207,13.4384,24.9277,2.203,3.4495,82.731,7.52918,2.26862,3.31884,1.223,0.198324,0.059757,0.13856685906648636,0.260065,1.27446,0.299613,0.715775,0.391724,,4.12073,0.597695,0.90163,398.94000244140625,,,,,,,396.1,4.001010101010102,412,4.161616161616162,6.67962,5.69687,5.07687,4.60232,4.19687,3.83142,3.47597,3.09962,2.64782,5.10232,4.87142,4.71597,4.58052,4.45962,4.34417,4.22417,4.08327,3.90237,"Ryne Nelson","26253",669194
"Landen Roupp","SFG",4.2079,4.0132,2.2878,3.6396,54.86,4.86,0,4.2102,,77.2456,328.93,69.6692,34.2034,31.2381,7.69881,30.0904,1.2093,2.9893,77.8742,9.07324,3.50588,2.58801,0.897,0.23675,0.0914797,0.14527041465044022,0.235488,1.29146,0.294708,0.736742,0.470884,,3.73059,0.587871,0.707915,560.5700073242188,,,,,,,362.4000000000001,4.706493506493508,354,4.597402597402597,6.33322,5.22508,4.55043,4.04399,3.62461,3.24581,2.88407,2.51233,2.07705,4.71926,4.44221,4.24868,4.08516,3.9481,3.8081,3.67105,3.50752,3.30047,"Landen Roupp","30076",694738
"David Bednar","PIT",3.1969,3.0665,0,3.81564,64,0,28.334,3.5568,,64,270.842,56.4883,29.1554,27.1334,7.44533,24.1984,1.9184,2.5917,68.5144,9.63484,3.4029,2.83136,1.047,0.252968,0.0893451,0.16362305730581284,0.23146,1.26073,0.291762,0.733404,0.370073,,3.79352,0.557993,0.553003,132.92999267578125,,,,,,,454.9,7.1078125,442,6.90625,6.03,5.18,4.63,4.21,3.86,3.53,3.21,2.88,2.47,4.81,4.54,4.35,4.2,4.06,3.93,3.8,3.64,3.44,"David Bednar","19569",670280
"Ryan Pressly","CHC",3.2617,2.7102,0,3.40416,61,0,25.148,5.2818,,61,253.955,55.2365,25.2697,23.0726,6.01189,18.5448,1.1702,2.1987,64.2044,9.47278,2.73612,3.46212,0.887,0.252818,0.073024,0.1797940582036972,0.236852,1.20953,0.302,0.742169,0.47371,,3.36281,0.554269,0.65305,157.5399932861328,,,,,,,444.60000000000014,7.288524590163937,437,7.163934426229508,5.61,4.76,4.23,3.82,3.48,3.16,2.86,2.54,2.15,4.4,4.14,3.97,3.82,3.69,3.57,3.44,3.29,3.1,"Ryan Pressly","7005",519151
"Tony Gonsolin","LAD",5.9164,6.1916,5.5397,4.6323,36.58,14.58,0,0.7121,,103.252,447.185,104.005,56.6645,53.144,16.8875,35.0732,1.1153,4.5515,92.8082,8.08964,3.05716,2.64613,1.472,0.207539,0.0784311,0.12910763174295425,0.25519,1.34698,0.292475,0.713937,0.370701,,4.6463,0.550597,0.411995,421.94000244140625,,,,,,,352.70000000000005,3.4242718446601947,364,3.533980582524272,7.08753,6.12703,5.51722,5.05478,4.65601,4.29637,3.93357,3.55761,3.10393,5.69758,5.40442,5.2067,5.03898,4.89126,4.74582,4.5981,4.43038,4.20494,"Tony Gonsolin","19388",664062
"Reed Garrett","NYM",3.6156,2.8464,0,3.44649,66,0,0,14.5128,,66,278.481,55.4152,27.5799,25.2743,7.03267,27.0993,1.5756,2.5718,74.6978,10.1861,3.69536,2.75645,0.959,0.268233,0.0973111,0.1709218993782997,0.222721,1.25022,0.289578,0.755959,0.438422,,3.63682,0.550388,0.522,743.9099731445312,,,,,,,379.30000000000007,5.746969696969698,359,5.4393939393939394,5.6,4.78,4.26,3.86,3.52,3.21,2.91,2.6,2.21,4.46,4.19,4.01,3.86,3.72,3.59,3.46,3.31,3.11,"Reed Garrett","16866",657585
"Robert Suarez","SDP",3.439,2.9241,0,3.54911,65,0,27.558,3.6486,,65,269.71,56.4994,27.7411,25.6325,7.77833,21.9724,1.6706,2.2855,68.756,9.52006,3.04233,3.1292,1.077,0.254926,0.0814668,0.17345890402793884,0.230185,1.20726,0.288431,0.750653,0.410348,,3.72617,0.540382,0.557762,90.88999938964844,,,,,,,459,7.061538461538461,443,6.815384615384615,5.71,4.88,4.35,3.94,3.6,3.29,2.98,2.66,2.27,4.55,4.28,4.09,3.94,3.8,3.67,3.54,3.38,3.18,"Robert Suarez","30115",663158
"Johan Oviedo","PIT",4.0108,4.8182,4.0015,4.35672,31.72,9.72,0,0.6021,,76.5925,332.614,75.7723,39.9645,37.0769,9.14004,31.2554,1.2947,4.2355,66.9258,7.86411,3.67267,2.14126,1.074,0.201212,0.093969,0.10724262148141861,0.25502,1.39737,0.301425,0.711684,0.43125,,4.36035,0.530256,0.686379,731.0900268554688,,,,,,,294.5000000000001,3.8246753246753262,301,3.909090909090909,7.14723,6.015,5.31745,4.78862,4.34415,3.94117,3.55394,3.15532,2.67245,5.41308,5.14596,4.9617,4.80457,4.66745,4.53032,4.38606,4.22894,4.01468,"Johan Oviedo","22487",670912
"Camilo Doval","SFG",3.3416,2.7283,0,3.15684,62,0,9.605,11.6325,,62,259.631,49.8075,24.0112,21.7471,4.836,26.5343,1.9332,3.0052,74.5776,10.8258,3.85175,2.81061,0.702,0.287245,0.1022,0.1850445196032524,0.216468,1.23132,0.298461,0.752186,0.49649,,3.20408,0.529311,0.726166,377.4800109863281,,,,,,,425.29999999999995,6.8596774193548375,403,6.5,5.29,4.47,3.96,3.57,3.24,2.94,2.65,2.34,1.98,4.14,3.89,3.72,3.58,3.45,3.33,3.2,3.06,2.88,"Camilo Doval","21992",666808
"Kevin Ginkel","ARI",3.2977,2.6744,0,3.50348,61,0,3.405,13.55,,61,253.955,54.7272,25.8078,23.7458,6.04578,19.4342,1.3119,2.3976,65.7787,9.70505,2.86734,3.38469,0.892,0.259017,0.0765262,0.1824909821152687,0.235768,1.21576,0.303692,0.736006,0.438051,,3.37194,0.527917,0.662319,609.2000122070312,,,,,,,374.60000000000014,6.140983606557379,367,6.016393442622951,5.71,4.85,4.32,3.91,3.56,3.24,2.93,2.6,2.21,4.49,4.23,4.05,3.9,3.77,3.65,3.51,3.37,3.17,"Kevin Ginkel","19876",656464
"A.J. Minter","NYM",3.0073,2.2801,0,3.34227,54,0,2.403,11.2809,,54,223.973,44.8255,21.7217,20.0536,6.144,18.4467,1.2805,2.0162,61.4424,10.2404,3.07445,3.33081,1.024,0.274329,0.0823613,0.19196822494268417,0.220262,1.17171,0.284582,0.760015,0.385228,,3.50677,0.517602,0.524502,672.1300048828125,,,,,,,324.8,6.014814814814815,308,5.703703703703703,5.58,4.68,4.12,3.7,3.34,3.02,2.71,2.39,2,4.3,4.04,3.86,3.72,3.58,3.46,3.33,3.18,2.99,"A.J. Minter","18655",621345
"Griffin Canning","NYM",5.6828,5.4531,4.6726,4.16609,46.34,11.34,0,0.6719,,97.7387,417.453,95.7398,48.6701,45.2431,14.3024,30.889,1.2592,3.8059,88.9246,8.18838,2.84433,2.87884,1.317,0.213017,0.073994,0.1390230730175972,0.250131,1.29559,0.291336,0.731283,0.400159,,4.3141,0.505955,0.580238,536.8699951171875,,,,,,,380.4,3.8816326530612244,385,3.9285714285714284,6.66034,5.67724,5.0671,4.58846,4.19055,3.82623,3.47548,3.1019,2.65548,5.11278,4.87994,4.71352,4.5771,4.45426,4.33785,4.21143,4.06859,3.88217,"Griffin Canning","19867",656288
"Tanner Banks","PHI",3.586,3.0708,0,3.64911,68,0,0,12.3712,,68,285.115,61.7614,29.9306,27.5711,8.06933,22.623,1.6822,2.8189,67.8994,8.98668,2.99422,3.00134,1.068,0.238147,0.0793469,0.15880049020051956,0.237843,1.24095,0.292274,0.745051,0.432605,,3.83454,0.500014,0.638451,750.239990234375,,,,,,,349.6000000000001,5.141176470588237,342,5.029411764705882,5.82,4.99,4.47,4.07,3.73,3.42,3.11,2.79,2.39,4.65,4.39,4.21,4.06,3.93,3.8,3.66,3.51,3.32,"Tanner Banks","16990",621383
"Bryan Hudson","MIL",3.1393,2.7341,0,3.52345,60,0,0.985,11.3546,,60,252.101,52.491,25.528,23.4897,6.87333,22.019,1.3298,2.5334,65.2374,9.78561,3.30285,2.96278,1.031,0.258775,0.087342,0.17143287509679794,0.23068,1.24183,0.293478,0.754878,0.428201,,3.70874,0.497705,0.553598,999,,,,,,,326.7,5.444999999999999,313,5.216666666666667,5.76,4.89,4.34,3.93,3.57,3.25,2.94,2.61,2.21,4.54,4.27,4.08,3.93,3.79,3.66,3.52,3.37,3.17,"Bryan Hudson","19924",663542
"Matthew Liberatore","STL",4.6871,4.4288,1.9144,3.79091,64.86,4.86,2.36,12.0778,,85.7901,364.17,80.2758,39.224,36.1359,9.98025,30.1272,2.4624,3.9702,80.0788,8.40084,3.16056,2.65802,1.047,0.219894,0.0827284,0.1371655985713005,0.243206,1.2869,0.292882,0.738137,0.428385,,4.00431,0.493704,0.817951,692.3499755859375,,,,,,,421.4,4.8999999999999995,416,4.837209302325581,6.35608,5.31473,4.67853,4.19939,3.78828,3.42319,3.07411,2.70804,2.27196,4.76546,4.52246,4.34945,4.21344,4.08344,3.96043,3.83442,3.69141,3.5054,"Matthew Liberatore","22294",669461
"Pierce Johnson","ATL",3.5247,2.7416,0,3.55033,64,0,2.142,12.313,,64,270.156,54.2288,27.3188,25.2468,7.06133,26.3021,1.5947,2.2042,76.5455,10.7642,3.69873,2.91024,0.993,0.283338,0.0973589,0.1859792321920395,0.224411,1.2583,0.298447,0.753232,0.402912,,3.545,0.487877,0.694201,706.8300170898438,,,,,,,375.1,5.8609375,357,5.578125,5.72,4.88,4.35,3.94,3.6,3.28,2.98,2.65,2.26,4.54,4.27,4.09,3.94,3.81,3.67,3.54,3.39,3.19,"Pierce Johnson","13435",572955
"Evan Phillips","LAD",2.7662,2.1294,0,3.50936,50,0,0,7.1209,,50,207.727,43.3225,21.0837,19.4964,5.93333,15.8623,1.2212,2.096,56.6263,10.1927,2.85521,3.56987,1.068,0.2726,0.0763613,0.19623833149671555,0.228291,1.1837,0.293919,0.74887,0.409177,,3.52159,0.465032,0.511809,625.9299926757812,,,,,,,272.4,5.4479999999999995,260,5.2,5.86,4.91,4.32,3.87,3.5,3.16,2.83,2.49,2.09,4.49,4.23,4.04,3.89,3.76,3.63,3.49,3.34,3.14,"Evan Phillips","17734",623465
"Colin Holderman","PIT",3.0691,2.9982,0,3.85479,62,0,3.355,13.2787,,62,265.184,56.3724,28.7719,26.5552,6.41356,25.4524,1.5047,3.3662,63.021,9.14821,3.6947,2.47603,0.931,0.23765,0.0959802,0.14166994392871857,0.238497,1.31975,0.299279,0.72829,0.434695,,3.87277,0.450367,0.444735,730.0700073242188,,,,,,,348.4,5.619354838709677,341,5.5,6.17,5.28,4.72,4.29,3.93,3.59,3.26,2.92,2.5,4.92,4.64,4.44,4.28,4.14,4,3.85,3.69,3.48,"Colin Holderman","22361",670059
"Erik Miller","SFG",3.2807,2.6913,0,3.19068,61,0,1.201,12.2293,,61,257.601,47.0055,23.7375,21.6257,5.55778,30.0026,1.3552,2.2888,76.0604,11.222,4.42661,2.53513,0.82,0.295264,0.116469,0.17879509925842285,0.208626,1.26243,0.288449,0.769504,0.438191,,3.44524,0.441505,0.669247,999,,,,,,,364.4000000000001,5.97377049180328,336,5.508196721311475,5.34,4.5,3.98,3.58,3.25,2.95,2.65,2.35,1.98,4.19,3.92,3.74,3.6,3.46,3.34,3.21,3.06,2.87,"Erik Miller","26252",669062
"Andrew Nardi","MIA",2.5264,2.3672,0,3.49478,50,0,0,3.9615,,50,209.293,40.7331,20.9157,19.4154,5.88333,20.0887,1.2026,2.1676,60.806,10.9451,3.61597,3.02688,1.059,0.290531,0.0959836,0.1945468857884407,0.217781,1.21644,0.289577,0.758886,0.37078,,3.59928,0.440512,0.586136,734.780029296875,,,,,,,261.6,5.232,244,4.88,5.83,4.88,4.29,3.84,3.47,3.13,2.8,2.46,2.06,4.47,4.2,4.02,3.86,3.73,3.59,3.46,3.3,3.1,"Andrew Nardi","25942",677053
"Bobby Miller","LAD",2.7554,2.2489,0.6705,3.70011,41.62,1.62,0,0.7121,,48.7626,204.242,44.3135,21.787,20.0475,5.74857,15.8977,0.7799,2.1221,50.8509,9.38543,2.9342,3.19863,1.061,0.248974,0.0778376,0.17113619297742844,0.23796,1.23478,0.297517,0.736615,0.461738,,3.72201,0.439123,0.448548,400.7200012207031,,,,,,,226.4,4.6204081632653065,219,4.469387755102041,6.68675,5.35799,4.5722,4.00313,3.53742,3.12789,2.74554,2.36218,1.91601,4.67118,4.42759,4.25579,4.11399,3.9922,3.8704,3.7386,3.5968,3.41321,"Bobby Miller","27483",676272
"Alex Vesia","LAD",3.1404,2.5381,0,3.74407,58,0,0,13.5167,,58,244.932,46.4156,25.6938,24.1285,8.27467,25.1884,1.7312,2.2845,71.7706,11.1368,3.90854,2.84935,1.284,0.293023,0.102838,0.19018420577049255,0.213445,1.23455,0.277563,0.764922,0.295484,,3.96731,0.43573,0.419775,706.6099853515625,,,,,,,330.20000000000005,5.6931034482758625,305,5.258620689655173,5.98,5.08,4.52,4.09,3.72,3.39,3.07,2.73,2.32,4.68,4.42,4.24,4.09,3.95,3.82,3.69,3.53,3.33,"Alex Vesia","25007",681911
"Yuki Matsui","SDP",3.0855,2.5925,0,3.51429,58,0,0,10.9727,,58,243.595,47.8497,24.4569,22.6476,7.03733,24.4221,1.599,1.8216,67.2018,10.4279,3.78964,2.75168,1.092,0.275875,0.100257,0.17561813443899155,0.220149,1.24607,0.285177,0.766025,0.378255,,3.78394,0.429718,0.604023,730.02001953125,,,,,,,318.3,5.4879310344827585,299,5.155172413793103,5.75,4.86,4.31,3.89,3.53,3.21,2.89,2.56,2.17,4.5,4.23,4.05,3.89,3.76,3.63,3.49,3.34,3.14,"Yuki Matsui","33826",673513
"Adrian Morejon","SDP",3.245,2.7268,0,3.49811,61,0,1.088,11.7756,,61,253.217,52.2538,25.7249,23.7094,6.88622,22.5695,1.4679,2.2346,64.9168,9.57789,3.32993,2.87631,1.016,0.256368,0.0891311,0.16723718494176865,0.228769,1.22661,0.289685,0.753244,0.423233,,3.72549,0.42401,0.553956,625.239990234375,,,,,,,338.1000000000001,5.542622950819673,322,5.278688524590164,5.71,4.85,4.31,3.89,3.54,3.22,2.91,2.59,2.2,4.51,4.23,4.05,3.9,3.76,3.62,3.49,3.33,3.13,"Adrian Morejon","20039",670970
"Abner Uribe","MIL",2.5676,2.229,0,3.48124,49,0,0,0.5961,,49,209.94,39.7805,20.7799,18.9534,4.40456,26.1963,1.2693,2.2113,58.5262,10.7497,4.81157,2.23414,0.809,0.278776,0.12478,0.15399590134620667,0.219137,1.34647,0.298275,0.755669,0.477427,,3.68545,0.415636,0.475853,632.9299926757812,,,,,,,247.40000000000003,5.048979591836735,231,4.714285714285714,5.94,4.96,4.35,3.89,3.51,3.16,2.83,2.48,2.07,4.6,4.3,4.09,3.92,3.77,3.63,3.48,3.31,3.09,"Abner Uribe","25327",682842
"Caleb Ferguson","PIT",3.0601,2.8125,0,3.59513,60,0,1.118,10.9015,,60,255.537,53.5499,26.1744,23.9675,5.57333,25.1512,1.2447,3.3013,62.759,9.41385,3.77268,2.49527,0.836,0.245597,0.0984249,0.14717164635658264,0.235815,1.31168,0.30221,0.740873,0.465349,,3.70469,0.410795,0.639642,999,,,,,,,320.79999999999995,5.346666666666666,313,5.216666666666667,5.88,5,4.45,4.03,3.67,3.34,3.02,2.69,2.29,4.65,4.37,4.18,4.03,3.89,3.75,3.62,3.46,3.25,"Caleb Ferguson","19349",657571
"Anthony Bender","MIA",2.9442,2.9271,0,3.66774,60,0,5.411,11.8468,,60,254.13,55.2174,26.6505,24.4516,6.15333,21.5304,1.5609,3.0198,61.4755,9.22132,3.22956,2.85529,0.923,0.241906,0.084722,0.1571837142109871,0.240515,1.27913,0.302956,0.735285,0.466774,,3.67803,0.408339,0.519457,700.0700073242188,,,,,,,347.2,5.786666666666666,342,5.7,5.98,5.09,4.53,4.1,3.74,3.4,3.08,2.74,2.33,4.76,4.47,4.27,4.1,3.96,3.81,3.67,3.5,3.29,"Anthony Bender","19742",669622
"Kirby Yates","LAD",3.2512,2.6231,0,3.69693,60,0,8.962,11.1645,,60,254.13,48.6528,26.5331,24.6462,7.23333,27.6991,1.6737,2.7555,73.5957,11.0394,4.15487,2.65697,1.085,0.289599,0.108996,0.18060285598039627,0.217515,1.27253,0.289958,0.752263,0.386943,,3.80324,0.401939,0.423993,201.35000610351562,,,,,,,374.5,6.241666666666666,353,5.883333333333334,5.96,5.07,4.51,4.08,3.72,3.39,3.07,2.73,2.32,4.73,4.44,4.24,4.08,3.94,3.8,3.66,3.5,3.29,"Kirby Yates","9073",489446
"Nick Mears","MIL",3.0648,2.7105,0,3.60674,59,0,0,10.9423,,59,249.05,48.0495,25.4949,23.6442,6.83089,26.1976,1.377,2.1077,72.2198,11.0166,3.99624,2.75673,1.042,0.289981,0.10519,0.18479100614786148,0.21767,1.25843,0.290899,0.7537,0.385609,,3.66271,0.396083,0.603791,737.2000122070312,,,,,,,329.7,5.588135593220339,308,5.220338983050848,5.85,4.97,4.41,3.99,3.63,3.3,2.98,2.65,2.25,4.62,4.34,4.15,3.99,3.85,3.71,3.57,3.42,3.21,"Nick Mears","25376",683232
"Dylan Lee","ATL",3.4285,2.6421,0,3.53393,62,0,0,12.5555,,62,257.796,54.2577,26.2173,24.3449,7.76378,19.6485,1.6089,1.9216,69.0286,10.0203,2.8522,3.51317,1.127,0.267764,0.0762172,0.1915472000837326,0.229686,1.19204,0.29162,0.756523,0.371369,,3.61135,0.395764,0.691764,748.0700073242188,,,,,,,344,5.548387096774194,330,5.32258064516129,5.71,4.85,4.32,3.9,3.55,3.24,2.93,2.6,2.21,4.53,4.25,4.06,3.91,3.77,3.63,3.49,3.34,3.14,"Dylan Lee","19996",669276
"Randy Vásquez","SDP",3.6928,4.3212,3.5051,4.54198,24.72,9.72,0,0.6081,,67.4367,291.257,68.7418,36.5618,34.0329,9.98812,22.6471,0.6763,4.0418,52.086,6.95132,3.02245,2.2999,1.333,0.178832,0.0777564,0.10107533633708954,0.259826,1.35518,0.29015,0.70831,0.418277,,4.73447,0.394275,0.228258,715.4099731445312,,,,,,,220.39999999999995,3.2895522388059693,232,3.462686567164179,7.43456,6.24105,5.51318,4.96312,4.50308,4.08417,3.68415,3.2708,2.77858,5.55873,5.30318,5.13318,4.98763,4.84985,4.72207,4.5843,4.43652,4.23097,"Randy Vasquez","24719",681190
"Jared Koenig","MIL",3.2139,2.8549,0,3.58946,62,0,1.969,11.4917,,62,260.504,56.4993,26.9114,24.7274,6.98533,20.8106,1.873,2.7012,62.4004,9.05812,3.02089,2.99849,1.014,0.239537,0.0798859,0.1596512794494629,0.238402,1.24693,0.295418,0.746308,0.442584,,3.7559,0.390223,0.558994,733.3099975585938,,,,,,,333.0999999999999,5.372580645161289,325,5.241935483870968,5.82,4.96,4.42,4.01,3.66,3.34,3.03,2.7,2.3,4.59,4.33,4.15,4,3.87,3.75,3.61,3.47,3.27,"Jared Koenig","27517",657649
"DL Hall","MIL",2.5097,2.4297,1.3911,3.82387,31.24,3.24,0,0.5961,,45.8227,195.917,40.6593,21.0684,19.4689,5.55473,19.4139,0.6561,2.2532,48.7604,9.57699,3.81307,2.51162,1.091,0.248883,0.0990925,0.1497904658317566,0.233339,1.31099,0.292697,0.745838,0.417248,,4.03269,0.39008,0.474558,652.9400024414062,,,,,,,199.00000000000003,4.32608695652174,191,4.1521739130434785,7.08953,5.61451,4.74727,4.11115,3.59447,3.14169,2.7228,2.30168,1.82667,4.83171,4.57004,4.39004,4.24226,4.10838,3.97449,3.8406,3.68671,3.48504,"DL Hall","22207",669084
"Caleb Thielbar","CHC",2.9137,2.5679,0,3.68072,56,0,0,9.6304,,56,234.801,48.2929,24.624,22.9023,7.14311,20.504,1.2677,1.8392,61.2901,9.85019,3.29529,2.98918,1.148,0.26103,0.087325,0.17370497435331345,0.227306,1.22852,0.285714,0.751284,0.361905,,3.83273,0.3848,0.380926,999,,,,,,,296.50000000000006,5.2946428571428585,282,5.035714285714286,5.98,5.06,4.49,4.06,3.69,3.35,3.02,2.68,2.27,4.67,4.4,4.21,4.06,3.92,3.79,3.65,3.49,3.29,"Caleb Thielbar","10078",573204
"Daysbel Hernández","ATL",3.1206,2.5577,0,3.74802,58,0,0,11.1654,,58,248.181,49.3255,26.1059,24.1539,6.31556,26.9438,1.465,2.8295,67.7816,10.5178,4.18093,2.51567,0.98,0.273114,0.108565,0.16454845666885376,0.225841,1.31499,0.298037,0.74396,0.408896,,3.78474,0.384772,0.472164,747.719970703125,,,,,,,318,5.482758620689655,302,5.206896551724138,6.09,5.17,4.59,4.15,3.78,3.44,3.11,2.77,2.35,4.84,4.54,4.33,4.16,4.01,3.86,3.71,3.54,3.31,"Daysbel Hernandez","20271",678226
"Aaron Ashby","MIL",3.4653,3.4641,2.1149,3.87958,41.86,4.86,0,0.5961,,63.8901,277.498,59.2705,30.2061,27.5407,6.11215,31.3814,0.8184,3.0525,62.0995,8.74776,4.4206,1.97886,0.861,0.223784,0.113087,0.11069665104150772,0.243847,1.41887,0.304018,0.736292,0.520938,,4.08306,0.376066,0.613871,444.94000244140625,,,,,,,272.4,4.25625,268,4.1875,6.87401,5.63037,4.87303,4.30674,3.83465,3.42098,3.02152,2.61626,2.14259,4.95199,4.68778,4.50936,4.35515,4.22095,4.09095,3.95674,3.80832,3.5999,"Aaron Ashby","23550",676879
"Dedniel Núñez","NYM",2.6839,2.1136,0,3.46313,49,0,0,4.3897,,49,204.935,41.4659,20.4823,18.8548,5.56422,17.8441,1.1985,1.6635,54.4406,9.99929,3.27749,3.0509,1.022,0.265648,0.087072,0.17857614904642105,0.223623,1.21041,0.286246,0.753642,0.412515,,3.61498,0.374057,0.47493,735.4400024414062,,,,,,,246.20000000000002,5.024489795918368,231,4.714285714285714,5.85,4.89,4.29,3.84,3.46,3.12,2.79,2.45,2.04,4.5,4.22,4.02,3.86,3.72,3.58,3.44,3.28,3.08,"Dedniel Nunez","23055",673380
"Taylor Rogers","CIN",3.1224,2.9456,0,3.98499,62,0,3.173,13.4155,,62,265.525,56.2627,29.5796,27.4522,8.45956,24.4471,1.6162,3.202,68.6681,9.96795,3.54877,2.80884,1.228,0.258613,0.0920708,0.16654177010059357,0.236521,1.30177,0.297379,0.742455,0.419281,,4.06302,0.369403,0.413521,564.8099975585938,,,,,,,338.79999999999995,5.4645161290322575,330,5.32258064516129,6.3,5.41,4.85,4.41,4.04,3.71,3.37,3.02,2.6,5.03,4.75,4.56,4.4,4.26,4.12,3.98,3.82,3.6,"Taylor Rogers","13449",573124
"Jesus Tinoco","MIA",3.0907,3.1714,0,3.80654,64,0,6.493,10.3151,,64,271.993,58.7496,29.3527,27.0687,7.12533,23.8924,1.5145,2.823,65.2264,9.17246,3.35987,2.73001,1.002,0.239809,0.087842,0.1519671455025673,0.239523,1.29128,0.298534,0.73334,0.438667,,3.82777,0.361599,0.534888,424.1700134277344,,,,,,,353.1,5.5171875,348,5.4375,6.09,5.22,4.67,4.24,3.88,3.55,3.23,2.88,2.47,4.9,4.61,4.4,4.24,4.09,3.94,3.79,3.62,3.4,"Jesus Tinoco","16300",622786
"Joe Ross","PHI",3.2753,3.1101,0.6261,4.01098,55.62,1.62,0,6.3156,,62.91,267.014,60.204,30.2483,28.0367,8.44392,21.1755,4.0279,2.7347,57.5448,8.23245,3.0294,2.71752,1.208,0.215512,0.0793048,0.1362074613571167,0.247647,1.29359,0.29224,0.735087,0.417585,,4.22215,0.359849,0.462402,744.1500244140625,,,,,,,279.80000000000007,4.441269841269842,279,4.428571428571429,6.78747,5.60944,4.9033,4.36966,3.93584,3.5376,3.16644,2.78094,2.33112,5.07189,4.78906,4.59622,4.43481,4.29339,4.15197,4.01056,3.84773,3.63489,"Joe Ross","12972",605452
"Michael Grove","LAD",2.3932,1.9147,0,3.65787,44,0,0,0.7121,,44,182.421,39.4851,19.293,17.8829,5.66622,12.8118,1.3299,1.9587,47.1294,9.6401,2.6206,3.67859,1.159,0.258355,0.070232,0.18812306970357895,0.23552,1.18857,0.294449,0.743931,0.415135,,3.70543,0.358665,0.394108,999,,,,,,,203.4,4.622727272727273,195,4.431818181818182,6.16,5.14,4.5,4.02,3.62,3.26,2.91,2.55,2.13,4.63,4.37,4.19,4.05,3.91,3.78,3.65,3.5,3.3,"Michael Grove","23221",675627
"Bryce Elder","ATL",2.7899,2.6081,2.7636,4.2234,16.48,6.48,0,0.6188,,46.1451,199.451,48.3554,23.58,21.6543,5.2913,14.9073,0.383,1.8617,38.1383,7.43838,2.90747,2.55836,1.032,0.191216,0.0747417,0.11647473275661469,0.264697,1.37095,0.309252,0.710461,0.499652,,4.09437,0.357922,0.374917,746.5700073242188,,,,,,,183.10000000000002,3.9804347826086963,194,4.217391304347826,7.47653,6.06332,5.22146,4.60295,4.09611,3.64444,3.22361,2.79927,2.30011,5.21964,4.9918,4.82614,4.69614,4.5783,4.46047,4.33264,4.19481,4.00914,"Bryce Elder","27779",693821
"Braxton Ashcraft","PIT",2.473,2.7033,1.4024,4.1257,33.24,3.24,0,0.6021,,48.468,205.297,49.0853,23.9479,22.2183,6.19852,13.0392,0.782,1.8278,41.3048,7.66987,2.42124,3.16774,1.151,0.201195,0.0635138,0.1376814916729927,0.25776,1.28176,0.300061,0.714295,0.419637,,4.04484,0.329692,0.348269,999,,,,,,,195.00000000000003,4.062500000000001,203,4.229166666666667,7.45726,5.97579,5.10053,4.44957,3.91622,3.45431,3.01383,2.56953,2.06524,5.26529,4.95767,4.74005,4.56005,4.40243,4.24862,4.09481,3.911,3.68338,"Braxton Ashcraft","sa3008470",677952
"Jose A. Ferrer","WSN",3.0815,2.986,0,3.70284,62,0,3.472,11.312,,62,262.601,59.0969,27.9543,25.5084,6.25511,22.7922,1.5528,2.6751,52.94,7.68484,3.30855,2.32272,0.908,0.201599,0.086794,0.11480458825826645,0.249213,1.32079,0.296966,0.7375,0.493395,,4.00258,0.324093,0.486391,589.5,,,,,,,318.5999999999999,5.138709677419353,319,5.145161290322581,6.03,5.15,4.59,4.17,3.8,3.47,3.15,2.81,2.4,4.81,4.52,4.33,4.16,4.02,3.88,3.73,3.57,3.35,"Jose A. Ferrer","24017",678606
"Wade Miley","CIN",2.9074,3.6877,3.5337,4.78957,9.72,9.72,0,0,,53.2269,234.79,59.5186,30.5432,28.326,8.16737,17.9321,0.1064,2.0694,37.8789,6.40485,3.03209,2.11235,1.381,0.161331,0.0763751,0.08495590835809708,0.277103,1.4551,0.304318,0.710543,0.460113,,4.86529,0.323384,0.374399,749.9600219726562,,,,,,,153.80000000000007,2.9018867924528315,177,3.339622641509434,7.46,6.45,5.81,5.32,4.89,4.5,4.12,3.71,3.21,5.93,5.64,5.44,5.28,5.13,4.99,4.84,4.67,4.44,"Wade Miley","8779",489119
"JoJo Romero","STL",3.2264,2.7452,0,3.45184,61,0,1.18,12.5371,,61,257.275,56.0909,25.6941,23.3958,6.20167,21.1192,1.3245,2.7639,59.5019,8.77897,3.11595,2.81743,0.915,0.231277,0.082088,0.14918939769268036,0.240329,1.26574,0.297512,0.751754,0.477952,,3.71184,0.319242,0.576017,740.280029296875,,,,,,,337.0000000000001,5.524590163934428,332,5.442622950819672,5.71,4.84,4.3,3.89,3.54,3.22,2.91,2.58,2.19,4.51,4.24,4.05,3.89,3.75,3.62,3.48,3.32,3.12,"JoJo Romero","19574",668941
"Drey Jameson","ARI",2.6288,2.2658,0,3.72136,50,0,0,4.163,,50,209.908,47.5447,22.4997,20.6742,5.10556,15.7406,1.1083,2.1526,47.869,8.61642,2.83331,3.04112,0.919,0.228048,0.0749881,0.1530594304203987,0.24761,1.26571,0.305229,0.72653,0.466653,,3.65276,0.316351,0.472363,999,,,,,,,241.7,4.834,243,4.86,6.19,5.21,4.61,4.14,3.75,3.4,3.06,2.7,2.27,4.79,4.51,4.31,4.15,4.01,3.87,3.73,3.57,3.36,"Drey Jameson","26260",686753
"Angel Perdomo","ATL",2.973,2.3142,0,3.56329,54,0,0,6.6827,,54,229.397,43.8758,23.0683,21.3797,6.162,24.5728,1.6753,2.9828,66.4484,11.0747,4.09547,2.70414,1.027,0.289666,0.107119,0.18254642188549042,0.217378,1.26757,0.291832,0.758591,0.378735,,3.71974,0.314211,0.563125,999,,,,,,,287.4,5.322222222222222,268,4.962962962962963,5.89,4.96,4.38,3.94,3.56,3.23,2.9,2.56,2.15,4.63,4.33,4.12,3.95,3.8,3.66,3.51,3.34,3.12,"Angel Perdomo","17759",622780
"Jordan Wicks","CHC",2.9006,2.9184,2.6659,4.038,21.48,6.48,0,0.6254,,49.8823,212.588,48.3879,24.206,22.3805,6.58446,16.5685,0.413,1.9345,45.3324,8.17909,2.98937,2.73606,1.188,0.213241,0.0779371,0.13530349731445312,0.249313,1.30219,0.294042,0.731104,0.42406,,4.1777,0.309632,0.495229,695.52001953125,,,,,,,196.09999999999997,3.9219999999999993,196,3.92,7.2121,5.81468,4.98349,4.37538,3.86831,3.43027,3.01125,2.59824,2.11027,5.07853,4.81153,4.62454,4.47055,4.33356,4.19657,4.05958,3.90258,3.69559,"Jordan Wicks","30094",696136
"Michael McGreevy","STL",2.2333,2.023,0.7916,3.62653,33.62,1.62,0,0.6474,,41.3433,171.96,42.1118,18.3206,16.6592,4.38239,8.5963,0.7681,1.2842,31.7379,6.90901,1.87132,3.69204,0.954,0.184566,0.0499901,0.1345754750072956,0.259822,1.22651,0.299537,0.726621,0.506949,,3.72611,0.3045,0.429519,466.8699951171875,,,,,,,183.00000000000006,4.463414634146343,191,4.658536585365853,6.87238,5.40119,4.54786,3.93424,3.42774,2.9948,2.6009,2.1983,1.74248,4.58916,4.3669,4.20464,4.08238,3.96012,3.84786,3.7356,3.59334,3.42108,"Michael McGreevy","29869",700241
"Joel Payamps","MIL",3.0741,2.896,0,3.83745,61,0,1.969,13.362,,61,257.275,56.5652,28.1007,26.0094,7.76056,19.7153,1.734,2.5987,60.0416,8.8586,2.90881,3.04543,1.145,0.233375,0.0766312,0.15674395859241486,0.240743,1.2505,0.291966,0.736517,0.416832,,3.9492,0.302053,0.401388,497.739990234375,,,,,,,317.8000000000001,5.209836065573772,314,5.147540983606557,6.13,5.25,4.69,4.26,3.89,3.56,3.23,2.89,2.47,4.86,4.59,4.4,4.25,4.11,3.98,3.84,3.68,3.48,"Joel Payamps","14332",606303
"Jordan Romano","PHI",3.0344,2.7407,0,3.89041,59,0,23.288,4.3791,,59,249.05,51.7986,27.41,25.5038,7.611,22.6486,1.7869,2.5622,63,9.61017,3.45487,2.78163,1.161,0.252961,0.09094,0.16202127933502197,0.23141,1.26182,0.288378,0.737355,0.389156,,3.98979,0.300198,0.451637,177.88999938964844,,,,,,,382.00000000000006,6.474576271186442,370,6.271186440677966,6.21,5.3,4.73,4.29,3.92,3.58,3.25,2.9,2.47,4.93,4.64,4.45,4.29,4.14,4,3.86,3.7,3.48,"Jordan Romano","16122",605447
"Craig Yoho","MIL",2.406,2.1943,0,3.69681,47,0,0,0.5961,,47,199.745,40.9858,20.9529,19.3056,5.23789,19.3942,1.1537,2.2675,51.8358,9.926,3.71378,2.67275,1.003,0.25951,0.0970948,0.16241509467363358,0.23015,1.28468,0.295414,0.743249,0.4376,,3.79214,0.297158,0.368654,999,,,,,,,224.70000000000002,4.780851063829788,215,4.574468085106383,6.23,5.21,4.57,4.09,3.69,3.33,2.98,2.62,2.19,4.84,4.52,4.3,4.12,3.96,3.81,3.65,3.48,3.24,"Craig Yoho","sa3023032",684974
"Riley O'Brien","STL",2.7021,2.4854,0,3.75201,53,0,0,6.8626,,53,227.761,47.5508,24.1576,22.0952,5.18222,24.4743,1.2889,2.7167,52.7731,8.96147,4.15601,2.15627,0.88,0.231704,0.107456,0.12424778193235397,0.237078,1.35896,0.297084,0.739038,0.481951,,3.98527,0.292881,0.35183,999,,,,,,,258.90000000000003,4.884905660377359,253,4.773584905660377,6.22,5.26,4.66,4.2,3.81,3.46,3.12,2.77,2.34,4.89,4.59,4.38,4.21,4.06,3.91,3.76,3.59,3.37,"Riley O'Brien","20348",676617
"Nate Pearson","CHC",2.7519,2.5335,0,3.85181,54,0,0,6.7538,,54,227.848,46.957,24.8179,23.1109,6.894,20.8228,1.3525,2.2509,59.2697,9.87828,3.47047,2.84638,1.149,0.260128,0.091389,0.16873923689126968,0.229311,1.25518,0.289033,0.739089,0.376942,,3.91284,0.28882,0.272537,680.9600219726562,,,,,,,268.3,4.968518518518518,256,4.7407407407407405,6.23,5.28,4.69,4.24,3.86,3.51,3.17,2.81,2.39,4.88,4.59,4.4,4.24,4.1,3.96,3.82,3.66,3.44,"Nate Pearson","20160",663878
"Kyle Finnegan","WSN",3.1485,3.1143,0,3.81776,64,0,22.376,6.3336,,64,269.701,58.5359,29.464,27.1485,7.40978,23.7364,2.009,1.9861,62.6507,8.81026,3.33793,2.63944,1.042,0.232297,0.0880101,0.14428682625293732,0.239922,1.2855,0.293967,0.734483,0.44991,,3.9195,0.286064,0.49252,311.0899963378906,,,,,,,416.1,6.5015625,411,6.421875,6.08,5.22,4.68,4.26,3.9,3.57,3.25,2.91,2.5,4.84,4.58,4.4,4.25,4.11,3.98,3.84,3.69,3.49,"Kyle Finnegan","15009",640448
"Luke Little","CHC",2.1969,1.7195,0,3.17728,40,0,0,0.6254,,40,170.358,30.7711,15.5965,14.1212,3.24,21.3814,1.0131,2.7504,49.8969,11.2268,4.81081,2.33366,0.729,0.292894,0.125509,0.1673857420682907,0.210435,1.30381,0.295749,0.767717,0.487732,,3.53452,0.282734,0.47088,999,,,,,,,210.50000000000003,5.262500000000001,193,4.825,5.7,4.65,4.02,3.55,3.16,2.81,2.48,2.14,1.75,4.22,3.95,3.76,3.61,3.47,3.34,3.2,3.05,2.85,"Luke Little","28036",681432
"Sean Hjelle","SFG",3.353,3.1067,0,3.57898,66,0,0,12.9673,,66,280.851,66.3819,29.0541,26.2458,5.962,16.8339,1.5888,4.0131,56.1359,7.6549,2.29553,3.33469,0.813,0.199878,0.0599389,0.13993895798921585,0.255311,1.26085,0.305296,0.72342,0.548,,3.58732,0.282537,0.409365,999,,,,,,,344.0000000000001,5.212121212121214,353,5.348484848484849,5.83,5,4.48,4.07,3.73,3.41,3.11,2.78,2.39,4.61,4.36,4.2,4.06,3.93,3.81,3.68,3.54,3.35,"Sean Hjelle","21481",663546
"Graham Ashcraft","CIN",2.6259,2.5608,0,4.09412,53,0,0,4.2985,,53,224.958,54.7026,26.1501,24.1098,6.90178,13.5411,1.3614,2.7994,45.8844,7.79169,2.29943,3.38853,1.172,0.203969,0.0601939,0.1437748447060585,0.262215,1.28762,0.306747,0.718551,0.486007,,4.05282,0.282261,0.324218,718.6099853515625,,,,,,,220.10000000000002,4.152830188679245,231,4.3584905660377355,6.58,5.63,5.02,4.56,4.17,3.81,3.45,3.08,2.64,5.1,4.85,4.68,4.54,4.41,4.29,4.16,4.02,3.82,"Graham Ashcraft","27552",668933
"Anthony Banda","LAD",3.0354,2.5448,0,3.82102,57,0,0,12.6277,,57,241.833,52.1209,26.2054,24.1998,7.02367,21.6399,1.953,2.7961,57.1023,9.01615,3.41683,2.63875,1.109,0.236123,0.0894828,0.14664003252983093,0.23975,1.29405,0.294232,0.743894,0.434005,,4.05088,0.272473,0.36461,999,,,,,,,291.49999999999994,5.114035087719297,285,5,6.18,5.26,4.69,4.25,3.87,3.53,3.2,2.85,2.43,4.85,4.58,4.39,4.24,4.1,3.97,3.83,3.68,3.47,"Anthony Banda","14706",607455
"Landon Knack","LAD",2.3561,2.1666,0.5885,4.19586,36.62,1.62,0,0.7121,,43.8684,185.092,41.0529,21.7759,20.4517,7.10181,13.1596,0.8116,1.6046,44.5145,9.13255,2.69981,3.38266,1.457,0.240499,0.0710976,0.16940169781446457,0.241023,1.2358,0.285997,0.7327,0.345579,,4.25125,0.260473,0.176796,614,,,,,,,181.9,4.134090909090909,178,4.045454545454546,7.43828,5.95728,5.09577,4.4548,3.93213,3.47361,3.04722,2.6169,2.12264,5.15779,4.89375,4.71971,4.56971,4.43566,4.30566,4.17162,4.0196,3.81555,"Landon Knack","27487",689017
"Ryan Brasier","CHC",2.9805,2.6966,0,3.76173,58,0,2.358,13.3277,,58,242.272,54.0149,26.19,24.2423,7.06311,16.9644,1.3012,2.1097,57.3672,8.90181,2.63241,3.38162,1.096,0.236788,0.0700221,0.16676627099514008,0.242005,1.22378,0.295727,0.733158,0.415038,,3.758,0.256444,0.382754,745.2000122070312,,,,,,,321.70000000000005,5.546551724137932,318,5.482758620689655,6.08,5.17,4.61,4.17,3.8,3.46,3.13,2.79,2.37,4.8,4.52,4.33,4.17,4.03,3.89,3.75,3.59,3.38,"Ryan Brasier","5615",518489
"Zack Thompson","STL",2.0758,1.8396,0,3.62864,40,0,0,0.6474,,40,169.996,35.4939,17.5584,16.1273,4.4,16.287,0.836,1.8356,40.8631,9.1942,3.66458,2.50894,0.99,0.240377,0.0958081,0.14456867426633835,0.233707,1.29452,0.291659,0.75015,0.435392,,3.91252,0.255145,0.277447,999,,,,,,,187.8,4.695,180,4.5,6.25,5.17,4.51,4.02,3.6,3.23,2.87,2.51,2.07,4.6,4.36,4.19,4.05,3.92,3.8,3.67,3.53,3.34,"Zack Thompson","25918",668868
"Brandon Sproat","NYM",1.7187,1.6294,2.2597,4.19884,4.86,4.86,0,0,,27.702,119.097,27.0425,13.999,12.924,3.59818,10.0917,0.0806,1.1205,24.1842,7.85712,3.27865,2.39644,1.169,0.203063,0.0847351,0.11832793056964874,0.250661,1.34049,0.292679,0.720796,0.446839,,4.32324,0.25476,0.274073,999,,,,,,,102.8,3.6714285714285713,103,3.6785714285714284,7.44,6.05,5.21,4.59,4.07,3.61,3.18,2.74,2.23,5.37,5.06,4.84,4.67,4.51,4.35,4.19,4.01,3.78,"Brandon Sproat","sa3023499",687075
"Ryan Thompson","ARI",3.2087,2.9575,0,3.96301,63,0,0,12.8749,,63,268.771,64.4786,30.3427,27.7411,6.027,19.9732,1.6411,2.6909,51.2595,7.32279,2.85331,2.56641,0.861,0.190718,0.0743131,0.11640504002571106,0.261994,1.3405,0.309562,0.711831,0.517689,,3.8621,0.250547,0.362334,999,,,,,,,311,4.936507936507937,322,5.111111111111111,6.34,5.45,4.89,4.46,4.09,3.75,3.42,3.07,2.64,5.08,4.8,4.6,4.44,4.3,4.16,4.01,3.85,3.64,"Ryan Thompson","16647",657044
"Adam Mazur","MIA",1.7757,2.6205,2.3635,4.7424,6.48,6.48,0,0,,35.3246,153.119,37.5873,19.9141,18.6137,5.66371,10.6106,0.0983,1.3193,26.8432,6.83911,2.70337,2.52985,1.443,0.175309,0.0692964,0.1060129702091217,0.26622,1.36443,0.293733,0.702377,0.393891,,4.74418,0.25041,0.231718,742,,,,,,,104.39999999999999,2.9828571428571427,115,3.2857142857142856,7.79,6.55,5.77,5.19,4.69,4.24,3.81,3.36,2.82,5.85,5.56,5.36,5.19,5.04,4.89,4.74,4.57,4.34,"Adam Mazur","31900",800049
"Tristan Beck","SFG",2.7824,2.8298,0.6835,3.94623,47.62,1.62,0,0.6315,,55.072,232.737,53.5608,26.0565,24.1474,7.05534,14.9776,1.2625,2.3536,48.6011,7.94251,2.44768,3.24492,1.153,0.208824,0.0643542,0.1444699391722679,0.248651,1.24452,0.291115,0.724194,0.403226,,4.01102,0.243425,0.253141,750.6699829101562,,,,,,,231.49999999999997,4.209090909090909,235,4.2727272727272725,6.86277,5.59733,4.83707,4.27965,3.81529,3.40576,3.02281,2.62975,2.17163,4.98037,4.70707,4.51543,4.36378,4.22213,4.08884,3.94884,3.78719,3.5739,"Tristan Beck","21584",663941
"Julian Merryweather","CHC",2.6916,2.3984,0,3.69922,52,0,0,4.3358,,52,220.152,45.2611,23.1209,21.3733,5.94533,20.7023,1.132,2.2825,57.3134,9.91963,3.58309,2.76846,1.029,0.260336,0.0940364,0.16629920154809952,0.229557,1.26853,0.293602,0.743278,0.410025,,3.7745,0.240502,0.376499,999,,,,,,,255,4.903846153846154,243,4.673076923076923,6.1,5.15,4.55,4.09,3.71,3.36,3.03,2.68,2.26,4.75,4.47,4.27,4.11,3.96,3.82,3.68,3.51,3.3,"Julian Merryweather","16703",657240
"Keaton Winn","SFG",2.1813,1.93,0,3.44648,42,0,0,0.6315,,42,174.927,38.8827,17.645,16.0836,4.14867,11.3388,0.8851,2.1308,40.9646,8.77813,2.42974,3.61278,0.889,0.234181,0.0648202,0.1693609207868576,0.240823,1.19575,0.298546,0.733484,0.486948,,3.46201,0.239018,0.317229,715.1699829101562,,,,,,,207.20000000000002,4.933333333333334,205,4.880952380952381,6,4.96,4.32,3.84,3.44,3.09,2.74,2.39,1.98,4.46,4.2,4.02,3.88,3.75,3.62,3.49,3.34,3.15,"Keaton Winn","23499",676775
"Joey Wentz","PIT",2.7693,2.8081,0,4.03323,57,0,1.118,9.1543,,57,244.007,53.3269,27.4687,25.5438,7.05533,22.1539,1.1305,2.0738,55.8781,8.82286,3.49798,2.52227,1.114,0.229002,0.0907921,0.1382099762558937,0.242638,1.32422,0.295013,0.731855,0.389128,,4.0901,0.236098,0.374757,999,,,,,,,278.8999999999999,4.892982456140349,275,4.824561403508772,6.41,5.48,4.9,4.46,4.08,3.73,3.39,3.03,2.59,5.02,4.76,4.59,4.44,4.31,4.18,4.04,3.89,3.69,"Joey Wentz","19962",666214
"Calvin Faucher","MIA",2.996,3.1676,0,3.92284,63,0,22.003,5.6155,,63,270.502,58.3235,29.7833,27.4599,6.797,25.8876,1.5919,2.6831,64.032,9.14743,3.69823,2.47346,0.971,0.236715,0.0957021,0.14101336151361465,0.241075,1.33668,0.301144,0.728664,0.447701,,3.89678,0.233801,0.379305,306.3500061035156,,,,,,,404.3,6.417460317460318,399,6.333333333333333,6.25,5.36,4.81,4.37,4.01,3.67,3.34,2.99,2.57,5.01,4.72,4.53,4.36,4.22,4.07,3.93,3.76,3.55,"Calvin Faucher","20116",676534
"Emilio Pagán","CIN",3.1023,3.1599,0,4.37735,64,0,3.173,11.7178,,64,271.647,59.8706,33.0008,31.1278,11.1218,21.657,1.4302,2.174,66.82,9.39656,3.04552,3.08538,1.564,0.245981,0.0797248,0.16625620424747467,0.241593,1.27387,0.28697,0.735733,0.327656,,4.45454,0.232604,0.236723,733.239990234375,,,,,,,307.3,4.8015625,302,4.71875,6.69,5.79,5.22,4.78,4.4,4.05,3.71,3.34,2.9,5.4,5.12,4.92,4.75,4.6,4.46,4.31,4.14,3.92,"Emilio Pagan","14771",641941
"Carson Whisenhunt","SFG",2.1789,2.1125,1.5606,3.70434,24.24,3.24,0,0.6315,,39.468,167.73,35.5801,17.6536,16.2448,4.49935,14.5363,0.5631,1.7357,39.7148,9.05628,3.31475,2.73211,1.026,0.236778,0.0866649,0.1501132920384407,0.234917,1.2698,0.289814,0.740867,0.421953,,3.87282,0.232202,0.313775,999,,,,,,,178.80000000000004,4.584615384615385,176,4.512820512820513,7.11939,5.53113,4.61498,3.94819,3.41543,2.95268,2.52992,2.10717,1.63974,4.75158,4.47223,4.28755,4.12819,3.98819,3.84883,3.71415,3.55479,3.34543,"Carson Whisenhunt","sa3020529",687931
"Derek Law","WSN",3.4912,3.5538,0,3.9253,72,0,4.629,12.8391,,72,305.862,69.4845,34.1241,31.4024,8.344,24.9415,1.3981,2.7503,62.4984,7.8123,3.11769,2.5058,1.043,0.204335,0.0815449,0.12279034405946732,0.249791,1.31147,0.294898,0.728773,0.456908,,4.09079,0.224721,0.409116,703.4299926757812,,,,,,,372.0000000000001,5.166666666666668,373,5.180555555555555,6.14,5.32,4.8,4.39,4.05,3.73,3.41,3.08,2.67,4.98,4.71,4.52,4.37,4.23,4.1,3.96,3.8,3.6,"Derek Law","13133",571882
"Mike Burrows","PIT",2.0581,2.2922,0.6523,4.26706,34.62,1.62,0,0.6021,,42.234,181.332,41.0583,21.4715,20.0239,5.62181,15.1941,0.8378,1.7294,38.1844,8.13704,3.23784,2.51311,1.198,0.210577,0.0837916,0.12678566575050354,0.249733,1.33192,0.293829,0.718883,0.385503,,4.29082,0.224037,0.262417,748.8699951171875,,,,,,,159.4,3.7952380952380955,161,3.8333333333333335,7.66502,6.12298,5.22086,4.55341,4.01,3.5419,3.09473,2.64631,2.13444,5.39742,5.08305,4.86867,4.69649,4.5343,4.38212,4.21993,4.04556,3.81118,"Mike Burrows","24728",681347
"Victor Vodnik","COL",3.0692,3.3869,0,4.37382,66,0,2.91,10.9549,,66,288.588,65.715,34.6969,32.0747,7.50933,30.5187,1.5693,2.6386,64.1409,8.74649,4.16164,2.10169,1.024,0.222258,0.105752,0.11650588363409042,0.257271,1.45809,0.316713,0.717876,0.487292,,4.20908,0.208476,0.410436,693.3099975585938,,,,,,,303.4000000000001,4.5969696969696985,311,4.712121212121212,6.77,5.88,5.32,4.87,4.5,4.15,3.8,3.43,2.98,5.52,5.22,5.02,4.85,4.69,4.55,4.39,4.22,3.99,"Victor Vodnik","24614",680767
"Ronny Henriquez","MIA",2.4839,2.7009,0,4.02463,53,0,0,6.2988,,53,227.468,52.9836,25.7778,23.7006,6.04789,18.0123,1.3609,2.4316,45.0398,7.64827,3.05869,2.5005,1.027,0.198005,0.0791861,0.11881890892982483,0.25593,1.33955,0.300993,0.723156,0.471792,,4.10751,0.199631,0.243202,999,,,,,,,234.60000000000002,4.426415094339623,241,4.547169811320755,6.53,5.57,4.96,4.49,4.1,3.74,3.38,3.01,2.57,5.11,4.83,4.64,4.48,4.34,4.2,4.06,3.9,3.69,"Ronny Henriquez","24094",678692
"Joe Mantiply","ARI",3.0718,2.7036,0,3.78878,59,0,0,11.462,,59,250.531,59.114,27.1181,24.8376,5.87378,18.5628,2.0321,2.0208,50.3414,7.6792,2.83161,2.71195,0.896,0.200939,0.0740938,0.12684498727321625,0.257076,1.31656,0.30645,0.72795,0.473663,,3.80084,0.199099,0.450841,999,,,,,,,290.4,4.922033898305084,298,5.0508474576271185,6.15,5.25,4.68,4.25,3.88,3.54,3.21,2.86,2.44,4.86,4.58,4.4,4.24,4.1,3.97,3.83,3.67,3.46,"Joe Mantiply","14857",573009
"Scott Alexander","COL",2.6123,2.8657,0,4.31475,56,0,0,8.5829,,56,243.478,61.5854,29.2638,26.8473,5.89867,19.1917,2.2775,2.5329,42.9101,6.89627,3.08438,2.23587,0.948,0.176238,0.0788231,0.09741496294736862,0.27772,1.44245,0.321992,0.710342,0.539167,,4.16713,0.198767,0.408083,999,,,,,,,235.40000000000003,4.203571428571429,258,4.607142857142857,6.9,5.92,5.31,4.84,4.43,4.06,3.7,3.31,2.85,5.52,5.21,5,4.82,4.66,4.51,4.35,4.17,3.93,"Scott Alexander","10591",518397
"Tyler Phillips","PHI",2.1565,2.0518,0,4.04441,43,0,0,0.5848,,43,182.745,44.0169,21.0585,19.3233,5.24122,12.6076,1.0003,1.6568,32.9391,6.89423,2.6388,2.61264,1.097,0.180246,0.0689901,0.11125610768795013,0.261258,1.31685,0.297587,0.721613,0.492181,,4.21418,0.196701,0.192443,999,,,,,,,167.29999999999998,3.8906976744186044,175,4.069767441860465,6.75,5.68,5.01,4.51,4.08,3.69,3.32,2.93,2.46,5.09,4.83,4.66,4.51,4.38,4.25,4.12,3.97,3.77,"Tyler Phillips","20629",663969
"Jhony Brito","SDP",2.3917,2.4248,0.6218,4.13623,39.62,1.62,0,0.6081,,46.8606,199.611,46.791,23.3348,21.5363,6.01898,15.0806,0.8506,1.7869,37.4733,7.19708,2.89636,2.48487,1.156,0.187732,0.0755499,0.11218170821666718,0.256047,1.32033,0.292795,0.721055,0.452426,,4.31676,0.194291,0.206557,750.52001953125,,,,,,,178.8,3.8042553191489366,184,3.9148936170212765,7.35809,5.93959,5.10534,4.48214,3.97353,3.52815,3.11411,2.68764,2.19062,5.19912,4.92723,4.74345,4.58345,4.45156,4.31156,4.17778,4.01589,3.81211,"Jhony Brito","25386",666745
"Tyler Kinley","COL",2.9505,3.3096,0,4.51565,64,0,17.786,6.1735,,64,276.577,61.6055,34.2078,32.1113,9.35111,26.1927,1.4559,2.5863,66.4104,9.33896,3.68335,2.53545,1.315,0.240115,0.0947031,0.14541231840848923,0.248612,1.37185,0.30374,0.717344,0.376106,,4.33961,0.190655,0.389235,542.5399780273438,,,,,,,360.7000000000001,5.635937500000002,362,5.65625,6.89,5.99,5.41,4.96,4.57,4.21,3.86,3.49,3.03,5.61,5.31,5.1,4.93,4.77,4.62,4.47,4.29,4.06,"Tyler Kinley","18297",641755
"Max Lazar","PHI",2.4709,2.4221,0,4.19941,50,0,0,3.8985,,50,213.584,50.1986,25.2365,23.3301,6.6,16.5154,1.211,1.9148,40.8242,7.34836,2.97277,2.47189,1.188,0.191139,0.0773251,0.11381376534700394,0.257226,1.33428,0.295124,0.721674,0.451632,,4.35532,0.190415,0.166592,999,,,,,,,194.89999999999998,3.8979999999999997,200,4,6.81,5.79,5.15,4.66,4.24,3.87,3.5,3.11,2.65,5.35,5.04,4.83,4.66,4.5,4.35,4.19,4.02,3.78,"Max Lazar","23426",676661
"Jorge López","WSN",2.8878,2.9828,0,3.98085,60,0,6.944,11.7824,,60,256.739,58.2785,28.8613,26.539,6.89333,21.4403,2.8267,3.6308,52.4863,7.87295,3.21604,2.44802,1.034,0.204434,0.0835101,0.12092435359954834,0.251561,1.32865,0.298251,0.725829,0.475905,,4.16405,0.188914,0.274984,418.92999267578125,,,,,,,319.09999999999997,5.3183333333333325,321,5.35,6.36,5.46,4.89,4.45,4.08,3.73,3.4,3.04,2.61,5.03,4.77,4.58,4.43,4.3,4.16,4.03,3.87,3.67,"Jorge Lopez","14527",605347
"Joe Jiménez","ATL",1.466,1.1774,0,3.7035,27,0,0,0.6188,,27,112.876,23.2538,11.9054,11.1105,3.255,9.308,0.5337,1.2462,31.1146,10.3715,3.10267,3.34278,1.085,0.275653,0.0824622,0.19319074600934982,0.227261,1.20599,0.294307,0.737602,0.360748,,3.60161,0.187542,0.23065,999,,,,,,,139.10000000000002,5.151851851851853,132,4.888888888888889,6.69,5.35,4.55,3.97,3.49,3.07,2.67,2.27,1.82,4.67,4.4,4.22,4.07,3.93,3.8,3.67,3.52,3.31,"Joe Jimenez","15761",641729
"Scott Barlow","CIN",2.8478,2.8279,0,4.19609,58,0,0,7.056,,58,251.627,54.1901,29.1464,27.0415,7.79778,24.4362,1.5571,2.7893,61.6989,9.57397,3.79182,2.5249,1.21,0.2452,0.0971128,0.1480870395898819,0.241487,1.35563,0.299489,0.730768,0.433224,,4.19492,0.186812,0.297962,730.2000122070312,,,,,,,261.4000000000001,4.5068965517241395,257,4.431034482758621,6.62,5.69,5.11,4.65,4.26,3.91,3.56,3.19,2.74,5.26,4.98,4.79,4.63,4.49,4.35,4.21,4.05,3.83,"Scott Barlow","14993",605130
"Porter Hodge","CHC",3.2318,2.9347,0,3.76184,63,0,10.609,9.5129,,63,269.923,54.3783,28.5537,26.3329,6.986,29.0013,1.4757,3.1659,68.348,9.764,4.14304,2.35672,0.998,0.253213,0.107443,0.1457700952887535,0.228715,1.32349,0.291785,0.744925,0.422634,,3.97003,0.185937,0.335672,294.42999267578125,,,,,,,374.70000000000005,5.947619047619049,359,5.698412698412699,6.03,5.16,4.61,4.19,3.83,3.5,3.18,2.85,2.44,4.81,4.53,4.34,4.18,4.04,3.91,3.77,3.61,3.4,"Porter Hodge","26413",687863
"Wandy Peralta","SDP",2.6721,2.4177,0,3.73387,52,0,0,4.2161,,52,222.793,48.5631,23.6341,21.5735,5.49467,21.4648,1.0921,2.6668,47.0094,8.13624,3.71506,2.19007,0.951,0.211,0.0963441,0.11465619504451752,0.244452,1.34669,0.294672,0.744261,0.487126,,4.1243,0.184116,0.274379,999,,,,,,,233.9,4.4980769230769235,233,4.480769230769231,6.2,5.24,4.65,4.19,3.8,3.45,3.11,2.76,2.33,4.82,4.54,4.35,4.19,4.05,3.92,3.78,3.62,3.41,"Wandy Peralta","14295",593974
"Elvis Peguero","MIL",2.7874,2.693,0,3.89025,56,0,0,9.1804,,56,241.275,53.2155,26.4655,24.206,5.61867,23.2539,1.439,2.6716,53.1184,8.53689,3.73723,2.28428,0.903,0.220157,0.0963792,0.1237778440117836,0.247112,1.36553,0.303915,0.728885,0.505899,,3.96259,0.181637,0.338597,999,,,,,,,266.80000000000007,4.764285714285715,266,4.75,6.34,5.4,4.82,4.37,3.98,3.63,3.29,2.93,2.5,4.99,4.71,4.52,4.36,4.22,4.08,3.93,3.77,3.56,"Elvis Peguero","21652",665625
"John King","STL",2.9983,2.7763,0,3.73029,59,0,0,11.8837,,59,251.814,62.271,27.0756,24.4541,5.09367,17.6373,1.4525,2.18,41.3418,6.30638,2.69044,2.344,0.777,0.164176,0.070041,0.09413495659828186,0.268413,1.35438,0.308132,0.725952,0.559385,,3.89506,0.181061,0.361623,999,,,,,,,283.90000000000003,4.811864406779661,300,5.084745762711864,6.14,5.24,4.68,4.24,3.87,3.53,3.21,2.86,2.44,4.84,4.57,4.39,4.23,4.09,3.96,3.82,3.67,3.46,"John King","22051",667463
"Ryan Fernandez","STL",3.2994,3.0624,0,3.8173,65,0,1.18,15.9568,,65,276.008,59.2595,29.9005,27.5694,7.15,26.0778,1.8849,2.3516,63.7408,8.82565,3.61077,2.44426,0.99,0.230938,0.094482,0.1364561915397644,0.239356,1.31288,0.294924,0.735946,0.435392,,3.94735,0.175783,0.371825,666.6699829101562,,,,,,,354.5,5.453846153846154,347,5.338461538461538,6.09,5.22,4.68,4.26,3.9,3.57,3.25,2.91,2.5,4.89,4.61,4.41,4.25,4.1,3.96,3.81,3.65,3.44,"Ryan Fernandez","24862",681676
"José Buttó","NYM",3.2859,2.8811,0,3.88665,63,0,1.202,16.0504,,63,268.771,57.3004,29.3616,27.2066,7.987,22.8106,1.3132,3.1126,63.2586,9.03694,3.25866,2.77321,1.141,0.235362,0.08487,0.15049242228269577,0.235952,1.2716,0.28737,0.736254,0.399164,,4.04082,0.174147,0.250427,654.4600219726562,,,,,,,336.6000000000001,5.342857142857144,328,5.2063492063492065,6.14,5.28,4.73,4.31,3.95,3.63,3.3,2.96,2.55,4.84,4.59,4.43,4.29,4.17,4.05,3.92,3.78,3.59,"Jose Butto","23313",676130
"Seth Halvorsen","COL",2.8218,3.3392,0,4.73261,63,0,8.731,8.4782,,63,276.923,64.9118,35.548,33.1283,8.505,27.1379,1.5746,3.021,57.1104,8.15863,3.87684,2.10445,1.215,0.206232,0.097998,0.10823406279087067,0.263052,1.46111,0.311384,0.705014,0.448718,,4.54459,0.17259,0.154006,361.6300048828125,,,,,,,287.50000000000006,4.563492063492064,299,4.746031746031746,7.26,6.31,5.7,5.23,4.83,4.45,4.09,3.69,3.21,6,5.65,5.41,5.21,5.03,4.86,4.68,4.48,4.22,"Seth Halvorsen","33294",678020
"Yilber Diaz","ARI",2.5844,2.4438,0.6495,4.04913,41.62,1.62,0,0.6244,,49.1309,210.892,45.1036,23.7804,22.1042,5.8302,20.4006,0.9733,2.0244,50.8943,9.32303,3.73707,2.49475,1.068,0.241329,0.0967348,0.14459390938282013,0.239318,1.33326,0.298107,0.727632,0.396348,,4.00666,0.168706,0.312091,723.6300048828125,,,,,,,211.8,4.322448979591837,207,4.224489795918367,7.14498,5.77736,4.96169,4.35806,3.86673,3.43841,3.03124,2.61336,2.1392,5.06169,4.78983,4.60611,4.4624,4.3224,4.18868,4.05682,3.9031,3.69939,"Yilber Diaz","29271",700270
"Danny Young","NYM",3.0052,2.4773,0,3.59041,56,0,0,10.3471,,56,241.692,49.6723,24.5178,22.3403,5.38844,24.4754,1.3619,4.2149,58.2859,9.36738,3.93355,2.38141,0.866,0.241158,0.101267,0.1398908495903015,0.233201,1.32407,0.296556,0.74515,0.485737,,3.87271,0.167688,0.302847,999,,,,,,,294.9000000000001,5.26607142857143,287,5.125,5.97,5.05,4.47,4.04,3.67,3.33,3,2.66,2.25,4.7,4.41,4.21,4.05,3.9,3.76,3.61,3.45,3.24,"Danny Young","18439",664849
"Brusdar Graterol","LAD",1.03,0.8302,0,3.6171,19,0,0,0.7121,,19,80.067,18.3396,8.3946,7.6361,1.87678,5.9471,0.5802,0.8904,17.0569,8.07958,2.81705,2.8681,0.889,0.213033,0.0742765,0.13875628262758255,0.25044,1.27825,0.303206,0.733734,0.520491,,3.73473,0.166984,0.191775,999,,,,,,,86.2,4.536842105263158,86,4.526315789473684,6.94,5.44,4.56,3.93,3.41,2.97,2.55,2.14,1.68,4.72,4.43,4.24,4.08,3.94,3.8,3.66,3.5,3.29,"Brusdar Graterol","20367",660813
"Carson Spiers","CIN",2.1779,2.4527,0.5332,4.59947,37.62,1.62,0,0.6083,,44.9947,193.435,45.8392,24.527,22.9946,7.6491,13.6665,0.7867,2.3005,40.345,8.06995,2.73362,2.95211,1.53,0.208571,0.0706516,0.13791971653699875,0.258296,1.3225,0.294964,0.716821,0.390399,,4.64775,0.164824,0.0885988,746.1300048828125,,,,,,,151.00000000000003,3.355555555555556,157,3.488888888888889,7.97171,6.47585,5.58792,4.92396,4.38399,3.90202,3.45204,2.98805,2.46007,5.60192,5.34592,5.16392,5.01192,4.87793,4.74593,4.60593,4.45193,4.24793,"Carson Spiers","27685",686730
"Ryne Stanek","NYM",3.0755,2.6025,0,3.77696,58,0,0,12.1239,,58,245.867,48.4324,26.0749,24.3404,7.43689,24.4687,1.5131,2.393,66.0895,10.2553,3.79687,2.70098,1.154,0.268802,0.0995201,0.16928177326917648,0.221147,1.25692,0.281797,0.749346,0.338443,,3.94382,0.163672,0.309478,749.5399780273438,,,,,,,320.3,5.522413793103448,301,5.189655172413793,6.05,5.15,4.58,4.15,3.78,3.45,3.12,2.78,2.37,4.75,4.48,4.3,4.15,4.01,3.88,3.74,3.59,3.39,"Ryne Stanek","15947",592773
"Connor Thomas","MIL",2.6944,2.5903,0,3.86275,54,0,0,6.4382,,54,229.397,56.3269,25.3925,23.1765,6.114,14.034,1.325,2.3268,39.412,6.56867,2.339,2.80832,1.019,0.171807,0.0611778,0.11062916368246078,0.264401,1.30298,0.29976,0.727629,0.4999,,4.0876,0.159333,0.333435,999,,,,,,,234.20000000000002,4.337037037037037,246,4.555555555555555,6.33,5.39,4.8,4.34,3.96,3.61,3.27,2.91,2.48,4.92,4.66,4.48,4.33,4.2,4.07,3.94,3.79,3.59,"Connor Thomas","sa3010784",671162
"Yosver Zulueta","CIN",2.2762,2.2254,0,4.07796,46,0,0,0.6083,,46,201.313,44.0695,22.7547,20.8429,4.97311,21.1207,1.1356,2.8707,45.1644,8.83651,4.13231,2.13839,0.973,0.224349,0.104915,0.1194344013929367,0.248529,1.41718,0.3074,0.728784,0.520864,,4.17291,0.154126,0.235864,999,,,,,,,186.50000000000003,4.054347826086957,187,4.065217391304348,6.77,5.71,5.06,4.56,4.14,3.75,3.38,2.99,2.53,5.22,4.93,4.73,4.56,4.41,4.27,4.12,3.96,3.73,"Yosver Zulueta","27765",691172
"Michael Kopech","LAD",2.7706,2.4175,0,4.03947,53,0,2.561,9.756,,53,225.053,44.1697,25.3729,23.788,7.21978,24.048,1.0652,2.5354,62.6802,10.6438,4.08362,2.60646,1.226,0.278513,0.106855,0.1716582402586937,0.222551,1.28713,0.287392,0.737305,0.3535,,4.0768,0.152754,0.253397,492.1300048828125,,,,,,,291.70000000000005,5.5037735849056615,274,5.169811320754717,6.43,5.48,4.88,4.42,4.03,3.68,3.33,2.97,2.53,4.96,4.72,4.55,4.41,4.28,4.16,4.03,3.88,3.69,"Michael Kopech","17282",656629
"Hurston Waldrep","ATL",1.7219,1.6674,1.3214,4.33348,15.24,3.24,0,0.6188,,30.1286,131.388,29.7332,15.6933,14.5068,3.69578,12.952,0.3483,1.1922,27.474,8.20702,3.86901,2.12122,1.104,0.209106,0.0985783,0.11052761226892471,0.253601,1.41677,0.3025,0.719571,0.456311,,4.34575,0.151866,0.150775,684.1300048828125,,,,,,,110.80000000000001,3.693333333333334,114,3.8,8.37051,6.45306,5.35526,4.56738,3.93942,3.39942,2.89738,2.41331,1.86721,5.50713,5.19509,4.98306,4.80704,4.65102,4.49501,4.33899,4.15696,3.92094,"Hurston Waldrep","33527",694462
"Robby Snelling","MIA",1.3766,1.9904,2.0397,4.61035,4.86,4.86,0,0,,27.702,121.447,29.1737,15.3063,14.1907,3.74593,10.8544,0.0822,1.0415,20.314,6.59974,3.52645,1.8715,1.217,0.167266,0.0893756,0.07789076119661331,0.266302,1.44495,0.297432,0.710727,0.438667,,4.74603,0.150793,0.282026,999,,,,,,,86.6,3.0928571428571425,92,3.2857142857142856,7.97,6.55,5.69,5.04,4.5,4.02,3.56,3.09,2.54,5.77,5.47,5.26,5.09,4.94,4.79,4.63,4.45,4.22,"Robby Snelling","sa3020707",702281
"Daniel Palencia","CHC",1.9727,1.747,0,3.67334,38,0,0,0.6254,,38,161.359,31.7925,16.7915,15.5097,4.142,17.367,0.8752,1.8881,43.0157,10.1879,4.11324,2.47686,0.981,0.266584,0.10763,0.15895427763462067,0.223727,1.29367,0.291223,0.746482,0.41203,,3.83964,0.150072,0.254714,999,,,,,,,181.8,4.78421052631579,171,4.5,6.36,5.23,4.55,4.03,3.61,3.22,2.86,2.49,2.05,4.71,4.43,4.24,4.08,3.94,3.8,3.66,3.5,3.29,"Daniel Palencia","27914",694037
"Alexis Díaz","CIN",3.104,3.2555,0,4.48928,65,0,27.851,3.1934,,65,284.091,58.5638,34.5238,32.4226,9.77889,31.0753,1.6006,4.2108,70.8253,9.80658,4.30273,2.27915,1.354,0.249305,0.109385,0.1399199590086937,0.23538,1.37906,0.29004,0.725692,0.356183,,4.57161,0.149782,0.0927197,146.97999572753906,,,,,,,393.6,6.055384615384615,384,5.907692307692308,6.84,5.94,5.37,4.93,4.54,4.19,3.84,3.47,3.02,5.56,5.27,5.06,4.9,4.74,4.6,4.44,4.27,4.04,"Alexis Diaz","21132",664747
"Sam Moll","CIN",2.7428,2.6397,0,4.05379,55,0,0,10.4082,,55,237.274,51.3976,26.7765,24.7732,7.08889,22.8765,2.2427,3.1363,55.7942,9.12996,3.74343,2.43893,1.16,0.235147,0.0964138,0.13873287290334702,0.243289,1.35044,0.29862,0.738117,0.440752,,4.23204,0.149054,0.3304,999,,,,,,,262.29999999999995,4.769090909090909,258,4.6909090909090905,6.52,5.56,4.96,4.5,4.11,3.75,3.4,3.03,2.59,5.15,4.86,4.66,4.49,4.34,4.2,4.05,3.88,3.66,"Sam Moll","14874",594580
"Tink Hence","STL",1.0628,1.1738,1.467,4.3096,3.24,3.24,0,0,,18.468,79.466,18.3944,9.5521,8.8433,2.45624,6.6738,0.0538,0.6994,15.3385,7.4749,3.25234,2.29832,1.197,0.19302,0.0839831,0.10903655737638474,0.255149,1.35739,0.293531,0.71736,0.43339,,4.43212,0.145682,0.109422,999,,,,,,,67.80000000000003,3.766666666666668,70,3.888888888888889,8.09,6.35,5.34,4.6,4.01,3.49,3,2.52,1.98,5.45,5.15,4.94,4.77,4.62,4.47,4.31,4.14,3.91,"Tink Hence","sa3014709",693311
"Declan Cronin","MIA",3.1368,3.4174,0,4.0119,67,0,1.082,12.639,,67,289.292,67.0983,32.6501,29.8664,6.47667,25.6301,1.7543,3.5158,56.7689,7.62567,3.44285,2.21493,0.87,0.196234,0.088596,0.10763795673847198,0.257925,1.38401,0.307879,0.718115,0.516446,,4.03359,0.144204,0.293758,999,,,,,,,328.79999999999995,4.907462686567164,338,5.044776119402985,6.35,5.49,4.94,4.52,4.15,3.82,3.49,3.14,2.72,5.13,4.85,4.65,4.49,4.35,4.21,4.06,3.9,3.68,"Declan Cronin","25645",686539
"Taijuan Walker","PHI",3.3006,3.6008,1.1057,4.49223,51.24,3.24,0,0.5848,,65.8214,283.446,68.1737,35.2651,32.8538,10.2169,20.8983,1.3822,2.8072,50.724,6.93568,2.8575,2.42718,1.397,0.178955,0.0737294,0.1052253246307373,0.262468,1.35324,0.291534,0.719649,0.410164,,4.72355,0.13818,0.174128,747.4600219726562,,,,,,,222.60000000000008,3.372727272727274,234,3.5454545454545454,7.47295,6.23635,5.48451,4.91057,4.4283,3.99686,3.58354,3.16022,2.6496,5.45931,5.2239,5.06119,4.91848,4.79577,4.67577,4.55036,4.40765,4.21494,"Taijuan Walker","11836",592836
"Stephen Kolek","SDP",2.4652,2.5127,1.4321,4.08168,31.24,3.24,0,0.6081,,46.468,200.011,46.3351,22.9874,21.0741,5.34898,16.8951,0.6942,2.6209,37.2349,7.21172,3.27227,2.20389,1.036,0.186164,0.0844709,0.10169340670108795,0.256711,1.36073,0.297192,0.721952,0.496074,,4.32028,0.135922,0.215872,749.2999877929688,,,,,,,177.30000000000004,3.8543478260869573,183,3.9782608695652173,7.50474,5.99577,5.10833,4.44872,3.91103,3.43923,2.99346,2.55167,2.04385,5.20244,4.91449,4.72051,4.56051,4.41654,4.27859,4.12859,3.97064,3.75269,"Stephen Kolek","21487",663568
"Dennis Santana","PIT",3.1605,3.2969,0,4.14166,66,0,2.237,12.355,,66,285.344,63.047,32.7333,30.3722,7.49467,27.3799,1.5015,3.0449,62.0714,8.46428,3.73362,2.26704,1.022,0.217532,0.095954,0.12157782167196274,0.247322,1.3701,0.299711,0.721762,0.413198,,4.1447,0.134077,0.258864,623.5700073242188,,,,,,,330.50000000000006,5.007575757575759,331,5.015151515151516,6.45,5.58,5.02,4.6,4.23,3.89,3.56,3.2,2.77,5.2,4.92,4.73,4.57,4.43,4.29,4.15,3.98,3.77,"Dennis Santana","17878",642701
"Enyel De Los Santos","ATL",1.8233,1.6028,0,4.05483,35,0,0,0.6188,,35,149.701,32.4435,16.9112,15.7688,4.62778,13.2424,0.9259,1.7653,36.1719,9.30135,3.40519,2.73152,1.19,0.241628,0.088459,0.15316865593194962,0.240869,1.30531,0.296247,0.733917,0.381352,,4.10478,0.128149,0.151037,999,,,,,,,145.3,4.151428571428572,141,4.0285714285714285,6.91,5.7,4.97,4.42,3.96,3.54,3.15,2.74,2.27,5.08,4.8,4.61,4.46,4.31,4.18,4.03,3.87,3.66,"Enyel De Los Santos","18403",660853
"Tony Santillan","CIN",2.8257,2.8496,0,4.30338,58,0,1.058,11.1997,,58,250.974,52.1374,29.6064,27.7329,8.59689,26.1251,1.4147,3.2594,64.6453,10.0312,4.05389,2.47445,1.334,0.257578,0.104095,0.1534828469157219,0.235288,1.34935,0.293504,0.734688,0.373097,,4.38411,0.125781,0.201558,558.8300170898438,,,,,,,275.30000000000007,4.746551724137932,265,4.568965517241379,6.73,5.78,5.19,4.72,4.33,3.97,3.62,3.24,2.79,5.38,5.08,4.88,4.71,4.56,4.41,4.26,4.08,3.86,"Tony Santillan","19926",663574
"Jake Bird","COL",2.7546,3.2111,0,4.64008,61,0,0.97,10.2596,,61,268.368,64.4173,33.9004,31.4494,7.53011,24.7709,1.5144,3.6879,53.1905,7.84778,3.65472,2.1473,1.111,0.1982,0.092302,0.10589785128831863,0.268507,1.4621,0.317471,0.702995,0.48329,,4.42692,0.113005,0.227827,999,,,,,,,250.6000000000001,4.108196721311478,265,4.344262295081967,7.15,6.21,5.62,5.15,4.76,4.39,4.02,3.64,3.16,5.78,5.49,5.29,5.12,4.97,4.82,4.67,4.49,4.27,"Jake Bird","21267",656234
"Justin Wrobleski","LAD",1.8674,1.6564,0,4.0718,36,0,0,0.7121,,36,153.061,34.4779,17.5238,16.2872,5.12,12.2391,0.8394,1.3959,33.4802,8.37005,3.05978,2.73551,1.28,0.218738,0.0799622,0.13877539336681366,0.247285,1.29769,0.291175,0.738153,0.405204,,4.29161,0.110461,0.0647002,748.9400024414062,,,,,,,147.50000000000003,4.097222222222223,146,4.055555555555555,6.92,5.73,5,4.46,4,3.59,3.2,2.79,2.31,5.1,4.83,4.64,4.49,4.35,4.21,4.07,3.91,3.7,"Justin Wrobleski","31204",680736
"Huascar Brazobán","NYM",2.6569,2.3353,0,3.8715,51,0,0,6.8533,,51,218.884,45.571,23.8278,21.9385,5.54767,22.8922,1.2284,2.3184,51.387,9.06829,4.0398,2.24474,0.979,0.234768,0.104586,0.1301822066307068,0.235298,1.34242,0.292699,0.735387,0.446838,,4.04839,0.108715,0.147047,999,,,,,,,239.00000000000003,4.686274509803922,232,4.549019607843137,6.36,5.38,4.77,4.31,3.91,3.56,3.21,2.84,2.41,4.94,4.66,4.47,4.31,4.17,4.03,3.89,3.73,3.52,"Huascar Brazoban","6107",623211
"Tyler Stuart","WSN",1.0374,1.0177,0,3.78049,21,0,0,0.6126,,21,88.124,19.9092,9.5876,8.82114,2.48733,6.233,0.509,0.9444,18.6076,7.97469,2.67129,2.98534,1.066,0.211152,0.0707299,0.14042258262634277,0.245955,1.24487,0.291084,0.730567,0.448911,,3.95945,0.108314,0.111234,999,,,,,,,99.80000000000001,4.752380952380953,100,4.761904761904762,7.17,5.62,4.71,4.06,3.52,3.06,2.64,2.21,1.73,4.82,4.55,4.36,4.21,4.07,3.94,3.8,3.65,3.44,"Tyler Stuart","sa3020264",701603
"Tyler Rogers","SFG",3.3893,3.46,0,4.00063,70,0,1.201,14.1836,,70,298.253,73.9554,33.9942,31.116,7.58333,16.6446,1.445,3.6801,50.0657,6.43702,2.14002,3.00792,0.975,0.167863,0.055807,0.11205620691180229,0.266095,1.29429,0.301309,0.70772,0.494484,,4.01542,0.10702,0.0993898,747.9099731445312,,,,,,,325.20000000000005,4.645714285714287,344,4.914285714285715,6.28,5.45,4.91,4.5,4.15,3.82,3.5,3.16,2.74,5.08,4.81,4.63,4.47,4.34,4.21,4.07,3.91,3.71,"Tyler Rogers","15541",643511
"Caleb Kilian","CHC",1.5727,1.6931,0.6399,4.28267,23.62,1.62,0,0.6254,,31.1065,133.951,31.987,16.032,14.8021,3.91596,10.3673,0.8539,1.543,24.0882,6.9694,2.99956,2.32348,1.133,0.179828,0.0773962,0.10243222862482071,0.262101,1.36159,0.298512,0.713884,0.461693,,4.40294,0.106003,0.0790035,746.4600219726562,,,,,,,112.99999999999999,3.64516129032258,119,3.838709677419355,8.20942,6.35959,5.30029,4.52954,3.9222,3.39536,2.9073,2.42803,1.89046,5.372,5.09614,4.90322,4.75029,4.60736,4.46443,4.32151,4.16858,3.95272,"Caleb Kilian","26213",668873
"Dauri Moreta","PIT",1.7873,1.833,0,4.09771,37,0,0,0.6021,,37,159.003,33.5217,18.0373,16.8461,4.67022,15.329,0.9035,1.7287,38.5943,9.3878,3.72868,2.51773,1.136,0.242727,0.096407,0.14631985872983932,0.236159,1.32029,0.292372,0.728236,0.363053,,4.10425,0.105787,0.195619,999,,,,,,,154.9,4.186486486486487,151,4.081081081081081,6.92,5.73,5.01,4.46,4.01,3.6,3.2,2.8,2.32,5.19,4.89,4.67,4.5,4.35,4.19,4.04,3.86,3.63,"Dauri Moreta","21101",664294
"José Ruiz","PHI",3.1057,2.9621,0,4.10218,62,0,0,9.9704,,62,264.505,57.8431,30.4378,28.2595,8.38378,23.8004,1.3683,2.4567,59.9935,8.70873,3.4549,2.52069,1.217,0.226814,0.0899809,0.1368333324790001,0.242785,1.31683,0.291159,0.732491,0.417167,,4.2596,0.105526,0.308395,999,,,,,,,291.59999999999997,4.703225806451612,288,4.645161290322581,6.44,5.55,4.98,4.55,4.17,3.83,3.49,3.14,2.7,5.14,4.87,4.68,4.52,4.38,4.25,4.11,3.95,3.74,"Jose Ruiz","14552",614179
"Kevin Herget","NYM",1.7495,1.5785,0,4.01164,34,0,0,0.6719,,34,143.46,33.078,16.3116,15.1551,4.75622,9.0545,0.8273,1.3821,29.4691,7.80064,2.39678,3.25464,1.259,0.205417,0.0631151,0.14230169355869293,0.248663,1.23919,0.286663,0.727887,0.393192,,4.17244,0.104888,0.0987999,999,,,,,,,136.3,4.008823529411765,137,4.029411764705882,6.9,5.68,4.94,4.38,3.92,3.5,3.1,2.7,2.22,5.06,4.78,4.58,4.43,4.28,4.14,4,3.84,3.62,"Kevin Herget","15369",643361
"Lucas Gilbreath","COL",2.0874,2.4115,0,4.60989,46,0,0,0.5573,,46,203.901,46.0525,25.3311,23.5617,5.95444,22.4478,1.0399,2.5212,42.9861,8.41032,4.39196,1.91494,1.165,0.210818,0.110092,0.10072682797908783,0.257374,1.48914,0.308467,0.717525,0.440144,,4.60871,0.0951587,0.230793,999,,,,,,,162.00000000000003,3.521739130434783,167,3.630434782608696,7.4,6.3,5.61,5.09,4.64,4.23,3.83,3.41,2.91,5.83,5.5,5.27,5.08,4.91,4.75,4.58,4.39,4.14,"Lucas Gilbreath","21290",656458
"Kyle Hart","SDP",5.6341,6.7966,5.8953,4.63733,38.58,14.58,0,0.6081,,107.106,464.63,111.127,59.1944,55.1874,16.9227,37.4937,0.82,4.6979,76.5284,6.4306,3.15055,2.0411,1.422,0.164708,0.0806958,0.08401244133710861,0.263061,1.3876,0.286346,0.715818,0.40103,,4.97323,0.0911379,0.361129,511.3299865722656,,,,,,,326.1,3.0476635514018695,346,3.2336448598130842,7.15893,6.18656,5.57365,5.10763,4.69953,4.33592,3.97127,3.58887,3.12318,5.82228,5.49676,5.279,5.099,4.93348,4.77572,4.60796,4.42796,4.18244,"Kyle Hart","19646",606996
"Tim Mayza","PIT",2.6313,2.7498,0,4.09522,55,0,0,4.4152,,55,238.819,57.7388,27.3271,25.0263,5.57333,19.6983,1.5198,2.0388,42.8661,7.01445,3.22336,2.17613,0.912,0.179492,0.0824821,0.09700986742973328,0.265977,1.40795,0.309326,0.719615,0.500954,,4.11071,0.0901072,0.266152,999,,,,,,,218.39999999999998,3.9709090909090903,233,4.236363636363636,6.62,5.66,5.06,4.59,4.2,3.84,3.48,3.11,2.66,5.23,4.94,4.74,4.58,4.43,4.29,4.15,3.98,3.76,"Tim Mayza","15042",641835
"Carson Seymour","SFG",1.2143,1.1346,0,3.63203,24,0,0,0.6315,,24,101.48,23.3581,10.6554,9.68541,2.312,7.0357,0.5861,1.1531,20.7223,7.77086,2.63839,2.94531,0.867,0.204201,0.0693309,0.13486991822719574,0.250378,1.26641,0.299559,0.726825,0.511022,,3.71555,0.0885097,0.101807,999,,,,,,,115.20000000000003,4.800000000000002,116,4.833333333333333,6.85,5.42,4.58,3.97,3.47,3.04,2.63,2.22,1.76,4.65,4.4,4.23,4.09,3.97,3.84,3.72,3.57,3.38,"Carson Seymour","sa3017868",693313
"Carmen Mlodzinski","PIT",2.8936,3.0743,0,4.22034,61,0,1.118,11.6589,,61,263.613,59.6129,30.8202,28.6045,7.21833,23.945,1.627,2.5067,55.4006,8.17386,3.53287,2.31366,1.065,0.210159,0.0908339,0.11932491511106491,0.25136,1.3698,0.300182,0.717986,0.418633,,4.1893,0.0866621,0.18926,750.7999877929688,,,,,,,291.30000000000007,4.775409836065575,296,4.852459016393443,6.61,5.7,5.13,4.68,4.3,3.95,3.6,3.24,2.79,5.3,5.01,4.82,4.66,4.51,4.37,4.22,4.06,3.84,"Carmen Mlodzinski","27572",669387
"Ryan Borucki","PIT",1.3772,1.3627,0,3.90089,28,0,0,0.6021,,28,119.658,26.5235,13.163,12.1361,3.03022,10.5057,0.627,1.58,26.3949,8.48407,3.37683,2.51244,0.974,0.220586,0.0877977,0.13278844207525253,0.246564,1.32247,0.300629,0.727919,0.447297,,3.98292,0.0865085,0.210397,999,,,,,,,117.10000000000004,4.182142857142859,118,4.214285714285714,7.01,5.66,4.85,4.25,3.76,3.32,2.91,2.49,2.01,5.02,4.72,4.51,4.34,4.19,4.04,3.89,3.72,3.5,"Ryan Borucki","16350",621366
"Kyle Nelson","ARI",1.7611,1.6643,0,4.12828,35,0,0,0.6244,,35,150.602,33.9709,17.2895,16.0544,4.30889,13.2062,0.8396,1.5194,32.3577,8.32055,3.39588,2.45019,1.108,0.214856,0.0876894,0.12716630101203918,0.250013,1.34792,0.298983,0.726403,0.406382,,4.18011,0.085281,0.167339,748.4299926757812,,,,,,,144.4,4.1257142857142854,146,4.171428571428572,7.05,5.83,5.08,4.52,4.05,3.63,3.23,2.81,2.32,5.26,4.95,4.74,4.56,4.4,4.25,4.09,3.92,3.69,"Kyle Nelson","20515",669459
"Bryan Hoeing","SDP",2.7888,2.6916,0,4.0167,56,0,0,9.3647,,56,238.095,56.1985,27.173,24.9928,6.87556,17.2336,1.819,2.125,46.3386,7.44728,2.76969,2.68885,1.105,0.194622,0.0723812,0.12224111706018448,0.256923,1.31129,0.297984,0.724992,0.474724,,4.14471,0.0837594,0.175249,999,,,,,,,253.70000000000007,4.530357142857144,260,4.642857142857143,6.46,5.53,4.94,4.49,4.1,3.75,3.4,3.04,2.6,5.07,4.81,4.62,4.47,4.33,4.2,4.06,3.91,3.7,"Bryan Hoeing","26304",663773
"Cristian Mena","ARI",1.1436,1.1433,0.6638,4.19103,13.62,1.62,0,0.6244,,21.1273,90.809,20.6853,10.63,9.83834,2.48598,8.037,0.3195,0.8513,19.2669,8.20749,3.42367,2.39727,1.059,0.212169,0.0885044,0.12366505712270737,0.252504,1.35949,0.302476,0.716756,0.441058,,4.13437,0.08369,0.114829,999,,,,,,,91.20000000000002,4.342857142857143,94,4.476190476190476,8.6553,6.3809,5.12289,4.24377,3.56193,2.98441,2.47553,1.99096,1.4664,5.23425,4.97129,4.78697,4.63265,4.49833,4.36401,4.22537,4.07105,3.86241,"Cristian Mena","27974",691441
"Héctor Neris","ATL",2.9154,2.5663,0,4.06415,56,0,0,9.5291,,56,240.24,50.8082,27.096,25.288,7.17422,22.7976,1.3686,2.6549,59.6923,9.5934,3.6639,2.61836,1.153,0.248469,0.0948951,0.15357434004545212,0.236551,1.31439,0.294982,0.731725,0.37037,,4.06358,0.0808002,0.262189,736.3499755859375,,,,,,,277.70000000000005,4.958928571428572,271,4.839285714285714,6.45,5.52,4.93,4.47,4.09,3.73,3.39,3.03,2.59,5.07,4.8,4.61,4.46,4.32,4.19,4.05,3.89,3.68,"Hector Neris","11804",593576
"Carson Ragsdale","SFG",1.4113,1.3291,0,3.72518,28,0,0,0.6315,,28,118.393,24.9666,12.5305,11.5894,3.26978,9.8308,0.6838,1.2254,29.041,9.33461,3.1599,2.95408,1.051,0.245293,0.0830353,0.16225790977478027,0.232601,1.24276,0.289191,0.736834,0.400805,,3.79483,0.0767721,0.101211,999,,,,,,,134.30000000000004,4.796428571428573,130,4.642857142857143,6.74,5.41,4.62,4.04,3.56,3.14,2.74,2.34,1.88,4.77,4.49,4.29,4.13,3.99,3.85,3.71,3.54,3.33,"Carson Ragsdale","sa3014922",685068
"Luis García","LAD",0.7892,0.6792,0,3.90567,15,0,0,0.7121,,15,63.345,14.5675,7.0809,6.50945,1.715,4.678,0.3694,0.7489,13.6605,8.1963,2.8068,2.92016,1.029,0.215652,0.0738496,0.1418028101325035,0.251519,1.28303,0.302109,0.72217,0.487611,,3.91679,0.0758294,0.0790545,999,,,,,,,61.400000000000006,4.093333333333334,63,4.2,7.62,5.87,4.86,4.14,3.56,3.06,2.61,2.16,1.66,4.97,4.7,4.51,4.35,4.21,4.08,3.94,3.78,3.57,"Luis Garcia","6984",472610
"Josh Simpson","MIA",1.5692,1.6594,0,3.92303,33,0,0,0.5942,,33,143.167,29.916,15.604,14.3844,3.619,15.7454,0.8269,1.6152,33.8083,9.22045,4.2942,2.14719,0.987,0.236146,0.109979,0.12616663426160812,0.237794,1.38368,0.297548,0.740425,0.436659,,4.1214,0.0754571,0.170048,999,,,,,,,135.00000000000006,4.090909090909093,131,3.9696969696969697,6.87,5.63,4.87,4.31,3.84,3.42,3.02,2.62,2.14,5.07,4.76,4.54,4.37,4.21,4.06,3.9,3.73,3.5,"Josh Simpson","sa1053035",681006
"Kendall Graveman","ARI",2.6656,2.5215,0,4.10378,53,0,0,6.6191,,53,230.635,50.9819,26.2067,24.1667,5.565,22.7199,1.1956,2.9245,50.7495,8.61784,3.8581,2.2337,0.945,0.220042,0.0985102,0.12153229117393494,0.248704,1.3906,0.305475,0.720597,0.458642,,4.06797,0.0742066,0.227444,748.6300048828125,,,,,,,237.80000000000004,4.48679245283019,239,4.509433962264151,6.63,5.65,5.04,4.57,4.17,3.8,3.44,3.07,2.62,5.22,4.93,4.73,4.56,4.41,4.27,4.12,3.95,3.73,"Kendall Graveman","15514",608665
"Justin Lawrence","PIT",3.1573,3.3001,0,4.11971,66,0,0,7.9473,,66,287.081,63.1127,32.7982,30.2112,6.534,30.6439,1.7268,3.6497,61.1851,8.34342,4.17871,1.99665,0.891,0.213128,0.106743,0.10638531297445297,0.249667,1.42055,0.305718,0.720472,0.473848,,4.15819,0.0729075,0.259592,999,,,,,,,287.50000000000006,4.356060606060607,288,4.363636363636363,6.46,5.59,5.03,4.61,4.24,3.9,3.57,3.21,2.78,5.21,4.93,4.74,4.58,4.44,4.3,4.16,4,3.78,"Justin Lawrence","17639",664875
"Mason Black","SFG",2.6365,2.8847,1.2376,4.14021,37.24,3.24,0,0.6315,,51.6623,221.563,49.8356,25.5978,23.7659,6.75628,16.9196,0.8377,2.7551,47.0847,8.20254,2.94753,2.78285,1.177,0.212512,0.0763647,0.13614683598279953,0.246847,1.29215,0.290983,0.718324,0.403827,,4.1863,0.0727378,0.151419,999,,,,,,,206.70000000000005,3.975000000000001,207,3.980769230769231,7.35487,5.94974,5.11034,4.48513,3.97043,3.51256,3.09154,2.65393,2.14974,5.14641,4.88299,4.70957,4.56273,4.42932,4.29932,4.1659,4.01906,3.81222,"Mason Black","30171",696131
"Sean Reid-Foley","NYM",1.1581,0.9955,0,3.78011,22,0,0,0.6719,,22,95.073,18.9671,10.0492,9.24027,2.36867,10.6804,0.5886,0.836,24.157,9.88241,4.36925,2.26181,0.969,0.254089,0.112339,0.1417500302195549,0.226997,1.34761,0.291043,0.744295,0.435433,,3.94047,0.0719703,0.100592,999,,,,,,,104.80000000000001,4.763636363636365,100,4.545454545454546,7.13,5.61,4.72,4.07,3.54,3.08,2.66,2.23,1.76,4.92,4.61,4.4,4.22,4.07,3.92,3.76,3.59,3.36,"Sean Reid-Foley","17034",656887
"Grant Anderson","MIL",1.6557,1.6712,0,4.13894,34,0,0,0.5961,,34,145.113,31.6052,16.7976,15.636,4.66933,12.7943,0.9486,1.6621,33.3069,8.81653,3.38673,2.60326,1.236,0.229524,0.0881678,0.14135604351758957,0.241895,1.30587,0.290632,0.729005,0.4039,,4.26815,0.0706583,0.0797865,999,,,,,,,131.90000000000003,3.8794117647058832,130,3.823529411764706,7.07,5.84,5.08,4.52,4.04,3.62,3.22,2.8,2.31,5.21,4.92,4.72,4.56,4.41,4.27,4.12,3.95,3.73,"Grant Anderson","20546",681982
"Jacob Misiorowski","MIL",1.787,1.7361,0,3.96603,36,0,0,0.5961,,36,156.114,30.729,17.11,15.8641,4.3,17.5766,0.9017,2.7222,40.2146,10.0536,4.39415,2.28796,1.075,0.257598,0.112588,0.14500942081212997,0.226256,1.34182,0.289472,0.737736,0.407879,,4.17668,0.069534,0.187708,999,,,,,,,157.60000000000005,4.377777777777779,149,4.138888888888889,6.8,5.61,4.89,4.34,3.89,3.48,3.1,2.7,2.23,5.04,4.75,4.55,4.39,4.24,4.09,3.95,3.78,3.56,"Jacob Misiorowski","sa3020644",694819
"Chase Petty","CIN",1.6504,2.0612,1.1934,4.76524,18.24,3.24,0,0.6083,,33.468,146.428,35.2744,19.0582,17.7203,5.22473,12.4067,0.4291,1.4953,26.4756,7.11965,3.33633,2.13398,1.405,0.18081,0.084729,0.09608066082000732,0.26617,1.42468,0.298036,0.709076,0.455134,,4.85993,0.0689512,0.0943412,999,,,,,,,108.70000000000005,3.2939393939393953,117,3.5454545454545454,8.8342,6.97145,5.87352,5.07904,4.43352,3.86697,3.34593,2.81834,2.22971,5.90489,5.60938,5.40834,5.24282,5.0873,4.94179,4.78627,4.62075,4.38971,"Chase Petty","sa3017963",695534
"Cody Poteet","CHC",1.5242,1.412,0,3.84532,30,0,0,0.6254,,30,126.476,28.4026,13.8752,12.8177,3.65333,9.846,0.6534,1.1359,28.4724,8.54172,2.9538,2.89177,1.096,0.225121,0.0778488,0.14727221429347992,0.245923,1.27495,0.296866,0.735602,0.431077,,3.94962,0.0654361,0.1396,749.5599975585938,,,,,,,127.00000000000001,4.233333333333333,125,4.166666666666667,6.85,5.55,4.77,4.19,3.71,3.29,2.89,2.49,2.02,4.94,4.64,4.44,4.27,4.12,3.98,3.83,3.66,3.44,"Cody Poteet","18769",547001
"Davis Daniel","ATL",0.7848,0.6836,0,4.00465,15,0,0,0.6188,,15,63.131,14.8739,7.1807,6.67442,2.04167,3.6226,0.3427,0.6199,13.5115,8.1069,2.17356,3.72978,1.225,0.214023,0.0573823,0.15664096176624298,0.252577,1.2331,0.296115,0.723601,0.400319,,3.98289,0.0644223,0.0939067,999,,,,,,,64.4,4.293333333333334,66,4.4,7.86,5.99,4.92,4.16,3.56,3.04,2.57,2.11,1.61,4.99,4.74,4.56,4.41,4.28,4.15,4.01,3.86,3.66,"Davis Daniel","27582",669721
"Drue Hackenberg","ATL",0.5591,0.5577,0.7042,4.47386,1.62,1.62,0,0,,9.234,40.696,9.4323,4.9853,4.59018,1.0496,4.1323,0.0276,0.514,7.6912,7.4963,4.02758,1.86124,1.023,0.188992,0.101541,0.08745085448026657,0.261647,1.46898,0.306959,0.709317,0.49965,,4.48782,0.0624861,0.0655487,999,,,,,,,31.900000000000013,3.544444444444446,33,3.6666666666666665,9.37,6.86,5.48,4.53,3.78,3.16,2.61,2.09,1.53,5.69,5.38,5.16,4.98,4.82,4.66,4.5,4.32,4.08,"Drue Hackenberg","sa3023304",802357
"Carlos Rodriguez","MIL",1.5339,1.8619,1.2112,4.56117,15.24,3.24,0,0.5961,,30.1088,130.306,29.1615,16.276,15.259,4.91443,11.3385,0.3416,1.5952,26.894,8.03904,3.38926,2.37192,1.469,0.206391,0.0870144,0.11937669664621353,0.248453,1.34512,0.28338,0.720528,0.363384,,4.79061,0.0615539,0.135421,999,,,,,,,104.1,3.4699999999999998,104,3.466666666666667,8.59275,6.6692,5.56137,4.76145,4.12347,3.56746,3.05942,2.55934,1.99521,5.57521,5.3092,5.12717,4.97116,4.83514,4.70311,4.56311,4.40108,4.19304,"Carlos Rodriguez","30161",692230
"Jimmy Herget","COL",2.2126,2.6766,0,4.88266,50,0,0,3.7156,,50,216.826,53.696,28.8489,27.1259,8.17222,15.2502,1.66,2.4052,41.685,7.5033,2.74504,2.73341,1.471,0.192251,0.0703338,0.12191712111234665,0.269598,1.37892,0.304887,0.697283,0.385157,,4.68318,0.0614305,0.0835588,999,,,,,,,180.20000000000002,3.6040000000000005,195,3.9,7.57,6.52,5.86,5.34,4.9,4.5,4.1,3.68,3.17,6.02,5.71,5.49,5.32,5.15,5,4.84,4.65,4.41,"Jimmy Herget","17556",623474
"Eli Morgan","CHC",2.4394,2.4531,0,4.24446,50,0,0,0.6254,,50,212.404,47.9343,25.1293,23.5803,7.53333,15.4522,0.9881,1.8343,47.4195,8.53551,2.7814,3.06879,1.356,0.223251,0.0727491,0.15050233155488968,0.245669,1.26773,0.288239,0.724022,0.341195,,4.26556,0.0604388,0.055977,999,,,,,,,193.8,3.8760000000000003,193,3.86,6.76,5.76,5.12,4.64,4.23,3.86,3.49,3.11,2.65,5.25,4.98,4.79,4.63,4.49,4.35,4.21,4.05,3.84,"Eli Morgan","20203",669212
"Hunter Stratton","PIT",0.7176,0.7499,0,4.16029,15,0,0,0.6021,,15,64.544,14.2804,7.4528,6.93382,1.86167,5.7298,0.3481,0.7617,14.0502,8.43012,3.43788,2.45213,1.117,0.217684,0.0887736,0.12891051918268204,0.245991,1.33401,0.294697,0.721529,0.396149,,4.20486,0.0597614,0.109094,999,,,,,,,61.00000000000001,4.066666666666667,60,4,8.11,6.2,5.11,4.33,3.71,3.18,2.7,2.22,1.7,5.25,4.96,4.75,4.58,4.43,4.29,4.13,3.96,3.74,"Hunter Stratton","23455",676702
"Jonathan Pintaro","NYM",0.5507,0.5666,0.7136,4.42132,1.62,1.62,0,0,,9.234,40.113,9.3841,4.9074,4.53627,1.2353,3.3583,0.0272,0.4745,7.3465,7.16033,3.2732,2.18757,1.204,0.183145,0.083721,0.09942413121461868,0.258656,1.37994,0.294197,0.711434,0.454818,,4.55963,0.057774,0.0363213,999,,,,,,,35.90000000000001,3.9888888888888903,37,4.111111111111111,9.26,6.76,5.39,4.44,3.71,3.09,2.55,2.03,1.48,5.68,5.33,5.1,4.91,4.74,4.57,4.4,4.2,3.95,"Jonathan Pintaro","sa3024197",702752
"Carson Palmquist","COL",0.849,1.3994,1.1196,5.28424,3.24,3.24,0,0,,18.468,82.299,19.205,11.4915,10.8433,3.31398,8.3635,0.0557,0.9933,16.092,7.8421,4.07578,1.92407,1.615,0.195531,0.101623,0.09390756487846375,0.263291,1.49277,0.296827,0.701167,0.354695,,5.27652,0.0548172,0.160719,999,,,,,,,51.90000000000001,2.883333333333334,56,3.111111111111111,9.33,7.51,6.42,5.62,4.96,4.38,3.83,3.27,2.64,6.44,6.13,5.91,5.73,5.56,5.4,5.24,5.05,4.8,"Carson Palmquist","sa3020473",687223
"Logan Henderson","MIL",0.5071,0.4716,0,3.83431,10,0,0,0.5961,,10,41.667,8.8735,4.5472,4.26034,1.46222,2.9016,0.2407,0.4155,10.7204,9.64836,2.61144,3.69465,1.316,0.257288,0.0696378,0.1876496896147728,0.231383,1.17751,0.283227,0.743,0.337892,,3.91842,0.0488529,0.0236912,639.9299926757812,,,,,,,55.300000000000004,5.53,54,5.4,8.06,5.8,4.58,3.75,3.1,2.57,2.1,1.66,1.19,4.87,4.57,4.37,4.2,4.05,3.91,3.76,3.59,3.37,"Logan Henderson","sa3020080",701656
"Tyler Alexander","MIL",2.8555,3.1385,0.557,4.42234,51.62,1.62,0,3.9742,,58.8962,250.023,60.4824,30.7479,28.9399,10.333,13.2129,1.3195,2.2697,50.4467,7.70882,2.01908,3.81799,1.579,0.201768,0.0528467,0.14892150834202766,0.257876,1.25127,0.288612,0.725107,0.333928,,4.52282,0.0471304,0.0843291,746.760009765625,,,,,,,228.60000000000002,3.874576271186441,236,4,7.3094,6.0747,5.31933,4.75927,4.29036,3.86807,3.47182,3.05463,2.57197,5.37329,5.12027,4.94724,4.80573,4.67422,4.54422,4.4112,4.25969,4.05818,"Tyler Alexander","17735",641302
"Thomas Harrington","PIT",0.4723,0.6492,0.6497,4.77966,1.62,1.62,0,0,,9.234,39.888,9.7326,5.2213,4.90393,1.51027,2.7033,0.027,0.4122,6.9772,6.80039,2.6348,2.58099,1.472,0.17492,0.0677723,0.10714750736951828,0.264671,1.34675,0.290695,0.698986,0.357394,,4.79369,0.04664,0.0757,604.3300170898438,,,,,,,21.000000000000007,2.333333333333334,24,2.6666666666666665,9.71,7.17,5.76,4.78,4.01,3.37,2.79,2.24,1.66,5.89,5.59,5.38,5.21,5.05,4.9,4.75,4.57,4.33,"Thomas Harrington","sa3020752",802419
"Chad Patrick","MIL",1.1862,1.1624,0,4.02955,24,0,0,0.5961,,24,100.756,22.7136,11.5065,10.7455,3.59467,6.4692,0.582,1.0425,22.4211,8.40791,2.42595,3.46582,1.348,0.222529,0.0642066,0.15832209587097168,0.243592,1.21595,0.284387,0.73193,0.36934,,4.18413,0.044544,0.0568016,999,,,,,,,95.60000000000004,3.9833333333333347,95,3.9583333333333335,7.28,5.82,4.95,4.31,3.79,3.33,2.9,2.47,1.97,5,4.74,4.56,4.42,4.28,4.15,4.02,3.87,3.67,"Chad Patrick","sa3017933",694477
"Connor Phillips","CIN",1.0203,1.0346,0,4.31069,21,0,0,0.6083,,21,90.988,19.2377,10.7789,10.0583,3.02633,9.3948,0.5087,1.0972,22.524,9.65314,4.02634,2.3975,1.297,0.247549,0.103253,0.14429595321416855,0.23899,1.36345,0.295044,0.731836,0.40195,,4.39364,0.0435665,0.0598219,749.5,,,,,,,89.1,4.242857142857143,86,4.095238095238095,7.86,6.25,5.3,4.6,4.04,3.54,3.07,2.6,2.07,5.34,5.07,4.88,4.73,4.59,4.45,4.31,4.15,3.94,"Connor Phillips","27649",683175
"Tommy Henry","ARI",1.2334,1.1157,0,3.93952,24,0,0,0.6244,,24,102.128,23.275,11.3414,10.5054,2.93333,8.0286,1.2532,0.9949,22.0678,8.27542,3.01073,2.74865,1.1,0.21608,0.0786131,0.13746672123670578,0.249988,1.30432,0.298688,0.733987,0.410396,,4.04432,0.0430697,0.181701,999,,,,,,,101.90000000000002,4.2458333333333345,102,4.25,7.19,5.74,4.88,4.25,3.73,3.28,2.85,2.42,1.94,4.88,4.64,4.48,4.35,4.23,4.11,3.98,3.85,3.66,"Tommy Henry","26285",674072
"Mason Thompson","WSN",1.982,2.1269,0,4.15418,42,0,0,0.6126,,42,180.335,41.1282,20.9988,19.3862,4.942,16.27,0.952,1.9676,35.0952,7.5204,3.48643,2.15705,1.059,0.194611,0.090221,0.10439015179872513,0.253725,1.36662,0.296462,0.721074,0.456909,,4.32763,0.0407318,0.119404,999,,,,,,,162.70000000000002,3.8738095238095243,165,3.9285714285714284,6.93,5.81,5.12,4.6,4.16,3.76,3.37,2.97,2.49,5.32,5.01,4.79,4.62,4.46,4.3,4.15,3.97,3.73,"Mason Thompson","21850",666168
"Tekoah Roby","STL",0.4994,0.6206,0.6725,4.6521,1.62,1.62,0,0,,9.234,40.096,9.624,5.123,4.77305,1.38407,3.1592,0.0271,0.4137,6.9078,6.73275,3.07914,2.18657,1.349,0.172282,0.0787909,0.09349063783884048,0.263504,1.38436,0.291873,0.706302,0.409367,,4.77965,0.0377903,0.0542699,999,,,,,,,33.30000000000001,3.700000000000001,37,4.111111111111111,9.57,7.04,5.64,4.67,3.91,3.28,2.71,2.18,1.6,5.84,5.52,5.3,5.12,4.95,4.79,4.63,4.44,4.2,"Tekoah Roby","sa3014519",694358
"Edgardo Henriquez","LAD",1.2145,1.1344,0,4.30453,24,0,0,0.7121,,24,104.302,21.9386,12.3106,11.4788,3.34667,11.2954,0.5942,1.1226,24.4687,9.17576,4.23577,2.16625,1.255,0.234595,0.108295,0.12629959732294083,0.238764,1.38475,0.290188,0.732903,0.394881,,4.49245,0.0375661,0.0431641,750.7999877929688,,,,,,,99.50000000000001,4.145833333333334,97,4.041666666666667,7.34,6.06,5.28,4.69,4.2,3.76,3.34,2.91,2.4,5.48,5.15,4.92,4.74,4.57,4.41,4.24,4.06,3.81,"Edgardo Henriquez","26944",683618
"Kyle Amendt","ARI",1.0688,0.9866,0,4.0253,21,0,0,0.6244,,21,90.83,18.8554,10.1301,9.39237,2.34033,10.0604,0.5246,0.8246,22.3506,9.57883,4.3116,2.22164,1.003,0.246071,0.110761,0.13530990481376648,0.235855,1.37694,0.298893,0.732691,0.408388,,4.04163,0.0359352,0.120812,999,,,,,,,96.4,4.590476190476191,94,4.476190476190476,7.51,5.92,4.98,4.3,3.75,3.26,2.82,2.37,1.87,5.21,4.87,4.65,4.46,4.29,4.13,3.96,3.78,3.54,"Kyle Amendt","sa3022904",694900
"Evan Reifert","WSN",2.4691,2.6183,0,4.12357,52,0,0,6.3713,,52,225.694,46.5718,25.6878,23.8251,6.28622,25.2816,1.3036,2.8735,52.1871,9.03238,4.37566,2.06423,1.088,0.231229,0.112017,0.11921229213476181,0.23576,1.3818,0.289688,0.732175,0.412505,,4.35517,0.0344219,0.148114,999,,,,,,,232.8,4.476923076923077,226,4.346153846153846,6.68,5.67,5.04,4.56,4.15,3.78,3.42,3.04,2.58,5.31,4.98,4.75,4.57,4.4,4.24,4.07,3.89,3.64,"Evan Reifert","sa3014860",682126
"Kyle Nicolas","PIT",2.1151,2.1899,0,4.11637,44,0,0,0.6021,,44,191.221,40.1722,21.6566,20.1245,5.10889,20.4767,1.071,2.4624,44.9527,9.19487,4.18842,2.19531,1.045,0.235082,0.107084,0.12799850851297379,0.23872,1.37838,0.296593,0.728876,0.398555,,4.19665,0.0340783,0.17249,999,,,,,,,188.10000000000002,4.275,183,4.159090909090909,6.77,5.7,5.04,4.53,4.1,3.72,3.34,2.95,2.49,5.16,4.88,4.69,4.54,4.4,4.26,4.12,3.96,3.75,"Kyle Nicolas","27775",693312
"Nick Frasso","LAD",0.6756,0.597,0,4.0542,13,0,0,0.7121,,13,55.085,12.3226,6.304,5.85607,1.81711,4.1673,0.3182,0.647,12.2591,8.48707,2.88505,2.94174,1.258,0.222549,0.0756522,0.1468966156244278,0.245125,1.26845,0.290251,0.730384,0.413149,,4.20857,0.0325843,0.0758445,999,,,,,,,53.39999999999999,4.107692307692307,52,4,7.96,6.07,4.99,4.22,3.6,3.08,2.61,2.14,1.63,5.18,4.87,4.65,4.48,4.32,4.17,4.01,3.83,3.6,"Nick Frasso","sa3014492",693308
"Sem Robberse","STL",1.0469,1.0082,0,3.96826,21,0,0,0.6474,,21,88.908,20.6278,10.028,9.25927,2.632,6.2609,0.5135,0.832,17.5355,7.51521,2.68324,2.8008,1.128,0.197232,0.07042,0.12681198865175247,0.252127,1.28041,0.291914,0.726632,0.432389,,4.13904,0.0292669,0.0878351,999,,,,,,,82.9,3.947619047619048,85,4.0476190476190474,7.43,5.85,4.93,4.26,3.71,3.24,2.8,2.36,1.86,5,4.74,4.55,4.4,4.26,4.13,4,3.84,3.64,"Sem Robberse","sa3011735",691828
"Josiah Gray","WSN",0.8179,1.0702,0.5608,4.62074,9.62,1.62,0,0.6126,,16.9351,73.263,16.3602,9.2482,8.69475,2.8451,6.4502,0.5273,0.7906,15.5091,8.24217,3.4279,2.40444,1.512,0.211691,0.0880417,0.12364903837442398,0.247798,1.34693,0.283526,0.720349,0.346583,,4.80157,0.029237,0.0913835,999,,,,,,,62.300000000000004,3.6647058823529415,61,3.588235294117647,9.54675,6.95092,5.52399,4.54178,3.78485,3.15264,2.59043,2.06295,1.50963,5.62485,5.35957,5.17902,5.02374,4.88319,4.74791,4.61264,4.45209,4.24153,"Josiah Gray","24580",680686
"Chris Flexen","CHC",0.7861,0.7796,0,4.15474,16,0,0,0.6254,,16,68.259,16.1439,7.9283,7.3862,2.28622,4.53,0.6007,0.4898,13.5627,7.62902,2.54813,2.99397,1.286,0.198695,0.0663649,0.1323297992348671,0.255283,1.29212,0.292416,0.729438,0.37594,,4.26991,0.0263368,0.0179208,999,,,,,,,69.20000000000002,4.325000000000001,71,4.4375,7.98,6.16,5.11,4.35,3.75,3.23,2.75,2.28,1.76,5.06,4.83,4.68,4.55,4.44,4.32,4.21,4.07,3.89,"Chris Flexen","13896",623167
"John McMillon","PHI",1.0572,0.9981,0,4.05251,21,0,0,0.5848,,21,91.304,18.0651,10.2042,9.45586,2.55267,11.3136,0.5167,0.8297,23.0192,9.86537,4.84869,2.03465,1.094,0.252116,0.123911,0.12820467352867126,0.228208,1.39899,0.289471,0.743055,0.411164,,4.28915,0.0250587,0.121453,999,,,,,,,85.7,4.080952380952381,80,3.8095238095238093,7.55,5.95,5.02,4.33,3.78,3.3,2.85,2.4,1.89,5.19,4.88,4.66,4.49,4.33,4.18,4.02,3.84,3.61,"John McMillon","27942",669111
"John Rooney","MIA",1.3079,1.4312,0,4.03989,28,0,0,0.5942,,28,121.898,27.7122,13.7063,12.5686,2.93378,11.4329,0.7041,1.7715,23.7704,7.64049,3.67486,2.07912,0.943,0.195002,0.0937907,0.10121165215969086,0.254957,1.39804,0.302215,0.726039,0.487365,,4.24546,0.0242369,0.101579,999,,,,,,,110.50000000000001,3.946428571428572,114,4.071428571428571,7.23,5.87,5.05,4.44,3.94,3.49,3.07,2.64,2.14,5.16,4.87,4.68,4.52,4.37,4.23,4.08,3.91,3.7,"John Rooney","sa3008417",680701
"Jack Neely","CHC",0.4982,0.4804,0,4.04094,10,0,0,0.6254,,10,42.662,9.043,4.817,4.48993,1.33556,3.9744,0.244,0.4102,10.2035,9.18315,3.57696,2.56731,1.202,0.239171,0.0931602,0.14601049572229385,0.236249,1.30174,0.288254,0.735619,0.374309,,4.17738,0.0224341,0.0112158,999,,,,,,,50.300000000000004,5.03,49,4.9,8.44,6.14,4.87,4,3.33,2.77,2.28,1.81,1.31,5.13,4.83,4.62,4.45,4.29,4.14,3.99,3.82,3.59,"Jack Neely","30106",680891
"Angel Chivilli","COL",2.3815,2.8017,0,4.70591,53,0,0,5.9077,,53,232.354,55.1491,29.7283,27.7126,7.49656,20.9811,1.2831,2.574,47.3947,8.04816,3.56283,2.25892,1.273,0.203976,0.090298,0.11367826908826828,0.264125,1.43642,0.309618,0.706969,0.44215,,4.55009,0.0210184,0.154792,746.4299926757812,,,,,,,209.10000000000002,3.945283018867925,220,4.150943396226415,7.36,6.34,5.69,5.19,4.77,4.37,3.99,3.58,3.09,5.9,5.58,5.36,5.17,5.01,4.85,4.68,4.49,4.25,"Angel Chivilli","26790",683409
"Yohan Ramírez","PIT",0.8063,0.8569,0,4.19664,17,0,0,0.6021,,17,74.561,16.6389,8.5914,7.92699,1.80956,7.1425,0.4432,1.6365,15.1795,8.03621,3.78132,2.12524,0.958,0.203585,0.0957941,0.10779093205928802,0.25294,1.39891,0.303924,0.71489,0.466821,,4.31367,0.0209372,0.0166749,999,,,,,,,64.00000000000001,3.764705882352942,66,3.8823529411764706,8.05,6.25,5.21,4.46,3.86,3.34,2.86,2.38,1.85,5.3,5.01,4.82,4.66,4.51,4.37,4.23,4.06,3.85,"Yohan Ramirez","19444",670990
"Chase Shugart","PIT",0.8784,0.9801,0,4.43914,19,0,0,0.6021,,19,82.681,19.495,10.0884,9.37152,2.40244,7.1046,0.4717,0.8498,15.2649,7.23074,3.36534,2.14859,1.138,0.184624,0.0859278,0.09869620203971863,0.260884,1.39998,0.299558,0.710582,0.426236,,4.45938,0.0204919,0.0243092,999,,,,,,,76.6,4.031578947368421,79,4.157894736842105,8.21,6.49,5.48,4.74,4.14,3.62,3.13,2.64,2.09,5.57,5.27,5.06,4.89,4.74,4.59,4.44,4.27,4.04,"Chase Shugart","21544",663767
"Andrew Saalfrank","ARI",1.4427,1.298,0,3.84587,28,0,0,0.6244,,28,122.164,27.028,13.159,11.9649,2.33956,13.6462,0.7696,1.1601,25.3505,8.14837,4.38628,1.8577,0.752,0.207512,0.111704,0.09580809623003006,0.251757,1.45265,0.309893,0.735724,0.527683,,4.02834,0.0191666,0.195009,999,,,,,,,121.40000000000005,4.335714285714287,123,4.392857142857143,7.01,5.66,4.85,4.25,3.76,3.32,2.91,2.49,2.01,5.02,4.71,4.51,4.34,4.19,4.04,3.89,3.72,3.5,"Andrew Saalfrank","26203",685314
"Alex Cornwell","STL",0.4056,0.3774,0,3.77084,8,0,0,0.6474,,8,34.144,8.2077,3.6893,3.35186,0.795556,2.5024,0.1972,0.3284,5.8545,6.58631,2.8152,2.33955,0.895,0.171465,0.0732896,0.09817536920309067,0.262116,1.33876,0.300535,0.731614,0.514946,,4.05718,0.0187773,0.0135222,999,,,,,,,33.10000000000001,4.137500000000001,34,4.25,8.41,5.91,4.58,3.69,3.01,2.45,1.98,1.53,1.08,4.86,4.59,4.41,4.25,4.12,3.98,3.84,3.69,3.48,"Alex Cornwell","sa3017501",676498
"Josh Staumont","CIN",1.3232,1.4161,0,4.56956,28,0,0,0.6083,,28,122.753,26.4729,15.1788,14.2164,4.23111,13.27,0.5981,1.1892,28.3416,9.1098,4.26536,2.13576,1.36,0.230883,0.108103,0.12277989834547043,0.244454,1.41939,0.293733,0.726333,0.379444,,4.65572,0.018511,0.0472276,999,,,,,,,108.40000000000006,3.8714285714285737,106,3.7857142857142856,7.85,6.44,5.58,4.94,4.41,3.93,3.48,3.02,2.48,5.7,5.39,5.18,5,4.84,4.68,4.52,4.34,4.1,"Josh Staumont","18335",622251
"Hayden Harris","ATL",0.8913,0.7729,0,3.97006,17,0,0,0.6188,,17,73.561,15.4785,8.1011,7.499,2.00411,7.8265,0.4249,0.7355,17.7204,9.38139,4.14344,2.26415,1.061,0.240894,0.106395,0.13449926674365997,0.238134,1.37088,0.297615,0.741681,0.412886,,4.12522,0.0182075,0.099477,999,,,,,,,75.20000000000002,4.423529411764707,72,4.235294117647059,7.7,5.93,4.91,4.18,3.6,3.09,2.63,2.18,1.68,5.11,4.8,4.58,4.4,4.24,4.09,3.93,3.76,3.52,"Hayden Harris","sa3019913",802686
"Valente Bellozo","MIA",2.5612,3.9539,2.1834,4.93721,27.48,6.48,0,0.5942,,57.2716,249.295,61.2375,33.4025,31.418,9.86981,18.4875,0.8919,2.2189,42.2224,6.63508,2.90524,2.28384,1.551,0.169367,0.0741591,0.09520810097455978,0.267894,1.39205,0.291041,0.702844,0.358722,,5.01699,0.0176053,0.0947429,744.9299926757812,,,,,,,168.20000000000002,2.9508771929824564,183,3.210526315789474,8.21466,6.82533,5.97299,5.33266,4.80066,4.32233,3.86133,3.39133,2.82866,6.00933,5.72299,5.53033,5.36399,5.21766,5.07133,4.92499,4.75233,4.52599,"Valente Bellozo","23899",678368
"Jake Diekman","ATL",2.4303,2.0728,0,3.90052,46,0,0,0.6188,,46,199.653,38.94,21.5568,19.936,5.04978,25.4124,1.1564,2.4937,52.9936,10.3683,4.97199,2.08534,0.988,0.265429,0.127283,0.13814568519592285,0.226729,1.39897,0.298058,0.747095,0.421861,,4.10948,0.0159848,0.231649,999,,,,,,,206.50000000000003,4.489130434782609,194,4.217391304347826,6.47,5.44,4.8,4.31,3.9,3.53,3.17,2.8,2.35,4.96,4.67,4.48,4.32,4.18,4.04,3.9,3.74,3.53,"Jake Diekman","5003",518617
"Lyon Richardson","CIN",0.583,0.5912,0,4.27812,12,0,0,0.6083,,12,52.129,11.4468,6.1596,5.70416,1.59867,5.2654,0.2924,0.549,11.9042,8.92815,3.94905,2.26083,1.199,0.22836,0.101007,0.12735328823328018,0.247153,1.39268,0.300141,0.729069,0.45613,,4.36794,0.0152793,0.0618313,999,,,,,,,45.600000000000016,3.800000000000001,44,3.6666666666666665,8.63,6.47,5.26,4.4,3.73,3.16,2.65,2.15,1.61,5.38,5.09,4.9,4.73,4.58,4.44,4.29,4.12,3.9,"Lyon Richardson","24581",680689
"Gabriel Hughes","COL",0.5394,0.6342,0,4.7122,12,0,0,0.5573,,12,52.379,12.5307,6.7271,6.28293,1.70933,4.6231,0.3025,0.5048,10.8464,8.1348,3.46732,2.34613,1.282,0.207075,0.0882625,0.11881288886070251,0.265194,1.42948,0.311897,0.706381,0.43112,,4.4925,0.0135586,0.0164639,999,,,,,,,38.40000000000002,3.2000000000000015,42,3.5,9.26,7.03,5.76,4.86,4.14,3.53,2.98,2.44,1.85,5.98,5.62,5.38,5.18,5,4.82,4.64,4.44,4.18,"Gabriel Hughes","sa3020661",687312
"Justin Hagenman","NYM",0.616,0.5585,0,4.04175,12,0,0,0.6719,,12,50.74,11.4959,5.7853,5.389,1.69733,3.4459,0.2931,0.5211,11.0071,8.25533,2.58442,3.19426,1.273,0.216931,0.0679129,0.1490185186266899,0.245781,1.24515,0.287613,0.7287,0.382241,,4.16249,0.010693,-0.0028249,999,,,,,,,49.600000000000016,4.133333333333335,48,4,8.21,6.1,4.92,4.1,3.46,2.91,2.43,1.96,1.46,5.07,4.79,4.6,4.44,4.3,4.17,4.03,3.87,3.66,"Justin Hagenman","sa3008022",663795
"Devin Sweet","PHI",1.774,1.7489,0,4.26946,36,0,0,0.5848,,36,154.44,33.3536,18.2756,17.0778,5.256,14.3883,0.8789,1.6973,34.8114,8.70285,3.59707,2.41942,1.314,0.225404,0.0931643,0.1322397068142891,0.241074,1.32616,0.285873,0.729662,0.377151,,4.47098,0.00991296,0.120042,999,,,,,,,145.10000000000002,4.030555555555556,141,3.9166666666666665,7.16,5.96,5.21,4.65,4.18,3.76,3.36,2.94,2.44,5.35,5.06,4.85,4.68,4.53,4.38,4.23,4.06,3.83,"Devin Sweet","25348",682967
"Francis Pena","SDP",1.6272,1.6021,0,4.09827,33,0,0,0.6081,,33,142.058,32.2172,16.3394,15.027,3.86467,13.0828,0.8205,1.5,27.4801,7.49457,3.56804,2.10048,1.054,0.193443,0.0920948,0.10134804248809814,0.252733,1.37273,0.294938,0.726021,0.475196,,4.34917,0.00917995,0.0932099,999,,,,,,,124.80000000000005,3.7818181818181835,126,3.8181818181818183,7.14,5.87,5.1,4.52,4.04,3.61,3.2,2.78,2.28,5.3,4.98,4.76,4.57,4.41,4.25,4.09,3.91,3.67,"Francis Pena","sa3019374",800212
"Omar Cruz","SDP",1.1094,1.0437,0,3.94147,22,0,0,0.6081,,22,94.461,19.6628,10.4022,9.6347,2.78911,9.4925,0.5456,1.3275,21.4786,8.7867,3.8833,2.26269,1.141,0.227381,0.100491,0.1268893927335739,0.235086,1.32524,0.284197,0.742681,0.404401,,4.33745,0.00904962,0.133697,999,,,,,,,89.9,4.086363636363637,87,3.9545454545454546,7.32,5.79,4.88,4.22,3.69,3.22,2.79,2.35,1.86,5.01,4.72,4.52,4.36,4.22,4.08,3.93,3.77,3.55,"Omar Cruz","sa3006971",678316
"Lou Trivino","SFG",2.7411,2.7387,0,3.93252,56,0,0,9.7255,,56,240.55,52.931,26.6094,24.469,6.06044,21.6687,1.3947,2.5599,52.0386,8.36335,3.48247,2.40156,0.974,0.216332,0.0900798,0.1262519210577011,0.244687,1.33214,0.296232,0.72586,0.457287,,4.01281,0.00896044,0.0979438,999,,,,,,,271.80000000000007,4.8535714285714295,271,4.839285714285714,6.38,5.44,4.84,4.39,4,3.65,3.31,2.95,2.51,5.06,4.76,4.55,4.39,4.24,4.09,3.94,3.77,3.55,"Lou Trivino","15043",642152
"Jaden Hill","COL",1.8877,2.2197,0,4.6902,42,0,0,0.5573,,42,184.615,43.9011,23.546,21.8876,5.38533,17.0503,1.0499,2.6847,37.0595,7.94132,3.65364,2.17354,1.154,0.200739,0.092356,0.10838340222835541,0.266261,1.45122,0.314581,0.700319,0.471755,,4.47827,0.00750853,0.102343,999,,,,,,,152.9,3.6404761904761904,163,3.880952380952381,7.6,6.44,5.72,5.17,4.71,4.28,3.87,3.43,2.91,5.92,5.59,5.36,5.17,5,4.84,4.67,4.48,4.22,"Jaden Hill","30250",677955
"Alex Young","CIN",1.0472,1.1052,0,4.46545,22,0,0,0.6083,,22,95.569,22.612,11.76,10.9155,3.22178,8.2518,0.6485,0.9359,18.6956,7.6482,3.37574,2.26564,1.318,0.195624,0.0863439,0.10928022116422653,0.26177,1.4029,0.300792,0.724911,0.450154,,4.62353,0.00699856,0.0175497,999,,,,,,,81.10000000000001,3.686363636363637,86,3.909090909090909,8.06,6.47,5.52,4.82,4.24,3.74,3.27,2.79,2.24,5.6,5.3,5.1,4.93,4.77,4.63,4.47,4.3,4.07,"Alex Young","18333",622065
"Kyle Hurt","LAD",0.0569,0.0479,0.024,3.83616,0.7526,0.0526,0,0,,1,4.275,0.8712,0.4616,0.42624,0.119444,0.4443,0.0179,0.0452,1.1111,9.9999,3.9987,2.50079,1.075,0.259906,0.10393,0.15597659349441528,0.230141,1.3155,0.294234,0.743635,0.433013,,3.96556,0.00662963,0.056291,999,,,,,,,6.800000000000001,6.800000000000001,7,7,,,,,,,,,,,,,,,,,,,"Kyle Hurt","27514",669165
"Anthony Gose","NYM",0.055,0.0429,0,3.44223,1,0,0,0,,1,4.218,0.8097,0.4139,0.38247,0.115667,0.4249,0.0246,0.0413,1.215,10.935,3.8241,2.8595,1.041,0.288051,0.100735,0.18731626868247986,0.215816,1.2346,0.286656,0.765103,0.384224,,3.63875,0.00579273,0.055217,999,,,,,,,6.800000000000001,6.800000000000001,7,7,,,,,,,,,,,,,,,,,,,"Anthony Gose","5097",543238
"Bruce Zimmermann","MIL",0.0509,0.047,0,3.7422,1,0,0,0,,1,4.168,0.9724,0.4507,0.4158,0.133444,0.2333,0.0194,0.0383,0.9139,8.2251,2.0997,3.91727,1.201,0.219266,0.0559741,0.16329174861311913,0.249564,1.2057,0.294468,0.741011,0.435608,,3.88826,0.00524633,0.0557482,999,,,,,,,6.800000000000001,6.800000000000001,7,7,,,,,,,,,,,,,,,,,,,"Bruce Zimmermann","20370",669145
"Bryce Montes de Oca","NYM",0.0536,0.0443,0,3.64968,1,0,0,0,,1,4.305,0.8093,0.4399,0.40552,0.106222,0.5149,0.0247,0.0534,1.2055,10.8495,4.6341,2.34123,0.956,0.280023,0.119605,0.16041812300682068,0.216581,1.3242,0.289932,0.752283,0.411518,,3.84127,0.00459482,0.0552059,999,,,,,,,3.8000000000000003,3.8000000000000003,4,4,,,,,,,,,,,,,,,,,,,"Bryce Montes de Oca","21319",656755
"Adbert Alzolay","NYM",0.0533,0.0446,0,3.70341,1,0,0,0,,1,4.175,0.917,0.4446,0.41149,0.128889,0.2771,0.0376,0.0476,1.0103,9.0927,2.4939,3.64598,1.16,0.241988,0.0663713,0.1756167635321617,0.238163,1.1941,0.290697,0.739403,0.411518,,3.79554,0.00418389,0.055228,999,,,,,,,6.800000000000001,6.800000000000001,7,7,,,,,,,,,,,,,,,,,,,"Adbert Alzolay","17859",640470
"Anderson Pilar","ATL",1.0775,0.978,0,4.14953,21,0,0,0.6188,,21,90.323,20.9457,10.4815,9.68224,2.53867,7.2269,0.5217,1.1434,18.2,7.8,3.09724,2.51837,1.088,0.201499,0.0800117,0.1214873343706131,0.255583,1.34155,0.3007,0.718611,0.453775,,4.20046,0.0040705,0.110884,999,,,,,,,79.9,3.804761904761905,82,3.9047619047619047,7.71,6.1,5.15,4.46,3.9,3.41,2.95,2.49,1.97,5.31,5,4.78,4.61,4.45,4.3,4.14,3.96,3.73,"Anderson Pilar","sa917899",666768
"Víctor Arano","WSN",0.0485,0.0493,0,3.93741,1,0,0,0,,1,4.239,0.9453,0.4735,0.43749,0.120444,0.3455,0.023,0.0483,0.9189,8.2701,3.1095,2.65962,1.084,0.216773,0.0815051,0.13526776432991028,0.245839,1.2908,0.293976,0.728316,0.437916,,4.07586,0.00380171,0.0566235,999,,,,,,,6.800000000000001,6.800000000000001,7,7,,,,,,,,,,,,,,,,,,,"Victor Arano","15915",644364
"Ray Kerr","ATL",0.0577,0.0481,0.0278,3.83112,0.7172,0.0602,0,0,,1,4.253,0.8873,0.4596,0.42568,0.119,0.4115,0.0167,0.0432,1.0996,9.8964,3.7035,2.67217,1.071,0.258547,0.0967552,0.16179168224334717,0.233605,1.2988,0.297825,0.741212,0.410873,,3.87838,0.00375403,0.0558036,999,,,,,,,6.800000000000001,6.800000000000001,7,7,,,,,,,,,,,,,,,,,,,"Ray Kerr","23809",678061
"Thomas Pannone","MIL",0.0505,0.0473,0,3.81087,1,0,0,0,,1,4.17,0.9907,0.4581,0.42343,0.137556,0.2065,0.024,0.0416,0.8348,7.5132,1.8585,4.04261,1.238,0.200192,0.0495204,0.15067145973443985,0.252607,1.1972,0.289246,0.735699,0.414838,,4.0294,0.0036152,0.0557261,999,,,,,,,6.800000000000001,6.800000000000001,7,7,,,,,,,,,,,,,,,,,,,"Thomas Pannone","17281",623381
"Yency Almonte","CHC",0.0504,0.0474,0,3.90528,1,0,0,0,,1,4.279,0.9129,0.4699,0.43392,0.113889,0.4024,0.0255,0.0551,1.0103,9.0927,3.6216,2.51069,1.025,0.236107,0.0940407,0.14206592738628387,0.238885,1.3153,0.296225,0.731406,0.434093,,3.99894,0.00351455,0.0560916,999,,,,,,,6.800000000000001,6.800000000000001,7,7,,,,,,,,,,,,,,,,,,,"Yency Almonte","15068",622075
"Packy Naughton","STL",0.0512,0.0467,0,3.72951,1,0,0,0,,1,4.246,0.9628,0.4523,0.41439,0.109222,0.3385,0.0354,0.0418,0.8758,7.8822,3.0465,2.5873,0.983,0.206265,0.0797221,0.12654264271259308,0.249062,1.3013,0.296311,0.739297,0.459428,,3.97567,0.00329424,0.0560583,999,,,,,,,6.800000000000001,6.800000000000001,7,7,,,,,,,,,,,,,,,,,,,"Packy Naughton","23292",676050
"J.B. Bukauskas","MIL",0.05,0.0479,0,3.86478,1,0,0,0,,1,4.248,0.9815,0.4687,0.42942,0.110556,0.3287,0.0263,0.0438,0.8801,7.9209,2.9583,2.67752,0.995,0.20718,0.0773776,0.12980225682258606,0.253258,1.3102,0.301903,0.728305,0.493905,,3.961,0.00326552,0.0557372,999,,,,,,,6.800000000000001,6.800000000000001,7,7,,,,,,,,,,,,,,,,,,,"J.B. Bukauskas","20491",656266
"Tejay Antone","CIN",0.3847,0.398,0,4.38514,8,0,0,0.6083,,8,34.677,7.7708,4.1911,3.8979,1.13867,3.2457,0.1815,0.3764,7.7112,8.6751,3.65141,2.37582,1.281,0.222372,0.0935981,0.12877412885427475,0.250228,1.37706,0.298677,0.724383,0.432793,,4.4473,0.00318142,0.0410462,999,,,,,,,37.10000000000001,4.637500000000001,38,4.75,9.35,6.7,5.26,4.28,3.53,2.92,2.37,1.87,1.34,5.62,5.27,5.03,4.84,4.67,4.5,4.33,4.13,3.88,"Tejay Antone","16233",622088
"Ron Marinaccio","SDP",1.9391,1.9748,0,4.29201,40,0,0,0.6081,,40,174.14,36.2156,20.4941,19.0756,5.14222,19.2221,0.8616,2.6347,39.2118,8.82265,4.32497,2.03993,1.157,0.225174,0.110383,0.11479097604751587,0.237817,1.38594,0.287905,0.724391,0.40341,,4.51637,0.00315155,0.0497501,999,,,,,,,156.9,3.9225000000000003,151,3.775,7.1,5.96,5.25,4.71,4.26,3.85,3.45,3.04,2.55,5.39,5.09,4.89,4.72,4.57,4.43,4.28,4.11,3.88,"Ron Marinaccio","23488",676760
"Stephen Ridings","LAD",0.052,0.0459,0,4.07304,1,0,0,0,,1,4.27,0.9036,0.4851,0.45256,0.139778,0.4016,0.0245,0.0409,1.0555,9.4995,3.6144,2.62824,1.258,0.24719,0.0940515,0.1531381756067276,0.236081,1.3052,0.290182,0.739154,0.382586,,4.20009,0.0026046,0.0563132,999,,,,,,,6.800000000000001,6.800000000000001,7,7,,,,,,,,,,,,,,,,,,,"Stephen Ridings","22358",670050
"José Castillo","ARI",0.0514,0.0465,0,3.92022,1,0,0,0,,1,4.318,0.9418,0.4731,0.43558,0.103333,0.4312,0.0248,0.047,0.9877,8.8893,3.8808,2.29058,0.93,0.22874,0.099861,0.1288791075348854,0.245273,1.373,0.305034,0.732619,0.451076,,3.96901,0.00256594,0.0560583,999,,,,,,,6.800000000000001,6.800000000000001,7,7,,,,,,,,,,,,,,,,,,,"Jose Castillo","17169",620454
"Ben Heller","CHC",0.0508,0.0471,0,3.84858,1,0,0,0,,1,4.264,0.9011,0.4626,0.42762,0.113333,0.3824,0.0246,0.073,1.0427,9.3843,3.4416,2.72673,1.02,0.244536,0.0896811,0.15485461801290512,0.236596,1.2835,0.296983,0.729797,0.431655,,3.92061,0.00251916,0.0560916,999,,,,,,,6.800000000000001,6.800000000000001,7,7,,,,,,,,,,,,,,,,,,,"Ben Heller","15100",621294
"Josh Winder","ARI",0.0493,0.0486,0,4.30749,1,0,0,0,,1,4.322,1.0241,0.5156,0.47861,0.122778,0.3266,0.0215,0.0476,0.8511,7.6599,2.9394,2.60594,1.105,0.196923,0.0755669,0.12135585397481918,0.25941,1.3507,0.303075,0.708426,0.426024,,4.18299,0.00240038,-0.0455387,999,,,,,,,6.800000000000001,6.800000000000001,7,7,,,,,,,,,,,,,,,,,,,"Josh Winder","24606",680739
"Enoli Paredes","ATL",0.0516,0.0463,0,4.10634,1,0,0,0,,1,4.355,0.9216,0.4938,0.45626,0.111333,0.4908,0.023,0.0446,1.001,9.009,4.4172,2.03953,1.002,0.229851,0.112698,0.11715270578861237,0.241282,1.4124,0.299293,0.731059,0.440373,,4.21801,0.00205455,0.0557815,999,,,,,,,6.800000000000001,6.800000000000001,7,7,,,,,,,,,,,,,,,,,,,"Enoli Paredes","20447",660600
"Miguel Del Pozo","SFG",0.0501,0.0477,0,3.74463,1,0,0,0,,1,4.246,0.9438,0.4524,0.41607,0.112333,0.3282,0.0255,0.0404,0.9334,8.4006,2.9538,2.844,1.011,0.21983,0.0772963,0.14253415167331696,0.243411,1.272,0.293632,0.735243,0.432597,,3.86581,0.00190357,0.0543877,999,,,,,,,6.800000000000001,6.800000000000001,7,7,,,,,,,,,,,,,,,,,,,"Miguel Del Pozo","18792",600887
"Jackson Stephens","ATL",0.0508,0.047,0,4.24251,1,0,0,0,,1,4.301,1.0068,0.5088,0.47139,0.124556,0.3411,0.0303,0.0515,0.8512,7.6608,3.0699,2.49546,1.121,0.197907,0.0793071,0.11860030889511108,0.257599,1.3479,0.300836,0.715027,0.441375,,4.2611,0.0018256,-0.0461895,999,,,,,,,6.800000000000001,6.800000000000001,7,7,,,,,,,,,,,,,,,,,,,"Jackson Stephens","14420",623451
"Dylan Covey","ATL",0.0517,0.0465,0.0011,4.0671,0.9876,0.0026,0,0,,1,4.332,1.0205,0.4936,0.4519,0.102667,0.3769,0.0242,0.043,0.8441,7.5969,3.3921,2.23959,0.924,0.194852,0.0870037,0.10784858465194702,0.260857,1.3974,0.309521,0.720925,0.513591,,4.07265,0.00169056,0.0557925,999,,,,,,,6.800000000000001,6.800000000000001,7,7,,,,,,,,,,,,,,,,,,,"Dylan Covey","14825",592229
"Oliver Ortega","NYM",0.0516,0.0463,0,3.96909,1,0,0,0,,1,4.281,0.939,0.4776,0.44101,0.120778,0.3783,0.0228,0.047,0.9483,8.5347,3.4047,2.50674,1.087,0.221514,0.0883672,0.13314645737409592,0.243536,1.3173,0.293625,0.731312,0.436408,,4.11589,0.00145509,0.0552391,999,,,,,,,6.800000000000001,6.800000000000001,7,7,,,,,,,,,,,,,,,,,,,"Oliver Ortega","21025",661383
"Burch Smith","PIT",0.0469,0.051,0,4.33269,1,0,0,0,,1,4.296,1.0322,0.5171,0.48141,0.129111,0.305,0.0213,0.0406,0.8189,7.3701,2.745,2.68492,1.162,0.190619,0.0709963,0.11962289363145828,0.26129,1.3372,0.30079,0.709156,0.407173,,4.24392,0.00140812,-0.0445446,999,,,,,,,6.800000000000001,6.800000000000001,7,7,,,,,,,,,,,,,,,,,,,"Burch Smith","12784",572143
"Brooks Kriske","CHC",0.0499,0.048,0,4.01706,1,0,0,0,,1,4.299,0.8839,0.48,0.44634,0.126556,0.45,0.024,0.0434,1.0823,9.7407,4.05,2.40511,1.139,0.251756,0.104676,0.1470807120203972,0.232263,1.3339,0.291652,0.738207,0.389973,,4.1273,0.00126945,0.0560916,999,,,,,,,6.800000000000001,6.800000000000001,7,7,,,,,,,,,,,,,,,,,,,"Brooks Kriske","21189",621139
"Michael Rucker","WSN",0.0474,0.0505,0,4.12335,1,0,0,0,,1,4.288,0.9777,0.4962,0.45815,0.124111,0.3702,0.0209,0.04,0.8527,7.6743,3.3318,2.30335,1.117,0.198857,0.086334,0.11252330988645554,0.252127,1.3479,0.294241,0.725379,0.449897,,4.30512,0.0012284,0.0566678,999,,,,,,,6.800000000000001,6.800000000000001,7,7,,,,,,,,,,,,,,,,,,,"Michael Rucker","19454",621074
"Joel Kuhnel","PHI",0.0485,0.0494,0,4.3407,1,0,0,0,,1,4.312,1.0708,0.5243,0.4823,0.127333,0.3118,0.0248,0.0479,0.658,5.922,2.8062,2.11033,1.146,0.152597,0.0723098,0.08028757572174072,0.270931,1.3826,0.297909,0.712676,0.495193,,4.58491,0.00122208,-0.0460501,999,,,,,,,6.800000000000001,6.800000000000001,7,7,,,,,,,,,,,,,,,,,,,"Joel Kuhnel","19995",669270
"Albert Abreu","CIN",0.4746,0.5038,0,4.50242,10,0,0,0.6083,,10,43.917,9.6085,5.3769,5.00269,1.41667,4.6996,0.2348,0.5347,10.0242,9.02178,4.22964,2.13299,1.275,0.228253,0.107011,0.12124234437942505,0.248393,1.43081,0.300708,0.724655,0.438762,,4.5736,0.00113778,0.0512948,999,,,,,,,41.7,4.17,43,4.3,9.22,6.81,5.48,4.55,3.82,3.21,2.66,2.14,1.58,5.67,5.36,5.14,4.96,4.8,4.64,4.48,4.3,4.06,"Albert Abreu","17485",656061
"Reiver Sanmartin","CIN",0.048,0.0498,0,4.36752,1,0,0,0,,1,4.363,1.0358,0.5258,0.48528,0.130444,0.3957,0.0295,0.0402,0.8313,7.4817,3.5613,2.10083,1.174,0.190534,0.0906945,0.09983956068754196,0.263757,1.4315,0.305311,0.725211,0.482037,,4.50736,0.00083106,-0.0416553,999,,,,,,,6.800000000000001,6.800000000000001,7,7,,,,,,,,,,,,,,,,,,,"Reiver Sanmartin","19754",665665
"Drew Smith","NYM",0.7108,0.6595,0,4.16431,14,0,0,0.6719,,14,60.215,12.6346,6.9097,6.47782,2.08133,5.6373,0.3936,0.6201,14.4009,9.25772,3.62398,2.55457,1.338,0.239158,0.0936195,0.14553848654031754,0.234158,1.30514,0.281605,0.739821,0.330152,,4.38275,0.000649512,-0.00361858,999,,,,,,,56.20000000000003,4.014285714285717,55,3.9285714285714284,8.16,6.19,5.07,4.27,3.64,3.11,2.62,2.15,1.63,5.23,4.93,4.72,4.55,4.4,4.26,4.1,3.93,3.71,"Drew Smith","17755",622098
"Austin Davis","SDP",0.0495,0.0484,0,4.10517,1,0,0,0,,1,4.359,0.881,0.4918,0.45613,0.123778,0.5216,0.0269,0.0606,0.9966,8.9694,4.6944,1.91066,1.114,0.22863,0.11966,0.10896994173526764,0.233266,1.4026,0.285053,0.740903,0.402023,,4.52899,0.000567998,0.056934,999,,,,,,,3.8000000000000003,3.8000000000000003,4,4,,,,,,,,,,,,,,,,,,,"Austin Davis","17117",656354
"Vinny Nittoli","MIL",0.0479,0.05,0,4.30218,1,0,0,0,,1,4.292,0.9663,0.5114,0.47802,0.148,0.3457,0.0242,0.0488,0.9204,8.2836,3.1113,2.66242,1.332,0.214446,0.0805452,0.13390029966831207,0.247928,1.312,0.289244,0.724656,0.376658,,4.43318,0.000550644,-0.0470312,999,,,,,,,6.800000000000001,6.800000000000001,7,7,,,,,,,,,,,,,,,,,,,"Vinny Nittoli","16754",657697
"Thyago Vieira","ARI",0.0504,0.0475,0,4.12857,1,0,0,0,,1,4.318,0.9217,0.4933,0.45873,0.118889,0.4468,0.0248,0.0457,1.0184,9.1656,4.0212,2.27932,1.07,0.23585,0.103474,0.13237609714269638,0.240936,1.3685,0.298641,0.728086,0.400366,,4.15274,0.000527708,0.0560694,999,,,,,,,6.800000000000001,6.800000000000001,7,7,,,,,,,,,,,,,,,,,,,"Thyago Vieira","14510",600986
"Konnor Pilkington","WSN",0.0481,0.0498,0,4.0077,1,0,0,0,,1,4.305,0.932,0.482,0.4453,0.120444,0.4365,0.0228,0.0422,0.8997,8.0973,3.9285,2.06117,1.084,0.20899,0.101394,0.10759580880403519,0.243577,1.3685,0.289205,0.738825,0.423488,,4.36896,0.000491942,0.0566568,999,,,,,,,6.800000000000001,6.800000000000001,7,7,,,,,,,,,,,,,,,,,,,"Konnor Pilkington","21453",663455
"Rob Kaminsky","STL",0.0495,0.0483,0,3.97215,1,0,0,0,,1,4.31,1.0471,0.4836,0.44135,0.103778,0.3314,0.0247,0.0442,0.7114,6.4026,2.9826,2.14665,0.934,0.165058,0.076891,0.08816704899072647,0.26614,1.3785,0.302422,0.725667,0.505451,,4.21959,0.000452665,0.0560583,999,,,,,,,6.800000000000001,6.800000000000001,7,7,,,,,,,,,,,,,,,,,,,"Rob Kaminsky","15792",641739
"Jose Espada","SDP",0.0496,0.0482,0,4.0896,1,0,0,0,,1,4.286,0.9103,0.4888,0.4544,0.132222,0.4253,0.0247,0.0422,0.9758,8.7822,3.8277,2.29438,1.19,0.227671,0.0992301,0.1284414306282997,0.238392,1.3356,0.287063,0.736035,0.397453,,4.33627,0.000422545,0.0568674,999,,,,,,,6.800000000000001,6.800000000000001,7,7,,,,,,,,,,,,,,,,,,,"Jose Espada","21131",664744
"Dylan Tebrake","NYM",0.0534,0.0498,0.0172,4.08564,0.8145,0.0395,0,0,,1,4.308,0.9244,0.4895,0.45396,0.127444,0.4176,0.0199,0.0407,0.9914,8.9226,3.7584,2.37404,1.147,0.23013,0.0969359,0.13319405168294907,0.240123,1.342,0.291834,0.732654,0.410108,,4.21536,0.000269217,0.0551949,999,,,,,,,6.800000000000001,6.800000000000001,7,7,,,,,,,,,,,,,,,,,,,"Dylan Tebrake","sa3020477",700188
"Antonio Santos","CHC",0.0493,0.0485,0,4.11741,1,0,0,0,,1,4.274,0.9374,0.4913,0.45749,0.132556,0.3726,0.024,0.0456,0.9635,8.6715,3.3534,2.58588,1.193,0.225433,0.0871783,0.1382545605301857,0.243114,1.31,0.291637,0.728107,0.389351,,4.2173,0.000217062,0.0560916,999,,,,,,,6.800000000000001,6.800000000000001,7,7,,,,,,,,,,,,,,,,,,,"Antonio Santos","20383",665733
"Nabil Crismatt","PHI",0.0492,0.0487,0,4.25538,1,0,0,0,,1,4.261,1.0135,0.5098,0.47282,0.139556,0.2977,0.0246,0.0424,0.8122,7.3098,2.6793,2.72825,1.256,0.190613,0.0698662,0.12074629962444305,0.258487,1.3112,0.294342,0.718215,0.435181,,4.3766,0.000197133,-0.0460501,999,,,,,,,6.800000000000001,6.800000000000001,7,7,,,,,,,,,,,,,,,,,,,"Nabil Crismatt","17732",622503
"Miguel Díaz","SFG",0.0496,0.0482,0,3.81042,1,0,0,0,,1,4.261,0.9498,0.4617,0.42338,0.108889,0.3458,0.0227,0.0389,0.9123,8.2107,3.1122,2.63823,0.98,0.214105,0.0811547,0.13295000791549683,0.245027,1.2956,0.294528,0.729472,0.4623,,3.91154,0.000129035,0.0543435,999,,,,,,,6.800000000000001,6.800000000000001,7,7,,,,,,,,,,,,,,,,,,,"Miguel Diaz","18815",622766
"Ryder Ryan","PIT",0.0462,0.0516,0,4.43115,1,0,0,0,,1,4.373,1.0363,0.5321,0.49235,0.115556,0.3982,0.0244,0.05,0.7844,7.0596,3.5838,1.96986,1.04,0.179373,0.0910588,0.08831464499235153,0.264039,1.4345,0.304394,0.709031,0.459792,,4.4445,0.0000668915,-0.0445446,999,,,,,,,6.800000000000001,6.800000000000001,7,7,,,,,,,,,,,,,,,,,,,"Ryder Ryan","19891",656924
"Luis F. Ortiz","NYM",0.0514,0.0465,0,3.99618,1,0,0,0,,1,4.257,0.9856,0.4814,0.44402,0.123667,0.3036,0.0236,0.0498,0.8475,7.6275,2.7324,2.7915,1.113,0.199084,0.0713178,0.12776602804660797,0.252485,1.2892,0.293931,0.723792,0.446389,,4.13935,0.0000140126,0.055217,999,,,,,,,6.800000000000001,6.800000000000001,7,7,,,,,,,,,,,,,,,,,,,"Luis F. Ortiz","16942",656814
"Braxton Garrett","MIA",0.0573,0.0638,0.0877,3.88116,0.1754,0.1754,0,0,,1,4.218,1.0044,0.4701,0.43124,0.114444,0.2495,0.003,0.0564,0.8775,7.8975,2.2455,3.51703,1.03,0.208037,0.0591513,0.14888573065400124,0.256742,1.2539,0.304763,0.716664,0.481348,,3.81696,-0.0000999029,-0.000679999,745.5599975585938,,,,,,,6.800000000000001,6.800000000000001,7,7,,,,,,,,,,,,,,,,,,,"Braxton Garrett","21844",666129
"Joe Musgrove","SDP",0.0637,0.0565,0.0869,3.76965,0.1985,0.1705,0,0,,1,4.171,0.9323,0.4534,0.41885,0.132444,0.2516,0.0072,0.0677,0.9709,8.7381,2.2644,3.8589,1.192,0.232774,0.0603213,0.1724526509642601,0.242049,1.1839,0.291031,0.731614,0.424642,,3.90436,-0.0000999029,-0.000679999,999,,,,,,,6.800000000000001,6.800000000000001,7,7,,,,,,,,,,,,,,,,,,,"Joe Musgrove","12970",605397
"Christian Scott","NYM",0.0642,0.0566,0.0848,4.03389,0.1754,0.1754,0,0,,1,4.214,0.9553,0.4823,0.44821,0.146333,0.2714,0.0027,0.0442,0.9236,8.3124,2.4426,3.4031,1.317,0.219174,0.0644044,0.15476981550455093,0.245049,1.2267,0.286009,0.728495,0.38921,,4.16841,-0.0000999029,-0.000679999,999,,,,,,,6.800000000000001,6.800000000000001,7,7,,,,,,,,,,,,,,,,,,,"Christian Scott","30107",681035
"K.C. Hunt","MIL",0.0555,0.0607,0.0616,4.22523,0.3519,0.1379,0,0,,1,4.26,0.9705,0.5047,0.46947,0.144111,0.325,0.0075,0.0407,0.9347,8.4123,2.925,2.876,1.297,0.219413,0.0762911,0.14312206208705902,0.24921,1.2955,0.293515,0.723021,0.408889,,4.26762,-0.0000999029,-0.000679999,999,,,,,,,6.800000000000001,6.800000000000001,7,7,,,,,,,,,,,,,,,,,,,"K.C. Hunt","sa3022937",687268
"Julio Urías","LAD",0.0643,0.0565,0.0815,4.20012,0.1754,0.1754,0,0,,1,4.207,0.9777,0.4986,0.46668,0.162556,0.2564,0.0046,0.0405,0.9289,8.3601,2.3076,3.62286,1.463,0.220799,0.060946,0.15985264256596565,0.250045,1.2341,0.289197,0.730734,0.361416,,4.3126,-0.0000999029,-0.000679999,999,,,,,,,6.800000000000001,6.800000000000001,7,7,,,,,,,,,,,,,,,,,,,"Julio Urias","14765",628711
"Gavin Stone","LAD",0.0631,0.0577,0.0804,4.26177,0.1754,0.1754,0,0,,1,4.261,0.9976,0.5109,0.47353,0.144556,0.3224,0.0023,0.033,0.8771,7.8939,2.9016,2.72053,1.301,0.205844,0.075663,0.1301807016134262,0.255428,1.32,0.295791,0.723948,0.437418,,4.3577,-0.0000999029,-0.000679999,999,,,,,,,6.800000000000001,6.800000000000001,7,7,,,,,,,,,,,,,,,,,,,"Gavin Stone","27792",694813
"Emmet Sheehan","LAD",0.0611,0.0557,0.0645,4.24629,0.3206,0.1446,0,0,,1,4.275,0.8963,0.5034,0.47181,0.154,0.403,0.0061,0.0463,1.0767,9.6903,3.627,2.67171,1.386,0.25186,0.094269,0.15759063512086868,0.234284,1.2993,0.28605,0.734428,0.354496,,4.36298,-0.0000999029,-0.000679999,748.780029296875,,,,,,,6.800000000000001,6.800000000000001,7,7,,,,,,,,,,,,,,,,,,,"Emmet Sheehan","29839",686218
"Wei-Chieh Huang","PIT",0.0535,0.0648,0.0664,4.40937,0.281,0.153,0,0,,1,4.306,0.9967,0.5255,0.48993,0.143556,0.3249,0.0056,0.0426,0.8656,7.7904,2.9241,2.6642,1.292,0.201022,0.0754528,0.12556897103786469,0.253066,1.3216,0.291241,0.710409,0.389117,,4.404,-0.0000999029,-0.000679999,999,,,,,,,6.800000000000001,6.800000000000001,7,7,,,,,,,,,,,,,,,,,,,"Wei-Chieh Huang","17508",658791
"Hunter Barco","PIT",0.0547,0.066,0.0761,4.36221,0.1969,0.1709,0,0,,1,4.348,1.0187,0.5236,0.48469,0.124333,0.3793,0.0035,0.0477,0.817,7.353,3.4137,2.15397,1.119,0.187902,0.0872355,0.10066697001457214,0.259806,1.398,0.300157,0.714418,0.436707,,4.42981,-0.0000999029,-0.000679999,999,,,,,,,6.800000000000001,6.800000000000001,7,7,,,,,,,,,,,,,,,,,,,"Hunter Barco","sa3022409",682995
"John Michael Bertrand","SFG",0.0548,0.0662,0.0786,4.32225,0.1812,0.1742,0,0,,1,4.353,1.108,0.5252,0.48025,0.112556,0.3073,0.0031,0.0342,0.6097,5.4873,2.7657,1.98405,1.013,0.140064,0.070595,0.06946934014558792,0.276206,1.4153,0.302636,0.707708,0.512025,,4.4348,-0.0000999029,-0.000679999,999,,,,,,,6.800000000000001,6.800000000000001,7,7,,,,,,,,,,,,,,,,,,,"John Michael Bertrand","sa3020082",802609
"Jonah Tong","NYM",0.0608,0.0596,0.0775,4.29696,0.1952,0.1712,0,0,,1,4.342,0.9494,0.5155,0.47744,0.132222,0.4365,0.0035,0.0372,0.9262,8.3358,3.9285,2.12188,1.19,0.213312,0.10053,0.11278212070465088,0.245431,1.3859,0.290823,0.724857,0.427464,,4.45407,-0.0000999029,-0.000679999,999,,,,,,,6.800000000000001,6.800000000000001,7,7,,,,,,,,,,,,,,,,,,,"Jonah Tong","sa3022324",804636
"Drew Rom","STL",0.058,0.0631,0.0803,4.26618,0.1754,0.1754,0,0,,1,4.318,0.9924,0.5126,0.47402,0.126889,0.3865,0.0028,0.048,0.8289,7.4601,3.4785,2.14463,1.142,0.191964,0.089509,0.10245484858751297,0.255543,1.3789,0.295627,0.721162,0.43797,,4.46174,-0.0000999029,-0.000679999,999,,,,,,,6.800000000000001,6.800000000000001,7,7,,,,,,,,,,,,,,,,,,,"Drew Rom","24602",680723
"Dax Fulton","MIA",0.0519,0.0687,0.0756,4.35996,0.2018,0.1698,0,0,,1,4.362,1.0185,0.5249,0.48444,0.122111,0.3992,0.0037,0.0466,0.8099,7.2891,3.5928,2.02881,1.099,0.185672,0.0915176,0.09415405243635178,0.260074,1.4177,0.300379,0.716105,0.459753,,4.47152,-0.0000999029,-0.000679999,999,,,,,,,6.800000000000001,6.800000000000001,7,7,,,,,,,,,,,,,,,,,,,"Dax Fulton","sa3014535",690978
"Robert Gasser","MIL",0.0577,0.0633,0.0803,4.26393,0.1754,0.1754,0,0,,1,4.274,0.9771,0.5083,0.47377,0.150556,0.3098,0.0028,0.0598,0.8776,7.8984,2.7882,2.8328,1.355,0.205335,0.0724848,0.132849782705307,0.250256,1.2869,0.287369,0.723524,0.384626,,4.4773,-0.0000999029,-0.000679999,999,,,,,,,6.800000000000001,6.800000000000001,7,7,,,,,,,,,,,,,,,,,,,"Robert Gasser","29812",688107
"Cade Horton","CHC",0.0569,0.0642,0.0771,4.42836,0.1754,0.1754,0,0,,1,4.294,0.9839,0.5277,0.49204,0.147111,0.3508,0.0029,0.0421,0.8848,7.9632,3.1572,2.52223,1.324,0.206055,0.0816954,0.12435957044363022,0.252211,1.3347,0.291646,0.714954,0.395386,,4.48802,-0.0000999029,-0.000679999,999,,,,,,,6.800000000000001,6.800000000000001,7,7,,,,,,,,,,,,,,,,,,,"Cade Horton","sa3020860",690990
"Coleman Crow","MIL",0.055,0.0663,0.0757,4.50342,0.1754,0.1754,0,0,,1,4.305,1.0337,0.5384,0.50038,0.149667,0.3076,0.0029,0.0462,0.8097,7.2873,2.7684,2.63231,1.347,0.188084,0.0714518,0.11663183569908142,0.261617,1.3413,0.295482,0.709422,0.430175,,4.55415,-0.0000999029,-0.000679999,999,,,,,,,6.800000000000001,6.800000000000001,7,7,,,,,,,,,,,,,,,,,,,"Coleman Crow","sa3015142",689441
"Robert Colina","NYM",0.056,0.0584,0.0525,4.44906,0.4121,0.1251,0,0,,1,4.329,1.0058,0.5316,0.49434,0.143889,0.3505,0.0092,0.047,0.8374,7.5366,3.1545,2.38916,1.295,0.19344,0.0809656,0.11247402429580688,0.255831,1.3563,0.292152,0.714115,0.414515,,4.55474,-0.0000999029,-0.000679999,999,,,,,,,6.800000000000001,6.800000000000001,7,7,,,,,,,,,,,,,,,,,,,"Robert Colina","sa3006133",678783
"Lucas Braun","ATL",0.0597,0.0611,0.0732,4.59486,0.182,0.174,0,0,,1,4.325,1.0335,0.5476,0.51054,0.148444,0.3349,0.0031,0.0403,0.8269,7.4421,3.0141,2.4691,1.336,0.191191,0.0774335,0.11375723779201508,0.261659,1.3684,0.297552,0.707234,0.409315,,4.56806,-0.0000999029,-0.000679999,999,,,,,,,6.800000000000001,6.800000000000001,7,7,,,,,,,,,,,,,,,,,,,"Lucas Braun","sa3022996",814351
"Dylan Cumming","SFG",0.0523,0.0676,0.0692,4.5405,0.2307,0.1637,0,0,,1,4.393,1.0469,0.5466,0.5045,0.123778,0.3718,0.0045,0.0612,0.7451,6.7059,3.3462,2.00403,1.114,0.169611,0.0846346,0.08497609198093414,0.264369,1.4187,0.298637,0.700251,0.474904,,4.58439,-0.0000999029,-0.000679999,999,,,,,,,6.800000000000001,6.800000000000001,7,7,,,,,,,,,,,,,,,,,,,"Dylan Cumming","sa3020818",804706
"Nolan McLean","NYM",0.059,0.062,0.0762,4.47768,0.1754,0.1754,0,0,,1,4.371,1.0077,0.5378,0.49752,0.133333,0.3932,0.003,0.0582,0.809,7.281,3.5388,2.05748,1.2,0.185084,0.0899565,0.09512698650360107,0.257093,1.4009,0.293681,0.710819,0.453362,,4.63601,-0.0000999029,-0.000679999,999,,,,,,,6.800000000000001,6.800000000000001,7,7,,,,,,,,,,,,,,,,,,,"Nolan McLean","sa3023053",690997
"Nick Zwack","SFG",0.0528,0.0664,0.0678,4.5099,0.2505,0.1595,0,0,,1,4.344,1.0213,0.5373,0.5011,0.147222,0.3406,0.0049,0.0403,0.7877,7.0893,3.0654,2.31268,1.325,0.181331,0.078407,0.10292357206344604,0.257702,1.3619,0.288648,0.713452,0.380068,,4.64767,-0.0000999029,-0.000679999,999,,,,,,,6.800000000000001,6.800000000000001,7,7,,,,,,,,,,,,,,,,,,,"Nick Zwack","sa3017867",686873
"Austin Krob","SDP",0.0577,0.0633,0.0787,4.31001,0.182,0.174,0,0,,1,4.353,1.0319,0.5217,0.47889,0.121444,0.393,0.0031,0.0494,0.7121,6.4089,3.537,1.81196,1.093,0.163588,0.0902826,0.07330577075481415,0.263873,1.4249,0.295885,0.719751,0.493093,,4.64826,-0.0000999029,-0.000679999,999,,,,,,,6.800000000000001,6.800000000000001,7,7,,,,,,,,,,,,,,,,,,,"Austin Krob","sa3020594",689474
"Chris Clarke","CHC",0.0541,0.0663,0.0711,4.59081,0.2043,0.1693,0,0,,1,4.346,1.1027,0.5534,0.51009,0.129889,0.3049,0.0037,0.0523,0.638,5.742,2.7441,2.09249,1.169,0.146802,0.0701565,0.07664518803358078,0.276449,1.4076,0.30203,0.696876,0.49372,,4.65064,-0.0000999029,-0.000679999,999,,,,,,,6.800000000000001,6.800000000000001,7,7,,,,,,,,,,,,,,,,,,,"Chris Clarke","sa3011411",669247
"Connor Noland","CHC",0.0544,0.0667,0.0729,4.6134,0.182,0.174,0,0,,1,4.321,1.1016,0.5543,0.5126,0.14,0.2912,0.0031,0.0329,0.6519,5.8671,2.6208,2.23867,1.26,0.150868,0.0673918,0.08347604423761368,0.275614,1.3928,0.300031,0.700618,0.468675,,4.65498,-0.0000999029,-0.000679999,999,,,,,,,6.800000000000001,6.800000000000001,7,7,,,,,,,,,,,,,,,,,,,"Connor Noland","sa3020834",690939
"Jack Choate","SFG",0.0537,0.0673,0.0754,4.48731,0.1812,0.1742,0,0,,1,4.37,1.0155,0.5366,0.49859,0.138667,0.3582,0.0031,0.0616,0.7844,7.0596,3.2238,2.18984,1.248,0.179497,0.081968,0.0975285992026329,0.257076,1.3737,0.289658,0.709667,0.406861,,4.65975,-0.0000999029,-0.000679999,999,,,,,,,6.800000000000001,6.800000000000001,7,7,,,,,,,,,,,,,,,,,,,"Jack Choate","sa3020407",805257
"Joander Suarez","NYM",0.0587,0.062,0.0741,4.5063,0.1895,0.1725,0,0,,1,4.327,1.0208,0.5391,0.5007,0.147444,0.3394,0.0033,0.0439,0.7839,7.0551,3.0546,2.30966,1.327,0.181165,0.0784377,0.10272705554962158,0.258843,1.3602,0.289924,0.711662,0.42248,,4.66536,-0.0000999029,-0.000679999,999,,,,,,,6.800000000000001,6.800000000000001,7,7,,,,,,,,,,,,,,,,,,,"Joander Suarez","sa3008263",680933
"Brandon Knarr","MIL",0.0525,0.0621,0.0527,4.44852,0.4113,0.1253,0,0,,1,4.335,1.0241,0.5318,0.49428,0.147111,0.355,0.0092,0.0374,0.7949,7.1541,3.195,2.23916,1.324,0.183368,0.0818916,0.10147636383771896,0.259752,1.3791,0.292272,0.722247,0.412848,,4.66632,-0.0000999029,-0.000679999,999,,,,,,,6.800000000000001,6.800000000000001,7,7,,,,,,,,,,,,,,,,,,,"Brandon Knarr","sa3015005",687822
"Seth Lonsway","SFG",0.0531,0.0677,0.0746,4.45185,0.1952,0.1712,0,0,,1,4.462,1.0885,0.542,0.49465,0.0994444,0.4232,0.0035,0.0649,0.6277,5.6493,3.8088,1.48322,0.895,0.140677,0.0948454,0.04583146423101425,0.273912,1.5117,0.304629,0.706532,0.542999,,4.66816,-0.0000999029,-0.000679999,999,,,,,,,6.800000000000001,6.800000000000001,7,7,,,,,,,,,,,,,,,,,,,"Seth Lonsway","sa3017857",675920
"Sixto Sánchez","MIA",0.0469,0.0699,0.0553,4.74345,0.3453,0.1393,0,0,,1,4.39,1.0832,0.5676,0.52705,0.135111,0.3591,0.0106,0.047,0.7311,6.5799,3.2319,2.03592,1.216,0.166538,0.0817996,0.08473804593086243,0.271894,1.4423,0.3041,0.698004,0.45172,,4.67902,-0.0000999029,-0.000679999,999,,,,,,,6.800000000000001,6.800000000000001,7,7,,,,,,,,,,,,,,,,,,,"Sixto Sanchez","19680",664350
"Yu-Min Lin","ARI",0.0561,0.0651,0.0725,4.66911,0.1754,0.1754,0,0,,1,4.419,1.0642,0.56,0.51879,0.124,0.4076,0.003,0.0576,0.7455,6.7095,3.6684,1.829,1.116,0.168703,0.0922381,0.07646527886390686,0.269159,1.4718,0.304834,0.702357,0.456113,,4.68308,-0.0000999029,-0.000679999,999,,,,,,,6.800000000000001,6.800000000000001,7,7,,,,,,,,,,,,,,,,,,,"Yu-Min Lin","sa3019278",801179
"Luis De Avila","ATL",0.0599,0.0611,0.0755,4.51332,0.1754,0.1754,0,0,,1,4.437,1.0804,0.5472,0.50148,0.109556,0.4395,0.003,0.0458,0.6811,6.1299,3.9555,1.54972,0.986,0.153505,0.0990534,0.05445120483636856,0.273401,1.5199,0.307128,0.711807,0.523542,,4.6844,-0.0000999029,-0.000679999,999,,,,,,,6.800000000000001,6.800000000000001,7,7,,,,,,,,,,,,,,,,,,,"Luis De Avila","sa3005839",678752
"River Ryan","LAD",0.0593,0.0617,0.0735,4.61943,0.1754,0.1754,0,0,,1,4.361,1.0229,0.5526,0.51327,0.145,0.3904,0.0029,0.0484,0.8251,7.4259,3.5136,2.11347,1.305,0.1892,0.0895208,0.09967896342277527,0.260798,1.4133,0.297382,0.711146,0.445364,,4.71768,-0.0000999029,-0.000679999,999,,,,,,,6.800000000000001,6.800000000000001,7,7,,,,,,,,,,,,,,,,,,,"River Ryan","29514",689981
"Walker Powell","CHC",0.0544,0.0668,0.0731,4.63824,0.1754,0.1754,0,0,,1,4.314,1.0713,0.5547,0.51536,0.149778,0.2957,0.0029,0.0411,0.6999,6.2991,2.6613,2.36693,1.348,0.162239,0.0685443,0.09369493275880814,0.26936,1.367,0.294649,0.701886,0.43409,,4.72419,-0.0000999029,-0.000679999,999,,,,,,,6.800000000000001,6.800000000000001,7,7,,,,,,,,,,,,,,,,,,,"Walker Powell","sa3017815",689608
"Royber Salinas","ATL",0.059,0.062,0.0726,4.66461,0.1754,0.1754,0,0,,1,4.425,0.9748,0.5569,0.51829,0.135333,0.499,0.003,0.0472,0.9184,8.2656,4.491,1.84048,1.218,0.207548,0.112768,0.09477964788675308,0.251315,1.4738,0.297149,0.713911,0.420868,,4.72761,-0.0000999029,-0.000679999,999,,,,,,,6.800000000000001,6.800000000000001,7,7,,,,,,,,,,,,,,,,,,,"Royber Salinas","sa3009243",683690
"Brad Lord","WSN",0.0521,0.0693,0.0749,4.54446,0.1754,0.1754,0,0,,1,4.346,1.033,0.5457,0.50494,0.135556,0.3665,0.0029,0.0544,0.7242,6.5178,3.2985,1.97599,1.22,0.166636,0.0843304,0.08230556547641754,0.263178,1.3995,0.292771,0.705782,0.458375,,4.743,-0.0000999029,-0.000679999,999,,,,,,,6.800000000000001,6.800000000000001,7,7,,,,,,,,,,,,,,,,,,,"Brad Lord","sa3020812",695418
"Aaron Wilkerson","CIN",0.051,0.0654,0.0553,4.67784,0.3494,0.1384,0,0,,1,4.286,1.0327,0.5531,0.51976,0.170556,0.2901,0.0075,0.0388,0.8106,7.2954,2.6109,2.79421,1.535,0.189127,0.0676855,0.12144190818071365,0.260974,1.3228,0.289704,0.710041,0.356754,,4.7492,-0.0000999029,-0.000679999,999,,,,,,,6.800000000000001,6.800000000000001,7,7,,,,,,,,,,,,,,,,,,,"Aaron Wilkerson","16904",658792
"Luis Moreno","NYM",0.0571,0.0626,0.0691,4.5693,0.2266,0.1646,0,0,,1,4.408,1.039,0.5507,0.5077,0.126556,0.4227,0.0043,0.0483,0.7347,6.6123,3.8043,1.73811,1.139,0.166674,0.0958938,0.07078041136264801,0.263907,1.4617,0.296658,0.709213,0.483751,,4.7553,-0.0000999029,-0.000679999,999,,,,,,,6.800000000000001,6.800000000000001,7,7,,,,,,,,,,,,,,,,,,,"Luis Moreno","sa3009950",691032
"Brody McCullough","CHC",0.0532,0.0666,0.0664,4.70862,0.229,0.164,0,0,,1,4.351,1.0246,0.5603,0.52318,0.152444,0.3745,0.0044,0.0405,0.8093,7.2837,3.3705,2.16101,1.372,0.186003,0.0860722,0.09993105381727219,0.260315,1.3991,0.293235,0.707443,0.401004,,4.77466,-0.0000999029,-0.000679999,999,,,,,,,6.800000000000001,6.800000000000001,7,7,,,,,,,,,,,,,,,,,,,"Brody McCullough","sa3020599",805664
"Nick Sinacola","SFG",0.0501,0.0678,0.0588,4.71348,0.3049,0.1479,0,0,,1,4.351,1.0668,0.5619,0.52372,0.151556,0.3023,0.0064,0.0473,0.7047,6.3423,2.7207,2.33113,1.364,0.161963,0.0694783,0.0924844890832901,0.266607,1.3691,0.291002,0.697713,0.407856,,4.7761,-0.0000999029,-0.000679999,999,,,,,,,6.800000000000001,6.800000000000001,7,7,,,,,,,,,,,,,,,,,,,"Nick Sinacola","sa3017862",701161
"Cooper Hjerpe","STL",0.0557,0.0655,0.0758,4.4991,0.1754,0.1754,0,0,,1,4.409,0.9634,0.5377,0.4999,0.134889,0.4854,0.003,0.0528,0.8791,7.9119,4.3686,1.81108,1.214,0.199388,0.110093,0.08929463475942612,0.248889,1.4488,0.290013,0.723121,0.403364,,4.77644,-0.0000999029,-0.000679999,999,,,,,,,6.800000000000001,6.800000000000001,7,7,,,,,,,,,,,,,,,,,,,"Cooper Hjerpe","sa3020736",687309
"Andrew Alvarez","WSN",0.0529,0.0685,0.077,4.43538,0.1754,0.1754,0,0,,1,4.376,1.0569,0.5366,0.49282,0.121333,0.3961,0.003,0.045,0.6453,5.8077,3.5649,1.62913,1.092,0.147463,0.0905165,0.05694697052240372,0.268596,1.453,0.295293,0.714189,0.493409,,4.77651,-0.0000999029,-0.000679999,999,,,,,,,6.800000000000001,6.800000000000001,7,7,,,,,,,,,,,,,,,,,,,"Andrew Alvarez","sa3017531",674841
"Scott Randall","PIT",0.0482,0.066,0.0459,4.79331,0.4344,0.1204,0,0,,1,4.341,1.0941,0.5699,0.53259,0.152667,0.2883,0.0098,0.0431,0.6829,6.1461,2.5947,2.36871,1.374,0.157314,0.0664133,0.090900719165802,0.27287,1.3824,0.296605,0.695237,0.39954,,4.77955,-0.0000999029,-0.000679999,999,,,,,,,6.800000000000001,6.800000000000001,7,7,,,,,,,,,,,,,,,,,,,"Scott Randall","sa3017752",695246
"TJ Shook","NYM",0.0545,0.0595,0.0485,4.58145,0.4294,0.1214,0,0,,1,4.351,0.9967,0.5453,0.50905,0.153556,0.3641,0.0097,0.0593,0.82,7.38,3.2769,2.25213,1.382,0.188462,0.0836819,0.10478050261735916,0.253768,1.3608,0.28542,0.711716,0.390594,,4.7929,-0.0000999029,-0.000679999,999,,,,,,,6.800000000000001,6.800000000000001,7,7,,,,,,,,,,,,,,,,,,,"TJ Shook","sa3014915",669298
"Tristan Stevens","MIA",0.0469,0.0721,0.0614,4.7772,0.2694,0.1554,0,0,,1,4.378,1.1193,0.5737,0.5308,0.136222,0.3253,0.0054,0.0425,0.6217,5.5953,2.9277,1.91116,1.226,0.142005,0.0743033,0.06770214438438416,0.279113,1.4446,0.302274,0.694559,0.479328,,4.79737,-0.0000999029,-0.000679999,999,,,,,,,6.800000000000001,6.800000000000001,7,7,,,,,,,,,,,,,,,,,,,"Tristan Stevens","sa3019881",688306
"Spencer Giesting","ARI",0.055,0.0662,0.0704,4.7799,0.1754,0.1754,0,0,,1,4.442,1.0659,0.5722,0.5311,0.127556,0.4355,0.003,0.0514,0.7422,6.6798,3.9195,1.70425,1.148,0.167087,0.0980414,0.06904547661542892,0.2695,1.5014,0.30413,0.702438,0.447077,,4.801,-0.0000999029,-0.000679999,999,,,,,,,6.800000000000001,6.800000000000001,7,7,,,,,,,,,,,,,,,,,,,"Spencer Giesting","sa3020402",801517
"Robinson Pina","MIA",0.0477,0.074,0.0698,4.81077,0.1754,0.1754,0,0,,1,4.374,1.0853,0.5747,0.53453,0.145667,0.3349,0.003,0.0499,0.7064,6.3576,3.0141,2.10929,1.311,0.1615,0.0765661,0.08493369817733765,0.27206,1.4202,0.29952,0.69516,0.441681,,4.80175,-0.0000999029,-0.000679999,999,,,,,,,6.800000000000001,6.800000000000001,7,7,,,,,,,,,,,,,,,,,,,"Robinson Pina","sa3003123",673820
"Brandon Birdsell","CHC",0.0537,0.0674,0.0708,4.72185,0.182,0.174,0,0,,1,4.308,1.0568,0.5614,0.52465,0.163444,0.2876,0.0031,0.0454,0.7289,6.5601,2.5884,2.53442,1.471,0.169197,0.0667595,0.102437324821949,0.265862,1.3444,0.289801,0.701878,0.393989,,4.83246,-0.0000999029,-0.000679999,999,,,,,,,6.800000000000001,6.800000000000001,7,7,,,,,,,,,,,,,,,,,,,"Brandon Birdsell","sa3020797",669361
"Garrett Stallings","MIL",0.0496,0.0648,0.0468,4.7466,0.4236,0.1226,0,0,,1,4.344,1.0593,0.565,0.5274,0.160556,0.3286,0.0095,0.0369,0.7549,6.7941,2.9574,2.29732,1.445,0.17378,0.0756446,0.09813535213470459,0.266256,1.3879,0.293415,0.707492,0.41027,,4.8404,-0.0000999029,-0.000679999,999,,,,,,,6.800000000000001,6.800000000000001,7,7,,,,,,,,,,,,,,,,,,,"Garrett Stallings","sa3014457",668831
"Dylan Ray","ARI",0.0538,0.0675,0.0679,4.9095,0.1754,0.1754,0,0,,1,4.413,1.0627,0.5848,0.5455,0.141444,0.4033,0.003,0.0458,0.7551,6.7959,3.6297,1.8723,1.273,0.171108,0.0913891,0.07971900701522827,0.268095,1.466,0.300342,0.694965,0.421005,,4.84236,-0.0000999029,-0.000679999,999,,,,,,,6.800000000000001,6.800000000000001,7,7,,,,,,,,,,,,,,,,,,,"Dylan Ray","sa3020392",691009
"Matt Osterberg","PHI",0.056,0.0652,0.0739,4.59792,0.1754,0.1754,0,0,,1,4.342,1.1079,0.5536,0.51088,0.14,0.3087,0.0029,0.0385,0.5873,5.2857,2.7783,1.90249,1.26,0.13526,0.0710963,0.06416398286819458,0.277336,1.4166,0.29622,0.707029,0.474666,,4.85348,-0.0000999029,-0.000679999,999,,,,,,,6.800000000000001,6.800000000000001,7,7,,,,,,,,,,,,,,,,,,,"Matt Osterberg","sa3017462",684296
"Victor Santos","STL",0.0498,0.0626,0.0414,4.71123,0.4929,0.1079,0,0,,1,4.353,1.0668,0.5619,0.52347,0.150444,0.3334,0.0114,0.0427,0.686,6.174,3.0006,2.05759,1.354,0.157592,0.0765909,0.08100160211324692,0.268249,1.4002,0.291791,0.704704,0.414371,,4.87856,-0.0000999029,-0.000679999,999,,,,,,,6.800000000000001,6.800000000000001,7,7,,,,,,,,,,,,,,,,,,,"Victor Santos","sa3003083",673257
"Alex Williams","MIA",0.0457,0.069,0.0463,4.82022,0.4212,0.1232,0,0,,1,4.376,1.0448,0.5728,0.53558,0.154444,0.3664,0.0095,0.049,0.7633,6.8697,3.2976,2.08324,1.39,0.174429,0.0837294,0.09069926291704178,0.263798,1.4112,0.292605,0.701603,0.397919,,4.89386,-0.0000999029,-0.000679999,999,,,,,,,6.800000000000001,6.800000000000001,7,7,,,,,,,,,,,,,,,,,,,"Alex Williams","sa3020314",677354
"Juan Mercedes","SFG",0.0511,0.0703,0.0705,4.77279,0.1754,0.1754,0,0,,1,4.318,1.0685,0.5662,0.53031,0.168556,0.2523,0.0029,0.0499,0.682,6.138,2.2707,2.70313,1.517,0.157943,0.0584298,0.09951365739107132,0.266074,1.3208,0.284321,0.695598,0.370336,,4.9003,-0.0000999029,-0.000679999,999,,,,,,,6.800000000000001,6.800000000000001,7,7,,,,,,,,,,,,,,,,,,,"Juan Mercedes","sa3002818",675195
"Darius Vines","ATL",0.0534,0.0609,0.0457,4.88754,0.417,0.124,0,0,,1,4.355,1.0882,0.58,0.54306,0.163889,0.3062,0.0089,0.0396,0.7155,6.4395,2.7558,2.33671,1.475,0.164294,0.07031,0.09398392587900162,0.271426,1.3944,0.295325,0.699082,0.393329,,4.90344,-0.0000999029,-0.000679999,999,,,,,,,6.800000000000001,6.800000000000001,7,7,,,,,,,,,,,,,,,,,,,"Darius Vines","25928",670241
"Pete Hansen","STL",0.054,0.0673,0.073,4.64454,0.1754,0.1754,0,0,,1,4.382,1.058,0.5558,0.51606,0.142333,0.3706,0.003,0.0489,0.6839,6.1551,3.3354,1.84539,1.281,0.15607,0.0845733,0.07149703800678253,0.267003,1.4286,0.291961,0.709978,0.424957,,4.90751,-0.0000999029,-0.000679999,999,,,,,,,6.800000000000001,6.800000000000001,7,7,,,,,,,,,,,,,,,,,,,"Pete Hansen","sa3020798",677337
"Helcris Olivarez","SFG",0.0494,0.0647,0.0483,4.61052,0.4352,0.1202,0,0,,1,4.561,0.9482,0.5545,0.51228,0.111111,0.6498,0.0103,0.0591,0.9148,8.2332,5.8482,1.40782,1,0.20057,0.142469,0.05810128152370453,0.246151,1.598,0.29619,0.723425,0.455273,,4.90802,-0.0000999029,-0.000679999,999,,,,,,,3.8000000000000003,3.8000000000000003,4,4,,,,,,,,,,,,,,,,,,,"Helcris Olivarez","sa3002965",672487
"Zach Thompson","ATL",0.054,0.0635,0.0544,4.9734,0.3065,0.1475,0,0,,1,4.403,1.1022,0.5915,0.5526,0.155556,0.3429,0.0077,0.0438,0.7179,6.4611,3.0861,2.09361,1.4,0.163048,0.0778787,0.08516920357942581,0.274432,1.4451,0.301206,0.695498,0.41787,,4.913,-0.0000999029,-0.000679999,999,,,,,,,6.800000000000001,6.800000000000001,7,7,,,,,,,,,,,,,,,,,,,"Zach Thompson","16094",605507
"Cade Gibson","MIA",0.0467,0.0719,0.0602,4.78296,0.281,0.153,0,0,,1,4.458,1.1032,0.5753,0.53144,0.123333,0.4126,0.0058,0.0596,0.6367,5.7303,3.7134,1.54314,1.11,0.142822,0.0925527,0.05026916414499283,0.276783,1.5158,0.303762,0.700228,0.485372,,4.91301,-0.0000999029,-0.000679999,999,,,,,,,6.800000000000001,6.800000000000001,7,7,,,,,,,,,,,,,,,,,,,"Cade Gibson","sa3019914",806188
"Ryan Murphy","SFG",0.0503,0.0712,0.0692,4.83894,0.1754,0.1754,0,0,,1,4.396,1.0331,0.5748,0.53766,0.155111,0.374,0.003,0.0505,0.7708,6.9372,3.366,2.06096,1.396,0.175341,0.0850773,0.09026387333869934,0.260128,1.4071,0.288282,0.699444,0.384066,,4.91482,-0.0000999029,-0.000679999,999,,,,,,,6.800000000000001,6.800000000000001,7,7,,,,,,,,,,,,,,,,,,,"Ryan Murphy","sa3014871",694885
"Dakota Hawkins","NYM",0.0532,0.0619,0.0498,4.7745,0.3939,0.1289,0,0,,1,4.388,1.0611,0.57,0.5305,0.151222,0.3682,0.0088,0.0408,0.7159,6.4431,3.3138,1.94432,1.361,0.16315,0.0839107,0.07923883944749832,0.266675,1.4293,0.292389,0.705739,0.425456,,4.92757,-0.0000999029,-0.000679999,999,,,,,,,6.800000000000001,6.800000000000001,7,7,,,,,,,,,,,,,,,,,,,"Dakota Hawkins","sa3023103",809950
"Tate Kuehner","MIL",0.0523,0.0682,0.0684,4.71231,0.2084,0.1684,0,0,,1,4.444,1.015,0.563,0.52359,0.142444,0.4714,0.0039,0.0483,0.8205,7.3845,4.2426,1.74056,1.282,0.184631,0.106076,0.07855536043643951,0.258645,1.4864,0.294647,0.717495,0.42323,,4.93636,-0.0000999029,-0.000679999,999,,,,,,,6.800000000000001,6.800000000000001,7,7,,,,,,,,,,,,,,,,,,,"Tate Kuehner","sa3023099",804249
"Dominic Perachi","PIT",0.0497,0.0699,0.0635,4.7871,0.2439,0.1609,0,0,,1,4.453,1.0634,0.573,0.5319,0.129556,0.4435,0.0049,0.0533,0.7009,6.3081,3.9915,1.58038,1.166,0.1574,0.0995958,0.05780372768640518,0.268793,1.5069,0.298759,0.704552,0.441718,,4.9393,-0.0000999029,-0.000679999,999,,,,,,,6.800000000000001,6.800000000000001,7,7,,,,,,,,,,,,,,,,,,,"Dominic Perachi","sa3020841",806270
"Christian McGowan","PHI",0.0533,0.067,0.0658,4.82652,0.2134,0.1674,0,0,,1,4.406,1.0418,0.5769,0.53628,0.144778,0.4264,0.004,0.05,0.7649,6.8841,3.8376,1.79386,1.303,0.173604,0.0967771,0.07682705670595169,0.265116,1.4682,0.297035,0.7043,0.451622,,4.94799,-0.0000999029,-0.000679999,999,,,,,,,6.800000000000001,6.800000000000001,7,7,,,,,,,,,,,,,,,,,,,"Christian McGowan","sa3017896",694909
"Adonys Perez","ARI",0.0529,0.0681,0.0665,4.94316,0.1829,0.1739,0,0,,1,4.492,1.114,0.5932,0.54924,0.121444,0.4489,0.0032,0.0533,0.6516,5.8644,4.0401,1.45155,1.093,0.145058,0.0999332,0.045124657452106476,0.279212,1.5629,0.308558,0.696185,0.479656,,4.94866,-0.0000999029,-0.000679999,999,,,,,,,6.800000000000001,6.800000000000001,7,7,,,,,,,,,,,,,,,,,,,"Adonys Perez","sa3020114",806583
"Brandon Williamson","CIN",0.0502,0.0636,0.0437,4.83858,0.4442,0.1182,0,0,,1,4.387,1.035,0.5727,0.53762,0.177556,0.3634,0.0085,0.0478,0.8746,7.8714,3.2706,2.40671,1.598,0.199362,0.0828357,0.11652608960866928,0.260325,1.3984,0.293279,0.718111,0.374087,,4.9591,-0.0000999029,-0.000679999,999,,,,,,,6.800000000000001,6.800000000000001,7,7,,,,,,,,,,,,,,,,,,,"Brandon Williamson","25463",682227
"Jarlin Susana","WSN",0.0502,0.0713,0.0721,4.69197,0.1754,0.1754,0,0,,1,4.468,1.01,0.5656,0.52133,0.117889,0.5411,0.003,0.05,0.7565,6.8085,4.8699,1.39808,1.061,0.169315,0.121106,0.048209480941295624,0.260517,1.5511,0.297122,0.71101,0.495901,,4.95934,-0.0000999029,-0.000679999,999,,,,,,,3.8000000000000003,3.8000000000000003,4,4,,,,,,,,,,,,,,,,,,,"Jarlin Susana","sa3018808",703186
"Carlos Duran","LAD",0.0571,0.0641,0.069,4.84965,0.1754,0.1754,0,0,,1,4.411,1.0065,0.5767,0.53885,0.157222,0.4451,0.003,0.0528,0.8597,7.7373,4.0059,1.93148,1.415,0.194899,0.100907,0.09399229288101196,0.257213,1.4516,0.293241,0.710441,0.411162,,4.98467,-0.0000999029,-0.000679999,999,,,,,,,6.800000000000001,6.800000000000001,7,7,,,,,,,,,,,,,,,,,,,"Carlos Duran","sa3006404",679922
"Connor Overton","NYM",0.0555,0.0657,0.0692,4.84209,0.1754,0.1754,0,0,,1,4.367,1.0845,0.5762,0.53801,0.163333,0.3094,0.0027,0.0437,0.6817,6.1353,2.7846,2.2033,1.47,0.156103,0.0708496,0.0852530300617218,0.270186,1.3939,0.290693,0.701748,0.402556,,4.98571,-0.0000999029,-0.000679999,999,,,,,,,6.800000000000001,6.800000000000001,7,7,,,,,,,,,,,,,,,,,,,"Connor Overton","18376",656818
"Jean Cabrera","PHI",0.0542,0.0667,0.0698,4.7619,0.1845,0.1735,0,0,,1,4.373,1.0604,0.5708,0.5291,0.147222,0.3728,0.0032,0.0512,0.6784,6.1056,3.3552,1.81974,1.325,0.155134,0.0852504,0.06988337635993958,0.268524,1.4332,0.292369,0.702802,0.462656,,4.99557,-0.0000999029,-0.000679999,999,,,,,,,6.800000000000001,6.800000000000001,7,7,,,,,,,,,,,,,,,,,,,"Jean Cabrera","sa3015433",691893
"Jhancarlos Lara","ATL",0.0553,0.0657,0.0658,4.97475,0.1837,0.1737,0,0,,1,4.53,1.0301,0.5956,0.55275,0.125556,0.5672,0.0033,0.0524,0.8261,7.4349,5.1048,1.45645,1.13,0.182362,0.12521,0.057152315974235535,0.263426,1.5973,0.305719,0.704667,0.470276,,5.0053,-0.0000999029,-0.000679999,999,,,,,,,3.8000000000000003,3.8000000000000003,4,4,,,,,,,,,,,,,,,,,,,"Jhancarlos Lara","sa3019367",702910
"Will Sanders","CHC",0.0508,0.0705,0.0658,4.98141,0.1829,0.1739,0,0,,1,4.426,1.0614,0.593,0.55349,0.150444,0.4154,0.0032,0.0495,0.7471,6.7239,3.7386,1.79851,1.354,0.168798,0.0938545,0.07494350522756577,0.267956,1.4768,0.297352,0.698006,0.42305,,5.02276,-0.0000999029,-0.000679999,999,,,,,,,6.800000000000001,6.800000000000001,7,7,,,,,,,,,,,,,,,,,,,"Will Sanders","sa3023508",691739
"Sam Armstrong","CHC",0.0507,0.0692,0.0624,4.92804,0.2299,0.1639,0,0,,1,4.406,1.0806,0.588,0.54756,0.149667,0.3714,0.0045,0.0554,0.6841,6.1569,3.3426,1.84195,1.347,0.155266,0.0842941,0.07097139954566956,0.271562,1.452,0.295963,0.695391,0.437096,,5.02435,-0.0000999029,-0.000679999,999,,,,,,,6.800000000000001,6.800000000000001,7,7,,,,,,,,,,,,,,,,,,,"Sam Armstrong","sa3023046",814098
"Easton McGee","MIL",0.0503,0.0712,0.0671,4.95126,0.1754,0.1754,0,0,,1,4.348,1.1228,0.5889,0.55014,0.171444,0.2539,0.0029,0.0507,0.6395,5.7555,2.2851,2.51871,1.543,0.147079,0.0583947,0.08868446201086044,0.277687,1.3767,0.294314,0.693072,0.417244,,5.03006,-0.0000999029,-0.000679999,999,,,,,,,6.800000000000001,6.800000000000001,7,7,,,,,,,,,,,,,,,,,,,"Easton McGee","22176",668834
"Cameron Foster","NYM",0.0522,0.0624,0.0466,4.86252,0.4113,0.1253,0,0,,1,4.413,1.0371,0.5782,0.54028,0.156333,0.4129,0.0093,0.0405,0.7627,6.8643,3.7161,1.84718,1.407,0.17283,0.0935645,0.07926580309867859,0.26192,1.45,0.289672,0.708128,0.400563,,5.03361,-0.0000999029,-0.000679999,999,,,,,,,6.800000000000001,6.800000000000001,7,7,,,,,,,,,,,,,,,,,,,"Cameron Foster","sa3020735",671382
"J.J. Niekro","ATL",0.0545,0.0667,0.0648,5.06988,0.1754,0.1754,0,0,,1,4.437,1.1218,0.6051,0.56332,0.148,0.3802,0.003,0.0397,0.658,5.922,3.4218,1.73067,1.332,0.148298,0.0856885,0.06260986626148224,0.279256,1.502,0.303261,0.692694,0.451318,,5.03418,-0.0000999029,-0.000679999,999,,,,,,,6.800000000000001,6.800000000000001,7,7,,,,,,,,,,,,,,,,,,,"J.J. Niekro","sa3017129",673908
"Blade Tidwell","NYM",0.0556,0.0648,0.0668,4.80132,0.2059,0.1689,0,0,,1,4.424,0.9879,0.5709,0.53348,0.154778,0.4616,0.0038,0.0482,0.836,7.524,4.1544,1.81109,1.393,0.188969,0.10434,0.08462929725646973,0.252389,1.4495,0.284982,0.71268,0.389195,,5.03599,-0.0000999029,-0.000679999,999,,,,,,,6.800000000000001,6.800000000000001,7,7,,,,,,,,,,,,,,,,,,,"Blade Tidwell","sa3020177",694918
"Luis Palacios","MIA",0.0469,0.0748,0.0682,4.89429,0.1754,0.1754,0,0,,1,4.359,1.135,0.583,0.54381,0.159889,0.2686,0.003,0.0417,0.5652,5.0868,2.4174,2.10424,1.439,0.129663,0.0616196,0.06804312020540237,0.280337,1.4036,0.293389,0.695568,0.408548,,5.04554,-0.0000999029,-0.000679999,999,,,,,,,6.800000000000001,6.800000000000001,7,7,,,,,,,,,,,,,,,,,,,"Luis Palacios","sa3003021",672712
"Henry Baez","SDP",0.0524,0.069,0.0692,4.84011,0.1754,0.1754,0,0,,1,4.411,1.0715,0.5801,0.53779,0.141889,0.4057,0.003,0.0517,0.6662,5.9958,3.6513,1.6421,1.277,0.151032,0.0919746,0.05905689299106598,0.271019,1.4772,0.295536,0.701651,0.466786,,5.05084,-0.0000999029,-0.000679999,999,,,,,,,6.800000000000001,6.800000000000001,7,7,,,,,,,,,,,,,,,,,,,"Henry Baez","sa3016584",692013
"Fernando Sanchez","SDP",0.0518,0.0642,0.0538,4.69611,0.3618,0.1358,0,0,,1,4.412,1.0254,0.5614,0.52179,0.144667,0.4339,0.008,0.0592,0.7339,6.6051,3.9051,1.6914,1.302,0.166342,0.0983454,0.06799638271331787,0.261655,1.4593,0.289683,0.714452,0.427193,,5.05865,-0.0000999029,-0.000679999,999,,,,,,,6.800000000000001,6.800000000000001,7,7,,,,,,,,,,,,,,,,,,,"Fernando Sanchez","sa3010134",685719
"Jacob Miller","MIA",0.0447,0.0771,0.0645,5.08221,0.1754,0.1754,0,0,,1,4.437,1.1289,0.607,0.56469,0.146333,0.3709,0.003,0.0436,0.6242,5.6178,3.3381,1.68293,1.317,0.140681,0.0835925,0.05708812177181244,0.280646,1.4998,0.302145,0.689456,0.457743,,5.06391,-0.0000999029,-0.000679999,999,,,,,,,6.800000000000001,6.800000000000001,7,7,,,,,,,,,,,,,,,,,,,"Jacob Miller","sa3020111",702571
"Kohl Franklin","CHC",0.0509,0.0706,0.0663,4.98978,0.1754,0.1754,0,0,,1,4.425,1.0482,0.5931,0.55442,0.154444,0.4163,0.003,0.0557,0.7623,6.8607,3.7467,1.83113,1.39,0.172271,0.0940791,0.0781920850276947,0.265166,1.4645,0.294361,0.698082,0.409016,,5.06566,-0.0000999029,-0.000679999,999,,,,,,,6.800000000000001,6.800000000000001,7,7,,,,,,,,,,,,,,,,,,,"Kohl Franklin","sa3008335",681673
"Lucas Knowles","WSN",0.0482,0.0673,0.051,4.72761,0.389,0.13,0,0,,1,4.4,1.0506,0.5651,0.52529,0.145222,0.4084,0.0087,0.0446,0.671,6.039,3.6756,1.643,1.307,0.1525,0.0928182,0.05968182533979416,0.266177,1.459,0.289186,0.71188,0.424495,,5.07137,-0.0000999029,-0.000679999,999,,,,,,,6.800000000000001,6.800000000000001,7,7,,,,,,,,,,,,,,,,,,,"Lucas Knowles","sa3011676",686731
"Anthony Solometo","PIT",0.0485,0.0723,0.0651,4.93551,0.1994,0.1704,0,0,,1,4.49,1.0821,0.5906,0.54839,0.129444,0.4688,0.0037,0.0523,0.6704,6.0336,4.2192,1.43003,1.165,0.14931,0.10441,0.04489978402853012,0.272645,1.5509,0.300612,0.701114,0.449288,,5.07176,-0.0000999029,-0.000679999,999,,,,,,,6.800000000000001,6.800000000000001,7,7,,,,,,,,,,,,,,,,,,,"Anthony Solometo","sa3018259",696143
"Evan McKendry","MIL",0.0486,0.0679,0.05,4.95288,0.356,0.137,0,0,,1,4.353,1.0795,0.5865,0.55032,0.177444,0.2964,0.0077,0.0498,0.7152,6.4368,2.6676,2.41296,1.597,0.1643,0.068091,0.09620949625968933,0.269417,1.3759,0.289663,0.700147,0.383616,,5.08146,-0.0000999029,-0.000679999,999,,,,,,,6.800000000000001,6.800000000000001,7,7,,,,,,,,,,,,,,,,,,,"Evan McKendry","sa3010787",679928
"Kyle Luckham","WSN",0.048,0.0732,0.0665,4.91184,0.1886,0.1726,0,0,,1,4.369,1.1304,0.5879,0.54576,0.151889,0.2969,0.0033,0.05,0.5478,4.9302,2.6721,1.84507,1.367,0.125383,0.0679561,0.057427339255809784,0.281047,1.4273,0.294518,0.69106,0.457906,,5.08614,-0.0000999029,-0.000679999,999,,,,,,,6.800000000000001,6.800000000000001,7,7,,,,,,,,,,,,,,,,,,,"Kyle Luckham","sa3020378",680734
"Billy Corcoran","ARI",0.0508,0.0707,0.0621,5.20695,0.1754,0.1754,0,0,,1,4.431,1.1323,0.6182,0.57855,0.155,0.3488,0.003,0.0463,0.6392,5.7528,3.1392,1.83257,1.395,0.144256,0.0787181,0.06553824990987778,0.280557,1.4811,0.301478,0.68262,0.414414,,5.08838,-0.0000999029,-0.000679999,999,,,,,,,6.800000000000001,6.800000000000001,7,7,,,,,,,,,,,,,,,,,,,"Billy Corcoran","sa3020172",682225
"Drake Fellows","PIT",0.0455,0.0709,0.0476,5.12613,0.3593,0.1363,0,0,,1,4.496,1.0891,0.6108,0.56957,0.136778,0.4724,0.0081,0.0436,0.7013,6.3117,4.2516,1.48455,1.231,0.155983,0.105071,0.05091192573308945,0.273643,1.5615,0.303102,0.693936,0.438719,,5.08999,-0.0000999029,-0.000679999,999,,,,,,,6.800000000000001,6.800000000000001,7,7,,,,,,,,,,,,,,,,,,,"Drake Fellows","sa3015208",666148
"Sean Sullivan","COL",0.047,0.0747,0.0624,5.19201,0.1754,0.1754,0,0,,1,4.352,1.1131,0.6116,0.57689,0.189333,0.2816,0.0029,0.0427,0.7542,6.7878,2.5344,2.67827,1.704,0.1733,0.0647059,0.10859374701976776,0.276361,1.3947,0.299519,0.693234,0.362385,,5.09231,-0.0000999029,-0.000679999,999,,,,,,,6.800000000000001,6.800000000000001,7,7,,,,,,,,,,,,,,,,,,,"Sean Sullivan","sa3023162",807743
"Abdiel Mendoza","MIL",0.0469,0.0656,0.0383,4.96674,0.4921,0.1081,0,0,,1,4.44,1.0883,0.5931,0.55186,0.149444,0.3925,0.0116,0.0577,0.6831,6.1479,3.5325,1.74038,1.345,0.153851,0.0884009,0.06545044481754303,0.272771,1.4808,0.297364,0.698109,0.450008,,5.09366,-0.0000999029,-0.000679999,999,,,,,,,6.800000000000001,6.800000000000001,7,7,,,,,,,,,,,,,,,,,,,"Abdiel Mendoza","sa916829",665959
"Nate Peterson","MIL",0.0496,0.0686,0.0572,4.90284,0.2892,0.1512,0,0,,1,4.434,1.0493,0.5824,0.54476,0.159444,0.4283,0.0061,0.0375,0.7647,6.8823,3.8547,1.78543,1.435,0.172463,0.0965945,0.07586829364299774,0.264427,1.4776,0.292326,0.713661,0.391589,,5.10726,-0.0000999029,-0.000679999,999,,,,,,,6.800000000000001,6.800000000000001,7,7,,,,,,,,,,,,,,,,,,,"Nate Peterson","sa3020804",685396
"Logan Shore","SFG",0.0478,0.0738,0.0646,5.07825,0.1754,0.1754,0,0,,1,4.409,1.0929,0.6018,0.56425,0.166111,0.3324,0.003,0.045,0.675,6.075,2.9916,2.03069,1.495,0.153096,0.0753912,0.07770469784736633,0.271083,1.4253,0.290485,0.690425,0.381431,,5.10812,-0.0000999029,-0.000679999,999,,,,,,,6.800000000000001,6.800000000000001,7,7,,,,,,,,,,,,,,,,,,,"Logan Shore","sa738442",624519
"Thomas White","MIA",0.0461,0.0756,0.0671,4.94685,0.1754,0.1754,0,0,,1,4.498,1.0557,0.5914,0.54965,0.134,0.5014,0.003,0.0498,0.7248,6.5232,4.5126,1.44555,1.206,0.161138,0.111472,0.049666523933410645,0.267482,1.5571,0.298478,0.705148,0.44268,,5.11248,-0.0000999029,-0.000679999,999,,,,,,,3.8000000000000003,3.8000000000000003,4,4,,,,,,,,,,,,,,,,,,,"Thomas White","sa3023268",806258
"Dom Hamel","NYM",0.0545,0.0668,0.0669,4.95675,0.1754,0.1754,0,0,,1,4.429,1.0195,0.5876,0.55075,0.163444,0.4374,0.003,0.0425,0.804,7.236,3.9366,1.83813,1.471,0.181531,0.0987582,0.0827726423740387,0.25816,1.4569,0.287107,0.707854,0.378271,,5.12296,-0.0000999029,-0.000679999,999,,,,,,,6.800000000000001,6.800000000000001,7,7,,,,,,,,,,,,,,,,,,,"Dom Hamel","sa3017949",687589
"Nick Hull","CHC",0.048,0.0663,0.0433,5.0022,0.4278,0.1218,0,0,,1,4.453,1.0612,0.5962,0.5558,0.147,0.4448,0.0099,0.051,0.7195,6.4755,4.0032,1.61758,1.323,0.161576,0.0998877,0.061688750982284546,0.268169,1.506,0.295791,0.699739,0.431639,,5.12588,-0.0000999029,-0.000679999,999,,,,,,,6.800000000000001,6.800000000000001,7,7,,,,,,,,,,,,,,,,,,,"Nick Hull","sa3020624",701314
"Will Bednar","SFG",0.0466,0.0686,0.0456,5.00391,0.4005,0.1275,0,0,,1,4.509,0.9789,0.5929,0.55599,0.148556,0.5339,0.0092,0.0597,0.8743,7.8687,4.8051,1.63757,1.337,0.193901,0.118408,0.0754934549331665,0.250013,1.5128,0.287064,0.705,0.367299,,5.1299,-0.0000999029,-0.000679999,999,,,,,,,3.8000000000000003,3.8000000000000003,4,4,,,,,,,,,,,,,,,,,,,"Will Bednar","sa3017844",687218
"Joe Whitman","SFG",0.0482,0.0734,0.066,5.00463,0.1754,0.1754,0,0,,1,4.492,1.0906,0.5975,0.55607,0.140889,0.4352,0.003,0.0474,0.654,5.886,3.9168,1.50276,1.268,0.145592,0.0968833,0.048708803951740265,0.272011,1.5258,0.295445,0.698729,0.428571,,5.13784,-0.0000999029,-0.000679999,999,,,,,,,6.800000000000001,6.800000000000001,7,7,,,,,,,,,,,,,,,,,,,"Joe Whitman","sa3023131",802126
"Efrain Contreras","SDP",0.0507,0.0677,0.0571,4.93362,0.2826,0.1526,0,0,,1,4.41,1.0094,0.5848,0.54818,0.162889,0.4449,0.0058,0.0489,0.8034,7.2306,4.0041,1.8058,1.466,0.182177,0.100884,0.0812925174832344,0.25775,1.4543,0.286962,0.709069,0.383221,,5.15864,-0.0000999029,-0.000679999,999,,,,,,,6.800000000000001,6.800000000000001,7,7,,,,,,,,,,,,,,,,,,,"Efrain Contreras","sa3005692",678713
"Jackson Ferris","LAD",0.0567,0.0644,0.0687,4.8663,0.1754,0.1754,0,0,,1,4.452,1.0206,0.5805,0.5407,0.153556,0.4813,0.003,0.0523,0.8021,7.2189,4.3317,1.66653,1.382,0.180166,0.108109,0.07205750048160553,0.260463,1.5019,0.292649,0.715972,0.428046,,5.1593,-0.0000999029,-0.000679999,999,,,,,,,6.800000000000001,6.800000000000001,7,7,,,,,,,,,,,,,,,,,,,"Jackson Ferris","sa3020891",701328
"Jack Wenninger","NYM",0.0526,0.0673,0.0606,5.03811,0.2282,0.1642,0,0,,1,4.467,1.0691,0.6005,0.55979,0.150778,0.4411,0.0044,0.0471,0.7136,6.4224,3.9699,1.61777,1.357,0.159749,0.0987464,0.061002910137176514,0.268699,1.5102,0.294861,0.700248,0.430874,,5.16399,-0.0000999029,-0.000679999,999,,,,,,,6.800000000000001,6.800000000000001,7,7,,,,,,,,,,,,,,,,,,,"Jack Wenninger","sa3023282",811307
"Ian Bedell","STL",0.0503,0.0707,0.0641,5.00814,0.1944,0.1714,0,0,,1,4.414,1.0538,0.5935,0.55646,0.162889,0.3897,0.0035,0.0545,0.7254,6.5286,3.5073,1.86143,1.466,0.164341,0.0882873,0.07605345547199249,0.265454,1.4435,0.289115,0.699326,0.381347,,5.16584,-0.0000999029,-0.000679999,999,,,,,,,6.800000000000001,6.800000000000001,7,7,,,,,,,,,,,,,,,,,,,"Ian Bedell","sa3014538",678016
"Blake Adams","COL",0.0435,0.0782,0.0562,5.47893,0.1829,0.1739,0,0,,1,4.412,1.1833,0.6483,0.60877,0.178444,0.2962,0.0032,0.0392,0.6632,5.9688,2.6658,2.23903,1.606,0.150317,0.0671351,0.08318222314119339,0.290266,1.4795,0.310624,0.675949,0.425521,,5.16606,-0.0000999029,-0.000679999,999,,,,,,,6.800000000000001,6.800000000000001,7,7,,,,,,,,,,,,,,,,,,,"Blake Adams","sa3020174",687060
"Chris Campos","LAD",0.0544,0.064,0.0568,4.99059,0.276,0.154,0,0,,1,4.364,1.0472,0.5899,0.55451,0.182778,0.3538,0.0056,0.0401,0.7758,6.9822,3.1842,2.19276,1.645,0.177773,0.0810724,0.0967002734541893,0.263772,1.401,0.287038,0.708315,0.370697,,5.17269,-0.0000999029,-0.000679999,999,,,,,,,6.800000000000001,6.800000000000001,7,7,,,,,,,,,,,,,,,,,,,"Chris Campos","sa3020396",702318
"Brayan Mendoza","MIA",0.0448,0.0758,0.0617,5.03856,0.2167,0.1667,0,0,,1,4.498,1.1055,0.6027,0.55984,0.135444,0.4526,0.0042,0.0514,0.633,5.697,4.0734,1.39859,1.219,0.140729,0.100622,0.040106721222400665,0.27679,1.5581,0.300741,0.698148,0.455738,,5.17326,-0.0000999029,-0.000679999,999,,,,,,,6.800000000000001,6.800000000000001,7,7,,,,,,,,,,,,,,,,,,,"Brayan Mendoza","sa3015477",694207
"T.J. Sikkema","CIN",0.05,0.0697,0.0593,5.04522,0.2389,0.1619,0,0,,1,4.447,1.1024,0.6017,0.56058,0.161,0.3787,0.0047,0.0638,0.7062,6.3558,3.4083,1.8648,1.449,0.158804,0.0851585,0.07364515215158463,0.27529,1.4811,0.300067,0.700327,0.45017,,5.17458,-0.0000999029,-0.000679999,999,,,,,,,6.800000000000001,6.800000000000001,7,7,,,,,,,,,,,,,,,,,,,"T.J. Sikkema","sa3011191",674674
"Dustin Saenz","WSN",0.0489,0.0726,0.0692,4.84101,0.1754,0.1754,0,0,,1,4.394,1.1047,0.5796,0.53789,0.149222,0.351,0.003,0.0453,0.555,4.995,3.159,1.5812,1.343,0.126309,0.0798817,0.04642694443464279,0.276334,1.4557,0.290112,0.702685,0.440907,,5.18527,-0.0000999029,-0.000679999,999,,,,,,,6.800000000000001,6.800000000000001,7,7,,,,,,,,,,,,,,,,,,,"Dustin Saenz","sa3017610",685010
"Jordan Geber","NYM",0.0517,0.0658,0.0532,5.04405,0.309,0.147,0,0,,1,4.409,1.0998,0.5994,0.56045,0.166444,0.3407,0.0066,0.0456,0.6512,5.8608,3.0663,1.91136,1.498,0.147698,0.0772738,0.0704241394996643,0.273398,1.4405,0.291214,0.696576,0.406516,,5.18676,-0.0000999029,-0.000679999,999,,,,,,,6.800000000000001,6.800000000000001,7,7,,,,,,,,,,,,,,,,,,,"Jordan Geber","sa3019958",802363
"Jared Karros","LAD",0.0552,0.066,0.0651,5.05152,0.1754,0.1754,0,0,,1,4.373,1.0581,0.5969,0.56128,0.183889,0.3545,0.003,0.0382,0.772,6.948,3.1905,2.17772,1.655,0.176538,0.0810656,0.09547221660614014,0.265834,1.4126,0.289052,0.706139,0.372691,,5.19114,-0.0000999029,-0.000679999,999,,,,,,,6.800000000000001,6.800000000000001,7,7,,,,,,,,,,,,,,,,,,,"Jared Karros","sa3020859",689042
"Moisés Chace","PHI",0.0521,0.0669,0.0597,4.9122,0.2579,0.1579,0,0,,1,4.463,0.9533,0.5835,0.5458,0.153,0.5584,0.0052,0.0527,0.8981,8.0829,5.0256,1.60835,1.377,0.201232,0.125118,0.07611474394798279,0.247488,1.5117,0.28574,0.715376,0.395174,,5.19258,-0.0000999029,-0.000679999,745.0399780273438,,,,,,,3.8000000000000003,3.8000000000000003,4,4,,,,,,,,,,,,,,,,,,,"Moises Chace","sa3015346",691330
"Felipe De La Cruz","NYM",0.055,0.0661,0.0683,4.85442,0.182,0.174,0,0,,1,4.479,1.0422,0.5806,0.53938,0.143222,0.4819,0.0032,0.0476,0.7103,6.3927,4.3371,1.47396,1.289,0.158585,0.107591,0.05099352449178696,0.263882,1.5241,0.29037,0.712835,0.432472,,5.19627,-0.0000999029,-0.000679999,999,,,,,,,6.800000000000001,6.800000000000001,7,7,,,,,,,,,,,,,,,,,,,"Felipe De La Cruz","sa3016065",700370
"Jake Bennett","WSN",0.0483,0.0733,0.068,4.8996,0.1754,0.1754,0,0,,1,4.452,1.0698,0.5861,0.5444,0.141667,0.4495,0.003,0.0463,0.6486,5.8374,4.0455,1.44294,1.275,0.145687,0.100966,0.04472147673368454,0.270411,1.5193,0.293163,0.706452,0.442908,,5.19835,-0.0000999029,-0.000679999,999,,,,,,,6.800000000000001,6.800000000000001,7,7,,,,,,,,,,,,,,,,,,,"Jake Bennett","sa3020737",687562
"Gabe Morales","SDP",0.0527,0.0687,0.0694,4.8303,0.1754,0.1754,0,0,,1,4.476,0.9956,0.577,0.5367,0.142333,0.5526,0.003,0.0419,0.8,7.2,4.9734,1.4477,1.281,0.178731,0.123458,0.05527257174253464,0.256499,1.5482,0.290309,0.719976,0.424224,,5.20031,-0.0000999029,-0.000679999,999,,,,,,,3.8000000000000003,3.8000000000000003,4,4,,,,,,,,,,,,,,,,,,,"Gabe Morales","sa3002781",672385
"Evan Fitterer","MIA",0.0443,0.0775,0.0646,5.08068,0.1754,0.1754,0,0,,1,4.541,1.0921,0.6107,0.56452,0.121667,0.5188,0.0031,0.0628,0.6428,5.7852,4.6692,1.23901,1.095,0.141555,0.114248,0.027306757867336273,0.275825,1.6109,0.303741,0.69431,0.509433,,5.20735,-0.0000999029,-0.000679999,999,,,,,,,3.8000000000000003,3.8000000000000003,4,4,,,,,,,,,,,,,,,,,,,"Evan Fitterer","sa3011433",683157
"Owen Murphy","ATL",0.0537,0.0676,0.0622,5.20245,0.1754,0.1754,0,0,,1,4.454,1.0479,0.6142,0.57805,0.168778,0.4445,0.003,0.0422,0.8057,7.2513,4.0005,1.8126,1.519,0.180894,0.0997979,0.08109565079212189,0.264134,1.4924,0.293744,0.699142,0.363374,,5.20929,-0.0000999029,-0.000679999,999,,,,,,,6.800000000000001,6.800000000000001,7,7,,,,,,,,,,,,,,,,,,,"Owen Murphy","sa3020330",702566
"Brett Wichrowski","MIL",0.0487,0.0729,0.0639,5.1129,0.1754,0.1754,0,0,,1,4.444,1.0666,0.607,0.5681,0.164667,0.4097,0.003,0.0552,0.7432,6.6888,3.6873,1.81401,1.482,0.167237,0.0921917,0.07504500448703766,0.268051,1.4763,0.293671,0.697803,0.410279,,5.21545,-0.0000999029,-0.000679999,999,,,,,,,6.800000000000001,6.800000000000001,7,7,,,,,,,,,,,,,,,,,,,"Brett Wichrowski","sa3023366",814489
"Roman Angelo","ARI",0.0501,0.0713,0.0605,5.26176,0.182,0.174,0,0,,1,4.5,1.0851,0.6251,0.58464,0.146333,0.4681,0.0032,0.0518,0.704,6.336,4.2129,1.50395,1.317,0.156444,0.104022,0.05242221802473068,0.272631,1.5532,0.299948,0.688331,0.419432,,5.22051,-0.0000999029,-0.000679999,999,,,,,,,6.800000000000001,6.800000000000001,7,7,,,,,,,,,,,,,,,,,,,"Roman Angelo","sa3022737",809109
"Ian Mejia","ATL",0.053,0.0682,0.0608,5.24637,0.182,0.174,0,0,,1,4.452,1.0999,0.6214,0.58293,0.165111,0.3947,0.0032,0.0472,0.7084,6.3756,3.5523,1.79478,1.486,0.15912,0.0886568,0.07046272605657578,0.274282,1.4946,0.298027,0.691127,0.398337,,5.22182,-0.0000999029,-0.000679999,999,,,,,,,6.800000000000001,6.800000000000001,7,7,,,,,,,,,,,,,,,,,,,"Ian Mejia","sa3019911",681256
"Cesar Perdomo","SFG",0.0458,0.0688,0.044,5.05746,0.4195,0.1235,0,0,,1,4.515,1.0906,0.6032,0.56194,0.141111,0.4588,0.0099,0.0466,0.6468,5.8212,4.1292,1.40976,1.27,0.143256,0.101617,0.04163898527622223,0.271997,1.5494,0.294718,0.699933,0.423541,,5.22352,-0.0000999029,-0.000679999,999,,,,,,,6.800000000000001,6.800000000000001,7,7,,,,,,,,,,,,,,,,,,,"Cesar Perdomo","sa3019248",702885
"Hyun-il Choi","WSN",0.0472,0.0737,0.0635,5.0184,0.1994,0.1704,0,0,,1,4.381,1.0764,0.5955,0.5576,0.168111,0.3353,0.0036,0.0604,0.654,5.886,3.0177,1.95049,1.513,0.149281,0.076535,0.07274594157934189,0.270093,1.4117,0.287143,0.693844,0.396536,,5.23102,-0.0000999029,-0.000679999,999,,,,,,,6.800000000000001,6.800000000000001,7,7,,,,,,,,,,,,,,,,,,,"Hyun-il Choi","sa3009992",683425
"Travis Sykora","WSN",0.0468,0.0749,0.0649,5.06412,0.1754,0.1754,0,0,,1,4.468,1.0327,0.6025,0.56268,0.15,0.5001,0.003,0.0429,0.7549,6.7941,4.5009,1.5095,1.35,0.168957,0.111929,0.05702774226665497,0.263108,1.5328,0.292275,0.703281,0.416928,,5.23568,-0.0000999029,-0.000679999,999,,,,,,,3.8000000000000003,3.8000000000000003,4,4,,,,,,,,,,,,,,,,,,,"Travis Sykora","sa3023557",805809
"Po-Yu Chen","PIT",0.0456,0.0757,0.0601,5.24916,0.1886,0.1726,0,0,,1,4.473,1.1325,0.6244,0.58324,0.149556,0.3867,0.0034,0.057,0.6013,5.4117,3.4803,1.55495,1.346,0.134429,0.086452,0.04797675460577011,0.281066,1.5192,0.29982,0.683146,0.431665,,5.2392,-0.0000999029,-0.000679999,999,,,,,,,6.800000000000001,6.800000000000001,7,7,,,,,,,,,,,,,,,,,,,"Po-Yu Chen","sa3014699",696040
"Logan Clayton","ARI",0.0482,0.0719,0.0543,5.38992,0.2274,0.1644,0,0,,1,4.491,1.1606,0.6408,0.59888,0.149,0.3957,0.0045,0.0451,0.5926,5.3334,3.5613,1.4976,1.341,0.131953,0.0881096,0.043843239545822144,0.286554,1.5563,0.305749,0.679305,0.439043,,5.24068,-0.0000999029,-0.000679999,999,,,,,,,6.800000000000001,6.800000000000001,7,7,,,,,,,,,,,,,,,,,,,"Logan Clayton","sa3020890",700875
"Adam Maier","ATL",0.052,0.0695,0.0603,5.30352,0.1754,0.1754,0,0,,1,4.509,1.1505,0.6331,0.58928,0.144,0.4283,0.0031,0.0469,0.6115,5.5035,3.8547,1.42774,1.296,0.135618,0.0949878,0.040629856288433075,0.285215,1.5788,0.307019,0.686683,0.470267,,5.24108,-0.0000999029,-0.000679999,999,,,,,,,6.800000000000001,6.800000000000001,7,7,,,,,,,,,,,,,,,,,,,"Adam Maier","sa3020883",683264
"Riley Frey","ATL",0.0528,0.0663,0.0566,5.15241,0.2529,0.1589,0,0,,1,4.492,1.1222,0.6142,0.57249,0.147556,0.4345,0.0052,0.0416,0.635,5.715,3.9105,1.46145,1.328,0.141362,0.0967275,0.044634900987148285,0.279439,1.5567,0.301435,0.698085,0.436388,,5.243,-0.0000999029,-0.000679999,999,,,,,,,6.800000000000001,6.800000000000001,7,7,,,,,,,,,,,,,,,,,,,"Riley Frey","sa3022909",811319
"Seth Shuman","WSN",0.0467,0.0747,0.0636,5.08491,0.1845,0.1735,0,0,,1,4.377,1.0939,0.6027,0.56499,0.172444,0.3247,0.0032,0.0497,0.6435,5.7915,2.9223,1.98183,1.552,0.147019,0.0741832,0.072835274040699,0.273297,1.4186,0.289161,0.693098,0.390529,,5.24446,-0.0000999029,-0.000679999,999,,,,,,,6.800000000000001,6.800000000000001,7,7,,,,,,,,,,,,,,,,,,,"Seth Shuman","sa3011187",670234
"JR Ritchie","ATL",0.0525,0.0685,0.0595,5.27274,0.1919,0.1719,0,0,,1,4.489,1.093,0.6257,0.58586,0.157444,0.4459,0.0035,0.0469,0.7184,6.4656,4.0131,1.61112,1.417,0.160036,0.0993317,0.060703955590724945,0.27351,1.5389,0.299823,0.692617,0.414875,,5.25486,-0.0000999029,-0.000679999,999,,,,,,,6.800000000000001,6.800000000000001,7,7,,,,,,,,,,,,,,,,,,,"JR Ritchie","sa3020395",702275
"Tyler Woessner","MIL",0.0461,0.0684,0.0416,5.12343,0.4261,0.1221,0,0,,1,4.484,1.0673,0.6098,0.56927,0.154333,0.4703,0.0098,0.0438,0.7285,6.5565,4.2327,1.54901,1.389,0.162467,0.104884,0.057582512497901917,0.268848,1.5376,0.295739,0.702063,0.430621,,5.25811,-0.0000999029,-0.000679999,999,,,,,,,6.800000000000001,6.800000000000001,7,7,,,,,,,,,,,,,,,,,,,"Tyler Woessner","sa3020171",681216
"Sean Sullivan","PIT",0.0456,0.0756,0.0585,5.28273,0.2002,0.1702,0,0,,1,4.437,1.1135,0.6241,0.58697,0.167667,0.3654,0.0037,0.0434,0.6551,5.8959,3.2886,1.79283,1.509,0.147645,0.0823529,0.0652918592095375,0.276426,1.4789,0.295072,0.687046,0.374437,,5.26235,-0.0000999029,-0.000679999,999,,,,,,,6.800000000000001,6.800000000000001,7,7,,,,,,,,,,,,,,,,,,,"Sean Sullivan","sa3018185",696155
"Darlin Saladin","STL",0.0495,0.0717,0.0635,5.06043,0.1911,0.1721,0,0,,1,4.456,1.0799,0.6032,0.56227,0.151333,0.431,0.0035,0.0454,0.6489,5.8401,3.879,1.50557,1.362,0.145624,0.0967235,0.048900358378887177,0.271359,1.5109,0.29206,0.69875,0.427378,,5.26521,-0.0000999029,-0.000679999,999,,,,,,,6.800000000000001,6.800000000000001,7,7,,,,,,,,,,,,,,,,,,,"Darlin Saladin","sa3015949",692404
"Marcos Tineo","ARI",0.0492,0.0724,0.0593,5.35392,0.1754,0.1754,0,0,,1,4.519,1.0911,0.6352,0.59488,0.148111,0.4864,0.0031,0.046,0.7117,6.4053,4.3776,1.4632,1.333,0.157491,0.107634,0.04985616356134415,0.273692,1.5775,0.301584,0.687738,0.414399,,5.26572,-0.0000999029,-0.000679999,999,,,,,,,6.800000000000001,6.800000000000001,7,7,,,,,,,,,,,,,,,,,,,"Marcos Tineo","sa3003124",673822
"Gabe Mosser","PHI",0.0508,0.0703,0.0629,5.10957,0.1878,0.1728,0,0,,1,4.392,1.1127,0.6081,0.56773,0.168333,0.3425,0.0033,0.0408,0.619,5.571,3.0825,1.8073,1.515,0.140938,0.0779827,0.06295537948608398,0.277571,1.4552,0.293157,0.69461,0.431164,,5.26671,-0.0000999029,-0.000679999,999,,,,,,,6.800000000000001,6.800000000000001,7,7,,,,,,,,,,,,,,,,,,,"Gabe Mosser","sa3006834",682077
"Adam Oller","MIA",0.0441,0.0778,0.0624,5.19318,0.1754,0.1754,0,0,,1,4.439,1.0617,0.6135,0.57702,0.171222,0.4198,0.0025,0.0441,0.7579,6.8211,3.7782,1.80538,1.541,0.170737,0.0945709,0.07616578787565231,0.267088,1.4815,0.292345,0.698992,0.369149,,5.26827,-0.0000999029,-0.000679999,999,,,,,,,6.800000000000001,6.800000000000001,7,7,,,,,,,,,,,,,,,,,,,"Adam Oller","20132",670124
"Jared Kollar","SDP",0.0502,0.0702,0.0611,5.05998,0.2167,0.1667,0,0,,1,4.358,1.0936,0.5992,0.56222,0.180333,0.3141,0.004,0.0383,0.6483,5.8347,2.8269,2.06399,1.623,0.148761,0.0720743,0.0766865536570549,0.273018,1.4077,0.287465,0.699859,0.384201,,5.27141,-0.0000999029,-0.000679999,999,,,,,,,6.800000000000001,6.800000000000001,7,7,,,,,,,,,,,,,,,,,,,"Jared Kollar","sa3020439",806577
"Brian Gonzalez","SDP",0.0503,0.0672,0.0547,4.94019,0.3131,0.1461,0,0,,1,4.441,1.0233,0.5862,0.54891,0.160667,0.465,0.0067,0.0481,0.7603,6.8427,4.185,1.63505,1.446,0.1712,0.104706,0.06649402529001236,0.260521,1.4883,0.286881,0.714045,0.383192,,5.27385,-0.0000999029,-0.000679999,999,,,,,,,6.800000000000001,6.800000000000001,7,7,,,,,,,,,,,,,,,,,,,"Brian Gonzalez","sa828794",656473
"Julian Aguiar","CIN",0.0492,0.0723,0.0621,5.2074,0.1754,0.1754,0,0,,1,4.394,1.1102,0.6177,0.5786,0.184444,0.3156,0.0044,0.0601,0.707,6.363,2.8404,2.24018,1.66,0.160901,0.0718252,0.08907601982355118,0.276286,1.4258,0.296066,0.692117,0.425833,,5.27736,-0.0000999029,-0.000679999,999,,,,,,,6.800000000000001,6.800000000000001,7,7,,,,,,,,,,,,,,,,,,,"Julian Aguiar","30031",687924
"Blane Abeyta","ATL",0.0519,0.0681,0.056,5.28525,0.2274,0.1644,0,0,,1,4.442,1.1453,0.6271,0.58725,0.166444,0.3287,0.0044,0.0604,0.6097,5.4873,2.9583,1.85488,1.498,0.137258,0.0739982,0.0632597878575325,0.282588,1.474,0.298727,0.682446,0.417287,,5.27816,-0.0000999029,-0.000679999,999,,,,,,,6.800000000000001,6.800000000000001,7,7,,,,,,,,,,,,,,,,,,,"Blane Abeyta","sa3014975",686588
"Cedric De Grandpre","ATL",0.0516,0.0693,0.0579,5.34087,0.1961,0.1711,0,0,,1,4.492,1.1338,0.6347,0.59343,0.155667,0.4144,0.0036,0.0482,0.6496,5.8464,3.7296,1.56757,1.401,0.144613,0.0922529,0.05235975980758667,0.281382,1.5482,0.303379,0.686704,0.434817,,5.27875,-0.0000999029,-0.000679999,999,,,,,,,6.800000000000001,6.800000000000001,7,7,,,,,,,,,,,,,,,,,,,"Cedric De Grandpre","sa3020315",678142
"Braden Nett","SDP",0.0507,0.0705,0.065,5.01606,0.1837,0.1737,0,0,,1,4.477,1.0117,0.5974,0.55734,0.149556,0.5309,0.0033,0.0463,0.7812,7.0308,4.7781,1.47146,1.346,0.174492,0.118584,0.055907972157001495,0.259424,1.5426,0.290378,0.708959,0.42268,,5.2799,-0.0000999029,-0.000679999,999,,,,,,,3.8000000000000003,3.8000000000000003,4,4,,,,,,,,,,,,,,,,,,,"Braden Nett","sa3020336",804556
"Miguel Cienfuegos","SDP",0.0506,0.0688,0.0609,4.93344,0.2455,0.1605,0,0,,1,4.426,1.1145,0.5905,0.54816,0.150111,0.3757,0.0048,0.0493,0.5523,4.9707,3.3813,1.47006,1.351,0.124785,0.0848848,0.03990057855844498,0.278555,1.4902,0.292364,0.702866,0.450447,,5.28832,-0.0000999029,-0.000679999,999,,,,,,,6.800000000000001,6.800000000000001,7,7,,,,,,,,,,,,,,,,,,,"Miguel Cienfuegos","sa3020816",800550
"Victor Lizarraga","SDP",0.0505,0.071,0.0649,5.06142,0.1754,0.1754,0,0,,1,4.429,1.0444,0.6007,0.56238,0.164,0.4252,0.003,0.0587,0.7301,6.5709,3.8268,1.71707,1.476,0.164845,0.0960036,0.06884171813726425,0.264733,1.4696,0.288561,0.700726,0.401417,,5.28998,-0.0000999029,-0.000679999,999,,,,,,,6.800000000000001,6.800000000000001,7,7,,,,,,,,,,,,,,,,,,,"Victor Lizarraga","sa3015220",694205
"Jose Rodriguez","LAD",0.0511,0.0633,0.0425,5.13756,0.4203,0.1233,0,0,,1,4.46,1.0546,0.6097,0.57084,0.165444,0.4597,0.0097,0.0434,0.7658,6.8922,4.1373,1.66587,1.489,0.171704,0.103072,0.06863229721784592,0.266522,1.5143,0.293872,0.705243,0.410741,,5.29496,-0.0000999029,-0.000679999,999,,,,,,,6.800000000000001,6.800000000000001,7,7,,,,,,,,,,,,,,,,,,,"Jose Rodriguez","sa3015437",692064
"Sam Benschoter","CIN",0.0468,0.0677,0.0402,5.20632,0.4261,0.1221,0,0,,1,4.448,1.0708,0.6172,0.57848,0.176444,0.4058,0.0098,0.0584,0.7787,7.0083,3.6522,1.91893,1.588,0.175067,0.091232,0.0838354229927063,0.268789,1.4766,0.295298,0.698939,0.41828,,5.29546,-0.0000999029,-0.000679999,999,,,,,,,6.800000000000001,6.800000000000001,7,7,,,,,,,,,,,,,,,,,,,"Sam Benschoter","sa3017639",680397
"Dylan Carmouche","SFG",0.0469,0.0742,0.0619,5.1273,0.1961,0.1711,0,0,,1,4.518,1.0824,0.6104,0.5697,0.146889,0.4709,0.0036,0.0424,0.6587,5.9283,4.2381,1.39881,1.322,0.145795,0.104228,0.04156707227230072,0.270282,1.5533,0.292428,0.699659,0.409861,,5.29854,-0.0000999029,-0.000679999,999,,,,,,,6.800000000000001,6.800000000000001,7,7,,,,,,,,,,,,,,,,,,,"Dylan Carmouche","sa3023412",694581
"Ike Buxton","MIA",0.0427,0.0792,0.0611,5.26149,0.1754,0.1754,0,0,,1,4.527,1.1036,0.6281,0.58461,0.140556,0.4871,0.0031,0.0527,0.6566,5.9094,4.3839,1.34798,1.265,0.145041,0.107599,0.03744201362133026,0.276786,1.5907,0.301891,0.690569,0.463776,,5.2999,-0.0000999029,-0.000679999,999,,,,,,,6.800000000000001,6.800000000000001,7,7,,,,,,,,,,,,,,,,,,,"Ike Buxton","sa3020180",702034
"Garrett Baumann","ATL",0.0516,0.0696,0.0589,5.33853,0.1837,0.1737,0,0,,1,4.498,1.1495,0.6359,0.59317,0.151778,0.4108,0.0033,0.0476,0.606,5.454,3.6972,1.47517,1.366,0.134727,0.0913295,0.04339706152677536,0.284558,1.5603,0.304015,0.685853,0.453318,,5.30279,-0.0000999029,-0.000679999,999,,,,,,,6.800000000000001,6.800000000000001,7,7,,,,,,,,,,,,,,,,,,,"Garrett Baumann","sa3023310",803833
"Avery Short","ARI",0.0499,0.0714,0.0605,5.25591,0.1829,0.1739,0,0,,1,4.502,1.1452,0.6262,0.58399,0.143889,0.4214,0.0032,0.0467,0.5683,5.1147,3.7926,1.3486,1.295,0.126233,0.0936029,0.032629936933517456,0.283894,1.5666,0.301444,0.688859,0.435025,,5.30474,-0.0000999029,-0.000679999,999,,,,,,,6.800000000000001,6.800000000000001,7,7,,,,,,,,,,,,,,,,,,,"Avery Short","sa3011712",683008
"Shane Rademacher","SFG",0.044,0.0694,0.0383,5.25069,0.4657,0.1137,0,0,,1,4.537,1.1036,0.6258,0.58341,0.143222,0.4815,0.0112,0.0401,0.6433,5.7897,4.3335,1.33603,1.289,0.14179,0.106127,0.035662323236465454,0.274842,1.5851,0.297434,0.692841,0.440656,,5.30657,-0.0000999029,-0.000679999,999,,,,,,,6.800000000000001,6.800000000000001,7,7,,,,,,,,,,,,,,,,,,,"Shane Rademacher","sa3023258",815780
"Andrew Quezada","COL",0.0414,0.0779,0.0476,5.59332,0.2653,0.1563,0,0,,1,4.495,1.2221,0.6661,0.62148,0.156667,0.3599,0.0055,0.0456,0.5559,5.0031,3.2391,1.5446,1.41,0.123671,0.0800667,0.04360400140285492,0.298838,1.582,0.315503,0.672138,0.488296,,5.30785,-0.0000999029,-0.000679999,999,,,,,,,6.800000000000001,6.800000000000001,7,7,,,,,,,,,,,,,,,,,,,"Andrew Quezada","sa3009858",676768
"Carlson Reed","PIT",0.045,0.0768,0.0603,5.30361,0.1754,0.1754,0,0,,1,4.55,1.0936,0.6321,0.58929,0.136444,0.5282,0.0031,0.0453,0.6742,6.0678,4.7538,1.27641,1.228,0.148176,0.116088,0.03208792209625244,0.275016,1.6218,0.302337,0.691722,0.448756,,5.31236,-0.0000999029,-0.000679999,999,,,,,,,3.8000000000000003,3.8000000000000003,4,4,,,,,,,,,,,,,,,,,,,"Carlson Reed","sa3022793",694788
"Justin Jarvis","LAD",0.0513,0.0637,0.0434,5.1462,0.3972,0.1282,0,0,,1,4.396,1.0584,0.6069,0.5718,0.187556,0.376,0.0089,0.0388,0.7643,6.8787,3.384,2.03271,1.688,0.173863,0.0855323,0.08833030611276627,0.26585,1.4344,0.28747,0.706165,0.36079,,5.3205,-0.0000999029,-0.000679999,999,,,,,,,6.800000000000001,6.800000000000001,7,7,,,,,,,,,,,,,,,,,,,"Justin Jarvis","sa3007775",680691
"Nick Dombkowski","PIT",0.0451,0.0711,0.0459,5.19003,0.3659,0.1349,0,0,,1,4.464,1.098,0.6138,0.57667,0.160667,0.4143,0.0082,0.0386,0.6453,5.8077,3.7287,1.55757,1.446,0.144556,0.0928091,0.05174729973077774,0.27374,1.5123,0.292448,0.697936,0.365423,,5.32325,-0.0000999029,-0.000679999,999,,,,,,,6.800000000000001,6.800000000000001,7,7,,,,,,,,,,,,,,,,,,,"Nick Dombkowski","sa3017201",694298
"Austin Love","STL",0.0482,0.0734,0.0624,5.19273,0.1754,0.1754,0,0,,1,4.488,1.0963,0.6184,0.57697,0.150556,0.4504,0.003,0.0473,0.6428,5.7852,4.0536,1.42718,1.355,0.143226,0.100357,0.04286988079547882,0.274741,1.5467,0.295828,0.694876,0.432398,,5.3312,-0.0000999029,-0.000679999,999,,,,,,,6.800000000000001,6.800000000000001,7,7,,,,,,,,,,,,,,,,,,,"Austin Love","sa3017609",676153
"Christian Romero","LAD",0.052,0.0659,0.0523,5.16078,0.2983,0.1493,0,0,,1,4.452,1.1193,0.6155,0.57342,0.160222,0.3801,0.0064,0.0606,0.618,5.562,3.4209,1.62589,1.442,0.138814,0.0853774,0.05343664437532425,0.279037,1.4994,0.296645,0.693207,0.456319,,5.33547,-0.0000999029,-0.000679999,999,,,,,,,6.800000000000001,6.800000000000001,7,7,,,,,,,,,,,,,,,,,,,"Christian Romero","sa3016260",699071
"Chris Kachmar","CHC",0.0485,0.0715,0.0576,5.19354,0.2282,0.1642,0,0,,1,4.412,1.057,0.6125,0.57706,0.179889,0.3843,0.0044,0.0492,0.7303,6.5727,3.4587,1.90034,1.619,0.165526,0.0871034,0.07842248678207397,0.265678,1.4413,0.285861,0.696789,0.351246,,5.34494,-0.0000999029,-0.000679999,999,,,,,,,6.800000000000001,6.800000000000001,7,7,,,,,,,,,,,,,,,,,,,"Chris Kachmar","sa1170503",690148
"Derek Diamond","PIT",0.0442,0.0768,0.0561,5.3802,0.2084,0.1684,0,0,,1,4.468,1.1786,0.6395,0.5978,0.157444,0.3523,0.0039,0.0404,0.5207,4.6863,3.1707,1.478,1.417,0.11654,0.0788496,0.037690237164497375,0.289206,1.5309,0.300591,0.68021,0.430688,,5.34996,-0.0000999029,-0.000679999,999,,,,,,,6.800000000000001,6.800000000000001,7,7,,,,,,,,,,,,,,,,,,,"Derek Diamond","sa3020470",682981
"Zach Thornton","NYM",0.0518,0.0665,0.0561,5.04576,0.2826,0.1526,0,0,,1,4.508,1.1086,0.6039,0.56064,0.143889,0.4457,0.0061,0.0524,0.5832,5.2488,4.0113,1.3085,1.295,0.12937,0.0988687,0.03050132840871811,0.276466,1.5543,0.293867,0.702514,0.451806,,5.36494,-0.0000999029,-0.000679999,999,,,,,,,6.800000000000001,6.800000000000001,7,7,,,,,,,,,,,,,,,,,,,"Zach Thornton","sa3023505",804267
"Jay Groome","SDP",0.0511,0.0704,0.0661,5.0004,0.1754,0.1754,0,0,,1,4.466,1.0218,0.5941,0.5556,0.158444,0.4993,0.003,0.0471,0.7502,6.7518,4.4937,1.5025,1.426,0.16798,0.1118,0.056180015206336975,0.26069,1.5211,0.286738,0.713473,0.394108,,5.36506,-0.0000999029,-0.000679999,999,,,,,,,6.800000000000001,6.800000000000001,7,7,,,,,,,,,,,,,,,,,,,"Jay Groome","sa917925",666130
"Joe Elbis","ARI",0.0484,0.0732,0.0579,5.4252,0.1754,0.1754,0,0,,1,4.494,1.1349,0.6435,0.6028,0.156444,0.4101,0.003,0.0528,0.6095,5.4855,3.6909,1.48622,1.408,0.135625,0.091255,0.04437026381492615,0.281536,1.545,0.299666,0.679876,0.416407,,5.36996,-0.0000999029,-0.000679999,999,,,,,,,6.800000000000001,6.800000000000001,7,7,,,,,,,,,,,,,,,,,,,"Joe Elbis","sa3015216",692544
"Braeden Fausnaught","PHI",0.0514,0.0699,0.0641,5.07357,0.182,0.174,0,0,,1,4.434,1.0711,0.6027,0.56373,0.165667,0.4217,0.0032,0.0403,0.6668,6.0012,3.7953,1.58122,1.491,0.150383,0.095106,0.05527741461992264,0.269663,1.4928,0.288397,0.705943,0.399162,,5.37255,-0.0000999029,-0.000679999,999,,,,,,,6.800000000000001,6.800000000000001,7,7,,,,,,,,,,,,,,,,,,,"Braeden Fausnaught","sa3020598",805634
"Alec Gamboa","LAD",0.0526,0.0654,0.0537,5.08752,0.2934,0.1504,0,0,,1,4.482,1.0948,0.6075,0.56528,0.155,0.4593,0.0062,0.0395,0.6519,5.8671,4.1337,1.41933,1.395,0.145448,0.102477,0.04297187924385071,0.274854,1.5541,0.295879,0.70795,0.44935,,5.37408,-0.0000999029,-0.000679999,999,,,,,,,6.800000000000001,6.800000000000001,7,7,,,,,,,,,,,,,,,,,,,"Alec Gamboa","sa3011249",687941
"Emmett Olson","MIA",0.043,0.079,0.0613,5.24925,0.1754,0.1754,0,0,,1,4.521,1.1227,0.6256,0.58325,0.145556,0.4615,0.0031,0.0447,0.6014,5.4126,4.1535,1.30314,1.31,0.133024,0.102079,0.030944496393203735,0.27964,1.5842,0.299018,0.694425,0.436659,,5.3745,-0.0000999029,-0.000679999,999,,,,,,,6.800000000000001,6.800000000000001,7,7,,,,,,,,,,,,,,,,,,,"Emmett Olson","sa3023223",801207
"Michael Baird","COL",0.0423,0.0779,0.0492,5.61753,0.2389,0.1619,0,0,,1,4.413,1.1356,0.6586,0.62417,0.202111,0.32,0.0047,0.0427,0.7534,6.7806,2.88,2.35438,1.819,0.170723,0.072513,0.09820984303951263,0.280374,1.4556,0.301632,0.67966,0.347997,,5.37522,-0.0000999029,-0.000679999,999,,,,,,,6.800000000000001,6.800000000000001,7,7,,,,,,,,,,,,,,,,,,,"Michael Baird","sa3006810",676438
"Jaxon Wiggins","CHC",0.0478,0.0739,0.0611,5.25996,0.1754,0.1754,0,0,,1,4.527,1.0733,0.6269,0.58444,0.146111,0.5261,0.0031,0.0432,0.6946,6.2514,4.7349,1.32028,1.315,0.153435,0.116214,0.037221118807792664,0.271193,1.5994,0.297463,0.69721,0.444667,,5.38462,-0.0000999029,-0.000679999,999,,,,,,,3.8000000000000003,3.8000000000000003,4,4,,,,,,,,,,,,,,,,,,,"Jaxon Wiggins","sa3023635",694393
"Ricardo Yan","ARI",0.0481,0.0735,0.0578,5.43195,0.1754,0.1754,0,0,,1,4.6,1.088,0.6471,0.60355,0.131889,0.5712,0.0031,0.0665,0.6985,6.2865,5.1408,1.22286,1.187,0.151848,0.124174,0.027673907577991486,0.274588,1.6592,0.30528,0.686376,0.45864,,5.39714,-0.0000999029,-0.000679999,999,,,,,,,3.8000000000000003,3.8000000000000003,4,4,,,,,,,,,,,,,,,,,,,"Ricardo Yan","sa3016056",700282
"Orlando Ortiz-Mayr","MIA",0.0419,0.0798,0.0583,5.34366,0.1886,0.1726,0,0,,1,4.504,1.1331,0.6365,0.59374,0.151667,0.4209,0.0034,0.0602,0.592,5.328,3.7881,1.40651,1.365,0.131439,0.0934503,0.03798845410346985,0.281662,1.554,0.299287,0.683851,0.451268,,5.39745,-0.0000999029,-0.000679999,999,,,,,,,6.800000000000001,6.800000000000001,7,7,,,,,,,,,,,,,,,,,,,"Orlando Ortiz-Mayr","sa3018181",689508
"Konnor Ash","PHI",0.0476,0.0661,0.0387,5.19372,0.45,0.117,0,0,,1,4.478,1.0233,0.615,0.57708,0.165111,0.5188,0.0105,0.0369,0.7894,7.1046,4.6692,1.52159,1.486,0.176284,0.115855,0.06042875349521637,0.260893,1.5421,0.289168,0.7072,0.390163,,5.40122,-0.0000999029,-0.000679999,999,,,,,,,3.8000000000000003,3.8000000000000003,4,4,,,,,,,,,,,,,,,,,,,"Konnor Ash","sa3017503",680089
"Jackson Wolf","SDP",0.0508,0.0706,0.0654,5.03586,0.1754,0.1754,0,0,,1,4.429,1.0494,0.5969,0.55954,0.169444,0.4277,0.003,0.0453,0.6918,6.2262,3.8493,1.61749,1.525,0.156198,0.0965681,0.05962970852851868,0.265268,1.4771,0.284338,0.709909,0.378257,,5.40466,-0.0000999029,-0.000679999,999,,,,,,,6.800000000000001,6.800000000000001,7,7,,,,,,,,,,,,,,,,,,,"Jackson Wolf","29832",680232
"Alessandro Ercolani","PIT",0.0433,0.0725,0.0422,5.37651,0.3816,0.1316,0,0,,1,4.531,1.0849,0.6368,0.59739,0.153111,0.502,0.0088,0.0426,0.6891,6.2019,4.518,1.37271,1.378,0.152086,0.110792,0.041293323040008545,0.27215,1.5869,0.296353,0.692218,0.397544,,5.41252,-0.0000999029,-0.000679999,999,,,,,,,3.8000000000000003,3.8000000000000003,4,4,,,,,,,,,,,,,,,,,,,"Alessandro Ercolani","sa3016714",700344
"Manuel Mercedes","SFG",0.0442,0.0774,0.0594,5.32107,0.182,0.174,0,0,,1,4.607,1.1665,0.6404,0.59123,0.118444,0.5117,0.0033,0.055,0.4968,4.4712,4.6053,0.970881,1.066,0.107836,0.11107,-0.0032342076301574707,0.288716,1.6782,0.305997,0.686204,0.533543,,5.41276,-0.0000999029,-0.000679999,999,,,,,,,1.8000000000000003,1.8000000000000003,2,2,,,,,,,,,,,,,,,,,,,"Manuel Mercedes","sa3015214",692352
"Brycen Mautz","STL",0.0488,0.0728,0.0635,5.13738,0.1754,0.1754,0,0,,1,4.511,1.0878,0.612,0.57082,0.148,0.4725,0.0031,0.054,0.6271,5.6439,4.2525,1.3272,1.332,0.139016,0.104744,0.03427177667617798,0.273008,1.5603,0.292827,0.700835,0.42038,,5.41578,-0.0000999029,-0.000679999,999,,,,,,,6.800000000000001,6.800000000000001,7,7,,,,,,,,,,,,,,,,,,,"Brycen Mautz","sa3020710",802408
"Blake Burkhalter","ATL",0.0509,0.0705,0.0576,5.44311,0.1754,0.1754,0,0,,1,4.482,1.1297,0.6441,0.60479,0.171,0.4021,0.003,0.0432,0.6477,5.8293,3.6189,1.61079,1.539,0.144511,0.0897144,0.0547969713807106,0.279857,1.5318,0.297918,0.686862,0.399923,,5.42998,-0.0000999029,-0.000679999,999,,,,,,,6.800000000000001,6.800000000000001,7,7,,,,,,,,,,,,,,,,,,,"Blake Burkhalter","sa3020382",686628
"Daniel Nunez","ARI",0.0461,0.0704,0.0427,5.54157,0.3535,0.1375,0,0,,1,4.544,1.1391,0.657,0.61573,0.152444,0.4655,0.0081,0.0468,0.6215,5.5935,4.1895,1.33512,1.372,0.136774,0.102443,0.03433098644018173,0.282536,1.6046,0.302864,0.681149,0.420436,,5.44216,-0.0000999029,-0.000679999,999,,,,,,,6.800000000000001,6.800000000000001,7,7,,,,,,,,,,,,,,,,,,,"Daniel Nunez","sa3023597",805982
"Chen-Wei Lin","STL",0.0475,0.0742,0.0613,5.25168,0.1754,0.1754,0,0,,1,4.521,1.1052,0.6268,0.58352,0.146,0.4786,0.0031,0.0506,0.5994,5.3946,4.3074,1.2524,1.314,0.132581,0.105862,0.026719756424427032,0.276868,1.5838,0.295466,0.69378,0.4514,,5.45328,-0.0000999029,-0.000679999,999,,,,,,,6.800000000000001,6.800000000000001,7,7,,,,,,,,,,,,,,,,,,,"Chen-Wei Lin","sa3022876",813820
"Justin Bullock","MIL",0.0464,0.0753,0.0594,5.34924,0.1754,0.1754,0,0,,1,4.423,1.1096,0.631,0.59436,0.190778,0.3469,0.003,0.0405,0.6744,6.0696,3.1221,1.94408,1.717,0.152476,0.0784309,0.07404477149248123,0.274953,1.4565,0.289811,0.694041,0.370333,,5.45999,-0.0000999029,-0.000679999,999,,,,,,,6.800000000000001,6.800000000000001,7,7,,,,,,,,,,,,,,,,,,,"Justin Bullock","sa3005213",668908
"Brian Fitzpatrick","MIL",0.046,0.0692,0.0437,5.20641,0.3989,0.1279,0,0,,1,4.518,1.0731,0.6176,0.57849,0.161444,0.4884,0.0092,0.0456,0.7012,6.3108,4.3956,1.43571,1.453,0.155201,0.108101,0.0471004918217659,0.269352,1.5615,0.29207,0.706788,0.396537,,5.46486,-0.0000999029,-0.000679999,999,,,,,,,6.800000000000001,6.800000000000001,7,7,,,,,,,,,,,,,,,,,,,"Brian Fitzpatrick","sa3020265",702153
"Cory Wall","ATL",0.0485,0.0658,0.038,5.46021,0.4261,0.1221,0,0,,1,4.511,1.1129,0.6455,0.60669,0.167889,0.4454,0.01,0.0452,0.6763,6.0867,4.0086,1.51841,1.511,0.149922,0.0987364,0.051185980439186096,0.276813,1.5583,0.297528,0.689814,0.393321,,5.46824,-0.0000999029,-0.000679999,999,,,,,,,6.800000000000001,6.800000000000001,7,7,,,,,,,,,,,,,,,,,,,"Cory Wall","sa3022944",696505
"Cale Lansville","SFG",0.0432,0.0768,0.0529,5.44059,0.2381,0.1621,0,0,,1,4.553,1.152,0.6486,0.60451,0.147556,0.4464,0.0048,0.0484,0.5497,4.9473,4.0176,1.23141,1.328,0.120734,0.0980452,0.02268834412097931,0.28387,1.5984,0.298858,0.682415,0.455287,,5.4697,-0.0000999029,-0.000679999,999,,,,,,,6.800000000000001,6.800000000000001,7,7,,,,,,,,,,,,,,,,,,,"Cale Lansville","sa3023176",695746
"Austin Troesser","NYM",0.0494,0.0693,0.0516,5.33511,0.2769,0.1539,0,0,,1,4.533,1.0711,0.6328,0.59279,0.161,0.5052,0.0059,0.0429,0.7133,6.4197,4.5468,1.41192,1.449,0.157357,0.111449,0.04590778052806854,0.26879,1.5763,0.29258,0.698423,0.405544,,5.47718,-0.0000999029,-0.000679999,999,,,,,,,3.8000000000000003,3.8000000000000003,4,4,,,,,,,,,,,,,,,,,,,"Austin Troesser","sa3023281",809340
"Didier Fuentes","ATL",0.0503,0.0709,0.0557,5.50008,0.1853,0.1733,0,0,,1,4.527,1.1022,0.6503,0.61112,0.166667,0.4747,0.0033,0.0439,0.7052,6.3468,4.2723,1.48557,1.5,0.155776,0.10486,0.050916723906993866,0.274973,1.5769,0.29827,0.689657,0.395336,,5.47855,-0.0000999029,-0.000679999,999,,,,,,,6.800000000000001,6.800000000000001,7,7,,,,,,,,,,,,,,,,,,,"Didier Fuentes","sa3018841",800311
"Mark Manfredi","MIL",0.0463,0.0705,0.0476,5.20704,0.3494,0.1384,0,0,,1,4.569,1.0409,0.6188,0.57856,0.151,0.5695,0.0079,0.0563,0.7635,6.8715,5.1255,1.34065,1.359,0.167104,0.124644,0.04246005415916443,0.263973,1.6104,0.293822,0.708792,0.40987,,5.47988,-0.0000999029,-0.000679999,999,,,,,,,3.8000000000000003,3.8000000000000003,4,4,,,,,,,,,,,,,,,,,,,"Mark Manfredi","sa3023516",815081
"Mitch Neunborn","PHI",0.0479,0.0686,0.0451,5.27571,0.3577,0.1367,0,0,,1,4.436,1.0429,0.6218,0.58619,0.183889,0.4345,0.008,0.0459,0.7569,6.8121,3.9105,1.742,1.655,0.170627,0.0979486,0.0726780891418457,0.263652,1.4774,0.28493,0.701337,0.356798,,5.48444,-0.0000999029,-0.000679999,999,,,,,,,6.800000000000001,6.800000000000001,7,7,,,,,,,,,,,,,,,,,,,"Mitch Neunborn","sa3021722",666748
"Grant Kipp","CHC",0.0458,0.0743,0.0536,5.41062,0.2315,0.1635,0,0,,1,4.524,1.1146,0.6432,0.60118,0.155778,0.4692,0.0047,0.0507,0.6307,5.6763,4.2228,1.3442,1.402,0.139412,0.103714,0.03569849580526352,0.278365,1.5838,0.297991,0.688725,0.435642,,5.48989,-0.0000999029,-0.000679999,999,,,,,,,6.800000000000001,6.800000000000001,7,7,,,,,,,,,,,,,,,,,,,"Grant Kipp","sa3020185",805990
"Calvin Ziegler","NYM",0.0507,0.0708,0.0601,5.30991,0.1754,0.1754,0,0,,1,4.548,1.0198,0.6284,0.58999,0.162778,0.5604,0.0031,0.0463,0.8034,7.2306,5.0436,1.43362,1.465,0.176649,0.123219,0.05343007296323776,0.258747,1.5802,0.288063,0.703832,0.379617,,5.49589,-0.0000999029,-0.000679999,999,,,,,,,3.8000000000000003,3.8000000000000003,4,4,,,,,,,,,,,,,,,,,,,"Calvin Ziegler","sa3018142",683349
"Jose Cabrera","ARI",0.0466,0.0751,0.0549,5.58144,0.1754,0.1754,0,0,,1,4.55,1.1586,0.663,0.62016,0.150111,0.4527,0.0031,0.0537,0.5688,5.1192,4.0743,1.25646,1.351,0.125011,0.0994945,0.025516480207443237,0.286527,1.6113,0.303333,0.676804,0.441065,,5.49952,-0.0000999029,-0.000679999,999,,,,,,,6.800000000000001,6.800000000000001,7,7,,,,,,,,,,,,,,,,,,,"Jose Cabrera","sa3018042",703615
"Jamison Hill","ARI",0.046,0.0712,0.0431,5.54121,0.3313,0.1423,0,0,,1,4.529,1.1138,0.6548,0.61569,0.161444,0.4595,0.0073,0.0535,0.6519,5.8671,4.1355,1.41872,1.453,0.143939,0.101457,0.04248178005218506,0.277341,1.5733,0.297364,0.681745,0.389703,,5.50046,-0.0000999029,-0.000679999,999,,,,,,,6.800000000000001,6.800000000000001,7,7,,,,,,,,,,,,,,,,,,,"Jamison Hill","sa3017935",695318
"Michael Cuevas","WSN",0.0436,0.0749,0.0507,5.26977,0.2934,0.1504,0,0,,1,4.497,1.1089,0.6283,0.58553,0.151444,0.4473,0.0062,0.058,0.5751,5.1759,4.0257,1.28571,1.363,0.127885,0.0994663,0.028418950736522675,0.277801,1.5562,0.293234,0.69031,0.449912,,5.50096,-0.0000999029,-0.000679999,999,,,,,,,6.800000000000001,6.800000000000001,7,7,,,,,,,,,,,,,,,,,,,"Michael Cuevas","sa3011437",689821
"Eric Yost","SDP",0.0471,0.0731,0.056,5.30496,0.2274,0.1644,0,0,,1,4.499,1.1324,0.6332,0.58944,0.152111,0.4431,0.0045,0.0484,0.5585,5.0265,3.9879,1.26044,1.369,0.124139,0.0984886,0.025650136172771454,0.28257,1.5755,0.297338,0.691574,0.464772,,5.50142,-0.0000999029,-0.000679999,999,,,,,,,6.800000000000001,6.800000000000001,7,7,,,,,,,,,,,,,,,,,,,"Eric Yost","sa3022858",801293
"Gabriel Barbosa","PHI",0.0483,0.0724,0.0577,5.29983,0.2068,0.1688,0,0,,1,4.478,1.1376,0.6329,0.58887,0.156444,0.4143,0.0039,0.0493,0.5444,4.8996,3.7287,1.31402,1.408,0.121572,0.092519,0.02905314415693283,0.28338,1.5519,0.296104,0.689486,0.469654,,5.50226,-0.0000999029,-0.000679999,999,,,,,,,6.800000000000001,6.800000000000001,7,7,,,,,,,,,,,,,,,,,,,"Gabriel Barbosa","sa3009593",682858
"Chris McMahon","COL",0.0403,0.0817,0.0504,5.81319,0.1754,0.1754,0,0,,1,4.462,1.1851,0.6835,0.64591,0.196111,0.3306,0.003,0.0462,0.6692,6.0228,2.9754,2.0242,1.765,0.149978,0.0740923,0.07588525861501694,0.290096,1.5157,0.30715,0.67051,0.386546,,5.50792,-0.0000999029,-0.000679999,999,,,,,,,6.800000000000001,6.800000000000001,7,7,,,,,,,,,,,,,,,,,,,"Chris McMahon","sa3014429",675657
"Connor Van Scoyoc","COL",0.04,0.0818,0.0505,5.77872,0.1829,0.1739,0,0,,1,4.53,1.2198,0.6864,0.64208,0.163667,0.3895,0.0032,0.0532,0.5531,4.9779,3.5055,1.42003,1.473,0.122097,0.0859823,0.036114782094955444,0.298437,1.6093,0.313343,0.668687,0.476289,,5.51605,-0.0000999029,-0.000679999,999,,,,,,,6.800000000000001,6.800000000000001,7,7,,,,,,,,,,,,,,,,,,,"Connor Van Scoyoc","sa3010243",681854
"Jack Mahoney","COL",0.0398,0.082,0.0501,5.80518,0.182,0.174,0,0,,1,4.529,1.216,0.6887,0.64502,0.166667,0.3976,0.0032,0.0455,0.5729,5.1561,3.5784,1.4409,1.5,0.126496,0.0877898,0.038706108927726746,0.297609,1.6136,0.313577,0.670088,0.466737,,5.51665,-0.0000999029,-0.000679999,999,,,,,,,6.800000000000001,6.800000000000001,7,7,,,,,,,,,,,,,,,,,,,"Jack Mahoney","sa3023157",694968
"Wilkin Paredes","ARI",0.0467,0.0732,0.0511,5.52915,0.2389,0.1619,0,0,,1,4.562,1.1803,0.6575,0.61435,0.145889,0.4544,0.0049,0.0451,0.5216,4.6944,4.0896,1.14789,1.313,0.114336,0.0996054,0.014730386435985565,0.290535,1.6347,0.304686,0.683139,0.438043,,5.51834,-0.0000999029,-0.000679999,999,,,,,,,6.800000000000001,6.800000000000001,7,7,,,,,,,,,,,,,,,,,,,"Wilkin Paredes","sa3020998",808051
"Drew Parrish","CIN",0.0476,0.0715,0.0525,5.29128,0.2653,0.1563,0,0,,1,4.426,1.1009,0.6249,0.58792,0.195556,0.3602,0.0054,0.04,0.6953,6.2577,3.2418,1.93032,1.76,0.157094,0.0813827,0.0757116973400116,0.273461,1.4611,0.288791,0.704274,0.376436,,5.5187,-0.0000999029,-0.000679999,999,,,,,,,6.800000000000001,6.800000000000001,7,7,,,,,,,,,,,,,,,,,,,"Drew Parrish","sa3011395",669283
"Michael Prosecky","COL",0.041,0.0806,0.0512,5.71122,0.1903,0.1723,0,0,,1,4.561,1.141,0.6753,0.63458,0.167889,0.4836,0.0035,0.0536,0.7063,6.3567,4.3524,1.4605,1.511,0.154856,0.106029,0.04882701486349106,0.283563,1.6246,0.308962,0.683168,0.420933,,5.54804,-0.0000999029,-0.000679999,999,,,,,,,6.800000000000001,6.800000000000001,7,7,,,,,,,,,,,,,,,,,,,"Michael Prosecky","sa3020526",687087
"Hayden Wynja","SFG",0.0447,0.0756,0.0547,5.34987,0.2315,0.1635,0,0,,1,4.528,1.0829,0.632,0.59443,0.166889,0.4558,0.0047,0.05,0.6525,5.8725,4.1022,1.43155,1.502,0.144103,0.100663,0.0434408038854599,0.269231,1.5387,0.286002,0.69476,0.354554,,5.54844,-0.0000999029,-0.000679999,999,,,,,,,6.800000000000001,6.800000000000001,7,7,,,,,,,,,,,,,,,,,,,"Hayden Wynja","sa3020464",676883
"M.D. Johnson","MIA",0.041,0.081,0.057,5.47002,0.1754,0.1754,0,0,,1,4.484,1.1188,0.6467,0.60778,0.174556,0.3948,0.003,0.0588,0.6222,5.5998,3.5532,1.57599,1.571,0.13876,0.0880464,0.05071364343166351,0.27759,1.5136,0.292006,0.683017,0.390868,,5.5521,-0.0000999029,-0.000679999,999,,,,,,,6.800000000000001,6.800000000000001,7,7,,,,,,,,,,,,,,,,,,,"M.D. Johnson","sa3010364",668724
"Jace Kaminska","COL",0.0392,0.0827,0.0483,5.88627,0.1853,0.1733,0,0,,1,4.529,1.2009,0.6955,0.65403,0.177444,0.4016,0.0033,0.0458,0.6238,5.6142,3.6144,1.55329,1.597,0.137735,0.088673,0.0490616038441658,0.294223,1.6025,0.311995,0.669829,0.435567,,5.56786,-0.0000999029,-0.000679999,999,,,,,,,6.800000000000001,6.800000000000001,7,7,,,,,,,,,,,,,,,,,,,"Jace Kaminska","sa3023222",700978
"Cameron Wagoner","MIL",0.0448,0.0766,0.0563,5.44698,0.1903,0.1723,0,0,,1,4.518,1.1294,0.6473,0.60522,0.165778,0.4331,0.0035,0.056,0.6062,5.4558,3.8979,1.39968,1.492,0.134174,0.095861,0.03831341117620468,0.280325,1.5625,0.295869,0.687908,0.437606,,5.57649,-0.0000999029,-0.000679999,999,,,,,,,6.800000000000001,6.800000000000001,7,7,,,,,,,,,,,,,,,,,,,"Cameron Wagoner","sa3019952",687726
"Douglas Orellana","NYM",0.0498,0.0699,0.0541,5.32692,0.2431,0.1611,0,0,,1,4.546,1.0329,0.6311,0.59188,0.163778,0.5509,0.0049,0.0442,0.7504,6.7536,4.9581,1.36213,1.474,0.165068,0.121183,0.04388473927974701,0.261434,1.5838,0.286204,0.703353,0.388209,,5.58009,-0.0000999029,-0.000679999,999,,,,,,,3.8000000000000003,3.8000000000000003,4,4,,,,,,,,,,,,,,,,,,,"Douglas Orellana","sa3016817",702878
"Caden Grice","ARI",0.0469,0.0744,0.0545,5.54256,0.1903,0.1723,0,0,,1,4.637,1.101,0.6585,0.61584,0.137889,0.6018,0.0036,0.0547,0.6734,6.0606,5.4162,1.11898,1.241,0.145223,0.129782,0.015441015362739563,0.276598,1.7028,0.303896,0.691701,0.431035,,5.58174,-0.0000999029,-0.000679999,999,,,,,,,3.8000000000000003,3.8000000000000003,4,4,,,,,,,,,,,,,,,,,,,"Caden Grice","sa3023166",694364
"Ixan Henderson","STL",0.0469,0.0735,0.0566,5.28975,0.2233,0.1653,0,0,,1,4.544,1.0954,0.6289,0.58775,0.152,0.5053,0.0044,0.0475,0.6086,5.4774,4.5477,1.20443,1.368,0.133935,0.111202,0.022733278572559357,0.274454,1.6007,0.29202,0.700195,0.412372,,5.58368,-0.0000999029,-0.000679999,999,,,,,,,3.8000000000000003,3.8000000000000003,4,4,,,,,,,,,,,,,,,,,,,"Ixan Henderson","sa3022953",809100
"Inohan Paniagua","STL",0.0458,0.0748,0.0551,5.39856,0.215,0.167,0,0,,1,4.55,1.0935,0.6414,0.59984,0.153667,0.4878,0.0041,0.0753,0.6333,5.6997,4.3902,1.29828,1.383,0.139187,0.107209,0.031978026032447815,0.274273,1.5813,0.293704,0.687983,0.425381,,5.58685,-0.0000999029,-0.000679999,999,,,,,,,6.800000000000001,6.800000000000001,7,7,,,,,,,,,,,,,,,,,,,"Inohan Paniagua","sa3006417",681644
"Sam Whiting","SDP",0.0471,0.0735,0.0562,5.36013,0.2109,0.1679,0,0,,1,4.481,1.0732,0.6342,0.59557,0.173556,0.4588,0.004,0.0502,0.6803,6.1227,4.1292,1.48278,1.562,0.151819,0.102388,0.04943093657493591,0.270191,1.532,0.288519,0.696497,0.391123,,5.5891,-0.0000999029,-0.000679999,999,,,,,,,6.800000000000001,6.800000000000001,7,7,,,,,,,,,,,,,,,,,,,"Sam Whiting","sa3023078",688519
"Jose Atencio","WSN",0.0434,0.078,0.0579,5.35824,0.1911,0.1721,0,0,,1,4.473,1.1494,0.6384,0.59536,0.161778,0.3896,0.0035,0.0477,0.4936,4.4424,3.5064,1.26694,1.456,0.110351,0.0871004,0.02325061708688736,0.284808,1.539,0.292168,0.686166,0.445917,,5.59429,-0.0000999029,-0.000679999,999,,,,,,,4.800000000000001,4.800000000000001,5,5,,,,,,,,,,,,,,,,,,,"Jose Atencio","sa3010304",682719
"Nick Dean","CHC",0.0452,0.075,0.0519,5.50773,0.2323,0.1633,0,0,,1,4.497,1.1269,0.6518,0.61197,0.172778,0.4255,0.0046,0.0424,0.61,5.49,3.8295,1.43361,1.555,0.135646,0.0946186,0.04102735221385956,0.27969,1.5524,0.293909,0.687213,0.401006,,5.59629,-0.0000999029,-0.000679999,999,,,,,,,6.800000000000001,6.800000000000001,7,7,,,,,,,,,,,,,,,,,,,"Nick Dean","sa3023506",686953
"Luis Vargas","ATL",0.0484,0.0707,0.0477,5.60655,0.2604,0.1574,0,0,,1,4.548,1.1156,0.6625,0.62295,0.169111,0.483,0.0055,0.0455,0.6735,6.0615,4.347,1.39441,1.522,0.148087,0.106201,0.04188653826713562,0.277547,1.5986,0.297929,0.687377,0.395933,,5.60342,-0.0000999029,-0.000679999,999,,,,,,,6.800000000000001,6.800000000000001,7,7,,,,,,,,,,,,,,,,,,,"Luis Vargas","sa3009592",682855
"Jacob Steinmetz","ARI",0.0454,0.0763,0.0527,5.6961,0.1754,0.1754,0,0,,1,4.598,1.1454,0.676,0.6329,0.148444,0.5125,0.0031,0.0587,0.5921,5.3289,4.6125,1.15532,1.336,0.128773,0.111461,0.017311878502368927,0.284444,1.6579,0.303371,0.677136,0.440066,,5.62566,-0.0000999029,-0.000679999,999,,,,,,,3.8000000000000003,3.8000000000000003,4,4,,,,,,,,,,,,,,,,,,,"Jacob Steinmetz","sa3017976",700255
"Gerelmi Maldonado","SFG",0.0422,0.0789,0.0529,5.57019,0.2051,0.1691,0,0,,1,4.626,1.0951,0.6619,0.61891,0.147,0.571,0.004,0.053,0.6605,5.9445,5.139,1.15674,1.323,0.14278,0.123433,0.0193471759557724,0.273638,1.6661,0.296791,0.687667,0.434184,,5.62848,-0.0000999029,-0.000679999,999,,,,,,,3.8000000000000003,3.8000000000000003,4,4,,,,,,,,,,,,,,,,,,,"Gerelmi Maldonado","sa3016018",698965
"J.P. Massey","PIT",0.0414,0.0798,0.052,5.61825,0.2035,0.1695,0,0,,1,4.634,1.1413,0.6697,0.62425,0.133889,0.567,0.0039,0.058,0.5765,5.1885,5.103,1.01675,1.205,0.124407,0.122356,0.002050064504146576,0.284684,1.7083,0.305405,0.682905,0.473819,,5.62903,-0.0000999029,-0.000679999,999,,,,,,,3.8000000000000003,3.8000000000000003,4,4,,,,,,,,,,,,,,,,,,,"J.P. Massey","sa3020803",685364
"Wyatt Wendell","ARI",0.0445,0.0733,0.0427,5.70681,0.3131,0.1461,0,0,,1,4.61,1.1611,0.6781,0.63409,0.144333,0.5103,0.007,0.0625,0.5627,5.0643,4.5927,1.10268,1.299,0.122061,0.110694,0.011366598308086395,0.2876,1.6714,0.30532,0.676021,0.453641,,5.63581,-0.0000999029,-0.000679999,999,,,,,,,3.8000000000000003,3.8000000000000003,4,4,,,,,,,,,,,,,,,,,,,"Wyatt Wendell","sa3019882",690568
"Wyatt Crowell","LAD",0.0509,0.0706,0.058,5.41899,0.1754,0.1754,0,0,,1,4.568,1.0852,0.6435,0.60211,0.161778,0.5328,0.0031,0.0618,0.7076,6.3684,4.7952,1.32808,1.456,0.154904,0.116637,0.038266196846961975,0.273116,1.618,0.297492,0.700318,0.42848,,5.63819,-0.0000999029,-0.000679999,999,,,,,,,3.8000000000000003,3.8000000000000003,4,4,,,,,,,,,,,,,,,,,,,"Wyatt Crowell","sa3023662",694573
"Yujanyer Herrera","COL",0.0384,0.0791,0.0383,5.88744,0.3296,0.1426,0,0,,1,4.612,1.1977,0.6997,0.65416,0.152111,0.501,0.0074,0.0585,0.5882,5.2938,4.509,1.17405,1.369,0.127537,0.10863,0.01890718936920166,0.295546,1.6987,0.315679,0.67239,0.489812,,5.64602,-0.0000999029,-0.000679999,999,,,,,,,3.8000000000000003,3.8000000000000003,4,4,,,,,,,,,,,,,,,,,,,"Yujanyer Herrera","sa3015370",692632
"Esmerlin Vinicio","SFG",0.043,0.0731,0.0429,5.37867,0.3758,0.1328,0,0,,1,4.668,1.0931,0.6428,0.59763,0.128556,0.6122,0.0089,0.0668,0.6131,5.5179,5.5098,1.00147,1.157,0.131341,0.131148,0.00019279122352600098,0.274029,1.7053,0.297026,0.696574,0.46232,,5.6485,-0.0000999029,-0.000679999,999,,,,,,,3.8000000000000003,3.8000000000000003,4,4,,,,,,,,,,,,,,,,,,,"Esmerlin Vinicio","sa3014708",691263
"Jake Brooks","MIA",0.0389,0.0829,0.0521,5.6637,0.1911,0.1721,0,0,,1,4.506,1.181,0.67,0.6293,0.176333,0.3739,0.0035,0.0465,0.5354,4.8186,3.3651,1.43193,1.587,0.118819,0.0829782,0.03584109991788864,0.289064,1.5549,0.297779,0.676512,0.408964,,5.64921,-0.0000999029,-0.000679999,999,,,,,,,6.800000000000001,6.800000000000001,7,7,,,,,,,,,,,,,,,,,,,"Jake Brooks","sa3023205",694860
"Wilfredo Pereira","STL",0.0442,0.0692,0.0345,5.42403,0.4665,0.1135,0,0,,1,4.464,1.0999,0.6385,0.60267,0.185556,0.3905,0.011,0.0493,0.6208,5.5872,3.5145,1.58976,1.67,0.139068,0.0874776,0.05159050226211548,0.273321,1.4904,0.284148,0.692251,0.343651,,5.6565,-0.0000999029,-0.000679999,999,,,,,,,6.800000000000001,6.800000000000001,7,7,,,,,,,,,,,,,,,,,,,"Wilfredo Pereira","sa917136",668579
"Jose Acuna","CIN",0.0451,0.0756,0.0515,5.60286,0.2117,0.1677,0,0,,1,4.468,1.0987,0.6587,0.62254,0.207222,0.3894,0.004,0.0534,0.7583,6.8247,3.5046,1.94735,1.865,0.169718,0.0871531,0.08256490528583527,0.272955,1.4881,0.291363,0.692327,0.367133,,5.67217,-0.0000999029,-0.000679999,999,,,,,,,6.800000000000001,6.800000000000001,7,7,,,,,,,,,,,,,,,,,,,"Jose Acuna","sa3015331",691641
"Edwin Jimenez","MIL",0.0435,0.0769,0.0509,5.57613,0.2266,0.1646,0,0,,1,4.5,1.1416,0.6592,0.61957,0.183333,0.4021,0.0045,0.0451,0.6076,5.4684,3.6189,1.51107,1.65,0.135022,0.0893556,0.045666664838790894,0.281682,1.5437,0.293779,0.687239,0.400915,,5.67621,-0.0000999029,-0.000679999,999,,,,,,,6.800000000000001,6.800000000000001,7,7,,,,,,,,,,,,,,,,,,,"Edwin Jimenez","sa3010800",683720
"Ubert Mejias","SFG",0.0419,0.0798,0.0532,5.61708,0.1886,0.1726,0,0,,1,4.518,1.1943,0.6665,0.62412,0.170444,0.3626,0.0034,0.0418,0.459,4.131,3.2634,1.26586,1.534,0.101594,0.0802567,0.0213368758559227,0.29033,1.5569,0.29386,0.675427,0.422553,,5.67746,-0.0000999029,-0.000679999,999,,,,,,,4.800000000000001,4.800000000000001,5,5,,,,,,,,,,,,,,,,,,,"Ubert Mejias","sa3021562",811229
"Yorman Galindez","MIL",0.044,0.0779,0.0558,5.53248,0.1754,0.1754,0,0,,1,4.617,1.0688,0.6575,0.61472,0.152556,0.6053,0.0031,0.0543,0.7247,6.5223,5.4477,1.19726,1.373,0.156963,0.131102,0.025860950350761414,0.270076,1.6741,0.297468,0.696052,0.441584,,5.6791,-0.0000999029,-0.000679999,999,,,,,,,3.8000000000000003,3.8000000000000003,4,4,,,,,,,,,,,,,,,,,,,"Yorman Galindez","sa3018322",800223
"Jerming Rosario","LAD",0.05,0.0706,0.054,5.49126,0.2059,0.1689,0,0,,1,4.568,1.0381,0.6493,0.61014,0.170333,0.5683,0.004,0.0608,0.7934,7.1406,5.1147,1.39609,1.533,0.173687,0.124409,0.04927758127450943,0.263551,1.6064,0.29167,0.699669,0.396861,,5.68131,-0.0000999029,-0.000679999,999,,,,,,,3.8000000000000003,3.8000000000000003,4,4,,,,,,,,,,,,,,,,,,,"Jerming Rosario","sa3008678",682645
"Saul Garcia","NYM",0.0482,0.07,0.0484,5.41377,0.2958,0.1498,0,0,,1,4.61,1.0527,0.644,0.60153,0.149778,0.5982,0.0066,0.0594,0.7017,6.3153,5.3838,1.17302,1.348,0.152213,0.129761,0.022451192140579224,0.266345,1.6509,0.291179,0.698649,0.432452,,5.68299,-0.0000999029,-0.000679999,999,,,,,,,3.8000000000000003,3.8000000000000003,4,4,,,,,,,,,,,,,,,,,,,"Saul Garcia","sa3017106",702903
"Mason Green","COL",0.0397,0.0805,0.0458,5.80446,0.2373,0.1623,0,0,,1,4.581,1.1614,0.6868,0.64494,0.167889,0.4948,0.0048,0.048,0.646,5.814,4.4532,1.30558,1.511,0.141017,0.108011,0.03300590068101883,0.287603,1.6562,0.308131,0.682121,0.430556,,5.68544,-0.0000999029,-0.000679999,999,,,,,,,6.800000000000001,6.800000000000001,7,7,,,,,,,,,,,,,,,,,,,"Mason Green","sa3017717",679057
"Isaiah Coupet","COL",0.0392,0.0817,0.0462,5.88177,0.2175,0.1665,0,0,,1,4.593,1.1644,0.6948,0.65353,0.170556,0.4965,0.0043,0.0529,0.6702,6.0318,4.4685,1.34985,1.535,0.145918,0.108099,0.03781841695308685,0.287961,1.6609,0.310301,0.679337,0.422529,,5.6915,-0.0000999029,-0.000679999,999,,,,,,,6.800000000000001,6.800000000000001,7,7,,,,,,,,,,,,,,,,,,,"Isaiah Coupet","sa3023156",694549
"Mavis Graves","PHI",0.0479,0.0732,0.0573,5.3721,0.1952,0.1712,0,0,,1,4.583,1.0691,0.6395,0.5969,0.149889,0.5854,0.0036,0.051,0.6646,5.9814,5.2686,1.13529,1.349,0.145014,0.127733,0.017281264066696167,0.270891,1.6545,0.29348,0.70259,0.4356,,5.69504,-0.0000999029,-0.000679999,999,,,,,,,3.8000000000000003,3.8000000000000003,4,4,,,,,,,,,,,,,,,,,,,"Mavis Graves","sa3021472",703496
"Leonel Sequera","STL",0.0443,0.0773,0.0549,5.53536,0.187,0.173,0,0,,1,4.583,1.1615,0.6607,0.61504,0.144889,0.5012,0.0035,0.0484,0.5,4.5,4.5108,0.997606,1.304,0.109099,0.109361,-0.000261843204498291,0.28797,1.6627,0.300017,0.686369,0.473946,,5.69884,-0.0000999029,-0.000679999,999,,,,,,,1.8000000000000003,1.8000000000000003,2,2,,,,,,,,,,,,,,,,,,,"Leonel Sequera","sa3019268",800320
"Josh Bostick","SFG",0.042,0.0795,0.0525,5.62365,0.1961,0.1711,0,0,,1,4.574,1.1095,0.665,0.62485,0.167,0.4832,0.0037,0.0553,0.6247,5.6223,4.3488,1.29284,1.503,0.136576,0.105641,0.030935727059841156,0.274935,1.5927,0.290554,0.682685,0.391142,,5.70358,-0.0000999029,-0.000679999,999,,,,,,,6.800000000000001,6.800000000000001,7,7,,,,,,,,,,,,,,,,,,,"Josh Bostick","sa3022857",701241
"Liam Simon","SFG",0.0411,0.0774,0.0452,5.66604,0.2934,0.1504,0,0,,1,4.639,1.1017,0.6719,0.62956,0.152,0.5785,0.0066,0.0473,0.6558,5.9022,5.2065,1.13362,1.368,0.141367,0.124704,0.0166630819439888,0.274519,1.6802,0.296281,0.687134,0.420543,,5.70828,-0.0000999029,-0.000679999,999,,,,,,,3.8000000000000003,3.8000000000000003,4,4,,,,,,,,,,,,,,,,,,,"Liam Simon","sa3020256",687216
"Will Rudy","MIL",0.0439,0.0778,0.0545,5.56893,0.1829,0.1739,0,0,,1,4.502,1.1236,0.6578,0.61877,0.185444,0.4144,0.0032,0.0493,0.6275,5.6475,3.7296,1.51424,1.669,0.139382,0.092048,0.04733451455831528,0.278236,1.538,0.290869,0.688529,0.391959,,5.71336,-0.0000999029,-0.000679999,999,,,,,,,6.800000000000001,6.800000000000001,7,7,,,,,,,,,,,,,,,,,,,"Will Rudy","sa3020893",805733
"Garrett Hawkins","SDP",0.0464,0.0753,0.057,5.47326,0.1754,0.1754,0,0,,1,4.474,1.0823,0.6452,0.60814,0.187,0.4433,0.003,0.0405,0.6676,6.0084,3.9897,1.50598,1.683,0.149218,0.0990836,0.05013410001993179,0.27124,1.5256,0.285527,0.696629,0.365029,,5.71368,-0.0000999029,-0.000679999,999,,,,,,,6.800000000000001,6.800000000000001,7,7,,,,,,,,,,,,,,,,,,,"Garrett Hawkins","sa3017383",678184
"Cade Kuehler","ATL",0.0474,0.0743,0.0512,5.77503,0.1754,0.1754,0,0,,1,4.585,1.1465,0.6829,0.64167,0.167778,0.4968,0.0031,0.0464,0.626,5.634,4.4712,1.26006,1.51,0.136532,0.108353,0.028178848326206207,0.283661,1.6433,0.301329,0.681903,0.412893,,5.72519,-0.0000999029,-0.000679999,999,,,,,,,6.800000000000001,6.800000000000001,7,7,,,,,,,,,,,,,,,,,,,"Cade Kuehler","sa3023306",805780
"Franklin Gomez","NYM",0.0493,0.0703,0.0543,5.33844,0.2414,0.1614,0,0,,1,4.622,1.0892,0.6375,0.59316,0.142111,0.5904,0.005,0.0513,0.6052,5.4468,5.3136,1.02507,1.279,0.130939,0.127737,0.003202080726623535,0.273648,1.6796,0.292945,0.703815,0.451832,,5.72862,-0.0000999029,-0.000679999,999,,,,,,,3.8000000000000003,3.8000000000000003,4,4,,,,,,,,,,,,,,,,,,,"Franklin Gomez","sa3019153",800338
"Luke Russo","PHI",0.0461,0.0752,0.0536,5.57946,0.1919,0.1719,0,0,,1,4.522,1.0892,0.6591,0.61994,0.178222,0.4862,0.0035,0.0504,0.6821,6.1389,4.3758,1.40292,1.604,0.15084,0.107519,0.04332154244184494,0.273298,1.5754,0.291506,0.691084,0.395151,,5.72897,-0.0000999029,-0.000679999,999,,,,,,,6.800000000000001,6.800000000000001,7,7,,,,,,,,,,,,,,,,,,,"Luke Russo","sa3023502",689726
"Ryan Vanderhei","SFG",0.0411,0.0764,0.0428,5.65875,0.3313,0.1423,0,0,,1,4.627,1.1248,0.6719,0.62875,0.151889,0.5413,0.0076,0.0522,0.5954,5.3586,4.8717,1.09994,1.367,0.128679,0.116987,0.011692233383655548,0.278865,1.6661,0.296059,0.684025,0.432589,,5.73074,-0.0000999029,-0.000679999,999,,,,,,,3.8000000000000003,3.8000000000000003,4,4,,,,,,,,,,,,,,,,,,,"Ryan Vanderhei","sa3023671",687864
"Brian Edgington","CIN",0.0441,0.0777,0.0525,5.7033,0.1754,0.1754,0,0,,1,4.486,1.1568,0.6732,0.6337,0.201333,0.3737,0.003,0.0425,0.6485,5.8365,3.3633,1.73535,1.812,0.144561,0.0833036,0.0612572506070137,0.28424,1.5305,0.296732,0.686591,0.407916,,5.73541,-0.0000999029,-0.000679999,999,,,,,,,6.800000000000001,6.800000000000001,7,7,,,,,,,,,,,,,,,,,,,"Brian Edgington","sa3022911",813360
"Kenten Egbert","CHC",0.0436,0.0763,0.0488,5.64813,0.2414,0.1614,0,0,,1,4.555,1.1206,0.6684,0.62757,0.168444,0.4979,0.0049,0.0429,0.6202,5.5818,4.4811,1.24563,1.516,0.136158,0.109308,0.02684960514307022,0.279159,1.6185,0.295191,0.687145,0.407999,,5.73826,-0.0000999029,-0.000679999,999,,,,,,,6.800000000000001,6.800000000000001,7,7,,,,,,,,,,,,,,,,,,,"Kenten Egbert","sa3023500",687881
"Patricio Aquino","MIL",0.0427,0.0752,0.0441,5.59566,0.3131,0.1461,0,0,,1,4.539,1.1383,0.663,0.62174,0.174444,0.4373,0.0069,0.0592,0.591,5.319,3.9357,1.35148,1.57,0.130205,0.0963428,0.033862099051475525,0.281583,1.5756,0.294122,0.685455,0.420229,,5.74176,-0.0000999029,-0.000679999,999,,,,,,,6.800000000000001,6.800000000000001,7,7,,,,,,,,,,,,,,,,,,,"Patricio Aquino","sa3016510",699223
"Bodi Rascon","SDP",0.0472,0.0739,0.0578,5.34006,0.1969,0.1709,0,0,,1,4.544,1.0855,0.635,0.59334,0.158667,0.5217,0.0037,0.053,0.6048,5.4432,4.6953,1.15929,1.428,0.133099,0.114811,0.018287844955921173,0.273474,1.6072,0.289108,0.701916,0.421269,,5.74365,-0.0000999029,-0.000679999,999,,,,,,,3.8000000000000003,3.8000000000000003,4,4,,,,,,,,,,,,,,,,,,,"Bodi Rascon","sa3011849",686938
"Anthony Flores","MIL",0.0436,0.0719,0.0411,5.47101,0.3898,0.1298,0,0,,1,4.624,1.0942,0.6503,0.60789,0.151889,0.5865,0.0093,0.0507,0.6509,5.8581,5.2785,1.1098,1.367,0.140766,0.126838,0.01392732560634613,0.274456,1.6807,0.295951,0.701881,0.428221,,5.75084,-0.0000999029,-0.000679999,999,,,,,,,3.8000000000000003,3.8000000000000003,4,4,,,,,,,,,,,,,,,,,,,"Anthony Flores","sa3019377",800260
"Johnathan Harmon","CIN",0.0438,0.0781,0.0524,5.70852,0.1754,0.1754,0,0,,1,4.537,1.1591,0.6768,0.63428,0.183556,0.4328,0.0031,0.0479,0.6211,5.5899,3.8952,1.43507,1.652,0.136897,0.0953934,0.04150319844484329,0.285753,1.5919,0.300016,0.685508,0.44617,,5.7526,-0.0000999029,-0.000679999,999,,,,,,,6.800000000000001,6.800000000000001,7,7,,,,,,,,,,,,,,,,,,,"Johnathan Harmon","sa3020452",801333
"Luis Gutierrez","SDP",0.0465,0.0738,0.0554,5.35257,0.2257,0.1647,0,0,,1,4.577,1.1288,0.6403,0.59473,0.142778,0.5396,0.0045,0.0461,0.5112,4.6008,4.8564,0.947368,1.285,0.111689,0.117894,-0.006204940378665924,0.282815,1.6684,0.295453,0.700097,0.472735,,5.75729,-0.0000999029,-0.000679999,999,,,,,,,3.8000000000000003,3.8000000000000003,4,4,,,,,,,,,,,,,,,,,,,"Luis Gutierrez","sa3016469",692294
"Kevin Abel","CIN",0.0443,0.0776,0.0532,5.67072,0.1754,0.1754,0,0,,1,4.575,1.0879,0.6713,0.63008,0.179,0.5422,0.0031,0.0453,0.7489,6.7401,4.8798,1.38122,1.611,0.163694,0.118514,0.045180320739746094,0.272828,1.6301,0.297065,0.695034,0.426248,,5.75818,-0.0000999029,-0.000679999,999,,,,,,,3.8000000000000003,3.8000000000000003,4,4,,,,,,,,,,,,,,,,,,,"Kevin Abel","sa3017879",674265
"Noah Skirrow","PHI",0.0456,0.074,0.0495,5.56002,0.2464,0.1604,0,0,,1,4.498,1.131,0.6586,0.61778,0.178444,0.4245,0.005,0.0499,0.5747,5.1723,3.8205,1.35383,1.606,0.127768,0.0943753,0.033392615616321564,0.281092,1.5555,0.291261,0.686923,0.417152,,5.76006,-0.0000999029,-0.000679999,999,,,,,,,6.800000000000001,6.800000000000001,7,7,,,,,,,,,,,,,,,,,,,"Noah Skirrow","sa3014845",659418
"Keyner Benitez","MIA",0.0388,0.0823,0.0511,5.64192,0.2117,0.1677,0,0,,1,4.647,1.1234,0.6702,0.62688,0.145111,0.5929,0.0042,0.0498,0.6099,5.4891,5.3361,1.02867,1.306,0.131246,0.127588,0.003658279776573181,0.280548,1.7163,0.301078,0.691342,0.435674,,5.76122,-0.0000999029,-0.000679999,999,,,,,,,3.8000000000000003,3.8000000000000003,4,4,,,,,,,,,,,,,,,,,,,"Keyner Benitez","sa3021795",808547
"Edgar Moreta","NYM",0.0468,0.0725,0.0486,5.59854,0.2579,0.1579,0,0,,1,4.592,1.1235,0.6647,0.62206,0.160556,0.5092,0.0055,0.0579,0.596,5.364,4.5828,1.17046,1.445,0.129791,0.110888,0.018902450799942017,0.279137,1.6327,0.294628,0.687538,0.43289,,5.763,-0.0000999029,-0.000679999,999,,,,,,,3.8000000000000003,3.8000000000000003,4,4,,,,,,,,,,,,,,,,,,,"Edgar Moreta","sa3020989",807756
"Alex Clemmey","WSN",0.0434,0.0785,0.0591,5.36076,0.1754,0.1754,0,0,,1,4.638,1.0402,0.6395,0.59564,0.136667,0.689,0.0031,0.0423,0.6868,6.1812,6.201,0.996807,1.23,0.148081,0.148555,-0.00047434866428375244,0.266261,1.7292,0.293047,0.708579,0.445916,,5.76345,-0.0000999029,-0.000679999,999,,,,,,,3.8000000000000003,3.8000000000000003,4,4,,,,,,,,,,,,,,,,,,,"Alex Clemmey","sa3023421",806046
"Will Schomberg","MIA",0.0377,0.0845,0.051,5.78124,0.1754,0.1754,0,0,,1,4.623,1.0937,0.6827,0.64236,0.163556,0.5666,0.0031,0.0649,0.7037,6.3333,5.0994,1.24197,1.472,0.152217,0.122561,0.029656052589416504,0.274007,1.6603,0.297718,0.683005,0.398908,,5.7798,-0.0000999029,-0.000679999,999,,,,,,,3.8000000000000003,3.8000000000000003,4,4,,,,,,,,,,,,,,,,,,,"Will Schomberg","sa3023160",801696
"Jarrod Cande","COL",0.0389,0.0828,0.0466,5.94846,0.1911,0.1721,0,0,,1,4.498,1.1645,0.6984,0.66094,0.203,0.3819,0.0035,0.0501,0.6522,5.8698,3.4371,1.70778,1.827,0.144998,0.0849044,0.06009337306022644,0.286399,1.5464,0.299458,0.671843,0.372453,,5.79708,-0.0000999029,-0.000679999,999,,,,,,,6.800000000000001,6.800000000000001,7,7,,,,,,,,,,,,,,,,,,,"Jarrod Cande","sa3017813",686662
"Raimon Gomez","NYM",0.0472,0.0745,0.0539,5.63355,0.1754,0.1754,0,0,,1,4.587,1.0906,0.6661,0.62595,0.171,0.5331,0.0031,0.0495,0.6689,6.0201,4.7979,1.25474,1.539,0.145825,0.11622,0.029605403542518616,0.27235,1.6237,0.290599,0.691758,0.395186,,5.79948,-0.0000999029,-0.000679999,999,,,,,,,3.8000000000000003,3.8000000000000003,4,4,,,,,,,,,,,,,,,,,,,"Raimon Gomez","sa3017645",703148
"Jacob Meador","LAD",0.0487,0.0712,0.0494,5.6052,0.2381,0.1621,0,0,,1,4.544,1.0807,0.6613,0.6228,0.183778,0.4892,0.0048,0.0659,0.709,6.381,4.4028,1.4493,1.654,0.15603,0.107658,0.04837147891521454,0.270927,1.5699,0.289692,0.692208,0.386941,,5.80289,-0.0000999029,-0.000679999,999,,,,,,,6.800000000000001,6.800000000000001,7,7,,,,,,,,,,,,,,,,,,,"Jacob Meador","sa3020385",687138
"Jacob Bresnahan","SFG",0.0413,0.0807,0.0529,5.68233,0.1754,0.1754,0,0,,1,4.658,1.1109,0.673,0.63137,0.153667,0.5844,0.0032,0.0454,0.6208,5.5872,5.2596,1.06229,1.383,0.133276,0.125462,0.00781451165676117,0.275781,1.6953,0.294195,0.690665,0.400208,,5.81195,-0.0000999029,-0.000679999,999,,,,,,,3.8000000000000003,3.8000000000000003,4,4,,,,,,,,,,,,,,,,,,,"Jacob Bresnahan","sa3023066",815298
"Juan Salas","STL",0.044,0.0778,0.0539,5.6304,0.1754,0.1754,0,0,,1,4.509,1.1304,0.6637,0.6256,0.185,0.4172,0.0031,0.0468,0.571,5.139,3.7548,1.36865,1.665,0.126636,0.0925261,0.03410954773426056,0.279456,1.5476,0.287443,0.685938,0.366693,,5.82148,-0.0000999029,-0.000679999,999,,,,,,,6.800000000000001,6.800000000000001,7,7,,,,,,,,,,,,,,,,,,,"Juan Salas","sa3016216",692401
"Sandro Bargallo","MIA",0.0387,0.0829,0.0528,5.62779,0.1919,0.1719,0,0,,1,4.715,1.1072,0.6716,0.62531,0.127667,0.6974,0.0036,0.05,0.6227,5.6043,6.2766,0.892888,1.149,0.132068,0.147911,-0.015843048691749573,0.27906,1.8046,0.304464,0.696859,0.476329,,5.82295,-0.0000999029,-0.000679999,999,,,,,,,3.8000000000000003,3.8000000000000003,4,4,,,,,,,,,,,,,,,,,,,"Sandro Bargallo","sa3009639",686488
"Jose Davila","STL",0.0438,0.0779,0.0539,5.60259,0.1829,0.1739,0,0,,1,4.585,1.1298,0.6658,0.62251,0.157222,0.5145,0.0033,0.0549,0.5424,4.8816,4.6305,1.05423,1.415,0.118299,0.112214,0.006085053086280823,0.281353,1.6443,0.2933,0.687058,0.436398,,5.83377,-0.0000999029,-0.000679999,999,,,,,,,3.8000000000000003,3.8000000000000003,4,4,,,,,,,,,,,,,,,,,,,"Jose Davila","sa3015092",692369
"Javi Rivera","CIN",0.0433,0.0786,0.051,5.78277,0.1754,0.1754,0,0,,1,4.525,1.1348,0.6818,0.64253,0.200667,0.4191,0.0031,0.057,0.6808,6.1272,3.7719,1.62443,1.806,0.150453,0.0926188,0.05783426761627197,0.280274,1.5539,0.294918,0.685093,0.400356,,5.84185,-0.0000999029,-0.000679999,999,,,,,,,6.800000000000001,6.800000000000001,7,7,,,,,,,,,,,,,,,,,,,"Javi Rivera","sa3018184",695373
"Connor Oliver","PIT",0.0401,0.0759,0.0379,5.73849,0.3816,0.1316,0,0,,1,4.667,1.1449,0.6807,0.63761,0.144222,0.5919,0.0092,0.0501,0.5604,5.0436,5.3271,0.946782,1.298,0.120077,0.126827,-0.0067495182156562805,0.284447,1.7368,0.301375,0.688063,0.425656,,5.84657,-0.0000999029,-0.000679999,999,,,,,,,3.8000000000000003,3.8000000000000003,4,4,,,,,,,,,,,,,,,,,,,"Connor Oliver","sa3023200",700179
"Braydon Tucker","PHI",0.0448,0.0754,0.0484,5.69394,0.234,0.163,0,0,,1,4.505,1.1314,0.6715,0.63266,0.19,0.4204,0.0046,0.0516,0.6014,5.4126,3.7836,1.43054,1.71,0.133496,0.0933185,0.040177591145038605,0.280536,1.5518,0.290412,0.684632,0.388154,,5.84968,-0.0000999029,-0.000679999,999,,,,,,,6.800000000000001,6.800000000000001,7,7,,,,,,,,,,,,,,,,,,,"Braydon Tucker","sa3023249",685319
"Luke Taggart","COL",0.0364,0.0818,0.0354,6.17535,0.3131,0.1461,0,0,,1,4.596,1.2055,0.7274,0.68615,0.184444,0.4645,0.0071,0.046,0.6224,5.6016,4.1805,1.33994,1.66,0.135422,0.101066,0.034355953335762024,0.295068,1.67,0.311425,0.667669,0.419501,,5.85096,-0.0000999029,-0.000679999,999,,,,,,,6.800000000000001,6.800000000000001,7,7,,,,,,,,,,,,,,,,,,,"Luke Taggart","sa3017932",689450
"Nestor Lorant","CIN",0.0421,0.0726,0.0336,5.78034,0.4212,0.1232,0,0,,1,4.564,1.1132,0.682,0.64226,0.191444,0.4966,0.01,0.0467,0.7168,6.4512,4.4694,1.44342,1.723,0.157055,0.108808,0.04824713617563248,0.276867,1.6098,0.296151,0.691471,0.403958,,5.85156,-0.0000999029,-0.000679999,999,,,,,,,6.800000000000001,6.800000000000001,7,7,,,,,,,,,,,,,,,,,,,"Nestor Lorant","sa3011640",686544
"Davis Polo","ATL",0.0461,0.0745,0.0468,5.8644,0.215,0.167,0,0,,1,4.585,1.1775,0.6935,0.6516,0.172889,0.4699,0.0043,0.0431,0.5506,4.9554,4.2291,1.17174,1.556,0.120087,0.102486,0.01760086417198181,0.28917,1.6474,0.300017,0.678761,0.416873,,5.85184,-0.0000999029,-0.000679999,999,,,,,,,6.800000000000001,6.800000000000001,7,7,,,,,,,,,,,,,,,,,,,"Davis Polo","sa3019637",805175
"Liam Sullivan","WSN",0.0418,0.0802,0.0556,5.54562,0.1754,0.1754,0,0,,1,4.608,1.0728,0.6572,0.61618,0.157111,0.6041,0.0031,0.0458,0.6514,5.8626,5.4369,1.0783,1.414,0.141363,0.131098,0.010264769196510315,0.271039,1.6769,0.290733,0.699889,0.402906,,5.85582,-0.0000999029,-0.000679999,999,,,,,,,3.8000000000000003,3.8000000000000003,4,4,,,,,,,,,,,,,,,,,,,"Liam Sullivan","sa3022952",807715
"Alberto Pacheco","COL",0.0374,0.0842,0.045,6.03432,0.1919,0.1719,0,0,,1,4.622,1.2159,0.7142,0.67048,0.168,0.4871,0.0036,0.0511,0.5528,4.9752,4.3839,1.13488,1.512,0.119602,0.105387,0.014214619994163513,0.297737,1.703,0.311597,0.673661,0.449175,,5.85948,-0.0000999029,-0.000679999,999,,,,,,,6.800000000000001,6.800000000000001,7,7,,,,,,,,,,,,,,,,,,,"Alberto Pacheco","sa3015421",691436
"Jagger Haynes","SDP",0.0465,0.075,0.0573,5.42376,0.1829,0.1739,0,0,,1,4.585,1.0398,0.6429,0.60264,0.162556,0.6087,0.0033,0.0475,0.6875,6.1875,5.4783,1.12946,1.463,0.149945,0.132759,0.017186477780342102,0.264661,1.6485,0.284936,0.707709,0.394501,,5.8733,-0.0000999029,-0.000679999,999,,,,,,,3.8000000000000003,3.8000000000000003,4,4,,,,,,,,,,,,,,,,,,,"Jagger Haynes","sa3020876",695247
"Josh Knoth","MIL",0.0414,0.0806,0.0509,5.78961,0.1754,0.1754,0,0,,1,4.619,1.1167,0.6852,0.64329,0.169444,0.5595,0.0031,0.0467,0.6535,5.8815,5.0355,1.16801,1.525,0.141481,0.12113,0.020350739359855652,0.278284,1.6762,0.296959,0.688683,0.421247,,5.88086,-0.0000999029,-0.000679999,999,,,,,,,3.8000000000000003,3.8000000000000003,4,4,,,,,,,,,,,,,,,,,,,"Josh Knoth","sa3023420",805807
"Jason Savacool","STL",0.0425,0.0781,0.0494,5.69556,0.2216,0.1656,0,0,,1,4.641,1.1498,0.6786,0.63284,0.145111,0.5758,0.0045,0.0461,0.5186,4.6674,5.1822,0.90066,1.306,0.111743,0.124068,-0.01232493668794632,0.286084,1.7256,0.299425,0.68771,0.468405,,5.88142,-0.0000999029,-0.000679999,999,,,,,,,3.8000000000000003,3.8000000000000003,4,4,,,,,,,,,,,,,,,,,,,"Jason Savacool","sa3022856",691013
"Victor Juarez","COL",0.0361,0.0859,0.0425,6.19704,0.1829,0.1739,0,0,,1,4.569,1.2171,0.729,0.68856,0.193444,0.4142,0.0033,0.0522,0.5988,5.3892,3.7278,1.44568,1.741,0.131057,0.0906544,0.04040271043777466,0.296666,1.6313,0.309228,0.663223,0.40948,,5.88286,-0.0000999029,-0.000679999,999,,,,,,,6.800000000000001,6.800000000000001,7,7,,,,,,,,,,,,,,,,,,,"Victor Juarez","sa3016226",692589
"Bryan Perez","COL",0.0357,0.0866,0.0433,6.18408,0.1754,0.1754,0,0,,1,4.671,1.2178,0.7332,0.68712,0.157556,0.5343,0.0032,0.0674,0.5629,5.0661,4.8087,1.05353,1.418,0.12051,0.114387,0.006122879683971405,0.299265,1.7521,0.3166,0.665286,0.486802,,5.894,-0.0000999029,-0.000679999,999,,,,,,,3.8000000000000003,3.8000000000000003,4,4,,,,,,,,,,,,,,,,,,,"Bryan Perez","sa3016515",700169
"Casey Anderson","ARI",0.042,0.0799,0.0463,6.02775,0.1754,0.1754,0,0,,1,4.669,1.167,0.713,0.66975,0.154111,0.5595,0.0032,0.0638,0.5707,5.1363,5.0355,1.02002,1.387,0.122232,0.119833,0.0023988038301467896,0.288454,1.7265,0.305005,0.670861,0.432044,,5.89842,-0.0000999029,-0.000679999,999,,,,,,,3.8000000000000003,3.8000000000000003,4,4,,,,,,,,,,,,,,,,,,,"Casey Anderson","sa3022742",814783
"McCade Brown","COL",0.0355,0.0859,0.0403,6.24933,0.2043,0.1693,0,0,,1,4.616,1.2015,0.7356,0.69437,0.184333,0.4844,0.0039,0.052,0.6348,5.7132,4.3596,1.31049,1.659,0.137522,0.104939,0.03258232772350311,0.294514,1.6859,0.31197,0.665554,0.418936,,5.90241,-0.0000999029,-0.000679999,999,,,,,,,6.800000000000001,6.800000000000001,7,7,,,,,,,,,,,,,,,,,,,"McCade Brown","sa3017812",685326
"Jose Franco","CIN",0.0432,0.0787,0.0507,5.79636,0.1754,0.1754,0,0,,1,4.535,1.108,0.6826,0.64404,0.202889,0.471,0.0031,0.0411,0.7183,6.4647,4.239,1.52505,1.826,0.15839,0.103859,0.05453142523765564,0.275423,1.579,0.29181,0.692225,0.385415,,5.90374,-0.0000999029,-0.000679999,999,,,,,,,6.800000000000001,6.800000000000001,7,7,,,,,,,,,,,,,,,,,,,"Jose Franco","sa3008714",683742
"Alex McFarlane","PHI",0.0446,0.0772,0.0527,5.697,0.1754,0.1754,0,0,,1,4.621,1.0964,0.6769,0.633,0.157,0.6037,0.0031,0.052,0.6299,5.6691,5.4333,1.0434,1.413,0.136312,0.130643,0.005669772624969482,0.276499,1.7001,0.295558,0.691211,0.451627,,5.91478,-0.0000999029,-0.000679999,999,,,,,,,3.8000000000000003,3.8000000000000003,4,4,,,,,,,,,,,,,,,,,,,"Alex McFarlane","sa3020633",686934
"Lorenzo Encarnacion","ARI",0.0419,0.0801,0.0459,6.04683,0.1754,0.1754,0,0,,1,4.645,1.1827,0.7145,0.67187,0.161333,0.5189,0.0031,0.0588,0.5397,4.8573,4.6701,1.04008,1.452,0.116189,0.111712,0.004477925598621368,0.290783,1.7016,0.303412,0.668888,0.421425,,5.91751,-0.0000999029,-0.000679999,999,,,,,,,3.8000000000000003,3.8000000000000003,4,4,,,,,,,,,,,,,,,,,,,"Lorenzo Encarnacion","sa3015498",699230
"Alexander Cornielle","MIL",0.0423,0.0792,0.0506,5.73876,0.1919,0.1719,0,0,,1,4.546,1.0975,0.6751,0.63764,0.194,0.4696,0.0035,0.0572,0.6751,6.0759,4.2264,1.43761,1.746,0.148504,0.1033,0.04520457983016968,0.273064,1.5671,0.286816,0.688537,0.361392,,5.91868,-0.0000999029,-0.000679999,999,,,,,,,6.800000000000001,6.800000000000001,7,7,,,,,,,,,,,,,,,,,,,"Alexander Cornielle","sa3011779",529017
"Hancel Rincon","STL",0.0434,0.0785,0.0528,5.68836,0.1754,0.1754,0,0,,1,4.507,1.1566,0.6711,0.63204,0.188111,0.3904,0.0031,0.0478,0.5036,4.5324,3.5136,1.28996,1.693,0.111737,0.0866208,0.025116488337516785,0.284261,1.547,0.286782,0.682354,0.375712,,5.91932,-0.0000999029,-0.000679999,999,,,,,,,6.800000000000001,6.800000000000001,7,7,,,,,,,,,,,,,,,,,,,"Hancel Rincon","sa3009629",684516
"Khristian Curtis","PIT",0.038,0.0836,0.0458,5.98581,0.1952,0.1712,0,0,,1,4.668,1.1551,0.7079,0.66509,0.155556,0.5831,0.0037,0.0478,0.5798,5.2182,5.2479,0.994341,1.4,0.124207,0.124914,-0.0007069483399391174,0.286121,1.7382,0.302732,0.677641,0.422634,,5.9218,-0.0000999029,-0.000679999,999,,,,,,,3.8000000000000003,3.8000000000000003,4,4,,,,,,,,,,,,,,,,,,,"Khristian Curtis","sa3023473",694753
"Ryan Birchard","MIL",0.041,0.0802,0.0481,5.84586,0.201,0.17,0,0,,1,4.622,1.0941,0.6893,0.64954,0.177778,0.577,0.0038,0.046,0.7116,6.4044,5.193,1.23328,1.6,0.153959,0.124838,0.029121585190296173,0.273593,1.6711,0.294673,0.690334,0.388973,,5.92339,-0.0000999029,-0.000679999,999,,,,,,,3.8000000000000003,3.8000000000000003,4,4,,,,,,,,,,,,,,,,,,,"Ryan Birchard","sa3023449",804670
"Jose Montero","CIN",0.0415,0.0781,0.0436,5.87241,0.2587,0.1577,0,0,,1,4.637,1.1791,0.6989,0.65249,0.164333,0.5399,0.0055,0.0458,0.5667,5.1003,4.8591,1.04964,1.479,0.122213,0.116433,0.00577959418296814,0.291042,1.719,0.305628,0.685121,0.49049,,5.92651,-0.0000999029,-0.000679999,999,,,,,,,3.8000000000000003,3.8000000000000003,4,4,,,,,,,,,,,,,,,,,,,"Jose Montero","sa3018312",800017
"Eliazar Dishmey","MIA",0.0359,0.0861,0.0471,5.94693,0.1862,0.1732,0,0,,1,4.625,1.146,0.7021,0.66077,0.170222,0.5373,0.0034,0.0478,0.6037,5.4333,4.8357,1.12358,1.532,0.13053,0.116173,0.014356762170791626,0.28367,1.6833,0.29877,0.679036,0.406958,,5.92727,-0.0000999029,-0.000679999,999,,,,,,,3.8000000000000003,3.8000000000000003,4,4,,,,,,,,,,,,,,,,,,,"Eliazar Dishmey","sa3019181",803244
"Tyler Schlaffer","CHC",0.0416,0.0787,0.0455,5.84613,0.2365,0.1625,0,0,,1,4.607,1.1403,0.6916,0.64957,0.168778,0.5264,0.0049,0.0521,0.5759,5.1831,4.7376,1.09403,1.519,0.125005,0.114261,0.010744519531726837,0.283058,1.6667,0.295851,0.681692,0.417043,,5.94429,-0.0000999029,-0.000679999,999,,,,,,,3.8000000000000003,3.8000000000000003,4,4,,,,,,,,,,,,,,,,,,,"Tyler Schlaffer","sa3011815",690370
"Patrick Copen","LAD",0.0468,0.0743,0.0497,5.78979,0.1919,0.1719,0,0,,1,4.625,1.1182,0.6862,0.64331,0.167778,0.5712,0.0036,0.0533,0.6376,5.7384,5.1408,1.11625,1.51,0.137859,0.123503,0.014356754720211029,0.279515,1.6894,0.29746,0.689716,0.438397,,5.94589,-0.0000999029,-0.000679999,999,,,,,,,3.8000000000000003,3.8000000000000003,4,4,,,,,,,,,,,,,,,,,,,"Patrick Copen","sa3023283",814527
"Erian Rodriguez","CHC",0.0415,0.0745,0.0366,5.78484,0.3799,0.1319,0,0,,1,4.632,1.1235,0.6859,0.64276,0.159222,0.5713,0.009,0.0559,0.5859,5.2731,5.1417,1.02556,1.433,0.12649,0.123338,0.0031519830226898193,0.280538,1.6948,0.29582,0.685446,0.432076,,5.94617,-0.0000999029,-0.000679999,999,,,,,,,3.8000000000000003,3.8000000000000003,4,4,,,,,,,,,,,,,,,,,,,"Erian Rodriguez","sa3019625",701477
"Sean Linan","LAD",0.0455,0.0681,0.032,5.77584,0.4574,0.1154,0,0,,1,4.611,1.1106,0.6829,0.64176,0.174556,0.5559,0.0112,0.0528,0.6573,5.9157,5.0031,1.18241,1.571,0.14255,0.12056,0.02199089527130127,0.27749,1.6665,0.295241,0.691642,0.41514,,5.9472,-0.0000999029,-0.000679999,999,,,,,,,3.8000000000000003,3.8000000000000003,4,4,,,,,,,,,,,,,,,,,,,"Sean Linan","sa3019270",800344
"Brayan Romero","WSN",0.0391,0.0822,0.0493,5.77062,0.2043,0.1693,0,0,,1,4.597,1.1744,0.6863,0.64118,0.157556,0.5078,0.0039,0.0464,0.4639,4.1751,4.5702,0.913549,1.418,0.100914,0.110463,-0.00954969972372055,0.290492,1.6822,0.297206,0.681366,0.460911,,5.9495,-0.0000999029,-0.000679999,999,,,,,,,1.8000000000000003,1.8000000000000003,2,2,,,,,,,,,,,,,,,,,,,"Brayan Romero","sa3018313",800019
"Melvin Hernandez","MIL",0.0404,0.077,0.0394,5.85792,0.3329,0.1419,0,0,,1,4.629,1.1472,0.6935,0.65088,0.169333,0.5396,0.0076,0.05,0.5922,5.3298,4.8564,1.09748,1.524,0.127933,0.116569,0.011363141238689423,0.284003,1.6868,0.298324,0.685161,0.430631,,5.95221,-0.0000999029,-0.000679999,999,,,,,,,3.8000000000000003,3.8000000000000003,4,4,,,,,,,,,,,,,,,,,,,"Melvin Hernandez","sa3021785",808329
"Erik Tolman","WSN",0.0407,0.0814,0.0537,5.64174,0.1754,0.1754,0,0,,1,4.602,1.1248,0.6693,0.62686,0.160111,0.5483,0.0031,0.0467,0.5368,4.8312,4.9347,0.979026,1.441,0.116645,0.119144,-0.002498917281627655,0.280709,1.6731,0.291439,0.69278,0.417919,,5.95932,-0.0000999029,-0.000679999,999,,,,,,,3.8000000000000003,3.8000000000000003,4,4,,,,,,,,,,,,,,,,,,,"Erik Tolman","sa3021719",680899
"Brandon White","MIA",0.0356,0.0855,0.0445,5.98023,0.2175,0.1665,0,0,,1,4.585,1.1828,0.705,0.66447,0.181667,0.4514,0.0043,0.0495,0.5326,4.7934,4.0626,1.17988,1.635,0.116161,0.0984515,0.017709918320178986,0.289611,1.6342,0.297087,0.673398,0.396907,,5.96565,-0.0000999029,-0.000679999,999,,,,,,,6.800000000000001,6.800000000000001,7,7,,,,,,,,,,,,,,,,,,,"Brandon White","sa3020589",681449
"Jose Luis Reyes","SDP",0.0429,0.077,0.0467,5.74578,0.2439,0.1609,0,0,,1,4.546,1.1413,0.6789,0.63842,0.181667,0.457,0.005,0.0566,0.5506,4.9554,4.113,1.20481,1.635,0.121117,0.100528,0.02058953046798706,0.283032,1.5983,0.290786,0.684094,0.403993,,5.96775,-0.0000999029,-0.000679999,999,,,,,,,6.800000000000001,6.800000000000001,7,7,,,,,,,,,,,,,,,,,,,"Jose Luis Reyes","sa3015304",692271
"Josh Timmerman","MIL",0.041,0.0792,0.0461,5.82435,0.234,0.163,0,0,,1,4.604,1.1074,0.6872,0.64715,0.180667,0.5381,0.0048,0.0524,0.6586,5.9274,4.8429,1.22394,1.626,0.14305,0.116877,0.026172883808612823,0.275919,1.6455,0.291955,0.688154,0.393575,,5.96945,-0.0000999029,-0.000679999,999,,,,,,,3.8000000000000003,3.8000000000000003,4,4,,,,,,,,,,,,,,,,,,,"Josh Timmerman","sa3023098",803024
"Enmanuel Pinales","SDP",0.0438,0.0778,0.0518,5.71203,0.1829,0.1739,0,0,,1,4.522,1.1031,0.6724,0.63467,0.192444,0.4719,0.0032,0.0425,0.621,5.589,4.2471,1.31596,1.732,0.137329,0.104356,0.03297214210033417,0.275252,1.575,0.285101,0.691341,0.363404,,5.96946,-0.0000999029,-0.000679999,999,,,,,,,6.800000000000001,6.800000000000001,7,7,,,,,,,,,,,,,,,,,,,"Enmanuel Pinales","sa3018832",800215
"Wyatt Hudepohl","NYM",0.0446,0.0765,0.0481,5.85621,0.1985,0.1705,0,0,,1,4.647,1.1269,0.6931,0.65069,0.167333,0.574,0.0039,0.0445,0.6081,5.4729,5.166,1.05941,1.506,0.130859,0.123521,0.0073380619287490845,0.279732,1.7009,0.294973,0.687152,0.41749,,5.98111,-0.0000999029,-0.000679999,999,,,,,,,3.8000000000000003,3.8000000000000003,4,4,,,,,,,,,,,,,,,,,,,"Wyatt Hudepohl","sa3023442",694766
"Mason Albright","COL",0.0369,0.0851,0.0435,6.14475,0.1829,0.1739,0,0,,1,4.551,1.2089,0.7207,0.68275,0.205111,0.399,0.0033,0.0427,0.5874,5.2866,3.591,1.47218,1.846,0.129071,0.087673,0.04139750450849533,0.294186,1.6079,0.302639,0.671742,0.365398,,5.98322,-0.0000999029,-0.000679999,999,,,,,,,6.800000000000001,6.800000000000001,7,7,,,,,,,,,,,,,,,,,,,"Mason Albright","sa3017847",695476
"Nelfy Ynfante","STL",0.0412,0.0748,0.037,5.82219,0.3775,0.1325,0,0,,1,4.634,1.1305,0.6887,0.64691,0.164333,0.5643,0.009,0.0479,0.5737,5.1633,5.0787,1.01666,1.479,0.123802,0.121774,0.0020284801721572876,0.281093,1.6948,0.294225,0.686883,0.410368,,5.99201,-0.0000999029,-0.000679999,999,,,,,,,3.8000000000000003,3.8000000000000003,4,4,,,,,,,,,,,,,,,,,,,"Nelfy Ynfante","sa3019149",800295
"Casey Steward","PHI",0.0435,0.0779,0.0495,5.80428,0.1911,0.1721,0,0,,1,4.616,1.1161,0.6881,0.64492,0.166222,0.5708,0.0036,0.0536,0.6036,5.4324,5.1372,1.05746,1.496,0.130763,0.123657,0.007105723023414612,0.279612,1.6869,0.29483,0.686843,0.437602,,5.99337,-0.0000999029,-0.000679999,999,,,,,,,3.8000000000000003,3.8000000000000003,4,4,,,,,,,,,,,,,,,,,,,"Casey Steward","sa3023253",804523
"Case Williams","COL",0.0352,0.0872,0.0408,6.31125,0.1754,0.1754,0,0,,1,4.56,1.2133,0.7392,0.70125,0.209556,0.4029,0.0031,0.046,0.621,5.589,3.6261,1.54133,1.886,0.136184,0.0883553,0.047828949987888336,0.295128,1.6162,0.305969,0.662976,0.371456,,5.9954,-0.0000999029,-0.000679999,999,,,,,,,6.800000000000001,6.800000000000001,7,7,,,,,,,,,,,,,,,,,,,"Case Williams","sa3015013",695406
"Pablo Aldonis","WSN",0.0403,0.0818,0.0527,5.69457,0.1754,0.1754,0,0,,1,4.608,1.1049,0.6734,0.63273,0.167,0.5672,0.0031,0.0454,0.5874,5.2866,5.1048,1.03561,1.503,0.127474,0.12309,0.004383683204650879,0.276543,1.6721,0.289386,0.694361,0.392533,,6.00048,-0.0000999029,-0.000679999,999,,,,,,,3.8000000000000003,3.8000000000000003,4,4,,,,,,,,,,,,,,,,,,,"Pablo Aldonis","sa3018289",692454
"Hung-Leng Chang","PIT",0.0374,0.0832,0.0425,6.04152,0.2307,0.1637,0,0,,1,4.66,1.1904,0.7148,0.67128,0.159222,0.5337,0.0047,0.0538,0.4962,4.4658,4.8033,0.929736,1.433,0.106481,0.114528,-0.008047208189964294,0.292302,1.7241,0.301772,0.672334,0.430683,,6.00647,-0.0000999029,-0.000679999,999,,,,,,,1.8000000000000003,1.8000000000000003,2,2,,,,,,,,,,,,,,,,,,,"Hung-Leng Chang","sa3019518",800213
"Estibenzon Jimenez","PHI",0.043,0.0751,0.0411,5.81337,0.3049,0.1479,0,0,,1,4.557,1.1292,0.6861,0.64593,0.185556,0.4776,0.0067,0.0561,0.5858,5.2722,4.2984,1.22655,1.67,0.128549,0.104806,0.023743681609630585,0.280665,1.6068,0.290179,0.683508,0.398167,,6.0082,-0.0000999029,-0.000679999,999,,,,,,,6.800000000000001,6.800000000000001,7,7,,,,,,,,,,,,,,,,,,,"Estibenzon Jimenez","sa3015983",693732
"Isaiah Lowe","SDP",0.0432,0.0778,0.049,5.76513,0.2076,0.1686,0,0,,1,4.554,1.0902,0.6783,0.64057,0.189667,0.5113,0.004,0.0494,0.6515,5.8635,4.6017,1.2742,1.707,0.143061,0.112275,0.03078611195087433,0.273007,1.6015,0.28569,0.691035,0.362038,,6.01125,-0.0000999029,-0.000679999,999,,,,,,,3.8000000000000003,3.8000000000000003,4,4,,,,,,,,,,,,,,,,,,,"Isaiah Lowe","sa3020864",702584
"Marc Davis","WSN",0.039,0.0826,0.0493,5.81823,0.1903,0.1723,0,0,,1,4.595,1.1017,0.6866,0.64647,0.175333,0.552,0.0036,0.0493,0.6149,5.5341,4.968,1.11395,1.578,0.133819,0.120131,0.013688795268535614,0.275859,1.6537,0.289176,0.686747,0.388917,,6.01991,-0.0000999029,-0.000679999,999,,,,,,,3.8000000000000003,3.8000000000000003,4,4,,,,,,,,,,,,,,,,,,,"Marc Davis","sa3017722",690320
"Antwone Kelly","PIT",0.0377,0.0838,0.045,6.01578,0.1985,0.1705,0,0,,1,4.667,1.1609,0.7114,0.66842,0.159333,0.5749,0.0039,0.0471,0.5416,4.8744,5.1741,0.942077,1.434,0.116049,0.123184,-0.0071351975202560425,0.286996,1.7358,0.299506,0.677185,0.421219,,6.02061,-0.0000999029,-0.000679999,999,,,,,,,3.8000000000000003,3.8000000000000003,4,4,,,,,,,,,,,,,,,,,,,"Antwone Kelly","sa3015489",699008
"Noble Meyer","MIA",0.0353,0.0867,0.0461,6.00363,0.1845,0.1735,0,0,,1,4.688,1.0947,0.7081,0.66707,0.165333,0.6442,0.0034,0.0554,0.6966,6.2694,5.7978,1.08134,1.488,0.148592,0.137415,0.011177465319633484,0.274471,1.7389,0.297258,0.683811,0.396506,,6.02141,-0.0000999029,-0.000679999,999,,,,,,,3.8000000000000003,3.8000000000000003,4,4,,,,,,,,,,,,,,,,,,,"Noble Meyer","sa3022945",800611
"Kevin Valdez","CHC",0.0406,0.0787,0.0424,5.92524,0.267,0.156,0,0,,1,4.688,1.1245,0.7026,0.65836,0.153444,0.6374,0.0058,0.0551,0.6074,5.4666,5.7366,0.952934,1.381,0.129565,0.135964,-0.00639931857585907,0.281442,1.7619,0.300204,0.68471,0.444682,,6.02396,-0.0000999029,-0.000679999,999,,,,,,,3.8000000000000003,3.8000000000000003,4,4,,,,,,,,,,,,,,,,,,,"Kevin Valdez","sa3019052",703936
"Ian Koenig","SDP",0.0421,0.0794,0.0486,5.86431,0.1878,0.1728,0,0,,1,4.569,1.1317,0.6911,0.65159,0.186778,0.4975,0.0034,0.0445,0.5916,5.3244,4.4775,1.18915,1.681,0.129481,0.108886,0.020595327019691467,0.281028,1.6292,0.290869,0.68589,0.384578,,6.03739,-0.0000999029,-0.000679999,999,,,,,,,6.800000000000001,6.800000000000001,7,7,,,,,,,,,,,,,,,,,,,"Ian Koenig","sa3020568",701617
"Jose Chirinos","NYM",0.0443,0.0738,0.0417,5.83587,0.3024,0.1484,0,0,,1,4.673,1.1137,0.6917,0.64843,0.161111,0.6117,0.0069,0.0515,0.6056,5.4504,5.5053,0.990028,1.45,0.129596,0.130901,-0.0013053715229034424,0.277745,1.7254,0.293729,0.689205,0.428446,,6.03932,-0.0000999029,-0.000679999,999,,,,,,,3.8000000000000003,3.8000000000000003,4,4,,,,,,,,,,,,,,,,,,,"Jose Chirinos","sa3018859",800452
"Jared Lyons","CIN",0.0409,0.0811,0.0466,6.01146,0.1754,0.1754,0,0,,1,4.61,1.1203,0.7079,0.66794,0.197222,0.5407,0.0031,0.0428,0.7198,6.4782,4.8663,1.33124,1.775,0.156139,0.117289,0.038850314915180206,0.278232,1.661,0.296859,0.688214,0.398362,,6.04127,-0.0000999029,-0.000679999,999,,,,,,,3.8000000000000003,3.8000000000000003,4,4,,,,,,,,,,,,,,,,,,,"Jared Lyons","sa3020483",805723
"Luke Young","WSN",0.0387,0.0803,0.0422,5.83938,0.2826,0.1526,0,0,,1,4.549,1.1281,0.6871,0.64882,0.190222,0.4633,0.0061,0.0524,0.5656,5.0904,4.1697,1.22081,1.712,0.124335,0.101847,0.022488459944725037,0.279697,1.5914,0.286158,0.682445,0.365554,,6.05527,-0.0000999029,-0.000679999,999,,,,,,,6.800000000000001,6.800000000000001,7,7,,,,,,,,,,,,,,,,,,,"Luke Young","sa3020819",805272
"Nate Savino","ARI",0.0413,0.0802,0.0442,6.09615,0.1878,0.1728,0,0,,1,4.725,1.1589,0.72,0.67735,0.152667,0.6313,0.0035,0.0557,0.575,5.175,5.6817,0.910819,1.374,0.121693,0.133608,-0.011915341019630432,0.286999,1.7902,0.303967,0.67886,0.411385,,6.06215,-0.0000999029,-0.000679999,999,,,,,,,3.8000000000000003,3.8000000000000003,4,4,,,,,,,,,,,,,,,,,,,"Nate Savino","sa3023565",691014
"Julio Mendez","MIA",0.0362,0.0818,0.0393,5.91363,0.3189,0.1449,0,0,,1,4.694,1.1443,0.7001,0.65707,0.154889,0.6203,0.0073,0.0453,0.5555,4.9995,5.5827,0.895534,1.394,0.118343,0.132147,-0.01380486786365509,0.284058,1.7646,0.298194,0.68777,0.418597,,6.06584,-0.0000999029,-0.000679999,999,,,,,,,3.8000000000000003,3.8000000000000003,4,4,,,,,,,,,,,,,,,,,,,"Julio Mendez","sa3019580",801249
"Wilber Dotel","PIT",0.0377,0.0845,0.0462,6.03108,0.1754,0.1754,0,0,,1,4.66,1.1421,0.7115,0.67012,0.166444,0.5741,0.0032,0.0517,0.5684,5.1156,5.1669,0.990071,1.498,0.121974,0.123197,-0.0012231767177581787,0.283104,1.7162,0.295711,0.677397,0.398148,,6.07086,-0.0000999029,-0.000679999,999,,,,,,,3.8000000000000003,3.8000000000000003,4,4,,,,,,,,,,,,,,,,,,,"Wilber Dotel","sa3015163",696062
"Enniel Cortez","MIL",0.0394,0.0818,0.0449,6.00012,0.2059,0.1689,0,0,,1,4.601,1.1494,0.7062,0.66668,0.192111,0.4942,0.004,0.0476,0.6092,5.4828,4.4478,1.2327,1.729,0.132406,0.107411,0.024994559586048126,0.283159,1.6436,0.293837,0.681922,0.383626,,6.07092,-0.0000999029,-0.000679999,999,,,,,,,6.800000000000001,6.800000000000001,7,7,,,,,,,,,,,,,,,,,,,"Enniel Cortez","sa3021525",808308
"Hunter Kublick","STL",0.0406,0.0774,0.04,5.9013,0.314,0.146,0,0,,1,4.652,1.1483,0.6988,0.6557,0.162556,0.5755,0.0071,0.0444,0.534,4.806,5.1795,0.927889,1.463,0.114789,0.12371,-0.008920900523662567,0.28479,1.7238,0.295527,0.685059,0.424381,,6.0714,-0.0000999029,-0.000679999,999,,,,,,,3.8000000000000003,3.8000000000000003,4,4,,,,,,,,,,,,,,,,,,,"Hunter Kublick","sa3022879",815047
"Riley Cornelio","WSN",0.0388,0.0834,0.0501,5.83092,0.1754,0.1754,0,0,,1,4.598,1.1249,0.6898,0.64788,0.172333,0.5454,0.0031,0.042,0.5477,4.9293,4.9086,1.00422,1.551,0.119117,0.118617,0.000500209629535675,0.280482,1.6703,0.289484,0.686128,0.41092,,6.07361,-0.0000999029,-0.000679999,999,,,,,,,3.8000000000000003,3.8000000000000003,4,4,,,,,,,,,,,,,,,,,,,"Riley Cornelio","sa3020830",683000
"Karson Milbrandt","MIA",0.0351,0.0873,0.0463,6.02451,0.1754,0.1754,0,0,,1,4.653,1.1331,0.7109,0.66939,0.171889,0.5799,0.0032,0.0463,0.6022,5.4198,5.2191,1.03845,1.547,0.129422,0.124629,0.004792593419551849,0.28139,1.713,0.295511,0.68061,0.401931,,6.07524,-0.0000999029,-0.000679999,999,,,,,,,3.8000000000000003,3.8000000000000003,4,4,,,,,,,,,,,,,,,,,,,"Karson Milbrandt","sa3020659",703596
"Carlos Jimenez","PIT",0.0374,0.0794,0.0344,6.01164,0.3601,0.1361,0,0,,1,4.762,1.0932,0.7117,0.66796,0.142333,0.7423,0.0086,0.0549,0.6656,5.9904,6.6807,0.896673,1.281,0.139773,0.15588,-0.01610666513442993,0.275726,1.8355,0.301206,0.686821,0.430687,,6.07721,-0.0000999029,-0.000679999,999,,,,,,,3.8000000000000003,3.8000000000000003,4,4,,,,,,,,,,,,,,,,,,,"Carlos Jimenez","sa3008711",683639
"Ryan Cardona","CIN",0.0415,0.0798,0.046,5.94558,0.201,0.17,0,0,,1,4.597,1.096,0.6998,0.66062,0.200222,0.5421,0.0038,0.0483,0.7309,6.5781,4.8789,1.34828,1.802,0.158995,0.117925,0.041070252656936646,0.273549,1.6381,0.291265,0.69105,0.386427,,6.07877,-0.0000999029,-0.000679999,999,,,,,,,3.8000000000000003,3.8000000000000003,4,4,,,,,,,,,,,,,,,,,,,"Ryan Cardona","sa3017470",701318
"Juan Amarante","PHI",0.0434,0.0744,0.0419,5.77404,0.3131,0.1461,0,0,,1,4.654,1.1062,0.6841,0.64156,0.161444,0.6284,0.0071,0.0438,0.5992,5.3928,5.6556,0.953533,1.453,0.128749,0.135024,-0.006274178624153137,0.277814,1.7346,0.293297,0.696351,0.418594,,6.08346,-0.0000999029,-0.000679999,999,,,,,,,3.8000000000000003,3.8000000000000003,4,4,,,,,,,,,,,,,,,,,,,"Juan Amarante","sa3019048",702431
"Candido Cuevas","NYM",0.0437,0.0712,0.0344,5.859,0.4113,0.1253,0,0,,1,4.709,1.089,0.6941,0.651,0.157556,0.6745,0.0101,0.0507,0.6521,5.8689,6.0705,0.96679,1.418,0.13848,0.143236,-0.004756838083267212,0.273357,1.7635,0.293447,0.6931,0.423474,,6.0861,-0.0000999029,-0.000679999,999,,,,,,,3.8000000000000003,3.8000000000000003,4,4,,,,,,,,,,,,,,,,,,,"Candido Cuevas","sa3018305",703341
"Drew Gray","CHC",0.0429,0.0791,0.0517,5.74884,0.1754,0.1754,0,0,,1,4.73,1.0255,0.6802,0.63876,0.153,0.7676,0.0032,0.0519,0.7637,6.8733,6.9084,0.994919,1.377,0.161459,0.162283,-0.0008245259523391724,0.262243,1.7931,0.291436,0.704858,0.392986,,6.08658,-0.0000999029,-0.000679999,999,,,,,,,3.8000000000000003,3.8000000000000003,4,4,,,,,,,,,,,,,,,,,,,"Drew Gray","sa3017964",695645
"Maddux Bruns","LAD",0.0476,0.0741,0.0516,5.7528,0.1754,0.1754,0,0,,1,4.675,1.0447,0.6798,0.6392,0.170889,0.6731,0.0032,0.0664,0.7572,6.8148,6.0579,1.12494,1.538,0.161968,0.143979,0.017989307641983032,0.265455,1.7178,0.290553,0.702037,0.395859,,6.09214,-0.0000999029,-0.000679999,999,,,,,,,3.8000000000000003,3.8000000000000003,4,4,,,,,,,,,,,,,,,,,,,"Maddux Bruns","sa3017782",691772
"James Proctor","CIN",0.0398,0.0823,0.0449,6.09822,0.1754,0.1754,0,0,,1,4.61,1.1878,0.7201,0.67758,0.194556,0.4781,0.0031,0.0488,0.5911,5.3199,4.3029,1.23635,1.751,0.128221,0.103709,0.024511918425559998,0.290906,1.6659,0.301216,0.678712,0.433785,,6.0942,-0.0000999029,-0.000679999,999,,,,,,,6.800000000000001,6.800000000000001,7,7,,,,,,,,,,,,,,,,,,,"James Proctor","sa3014804",689101
"Clevari Tejada","PIT",0.037,0.0787,0.0319,6.11019,0.3997,0.1277,0,0,,1,4.721,1.1805,0.7238,0.67891,0.148889,0.6207,0.0098,0.0511,0.5082,4.5738,5.5863,0.818753,1.34,0.107647,0.131476,-0.023829691112041473,0.291539,1.8012,0.304121,0.676438,0.447749,,6.10104,-0.0000999029,-0.000679999,999,,,,,,,3.8000000000000003,3.8000000000000003,4,4,,,,,,,,,,,,,,,,,,,"Clevari Tejada","sa3021040",814136
"Walin Castillo","MIA",0.0341,0.0869,0.0416,6.11991,0.2241,0.1651,0,0,,1,4.652,1.2,0.7236,0.67999,0.170444,0.5198,0.0046,0.0471,0.4899,4.4091,4.6782,0.942478,1.534,0.10531,0.111737,-0.006427347660064697,0.29375,1.7198,0.300622,0.672573,0.430632,,6.10316,-0.0000999029,-0.000679999,999,,,,,,,1.8000000000000003,1.8000000000000003,2,2,,,,,,,,,,,,,,,,,,,"Walin Castillo","sa3019280",801384
"Quinton Low","MIL",0.0393,0.0787,0.0385,5.98707,0.3131,0.1461,0,0,,1,4.693,1.0915,0.7065,0.66523,0.171667,0.653,0.0072,0.0516,0.7002,6.3018,5.877,1.07228,1.545,0.149201,0.139143,0.010057538747787476,0.273669,1.7445,0.295146,0.690083,0.401925,,6.11155,-0.0000999029,-0.000679999,999,,,,,,,3.8000000000000003,3.8000000000000003,4,4,,,,,,,,,,,,,,,,,,,"Quinton Low","sa3017921",701703
"Jorge De Leon","NYM",0.0437,0.0755,0.0424,5.94243,0.2645,0.1565,0,0,,1,4.689,1.0859,0.701,0.66027,0.171444,0.643,0.0058,0.0512,0.6824,6.1416,5.787,1.06128,1.543,0.145532,0.137129,0.008402630686759949,0.271828,1.7289,0.291139,0.690386,0.388599,,6.11306,-0.0000999029,-0.000679999,999,,,,,,,3.8000000000000003,3.8000000000000003,4,4,,,,,,,,,,,,,,,,,,,"Jorge De Leon","sa3016059",700305
"Adam Serwinowski","CIN",0.0413,0.0807,0.0478,5.95053,0.1754,0.1754,0,0,,1,4.675,1.1143,0.7033,0.66117,0.178222,0.6173,0.0032,0.0512,0.6878,6.1902,5.5557,1.11421,1.604,0.147123,0.132043,0.01508021354675293,0.278123,1.7316,0.298069,0.693818,0.417867,,6.11327,-0.0000999029,-0.000679999,999,,,,,,,3.8000000000000003,3.8000000000000003,4,4,,,,,,,,,,,,,,,,,,,"Adam Serwinowski","sa3020626",703445
"Samuel Sanchez","LAD",0.0445,0.0759,0.0435,6.02298,0.2233,0.1653,0,0,,1,4.619,1.1611,0.7108,0.66922,0.186444,0.5217,0.0045,0.0443,0.5872,5.2848,4.6953,1.12555,1.678,0.127127,0.112947,0.01418054848909378,0.286479,1.6828,0.29721,0.683651,0.412729,,6.11386,-0.0000999029,-0.000679999,999,,,,,,,3.8000000000000003,3.8000000000000003,4,4,,,,,,,,,,,,,,,,,,,"Samuel Sanchez","sa3021008",808247
"Christian Zazueta","LAD",0.0443,0.071,0.033,5.97195,0.3997,0.1277,0,0,,1,4.605,1.1345,0.703,0.66355,0.192556,0.5199,0.0095,0.049,0.6278,5.6502,4.6791,1.20754,1.733,0.13633,0.112899,0.023431040346622467,0.281088,1.6544,0.292916,0.68702,0.385938,,6.1208,-0.0000999029,-0.000679999,999,,,,,,,3.8000000000000003,3.8000000000000003,4,4,,,,,,,,,,,,,,,,,,,"Christian Zazueta","sa3018867",800537
"Yoscar Pimentel","ARI",0.0396,0.0825,0.0415,6.27759,0.1754,0.1754,0,0,,1,4.688,1.1859,0.7394,0.69751,0.168889,0.5618,0.0032,0.0541,0.5436,4.8924,5.0562,0.967604,1.52,0.115956,0.119838,-0.0038822516798973083,0.291226,1.7477,0.302717,0.667194,0.40336,,6.12254,-0.0000999029,-0.000679999,999,,,,,,,3.8000000000000003,3.8000000000000003,4,4,,,,,,,,,,,,,,,,,,,"Yoscar Pimentel","sa3009599",683387
"Carlos Castillo","PIT",0.0361,0.081,0.0332,6.20487,0.3486,0.1386,0,0,,1,4.709,1.1773,0.7322,0.68943,0.160889,0.6038,0.0083,0.0474,0.5443,4.8987,5.4342,0.901457,1.448,0.115587,0.128223,-0.012635380029678345,0.290133,1.7811,0.30317,0.674163,0.415197,,6.12304,-0.0000999029,-0.000679999,999,,,,,,,3.8000000000000003,3.8000000000000003,4,4,,,,,,,,,,,,,,,,,,,"Carlos Castillo","sa3021500",807962
"Bryan Rivera","MIL",0.039,0.0809,0.0417,6.01362,0.2505,0.1595,0,0,,1,4.669,1.1301,0.7103,0.66818,0.174444,0.5937,0.0054,0.0511,0.6213,5.5917,5.3433,1.04649,1.57,0.133069,0.127158,0.005911335349082947,0.280826,1.7238,0.29601,0.684993,0.415248,,6.12606,-0.0000999029,-0.000679999,999,,,,,,,3.8000000000000003,3.8000000000000003,4,4,,,,,,,,,,,,,,,,,,,"Bryan Rivera","sa3019382",800469
"Rayven Antonio","ATL",0.0426,0.0723,0.0307,6.15483,0.4104,0.1254,0,0,,1,4.708,1.188,0.7283,0.68387,0.161222,0.5964,0.0101,0.0477,0.5327,4.7943,5.3676,0.893192,1.451,0.113148,0.126678,-0.013530157506465912,0.29233,1.7844,0.304684,0.677557,0.441819,,6.12927,-0.0000999029,-0.000679999,999,,,,,,,3.8000000000000003,3.8000000000000003,4,4,,,,,,,,,,,,,,,,,,,"Rayven Antonio","sa3021808",810982
"Bryce Hubbart","CIN",0.0406,0.0772,0.0367,5.98923,0.323,0.144,0,0,,1,4.629,1.1069,0.7034,0.66547,0.199444,0.5593,0.0073,0.0488,0.7266,6.5394,5.0337,1.29912,1.795,0.156967,0.120825,0.03614170849323273,0.275287,1.6662,0.293214,0.694171,0.362149,,6.13036,-0.0000999029,-0.000679999,999,,,,,,,3.8000000000000003,3.8000000000000003,4,4,,,,,,,,,,,,,,,,,,,"Bryce Hubbart","sa3020323",687114
"Edwin Nuñez","STL",0.0404,0.0786,0.0409,5.92182,0.2777,0.1537,0,0,,1,4.67,1.0795,0.6974,0.65798,0.171222,0.6151,0.0061,0.0745,0.6652,5.9868,5.5359,1.08145,1.541,0.142441,0.131713,0.010728046298027039,0.271204,1.6946,0.288894,0.685413,0.372711,,6.13077,-0.0000999029,-0.000679999,999,,,,,,,3.8000000000000003,3.8000000000000003,4,4,,,,,,,,,,,,,,,,,,,"Edwin Nunez","sa3014813",695835
"Peter Heubeck","LAD",0.0474,0.0743,0.0509,5.78763,0.1754,0.1754,0,0,,1,4.623,1.0293,0.6815,0.64307,0.186667,0.6329,0.0031,0.0545,0.7621,6.8589,5.6961,1.20414,1.68,0.16485,0.136902,0.027947217226028442,0.261536,1.6622,0.282116,0.700067,0.364745,,6.13115,-0.0000999029,-0.000679999,999,,,,,,,3.8000000000000003,3.8000000000000003,4,4,,,,,,,,,,,,,,,,,,,"Peter Heubeck","sa3017936",695646
"Bishop Letson","MIL",0.0389,0.0826,0.0447,6.03657,0.1985,0.1705,0,0,,1,4.65,1.1446,0.7126,0.67073,0.18,0.5555,0.0039,0.0528,0.5968,5.3712,4.9995,1.07435,1.62,0.128344,0.119462,0.008881732821464539,0.283198,1.7001,0.295446,0.681928,0.410858,,6.13778,-0.0000999029,-0.000679999,999,,,,,,,3.8000000000000003,3.8000000000000003,4,4,,,,,,,,,,,,,,,,,,,"Bishop Letson","sa3023526",811309
"Jorge Rodriguez","NYM",0.0429,0.0721,0.0332,5.98311,0.4088,0.1258,0,0,,1,4.672,1.1236,0.7058,0.66479,0.175333,0.5886,0.01,0.0511,0.6111,5.4999,5.2974,1.03823,1.578,0.130801,0.125985,0.004815936088562012,0.27865,1.7122,0.292146,0.686151,0.393584,,6.14271,-0.0000999029,-0.000679999,999,,,,,,,3.8000000000000003,3.8000000000000003,4,4,,,,,,,,,,,,,,,,,,,"Jorge Rodriguez","sa3016459",691715
"Cam Day","LAD",0.044,0.0754,0.0407,6.02793,0.2637,0.1567,0,0,,1,4.668,1.1772,0.7147,0.66977,0.168222,0.5678,0.0057,0.0512,0.5336,4.8024,5.1102,0.939767,1.514,0.11431,0.121637,-0.007326483726501465,0.290738,1.745,0.301441,0.682549,0.458313,,6.14317,-0.0000999029,-0.000679999,999,,,,,,,3.8000000000000003,3.8000000000000003,4,4,,,,,,,,,,,,,,,,,,,"Cam Day","sa3023201",701764
"Sterling Patick","LAD",0.0454,0.076,0.0471,5.94,0.1886,0.1726,0,0,,1,4.653,1.1565,0.7027,0.66,0.175778,0.5646,0.0035,0.0479,0.5698,5.1282,5.0814,1.00921,1.582,0.122459,0.121341,0.0011175647377967834,0.286227,1.7211,0.297647,0.690435,0.42406,,6.14949,-0.0000999029,-0.000679999,999,,,,,,,3.8000000000000003,3.8000000000000003,4,4,,,,,,,,,,,,,,,,,,,"Sterling Patick","sa3024981",814507
"Connor Staine","COL",0.0346,0.0876,0.0393,6.36489,0.1837,0.1737,0,0,,1,4.597,1.1858,0.7456,0.70721,0.208,0.4631,0.0034,0.0523,0.6288,5.6592,4.1679,1.35781,1.872,0.136785,0.10074,0.036045245826244354,0.290523,1.6489,0.301344,0.665316,0.369443,,6.15908,-0.0000999029,-0.000679999,999,,,,,,,6.800000000000001,6.800000000000001,7,7,,,,,,,,,,,,,,,,,,,"Connor Staine","sa3020739",688422
"Daniel Corniel","MIL",0.0396,0.0825,0.0473,5.97645,0.1754,0.1754,0,0,,1,4.638,1.1246,0.7053,0.66405,0.182556,0.5598,0.0031,0.0515,0.6067,5.4603,5.0382,1.08378,1.643,0.130811,0.120699,0.010112106800079346,0.279286,1.6844,0.290984,0.68525,0.401908,,6.1602,-0.0000999029,-0.000679999,999,,,,,,,3.8000000000000003,3.8000000000000003,4,4,,,,,,,,,,,,,,,,,,,"Daniel Corniel","sa3019395",802192
"Bryan Caceres","WSN",0.0377,0.0838,0.047,5.91192,0.1961,0.1711,0,0,,1,4.617,1.1571,0.7003,0.65688,0.169556,0.5124,0.0037,0.0687,0.4756,4.2804,4.6116,0.928181,1.526,0.103011,0.110981,-0.007970541715621948,0.286702,1.6695,0.291247,0.676758,0.431907,,6.1628,-0.0000999029,-0.000679999,999,,,,,,,1.8000000000000003,1.8000000000000003,2,2,,,,,,,,,,,,,,,,,,,"Bryan Caceres","sa3005687",678409
"Hyun-Seok Jang","LAD",0.0443,0.0766,0.0436,6.06105,0.2084,0.1684,0,0,,1,4.656,1.1086,0.7133,0.67345,0.187,0.6023,0.0041,0.048,0.6918,6.2262,5.4207,1.1486,1.683,0.148582,0.12936,0.01922251284122467,0.276756,1.7109,0.294733,0.688427,0.386949,,6.16478,-0.0000999029,-0.000679999,999,,,,,,,3.8000000000000003,3.8000000000000003,4,4,,,,,,,,,,,,,,,,,,,"Hyun-Seok Jang","sa3023601",815794
"Luis Martinez-Gomez","CHC",0.0394,0.0763,0.0325,6.09282,0.3964,0.1284,0,0,,1,4.692,1.1442,0.7198,0.67698,0.166444,0.6173,0.0097,0.0497,0.5829,5.2461,5.5557,0.944273,1.498,0.124233,0.131564,-0.007331624627113342,0.284273,1.7615,0.298492,0.681528,0.41862,,6.16546,-0.0000999029,-0.000679999,999,,,,,,,3.8000000000000003,3.8000000000000003,4,4,,,,,,,,,,,,,,,,,,,"Luis Martinez-Gomez","sa3023285",815292
"Payton Martin","LAD",0.0448,0.077,0.0465,6.01533,0.1754,0.1754,0,0,,1,4.608,1.159,0.7098,0.66837,0.190111,0.5077,0.0031,0.0477,0.5655,5.0895,4.5693,1.11385,1.711,0.122721,0.110178,0.01254340261220932,0.285989,1.6667,0.293871,0.683234,0.409182,,6.17312,-0.0000999029,-0.000679999,999,,,,,,,3.8000000000000003,3.8000000000000003,4,4,,,,,,,,,,,,,,,,,,,"Payton Martin","sa3020869",806293
"Hunter Parks","CIN",0.0404,0.0816,0.0457,6.05655,0.1754,0.1754,0,0,,1,4.66,1.0834,0.7131,0.67295,0.193111,0.6107,0.0032,0.0612,0.7576,6.8184,5.4963,1.24054,1.738,0.162575,0.131052,0.03152360022068024,0.271658,1.6941,0.29311,0.689028,0.395378,,6.17742,-0.0000999029,-0.000679999,999,,,,,,,3.8000000000000003,3.8000000000000003,4,4,,,,,,,,,,,,,,,,,,,"Hunter Parks","sa3017640",688609
"David Rodriguez","ATL",0.0424,0.0748,0.0336,6.22584,0.3371,0.1411,0,0,,1,4.675,1.1818,0.7331,0.69176,0.179667,0.5547,0.0078,0.0439,0.5593,5.0337,4.9923,1.00829,1.617,0.119636,0.118652,0.0009839534759521484,0.289913,1.7365,0.300271,0.675705,0.397929,,6.17935,-0.0000999029,-0.000679999,999,,,,,,,3.8000000000000003,3.8000000000000003,4,4,,,,,,,,,,,,,,,,,,,"David Rodriguez","sa3023659",815095
"Jose Bello","SFG",0.0365,0.0828,0.0387,6.15456,0.2744,0.1544,0,0,,1,4.755,1.1537,0.7286,0.68384,0.154778,0.6545,0.0062,0.0487,0.5533,4.9797,5.8905,0.845378,1.393,0.116362,0.137645,-0.021282859146595,0.284738,1.8082,0.298746,0.678349,0.436622,,6.18159,-0.0000999029,-0.000679999,999,,,,,,,3.8000000000000003,3.8000000000000003,4,4,,,,,,,,,,,,,,,,,,,"Jose Bello","sa3021530",808366
"Luis Rujano","CHC",0.0392,0.0764,0.0315,6.07851,0.3989,0.1279,0,0,,1,4.681,1.1307,0.7172,0.67539,0.171444,0.6107,0.0096,0.0519,0.596,5.364,5.4963,0.975929,1.543,0.127323,0.130464,-0.0031403452157974243,0.281381,1.7414,0.295069,0.682173,0.402997,,6.19106,-0.0000999029,-0.000679999,999,,,,,,,3.8000000000000003,3.8000000000000003,4,4,,,,,,,,,,,,,,,,,,,"Luis Rujano","sa3020904",701329
"Joel Díaz","NYM",0.0436,0.0775,0.0452,5.97762,0.2068,0.1688,0,0,,1,4.624,1.1398,0.7045,0.66418,0.187556,0.5217,0.004,0.0454,0.5562,5.0058,4.6953,1.06613,1.688,0.120285,0.112824,0.007461078464984894,0.280953,1.6615,0.287414,0.684098,0.383246,,6.1936,-0.0000999029,-0.000679999,999,,,,,,,3.8000000000000003,3.8000000000000003,4,4,,,,,,,,,,,,,,,,,,,"Joel Diaz","sa3015500",699309
"Yenrri Rojas","CHC",0.0388,0.0782,0.0344,6.10632,0.3494,0.1384,0,0,,1,4.655,1.1979,0.7225,0.67848,0.170444,0.531,0.0082,0.0484,0.4631,4.1679,4.779,0.872128,1.534,0.0994844,0.114071,-0.014586471021175385,0.29392,1.7289,0.298501,0.67531,0.435634,,6.19426,-0.0000999029,-0.000679999,999,,,,,,,1.8000000000000003,1.8000000000000003,2,2,,,,,,,,,,,,,,,,,,,"Yenrri Rojas","sa3018366",805060
"Luke Fox","LAD",0.045,0.076,0.0457,5.97807,0.2002,0.1702,0,0,,1,4.673,1.1272,0.7059,0.66423,0.178111,0.6125,0.0039,0.046,0.6291,5.6619,5.5125,1.0271,1.603,0.134624,0.131072,0.0035523325204849243,0.280782,1.7397,0.295916,0.693665,0.407195,,6.19922,-0.0000999029,-0.000679999,999,,,,,,,3.8000000000000003,3.8000000000000003,4,4,,,,,,,,,,,,,,,,,,,"Luke Fox","sa3023673",803183
"Jeremy Reyes","ATL",0.0421,0.0792,0.0406,6.25842,0.1977,0.1707,0,0,,1,4.728,1.1767,0.7394,0.69538,0.164556,0.6278,0.0038,0.0467,0.564,5.076,5.6502,0.898375,1.481,0.119289,0.132783,-0.01349407434463501,0.290292,1.8045,0.304409,0.676631,0.4334,,6.2012,-0.0000999029,-0.000679999,999,,,,,,,3.8000000000000003,3.8000000000000003,4,4,,,,,,,,,,,,,,,,,,,"Jeremy Reyes","sa3021018",808512
"Micah Ottenbreit","PHI",0.0411,0.0809,0.0459,6.04881,0.1754,0.1754,0,0,,1,4.632,1.1467,0.7144,0.67209,0.180222,0.55,0.0031,0.0548,0.5602,5.0418,4.95,1.01855,1.622,0.120941,0.118739,0.002202063798904419,0.284739,1.6967,0.29405,0.68008,0.419163,,6.20337,-0.0000999029,-0.000679999,999,,,,,,,3.8000000000000003,3.8000000000000003,4,4,,,,,,,,,,,,,,,,,,,"Micah Ottenbreit","sa3017860",695648
"Owen Kellington","PIT",0.0357,0.0853,0.0398,6.2307,0.2191,0.1661,0,0,,1,4.714,1.1418,0.7334,0.6923,0.168556,0.6362,0.0044,0.0442,0.5954,5.3586,5.7258,0.935869,1.517,0.126305,0.13496,-0.008655086159706116,0.283072,1.778,0.297661,0.677422,0.386506,,6.2081,-0.0000999029,-0.000679999,999,,,,,,,3.8000000000000003,3.8000000000000003,4,4,,,,,,,,,,,,,,,,,,,"Owen Kellington","sa3018801",701685
"Thomas Farr","CIN",0.0393,0.0828,0.0436,6.16851,0.1754,0.1754,0,0,,1,4.566,1.2,0.7251,0.68539,0.217556,0.3801,0.0031,0.072,0.5706,5.1354,3.4209,1.50118,1.958,0.124967,0.0832457,0.041721411049366,0.291694,1.5801,0.295406,0.670314,0.395382,,6.2098,-0.0000999029,-0.000679999,999,,,,,,,6.800000000000001,6.800000000000001,7,7,,,,,,,,,,,,,,,,,,,"Thomas Farr","sa3017720",686671
"Travis Sthele","WSN",0.0364,0.0855,0.0448,6.05412,0.1911,0.1721,0,0,,1,4.638,1.181,0.7164,0.67268,0.171444,0.5373,0.0036,0.0436,0.4635,4.1715,4.8357,0.862647,1.543,0.0999353,0.115847,-0.01591203361749649,0.291095,1.7183,0.295006,0.677748,0.431908,,6.21096,-0.0000999029,-0.000679999,999,,,,,,,1.8000000000000003,1.8000000000000003,2,2,,,,,,,,,,,,,,,,,,,"Travis Sthele","sa3022941",691017
"Wellington Aracena","NYM",0.0428,0.0761,0.0405,5.99184,0.2777,0.1537,0,0,,1,4.743,1.0987,0.7097,0.66576,0.157333,0.7072,0.0062,0.0475,0.6321,5.6889,6.3648,0.893807,1.416,0.13327,0.149104,-0.01583385467529297,0.275481,1.8059,0.294281,0.691333,0.43088,,6.21171,-0.0000999029,-0.000679999,999,,,,,,,3.8000000000000003,3.8000000000000003,4,4,,,,,,,,,,,,,,,,,,,"Wellington Aracena","sa3019265",800286
"Alexander Vallecillo","MIL",0.0384,0.0814,0.0401,6.08877,0.2562,0.1582,0,0,,1,4.663,1.1295,0.7173,0.67653,0.184889,0.5853,0.0054,0.0459,0.62,5.58,5.2677,1.05929,1.664,0.132962,0.12552,0.00744156539440155,0.280148,1.7148,0.292729,0.685117,0.392963,,6.22364,-0.0000999029,-0.000679999,999,,,,,,,3.8000000000000003,3.8000000000000003,4,4,,,,,,,,,,,,,,,,,,,"Alexander Vallecillo","sa3016034",699132
"Ben Brutti","CIN",0.0385,0.0808,0.0376,6.18651,0.2694,0.1554,0,0,,1,4.71,1.1739,0.733,0.68739,0.173333,0.6034,0.0059,0.059,0.5863,5.2767,5.4306,0.971661,1.56,0.12448,0.12811,-0.0036305636167526245,0.290024,1.7773,0.304312,0.680488,0.470086,,6.23441,-0.0000999029,-0.000679999,999,,,,,,,3.8000000000000003,3.8000000000000003,4,4,,,,,,,,,,,,,,,,,,,"Ben Brutti","sa3021478",804992
"David Lorduy","CIN",0.0387,0.0776,0.0313,6.21315,0.3725,0.1335,0,0,,1,4.632,1.1682,0.731,0.69035,0.204667,0.5147,0.0088,0.0446,0.6242,5.6178,4.6323,1.21275,1.842,0.134758,0.111118,0.023639895021915436,0.286837,1.6829,0.297035,0.681698,0.401356,,6.25665,-0.0000999029,-0.000679999,999,,,,,,,3.8000000000000003,3.8000000000000003,4,4,,,,,,,,,,,,,,,,,,,"David Lorduy","sa3019135",800124
"Denny Larrondo","ARI",0.0392,0.0829,0.0407,6.31737,0.1754,0.1754,0,0,,1,4.751,1.1265,0.7435,0.70193,0.164556,0.6766,0.0032,0.0613,0.6282,5.6538,6.0894,0.928466,1.481,0.132225,0.142412,-0.010187327861785889,0.280706,1.8031,0.298709,0.673736,0.391723,,6.263,-0.0000999029,-0.000679999,999,,,,,,,3.8000000000000003,3.8000000000000003,4,4,,,,,,,,,,,,,,,,,,,"Denny Larrondo","sa3010654",682644
"Manuel Rodriguez","MIL",0.0386,0.0835,0.0448,6.1047,0.1754,0.1754,0,0,,1,4.552,1.1793,0.7155,0.6783,0.218444,0.3956,0.0031,0.05,0.5354,4.8186,3.5604,1.35339,1.966,0.117619,0.0869069,0.030711770057678223,0.287186,1.5749,0.286604,0.677185,0.348147,,6.27226,-0.0000999029,-0.000679999,999,,,,,,,6.800000000000001,6.800000000000001,7,7,,,,,,,,,,,,,,,,,,,"Manuel Rodriguez","sa3019291",804973
"Ernesto Mercedes","NYM",0.0427,0.0776,0.0424,6.02667,0.234,0.163,0,0,,1,4.768,1.0668,0.7127,0.66963,0.159,0.7492,0.005,0.0586,0.6888,6.1992,6.7428,0.919381,1.431,0.144463,0.157131,-0.012667790055274963,0.26938,1.816,0.291672,0.692419,0.415508,,6.27928,-0.0000999029,-0.000679999,999,,,,,,,3.8000000000000003,3.8000000000000003,4,4,,,,,,,,,,,,,,,,,,,"Ernesto Mercedes","sa3018835",800233
"Austin Emener","COL",0.033,0.0895,0.037,6.51015,0.1754,0.1754,0,0,,1,4.671,1.2128,0.7631,0.72335,0.199,0.5249,0.0032,0.0457,0.5914,5.3226,4.7241,1.12669,1.791,0.126611,0.112374,0.014236778020858765,0.295776,1.7377,0.306284,0.667946,0.377493,,6.28248,-0.0000999029,-0.000679999,999,,,,,,,3.8000000000000003,3.8000000000000003,4,4,,,,,,,,,,,,,,,,,,,"Austin Emener","sa3022799",815305
"Zander Mueth","PIT",0.0341,0.0879,0.0394,6.3585,0.1845,0.1735,0,0,,1,4.767,1.1645,0.75,0.7065,0.158889,0.6655,0.0035,0.0611,0.5563,5.0067,5.9895,0.835913,1.43,0.116698,0.139606,-0.02290748804807663,0.288214,1.83,0.30242,0.671827,0.419639,,6.29924,-0.0000999029,-0.000679999,999,,,,,,,3.8000000000000003,3.8000000000000003,4,4,,,,,,,,,,,,,,,,,,,"Zander Mueth","sa3023569",805800
"Manuel Olivares","COL",0.037,0.0834,0.0389,6.26076,0.2332,0.1632,0,0,,1,4.725,1.2,0.7411,0.69564,0.163,0.6056,0.005,0.0484,0.473,4.257,5.4504,0.781044,1.467,0.100106,0.128169,-0.028063490986824036,0.294768,1.8056,0.301892,0.674845,0.451005,,6.30148,-0.0000999029,-0.000679999,999,,,,,,,1.8000000000000003,1.8000000000000003,2,2,,,,,,,,,,,,,,,,,,,"Manuel Olivares","sa3009471",683416
"Eriq Swan","LAD",0.0424,0.0776,0.0386,6.23448,0.2422,0.1612,0,0,,1,4.673,1.1565,0.7339,0.69272,0.190667,0.578,0.0051,0.0472,0.6053,5.4477,5.202,1.04723,1.716,0.129531,0.123689,0.005842067301273346,0.285711,1.7345,0.297012,0.681809,0.399838,,6.31015,-0.0000999029,-0.000679999,999,,,,,,,3.8000000000000003,3.8000000000000003,4,4,,,,,,,,,,,,,,,,,,,"Eriq Swan","sa3023514",811291
"Miguel Mendez","SDP",0.0405,0.0811,0.0455,6.00759,0.1919,0.1719,0,0,,1,4.663,1.0935,0.7086,0.66751,0.178222,0.6282,0.0036,0.0579,0.6112,5.5008,5.6538,0.972939,1.604,0.131074,0.13472,-0.0036457180976867676,0.274963,1.7217,0.287148,0.688159,0.396081,,6.31927,-0.0000999029,-0.000679999,999,,,,,,,3.8000000000000003,3.8000000000000003,4,4,,,,,,,,,,,,,,,,,,,"Miguel Mendez","sa3015506",700280
"Jordy Vargas","COL",0.0315,0.091,0.0343,6.6474,0.1754,0.1754,0,0,,1,4.675,1.2188,0.7792,0.7386,0.202111,0.5237,0.0032,0.0502,0.594,5.346,4.7133,1.13424,1.819,0.127059,0.112021,0.015037432312965393,0.297189,1.7425,0.307622,0.66,0.392194,,6.32762,-0.0000999029,-0.000679999,999,,,,,,,3.8000000000000003,3.8000000000000003,4,4,,,,,,,,,,,,,,,,,,,"Jordy Vargas","sa3016052",700174
"Giussepe Velasquez","PHI",0.0398,0.0781,0.0355,6.17751,0.3156,0.1456,0,0,,1,4.668,1.1353,0.7278,0.68639,0.184444,0.6014,0.0072,0.0479,0.5905,5.3145,5.4126,0.981876,1.66,0.1265,0.128835,-0.0023350566625595093,0.282504,1.7367,0.293134,0.682391,0.400158,,6.33116,-0.0000999029,-0.000679999,999,,,,,,,3.8000000000000003,3.8000000000000003,4,4,,,,,,,,,,,,,,,,,,,"Giussepe Velasquez","sa3016463",691908
"Danyony Pulido","PHI",0.0402,0.081,0.0423,6.13224,0.2068,0.1688,0,0,,1,4.684,1.1239,0.7242,0.68136,0.175889,0.6328,0.0041,0.0522,0.5878,5.2902,5.6952,0.928888,1.583,0.125491,0.135098,-0.009607166051864624,0.281045,1.7567,0.29302,0.683569,0.420178,,6.33244,-0.0000999029,-0.000679999,999,,,,,,,3.8000000000000003,3.8000000000000003,4,4,,,,,,,,,,,,,,,,,,,"Danyony Pulido","sa3015502",699707
"Juan Martinez","CIN",0.0376,0.0812,0.0344,6.30666,0.2934,0.1504,0,0,,1,4.683,1.1915,0.7445,0.70074,0.191778,0.5536,0.0066,0.0502,0.5684,5.1156,4.9824,1.02673,1.726,0.121375,0.118215,0.0031603649258613586,0.292092,1.7451,0.30121,0.677633,0.43919,,6.33419,-0.0000999029,-0.000679999,999,,,,,,,3.8000000000000003,3.8000000000000003,4,4,,,,,,,,,,,,,,,,,,,"Juan Martinez","sa3016278",700288
"Bryan Mena","COL",0.0312,0.0886,0.0292,6.68583,0.2686,0.1556,0,0,,1,4.728,1.2504,0.7873,0.74287,0.182556,0.5668,0.0059,0.0503,0.5232,4.7088,5.1012,0.923077,1.643,0.11066,0.119882,-0.009221665561199188,0.304167,1.8172,0.313597,0.659506,0.444136,,6.3446,-0.0000999029,-0.000679999,999,,,,,,,3.8000000000000003,3.8000000000000003,4,4,,,,,,,,,,,,,,,,,,,"Bryan Mena","sa3016613",700167
"Luis Arestigueta","ATL",0.0413,0.0787,0.0362,6.35985,0.2439,0.1609,0,0,,1,4.706,1.1724,0.7477,0.70665,0.184444,0.5846,0.0052,0.0529,0.5636,5.0724,5.2614,0.964078,1.66,0.119762,0.124224,-0.004462383687496185,0.288165,1.757,0.297536,0.673415,0.387338,,6.34956,-0.0000999029,-0.000679999,999,,,,,,,3.8000000000000003,3.8000000000000003,4,4,,,,,,,,,,,,,,,,,,,"Luis Arestigueta","sa3021521",808244
"Alfredo Romero","CHC",0.0372,0.0824,0.0361,6.29757,0.2653,0.1563,0,0,,1,4.698,1.1738,0.7422,0.69973,0.178444,0.5934,0.0058,0.0465,0.5261,4.7349,5.3406,0.886586,1.606,0.111984,0.126309,-0.014325246214866638,0.289249,1.7672,0.296806,0.675507,0.407021,,6.35376,-0.0000999029,-0.000679999,999,,,,,,,3.8000000000000003,3.8000000000000003,4,4,,,,,,,,,,,,,,,,,,,"Alfredo Romero","sa3018345",801252
"Bryan Sanchez","WSN",0.0357,0.0797,0.0302,6.14367,0.4113,0.1253,0,0,,1,4.751,1.1444,0.7284,0.68263,0.152444,0.6925,0.0102,0.0577,0.5173,4.6557,6.2325,0.747004,1.372,0.108882,0.145759,-0.03687644749879837,0.286043,1.8369,0.29779,0.682793,0.456909,,6.36426,-0.0000999029,-0.000679999,999,,,,,,,3.8000000000000003,3.8000000000000003,4,4,,,,,,,,,,,,,,,,,,,"Bryan Sanchez","sa3009558",683885
"Luis Bermudez","SFG",0.0349,0.0842,0.0356,6.31206,0.2826,0.1526,0,0,,1,4.79,1.1763,0.7471,0.70134,0.155667,0.6727,0.0065,0.0483,0.493,4.437,6.0543,0.732868,1.401,0.102923,0.140438,-0.03751564770936966,0.289088,1.849,0.298402,0.67557,0.44569,,6.36715,-0.0000999029,-0.000679999,999,,,,,,,1.8000000000000003,1.8000000000000003,2,2,,,,,,,,,,,,,,,,,,,"Luis Bermudez","sa3018317",800089
"Jesus Rivero","MIL",0.0372,0.078,0.0285,6.21621,0.4113,0.1253,0,0,,1,4.747,1.0702,0.7298,0.69069,0.183778,0.6897,0.0101,0.0786,0.7331,6.5979,6.2073,1.06293,1.654,0.154434,0.145292,0.00914260745048523,0.268982,1.7599,0.289508,0.68554,0.363388,,6.39429,-0.0000999029,-0.000679999,999,,,,,,,3.8000000000000003,3.8000000000000003,4,4,,,,,,,,,,,,,,,,,,,"Jesus Rivero","sa3017012",701865
"Luichi Casilla","COL",0.0385,0.0806,0.039,6.10992,0.2785,0.1535,0,0,,1,4.822,1.1315,0.7254,0.67888,0.141667,0.7799,0.0064,0.0508,0.552,4.968,7.0191,0.707783,1.275,0.114475,0.161738,-0.04726255685091019,0.283492,1.9114,0.300165,0.692326,0.457009,,6.39625,-0.0000999029,-0.000679999,999,,,,,,,3.8000000000000003,3.8000000000000003,4,4,,,,,,,,,,,,,,,,,,,"Luichi Casilla","sa3018332",800436
"Nazier Mulé","CHC",0.0368,0.0852,0.0402,6.31575,0.1853,0.1733,0,0,,1,4.754,1.1626,0.7466,0.70175,0.163889,0.6659,0.0035,0.0562,0.532,4.788,5.9931,0.798919,1.475,0.111906,0.140072,-0.028165750205516815,0.28835,1.8285,0.299373,0.676587,0.438657,,6.39934,-0.0000999029,-0.000679999,999,,,,,,,3.8000000000000003,3.8000000000000003,4,4,,,,,,,,,,,,,,,,,,,"Nazier Mule","sa3023566",702271
"Pedro Reyes","PHI",0.039,0.0798,0.0358,6.25248,0.2868,0.1518,0,0,,1,4.652,1.1796,0.7368,0.69472,0.190222,0.5368,0.0064,0.052,0.5015,4.5135,4.8312,0.93424,1.712,0.107803,0.115391,-0.007588140666484833,0.290313,1.7164,0.293455,0.675545,0.409163,,6.40277,-0.0000999029,-0.000679999,999,,,,,,,3.8000000000000003,3.8000000000000003,4,4,,,,,,,,,,,,,,,,,,,"Pedro Reyes","sa3015994",693804
"Mason McGwire","CHC",0.0369,0.0817,0.0341,6.3126,0.2983,0.1493,0,0,,1,4.772,1.1664,0.7471,0.7014,0.158111,0.6927,0.0068,0.0501,0.5215,4.6935,6.2343,0.752851,1.423,0.109283,0.145159,-0.03587595373392105,0.289487,1.8591,0.301019,0.678983,0.450128,,6.40732,-0.0000999029,-0.000679999,999,,,,,,,3.8000000000000003,3.8000000000000003,4,4,,,,,,,,,,,,,,,,,,,"Mason McGwire","sa3020961",702576
"Ismael Luciano","COL",0.0313,0.0844,0.0221,6.75522,0.403,0.127,0,0,,1,4.767,1.2465,0.7954,0.75058,0.178111,0.6102,0.0099,0.0546,0.5331,4.7979,5.4918,0.873648,1.603,0.111831,0.128005,-0.01617369055747986,0.303861,1.8567,0.315067,0.660282,0.44817,,6.41012,-0.0000999029,-0.000679999,999,,,,,,,3.8000000000000003,3.8000000000000003,4,4,,,,,,,,,,,,,,,,,,,"Ismael Luciano","sa3016227",692593
"Eric Prado","MIL",0.0364,0.0804,0.0305,6.33555,0.361,0.136,0,0,,1,4.696,1.1599,0.7441,0.70395,0.194667,0.5844,0.0087,0.0464,0.5842,5.2578,5.2596,0.999658,1.752,0.124404,0.124446,-0.00004258006811141968,0.285324,1.7443,0.293711,0.679591,0.37964,,6.42115,-0.0000999029,-0.000679999,999,,,,,,,3.8000000000000003,3.8000000000000003,4,4,,,,,,,,,,,,,,,,,,,"Eric Prado","sa3021780",808260
"Gabriel Agostini","WSN",0.0361,0.0862,0.0449,6.09786,0.1754,0.1754,0,0,,1,4.693,1.1375,0.719,0.67754,0.175,0.6169,0.0032,0.0521,0.5066,4.5594,5.5521,0.821203,1.575,0.107948,0.131451,-0.023503102362155914,0.282679,1.7544,0.287967,0.685968,0.388536,,6.43528,-0.0000999029,-0.000679999,999,,,,,,,3.8000000000000003,3.8000000000000003,4,4,,,,,,,,,,,,,,,,,,,"Gabriel Agostini","sa3015488",698989
"Liomar Martinez","MIA",0.0304,0.0915,0.0365,6.47316,0.1977,0.1707,0,0,,1,4.754,1.1859,0.7626,0.71924,0.174222,0.6299,0.0038,0.0556,0.5198,4.6782,5.6691,0.82521,1.568,0.109339,0.132499,-0.023159436881542206,0.291483,1.8158,0.299803,0.670022,0.415975,,6.44827,-0.0000999029,-0.000679999,999,,,,,,,3.8000000000000003,3.8000000000000003,4,4,,,,,,,,,,,,,,,,,,,"Liomar Martinez","sa3019612",801737
"Francis Rivera","COL",0.0319,0.0814,0.0187,6.83001,0.4846,0.1096,0,0,,1,4.755,1.2578,0.8024,0.75889,0.187667,0.5834,0.0124,0.0513,0.5268,4.7412,5.2506,0.902982,1.689,0.110789,0.122692,-0.011903263628482819,0.305269,1.8412,0.314206,0.658107,0.429536,,6.45665,-0.0000999029,-0.000679999,999,,,,,,,3.8000000000000003,3.8000000000000003,4,4,,,,,,,,,,,,,,,,,,,"Francis Rivera","sa3009217",682863
"Yadiel Batista","STL",0.0374,0.0843,0.0415,6.23088,0.1919,0.1719,0,0,,1,4.76,1.1775,0.7361,0.69232,0.162556,0.6565,0.0038,0.0471,0.4668,4.2012,5.9085,0.711043,1.463,0.0980672,0.13792,-0.03985293209552765,0.290282,1.834,0.296157,0.683444,0.414378,,6.4569,-0.0000999029,-0.000679999,999,,,,,,,1.8000000000000003,1.8000000000000003,2,2,,,,,,,,,,,,,,,,,,,"Yadiel Batista","sa3021558",810098
"Juan De La Cruz","MIA",0.0304,0.0915,0.0363,6.48297,0.1977,0.1707,0,0,,1,4.758,1.1748,0.763,0.72033,0.176556,0.6301,0.0038,0.0661,0.5368,4.8312,5.6709,0.851928,1.589,0.112821,0.13243,-0.019609078764915466,0.289231,1.8049,0.298122,0.668861,0.406938,,6.4767,-0.0000999029,-0.000679999,999,,,,,,,3.8000000000000003,3.8000000000000003,4,4,,,,,,,,,,,,,,,,,,,"Juan De La Cruz","sa3019171",801275
"Camilo Sanchez","WSN",0.0341,0.0858,0.0362,6.3207,0.2579,0.1579,0,0,,1,4.684,1.1602,0.7433,0.7023,0.187667,0.5873,0.0056,0.0483,0.5115,4.6035,5.2857,0.870935,1.689,0.109202,0.125384,-0.016182750463485718,0.286582,1.7475,0.290375,0.676335,0.385539,,6.48995,-0.0000999029,-0.000679999,999,,,,,,,3.8000000000000003,3.8000000000000003,4,4,,,,,,,,,,,,,,,,,,,"Camilo Sanchez","sa3018834",800229
"Gabriel Aguilera","CIN",0.0358,0.0848,0.0342,6.48288,0.2348,0.1628,0,0,,1,4.708,1.2035,0.7638,0.72032,0.199333,0.561,0.0049,0.0534,0.5542,4.9878,5.049,0.987879,1.794,0.117715,0.119159,-0.0014443472027778625,0.293995,1.7645,0.300643,0.673675,0.430233,,6.49261,-0.0000999029,-0.000679999,999,,,,,,,3.8000000000000003,3.8000000000000003,4,4,,,,,,,,,,,,,,,,,,,"Gabriel Aguilera","sa3009494",683733
"Orlando Gonzalez","PHI",0.0385,0.0797,0.0339,6.31674,0.3065,0.1475,0,0,,1,4.703,1.1479,0.7441,0.70186,0.185222,0.6231,0.0071,0.0529,0.5493,4.9437,5.6079,0.88156,1.667,0.116798,0.13249,-0.015692099928855896,0.285051,1.771,0.292387,0.679306,0.407175,,6.50377,-0.0000999029,-0.000679999,999,,,,,,,3.8000000000000003,3.8000000000000003,4,4,,,,,,,,,,,,,,,,,,,"Orlando Gonzalez","sa3024196",701432
"Enrique Segura","PHI",0.038,0.0838,0.0396,6.3441,0.1862,0.1732,0,0,,1,4.721,1.1549,0.7485,0.7049,0.18,0.6311,0.0036,0.063,0.5299,4.7691,5.6799,0.839645,1.62,0.112243,0.133679,-0.021436132490634918,0.286796,1.786,0.29391,0.676336,0.425165,,6.52898,-0.0000999029,-0.000679999,999,,,,,,,3.8000000000000003,3.8000000000000003,4,4,,,,,,,,,,,,,,,,,,,"Enrique Segura","sa3019147",800283
"Angel Jimenez","COL",0.0347,0.0871,0.0361,6.51348,0.1936,0.1716,0,0,,1,4.749,1.1767,0.7657,0.72372,0.184333,0.6318,0.0037,0.0497,0.5327,4.7943,5.6862,0.843147,1.659,0.112171,0.133039,-0.02086755633354187,0.289293,1.8085,0.296188,0.672586,0.394,,6.54191,-0.0000999029,-0.000679999,999,,,,,,,3.8000000000000003,3.8000000000000003,4,4,,,,,,,,,,,,,,,,,,,"Angel Jimenez","sa3018287",691439
"Ricardo Estrada","SFG",0.0364,0.0831,0.0357,6.35013,0.267,0.156,0,0,,1,4.806,1.1686,0.75,0.70557,0.161111,0.7158,0.0061,0.0474,0.5025,4.5225,6.4422,0.702012,1.45,0.104557,0.148939,-0.04438202083110809,0.289057,1.8844,0.298145,0.68385,0.422009,,6.54552,-0.0000999029,-0.000679999,999,,,,,,,3.8000000000000003,3.8000000000000003,4,4,,,,,,,,,,,,,,,,,,,"Ricardo Estrada","sa3016017",698962
"Jackson Cox","COL",0.0284,0.0938,0.0278,6.95142,0.1936,0.1716,0,0,,1,4.756,1.2518,0.8149,0.77238,0.198222,0.5865,0.0037,0.0483,0.5489,4.9401,5.2785,0.935891,1.784,0.115412,0.123318,-0.007905803620815277,0.303746,1.8383,0.312256,0.655694,0.411491,,6.54997,-0.0000999029,-0.000679999,999,,,,,,,3.8000000000000003,3.8000000000000003,4,4,,,,,,,,,,,,,,,,,,,"Jackson Cox","sa3020899",702484
"Omar Victorino","NYM",0.0394,0.0815,0.0377,6.36183,0.215,0.167,0,0,,1,4.82,1.1173,0.7509,0.70687,0.166,0.7565,0.0045,0.057,0.6042,5.4378,6.8085,0.798678,1.494,0.125353,0.15695,-0.03159750998020172,0.278872,1.8738,0.293947,0.684111,0.41949,,6.55658,-0.0000999029,-0.000679999,999,,,,,,,3.8000000000000003,3.8000000000000003,4,4,,,,,,,,,,,,,,,,,,,"Omar Victorino","sa3019273",800466
"Keiverson Ramirez","STL",0.0345,0.0879,0.0372,6.50016,0.1754,0.1754,0,0,,1,4.764,1.2002,0.7669,0.72224,0.173556,0.6375,0.0032,0.0509,0.4649,4.1841,5.7375,0.729255,1.562,0.0975861,0.133816,-0.03623006492853165,0.294484,1.8377,0.298691,0.671465,0.430992,,6.5581,-0.0000999029,-0.000679999,999,,,,,,,1.8000000000000003,1.8000000000000003,2,2,,,,,,,,,,,,,,,,,,,"Keiverson Ramirez","sa3022126",808138
"Javier Bartolozzi","LAD",0.0343,0.0877,0.0359,6.53508,0.1886,0.1726,0,0,,1,4.759,1.1995,0.7698,0.72612,0.178667,0.6314,0.0037,0.0468,0.4826,4.3434,5.6826,0.764333,1.608,0.101408,0.132675,-0.03126706928014755,0.293937,1.8309,0.29853,0.671257,0.416999,,6.55855,-0.0000999029,-0.000679999,999,,,,,,,1.8000000000000003,1.8000000000000003,2,2,,,,,,,,,,,,,,,,,,,"Javier Bartolozzi","sa3021568",812745
"Josbel Garcia","PHI",0.038,0.0766,0.0263,6.39351,0.4335,0.1205,0,0,,1,4.726,1.1759,0.7541,0.71039,0.180667,0.6327,0.0108,0.0478,0.4953,4.4577,5.6943,0.782835,1.626,0.104803,0.133876,-0.02907322347164154,0.290669,1.8086,0.295362,0.677844,0.424586,,6.56605,-0.0000999029,-0.000679999,999,,,,,,,1.8000000000000003,1.8000000000000003,2,2,,,,,,,,,,,,,,,,,,,"Josbel Garcia","sa3019250",703863
"Bryan Polanco","WSN",0.0335,0.0876,0.037,6.37308,0.2216,0.1656,0,0,,1,4.676,1.1703,0.7488,0.70812,0.193778,0.5631,0.0045,0.0523,0.4817,4.3353,5.0679,0.855443,1.744,0.103015,0.120423,-0.017408035695552826,0.288209,1.7334,0.288475,0.67341,0.379545,,6.56839,-0.0000999029,-0.000679999,999,,,,,,,1.8000000000000003,1.8000000000000003,2,2,,,,,,,,,,,,,,,,,,,"Bryan Polanco","sa3016915",702877
"Ovis Portes","CIN",0.0362,0.078,0.0233,6.51978,0.45,0.117,0,0,,1,4.78,1.1377,0.7669,0.72442,0.191667,0.7006,0.0114,0.0535,0.6755,6.0795,6.3054,0.964173,1.725,0.141318,0.146569,-0.005251064896583557,0.282595,1.8383,0.299498,0.682435,0.412317,,6.56945,-0.0000999029,-0.000679999,999,,,,,,,3.8000000000000003,3.8000000000000003,4,4,,,,,,,,,,,,,,,,,,,"Ovis Portes","sa3019644",802086
"Luifer Romero","MIA",0.0366,0.083,0.036,6.33312,0.2661,0.1561,0,0,,1,4.809,1.1654,0.7484,0.70368,0.159889,0.7151,0.006,0.055,0.4896,4.4064,6.4359,0.684659,1.439,0.101809,0.1487,-0.04689124971628189,0.288544,1.8805,0.296662,0.683365,0.425999,,6.57614,-0.0000999029,-0.000679999,999,,,,,,,1.8000000000000003,1.8000000000000003,2,2,,,,,,,,,,,,,,,,,,,"Luifer Romero","sa3018349",801463
"Jose Rengel","SFG",0.0351,0.0802,0.0287,6.36228,0.4113,0.1253,0,0,,1,4.889,1.1549,0.753,0.70692,0.144889,0.7947,0.0105,0.0529,0.5044,4.5396,7.1523,0.634705,1.304,0.10317,0.162549,-0.05937819927930832,0.285767,1.9496,0.297753,0.685041,0.438202,,6.58404,-0.0000999029,-0.000679999,999,,,,,,,3.8000000000000003,3.8000000000000003,4,4,,,,,,,,,,,,,,,,,,,"Jose Rengel","sa3021790",808373
"Ervin Torres","COL",0.0355,0.0864,0.0378,6.42771,0.1919,0.1719,0,0,,1,4.789,1.1886,0.7581,0.71419,0.169444,0.6699,0.0038,0.0513,0.4625,4.1625,6.0291,0.690402,1.525,0.0965755,0.139883,-0.0433075875043869,0.292197,1.8585,0.296623,0.678724,0.411989,,6.60786,-0.0000999029,-0.000679999,999,,,,,,,1.8000000000000003,1.8000000000000003,2,2,,,,,,,,,,,,,,,,,,,"Ervin Torres","sa3018827",800150
"Jose Feliz","WSN",0.0337,0.0887,0.0355,6.58413,0.1754,0.1754,0,0,,1,4.794,1.184,0.7757,0.73157,0.174444,0.6858,0.0032,0.0472,0.5116,4.6044,6.1722,0.74599,1.57,0.106717,0.143054,-0.03633708506822586,0.291554,1.8698,0.299132,0.673053,0.420011,,6.61006,-0.0000999029,-0.000679999,999,,,,,,,3.8000000000000003,3.8000000000000003,4,4,,,,,,,,,,,,,,,,,,,"Jose Feliz","sa3024069",808243
"Cole Schoenwetter","CIN",0.0349,0.0845,0.0306,6.59934,0.2719,0.1549,0,0,,1,4.764,1.1634,0.7758,0.73326,0.199222,0.6622,0.0061,0.0474,0.6374,5.7366,5.9598,0.962549,1.793,0.133795,0.139001,-0.005205705761909485,0.286948,1.8256,0.299641,0.67874,0.411897,,6.61037,-0.0000999029,-0.000679999,999,,,,,,,3.8000000000000003,3.8000000000000003,4,4,,,,,,,,,,,,,,,,,,,"Cole Schoenwetter","sa3023567",800616
"Jostin Florentino","CHC",0.0344,0.086,0.0335,6.54678,0.2406,0.1616,0,0,,1,4.799,1.1841,0.7722,0.72742,0.170333,0.6934,0.0053,0.0481,0.4947,4.4523,6.2406,0.713441,1.533,0.103084,0.144488,-0.041404470801353455,0.29183,1.8775,0.298829,0.674361,0.430004,,6.61591,-0.0000999029,-0.000679999,999,,,,,,,1.8000000000000003,1.8000000000000003,2,2,,,,,,,,,,,,,,,,,,,"Jostin Florentino","sa3021510",808062
"Adrian Herrera","CIN",0.0357,0.0783,0.022,6.60465,0.4566,0.1156,0,0,,1,4.733,1.1735,0.7745,0.73385,0.210111,0.6048,0.0115,0.0538,0.6285,5.6565,5.4432,1.03919,1.891,0.132791,0.127784,0.005007386207580566,0.288018,1.7783,0.297729,0.676349,0.388391,,6.61672,-0.0000999029,-0.000679999,999,,,,,,,3.8000000000000003,3.8000000000000003,4,4,,,,,,,,,,,,,,,,,,,"Adrian Herrera","sa3023627",805155
"Elwis Mijares","NYM",0.034,0.0872,0.0339,6.57819,0.2158,0.1668,0,0,,1,4.802,1.1724,0.7748,0.73091,0.174,0.7019,0.0045,0.0506,0.5223,4.7007,6.3171,0.744123,1.566,0.108767,0.146168,-0.03740108013153076,0.289517,1.8743,0.297745,0.67425,0.416996,,6.64138,-0.0000999029,-0.000679999,999,,,,,,,3.8000000000000003,3.8000000000000003,4,4,,,,,,,,,,,,,,,,,,,"Elwis Mijares","sa3021009",808274
"Marlon Franco","SFG",0.0338,0.0872,0.0327,6.62112,0.2266,0.1646,0,0,,1,4.762,1.2116,0.7789,0.73568,0.185444,0.6087,0.0047,0.0559,0.455,4.095,5.4783,0.747495,1.669,0.0955481,0.127824,-0.032276347279548645,0.2957,1.8203,0.296838,0.667274,0.407998,,6.66106,-0.0000999029,-0.000679999,999,,,,,,,1.8000000000000003,1.8000000000000003,2,2,,,,,,,,,,,,,,,,,,,"Marlon Franco","sa3016242",693812
"Alex Makarewich","LAD",0.0392,0.0795,0.0301,6.57261,0.2942,0.1502,0,0,,1,4.779,1.1434,0.7716,0.73029,0.193333,0.6895,0.0068,0.0576,0.6265,5.6385,6.2055,0.908629,1.74,0.131094,0.144277,-0.013182669878005981,0.283588,1.8329,0.295781,0.679348,0.388551,,6.66811,-0.0000999029,-0.000679999,999,,,,,,,3.8000000000000003,3.8000000000000003,4,4,,,,,,,,,,,,,,,,,,,"Alex Makarewich","sa3023642",801317
"Jose Gonzalez","SFG",0.0336,0.0872,0.0324,6.62103,0.2332,0.1632,0,0,,1,4.826,1.1926,0.7813,0.73567,0.167111,0.7143,0.005,0.0521,0.4805,4.3245,6.4287,0.672687,1.504,0.0995649,0.148011,-0.04844590276479721,0.293773,1.9069,0.300555,0.672826,0.439997,,6.67712,-0.0000999029,-0.000679999,999,,,,,,,1.8000000000000003,1.8000000000000003,2,2,,,,,,,,,,,,,,,,,,,"Jose Gonzalez","sa3016249",696035
"Reynardo Cruz","CIN",0.0345,0.0827,0.0258,6.68709,0.3494,0.1384,0,0,,1,4.771,1.1867,0.7855,0.74301,0.202444,0.6351,0.0084,0.0581,0.6002,5.4018,5.7159,0.945048,1.822,0.125802,0.133117,-0.007315024733543396,0.291015,1.8218,0.300522,0.673632,0.412304,,6.67746,-0.0000999029,-0.000679999,999,,,,,,,3.8000000000000003,3.8000000000000003,4,4,,,,,,,,,,,,,,,,,,,"Reynardo Cruz","sa3016032",699106
"Jhon Medina","COL",0.0348,0.0864,0.0357,6.48702,0.215,0.167,0,0,,1,4.845,1.1863,0.7664,0.72078,0.158778,0.7422,0.0045,0.0499,0.4625,4.1625,6.6798,0.623147,1.429,0.0954592,0.153189,-0.05772962421178818,0.292704,1.9285,0.299428,0.6811,0.434978,,6.68189,-0.0000999029,-0.000679999,999,,,,,,,1.8000000000000003,1.8000000000000003,2,2,,,,,,,,,,,,,,,,,,,"Jhon Medina","sa3022121",808042
"JP Wheat","CHC",0.0332,0.0892,0.0339,6.66945,0.1754,0.1754,0,0,,1,4.822,1.1654,0.7847,0.74105,0.175444,0.7276,0.0033,0.055,0.5465,4.9185,6.5484,0.7511,1.579,0.113335,0.150892,-0.03755701333284378,0.288508,1.893,0.298408,0.672766,0.411024,,6.70206,-0.0000999029,-0.000679999,999,,,,,,,3.8000000000000003,3.8000000000000003,4,4,,,,,,,,,,,,,,,,,,,"JP Wheat","sa3024884",702516
"Isaias Uribe","PIT",0.032,0.0874,0.0303,6.64371,0.2785,0.1535,0,0,,1,4.861,1.1997,0.7822,0.73819,0.159889,0.74,0.0065,0.0506,0.457,4.113,6.66,0.617568,1.439,0.0940136,0.152232,-0.05821847915649414,0.294738,1.9397,0.301088,0.674591,0.408186,,6.70284,-0.0000999029,-0.000679999,999,,,,,,,1.8000000000000003,1.8000000000000003,2,2,,,,,,,,,,,,,,,,,,,"Isaias Uribe","sa3016486",692854
"Joel Heredia","PHI",0.0326,0.0895,0.0329,6.68862,0.1903,0.1723,0,0,,1,4.828,1.2153,0.7893,0.74318,0.168778,0.6892,0.0037,0.0587,0.4374,3.9366,6.2028,0.634649,1.519,0.0905965,0.142751,-0.05215410143136978,0.29786,1.9045,0.301251,0.6685,0.446008,,6.72949,-0.0000999029,-0.000679999,999,,,,,,,1.8000000000000003,1.8000000000000003,2,2,,,,,,,,,,,,,,,,,,,"Joel Heredia","sa3021739",807380
"Randry De Leon","SFG",0.0325,0.0895,0.0326,6.70662,0.1903,0.1723,0,0,,1,4.838,1.1814,0.7897,0.74518,0.173333,0.7316,0.0037,0.0515,0.5094,4.5846,6.5844,0.696282,1.56,0.105291,0.15122,-0.045928068459033966,0.291351,1.913,0.298937,0.6725,0.422015,,6.75031,-0.0000999029,-0.000679999,999,,,,,,,3.8000000000000003,3.8000000000000003,4,4,,,,,,,,,,,,,,,,,,,"Randry De Leon","sa3022025",808359
"Franyel Diaz","NYM",0.0326,0.089,0.0319,6.71184,0.2068,0.1688,0,0,,1,4.844,1.1853,0.7908,0.74576,0.170556,0.7392,0.0043,0.0509,0.5014,4.5126,6.6528,0.678301,1.535,0.10351,0.152601,-0.049091652035713196,0.292385,1.9245,0.300048,0.672531,0.428999,,6.7512,-0.0000999029,-0.000679999,999,,,,,,,3.8000000000000003,3.8000000000000003,4,4,,,,,,,,,,,,,,,,,,,"Franyel Diaz","sa3020976",806241
"Accimias Morales","LAD",0.0335,0.0855,0.0294,6.68556,0.2892,0.1512,0,0,,1,4.821,1.203,0.7878,0.74284,0.174444,0.6947,0.0068,0.0503,0.4584,4.1256,6.2523,0.659853,1.57,0.095084,0.144099,-0.04901472479104996,0.295142,1.8977,0.298725,0.671252,0.427997,,6.75246,-0.0000999029,-0.000679999,999,,,,,,,1.8000000000000003,1.8000000000000003,2,2,,,,,,,,,,,,,,,,,,,"Accimias Morales","sa3018809",703193
"Jose Guevara","NYM",0.0324,0.09,0.0329,6.72021,0.1754,0.1754,0,0,,1,4.803,1.1842,0.7894,0.74669,0.185222,0.6856,0.0033,0.0482,0.5104,4.5936,6.1704,0.744457,1.667,0.106267,0.142744,-0.03647719323635101,0.291015,1.8698,0.296118,0.670852,0.397012,,6.75497,-0.0000999029,-0.000679999,999,,,,,,,3.8000000000000003,3.8000000000000003,4,4,,,,,,,,,,,,,,,,,,,"Jose Guevara","sa3023823",816397
"Andres Silvera","PIT",0.0312,0.0856,0.0245,6.81192,0.3659,0.1349,0,0,,1,4.865,1.2012,0.8011,0.75688,0.166222,0.7481,0.0092,0.0473,0.4782,4.3038,6.7329,0.639219,1.496,0.0982939,0.153772,-0.05547790974378586,0.295164,1.9493,0.302168,0.668885,0.415194,,6.75717,-0.0000999029,-0.000679999,999,,,,,,,1.8000000000000003,1.8000000000000003,2,2,,,,,,,,,,,,,,,,,,,"Andres Silvera","sa3016284",700353
"Luis Cesar","MIA",0.0288,0.0929,0.0337,6.61221,0.2068,0.1688,0,0,,1,4.904,1.1858,0.7816,0.73469,0.148889,0.8122,0.0043,0.0521,0.4622,4.1598,7.3098,0.569072,1.34,0.0942496,0.16562,-0.07137031853199005,0.293537,1.998,0.302429,0.679722,0.44972,,6.77054,-0.0000999029,-0.000679999,999,,,,,,,1.8000000000000003,1.8000000000000003,2,2,,,,,,,,,,,,,,,,,,,"Luis Cesar","sa3018368",805094
"Raymon Rosario","PHI",0.0336,0.0889,0.0355,6.58413,0.1754,0.1754,0,0,,1,4.878,1.1769,0.7772,0.73157,0.158778,0.7815,0.0033,0.0551,0.4839,4.3551,7.0335,0.619194,1.429,0.0992005,0.160209,-0.061008602380752563,0.291211,1.9584,0.29956,0.680371,0.432008,,6.77259,-0.0000999029,-0.000679999,999,,,,,,,1.8000000000000003,1.8000000000000003,2,2,,,,,,,,,,,,,,,,,,,"Raymon Rosario","sa3022801",815320
"Brayan Narvaez","SFG",0.0322,0.0899,0.0315,6.76278,0.1903,0.1723,0,0,,1,4.792,1.2043,0.794,0.75142,0.189556,0.6504,0.0037,0.0505,0.479,4.311,5.8536,0.73647,1.706,0.0999583,0.135726,-0.035767942667007446,0.294371,1.8547,0.296488,0.667391,0.39499,,6.7754,-0.0000999029,-0.000679999,999,,,,,,,1.8000000000000003,1.8000000000000003,2,2,,,,,,,,,,,,,,,,,,,"Brayan Narvaez","sa3022133",808352
"Luis Maracara","SDP",0.0319,0.09,0.0315,6.76332,0.1919,0.1719,0,0,,1,4.841,1.1898,0.7959,0.75148,0.175667,0.7268,0.0038,0.051,0.5022,4.5198,6.5412,0.690974,1.581,0.103739,0.150134,-0.04639536887407303,0.292823,1.9166,0.299567,0.67081,0.418998,,6.77915,-0.0000999029,-0.000679999,999,,,,,,,3.8000000000000003,3.8000000000000003,4,4,,,,,,,,,,,,,,,,,,,"Luis Maracara","sa3024260",821634
"Reiver Camacho","COL",0.0321,0.0899,0.0316,6.75855,0.1919,0.1719,0,0,,1,4.801,1.2069,0.7943,0.75095,0.185556,0.6651,0.0038,0.0478,0.4652,4.1868,5.9859,0.699444,1.67,0.0968965,0.138534,-0.04163715988397598,0.295223,1.872,0.297132,0.668456,0.406013,,6.787,-0.0000999029,-0.000679999,999,,,,,,,1.8000000000000003,1.8000000000000003,2,2,,,,,,,,,,,,,,,,,,,"Reiver Camacho","sa3023839",821096
"Mervin Fell","ARI",0.0336,0.0835,0.026,6.73461,0.356,0.137,0,0,,1,4.858,1.1732,0.7925,0.74829,0.172667,0.762,0.0088,0.0485,0.5263,4.7367,6.858,0.690682,1.554,0.108337,0.156855,-0.048517920076847076,0.289858,1.9352,0.298798,0.67477,0.415999,,6.79005,-0.0000999029,-0.000679999,999,,,,,,,3.8000000000000003,3.8000000000000003,4,4,,,,,,,,,,,,,,,,,,,"Mervin Fell","sa3022267",807818
"Joshua Quezada","MIL",0.0331,0.086,0.0283,6.72795,0.2892,0.1512,0,0,,1,4.823,1.1801,0.7907,0.74755,0.181556,0.7086,0.0067,0.0526,0.5081,4.5729,6.3774,0.717048,1.634,0.105349,0.146921,-0.04157164692878723,0.290536,1.8887,0.296116,0.671756,0.401998,,6.7941,-0.0000999029,-0.000679999,999,,,,,,,3.8000000000000003,3.8000000000000003,4,4,,,,,,,,,,,,,,,,,,,"Joshua Quezada","sa3021789",808350
"Manuel Davila","SDP",0.0321,0.0899,0.0314,6.76557,0.1944,0.1714,0,0,,1,4.822,1.1947,0.7954,0.75173,0.181667,0.6934,0.0039,0.0549,0.4886,4.3974,6.2406,0.704644,1.635,0.101327,0.143799,-0.04247201234102249,0.293271,1.8881,0.29765,0.668823,0.409002,,6.79585,-0.0000999029,-0.000679999,999,,,,,,,1.8000000000000003,1.8000000000000003,2,2,,,,,,,,,,,,,,,,,,,"Manuel Davila","sa3024787",823839
"Enderson Mercado","MIL",0.0336,0.0871,0.0324,6.63021,0.2332,0.1632,0,0,,1,4.875,1.1693,0.781,0.73669,0.165556,0.7836,0.0051,0.0504,0.5027,4.5243,7.0524,0.641526,1.49,0.103118,0.160738,-0.05762051045894623,0.289359,1.9529,0.297605,0.680893,0.412003,,6.8153,-0.0000999029,-0.000679999,999,,,,,,,3.8000000000000003,3.8000000000000003,4,4,,,,,,,,,,,,,,,,,,,"Enderson Mercado","sa3024254",821253
"Melvin Pineda","SFG",0.0317,0.0909,0.0316,6.78645,0.1754,0.1754,0,0,,1,4.847,1.1806,0.798,0.75405,0.177556,0.7382,0.0033,0.0528,0.5157,4.6413,6.6438,0.698591,1.598,0.106396,0.1523,-0.04590468853712082,0.291075,1.9188,0.298281,0.671048,0.411991,,6.8163,-0.0000999029,-0.000679999,999,,,,,,,3.8000000000000003,3.8000000000000003,4,4,,,,,,,,,,,,,,,,,,,"Melvin Pineda","sa3018815",703941
"Wenderlyn King","MIL",0.0324,0.0873,0.0279,6.80643,0.2727,0.1547,0,0,,1,4.836,1.1969,0.7998,0.75627,0.181444,0.7067,0.0063,0.0528,0.4936,4.4424,6.3603,0.698458,1.633,0.102068,0.146133,-0.04406534135341644,0.29361,1.9036,0.298536,0.669141,0.407013,,6.81656,-0.0000999029,-0.000679999,999,,,,,,,1.8000000000000003,1.8000000000000003,2,2,,,,,,,,,,,,,,,,,,,"Wenderlyn King","sa3024235",820936
"Cesar Aquino","PIT",0.0328,0.0856,0.0268,6.7923,0.3131,0.1461,0,0,,1,4.839,1.2032,0.799,0.7547,0.178444,0.71,0.0075,0.0511,0.4697,4.2273,6.39,0.661549,1.606,0.0970655,0.146725,-0.049659013748168945,0.295054,1.9132,0.298784,0.669842,0.416993,,6.83016,-0.0000999029,-0.000679999,999,,,,,,,1.8000000000000003,1.8000000000000003,2,2,,,,,,,,,,,,,,,,,,,"Cesar Aquino","sa3024469",823714
"Wande Torres","MIL",0.0334,0.0884,0.0336,6.63732,0.1985,0.1705,0,0,,1,4.892,1.1467,0.7814,0.73748,0.165222,0.8149,0.004,0.0559,0.5462,4.9158,7.3341,0.670266,1.487,0.111652,0.166578,-0.05492640286684036,0.285164,1.9616,0.296539,0.682083,0.405012,,6.83437,-0.0000999029,-0.000679999,999,,,,,,,3.8000000000000003,3.8000000000000003,4,4,,,,,,,,,,,,,,,,,,,"Wande Torres","sa3019165",800485
"Mason Pelio","CIN",0.0327,0.0892,0.031,6.77538,0.1928,0.1718,0,0,,1,4.789,1.204,0.7972,0.75282,0.201889,0.6466,0.0038,0.0549,0.5294,4.7646,5.8194,0.818744,1.817,0.110545,0.135018,-0.024472758173942566,0.294557,1.8506,0.298584,0.67183,0.430808,,6.83674,-0.0000999029,-0.000679999,999,,,,,,,3.8000000000000003,3.8000000000000003,4,4,,,,,,,,,,,,,,,,,,,"Mason Pelio","sa3020381",680900
"Vitico Valdez","ARI",0.0325,0.0869,0.0284,6.74982,0.2785,0.1535,0,0,,1,4.881,1.2,0.797,0.74998,0.161778,0.7724,0.0065,0.0519,0.4514,4.0626,6.9516,0.584412,1.456,0.092481,0.158246,-0.06576521694660187,0.295807,1.9724,0.3015,0.67323,0.454988,,6.83969,-0.0000999029,-0.000679999,999,,,,,,,1.8000000000000003,1.8000000000000003,2,2,,,,,,,,,,,,,,,,,,,"Vitico Valdez","sa3017472",702884
"Anthony Crespo","NYM",0.0313,0.0913,0.0308,6.83118,0.1754,0.1754,0,0,,1,4.831,1.1967,0.8024,0.75902,0.184444,0.7046,0.0033,0.0488,0.4915,4.4235,6.3414,0.697559,1.66,0.101739,0.14585,-0.044110946357250214,0.293481,1.9013,0.297577,0.668806,0.402999,,6.84146,-0.0000999029,-0.000679999,999,,,,,,,1.8000000000000003,1.8000000000000003,2,2,,,,,,,,,,,,,,,,,,,"Anthony Crespo","sa3023139",815803
"Hamlet Garcia","MIA",0.0267,0.0945,0.0284,6.8652,0.2266,0.1646,0,0,,1,4.854,1.2096,0.8075,0.7628,0.176556,0.7203,0.0049,0.0507,0.4662,4.1958,6.4827,0.64723,1.589,0.0960445,0.148393,-0.052348583936691284,0.296253,1.9299,0.300282,0.667014,0.421618,,6.8423,-0.0000999029,-0.000679999,999,,,,,,,1.8000000000000003,1.8000000000000003,2,2,,,,,,,,,,,,,,,,,,,"Hamlet Garcia","sa3021022",808697
"Zhiorman Imbriano","CHC",0.0341,0.0869,0.0332,6.59952,0.2266,0.1646,0,0,,1,4.891,1.1827,0.7797,0.73328,0.156667,0.8,0.0049,0.053,0.4579,4.1211,7.2,0.572375,1.41,0.0936209,0.163566,-0.06994479894638062,0.292893,1.9827,0.299709,0.682218,0.441099,,6.84635,-0.0000999029,-0.000679999,999,,,,,,,1.8000000000000003,1.8000000000000003,2,2,,,,,,,,,,,,,,,,,,,"Zhiorman Imbriano","sa3017785",699391
"Jonathan Jimenez","NYM",0.031,0.0916,0.0305,6.84603,0.1754,0.1754,0,0,,1,4.838,1.22,0.8055,0.76067,0.179333,0.6946,0.0033,0.0512,0.4435,3.9915,6.2514,0.638497,1.614,0.0916701,0.143572,-0.05190160125494003,0.298128,1.9146,0.299959,0.666713,0.423984,,6.84821,-0.0000999029,-0.000679999,999,,,,,,,1.8000000000000003,1.8000000000000003,2,2,,,,,,,,,,,,,,,,,,,"Jonathan Jimenez","sa3022343",815183
"Kelvin Rosario","ARI",0.034,0.0843,0.0289,6.64065,0.3131,0.1461,0,0,,1,4.886,1.166,0.7821,0.73785,0.165444,0.7952,0.0075,0.0513,0.5029,4.5261,7.1568,0.63242,1.489,0.102927,0.162751,-0.059823982417583466,0.28865,1.9612,0.296799,0.681727,0.409987,,6.85096,-0.0000999029,-0.000679999,999,,,,,,,3.8000000000000003,3.8000000000000003,4,4,,,,,,,,,,,,,,,,,,,"Kelvin Rosario","sa3022128",808163
"Deivy Paulino","NYM",0.0311,0.0909,0.0297,6.85692,0.1936,0.1716,0,0,,1,4.841,1.2094,0.806,0.76188,0.181556,0.702,0.0038,0.0536,0.469,4.221,6.318,0.668091,1.634,0.0968808,0.145011,-0.04813055694103241,0.29603,1.9114,0.29924,0.66702,0.414006,,6.8555,-0.0000999029,-0.000679999,999,,,,,,,1.8000000000000003,1.8000000000000003,2,2,,,,,,,,,,,,,,,,,,,"Deivy Paulino","sa3024516",806709
"Samir Chires","SFG",0.0299,0.0905,0.0278,6.84756,0.2505,0.1595,0,0,,1,4.861,1.1951,0.8041,0.76084,0.180889,0.7084,0.0056,0.0513,0.4705,4.2345,6.3756,0.664173,1.628,0.0967908,0.145731,-0.048940546810626984,0.291395,1.9035,0.293982,0.6662,0.394157,,6.85614,-0.0000999029,-0.000679999,999,,,,,,,1.8000000000000003,1.8000000000000003,2,2,,,,,,,,,,,,,,,,,,,"Samir Chires","sa3016254",698968
"Eric Veras","COL",0.0327,0.0898,0.0338,6.67566,0.1754,0.1754,0,0,,1,4.869,1.2029,0.7872,0.74174,0.165778,0.7465,0.0033,0.0513,0.4277,3.8493,6.7185,0.57294,1.492,0.0878415,0.153317,-0.0654754489660263,0.295466,1.9494,0.298219,0.676756,0.425999,,6.85959,-0.0000999029,-0.000679999,999,,,,,,,1.8000000000000003,1.8000000000000003,2,2,,,,,,,,,,,,,,,,,,,"Eric Veras","sa3024462",821626
"Moises Meza","COL",0.0317,0.0892,0.0286,6.83865,0.2348,0.1628,0,0,,1,4.861,1.1881,0.804,0.75985,0.177444,0.7499,0.0051,0.0496,0.5027,4.5243,6.7491,0.670356,1.597,0.103415,0.154269,-0.05085373669862747,0.292527,1.938,0.298891,0.671174,0.413996,,6.86636,-0.0000999029,-0.000679999,999,,,,,,,3.8000000000000003,3.8000000000000003,4,4,,,,,,,,,,,,,,,,,,,"Moises Meza","sa3023822",816396
"Gregory Sanchez","COL",0.0308,0.0918,0.0301,6.86745,0.1754,0.1754,0,0,,1,4.869,1.1961,0.8078,0.76305,0.175667,0.7423,0.0033,0.0593,0.488,4.392,6.6807,0.657416,1.581,0.100226,0.152454,-0.05222838371992111,0.29407,1.9384,0.299798,0.668019,0.422004,,6.87895,-0.0000999029,-0.000679999,999,,,,,,,1.8000000000000003,1.8000000000000003,2,2,,,,,,,,,,,,,,,,,,,"Gregory Sanchez","sa3024267",821800
"Jefferson Moran","STL",0.0316,0.0897,0.0292,6.8355,0.22,0.166,0,0,,1,4.835,1.197,0.803,0.7595,0.184444,0.7056,0.0047,0.0518,0.4783,4.3047,6.3504,0.677863,1.66,0.0989245,0.145936,-0.04701138287782669,0.293555,1.9026,0.296515,0.668703,0.404009,,6.87986,-0.0000999029,-0.000679999,999,,,,,,,1.8000000000000003,1.8000000000000003,2,2,,,,,,,,,,,,,,,,,,,"Jefferson Moran","sa3022194",814086
"Stharlin Torres","CIN",0.0313,0.0899,0.0284,6.87519,0.2224,0.1654,0,0,,1,4.833,1.1994,0.8068,0.76391,0.188111,0.703,0.0047,0.0474,0.4886,4.3974,6.327,0.695021,1.693,0.101097,0.145458,-0.04436168819665909,0.293783,1.9024,0.296924,0.668438,0.394998,,6.88592,-0.0000999029,-0.000679999,999,,,,,,,1.8000000000000003,1.8000000000000003,2,2,,,,,,,,,,,,,,,,,,,"Stharlin Torres","sa3024080",820941
"Argenis Aparicio","MIL",0.0325,0.0853,0.025,6.84882,0.3354,0.1414,0,0,,1,4.847,1.2049,0.805,0.76098,0.181333,0.7185,0.0082,0.0473,0.4662,4.1958,6.4665,0.648852,1.632,0.0961832,0.148236,-0.0520528182387352,0.295232,1.9234,0.298097,0.669888,0.410993,,6.88881,-0.0000999029,-0.000679999,999,,,,,,,1.8000000000000003,1.8000000000000003,2,2,,,,,,,,,,,,,,,,,,,"Argenis Aparicio","sa3021643",809699
"Eduardo Robles","PHI",0.0312,0.0903,0.0291,6.85467,0.2109,0.1679,0,0,,1,4.842,1.2149,0.8063,0.76163,0.180667,0.7042,0.0043,0.0493,0.4434,3.9906,6.3378,0.629651,1.626,0.0915737,0.145436,-0.05386205017566681,0.297151,1.9191,0.298529,0.66788,0.41999,,6.88885,-0.0000999029,-0.000679999,999,,,,,,,1.8000000000000003,1.8000000000000003,2,2,,,,,,,,,,,,,,,,,,,"Eduardo Robles","sa3022261",810856
"Marcos Herrera","COL",0.0322,0.0862,0.0258,6.81867,0.3131,0.1461,0,0,,1,4.859,1.2013,0.8027,0.75763,0.175333,0.7345,0.0075,0.0528,0.458,4.122,6.6105,0.623553,1.578,0.0942581,0.151163,-0.056904710829257965,0.295036,1.9358,0.298388,0.670341,0.424998,,6.89171,-0.0000999029,-0.000679999,999,,,,,,,1.8000000000000003,1.8000000000000003,2,2,,,,,,,,,,,,,,,,,,,"Marcos Herrera","sa3019261",800154
"Jesus Tillero","LAD",0.0319,0.0872,0.0264,6.8607,0.2892,0.1512,0,0,,1,4.862,1.1919,0.8063,0.7623,0.179222,0.7452,0.0068,0.0501,0.4928,4.4352,6.7068,0.661299,1.613,0.101357,0.15327,-0.05191279202699661,0.293088,1.9371,0.298313,0.670625,0.41099,,6.89667,-0.0000999029,-0.000679999,999,,,,,,,1.8000000000000003,1.8000000000000003,2,2,,,,,,,,,,,,,,,,,,,"Jesus Tillero","sa3021010",808313
"Alexander Fuentes","SFG",0.0304,0.0918,0.0286,6.92199,0.1903,0.1723,0,0,,1,4.843,1.2239,0.8133,0.76911,0.184444,0.6867,0.0037,0.0562,0.4451,4.0059,6.1803,0.648172,1.66,0.0919058,0.141792,-0.04988643527030945,0.298505,1.9106,0.299507,0.664073,0.413008,,6.90276,-0.0000999029,-0.000679999,999,,,,,,,1.8000000000000003,1.8000000000000003,2,2,,,,,,,,,,,,,,,,,,,"Alexander Fuentes","sa3024072",815218
"Nicolas Carreno","NYM",0.0324,0.0901,0.0334,6.69672,0.1754,0.1754,0,0,,1,4.929,1.1561,0.7897,0.74408,0.157778,0.858,0.0033,0.0526,0.5221,4.6989,7.722,0.608508,1.42,0.105924,0.174072,-0.0681476965546608,0.287702,2.0141,0.299031,0.682797,0.427001,,6.90519,-0.0000999029,-0.000679999,999,,,,,,,3.8000000000000003,3.8000000000000003,4,4,,,,,,,,,,,,,,,,,,,"Nicolas Carreno","sa3022004",807993
"Adolfo Oviedo","PIT",0.0322,0.0862,0.0256,6.83235,0.3131,0.1461,0,0,,1,4.85,1.1849,0.8026,0.75915,0.182444,0.7338,0.0075,0.0525,0.4909,4.4181,6.6042,0.668983,1.642,0.101217,0.151299,-0.05008246749639511,0.291582,1.9187,0.295679,0.671024,0.402987,,6.91536,-0.0000999029,-0.000679999,999,,,,,,,1.8000000000000003,1.8000000000000003,2,2,,,,,,,,,,,,,,,,,,,"Adolfo Oviedo","sa3018882",801743
"Andrew Bolivar","STL",0.0309,0.0907,0.0286,6.88923,0.2068,0.1688,0,0,,1,4.87,1.1823,0.8093,0.76547,0.180222,0.7611,0.0043,0.0505,0.5142,4.6278,6.8499,0.675601,1.622,0.105585,0.156283,-0.05069815367460251,0.291322,1.9434,0.297885,0.670633,0.405989,,6.91577,-0.0000999029,-0.000679999,999,,,,,,,3.8000000000000003,3.8000000000000003,4,4,,,,,,,,,,,,,,,,,,,"Andrew Bolivar","sa3024521",810977
"Samuel Perez","CIN",0.0309,0.0902,0.0276,6.91497,0.2266,0.1646,0,0,,1,4.844,1.212,0.8119,0.76833,0.186222,0.7038,0.0049,0.0494,0.4606,4.1454,6.3342,0.654447,1.676,0.0950867,0.145293,-0.05020645260810852,0.296275,1.9158,0.297847,0.666973,0.404985,,6.92577,-0.0000999029,-0.000679999,999,,,,,,,1.8000000000000003,1.8000000000000003,2,2,,,,,,,,,,,,,,,,,,,"Samuel Perez","sa3024068",806951
"Sandy Ozuna","COL",0.0319,0.0865,0.025,6.88221,0.3131,0.1461,0,0,,1,4.862,1.1806,0.8077,0.76469,0.184111,0.7496,0.0075,0.0502,0.5136,4.6224,6.7464,0.685165,1.657,0.105636,0.154175,-0.048539698123931885,0.290631,1.9302,0.296178,0.671173,0.395007,,6.93212,-0.0000999029,-0.000679999,999,,,,,,,3.8000000000000003,3.8000000000000003,4,4,,,,,,,,,,,,,,,,,,,"Sandy Ozuna","sa3021041",814252
"Marlon De La Cruz","WSN",0.03,0.0926,0.0287,6.93801,0.1754,0.1754,0,0,,1,4.892,1.192,0.8158,0.77089,0.175556,0.7757,0.0033,0.0558,0.4941,4.4469,6.9813,0.636973,1.58,0.101002,0.158565,-0.05756334960460663,0.29356,1.9677,0.299761,0.668962,0.421001,,6.955,-0.0000999029,-0.000679999,999,,,,,,,1.8000000000000003,1.8000000000000003,2,2,,,,,,,,,,,,,,,,,,,"Marlon De La Cruz","sa3023833",821023
"Mauricio Colmenares","CIN",0.031,0.0891,0.0261,6.93459,0.2604,0.1574,0,0,,1,4.852,1.2136,0.8142,0.77051,0.186,0.7083,0.0059,0.0511,0.4528,4.0752,6.3747,0.639277,1.674,0.0933223,0.145981,-0.05265869200229645,0.296535,1.9219,0.297527,0.666687,0.405998,,6.95708,-0.0000999029,-0.000679999,999,,,,,,,1.8000000000000003,1.8000000000000003,2,2,,,,,,,,,,,,,,,,,,,"Mauricio Colmenares","sa3022042",811616
"Marcos Pimentel","COL",0.0301,0.0925,0.0287,6.94026,0.1754,0.1754,0,0,,1,4.847,1.2162,0.8151,0.77114,0.186667,0.7038,0.0033,0.0491,0.4454,4.0086,6.3342,0.63285,1.68,0.0918919,0.145203,-0.05331132560968399,0.297062,1.92,0.297378,0.666137,0.408005,,6.96105,-0.0000999029,-0.000679999,999,,,,,,,1.8000000000000003,1.8000000000000003,2,2,,,,,,,,,,,,,,,,,,,"Marcos Pimentel","sa3024085",821021
"Leuris Portorreal","WSN",0.029,0.093,0.0302,6.80535,0.2043,0.1693,0,0,,1,4.805,1.2048,0.7999,0.75615,0.187556,0.6798,0.0041,0.0497,0.4144,3.7296,6.1182,0.609591,1.688,0.0862435,0.141478,-0.05523412674665451,0.29562,1.8846,0.292855,0.668733,0.408532,,6.9644,-0.0000999029,-0.000679999,999,,,,,,,1.8000000000000003,1.8000000000000003,2,2,,,,,,,,,,,,,,,,,,,"Leuris Portorreal","sa3021520",808224
"Jesus Colina","CIN",0.0312,0.0889,0.0267,6.90192,0.2579,0.1579,0,0,,1,4.854,1.2122,0.8113,0.76688,0.182778,0.7144,0.0058,0.0523,0.4374,3.9366,6.4296,0.612262,1.645,0.0901112,0.147178,-0.05706632882356644,0.296577,1.9266,0.29691,0.66756,0.414988,,6.96789,-0.0000999029,-0.000679999,999,,,,,,,1.8000000000000003,1.8000000000000003,2,2,,,,,,,,,,,,,,,,,,,"Jesus Colina","sa3019776",806239
"Edgar Leon","LAD",0.0303,0.0917,0.0283,6.92721,0.1919,0.1719,0,0,,1,4.867,1.1943,0.8136,0.76969,0.183111,0.7445,0.0038,0.0514,0.4797,4.3173,6.7005,0.644325,1.648,0.0985617,0.152969,-0.054407231509685516,0.293361,1.9388,0.296685,0.668789,0.40699,,6.97522,-0.0000999029,-0.000679999,999,,,,,,,1.8000000000000003,1.8000000000000003,2,2,,,,,,,,,,,,,,,,,,,"Edgar Leon","sa3019161",800453
"Maxwel Hernandez","PHI",0.0338,0.0864,0.0287,6.78519,0.2505,0.1595,0,0,,1,4.827,1.192,0.7993,0.75391,0.182778,0.7215,0.0056,0.0541,0.447,4.023,6.4935,0.619543,1.645,0.0926041,0.149472,-0.05686761438846588,0.294219,1.9135,0.294954,0.672172,0.433601,,6.97539,-0.0000999029,-0.000679999,999,,,,,,,1.8000000000000003,1.8000000000000003,2,2,,,,,,,,,,,,,,,,,,,"Maxwel Hernandez","sa3018822",800091
"Wifrailyn Jaquez","PIT",0.0296,0.093,0.0279,6.97842,0.1754,0.1754,0,0,,1,4.876,1.2119,0.8199,0.77538,0.181444,0.7389,0.0033,0.0524,0.4608,4.1472,6.6501,0.62363,1.633,0.0945037,0.151538,-0.0570344552397728,0.296693,1.9508,0.299337,0.666499,0.415991,,6.97756,-0.0000999029,-0.000679999,999,,,,,,,1.8000000000000003,1.8000000000000003,2,2,,,,,,,,,,,,,,,,,,,"Wifrailyn Jaquez","sa3024278",823868
"Braulio Salas","MIA",0.0319,0.0849,0.0224,6.94341,0.3659,0.1349,0,0,,1,4.871,1.1977,0.8149,0.77149,0.184444,0.7432,0.0091,0.0511,0.4839,4.3551,6.6888,0.651103,1.66,0.0993431,0.152576,-0.053233422338962555,0.293792,1.9409,0.297286,0.669172,0.399994,,6.97936,-0.0000999029,-0.000679999,999,,,,,,,1.8000000000000003,1.8000000000000003,2,2,,,,,,,,,,,,,,,,,,,"Braulio Salas","sa3019820",806466
"Jonawel Valdez","PIT",0.0276,0.0917,0.022,7.13025,0.2868,0.1518,0,0,,1,4.9,1.2217,0.835,0.79225,0.181444,0.7498,0.0068,0.0492,0.465,4.185,6.7482,0.620165,1.633,0.094898,0.15302,-0.058122456073760986,0.297903,1.9715,0.301126,0.661726,0.387125,,6.99226,-0.0000999029,-0.000679999,999,,,,,,,1.8000000000000003,1.8000000000000003,2,2,,,,,,,,,,,,,,,,,,,"Jonawel Valdez","sa3021755",807835
"Wilmer Lugo","NYM",0.032,0.088,0.0282,6.81561,0.2604,0.1574,0,0,,1,4.94,1.1785,0.8027,0.75729,0.161889,0.8441,0.006,0.0548,0.4816,4.3344,7.5969,0.570548,1.457,0.0974899,0.17087,-0.07338056713342667,0.291629,2.0226,0.299213,0.679248,0.422987,,7.00454,-0.0000999029,-0.000679999,999,,,,,,,1.8000000000000003,1.8000000000000003,2,2,,,,,,,,,,,,,,,,,,,"Wilmer Lugo","sa3024204",808292
"Albert Polanco","MIA",0.0303,0.0918,0.0281,6.94242,0.1919,0.1719,0,0,,1,4.854,1.1826,0.8138,0.77138,0.191556,0.7288,0.0038,0.056,0.5022,4.5198,6.5592,0.689078,1.724,0.103461,0.150144,-0.046683140099048615,0.290622,1.9114,0.293604,0.667956,0.383992,,7.0067,-0.0000999029,-0.000679999,999,,,,,,,3.8000000000000003,3.8000000000000003,4,4,,,,,,,,,,,,,,,,,,,"Albert Polanco","sa3019660",805696
"Janderson Linares","PIT",0.0333,0.0832,0.0244,6.77934,0.375,0.133,0,0,,1,4.925,1.1581,0.7971,0.75326,0.168444,0.837,0.0095,0.056,0.5121,4.6089,7.533,0.611828,1.516,0.10398,0.169949,-0.0659695491194725,0.287227,1.9951,0.295291,0.680961,0.399014,,7.01106,-0.0000999029,-0.000679999,999,,,,,,,3.8000000000000003,3.8000000000000003,4,4,,,,,,,,,,,,,,,,,,,"Janderson Linares","sa3021503",807986
"Dariel Polanco","SDP",0.0297,0.0924,0.0272,6.99102,0.1919,0.1719,0,0,,1,4.837,1.246,0.8212,0.77678,0.190333,0.6643,0.0038,0.0493,0.3846,3.4614,5.9787,0.578955,1.713,0.0795121,0.137337,-0.05782511085271835,0.302178,1.9103,0.297499,0.662537,0.412993,,7.01241,-0.0000999029,-0.000679999,999,,,,,,,1.8000000000000003,1.8000000000000003,2,2,,,,,,,,,,,,,,,,,,,"Dariel Polanco","sa3022419",811595
"Oswaldo Aponte","MIA",0.0299,0.0922,0.0277,6.96357,0.1919,0.1719,0,0,,1,4.884,1.1992,0.8182,0.77373,0.180556,0.7554,0.0038,0.0561,0.4678,4.2102,6.7986,0.619275,1.625,0.0957821,0.154668,-0.058886170387268066,0.294463,1.9546,0.297489,0.667755,0.415008,,7.0126,-0.0000999029,-0.000679999,999,,,,,,,1.8000000000000003,1.8000000000000003,2,2,,,,,,,,,,,,,,,,,,,"Oswaldo Aponte","sa3021023",808713
"Jeison Calvo","ARI",0.0297,0.0919,0.0261,7.01523,0.2109,0.1679,0,0,,1,4.889,1.1946,0.8232,0.77947,0.183889,0.7634,0.0044,0.0543,0.497,4.473,6.8706,0.651035,1.655,0.101657,0.156146,-0.05448966473340988,0.29342,1.958,0.298109,0.667311,0.40201,,7.01614,-0.0000999029,-0.000679999,999,,,,,,,1.8000000000000003,1.8000000000000003,2,2,,,,,,,,,,,,,,,,,,,"Jeison Calvo","sa3022120",808018
"Anderson Cardenas","ARI",0.0328,0.0804,0.0181,6.95412,0.4846,0.1096,0,0,,1,4.894,1.1692,0.8152,0.77268,0.184333,0.792,0.0128,0.0507,0.5366,4.8294,7.128,0.677525,1.659,0.109644,0.161831,-0.052186354994773865,0.288599,1.9612,0.295723,0.672877,0.384993,,7.01771,-0.0000999029,-0.000679999,999,,,,,,,3.8000000000000003,3.8000000000000003,4,4,,,,,,,,,,,,,,,,,,,"Anderson Cardenas","sa3020991",807966
"Dawel Serda","ARI",0.0301,0.0909,0.0257,6.99885,0.2332,0.1632,0,0,,1,4.877,1.2006,0.8213,0.77765,0.186111,0.7467,0.0051,0.0509,0.4763,4.2867,6.7203,0.637873,1.675,0.0976625,0.153106,-0.05544392019510269,0.294308,1.9473,0.296896,0.667558,0.400997,,7.02612,-0.0000999029,-0.000679999,999,,,,,,,1.8000000000000003,1.8000000000000003,2,2,,,,,,,,,,,,,,,,,,,"Dawel Serda","sa3021486",806913
"Winyer Chourio","SDP",0.0309,0.0875,0.0235,6.9993,0.314,0.146,0,0,,1,4.892,1.2025,0.822,0.7777,0.181667,0.7604,0.0076,0.0552,0.4683,4.2147,6.8436,0.61586,1.635,0.0957277,0.155437,-0.05970972031354904,0.294991,1.9629,0.297929,0.667753,0.41,,7.03835,-0.0000999029,-0.000679999,999,,,,,,,1.8000000000000003,1.8000000000000003,2,2,,,,,,,,,,,,,,,,,,,"Winyer Chourio","sa3024615",826466
"Cristian Rueda","MIA",0.0318,0.0837,0.0204,6.99561,0.4113,0.1253,0,0,,1,4.911,1.207,0.8225,0.77729,0.175111,0.7852,0.0107,0.0526,0.4571,4.1139,7.0668,0.582145,1.576,0.0930768,0.159886,-0.06680919975042343,0.296327,1.9922,0.299882,0.669531,0.424005,,7.04212,-0.0000999029,-0.000679999,999,,,,,,,1.8000000000000003,1.8000000000000003,2,2,,,,,,,,,,,,,,,,,,,"Cristian Rueda","sa3019172",801386
"Julio Polanco","PHI",0.0289,0.0933,0.0258,7.06509,0.1919,0.1719,0,0,,1,4.898,1.2199,0.8299,0.78501,0.181222,0.7534,0.0038,0.0551,0.4468,4.0212,6.7806,0.593045,1.631,0.0912209,0.153818,-0.06259698420763016,0.298301,1.9733,0.300068,0.664926,0.419571,,7.05427,-0.0000999029,-0.000679999,999,,,,,,,1.8000000000000003,1.8000000000000003,2,2,,,,,,,,,,,,,,,,,,,"Julio Polanco","sa3024522",815015
"Lewis Sifontes","ATL",0.0305,0.0916,0.0288,6.90417,0.1919,0.1719,0,0,,1,4.927,1.1971,0.8121,0.76713,0.169667,0.8119,0.0039,0.0501,0.4508,4.0572,7.3071,0.555241,1.527,0.0914958,0.164786,-0.07329003512859344,0.29449,2.009,0.298279,0.675655,0.412986,,7.05655,-0.0000999029,-0.000679999,999,,,,,,,1.8000000000000003,1.8000000000000003,2,2,,,,,,,,,,,,,,,,,,,"Lewis Sifontes","sa3021016",808508
"Jholbran Herder","LAD",0.0325,0.0808,0.0179,6.98922,0.4846,0.1096,0,0,,1,4.904,1.2029,0.8212,0.77658,0.178222,0.7784,0.0129,0.0528,0.458,4.122,7.0056,0.588386,1.604,0.0933932,0.158728,-0.06533441692590714,0.29535,1.9813,0.298168,0.669885,0.414997,,7.06097,-0.0000999029,-0.000679999,999,,,,,,,1.8000000000000003,1.8000000000000003,2,2,,,,,,,,,,,,,,,,,,,"Jholbran Herder","sa3019272",800408
"Josue Arias","MIA",0.0259,0.096,0.0282,6.9093,0.2068,0.1688,0,0,,1,5.005,1.1723,0.8146,0.7677,0.149556,0.9144,0.0044,0.0666,0.4957,4.4613,8.2296,0.542104,1.346,0.099041,0.182697,-0.08365634083747864,0.291327,2.0867,0.3027,0.677614,0.442684,,7.0623,-0.0000999029,-0.000679999,999,,,,,,,1.8000000000000003,1.8000000000000003,2,2,,,,,,,,,,,,,,,,,,,"Josue Arias","sa3018350",801738
"Emannoel Madeira","CHC",0.0294,0.0924,0.0259,7.03917,0.2043,0.1693,0,0,,1,4.89,1.1973,0.8259,0.78213,0.185778,0.7644,0.0042,0.0512,0.4822,4.3398,6.8796,0.630822,1.672,0.0986094,0.156319,-0.05770961195230484,0.293859,1.9617,0.296946,0.667485,0.401011,,7.06399,-0.0000999029,-0.000679999,999,,,,,,,1.8000000000000003,1.8000000000000003,2,2,,,,,,,,,,,,,,,,,,,"Emannoel Madeira","sa3021737",806892
"Ronny Oliver","STL",0.031,0.0894,0.0265,6.91884,0.2505,0.1595,0,0,,1,4.885,1.1901,0.8127,0.76876,0.180333,0.7615,0.0056,0.0589,0.4532,4.0788,6.8535,0.595141,1.623,0.0927738,0.155885,-0.0631115585565567,0.292796,1.9516,0.294301,0.670283,0.40337,,7.06561,-0.0000999029,-0.000679999,999,,,,,,,1.8000000000000003,1.8000000000000003,2,2,,,,,,,,,,,,,,,,,,,"Ronny Oliver","sa3016624",702390
"Branneli Franco","STL",0.0288,0.0939,0.0263,7.06212,0.1754,0.1754,0,0,,1,4.895,1.2085,0.8289,0.78468,0.184222,0.7594,0.0033,0.0525,0.4653,4.1877,6.8346,0.612721,1.658,0.0950562,0.155138,-0.06008172035217285,0.295976,1.9679,0.298312,0.666086,0.409013,,7.06647,-0.0000999029,-0.000679999,999,,,,,,,1.8000000000000003,1.8000000000000003,2,2,,,,,,,,,,,,,,,,,,,"Branneli Franco","sa3023818",815919
"Alison Zacarias","COL",0.0293,0.0929,0.0264,7.03341,0.1936,0.1716,0,0,,1,4.904,1.1986,0.8261,0.78149,0.180444,0.784,0.0038,0.0498,0.4726,4.2534,7.056,0.602806,1.624,0.0963703,0.159869,-0.06349917501211166,0.294482,1.9826,0.297954,0.668506,0.413996,,7.06846,-0.0000999029,-0.000679999,999,,,,,,,1.8000000000000003,1.8000000000000003,2,2,,,,,,,,,,,,,,,,,,,"Alison Zacarias","sa3022388",808026
"Gabriel Colmenarez","MIL",0.0295,0.0919,0.0254,7.04466,0.22,0.166,0,0,,1,4.891,1.2163,0.8274,0.78274,0.183111,0.7483,0.0047,0.0541,0.4416,3.9744,6.7347,0.590138,1.648,0.0902883,0.152995,-0.06270701438188553,0.297486,1.9646,0.298274,0.665713,0.415017,,7.07092,-0.0000999029,-0.000679999,999,,,,,,,1.8000000000000003,1.8000000000000003,2,2,,,,,,,,,,,,,,,,,,,"Gabriel Colmenarez","sa3022020",808300
"Keuri Almonte","PIT",0.0309,0.0909,0.029,6.87537,0.2018,0.1698,0,0,,1,4.961,1.1602,0.8087,0.76393,0.164556,0.8735,0.0041,0.0602,0.5123,4.6107,7.8615,0.586491,1.481,0.103265,0.176073,-0.07280790060758591,0.288084,2.0337,0.297168,0.679302,0.412013,,7.0822,-0.0000999029,-0.000679999,999,,,,,,,3.8000000000000003,3.8000000000000003,4,4,,,,,,,,,,,,,,,,,,,"Keuri Almonte","sa3021779",808246
"Maximo Gonzalez","COL",0.029,0.0937,0.0265,7.05024,0.1754,0.1754,0,0,,1,4.883,1.1971,0.8266,0.78336,0.189778,0.7538,0.0033,0.0505,0.4779,4.3011,6.7842,0.633988,1.708,0.0978702,0.154372,-0.05650214105844498,0.2935,1.9509,0.295314,0.667157,0.393999,,7.09069,-0.0000999029,-0.000679999,999,,,,,,,1.8000000000000003,1.8000000000000003,2,2,,,,,,,,,,,,,,,,,,,"Maximo Gonzalez","sa3024541",820947
"Ronny Lopez","CHC",0.031,0.0858,0.0211,7.03116,0.3659,0.1349,0,0,,1,4.921,1.1747,0.8249,0.78124,0.180889,0.8204,0.0092,0.0511,0.5187,4.6683,7.3836,0.632253,1.628,0.105405,0.166714,-0.06130868196487427,0.290085,1.9951,0.296668,0.671812,0.399,,7.09514,-0.0000999029,-0.000679999,999,,,,,,,3.8000000000000003,3.8000000000000003,4,4,,,,,,,,,,,,,,,,,,,"Ronny Lopez","sa3021754",807832
"Francisco Mercado","NYM",0.034,0.0855,0.0251,6.97185,0.2727,0.1547,0,0,,1,4.896,1.1894,0.8183,0.77465,0.188222,0.7656,0.0063,0.0502,0.4762,4.2858,6.8904,0.621996,1.694,0.0972631,0.156373,-0.059109486639499664,0.291505,1.955,0.293104,0.672011,0.399158,,7.10837,-0.0000999029,-0.000679999,999,,,,,,,1.8000000000000003,1.8000000000000003,2,2,,,,,,,,,,,,,,,,,,,"Francisco Mercado","sa3019652",805781
"Daury Vasquez","ARI",0.03,0.0891,0.0228,7.06401,0.2942,0.1502,0,0,,1,4.923,1.1968,0.8296,0.78489,0.178889,0.8011,0.007,0.0558,0.4729,4.2561,7.2099,0.590313,1.61,0.0960593,0.162726,-0.06666667014360428,0.294336,1.9979,0.298131,0.668572,0.414992,,7.11694,-0.0000999029,-0.000679999,999,,,,,,,1.8000000000000003,1.8000000000000003,2,2,,,,,,,,,,,,,,,,,,,"Daury Vasquez","sa3021767",808035
"Jose Vasquez","LAD",0.0317,0.0822,0.0176,7.05807,0.4624,0.1144,0,0,,1,4.952,1.1701,0.8284,0.78423,0.175889,0.8526,0.0123,0.0578,0.5251,4.7259,7.6734,0.615881,1.583,0.106038,0.172173,-0.06613488495349884,0.289514,2.0227,0.297614,0.672294,0.406005,,7.13404,-0.0000999029,-0.000679999,999,,,,,,,3.8000000000000003,3.8000000000000003,4,4,,,,,,,,,,,,,,,,,,,"Jose Vasquez","sa3022116",807833
"Greudis De Los Santos","ARI",0.0289,0.0922,0.0241,7.10316,0.2266,0.1646,0,0,,1,4.936,1.19,0.8339,0.78924,0.178667,0.8169,0.0049,0.0599,0.492,4.428,7.3521,0.602277,1.608,0.0996759,0.165498,-0.065822534263134,0.293161,2.0069,0.298458,0.667704,0.413006,,7.13555,-0.0000999029,-0.000679999,999,,,,,,,1.8000000000000003,1.8000000000000003,2,2,,,,,,,,,,,,,,,,,,,"Greudis De Los Santos","sa3022012",808107
"Jaitoine Kelly","ARI",0.0283,0.0938,0.0248,7.11774,0.1919,0.1719,0,0,,1,4.93,1.2041,0.836,0.79086,0.178889,0.8073,0.0039,0.0512,0.4654,4.1886,7.2657,0.57649,1.61,0.0944016,0.163753,-0.06935091316699982,0.295739,2.0114,0.299139,0.667479,0.418426,,7.13674,-0.0000999029,-0.000679999,999,,,,,,,1.8000000000000003,1.8000000000000003,2,2,,,,,,,,,,,,,,,,,,,"Jaitoine Kelly","sa3024275",823858
"Ayendy Bravo","MIL",0.0311,0.0844,0.0193,7.09137,0.4113,0.1253,0,0,,1,4.922,1.2024,0.8322,0.78793,0.181556,0.7989,0.0107,0.0493,0.4671,4.2039,7.1901,0.584679,1.634,0.0949004,0.162312,-0.0674116313457489,0.295154,2.0013,0.298044,0.669158,0.40799,,7.1371,-0.0000999029,-0.000679999,999,,,,,,,1.8000000000000003,1.8000000000000003,2,2,,,,,,,,,,,,,,,,,,,"Ayendy Bravo","sa3024090",821131
"Marlon Nieves","LAD",0.028,0.0948,0.0246,7.15023,0.1754,0.1754,0,0,,1,4.914,1.2006,0.8381,0.79447,0.187556,0.784,0.0033,0.053,0.4826,4.3434,7.056,0.615561,1.688,0.0982092,0.159544,-0.06133496016263962,0.294481,1.9846,0.297356,0.665787,0.398002,,7.1505,-0.0000999029,-0.000679999,999,,,,,,,1.8000000000000003,1.8000000000000003,2,2,,,,,,,,,,,,,,,,,,,"Marlon Nieves","sa3021567",812363
"Walvin Mena","ARI",0.0283,0.0939,0.0242,7.14645,0.1952,0.1712,0,0,,1,4.882,1.2221,0.8372,0.79405,0.195,0.7258,0.0039,0.0517,0.4392,3.9528,6.5322,0.605125,1.755,0.0899631,0.148669,-0.058705441653728485,0.297746,1.9479,0.295969,0.663144,0.391997,,7.15558,-0.0000999029,-0.000679999,999,,,,,,,1.8000000000000003,1.8000000000000003,2,2,,,,,,,,,,,,,,,,,,,"Walvin Mena","sa3021505",808005
"Joseph Herrera","SDP",0.0318,0.0847,0.0223,6.94863,0.375,0.133,0,0,,1,4.977,1.1804,0.8174,0.77207,0.164333,0.8818,0.0096,0.0515,0.4717,4.2453,7.9362,0.534929,1.479,0.094776,0.177175,-0.08239903301000595,0.291911,2.0622,0.298171,0.679427,0.416011,,7.15931,-0.0000999029,-0.000679999,999,,,,,,,1.8000000000000003,1.8000000000000003,2,2,,,,,,,,,,,,,,,,,,,"Joseph Herrera","sa3024471",823877
"David Bracho","CHC",0.0315,0.0829,0.0176,7.09722,0.4492,0.1172,0,0,,1,4.944,1.2028,0.8343,0.78858,0.173333,0.833,0.0119,0.052,0.4576,4.1184,7.497,0.54934,1.56,0.0925566,0.168487,-0.07593041658401489,0.296329,2.0358,0.300305,0.670056,0.427068,,7.15961,-0.0000999029,-0.000679999,999,,,,,,,1.8000000000000003,1.8000000000000003,2,2,,,,,,,,,,,,,,,,,,,"David Bracho","sa3019080",803425
"Alexander De Los Santos","PHI",0.0283,0.0934,0.0235,7.16247,0.2109,0.1679,0,0,,1,4.915,1.201,0.8391,0.79583,0.189556,0.7802,0.0045,0.0537,0.4853,4.3677,7.0218,0.62202,1.706,0.0987386,0.158739,-0.059999994933605194,0.294283,1.9812,0.296938,0.665628,0.393013,,7.1618,-0.0000999029,-0.000679999,999,,,,,,,1.8000000000000003,1.8000000000000003,2,2,,,,,,,,,,,,,,,,,,,"Alexander De Los Santos","sa3023083",808167
"Miguel Cruz","CHC",0.0313,0.0892,0.0274,6.8913,0.2431,0.1611,0,0,,1,4.978,1.1672,0.8118,0.7657,0.160889,0.901,0.0055,0.0561,0.4752,4.2768,8.109,0.527414,1.448,0.09546,0.180996,-0.08553636819124222,0.290283,2.0682,0.297302,0.681731,0.42764,,7.17894,-0.0000999029,-0.000679999,999,,,,,,,1.8000000000000003,1.8000000000000003,2,2,,,,,,,,,,,,,,,,,,,"Miguel Cruz","sa3021768",808053
"Maikel Rodriguez","MIA",0.0286,0.0924,0.0229,7.16382,0.2332,0.1632,0,0,,1,4.898,1.2128,0.8392,0.79598,0.193111,0.7555,0.0051,0.0492,0.4558,4.1022,6.7995,0.603309,1.738,0.0930584,0.154247,-0.06118825078010559,0.296289,1.9683,0.296044,0.664981,0.391003,,7.17942,-0.0000999029,-0.000679999,999,,,,,,,1.8000000000000003,1.8000000000000003,2,2,,,,,,,,,,,,,,,,,,,"Maikel Rodriguez","sa3024559",821097
"Bladimir Pichardo","PIT",0.0314,0.0821,0.0167,7.12098,0.4772,0.1112,0,0,,1,4.96,1.1942,0.8363,0.79122,0.174444,0.8466,0.0128,0.0549,0.4774,4.2966,7.6194,0.563903,1.57,0.09625,0.170685,-0.07443548738956451,0.294247,2.0408,0.299342,0.670441,0.418994,,7.18396,-0.0000999029,-0.000679999,999,,,,,,,1.8000000000000003,1.8000000000000003,2,2,,,,,,,,,,,,,,,,,,,"Bladimir Pichardo","sa3022123",808097
"Luis Carias","LAD",0.0274,0.0954,0.0235,7.20675,0.1754,0.1754,0,0,,1,4.9,1.2275,0.8444,0.80075,0.192778,0.7446,0.0033,0.0501,0.4349,3.9141,6.7014,0.584072,1.735,0.0887551,0.151959,-0.0632040798664093,0.299004,1.9721,0.297537,0.662491,0.398005,,7.18689,-0.0000999029,-0.000679999,999,,,,,,,1.8000000000000003,1.8000000000000003,2,2,,,,,,,,,,,,,,,,,,,"Luis Carias","sa3021006",808218
"Hanfermin Vargas","PHI",0.0273,0.0955,0.0233,7.21908,0.1754,0.1754,0,0,,1,4.902,1.2305,0.8458,0.80212,0.193111,0.7406,0.0033,0.0525,0.4342,3.9078,6.6654,0.586281,1.738,0.0885761,0.151081,-0.0625050961971283,0.299472,1.9711,0.297964,0.661651,0.398002,,7.18782,-0.0000999029,-0.000679999,999,,,,,,,1.8000000000000003,1.8000000000000003,2,2,,,,,,,,,,,,,,,,,,,"Hanfermin Vargas","sa3024227",820854
"Alfonso Perez","SFG",0.0282,0.0927,0.0224,7.18452,0.2332,0.1632,0,0,,1,4.888,1.2362,0.8419,0.79828,0.194778,0.7135,0.0051,0.0579,0.4088,3.6792,6.4215,0.57295,1.753,0.0836334,0.14597,-0.062336333096027374,0.300296,1.9497,0.296446,0.66058,0.398019,,7.19519,-0.0000999029,-0.000679999,999,,,,,,,1.8000000000000003,1.8000000000000003,2,2,,,,,,,,,,,,,,,,,,,"Alfonso Perez","sa3019659",800479
"Wilmer Blanco","PHI",0.0309,0.0907,0.0254,7.05735,0.2068,0.1688,0,0,,1,4.86,1.1883,0.8274,0.78415,0.198667,0.7451,0.0043,0.0569,0.4788,4.3092,6.7059,0.642598,1.788,0.0985185,0.153313,-0.05479424446821213,0.292829,1.9334,0.292745,0.66817,0.398161,,7.19755,-0.0000999029,-0.000679999,999,,,,,,,1.8000000000000003,1.8000000000000003,2,2,,,,,,,,,,,,,,,,,,,"Wilmer Blanco","sa3019184",804627
"Stiven Rogers","ARI",0.0312,0.0828,0.0169,7.16229,0.4624,0.1144,0,0,,1,4.953,1.1983,0.8403,0.79581,0.179778,0.8286,0.0124,0.0568,0.4736,4.2624,7.4574,0.571567,1.618,0.0956188,0.167293,-0.07167373597621918,0.294596,2.0269,0.298317,0.668428,0.408994,,7.21259,-0.0000999029,-0.000679999,999,,,,,,,1.8000000000000003,1.8000000000000003,2,2,,,,,,,,,,,,,,,,,,,"Stiven Rogers","sa3024560",821098
"Roman Camacho","LAD",0.0289,0.0902,0.0209,7.1946,0.2958,0.1498,0,0,,1,4.953,1.2115,0.8448,0.7994,0.178333,0.8241,0.0071,0.0542,0.4504,4.0536,7.4169,0.546536,1.605,0.0909348,0.166384,-0.07544922828674316,0.297323,2.0356,0.299819,0.666766,0.420991,,7.21891,-0.0000999029,-0.000679999,999,,,,,,,1.8000000000000003,1.8000000000000003,2,2,,,,,,,,,,,,,,,,,,,"Roman Camacho","sa3023108",815799
"Abraham Parra","SDP",0.0309,0.0881,0.0231,7.04079,0.2958,0.1498,0,0,,1,4.888,1.192,0.8263,0.78231,0.189556,0.778,0.007,0.0555,0.4515,4.0635,7.002,0.580334,1.706,0.0923691,0.159165,-0.06679624319076538,0.293994,1.97,0.293675,0.67094,0.406392,,7.2282,-0.0000999029,-0.000679999,999,,,,,,,1.8000000000000003,1.8000000000000003,2,2,,,,,,,,,,,,,,,,,,,"Abraham Parra","sa3022369",811600
"Nelvis Ochoa","COL",0.0212,0.1006,0.0134,7.70211,0.22,0.166,0,0,,1,4.898,1.3073,0.8992,0.85579,0.213556,0.6787,0.0047,0.0511,0.4512,4.0608,6.1083,0.6648,1.922,0.0921192,0.138567,-0.046447522938251495,0.313637,1.986,0.312191,0.644212,0.402852,,7.2297,-0.0000999029,-0.000679999,999,,,,,,,1.8000000000000003,1.8000000000000003,2,2,,,,,,,,,,,,,,,,,,,"Nelvis Ochoa","sa3015932",691440
"Whilmer Guerra","ATL",0.0324,0.0865,0.0187,7.32159,0.2934,0.1504,0,0,,1,4.928,1.2566,0.858,0.81351,0.190444,0.7474,0.007,0.0532,0.4061,3.6549,6.7266,0.54335,1.714,0.0824067,0.151664,-0.06925730407238007,0.304453,2.004,0.301954,0.659615,0.408903,,7.23186,-0.0000999029,-0.000679999,999,,,,,,,1.8000000000000003,1.8000000000000003,2,2,,,,,,,,,,,,,,,,,,,"Whilmer Guerra","sa3021538",808501
"Estarlin Francisco","MIA",0.0269,0.0959,0.0227,7.24851,0.1754,0.1754,0,0,,1,4.921,1.2224,0.8494,0.80539,0.190889,0.7713,0.0033,0.0528,0.4374,3.9366,6.9417,0.567095,1.718,0.0888844,0.156736,-0.06785205751657486,0.298372,1.9937,0.297384,0.662803,0.400992,,7.24554,-0.0000999029,-0.000679999,999,,,,,,,1.8000000000000003,1.8000000000000003,2,2,,,,,,,,,,,,,,,,,,,"Estarlin Francisco","sa3023693",820966
"Leodarlyn Colon","WSN",0.026,0.0951,0.023,7.1478,0.2365,0.1625,0,0,,1,4.886,1.2071,0.8376,0.7942,0.193222,0.7577,0.0052,0.0526,0.4208,3.7872,6.8193,0.555365,1.739,0.0861236,0.155076,-0.06895211338996887,0.29617,1.9648,0.292886,0.665294,0.394534,,7.26767,-0.0000999029,-0.000679999,999,,,,,,,1.8000000000000003,1.8000000000000003,2,2,,,,,,,,,,,,,,,,,,,"Leodarlyn Colon","sa3019719",805741
"Darian Rivero","CHC",0.0264,0.096,0.021,7.32195,0.1903,0.1723,0,0,,1,4.932,1.2322,0.8573,0.81355,0.192778,0.7676,0.0038,0.0556,0.4365,3.9285,6.9084,0.568656,1.735,0.0885037,0.155637,-0.06713300198316574,0.299893,1.9998,0.298726,0.660439,0.398006,,7.26919,-0.0000999029,-0.000679999,999,,,,,,,1.8000000000000003,1.8000000000000003,2,2,,,,,,,,,,,,,,,,,,,"Darian Rivero","sa3024528",815855
"Rudit Pina","ATL",0.0271,0.0948,0.0215,7.27443,0.2068,0.1688,0,0,,1,4.949,1.2009,0.852,0.80827,0.188889,0.8195,0.0043,0.0529,0.48,4.32,7.3755,0.585723,1.7,0.0969893,0.165589,-0.06859973073005676,0.294584,2.0204,0.296977,0.665393,0.39499,,7.27924,-0.0000999029,-0.000679999,999,,,,,,,1.8000000000000003,1.8000000000000003,2,2,,,,,,,,,,,,,,,,,,,"Rudit Pina","sa3022030",808531
"Jesus Lopez","SDP",0.0314,0.0858,0.0208,7.05735,0.356,0.137,0,0,,1,4.874,1.1739,0.8262,0.78415,0.200444,0.7745,0.0089,0.0514,0.4788,4.3092,6.9705,0.618205,1.804,0.0982355,0.158904,-0.06066885590553284,0.289988,1.9484,0.288957,0.672871,0.376884,,7.29236,-0.0000999029,-0.000679999,999,,,,,,,1.8000000000000003,1.8000000000000003,2,2,,,,,,,,,,,,,,,,,,,"Jesus Lopez","sa3021485",806882
"Pedro Peralta","PHI",0.0269,0.0946,0.0204,7.31592,0.22,0.166,0,0,,1,4.952,1.2039,0.8563,0.81288,0.190889,0.8178,0.0048,0.0537,0.4842,4.3578,7.3602,0.592076,1.718,0.0977787,0.165145,-0.06736671179533005,0.295037,2.0217,0.297471,0.664252,0.390014,,7.29414,-0.0000999029,-0.000679999,999,,,,,,,1.8000000000000003,1.8000000000000003,2,2,,,,,,,,,,,,,,,,,,,"Pedro Peralta","sa3022182",808155
"Justin Militello","ATL",0.0321,0.085,0.0158,7.43553,0.356,0.137,0,0,,1,4.981,1.243,0.8706,0.82617,0.186889,0.8135,0.0091,0.0553,0.4522,4.0698,7.3215,0.55587,1.682,0.090785,0.163321,-0.07253563404083252,0.302271,2.0565,0.304082,0.660722,0.4059,,7.29804,-0.0000999029,-0.000679999,999,,,,,,,1.8000000000000003,1.8000000000000003,2,2,,,,,,,,,,,,,,,,,,,"Justin Militello","sa3023568",805505
"Luis Morellis","CIN",0.0298,0.0858,0.0151,7.33122,0.4113,0.1253,0,0,,1,4.924,1.1993,0.8574,0.81458,0.214222,0.7843,0.0107,0.0542,0.5784,5.2056,7.0587,0.737473,1.928,0.117465,0.159281,-0.041815608739852905,0.29355,1.9836,0.299154,0.668888,0.393395,,7.31007,-0.0000999029,-0.000679999,999,,,,,,,3.8000000000000003,3.8000000000000003,4,4,,,,,,,,,,,,,,,,,,,"Luis Morellis","sa3021489",807260
"Angel Beltran","ARI",0.0274,0.0926,0.0195,7.31826,0.2653,0.1563,0,0,,1,4.956,1.2136,0.8571,0.81314,0.189222,0.8147,0.0062,0.0532,0.4593,4.1337,7.3323,0.563766,1.703,0.0926756,0.164387,-0.07171106338500977,0.296862,2.0283,0.297821,0.664176,0.397993,,7.31147,-0.0000999029,-0.000679999,999,,,,,,,1.8000000000000003,1.8000000000000003,2,2,,,,,,,,,,,,,,,,,,,"Angel Beltran","sa3024556",821063
"Cristobal Abreu","ATL",0.0329,0.0825,0.015,7.41609,0.4113,0.1253,0,0,,1,4.979,1.2374,0.8684,0.82401,0.187111,0.8206,0.0108,0.0517,0.4484,4.0356,7.3854,0.546429,1.684,0.0900582,0.164812,-0.07475396245718002,0.301313,2.058,0.302573,0.662344,0.403318,,7.31902,-0.0000999029,-0.000679999,999,,,,,,,1.8000000000000003,1.8000000000000003,2,2,,,,,,,,,,,,,,,,,,,"Cristobal Abreu","sa3022169",808515
"Carlos Canales","MIL",0.0301,0.0839,0.0152,7.30863,0.4624,0.1144,0,0,,1,4.966,1.2138,0.8561,0.81207,0.186889,0.8241,0.0124,0.056,0.447,4.023,7.4169,0.54241,1.682,0.0900121,0.165948,-0.07593636959791183,0.29707,2.0379,0.297482,0.665332,0.400011,,7.34234,-0.0000999029,-0.000679999,999,,,,,,,1.8000000000000003,1.8000000000000003,2,2,,,,,,,,,,,,,,,,,,,"Carlos Canales","sa3024076",815766
"Edward Cedano","ATL",0.0266,0.0949,0.0204,7.31943,0.22,0.166,0,0,,1,4.997,1.2,0.8589,0.81327,0.177889,0.8829,0.0048,0.0531,0.4636,4.1724,7.9461,0.525088,1.601,0.0927757,0.176686,-0.08391033858060837,0.295494,2.0829,0.298906,0.667446,0.419986,,7.35984,-0.0000999029,-0.000679999,999,,,,,,,1.8000000000000003,1.8000000000000003,2,2,,,,,,,,,,,,,,,,,,,"Edward Cedano","sa3021792",808523
"Yuliangel De La Cruz","LAD",0.0264,0.0949,0.0197,7.34868,0.2224,0.1654,0,0,,1,4.958,1.2174,0.8607,0.81652,0.190778,0.8091,0.0049,0.0579,0.434,3.906,7.2819,0.536398,1.717,0.0875353,0.163191,-0.0756555050611496,0.29758,2.0265,0.296179,0.662608,0.4,,7.37959,-0.0000999029,-0.000679999,999,,,,,,,1.8000000000000003,1.8000000000000003,2,2,,,,,,,,,,,,,,,,,,,"Yuliangel De La Cruz","sa3018858",800447
"Bayant Melo","MIA",0.0251,0.0979,0.0195,7.41465,0.1754,0.1754,0,0,,1,5.033,1.1913,0.8697,0.82385,0.176667,0.9262,0.0034,0.0569,0.4801,4.3209,8.3358,0.518355,1.59,0.0953904,0.184025,-0.08863499760627747,0.294155,2.1175,0.299026,0.667213,0.420002,,7.45225,-0.0000999029,-0.000679999,999,,,,,,,1.8000000000000003,1.8000000000000003,2,2,,,,,,,,,,,,,,,,,,,"Bayant Melo","sa3022028",808485
"Erick Reynoso","ARI",0.0257,0.0946,0.0162,7.50141,0.2604,0.1574,0,0,,1,4.963,1.2195,0.8758,0.83349,0.203556,0.8036,0.006,0.0559,0.4511,4.0599,7.2324,0.561349,1.832,0.0908926,0.161918,-0.07102560251951218,0.297185,2.0231,0.294575,0.66008,0.369998,,7.489,-0.0000999029,-0.000679999,999,,,,,,,1.8000000000000003,1.8000000000000003,2,2,,,,,,,,,,,,,,,,,,,"Erick Reynoso","sa3021749",807791
"Jose Garces","PIT",0.0243,0.0932,0.0131,7.59744,0.356,0.137,0,0,,1,5.075,1.2279,0.8901,0.84416,0.168889,0.931,0.0093,0.0645,0.4212,3.7908,8.379,0.452417,1.52,0.0829951,0.183448,-0.1004532054066658,0.300993,2.1589,0.303493,0.659989,0.419644,,7.50613,-0.0000999029,-0.000679999,999,,,,,,,1.8000000000000003,1.8000000000000003,2,2,,,,,,,,,,,,,,,,,,,"Jose Garces","sa3015490",699010
"Jhonly Taveras","ATL",0.0283,0.0935,0.0144,7.65063,0.2068,0.1688,0,0,,1,5.023,1.2337,0.8941,0.85007,0.194111,0.8601,0.0044,0.0577,0.4529,4.0761,7.7409,0.526567,1.747,0.0901652,0.171232,-0.08106708526611328,0.300521,2.0938,0.300617,0.658436,0.392332,,7.53752,-0.0000999029,-0.000679999,999,,,,,,,1.8000000000000003,1.8000000000000003,2,2,,,,,,,,,,,,,,,,,,,"Jhonly Taveras","sa3018847",800353
"Carlos Mateo","PIT",0.0229,0.0966,0.0133,7.6527,0.2958,0.1498,0,0,,1,5.093,1.2162,0.896,0.8503,0.169444,0.9654,0.0073,0.0605,0.4474,4.0266,8.6886,0.463435,1.525,0.0878461,0.189554,-0.10170822590589523,0.299034,2.1816,0.303385,0.661188,0.415212,,7.55216,-0.0000999029,-0.000679999,999,,,,,,,1.8000000000000003,1.8000000000000003,2,2,,,,,,,,,,,,,,,,,,,"Carlos Mateo","sa3022011",808102
"Darcy Longstaff","CIN",0.0252,0.0942,0.0125,7.69356,0.2892,0.1512,0,0,,1,4.943,1.2563,0.8976,0.85484,0.233111,0.749,0.007,0.0498,0.4813,4.3317,6.741,0.64259,2.098,0.09737,0.151527,-0.05415739864110947,0.303147,2.0053,0.298324,0.65976,0.386028,,7.63072,-0.0000999029,-0.000679999,999,,,,,,,1.8000000000000003,1.8000000000000003,2,2,,,,,,,,,,,,,,,,,,,"Darcy Longstaff","sa3022180",807629
"Ross Detwiler","CIN",0.0477,0.0501,0,4.46958,1,0,0,0,,1,4.352,0.9855,0.5318,0.49662,0.154667,0.3858,0.0271,0.0593,0.9551,8.5959,3.4722,2.47564,1.392,0.219462,0.0886489,0.13081341236829758,0.252246,1.3713,0.29703,0.726987,0.406339,,4.60225,-0.00016831,-0.0416362,999,,,,,,,6.800000000000001,6.800000000000001,7,7,,,,,,,,,,,,,,,,,,,"Ross Detwiler","2859",446321
"Reggie Crawford","SFG",0.0516,0.0521,0.0202,3.88593,0.793,0.044,0,0,,1,4.324,0.8935,0.4674,0.43177,0.114444,0.4427,0.0194,0.0528,1.0415,9.3735,3.9843,2.35261,1.03,0.240865,0.102382,0.13848289102315903,0.233381,1.3362,0.291502,0.738789,0.408858,,4.05776,-0.000419812,0.0543435,999,,,,,,,6.800000000000001,6.800000000000001,7,7,,,,,,,,,,,,,,,,,,,"Reggie Crawford","sa3020457",686846
"Ryan Och","SDP",0.0497,0.0482,0,4.06458,1,0,0,0,,1,4.352,0.9004,0.4879,0.45162,0.122111,0.5065,0.0251,0.0467,0.9952,8.9568,4.5585,1.96486,1.099,0.228676,0.116383,0.11229318380355835,0.237022,1.4069,0.290245,0.743561,0.416282,,4.42312,-0.000565513,0.0568785,999,,,,,,,3.8000000000000003,3.8000000000000003,4,4,,,,,,,,,,,,,,,,,,,"Ryan Och","sa3017146",701000
"Tyler Jay","MIL",0.0491,0.0488,0,4.03632,1,0,0,0,,1,4.292,0.9947,0.4868,0.44848,0.124222,0.3425,0.0245,0.0467,0.8223,7.4007,3.0825,2.40088,1.118,0.191589,0.0797996,0.11178938299417496,0.254868,1.3372,0.294451,0.731031,0.451024,,4.30437,-0.000654496,0.055715,999,,,,,,,6.800000000000001,6.800000000000001,7,7,,,,,,,,,,,,,,,,,,,"Tyler Jay","17952",664079
"Cole Paplham","SDP",0.0489,0.049,0,4.19823,1,0,0,0,,1,4.335,0.9477,0.5042,0.46647,0.123889,0.4456,0.025,0.0469,0.9096,8.1864,4.0104,2.04129,1.115,0.209827,0.102791,0.10703575611114502,0.246636,1.3933,0.293274,0.728857,0.440517,,4.43534,-0.000705748,-0.0501649,999,,,,,,,6.800000000000001,6.800000000000001,7,7,,,,,,,,,,,,,,,,,,,"Cole Paplham","sa3020749",800996
"Jake Woodford","COL",0.4462,0.5317,0,4.76991,10,0,0,0.5573,,10,43.44,11.2134,5.6823,5.2999,1.49222,2.6533,0.2106,0.5423,7.8029,7.02261,2.38797,2.94083,1.343,0.179625,0.0610797,0.11854511126875877,0.278633,1.38667,0.3141,0.694913,0.448164,,4.50447,-0.000734487,-0.00118868,999,,,,,,,41.1,4.11,45,4.5,9.62,7.18,5.81,4.85,4.1,3.46,2.89,2.34,1.75,5.83,5.56,5.38,5.22,5.08,4.95,4.81,4.65,4.43,"Jake Woodford","18674",663765
"Josh Maciejewski","MIL",0.0488,0.0491,0,4.09761,1,0,0,0,,1,4.303,0.9861,0.4924,0.45529,0.129667,0.3571,0.0246,0.043,0.869,7.821,3.2139,2.43349,1.167,0.201952,0.0829886,0.11896351724863052,0.252658,1.3432,0.294891,0.732396,0.431628,,4.31445,-0.000748061,0.0557372,999,,,,,,,6.800000000000001,6.800000000000001,7,7,,,,,,,,,,,,,,,,,,,"Josh Maciejewski","21310",656671
"Jeff Criswell","COL",0.0451,0.0527,0,4.71438,1,0,0,0,,1,4.327,1.0091,0.558,0.52382,0.156889,0.3706,0.0243,0.0384,0.9299,8.3691,3.3354,2.50917,1.412,0.214906,0.0856482,0.1292581483721733,0.257555,1.3797,0.301006,0.708328,0.386161,,4.57324,-0.000798746,-0.0353547,999,,,,,,,6.800000000000001,6.800000000000001,7,7,,,,,,,,,,,,,,,,,,,"Jeff Criswell","27608",676105
"Manuel Castro","SDP",0.0488,0.0491,0,4.22739,1,0,0,0,,1,4.299,0.9597,0.5058,0.46971,0.134889,0.3938,0.0248,0.0418,0.8855,7.9695,3.5442,2.2486,1.214,0.205978,0.0916027,0.11437545716762543,0.248408,1.3535,0.290119,0.727855,0.415309,,4.45584,-0.000951375,-0.0501743,999,,,,,,,6.800000000000001,6.800000000000001,7,7,,,,,,,,,,,,,,,,,,,"Manuel Castro","sa3017493",701195
"Ian Gibaut","CIN",0.0473,0.0506,0,4.56048,1,0,0,0,,1,4.342,0.993,0.542,0.50672,0.154444,0.3866,0.0259,0.0462,0.9409,8.4681,3.4794,2.43378,1.39,0.216697,0.0890373,0.12766007333993912,0.254016,1.3796,0.298009,0.719972,0.405333,,4.59086,-0.00111938,-0.0416362,999,,,,,,,6.800000000000001,6.800000000000001,7,7,,,,,,,,,,,,,,,,,,,"Ian Gibaut","17871",664139
"Matt Hardy","MIL",0.0474,0.0504,0,4.33935,1,0,0,0,,1,4.344,0.9992,0.5203,0.48215,0.130778,0.3905,0.0251,0.0457,0.864,7.776,3.5145,2.21255,1.177,0.198895,0.0898941,0.10900092869997025,0.255694,1.3897,0.298117,0.72053,0.442579,,4.44719,-0.0011392,-0.0470502,999,,,,,,,6.800000000000001,6.800000000000001,7,7,,,,,,,,,,,,,,,,,,,"Matt Hardy","sa3004120",677185
"Joe Jacques","LAD",0.0512,0.0467,0,4.12146,1,0,0,0,,1,4.357,1.0317,0.5001,0.45794,0.113778,0.3752,0.028,0.0649,0.7665,6.8985,3.3768,2.04291,1.024,0.175924,0.0861143,0.08980950713157654,0.263397,1.4069,0.302284,0.726829,0.508009,,4.43289,-0.00114375,-0.0485984,999,,,,,,,6.800000000000001,6.800000000000001,7,7,8.72,6.37,5.08,4.19,3.5,2.92,2.41,1.92,1.41,5.31,5,4.79,4.62,4.47,4.32,4.17,3.99,3.77,"Joe Jacques","25178",682175
"Woo-Suk Go","MIA",0.0451,0.0527,0,4.38201,1,0,0,0,,1,4.359,0.9747,0.5235,0.48689,0.128222,0.4283,0.0252,0.0463,0.9144,8.2296,3.8547,2.13495,1.154,0.209773,0.0982565,0.11151639372110367,0.250927,1.403,0.297869,0.718846,0.414998,,4.42837,-0.00122549,-0.0447974,999,,,,,,,6.800000000000001,6.800000000000001,7,7,,,,,,,,,,,,,,,,,,,"Woo-Suk Go","sa3012630",808970
"Oddanier Mosqueda","STL",0.0495,0.0483,0,4.00824,1,0,0,0,,1,4.357,0.9359,0.4837,0.44536,0.112111,0.4546,0.0252,0.0648,0.9084,8.1756,4.0914,1.99824,1.009,0.208492,0.104338,0.10415423661470413,0.243876,1.3905,0.292426,0.735117,0.443408,,4.36532,-0.00123928,0.0560583,999,,,,,,,6.800000000000001,6.800000000000001,7,7,,,,,,,,,,,,,,,,,,,"Oddanier Mosqueda","sa917882",665996
"Austin Pope","ARI",0.0492,0.0486,0,4.31838,1,0,0,0,,1,4.346,0.9859,0.5171,0.47982,0.119667,0.4133,0.0251,0.0433,0.8947,8.0523,3.7197,2.16477,1.077,0.205867,0.0950989,0.11076851189136505,0.253484,1.3992,0.301295,0.716184,0.427457,,4.30255,-0.00137341,-0.0455387,999,,,,,,,6.800000000000001,6.800000000000001,7,7,,,,,,,,,,,,,,,,,,,"Austin Pope","sa3010816",687166
"Rico Garcia","NYM",0.0508,0.0471,0,4.15683,1,0,0,0,,1,4.29,0.8898,0.4928,0.46187,0.145333,0.4205,0.0236,0.0396,1.0383,9.3447,3.7845,2.4692,1.308,0.242028,0.0980187,0.1440093293786049,0.23233,1.3103,0.281327,0.738594,0.335469,,4.35951,-0.00138623,0.0551949,999,,,,,,,6.800000000000001,6.800000000000001,7,7,,,,,,,,,,,,,,,,,,,"Rico Garcia","20023",670329
"Zach Peek","MIL",0.0474,0.0505,0,4.36752,1,0,0,0,,1,4.344,0.9829,0.5219,0.48528,0.136222,0.4015,0.0251,0.0444,0.9017,8.1153,3.6135,2.24583,1.226,0.207574,0.0924263,0.11514734476804733,0.252149,1.3844,0.296023,0.72255,0.419234,,4.47167,-0.0014161,-0.0470502,999,,,,,,,6.800000000000001,6.800000000000001,7,7,,,,,,,,,,,,,,,,,,,"Zach Peek","sa3014469",686745
"Logan Boyer","LAD",0.0499,0.048,0,4.44159,1,0,0,0,,1,4.35,0.9611,0.5286,0.49351,0.144667,0.4327,0.0251,0.0433,0.9585,8.6265,3.8943,2.21516,1.302,0.220345,0.0994713,0.12087357044219971,0.24809,1.3938,0.294653,0.726286,0.398256,,4.55815,-0.00142735,-0.0485984,999,,,,,,,6.800000000000001,6.800000000000001,7,7,,,,,,,,,,,,,,,,,,,"Logan Boyer","sa3015002",669188
"Peter Strzelecki","PIT",1.1914,1.3517,0,4.54112,26,0,0,0.6021,,26,113.686,26.1693,14.0396,13.1188,3.42911,10.0928,0.6892,1.5495,22.1994,7.68441,3.49366,2.19953,1.187,0.195269,0.0887779,0.1064915731549263,0.256452,1.3947,0.297587,0.706343,0.389519,,4.51673,-0.00144305,0.00191467,999,,,,,,,99.9,3.8423076923076924,103,3.9615384615384617,7.91,6.45,5.57,4.91,4.36,3.88,3.42,2.95,2.41,5.66,5.36,5.15,4.98,4.82,4.67,4.51,4.34,4.11,"Peter Strzelecki","21367",657265
"Dale Stanavich","MIA",0.0457,0.0521,0,4.24719,1,0,0,0,,1,4.394,0.9555,0.5099,0.47191,0.118111,0.4873,0.0254,0.0476,0.9289,8.3601,4.3857,1.90622,1.063,0.211402,0.110901,0.1005006805062294,0.247597,1.4428,0.297782,0.730286,0.430634,,4.44882,-0.00145862,-0.0447974,999,,,,,,,6.800000000000001,6.800000000000001,7,7,,,,,,,,,,,,,,,,,,,"Dale Stanavich","sa3019833",689359
"Riley Martin","CHC",0.0496,0.0483,0,4.03011,1,0,0,0,,1,4.386,0.9022,0.4863,0.44779,0.109889,0.542,0.0253,0.0472,1.0003,9.0027,4.878,1.84557,0.989,0.228067,0.123575,0.10449156910181046,0.237621,1.4442,0.294911,0.742354,0.44466,,4.36204,-0.00147185,0.0560916,999,,,,,,,3.8000000000000003,3.8000000000000003,4,4,,,,,,,,,,,,,,,,,,,"Riley Martin","sa3017601",702303
"Ryan Watson","SFG",0.0483,0.0495,0,4.04136,1,0,0,0,,1,4.283,0.9854,0.4871,0.44904,0.119778,0.3235,0.0247,0.0456,0.8405,7.5645,2.9115,2.59815,1.078,0.196241,0.0755312,0.12070977687835693,0.251769,1.3089,0.293071,0.720112,0.444204,,4.14989,-0.00150221,0.0543545,999,,,,,,,6.800000000000001,6.800000000000001,7,7,,,,,,,,,,,,,,,,,,,"Ryan Watson","sa3015070",670245
"Grant Hartwig","NYM",0.05,0.0479,0,4.23819,1,0,0,0,,1,4.376,0.9704,0.5099,0.47091,0.121667,0.4298,0.0251,0.0639,0.8688,7.8192,3.8682,2.02141,1.095,0.198537,0.0982176,0.10031992942094803,0.249955,1.4002,0.293493,0.7239,0.448828,,4.49165,-0.00152656,-0.0514556,999,,,,,,,6.800000000000001,6.800000000000001,7,7,,,,,,,,,,,,,,,,,,,"Grant Hartwig","29946",701643
"Jorge Mercedes","MIA",0.045,0.0528,0,4.40451,1,0,0,0,,1,4.398,0.9369,0.5253,0.48939,0.126111,0.5029,0.0254,0.0462,0.9956,8.9604,4.5261,1.97972,1.135,0.226376,0.114347,0.11202820390462875,0.24342,1.4398,0.297298,0.72393,0.400537,,4.46202,-0.00160901,-0.0447974,999,,,,,,,3.8000000000000003,3.8000000000000003,4,4,,,,,,,,,,,,,,,,,,,"Jorge Mercedes","sa3019110",682724
"Tyler Samaniego","PIT",0.0466,0.0512,0,4.34898,1,0,0,0,,1,4.407,1.0055,0.5227,0.48322,0.113667,0.4617,0.0255,0.0457,0.8286,7.4574,4.1553,1.79467,1.023,0.188019,0.104765,0.08325391262769699,0.257847,1.4672,0.301567,0.722058,0.444736,,4.50915,-0.00176466,-0.0445351,999,,,,,,,6.800000000000001,6.800000000000001,7,7,,,,,,,,,,,,,,,,,,,"Tyler Samaniego","sa3017876",701719
"Zack Weiss","STL",0.0484,0.0494,0,4.24161,1,0,0,0,,1,4.323,0.9583,0.507,0.47129,0.131222,0.4065,0.0269,0.0446,0.9059,8.1531,3.6585,2.22854,1.181,0.209554,0.0940319,0.1155216321349144,0.247501,1.3648,0.291761,0.726279,0.403372,,4.41387,-0.00180192,-0.0485826,999,,,,,,,6.800000000000001,6.800000000000001,7,7,,,,,,,,,,,,,,,,,,,"Zack Weiss","15444",592848
"Nigel Belgrave","MIA",0.0449,0.0529,0,4.39623,1,0,0,0,,1,4.409,0.98,0.5282,0.48847,0.115222,0.4847,0.0255,0.0512,0.8932,8.0388,4.3623,1.84279,1.037,0.202586,0.109934,0.09265139698982239,0.253027,1.4647,0.301876,0.718512,0.458743,,4.48567,-0.00187832,-0.0447974,999,,,,,,,6.800000000000001,6.800000000000001,7,7,,,,,,,,,,,,,,,,,,,"Nigel Belgrave","sa3023180",811310
"Adam Laskey","MIA",0.0482,0.0626,0.0405,4.34241,0.5506,0.0956,0,0,,1,4.389,1.0677,0.5263,0.48249,0.108,0.3931,0.013,0.0481,0.704,6.336,3.5379,1.79089,0.972,0.160401,0.0895648,0.07083617895841599,0.270454,1.4608,0.306046,0.713577,0.510436,,4.48608,-0.001883,-0.0447974,999,,,,,,,6.800000000000001,6.800000000000001,7,7,,,,,,,,,,,,,,,,,,,"Adam Laskey","sa3014851",669445
"Kyle Backhus","ARI",0.0501,0.0492,0.0041,4.22784,0.9522,0.0102,0,0,,1,4.385,0.9955,0.5097,0.46976,0.107444,0.448,0.024,0.0523,0.859,7.731,4.032,1.91741,0.967,0.195895,0.102166,0.09372861683368683,0.256262,1.4435,0.30431,0.722153,0.463654,,4.34616,-0.00188678,-0.0455387,999,,,,,,,6.800000000000001,6.800000000000001,7,7,,,,,,,,,,,,,,,,,,,"Kyle Backhus","sa3017068",679775
"Austin Schulfer","PHI",0.0491,0.0517,0.008,4.41972,0.9011,0.0211,0,0,,1,4.351,1.0028,0.5308,0.49108,0.131556,0.4048,0.0225,0.0529,0.7917,7.1253,3.6432,1.95578,1.184,0.181958,0.0930361,0.08892209827899933,0.257571,1.4076,0.293344,0.716678,0.458651,,4.6664,-0.00188879,-0.0460216,999,,,,,,,6.800000000000001,6.800000000000001,7,7,,,,,,,,,,,,,,,,,,,"Austin Schulfer","sa3007585",662165
"Michael Stryffeler","SFG",0.0479,0.0499,0,4.13802,1,0,0,0,,1,4.354,0.9213,0.4956,0.45978,0.118444,0.455,0.0251,0.0445,1.0115,9.1035,4.095,2.22308,1.066,0.232315,0.104502,0.12781350314617157,0.239019,1.3763,0.294674,0.727564,0.405831,,4.18176,-0.00190022,0.0543324,999,,,,,,,6.800000000000001,6.800000000000001,7,7,,,,,,,,,,,,,,,,,,,"Michael Stryffeler","sa3010005",691068
"Phil Bickford","CHC",0.048,0.0499,0,4.3866,1,0,0,0,,1,4.299,0.9498,0.5198,0.4874,0.146222,0.375,0.032,0.0482,0.9447,8.5023,3.375,2.5192,1.316,0.219749,0.0872296,0.1325192004442215,0.245059,1.3248,0.28855,0.718693,0.356235,,4.44757,-0.00192179,-0.0496548,999,,,,,,,6.800000000000001,6.800000000000001,7,7,,,,,,,,,,,,,,,,,,,"Phil Bickford","18519",641360
"Tyler Schoff","WSN",0.0459,0.0519,0,4.40514,1,0,0,0,,1,4.344,1.0013,0.5277,0.48946,0.131222,0.4027,0.0251,0.0424,0.8045,7.2405,3.6243,1.99777,1.181,0.185198,0.0927026,0.092495396733284,0.256816,1.404,0.29363,0.718109,0.433902,,4.59867,-0.0021044,-0.0469569,999,,,,,,,6.800000000000001,6.800000000000001,7,7,,,,,,,,,,,,,,,,,,,"Tyler Schoff","sa3017545",694887
"Cameron Cotter","SFG",0.0477,0.0501,0,4.12461,1,0,0,0,,1,4.314,1.0318,0.4994,0.45829,0.112222,0.3276,0.0249,0.04,0.7638,6.8742,2.9484,2.3315,1.01,0.177051,0.0759388,0.10111265629529953,0.261453,1.3594,0.2995,0.715302,0.484952,,4.20057,-0.00211271,0.0543435,999,,,,,,,6.800000000000001,6.800000000000001,7,7,,,,,,,,,,,,,,,,,,,"Cameron Cotter","sa3021726",694650
"Nick Vespi","PHI",0.049,0.0488,0,4.27095,1,0,0,0,,1,4.337,0.9903,0.5132,0.47455,0.130333,0.4123,0.0261,0.0421,0.8197,7.3773,3.7107,1.98812,1.173,0.189002,0.0950657,0.09393590688705444,0.255061,1.4026,0.293247,0.728937,0.444619,,4.58461,-0.00213253,-0.0460596,999,,,,,,,6.800000000000001,6.800000000000001,7,7,,,,,,,,,,,,,,,,,,,"Nick Vespi","21093",663989
"Ty Adcock","NYM",0.0504,0.0475,0,4.19769,1,0,0,0,,1,4.301,0.9646,0.5019,0.46641,0.137222,0.3638,0.0242,0.042,0.9195,8.2755,3.2742,2.52749,1.235,0.213787,0.084585,0.12920250743627548,0.247638,1.3284,0.291486,0.727368,0.407143,,4.32877,-0.00214934,-0.051399,999,,,,,,,6.800000000000001,6.800000000000001,7,7,,,,,,,,,,,,,,,,,,,"Ty Adcock","25651",686654
"Chase Costello","MIL",0.0471,0.0507,0,4.38894,1,0,0,0,,1,4.369,1.0029,0.5269,0.48766,0.128333,0.4162,0.0252,0.0463,0.8423,7.5807,3.7458,2.02379,1.155,0.19279,0.0952621,0.09752804040908813,0.256726,1.4191,0.29789,0.719845,0.452998,,4.53771,-0.00216265,-0.0470502,999,,,,,,,6.800000000000001,6.800000000000001,7,7,,,,,,,,,,,,,,,,,,,"Chase Costello","sa3020799",680774
"Jesús Liranzo","MIL",0.0477,0.0521,0.0056,4.39668,0.9307,0.0147,0,0,,1,4.355,0.9599,0.5243,0.48852,0.139889,0.4288,0.0233,0.0461,0.9351,8.4159,3.8592,2.18074,1.259,0.214719,0.0984615,0.11625717580318451,0.247391,1.3887,0.292327,0.724648,0.401912,,4.53954,-0.00217298,-0.0470407,999,,,,,,,6.800000000000001,6.800000000000001,7,7,,,,,,,,,,,,,,,,,,,"Jesus Liranzo","sa658076",622338
"Carson Skipper","COL",0.0445,0.0532,0,4.80375,1,0,0,0,,1,4.38,1.0503,0.5699,0.53375,0.154889,0.3862,0.0253,0.0411,0.8329,7.4961,3.4758,2.15665,1.394,0.19016,0.0881735,0.10198629647493362,0.265717,1.4365,0.302003,0.710528,0.398228,,4.79614,-0.00218075,-0.0353547,999,,,,,,,6.800000000000001,6.800000000000001,7,7,,,,,,,,,,,,,,,,,,,"Carson Skipper","sa3020451",702297
"Dylan Dodd","ATL",1.5685,1.3681,0,3.99261,30,0,0,0.6188,,30,126.476,30.638,14.3816,13.3087,3.96,7.5352,1.0806,1.0265,24.2078,7.26234,2.26056,3.21263,1.188,0.191402,0.0595781,0.13182422891259193,0.259833,1.27244,0.29726,0.729151,0.421861,,4.1248,-0.00220019,0.188133,999,,,,,,,117.20000000000002,3.906666666666667,123,4.1,7.02,5.72,4.94,4.36,3.87,3.45,3.04,2.62,2.14,4.99,4.73,4.56,4.42,4.28,4.16,4.03,3.88,3.68,"Dylan Dodd","29928",689266
"Nicholas Padilla","PHI",0.0482,0.0496,0,4.40442,1,0,0,0,,1,4.411,0.9597,0.5299,0.48938,0.120444,0.5174,0.0252,0.0534,0.8726,7.8534,4.6566,1.68651,1.084,0.197824,0.117298,0.0805259644985199,0.249909,1.4771,0.29477,0.723895,0.467646,,4.69946,-0.00224651,-0.0460121,999,,,,,,,3.8000000000000003,3.8000000000000003,4,4,,,,,,,,,,,,,,,,,,,"Nicholas Padilla","21327",656820
"Joe La Sorsa","CIN",0.0466,0.0513,0,4.67406,1,0,0,0,,1,4.363,1.0898,0.5578,0.51934,0.161444,0.2935,0.0248,0.0525,0.7362,6.6258,2.6415,2.50835,1.453,0.168737,0.0672702,0.10146687179803848,0.271297,1.3833,0.297611,0.713312,0.431783,,4.83086,-0.00227073,-0.0416362,999,,,,,,,6.800000000000001,6.800000000000001,7,7,,,,,,,,,,,,,,,,,,,"Joe La Sorsa","25481",686747
"Jason Blanchard","SDP",0.0488,0.049,0,4.21911,1,0,0,0,,1,4.337,0.9593,0.5055,0.46879,0.132444,0.4368,0.025,0.0392,0.8718,7.8462,3.9312,1.99588,1.192,0.201015,0.100715,0.10029975324869156,0.248459,1.3961,0.289439,0.735621,0.413331,,4.57266,-0.00228078,-0.0501649,999,,,,,,,6.800000000000001,6.800000000000001,7,7,,,,,,,,,,,,,,,,,,,"Jason Blanchard","sa3010313",687836
"Isaac Mattson","PIT",0.0454,0.0524,0,4.62006,1,0,0,0,,1,4.437,0.9537,0.5488,0.51334,0.131778,0.5229,0.0252,0.0479,0.9222,8.2998,4.7061,1.76363,1.186,0.207843,0.11785,0.08999325335025787,0.246676,1.4766,0.292268,0.71805,0.373447,,4.74759,-0.00229105,-0.0445351,999,,,,,,,3.8000000000000003,3.8000000000000003,4,4,,,,,,,,,,,,,,,,,,,"Isaac Mattson","20385",676755
"Tristan Garnett","PHI",0.0487,0.0492,0,4.33737,1,0,0,0,,1,4.384,0.9562,0.52,0.48193,0.130444,0.4911,0.0253,0.0416,0.877,7.893,4.4199,1.78579,1.174,0.200046,0.112021,0.08802462369203568,0.24828,1.4473,0.290365,0.73323,0.426602,,4.70636,-0.00233354,-0.0460216,999,,,,,,,6.800000000000001,6.800000000000001,7,7,,,,,,,,,,,,,,,,,,,"Tristan Garnett","sa3017473",702911
"Brandon Waddell","NYM",0.0505,0.0474,0,4.1535,1,0,0,0,,1,4.354,0.9669,0.4993,0.4615,0.124667,0.4245,0.0246,0.0457,0.8767,7.8903,3.8205,2.06525,1.122,0.201355,0.0974965,0.10385852307081223,0.248957,1.3914,0.292195,0.733112,0.428438,,4.44435,-0.00236876,0.0551838,999,,,,,,,6.800000000000001,6.800000000000001,7,7,,,,,,,,,,,,,,,,,,,"Brandon Waddell","18347",663399
"Kai-Wei Teng","SFG",0.0472,0.0507,0,4.25385,1,0,0,0,,1,4.367,0.9735,0.5112,0.47265,0.118111,0.4001,0.0248,0.0735,0.8687,7.8183,3.6009,2.17121,1.063,0.198924,0.091619,0.10730479657649994,0.250039,1.3736,0.294293,0.713763,0.443214,,4.38532,-0.00239343,-0.0505826,999,,,,,,,6.800000000000001,6.800000000000001,7,7,,,,,,,,,,,,,,,,,,,"Kai-Wei Teng","24282",678906
"Nolan Clenney","CHC",0.0481,0.0498,0,4.32657,1,0,0,0,,1,4.314,0.9968,0.5175,0.48073,0.134111,0.3623,0.0249,0.0455,0.8459,7.6131,3.2607,2.33481,1.207,0.196083,0.0839824,0.11210013180971146,0.255184,1.3591,0.294817,0.718491,0.420049,,4.44152,-0.0023976,-0.0496548,999,,,,,,,6.800000000000001,6.800000000000001,7,7,,,,,,,,,,,,,,,,,,,"Nolan Clenney","sa3015328",669639
"Noel Vela","SDP",0.0488,0.049,0,4.20876,1,0,0,0,,1,4.367,0.9423,0.5053,0.46764,0.125556,0.4918,0.0252,0.0385,0.9015,8.1135,4.4262,1.83306,1.13,0.206435,0.112617,0.09381726384162903,0.245602,1.4341,0.290693,0.738126,0.425639,,4.5866,-0.00243027,-0.0501554,999,,,,,,,6.800000000000001,6.800000000000001,7,7,,,,,,,,,,,,,,,,,,,"Noel Vela","sa3005177",676903
"Austin Roberts","MIA",0.0447,0.0531,0,4.44465,1,0,0,0,,1,4.378,0.9935,0.532,0.49385,0.127111,0.4304,0.0253,0.049,0.8613,7.7517,3.8736,2.00116,1.144,0.196734,0.0983097,0.09842394292354584,0.254835,1.4239,0.297709,0.715842,0.431627,,4.53452,-0.00243442,-0.0447974,999,,,,,,,6.800000000000001,6.800000000000001,7,7,,,,,,,,,,,,,,,,,,,"Austin Roberts","sa3010254",686762
"Nelson L. Alvarez","PHI",0.0481,0.0497,0,4.44132,1,0,0,0,,1,4.388,0.9561,0.532,0.49348,0.130889,0.4939,0.0253,0.046,0.8855,7.9695,4.4451,1.79287,1.178,0.2018,0.112557,0.08924338966608047,0.24846,1.45,0.291418,0.724686,0.436172,,4.71674,-0.00244901,-0.0460216,999,,,,,,,6.800000000000001,6.800000000000001,7,7,,,,,,,,,,,,,,,,,,,"Nelson L. Alvarez","sa3010783",670389
"Collin Baumgartner","COL",0.0435,0.0542,0,5.01435,1,0,0,0,,1,4.431,1.0462,0.5941,0.55715,0.151222,0.4453,0.0256,0.0451,0.8892,8.0028,4.0077,1.99686,1.361,0.200677,0.100497,0.10018053650856018,0.265493,1.4915,0.308594,0.701209,0.410877,,4.82517,-0.00248589,-0.035345,999,,,,,,,6.800000000000001,6.800000000000001,7,7,,,,,,,,,,,,,,,,,,,"Collin Baumgartner","sa3023002",694677
"Jaden Woods","PIT",0.0474,0.0534,0.0086,4.37607,0.8969,0.0219,0,0,,1,4.401,0.978,0.5237,0.48623,0.122,0.47,0.0226,0.049,0.8656,7.7904,4.23,1.8417,1.098,0.196683,0.106794,0.08988866209983826,0.251932,1.448,0.295743,0.723692,0.412609,,4.57828,-0.00255069,-0.0445351,999,,,,,,,6.800000000000001,6.800000000000001,7,7,,,,,,,,,,,,,,,,,,,"Jaden Woods","sa3023064",692243
"Justin Storm","MIA",0.0453,0.0525,0,4.33593,1,0,0,0,,1,4.421,0.9495,0.5196,0.48177,0.12,0.5217,0.0255,0.0469,0.9429,8.4861,4.6953,1.80736,1.08,0.213278,0.118005,0.09527254849672318,0.24647,1.4712,0.297365,0.730203,0.421607,,4.54648,-0.00257044,-0.0447974,999,,,,,,,3.8000000000000003,3.8000000000000003,4,4,,,,,,,,,,,,,,,,,,,"Justin Storm","sa3022797",814193
"Wesley Moore","PHI",0.0485,0.0494,0,4.38597,1,0,0,0,,1,4.388,0.9591,0.5247,0.48733,0.133778,0.4767,0.0253,0.0529,0.8833,7.9497,4.2903,1.85295,1.204,0.201299,0.108637,0.09266180545091629,0.248575,1.4358,0.290471,0.729749,0.416571,,4.72779,-0.002572,-0.0460216,999,,,,,,,6.800000000000001,6.800000000000001,7,7,,,,,,,,,,,,,,,,,,,"Wesley Moore","sa3020796",667744
"Daulton Jefferies","PIT",0.0465,0.0556,0.0121,4.58064,0.8499,0.0319,0,0,,1,4.336,1.0665,0.546,0.50896,0.137889,0.3127,0.0189,0.0454,0.7534,6.7806,2.8143,2.40934,1.241,0.173755,0.0721172,0.10163746029138565,0.268106,1.3792,0.300851,0.702437,0.412192,,4.52654,-0.00264514,-0.0445446,999,,,,,,,6.800000000000001,6.800000000000001,7,7,,,,,,,,,,,,,,,,,,,"Daulton Jefferies","19345",641726
"Dugan Darnell","COL",0.0434,0.0569,0.0056,5.05962,0.9126,0.0186,0,0,,1,4.433,1.0675,0.6002,0.56218,0.150667,0.4339,0.0231,0.0418,0.853,7.677,3.9051,1.96589,1.356,0.19242,0.0978795,0.09454094618558884,0.269755,1.5014,0.310409,0.698352,0.42453,,4.84625,-0.00271475,-0.035345,999,,,,,,,6.800000000000001,6.800000000000001,7,7,,,,,,,,,,,,,,,,,,,"Dugan Darnell","sa3014876",699911
"Chris Devenski","NYM",0.9403,0.919,0,4.38291,19,0,0,0.6719,,19,81.615,18.2647,9.8842,9.25281,2.88589,6.5546,0.4357,0.734,17.4653,8.27304,3.10481,2.66459,1.367,0.213996,0.0803112,0.13368498533964157,0.245736,1.30628,0.284924,0.718757,0.365951,,4.45341,-0.00278502,-0.0574388,999,,,,,,,70.89999999999999,3.7315789473684204,70,3.6842105263157894,8.09,6.38,5.37,4.64,4.05,3.53,3.05,2.57,2.02,5.49,5.18,4.97,4.8,4.64,4.49,4.34,4.16,3.93,"Chris Devenski","12763",606965
"Julian Fernández","LAD",0.0496,0.0483,0,4.49964,1,0,0,0,,1,4.348,0.9637,0.5345,0.49996,0.151556,0.4202,0.0248,0.0476,0.9301,8.3709,3.7818,2.21347,1.364,0.213914,0.0966421,0.11727230995893478,0.248363,1.3839,0.290202,0.724916,0.385952,,4.6799,-0.00279284,-0.0485984,999,,,,,,,6.800000000000001,6.800000000000001,7,7,,,,,,,,,,,,,,,,,,,"Julian Fernandez","18341",642759
"Tanner Andrews","SFG",0.0477,0.0501,0,4.15458,1,0,0,0,,1,4.344,0.9628,0.5,0.46162,0.116778,0.4203,0.0251,0.0377,0.8991,8.0919,3.7827,2.13919,1.051,0.206975,0.0967541,0.1102209985256195,0.247761,1.3831,0.294769,0.724083,0.440205,,4.26039,-0.0028308,0.0543324,999,,,,,,,6.800000000000001,6.800000000000001,7,7,,,,,,,,,,,,,,,,,,,"Tanner Andrews","sa3007850",681084
"Ryan Bourassa","ATL",0.0499,0.0479,0,4.43898,1,0,0,0,,1,4.38,0.9552,0.5283,0.49322,0.132889,0.4673,0.0253,0.0419,0.9806,8.8254,4.2057,2.09844,1.196,0.223881,0.106689,0.11719177663326263,0.246771,1.4225,0.298229,0.723196,0.390343,,4.46044,-0.00284009,-0.046199,999,,,,,,,6.800000000000001,6.800000000000001,7,7,,,,,,,,,,,,,,,,,,,"Ryan Bourassa","sa3022947",802180
"Alan Busenitz","CIN",0.0467,0.0511,0,4.6458,1,0,0,0,,1,4.342,1.0421,0.5538,0.5162,0.159444,0.3433,0.0261,0.0406,0.816,7.344,3.0897,2.37693,1.435,0.187932,0.079065,0.1088668704032898,0.263283,1.3854,0.295929,0.715553,0.428812,,4.75896,-0.00288916,-0.0416075,999,,,,,,,6.800000000000001,6.800000000000001,7,7,,,,,,,,,,,,,,,,,,,"Alan Busenitz","15239",641427
"Garrett Davila","WSN",0.0465,0.0513,0,4.31118,1,0,0,0,,1,4.314,0.9865,0.5144,0.47902,0.142444,0.3631,0.0249,0.0506,0.7953,7.1577,3.2679,2.19031,1.282,0.184353,0.0841678,0.10018543899059296,0.252929,1.3496,0.284908,0.726149,0.38753,,4.66876,-0.0028977,-0.0469569,999,,,,,,,6.800000000000001,6.800000000000001,7,7,,,,,,,,,,,,,,,,,,,"Garrett Davila","sa875052",663657
"Génesis Cabrera","NYM",2.0823,1.9306,0,4.1186,41,0,0,0.6719,,41,177.489,38.067,20.2201,18.7625,5.30267,17.8275,1.274,1.8471,38.6495,8.48404,3.91335,2.16797,1.164,0.217757,0.100443,0.11731432378292084,0.241214,1.36328,0.287754,0.735998,0.401155,,4.40208,-0.00293108,0.0446521,999,,,,,,,165.10000000000002,4.026829268292683,162,3.951219512195122,6.85,5.74,5.05,4.53,4.09,3.7,3.32,2.92,2.45,5.17,4.89,4.7,4.55,4.4,4.27,4.12,3.96,3.75,"Genesis Cabrera","17490",650893
"Joan Adon","WSN",0.0475,0.0592,0.0255,4.4577,0.6908,0.0658,0,0,,1,4.357,1.004,0.5342,0.4953,0.133,0.3994,0.0429,0.058,0.7986,7.1874,3.5946,1.9995,1.197,0.183291,0.0916686,0.09162268787622452,0.257462,1.4034,0.293464,0.714098,0.440901,,4.67048,-0.00296154,-0.0469569,999,,,,,,,6.800000000000001,6.800000000000001,7,7,,,,,,,,,,,,,,,,,,,"Joan Adon","22925",672851
"Clay Helvey","WSN",0.0456,0.0522,0,4.46283,1,0,0,0,,1,4.392,0.9704,0.5339,0.49587,0.128333,0.4749,0.0254,0.0506,0.8667,7.8003,4.2741,1.82502,1.155,0.197336,0.108128,0.08920763432979584,0.250976,1.4453,0.293253,0.720114,0.427493,,4.67791,-0.00299102,-0.0469474,999,,,,,,,6.800000000000001,6.800000000000001,7,7,,,,,,,,,,,,,,,,,,,"Clay Helvey","sa3007459",663627
"Brandan Bidois","PIT",0.0455,0.0523,0,4.60701,1,0,0,0,,1,4.429,0.9702,0.5475,0.51189,0.129444,0.498,0.0256,0.0496,0.9337,8.4033,4.482,1.8749,1.165,0.210815,0.112441,0.09837435185909271,0.249961,1.4682,0.298325,0.715397,0.385125,,4.62466,-0.00307748,-0.0445351,999,,,,,,,6.800000000000001,6.800000000000001,7,7,,,,,,,,,,,,,,,,,,,"Brandan Bidois","sa3015277",684049
"Trey McLoughlin","NYM",0.0499,0.0479,0,4.27554,1,0,0,0,,1,4.329,0.9518,0.5105,0.47506,0.138667,0.4126,0.025,0.0355,0.903,8.127,3.7134,2.18856,1.248,0.208593,0.0953107,0.11328250914812088,0.245252,1.3644,0.286392,0.729663,0.393197,,4.50745,-0.00308079,-0.0514273,999,,,,,,,6.800000000000001,6.800000000000001,7,7,,,,,,,,,,,,,,,,,,,"Trey McLoughlin","sa3017277",694381
"Blake Holub","MIL",0.0469,0.0509,0,4.45734,1,0,0,0,,1,4.365,0.9823,0.532,0.49526,0.14,0.427,0.0252,0.0401,0.8826,7.9434,3.843,2.06698,1.26,0.202199,0.0978236,0.10437572747468948,0.252008,1.4093,0.292943,0.723069,0.412262,,4.62258,-0.00312072,-0.0470502,999,,,,,,,6.800000000000001,6.800000000000001,7,7,,,,,,,,,,,,,,,,,,,"Blake Holub","sa3018147",700183
"Raul Brito","SDP",0.0488,0.0523,0.0091,4.39182,0.8887,0.0237,0,0,,1,4.36,0.9709,0.5261,0.48798,0.131778,0.4416,0.0221,0.0532,0.8568,7.7112,3.9744,1.94022,1.186,0.196514,0.101284,0.09522935748100281,0.25119,1.4125,0.291704,0.721818,0.434154,,4.65039,-0.00316047,-0.0501554,999,,,,,,,6.800000000000001,6.800000000000001,7,7,,,,,,,,,,,,,,,,,,,"Raul Brito","sa928287",669993
"Jordan Weems","ATL",0.05,0.0478,0,4.4217,1,0,0,0,,1,4.354,0.9661,0.5258,0.4913,0.138444,0.4266,0.0288,0.0417,0.9672,8.7048,3.8394,2.26723,1.246,0.222141,0.0979789,0.12416168302297592,0.24863,1.3927,0.297712,0.723093,0.386343,,4.43676,-0.00319655,-0.046199,999,,,,,,,6.800000000000001,6.800000000000001,7,7,,,,,,,,,,,,,,,,,,,"Jordan Weems","13190",607179
"Brandon Hughes","CHC",0.0489,0.0512,0.0064,4.33692,0.9225,0.0165,0,0,,1,4.319,0.9378,0.5148,0.48188,0.148667,0.4058,0.0249,0.0524,0.9629,8.6661,3.6522,2.37284,1.338,0.222945,0.0939569,0.12898819893598557,0.242903,1.3436,0.287038,0.72992,0.361273,,4.54795,-0.00324645,-0.0496453,999,,,,,,,6.800000000000001,6.800000000000001,7,7,,,,,,,,,,,,,,,,,,,"Brandon Hughes","23460",676714
"Kolton Ingram","ATL",0.0505,0.0473,0,4.28094,1,0,0,0,,1,4.409,0.9774,0.5153,0.47566,0.115444,0.4861,0.0252,0.0516,0.8918,8.0262,4.3749,1.8346,1.039,0.202268,0.110252,0.09201633930206299,0.252473,1.4635,0.300956,0.728333,0.454332,,4.49676,-0.00325169,-0.0461895,999,,,,,,,6.800000000000001,6.800000000000001,7,7,,,,,,,,,,,,,,,,,,,"Kolton Ingram","26068",688427
"Braxton Roxby","SFG",0.0477,0.0502,0,4.15773,1,0,0,0,,1,4.357,0.9616,0.5007,0.46197,0.114444,0.4096,0.0252,0.0642,0.8897,8.0073,3.6864,2.17212,1.03,0.2042,0.0940096,0.1101905107498169,0.247631,1.3712,0.294248,0.718841,0.449235,,4.29626,-0.00325484,-0.0505637,999,,,,,,,6.800000000000001,6.800000000000001,7,7,,,,,,,,,,,,,,,,,,,"Braxton Roxby","sa3014811",694820
"Jose Cuas","PHI",0.4861,0.4924,0,4.3519,10,0,0,0.5848,,10,43.783,9.5293,5.2178,4.83544,1.27222,4.5927,0.2503,0.6849,9.144,8.2296,4.13343,1.99099,1.145,0.208848,0.104897,0.10395130515098572,0.24748,1.4122,0.293959,0.72152,0.44362,,4.57485,-0.00326012,0.0335193,999,,,,,,,39.7,3.97,41,4.1,9,6.62,5.31,4.39,3.68,3.09,2.55,2.05,1.51,5.48,5.18,4.98,4.81,4.66,4.51,4.36,4.19,3.96,"Jose Cuas","17701",621016
"Andrew Walling","PHI",0.0484,0.0495,0,4.39092,1,0,0,0,,1,4.415,0.9582,0.5271,0.48788,0.127333,0.5197,0.0255,0.0474,0.865,7.785,4.6773,1.66442,1.146,0.195923,0.117712,0.07821065932512283,0.249019,1.4779,0.290964,0.731591,0.437609,,4.79311,-0.00328798,-0.0460121,999,,,,,,,3.8000000000000003,3.8000000000000003,4,4,,,,,,,,,,,,,,,,,,,"Andrew Walling","sa3020319",681003
"Brandon Bielak","ARI",0.0479,0.0499,0,4.5486,1,0,0,0,,1,4.344,1.0718,0.5447,0.5054,0.123556,0.3428,0.0191,0.0489,0.7384,6.6456,3.0852,2.15403,1.112,0.169982,0.0789134,0.09106814116239548,0.271184,1.4146,0.306841,0.700616,0.45363,,4.471,-0.00328985,-0.0455387,999,,,,,,,6.800000000000001,6.800000000000001,7,7,,,,,,,,,,,,,,,,,,,"Brandon Bielak","19866",656232
"Tyson Miller","CHC",3.0349,3.032,0,4.19182,62,0,1.179,12.3083,,62,264.392,59.9018,30.9539,28.877,8.67311,20.0996,1.3521,3.1338,56.1297,8.14786,2.91768,2.79258,1.259,0.212297,0.076022,0.1362753063440323,0.248392,1.29035,0.290485,0.722785,0.380952,,4.2986,-0.00340791,0.0695607,749.5599975585938,,,,,,,288.09999999999997,4.646774193548387,289,4.661290322580645,6.54,5.64,5.07,4.62,4.25,3.9,3.56,3.2,2.76,5.25,4.96,4.77,4.6,4.46,4.32,4.17,4,3.79,"Tyson Miller","19976",668338
"Ryan Middendorf","MIL",0.0466,0.0512,0,4.48839,1,0,0,0,,1,4.378,1.0288,0.5383,0.49871,0.132778,0.3802,0.0253,0.0636,0.7876,7.0884,3.4218,2.07154,1.195,0.179899,0.0868433,0.09305618703365326,0.261502,1.409,0.297304,0.711873,0.453999,,4.64879,-0.00341635,-0.0470502,999,,,,,,,6.800000000000001,6.800000000000001,7,7,,,,,,,,,,,,,,,,,,,"Ryan Middendorf","sa3019506",805437
"Jake Higginbotham","SDP",0.0499,0.0528,0.0143,4.31352,0.8318,0.0358,0,0,,1,4.302,0.9922,0.5151,0.47928,0.146222,0.3556,0.0203,0.0443,0.7953,7.1577,3.2004,2.2365,1.316,0.184868,0.0826592,0.10220827162265778,0.254273,1.3478,0.285748,0.728465,0.396473,,4.67647,-0.00346898,-0.0501649,999,,,,,,,6.800000000000001,6.800000000000001,7,7,,,,,,,,,,,,,,,,,,,"Jake Higginbotham","sa3007590",663977
"Raymond Burgos","SFG",0.0484,0.0495,0,4.01517,1,0,0,0,,1,4.325,1.0037,0.4863,0.44613,0.110333,0.3597,0.0249,0.0462,0.7998,7.1982,3.2373,2.22352,0.993,0.184925,0.0831676,0.1017572209239006,0.256105,1.3634,0.296901,0.725516,0.467872,,4.21891,-0.00349186,0.0543656,999,,,,,,,6.800000000000001,6.800000000000001,7,7,,,,,,,,,,,,,,,,,,,"Raymond Burgos","22370",670103
"Antoine Kelly","COL",0.0438,0.0539,0,4.92264,1,0,0,0,,1,4.511,1.0267,0.587,0.54696,0.132,0.5473,0.0261,0.0589,0.8908,8.0172,4.9257,1.62763,1.188,0.197473,0.121326,0.07614719867706299,0.262933,1.574,0.310444,0.710481,0.447167,,4.91948,-0.00349908,-0.0353354,999,,,,,,,3.8000000000000003,3.8000000000000003,4,4,,,,,,,,,,,,,,,,,,,"Antoine Kelly","sa3011135",681520
"Nick Merkel","MIL",0.0484,0.0563,0.0193,4.49316,0.7625,0.0505,0,0,,1,4.363,1.0058,0.5377,0.49924,0.139444,0.3963,0.0187,0.0496,0.8302,7.4718,3.5667,2.09488,1.255,0.190282,0.090832,0.09944993257522583,0.256772,1.4021,0.293933,0.716228,0.434186,,4.65656,-0.00350391,-0.0470502,999,,,,,,,6.800000000000001,6.800000000000001,7,7,,,,,,,,,,,,,,,,,,,"Nick Merkel","sa3019962",806581
"Charles King","PHI",0.0474,0.0509,0.0011,4.63815,0.986,0.003,0,0,,1,4.381,0.9988,0.5524,0.51535,0.145,0.4357,0.025,0.0458,0.8409,7.5681,3.9213,1.93,1.305,0.191942,0.0994522,0.0924903079867363,0.256135,1.4345,0.29304,0.716281,0.412162,,4.81418,-0.00353224,-0.0460216,999,,,,,,,6.800000000000001,6.800000000000001,7,7,,,,,,,,,,,,,,,,,,,"Charles King","sa3023436",666155
"Sam McWilliams","MIL",0.0488,0.0581,0.0256,4.54815,0.6825,0.0675,0,0,,1,4.383,0.9532,0.5406,0.50535,0.146222,0.463,0.0166,0.0446,0.9648,8.6832,4.167,2.0838,1.316,0.220123,0.105635,0.11448778957128525,0.245962,1.4162,0.29192,0.722747,0.385633,,4.66057,-0.00354914,-0.0470502,999,,,,,,,6.800000000000001,6.800000000000001,7,7,,,,,,,,,,,,,,,,,,,"Sam McWilliams","sa829124",656726
"Logan Gillaspie","SDP",0.0477,0.0501,0,4.43952,1,0,0,0,,1,4.31,0.9996,0.5288,0.49328,0.148222,0.3573,0.0235,0.0427,0.8173,7.3557,3.2157,2.28743,1.334,0.189629,0.0829002,0.10672854632139206,0.255652,1.3569,0.289144,0.72047,0.397077,,4.65877,-0.00355458,-0.0502216,999,,,,,,,6.800000000000001,6.800000000000001,7,7,,,,,,,,,,,,,,,,,,,"Logan Gillaspie","22461",670810
"Patrick Halligan","ATL",0.0505,0.0494,0.0056,4.45617,0.9299,0.0149,0,0,,1,4.355,1.0058,0.5325,0.49513,0.133778,0.399,0.0233,0.0424,0.8529,7.6761,3.591,2.13759,1.204,0.195844,0.0916188,0.1042250320315361,0.257001,1.4048,0.297931,0.716462,0.422828,,4.52399,-0.00357802,-0.046199,999,,,,,,,6.800000000000001,6.800000000000001,7,7,,,,,,,,,,,,,,,,,,,"Patrick Halligan","sa3017319",701856
"Dany Jiménez","ATL",0.0489,0.0489,0,4.64652,1,0,0,0,,1,4.429,0.9565,0.5507,0.51628,0.144333,0.4908,0.03,0.0462,0.9655,8.6895,4.4172,1.9672,1.299,0.217995,0.110815,0.10717994719743729,0.245761,1.4473,0.291919,0.720026,0.358751,,4.72281,-0.00360119,-0.046199,999,,,,,,,6.800000000000001,6.800000000000001,7,7,,,,,,,,,,,,,,,,,,,"Dany Jimenez","21170",666204
"Chasen Shreve","ATL",0.0504,0.0475,0,4.34115,1,0,0,0,,1,4.344,0.9978,0.518,0.48235,0.137556,0.3855,0.0217,0.0373,0.8972,8.0748,3.4695,2.32737,1.238,0.206538,0.0887431,0.11779465526342392,0.254463,1.3833,0.298029,0.726702,0.398921,,4.4287,-0.00362246,-0.0461895,999,,,,,,,6.800000000000001,6.800000000000001,7,7,,,,,,,,,,,,,,,,,,,"Chasen Shreve","10855",592741
"Reid Schaller","WSN",0.0454,0.0524,0,4.52961,1,0,0,0,,1,4.363,0.9826,0.5393,0.50329,0.141111,0.4239,0.0252,0.05,0.8432,7.5888,3.8151,1.98915,1.27,0.193262,0.0971579,0.09610360860824585,0.252655,1.4065,0.28969,0.71732,0.395909,,4.73622,-0.0036502,-0.0469474,999,,,,,,,6.800000000000001,6.800000000000001,7,7,,,,,,,,,,,,,,,,,,,"Reid Schaller","sa3008023",668697
"Lucas Wepf","LAD",0.0491,0.0487,0,4.59567,1,0,0,0,,1,4.374,0.9591,0.5447,0.51063,0.154444,0.4482,0.0253,0.0488,0.9538,8.5842,4.0338,2.12807,1.39,0.218061,0.102469,0.11559213697910309,0.247382,1.4073,0.29062,0.724218,0.373673,,4.75766,-0.00365318,-0.048589,999,,,,,,,6.800000000000001,6.800000000000001,7,7,,,,,,,,,,,,,,,,,,,"Lucas Wepf","sa3020704",689233
"Tanner Kiest","LAD",0.0492,0.0487,0,4.55076,1,0,0,0,,1,4.396,0.986,0.5437,0.50564,0.139778,0.458,0.0254,0.0507,0.8742,7.8678,4.122,1.90873,1.258,0.198863,0.104186,0.09467697143554688,0.253646,1.444,0.29451,0.721214,0.431443,,4.76129,-0.00369383,-0.048589,999,,,,,,,6.800000000000001,6.800000000000001,7,7,,,,,,,,,,,,,,,,,,,"Tanner Kiest","sa738380",641750
"Freddy Tarnok","MIA",0.045,0.0572,0.0118,4.57038,0.8499,0.0319,0,0,,1,4.354,0.9721,0.5414,0.50782,0.149667,0.4102,0.0205,0.0443,0.9145,8.2305,3.6918,2.2294,1.347,0.210037,0.0942122,0.11582452058792114,0.249288,1.3823,0.290066,0.717022,0.358721,,4.64665,-0.00370892,-0.0447974,999,,,,,,,6.800000000000001,6.800000000000001,7,7,,,,,,,,,,,,,,,,,,,"Freddy Tarnok","23324",676206
"Sam Carlson","LAD",0.0491,0.0488,0,4.56615,1,0,0,0,,1,4.386,1.0225,0.5468,0.50735,0.138889,0.4096,0.0253,0.0563,0.8016,7.2144,3.6864,1.95703,1.25,0.182763,0.0933881,0.08937527239322662,0.260835,1.4321,0.296552,0.715304,0.451335,,4.76654,-0.00375251,-0.048589,999,,,,,,,6.800000000000001,6.800000000000001,7,7,,,,,,,,,,,,,,,,,,,"Sam Carlson","sa3005015",672277
"Chad Kuhl","ATL",0.0501,0.0491,0.0035,4.47786,0.9538,0.0098,0,0,,1,4.373,1.0091,0.5346,0.49754,0.134444,0.4046,0.0365,0.0557,0.884,7.956,3.6414,2.18487,1.21,0.20215,0.0925223,0.10962726175785065,0.257904,1.4137,0.302204,0.717353,0.423291,,4.52716,-0.00376046,-0.0462085,999,,,,,,,6.800000000000001,6.800000000000001,7,7,,,,,,,,,,,,,,,,,,,"Chad Kuhl","14975",641771
"Carlo Reyes","CHC",0.0486,0.0528,0.0099,4.42899,0.878,0.026,0,0,,1,4.333,0.9734,0.5275,0.49211,0.141444,0.4018,0.0217,0.0432,0.8893,8.0037,3.6162,2.21329,1.273,0.205239,0.0927302,0.11250863969326019,0.25036,1.3752,0.291173,0.720112,0.390377,,4.56166,-0.00379426,-0.0496548,999,,,,,,,6.800000000000001,6.800000000000001,7,7,,,,,,,,,,,,,,,,,,,"Carlo Reyes","sa3008713",683689
"Brandon Komar","CIN",0.0482,0.0638,0.0378,4.91913,0.5061,0.1051,0,0,,1,4.409,1.1506,0.5911,0.54657,0.145778,0.335,0.0119,0.0378,0.6187,5.5683,3.015,1.84687,1.312,0.140327,0.075981,0.06434566527605057,0.28507,1.4856,0.307123,0.698004,0.511897,,4.94259,-0.00381383,-0.0416362,999,,,,,,,6.800000000000001,6.800000000000001,7,7,,,,,,,,,,,,,,,,,,,"Brandon Komar","sa3010630",688162
"Cy Nielson","PIT",0.0462,0.0537,0.0056,4.5135,0.9299,0.0149,0,0,,1,4.461,1.0058,0.5415,0.5015,0.114444,0.497,0.0238,0.0671,0.8232,7.4088,4.473,1.65634,1.03,0.184533,0.11141,0.07312261313199997,0.258103,1.5028,0.301209,0.716011,0.444736,,4.70016,-0.00393415,-0.0445351,999,,,,,,,6.800000000000001,6.800000000000001,7,7,,,,,,,,,,,,,,,,,,,"Cy Nielson","sa3020321",686951
"Justin Yeager","MIL",0.0466,0.0512,0,4.5297,1,0,0,0,,1,4.382,0.9673,0.5388,0.5033,0.144889,0.4504,0.0253,0.0434,0.9175,8.2575,4.0536,2.03708,1.304,0.209379,0.102784,0.10659516602754593,0.248778,1.4177,0.291035,0.72346,0.389979,,4.69644,-0.00395337,-0.0470502,999,,,,,,,6.800000000000001,6.800000000000001,7,7,,,,,,,,,,,,,,,,,,,"Justin Yeager","sa3010825",687866
"Seth Mayberry","SDP",0.0477,0.0502,0,4.43862,1,0,0,0,,1,4.374,0.9439,0.5294,0.49318,0.137556,0.4792,0.0253,0.0497,0.908,8.172,4.3128,1.89482,1.238,0.20759,0.109556,0.0980338305234909,0.245481,1.4231,0.288027,0.726277,0.401415,,4.7254,-0.00401811,-0.0501554,999,,,,,,,6.800000000000001,6.800000000000001,7,7,,,,,,,,,,,,,,,,,,,"Seth Mayberry","sa3010244",682255
"Daison Acosta","WSN",0.0456,0.0522,0,4.46571,1,0,0,0,,1,4.399,0.9471,0.5337,0.49619,0.131111,0.5033,0.0254,0.05,0.8805,7.9245,4.5297,1.74945,1.18,0.200159,0.114412,0.08574675023555756,0.246275,1.4504,0.287919,0.723609,0.412917,,4.76982,-0.00402973,-0.0469474,999,,,,,,,3.8000000000000003,3.8000000000000003,4,4,,,,,,,,,,,,,,,,,,,"Daison Acosta","sa944989",670897
"Kyle Mora","ARI",0.0486,0.0521,0.0081,4.62249,0.8986,0.0216,0,0,,1,4.381,1.022,0.5501,0.51361,0.132556,0.4082,0.0226,0.0432,0.8574,7.7166,3.6738,2.10044,1.193,0.195709,0.0931751,0.10253366082906723,0.260077,1.4302,0.302569,0.707122,0.403362,,4.5291,-0.00403599,-0.0455387,999,,,,,,,6.800000000000001,6.800000000000001,7,7,,,,,,,,,,,,,,,,,,,"Kyle Mora","sa3018281",674115
"Jack Sinclair","WSN",0.0455,0.0523,0,4.48938,1,0,0,0,,1,4.376,0.9772,0.5364,0.49882,0.135333,0.4394,0.0253,0.0586,0.8235,7.4115,3.9546,1.87415,1.218,0.188186,0.100411,0.08777422457933426,0.251986,1.4166,0.288393,0.717281,0.416494,,4.77281,-0.00406348,-0.0469474,999,,,,,,,6.800000000000001,6.800000000000001,7,7,,,,,,,,,,,,,,,,,,,"Jack Sinclair","sa3017596",695378
"Cristofer Melendez","PIT",0.0452,0.0526,0,4.65813,1,0,0,0,,1,4.454,0.9607,0.5536,0.51757,0.128778,0.539,0.0257,0.0465,0.9418,8.4762,4.851,1.74731,1.159,0.21145,0.121015,0.09043557196855545,0.248339,1.4997,0.297336,0.717062,0.384121,,4.71349,-0.00408533,-0.0445351,999,,,,,,,3.8000000000000003,3.8000000000000003,4,4,,,,,,,,,,,,,,,,,,,"Cristofer Melendez","sa873429",658667
"Cody Stashak","PHI",0.0474,0.0504,0,4.64112,1,0,0,0,,1,4.316,0.9935,0.5483,0.51568,0.169444,0.3516,0.0233,0.0405,0.8414,7.5726,3.1644,2.39306,1.525,0.194949,0.0814643,0.1134847104549408,0.253192,1.3451,0.282884,0.719213,0.343797,,4.86276,-0.00410225,-0.0460501,999,,,,,,,6.800000000000001,6.800000000000001,7,7,,,,,,,,,,,,,,,,,,,"Cody Stashak","18088",664054
"J.B. Wendelken","SDP",0.9352,0.9241,0,4.14713,19,0,0,0.6081,,19,81.405,17.8893,9.4424,8.75505,2.43622,7.8389,0.4809,0.8015,17.1504,8.12387,3.71316,2.18786,1.154,0.21068,0.0962951,0.11438485980033875,0.245852,1.35412,0.290592,0.729733,0.424224,,4.39234,-0.00413734,0.0764166,999,,,,,,,80.2,4.221052631578948,80,4.2105263157894735,7.81,6.12,5.13,4.41,3.83,3.33,2.86,2.4,1.88,5.31,4.99,4.77,4.59,4.43,4.27,4.11,3.93,3.7,"J.B. Wendelken","14506",605525
"Brian Moran","ATL",0.0499,0.048,0,4.44114,1,0,0,0,,1,4.346,1.0295,0.5299,0.49346,0.139556,0.3459,0.0263,0.058,0.8089,7.2801,3.1131,2.33854,1.256,0.186125,0.0795904,0.10653473436832428,0.261155,1.3754,0.297278,0.716512,0.405902,,4.5746,-0.00415484,-0.0461895,999,,,,,,,6.800000000000001,6.800000000000001,7,7,,,,,,,,,,,,,,,,,,,"Brian Moran","9646",572383
"Ben Leeper","CHC",0.0481,0.0521,0.0064,4.48614,0.92,0.017,0,0,,1,4.337,0.9687,0.5322,0.49846,0.147333,0.3991,0.0229,0.0472,0.9129,8.2161,3.5919,2.2874,1.326,0.210491,0.0920221,0.1184689849615097,0.248978,1.3678,0.290188,0.719394,0.366941,,4.59491,-0.00417015,-0.0496453,999,,,,,,,6.800000000000001,6.800000000000001,7,7,,,,,,,,,,,,,,,,,,,"Ben Leeper","sa3014907",663510
"Pedro Garcia","CIN",0.0457,0.0522,0,4.89393,1,0,0,0,,1,4.437,0.9864,0.5792,0.54377,0.164333,0.4721,0.0256,0.0569,0.9473,8.5257,4.2489,2.00657,1.479,0.2135,0.106401,0.10709940642118454,0.252405,1.4585,0.293977,0.71579,0.385415,,4.99521,-0.00437569,-0.0416362,999,,,,,,,6.800000000000001,6.800000000000001,7,7,,,,,,,,,,,,,,,,,,,"Pedro Garcia","sa3011805",690345
"A.J. Puckett","CHC",0.0485,0.0553,0.0168,4.53195,0.7939,0.0439,0,0,,1,4.369,1.0448,0.5438,0.50355,0.129889,0.379,0.0196,0.0499,0.7626,6.8634,3.411,2.01214,1.169,0.174548,0.0867475,0.08780041337013245,0.265171,1.4238,0.300206,0.70856,0.45769,,4.61654,-0.00442107,-0.0496453,999,,,,,,,6.800000000000001,6.800000000000001,7,7,,,,,,,,,,,,,,,,,,,"A.J. Puckett","sa738686",643494
"Justin Garza","SFG",0.047,0.0521,0.0037,4.35537,0.9546,0.0096,0,0,,1,4.349,0.9893,0.5204,0.48393,0.130556,0.3796,0.0241,0.047,0.8742,7.8678,3.4164,2.30295,1.175,0.201012,0.0872844,0.11372730135917664,0.252218,1.3689,0.294328,0.715356,0.40787,,4.3951,-0.00444244,-0.0505826,999,,,,,,,6.800000000000001,6.800000000000001,7,7,,,,,,,,,,,,,,,,,,,"Justin Garza","19784",621057
"Zac Leigh","CHC",0.0475,0.0503,0,4.43286,1,0,0,0,,1,4.396,0.943,0.5292,0.49254,0.130222,0.4955,0.0254,0.0512,0.9399,8.4591,4.4595,1.89687,1.172,0.213808,0.112716,0.1010918915271759,0.24498,1.4385,0.292453,0.723856,0.406018,,4.61967,-0.00446764,-0.0496548,999,,,,,,,6.800000000000001,6.800000000000001,7,7,,,,,,,,,,,,,,,,,,,"Zac Leigh","sa3017873",684949
"Yacksel Ríos","NYM",0.0496,0.0483,0,4.33917,1,0,0,0,,1,4.392,0.9266,0.5188,0.48213,0.130444,0.4978,0.0242,0.05,0.9392,8.4528,4.4802,1.8867,1.174,0.213843,0.113342,0.1005009114742279,0.241038,1.4244,0.286949,0.729277,0.40356,,4.62726,-0.00447046,-0.0514461,999,,,,,,,6.800000000000001,6.800000000000001,7,7,,,,,,,,,,,,,,,,,,,"Yacksel Rios","15007",605441
"Reiss Knehr","SDP",0.0496,0.0566,0.0239,4.53573,0.7089,0.0619,0,0,,1,4.358,0.9779,0.5402,0.50397,0.144444,0.431,0.0218,0.047,0.8549,7.6941,3.879,1.98353,1.3,0.196168,0.0988986,0.09726939350366592,0.252036,1.4089,0.289328,0.719911,0.399428,,4.76846,-0.00450988,-0.0501554,999,,,,,,,6.800000000000001,6.800000000000001,7,7,,,,,,,,,,,,,,,,,,,"Reiss Knehr","21541",663753
"Wilkin Ramos","PIT",0.0451,0.0527,0,4.62141,1,0,0,0,,1,4.494,1.0264,0.5568,0.51349,0.104333,0.5395,0.026,0.0576,0.7811,7.0299,4.8555,1.44782,0.939,0.17381,0.120049,0.05376055836677551,0.263389,1.5659,0.306185,0.710717,0.494925,,4.75191,-0.00452077,-0.0445351,999,,,,,,,3.8000000000000003,3.8000000000000003,4,4,,,,,,,,,,,,,,,,,,,"Wilkin Ramos","sa3006487",678576
"Deivi García","MIL",0.0467,0.0511,0,4.51449,1,0,0,0,,1,4.388,0.9362,0.5357,0.50161,0.144444,0.4754,0.0242,0.0556,0.9732,8.7588,4.2786,2.04712,1.3,0.221787,0.108341,0.11344576627016068,0.242728,1.4116,0.28903,0.724257,0.36935,,4.69086,-0.00453409,-0.0470502,999,,,,,,,6.800000000000001,6.800000000000001,7,7,,,,,,,,,,,,,,,,,,,"Deivi Garcia","20276",665620
"R.J. Dabovich","SFG",0.047,0.0508,0,4.3092,1,0,0,0,,1,4.38,0.9438,0.5152,0.4788,0.124778,0.4611,0.0253,0.0431,0.9483,8.5347,4.1499,2.0566,1.123,0.216507,0.105274,0.11123286932706833,0.243511,1.4049,0.292224,0.723209,0.401209,,4.40459,-0.00454416,-0.0505732,999,,,,,,,6.800000000000001,6.800000000000001,7,7,,,,,,,,,,,,,,,,,,,"R.J. Dabovich","sa3014431",681924
"Zach McCambley","MIA",0.0438,0.054,0,4.61979,1,0,0,0,,1,4.444,1.0026,0.553,0.51331,0.123889,0.4899,0.0257,0.0557,0.8465,7.6185,4.4091,1.7279,1.115,0.190482,0.110239,0.08024302870035172,0.257182,1.4925,0.300105,0.712252,0.444694,,4.72084,-0.00455087,-0.0447974,999,,,,,,,6.800000000000001,6.800000000000001,7,7,,,,,,,,,,,,,,,,,,,"Zach McCambley","sa3014478",685112
"Brendan Hardy","COL",0.0427,0.055,0,5.19498,1,0,0,0,,1,4.486,1.0523,0.615,0.57722,0.152111,0.4871,0.0259,0.0563,0.8735,7.8615,4.3839,1.79327,1.369,0.194717,0.108582,0.08613462746143341,0.266905,1.5394,0.308602,0.696901,0.413492,,5.02712,-0.00467549,-0.035345,999,,,,,,,6.800000000000001,6.800000000000001,7,7,,,,,,,,,,,,,,,,,,,"Brendan Hardy","sa3008290",682132
"Curtis Taylor","STL",0.0479,0.053,0.0085,4.47822,0.8953,0.0223,0,0,,1,4.369,0.9954,0.5348,0.49758,0.135111,0.4131,0.0224,0.0511,0.8264,7.4376,3.7179,2.00048,1.216,0.189151,0.0945525,0.09459830820560455,0.254917,1.4085,0.292288,0.716533,0.41036,,4.66272,-0.00467875,-0.0485826,999,,,,,,,6.800000000000001,6.800000000000001,7,7,,,,,,,,,,,,,,,,,,,"Curtis Taylor","sa917970",668954
"Jeff Belge","CHC",0.0481,0.0497,0,4.31217,1,0,0,0,,1,4.386,0.956,0.5167,0.47913,0.128,0.4861,0.0253,0.0396,0.8846,7.9614,4.3749,1.81979,1.152,0.201687,0.11083,0.09085726737976074,0.247649,1.4421,0.290761,0.732758,0.413029,,4.63838,-0.00468469,-0.0496548,999,,,,,,,6.800000000000001,6.800000000000001,7,7,,,,,,,,,,,,,,,,,,,"Jeff Belge","sa3011231",666122
"Domingo Gonzalez","ATL",2.2074,2.0015,0,4.16583,43,0,0,0.6188,,43,186.551,40.1775,21.439,19.9034,5.246,18.2438,1.0775,2.877,42.9914,8.9982,3.81847,2.35649,1.098,0.230454,0.0977952,0.13265863806009293,0.242867,1.35863,0.298069,0.724051,0.417872,,4.22642,-0.00477074,0.173484,999,,,,,,,179.7,4.17906976744186,177,4.116279069767442,6.88,5.79,5.11,4.59,4.15,3.76,3.38,2.98,2.51,5.28,4.98,4.77,4.6,4.45,4.3,4.15,3.98,3.75,"Domingo Gonzalez","sa3007495",682445
"Carson Fulmer","PIT",0.0467,0.0614,0.0282,4.71303,0.6388,0.0768,0,0,,1,4.444,1.0393,0.5626,0.52367,0.127667,0.4489,0.0264,0.05,0.8237,7.4133,4.0401,1.83493,1.149,0.185351,0.101013,0.08433843404054642,0.263441,1.4882,0.304514,0.706853,0.427659,,4.67545,-0.00478734,-0.0445351,999,,,,,,,6.800000000000001,6.800000000000001,7,7,,,,,,,,,,,,,,,,,,,"Carson Fulmer","18311",608334
"Mat Olsen","SFG",0.0465,0.0513,0,4.38597,1,0,0,0,,1,4.371,1.0027,0.5253,0.48733,0.125667,0.388,0.0252,0.0526,0.8471,7.6239,3.492,2.18325,1.131,0.1938,0.0887669,0.10503318160772324,0.255114,1.3907,0.296532,0.7124,0.427561,,4.42775,-0.00481724,-0.0505732,999,,,,,,,6.800000000000001,6.800000000000001,7,7,,,,,,,,,,,,,,,,,,,"Mat Olsen","sa3017882",695296
"Tyler Myrick","SFG",0.047,0.0509,0,4.28004,1,0,0,0,,1,4.361,1.0099,0.5159,0.47556,0.118333,0.384,0.0252,0.0491,0.7868,7.0812,3.456,2.04896,1.065,0.180417,0.0880532,0.09236414730548859,0.257109,1.3939,0.294951,0.714848,0.461304,,4.43051,-0.00483966,-0.0505637,999,,,,,,,6.800000000000001,6.800000000000001,7,7,,,,,,,,,,,,,,,,,,,"Tyler Myrick","sa3017541",686924
"Ryan Rolison","COL",0.0433,0.0631,0.0201,5.19138,0.704,0.063,0,0,,1,4.451,1.1419,0.6171,0.57682,0.154444,0.3843,0.0175,0.0401,0.697,6.273,3.4587,1.81369,1.39,0.156594,0.0863401,0.0702538788318634,0.283589,1.5262,0.310994,0.693981,0.440149,,5.05346,-0.00496047,-0.035345,999,,,,,,,6.800000000000001,6.800000000000001,7,7,,,,,,,,,,,,,,,,,,,"Ryan Rolison","sa3008244",669020
"Ronan Kopp","LAD",0.0498,0.0481,0,4.45428,1,0,0,0,,1,4.464,0.8875,0.531,0.49492,0.137111,0.6191,0.0258,0.0513,1.0414,9.3726,5.5719,1.68212,1.234,0.233289,0.138687,0.09460124373435974,0.233947,1.5066,0.286946,0.742102,0.386567,,4.87732,-0.00499078,-0.048589,999,,,,,,,3.8000000000000003,3.8000000000000003,4,4,,,,,,,,,,,,,,,,,,,"Ronan Kopp","sa3017751",691947
"Eddy Yean","PIT",0.0447,0.0531,0,4.73463,1,0,0,0,,1,4.435,1.0681,0.5667,0.52607,0.125444,0.4238,0.0256,0.0505,0.7116,6.4044,3.8142,1.67909,1.129,0.160451,0.0955581,0.06489290297031403,0.269675,1.4919,0.30178,0.702891,0.450769,,4.79696,-0.0050309,-0.0445351,999,,,,,,,6.800000000000001,6.800000000000001,7,7,,,,,,,,,,,,,,,,,,,"Eddy Yean","sa3006543",678868
"Michael Gomez","STL",0.047,0.0509,0,4.4748,1,0,0,0,,1,4.415,1.015,0.5378,0.4972,0.119889,0.4376,0.0255,0.0707,0.7766,6.9894,3.9384,1.77468,1.079,0.1759,0.0991166,0.0767836943268776,0.25981,1.4526,0.297358,0.712042,0.462415,,4.69674,-0.00506075,-0.0485732,999,,,,,,,6.800000000000001,6.800000000000001,7,7,,,,,,,,,,,,,,,,,,,"Michael Gomez","sa3008454",676546
"Evan Gates","SFG",0.0467,0.0511,0,4.33449,1,0,0,0,,1,4.367,1.0075,0.5213,0.48161,0.121556,0.403,0.0252,0.0363,0.8048,7.2432,3.627,1.99702,1.094,0.184291,0.092283,0.09200823307037354,0.256511,1.4105,0.295183,0.71691,0.448255,,4.455,-0.00513853,-0.0505732,999,,,,,,,6.800000000000001,6.800000000000001,7,7,,,,,,,,,,,,,,,,,,,"Evan Gates","sa3017311",688753
"Jimmie Sherfy","LAD",0.0482,0.0497,0,4.78305,1,0,0,0,,1,4.374,1.0316,0.5667,0.53145,0.163778,0.3756,0.0247,0.0472,0.8361,7.5249,3.3804,2.22604,1.474,0.191152,0.0858711,0.10528120398521423,0.261085,1.4072,0.294045,0.713551,0.386562,,4.89179,-0.00516251,-0.0485984,999,,,,,,,6.800000000000001,6.800000000000001,7,7,,,,,,,,,,,,,,,,,,,"Jimmie Sherfy","15118",642073
"Joshua Cornielly","NYM",0.049,0.0489,0,4.47003,1,0,0,0,,1,4.371,0.9625,0.5316,0.49667,0.145111,0.4177,0.0252,0.0581,0.8945,8.0505,3.7593,2.14149,1.306,0.204644,0.0955617,0.10908260196447372,0.247099,1.3802,0.286242,0.720958,0.378254,,4.69132,-0.00519126,-0.0514367,999,,,,,,,6.800000000000001,6.800000000000001,7,7,,,,,,,,,,,,,,,,,,,"Joshua Cornielly","sa3005890",681739
"Andrew Baker","PHI",0.0469,0.0509,0,4.68081,1,0,0,0,,1,4.482,0.9451,0.5594,0.52009,0.129889,0.6062,0.0259,0.0454,0.9202,8.2818,5.4558,1.51798,1.169,0.20531,0.135252,0.07005801796913147,0.246737,1.5513,0.293209,0.724302,0.431178,,4.96944,-0.00524429,-0.0460121,999,,,,,,,3.8000000000000003,3.8000000000000003,4,4,,,,,,,,,,,,,,,,,,,"Andrew Baker","sa3017196",687900
"Kaleb Bowman","MIL",0.0466,0.054,0.0072,4.65093,0.9044,0.0204,0,0,,1,4.362,1.012,0.5523,0.51677,0.156111,0.3751,0.0225,0.0509,0.8305,7.4745,3.3759,2.21408,1.405,0.190394,0.0859927,0.10440164804458618,0.257114,1.3871,0.290192,0.714393,0.387581,,4.81292,-0.00526454,-0.0470502,999,,,,,,,6.800000000000001,6.800000000000001,7,7,,,,,,,,,,,,,,,,,,,"Kaleb Bowman","sa3020745",689337
"Patrick Weigel","WSN",0.0448,0.053,0,4.62402,1,0,0,0,,1,4.419,0.989,0.5523,0.51378,0.133444,0.4777,0.0253,0.0589,0.8154,7.3386,4.2993,1.70693,1.201,0.184521,0.108101,0.07642000168561935,0.254739,1.4667,0.291645,0.714443,0.424913,,4.88026,-0.00526542,-0.0469379,999,,,,,,,6.800000000000001,6.800000000000001,7,7,,,,,,,,,,,,,,,,,,,"Patrick Weigel","17792",622256
"Will Childers","MIL",0.0459,0.0519,0,4.64607,1,0,0,0,,1,4.386,1.0215,0.5538,0.51623,0.147,0.409,0.0253,0.0412,0.8067,7.2603,3.681,1.97237,1.323,0.183926,0.0932513,0.09067486971616745,0.259541,1.4305,0.29325,0.715849,0.413277,,4.81468,-0.00528428,-0.0470502,999,,,,,,,6.800000000000001,6.800000000000001,7,7,,,,,,,,,,,,,,,,,,,"Will Childers","sa3021720",682999
"Jake McSteen","ATL",0.0529,0.0541,0.0268,4.54257,0.6768,0.0688,0,0,,1,4.347,1.059,0.5426,0.50473,0.143444,0.3414,0.0164,0.0351,0.7441,6.6969,3.0726,2.17955,1.291,0.171176,0.0785369,0.09263858944177628,0.266717,1.4004,0.296973,0.715085,0.413891,,4.67256,-0.00529978,-0.046199,999,,,,,,,6.800000000000001,6.800000000000001,7,7,,,,,,,,,,,,,,,,,,,"Jake McSteen","sa3015087",701151
"Taylor Rashi","ARI",0.0478,0.0501,0,4.61646,1,0,0,0,,1,4.394,0.9848,0.5482,0.51294,0.136,0.4516,0.0254,0.0438,0.8897,8.0073,4.0644,1.97011,1.224,0.202481,0.102777,0.09970414638519287,0.252604,1.4364,0.295451,0.712841,0.377655,,4.64128,-0.00534021,-0.0455292,999,,,,,,,6.800000000000001,6.800000000000001,7,7,,,,,,,,,,,,,,,,,,,"Taylor Rashi","sa3011597",688497
"Marquis Grissom Jr.","WSN",0.0448,0.053,0,4.64607,1,0,0,0,,1,4.359,1.0061,0.5518,0.51623,0.151556,0.3951,0.0252,0.046,0.7862,7.0758,3.5559,1.98988,1.364,0.180362,0.0906401,0.0897224098443985,0.256796,1.4012,0.286746,0.714368,0.382543,,4.8876,-0.0053584,-0.0469474,999,,,,,,,6.800000000000001,6.800000000000001,7,7,,,,,,,,,,,,,,,,,,,"Marquis Grissom Jr.","sa3020312",671726
"Elison Joseph","ATL",0.0492,0.0487,0,4.56417,1,0,0,0,,1,4.444,0.9527,0.5445,0.50713,0.128333,0.5398,0.0257,0.0474,0.9562,8.6058,4.8582,1.7714,1.155,0.215167,0.121467,0.0936993733048439,0.247018,1.4925,0.297362,0.722102,0.409895,,4.68401,-0.00543236,-0.046199,999,,,,,,,3.8000000000000003,3.8000000000000003,4,4,,,,,,,,,,,,,,,,,,,"Elison Joseph","sa3015306",693176
"Nick Raquet","STL",0.0506,0.0588,0.0352,4.4622,0.5935,0.0865,0,0,,1,4.386,1.0501,0.5368,0.4958,0.126444,0.3972,0.0142,0.0444,0.7022,6.3198,3.5748,1.76788,1.138,0.1601,0.0905609,0.06953944265842438,0.266226,1.4473,0.296447,0.716772,0.453944,,4.73066,-0.00545171,-0.0485732,999,,,,,,,6.800000000000001,6.800000000000001,7,7,,,,,,,,,,,,,,,,,,,"Nick Raquet","sa3004658",675919
"Juan Morillo","ARI",0.0475,0.0504,0,4.62474,1,0,0,0,,1,4.462,1.0208,0.5554,0.51386,0.111556,0.5167,0.0258,0.0439,0.8231,7.4079,4.6503,1.59299,1.004,0.184469,0.1158,0.06866875290870667,0.26165,1.5375,0.306479,0.710985,0.469661,,4.6523,-0.00546922,-0.0455292,999,,,,,,,3.8000000000000003,3.8000000000000003,4,4,,,,,,,,,,,,,,,,,,,"Juan Morillo","sa917772",666661
"José Geraldo","SDP",0.0469,0.051,0,4.60755,1,0,0,0,,1,4.386,0.9686,0.5474,0.51195,0.147111,0.4643,0.0253,0.0465,0.8782,7.9038,4.1787,1.89145,1.324,0.200228,0.10586,0.09436844289302826,0.249948,1.4329,0.288253,0.721712,0.384192,,4.85492,-0.00549639,-0.0501554,999,,,,,,,6.800000000000001,6.800000000000001,7,7,,,,,,,,,,,,,,,,,,,"Jose Geraldo","sa3006070",678980
"William Kempner","MIA",0.044,0.0616,0.0207,4.79043,0.7295,0.0575,0,0,,1,4.428,1.0214,0.57,0.53227,0.139778,0.4438,0.0181,0.0559,0.8392,7.5528,3.9942,1.89094,1.258,0.189521,0.100226,0.0892954021692276,0.260011,1.4652,0.298924,0.705153,0.410964,,4.80429,-0.00549672,-0.0447974,999,,,,,,,6.800000000000001,6.800000000000001,7,7,,,,,,,,,,,,,,,,,,,"William Kempner","sa3020527",687531
"Juan Sanchez","SFG",0.0475,0.0504,0,4.19346,1,0,0,0,,1,4.409,0.9507,0.505,0.46594,0.114556,0.4909,0.0255,0.0461,0.8908,8.0172,4.4181,1.81463,1.031,0.202041,0.11134,0.09070084244012833,0.245532,1.4416,0.291681,0.731021,0.434594,,4.4851,-0.00550336,-0.0505826,999,,,,,,,6.800000000000001,6.800000000000001,7,7,,,,,,,,,,,,,,,,,,,"Juan Sanchez","sa3005444",678738
"Liu Fuenmayor","ARI",0.0477,0.0502,0,4.61763,1,0,0,0,,1,4.435,1.0235,0.5508,0.51307,0.125556,0.4564,0.0256,0.0537,0.836,7.524,4.1076,1.83173,1.13,0.188501,0.102909,0.0855918824672699,0.260771,1.4799,0.303017,0.712433,0.411397,,4.657,-0.00552423,-0.0455292,999,,,,,,,6.800000000000001,6.800000000000001,7,7,,,,,,,,,,,,,,,,,,,"Liu Fuenmayor","sa3003126",673884
"Fineas Del Bonta-Smith","PIT",0.0444,0.0534,0,4.83201,1,0,0,0,,1,4.413,1.047,0.573,0.53689,0.143889,0.4076,0.0255,0.0461,0.7779,7.0011,3.6684,1.90849,1.295,0.176275,0.0923635,0.08391115814447403,0.264441,1.4546,0.297319,0.703504,0.383512,,4.84234,-0.00554441,-0.0445351,999,,,,,,,6.800000000000001,6.800000000000001,7,7,,,,,,,,,,,,,,,,,,,"Fineas Del Bonta-Smith","sa3010821",687486
"Josh White","MIA",0.0441,0.0606,0.0182,4.7268,0.7617,0.0507,0,0,,1,4.427,1.0055,0.5633,0.5252,0.137333,0.4652,0.019,0.0498,0.8439,7.5951,4.1868,1.81406,1.236,0.190626,0.105082,0.08554325997829437,0.25703,1.4707,0.296225,0.709775,0.413994,,4.80901,-0.0055502,-0.0447974,999,,,,,,,6.800000000000001,6.800000000000001,7,7,,,,,,,,,,,,,,,,,,,"Josh White","sa3019953",687985
"Christian Montes De Oca","ARI",0.0473,0.0505,0,4.67892,1,0,0,0,,1,4.39,1.0541,0.5582,0.51988,0.132222,0.3827,0.0254,0.0509,0.7633,6.8697,3.4443,1.99451,1.19,0.173872,0.0871754,0.0866970419883728,0.266429,1.4368,0.301181,0.701932,0.423432,,4.65957,-0.00555426,-0.0455292,999,,,,,,,6.800000000000001,6.800000000000001,7,7,,,,,,,,,,,,,,,,,,,"Christian Montes De Oca","sa3018207",801216
"Valentin Linarez","PIT",0.0446,0.0532,0,4.75263,1,0,0,0,,1,4.476,1.0233,0.5682,0.52807,0.122111,0.5082,0.0259,0.0538,0.7959,7.1631,4.5738,1.56612,1.099,0.177815,0.113539,0.06427614390850067,0.261446,1.5315,0.300799,0.708025,0.440708,,4.84812,-0.00560989,-0.0445351,999,,,,,,,3.8000000000000003,3.8000000000000003,4,4,,,,,,,,,,,,,,,,,,,"Valentin Linarez","sa3006557",679066
"Cam Sanders","PIT",0.0452,0.055,0.0058,4.70808,0.9192,0.0172,0,0,,1,4.51,0.9589,0.5622,0.52312,0.119111,0.5954,0.0237,0.0613,0.9171,8.2539,5.3586,1.54031,1.072,0.203348,0.132018,0.07133038341999054,0.248852,1.5543,0.298105,0.715004,0.422238,,4.85082,-0.00564042,-0.0445351,999,,,,,,,3.8000000000000003,3.8000000000000003,4,4,,,,,,,,,,,,,,,,,,,"Cam Sanders","sa3008067",676742
"Joel Peguero","SFG",0.0464,0.0514,0,4.38219,1,0,0,0,,1,4.388,1.0299,0.5282,0.48691,0.117,0.3965,0.0253,0.0492,0.7607,6.8463,3.5685,1.91854,1.053,0.173359,0.0903601,0.082999087870121,0.261243,1.4264,0.297886,0.711389,0.471366,,4.50318,-0.00570607,-0.0505732,999,,,,,,,6.800000000000001,6.800000000000001,7,7,,,,,,,,,,,,,,,,,,,"Joel Peguero","sa917689",666711
"Alec Barger","COL",0.0422,0.0555,0,5.2965,1,0,0,0,,1,4.488,1.1036,0.6283,0.5885,0.152778,0.4524,0.0259,0.0498,0.7672,6.9048,4.0716,1.69584,1.375,0.170945,0.100802,0.07014261186122894,0.276883,1.556,0.310136,0.691224,0.436575,,5.12479,-0.00573181,-0.035345,999,,,,,,,6.800000000000001,6.800000000000001,7,7,,,,,,,,,,,,,,,,,,,"Alec Barger","sa3010566",681897
"Brad Deppermann","CHC",0.0467,0.0512,0,4.60629,1,0,0,0,,1,4.384,0.9982,0.5484,0.51181,0.141444,0.4318,0.0253,0.0444,0.8504,7.6536,3.8862,1.96943,1.273,0.193978,0.0984945,0.09548357129096985,0.255438,1.43,0.293816,0.715597,0.39898,,4.73306,-0.00578186,-0.0496548,999,,,,,,,6.800000000000001,6.800000000000001,7,7,,,,,,,,,,,,,,,,,,,"Brad Deppermann","sa3011801",656368
"Ryan Shreve","STL",0.0465,0.0513,0,4.56624,1,0,0,0,,1,4.376,1.0616,0.5476,0.50736,0.132556,0.3798,0.0253,0.037,0.6904,6.2136,3.4182,1.8178,1.193,0.15777,0.0867916,0.0709780603647232,0.268135,1.4414,0.296228,0.711725,0.447403,,4.7593,-0.00579186,-0.0485826,999,,,,,,,6.800000000000001,6.800000000000001,7,7,,,,,,,,,,,,,,,,,,,"Ryan Shreve","sa3010555",662914
"Christian Roa","MIA",0.0449,0.0652,0.0327,4.74966,0.577,0.09,0,0,,1,4.442,0.9803,0.5652,0.52774,0.138222,0.5012,0.0139,0.0521,0.8947,8.0523,4.5108,1.78512,1.244,0.201418,0.112832,0.0885862186551094,0.252089,1.4815,0.294868,0.711419,0.403941,,4.83387,-0.00583162,-0.0447974,999,,,,,,,3.8000000000000003,3.8000000000000003,4,4,,,,,,,,,,,,,,,,,,,"Christian Roa","sa3014477",685005
"Jack Dallas","PHI",0.048,0.0565,0.0176,4.79025,0.7675,0.0495,0,0,,1,4.392,1.0342,0.5712,0.53225,0.150889,0.4157,0.0189,0.0464,0.7435,6.6915,3.7413,1.78855,1.358,0.169285,0.0946494,0.07463570684194565,0.263162,1.4499,0.290992,0.709398,0.42616,,5.02734,-0.00588543,-0.0460121,999,,,,,,,6.800000000000001,6.800000000000001,7,7,,,,,,,,,,,,,,,,,,,"Jack Dallas","sa3020490",806585
"Casey Kelly","ARI",0.0461,0.0517,0,4.9491,1,0,0,0,,1,4.411,1.0939,0.5871,0.5499,0.146889,0.37,0.0253,0.0408,0.7132,6.4188,3.33,1.92757,1.322,0.161687,0.0838812,0.07780547440052032,0.273461,1.4639,0.301585,0.696838,0.396356,,4.88204,-0.00591904,-0.0455387,999,,,,,,,6.800000000000001,6.800000000000001,7,7,,,,,,,,,,,,,,,,,,,"Casey Kelly","9174",543391
"Carter Loewen","SDP",0.0486,0.0564,0.0195,4.62285,0.7526,0.0526,0,0,,1,4.396,0.9702,0.5507,0.51365,0.144222,0.4804,0.0186,0.0451,0.8628,7.7652,4.3236,1.796,1.298,0.196269,0.109281,0.086988165974617,0.250665,1.4506,0.288453,0.720676,0.402394,,4.89227,-0.005922,-0.0501554,999,,,,,,,6.800000000000001,6.800000000000001,7,7,,,,,,,,,,,,,,,,,,,"Carter Loewen","sa3014844",659389
"Stephen Jones","SDP",0.0469,0.0509,0,4.58181,1,0,0,0,,1,4.399,0.9718,0.5464,0.50909,0.140556,0.4745,0.0254,0.0549,0.8443,7.5987,4.2705,1.77935,1.265,0.19193,0.107865,0.0840645432472229,0.251137,1.4463,0.288152,0.720195,0.409355,,4.8933,-0.00593377,-0.0501554,999,,,,,,,6.800000000000001,6.800000000000001,7,7,,,,,,,,,,,,,,,,,,,"Stephen Jones","sa3009935",682240
"Kyle Tyler","PHI",1.3788,1.3612,0,4.22559,28,0,0,0.5848,,28,120.43,28.0235,14.2356,13.1463,3.59956,10.2531,0.649,1.1679,22.6528,7.28126,3.29564,2.20936,1.157,0.188099,0.0851374,0.10296188294887543,0.257075,1.36702,0.29513,0.723316,0.458642,,4.44332,-0.00593688,0.0935199,999,,,,,,,102.2,3.65,105,3.75,7.44,6.07,5.24,4.62,4.11,3.66,3.22,2.78,2.27,5.28,5.02,4.83,4.68,4.54,4.41,4.27,4.12,3.91,"Kyle Tyler","22092",667725
"Harold Chirino","SDP",0.0466,0.0512,0,4.62879,1,0,0,0,,1,4.421,0.9965,0.5534,0.51431,0.134556,0.4802,0.0255,0.055,0.8129,7.3161,4.3218,1.69284,1.211,0.183872,0.108618,0.07525447010993958,0.256447,1.4767,0.293344,0.716669,0.434556,,4.8955,-0.00595883,-0.0501554,999,,,,,,,6.800000000000001,6.800000000000001,7,7,,,,,,,,,,,,,,,,,,,"Harold Chirino","sa917637",666785
"Landon Harper","ATL",0.0526,0.0571,0.0335,4.7313,0.5811,0.0891,0,0,,1,4.34,1.093,0.5642,0.5257,0.151111,0.2984,0.0137,0.0383,0.7022,6.3198,2.6856,2.35322,1.36,0.161797,0.0687558,0.09304146468639374,0.273025,1.3914,0.299013,0.701109,0.423853,,4.73662,-0.0060307,-0.0461895,999,,,,,,,6.800000000000001,6.800000000000001,7,7,,,,,,,,,,,,,,,,,,,"Landon Harper","sa3020404",804542
"Listher Sosa","ARI",0.0475,0.0525,0.0054,4.72239,0.9274,0.0154,0,0,,1,4.445,1.0781,0.5669,0.52471,0.116222,0.4181,0.0237,0.068,0.7172,6.4548,3.7629,1.71538,1.046,0.16135,0.0940607,0.0672890767455101,0.272323,1.4962,0.307754,0.696894,0.480695,,4.70127,-0.00605225,-0.0455387,999,,,,,,,6.800000000000001,6.800000000000001,7,7,,,,,,,,,,,,,,,,,,,"Listher Sosa","sa3009725",683538
"Eduardo Herrera","NYM",0.0486,0.0493,0,4.51971,1,0,0,0,,1,4.446,0.9459,0.54,0.50219,0.131111,0.5365,0.0257,0.0473,0.9252,8.3268,4.8285,1.72451,1.18,0.208097,0.12067,0.08742690086364746,0.244912,1.4824,0.290385,0.725568,0.410519,,4.77192,-0.00611996,-0.0514461,999,,,,,,,3.8000000000000003,3.8000000000000003,4,4,,,,,,,,,,,,,,,,,,,"Eduardo Herrera","sa3002702",672620
"Benito Garcia","STL",0.0465,0.0513,0,4.58829,1,0,0,0,,1,4.34,1.076,0.5484,0.50981,0.144111,0.3075,0.0251,0.0477,0.6573,5.9157,2.7675,2.13756,1.297,0.151452,0.0708525,0.08059906959533691,0.270026,1.3835,0.292735,0.706667,0.424378,,4.79092,-0.00615591,-0.0485826,999,,,,,,,6.800000000000001,6.800000000000001,7,7,,,,,,,,,,,,,,,,,,,"Benito Garcia","sa3005891",681740
"David Morgan","SDP",0.0466,0.0512,0,4.63599,1,0,0,0,,1,4.39,1.002,0.5528,0.51511,0.144333,0.4386,0.0254,0.0503,0.793,7.137,3.9474,1.80803,1.299,0.180638,0.0999089,0.0807289332151413,0.256851,1.4406,0.289384,0.716816,0.413318,,4.92351,-0.00627788,-0.0501554,999,,,,,,,6.800000000000001,6.800000000000001,7,7,,,,,,,,,,,,,,,,,,,"David Morgan","sa3020260",688158
"Ivan Armstrong","WSN",0.0452,0.0585,0.0154,4.70178,0.7988,0.0428,0,0,,1,4.417,1.021,0.5625,0.52242,0.136,0.45,0.0199,0.0554,0.7396,6.6564,4.05,1.64356,1.224,0.167444,0.101879,0.06556487083435059,0.261019,1.471,0.291502,0.709433,0.440471,,4.97148,-0.00629282,-0.0469379,999,,,,,,,6.800000000000001,6.800000000000001,7,7,,,,,,,,,,,,,,,,,,,"Ivan Armstrong","sa3006358",678371
"Jack Dreyer","LAD",1.6908,1.5392,0,4.18596,33,0,0,0.7121,,33,142.426,30.8504,16.4908,15.3485,4.64567,14.1886,0.8226,1.1863,32.1073,8.75654,3.86962,2.26289,1.267,0.225431,0.0996209,0.12581060081720352,0.242819,1.36482,0.290202,0.740837,0.394881,,4.44841,-0.00633849,0.111761,999,,,,,,,125.10000000000005,3.7909090909090923,123,3.727272727272727,7.85,6.15,5.16,4.44,3.86,3.35,2.89,2.42,1.9,5.33,5.01,4.79,4.61,4.45,4.3,4.14,3.96,3.72,"Jack Dreyer","sa3018789",676263
"Evan Kravetz","CIN",0.0458,0.052,0,4.84947,1,0,0,0,,1,4.427,1.0149,0.5749,0.53883,0.167,0.4454,0.0256,0.0456,0.8622,7.7598,4.0086,1.93579,1.503,0.194759,0.10061,0.09414953738451004,0.257851,1.4603,0.291695,0.721892,0.385421,,5.08608,-0.00639948,-0.0416266,999,,,,,,,6.800000000000001,6.800000000000001,7,7,,,,,,,,,,,,,,,,,,,"Evan Kravetz","27536",667478
"Lenny Torres Jr.","CIN",0.0448,0.053,0,5.05773,1,0,0,0,,1,4.5,0.9905,0.5992,0.56197,0.160889,0.5504,0.026,0.0479,0.9341,8.4069,4.9536,1.69713,1.448,0.207578,0.122311,0.08526664972305298,0.253864,1.5409,0.295581,0.715765,0.397373,,5.18474,-0.00640554,-0.0416458,999,,,,,,,3.8000000000000003,3.8000000000000003,4,4,,,,,,,,,,,,,,,,,,,"Lenny Torres Jr.","sa3008329",678013
"Kevin Kopps","SDP",0.0468,0.0511,0,4.55607,1,0,0,0,,1,4.446,1.0271,0.5501,0.50623,0.116778,0.4997,0.0257,0.053,0.7032,6.3288,4.4973,1.40724,1.051,0.158165,0.112393,0.04577147215604782,0.263812,1.5268,0.296201,0.716417,0.500532,,4.93629,-0.00641319,-0.050146,999,,,,,,,6.800000000000001,6.800000000000001,7,7,,,,,,,,,,,,,,,,,,,"Kevin Kopps","sa3017005",667434
"Junior Santos","WSN",0.0446,0.0566,0.0087,4.74201,0.8821,0.0251,0,0,,1,4.403,1.0581,0.5674,0.52689,0.138778,0.4089,0.0221,0.0459,0.6748,6.0732,3.6801,1.65028,1.249,0.153259,0.0928685,0.060390643775463104,0.267996,1.467,0.29328,0.706838,0.445905,,4.98539,-0.00644936,-0.0469379,999,,,,,,,6.800000000000001,6.800000000000001,7,7,,,,,,,,,,,,,,,,,,,"Junior Santos","sa3005470",681744
"Adam McKillican","COL",0.0417,0.0561,0,5.43591,1,0,0,0,,1,4.492,1.1237,0.6427,0.60399,0.161778,0.4318,0.0259,0.0487,0.7596,6.8364,3.8862,1.75915,1.456,0.169101,0.0961264,0.07297416776418686,0.28012,1.5555,0.311289,0.686826,0.419505,,5.19189,-0.00645656,-0.035345,999,,,,,,,6.800000000000001,6.800000000000001,7,7,,,,,,,,,,,,,,,,,,,"Adam McKillican","sa3017687",688015
"Justin Lawson","NYM",0.0492,0.0517,0.0084,4.58019,0.8945,0.0225,0,0,,1,4.419,0.9963,0.5478,0.50891,0.136111,0.461,0.0226,0.0466,0.8217,7.3953,4.149,1.78243,1.225,0.185947,0.104322,0.08162479102611542,0.254717,1.4573,0.291235,0.717982,0.425474,,4.81532,-0.00661401,-0.0514461,999,,,,,,,6.800000000000001,6.800000000000001,7,7,,,,,,,,,,,,,,,,,,,"Justin Lawson","sa3023504",803088
"Breidy Encarnación","MIA",0.043,0.0548,0,4.82265,1,0,0,0,,1,4.435,0.9996,0.5715,0.53585,0.147333,0.4729,0.0256,0.0445,0.861,7.749,4.2561,1.82068,1.326,0.194138,0.106629,0.08750845491886139,0.255156,1.4725,0.292949,0.711559,0.373792,,4.91201,-0.00671561,-0.0447974,999,,,,,,,6.800000000000001,6.800000000000001,7,7,,,,,,,,,,,,,,,,,,,"Breidy Encarnacion","sa3009205",682697
"Trey Braithwaite","CIN",0.0447,0.0557,0.006,5.15826,0.9093,0.0193,0,0,,1,4.475,1.0361,0.6102,0.57314,0.170444,0.4815,0.0233,0.0427,0.8691,7.8219,4.3335,1.80498,1.534,0.194212,0.107598,0.08661451935768127,0.262251,1.5176,0.297348,0.709473,0.396362,,5.21666,-0.00674511,-0.0416458,999,,,,,,,6.800000000000001,6.800000000000001,7,7,,,,,,,,,,,,,,,,,,,"Trey Braithwaite","sa3020251",679985
"Conor Grammes","ARI",0.0478,0.0527,0.007,4.69152,0.906,0.02,0,0,,1,4.518,0.9964,0.5635,0.52128,0.106444,0.584,0.0235,0.0634,0.8651,7.7859,5.256,1.48134,0.958,0.191479,0.129261,0.06221780180931091,0.257428,1.5804,0.306981,0.710434,0.477663,,4.76226,-0.00676501,-0.0455387,999,,,,,,,3.8000000000000003,3.8000000000000003,4,4,,,,,,,,,,,,,,,,,,,"Conor Grammes","sa3011651",682202
"Enmanuel Mejia","PHI",0.0482,0.0592,0.0247,4.85109,0.6677,0.0707,0,0,,1,4.446,0.9993,0.5783,0.53901,0.145667,0.5062,0.0164,0.0494,0.8067,7.2603,4.5558,1.59364,1.311,0.181444,0.113855,0.06758883595466614,0.256863,1.5055,0.290546,0.712372,0.425588,,5.11355,-0.00683893,-0.0460121,999,,,,,,,3.8000000000000003,3.8000000000000003,4,4,,,,,,,,,,,,,,,,,,,"Enmanuel Mejia","sa3009262",684871
"Jhosmer Alvarez","ARI",0.0467,0.0511,0,4.79583,1,0,0,0,,1,4.45,1.0583,0.5732,0.53287,0.124556,0.4569,0.0257,0.0461,0.7614,6.8526,4.1121,1.66645,1.121,0.171101,0.102674,0.0684269592165947,0.268128,1.5152,0.305041,0.702554,0.446082,,4.7719,-0.00686749,-0.0455292,999,,,,,,,6.800000000000001,6.800000000000001,7,7,,,,,,,,,,,,,,,,,,,"Jhosmer Alvarez","sa3005437",678493
"Jarod Bayless","PIT",0.044,0.0538,0,4.91436,1,0,0,0,,1,4.433,1.052,0.5821,0.54604,0.146556,0.3812,0.0256,0.085,0.7543,6.7887,3.4308,1.97875,1.319,0.170156,0.0859914,0.08416422456502914,0.265201,1.4332,0.295323,0.693066,0.382095,,4.9617,-0.00689329,-0.0445351,999,,,,,,,6.800000000000001,6.800000000000001,7,7,,,,,,,,,,,,,,,,,,,"Jarod Bayless","sa3010236",663681
"Michael Brettell","STL",0.0461,0.0518,0,4.64733,1,0,0,0,,1,4.431,1.0611,0.5582,0.51637,0.125111,0.4235,0.0256,0.0578,0.6869,6.1821,3.8115,1.62196,1.126,0.155021,0.0955766,0.059444814920425415,0.268653,1.4846,0.298305,0.707476,0.467946,,4.86302,-0.00697506,-0.0485732,999,,,,,,,6.800000000000001,6.800000000000001,7,7,,,,,,,,,,,,,,,,,,,"Michael Brettell","sa3008020",647179
"Daniel Harper","PHI",0.0459,0.0519,0,4.92021,1,0,0,0,,1,4.442,1.0181,0.5844,0.54669,0.152444,0.4835,0.0257,0.042,0.7989,7.1901,4.3515,1.65233,1.372,0.179851,0.108847,0.07100405544042587,0.259952,1.5016,0.291943,0.712014,0.402552,,5.12696,-0.00698713,-0.0460121,999,,,,,,,6.800000000000001,6.800000000000001,7,7,,,,,,,,,,,,,,,,,,,"Daniel Harper","sa3020316",679702
"Wil Jensen","CHC",0.0491,0.0605,0.0321,4.71132,0.591,0.087,0,0,,1,4.358,1.0166,0.5595,0.52348,0.154444,0.3858,0.014,0.0404,0.8078,7.2702,3.4722,2.09383,1.39,0.18536,0.0885269,0.09683341532945633,0.258558,1.4024,0.290332,0.710602,0.38598,,4.83726,-0.00698728,-0.0496548,999,,,,,,,6.800000000000001,6.800000000000001,7,7,,,,,,,,,,,,,,,,,,,"Wil Jensen","sa3014786",669192
"Osvaldo Berrios","STL",0.0461,0.0517,0,4.69593,1,0,0,0,,1,4.369,1.0338,0.5573,0.52177,0.152,0.3714,0.0252,0.0448,0.7634,6.8706,3.3426,2.05547,1.368,0.174731,0.085008,0.08972305059432983,0.261536,1.4052,0.290314,0.711087,0.37733,,4.86428,-0.00699966,-0.0485826,999,,,,,,,6.800000000000001,6.800000000000001,7,7,,,,,,,,,,,,,,,,,,,"Osvaldo Berrios","sa3004702",676047
"Mitchell Stumpo","ARI",0.0469,0.0509,0,4.76244,1,0,0,0,,1,4.466,1.007,0.5679,0.52916,0.125556,0.5166,0.0258,0.0471,0.8531,7.6779,4.6494,1.65137,1.13,0.191021,0.115674,0.07534705847501755,0.258053,1.5236,0.301488,0.70907,0.420999,,4.7836,-0.00700411,-0.0455292,999,,,,,,,3.8000000000000003,3.8000000000000003,4,4,,,,,,,,,,,,,,,,,,,"Mitchell Stumpo","sa3011585",686933
"Ethan Routzahn","SDP",0.0462,0.0516,0,4.70448,1,0,0,0,,1,4.398,1.053,0.5629,0.52272,0.140889,0.3992,0.0254,0.0562,0.6881,6.1929,3.5928,1.7237,1.268,0.156457,0.0907685,0.06568895280361176,0.267083,1.4522,0.292943,0.708631,0.445917,,4.98804,-0.0070122,-0.0501554,999,,,,,,,6.800000000000001,6.800000000000001,7,7,,,,,,,,,,,,,,,,,,,"Ethan Routzahn","sa3017206",701240
"Robert Kwiatkowski","CHC",0.0472,0.0561,0.0143,4.71753,0.8128,0.0398,0,0,,1,4.387,1.0639,0.5641,0.52417,0.140333,0.3804,0.0202,0.0452,0.7134,6.4206,3.4236,1.87539,1.263,0.162617,0.0867107,0.07590608298778534,0.268567,1.4443,0.29719,0.705383,0.440664,,4.84081,-0.00702837,-0.0496548,999,,,,,,,6.800000000000001,6.800000000000001,7,7,,,,,,,,,,,,,,,,,,,"Robert Kwiatkowski","sa3014929",688984
"Wes Benjamin","SDP",0.0479,0.0551,0.0145,4.68594,0.8178,0.0388,0,0,,1,4.379,0.9991,0.5552,0.52066,0.158667,0.4284,0.0189,0.0388,0.8188,7.3692,3.8556,1.9113,1.428,0.186983,0.0978306,0.0891527608036995,0.255407,1.4275,0.286414,0.72368,0.361069,,4.99315,-0.00708051,-0.0501649,999,,,,,,,6.800000000000001,6.800000000000001,7,7,,,,,,,,,,,,,,,,,,,"Wes Benjamin","19243",605138
"Eduarniel Nunez","SDP",0.0466,0.0512,0,4.61925,1,0,0,0,,1,4.47,0.9662,0.5539,0.51325,0.125444,0.5702,0.0258,0.055,0.8383,7.5447,5.1318,1.47019,1.129,0.187539,0.127562,0.05997762084007263,0.2513,1.5364,0.291822,0.722014,0.450893,,4.99626,-0.00709554,-0.050146,999,,,,,,,3.8000000000000003,3.8000000000000003,4,4,,,,,,,,,,,,,,,,,,,"Eduarniel Nunez","sa3005284",674384
"Mitchell Tyranski","CHC",0.0472,0.0507,0,4.50693,1,0,0,0,,1,4.403,0.9773,0.5375,0.50077,0.139,0.4745,0.0254,0.0416,0.8373,7.5357,4.2705,1.76459,1.251,0.190166,0.107767,0.08239836990833282,0.251434,1.4518,0.288016,0.727251,0.390373,,4.84718,-0.00710195,-0.0496548,999,,,,,,,6.800000000000001,6.800000000000001,7,7,,,,,,,,,,,,,,,,,,,"Mitchell Tyranski","sa3011235",680454
"Jack Little","LAD",0.048,0.0499,0,4.85496,1,0,0,0,,1,4.369,0.9955,0.5715,0.53944,0.179444,0.3965,0.0252,0.0444,0.8748,7.8732,3.5685,2.20631,1.615,0.200229,0.090753,0.10947586596012115,0.25343,1.392,0.283958,0.719246,0.330741,,5.07236,-0.00716504,-0.048589,999,,,,,,,6.800000000000001,6.800000000000001,7,7,,,,,,,,,,,,,,,,,,,"Jack Little","sa1115817",669193
"Zane Mills","STL",0.047,0.0559,0.0137,4.69341,0.8227,0.0377,0,0,,1,4.377,1.0946,0.5623,0.52149,0.139444,0.3391,0.0204,0.0446,0.6246,5.6214,3.0519,1.84193,1.255,0.1427,0.0774732,0.06522732228040695,0.274109,1.4337,0.295782,0.703606,0.448425,,4.88116,-0.00718347,-0.0485732,999,,,,,,,6.800000000000001,6.800000000000001,7,7,,,,,,,,,,,,,,,,,,,"Zane Mills","sa3017535",677312
"Tommy McCollum","PHI",0.0462,0.0517,0,4.86036,1,0,0,0,,1,4.468,0.9694,0.5774,0.54004,0.147667,0.549,0.0258,0.0512,0.8697,7.8273,4.941,1.58415,1.329,0.194651,0.122874,0.07177708297967911,0.250633,1.5184,0.288284,0.717408,0.395152,,5.14735,-0.00721238,-0.0460121,999,,,,,,,3.8000000000000003,3.8000000000000003,4,4,,,,,,,,,,,,,,,,,,,"Tommy McCollum","sa3017204",695294
"Matt Turner","COL",0.0419,0.0558,0,5.34078,1,0,0,0,,1,4.564,1.1292,0.636,0.59342,0.139333,0.5167,0.0264,0.0508,0.7055,6.3495,4.6503,1.3654,1.254,0.154579,0.113212,0.04136721044778824,0.282547,1.6459,0.314077,0.696083,0.464735,,5.26931,-0.00728164,-0.0353354,999,,,,,,,3.8000000000000003,3.8000000000000003,4,4,,,,,,,,,,,,,,,,,,,"Matt Turner","sa3005029",676666
"Tyler Eckberg","MIA",0.0427,0.0551,0,4.89177,1,0,0,0,,1,4.378,1.0702,0.5791,0.54353,0.160667,0.3424,0.0253,0.0438,0.7244,6.5196,3.0816,2.11565,1.446,0.165464,0.0782092,0.08725444972515106,0.2681,1.4126,0.292762,0.701796,0.374803,,4.96495,-0.00731373,-0.0447974,999,,,,,,,6.800000000000001,6.800000000000001,7,7,,,,,,,,,,,,,,,,,,,"Tyler Eckberg","sa3017365",690501
"Holden Powell","WSN",0.044,0.0538,0,4.78593,1,0,0,0,,1,4.47,0.9875,0.5707,0.53177,0.135556,0.5396,0.0258,0.0508,0.8178,7.3602,4.8564,1.51557,1.22,0.182953,0.120716,0.06223713606595993,0.254537,1.5271,0.291139,0.71516,0.417928,,5.0643,-0.00733661,-0.0469379,999,,,,,,,3.8000000000000003,3.8000000000000003,4,4,,,,,,,,,,,,,,,,,,,"Holden Powell","sa3014854",676026
"Chris Wright","SFG",0.0472,0.0531,0.0072,4.3875,0.9118,0.0188,0,0,,1,4.43,0.9288,0.5232,0.4875,0.130111,0.5174,0.0231,0.0457,0.9535,8.5815,4.6566,1.84287,1.171,0.215237,0.116795,0.0984424278140068,0.240192,1.4462,0.286959,0.730196,0.371332,,4.64022,-0.00733814,-0.0505921,999,,,,,,,3.8000000000000003,3.8000000000000003,4,4,,,,,,,,,,,,,,,,,,,"Chris Wright","sa3011531",686819
"Cayne Ueckert","CHC",0.0462,0.0516,0,4.68414,1,0,0,0,,1,4.458,0.9844,0.5594,0.52046,0.130333,0.5236,0.0258,0.0549,0.8643,7.7787,4.7124,1.65069,1.173,0.193876,0.117452,0.07642441242933273,0.253744,1.508,0.296051,0.715636,0.42606,,4.86771,-0.00733918,-0.0496548,999,,,,,,,3.8000000000000003,3.8000000000000003,4,4,,,,,,,,,,,,,,,,,,,"Cayne Ueckert","sa3010789",681145
"Christian Suarez","LAD",0.0482,0.0496,0,4.73535,1,0,0,0,,1,4.482,1.0114,0.5663,0.52615,0.138,0.5342,0.0259,0.046,0.8044,7.2396,4.8078,1.5058,1.242,0.179473,0.119188,0.06028559058904648,0.259214,1.5456,0.295127,0.72412,0.437417,,5.09228,-0.00738674,-0.048589,999,,,,,,,3.8000000000000003,3.8000000000000003,4,4,,,,,,,,,,,,,,,,,,,"Christian Suarez","sa3009222",682949
"Frankie Scalzo Jr.","CHC",0.046,0.0518,0,4.71726,1,0,0,0,,1,4.407,1.0323,0.5627,0.52414,0.140556,0.4285,0.0255,0.0452,0.7711,6.9399,3.8565,1.79953,1.265,0.174972,0.0972317,0.07773995399475098,0.262451,1.4608,0.295119,0.71051,0.421056,,4.8726,-0.00739566,-0.0496548,999,,,,,,,6.800000000000001,6.800000000000001,7,7,,,,,,,,,,,,,,,,,,,"Frankie Scalzo Jr.","sa3017724",700794
"Luis Madrazo","SDP",0.0461,0.0518,0,4.7529,1,0,0,0,,1,4.446,0.9866,0.5661,0.5281,0.141111,0.5142,0.0257,0.0518,0.8378,7.5402,4.6278,1.62933,1.27,0.188439,0.115655,0.07278452813625336,0.254278,1.5008,0.291438,0.71721,0.41133,,5.02332,-0.0074033,-0.050146,999,,,,,,,3.8000000000000003,3.8000000000000003,4,4,,,,,,,,,,,,,,,,,,,"Luis Madrazo","sa3019134",800104
"Nico Zeglin","CHC",0.049,0.0604,0.0329,4.72797,0.5976,0.0856,0,0,,1,4.434,1.031,0.5665,0.52533,0.131333,0.4653,0.0146,0.0492,0.7692,6.9228,4.1877,1.65313,1.182,0.173478,0.104939,0.06853857636451721,0.263044,1.4963,0.298005,0.708455,0.455132,,4.87891,-0.00746855,-0.0496548,999,,,,,,,6.800000000000001,6.800000000000001,7,7,,,,,,,,,,,,,,,,,,,"Nico Zeglin","sa3023549",689901
"Gunner Mayer","PHI",0.0461,0.0517,0,4.87098,1,0,0,0,,1,4.482,0.9699,0.5794,0.54122,0.144444,0.5691,0.0259,0.0492,0.8628,7.7652,5.1219,1.51608,1.3,0.192503,0.126975,0.06552878022193909,0.251029,1.539,0.288979,0.717846,0.405151,,5.17356,-0.00750184,-0.0460121,999,,,,,,,3.8000000000000003,3.8000000000000003,4,4,,,,,,,,,,,,,,,,,,,"Gunner Mayer","sa3011199",686763
"Carlos Guzman","NYM",0.048,0.0498,0,4.63824,1,0,0,0,,1,4.413,0.9981,0.5527,0.51536,0.144556,0.4394,0.0255,0.0521,0.8115,7.3035,3.9546,1.84684,1.301,0.183889,0.0995694,0.08431906253099442,0.25452,1.4375,0.28783,0.716366,0.401556,,4.8972,-0.00754508,-0.0514461,999,,,,,,,6.800000000000001,6.800000000000001,7,7,,,,,,,,,,,,,,,,,,,"Carlos Guzman","sa871477",664346
"Sean Harney","NYM",0.0495,0.0546,0.017,4.71519,0.7807,0.0467,0,0,,1,4.387,1.0291,0.5609,0.52391,0.153222,0.3783,0.0193,0.0527,0.7742,6.9678,3.4047,2.04652,1.379,0.176476,0.0862321,0.09024390578269958,0.260136,1.4074,0.289204,0.709622,0.395576,,4.90297,-0.0076106,-0.0514461,999,,,,,,,6.800000000000001,6.800000000000001,7,7,,,,,,,,,,,,,,,,,,,"Sean Harney","sa3020472",686184
"Donovan Benoit","CIN",0.0441,0.0537,0,5.19102,1,0,0,0,,1,4.517,1.0669,0.6174,0.57678,0.156889,0.4937,0.0261,0.0585,0.781,7.029,4.4433,1.58193,1.412,0.172902,0.109298,0.06360416114330292,0.269093,1.5606,0.30064,0.703379,0.44518,,5.30064,-0.00763759,-0.0416458,999,,,,,,,6.800000000000001,6.800000000000001,7,7,,,,,,,,,,,,,,,,,,,"Donovan Benoit","sa3017464",687630
"Welinton Herrera","COL",0.0421,0.0557,0,5.30127,1,0,0,0,,1,4.6,1.0868,0.6321,0.58903,0.132556,0.5962,0.0266,0.055,0.7654,6.8886,5.3658,1.2838,1.193,0.166391,0.129609,0.03678262233734131,0.275223,1.683,0.31278,0.701806,0.46928,,5.3125,-0.00774713,-0.0353354,999,,,,,,,3.8000000000000003,3.8000000000000003,4,4,,,,,,,,,,,,,,,,,,,"Welinton Herrera","sa3016061",700327
"Chase Watkins","CHC",0.0466,0.0513,0,4.61538,1,0,0,0,,1,4.415,1.0203,0.5509,0.51282,0.138778,0.4456,0.0255,0.0454,0.7686,6.9174,4.0104,1.72487,1.249,0.174088,0.100929,0.07315967231988907,0.260015,1.4659,0.292222,0.71956,0.40802,,4.90639,-0.00778583,-0.0496548,999,,,,,,,6.800000000000001,6.800000000000001,7,7,,,,,,,,,,,,,,,,,,,"Chase Watkins","sa3017842",677352
"Hunter Parsons","NYM",0.0502,0.055,0.0203,4.66551,0.7394,0.0554,0,0,,1,4.408,0.9637,0.5536,0.51839,0.152333,0.4601,0.0183,0.0531,0.8832,7.9488,4.1409,1.91958,1.371,0.200363,0.104378,0.0959845781326294,0.247432,1.4238,0.283767,0.718857,0.368294,,4.92001,-0.00780424,-0.0514461,999,,,,,,,6.800000000000001,6.800000000000001,7,7,,,,,,,,,,,,,,,,,,,"Hunter Parsons","sa3011606",663500
"Eli Saul","ARI",0.0462,0.0516,0,4.8744,1,0,0,0,,1,4.49,1.1016,0.5854,0.5416,0.114222,0.4613,0.0259,0.0563,0.6737,6.0633,4.1517,1.46044,1.028,0.150045,0.102739,0.04730512201786041,0.277314,1.5629,0.31006,0.696727,0.493201,,4.85677,-0.00785789,-0.0455292,999,,,,,,,6.800000000000001,6.800000000000001,7,7,,,,,,,,,,,,,,,,,,,"Eli Saul","sa3020471",683272
"Jack Ralston","STL",0.0461,0.0517,0,4.68783,1,0,0,0,,1,4.458,0.9633,0.5578,0.52087,0.136556,0.5423,0.0258,0.0449,0.8805,7.9245,4.8807,1.62364,1.229,0.19751,0.121646,0.07586362212896347,0.248863,1.5056,0.289705,0.721077,0.388359,,4.9423,-0.00788574,-0.0485732,999,,,,,,,3.8000000000000003,3.8000000000000003,4,4,,,,,,,,,,,,,,,,,,,"Jack Ralston","sa3011296",667652
"Emmanuel Chapman","PIT",0.0448,0.0656,0.0312,5.08572,0.5646,0.0926,0,0,,1,4.446,1.0538,0.6007,0.56508,0.155889,0.4326,0.0136,0.0423,0.783,7.047,3.8934,1.80999,1.403,0.176113,0.0973009,0.07881241291761398,0.265367,1.4864,0.296124,0.698416,0.363048,,5.05174,-0.00789872,-0.0445256,999,,,,,,,6.800000000000001,6.800000000000001,7,7,,,,,,,,,,,,,,,,,,,"Emmanuel Chapman","sa3023456",820888
"Carlos Romero","WSN",0.044,0.0538,0,4.8024,1,0,0,0,,1,4.454,0.9869,0.5716,0.5336,0.142333,0.514,0.0257,0.0551,0.8009,7.2081,4.626,1.55817,1.281,0.179816,0.115402,0.06441400200128555,0.254035,1.5009,0.287105,0.713949,0.402521,,5.12231,-0.00798811,-0.0469379,999,,,,,,,3.8000000000000003,3.8000000000000003,4,4,,,,,,,,,,,,,,,,,,,"Carlos Romero","sa3003106",673395
"Jorge Benitez","LAD",0.0483,0.0496,0,4.71789,1,0,0,0,,1,4.523,0.9727,0.5645,0.52421,0.132667,0.597,0.0261,0.0644,0.8631,7.7679,5.373,1.44573,1.194,0.190825,0.131992,0.058832645416259766,0.25189,1.5697,0.29312,0.726318,0.438411,,5.14915,-0.00801914,-0.048589,999,,,,,,,3.8000000000000003,3.8000000000000003,4,4,,,,,,,,,,,,,,,,,,,"Jorge Benitez","sa3004462",676221
"Tyler Santana","CHC",0.0465,0.0548,0.0088,4.74498,0.8821,0.0251,0,0,,1,4.416,1.0817,0.5696,0.52722,0.133222,0.408,0.0222,0.0391,0.6515,5.8635,3.672,1.59681,1.199,0.147532,0.0923913,0.05514039844274521,0.272544,1.4897,0.297872,0.706037,0.468694,,4.93667,-0.00813525,-0.0496548,999,,,,,,,6.800000000000001,6.800000000000001,7,7,,,,,,,,,,,,,,,,,,,"Tyler Santana","sa3017542",687825
"Will Mabrey","ARI",0.0469,0.0509,0,4.77549,1,0,0,0,,1,4.464,1.021,0.5679,0.53061,0.133444,0.4943,0.0258,0.0442,0.8156,7.3404,4.4487,1.65001,1.201,0.182706,0.11073,0.07197578996419907,0.260094,1.5153,0.298192,0.713147,0.389715,,4.88556,-0.00819353,-0.0455292,999,,,,,,,6.800000000000001,6.800000000000001,7,7,,,,,,,,,,,,,,,,,,,"Will Mabrey","sa3020709",801412
"Nick Garcia","SFG",0.0456,0.0522,0,4.55733,1,0,0,0,,1,4.396,1.0198,0.5449,0.50637,0.134333,0.3966,0.0254,0.051,0.7669,6.9021,3.5694,1.93369,1.209,0.174454,0.0902184,0.08423566073179245,0.258282,1.4164,0.290587,0.709498,0.41893,,4.72181,-0.00828564,-0.0505826,999,,,,,,,6.800000000000001,6.800000000000001,7,7,,,,,,,,,,,,,,,,,,,"Nick Garcia","sa3014501",694356
"Hugh Fisher","ARI",0.047,0.0508,0,4.72284,1,0,0,0,,1,4.533,1.0185,0.5665,0.52476,0.111111,0.5666,0.0262,0.0695,0.8095,7.2855,5.0994,1.4287,1,0.178579,0.124994,0.053584806621074677,0.261362,1.5851,0.304873,0.712535,0.459658,,4.90022,-0.00836445,-0.0455292,999,,,,,,,3.8000000000000003,3.8000000000000003,4,4,,,,,,,,,,,,,,,,,,,"Hugh Fisher","sa3017255",676114
"John Murphy","CIN",0.0439,0.0539,0,5.27886,1,0,0,0,,1,4.448,1.0738,0.6224,0.58654,0.187111,0.4026,0.0257,0.0482,0.7891,7.1019,3.6234,1.96001,1.684,0.177406,0.0905126,0.0868929922580719,0.268638,1.4764,0.293509,0.703202,0.376456,,5.37312,-0.008407,-0.0416458,999,,,,,,,6.800000000000001,6.800000000000001,7,7,,,,,,,,,,,,,,,,,,,"John Murphy","sa3020733",663302
"Josh Hejka","PHI",0.0457,0.0521,0,4.96539,1,0,0,0,,1,4.394,1.045,0.5878,0.55171,0.169889,0.3767,0.0254,0.0602,0.715,6.435,3.3903,1.89806,1.529,0.162722,0.0857305,0.07699134200811386,0.264082,1.4217,0.284847,0.704393,0.379141,,5.25574,-0.0084187,-0.0460216,999,,,,,,,6.800000000000001,6.800000000000001,7,7,,,,,,,,,,,,,,,,,,,"Josh Hejka","sa3011152",691196
"Jack Carey","PIT",0.0434,0.0544,0,5.03577,1,0,0,0,,1,4.472,1.0657,0.5974,0.55953,0.144444,0.4491,0.0258,0.0513,0.7239,6.5151,4.0419,1.61189,1.3,0.161874,0.100425,0.06144901365041733,0.26833,1.5148,0.296867,0.69893,0.395547,,5.09766,-0.00842629,-0.0445351,999,,,,,,,6.800000000000001,6.800000000000001,7,7,,,,,,,,,,,,,,,,,,,"Jack Carey","sa3017887",681004
"Brayan Castillo","COL",0.041,0.0567,0,5.57424,1,0,0,0,,1,4.556,1.1182,0.6598,0.61936,0.156556,0.511,0.0263,0.0485,0.7499,6.7491,4.599,1.46751,1.409,0.164596,0.11216,0.05243634432554245,0.279795,1.6292,0.311207,0.687507,0.432568,,5.3804,-0.00847828,-0.0353354,999,,,,,,,3.8000000000000003,3.8000000000000003,4,4,,,,,,,,,,,,,,,,,,,"Brayan Castillo","sa3006544",678899
"Jackson Rutledge","WSN",1.5844,1.8807,0.6203,4.36326,25.62,1.62,0,0.6126,,33.1423,143.395,32.0012,17.2793,16.0676,4.50735,13.1412,0.5974,1.9758,28.2804,7.67972,3.56858,2.15204,1.224,0.19722,0.0916434,0.10557688772678375,0.249468,1.36208,0.287923,0.717527,0.412505,,4.59625,-0.00850748,0.139337,999,,,,,,,114.50000000000004,3.469696969696971,115,3.484848484848485,8.17652,6.39585,5.36413,4.61034,4.01414,3.49172,3.01035,2.53,1.99518,5.3824,5.12689,4.94413,4.79861,4.66585,4.53309,4.40034,4.24758,4.04206,"Jackson Rutledge","26215",671131
"Garvin Alston","WSN",0.044,0.0538,0,4.78476,1,0,0,0,,1,4.45,1.0261,0.57,0.53164,0.143333,0.4792,0.0257,0.0465,0.7189,6.4701,4.3128,1.50021,1.29,0.161551,0.107685,0.05386517941951752,0.261473,1.5053,0.288291,0.716906,0.401519,,5.16911,-0.00851324,-0.0469379,999,,,,,,,6.800000000000001,6.800000000000001,7,7,,,,,,,,,,,,,,,,,,,"Garvin Alston","sa3010238",664691
"Daniel Juarez","NYM",0.0486,0.0493,0,4.55283,1,0,0,0,,1,4.417,0.9536,0.5405,0.50587,0.151,0.4803,0.0255,0.0471,0.8644,7.7796,4.3227,1.79971,1.359,0.195698,0.108739,0.08695948868989944,0.245167,1.4339,0.279243,0.730798,0.350393,,4.98288,-0.00851795,-0.0514461,999,,,,,,,6.800000000000001,6.800000000000001,7,7,,,,,,,,,,,,,,,,,,,"Daniel Juarez","sa3011139",684483
"Jonah Dipoto","PHI",0.0462,0.0568,0.012,5.00832,0.8235,0.0375,0,0,,1,4.478,1.0172,0.5954,0.55648,0.150556,0.5008,0.0209,0.0663,0.7785,7.0065,4.5072,1.55451,1.355,0.17385,0.111836,0.06201428920030594,0.260094,1.518,0.29064,0.705771,0.416565,,5.268,-0.00853363,-0.0460026,999,,,,,,,3.8000000000000003,3.8000000000000003,4,4,,,,,,,,,,,,,,,,,,,"Jonah Dipoto","sa3010776",665167
"Gerardo Gutierrez","ARI",0.0463,0.0515,0,4.87845,1,0,0,0,,1,4.474,1.0403,0.5817,0.54205,0.129333,0.4943,0.0258,0.0463,0.7768,6.9912,4.4487,1.57152,1.164,0.173625,0.110483,0.06314259022474289,0.264479,1.5346,0.300921,0.704009,0.427464,,4.91601,-0.0085484,-0.0455292,999,,,,,,,6.800000000000001,6.800000000000001,7,7,,,,,,,,,,,,,,,,,,,"Gerardo Gutierrez","sa3005379",677916
"Jeisson Cabrera","LAD",0.048,0.0534,0.0084,4.99419,0.878,0.026,0,0,,1,4.482,0.9896,0.5917,0.55491,0.157667,0.5346,0.0225,0.0507,0.8859,7.9731,4.8114,1.65713,1.419,0.197657,0.119277,0.07838018238544464,0.253958,1.5242,0.291586,0.7154,0.386953,,5.20025,-0.0085869,-0.048589,999,,,,,,,3.8000000000000003,3.8000000000000003,4,4,,,,,,,,,,,,,,,,,,,"Jeisson Cabrera","sa3006501",678922
"Michael Hobbs","NYM",0.0476,0.0502,0,4.70151,1,0,0,0,,1,4.478,0.9937,0.5624,0.52239,0.132556,0.5261,0.0259,0.0505,0.8144,7.3296,4.7349,1.54799,1.193,0.181867,0.117485,0.0643814206123352,0.254703,1.5198,0.291474,0.717572,0.433429,,4.9907,-0.00861685,-0.0514556,999,,,,,,,3.8000000000000003,3.8000000000000003,4,4,,,,,,,,,,,,,,,,,,,"Michael Hobbs","sa3017498",669419
"Russell Smith","MIL",0.046,0.0553,0.0092,4.77288,0.8747,0.0267,0,0,,1,4.429,0.996,0.5654,0.53032,0.160222,0.4584,0.0221,0.0476,0.8272,7.4448,4.1256,1.80454,1.442,0.186769,0.1035,0.08326935768127441,0.253887,1.4544,0.284706,0.722712,0.359083,,5.11297,-0.00862985,-0.0470502,999,,,,,,,6.800000000000001,6.800000000000001,7,7,,,,,,,,,,,,,,,,,,,"Russell Smith","sa3018191",669080
"Jorge Juan","ATL",0.0479,0.05,0,4.83192,1,0,0,0,,1,4.511,0.9677,0.5746,0.53688,0.133556,0.5745,0.0261,0.0652,0.9292,8.3628,5.1705,1.61741,1.202,0.205985,0.127355,0.07863001525402069,0.249968,1.5422,0.297002,0.713979,0.401905,,4.9634,-0.00865753,-0.046199,999,,,,,,,3.8000000000000003,3.8000000000000003,4,4,,,,,,,,,,,,,,,,,,,"Jorge Juan","sa3005826",678478
"Kelvin Bautista","LAD",0.0478,0.0501,0,4.80672,1,0,0,0,,1,4.548,1.007,0.5764,0.53408,0.127778,0.6132,0.0263,0.0513,0.8046,7.2414,5.5188,1.31213,1.15,0.176913,0.134829,0.04208442568778992,0.259302,1.6202,0.297928,0.724202,0.463251,,5.21189,-0.00870606,-0.0485795,999,,,,,,,3.8000000000000003,3.8000000000000003,4,4,,,,,,,,,,,,,,,,,,,"Kelvin Bautista","sa3006491",678654
"Andrew Schultz","PHI",0.0453,0.0525,0,5.02884,1,0,0,0,,1,4.525,0.9884,0.5976,0.55876,0.144444,0.5833,0.0261,0.0627,0.8484,7.6356,5.2497,1.45448,1.3,0.187492,0.128906,0.05858564376831055,0.254808,1.5717,0.292415,0.711293,0.41117,,5.28546,-0.00872603,-0.0460026,999,,,,,,,3.8000000000000003,3.8000000000000003,4,4,,,,,,,,,,,,,,,,,,,"Andrew Schultz","sa3010782",669697
"Bryce McGowan","COL",0.0413,0.0564,0,5.52105,1,0,0,0,,1,4.558,1.0804,0.653,0.61345,0.157556,0.5522,0.0263,0.0436,0.7982,7.1838,4.9698,1.44549,1.418,0.175121,0.12115,0.05397103726863861,0.272677,1.6326,0.306955,0.693757,0.416924,,5.4057,-0.0087505,-0.0353354,999,,,,,,,3.8000000000000003,3.8000000000000003,4,4,,,,,,,,,,,,,,,,,,,"Bryce McGowan","sa3017786",700245
"Wander Suero","ATL",0.0477,0.0502,0,4.90743,1,0,0,0,,1,4.409,1.0228,0.5797,0.54527,0.159778,0.4136,0.027,0.0509,0.832,7.488,3.7224,2.01161,1.438,0.188705,0.0938081,0.09489680081605911,0.259298,1.4364,0.29228,0.706434,0.358391,,4.97309,-0.00876909,-0.046199,999,,,,,,,6.800000000000001,6.800000000000001,7,7,,,,,,,,,,,,,,,,,,,"Wander Suero","15855",593833
"Alec Baker","ARI",0.0477,0.0582,0.0203,5.00148,0.7164,0.0604,0,0,,1,4.408,1.0663,0.5913,0.55572,0.154778,0.3777,0.0176,0.049,0.761,6.849,3.3993,2.01483,1.393,0.172641,0.0856851,0.08695553243160248,0.267827,1.444,0.297346,0.694771,0.369623,,4.93669,-0.00879939,-0.0455387,999,,,,,,,6.800000000000001,6.800000000000001,7,7,,,,,,,,,,,,,,,,,,,"Alec Baker","sa3022794",696508
"Carlos A. Francisco","PHI",0.0457,0.0548,0.0061,5.01777,0.9085,0.0195,0,0,,1,4.496,1.0153,0.5972,0.55753,0.146667,0.5399,0.0233,0.0524,0.7788,7.0092,4.8591,1.44249,1.32,0.173221,0.120085,0.05313612520694733,0.260087,1.5552,0.291661,0.7097,0.423588,,5.29245,-0.00880305,-0.0460026,999,,,,,,,3.8000000000000003,3.8000000000000003,4,4,,,,,,,,,,,,,,,,,,,"Carlos A. Francisco","sa3010827",687956
"Jake Rice","ARI",0.0471,0.0507,0,4.73148,1,0,0,0,,1,4.492,0.9838,0.5634,0.52572,0.128556,0.5539,0.0259,0.053,0.8574,7.7166,4.9851,1.54793,1.157,0.190873,0.123308,0.06756455451250076,0.253224,1.5377,0.294999,0.717599,0.393343,,4.9436,-0.00886971,-0.0455292,999,,,,,,,3.8000000000000003,3.8000000000000003,4,4,,,,,,,,,,,,,,,,,,,"Jake Rice","sa3017593",687095
"Antonio Knowles","LAD",0.0479,0.0546,0.0112,5.00922,0.8351,0.0351,0,0,,1,4.517,1.0074,0.5963,0.55658,0.145556,0.5602,0.0214,0.0574,0.8406,7.5654,5.0418,1.50054,1.31,0.186097,0.12402,0.06207660585641861,0.258347,1.5676,0.295837,0.71219,0.430042,,5.2303,-0.00891047,-0.0485795,999,,,,,,,3.8000000000000003,3.8000000000000003,4,4,,,,,,,,,,,,,,,,,,,"Antonio Knowles","sa3017387",682087
"Jonathan Hughes","ATL",0.0471,0.0507,0,4.97772,1,0,0,0,,1,4.464,1.0779,0.5925,0.55308,0.142222,0.4404,0.0258,0.0464,0.7445,6.7005,3.9636,1.69051,1.28,0.166779,0.0986559,0.0681227445602417,0.27102,1.5183,0.302762,0.701795,0.426852,,4.98677,-0.00892655,-0.046199,999,,,,,,,6.800000000000001,6.800000000000001,7,7,,,,,,,,,,,,,,,,,,,"Jonathan Hughes","sa3014908",663670
"Randy Wynne","CIN",0.0438,0.054,0,5.30451,1,0,0,0,,1,4.363,1.1626,0.6254,0.58939,0.205889,0.23,0.0251,0.0429,0.6169,5.5521,2.07,2.68217,1.853,0.141394,0.052716,0.08867751806974411,0.284247,1.3926,0.292813,0.694704,0.381055,,5.42794,-0.00895776,-0.041617,999,,,,,,,6.800000000000001,6.800000000000001,7,7,,,,,,,,,,,,,,,,,,,"Randy Wynne","25804",691094
"Chandler Jozwiak","MIA",0.0426,0.0601,0.0123,4.92552,0.8285,0.0365,0,0,,1,4.485,1.0686,0.5874,0.54728,0.138333,0.4727,0.021,0.0447,0.7035,6.3315,4.2543,1.48826,1.245,0.156856,0.105396,0.05146041512489319,0.269332,1.5413,0.297612,0.707833,0.422029,,5.11001,-0.00896029,-0.044807,999,,,,,,,6.800000000000001,6.800000000000001,7,7,,,,,,,,,,,,,,,,,,,"Chandler Jozwiak","sa3017307",685001
"Joe Nahas","CHC",0.0466,0.0572,0.0153,4.81815,0.7914,0.0444,0,0,,1,4.427,1.0341,0.5746,0.53535,0.143889,0.4469,0.0198,0.0454,0.7473,6.7257,4.0221,1.67219,1.295,0.168805,0.100949,0.0678563341498375,0.262815,1.481,0.292495,0.708371,0.422057,,5.01934,-0.00907822,-0.0496453,999,,,,,,,6.800000000000001,6.800000000000001,7,7,,,,,,,,,,,,,,,,,,,"Joe Nahas","sa3011679",687481
"Evan Shawver","COL",0.041,0.0689,0.0248,5.52654,0.5877,0.0877,0,0,,1,4.561,1.1188,0.655,0.61406,0.156444,0.511,0.0147,0.0529,0.727,6.543,4.599,1.4227,1.408,0.159395,0.112037,0.04735804349184036,0.279903,1.6298,0.309076,0.690966,0.431531,,5.43796,-0.00909741,-0.0353354,999,,,,,,,3.8000000000000003,3.8000000000000003,4,4,,,,,,,,,,,,,,,,,,,"Evan Shawver","sa3017780",686900
"Nick Morreale","SFG",0.0469,0.0611,0.0277,4.71771,0.6487,0.0747,0,0,,1,4.389,1.0512,0.5624,0.52419,0.144556,0.3581,0.0157,0.0478,0.7351,6.6159,3.2229,2.05278,1.301,0.167487,0.0815903,0.0858965516090393,0.263915,1.4093,0.292141,0.701702,0.40988,,4.7932,-0.00912244,-0.0505826,999,,,,,,,6.800000000000001,6.800000000000001,7,7,,,,,,,,,,,,,,,,,,,"Nick Morreale","sa3011533",687159
"Ricky DeVito","MIA",0.0422,0.0556,0,4.93929,1,0,0,0,,1,4.6,0.9836,0.5911,0.54881,0.115111,0.6675,0.0266,0.0718,0.8771,7.8939,6.0075,1.31401,1.036,0.190674,0.145109,0.04556521773338318,0.254772,1.6511,0.302769,0.711436,0.462752,,5.12662,-0.00914741,-0.044807,999,,,,,,,3.8000000000000003,3.8000000000000003,4,4,,,,,,,,,,,,,,,,,,,"Ricky DeVito","sa1116003",683740
"Austin Smith","ATL",0.0478,0.0518,0.0042,4.95288,0.939,0.013,0,0,,1,4.49,1.0309,0.589,0.55032,0.139444,0.5052,0.0242,0.0534,0.8243,7.4187,4.5468,1.63163,1.255,0.183586,0.112517,0.07106903195381165,0.262222,1.5361,0.300391,0.706328,0.41528,,5.00646,-0.00916329,-0.0462085,999,,,,,,,3.8000000000000003,3.8000000000000003,4,4,,,,,,,,,,,,,,,,,,,"Austin Smith","sa3017071",694518
"Blake Townsend","PIT",0.0438,0.054,0,4.9518,1,0,0,0,,1,4.507,1.0311,0.5872,0.5502,0.140222,0.4952,0.026,0.0715,0.7631,6.8679,4.4568,1.54099,1.262,0.169314,0.109874,0.05944088101387024,0.261681,1.5263,0.293344,0.706096,0.377099,,5.16327,-0.00916484,-0.0445351,999,,,,,,,6.800000000000001,6.800000000000001,7,7,,,,,,,,,,,,,,,,,,,"Blake Townsend","sa3010125",678620
"Jack O'Loughlin","COL",0.355,0.4273,0,4.82058,8,0,0,0.5573,,8,35.149,8.7498,4.5923,4.28496,1.17778,2.8422,0.1998,0.3653,6.259,7.04137,3.19747,2.20217,1.325,0.178071,0.0808615,0.09720902144908905,0.273932,1.449,0.309003,0.703975,0.432556,,4.71843,-0.00918423,-0.0191876,999,,,,,,,30.500000000000007,3.812500000000001,34,4.25,10.05,7.31,5.81,4.78,3.98,3.31,2.72,2.16,1.57,5.95,5.65,5.45,5.28,5.13,4.99,4.83,4.66,4.43,"Jack O'Loughlin","22690",672552
"Andrew Marrero","STL",0.0455,0.0523,0,4.80942,1,0,0,0,,1,4.48,0.9773,0.5714,0.53438,0.140333,0.5366,0.0259,0.058,0.8508,7.6572,4.8294,1.58554,1.263,0.189911,0.119777,0.07013392448425293,0.251531,1.5139,0.289181,0.715406,0.385346,,5.07301,-0.00938453,-0.0485732,999,,,,,,,3.8000000000000003,3.8000000000000003,4,4,,,,,,,,,,,,,,,,,,,"Andrew Marrero","sa3016941",687817
"Jaycob Deese","PIT",0.0428,0.0603,0.012,5.21811,0.8178,0.0388,0,0,,1,4.461,1.1327,0.6186,0.57979,0.153333,0.3805,0.0207,0.0439,0.6224,5.6016,3.4245,1.63574,1.38,0.13952,0.0852948,0.054225511848926544,0.280607,1.5132,0.300339,0.688931,0.403586,,5.18821,-0.00944541,-0.0445351,999,,,,,,,6.800000000000001,6.800000000000001,7,7,,,,,,,,,,,,,,,,,,,"Jaycob Deese","sa3020376",671600
"Hunter Dula","SFG",0.0449,0.0529,0,4.70385,1,0,0,0,,1,4.431,1.0291,0.5613,0.52265,0.136556,0.4338,0.0256,0.041,0.7729,6.9561,3.9042,1.7817,1.229,0.17443,0.0979012,0.07652898132801056,0.260123,1.4629,0.29295,0.70896,0.412881,,4.8203,-0.00944996,-0.0505921,999,,,,,,,6.800000000000001,6.800000000000001,7,7,,,,,,,,,,,,,,,,,,,"Hunter Dula","sa3017392",702471
"Tyler Clippard","WSN",0.0427,0.0551,0,5.12757,1,0,0,0,,1,4.431,1.0377,0.6031,0.56973,0.171889,0.4142,0.0251,0.0509,0.7636,6.8724,3.7278,1.84355,1.547,0.172331,0.0934778,0.07885351777076721,0.261656,1.4519,0.285707,0.70076,0.327278,,5.26914,-0.00964428,-0.0469474,999,,,,,,,6.800000000000001,6.800000000000001,7,7,,,,,,,,,,,,,,,,,,,"Tyler Clippard","5640",461325
"Owen Holt","CIN",0.0432,0.0546,0,5.42745,1,0,0,0,,1,4.511,1.0818,0.6409,0.60305,0.180667,0.4744,0.0261,0.0412,0.7766,6.9894,4.2696,1.63702,1.626,0.172157,0.105165,0.06699179112911224,0.270761,1.5562,0.296608,0.702312,0.394994,,5.50875,-0.00984412,-0.0416458,999,,,,,,,6.800000000000001,6.800000000000001,7,7,,,,,,,,,,,,,,,,,,,"Owen Holt","sa3017861",700177
"Brooks Crawford","CIN",0.0435,0.0561,0.0036,5.37741,0.9357,0.0137,0,0,,1,4.484,1.0657,0.6342,0.59749,0.186667,0.4563,0.024,0.0426,0.7883,7.0947,4.1067,1.72759,1.68,0.175803,0.101762,0.07404103130102158,0.267421,1.522,0.292025,0.704231,0.378446,,5.51325,-0.00989175,-0.0416458,999,,,,,,,6.800000000000001,6.800000000000001,7,7,,,,,,,,,,,,,,,,,,,"Brooks Crawford","sa3011554",663883
"Tyler Burch","COL",0.0396,0.0675,0.0168,5.77521,0.6883,0.0663,0,0,,1,4.517,1.1783,0.6813,0.64169,0.177889,0.404,0.0173,0.0461,0.659,5.931,3.636,1.63119,1.601,0.145893,0.0894399,0.05645338445901871,0.289729,1.5823,0.309724,0.675789,0.415502,,5.51134,-0.00989603,-0.035345,999,,,,,,,6.800000000000001,6.800000000000001,7,7,,,,,,,,,,,,,,,,,,,"Tyler Burch","sa1172727",688889
"Nathanael Heredia","STL",0.0457,0.0521,0,4.71492,1,0,0,0,,1,4.541,1.0019,0.5654,0.52388,0.119333,0.5911,0.0262,0.0641,0.7826,7.0434,5.3199,1.32397,1.074,0.172341,0.13017,0.042171329259872437,0.257836,1.593,0.29578,0.720651,0.446408,,5.11821,-0.00990202,-0.0485732,999,,,,,,,3.8000000000000003,3.8000000000000003,4,4,,,,,,,,,,,,,,,,,,,"Nathanael Heredia","sa3009986",678975
"Grant Ford","PIT",0.0431,0.0604,0.0126,5.16114,0.8079,0.0409,0,0,,1,4.545,1.0522,0.6137,0.57346,0.135333,0.5461,0.0208,0.0542,0.7482,6.7338,4.9149,1.37008,1.218,0.16462,0.120154,0.04446644335985184,0.266738,1.5983,0.299515,0.698876,0.419634,,5.23031,-0.00991866,-0.0445351,999,,,,,,,3.8000000000000003,3.8000000000000003,4,4,,,,,,,,,,,,,,,,,,,"Grant Ford","sa3010625",687352
"Evan Taylor","MIA",0.0423,0.0554,0,4.90068,1,0,0,0,,1,4.562,1.0389,0.5871,0.54452,0.121556,0.585,0.0264,0.0565,0.7378,6.6402,5.265,1.2612,1.094,0.161727,0.128233,0.03349408507347107,0.264992,1.6239,0.299674,0.713204,0.456738,,5.1956,-0.00992385,-0.044807,999,,,,,,,3.8000000000000003,3.8000000000000003,4,4,,,,,,,,,,,,,,,,,,,"Evan Taylor","sa3019950",681117
"J.C. Flowers","PIT",0.043,0.0587,0.0086,5.1237,0.8689,0.0279,0,0,,1,4.566,1.0711,0.6125,0.5693,0.123111,0.5691,0.0226,0.0505,0.6948,6.2532,5.1219,1.22088,1.108,0.152168,0.124639,0.027529560029506683,0.271412,1.6402,0.303018,0.700142,0.462799,,5.23612,-0.00998396,-0.0445351,999,,,,,,,3.8000000000000003,3.8000000000000003,4,4,,,,,,,,,,,,,,,,,,,"J.C. Flowers","sa3011493",669001
"Ben Harris","LAD",0.0476,0.0503,0,4.90662,1,0,0,0,,1,4.552,0.9218,0.5812,0.54518,0.151556,0.6691,0.0263,0.0517,0.9825,8.8425,6.0219,1.46839,1.364,0.215839,0.14699,0.0688488632440567,0.240603,1.5909,0.285578,0.732345,0.35981,,5.3341,-0.0100617,-0.0485795,999,,,,,,,3.8000000000000003,3.8000000000000003,4,4,,,,,,,,,,,,,,,,,,,"Ben Harris","sa3017779",677946
"Joseph King","STL",0.0447,0.0531,0,4.94892,1,0,0,0,,1,4.476,1.0832,0.5912,0.54988,0.137333,0.4616,0.0259,0.0402,0.658,5.922,4.1544,1.42548,1.236,0.147006,0.103128,0.0438784584403038,0.272558,1.5448,0.297548,0.705047,0.442399,,5.14121,-0.0101652,-0.0485732,999,,,,,,,6.800000000000001,6.800000000000001,7,7,,,,,,,,,,,,,,,,,,,"Joseph King","sa3020857",683165
"Jesse Bergin","MIA",0.0414,0.0563,0,5.12937,1,0,0,0,,1,4.529,1.0419,0.6093,0.56993,0.142,0.5454,0.0262,0.0435,0.7774,6.9966,4.9086,1.42538,1.278,0.171649,0.120424,0.051225438714027405,0.264435,1.5873,0.297911,0.704357,0.410979,,5.22438,-0.0102374,-0.0447974,999,,,,,,,3.8000000000000003,3.8000000000000003,4,4,,,,,,,,,,,,,,,,,,,"Jesse Bergin","sa3017133",685045
"Samuel Strickland","ATL",0.0477,0.0501,0,4.87323,1,0,0,0,,1,4.452,1.0563,0.5792,0.54147,0.148556,0.4451,0.0257,0.0405,0.7254,6.5286,4.0059,1.62975,1.337,0.162938,0.0999775,0.06296046078205109,0.266312,1.5014,0.293536,0.712992,0.391342,,5.1037,-0.0102712,-0.046199,999,,,,,,,6.800000000000001,6.800000000000001,7,7,,,,,,,,,,,,,,,,,,,"Samuel Strickland","sa3017139",694436
"Ryan Harbin","PIT",0.0428,0.0563,0.003,5.13522,0.9555,0.0095,0,0,,1,4.618,1.0491,0.6147,0.57058,0.113889,0.6477,0.0254,0.0552,0.7456,6.7104,5.8293,1.15115,1.025,0.161455,0.140256,0.02119964361190796,0.267963,1.6968,0.306064,0.703871,0.476393,,5.26454,-0.010293,-0.0445256,999,,,,,,,3.8000000000000003,3.8000000000000003,4,4,,,,,,,,,,,,,,,,,,,"Ryan Harbin","sa3011733",689877
"Liam Norris","ARI",0.0482,0.0582,0.0217,4.9167,0.7015,0.0635,0,0,,1,4.539,0.9778,0.5842,0.5463,0.131778,0.6138,0.0177,0.0467,0.8951,8.0559,5.5242,1.45829,1.186,0.197202,0.135228,0.06197400391101837,0.252108,1.5916,0.296681,0.715935,0.384691,,5.07089,-0.0103603,-0.0455387,999,,,,,,,3.8000000000000003,3.8000000000000003,4,4,,,,,,,,,,,,,,,,,,,"Liam Norris","sa3014543",691005
"Andre Scrubb","NYM",0.0465,0.0513,0,4.95594,1,0,0,0,,1,4.474,1.0285,0.5884,0.55066,0.151778,0.4847,0.0256,0.0432,0.7799,7.0191,4.3623,1.60904,1.366,0.174318,0.108337,0.06598122417926788,0.260637,1.5132,0.290843,0.710996,0.3932,,5.16349,-0.0106046,-0.0514838,999,,,,,,,6.800000000000001,6.800000000000001,7,7,,,,,,,,,,,,,,,,,,,"Andre Scrubb","20329",668687
"Justin Meis","PIT",0.0429,0.0549,0,5.18364,1,0,0,0,,1,4.486,1.0303,0.6103,0.57596,0.161667,0.4888,0.0259,0.0437,0.7795,7.0155,4.3992,1.59472,1.455,0.173763,0.108961,0.06480160355567932,0.260605,1.5191,0.288359,0.702988,0.329963,,5.30665,-0.0107759,-0.0445351,999,,,,,,,6.800000000000001,6.800000000000001,7,7,,,,,,,,,,,,,,,,,,,"Justin Meis","sa3017207",701568
"Joshua Loeschorn","PIT",0.0426,0.0622,0.0162,5.31,0.7584,0.0514,0,0,,1,4.54,1.0834,0.6294,0.59,0.145444,0.5137,0.0194,0.0457,0.7133,6.4197,4.6233,1.38855,1.309,0.157115,0.11315,0.043964751064777374,0.27217,1.5971,0.300448,0.69445,0.404164,,5.30886,-0.0108007,-0.0445351,999,,,,,,,3.8000000000000003,3.8000000000000003,4,4,,,,,,,,,,,,,,,,,,,"Joshua Loeschorn","sa3020837",700380
"Joel Valdez","CIN",0.0435,0.0542,0,5.30343,1,0,0,0,,1,4.645,1.0509,0.6322,0.58927,0.143222,0.6336,0.0268,0.0777,0.7792,7.0128,5.7024,1.2298,1.289,0.16775,0.136405,0.03134553134441376,0.267153,1.6845,0.301426,0.709102,0.459111,,5.60387,-0.0108705,-0.0416649,999,,,,,,,3.8000000000000003,3.8000000000000003,4,4,,,,,,,,,,,,,,,,,,,"Joel Valdez","sa3011397",683638
"Luke Albright","ARI",0.0476,0.0621,0.0285,5.11092,0.5877,0.0877,0,0,,1,4.491,1.0336,0.6056,0.56788,0.145333,0.5032,0.0143,0.0498,0.799,7.191,4.5288,1.58784,1.308,0.177911,0.112046,0.06586506217718124,0.262468,1.5368,0.296715,0.6984,0.388306,,5.11681,-0.0108834,-0.0455292,999,,,,,,,3.8000000000000003,3.8000000000000003,4,4,,,,,,,,,,,,,,,,,,,"Luke Albright","sa3017592",681475
"Joey Lucchesi","SFG",0.394,0.3889,0,3.85357,8,0,0,0.6315,,8,34.217,8.1225,3.755,3.4254,0.808,2.592,0.1721,0.2789,6.0609,6.81851,2.916,2.33831,0.909,0.177131,0.0757518,0.10137944668531418,0.259123,1.33931,0.298829,0.726211,0.492971,,4.04084,-0.0109238,-0.00104183,999,,,,,,,33.10000000000001,4.137500000000001,34,4.25,8.53,6.01,4.67,3.77,3.08,2.52,2.03,1.58,1.11,4.89,4.64,4.47,4.32,4.19,4.07,3.94,3.79,3.59,"Joey Lucchesi","19320",664192
"Ty Weber","SFG",0.0449,0.0585,0.0143,4.88124,0.8087,0.0407,0,0,,1,4.404,1.0918,0.581,0.54236,0.151222,0.3375,0.0202,0.0443,0.6591,5.9319,3.0375,1.95289,1.361,0.149659,0.0766349,0.07302452623844147,0.271443,1.4293,0.292844,0.696705,0.406841,,4.95957,-0.0110684,-0.0505826,999,,,,,,,6.800000000000001,6.800000000000001,7,7,,,,,,,,,,,,,,,,,,,"Ty Weber","sa3014788",670247
"Karl Kauffmann","COL",0.0382,0.0684,0.0146,5.93136,0.7015,0.0635,0,0,,1,4.561,1.2479,0.7025,0.65904,0.168889,0.3938,0.0169,0.0451,0.5276,4.7484,3.5442,1.33977,1.52,0.115676,0.0863407,0.029335670173168182,0.302734,1.6417,0.314984,0.668348,0.459737,,5.62354,-0.0110897,-0.0353354,999,,,,,,,6.800000000000001,6.800000000000001,7,7,,,,,,,,,,,,,,,,,,,"Karl Kauffmann","27488",666154
"Arij Fransen","CIN",0.0428,0.055,0,5.51448,1,0,0,0,,1,4.533,1.1106,0.6526,0.61272,0.178333,0.4649,0.0262,0.0525,0.6958,6.2622,4.1841,1.49667,1.605,0.153497,0.102559,0.05093757063150406,0.276571,1.5755,0.296762,0.696091,0.418292,,5.64541,-0.0112892,-0.0416458,999,,,,,,,6.800000000000001,6.800000000000001,7,7,,,,,,,,,,,,,,,,,,,"Arij Fransen","sa3015369",687677
"Tyler Yankosky","WSN",0.0422,0.0556,0,5.16168,1,0,0,0,,1,4.531,1.0814,0.616,0.57352,0.138778,0.5247,0.0262,0.0482,0.6349,5.7141,4.7223,1.21002,1.249,0.140124,0.115802,0.024321332573890686,0.273212,1.6061,0.29601,0.701298,0.45192,,5.41949,-0.0113055,-0.0469284,999,,,,,,,3.8000000000000003,3.8000000000000003,4,4,,,,,,,,,,,,,,,,,,,"Tyler Yankosky","sa1170108",686987
"Todd Peterson","WSN",0.0425,0.06,0.0107,5.16573,0.8376,0.0346,0,0,,1,4.464,1.0707,0.6125,0.57397,0.160667,0.4498,0.0212,0.0436,0.6577,5.9193,4.0482,1.46221,1.446,0.147334,0.100762,0.046572573482990265,0.269657,1.5205,0.288695,0.700852,0.396528,,5.41995,-0.0113207,-0.0469379,999,,,,,,,6.800000000000001,6.800000000000001,7,7,,,,,,,,,,,,,,,,,,,"Todd Peterson","sa3011334",668720
"Joseph Menefee","CIN",0.0434,0.0543,0,5.33916,1,0,0,0,,1,4.653,1.0243,0.6352,0.59324,0.147778,0.6943,0.0269,0.0491,0.8327,7.4943,6.2487,1.19934,1.33,0.17896,0.149216,0.029744252562522888,0.261996,1.7186,0.299244,0.716671,0.437768,,5.65239,-0.0113831,-0.0416649,999,,,,,,,3.8000000000000003,3.8000000000000003,4,4,,,,,,,,,,,,,,,,,,,"Joseph Menefee","sa3020443",680749
"Jackson Smeltz","SDP",0.0455,0.0544,0.0055,4.95045,0.9274,0.0154,0,0,,1,4.529,1.0103,0.5898,0.55005,0.141333,0.585,0.0242,0.0486,0.761,6.849,5.265,1.30085,1.272,0.168028,0.129168,0.03886067867279053,0.259357,1.5953,0.290327,0.719533,0.413332,,5.38261,-0.011465,-0.0501366,999,,,,,,,3.8000000000000003,3.8000000000000003,4,4,,,,,,,,,,,,,,,,,,,"Jackson Smeltz","sa3023810",694461
"Simon Miller","CIN",0.0426,0.0552,0,5.55462,1,0,0,0,,1,4.608,1.0668,0.6579,0.61718,0.164778,0.5994,0.0266,0.0472,0.7922,7.1298,5.3946,1.32166,1.483,0.171918,0.130078,0.04184029996395111,0.269299,1.6662,0.300232,0.702398,0.425243,,5.66399,-0.0114954,-0.0416553,999,,,,,,,3.8000000000000003,3.8000000000000003,4,4,,,,,,,,,,,,,,,,,,,"Simon Miller","sa3023311",815043
"Brad Keller","CHC",0.9296,0.9296,0,4.13221,19,0,0,0.6254,,19,82.003,19.3441,9.4945,8.72355,2.14067,7.1012,0.5679,0.7395,15.534,7.35821,3.36373,2.18752,1.014,0.189432,0.0865968,0.1028352677822113,0.260835,1.39186,0.304552,0.722899,0.488734,,4.23399,-0.0115318,0.0742607,750.1300048828125,,,,,,,78.6,4.136842105263158,81,4.2631578947368425,7.82,6.14,5.16,4.45,3.87,3.37,2.9,2.44,1.91,5.16,4.91,4.74,4.6,4.47,4.35,4.22,4.07,3.88,"Brad Keller","15734",641745
"Zach Barnes","ARI",0.0449,0.0529,0,5.18562,1,0,0,0,,1,4.529,1.0924,0.6173,0.57618,0.134222,0.496,0.0262,0.0541,0.6885,6.1965,4.464,1.3881,1.208,0.15202,0.109516,0.04250387102365494,0.274548,1.5884,0.303588,0.693401,0.436046,,5.18467,-0.0116706,-0.0455292,999,,,,,,,6.800000000000001,6.800000000000001,7,7,,,,,,,,,,,,,,,,,,,"Zach Barnes","sa3017203",695071
"Rolddy Munoz","ATL",1.1228,1.0305,0,4.18978,22,0,0,0.6188,,22,95.861,21.4117,11.1056,10.2417,2.48111,9.6812,0.5537,1.0615,20.1843,8.25721,3.96049,2.0849,1.015,0.210558,0.100992,0.10956592112779617,0.251552,1.41331,0.303118,0.72367,0.466275,,4.26257,-0.0117315,0.0626678,999,,,,,,,94.60000000000002,4.300000000000001,95,4.318181818181818,7.72,6.14,5.21,4.53,3.97,3.48,3.03,2.57,2.05,5.36,5.05,4.84,4.66,4.5,4.35,4.19,4.01,3.78,"Rolddy Munoz","sa3011575",691548
"Jack Sellinger","MIA",0.0414,0.0563,0,5.11488,1,0,0,0,,1,4.6,1.0307,0.6091,0.56832,0.131556,0.623,0.0266,0.0563,0.7779,7.0011,5.607,1.24864,1.184,0.169109,0.135435,0.03367389738559723,0.262887,1.6537,0.298596,0.710843,0.421616,,5.3588,-0.0117573,-0.044807,999,,,,,,,3.8000000000000003,3.8000000000000003,4,4,,,,,,,,,,,,,,,,,,,"Jack Sellinger","sa3022934",681415
"Leonardo Taveras","STL",0.0444,0.0533,0,5.03325,1,0,0,0,,1,4.529,0.9986,0.5969,0.55925,0.144444,0.5686,0.0262,0.0564,0.8164,7.3476,5.1174,1.43581,1.3,0.180261,0.125546,0.05471406877040863,0.255789,1.5672,0.290218,0.710854,0.383352,,5.28646,-0.0118247,-0.0485732,999,,,,,,,3.8000000000000003,3.8000000000000003,4,4,,,,,,,,,,,,,,,,,,,"Leonardo Taveras","sa3002934",672405
"Ryan Sublette","LAD",0.0459,0.0519,0,5.25087,1,0,0,0,,1,4.568,0.9987,0.6215,0.58343,0.157889,0.6086,0.0264,0.0601,0.8571,7.7139,5.4774,1.40831,1.421,0.187631,0.133231,0.05440017580986023,0.256123,1.6073,0.291512,0.711124,0.390909,,5.51094,-0.0120183,-0.0485795,999,,,,,,,3.8000000000000003,3.8000000000000003,4,4,,,,,,,,,,,,,,,,,,,"Ryan Sublette","sa3017781",690922
"Gabe Bierman","MIA",0.0407,0.0571,0,5.29929,1,0,0,0,,1,4.543,1.0985,0.6299,0.58881,0.145444,0.503,0.0262,0.0495,0.6638,5.9742,4.527,1.31968,1.309,0.146115,0.11072,0.03539511561393738,0.275279,1.6015,0.299585,0.695054,0.429626,,5.38716,-0.0120652,-0.0447974,999,,,,,,,3.8000000000000003,3.8000000000000003,4,4,,,,,,,,,,,,,,,,,,,"Gabe Bierman","sa3016939",685321
"Bryson Hammer","COL",0.0401,0.0576,0,5.77161,1,0,0,0,,1,4.693,1.1649,0.6868,0.64129,0.136556,0.629,0.0271,0.0503,0.6286,5.6574,5.661,0.999364,1.229,0.133944,0.134029,-0.0000852346420288086,0.290231,1.7939,0.316555,0.690762,0.483287,,5.7224,-0.0121386,-0.0353257,999,,,,,,,3.8000000000000003,3.8000000000000003,4,4,,,,,,,,,,,,,,,,,,,"Bryson Hammer","sa3022664",694811
"Garrett McMillan","PIT",0.0422,0.0636,0.0178,5.40531,0.7262,0.0582,0,0,,1,4.539,1.0912,0.6392,0.60059,0.154222,0.5024,0.0185,0.0425,0.6878,6.1902,4.5216,1.36903,1.388,0.151531,0.110685,0.04084600508213043,0.273203,1.5936,0.297257,0.692754,0.387132,,5.43047,-0.012154,-0.0445256,999,,,,,,,3.8000000000000003,3.8000000000000003,4,4,,,,,,,,,,,,,,,,,,,"Garrett McMillan","sa3023006",804582
"Ruben Galindo","SDP",0.045,0.0598,0.0167,5.16384,0.7576,0.0516,0,0,,1,4.522,1.0615,0.6155,0.57376,0.145889,0.5366,0.0193,0.0457,0.6827,6.1443,4.8294,1.27227,1.313,0.150973,0.118664,0.03230871260166168,0.269437,1.5981,0.294304,0.704951,0.441511,,5.44454,-0.0121541,-0.0501271,999,,,,,,,3.8000000000000003,3.8000000000000003,4,4,,,,,,,,,,,,,,,,,,,"Ruben Galindo","sa3015100",692020
"Wen-Hui Pan","PHI",0.0454,0.0645,0.0278,5.36211,0.5828,0.0888,0,0,,1,4.527,1.0537,0.6355,0.59579,0.163556,0.5323,0.0145,0.0496,0.7169,6.4521,4.7907,1.3468,1.472,0.158361,0.117583,0.04077755659818649,0.267091,1.586,0.290456,0.700431,0.408158,,5.6046,-0.0122338,-0.0460026,999,,,,,,,3.8000000000000003,3.8000000000000003,4,4,,,,,,,,,,,,,,,,,,,"Wen-Hui Pan","sa3020878",808207
"Sam Weatherly","COL",0.0401,0.0576,0,5.81094,1,0,0,0,,1,4.64,1.1127,0.6852,0.64566,0.163556,0.5971,0.0268,0.0484,0.7439,6.6951,5.3739,1.24585,1.472,0.160323,0.128685,0.031637921929359436,0.278558,1.7098,0.307461,0.691913,0.397823,,5.7414,-0.0123419,-0.0353257,999,,,,,,,3.8000000000000003,3.8000000000000003,4,4,,,,,,,,,,,,,,,,,,,"Sam Weatherly","sa3014455",676333
"Aaron Rund","MIL",0.043,0.0547,0,5.24061,1,0,0,0,,1,4.579,1.0688,0.6247,0.58229,0.141444,0.5751,0.0264,0.0467,0.711,6.399,5.1759,1.23631,1.273,0.155274,0.125595,0.02967897057533264,0.27009,1.6439,0.298689,0.704901,0.449016,,5.44866,-0.0123848,-0.0470597,999,,,,,,,3.8000000000000003,3.8000000000000003,4,4,,,,,,,,,,,,,,,,,,,"Aaron Rund","sa3023369",810921
"Trent Harris","SFG",0.4844,0.4941,0,4.03113,10,0,0,0.6315,,10,43.011,9.5869,4.8529,4.47903,1.17889,3.7401,0.2484,0.3908,9.052,8.1468,3.36609,2.42026,1.061,0.210458,0.0869568,0.12350096553564072,0.246576,1.3327,0.293481,0.725736,0.434609,,4.12791,-0.0124471,-0.00162606,999,,,,,,,45.7,4.57,47,4.7,8.5,6.18,4.91,4.04,3.36,2.8,2.3,1.83,1.33,5.22,4.89,4.67,4.49,4.32,4.16,4,3.81,3.57,"Trent Harris","sa3022526",805345
"Landon Sims","ARI",0.045,0.0553,0.0056,5.24871,0.9142,0.0182,0,0,,1,4.562,1.045,0.6226,0.58319,0.137667,0.5731,0.0239,0.0506,0.7845,7.0605,5.1579,1.36887,1.239,0.171964,0.125625,0.046339333057403564,0.265343,1.6181,0.300827,0.698417,0.405389,,5.25825,-0.0125333,-0.0455387,999,,,,,,,3.8000000000000003,3.8000000000000003,4,4,,,,,,,,,,,,,,,,,,,"Landon Sims","sa3021979",683085
"Randy Labaut","PIT",0.0428,0.0626,0.0166,5.23989,0.7419,0.0549,0,0,,1,4.543,1.059,0.6199,0.58221,0.151333,0.5377,0.0189,0.0376,0.6965,6.2685,4.8393,1.29533,1.362,0.153313,0.118358,0.03495488315820694,0.266905,1.5967,0.290931,0.705356,0.366428,,5.46671,-0.0125597,-0.0445256,999,,,,,,,3.8000000000000003,3.8000000000000003,4,4,,,,,,,,,,,,,,,,,,,"Randy Labaut","sa3010615",665178
"Rob Griswold","ATL",0.0458,0.052,0,5.23665,1,0,0,0,,1,4.537,1.1459,0.6257,0.58185,0.136556,0.455,0.0262,0.0567,0.5858,5.2722,4.095,1.28747,1.229,0.129116,0.100287,0.02882961928844452,0.284674,1.6009,0.305589,0.691768,0.474777,,5.3052,-0.0125819,-0.046199,999,,,,,,,6.800000000000001,6.800000000000001,7,7,,,,,,,,,,,,,,,,,,,"Rob Griswold","sa3018118",700375
"Shay Schanaman","ATL",0.0458,0.052,0,5.28624,1,0,0,0,,1,4.55,1.0815,0.6272,0.58736,0.146667,0.5177,0.0263,0.0532,0.7381,6.6429,4.6593,1.42573,1.32,0.16222,0.11378,0.04843956232070923,0.271795,1.5992,0.302111,0.697341,0.416283,,5.30965,-0.0126428,-0.0462085,999,,,,,,,3.8000000000000003,3.8000000000000003,4,4,,,,,,,,,,,,,,,,,,,"Shay Schanaman","sa3022933",681212
"Carlos Torres","COL",0.0386,0.0625,0.0055,6.04314,0.887,0.024,0,0,,1,4.632,1.2048,0.7148,0.67146,0.163333,0.5149,0.0235,0.0479,0.598,5.382,4.6341,1.16139,1.47,0.129102,0.111161,0.01794040948152542,0.296078,1.7197,0.314845,0.673962,0.45473,,5.78221,-0.0127885,-0.0353354,999,,,,,,,3.8000000000000003,3.8000000000000003,4,4,,,,,,,,,,,,,,,,,,,"Carlos Torres","sa3020387",688876
"Yoldin De La Paz","PIT",0.0423,0.06,0.0103,5.30487,0.8466,0.0326,0,0,,1,4.625,1.1019,0.6327,0.58943,0.127111,0.5941,0.0223,0.0531,0.626,5.634,5.3469,1.05369,1.144,0.135351,0.128454,0.006897285580635071,0.277012,1.696,0.302289,0.700441,0.447286,,5.50852,-0.0130275,-0.0445256,999,,,,,,,3.8000000000000003,3.8000000000000003,4,4,,,,,,,,,,,,,,,,,,,"Yoldin De La Paz","sa3015975",692848
"Jawilme Ramirez","STL",0.0456,0.0645,0.0297,5.15205,0.5778,0.0898,0,0,,1,4.458,1.0966,0.6122,0.57245,0.159444,0.4146,0.0141,0.043,0.6091,5.4819,3.7314,1.46913,1.435,0.136631,0.0930013,0.04362943023443222,0.274123,1.5112,0.289974,0.697993,0.407365,,5.39386,-0.0130491,-0.0485732,999,,,,,,,6.800000000000001,6.800000000000001,7,7,,,,,,,,,,,,,,,,,,,"Jawilme Ramirez","sa3016204",691711
"Yordin Chalas","ARI",0.0445,0.0533,0,5.28282,1,0,0,0,,1,4.6,1.0538,0.6285,0.58698,0.128667,0.6222,0.0266,0.0441,0.7665,6.8985,5.5998,1.23192,1.158,0.16663,0.135261,0.03136955201625824,0.26789,1.676,0.304467,0.700263,0.43305,,5.30505,-0.0130648,-0.0455292,999,,,,,,,3.8000000000000003,3.8000000000000003,4,4,,,,,,,,,,,,,,,,,,,"Yordin Chalas","sa3021508",808054
"Dwayne Matos","SDP",0.0439,0.0539,0,5.23773,1,0,0,0,,1,4.476,1.0752,0.6197,0.58197,0.167889,0.4445,0.0259,0.0557,0.6617,5.9553,4.0005,1.48864,1.511,0.147833,0.0993074,0.048525482416152954,0.270436,1.5197,0.288382,0.700577,0.38815,,5.52624,-0.0130957,-0.050146,999,,,,,,,6.800000000000001,6.800000000000001,7,7,,,,,,,,,,,,,,,,,,,"Dwayne Matos","sa3009508",684228
"Harry Gustin","SDP",0.0455,0.0593,0.0174,5.11029,0.7592,0.0512,0,0,,1,4.554,1.038,0.6088,0.56781,0.144111,0.5905,0.0195,0.0449,0.7062,6.3558,5.3145,1.19594,1.297,0.155072,0.129666,0.025406241416931152,0.264891,1.6285,0.291331,0.714704,0.422252,,5.53372,-0.0131599,-0.0501271,999,,,,,,,3.8000000000000003,3.8000000000000003,4,4,,,,,,,,,,,,,,,,,,,"Harry Gustin","sa3023229",814480
"Philip Abner","ARI",0.0451,0.0544,0.0043,5.20299,0.939,0.013,0,0,,1,4.61,1.0789,0.6208,0.57811,0.122667,0.607,0.0249,0.0497,0.7073,6.3657,5.463,1.16524,1.104,0.153427,0.13167,0.021757051348686218,0.272911,1.6859,0.306158,0.703423,0.446611,,5.31665,-0.0132091,-0.0455387,999,,,,,,,3.8000000000000003,3.8000000000000003,4,4,,,,,,,,,,,,,,,,,,,"Philip Abner","sa3023305",691769
"Peyton Glavine","WSN",0.042,0.0557,0,5.21325,1,0,0,0,,1,4.591,1.0357,0.6195,0.57925,0.142222,0.6256,0.0265,0.0444,0.7163,6.4467,5.6304,1.14498,1.28,0.156023,0.136267,0.019756048917770386,0.264142,1.6613,0.29175,0.712493,0.405503,,5.59277,-0.0132279,-0.0469189,999,,,,,,,3.8000000000000003,3.8000000000000003,4,4,,,,,,,,,,,,,,,,,,,"Peyton Glavine","sa3017533",676385
"Michael Walsh","PIT",0.0413,0.0564,0,5.48523,1,0,0,0,,1,4.623,1.1066,0.6518,0.60947,0.135333,0.5857,0.0267,0.0512,0.6519,5.8671,5.2713,1.11303,1.218,0.141012,0.126693,0.01431971788406372,0.277615,1.6923,0.303628,0.692359,0.437711,,5.53271,-0.013298,-0.0445256,999,,,,,,,3.8000000000000003,3.8000000000000003,4,4,,,,,,,,,,,,,,,,,,,"Michael Walsh","sa3020337",805315
"LJ McDonough","ATL",0.0458,0.052,0,5.24646,1,0,0,0,,1,4.625,1.0496,0.6263,0.58294,0.126333,0.6596,0.0267,0.0438,0.7709,6.9381,5.9364,1.16874,1.137,0.166681,0.142616,0.02406485378742218,0.267646,1.7092,0.305276,0.7067,0.461292,,5.37721,-0.0134157,-0.0462085,999,,,,,,,3.8000000000000003,3.8000000000000003,4,4,,,,,,,,,,,,,,,,,,,"LJ McDonough","sa3023172",690229
"Felix Ramires","COL",0.0396,0.0581,0,5.91678,1,0,0,0,,1,4.706,1.1573,0.7014,0.65742,0.146667,0.6343,0.0272,0.0575,0.6474,5.8266,5.7087,1.02065,1.32,0.137569,0.134785,0.0027836859226226807,0.288302,1.7916,0.313848,0.687274,0.456183,,5.85375,-0.0135428,-0.0353257,999,,,,,,,3.8000000000000003,3.8000000000000003,4,4,,,,,,,,,,,,,,,,,,,"Felix Ramires","sa3005828",678498
"Tanner Shears","MIL",0.0428,0.0549,0,5.29119,1,0,0,0,,1,4.647,1.0051,0.6294,0.58791,0.137889,0.6929,0.0268,0.0602,0.8307,7.4763,6.2361,1.19887,1.241,0.17876,0.149107,0.029653549194335938,0.258122,1.698,0.296451,0.710054,0.430629,,5.55694,-0.0135983,-0.0470692,999,,,,,,,3.8000000000000003,3.8000000000000003,4,4,,,,,,,,,,,,,,,,,,,"Tanner Shears","sa3020823",808632
"Dikember Sanchez","MIL",0.0426,0.0552,0,5.33871,1,0,0,0,,1,4.61,1.07,0.6359,0.59319,0.141778,0.6038,0.0266,0.0505,0.7073,6.3657,5.4342,1.17141,1.276,0.153427,0.130976,0.022451192140579224,0.270496,1.6738,0.298788,0.703513,0.449015,,5.55789,-0.0135988,-0.0470597,999,,,,,,,3.8000000000000003,3.8000000000000003,4,4,,,,,,,,,,,,,,,,,,,"Dikember Sanchez","sa3016033",699129
"Brandon Neeck","LAD",0.0458,0.052,0,5.27346,1,0,0,0,,1,4.589,1.0439,0.6259,0.58594,0.155222,0.595,0.0265,0.0568,0.7373,6.6357,5.355,1.23916,1.397,0.160667,0.129658,0.03100891411304474,0.265138,1.6389,0.291879,0.712583,0.407777,,5.66517,-0.0137201,-0.0485795,999,,,,,,,3.8000000000000003,3.8000000000000003,4,4,,,,,,,,,,,,,,,,,,,"Brandon Neeck","sa3021978",677957
"Yeuris Jimenez","WSN",0.0416,0.0561,0,5.28129,1,0,0,0,,1,4.604,1.0638,0.6307,0.58681,0.133,0.6089,0.0266,0.065,0.6385,5.7465,5.4801,1.04861,1.197,0.138684,0.132255,0.006429195404052734,0.27068,1.6727,0.294688,0.700975,0.463904,,5.64018,-0.0137556,-0.0469189,999,,,,,,,3.8000000000000003,3.8000000000000003,4,4,,,,,,,,,,,,,,,,,,,"Yeuris Jimenez","sa3006386",678883
"Brendan Collins","WSN",0.0416,0.0561,0,5.31666,1,0,0,0,,1,4.575,1.0324,0.6306,0.59074,0.149667,0.5977,0.0264,0.0567,0.7176,6.4584,5.3793,1.2006,1.347,0.156852,0.130645,0.026207655668258667,0.263327,1.6301,0.289105,0.703592,0.404512,,5.64015,-0.0137653,-0.0469284,999,,,,,,,3.8000000000000003,3.8000000000000003,4,4,,,,,,,,,,,,,,,,,,,"Brendan Collins","sa3017549",701975
"Landon Tomkins","PIT",0.0411,0.0567,0,5.52861,1,0,0,0,,1,4.645,1.1285,0.6584,0.61429,0.129556,0.5924,0.0268,0.0548,0.6086,5.4774,5.3316,1.02735,1.166,0.131023,0.127535,0.003487631678581238,0.28228,1.7209,0.306458,0.690149,0.462338,,5.5751,-0.0137717,-0.0445256,999,,,,,,,3.8000000000000003,3.8000000000000003,4,4,,,,,,,,,,,,,,,,,,,"Landon Tomkins","sa3022798",814280
"Carson Rudd","CIN",0.0421,0.0672,0.021,5.68836,0.6108,0.0828,0,0,,1,4.565,1.026,0.6674,0.63204,0.199667,0.5595,0.0153,0.0519,0.8571,7.7139,5.0355,1.5319,1.797,0.187755,0.122563,0.06519168615341187,0.25951,1.5855,0.285254,0.703004,0.339595,,5.88215,-0.0137948,-0.0416553,999,,,,,,,3.8000000000000003,3.8000000000000003,4,4,,,,,,,,,,,,,,,,,,,"Carson Rudd","sa3014812",695297
"Ethan Chenault","PHI",0.0434,0.0544,0,5.46237,1,0,0,0,,1,4.636,1.0227,0.6481,0.60693,0.148,0.6824,0.0268,0.0538,0.7715,6.9435,6.1416,1.13057,1.332,0.166415,0.147196,0.019219160079956055,0.262244,1.7051,0.293494,0.705655,0.420173,,5.75608,-0.0138721,-0.0459835,999,,,,,,,3.8000000000000003,3.8000000000000003,4,4,,,,,,,,,,,,,,,,,,,"Ethan Chenault","sa3023445",694839
"Luis Moreno","NYM",0.0452,0.0526,0,5.19489,1,0,0,0,,1,4.591,1.0803,0.6212,0.57721,0.133444,0.573,0.0265,0.0506,0.6559,5.9031,5.157,1.14468,1.201,0.142866,0.124809,0.018057063221931458,0.272294,1.6533,0.297935,0.703795,0.466794,,5.46026,-0.0139427,-0.0514744,999,,,,,,,3.8000000000000003,3.8000000000000003,4,4,,,,,,,,,,,,,,,,,,,"Luis Moreno","sa3002928",672382
"Cade Winquest","STL",0.0455,0.0664,0.0348,5.2119,0.5152,0.1032,0,0,,1,4.556,1.0843,0.6228,0.5791,0.137,0.5415,0.0126,0.0514,0.6265,5.6385,4.8735,1.15697,1.233,0.137511,0.118854,0.018656723201274872,0.273599,1.6258,0.296068,0.699442,0.459414,,5.47318,-0.013962,-0.0485826,999,,,,,,,3.8000000000000003,3.8000000000000003,4,4,,,,,,,,,,,,,,,,,,,"Cade Winquest","sa3020805",685464
"Tyler Bryant","MIL",0.0424,0.0554,0,5.4225,1,0,0,0,,1,4.608,1.0381,0.6418,0.6025,0.155222,0.6236,0.0266,0.0443,0.7963,7.1667,5.6124,1.27694,1.397,0.172808,0.13533,0.03747829794883728,0.26347,1.6617,0.295417,0.706112,0.396939,,5.59547,-0.014016,-0.0470597,999,,,,,,,3.8000000000000003,3.8000000000000003,4,4,,,,,,,,,,,,,,,,,,,"Tyler Bryant","sa3024995",827744
"Luis Gastelum","STL",0.0434,0.0544,0,5.2461,1,0,0,0,,1,4.566,1.0711,0.6242,0.5829,0.141778,0.5613,0.0264,0.045,0.6748,6.0732,5.0517,1.20221,1.276,0.147788,0.12293,0.024857640266418457,0.2705,1.6324,0.295668,0.703112,0.426392,,5.47889,-0.0140169,-0.0485732,999,,,,,,,3.8000000000000003,3.8000000000000003,4,4,,,,,,,,,,,,,,,,,,,"Luis Gastelum","sa3020964",703725
"C.J. Widger","SFG",0.0436,0.0541,0,4.9662,1,0,0,0,,1,4.568,1.0245,0.5917,0.5518,0.132,0.5718,0.0264,0.0525,0.7727,6.9543,5.1462,1.35135,1.188,0.169155,0.125175,0.04397986829280853,0.259781,1.5963,0.293682,0.711725,0.40685,,5.20998,-0.0140471,-0.0506392,999,,,,,,,3.8000000000000003,3.8000000000000003,4,4,,,,,,,,,,,,,,,,,,,"C.J. Widger","sa3020960",702448
"Mikey Tepper","WSN",0.0413,0.0685,0.0268,5.44419,0.5918,0.0868,0,0,,1,4.591,1.0773,0.6475,0.60491,0.146,0.5894,0.0149,0.0491,0.6556,5.9004,5.3046,1.11232,1.314,0.142801,0.128382,0.014419525861740112,0.272562,1.6667,0.295566,0.696984,0.4399,,5.66878,-0.0140839,-0.0469284,999,,,,,,,3.8000000000000003,3.8000000000000003,4,4,,,,,,,,,,,,,,,,,,,"Mikey Tepper","sa3023065",694366
"Magdiel Cotto","PIT",0.0417,0.056,0,5.36535,1,0,0,0,,1,4.675,1.0901,0.6401,0.59615,0.122,0.6591,0.027,0.0561,0.647,5.823,5.9319,0.981642,1.098,0.138396,0.140984,-0.002588227391242981,0.275292,1.7492,0.303404,0.702674,0.452768,,5.60408,-0.0140954,-0.0445256,999,,,,,,,3.8000000000000003,3.8000000000000003,4,4,,,,,,,,,,,,,,,,,,,"Magdiel Cotto","sa3023251",694365
"Luís Madero","MIA",0.0397,0.058,0,5.57136,1,0,0,0,,1,4.531,1.1152,0.6553,0.61904,0.174444,0.4496,0.0272,0.0464,0.675,6.075,4.0464,1.50133,1.57,0.148974,0.0992275,0.04974619299173355,0.276382,1.5648,0.295319,0.688714,0.353044,,5.57226,-0.0141376,-0.0447974,999,,,,,,,6.800000000000001,6.800000000000001,7,7,,,,,,,,,,,,,,,,,,,"Luis Madero","20399",650347
"Dylan Simmons","CIN",0.0416,0.0562,0,5.80266,1,0,0,0,,1,4.636,1.1107,0.6862,0.64474,0.174222,0.5844,0.0268,0.0474,0.7055,6.3495,5.2596,1.20722,1.568,0.152179,0.126057,0.026121661067008972,0.277384,1.6951,0.299723,0.695223,0.425831,,5.91577,-0.0141586,-0.0416649,999,,,,,,,3.8000000000000003,3.8000000000000003,4,4,,,,,,,,,,,,,,,,,,,"Dylan Simmons","sa3023468",687535
"Brody Jessee","CIN",0.0418,0.056,0,5.76666,1,0,0,0,,1,4.625,1.0881,0.6809,0.64074,0.178444,0.5759,0.0267,0.0607,0.7335,6.6015,5.1831,1.27366,1.606,0.158595,0.124519,0.034075669944286346,0.272816,1.664,0.295683,0.695174,0.408906,,5.92906,-0.0142983,-0.0416649,999,,,,,,,3.8000000000000003,3.8000000000000003,4,4,,,,,,,,,,,,,,,,,,,"Brody Jessee","sa3020447",689297
"Aidan Maldonado","MIL",0.0425,0.0553,0,5.39505,1,0,0,0,,1,4.585,1.0544,0.6392,0.59945,0.157667,0.5771,0.0265,0.0511,0.7388,6.6492,5.1939,1.28019,1.419,0.161134,0.125867,0.035267174243927,0.266478,1.6315,0.293018,0.703376,0.403908,,5.62315,-0.014323,-0.0470597,999,,,,,,,3.8000000000000003,3.8000000000000003,4,4,,,,,,,,,,,,,,,,,,,"Aidan Maldonado","sa3020829",682251
"Alfred Morillo","ARI",0.0441,0.0537,0,5.35149,1,0,0,0,,1,4.647,1.0634,0.6381,0.59461,0.121222,0.6531,0.0268,0.0621,0.7364,6.6276,5.8779,1.12755,1.091,0.158468,0.140542,0.017925530672073364,0.270461,1.7165,0.306481,0.697186,0.460643,,5.41517,-0.0143377,-0.0455292,999,,,,,,,3.8000000000000003,3.8000000000000003,4,4,,,,,,,,,,,,,,,,,,,"Alfred Morillo","sa3018870",801219
"Paxton Thompson","PHI",0.0432,0.0546,0,5.52708,1,0,0,0,,1,4.566,1.0609,0.6528,0.61412,0.169556,0.5662,0.0264,0.0437,0.6998,6.2982,5.0958,1.23596,1.526,0.153263,0.124004,0.02925974875688553,0.268168,1.6271,0.288765,0.701075,0.385144,,5.8008,-0.014371,-0.045993,999,,,,,,,3.8000000000000003,3.8000000000000003,4,4,,,,,,,,,,,,,,,,,,,"Paxton Thompson","sa3023277",801505
"Jonah Hurney","CIN",0.0419,0.0558,0,5.70483,1,0,0,0,,1,4.675,1.1147,0.6768,0.63387,0.160778,0.6295,0.027,0.0464,0.6734,6.0606,5.6655,1.06974,1.447,0.144043,0.134652,0.009390383958816528,0.278738,1.7442,0.301405,0.702648,0.439762,,5.93749,-0.0143869,-0.0416649,999,,,,,,,3.8000000000000003,3.8000000000000003,4,4,,,,,,,,,,,,,,,,,,,"Jonah Hurney","sa3023417",802373
"Isaac Gallegos","ATL",0.0454,0.0524,0,5.37246,1,0,0,0,,1,4.623,1.0409,0.6375,0.59694,0.140444,0.643,0.0267,0.0495,0.8033,7.2297,5.787,1.2493,1.264,0.173762,0.139087,0.034674450755119324,0.264826,1.6839,0.301483,0.703567,0.416285,,5.46316,-0.0143976,-0.0462085,999,,,,,,,3.8000000000000003,3.8000000000000003,4,4,,,,,,,,,,,,,,,,,,,"Isaac Gallegos","sa3023183",814541
"Nicolas Cruz","LAD",0.0461,0.062,0.0226,5.58072,0.6421,0.0761,0,0,,1,4.582,1.1168,0.6621,0.62008,0.163556,0.5327,0.0163,0.0465,0.6511,5.8599,4.7943,1.22226,1.472,0.1421,0.116259,0.025840245187282562,0.279005,1.6495,0.298997,0.695096,0.436965,,5.7281,-0.0144133,-0.0485795,999,,,,,,,3.8000000000000003,3.8000000000000003,4,4,,,,,,,,,,,,,,,,,,,"Nicolas Cruz","sa3019461",800395
"Cody Greenhill","WSN",0.041,0.0567,0,5.44797,1,0,0,0,,1,4.604,1.0478,0.6456,0.60533,0.150444,0.6247,0.0266,0.0463,0.7114,6.4026,5.6223,1.13879,1.354,0.154518,0.135686,0.018831446766853333,0.266412,1.6725,0.292188,0.702453,0.405525,,5.71246,-0.0145594,-0.0469189,999,,,,,,,3.8000000000000003,3.8000000000000003,4,4,,,,,,,,,,,,,,,,,,,"Cody Greenhill","sa3017608",676112
"Xavier Meachem","MIA",0.0398,0.0598,0.0039,5.4666,0.9349,0.0139,0,0,,1,4.639,1.0393,0.6482,0.6074,0.143,0.6641,0.0249,0.0464,0.7672,6.9048,5.9769,1.15525,1.287,0.16538,0.143156,0.02222461998462677,0.264554,1.7034,0.296955,0.701969,0.411979,,5.62258,-0.0146998,-0.0447974,999,,,,,,,3.8000000000000003,3.8000000000000003,4,4,,,,,,,,,,,,,,,,,,,"Xavier Meachem","sa3022410",801870
"Brandon Beckel","PHI",0.0432,0.0628,0.0168,5.63121,0.7188,0.0598,0,0,,1,4.586,1.0795,0.6657,0.62569,0.168111,0.5682,0.0186,0.0493,0.6852,6.1668,5.1138,1.20591,1.513,0.149411,0.123899,0.02551242709159851,0.272017,1.6477,0.292563,0.695298,0.401561,,5.83402,-0.014734,-0.045993,999,,,,,,,3.8000000000000003,3.8000000000000003,4,4,,,,,,,,,,,,,,,,,,,"Brandon Beckel","sa3023276",699552
"Bayden Root","MIL",0.0422,0.0556,0,5.44095,1,0,0,0,,1,4.643,1.0665,0.6474,0.60455,0.142444,0.6398,0.0268,0.0522,0.7169,6.4521,5.7582,1.12051,1.282,0.154404,0.137799,0.016605645418167114,0.269932,1.7063,0.298887,0.702711,0.445561,,5.66046,-0.0147468,-0.0470692,999,,,,,,,3.8000000000000003,3.8000000000000003,4,4,,,,,,,,,,,,,,,,,,,"Bayden Root","sa3023040",694843
"Layonel Ovalles","NYM",0.0452,0.0526,0,5.22414,1,0,0,0,,1,4.579,1.0417,0.6212,0.58046,0.147222,0.5755,0.0264,0.0556,0.7202,6.4818,5.1795,1.25143,1.325,0.157283,0.125682,0.031600773334503174,0.263862,1.6172,0.29037,0.705838,0.417508,,5.53327,-0.0147638,-0.0514744,999,,,,,,,3.8000000000000003,3.8000000000000003,4,4,,,,,,,,,,,,,,,,,,,"Layonel Ovalles","sa3015993",693803
"Brock Bell","CIN",0.0414,0.0564,0,5.87313,1,0,0,0,,1,4.566,1.1609,0.6921,0.65257,0.196444,0.4534,0.0264,0.0444,0.6182,5.5638,4.0806,1.36348,1.768,0.135392,0.0992992,0.036092862486839294,0.28536,1.6143,0.296431,0.68858,0.400955,,5.97726,-0.0147948,-0.0416553,999,,,,,,,6.800000000000001,6.800000000000001,7,7,,,,,,,,,,,,,,,,,,,"Brock Bell","sa3011571",687770
"Wander Arias","WSN",0.0409,0.0625,0.0117,5.43303,0.8079,0.0409,0,0,,1,4.562,1.0738,0.6442,0.60367,0.156778,0.5456,0.0209,0.055,0.6365,5.7285,4.9104,1.16661,1.411,0.139522,0.119597,0.019925475120544434,0.271066,1.6194,0.289453,0.696616,0.411525,,5.73339,-0.0148021,-0.0469284,999,,,,,,,3.8000000000000003,3.8000000000000003,4,4,,,,,,,,,,,,,,,,,,,"Wander Arias","sa3011440",691429
"Kelvin Ramirez","LAD",0.0449,0.0553,0.005,5.5152,0.9142,0.0182,0,0,,1,4.599,1.0715,0.6539,0.6128,0.161444,0.5964,0.0241,0.0433,0.7089,6.3801,5.3676,1.18863,1.453,0.154142,0.12968,0.024461835622787476,0.270629,1.6679,0.294616,0.70325,0.421117,,5.76656,-0.0148365,-0.0485795,999,,,,,,,3.8000000000000003,3.8000000000000003,4,4,,,,,,,,,,,,,,,,,,,"Kelvin Ramirez","sa3015492",699062
"Brett Standlee","SFG",0.0432,0.0597,0.0122,5.15619,0.8244,0.0374,0,0,,1,4.529,1.0911,0.6148,0.57291,0.141111,0.4818,0.0213,0.0429,0.6465,5.8185,4.3362,1.34184,1.27,0.142747,0.106381,0.03636564314365387,0.272482,1.5729,0.295331,0.696625,0.435608,,5.28202,-0.0148642,-0.0506204,999,,,,,,,6.800000000000001,6.800000000000001,7,7,,,,,,,,,,,,,,,,,,,"Brett Standlee","sa3017388",685402
"Davison Palermo","COL",0.0385,0.0591,0,6.21675,1,0,0,0,,1,4.699,1.1872,0.7339,0.69075,0.163,0.5879,0.0271,0.0611,0.6273,5.6457,5.2911,1.06702,1.467,0.133496,0.125112,0.008384764194488525,0.293136,1.7751,0.314201,0.673088,0.446165,,5.97788,-0.0148672,-0.0353257,999,,,,,,,3.8000000000000003,3.8000000000000003,4,4,,,,,,,,,,,,,,,,,,,"Davison Palermo","sa3020480",801754
"Ben Simon","NYM",0.0456,0.0567,0.0106,5.31414,0.8417,0.0337,0,0,,1,4.562,1.057,0.63,0.59046,0.156667,0.5425,0.0219,0.0507,0.7181,6.4629,4.8825,1.32369,1.41,0.157409,0.118917,0.03849188983440399,0.266327,1.5995,0.29099,0.702451,0.400166,,5.54655,-0.014903,-0.051465,999,,,,,,,3.8000000000000003,3.8000000000000003,4,4,,,,,,,,,,,,,,,,,,,"Ben Simon","sa3023164",815084
"Graham Osman","CIN",0.0415,0.0675,0.0217,5.77341,0.6182,0.0812,0,0,,1,4.72,1.1084,0.6864,0.64149,0.152444,0.6851,0.0161,0.0535,0.6878,6.1902,6.1659,1.00394,1.372,0.14572,0.145148,0.0005720257759094238,0.278395,1.7935,0.304332,0.700662,0.463091,,5.98846,-0.0149326,-0.0416745,999,,,,,,,3.8000000000000003,3.8000000000000003,4,4,,,,,,,,,,,,,,,,,,,"Graham Osman","sa3023063",690104
"Cade Denton","COL",0.0384,0.0593,0,6.25941,1,0,0,0,,1,4.686,1.2085,0.7386,0.69549,0.167222,0.5577,0.0271,0.0558,0.5971,5.3739,5.0193,1.07065,1.505,0.127422,0.119014,0.008408024907112122,0.296746,1.7662,0.314759,0.670718,0.444145,,5.98667,-0.0149609,-0.0353257,999,,,,,,,3.8000000000000003,3.8000000000000003,4,4,,,,,,,,,,,,,,,,,,,"Cade Denton","sa3023047",814106
"Tyler Vogel","SFG",0.0435,0.0619,0.0183,5.14206,0.7419,0.0549,0,0,,1,4.582,1.0649,0.6149,0.57134,0.128444,0.5674,0.0192,0.0478,0.6962,6.2658,5.1066,1.227,1.156,0.151942,0.123832,0.028109997510910034,0.268453,1.6323,0.29803,0.700458,0.460315,,5.28946,-0.0149806,-0.0506487,999,,,,,,,3.8000000000000003,3.8000000000000003,4,4,,,,,,,,,,,,,,,,,,,"Tyler Vogel","sa3020406",804922
"Dennis Boatman","CIN",0.0413,0.0565,0,5.87466,1,0,0,0,,1,4.688,1.0955,0.6951,0.65274,0.167556,0.6597,0.0271,0.0464,0.7322,6.5898,5.9373,1.1099,1.508,0.156186,0.140721,0.015465021133422852,0.27512,1.7552,0.301071,0.697149,0.433228,,5.9986,-0.0150291,-0.0416649,999,,,,,,,3.8000000000000003,3.8000000000000003,4,4,,,,,,,,,,,,,,,,,,,"Dennis Boatman","sa3017778",677323
"Alan Perdomo","COL",0.0376,0.0636,0.0054,6.24051,0.8796,0.0256,0,0,,1,4.692,1.2351,0.7389,0.69339,0.158778,0.5521,0.0236,0.054,0.5278,4.7502,4.9689,0.955986,1.429,0.112489,0.117668,-0.005179025232791901,0.302283,1.7872,0.316628,0.669878,0.477279,,5.99329,-0.0150315,-0.0353257,999,,,,,,,3.8000000000000003,3.8000000000000003,4,4,,,,,,,,,,,,,,,,,,,"Alan Perdomo","sa3006399",679595
"Danny Wilkinson","PHI",0.0437,0.054,0,5.39865,1,0,0,0,,1,4.671,0.9591,0.638,0.59985,0.153556,0.7692,0.027,0.0489,0.8737,7.8633,6.9228,1.13586,1.382,0.187048,0.164676,0.022372081875801086,0.248929,1.7283,0.285083,0.720468,0.361142,,5.8696,-0.0151123,-0.0459835,999,,,,,,,3.8000000000000003,3.8000000000000003,4,4,,,,,,,,,,,,,,,,,,,"Danny Wilkinson","sa3020747",700673
"Ryan Ammons","NYM",0.0457,0.0521,0,5.09976,1,0,0,0,,1,4.645,0.9857,0.6075,0.56664,0.135444,0.7084,0.0268,0.048,0.8123,7.3107,6.3756,1.14667,1.219,0.174876,0.152508,0.022368133068084717,0.253485,1.6941,0.289118,0.722244,0.408537,,5.57186,-0.0152075,-0.0514838,999,,,,,,,3.8000000000000003,3.8000000000000003,4,4,,,,,,,,,,,,,,,,,,,"Ryan Ammons","sa3023523",686825
"Cody Tucker","SFG",0.0425,0.0552,0,5.21928,1,0,0,0,,1,4.566,1.0484,0.6193,0.57992,0.144,0.5465,0.0264,0.0487,0.7509,6.7581,4.9185,1.37402,1.296,0.164455,0.119689,0.044765643775463104,0.264027,1.5949,0.294028,0.700208,0.398184,,5.32228,-0.0153516,-0.0506392,999,,,,,,,3.8000000000000003,3.8000000000000003,4,4,,,,,,,,,,,,,,,,,,,"Cody Tucker","sa3022524",688398
"Easton Sikorski","CIN",0.0408,0.061,0.007,5.90499,0.8623,0.0293,0,0,,1,4.663,1.1339,0.6994,0.65611,0.171667,0.5976,0.0229,0.0461,0.6488,5.8392,5.3784,1.08568,1.545,0.139138,0.128158,0.01098005473613739,0.282114,1.7315,0.300808,0.692143,0.44619,,6.03165,-0.015376,-0.0416649,999,,,,,,,3.8000000000000003,3.8000000000000003,4,4,,,,,,,,,,,,,,,,,,,"Easton Sikorski","sa3020250",675783
"Tyler Bradt","STL",0.0429,0.0548,0,5.35392,1,0,0,0,,1,4.621,1.044,0.6359,0.59488,0.140889,0.6398,0.0267,0.0492,0.7332,6.5988,5.7582,1.14598,1.268,0.158667,0.138455,0.0202120840549469,0.265514,1.6838,0.295336,0.704918,0.415372,,5.59864,-0.0153774,-0.0485732,999,,,,,,,3.8000000000000003,3.8000000000000003,4,4,,,,,,,,,,,,,,,,,,,"Tyler Bradt","sa3022859",802680
"Jesus Luna","LAD",0.0446,0.0532,0,5.54841,1,0,0,0,,1,4.643,1.0497,0.6578,0.61649,0.155889,0.6618,0.0268,0.0472,0.7511,6.7599,5.9562,1.13494,1.403,0.16177,0.142537,0.01923324167728424,0.266828,1.7115,0.295278,0.705639,0.422084,,5.81784,-0.0154003,-0.0485795,999,,,,,,,3.8000000000000003,3.8000000000000003,4,4,,,,,,,,,,,,,,,,,,,"Jesus Luna","sa3015925",680628
"Angel Roman","WSN",0.0416,0.0656,0.0221,5.3856,0.6768,0.0688,0,0,,1,4.617,1.0878,0.6417,0.5984,0.141444,0.6044,0.0175,0.0515,0.5911,5.3199,5.4396,0.977995,1.273,0.128027,0.130908,-0.002880662679672241,0.274621,1.6922,0.29312,0.703062,0.439917,,5.79076,-0.015429,-0.0469189,999,,,,,,,3.8000000000000003,3.8000000000000003,4,4,,,,,,,,,,,,,,,,,,,"Angel Roman","sa3018314",800053
"Teofilo Mendez","ARI",0.0435,0.0543,0,5.53023,1,0,0,0,,1,4.602,1.0955,0.6548,0.61447,0.144444,0.5727,0.0266,0.0446,0.6923,6.2307,5.1543,1.20884,1.3,0.150435,0.124446,0.025988690555095673,0.274927,1.6682,0.302118,0.691279,0.407394,,5.51156,-0.0154498,-0.0455292,999,,,,,,,3.8000000000000003,3.8000000000000003,4,4,,,,,,,,,,,,,,,,,,,"Teofilo Mendez","sa3008795",682754
"William Silva","ATL",0.0448,0.053,0,5.49918,1,0,0,0,,1,4.608,1.0926,0.6519,0.61102,0.148333,0.5727,0.0266,0.052,0.706,6.354,5.1543,1.23276,1.335,0.153212,0.124284,0.028927937150001526,0.274295,1.6653,0.301782,0.695237,0.419875,,5.55691,-0.015467,-0.0462085,999,,,,,,,3.8000000000000003,3.8000000000000003,4,4,,,,,,,,,,,,,,,,,,,"William Silva","sa3020235",687222
"Hunter Hayes","STL",0.0428,0.0549,0,5.38002,1,0,0,0,,1,4.562,1.1016,0.6386,0.59778,0.151556,0.5206,0.0264,0.0464,0.6155,5.5395,4.6854,1.18229,1.364,0.134919,0.114117,0.020802274346351624,0.275745,1.6222,0.294319,0.697578,0.415372,,5.6067,-0.0154689,-0.0485732,999,,,,,,,3.8000000000000003,3.8000000000000003,4,4,,,,,,,,,,,,,,,,,,,"Hunter Hayes","sa3020450",702119
"Zane Russell","ARI",0.0437,0.0541,0,5.48748,1,0,0,0,,1,4.638,1.0419,0.6496,0.60972,0.139,0.6651,0.0268,0.0427,0.7917,7.1253,5.9859,1.19035,1.251,0.170699,0.143402,0.027296259999275208,0.265101,1.707,0.301017,0.699154,0.397357,,5.51348,-0.015472,-0.0455292,999,,,,,,,3.8000000000000003,3.8000000000000003,4,4,,,,,,,,,,,,,,,,,,,"Zane Russell","sa3022907",801546
"Matthew Bollenbacher","WSN",0.0407,0.057,0,5.51925,1,0,0,0,,1,4.6,1.0917,0.6551,0.61325,0.151444,0.5814,0.0266,0.0479,0.6096,5.4864,5.2326,1.0485,1.363,0.132522,0.126391,0.006130442023277283,0.274939,1.6731,0.292946,0.696746,0.425924,,5.80396,-0.0155755,-0.0469189,999,,,,,,,3.8000000000000003,3.8000000000000003,4,4,,,,,,,,,,,,,,,,,,,"Matthew Bollenbacher","sa3022954",809232
"Miguel Gomez","WSN",0.0405,0.0603,0.0063,5.54283,0.8936,0.0226,0,0,,1,4.554,1.1024,0.6556,0.61587,0.166222,0.507,0.0233,0.0508,0.5984,5.3856,4.563,1.18028,1.496,0.131401,0.111331,0.020070262253284454,0.275862,1.6094,0.289697,0.692822,0.396526,,5.80397,-0.0155857,-0.0469284,999,,,,,,,3.8000000000000003,3.8000000000000003,4,4,,,,,,,,,,,,,,,,,,,"Miguel Gomez","sa3009527",685777
"Jace Beck","NYM",0.0453,0.0564,0.0089,5.32674,0.8623,0.0293,0,0,,1,4.648,0.9915,0.632,0.59186,0.144556,0.7039,0.0229,0.0461,0.8444,7.5996,6.3351,1.1996,1.301,0.18167,0.151441,0.030228063464164734,0.254361,1.6954,0.291142,0.712247,0.398546,,5.6069,-0.015601,-0.0514838,999,,,,,,,3.8000000000000003,3.8000000000000003,4,4,,,,,,,,,,,,,,,,,,,"Jace Beck","sa3011811",689476
"Jake Eddington","PHI",0.0431,0.0646,0.0205,5.65461,0.6628,0.0718,0,0,,1,4.666,1.0709,0.6722,0.62829,0.147111,0.6808,0.0173,0.0506,0.6765,6.0885,6.1272,0.993684,1.324,0.144985,0.145907,-0.0009215623140335083,0.272175,1.7517,0.296944,0.698369,0.452623,,5.92012,-0.0156635,-0.0459835,999,,,,,,,3.8000000000000003,3.8000000000000003,4,4,,,,,,,,,,,,,,,,,,,"Jake Eddington","sa3023409",690974
"Tommy Kane","SFG",0.0433,0.0571,0.0064,5.08608,0.9109,0.0189,0,0,,1,4.61,1.0581,0.6079,0.56512,0.125778,0.5985,0.0241,0.0493,0.6985,6.2865,5.3865,1.16708,1.132,0.151518,0.129826,0.021691977977752686,0.267049,1.6566,0.297114,0.708336,0.442665,,5.34799,-0.0156699,-0.0506581,999,,,,,,,3.8000000000000003,3.8000000000000003,4,4,,,,,,,,,,,,,,,,,,,"Tommy Kane","sa3022525",802998
"Zack Showalter","STL",0.043,0.0548,0,5.33313,1,0,0,0,,1,4.645,1.024,0.634,0.59257,0.136111,0.6768,0.0268,0.0595,0.7585,6.8265,6.0912,1.12072,1.225,0.163294,0.145705,0.017588794231414795,0.26198,1.7008,0.29458,0.706376,0.42137,,5.62782,-0.0157086,-0.0485732,999,,,,,,,3.8000000000000003,3.8000000000000003,4,4,,,,,,,,,,,,,,,,,,,"Zack Showalter","sa3020959",701374
"Giomar Diaz","ATL",0.0448,0.053,0,5.48649,1,0,0,0,,1,4.647,1.0991,0.6534,0.60961,0.134889,0.6253,0.0268,0.0492,0.678,6.102,5.6277,1.08428,1.214,0.145901,0.13456,0.01134064793586731,0.276677,1.7244,0.305168,0.697467,0.459293,,5.58754,-0.0158159,-0.0462085,999,,,,,,,3.8000000000000003,3.8000000000000003,4,4,,,,,,,,,,,,,,,,,,,"Giomar Diaz","sa3018797",692816
"Jorge Minyety","ARI",0.0433,0.0545,0,5.55372,1,0,0,0,,1,4.647,1.1056,0.66,0.61708,0.132444,0.6129,0.0268,0.0542,0.671,6.039,5.5161,1.0948,1.192,0.144394,0.131892,0.012502685189247131,0.277796,1.7185,0.306365,0.690441,0.445076,,5.54756,-0.0158647,-0.0455292,999,,,,,,,3.8000000000000003,3.8000000000000003,4,4,,,,,,,,,,,,,,,,,,,"Jorge Minyety","sa3021752",807822
"Tanner Gordon","COL",1.7823,2.3523,0.4516,4.94836,32.62,1.62,0,0.5573,,39.8538,171.052,44.7214,23.3243,21.9123,6.93899,9.4797,0.7489,1.4006,29.7641,6.72149,2.14076,3.13977,1.567,0.174006,0.05542,0.11858616024255753,0.279209,1.36,0.306008,0.694071,0.400241,,4.75528,-0.0158821,0.181778,999,,,,,,,126.9,3.1725000000000003,143,3.575,8.62203,6.98545,6.00772,5.28553,4.69222,4.16668,3.67002,3.17226,2.59338,6.01883,5.73439,5.54217,5.37995,5.2355,5.09328,4.94884,4.77884,4.5544,"Tanner Gordon","27669",685299
"Daniel Blair","SFG",0.0426,0.0609,0.0126,5.26185,0.8079,0.0409,0,0,,1,4.536,1.1023,0.6258,0.58465,0.147556,0.4624,0.0207,0.0536,0.6293,5.6637,4.1616,1.36094,1.328,0.138735,0.10194,0.03679454326629639,0.274204,1.5647,0.294389,0.691322,0.423541,,5.3741,-0.0159326,-0.0506204,999,,,,,,,6.800000000000001,6.800000000000001,7,7,,,,,,,,,,,,,,,,,,,"Daniel Blair","sa3020744",689096
"Jared Poland","MIA",0.0383,0.0718,0.024,5.69583,0.5877,0.0877,0,0,,1,4.54,1.1228,0.6702,0.63287,0.180444,0.4547,0.0146,0.0478,0.6433,5.7897,4.0923,1.41478,1.624,0.141696,0.100154,0.04154185205698013,0.278093,1.5775,0.293226,0.684818,0.361731,,5.73316,-0.0159437,-0.044807,999,,,,,,,6.800000000000001,6.800000000000001,7,7,,,,,,,,,,,,,,,,,,,"Jared Poland","sa3020252",680764
"Nick Sando","CIN",0.041,0.0663,0.0177,5.87961,0.6751,0.0691,0,0,,1,4.704,1.1112,0.696,0.65329,0.167333,0.6527,0.0178,0.0542,0.6848,6.1632,5.8743,1.04918,1.506,0.145578,0.138754,0.006823986768722534,0.278002,1.7639,0.30012,0.698141,0.430226,,6.09291,-0.0160188,-0.0416649,999,,,,,,,3.8000000000000003,3.8000000000000003,4,4,,,,,,,,,,,,,,,,,,,"Nick Sando","sa3023511",805311
"Braxton Hyde","COL",0.0365,0.0672,0.0083,6.35193,0.7988,0.0428,0,0,,1,4.705,1.2215,0.7502,0.70577,0.166667,0.5735,0.0213,0.0522,0.5595,5.0355,5.1615,0.975589,1.5,0.118916,0.121892,-0.00297556072473526,0.299439,1.795,0.314581,0.669029,0.456733,,6.09125,-0.0160644,-0.0353161,999,,,,,,,3.8000000000000003,3.8000000000000003,4,4,,,,,,,,,,,,,,,,,,,"Braxton Hyde","sa3020612",805703
"Johzan Oquendo","CHC",0.043,0.0547,0,5.35473,1,0,0,0,,1,4.647,1.0219,0.6371,0.59497,0.136,0.6947,0.0268,0.0514,0.7706,6.9354,6.2523,1.10926,1.224,0.165827,0.149494,0.016333118081092834,0.261965,1.7166,0.295862,0.707312,0.432088,,5.63158,-0.0160946,-0.0496453,999,,,,,,,3.8000000000000003,3.8000000000000003,4,4,,,,,,,,,,,,,,,,,,,"Johzan Oquendo","sa3015148",688016
"Marino Santy","CHC",0.045,0.0657,0.031,5.24079,0.5556,0.0946,0,0,,1,4.676,1.0537,0.6282,0.58231,0.119556,0.6969,0.0141,0.0669,0.688,6.192,6.2721,0.987229,1.076,0.147134,0.149038,-0.001903340220451355,0.269337,1.7506,0.300886,0.708934,0.484726,,5.6361,-0.0161462,-0.0496453,999,,,,,,,3.8000000000000003,3.8000000000000003,4,4,,,,,,,,,,,,,,,,,,,"Marino Santy","sa3017422",696091
"Eli Ankeney","NYM",0.0456,0.0559,0.0089,5.29452,0.8672,0.0282,0,0,,1,4.622,1.0144,0.6267,0.58828,0.153556,0.6447,0.0229,0.0454,0.7881,7.0929,5.8023,1.22243,1.382,0.170511,0.139485,0.03102552890777588,0.257992,1.6591,0.287884,0.714898,0.369284,,5.6568,-0.0161609,-0.0514838,999,,,,,,,3.8000000000000003,3.8000000000000003,4,4,,,,,,,,,,,,,,,,,,,"Eli Ankeney","sa3020390",690716
"José Ureña","NYM",0.8644,0.7995,0,4.07418,17,0,0,0.6719,,17,72.836,17.216,8.3642,7.69567,2.08533,5.4499,0.3976,0.6711,13.6764,7.24045,2.88524,2.50948,1.104,0.18777,0.0748243,0.11294551938772202,0.258053,1.33329,0.296952,0.724268,0.467784,,4.23233,-0.0161632,0.0492514,999,,,,,,,71.00000000000001,4.176470588235295,73,4.294117647058823,7.86,6.1,5.07,4.34,3.74,3.23,2.76,2.3,1.78,5.07,4.83,4.66,4.53,4.4,4.28,4.16,4.01,3.82,"Jose Urena","11589",570632
"Benjamin Arias","STL",0.0429,0.0549,0,5.38524,1,0,0,0,,1,4.539,1.0751,0.6364,0.59836,0.164222,0.5031,0.0262,0.0524,0.6492,5.8428,4.5279,1.2904,1.478,0.143027,0.110839,0.03218770772218704,0.269888,1.5782,0.287336,0.698515,0.373333,,5.66947,-0.0161808,-0.0485732,999,,,,,,,3.8000000000000003,3.8000000000000003,4,4,,,,,,,,,,,,,,,,,,,"Benjamin Arias","sa3008724",684485
"Erubiel Armenta","PHI",0.0431,0.0547,0,5.54832,1,0,0,0,,1,4.682,1.0178,0.6565,0.61648,0.153111,0.7285,0.027,0.052,0.7626,6.8634,6.5565,1.04681,1.378,0.162879,0.155596,0.007283210754394531,0.260874,1.7463,0.289601,0.711384,0.389163,,5.97322,-0.0162423,-0.0459835,999,,,,,,,3.8000000000000003,3.8000000000000003,4,4,,,,,,,,,,,,,,,,,,,"Erubiel Armenta","sa3015125",692068
"Austin Strickland","SFG",0.0423,0.0554,0,5.22747,1,0,0,0,,1,4.615,1.072,0.6246,0.58083,0.127778,0.5948,0.0267,0.0487,0.6788,6.1092,5.3532,1.14122,1.15,0.147086,0.128884,0.018201515078544617,0.269923,1.6668,0.29834,0.700445,0.459282,,5.40049,-0.0162685,-0.0506487,999,,,,,,,3.8000000000000003,3.8000000000000003,4,4,,,,,,,,,,,,,,,,,,,"Austin Strickland","sa3023380",814088
"Thomas Schultz","WSN",0.0404,0.0573,0,5.62302,1,0,0,0,,1,4.587,1.0731,0.6629,0.62478,0.169,0.5709,0.0265,0.0445,0.6672,6.0048,5.1381,1.16868,1.521,0.145455,0.12446,0.020994119346141815,0.270193,1.644,0.288352,0.697101,0.369561,,5.87528,-0.0163665,-0.0469189,999,,,,,,,3.8000000000000003,3.8000000000000003,4,4,,,,,,,,,,,,,,,,,,,"Thomas Schultz","sa3022936",686463
"Peniel Otano","ARI",0.0432,0.0545,0,5.53734,1,0,0,0,,1,4.693,1.13,0.6623,0.61526,0.114444,0.6574,0.0271,0.0579,0.6042,5.4378,5.9166,0.919075,1.03,0.128745,0.140081,-0.011336028575897217,0.284084,1.7874,0.31161,0.691443,0.504195,,5.59176,-0.0163737,-0.0455292,999,,,,,,,3.8000000000000003,3.8000000000000003,4,4,,,,,,,,,,,,,,,,,,,"Peniel Otano","sa3016751",702785
"Jeferson Figueroa","MIL",0.0417,0.0612,0.0095,5.57217,0.8293,0.0363,0,0,,1,4.609,1.0423,0.6574,0.61913,0.169556,0.6033,0.0218,0.0523,0.7642,6.8778,5.4297,1.2667,1.526,0.165806,0.130896,0.034909963607788086,0.263646,1.6456,0.289022,0.701736,0.373694,,5.8091,-0.0163823,-0.0470597,999,,,,,,,3.8000000000000003,3.8000000000000003,4,4,,,,,,,,,,,,,,,,,,,"Jeferson Figueroa","sa3016811",689951
"Luis Amoroso","COL",0.0379,0.0597,0,6.39333,1,0,0,0,,1,4.679,1.2561,0.7541,0.71037,0.175667,0.5025,0.027,0.0568,0.4957,4.4613,4.5225,0.986468,1.581,0.105941,0.107395,-0.001453302800655365,0.304901,1.7586,0.31332,0.664059,0.447157,,6.13665,-0.0165572,-0.0353257,999,,,,,,,1.8000000000000003,1.8000000000000003,2,2,,,,,,,,,,,,,,,,,,,"Luis Amoroso","sa3005889",681730
"Diomede Sierra","ARI",0.0438,0.054,0,5.41476,1,0,0,0,,1,4.706,1.0725,0.6459,0.60164,0.118444,0.7113,0.0272,0.0586,0.6958,6.2622,6.4017,0.978209,1.066,0.147854,0.151147,-0.0032936781644821167,0.272478,1.7838,0.305605,0.703285,0.457099,,5.62436,-0.0167489,-0.0455292,999,,,,,,,3.8000000000000003,3.8000000000000003,4,4,,,,,,,,,,,,,,,,,,,"Diomede Sierra","sa3009586",682660
"Tanner Jacobson","STL",0.0427,0.055,0,5.41566,1,0,0,0,,1,4.61,1.0386,0.6411,0.60174,0.152111,0.6185,0.0266,0.0541,0.7174,6.4566,5.5665,1.1599,1.369,0.155618,0.134165,0.021453365683555603,0.263778,1.6571,0.288957,0.703531,0.387345,,5.72692,-0.0168318,-0.0485732,999,,,,,,,3.8000000000000003,3.8000000000000003,4,4,,,,,,,,,,,,,,,,,,,"Tanner Jacobson","sa3020454",805374
"Yerlin Rodriguez","MIL",0.0418,0.056,0,5.53788,1,0,0,0,,1,4.73,1.0178,0.6586,0.61532,0.136,0.7697,0.0273,0.0655,0.7946,7.1514,6.9273,1.03235,1.224,0.167992,0.162727,0.0052642822265625,0.261323,1.7875,0.297483,0.706844,0.44357,,5.85088,-0.0168541,-0.0470692,999,,,,,,,3.8000000000000003,3.8000000000000003,4,4,,,,,,,,,,,,,,,,,,,"Yerlin Rodriguez","sa3015362",693750
"Julian Bosnic","PIT",0.041,0.0567,0,5.55561,1,0,0,0,,1,4.744,1.0593,0.6606,0.61729,0.125778,0.7603,0.0274,0.0533,0.6936,6.2424,6.8427,0.912271,1.132,0.146206,0.160266,-0.014059856534004211,0.269515,1.8196,0.300069,0.705198,0.43168,,5.85519,-0.0168934,-0.0445256,999,,,,,,,3.8000000000000003,3.8000000000000003,4,4,,,,,,,,,,,,,,,,,,,"Julian Bosnic","sa3020734",669343
"Carson Hobbs","LAD",0.0441,0.0554,0.0033,5.73327,0.9415,0.0125,0,0,,1,4.626,1.0642,0.6755,0.63703,0.176778,0.6115,0.025,0.0494,0.7451,6.7059,5.5035,1.21848,1.591,0.161068,0.132188,0.02888023853302002,0.268392,1.6757,0.291606,0.700317,0.377641,,5.95709,-0.0169292,-0.0485795,999,,,,,,,3.8000000000000003,3.8000000000000003,4,4,,,,,,,,,,,,,,,,,,,"Carson Hobbs","sa3023573",814481
"Nathan Karaffa","PHI",0.042,0.0557,0,5.7888,1,0,0,0,,1,4.658,1.093,0.6851,0.6432,0.160778,0.6417,0.0269,0.0473,0.6434,5.7906,5.7753,1.00265,1.447,0.138128,0.137763,0.0003649592399597168,0.275384,1.7347,0.294558,0.695278,0.420163,,6.03679,-0.0169345,-0.0459835,999,,,,,,,3.8000000000000003,3.8000000000000003,4,4,,,,,,,,,,,,,,,,,,,"Nathan Karaffa","sa3021466",688087
"Eiker Huizi","SDP",0.0426,0.0551,0,5.47902,1,0,0,0,,1,4.655,1.061,0.6526,0.60878,0.139667,0.6678,0.0269,0.0646,0.6533,5.8797,6.0102,0.978287,1.257,0.140344,0.143459,-0.003114938735961914,0.270484,1.7288,0.29439,0.7019,0.454864,,5.87275,-0.0169493,-0.0501082,999,,,,,,,3.8000000000000003,3.8000000000000003,4,4,,,,,,,,,,,,,,,,,,,"Eiker Huizi","sa3007842",678973
"Connor Schultz","CHC",0.0427,0.066,0.0234,5.62203,0.6298,0.0788,0,0,,1,4.589,1.1221,0.6664,0.62467,0.157778,0.535,0.0161,0.0451,0.6252,5.6268,4.815,1.1686,1.42,0.136239,0.116583,0.019655682146549225,0.279902,1.6571,0.298929,0.689801,0.423069,,5.70749,-0.0169594,-0.0496453,999,,,,,,,3.8000000000000003,3.8000000000000003,4,4,,,,,,,,,,,,,,,,,,,"Connor Schultz","sa3024948",701565
"Hayden Durke","ARI",0.0433,0.0544,0,5.54193,1,0,0,0,,1,4.715,1.0374,0.659,0.61577,0.124444,0.7593,0.0272,0.0495,0.7787,7.0083,6.8337,1.02555,1.12,0.165154,0.161039,0.004114523530006409,0.265578,1.7967,0.304009,0.701211,0.441067,,5.65326,-0.0170813,-0.0455292,999,,,,,,,3.8000000000000003,3.8000000000000003,4,4,,,,,,,,,,,,,,,,,,,"Hayden Durke","sa3022733",694492
"Trey Dillard","PHI",0.0419,0.0588,0.0053,5.81157,0.9002,0.0212,0,0,,1,4.687,1.0599,0.6871,0.64573,0.159,0.7013,0.0242,0.0496,0.7173,6.4557,6.3117,1.02281,1.431,0.15304,0.149627,0.0034136921167373657,0.269277,1.7612,0.294431,0.698102,0.410141,,6.05158,-0.0170855,-0.045974,999,,,,,,,3.8000000000000003,3.8000000000000003,4,4,,,,,,,,,,,,,,,,,,,"Trey Dillard","sa3023309",669366
"Carlos Rey","ARI",0.0439,0.0539,0,5.42592,1,0,0,0,,1,4.721,1.0117,0.6444,0.60288,0.125444,0.7779,0.0273,0.0542,0.8199,7.3791,7.0011,1.05399,1.129,0.173671,0.164774,0.008896410465240479,0.260151,1.7896,0.301083,0.709551,0.411398,,5.65376,-0.017087,-0.0455292,999,,,,,,,3.8000000000000003,3.8000000000000003,4,4,,,,,,,,,,,,,,,,,,,"Carlos Rey","sa3022732",692229
"Jake Madden","COL",0.0378,0.0599,0,6.42447,1,0,0,0,,1,4.769,1.2077,0.7592,0.71383,0.157,0.6602,0.0275,0.0539,0.5803,5.2227,5.9418,0.878976,1.413,0.121682,0.138436,-0.016754046082496643,0.297837,1.8679,0.316705,0.672714,0.467737,,6.18918,-0.0171055,-0.0353161,999,,,,,,,3.8000000000000003,3.8000000000000003,4,4,,,,,,,,,,,,,,,,,,,"Jake Madden","sa3020866",802409
"Kenya Huggins","CIN",0.0404,0.0573,0,6.10164,1,0,0,0,,1,4.746,1.1104,0.721,0.67796,0.169111,0.7079,0.0274,0.046,0.7152,6.4368,6.3711,1.01031,1.522,0.150695,0.149157,0.0015381425619125366,0.278149,1.8183,0.302881,0.693815,0.434222,,6.19622,-0.0171112,-0.0416745,999,,,,,,,3.8000000000000003,3.8000000000000003,4,4,,,,,,,,,,,,,,,,,,,"Kenya Huggins","sa3020609",695761
"Alfred Vega","NYM",0.0442,0.0536,0,5.46318,1,0,0,0,,1,4.606,1.0817,0.6482,0.60702,0.155556,0.5729,0.0266,0.0469,0.6514,5.8626,5.1561,1.13702,1.4,0.141424,0.124381,0.017042994499206543,0.271361,1.6546,0.29131,0.700435,0.413507,,5.7453,-0.0171427,-0.0514744,999,,,,,,,3.8000000000000003,3.8000000000000003,4,4,,,,,,,,,,,,,,,,,,,"Alfred Vega","sa3006495",678758
"Armando Vasquez","ARI",0.0435,0.0543,0,5.52609,1,0,0,0,,1,4.682,1.0571,0.6543,0.61401,0.136556,0.6876,0.027,0.0496,0.7461,6.7149,6.1884,1.08508,1.229,0.159355,0.14686,0.012494653463363647,0.267973,1.7447,0.300621,0.701889,0.394731,,5.6611,-0.0171715,-0.0455292,999,,,,,,,3.8000000000000003,3.8000000000000003,4,4,,,,,,,,,,,,,,,,,,,"Armando Vasquez","sa3018283",684848
"Stu Flesland III","COL",0.0352,0.0769,0.0217,6.36201,0.5193,0.1023,0,0,,1,4.714,1.2149,0.7501,0.70689,0.173,0.581,0.0133,0.051,0.5574,5.0166,5.229,0.95938,1.557,0.118244,0.12325,-0.005006358027458191,0.297624,1.7959,0.310866,0.673103,0.42913,,6.19668,-0.0171952,-0.0353257,999,,,,,,,3.8000000000000003,3.8000000000000003,4,4,,,,,,,,,,,,,,,,,,,"Stu Flesland III","sa3023000",687317
"Rio Britton","ARI",0.0437,0.0572,0.0066,5.50917,0.8945,0.0225,0,0,,1,4.707,1.0986,0.6569,0.61213,0.121,0.6966,0.0241,0.05,0.6584,5.9256,6.2694,0.945162,1.089,0.139877,0.147992,-0.008115574717521667,0.277396,1.7952,0.307325,0.700148,0.4601,,5.66248,-0.0171973,-0.0455387,999,,,,,,,3.8000000000000003,3.8000000000000003,4,4,,,,,,,,,,,,,,,,,,,"Rio Britton","sa3023379",694833
"Anthony Arguelles","WSN",0.0401,0.0576,0,5.65713,1,0,0,0,,1,4.675,1.0588,0.6706,0.62857,0.147444,0.6954,0.027,0.0476,0.6789,6.1101,6.2586,0.976273,1.327,0.145219,0.148749,-0.0035293996334075928,0.269278,1.7542,0.29345,0.7001,0.420505,,5.95446,-0.0172334,-0.0469094,999,,,,,,,3.8000000000000003,3.8000000000000003,4,4,,,,,,,,,,,,,,,,,,,"Anthony Arguelles","sa3023266",690593
"Josh Wolf","SFG",0.0423,0.0581,0.006,5.24547,0.9093,0.0193,0,0,,1,4.668,1.0511,0.6284,0.58283,0.118,0.68,0.0243,0.0519,0.7055,6.3495,6.12,1.0375,1.062,0.151135,0.145673,0.005462720990180969,0.267041,1.7311,0.299782,0.704196,0.482447,,5.48518,-0.0172692,-0.0506676,999,,,,,,,3.8000000000000003,3.8000000000000003,4,4,,,,,,,,,,,,,,,,,,,"Josh Wolf","sa3011638",683181
"Will Varmette","SDP",0.0423,0.061,0.0108,5.6106,0.8128,0.0398,0,0,,1,4.662,1.0197,0.6635,0.6234,0.155556,0.7049,0.0215,0.0553,0.7739,6.9651,6.3441,1.09789,1.4,0.166002,0.151201,0.014800503849983215,0.261341,1.7246,0.290728,0.704197,0.394486,,5.9215,-0.0174954,-0.0501082,999,,,,,,,3.8000000000000003,3.8000000000000003,4,4,,,,,,,,,,,,,,,,,,,"Will Varmette","sa3022881",815580
"Austin Amaral","WSN",0.0392,0.0676,0.0179,5.76873,0.6916,0.0656,0,0,,1,4.638,1.0928,0.6821,0.64097,0.161444,0.619,0.018,0.0434,0.6345,5.7105,5.571,1.02504,1.453,0.136805,0.133463,0.003341957926750183,0.274877,1.7118,0.292911,0.693038,0.405495,,5.98346,-0.0175644,-0.0469189,999,,,,,,,3.8000000000000003,3.8000000000000003,4,4,,,,,,,,,,,,,,,,,,,"Austin Amaral","sa3022903",694544
"Jaydenn Estanista","PHI",0.0421,0.0557,0,5.79546,1,0,0,0,,1,4.679,1.0377,0.6837,0.64394,0.164889,0.7061,0.027,0.0504,0.7415,6.6735,6.3549,1.05013,1.484,0.158474,0.150908,0.007565721869468689,0.264551,1.7438,0.289383,0.700682,0.385145,,6.09654,-0.0175845,-0.0459835,999,,,,,,,3.8000000000000003,3.8000000000000003,4,4,,,,,,,,,,,,,,,,,,,"Jaydenn Estanista","sa3016230",692838
"Franklin Sanchez","MIA",0.0389,0.0587,0,5.69835,1,0,0,0,,1,4.746,1.0599,0.6773,0.63315,0.131667,0.7561,0.0274,0.0612,0.7231,6.5079,6.8049,0.956355,1.185,0.15236,0.159313,-0.006953224539756775,0.269784,1.816,0.301969,0.697875,0.450712,,5.88385,-0.0176214,-0.044807,999,,,,,,,3.8000000000000003,3.8000000000000003,4,4,,,,,,,,,,,,,,,,,,,"Franklin Sanchez","sa3015157",692845
"Angel Cuenca","STL",0.0421,0.0557,0,5.55885,1,0,0,0,,1,4.596,1.1144,0.6586,0.61765,0.157111,0.5427,0.0265,0.0449,0.5837,5.2533,4.8843,1.07555,1.414,0.127002,0.118081,0.00892079621553421,0.278016,1.6571,0.292965,0.694781,0.408369,,5.80432,-0.0177078,-0.0485732,999,,,,,,,3.8000000000000003,3.8000000000000003,4,4,,,,,,,,,,,,,,,,,,,"Angel Cuenca","sa3006414",681450
"Cody Adcock","CIN",0.0403,0.0574,0,6.15159,1,0,0,0,,1,4.708,1.0986,0.7231,0.68351,0.188667,0.6512,0.0272,0.0565,0.7439,6.6951,5.8608,1.14235,1.698,0.158008,0.138318,0.019689887762069702,0.274629,1.7498,0.296614,0.69107,0.386021,,6.25445,-0.0177105,-0.0416649,999,,,,,,,3.8000000000000003,3.8000000000000003,4,4,,,,,,,,,,,,,,,,,,,"Cody Adcock","sa3023175",694832
"Joan Gonzalez","SDP",0.0422,0.0555,0,5.61762,1,0,0,0,,1,4.623,1.066,0.6644,0.62418,0.161444,0.6199,0.0267,0.0539,0.6708,6.0372,5.5791,1.08211,1.453,0.145101,0.13409,0.011010169982910156,0.269928,1.6859,0.290205,0.699716,0.401018,,5.94506,-0.017769,-0.0501177,999,,,,,,,3.8000000000000003,3.8000000000000003,4,4,,,,,,,,,,,,,,,,,,,"Joan Gonzalez","sa3022860",802993
"Vince Reilly","CHC",0.0421,0.0556,0,5.5656,1,0,0,0,,1,4.645,1.1028,0.6622,0.6184,0.142222,0.6235,0.0268,0.046,0.6201,5.5809,5.6115,0.994547,1.28,0.133498,0.13423,-0.0007319748401641846,0.277399,1.7263,0.298949,0.69677,0.450117,,5.78367,-0.017826,-0.0496453,999,,,,,,,3.8000000000000003,3.8000000000000003,4,4,,,,,,,,,,,,,,,,,,,"Vince Reilly","sa3040586",805291
"Tyler Morgan","SDP",0.0421,0.0664,0.0212,5.69871,0.638,0.077,0,0,,1,4.581,1.1128,0.6737,0.63319,0.172333,0.5366,0.0162,0.0447,0.5952,5.3568,4.8294,1.10921,1.551,0.129928,0.117136,0.012791961431503296,0.278221,1.6494,0.290971,0.692903,0.403411,,5.96031,-0.0179397,-0.0501177,999,,,,,,,3.8000000000000003,3.8000000000000003,4,4,,,,,,,,,,,,,,,,,,,"Tyler Morgan","sa3022862",809499
"James Marinan","CIN",0.0384,0.071,0.018,6.27759,0.6075,0.0835,0,0,,1,4.669,1.1628,0.7379,0.69751,0.200444,0.5565,0.0156,0.0473,0.6535,5.8815,5.0085,1.1743,1.804,0.139966,0.11919,0.02077532559633255,0.286038,1.7193,0.299682,0.682154,0.397987,,6.27666,-0.0179427,-0.0416649,999,,,,,,,3.8000000000000003,3.8000000000000003,4,4,,,,,,,,,,,,,,,,,,,"James Marinan","sa3005121",675653
"Holt Jones","MIA",0.0389,0.0588,0,5.73849,1,0,0,0,,1,4.679,1.0779,0.6788,0.63761,0.152222,0.6458,0.027,0.0646,0.6798,6.1182,5.8122,1.05265,1.37,0.145287,0.138021,0.007266506552696228,0.271607,1.7237,0.295124,0.691717,0.406958,,5.91697,-0.0179896,-0.044807,999,,,,,,,3.8000000000000003,3.8000000000000003,4,4,,,,,,,,,,,,,,,,,,,"Holt Jones","sa3017368",695366
"Hunter Mann","COL",0.0375,0.0602,0,6.53742,1,0,0,0,,1,4.771,1.175,0.7688,0.72638,0.172444,0.6788,0.0276,0.0527,0.6555,5.8995,6.1092,0.965675,1.552,0.137393,0.142276,-0.004883676767349243,0.290878,1.8538,0.312171,0.672919,0.419508,,6.29176,-0.0181942,-0.0353161,999,,,,,,,3.8000000000000003,3.8000000000000003,4,4,,,,,,,,,,,,,,,,,,,"Hunter Mann","sa3023231",815065
"Eric Dominguez","ARI",0.0438,0.0657,0.0246,5.66127,0.5968,0.0858,0,0,,1,4.681,1.1094,0.6717,0.62903,0.137889,0.6448,0.0153,0.0492,0.6452,5.8068,5.8032,1.00062,1.241,0.137834,0.137748,0.00008544325828552246,0.278254,1.7542,0.303227,0.693397,0.425029,,5.75064,-0.0182001,-0.0455292,999,,,,,,,3.8000000000000003,3.8000000000000003,4,4,,,,,,,,,,,,,,,,,,,"Eric Dominguez","sa3019284",802067
"Angel Hernandez","CHC",0.0429,0.0548,0,5.36598,1,0,0,0,,1,4.721,1.0356,0.6408,0.59622,0.124222,0.7682,0.0273,0.0545,0.7149,6.4341,6.9138,0.930617,1.118,0.15143,0.16272,-0.011289983987808228,0.265654,1.8038,0.297916,0.713546,0.456692,,5.81967,-0.0182352,-0.0496453,999,,,,,,,3.8000000000000003,3.8000000000000003,4,4,,,,,,,,,,,,,,,,,,,"Angel Hernandez","sa3015363",696095
"Alex Rao","PHI",0.0417,0.056,0,5.89311,1,0,0,0,,1,4.693,1.0597,0.695,0.65479,0.166556,0.6982,0.0271,0.0512,0.7109,6.3981,6.2838,1.01819,1.499,0.151481,0.148775,0.002706170082092285,0.268714,1.7579,0.291292,0.697111,0.390155,,6.1581,-0.0182536,-0.0459835,999,,,,,,,3.8000000000000003,3.8000000000000003,4,4,,,,,,,,,,,,,,,,,,,"Alex Rao","sa3020595",702102
"Sergio Sanchez","COL",0.0377,0.06,0,6.48234,1,0,0,0,,1,4.764,1.1471,0.7615,0.72026,0.175556,0.6847,0.0275,0.06,0.6917,6.2253,6.1623,1.01022,1.58,0.145193,0.143724,0.001469343900680542,0.285398,1.8318,0.308227,0.674833,0.402854,,6.2994,-0.0182752,-0.0353161,999,,,,,,,3.8000000000000003,3.8000000000000003,4,4,,,,,,,,,,,,,,,,,,,"Sergio Sanchez","sa3009735",683928
"Merrick Baldo","WSN",0.0398,0.0579,0,5.75505,1,0,0,0,,1,4.662,1.0783,0.6806,0.63945,0.157556,0.6595,0.0269,0.0442,0.6377,5.7393,5.9355,0.966945,1.418,0.136787,0.141463,-0.004676103591918945,0.272415,1.7378,0.291094,0.6968,0.404515,,6.0504,-0.0182945,-0.0469094,999,,,,,,,3.8000000000000003,3.8000000000000003,4,4,,,,,,,,,,,,,,,,,,,"Merrick Baldo","sa3022957",813707
"Peyton Stumbo","PIT",0.0387,0.0665,0.0133,5.98428,0.7477,0.0537,0,0,,1,4.681,1.1387,0.7058,0.66492,0.158889,0.604,0.0198,0.0481,0.6016,5.4144,5.436,0.996027,1.43,0.12852,0.129032,-0.0005127042531967163,0.282633,1.7427,0.299782,0.682056,0.395545,,5.98514,-0.0183367,-0.0445256,999,,,,,,,3.8000000000000003,3.8000000000000003,4,4,,,,,,,,,,,,,,,,,,,"Peyton Stumbo","sa3023009",814482
"Jesus Broca","MIL",0.0413,0.0564,0,5.66487,1,0,0,0,,1,4.721,1.0684,0.6712,0.62943,0.15,0.716,0.0273,0.047,0.7048,6.3432,6.444,0.984358,1.35,0.14929,0.151663,-0.0023723840713500977,0.269934,1.7844,0.295953,0.707063,0.409861,,5.99588,-0.0184542,-0.0470692,999,,,,,,,3.8000000000000003,3.8000000000000003,4,4,,,,,,,,,,,,,,,,,,,"Jesus Broca","sa3022905",695871
"Jake Schrand","MIA",0.0376,0.0647,0.0081,5.9238,0.845,0.033,0,0,,1,4.64,1.133,0.6978,0.6582,0.170778,0.5596,0.0224,0.0454,0.6195,5.5755,5.0364,1.10704,1.537,0.133513,0.120603,0.012909479439258575,0.280793,1.6926,0.29655,0.684412,0.382844,,5.96259,-0.0184864,-0.0447974,999,,,,,,,3.8000000000000003,3.8000000000000003,4,4,,,,,,,,,,,,,,,,,,,"Jake Schrand","sa3016938",680801
"Reibyn Corona","ATL",0.0438,0.054,0,5.74695,1,0,0,0,,1,4.666,1.1064,0.68,0.63855,0.152778,0.6178,0.027,0.0543,0.673,6.057,5.5602,1.08935,1.375,0.144235,0.132405,0.011830270290374756,0.277022,1.7242,0.301006,0.691381,0.415883,,5.82289,-0.0184914,-0.0462085,999,,,,,,,3.8000000000000003,3.8000000000000003,4,4,,,,,,,,,,,,,,,,,,,"Reibyn Corona","sa3009521",685473
"Jose Romero","CHC",0.0422,0.0555,0,5.55813,1,0,0,0,,1,4.701,1.0309,0.6602,0.61757,0.138111,0.7288,0.0272,0.0671,0.7492,6.7428,6.5592,1.02799,1.243,0.15937,0.155031,0.004339501261711121,0.263988,1.7597,0.295842,0.701953,0.431089,,5.85122,-0.0185936,-0.0496453,999,,,,,,,3.8000000000000003,3.8000000000000003,4,4,,,,,,,,,,,,,,,,,,,"Jose Romero","sa3015483",696098
"Xavier Ruiz","SDP",0.0419,0.0558,0,5.65875,1,0,0,0,,1,4.666,1.0845,0.6722,0.62875,0.149222,0.6691,0.027,0.0478,0.6127,5.5143,6.0219,0.915708,1.343,0.131312,0.143399,-0.012087449431419373,0.27462,1.7536,0.29345,0.700076,0.441527,,6.03167,-0.0187275,-0.0501082,999,,,,,,,3.8000000000000003,3.8000000000000003,4,4,,,,,,,,,,,,,,,,,,,"Xavier Ruiz","sa3019717",800226
"Josh Bortka","PHI",0.0416,0.0562,0,5.90904,1,0,0,0,,1,4.721,1.0609,0.6982,0.65656,0.159556,0.7147,0.0273,0.0707,0.6957,6.2613,6.4323,0.973415,1.436,0.147363,0.151387,-0.00402456521987915,0.269565,1.7756,0.292612,0.694102,0.410161,,6.2055,-0.0187582,-0.045974,999,,,,,,,3.8000000000000003,3.8000000000000003,4,4,,,,,,,,,,,,,,,,,,,"Josh Bortka","sa3020596",800857
"Augusto Calderon","PHI",0.0412,0.0597,0.0056,5.94009,0.8887,0.0237,0,0,,1,4.682,1.1046,0.7021,0.66001,0.166111,0.6394,0.0238,0.0623,0.6101,5.4909,5.7546,0.954176,1.495,0.130308,0.136566,-0.0062580108642578125,0.277517,1.744,0.292903,0.689341,0.418173,,6.21082,-0.018826,-0.0459835,999,,,,,,,3.8000000000000003,3.8000000000000003,4,4,,,,,,,,,,,,,,,,,,,"Augusto Calderon","sa3006406",680601
"Gregori Louis","NYM",0.0442,0.0536,0,5.45274,1,0,0,0,,1,4.69,1.036,0.6468,0.60586,0.147111,0.6993,0.0271,0.0505,0.7168,6.4512,6.2937,1.02503,1.324,0.152836,0.149104,0.003731340169906616,0.262931,1.7353,0.288948,0.711743,0.396582,,5.89472,-0.018834,-0.0514933,999,,,,,,,3.8000000000000003,3.8000000000000003,4,4,,,,,,,,,,,,,,,,,,,"Gregori Louis","sa3019699",805774
"Anyer Laureano","CIN",0.0401,0.0576,0,6.1767,1,0,0,0,,1,4.81,1.0702,0.7296,0.6863,0.165222,0.8106,0.0278,0.051,0.768,6.912,7.2954,0.947446,1.487,0.159667,0.168524,-0.008856549859046936,0.271046,1.8808,0.300141,0.697913,0.429258,,6.36317,-0.0188666,-0.041684,999,,,,,,,3.8000000000000003,3.8000000000000003,4,4,,,,,,,,,,,,,,,,,,,"Anyer Laureano","sa3019123",703242
"Noah Ruen","LAD",0.0431,0.0547,0,5.90382,1,0,0,0,,1,4.697,1.1339,0.6999,0.65598,0.16,0.6358,0.0271,0.0554,0.5912,5.3208,5.7222,0.929852,1.44,0.125868,0.135363,-0.00949542224407196,0.283065,1.7697,0.299238,0.692114,0.448345,,6.13768,-0.0188966,-0.04857,999,,,,,,,3.8000000000000003,3.8000000000000003,4,4,,,,,,,,,,,,,,,,,,,"Noah Ruen","sa3022913",815125
"Bubba Hall","WSN",0.0397,0.058,0,5.81067,1,0,0,0,,1,4.606,1.0956,0.6837,0.64563,0.178667,0.5651,0.0266,0.045,0.6057,5.4513,5.0859,1.07185,1.608,0.131502,0.122688,0.008814588189125061,0.274181,1.6607,0.285513,0.692629,0.360573,,6.10805,-0.0189412,-0.0469189,999,,,,,,,3.8000000000000003,3.8000000000000003,4,4,,,,,,,,,,,,,,,,,,,"Bubba Hall","sa3020403",801540
"Grayson Moore","CHC",0.0417,0.056,0,5.70195,1,0,0,0,,1,4.673,1.0628,0.6743,0.63355,0.153111,0.6754,0.027,0.0482,0.7221,6.4989,6.0786,1.06914,1.378,0.154526,0.144532,0.009993582963943481,0.269104,1.7382,0.295912,0.698168,0.400997,,5.88352,-0.0189603,-0.0496453,999,,,,,,,3.8000000000000003,3.8000000000000003,4,4,,,,,,,,,,,,,,,,,,,"Grayson Moore","sa3023275",694383
"Gavin Hollowell","CHC",0.2916,0.2954,0,4.25047,6,0,0,0.6254,,6,25.896,5.5574,3.0381,2.83365,0.806667,2.5512,0.1486,0.3283,5.8394,8.7591,3.8268,2.28888,1.21,0.225494,0.0985171,0.12697713822126389,0.241453,1.35143,0.290202,0.726509,0.384961,,4.40754,-0.0189621,0.00676628,999,,,,,,,23.500000000000007,3.916666666666668,24,4,9.46,6.49,4.95,3.93,3.16,2.55,2.02,1.54,1.06,5.37,5.06,4.85,4.67,4.52,4.36,4.21,4.03,3.8,"Gavin Hollowell","25427",668970
"Inmer Lobo","PIT",0.0399,0.0578,0,5.86008,1,0,0,0,,1,4.733,1.0966,0.6913,0.65112,0.149222,0.6977,0.0273,0.0469,0.646,5.814,6.2793,0.925899,1.343,0.136488,0.147412,-0.010923296213150024,0.274947,1.7943,0.296688,0.695728,0.377093,,6.04817,-0.0190356,-0.0445256,999,,,,,,,3.8000000000000003,3.8000000000000003,4,4,,,,,,,,,,,,,,,,,,,"Inmer Lobo","sa3019151",800308
"Austin Becker","COL",0.0371,0.0605,0,6.64947,1,0,0,0,,1,4.776,1.2007,0.7814,0.73883,0.177,0.6658,0.0276,0.0456,0.6133,5.5197,5.9922,0.921148,1.593,0.128413,0.139405,-0.010992452502250671,0.295404,1.8665,0.312647,0.670353,0.419514,,6.37508,-0.0190772,-0.0353161,999,,,,,,,3.8000000000000003,3.8000000000000003,4,4,,,,,,,,,,,,,,,,,,,"Austin Becker","sa3020465",678014
"Anfernny Reyes","MIL",0.0414,0.0564,0,5.63319,1,0,0,0,,1,4.766,1.0546,0.6699,0.62591,0.137444,0.782,0.0275,0.0553,0.7037,6.3333,7.038,0.899872,1.237,0.14765,0.164079,-0.0164288729429245,0.268435,1.8366,0.297049,0.709595,0.439603,,6.05776,-0.0191358,-0.0470692,999,,,,,,,3.8000000000000003,3.8000000000000003,4,4,,,,,,,,,,,,,,,,,,,"Anfernny Reyes","sa3018807",703102
"Franck De La Rosa","PIT",0.0384,0.0688,0.0168,6.0183,0.6825,0.0675,0,0,,1,4.724,1.1095,0.7101,0.6687,0.153778,0.6769,0.018,0.0519,0.6458,5.8122,6.0921,0.954055,1.384,0.136706,0.14329,-0.006583422422409058,0.277708,1.7864,0.299072,0.685057,0.398545,,6.06039,-0.0191711,-0.0445256,999,,,,,,,3.8000000000000003,3.8000000000000003,4,4,,,,,,,,,,,,,,,,,,,"Franck De La Rosa","sa3015964",692651
"Roque Gutierrez","LAD",0.0429,0.0658,0.0186,6.03549,0.6248,0.0798,0,0,,1,4.608,1.1362,0.7085,0.67061,0.199333,0.5128,0.0159,0.0514,0.6408,5.7672,4.6152,1.24961,1.794,0.139063,0.111285,0.027777783572673798,0.280973,1.649,0.292436,0.68653,0.364746,,6.16881,-0.0192469,-0.0485795,999,,,,,,,3.8000000000000003,3.8000000000000003,4,4,,,,,,,,,,,,,,,,,,,"Roque Gutierrez","sa3015440",692262
"Zack Qin","SDP",0.0426,0.0654,0.022,5.65812,0.6496,0.0746,0,0,,1,4.683,1.0739,0.6711,0.62868,0.152444,0.6927,0.017,0.0448,0.6385,5.7465,6.2343,0.921755,1.372,0.136344,0.147918,-0.01157379150390625,0.272183,1.7666,0.292103,0.705328,0.417281,,6.08376,-0.0193093,-0.0501082,999,,,,,,,3.8000000000000003,3.8000000000000003,4,4,,,,,,,,,,,,,,,,,,,"Zack Qin","sa3021986",805243
"Yovanny Cabrera","CHC",0.0417,0.056,0,5.67927,1,0,0,0,,1,4.69,1.0691,0.6736,0.63103,0.145556,0.6867,0.0271,0.0573,0.6873,6.1857,6.1803,1.00087,1.31,0.146546,0.146418,0.00012794137001037598,0.270933,1.7558,0.29666,0.697284,0.427068,,5.9161,-0.01933,-0.0496453,999,,,,,,,3.8000000000000003,3.8000000000000003,4,4,,,,,,,,,,,,,,,,,,,"Yovanny Cabrera","sa3009640",687672
"Kleyderve Andrade","PHI",0.0418,0.0559,0,5.85252,1,0,0,0,,1,4.742,1.0596,0.6916,0.65028,0.157222,0.7543,0.0274,0.0504,0.6817,6.1353,6.7887,0.903752,1.415,0.143758,0.159068,-0.01530998945236206,0.269118,1.8139,0.291242,0.704171,0.396164,,6.26107,-0.0193611,-0.045974,999,,,,,,,3.8000000000000003,3.8000000000000003,4,4,,,,,,,,,,,,,,,,,,,"Kleyderve Andrade","sa3019745",804694
"Yovannki Pascual","SDP",0.0426,0.0673,0.026,5.66775,0.5852,0.0882,0,0,,1,4.669,1.0923,0.6726,0.62975,0.153889,0.6591,0.0151,0.0462,0.597,5.373,5.9319,0.905781,1.385,0.127865,0.141165,-0.013300493359565735,0.275576,1.7514,0.292084,0.702364,0.422657,,6.08894,-0.0193771,-0.0501177,999,,,,,,,3.8000000000000003,3.8000000000000003,4,4,,,,,,,,,,,,,,,,,,,"Yovannki Pascual","sa3022006",808001
"Rob Hensey","CIN",0.0384,0.0728,0.0215,6.29352,0.549,0.096,0,0,,1,4.749,1.1485,0.7411,0.69928,0.185889,0.6606,0.0142,0.0474,0.6457,5.8113,5.9454,0.977445,1.673,0.135965,0.139103,-0.0031374990940093994,0.284212,1.8091,0.299934,0.689541,0.402952,,6.41564,-0.0194042,-0.0416745,999,,,,,,,3.8000000000000003,3.8000000000000003,4,4,,,,,,,,,,,,,,,,,,,"Rob Hensey","sa3020332",802996
"Irving Cota","NYM",0.0439,0.0592,0.011,5.6709,0.8194,0.0384,0,0,,1,4.649,1.0908,0.6716,0.6301,0.160333,0.6066,0.0217,0.0491,0.6346,5.7114,5.4594,1.04616,1.443,0.136502,0.13048,0.006022796034812927,0.273158,1.6974,0.290919,0.696433,0.410517,,5.94871,-0.0194268,-0.0514838,999,,,,,,,3.8000000000000003,3.8000000000000003,4,4,,,,,,,,,,,,,,,,,,,"Irving Cota","sa3022108",806522
"Sam Thoresen","CHC",0.0417,0.0561,0,5.706,1,0,0,0,,1,4.71,1.034,0.675,0.634,0.147889,0.7388,0.0272,0.0542,0.7693,6.9237,6.6492,1.04128,1.331,0.163333,0.156858,0.006475582718849182,0.263978,1.7728,0.295389,0.701131,0.402013,,5.92944,-0.0194812,-0.0496453,999,,,,,,,3.8000000000000003,3.8000000000000003,4,4,,,,,,,,,,,,,,,,,,,"Sam Thoresen","sa3014920",679645
"Riskiel Tineo","MIA",0.038,0.0597,0,5.96043,1,0,0,0,,1,4.706,1.1529,0.7061,0.66227,0.151444,0.6324,0.0272,0.0443,0.5548,4.9932,5.6916,0.877293,1.363,0.117892,0.134382,-0.016489587724208832,0.286129,1.7853,0.301366,0.685956,0.43867,,6.05576,-0.0195301,-0.044807,999,,,,,,,3.8000000000000003,3.8000000000000003,4,4,,,,,,,,,,,,,,,,,,,"Riskiel Tineo","sa3018375",805144
"Jeral Vizcaino","CHC",0.0414,0.0635,0.0139,5.75028,0.7576,0.0516,0,0,,1,4.649,1.1193,0.682,0.63892,0.154444,0.5988,0.0199,0.0514,0.5917,5.3253,5.3892,0.988143,1.39,0.127275,0.128802,-0.0015272051095962524,0.279909,1.7181,0.296636,0.68987,0.433088,,5.94146,-0.0196175,-0.0496453,999,,,,,,,3.8000000000000003,3.8000000000000003,4,4,,,,,,,,,,,,,,,,,,,"Jeral Vizcaino","sa3018866",800498
"Shane Telfer","ARI",0.0426,0.0552,0,5.75091,1,0,0,0,,1,4.715,1.096,0.6802,0.63899,0.141111,0.6864,0.0272,0.0492,0.6651,5.9859,6.1776,0.968969,1.27,0.14106,0.145578,-0.004517495632171631,0.275418,1.7824,0.300924,0.695463,0.399356,,5.87752,-0.0196551,-0.0455292,999,,,,,,,3.8000000000000003,3.8000000000000003,4,4,,,,,,,,,,,,,,,,,,,"Shane Telfer","sa3022736",801841
"Samuel Mejia","ATL",0.0434,0.0543,0,5.8563,1,0,0,0,,1,4.666,1.1062,0.6905,0.6507,0.163333,0.61,0.027,0.0537,0.6774,6.0966,5.49,1.11049,1.47,0.145178,0.130733,0.014444917440414429,0.276391,1.7162,0.298228,0.689531,0.388343,,5.92611,-0.0196614,-0.0462085,999,,,,,,,3.8000000000000003,3.8000000000000003,4,4,,,,,,,,,,,,,,,,,,,"Samuel Mejia","sa3016475",692410
"Livan Reinoso","LAD",0.043,0.0548,0,5.92119,1,0,0,0,,1,4.744,1.0987,0.7021,0.65791,0.153556,0.7107,0.0274,0.0683,0.6436,5.7924,6.3963,0.905586,1.382,0.135666,0.14981,-0.014144182205200195,0.2771,1.8094,0.298356,0.694484,0.450338,,6.2125,-0.0197142,-0.04857,999,,,,,,,3.8000000000000003,3.8000000000000003,4,4,,,,,,,,,,,,,,,,,,,"Livan Reinoso","sa3020331",802984
"Greiber Mendez","PIT",0.0391,0.0586,0,6.057,1,0,0,0,,1,4.764,1.1269,0.7161,0.673,0.144444,0.7059,0.0275,0.0574,0.6102,5.4918,6.3531,0.864428,1.3,0.128086,0.148174,-0.020088165998458862,0.281676,1.8328,0.302661,0.684849,0.423213,,6.11376,-0.0197621,-0.0445256,999,,,,,,,3.8000000000000003,3.8000000000000003,4,4,,,,,,,,,,,,,,,,,,,"Greiber Mendez","sa3018041",700356
"Chance Huff","WSN",0.0393,0.0584,0,5.88843,1,0,0,0,,1,4.666,1.1114,0.6958,0.65427,0.164333,0.63,0.027,0.0436,0.5678,5.1102,5.67,0.90127,1.479,0.121689,0.135019,-0.013330474495887756,0.278379,1.7414,0.290487,0.691839,0.404523,,6.18801,-0.0198135,-0.0469094,999,,,,,,,3.8000000000000003,3.8000000000000003,4,4,,,,,,,,,,,,,,,,,,,"Chance Huff","sa3020317",680770
"Sadrac Franco","SFG",0.0409,0.0662,0.0199,5.61618,0.6834,0.0674,0,0,,1,4.647,1.1031,0.6665,0.62402,0.147778,0.5832,0.0178,0.0514,0.6392,5.7528,5.2488,1.09602,1.33,0.137551,0.1255,0.012050792574882507,0.274923,1.6863,0.296185,0.689328,0.424536,,5.71299,-0.0198898,-0.0506581,999,,,,,,,3.8000000000000003,3.8000000000000003,4,4,,,,,,,,,,,,,,,,,,,"Sadrac Franco","sa3005073",677614
"Saul Teran","PHI",0.0411,0.0566,0,6.02523,1,0,0,0,,1,4.719,1.0855,0.711,0.66947,0.167,0.7045,0.0273,0.0523,0.6463,5.8167,6.3405,0.917388,1.503,0.136957,0.14929,-0.012333124876022339,0.273964,1.79,0.291689,0.693356,0.404153,,6.31528,-0.0199487,-0.045974,999,,,,,,,3.8000000000000003,3.8000000000000003,4,4,,,,,,,,,,,,,,,,,,,"Saul Teran","sa3018296",699703
"Marques Johnson","SFG",0.0412,0.0588,0.0048,5.51421,0.925,0.016,0,0,,1,4.707,1.0575,0.6568,0.61269,0.131,0.7067,0.025,0.0463,0.7023,6.3207,6.3603,0.993774,1.179,0.149203,0.150138,-0.0009347796440124512,0.267451,1.7642,0.296889,0.700531,0.447233,,5.72388,-0.0200452,-0.0506864,999,,,,,,,3.8000000000000003,3.8000000000000003,4,4,,,,,,,,,,,,,,,,,,,"Marques Johnson","sa3020741",688730
"Dionys Rodriguez","STL",0.0418,0.0559,0,5.65731,1,0,0,0,,1,4.596,1.064,0.6653,0.62859,0.177222,0.5608,0.0265,0.0549,0.6485,5.8365,5.0472,1.15638,1.595,0.141101,0.122019,0.01908181607723236,0.267317,1.6248,0.281108,0.696962,0.337638,,6.02047,-0.0201477,-0.0485732,999,,,,,,,3.8000000000000003,3.8000000000000003,4,4,,,,,,,,,,,,,,,,,,,"Dionys Rodriguez","sa3005877",681051
"Bobby Ay","ARI",0.0418,0.0559,0,5.93667,1,0,0,0,,1,4.746,1.0992,0.7021,0.65963,0.139556,0.7122,0.0274,0.061,0.689,6.201,6.4098,0.967425,1.256,0.145175,0.150063,-0.004888325929641724,0.276681,1.8114,0.305207,0.686439,0.42145,,5.9223,-0.0201678,-0.0455292,999,,,,,,,3.8000000000000003,3.8000000000000003,4,4,,,,,,,,,,,,,,,,,,,"Bobby Ay","sa3011535",687525
"Albert Rivas","ATL",0.0431,0.0547,0,5.93325,1,0,0,0,,1,4.684,1.1306,0.7003,0.65925,0.161333,0.6107,0.0271,0.0516,0.6398,5.7582,5.4963,1.04765,1.452,0.136593,0.13038,0.006212636828422546,0.281125,1.7413,0.300962,0.686932,0.403917,,5.97111,-0.0201708,-0.0462085,999,,,,,,,3.8000000000000003,3.8000000000000003,4,4,,,,,,,,,,,,,,,,,,,"Albert Rivas","sa3018286",691309
"Yerry Landinez","SDP",0.0411,0.0614,0.0085,5.86224,0.84,0.034,0,0,,1,4.662,1.0742,0.691,0.65136,0.171333,0.6464,0.0223,0.0541,0.6654,5.9886,5.8176,1.02939,1.542,0.142728,0.138653,0.004075527191162109,0.27116,1.7206,0.288939,0.695331,0.382589,,6.16451,-0.0202102,-0.0501082,999,,,,,,,3.8000000000000003,3.8000000000000003,4,4,,,,,,,,,,,,,,,,,,,"Yerry Landinez","sa3007036",678219
"Caswell Smith","ARI",0.0418,0.056,0,5.95062,1,0,0,0,,1,4.748,1.1044,0.704,0.66118,0.139444,0.7235,0.0274,0.0482,0.6779,6.1011,6.5115,0.936973,1.255,0.142776,0.15238,-0.009604036808013916,0.277746,1.8279,0.305467,0.688378,0.424447,,5.93856,-0.0203538,-0.0455292,999,,,,,,,3.8000000000000003,3.8000000000000003,4,4,,,,,,,,,,,,,,,,,,,"Caswell Smith","sa3020955",689110
"Cristofer Gomez","NYM",0.043,0.0548,0,5.73579,1,0,0,0,,1,4.73,1.0611,0.6799,0.63731,0.148444,0.7287,0.0273,0.0478,0.6965,6.2685,6.5583,0.955812,1.336,0.147252,0.154059,-0.006807595491409302,0.268395,1.7898,0.293595,0.70159,0.420486,,6.03276,-0.020374,-0.0514933,999,,,,,,,3.8000000000000003,3.8000000000000003,4,4,,,,,,,,,,,,,,,,,,,"Cristofer Gomez","sa3019567",805684
"Samuel Vasquez","WSN",0.0392,0.0585,0,5.91255,1,0,0,0,,1,4.715,1.0803,0.699,0.65695,0.157111,0.7115,0.0272,0.0476,0.6227,5.6043,6.4035,0.875193,1.414,0.132068,0.150901,-0.018833518028259277,0.273086,1.7918,0.290668,0.695234,0.407916,,6.24082,-0.0203955,-0.0469094,999,,,,,,,3.8000000000000003,3.8000000000000003,4,4,,,,,,,,,,,,,,,,,,,"Samuel Vasquez","sa3005849",679029
"Anthony Garcia","ATL",0.0433,0.0626,0.0152,5.97195,0.7205,0.0595,0,0,,1,4.714,1.1524,0.7079,0.66355,0.149889,0.6376,0.0192,0.0515,0.5918,5.3262,5.7384,0.928168,1.349,0.125541,0.135257,-0.009715750813484192,0.286318,1.79,0.305345,0.684806,0.447789,,5.99874,-0.0204833,-0.0462085,999,,,,,,,3.8000000000000003,3.8000000000000003,4,4,,,,,,,,,,,,,,,,,,,"Anthony Garcia","sa3019661",805817
"Jonney Rosario","SDP",0.0412,0.0566,0,5.8779,1,0,0,0,,1,4.699,1.0745,0.6944,0.6531,0.162111,0.7001,0.0271,0.0478,0.6556,5.9004,6.3009,0.936438,1.459,0.139519,0.148989,-0.009470105171203613,0.27195,1.7746,0.291183,0.697964,0.402426,,6.20642,-0.0206773,-0.0501082,999,,,,,,,3.8000000000000003,3.8000000000000003,4,4,,,,,,,,,,,,,,,,,,,"Jonney Rosario","sa3016616",700326
"Timmy Manning","SFG",0.0413,0.0565,0,5.48712,1,0,0,0,,1,4.724,1.0774,0.6536,0.60968,0.129333,0.701,0.0273,0.0475,0.6568,5.9112,6.309,0.936947,1.164,0.139035,0.148391,-0.009356468915939331,0.27101,1.7784,0.297259,0.704174,0.438188,,5.77971,-0.0206882,-0.0506864,999,,,,,,,3.8000000000000003,3.8000000000000003,4,4,,,,,,,,,,,,,,,,,,,"Timmy Manning","sa3023173",690995
"Scott McGough","ARI",1.0923,1.0607,0,4.23526,22,0,0,0.6244,,22,95.486,21.2972,11.1713,10.3529,2.64489,9.4843,0.5503,0.8304,20.718,8.47555,3.87994,2.18445,1.082,0.216974,0.0993266,0.11764761805534363,0.250051,1.39916,0.301776,0.724194,0.433039,,4.25246,-0.0206949,0.0733026,999,,,,,,,87.30000000000001,3.9681818181818187,87,3.9545454545454546,7.74,6.17,5.24,4.56,4,3.52,3.06,2.6,2.07,5.31,5.03,4.84,4.68,4.54,4.4,4.25,4.09,3.87,"Scott McGough","12056",543518
"Mauricio Estrella","SFG",0.0406,0.0683,0.0231,5.66397,0.6248,0.0798,0,0,,1,4.629,1.1334,0.6723,0.62933,0.152667,0.5349,0.016,0.0516,0.5638,5.0742,4.8141,1.05403,1.374,0.121797,0.115554,0.0062432438135147095,0.280371,1.6683,0.294866,0.68474,0.429595,,5.78305,-0.0206966,-0.0506581,999,,,,,,,3.8000000000000003,3.8000000000000003,4,4,,,,,,,,,,,,,,,,,,,"Mauricio Estrella","sa3018857",800442
"Elvin Rodriguez","MIL",1.2046,1.2415,0,4.24674,25,0,0,0.5961,,25,106.383,23.9966,12.6143,11.7965,3.88889,8.0536,0.8251,0.9986,23.1756,8.34322,2.8993,2.87767,1.4,0.217851,0.0757038,0.1421467736363411,0.246547,1.28201,0.286164,0.730515,0.373312,,4.42092,-0.020759,0.00792786,999,,,,,,,96.4,3.8560000000000003,96,3.84,7.55,6.09,5.21,4.56,4.03,3.55,3.11,2.66,2.15,5.35,5.04,4.83,4.66,4.5,4.35,4.19,4.02,3.79,"Elvin Rodriguez","20962",660730
"Brayan Palencia","SFG",0.0405,0.0623,0.0103,5.66424,0.8277,0.0367,0,0,,1,4.623,1.1324,0.6713,0.62936,0.156111,0.5303,0.0218,0.0462,0.5684,5.1156,4.7727,1.07185,1.405,0.12295,0.114709,0.008241400122642517,0.279847,1.6627,0.293887,0.686496,0.41489,,5.78862,-0.0207608,-0.0506581,999,,,,,,,3.8000000000000003,3.8000000000000003,4,4,,,,,,,,,,,,,,,,,,,"Brayan Palencia","sa3016011",696037
"Braian Salazar","SDP",0.0416,0.0675,0.0229,5.79699,0.6116,0.0826,0,0,,1,4.721,1.058,0.6855,0.64411,0.157222,0.7296,0.016,0.0575,0.6774,6.0966,6.5664,0.928454,1.415,0.143487,0.154544,-0.011056974530220032,0.268944,1.7876,0.290641,0.703099,0.399066,,6.21687,-0.0207837,-0.0500988,999,,,,,,,3.8000000000000003,3.8000000000000003,4,4,,,,,,,,,,,,,,,,,,,"Braian Salazar","sa3019741",800317
"Lisandro Almonte","CHC",0.0411,0.0567,0,5.85639,1,0,0,0,,1,4.721,1.0719,0.6923,0.65071,0.152556,0.7051,0.0273,0.0617,0.7027,6.3243,6.3459,0.996596,1.373,0.148846,0.149354,-0.0005083680152893066,0.271079,1.777,0.296664,0.693798,0.407016,,6.0447,-0.0207871,-0.0496453,999,,,,,,,3.8000000000000003,3.8000000000000003,4,4,,,,,,,,,,,,,,,,,,,"Lisandro Almonte","sa3015497",699226
"Chase Hopewell","PHI",0.0407,0.057,0,6.13602,1,0,0,0,,1,4.739,1.1118,0.7245,0.68178,0.166,0.7131,0.0274,0.0452,0.6022,5.4198,6.4179,0.844482,1.494,0.127073,0.150475,-0.023401573300361633,0.279298,1.8249,0.294412,0.690989,0.417182,,6.39498,-0.0208116,-0.045974,999,,,,,,,3.8000000000000003,3.8000000000000003,4,4,,,,,,,,,,,,,,,,,,,"Chase Hopewell","sa3023252",803045
"Luis Avila","PHI",0.0408,0.0569,0,6.1155,1,0,0,0,,1,4.744,1.0888,0.7213,0.6795,0.167444,0.7277,0.0274,0.0523,0.6432,5.7888,6.5493,0.883881,1.507,0.135582,0.153394,-0.01781196892261505,0.274672,1.8165,0.292183,0.692254,0.403564,,6.39686,-0.0208319,-0.045974,999,,,,,,,3.8000000000000003,3.8000000000000003,4,4,,,,,,,,,,,,,,,,,,,"Luis Avila","sa3021805",809701
"Dailoui Abad","LAD",0.0424,0.0554,0,6.1101,1,0,0,0,,1,4.737,1.1144,0.721,0.6789,0.170556,0.6923,0.0274,0.0502,0.6458,5.8122,6.2307,0.932833,1.535,0.136331,0.146147,-0.009816348552703857,0.278984,1.8067,0.29698,0.692445,0.41414,,6.3196,-0.0208826,-0.04857,999,,,,,,,3.8000000000000003,3.8000000000000003,4,4,,,,,,,,,,,,,,,,,,,"Dailoui Abad","sa3016027",699060
"Zac Addkison","SDP",0.0407,0.0651,0.0153,5.95701,0.7271,0.0581,0,0,,1,4.687,1.0949,0.7032,0.66189,0.167889,0.6673,0.0192,0.047,0.6312,5.6808,6.0057,0.945901,1.511,0.13467,0.142373,-0.007702142000198364,0.275606,1.7622,0.2921,0.693446,0.402411,,6.22954,-0.0209348,-0.0501082,999,,,,,,,3.8000000000000003,3.8000000000000003,4,4,,,,,,,,,,,,,,,,,,,"Zac Addkison","sa3023284",814700
"Javier Chacon","SDP",0.0417,0.0675,0.0222,5.76279,0.6108,0.0828,0,0,,1,4.693,1.047,0.6805,0.64031,0.164444,0.709,0.0158,0.0529,0.6799,6.1191,6.381,0.958956,1.48,0.144875,0.151076,-0.006200730800628662,0.266338,1.756,0.285917,0.704886,0.379247,,6.23016,-0.0209417,-0.0501082,999,,,,,,,3.8000000000000003,3.8000000000000003,4,4,,,,,,,,,,,,,,,,,,,"Javier Chacon","sa3015312",700274
"Stiven Cruz","MIL",0.0388,0.0718,0.0215,6.01821,0.5663,0.0923,0,0,,1,4.615,1.1173,0.7062,0.66869,0.199333,0.5255,0.0142,0.0528,0.6304,5.6736,4.7295,1.19962,1.794,0.136598,0.113868,0.022730223834514618,0.276786,1.6428,0.286241,0.686791,0.350137,,6.23191,-0.0210506,-0.0470692,999,,,,,,,3.8000000000000003,3.8000000000000003,4,4,,,,,,,,,,,,,,,,,,,"Stiven Cruz","sa3015938",691602
"Ben Miller","SDP",0.0415,0.0562,0,5.76288,1,0,0,0,,1,4.717,1.1017,0.6835,0.64032,0.150556,0.695,0.0272,0.0531,0.5633,5.0697,6.255,0.810504,1.355,0.119419,0.147339,-0.027920275926589966,0.277583,1.7967,0.292206,0.701926,0.424646,,6.2414,-0.0210569,-0.0500988,999,,,,,,,3.8000000000000003,3.8000000000000003,4,4,,,,,,,,,,,,,,,,,,,"Ben Miller","sa3017208",702207
"Kleiber Olmedo","SDP",0.0406,0.0673,0.019,5.9472,0.6562,0.0732,0,0,,1,4.688,1.1035,0.7032,0.6608,0.164889,0.6642,0.0172,0.0477,0.6023,5.4207,5.9778,0.906805,1.484,0.128477,0.141681,-0.013203933835029602,0.277533,1.7677,0.292501,0.692648,0.417288,,6.24114,-0.0210639,-0.0501082,999,,,,,,,3.8000000000000003,3.8000000000000003,4,4,,,,,,,,,,,,,,,,,,,"Kleiber Olmedo","sa3022420",811598
"Brady Hill","COL",0.0365,0.0611,0,6.8283,1,0,0,0,,1,4.794,1.2082,0.8004,0.7587,0.187667,0.6685,0.0277,0.0475,0.5937,5.3433,6.0165,0.888108,1.689,0.123842,0.139445,-0.015602841973304749,0.296273,1.8767,0.309568,0.666866,0.400232,,6.56675,-0.0211038,-0.0353161,999,,,,,,,3.8000000000000003,3.8000000000000003,4,4,,,,,,,,,,,,,,,,,,,"Brady Hill","sa3020559",687984
"Reynaldo Yean","LAD",0.0425,0.0552,0,6.084,1,0,0,0,,1,4.789,1.0332,0.7164,0.676,0.167111,0.8169,0.0277,0.0536,0.8052,7.2468,7.3521,0.985678,1.504,0.168135,0.170578,-0.0024431049823760986,0.263672,1.8501,0.293969,0.701484,0.383578,,6.34002,-0.0211052,-0.04857,999,,,,,,,3.8000000000000003,3.8000000000000003,4,4,,,,,,,,,,,,,,,,,,,"Reynaldo Yean","sa3018303",702905
"Jorge Garcia","SFG",0.0404,0.0612,0.0078,5.70744,0.8705,0.0275,0,0,,1,4.682,1.1075,0.6769,0.63416,0.147,0.616,0.0233,0.0509,0.6273,5.6457,5.544,1.01834,1.323,0.133981,0.131568,0.0024134963750839233,0.275834,1.7235,0.296377,0.689596,0.42457,,5.82358,-0.0211829,-0.050677,999,,,,,,,3.8000000000000003,3.8000000000000003,4,4,,,,,,,,,,,,,,,,,,,"Jorge Garcia","sa3009229",683517
"Alexis Liebano","ARI",0.0416,0.0561,0,5.98779,1,0,0,0,,1,4.748,1.1016,0.7076,0.66531,0.144111,0.7214,0.0274,0.0489,0.6679,6.0111,6.4926,0.925839,1.297,0.14067,0.151938,-0.011267900466918945,0.276944,1.823,0.302458,0.68799,0.413407,,6.01502,-0.0212282,-0.0455292,999,,,,,,,3.8000000000000003,3.8000000000000003,4,4,,,,,,,,,,,,,,,,,,,"Alexis Liebano","sa3019885",806536
"Marco Corcho","LAD",0.0423,0.0555,0,6.12072,1,0,0,0,,1,4.773,1.1051,0.7235,0.68008,0.161667,0.7463,0.0276,0.0525,0.6561,5.9049,6.7167,0.879137,1.455,0.137461,0.156359,-0.01889796555042267,0.278069,1.8514,0.298892,0.694064,0.431034,,6.35235,-0.0212394,-0.04857,999,,,,,,,3.8000000000000003,3.8000000000000003,4,4,,,,,,,,,,,,,,,,,,,"Marco Corcho","sa3021484",806866
"Colson Lawrence","MIA",0.0374,0.0602,0,6.13458,1,0,0,0,,1,4.771,1.1109,0.7239,0.68162,0.155222,0.7293,0.0276,0.0487,0.652,5.868,6.5637,0.894008,1.397,0.136659,0.152861,-0.016202062368392944,0.278212,1.8402,0.299983,0.687847,0.408562,,6.21437,-0.0212862,-0.044807,999,,,,,,,3.8000000000000003,3.8000000000000003,4,4,,,,,,,,,,,,,,,,,,,"Colson Lawrence","sa3023210",804673
"Jesus Flores","MIL",0.0392,0.0643,0.0101,6.07455,0.8046,0.0416,0,0,,1,4.747,1.11,0.7176,0.67495,0.164111,0.6993,0.0218,0.0511,0.6448,5.8032,6.2937,0.922065,1.477,0.135833,0.147314,-0.011480927467346191,0.277736,1.8093,0.296732,0.691149,0.417236,,6.26152,-0.0213756,-0.0470692,999,,,,,,,3.8000000000000003,3.8000000000000003,4,4,,,,,,,,,,,,,,,,,,,"Jesus Flores","sa3021519",808222
"Gabe Emmett","LAD",0.0417,0.0686,0.0206,6.18111,0.5737,0.0907,0,0,,1,4.769,1.1632,0.7333,0.68679,0.156444,0.6815,0.015,0.0681,0.5312,4.7808,6.1335,0.779457,1.408,0.111386,0.142902,-0.031516045331954956,0.289396,1.8447,0.30217,0.683653,0.474684,,6.38666,-0.0216131,-0.04857,999,,,,,,,3.8000000000000003,3.8000000000000003,4,4,,,,,,,,,,,,,,,,,,,"Gabe Emmett","sa3017938",701861
"Jose Pena Jr.","PHI",0.0407,0.057,0,6.1551,1,0,0,0,,1,4.769,1.0722,0.7257,0.6839,0.167,0.7697,0.0275,0.0526,0.6648,5.9832,6.9273,0.863713,1.503,0.1394,0.161397,-0.021996229887008667,0.27167,1.8419,0.290603,0.694111,0.399162,,6.47478,-0.0216745,-0.045974,999,,,,,,,3.8000000000000003,3.8000000000000003,4,4,,,,,,,,,,,,,,,,,,,"Jose Pena Jr.","sa3017821",700247
"Breck Eichelberger","SDP",0.0402,0.0687,0.0205,6.03792,0.6248,0.0798,0,0,,1,4.711,1.1097,0.7136,0.67088,0.165333,0.6759,0.0163,0.0545,0.6,5.4,6.0831,0.887705,1.488,0.127362,0.143473,-0.016111209988594055,0.278777,1.7856,0.293713,0.689773,0.418255,,6.30701,-0.0217871,-0.0500988,999,,,,,,,3.8000000000000003,3.8000000000000003,4,4,,,,,,,,,,,,,,,,,,,"Breck Eichelberger","sa3023096",687902
"Johan Otanez","WSN",0.0386,0.059,0,6.02856,1,0,0,0,,1,4.81,1.0747,0.7148,0.66984,0.141,0.8257,0.0278,0.0564,0.63,5.67,7.4313,0.762989,1.269,0.130977,0.171663,-0.04068605601787567,0.273607,1.9004,0.295765,0.696183,0.445911,,6.38578,-0.0219704,-0.0468905,999,,,,,,,3.8000000000000003,3.8000000000000003,4,4,,,,,,,,,,,,,,,,,,,"Johan Otanez","sa3009782",683634
"Lake Bachar","MIA",2.6071,3.0651,0,4.43192,58,0,1.082,10.4009,,58,250.757,56.4284,30.5318,28.5613,8.43578,22.3655,1.4286,2.3293,51.6177,8.00964,3.47051,2.30792,1.309,0.205847,0.0891919,0.11665556579828262,0.249614,1.35852,0.289097,0.720504,0.37078,,4.55465,-0.0219847,0.0101082,999,,,,,,,262.20000000000005,4.520689655172415,263,4.5344827586206895,6.89,5.94,5.34,4.88,4.48,4.11,3.75,3.37,2.91,5.53,5.23,5.02,4.85,4.7,4.55,4.4,4.22,3.99,"Lake Bachar","19222",669199
"Sam Knowlton","ARI",0.0413,0.0564,0,6.04341,1,0,0,0,,1,4.801,1.1105,0.7164,0.67149,0.132111,0.7815,0.0277,0.0513,0.6504,5.8536,7.0335,0.832246,1.189,0.135472,0.162779,-0.02730681002140045,0.27985,1.892,0.30712,0.688676,0.44963,,6.08152,-0.0219876,-0.0455292,999,,,,,,,3.8000000000000003,3.8000000000000003,4,4,,,,,,,,,,,,,,,,,,,"Sam Knowlton","sa3023467",681060
"Yordy Herrera","STL",0.0413,0.0564,0,5.73219,1,0,0,0,,1,4.803,1.0343,0.6796,0.63691,0.136556,0.8408,0.0277,0.0526,0.7178,6.4602,7.5672,0.853711,1.229,0.149448,0.175057,-0.025608986616134644,0.264554,1.8751,0.293837,0.70995,0.408371,,6.1863,-0.0220136,-0.0485732,999,,,,,,,3.8000000000000003,3.8000000000000003,4,4,,,,,,,,,,,,,,,,,,,"Yordy Herrera","sa3019643",800277
"Randel Clemente","STL",0.0408,0.0569,0,5.85693,1,0,0,0,,1,4.805,1.0462,0.6948,0.65077,0.135889,0.8423,0.0278,0.0505,0.7123,6.4107,7.5807,0.845661,1.223,0.148241,0.175297,-0.027055159211158752,0.26742,1.8885,0.297098,0.702898,0.432948,,6.18684,-0.0220196,-0.0485732,999,,,,,,,3.8000000000000003,3.8000000000000003,4,4,,,,,,,,,,,,,,,,,,,"Randel Clemente","sa3016003",695003
"Edgar Isea","ARI",0.0415,0.0563,0,6.01785,1,0,0,0,,1,4.819,1.0631,0.7121,0.66865,0.133556,0.8353,0.0278,0.0556,0.7364,6.6276,7.5177,0.881599,1.202,0.152812,0.173335,-0.020522937178611755,0.27064,1.8984,0.303957,0.693166,0.426014,,6.1026,-0.0222281,-0.0455292,999,,,,,,,3.8000000000000003,3.8000000000000003,4,4,,,,,,,,,,,,,,,,,,,"Edgar Isea","sa3009936",683384
"Cole Hillier","SFG",0.0403,0.0574,0,5.74155,1,0,0,0,,1,4.715,1.0963,0.6812,0.63795,0.143667,0.6663,0.0272,0.0488,0.6302,5.6718,5.9967,0.94582,1.293,0.133659,0.141315,-0.007656410336494446,0.274082,1.7626,0.295296,0.692554,0.427566,,5.91905,-0.0222899,-0.0506864,999,,,,,,,3.8000000000000003,3.8000000000000003,4,4,,,,,,,,,,,,,,,,,,,"Cole Hillier","sa3023232",815779
"Adam Shoemaker","ATL",0.0435,0.0644,0.0179,5.91291,0.6562,0.0732,0,0,,1,4.789,1.0779,0.7002,0.65699,0.144444,0.7792,0.0175,0.0562,0.695,6.255,7.0128,0.89194,1.3,0.145124,0.162706,-0.017581969499588013,0.272638,1.8571,0.299746,0.699085,0.418862,,6.16046,-0.0223198,-0.046218,999,,,,,,,3.8000000000000003,3.8000000000000003,4,4,,,,,,,,,,,,,,,,,,,"Adam Shoemaker","sa3017888",692248
"Elijah Pleasants","SFG",0.04,0.0629,0.0103,5.7735,0.8277,0.0367,0,0,,1,4.732,1.1162,0.6868,0.6415,0.136778,0.6749,0.0224,0.05,0.5975,5.3775,6.0741,0.885316,1.231,0.126268,0.142625,-0.01635672152042389,0.278556,1.7911,0.299259,0.690355,0.457277,,5.92429,-0.0223502,-0.0506864,999,,,,,,,3.8000000000000003,3.8000000000000003,4,4,,,,,,,,,,,,,,,,,,,"Elijah Pleasants","sa3024979",681405
"Christian Ruebeck","LAD",0.042,0.0558,0,6.23898,1,0,0,0,,1,4.773,1.0688,0.7325,0.69322,0.181,0.7478,0.0276,0.0618,0.746,6.714,6.7302,0.997593,1.629,0.156296,0.156673,-0.0003771185874938965,0.269667,1.8166,0.292386,0.693513,0.366739,,6.45628,-0.0223707,-0.04857,999,,,,,,,3.8000000000000003,3.8000000000000003,4,4,,,,,,,,,,,,,,,,,,,"Christian Ruebeck","sa3020900",687199
"Alix Hernandez","SFG",0.0399,0.0632,0.0103,5.78889,0.8186,0.0386,0,0,,1,4.726,1.0722,0.6851,0.64321,0.147556,0.6825,0.022,0.0616,0.695,6.255,6.1425,1.01831,1.328,0.147059,0.144414,0.002644941210746765,0.269268,1.7547,0.294534,0.690902,0.407863,,5.927,-0.0223813,-0.0506864,999,,,,,,,3.8000000000000003,3.8000000000000003,4,4,,,,,,,,,,,,,,,,,,,"Alix Hernandez","sa3021479",806672
"Andinson Ferrer","NYM",0.0423,0.0554,0,5.93649,1,0,0,0,,1,4.751,1.053,0.6997,0.65961,0.163556,0.7363,0.0274,0.0536,0.7247,6.5223,6.6267,0.984246,1.472,0.152536,0.154978,-0.00244159996509552,0.265835,1.7893,0.289453,0.698317,0.376269,,6.213,-0.0223895,-0.0515027,999,,,,,,,3.8000000000000003,3.8000000000000003,4,4,,,,,,,,,,,,,,,,,,,"Andinson Ferrer","sa3018819",800072
"Jorge Gonzalez","LAD",0.042,0.0558,0,6.22683,1,0,0,0,,1,4.782,1.0856,0.7331,0.69187,0.173222,0.7587,0.0276,0.0559,0.6977,6.2793,6.8283,0.919599,1.559,0.145901,0.158657,-0.012756168842315674,0.27363,1.8443,0.29465,0.693724,0.395878,,6.46677,-0.0224848,-0.04857,999,,,,,,,3.8000000000000003,3.8000000000000003,4,4,,,,,,,,,,,,,,,,,,,"Jorge Gonzalez","sa3009504",684083
"Felix Cabrera","LAD",0.0425,0.0553,0,6.05952,1,0,0,0,,1,4.815,1.1179,0.7182,0.67328,0.152,0.7798,0.0278,0.0553,0.5892,5.3028,7.0182,0.755578,1.368,0.122368,0.161952,-0.03958462178707123,0.280886,1.8977,0.298237,0.700042,0.442936,,6.46938,-0.0225132,-0.04857,999,,,,,,,3.8000000000000003,3.8000000000000003,4,4,,,,,,,,,,,,,,,,,,,"Felix Cabrera","sa3016496",693806
"Miguel Valdez","SDP",0.0405,0.0572,0,6.04584,1,0,0,0,,1,4.737,1.0995,0.7142,0.67176,0.162556,0.7181,0.0274,0.0494,0.6043,5.4387,6.4629,0.841526,1.463,0.12757,0.151594,-0.024023637175559998,0.276987,1.8176,0.292553,0.693953,0.413315,,6.3736,-0.0225272,-0.0500988,999,,,,,,,3.8000000000000003,3.8000000000000003,4,4,,,,,,,,,,,,,,,,,,,"Miguel Valdez","sa3021025",808895
"Zach Maxwell","CIN",1.5665,1.6621,0,4.5145,33,0,0,0.6083,,33,145.824,30.0685,17.7345,16.5532,4.73,18.0888,0.8423,1.4585,35.5824,9.70429,4.93331,1.9671,1.29,0.244009,0.124045,0.11996378749608994,0.238116,1.45931,0.294756,0.732456,0.40195,,4.65033,-0.0226423,0.0250788,999,,,,,,,123.70000000000005,3.74848484848485,119,3.606060606060606,7.61,6.32,5.52,4.92,4.42,3.97,3.54,3.1,2.57,5.7,5.37,5.14,4.96,4.79,4.63,4.47,4.28,4.03,"Zach Maxwell","sa3020255",687209
"Matt Mikulski","SFG",0.0408,0.0569,0,5.6304,1,0,0,0,,1,4.704,1.0649,0.6655,0.6256,0.150778,0.6463,0.0272,0.0695,0.6615,5.9535,5.8167,1.02352,1.357,0.140625,0.137394,0.0032312870025634766,0.267013,1.7112,0.287829,0.697082,0.373978,,5.95099,-0.0226467,-0.050677,999,,,,,,,3.8000000000000003,3.8000000000000003,4,4,,,,,,,,,,,,,,,,,,,"Matt Mikulski","sa3017874",694392
"Gabe Starks","CIN",0.0385,0.0592,0,6.66594,1,0,0,0,,1,4.831,1.147,0.7827,0.74066,0.191889,0.7487,0.0279,0.0465,0.66,5.94,6.7383,0.881528,1.727,0.136618,0.154978,-0.01836058497428894,0.284206,1.8957,0.29998,0.684058,0.400361,,6.72664,-0.0226505,-0.041684,999,,,,,,,3.8000000000000003,3.8000000000000003,4,4,,,,,,,,,,,,,,,,,,,"Gabe Starks","sa3023443",694784
"Maikel Miralles","SDP",0.0394,0.0706,0.0212,6.12234,0.5852,0.0882,0,0,,1,4.697,1.112,0.7213,0.68026,0.177889,0.6575,0.0151,0.0457,0.5963,5.3667,5.9175,0.90692,1.601,0.126953,0.139983,-0.013029590249061584,0.278432,1.7695,0.290132,0.689399,0.392123,,6.39604,-0.0227764,-0.0500988,999,,,,,,,3.8000000000000003,3.8000000000000003,4,4,,,,,,,,,,,,,,,,,,,"Maikel Miralles","sa3022418",808063
"Darlin Pinales","ARI",0.0413,0.0564,0,6.04755,1,0,0,0,,1,4.852,1.0846,0.718,0.67195,0.123444,0.868,0.028,0.0517,0.6892,6.2028,7.812,0.794009,1.111,0.142045,0.178895,-0.036850765347480774,0.275818,1.9526,0.308097,0.693682,0.463653,,6.15196,-0.022791,-0.0455292,999,,,,,,,3.8000000000000003,3.8000000000000003,4,4,,,,,,,,,,,,,,,,,,,"Darlin Pinales","sa3016211",692329
"Yomil Maysonet","CIN",0.0385,0.0592,0,6.66153,1,0,0,0,,1,4.85,1.1429,0.783,0.74017,0.186111,0.7689,0.028,0.0554,0.6564,5.9076,6.9201,0.853687,1.675,0.13534,0.158536,-0.023195862770080566,0.283901,1.9118,0.300576,0.683606,0.412304,,6.74602,-0.0228518,-0.041684,999,,,,,,,3.8000000000000003,3.8000000000000003,4,4,,,,,,,,,,,,,,,,,,,"Yomil Maysonet","sa3007476",680936
"Estarlin Escalante","NYM",0.0422,0.0556,0,5.9409,1,0,0,0,,1,4.773,1.0867,0.7037,0.6601,0.151444,0.744,0.0276,0.0547,0.638,5.742,6.696,0.857527,1.363,0.133669,0.155877,-0.022208258509635925,0.273432,1.8307,0.293657,0.696247,0.426465,,6.25536,-0.0228599,-0.0515027,999,,,,,,,3.8000000000000003,3.8000000000000003,4,4,,,,,,,,,,,,,,,,,,,"Estarlin Escalante","sa3018906",805076
"Joel Ibarra","LAD",0.042,0.0558,0,6.23781,1,0,0,0,,1,4.778,1.0694,0.7329,0.69309,0.179778,0.755,0.0276,0.0616,0.726,6.534,6.795,0.961589,1.618,0.151946,0.158016,-0.006069481372833252,0.269955,1.8244,0.291143,0.694024,0.37367,,6.50139,-0.0228612,-0.04857,999,,,,,,,3.8000000000000003,3.8000000000000003,4,4,,,,,,,,,,,,,,,,,,,"Joel Ibarra","sa3009326",684169
"Juan Manuel Abril","CIN",0.0384,0.0592,0,6.67665,1,0,0,0,,1,4.845,1.1506,0.7847,0.74185,0.187667,0.7559,0.028,0.0558,0.643,5.787,6.8031,0.850642,1.689,0.132714,0.156017,-0.02330237627029419,0.285275,1.9065,0.300669,0.682457,0.412314,,6.75525,-0.0229475,-0.041684,999,,,,,,,3.8000000000000003,3.8000000000000003,4,4,,,,,,,,,,,,,,,,,,,"Juan Manuel Abril","sa3002921",671358
"Johan Moreno","SDP",0.0393,0.0716,0.0227,6.12027,0.5539,0.0949,0,0,,1,4.684,1.121,0.7212,0.68003,0.180111,0.6372,0.0142,0.0443,0.5675,5.1075,5.7348,0.890615,1.621,0.121157,0.136038,-0.014880441129207611,0.280075,1.7582,0.289069,0.688559,0.394106,,6.41742,-0.0230238,-0.0501082,999,,,,,,,3.8000000000000003,3.8000000000000003,4,4,,,,,,,,,,,,,,,,,,,"Johan Moreno","sa3020999",808052
"Angel Gonzalez","STL",0.0404,0.0573,0,5.98635,1,0,0,0,,1,4.782,1.0599,0.7065,0.66515,0.152444,0.7589,0.0276,0.0782,0.6909,6.2181,6.8301,0.910397,1.372,0.144479,0.158699,-0.014219984412193298,0.268676,1.8188,0.292581,0.692859,0.394358,,6.27776,-0.0230403,-0.0485732,999,,,,,,,3.8000000000000003,3.8000000000000003,4,4,,,,,,,,,,,,,,,,,,,"Angel Gonzalez","sa3015160",694261
"Cristofher Carrasco","MIL",0.0382,0.0668,0.0116,6.24555,0.7576,0.0516,0,0,,1,4.773,1.1001,0.7351,0.69395,0.173778,0.7289,0.0204,0.0509,0.6747,6.0723,6.5601,0.925641,1.564,0.141358,0.152713,-0.011355549097061157,0.275493,1.829,0.294564,0.689848,0.38998,,6.41559,-0.0230739,-0.0470786,999,,,,,,,3.8000000000000003,3.8000000000000003,4,4,,,,,,,,,,,,,,,,,,,"Cristofher Carrasco","sa3020335",804448
"Christian Rodriguez","NYM",0.042,0.0683,0.0231,6.03189,0.5721,0.0911,0,0,,1,4.753,1.1023,0.7136,0.67021,0.160111,0.7078,0.015,0.0507,0.6214,5.5926,6.3702,0.877932,1.441,0.130738,0.148916,-0.01817798614501953,0.275954,1.8101,0.293244,0.691386,0.420497,,6.28062,-0.0231403,-0.0515027,999,,,,,,,3.8000000000000003,3.8000000000000003,4,4,,,,,,,,,,,,,,,,,,,"Christian Rodriguez","sa3022360",815184
"Jake Fitzgibbons","ARI",0.0415,0.0562,0,6.01758,1,0,0,0,,1,4.829,1.0683,0.7106,0.66862,0.138333,0.8357,0.0279,0.0496,0.7182,6.4638,7.5213,0.859399,1.245,0.148726,0.173059,-0.02433215081691742,0.270888,1.904,0.301236,0.697759,0.395354,,6.18431,-0.0231597,-0.0455292,999,,,,,,,3.8000000000000003,3.8000000000000003,4,4,,,,,,,,,,,,,,,,,,,"Jake Fitzgibbons","sa3022796",801413
"Joseilyn Gonzalez","LAD",0.0415,0.0562,0,6.34014,1,0,0,0,,1,4.778,1.156,0.7478,0.70446,0.173556,0.6876,0.0276,0.0604,0.5652,5.0868,6.1884,0.821989,1.562,0.118292,0.14391,-0.02561742067337036,0.286849,1.8436,0.298502,0.684609,0.426061,,6.5363,-0.0232405,-0.04857,999,,,,,,,3.8000000000000003,3.8000000000000003,4,4,,,,,,,,,,,,,,,,,,,"Joseilyn Gonzalez","sa3018910",805120
"Jose Fernandez","MIA",0.0368,0.0608,0,6.30099,1,0,0,0,,1,4.815,1.1183,0.7429,0.70011,0.156444,0.7687,0.0278,0.0496,0.6313,5.6817,6.9183,0.821257,1.408,0.131111,0.159647,-0.02853582799434662,0.279806,1.887,0.299741,0.68592,0.409548,,6.39256,-0.0232535,-0.044807,999,,,,,,,3.8000000000000003,3.8000000000000003,4,4,,,,,,,,,,,,,,,,,,,"Jose Fernandez","sa3018346",801261
"Adan Moreno","SDP",0.0403,0.0574,0,6.10137,1,0,0,0,,1,4.748,1.0898,0.7197,0.67793,0.166333,0.7315,0.0274,0.0536,0.6204,5.5836,6.5835,0.84812,1.497,0.130666,0.154065,-0.023399323225021362,0.275001,1.8213,0.290749,0.693514,0.400452,,6.44331,-0.0233012,-0.0500988,999,,,,,,,3.8000000000000003,3.8000000000000003,4,4,,,,,,,,,,,,,,,,,,,"Adan Moreno","sa3021537",808489
"Jean Reyes","MIA",0.0367,0.0609,0,6.34743,1,0,0,0,,1,4.812,1.1165,0.747,0.70527,0.161667,0.7612,0.0278,0.0497,0.6485,5.8365,6.8508,0.851944,1.455,0.134767,0.158188,-0.023420602083206177,0.279048,1.8777,0.299233,0.684706,0.392892,,6.40385,-0.023378,-0.044807,999,,,,,,,3.8000000000000003,3.8000000000000003,4,4,,,,,,,,,,,,,,,,,,,"Jean Reyes","sa3017136",691582
"Shane Marshall","CHC",0.0401,0.0576,0,6.11496,1,0,0,0,,1,4.746,1.1019,0.7207,0.67944,0.163889,0.7132,0.0274,0.0464,0.6493,5.8437,6.4188,0.910404,1.475,0.13681,0.150274,-0.013463973999023438,0.276415,1.8151,0.295603,0.690188,0.391977,,6.27724,-0.0234136,-0.0496453,999,,,,,,,3.8000000000000003,3.8000000000000003,4,4,,,,,,,,,,,,,,,,,,,"Shane Marshall","sa3023405",686288
"Natanael Polanco","MIA",0.0367,0.061,0,6.34059,1,0,0,0,,1,4.805,1.1447,0.7478,0.70451,0.158667,0.7291,0.0278,0.0541,0.5773,5.1957,6.5619,0.791798,1.428,0.120146,0.151738,-0.03159209340810776,0.284624,1.8738,0.300086,0.681736,0.416589,,6.42415,-0.0236017,-0.044807,999,,,,,,,3.8000000000000003,3.8000000000000003,4,4,,,,,,,,,,,,,,,,,,,"Natanael Polanco","sa3016715",702417
"Jimmy Lewis","LAD",0.0414,0.0563,0,6.37209,1,0,0,0,,1,4.803,1.1292,0.7509,0.70801,0.173,0.7478,0.0277,0.0514,0.6178,5.5602,6.7302,0.826157,1.557,0.128628,0.155694,-0.027066409587860107,0.282032,1.877,0.297603,0.68883,0.415127,,6.57748,-0.0236875,-0.04857,999,,,,,,,3.8000000000000003,3.8000000000000003,4,4,,,,,,,,,,,,,,,,,,,"Jimmy Lewis","sa3014533",683167
"Ian Villers","SFG",0.0394,0.0617,0.0066,5.89977,0.8829,0.0249,0,0,,1,4.725,1.1295,0.6993,0.65553,0.149111,0.6402,0.0239,0.053,0.5709,5.1381,5.7618,0.891753,1.342,0.120825,0.135492,-0.014666669070720673,0.280148,1.7697,0.29603,0.685739,0.430576,,6.04272,-0.0237085,-0.0506864,999,,,,,,,3.8000000000000003,3.8000000000000003,4,4,,,,,,,,,,,,,,,,,,,"Ian Villers","sa3017303",677351
"Alejandro Lugo","SDP",0.0395,0.0624,0.0065,6.18687,0.8606,0.0296,0,0,,1,4.712,1.1151,0.7278,0.68743,0.180556,0.6691,0.0231,0.0446,0.5828,5.2452,6.0219,0.871021,1.625,0.123684,0.141999,-0.018314950168132782,0.278894,1.7842,0.28889,0.689816,0.381232,,6.4892,-0.0238102,-0.0500988,999,,,,,,,3.8000000000000003,3.8000000000000003,4,4,,,,,,,,,,,,,,,,,,,"Alejandro Lugo","sa3009253",684126
"Danny Carrion","PIT",0.0376,0.06,0,6.47613,1,0,0,0,,1,4.85,1.1344,0.7618,0.71957,0.156111,0.7877,0.028,0.0507,0.6033,5.4297,7.0893,0.765901,1.405,0.124392,0.162412,-0.038020625710487366,0.28278,1.9221,0.300809,0.681109,0.394538,,6.50452,-0.0240639,-0.044516,999,,,,,,,3.8000000000000003,3.8000000000000003,4,4,,,,,,,,,,,,,,,,,,,"Danny Carrion","sa3023214",815051
"Jhoniel Serrano","MIA",0.035,0.068,0.0076,6.38649,0.8211,0.0381,0,0,,1,4.839,1.1252,0.7534,0.70961,0.155667,0.7748,0.0226,0.0653,0.6075,5.4675,6.9732,0.784073,1.401,0.125542,0.160116,-0.034573256969451904,0.281377,1.9,0.299633,0.681661,0.421595,,6.49545,-0.0243967,-0.0448165,999,,,,,,,3.8000000000000003,3.8000000000000003,4,4,,,,,,,,,,,,,,,,,,,"Jhoniel Serrano","sa3016710",698934
"Yanzel Correa","COL",0.0354,0.0622,0,7.19838,1,0,0,0,,1,4.902,1.2262,0.8432,0.79982,0.184556,0.7638,0.0283,0.0553,0.5703,5.1327,6.8742,0.746661,1.661,0.11634,0.155814,-0.039473697543144226,0.300326,1.99,0.31299,0.662269,0.413485,,6.8824,-0.024418,-0.0353064,999,,,,,,,3.8000000000000003,3.8000000000000003,4,4,,,,,,,,,,,,,,,,,,,"Yanzel Correa","sa3023302",814354
"Carlos Martinez","LAD",0.0413,0.0564,0,6.42384,1,0,0,0,,1,4.817,1.0911,0.7544,0.71376,0.181444,0.7881,0.0278,0.0509,0.6958,6.2622,7.0929,0.882883,1.633,0.144447,0.163608,-0.019161298871040344,0.274284,1.8792,0.293366,0.692109,0.378618,,6.65066,-0.0244813,-0.04857,999,,,,,,,3.8000000000000003,3.8000000000000003,4,4,,,,,,,,,,,,,,,,,,,"Carlos Martinez","sa3015423",691546
"Ethan Small","SFG",0.6389,0.6333,0,3.91767,13,0,0,0.6315,,13,55.818,12.1312,6.1278,5.65886,1.56578,5.0508,0.3163,0.5074,11.9028,8.2404,3.49671,2.35662,1.084,0.213243,0.0904869,0.12275608628988266,0.24137,1.32169,0.287172,0.737443,0.40987,,4.18372,-0.0245333,0.0506586,999,,,,,,,50.39999999999999,3.8769230769230765,49,3.769230769230769,7.96,5.95,4.82,4.03,3.41,2.88,2.41,1.95,1.46,5.02,4.72,4.52,4.35,4.2,4.06,3.91,3.74,3.52,"Ethan Small","26364",663629
"Koen Moreno","CHC",0.0401,0.0576,0,6.10209,1,0,0,0,,1,4.808,1.0586,0.7203,0.67801,0.153667,0.8113,0.0278,0.0608,0.7004,6.3036,7.3017,0.863306,1.383,0.145674,0.16874,-0.0230657160282135,0.26896,1.8699,0.293635,0.69472,0.402998,,6.37965,-0.024567,-0.0496453,999,,,,,,,3.8000000000000003,3.8000000000000003,4,4,,,,,,,,,,,,,,,,,,,"Koen Moreno","sa3014509",691103
"Joaquin Tejada","PIT",0.0375,0.0602,0,6.51753,1,0,0,0,,1,4.883,1.1253,0.767,0.72417,0.152,0.8313,0.0282,0.0539,0.6169,5.5521,7.4817,0.742091,1.368,0.126336,0.170244,-0.04390743374824524,0.28148,1.9566,0.301434,0.682188,0.401555,,6.56428,-0.0247207,-0.044516,999,,,,,,,3.8000000000000003,3.8000000000000003,4,4,,,,,,,,,,,,,,,,,,,"Joaquin Tejada","sa3016207",692047
"Juan Reynoso","MIA",0.0365,0.0611,0,6.37317,1,0,0,0,,1,4.869,1.0998,0.7517,0.70813,0.151556,0.8325,0.0281,0.0638,0.6493,5.8437,7.4925,0.77994,1.364,0.133354,0.17098,-0.037625789642333984,0.276839,1.9323,0.298957,0.686347,0.416593,,6.527,-0.0247438,-0.0448165,999,,,,,,,3.8000000000000003,3.8000000000000003,4,4,,,,,,,,,,,,,,,,,,,"Juan Reynoso","sa3017790",702418
"Max Rajcic","STL",0.4814,0.4971,0,4.29461,10,0,0,0.6474,,10,42.808,10.0697,5.1248,4.77179,1.41556,3.0312,0.2473,0.5017,7.9638,7.16742,2.72808,2.62728,1.274,0.186035,0.0708092,0.1152261272072792,0.256389,1.31009,0.289477,0.717332,0.396356,,4.47381,-0.0249193,0.0169053,999,,,,,,,43.7,4.37,45,4.5,8.87,6.51,5.21,4.3,3.6,3.01,2.49,1.99,1.46,5.36,5.08,4.88,4.72,4.58,4.44,4.29,4.12,3.91,"Max Rajcic","sa3020746",691008
"Trevor Richards","CHC",1.2694,1.2747,0,4.23226,26,0,0,0.6254,,26,112.36,23.4624,13.0484,12.2265,3.71511,11.6893,0.674,0.9281,27.502,9.51992,4.0463,2.35275,1.286,0.244767,0.104034,0.14073248207569122,0.235229,1.35199,0.288174,0.737993,0.341195,,4.36435,-0.0250119,0.0292695,999,,,,,,,104.39999999999999,4.015384615384615,99,3.8076923076923075,7.46,6.03,5.18,4.54,4.02,3.56,3.12,2.68,2.17,5.24,4.97,4.78,4.62,4.48,4.35,4.21,4.05,3.83,"Trevor Richards","19309",670950
"Noah Takacs","PIT",0.0373,0.0603,0,6.58638,1,0,0,0,,1,4.85,1.1515,0.7735,0.73182,0.163333,0.7661,0.028,0.0512,0.5738,5.1642,6.8949,0.748988,1.47,0.118309,0.157959,-0.03964947164058685,0.285541,1.9176,0.299847,0.67741,0.384121,,6.59411,-0.0250484,-0.044516,999,,,,,,,3.8000000000000003,3.8000000000000003,4,4,,,,,,,,,,,,,,,,,,,"Noah Takacs","sa3023612",692176
"Juan Arnaud","NYM",0.0415,0.0562,0,6.13008,1,0,0,0,,1,4.838,1.0671,0.7241,0.68112,0.154,0.8184,0.0279,0.0633,0.6785,6.1065,7.3656,0.829057,1.386,0.140244,0.169161,-0.028916925191879272,0.269722,1.8855,0.292304,0.695491,0.410512,,6.45658,-0.0250999,-0.0515121,999,,,,,,,3.8000000000000003,3.8000000000000003,4,4,,,,,,,,,,,,,,,,,,,"Juan Arnaud","sa3018294",699304
"Bernard Jose","SDP",0.0397,0.058,0,6.26967,1,0,0,0,,1,4.785,1.1033,0.7388,0.69663,0.169444,0.7568,0.0276,0.0532,0.5942,5.3478,6.8112,0.785148,1.525,0.12418,0.158161,-0.033981189131736755,0.27756,1.8601,0.290798,0.690933,0.400035,,6.61086,-0.0251478,-0.0500893,999,,,,,,,3.8000000000000003,3.8000000000000003,4,4,,,,,,,,,,,,,,,,,,,"Bernard Jose","sa3021812",811594
"Pedro Santillan","LAD",0.041,0.0567,0,6.46731,1,0,0,0,,1,4.831,1.1529,0.7632,0.71859,0.169556,0.7617,0.0279,0.0526,0.5506,4.9554,6.8553,0.722857,1.526,0.113972,0.157669,-0.04369695484638214,0.287027,1.9146,0.298296,0.686492,0.435424,,6.7124,-0.0251503,-0.04857,999,,,,,,,3.8000000000000003,3.8000000000000003,4,4,,,,,,,,,,,,,,,,,,,"Pedro Santillan","sa3015493",699063
"Juan Abreu","WSN",0.0374,0.0602,0,6.41493,1,0,0,0,,1,4.824,1.0937,0.7542,0.71277,0.168889,0.8063,0.0279,0.0481,0.6181,5.5629,7.2567,0.766588,1.52,0.12813,0.167143,-0.03901326656341553,0.275519,1.9,0.290583,0.688766,0.381549,,6.68904,-0.0252944,-0.0468905,999,,,,,,,3.8000000000000003,3.8000000000000003,4,4,,,,,,,,,,,,,,,,,,,"Juan Abreu","sa3017200",693791
"Wilson Lopez","NYM",0.0414,0.0563,0,6.13809,1,0,0,0,,1,4.859,1.0846,0.727,0.68201,0.145778,0.8381,0.0281,0.0596,0.6404,5.7636,7.5429,0.764109,1.312,0.131797,0.172484,-0.040687382221221924,0.273799,1.9227,0.295681,0.695736,0.439423,,6.47389,-0.0253013,-0.0515215,999,,,,,,,3.8000000000000003,3.8000000000000003,4,4,,,,,,,,,,,,,,,,,,,"Wilson Lopez","sa3019297",805083
"Trevor McDonald","SFG",1.8664,1.8521,0,3.87313,38,0,0,0.6315,,38,162.95,38.0862,17.9322,16.3532,3.80422,11.9832,0.9379,2.2797,30.6219,7.25256,2.83813,2.5554,0.901,0.187922,0.0735391,0.11438295245170593,0.25615,1.31762,0.300032,0.718254,0.511022,,3.98226,-0.0253293,0.100172,999,,,,,,,157.2,4.136842105263158,162,4.2631578947368425,6.7,5.55,4.85,4.32,3.88,3.48,3.1,2.71,2.24,5.01,4.72,4.52,4.36,4.21,4.07,3.92,3.75,3.54,"Trevor McDonald","26448",686790
"Dominic Hambley","CHC",0.0398,0.0579,0,6.14844,1,0,0,0,,1,4.869,1.097,0.7299,0.68316,0.133889,0.8493,0.0281,0.0761,0.6179,5.5611,7.6437,0.72754,1.205,0.126905,0.17443,-0.04752515256404877,0.278172,1.9463,0.301744,0.691586,0.469701,,6.44744,-0.0253294,-0.0496453,999,,,,,,,3.8000000000000003,3.8000000000000003,4,4,,,,,,,,,,,,,,,,,,,"Dominic Hambley","sa3017999",692163
"Zack Austin","ATL",0.0417,0.056,0,6.27084,1,0,0,0,,1,4.892,1.1028,0.7427,0.69676,0.137,0.8757,0.0283,0.0605,0.663,5.967,7.8813,0.757109,1.233,0.135527,0.179007,-0.04347914457321167,0.278781,1.9785,0.30604,0.691666,0.456312,,6.43008,-0.0253538,-0.046218,999,,,,,,,3.8000000000000003,3.8000000000000003,4,4,,,,,,,,,,,,,,,,,,,"Zack Austin","sa3022910",813186
"Juan Sanchez","ATL",0.0416,0.0561,0,6.31566,1,0,0,0,,1,4.845,1.1071,0.7449,0.70174,0.154,0.8012,0.028,0.0619,0.6622,5.9598,7.2108,0.82651,1.386,0.136677,0.165366,-0.028689369559288025,0.278033,1.9083,0.301071,0.687304,0.41488,,6.43338,-0.0253908,-0.046218,999,,,,,,,3.8000000000000003,3.8000000000000003,4,4,,,,,,,,,,,,,,,,,,,"Juan Sanchez","sa3018360",803424
"Drew Garrett","PHI",0.0394,0.0583,0,6.51528,1,0,0,0,,1,4.897,1.0649,0.767,0.72392,0.163778,0.9189,0.0283,0.0509,0.6836,6.1524,8.2701,0.743933,1.474,0.139596,0.187646,-0.04804983735084534,0.27116,1.9838,0.292589,0.693527,0.402167,,6.83779,-0.0255655,-0.045955,999,,,,,,,3.8000000000000003,3.8000000000000003,4,4,,,,,,,,,,,,,,,,,,,"Drew Garrett","sa3022322",690312
"Junior Flores","SFG",0.0391,0.0586,0,6.03999,1,0,0,0,,1,4.796,1.1174,0.7156,0.67111,0.143889,0.7306,0.0277,0.0541,0.5918,5.3262,6.5754,0.810019,1.295,0.123394,0.152335,-0.028940796852111816,0.278563,1.848,0.2972,0.687739,0.435609,,6.20754,-0.0256237,-0.0507147,999,,,,,,,3.8000000000000003,3.8000000000000003,4,4,,,,,,,,,,,,,,,,,,,"Junior Flores","sa3015479",695946
"Luis Gonzalez","PHI",0.0366,0.0748,0.019,6.65595,0.5415,0.0975,0,0,,1,4.796,1.1903,0.7841,0.73955,0.182778,0.691,0.0142,0.0512,0.4528,4.0752,6.219,0.655282,1.645,0.094412,0.144078,-0.049666374921798706,0.293626,1.8813,0.29475,0.675029,0.426175,,6.86359,-0.0258525,-0.0459645,999,,,,,,,1.8000000000000003,1.8000000000000003,2,2,,,,,,,,,,,,,,,,,,,"Luis Gonzalez","sa3019164",800461
"Dilan Figueredo","LAD",0.0407,0.057,0,6.5871,1,0,0,0,,1,4.826,1.1407,0.7738,0.7319,0.184778,0.7556,0.0279,0.0496,0.6022,5.4198,6.8004,0.796983,1.663,0.124782,0.156569,-0.031786151230335236,0.2837,1.8963,0.295601,0.68545,0.393897,,6.77979,-0.0258796,-0.04857,999,,,,,,,3.8000000000000003,3.8000000000000003,4,4,,,,,,,,,,,,,,,,,,,"Dilan Figueredo","sa3019555",700310
"Tyler Hoffman","COL",0.0349,0.0627,0,7.3782,1,0,0,0,,1,4.933,1.2232,0.8624,0.8198,0.192333,0.7896,0.0285,0.0594,0.5765,5.1885,7.1064,0.730116,1.731,0.116866,0.160065,-0.043198876082897186,0.29951,2.0128,0.310955,0.65981,0.395822,,7.06081,-0.0262893,-0.0353064,999,,,,,,,3.8000000000000003,3.8000000000000003,4,4,,,,,,,,,,,,,,,,,,,"Tyler Hoffman","sa3020449",700956
"Seth Keller","ATL",0.0412,0.0565,0,6.44256,1,0,0,0,,1,4.831,1.1411,0.7584,0.71584,0.163778,0.7415,0.0279,0.0683,0.5993,5.3937,6.6735,0.808227,1.474,0.124053,0.153488,-0.02943490445613861,0.283771,1.8826,0.299965,0.679969,0.405304,,6.52639,-0.0264341,-0.046218,999,,,,,,,3.8000000000000003,3.8000000000000003,4,4,,,,,,,,,,,,,,,,,,,"Seth Keller","sa3020397",702605
"Hunter Furtado","PIT",0.0376,0.06,0,6.471,1,0,0,0,,1,4.946,1.1194,0.7633,0.719,0.140556,0.9136,0.0286,0.0504,0.5789,5.2101,8.2224,0.633647,1.265,0.117044,0.184715,-0.06767085939645767,0.281115,2.033,0.300025,0.691474,0.411599,,6.7279,-0.0265159,-0.044516,999,,,,,,,3.8000000000000003,3.8000000000000003,4,4,,,,,,,,,,,,,,,,,,,"Hunter Furtado","sa3023447",695345
"Luis German","SDP",0.0395,0.0582,0,6.29388,1,0,0,0,,1,4.916,1.0585,0.7453,0.69932,0.141444,0.9561,0.0284,0.0633,0.651,5.859,8.6049,0.680891,1.273,0.132425,0.194487,-0.06206265091896057,0.271647,2.0146,0.295428,0.698731,0.450443,,6.76146,-0.0267923,-0.0500704,999,,,,,,,3.8000000000000003,3.8000000000000003,4,4,,,,,,,,,,,,,,,,,,,"Luis German","sa3019658",702445
"Eiver Espinoza","MIA",0.036,0.0746,0.0192,6.56766,0.5663,0.0923,0,0,,1,4.875,1.1531,0.7756,0.72974,0.157222,0.8114,0.0152,0.0503,0.5339,4.8051,7.3026,0.657999,1.415,0.109518,0.166441,-0.056923069059848785,0.28732,1.9645,0.299767,0.681557,0.441978,,6.72767,-0.0268712,-0.0476533,999,,,,,,,3.8000000000000003,3.8000000000000003,4,4,,,,,,,,,,,,,,,,,,,"Eiver Espinoza","sa3018908",805096
"Mathew Peters","CHC",0.039,0.0587,0,6.41097,1,0,0,0,,1,4.866,1.1078,0.7562,0.71233,0.155222,0.8413,0.0281,0.0503,0.6307,5.6763,7.5717,0.749673,1.397,0.129614,0.172894,-0.04327990114688873,0.278734,1.9491,0.298756,0.688825,0.417045,,6.59777,-0.0270169,-0.0496453,999,,,,,,,3.8000000000000003,3.8000000000000003,4,4,,,,,,,,,,,,,,,,,,,"Mathew Peters","sa3020629",802963
"Ernie Day","STL",0.0389,0.0588,0,6.39081,1,0,0,0,,1,4.876,1.1129,0.7541,0.71009,0.152556,0.838,0.0282,0.0568,0.5919,5.3271,7.542,0.706325,1.373,0.12139,0.171862,-0.050471700727939606,0.279539,1.9509,0.296701,0.688876,0.417366,,6.6503,-0.0272061,-0.0485732,999,,,,,,,3.8000000000000003,3.8000000000000003,4,4,,,,,,,,,,,,,,,,,,,"Ernie Day","sa3023004",701308
"Luis A. Reyes","CHC",0.039,0.0587,0,6.41988,1,0,0,0,,1,4.852,1.1039,0.7562,0.71332,0.160556,0.8245,0.028,0.0516,0.6327,5.6943,7.4205,0.767374,1.445,0.1304,0.16993,-0.039530083537101746,0.277648,1.9284,0.296403,0.688063,0.403021,,6.6166,-0.027228,-0.0496453,999,,,,,,,3.8000000000000003,3.8000000000000003,4,4,,,,,,,,,,,,,,,,,,,"Luis A. Reyes","sa3019049",703724
"Henry Martinez","SDP",0.0368,0.0712,0.0143,6.56721,0.6562,0.0732,0,0,,1,4.834,1.1204,0.7722,0.72969,0.176778,0.7955,0.0178,0.0489,0.58,5.22,7.1595,0.729101,1.591,0.119983,0.164564,-0.044580064713954926,0.28083,1.9159,0.291888,0.685503,0.396077,,6.83779,-0.027654,-0.0500893,999,,,,,,,3.8000000000000003,3.8000000000000003,4,4,,,,,,,,,,,,,,,,,,,"Henry Martinez","sa3020963",703685
"Buck Farmer","ATL",2.5044,2.389,0,4.41489,50,0,0,4.1251,,50,218.436,48.1756,26.2444,24.5272,6.87778,20.5631,1.3864,2.6542,47.9318,8.62772,3.70136,2.33096,1.238,0.219432,0.0941379,0.12529390305280685,0.246778,1.37477,0.294125,0.718904,0.375362,,4.43047,-0.0280603,0.0403469,999,,,,,,,199.09999999999997,3.9819999999999993,199,3.98,7,5.99,5.34,4.85,4.43,4.05,3.68,3.28,2.81,5.47,5.19,5,4.84,4.69,4.55,4.4,4.24,4.02,"Buck Farmer","14814",571656
"Branden Noriega","CHC",0.0394,0.0582,0,6.29127,1,0,0,0,,1,4.919,1.0537,0.7418,0.69903,0.149556,0.9341,0.0284,0.0587,0.6978,6.2802,8.4069,0.747029,1.346,0.141858,0.189896,-0.04803822934627533,0.268377,1.9878,0.293664,0.700621,0.390993,,6.6935,-0.0280892,-0.0496453,999,,,,,,,3.8000000000000003,3.8000000000000003,4,4,,,,,,,,,,,,,,,,,,,"Branden Noriega","sa3020867",804447
"Callum Wallace","LAD",0.04,0.0577,0,6.77997,1,0,0,0,,1,4.9,1.138,0.7964,0.75333,0.181333,0.8324,0.0283,0.0576,0.5924,5.3316,7.4916,0.711677,1.632,0.120898,0.169878,-0.04897960275411606,0.283791,1.9704,0.295608,0.683937,0.402826,,7.00901,-0.0283446,-0.0485605,999,,,,,,,3.8000000000000003,3.8000000000000003,4,4,,,,,,,,,,,,,,,,,,,"Callum Wallace","sa3019579",800527
"Xzavion Curry","MIA",0.3481,0.4341,0,4.7453,8,0,0,0.5942,,8,34.513,8.3875,4.4704,4.21804,1.34667,2.3155,0.2612,0.2831,6.2548,7.03665,2.60494,2.70127,1.515,0.18123,0.0670907,0.11413958668708801,0.262812,1.33788,0.289592,0.706831,0.32086,,4.76559,-0.028405,0.0291018,999,,,,,,,36.10000000000001,4.512500000000001,37,4.625,9.83,7.12,5.65,4.63,3.85,3.19,2.62,2.08,1.5,5.76,5.49,5.3,5.14,5,4.86,4.72,4.55,4.34,"Xzavion Curry","25595",675540
"Redinson Gomez","COL",0.038,0.0597,0,6.66855,1,0,0,0,,1,4.897,1.1379,0.7846,0.74095,0.166222,0.834,0.0283,0.0521,0.5548,4.9932,7.506,0.665228,1.496,0.113294,0.170308,-0.057014502584934235,0.283702,1.9719,0.295354,0.682675,0.405986,,6.87607,-0.0284961,-0.0476533,999,,,,,,,3.8000000000000003,3.8000000000000003,4,4,,,,,,,,,,,,,,,,,,,"Redinson Gomez","sa3016612",700166
"Tyler Kennedy","PIT",0.0364,0.0612,0,6.84648,1,0,0,0,,1,5.005,1.1083,0.8044,0.76072,0.149111,0.9719,0.0289,0.0629,0.6468,5.8212,8.7471,0.665501,1.342,0.129231,0.194186,-0.06495504081249237,0.279155,2.0802,0.302174,0.681719,0.40157,,6.91572,-0.0285705,-0.044516,999,,,,,,,3.8000000000000003,3.8000000000000003,4,4,,,,,,,,,,,,,,,,,,,"Tyler Kennedy","sa3023042",701159
"Justin King","MIA",0.6838,0.7833,0,4.29512,15,0,0,0.5942,,15,65.905,13.9497,7.6907,7.15853,1.9,7.5321,0.3807,0.7089,14.7864,8.87184,4.51926,1.96312,1.14,0.224359,0.114287,0.1100720688700676,0.241914,1.43212,0.294056,0.732719,0.389871,,4.48983,-0.0288644,0.00427397,999,,,,,,,57.00000000000001,3.8000000000000003,56,3.7333333333333334,8.33,6.39,5.28,4.48,3.85,3.3,2.81,2.32,1.78,5.5,5.16,4.93,4.74,4.57,4.4,4.23,4.04,3.79,"Justin King","sa3018278",659381
"Jose E. Hernandez","LAD",0.5048,0.4739,0,4.32589,10,0,0,0.7121,,10,43.478,9.4156,5.1565,4.80654,1.45333,4.4484,0.2866,0.4003,9.6092,8.64828,4.00356,2.16015,1.308,0.221013,0.102314,0.1186990886926651,0.243742,1.3864,0.288836,0.736094,0.391904,,4.58858,-0.0288907,0.0179655,999,,,,,,,50.300000000000004,5.03,49,4.9,8.55,6.47,5.29,4.46,3.8,3.23,2.72,2.23,1.69,5.45,5.14,4.93,4.76,4.6,4.45,4.29,4.11,3.88,"Jose E. Hernandez","22318",669796
"Alexander Johnson","CIN",0.0367,0.0609,0,7.23114,1,0,0,0,,1,4.983,1.1434,0.8459,0.80346,0.2,0.9042,0.0288,0.0519,0.652,5.868,8.1378,0.721079,1.8,0.130845,0.181457,-0.05061209201812744,0.28394,2.0476,0.297143,0.679848,0.38503,,7.33078,-0.0289117,-0.0417032,999,,,,,,,3.8000000000000003,3.8000000000000003,4,4,,,,,,,,,,,,,,,,,,,"Alexander Johnson","sa3015278",689564
"Adilson Peralta","PHI",0.0381,0.0595,0,6.87123,1,0,0,0,,1,4.948,1.1338,0.8084,0.76347,0.168778,0.9121,0.0286,0.0514,0.5462,4.9158,8.2089,0.598838,1.519,0.110388,0.184337,-0.07394907623529434,0.284553,2.0459,0.295157,0.683849,0.422182,,7.15869,-0.0289935,-0.0459455,999,,,,,,,3.8000000000000003,3.8000000000000003,4,4,,,,,,,,,,,,,,,,,,,"Adilson Peralta","sa3018816",800012
"Khristian Guevara","CIN",0.0325,0.0776,0.0119,7.20711,0.5877,0.0877,0,0,,1,4.962,1.2225,0.8454,0.80079,0.195444,0.8154,0.0162,0.0504,0.4768,4.2912,7.3386,0.584744,1.759,0.0960903,0.164329,-0.06823861598968506,0.298447,2.0379,0.299962,0.675914,0.412888,,7.35106,-0.0291201,-0.0417032,999,,,,,,,1.8000000000000003,1.8000000000000003,2,2,,,,,,,,,,,,,,,,,,,"Khristian Guevara","sa3019122",703145
"Luis Tejeda","COL",0.0359,0.0683,0.0083,6.81651,0.7831,0.0461,0,0,,1,4.905,1.1798,0.8021,0.75739,0.168444,0.8007,0.0219,0.0561,0.4923,4.4307,7.2063,0.614837,1.516,0.100367,0.163242,-0.06287460774183273,0.291438,1.9805,0.298559,0.675426,0.421005,,6.94206,-0.0292174,-0.0476533,999,,,,,,,1.8000000000000003,1.8000000000000003,2,2,,,,,,,,,,,,,,,,,,,"Luis Tejeda","sa3019176",802240
"Angel Camacho","PIT",0.0368,0.0677,0.01,6.64749,0.7708,0.0488,0,0,,1,4.953,1.1171,0.7823,0.73861,0.158556,0.9151,0.0217,0.0501,0.5824,5.2416,8.2359,0.636433,1.427,0.117585,0.184757,-0.06717140972614288,0.280129,2.0322,0.295223,0.690468,0.397006,,6.9585,-0.029397,-0.0476533,999,,,,,,,3.8000000000000003,3.8000000000000003,4,4,,,,,,,,,,,,,,,,,,,"Angel Camacho","sa3022175",537996
"Victor Cabreja","PIT",0.0366,0.061,0,6.77736,1,0,0,0,,1,4.993,1.1546,0.7975,0.75304,0.147889,0.9291,0.0288,0.0476,0.5078,4.5702,8.3619,0.54655,1.331,0.101702,0.186081,-0.08437812328338623,0.287479,2.0837,0.299562,0.685368,0.405571,,7.00354,-0.0295289,-0.044516,999,,,,,,,3.8000000000000003,3.8000000000000003,4,4,,,,,,,,,,,,,,,,,,,"Victor Cabreja","sa3018342",800573
"Brayan Cabello","SFG",0.0374,0.0602,0,6.81273,1,0,0,0,,1,4.965,1.1521,0.8027,0.75697,0.156111,0.9018,0.0287,0.0553,0.5346,4.8114,8.1162,0.592814,1.405,0.107674,0.181631,-0.07395769655704498,0.287457,2.0539,0.300251,0.681725,0.433994,,6.99802,-0.0298284,-0.0476533,999,,,,,,,3.8000000000000003,3.8000000000000003,4,4,,,,,,,,,,,,,,,,,,,"Brayan Cabello","sa3018304",703082
"Dariel Francia","PIT",0.0354,0.0701,0.0097,6.8697,0.7419,0.0549,0,0,,1,4.955,1.1323,0.8075,0.7633,0.166556,0.9031,0.0208,0.0512,0.5778,5.2002,8.1279,0.639796,1.499,0.116609,0.18226,-0.06565086543560028,0.283025,2.0354,0.296573,0.681326,0.407006,,7.039,-0.0302755,-0.0476533,999,,,,,,,3.8000000000000003,3.8000000000000003,4,4,,,,,,,,,,,,,,,,,,,"Dariel Francia","sa3021526",808333
"Alexis Torres","PIT",0.0333,0.0713,0.0077,7.0758,0.7708,0.0488,0,0,,1,4.995,1.178,0.8312,0.7862,0.158111,0.907,0.0219,0.0529,0.5126,4.6134,8.163,0.56516,1.423,0.102623,0.181582,-0.07895895838737488,0.291938,2.085,0.303142,0.672768,0.41564,,7.07642,-0.0303233,-0.044516,999,,,,,,,3.8000000000000003,3.8000000000000003,4,4,,,,,,,,,,,,,,,,,,,"Alexis Torres","sa3019375",800225
"Doimil Perez","WSN",0.0359,0.0617,0,6.86034,1,0,0,0,,1,4.948,1.1267,0.806,0.76226,0.167667,0.9068,0.0286,0.0549,0.5387,4.8483,8.1612,0.594067,1.509,0.108872,0.183266,-0.07439369708299637,0.282643,2.0335,0.292394,0.682412,0.401926,,7.15385,-0.0303467,-0.046881,999,,,,,,,3.8000000000000003,3.8000000000000003,4,4,,,,,,,,,,,,,,,,,,,"Doimil Perez","sa3017104",698985
"Joneiker Arellano","CIN",0.03,0.0817,0.01,7.52067,0.5415,0.0975,0,0,,1,4.944,1.2416,0.8791,0.83563,0.219556,0.7705,0.0147,0.0495,0.4973,4.4757,6.9345,0.645425,1.976,0.100587,0.155845,-0.05525890737771988,0.301067,2.0121,0.299971,0.664624,0.398954,,7.4861,-0.0304968,-0.0416936,999,,,,,,,1.8000000000000003,1.8000000000000003,2,2,,,,,,,,,,,,,,,,,,,"Joneiker Arellano","sa3018831",800189
"Luis De La Cruz","MIA",0.0373,0.0603,0,6.85962,1,0,0,0,,1,5,1.1262,0.8076,0.76218,0.155222,0.9616,0.0289,0.0544,0.5859,5.2731,8.6544,0.609297,1.397,0.11718,0.19232,-0.07513999938964844,0.282681,2.0878,0.299419,0.68442,0.425007,,7.06057,-0.0305106,-0.0476533,999,,,,,,,3.8000000000000003,3.8000000000000003,4,4,,,,,,,,,,,,,,,,,,,"Luis De La Cruz","sa3020981",806927
"Kenyi Perez","CHC",0.0384,0.0593,0,6.5862,1,0,0,0,,1,5.015,1.0237,0.7758,0.7318,0.146111,1.0597,0.029,0.072,0.7721,6.9489,9.5373,0.728602,1.315,0.153958,0.211306,-0.057347968220710754,0.263616,2.0834,0.295974,0.69596,0.405007,,6.91682,-0.0305839,-0.0496453,999,,,,,,,3.8000000000000003,3.8000000000000003,4,4,,,,,,,,,,,,,,,,,,,"Kenyi Perez","sa3016008",695990
"Joangel Gonzalez","ARI",0.0353,0.0689,0.008,6.97086,0.7831,0.0461,0,0,,1,4.964,1.1637,0.8193,0.77454,0.167444,0.8817,0.0222,0.053,0.5337,4.8033,7.9353,0.605308,1.507,0.107514,0.177619,-0.07010475546121597,0.288809,2.0454,0.299342,0.677038,0.414997,,7.07996,-0.030722,-0.0476533,999,,,,,,,3.8000000000000003,3.8000000000000003,4,4,,,,,,,,,,,,,,,,,,,"Joangel Gonzalez","sa3022242",814544
"Elian Serrata","MIA",0.0373,0.0604,0,6.8697,1,0,0,0,,1,4.99,1.1299,0.8083,0.7633,0.158444,0.9416,0.0288,0.0582,0.572,5.148,8.4744,0.607477,1.426,0.114629,0.188697,-0.07406814396381378,0.283169,2.0715,0.298015,0.68293,0.420004,,7.08166,-0.0307405,-0.0476533,999,,,,,,,3.8000000000000003,3.8000000000000003,4,4,,,,,,,,,,,,,,,,,,,"Elian Serrata","sa3018871",801220
"Sandro Santana","ARI",0.0352,0.0728,0.0138,6.79842,0.6562,0.0732,0,0,,1,4.993,1.1462,0.8008,0.75538,0.154778,0.9321,0.0185,0.0556,0.5295,4.7655,8.3889,0.568072,1.393,0.106048,0.186681,-0.08063287287950516,0.286171,2.0783,0.298529,0.686234,0.420006,,7.08269,-0.0307518,-0.0476533,999,,,,,,,3.8000000000000003,3.8000000000000003,4,4,,,,,,,,,,,,,,,,,,,"Sandro Santana","sa3021030",811139
"Tom Cosgrove","SDP",2.2651,2.2364,0,4.15075,46,0,0,0.6081,,46,199.134,42.8333,22.8406,21.215,6.08222,19.5285,1.1112,2.8032,41.9273,8.20317,3.82079,2.14698,1.19,0.210548,0.0980671,0.11248103529214859,0.242267,1.35569,0.28535,0.733958,0.397463,,4.51886,-0.0310391,0.0580189,999,,,,,,,173.8,3.7782608695652176,171,3.717391304347826,6.79,5.74,5.08,4.58,4.15,3.77,3.39,3,2.54,5.26,4.96,4.75,4.58,4.43,4.28,4.13,3.96,3.73,"Tom Cosgrove","23443",676680
"Jermayne Verdu","NYM",0.0332,0.0772,0.0145,7.03998,0.5795,0.0895,0,0,,1,4.944,1.1695,0.8259,0.78222,0.177333,0.8502,0.0159,0.0513,0.5314,4.7826,7.6518,0.625029,1.596,0.107484,0.171966,-0.0644822046160698,0.289301,2.0197,0.297611,0.673918,0.399017,,7.11351,-0.0310876,-0.0476533,999,,,,,,,3.8000000000000003,3.8000000000000003,4,4,,,,,,,,,,,,,,,,,,,"Jermayne Verdu","sa3024269",823221
"Reilin Ramirez","WSN",0.0356,0.062,0,6.92514,1,0,0,0,,1,4.993,1.1454,0.8157,0.76946,0.156889,0.9535,0.0288,0.052,0.4961,4.4649,8.5815,0.520294,1.412,0.0993591,0.190967,-0.09160824865102768,0.287248,2.0989,0.296449,0.682824,0.435903,,7.23034,-0.0311662,-0.0468715,999,,,,,,,1.8000000000000003,1.8000000000000003,2,2,,,,,,,,,,,,,,,,,,,"Reilin Ramirez","sa3022115",807826
"Deyer Zapata","ARI",0.0376,0.0601,0,6.78033,1,0,0,0,,1,5.013,1.1188,0.7976,0.75337,0.154889,0.9779,0.029,0.0513,0.5731,5.1579,8.8011,0.586052,1.394,0.114323,0.195073,-0.08075006306171417,0.280837,2.0967,0.296059,0.691064,0.401,,7.12144,-0.0311738,-0.0476533,999,,,,,,,3.8000000000000003,3.8000000000000003,4,4,,,,,,,,,,,,,,,,,,,"Deyer Zapata","sa3016063",700345
"Frainer Mejias","SFG",0.0356,0.0673,0.0062,6.99021,0.8285,0.0365,0,0,,1,4.982,1.1449,0.8209,0.77669,0.167556,0.9149,0.0236,0.0548,0.5657,5.0913,8.2341,0.618319,1.508,0.113549,0.183641,-0.0700923427939415,0.285348,2.0598,0.298058,0.678767,0.405986,,7.1224,-0.0311844,-0.0476533,999,,,,,,,3.8000000000000003,3.8000000000000003,4,4,,,,,,,,,,,,,,,,,,,"Frainer Mejias","sa3021535",808409
"Cristian Galindo","CIN",0.0364,0.0612,0,7.31484,1,0,0,0,,1,5.086,1.1582,0.8574,0.81276,0.183,1.0014,0.0294,0.0592,0.5878,5.2902,9.0126,0.586978,1.647,0.115572,0.196893,-0.08132127672433853,0.287723,2.1596,0.299637,0.684144,0.405337,,7.55168,-0.0311887,-0.0417128,999,,,,,,,3.8000000000000003,3.8000000000000003,4,4,,,,,,,,,,,,,,,,,,,"Cristian Galindo","sa3017986",699109
"Keywill Cedeno","COL",0.037,0.0606,0,6.95817,1,0,0,0,,1,4.948,1.1533,0.8163,0.77313,0.174889,0.8682,0.0286,0.0512,0.534,4.806,7.8138,0.615066,1.574,0.107922,0.175465,-0.06754244863986969,0.286278,2.0215,0.294728,0.678353,0.391014,,7.13024,-0.0312697,-0.0476533,999,,,,,,,3.8000000000000003,3.8000000000000003,4,4,,,,,,,,,,,,,,,,,,,"Keywill Cedeno","sa3021763",807982
"Kyle Leahy","STL",2.7309,2.7488,0,4.15005,56,0,0,9.9702,,56,240.24,56.5773,27.966,25.8225,6.80711,19.3369,1.2956,2.2604,44.5038,7.1524,3.10772,2.3015,1.094,0.185247,0.0804899,0.10475731641054153,0.258766,1.35561,0.297434,0.722283,0.447955,,4.31428,-0.0312727,0.0945532,999,,,,,,,247.10000000000008,4.412500000000001,256,4.571428571428571,6.62,5.67,5.08,4.62,4.23,3.87,3.52,3.15,2.7,5.21,4.94,4.75,4.6,4.46,4.33,4.19,4.03,3.82,"Kyle Leahy","24763",681517
"Junior Sanchez","ARI",0.037,0.0607,0,6.96528,1,0,0,0,,1,5,1.1491,0.8192,0.77392,0.160333,0.9391,0.0289,0.0529,0.5472,4.9248,8.4519,0.582686,1.443,0.10944,0.18782,-0.07837999612092972,0.286702,2.0882,0.299584,0.680891,0.422006,,7.13241,-0.0312934,-0.0476533,999,,,,,,,3.8000000000000003,3.8000000000000003,4,4,,,,,,,,,,,,,,,,,,,"Junior Sanchez","sa3022009",808087
"Eliezer Pena","COL",0.0322,0.0805,0.0164,7.06536,0.5053,0.1053,0,0,,1,4.928,1.198,0.8294,0.78504,0.179222,0.8069,0.0136,0.0525,0.4707,4.2363,7.2621,0.583344,1.613,0.0955154,0.163738,-0.06822241097688675,0.29445,2.0049,0.298003,0.670187,0.41001,,7.13317,-0.0313016,-0.0476533,999,,,,,,,1.8000000000000003,1.8000000000000003,2,2,,,,,,,,,,,,,,,,,,,"Eliezer Pena","sa3022119",807979
"Franderly Morel","LAD",0.0376,0.06,0,6.7671,1,0,0,0,,1,5.025,1.1172,0.7969,0.7519,0.150667,0.9986,0.029,0.0505,0.5691,5.1219,8.9874,0.569898,1.356,0.113254,0.198726,-0.08547263592481613,0.280993,2.1158,0.296835,0.692384,0.412006,,7.13425,-0.0313134,-0.0476533,999,,,,,,,3.8000000000000003,3.8000000000000003,4,4,,,,,,,,,,,,,,,,,,,"Franderly Morel","sa3020980",806918
"Lester Nin","MIA",0.0304,0.077,0.0102,7.14564,0.6825,0.0675,0,0,,1,4.942,1.1832,0.8364,0.79396,0.183444,0.8276,0.0191,0.0501,0.5261,4.7349,7.4484,0.635694,1.651,0.106455,0.167463,-0.061007700860500336,0.29112,2.0108,0.298011,0.669564,0.380828,,7.13216,-0.031366,-0.0448165,999,,,,,,,3.8000000000000003,3.8000000000000003,4,4,,,,,,,,,,,,,,,,,,,"Lester Nin","sa3019371",800043
"Ryan Bergert","SDP",0.8274,0.8361,0,4.26799,17,0,0,0.6081,,17,72.557,16.3408,8.6418,8.06176,2.51033,5.9935,0.4191,0.669,14.6897,7.7769,3.17303,2.45094,1.329,0.202457,0.082604,0.11985335499048233,0.247984,1.31378,0.284025,0.727557,0.384197,,4.53368,-0.0313954,-0.0329615,999,,,,,,,60.300000000000004,3.547058823529412,59,3.4705882352941178,8.08,6.29,5.24,4.49,3.89,3.36,2.88,2.4,1.87,5.32,5.04,4.84,4.68,4.54,4.4,4.26,4.09,3.88,"Ryan Bergert","sa3017418",686701
"Edwin Cervantes","CIN",0.0337,0.0705,0.0055,7.38567,0.7831,0.0461,0,0,,1,5.055,1.1787,0.8647,0.82063,0.193222,0.9529,0.0226,0.0512,0.5542,4.9878,8.5761,0.581593,1.739,0.109634,0.188506,-0.07887241244316101,0.290972,2.1316,0.298315,0.680731,0.396974,,7.58227,-0.031502,-0.0417128,999,,,,,,,3.8000000000000003,3.8000000000000003,4,4,,,,,,,,,,,,,,,,,,,"Edwin Cervantes","sa3020965",800099
"Austin Warren","NYM",0.4996,0.4791,0,4.24881,10,0,0,0.6719,,10,43.346,9.9506,5.103,4.7209,1.28222,3.7119,0.262,0.4759,8.3718,7.53462,3.34071,2.25539,1.154,0.193139,0.0856342,0.10750474780797958,0.254113,1.36625,0.293802,0.721262,0.438422,,4.41535,-0.0317425,-0.00252061,999,,,,,,,43.7,4.37,45,4.5,8.85,6.48,5.18,4.28,3.58,2.99,2.47,1.97,1.45,5.43,5.11,4.89,4.71,4.55,4.39,4.23,4.05,3.81,"Austin Warren","24937",681810
"Pitterson Rosa","PIT",0.0354,0.0622,0,7.15203,1,0,0,0,,1,5.063,1.1435,0.8396,0.79467,0.152889,1.0141,0.0292,0.0525,0.5651,5.0859,9.1269,0.557243,1.376,0.111614,0.200296,-0.08868258446455002,0.286132,2.1576,0.302162,0.678139,0.410188,,7.22364,-0.0319249,-0.044516,999,,,,,,,3.8000000000000003,3.8000000000000003,4,4,,,,,,,,,,,,,,,,,,,"Pitterson Rosa","sa3018839",800278
"Mado Villegas","MIA",0.0367,0.0609,0,7.06914,1,0,0,0,,1,4.98,1.1717,0.8296,0.78546,0.171667,0.8865,0.0288,0.0532,0.5131,4.6179,7.9785,0.578793,1.545,0.103032,0.178012,-0.07497990876436234,0.290003,2.0582,0.298025,0.675847,0.403999,,7.19105,-0.0319315,-0.0476533,999,,,,,,,3.8000000000000003,3.8000000000000003,4,4,,,,,,,,,,,,,,,,,,,"Mado Villegas","sa3018343",800574
"Jesus Clode","PIT",0.0367,0.0609,0,7.05888,1,0,0,0,,1,4.988,1.1591,0.8283,0.78432,0.171,0.9055,0.0288,0.0536,0.532,4.788,8.1495,0.587521,1.539,0.106656,0.181536,-0.0748797133564949,0.287696,2.0646,0.297093,0.67735,0.401004,,7.20278,-0.0320591,-0.0476533,999,,,,,,,3.8000000000000003,3.8000000000000003,4,4,,,,,,,,,,,,,,,,,,,"Jesus Clode","sa3015491",699018
"Cole Waites","SFG",0.7212,0.7464,0,4.10228,15,0,0,0.6315,,15,65.274,13.8243,7.3859,6.83713,1.75333,6.8999,0.3719,0.5864,14.8525,8.9115,4.13994,2.15257,1.052,0.227541,0.105707,0.12183411419391632,0.239226,1.38161,0.293114,0.730084,0.415912,,4.20296,-0.0321771,0.0498978,999,,,,,,,60.00000000000001,4.000000000000001,59,3.933333333333333,8.06,6.15,5.06,4.29,3.67,3.14,2.66,2.19,1.67,5.29,4.96,4.73,4.55,4.38,4.22,4.06,3.88,3.63,"Cole Waites","25665",686972
"Brandison Polanco","PIT",0.0366,0.061,0,7.09065,1,0,0,0,,1,4.978,1.1605,0.8311,0.78785,0.176333,0.8923,0.0288,0.0511,0.5306,4.7754,8.0307,0.594643,1.587,0.106589,0.179249,-0.0726597011089325,0.287637,2.0528,0.295753,0.676492,0.388997,,7.22781,-0.0323313,-0.0476533,999,,,,,,,3.8000000000000003,3.8000000000000003,4,4,,,,,,,,,,,,,,,,,,,"Brandison Polanco","sa3019279",801251
"Luis Ramirez","MIA",0.0341,0.0635,0,7.13709,1,0,0,0,,1,5.035,1.1686,0.8388,0.79301,0.159222,0.9531,0.0291,0.0589,0.521,4.689,8.5779,0.546637,1.433,0.103476,0.189295,-0.08581926673650742,0.29048,2.1217,0.301958,0.675641,0.426608,,7.23037,-0.0324344,-0.0448165,999,,,,,,,3.8000000000000003,3.8000000000000003,4,4,,,,,,,,,,,,,,,,,,,"Luis Ramirez","sa3018353",802092
"Miguel Martinez","STL",0.0373,0.0604,0,6.86952,1,0,0,0,,1,4.99,1.1326,0.8079,0.76328,0.159444,0.9415,0.0288,0.0547,0.5456,4.9104,8.4735,0.579501,1.435,0.109339,0.188677,-0.0793386921286583,0.28359,2.0741,0.295904,0.684108,0.410368,,7.13666,-0.0326048,-0.0485732,999,,,,,,,3.8000000000000003,3.8000000000000003,4,4,,,,,,,,,,,,,,,,,,,"Miguel Martinez","sa3015445",692392
"Onias Jimenez","ARI",0.0367,0.0609,0,7.03467,1,0,0,0,,1,5.045,1.1327,0.8274,0.78163,0.156556,1.0064,0.0291,0.0537,0.5624,5.0616,9.0576,0.558824,1.409,0.111477,0.199485,-0.08800792694091797,0.284248,2.1391,0.298886,0.683205,0.425992,,7.2572,-0.0326508,-0.0476533,999,,,,,,,3.8000000000000003,3.8000000000000003,4,4,,,,,,,,,,,,,,,,,,,"Onias Jimenez","sa3019505",805432
"Adrian Ogando","WSN",0.0352,0.0624,0,7.08552,1,0,0,0,,1,5.005,1.1562,0.8327,0.78728,0.165667,0.946,0.0289,0.056,0.4762,4.2858,8.514,0.503383,1.491,0.0951449,0.189011,-0.09386612474918365,0.288833,2.1022,0.294702,0.67878,0.420498,,7.37375,-0.0327182,-0.0468715,999,,,,,,,1.8000000000000003,1.8000000000000003,2,2,,,,,,,,,,,,,,,,,,,"Adrian Ogando","sa3017617",702890
"Domingo Geronimo","LAD",0.0365,0.0611,0,7.12017,1,0,0,0,,1,5.005,1.161,0.8354,0.79113,0.170556,0.9272,0.0289,0.0509,0.5253,4.7277,8.3448,0.566544,1.535,0.104955,0.185255,-0.08029969036579132,0.288311,2.0882,0.297338,0.677401,0.402991,,7.2674,-0.0327616,-0.0476533,999,,,,,,,3.8000000000000003,3.8000000000000003,4,4,,,,,,,,,,,,,,,,,,,"Domingo Geronimo","sa3018851",800383
"Abraham Gaitan","CIN",0.0279,0.085,0.0081,7.77267,0.5053,0.1053,0,0,,1,4.972,1.2663,0.9067,0.86363,0.230778,0.7697,0.0137,0.051,0.4593,4.1337,6.9273,0.596726,2.077,0.0923773,0.154807,-0.06242959946393967,0.305037,2.036,0.299178,0.659287,0.388399,,7.71009,-0.0327901,-0.0416936,999,,,,,,,1.8000000000000003,1.8000000000000003,2,2,,,,,,,,,,,,,,,,,,,"Abraham Gaitan","sa3020492",806675
"Jairon Digon","ARI",0.0341,0.0711,0.0079,7.14429,0.7493,0.0533,0,0,,1,5.012,1.1345,0.8372,0.79381,0.174,0.9558,0.0213,0.0506,0.588,5.292,8.6022,0.615191,1.566,0.117318,0.190702,-0.0733838677406311,0.283228,2.0903,0.296122,0.678562,0.388016,,7.27168,-0.0328081,-0.0476533,999,,,,,,,3.8000000000000003,3.8000000000000003,4,4,,,,,,,,,,,,,,,,,,,"Jairon Digon","sa3022148",811138
"Franklyn Moreta","MIA",0.0365,0.0611,0,7.1199,1,0,0,0,,1,5.013,1.1607,0.8357,0.7911,0.168556,0.9344,0.029,0.0537,0.5245,4.7205,8.4096,0.561323,1.517,0.104628,0.186395,-0.08176741003990173,0.28838,2.0951,0.297776,0.677417,0.408004,,7.273,-0.0328224,-0.0476533,999,,,,,,,3.8000000000000003,3.8000000000000003,4,4,,,,,,,,,,,,,,,,,,,"Franklyn Moreta","sa3018888",802089
"Wilmis Paulino","COL",0.0364,0.0612,0,7.1685,1,0,0,0,,1,4.99,1.1839,0.8405,0.7965,0.175556,0.8814,0.0288,0.0551,0.4926,4.4334,7.9326,0.558884,1.58,0.0987174,0.176633,-0.07791583240032196,0.292069,2.0653,0.297856,0.673144,0.400006,,7.273,-0.0328224,-0.0476533,999,,,,,,,1.8000000000000003,1.8000000000000003,2,2,,,,,,,,,,,,,,,,,,,"Wilmis Paulino","sa3021815",811637
"Lisnerkin Lantigua","CIN",0.0354,0.0622,0,7.64577,1,0,0,0,,1,5.081,1.194,0.8944,0.84953,0.198778,0.9688,0.0293,0.0521,0.5501,4.9509,8.7192,0.567816,1.789,0.108266,0.190671,-0.08240503072738647,0.294081,2.1628,0.30056,0.673066,0.410311,,7.71309,-0.0328403,-0.0417128,999,,,,,,,3.8000000000000003,3.8000000000000003,4,4,,,,,,,,,,,,,,,,,,,"Lisnerkin Lantigua","sa3019258",800128
"Johan Rodriguez","SFG",0.0331,0.0789,0.0192,6.73416,0.5242,0.1012,0,0,,1,4.947,1.1468,0.794,0.74824,0.155556,0.862,0.0142,0.0509,0.5435,4.8915,7.758,0.63051,1.4,0.109865,0.174247,-0.06438244879245758,0.284277,2.0088,0.297221,0.678272,0.428997,,6.8404,-0.0328623,-0.0507619,999,,,,,,,3.8000000000000003,3.8000000000000003,4,4,,,,,,,,,,,,,,,,,,,"Johan Rodriguez","sa3021807",810978
"Angel Tello","LAD",0.0365,0.0612,0,7.12872,1,0,0,0,,1,5.01,1.1735,0.8372,0.79208,0.167667,0.9255,0.0289,0.0507,0.4944,4.4496,8.3295,0.534198,1.509,0.0986826,0.184731,-0.08604790270328522,0.290917,2.099,0.298313,0.676835,0.415993,,7.28595,-0.032963,-0.0476533,999,,,,,,,1.8000000000000003,1.8000000000000003,2,2,,,,,,,,,,,,,,,,,,,"Angel Tello","sa3019121",702894
"Jesus Lopez","SFG",0.0364,0.0612,0,7.13808,1,0,0,0,,1,5.018,1.1842,0.839,0.79312,0.164667,0.9239,0.029,0.0535,0.4757,4.2813,8.3151,0.514883,1.482,0.0947987,0.184117,-0.08931844681501389,0.293075,2.1081,0.299842,0.675928,0.426999,,7.28795,-0.0329847,-0.0476533,999,,,,,,,1.8000000000000003,1.8000000000000003,2,2,,,,,,,,,,,,,,,,,,,"Jesus Lopez","sa3021529",808362
"Peter Bonilla","LAD",0.0371,0.0605,0,6.921,1,0,0,0,,1,5.043,1.111,0.8125,0.769,0.161111,1.0096,0.0291,0.0517,0.5746,5.1714,9.0864,0.569136,1.45,0.11394,0.200198,-0.0862581878900528,0.279027,2.1206,0.292635,0.690274,0.383995,,7.29562,-0.0330681,-0.0476533,999,,,,,,,3.8000000000000003,3.8000000000000003,4,4,,,,,,,,,,,,,,,,,,,"Peter Bonilla","sa3018850",800361
"Nelfri Payano","CIN",0.0354,0.0622,0,7.6572,1,0,0,0,,1,5.123,1.1822,0.8967,0.8508,0.189333,1.0221,0.0296,0.0611,0.5694,5.1246,9.1989,0.557088,1.704,0.111146,0.199512,-0.08836618065834045,0.292638,2.2043,0.302605,0.674287,0.42484,,7.73861,-0.0331011,-0.0417128,999,,,,,,,3.8000000000000003,3.8000000000000003,4,4,,,,,,,,,,,,,,,,,,,"Nelfri Payano","sa3019260",800152
"Alexis De La Cruz","PHI",0.0341,0.0713,0.0072,7.3359,0.7419,0.0549,0,0,,1,5.019,1.1573,0.8595,0.8151,0.184444,0.9524,0.0211,0.055,0.5128,4.6152,8.5716,0.538429,1.66,0.102172,0.189759,-0.08758718520402908,0.288488,2.1097,0.293528,0.675244,0.403162,,7.56086,-0.0332766,-0.0459455,999,,,,,,,3.8000000000000003,3.8000000000000003,4,4,,,,,,,,,,,,,,,,,,,"Alexis De La Cruz","sa3022007",808057
"Yoan Valdez","COL",0.0364,0.0612,0,7.15212,1,0,0,0,,1,5.013,1.1676,0.8393,0.79468,0.170333,0.9291,0.029,0.0524,0.5045,4.5405,8.3619,0.542999,1.533,0.100638,0.185338,-0.08469977229833603,0.289619,2.0967,0.2971,0.676664,0.408001,,7.31631,-0.0332927,-0.0476533,999,,,,,,,3.8000000000000003,3.8000000000000003,4,4,,,,,,,,,,,,,,,,,,,"Yoan Valdez","sa3019292",805009
"Ethan Roberts","CHC",1.7056,1.7192,0,4.22926,35,0,0,0.6254,,35,151.057,32.7764,17.633,16.4471,4.71333,14.5627,0.8279,1.6918,34.3624,8.83605,3.74469,2.35962,1.212,0.22748,0.0964053,0.13107435405254364,0.243144,1.35255,0.293158,0.729155,0.383959,,4.34682,-0.0333271,-0.0132965,999,,,,,,,132.7,3.791428571428571,131,3.742857142857143,7.18,5.94,5.18,4.61,4.13,3.71,3.3,2.88,2.38,5.41,5.07,4.84,4.66,4.49,4.32,4.16,3.97,3.72,"Ethan Roberts","24930",681799
"Kinn Omosako","LAD",0.0364,0.0612,0,7.15635,1,0,0,0,,1,5.025,1.1549,0.8396,0.79515,0.169,0.9541,0.029,0.0526,0.5301,4.7709,8.5869,0.555602,1.521,0.105493,0.189871,-0.08437810838222504,0.28741,2.109,0.297029,0.677953,0.404405,,7.32338,-0.0333694,-0.0476533,999,,,,,,,3.8000000000000003,3.8000000000000003,4,4,,,,,,,,,,,,,,,,,,,"Kinn Omosako","sa3016948",700348
"Kevin Tejada","COL",0.0363,0.0613,0,7.18596,1,0,0,0,,1,5.01,1.164,0.8422,0.79844,0.175222,0.9216,0.0289,0.0539,0.5189,4.6701,8.2944,0.563043,1.577,0.103573,0.183952,-0.08037923276424408,0.288512,2.0856,0.296008,0.675655,0.39399,,7.33307,-0.0334746,-0.0476533,999,,,,,,,3.8000000000000003,3.8000000000000003,4,4,,,,,,,,,,,,,,,,,,,"Kevin Tejada","sa3022046",813979
"Alvaro Benua","LAD",0.0366,0.061,0,7.09308,1,0,0,0,,1,5.097,1.09,0.8331,0.78812,0.155556,1.089,0.0294,0.0614,0.6507,5.8563,9.801,0.597521,1.4,0.127663,0.213655,-0.0859917551279068,0.276187,2.179,0.297561,0.686256,0.409008,,7.3385,-0.0335336,-0.0476533,999,,,,,,,3.8000000000000003,3.8000000000000003,4,4,,,,,,,,,,,,,,,,,,,"Alvaro Benua","sa3018032",703620
"Angel Cruz","LAD",0.0365,0.0612,0,7.14051,1,0,0,0,,1,5.068,1.1094,0.8376,0.79339,0.163556,1.04,0.0293,0.0556,0.6196,5.5764,9.36,0.595769,1.472,0.122257,0.205209,-0.08295184373855591,0.279277,2.1494,0.296573,0.683079,0.397013,,7.3403,-0.0335531,-0.0476533,999,,,,,,,3.8000000000000003,3.8000000000000003,4,4,,,,,,,,,,,,,,,,,,,"Angel Cruz","sa3020988",807654
"Johan Minaya","SDP",0.0306,0.0821,0.0135,7.30107,0.5086,0.1046,0,0,,1,4.978,1.1936,0.8547,0.81123,0.186444,0.8524,0.0138,0.0573,0.4853,4.3677,7.6716,0.569334,1.678,0.0974889,0.171233,-0.07374446839094162,0.29339,2.046,0.296523,0.667403,0.391011,,7.34876,-0.0336448,-0.0476533,999,,,,,,,1.8000000000000003,1.8000000000000003,2,2,,,,,,,,,,,,,,,,,,,"Johan Minaya","sa3022041",811597
"Yoryi Simarra","LAD",0.0363,0.0613,0,7.17534,1,0,0,0,,1,5.045,1.1429,0.8418,0.79726,0.167444,0.9887,0.0291,0.0512,0.5504,4.9536,8.8983,0.556691,1.507,0.109098,0.195976,-0.08687809109687805,0.285361,2.1316,0.296739,0.679852,0.404002,,7.36216,-0.0337902,-0.0476533,999,,,,,,,3.8000000000000003,3.8000000000000003,4,4,,,,,,,,,,,,,,,,,,,"Yoryi Simarra","sa3019155",800366
"Jhosep Chirinos","NYM",0.0388,0.0589,0,6.92001,1,0,0,0,,1,5.053,1.0858,0.8131,0.76889,0.161889,1.0331,0.0292,0.0558,0.6423,5.7807,9.2979,0.621721,1.457,0.127113,0.204453,-0.07734018564224243,0.273908,2.1189,0.292385,0.690076,0.400156,,7.25314,-0.0338927,-0.0515498,999,,,,,,,3.8000000000000003,3.8000000000000003,4,4,,,,,,,,,,,,,,,,,,,"Jhosep Chirinos","sa3019144",800242
"Jan Caraballo","SFG",0.0362,0.0614,0,7.20189,1,0,0,0,,1,5.035,1.1657,0.8452,0.80021,0.168778,0.9589,0.0291,0.0496,0.5054,4.5486,8.6301,0.527062,1.519,0.100377,0.190447,-0.09006951004266739,0.289507,2.1246,0.297383,0.677537,0.41101,,7.37529,-0.0339326,-0.0476533,999,,,,,,,3.8000000000000003,3.8000000000000003,4,4,,,,,,,,,,,,,,,,,,,"Jan Caraballo","sa3015485",698959
"Samuel Fabian","STL",0.0368,0.0608,0,7.00767,1,0,0,0,,1,5.023,1.1445,0.8237,0.77863,0.160111,0.9645,0.029,0.0561,0.5256,4.7304,8.6805,0.544946,1.441,0.104639,0.192017,-0.08737806230783463,0.285953,2.109,0.296799,0.681913,0.413371,,7.25852,-0.0339505,-0.0485732,999,,,,,,,3.8000000000000003,3.8000000000000003,4,4,,,,,,,,,,,,,,,,,,,"Samuel Fabian","sa3016711",699022
"Shelby Miller","ARI",2.7633,2.7168,0,4.32675,56,0,0,9.6164,,56,241.171,54.0291,28.7946,26.922,7.27378,21.0379,1.4355,2.6927,53.4038,8.58275,3.38109,2.53846,1.169,0.221435,0.0872323,0.13420311361551285,0.248478,1.34048,0.298255,0.713159,0.377662,,4.21904,-0.033974,0.0853328,999,,,,,,,261.9000000000001,4.676785714285716,263,4.696428571428571,6.8,5.83,5.23,4.76,4.36,3.99,3.63,3.25,2.79,5.42,5.12,4.91,4.74,4.59,4.44,4.29,4.12,3.89,"Shelby Miller","10197",571946
"Odarlin Cruz","COL",0.0361,0.0615,0,7.24869,1,0,0,0,,1,5.035,1.164,0.8496,0.80541,0.173111,0.9502,0.0291,0.0541,0.5237,4.7133,8.5518,0.551147,1.558,0.104012,0.188719,-0.08470705151557922,0.288784,2.1142,0.297217,0.67559,0.398003,,7.38242,-0.03401,-0.0476533,999,,,,,,,3.8000000000000003,3.8000000000000003,4,4,,,,,,,,,,,,,,,,,,,"Odarlin Cruz","sa3021814",811636
"Juan Severino","STL",0.0338,0.0735,0.0105,7.07139,0.6825,0.0675,0,0,,1,4.983,1.1707,0.8303,0.78571,0.170889,0.8942,0.0192,0.054,0.4835,4.3515,8.0478,0.540707,1.538,0.0970299,0.17945,-0.0824202299118042,0.290151,2.0649,0.295766,0.67625,0.406361,,7.26564,-0.034029,-0.0485732,999,,,,,,,1.8000000000000003,1.8000000000000003,2,2,,,,,,,,,,,,,,,,,,,"Juan Severino","sa3016290",702100
"Jose Regalado","PIT",0.0354,0.0622,0,7.17003,1,0,0,0,,1,5.139,1.13,0.8417,0.79667,0.145444,1.105,0.0297,0.0536,0.5571,5.0139,9.945,0.504163,1.309,0.108406,0.215022,-0.1066160798072815,0.283891,2.235,0.300366,0.685889,0.401566,,7.41886,-0.0340427,-0.044516,999,,,,,,,3.8000000000000003,3.8000000000000003,4,4,,,,,,,,,,,,,,,,,,,"Jose Regalado","sa3022049",814219
"Grant Wolfram","MIL",0.8641,0.897,0,4.24844,18,0,0,0.5961,,18,78.5,17.0838,9.1493,8.49688,2.396,8.1598,0.4534,0.7619,16.8298,8.4149,4.0799,2.06253,1.198,0.214392,0.103946,0.11044585704803467,0.245533,1.40242,0.291699,0.735262,0.406885,,4.5139,-0.0340629,0.0424067,999,,,,,,,75.40000000000002,4.18888888888889,75,4.166666666666667,8.01,6.26,5.25,4.51,3.91,3.39,2.92,2.44,1.91,5.37,5.07,4.86,4.69,4.53,4.39,4.23,4.06,3.83,"Grant Wolfram","sa3008313",664991
"Marco Patino","ATL",0.0358,0.0732,0.011,7.24509,0.6248,0.0798,0,0,,1,4.987,1.2172,0.8504,0.80501,0.174333,0.8567,0.0174,0.052,0.468,4.212,7.7103,0.546282,1.569,0.093844,0.171787,-0.07794265449047089,0.298458,2.0739,0.303515,0.66864,0.420854,,7.22291,-0.0342039,-0.0462275,999,,,,,,,1.8000000000000003,1.8000000000000003,2,2,,,,,,,,,,,,,,,,,,,"Marco Patino","sa3019537",805173
"Jordan Valenzuela","SDP",0.0329,0.0737,0.0087,7.26525,0.7056,0.0626,0,0,,1,5.063,1.1688,0.8537,0.80725,0.163111,0.9853,0.0202,0.0592,0.5058,4.5522,8.8677,0.513346,1.468,0.0999012,0.194608,-0.09470668435096741,0.290855,2.1541,0.300242,0.675271,0.430991,,7.40882,-0.0342962,-0.0476533,999,,,,,,,3.8000000000000003,3.8000000000000003,4,4,,,,,,,,,,,,,,,,,,,"Jordan Valenzuela","sa3021820",814227
"Abel Fuerte","ARI",0.0361,0.0615,0,7.23195,1,0,0,0,,1,5.089,1.1647,0.8505,0.80355,0.155889,1.0244,0.0294,0.056,0.5039,4.5351,9.2196,0.491898,1.403,0.0990175,0.201297,-0.1022794246673584,0.29055,2.1891,0.301245,0.679197,0.440003,,7.42644,-0.034487,-0.0476533,999,,,,,,,3.8000000000000003,3.8000000000000003,4,4,,,,,,,,,,,,,,,,,,,"Abel Fuerte","sa3021475",800274
"Jose Meneses","MIL",0.0325,0.0765,0.0123,7.10442,0.6248,0.0798,0,0,,1,5.078,1.1603,0.8356,0.78938,0.162444,1.0029,0.0177,0.0568,0.4954,4.4586,9.0261,0.493968,1.462,0.0975581,0.197499,-0.09994091093540192,0.288754,2.1632,0.296941,0.685822,0.424219,,7.46656,-0.0344952,-0.0470976,999,,,,,,,1.8000000000000003,1.8000000000000003,2,2,,,,,,,,,,,,,,,,,,,"Jose Meneses","sa3019158",800427
"Christian Avendano","SFG",0.0364,0.0612,0,6.82965,1,0,0,0,,1,5.023,1.1211,0.8042,0.75885,0.150444,0.9674,0.029,0.0491,0.5905,5.3145,8.7066,0.610399,1.354,0.117559,0.192594,-0.07503484934568405,0.27982,2.0885,0.297241,0.68391,0.41893,,6.99076,-0.0345879,-0.0507902,999,,,,,,,3.8000000000000003,3.8000000000000003,4,4,,,,,,,,,,,,,,,,,,,"Christian Avendano","sa3015777",699032
"Melvyn Amador","CHC",0.0322,0.078,0.0128,7.18317,0.5877,0.0877,0,0,,1,5.055,1.1718,0.8432,0.79813,0.165778,0.9734,0.0165,0.0496,0.4761,4.2849,8.7606,0.48911,1.492,0.094184,0.192562,-0.09837783873081207,0.290625,2.1452,0.296751,0.680567,0.404988,,7.43839,-0.0346166,-0.0476533,999,,,,,,,1.8000000000000003,1.8000000000000003,2,2,,,,,,,,,,,,,,,,,,,"Melvyn Amador","sa3019187",805059
"Michael Vilchez","LAD",0.0359,0.0617,0,7.32258,1,0,0,0,,1,5.053,1.1517,0.857,0.81362,0.176667,0.9747,0.0292,0.0559,0.5476,4.9284,8.7723,0.561814,1.59,0.108371,0.192895,-0.08452405035495758,0.286322,2.1264,0.295632,0.675548,0.384002,,7.45975,-0.0348479,-0.0476533,999,,,,,,,3.8000000000000003,3.8000000000000003,4,4,,,,,,,,,,,,,,,,,,,"Michael Vilchez","sa3016605",699074
"Kevin Camacho","CHC",0.0359,0.0617,0,7.32978,1,0,0,0,,1,5.063,1.1652,0.859,0.81442,0.171778,0.9813,0.0292,0.054,0.5173,4.6557,8.8317,0.527158,1.546,0.102173,0.193818,-0.0916452631354332,0.289297,2.1465,0.297555,0.675494,0.402001,,7.47089,-0.0349685,-0.0476533,999,,,,,,,3.8000000000000003,3.8000000000000003,4,4,,,,,,,,,,,,,,,,,,,"Kevin Camacho","sa3021577",814268
"Tommy Doyle","COL",0.92,1.1333,0,4.93468,21,0,0,0.5573,,21,92.797,22.6918,12.3416,11.5142,3.01,8.7367,0.5147,0.8032,17.2714,7.40203,3.7443,1.97688,1.29,0.18612,0.0941485,0.0919717326760292,0.272551,1.4966,0.31253,0.70135,0.45017,,4.74776,-0.0351028,0.0510692,999,,,,,,,66.7,3.1761904761904765,74,3.5238095238095237,8.76,7.07,6.06,5.32,4.7,4.16,3.64,3.12,2.52,6.19,5.85,5.61,5.42,5.25,5.08,4.9,4.71,4.45,"Tommy Doyle","21281",656382
"Engel Silvestre","COL",0.0358,0.0618,0,7.36929,1,0,0,0,,1,5.081,1.1616,0.8635,0.81881,0.170222,1.0066,0.0293,0.0527,0.5306,4.7754,9.0594,0.527121,1.532,0.104428,0.198111,-0.09368235617876053,0.288833,2.1682,0.298529,0.676049,0.402989,,7.49607,-0.0352411,-0.0476533,999,,,,,,,3.8000000000000003,3.8000000000000003,4,4,,,,,,,,,,,,,,,,,,,"Engel Silvestre","sa3022397",815437
"Fraimin Marte","CHC",0.0366,0.061,0,7.13241,1,0,0,0,,1,5.018,1.147,0.8369,0.79249,0.17,0.9527,0.029,0.0575,0.5319,4.7871,8.5743,0.558308,1.53,0.105998,0.189857,-0.08385811001062393,0.286192,2.0997,0.295532,0.678305,0.40301,,7.34328,-0.0353212,-0.0496453,999,,,,,,,3.8000000000000003,3.8000000000000003,4,4,,,,,,,,,,,,,,,,,,,"Fraimin Marte","sa3015462",692849
"Jhonny Jimenez","LAD",0.0358,0.0618,0,7.35471,1,0,0,0,,1,5.063,1.1643,0.8615,0.81719,0.174333,0.9827,0.0292,0.0518,0.5125,4.6125,8.8443,0.521522,1.569,0.101225,0.194094,-0.0928698405623436,0.289016,2.147,0.296249,0.675536,0.396998,,7.51131,-0.035406,-0.0476533,999,,,,,,,3.8000000000000003,3.8000000000000003,4,4,,,,,,,,,,,,,,,,,,,"Jhonny Jimenez","sa3016506",699075
"Elvin Jimenez","MIA",0.0359,0.0617,0,7.32195,1,0,0,0,,1,5.112,1.135,0.859,0.81355,0.162556,1.0669,0.0295,0.0565,0.5651,5.0859,9.6021,0.529665,1.463,0.110544,0.208705,-0.09816118329763412,0.284561,2.2019,0.298209,0.680183,0.411987,,7.5197,-0.0354968,-0.0476533,999,,,,,,,3.8000000000000003,3.8000000000000003,4,4,,,,,,,,,,,,,,,,,,,"Elvin Jimenez","sa3019756",805983
"Jarlen De La Paz","PIT",0.0315,0.0776,0.0101,7.36506,0.6248,0.0798,0,0,,1,5.104,1.1627,0.8634,0.81834,0.163333,1.0165,0.0178,0.066,0.5072,4.5648,9.1485,0.498967,1.47,0.099373,0.199158,-0.0997844785451889,0.289121,2.1792,0.298232,0.674585,0.404015,,7.52291,-0.0355315,-0.0476533,999,,,,,,,3.8000000000000003,3.8000000000000003,4,4,,,,,,,,,,,,,,,,,,,"Jarlen De La Paz","sa3018333",800437
"Randy Rodríguez","SFG",2.5899,2.5963,0,3.97347,53,0,0,6.6942,,53,229.437,47.2214,25.2688,23.3993,6.22456,23.9718,1.2314,2.7379,53.5185,9.08805,4.07068,2.23256,1.057,0.23326,0.104481,0.12877915799617767,0.232931,1.34327,0.286723,0.735039,0.398792,,4.18556,-0.0356197,0.148109,999,,,,,,,251.20000000000005,4.739622641509435,242,4.566037735849057,6.44,5.47,4.86,4.4,4.01,3.65,3.3,2.94,2.5,5.04,4.76,4.56,4.4,4.25,4.11,3.97,3.8,3.59,"Randy Rodriguez","23974",678495
"Carlos Gomez","SFG",0.0357,0.0619,0,7.38189,1,0,0,0,,1,5.089,1.1555,0.8649,0.82021,0.170444,1.0222,0.0294,0.051,0.5351,4.8159,9.1998,0.523479,1.534,0.105148,0.200865,-0.09571624547243118,0.287738,2.1777,0.297577,0.677023,0.401003,,7.53166,-0.0356261,-0.0476533,999,,,,,,,3.8000000000000003,3.8000000000000003,4,4,,,,,,,,,,,,,,,,,,,"Carlos Gomez","sa3019733",800381
"Lucas Sims","WSN",2.6815,2.9918,0,4.40748,58,0,1.157,10.7228,,58,253.054,51.0741,30.1652,28.4038,8.42933,29.0893,1.4148,3.3798,59.8678,9.28983,4.51386,2.05807,1.308,0.236581,0.114953,0.12162819504737854,0.231539,1.38213,0.280028,0.731371,0.305328,,4.67084,-0.0356474,0.0640421,733.5399780273438,,,,,,,271.20000000000005,4.675862068965518,259,4.4655172413793105,6.83,5.88,5.28,4.82,4.42,4.05,3.7,3.32,2.86,5.47,5.17,4.97,4.8,4.64,4.49,4.34,4.17,3.94,"Lucas Sims","13470",608371
"Jecsua Liborius","LAD",0.0357,0.0619,0,7.37199,1,0,0,0,,1,5.089,1.1675,0.8646,0.81911,0.167667,1.0155,0.0294,0.0508,0.5019,4.5171,9.1395,0.494239,1.509,0.0986245,0.199548,-0.10092353820800781,0.290228,2.183,0.298179,0.676704,0.414004,,7.54125,-0.0357298,-0.0476533,999,,,,,,,3.8000000000000003,3.8000000000000003,4,4,,,,,,,,,,,,,,,,,,,"Jecsua Liborius","sa3021742",807403
"Jimmy Reyes","SDP",0.031,0.0817,0.0136,7.33563,0.5086,0.1046,0,0,,1,4.976,1.1943,0.8595,0.81507,0.191111,0.8688,0.0139,0.058,0.4253,3.8277,7.8192,0.489526,1.72,0.0854703,0.174598,-0.0891278088092804,0.294947,2.0631,0.292237,0.670326,0.403021,,7.58072,-0.0357625,-0.050061,999,,,,,,,1.8000000000000003,1.8000000000000003,2,2,,,,,,,,,,,,,,,,,,,"Jimmy Reyes","sa3022277",811601
"Ruver Flores","COL",0.0357,0.0619,0,7.38279,1,0,0,0,,1,5.084,1.1586,0.865,0.82031,0.171556,1.0118,0.0294,0.0533,0.5222,4.6998,9.1062,0.51611,1.544,0.102714,0.199017,-0.09630212932825089,0.288288,2.1704,0.296843,0.676295,0.400999,,7.5476,-0.0357986,-0.0476533,999,,,,,,,3.8000000000000003,3.8000000000000003,4,4,,,,,,,,,,,,,,,,,,,"Ruver Flores","sa3021571",814032
"Andy Luis","WSN",0.0343,0.0633,0,7.38108,1,0,0,0,,1,5.086,1.1604,0.8659,0.82012,0.167444,1.0313,0.0294,0.0533,0.4657,4.1913,9.2817,0.451566,1.507,0.0915651,0.202772,-0.11120722442865372,0.289999,2.1917,0.294798,0.677369,0.417924,,7.66566,-0.0358561,-0.046862,999,,,,,,,1.8000000000000003,1.8000000000000003,2,2,,,,,,,,,,,,,,,,,,,"Andy Luis","sa3015633",692451
"Frederic Frias","ARI",0.0357,0.0619,0,7.35498,1,0,0,0,,1,5.128,1.168,0.8647,0.81722,0.154889,1.0634,0.0296,0.0582,0.4939,4.4451,9.5706,0.464454,1.394,0.0963144,0.207371,-0.11105695366859436,0.291534,2.2314,0.301736,0.678413,0.44401,,7.55704,-0.0359006,-0.0476533,999,,,,,,,1.8000000000000003,1.8000000000000003,2,2,,,,,,,,,,,,,,,,,,,"Frederic Frias","sa3021480",806698
"Bernard Mack","STL",0.0361,0.0615,0,7.25202,1,0,0,0,,1,5.131,1.1315,0.8502,0.80578,0.160889,1.0867,0.0296,0.0523,0.5433,4.8897,9.7803,0.499954,1.448,0.105886,0.211791,-0.10590527951717377,0.283442,2.2182,0.295215,0.686418,0.390991,,7.58844,-0.03624,-0.0476533,999,,,,,,,3.8000000000000003,3.8000000000000003,4,4,,,,,,,,,,,,,,,,,,,"Bernard Mack","sa3021771",808088
"Wilme Mora","CHC",0.0327,0.0746,0.009,7.29639,0.6825,0.0675,0,0,,1,5.048,1.1744,0.8568,0.81071,0.167889,0.9667,0.0194,0.0574,0.4969,4.4721,8.7003,0.514017,1.511,0.098435,0.191502,-0.09306656569242477,0.291856,2.1411,0.299636,0.6738,0.424049,,7.42754,-0.0362433,-0.0496359,999,,,,,,,1.8000000000000003,1.8000000000000003,2,2,,,,,,,,,,,,,,,,,,,"Wilme Mora","sa3019835",805738
"Lenin Mendez","MIL",0.0355,0.0621,0,7.46172,1,0,0,0,,1,5.094,1.1812,0.8744,0.82908,0.171444,1.002,0.0294,0.0542,0.4847,4.3623,9.018,0.483733,1.543,0.0951512,0.196702,-0.10155084729194641,0.292536,2.1832,0.298598,0.673536,0.409991,,7.59446,-0.036305,-0.0476533,999,,,,,,,1.8000000000000003,1.8000000000000003,2,2,,,,,,,,,,,,,,,,,,,"Lenin Mendez","sa3021777",808213
"Antoni Cuello","STL",0.0361,0.0615,0,7.25859,1,0,0,0,,1,5.058,1.176,0.8518,0.80651,0.166333,0.9756,0.0292,0.0518,0.4634,4.1706,8.7804,0.47499,1.497,0.0916172,0.192883,-0.1012653112411499,0.291768,2.1516,0.296885,0.677426,0.412364,,7.48421,-0.0364354,-0.0485732,999,,,,,,,1.8000000000000003,1.8000000000000003,2,2,,,,,,,,,,,,,,,,,,,"Antoni Cuello","sa3015947",692391
"Misael Lopez","NYM",0.0361,0.0615,0,7.2486,1,0,0,0,,1,5.155,1.1326,0.8509,0.8054,0.154444,1.1126,0.0298,0.0579,0.5379,4.8411,10.0134,0.483462,1.39,0.104345,0.215829,-0.11148399859666824,0.284251,2.2452,0.297117,0.687193,0.407996,,7.60996,-0.0364725,-0.0476533,999,,,,,,,3.8000000000000003,3.8000000000000003,4,4,,,,,,,,,,,,,,,,,,,"Misael Lopez","sa3021518",808211
"Jeiki Beltran","ATL",0.0322,0.0733,0.0064,7.53525,0.7419,0.0549,0,0,,1,5.075,1.1795,0.8811,0.83725,0.182778,0.971,0.0214,0.0554,0.5037,4.5333,8.739,0.518744,1.645,0.0992512,0.19133,-0.09207881987094879,0.291335,2.1505,0.296456,0.670006,0.387997,,7.61439,-0.0365204,-0.0476533,999,,,,,,,3.8000000000000003,3.8000000000000003,4,4,,,,,,,,,,,,,,,,,,,"Jeiki Beltran","sa3022344",815194
"Darwin Rodriguez","MIA",0.033,0.0645,0,7.53507,1,0,0,0,,1,5.107,1.1711,0.8817,0.83723,0.172889,1.0203,0.0295,0.0542,0.5124,4.6116,9.1827,0.502205,1.556,0.100333,0.199785,-0.09945175051689148,0.290415,2.1914,0.298222,0.671863,0.395904,,7.61274,-0.036587,-0.044826,999,,,,,,,3.8000000000000003,3.8000000000000003,4,4,,,,,,,,,,,,,,,,,,,"Darwin Rodriguez","sa3018877",801270
"Joldelanio De Los Santos","LAD",0.0356,0.062,0,7.43229,1,0,0,0,,1,5.131,1.1428,0.8711,0.82581,0.165667,1.0715,0.0296,0.0614,0.5491,4.9419,9.6435,0.512459,1.491,0.107016,0.208829,-0.10181250423192978,0.285836,2.2143,0.297604,0.677574,0.408008,,7.62065,-0.0365879,-0.0476533,999,,,,,,,3.8000000000000003,3.8000000000000003,4,4,,,,,,,,,,,,,,,,,,,"Joldelanio De Los Santos","sa3018804",702891
"Mick Abel","PHI",1.0666,1.086,0,4.39194,22,0,0,0.5848,,22,95.861,20.7355,11.5401,10.7359,3.00667,10.2232,0.5537,1.0512,20.1699,8.25132,4.18222,1.97295,1.23,0.210408,0.106646,0.1037617102265358,0.245139,1.40721,0.288696,0.725946,0.411576,,4.64694,-0.0368253,-0.0285241,999,,,,,,,82.30000000000001,3.7409090909090916,82,3.727272727272727,7.93,6.35,5.42,4.72,4.16,3.66,3.19,2.72,2.18,5.44,5.17,4.98,4.83,4.69,4.55,4.41,4.25,4.04,"Mick Abel","sa3014534",690953
"Darlin Mendez","SDP",0.0353,0.0622,0,7.51329,1,0,0,0,,1,5.118,1.1633,0.8796,0.83481,0.172,1.0407,0.0296,0.0552,0.5232,4.7088,9.3663,0.502739,1.548,0.102227,0.203341,-0.1011137142777443,0.289227,2.204,0.297965,0.674613,0.399989,,7.64378,-0.0368377,-0.0476533,999,,,,,,,3.8000000000000003,3.8000000000000003,4,4,,,,,,,,,,,,,,,,,,,"Darlin Mendez","sa3021035",811596
"Saul Siri","CHC",0.0319,0.0736,0.0061,7.56315,0.7419,0.0549,0,0,,1,5.1,1.1909,0.8859,0.84035,0.174889,1.0018,0.0216,0.0514,0.4753,4.2777,9.0162,0.474446,1.574,0.0931961,0.196431,-0.10323528200387955,0.294282,2.1927,0.299125,0.670892,0.410996,,7.64903,-0.0368945,-0.0476533,999,,,,,,,1.8000000000000003,1.8000000000000003,2,2,,,,,,,,,,,,,,,,,,,"Saul Siri","sa3022047",814031
"Brailyn Paulino","STL",0.0325,0.0718,0.0051,7.55613,0.7831,0.0461,0,0,,1,5.097,1.1802,0.8842,0.83957,0.177889,0.9918,0.0228,0.0633,0.4972,4.4748,8.9262,0.501311,1.601,0.0975476,0.194585,-0.09703746438026428,0.291991,2.172,0.297703,0.669698,0.399021,,7.64994,-0.0369042,-0.0476533,999,,,,,,,1.8000000000000003,1.8000000000000003,2,2,,,,,,,,,,,,,,,,,,,"Brailyn Paulino","sa3022038",809330
"Yansel Marine","ATL",0.0359,0.0617,0,7.32645,1,0,0,0,,1,5.147,1.1653,0.86,0.81405,0.156889,1.0789,0.0297,0.0533,0.4741,4.2669,9.7101,0.439429,1.412,0.0921119,0.209617,-0.11750534921884537,0.290251,2.2442,0.29801,0.683706,0.413995,,7.65444,-0.0369528,-0.0476533,999,,,,,,,1.8000000000000003,1.8000000000000003,2,2,,,,,,,,,,,,,,,,,,,"Yansel Marine","sa3021750",807813
"Anderson Jerez","LAD",0.0308,0.0773,0.0081,7.55154,0.6562,0.0732,0,0,,1,5.096,1.1939,0.8849,0.83906,0.174444,0.9875,0.0188,0.0603,0.4615,4.1535,8.8875,0.467342,1.57,0.0905612,0.193779,-0.1032182052731514,0.294921,2.1814,0.298763,0.669273,0.417007,,7.65466,-0.0369552,-0.0476533,999,,,,,,,1.8000000000000003,1.8000000000000003,2,2,,,,,,,,,,,,,,,,,,,"Anderson Jerez","sa3021778",808214
"Saul Sanchez","MIL",0.0353,0.0622,0,7.51437,1,0,0,0,,1,5.107,1.1707,0.8796,0.83493,0.174444,1.0223,0.0295,0.0535,0.5026,4.5234,9.2007,0.491637,1.57,0.0984139,0.200176,-0.10176229476928711,0.29041,2.193,0.297021,0.673961,0.39901,,7.65646,-0.0369746,-0.0476533,999,,,,,,,3.8000000000000003,3.8000000000000003,4,4,,,,,,,,,,,,,,,,,,,"Saul Sanchez","sa3021786",808335
"Yoralbert Cadiz","NYM",0.0353,0.0623,0,7.51266,1,0,0,0,,1,5.12,1.179,0.8805,0.83474,0.168889,1.0309,0.0296,0.0583,0.4797,4.3173,9.2781,0.465322,1.52,0.0936914,0.201348,-0.10765625536441803,0.292498,2.2099,0.298654,0.673641,0.416003,,7.67024,-0.0371233,-0.0476533,999,,,,,,,1.8000000000000003,1.8000000000000003,2,2,,,,,,,,,,,,,,,,,,,"Yoralbert Cadiz","sa3021822",814257
"Victor Brea","ARI",0.0358,0.0618,0,7.3602,1,0,0,0,,1,5.155,1.1452,0.8626,0.8178,0.161111,1.0944,0.0298,0.0574,0.5217,4.6953,9.8496,0.4767,1.45,0.101203,0.212299,-0.11109601706266403,0.286071,2.2396,0.296378,0.683699,0.394996,,7.67292,-0.0371523,-0.0476533,999,,,,,,,3.8000000000000003,3.8000000000000003,4,4,,,,,,,,,,,,,,,,,,,"Victor Brea","sa3019242",699233
"Hader Blanco","PIT",0.0358,0.0618,0,7.33824,1,0,0,0,,1,5.152,1.1463,0.8605,0.81536,0.159778,1.0968,0.0298,0.0541,0.5086,4.5774,9.8712,0.463713,1.438,0.0987189,0.212888,-0.11416925489902496,0.286496,2.2431,0.296011,0.684655,0.399994,,7.67909,-0.0372188,-0.0476533,999,,,,,,,3.8000000000000003,3.8000000000000003,4,4,,,,,,,,,,,,,,,,,,,"Hader Blanco","sa3019266",800301
"Rodolfo De La Cruz","MIA",0.0327,0.0648,0,7.62156,1,0,0,0,,1,5.136,1.176,0.8918,0.84684,0.171222,1.0488,0.0297,0.0533,0.5086,4.5774,9.4392,0.484935,1.541,0.0990265,0.204206,-0.10517912358045578,0.291529,2.2248,0.299569,0.671506,0.400927,,7.68147,-0.0373289,-0.044826,999,,,,,,,3.8000000000000003,3.8000000000000003,4,4,,,,,,,,,,,,,,,,,,,"Rodolfo De La Cruz","sa3019398",805095
"Dermis Ordonez","PIT",0.0354,0.0622,0,7.47621,1,0,0,0,,1,5.155,1.1575,0.8774,0.83069,0.160333,1.0961,0.0298,0.0576,0.505,4.545,9.8649,0.460724,1.443,0.0979631,0.212628,-0.11466535925865173,0.289281,2.2536,0.298914,0.678221,0.428986,,7.70191,-0.037465,-0.0476533,999,,,,,,,3.8000000000000003,3.8000000000000003,4,4,,,,,,,,,,,,,,,,,,,"Dermis Ordonez","sa3019145",800249
"Jonas Uzcategui","MIA",0.0358,0.0618,0,7.35813,1,0,0,0,,1,5.206,1.1163,0.863,0.81757,0.153222,1.1747,0.0301,0.0642,0.5727,5.1543,10.5723,0.487529,1.379,0.110008,0.225644,-0.11563581228256226,0.281389,2.291,0.297138,0.687699,0.403986,,7.72967,-0.0377643,-0.0476533,999,,,,,,,3.8000000000000003,3.8000000000000003,4,4,,,,,,,,,,,,,,,,,,,"Jonas Uzcategui","sa3019281",801387
"Yorvi Pirela","ATL",0.0377,0.06,0,7.53975,1,0,0,0,,1,5.071,1.2016,0.8817,0.83775,0.181222,0.9515,0.0293,0.0517,0.4844,4.3596,8.5635,0.509091,1.631,0.0955236,0.187636,-0.09211200475692749,0.295393,2.1531,0.299919,0.669373,0.391352,,7.56317,-0.0379611,-0.0462275,999,,,,,,,1.8000000000000003,1.8000000000000003,2,2,,,,,,,,,,,,,,,,,,,"Yorvi Pirela","sa3019163",800459
"Daury Zapata","ATL",0.035,0.0626,0,7.63722,1,0,0,0,,1,5.118,1.1798,0.8927,0.84858,0.180444,1.0187,0.0296,0.0547,0.4921,4.4289,9.1683,0.483067,1.624,0.0961508,0.199043,-0.10289175063371658,0.291698,2.1985,0.296364,0.67106,0.388001,,7.74826,-0.0379647,-0.0476533,999,,,,,,,1.8000000000000003,1.8000000000000003,2,2,,,,,,,,,,,,,,,,,,,"Daury Zapata","sa3020986",807576
"Ricardo Montero","LAD",0.0351,0.0625,0,7.59798,1,0,0,0,,1,5.155,1.1738,0.8902,0.84422,0.167556,1.0575,0.0298,0.0739,0.4886,4.3974,9.5175,0.462033,1.508,0.0947818,0.205141,-0.11035887897014618,0.291729,2.2313,0.298815,0.671651,0.417005,,7.7617,-0.0381096,-0.0476533,999,,,,,,,1.8000000000000003,1.8000000000000003,2,2,,,,,,,,,,,,,,,,,,,"Ricardo Montero","sa3018370",805110
"Alek Jacob","SDP",2.3296,2.3671,0,4.27831,48,0,0,0.6081,,48,206.897,45.9469,24.5367,22.8176,6.61333,18.8477,1.164,2.489,42.3124,7.93358,3.53394,2.24496,1.24,0.204509,0.091097,0.11341247707605362,0.247612,1.34989,0.287874,0.724898,0.408365,,4.52812,-0.0383466,-0.0470063,999,,,,,,,174.50000000000003,3.6354166666666674,174,3.625,6.91,5.87,5.22,4.72,4.29,3.91,3.53,3.14,2.67,5.4,5.1,4.89,4.72,4.56,4.41,4.25,4.08,3.85,"Alek Jacob","29628",689690
"Wuillians Herrera","LAD",0.0349,0.0627,0,7.67205,1,0,0,0,,1,5.152,1.1643,0.8969,0.85245,0.176556,1.0629,0.0298,0.0635,0.5154,4.6386,9.5661,0.4849,1.589,0.100039,0.206308,-0.10626939684152603,0.289224,2.2272,0.296296,0.671861,0.390995,,7.8101,-0.0386308,-0.0476533,999,,,,,,,3.8000000000000003,3.8000000000000003,4,4,,,,,,,,,,,,,,,,,,,"Wuillians Herrera","sa3018302",702900
"Alan Rangel","PHI",1.5659,1.5654,0,4.3535,32,0,0,0.5848,,32,135.708,30.6364,16.4763,15.4791,5.29422,10.1151,0.7839,1.206,28.3816,7.98232,2.84487,2.80586,1.489,0.209137,0.0745358,0.13460150361061096,0.246299,1.27348,0.279372,0.728119,0.339136,,4.60476,-0.0390305,0.106632,999,,,,,,,121.70000000000002,3.8031250000000005,122,3.8125,7.37,6.08,5.3,4.71,4.21,3.77,3.35,2.92,2.41,5.39,5.1,4.91,4.74,4.6,4.46,4.31,4.15,3.93,"Alan Rangel","sa877578",660604
"Luciano Romero","LAD",0.0349,0.0627,0,7.659,1,0,0,0,,1,5.165,1.1672,0.8965,0.851,0.171444,1.0892,0.0298,0.056,0.4916,4.4244,9.8028,0.45134,1.543,0.0951791,0.210881,-0.11570184677839279,0.290363,2.2564,0.296642,0.674427,0.407002,,7.84766,-0.039035,-0.0476533,999,,,,,,,1.8000000000000003,1.8000000000000003,2,2,,,,,,,,,,,,,,,,,,,"Luciano Romero","sa3018848",800355
"Jarol Baez","STL",0.0347,0.0628,0,7.72938,1,0,0,0,,1,5.168,1.1667,0.9036,0.85882,0.175778,1.0905,0.0299,0.0537,0.5083,4.5747,9.8145,0.466116,1.582,0.0983553,0.21101,-0.11265479028224945,0.28995,2.2572,0.296708,0.673061,0.394,,7.86759,-0.0392495,-0.0476533,999,,,,,,,3.8000000000000003,3.8000000000000003,4,4,,,,,,,,,,,,,,,,,,,"Jarol Baez","sa3022010",808095
"Kelvin Carmona","ATL",0.0345,0.063,0,7.80093,1,0,0,0,,1,5.203,1.1697,0.9123,0.86677,0.171667,1.1261,0.0301,0.0566,0.5001,4.5009,10.1349,0.444099,1.545,0.0961176,0.216433,-0.12031518667936325,0.290948,2.2958,0.298051,0.673083,0.405,,7.94605,-0.0400928,-0.0476533,999,,,,,,,3.8000000000000003,3.8000000000000003,4,4,,,,,,,,,,,,,,,,,,,"Kelvin Carmona","sa3022140",808556
"Jhon Cabral","MIA",0.032,0.0655,0,7.86726,1,0,0,0,,1,5.249,1.1784,0.9214,0.87414,0.16,1.1761,0.0303,0.0594,0.4846,4.3614,10.5849,0.41204,1.44,0.0923223,0.224062,-0.13173937797546387,0.293609,2.3545,0.302295,0.672659,0.430639,,7.98378,-0.0405819,-0.044826,999,,,,,,,1.8000000000000003,1.8000000000000003,2,2,,,,,,,,,,,,,,,,,,,"Jhon Cabral","sa3019299",805093
"Janson Junk","MIA",0.9773,1.174,0,4.50896,22,0,0,0.5942,,22,94.38,23.7085,11.8361,11.0219,3.24622,5.6678,0.5117,0.8428,15.8039,6.46523,2.31865,2.78837,1.328,0.16745,0.060053,0.1073966883122921,0.269815,1.33529,0.297334,0.706366,0.417587,,4.53579,-0.0410875,-0.0201361,999,,,,,,,78.5,3.5681818181818183,86,3.909090909090909,8.09,6.5,5.55,4.85,4.28,3.77,3.3,2.82,2.26,5.58,5.3,5.11,4.95,4.81,4.67,4.53,4.36,4.15,"Janson Junk","23301",676083
"Jovi Galvez","STL",0.0339,0.0637,0,8.04618,1,0,0,0,,1,5.299,1.1766,0.9405,0.89402,0.166111,1.2145,0.0306,0.0718,0.4548,4.0932,10.9305,0.374475,1.495,0.0858275,0.229194,-0.14336667209863663,0.293219,2.3911,0.297922,0.672027,0.413385,,8.27522,-0.0450698,-0.0485732,999,,,,,,,1.8000000000000003,1.8000000000000003,2,2,,,,,,,,,,,,,,,,,,,"Jovi Galvez","sa3018837",800243
"Patrick Monteverde","MIA",1.6135,2.0534,0.6191,4.47573,27.62,1.62,0,0.5942,,35.234,152.213,36.3374,18.7732,17.522,5.24204,11.453,0.672,1.4306,26.7131,6.82346,2.9255,2.33241,1.339,0.175498,0.0752432,0.10025490820407867,0.260802,1.35637,0.289598,0.717332,0.381833,,4.68124,-0.0458707,0.0740257,999,,,,,,,125.9,3.5971428571428574,132,3.7714285714285714,8.22423,6.49284,5.47607,4.74173,4.15097,3.63117,3.14924,2.66779,2.11682,5.5287,5.25345,5.06083,4.90821,4.76559,4.62297,4.48035,4.31773,4.10249,"Patrick Monteverde","sa3016940",687287
"Anthony Veneziano","MIA",2.5956,2.8822,0,4.14794,56,0,0,9.1511,,56,240.034,55.7743,27.8217,25.8094,7.224,18.7157,1.3538,2.5182,47.1879,7.58377,3.00788,2.5213,1.161,0.196588,0.077971,0.11861737072467804,0.25491,1.33018,0.295339,0.724929,0.411977,,4.29573,-0.0473141,0.203466,999,,,,,,,246.70000000000007,4.405357142857144,253,4.517857142857143,6.58,5.64,5.05,4.6,4.21,3.85,3.5,3.14,2.69,5.16,4.9,4.72,4.57,4.44,4.31,4.18,4.03,3.82,"Anthony Veneziano","27453",685107
"Diego Castillo","COL",1.4669,1.857,0,5.0746,34,0,0,0.5573,,34,151.989,36.5206,20.5409,19.1707,4.76756,16.0712,0.9653,1.7652,27.8035,7.35975,4.25414,1.73002,1.262,0.182931,0.105739,0.07719176262617111,0.272232,1.54682,0.312587,0.698015,0.457732,,4.92767,-0.0485931,-0.0587181,999,,,,,,,99.90000000000002,2.9382352941176477,111,3.264705882352941,8.29,6.99,6.18,5.56,5.04,4.57,4.12,3.64,3.07,6.27,5.96,5.74,5.56,5.4,5.24,5.08,4.89,4.65,"Diego Castillo","17496",650895
"Andry Lara","WSN",1.0169,1.135,0,4.35049,22,0,0,0.6126,,22,94.583,21.9593,11.4463,10.6345,3.07267,7.776,0.5463,0.9065,17.1267,7.00638,3.18109,2.20251,1.257,0.181076,0.0822135,0.09886236488819122,0.255636,1.3516,0.287463,0.719089,0.414917,,4.60915,-0.0489699,0.0625373,999,,,,,,,79.7,3.622727272727273,82,3.727272727272727,7.89,6.31,5.37,4.68,4.12,3.62,3.16,2.69,2.15,5.43,5.15,4.95,4.79,4.65,4.51,4.36,4.2,3.98,"Andry Lara","sa3014716",691251
"Colin Poche","WSN",2.6136,2.8644,0,4.30682,56,0,0,9.4344,,56,240.55,52.9049,28.603,26.798,8.30667,21.7147,1.3382,1.961,50.5015,8.11631,3.48986,2.32568,1.335,0.209942,0.090271,0.11967074126005173,0.243943,1.33249,0.282149,0.730535,0.344243,,4.55953,-0.0525622,0.0523292,747.2999877929688,,,,,,,244.2000000000001,4.3607142857142875,242,4.321428571428571,6.76,5.8,5.19,4.73,4.33,3.96,3.6,3.23,2.77,5.39,5.09,4.88,4.71,4.56,4.41,4.26,4.08,3.85,"Colin Poche","19403",621363
"Eduardo Salazar","WSN",2.3294,2.5617,0,4.24026,50,0,0,4.0842,,50,217.014,50.8751,25.6271,23.557,5.7,19.0814,1.1749,3.2452,36.7402,6.61324,3.43465,1.92545,1.026,0.169299,0.087927,0.08137170970439911,0.261317,1.39913,0.296722,0.715261,0.489902,,4.51847,-0.0564207,0.0388082,999,,,,,,,187.6,3.752,196,3.92,6.87,5.86,5.22,4.74,4.32,3.94,3.57,3.19,2.72,5.35,5.07,4.88,4.72,4.58,4.44,4.29,4.13,3.91,"Eduardo Salazar","23135",674285
"Jefry Yan","COL",0.7537,0.9087,0,4.8266,17,0,0,0.5573,,17,76.508,16.7959,9.7754,9.11691,2.28367,9.701,0.4419,0.9801,16.0795,8.51268,5.13582,1.65751,1.209,0.210168,0.126797,0.08337035775184631,0.255153,1.55864,0.305754,0.717668,0.428114,,4.90601,-0.0571029,0.0159607,999,,,,,,,60.000000000000014,3.529411764705883,62,3.6470588235294117,8.92,7.04,5.94,5.13,4.48,3.91,3.38,2.85,2.25,6.08,5.73,5.5,5.3,5.13,4.96,4.79,4.59,4.33,"Jefry Yan","sa828460",642376
"Zach Agnos","COL",1.1398,1.4024,0,4.96667,26,0,0,0.5573,,26,113.835,27.6073,15.2615,14.3482,4.23222,9.5189,0.6575,1.1876,22.3478,7.73578,3.295,2.34773,1.465,0.196317,0.0836202,0.11269732564687729,0.267698,1.42793,0.305363,0.700767,0.38918,,4.79889,-0.0573766,0.0507978,999,,,,,,,85.39999999999999,3.2846153846153845,93,3.576923076923077,8.47,6.96,6.04,5.36,4.78,4.27,3.79,3.29,2.7,6.21,5.86,5.62,5.42,5.24,5.06,4.88,4.68,4.41,"Zach Agnos","sa3020560",688642
"Connor Gillispie","MIA",1.8327,2.1768,0,4.49482,41,0,0,0.5942,,41,176.724,40.2233,21.8078,20.4764,6.34589,14.1671,1.0096,2.0984,35.3522,7.76024,3.10985,2.49537,1.393,0.200042,0.0801651,0.11987675726413727,0.250677,1.3266,0.285258,0.716004,0.345001,,4.64425,-0.0574516,-0.00148802,999,,,,,,,151.60000000000002,3.6975609756097567,153,3.731707317073171,7.27,6.14,5.44,4.9,4.45,4.04,3.64,3.22,2.72,5.51,5.24,5.05,4.9,4.76,4.62,4.48,4.31,4.1,"Connor Gillispie","26171",687362
"Keegan Thompson","CHC",3.2618,3.197,0,4.09797,66,0,0,12.8406,,66,283.993,60.4663,32.3195,30.0518,8.33067,28.4893,1.514,3.081,66.9906,9.13508,3.8849,2.35143,1.136,0.235888,0.100317,0.13557129353284836,0.239544,1.34781,0.294383,0.732749,0.397995,,4.21236,-0.0586731,0.180045,999,,,,,,,327.0000000000001,4.954545454545456,319,4.833333333333333,6.37,5.51,4.96,4.54,4.17,3.84,3.51,3.16,2.73,5.13,4.86,4.67,4.51,4.37,4.24,4.1,3.94,3.73,"Keegan Thompson","19795",624522
"Chase Solesky","WSN",0.5361,0.6374,0,4.64365,12,0,0,0.6126,,12,51.948,12.9691,6.657,6.19153,1.77733,3.6938,0.3001,0.4668,7.679,5.75925,2.77035,2.07889,1.333,0.147821,0.0711057,0.07671517133712769,0.271392,1.38857,0.291976,0.705902,0.427915,,4.85224,-0.0596192,-0.0686391,999,,,,,,,38.40000000000002,3.2000000000000015,42,3.5,9.17,6.95,5.7,4.81,4.1,3.5,2.95,2.42,1.83,5.76,5.47,5.27,5.11,4.96,4.81,4.66,4.49,4.27,"Chase Solesky","sa3009940",686678
"Luis Patiño","SDP",0.5705,0.6035,0,4.49225,12,0,0,0.6081,,12,51.881,11.5246,6.3899,5.98967,1.85733,4.9861,0.5955,0.4893,10.3908,7.7931,3.73958,2.08395,1.393,0.200281,0.0961065,0.10417494922876358,0.248345,1.37589,0.283021,0.727569,0.359087,,4.81564,-0.0608662,0.0143507,999,,,,,,,42.000000000000014,3.5000000000000013,43,3.5833333333333335,8.88,6.7,5.46,4.59,3.9,3.31,2.78,2.27,1.71,5.58,5.28,5.08,4.91,4.75,4.61,4.45,4.28,4.05,"Luis Patino","22815",672715
"Anthony Molina","COL",1.4405,1.786,0,4.97352,33,0,0,0.5573,,33,144.483,37.4781,19.5208,18.2362,5.049,10.2313,0.8214,1.2793,24.1523,6.58699,2.79035,2.36063,1.377,0.167164,0.0708132,0.09635043144226074,0.281849,1.44574,0.312506,0.693603,0.44215,,4.73812,-0.0628602,-0.023258,999,,,,,,,105.50000000000004,3.196969696969698,119,3.606060606060606,8.18,6.87,6.06,5.44,4.92,4.45,4,3.53,2.96,6.12,5.82,5.61,5.44,5.29,5.14,4.98,4.81,4.57,"Anthony Molina","26952",683627
"Bailey Horn","STL",1.0557,1.0968,0,4.30802,22,0,0,0.6474,,22,96.364,21.1448,11.3451,10.5307,2.83067,10.4837,0.6047,0.8639,19.1928,7.8516,4.28879,1.83073,1.158,0.19917,0.108793,0.09037712961435318,0.248714,1.43766,0.290733,0.733164,0.406365,,4.64175,-0.0636173,0.037204,999,,,,,,,80.30000000000001,3.6500000000000004,80,3.6363636363636362,7.84,6.26,5.32,4.64,4.07,3.58,3.12,2.65,2.12,5.44,5.13,4.93,4.76,4.6,4.45,4.3,4.12,3.9,"Bailey Horn","27753",690544
"Nick Anderson","STL",2.148,2.1575,0,4.16977,44,0,0,0.6474,,44,189.247,42.7049,21.9259,20.3855,5.90578,16.1742,1.0331,1.6979,39.034,7.98423,3.30836,2.41335,1.208,0.20626,0.0854661,0.12079346179962158,0.24919,1.33816,0.291051,0.730142,0.393354,,4.35565,-0.0644689,0.0743977,748.9600219726562,,,,,,,168,3.8181818181818183,170,3.8636363636363638,6.87,5.78,5.1,4.59,4.15,3.76,3.38,2.98,2.51,5.31,4.99,4.78,4.6,4.44,4.29,4.13,3.95,3.71,"Nick Anderson","18337",623433
"Jeff Brigham","ARI",0.7253,0.7424,0,4.5356,15,0,0,0.6244,,15,65.474,13.9779,8.0335,7.55933,2.14833,6.8455,0.3464,0.7597,14.9119,8.94714,4.1073,2.17835,1.289,0.227753,0.104553,0.12320004403591156,0.241545,1.38823,0.28988,0.717899,0.327092,,4.56116,-0.0660856,-0.000581923,999,,,,,,,60.00000000000001,4.000000000000001,59,3.933333333333333,8.61,6.65,5.52,4.71,4.06,3.5,2.98,2.48,1.91,5.64,5.33,5.12,4.94,4.78,4.63,4.47,4.29,4.05,"Jeff Brigham","16631",656257
"Giovanny Gallegos","LAD",0.8396,0.824,0,4.56575,17,0,0,0.7121,,17,73.529,16.7122,9.1687,8.62419,2.89567,6.034,0.3775,0.6473,15.9895,8.46503,3.19447,2.6499,1.533,0.217458,0.0820629,0.1353955641388893,0.250004,1.33801,0.288069,0.72637,0.345921,,4.67875,-0.0666568,-0.0220965,999,,,,,,,59.7,3.511764705882353,61,3.588235294117647,7.81,6.41,5.55,4.92,4.39,3.91,3.47,3,2.47,5.64,5.34,5.14,4.97,4.82,4.67,4.52,4.34,4.11,"Giovanny Gallegos","14986",606149
"Brent Suter","CIN",2.9823,3.1811,0,4.51919,63,0,0,10.5383,,63,274.989,67.5266,34.039,31.6343,9.625,20.1303,1.3568,2.6641,50.2851,7.18359,2.87576,2.49798,1.375,0.182862,0.073204,0.10965818911790848,0.267756,1.39138,0.301125,0.72279,0.432228,,4.64169,-0.0672402,0.084577,999,,,,,,,241.40000000000003,3.8317460317460323,260,4.126984126984127,6.95,6.04,5.46,5.01,4.62,4.26,3.91,3.54,3.07,5.61,5.33,5.14,4.98,4.83,4.69,4.54,4.37,4.15,"Brent Suter","13942",608718
"Spencer Bivens","SFG",1.92,1.9937,0,4.07702,40,0,0,0.6315,,40,172.34,40.8889,19.7628,18.1201,4.54667,12.7607,1.0768,1.9462,30.724,6.9129,2.87116,2.4077,1.023,0.178276,0.0740438,0.10423175990581512,0.259393,1.34124,0.297005,0.716661,0.48646,,4.21096,-0.068084,-0.00862516,999,,,,,,,148.9,3.7225,156,3.9,6.89,5.76,5.07,4.54,4.09,3.69,3.31,2.91,2.43,5.18,4.91,4.71,4.55,4.41,4.27,4.13,3.97,3.75,"Spencer Bivens","30226",702352
"Chris Roycroft","STL",2.5016,2.489,0,4.06747,51,0,0,4.4024,,51,221.932,50.1369,25.1714,23.049,5.26433,22.1528,1.2169,2.4204,42.3644,7.47607,3.90932,1.91237,0.929,0.190889,0.099818,0.09107113629579544,0.254039,1.41745,0.29969,0.725794,0.49695,,4.2925,-0.0687455,0.138586,999,,,,,,,213.90000000000003,4.194117647058825,218,4.2745098039215685,6.66,5.66,5.04,4.56,4.15,3.78,3.42,3.04,2.59,5.21,4.92,4.72,4.55,4.4,4.26,4.11,3.95,3.73,"Chris Roycroft","31261",688297
"Blake Walston","ARI",1.5979,1.5337,0,4.19064,32,0,0,0.6244,,32,138.348,31.5645,16.058,14.9001,3.93244,11.9238,0.7768,1.7273,28.1694,7.92264,3.35357,2.36245,1.106,0.203613,0.086187,0.11742560565471649,0.25313,1.35901,0.298418,0.722175,0.412991,,4.28324,-0.0702102,0.106677,999,,,,,,,122.40000000000002,3.8250000000000006,126,3.9375,7.21,5.94,5.16,4.58,4.1,3.67,3.25,2.83,2.33,5.21,4.95,4.77,4.62,4.49,4.36,4.22,4.07,3.86,"Blake Walston","26270",686796
"Andrew Moore","CIN",1.4949,1.6354,0,4.6481,32,0,0,0.6083,,32,142.793,30.0031,17.7375,16.5266,4.48,18.0745,0.8248,1.7389,32.8233,9.23155,5.08345,1.816,1.26,0.229866,0.126578,0.10328797996044159,0.243968,1.50242,0.297902,0.725743,0.425828,,4.79253,-0.0709016,-0.0283315,999,,,,,,,119.60000000000002,3.7375000000000007,118,3.6875,7.84,6.51,5.69,5.08,4.56,4.1,3.66,3.2,2.66,5.88,5.54,5.31,5.12,4.94,4.78,4.61,4.41,4.16,"Andrew Moore","sa3016795",681097
"Josh Ekness","MIA",0.7934,0.9666,0,4.5762,18,0,0,0.5942,,18,79.47,17.6573,9.8228,9.1524,2.364,8.5302,0.459,0.9508,16.0733,8.03665,4.2651,1.88428,1.182,0.202256,0.107339,0.09491757303476334,0.252287,1.45486,0.296659,0.715306,0.411564,,4.66806,-0.0711261,-0.0348145,999,,,,,,,67.80000000000003,3.766666666666668,70,3.888888888888889,8.49,6.69,5.63,4.87,4.24,3.7,3.19,2.69,2.12,5.82,5.47,5.24,5.04,4.86,4.69,4.52,4.32,4.06,"Josh Ekness","sa3023204",694795
"Luis Peralta","COL",2.7609,3.2049,0,4.63648,61,0,1.94,12.4925,,61,271.111,60.5591,33.7551,31.425,7.80122,31.3171,1.5399,3.5114,59.0193,8.70777,4.62056,1.88457,1.151,0.217694,0.115514,0.10218027979135513,0.2563,1.50617,0.311326,0.717948,0.439142,,4.60685,-0.0729278,0.228124,999,,,,,,,265.4000000000001,4.350819672131149,272,4.459016393442623,7.15,6.2,5.6,5.13,4.73,4.36,3.99,3.6,3.12,5.84,5.51,5.29,5.1,4.94,4.78,4.61,4.42,4.17,"Luis Peralta","24203",678821
"Gordon Graceffo","STL",2.3238,2.51,0.6231,4.32176,39.62,1.62,0,0.6474,,47.1405,201.79,48.8965,24.4081,22.6367,6.48444,13.9786,0.9517,1.7637,34.9073,6.66445,2.66878,2.4972,1.238,0.172988,0.069273,0.10371524095535278,0.262817,1.33378,0.293193,0.715041,0.425383,,4.47554,-0.0742678,0.125132,999,,,,,,,172.6,3.6723404255319148,183,3.893617021276596,7.58455,6.15921,5.30155,4.67429,4.16031,3.70183,3.26693,2.8359,2.32264,5.35155,5.09573,4.91379,4.76379,4.62991,4.49797,4.36603,4.20603,4.00216,"Gordon Graceffo","29519",700669
"Seth Johnson","PHI",1.1192,1.2285,0,4.7673,24,0,0,0.5848,,24,105.541,24.0364,13.5845,12.7128,3.704,10.7473,0.6058,0.9288,19.8973,7.46149,4.03024,1.85138,1.389,0.188527,0.101831,0.08669616281986237,0.256074,1.44932,0.289373,0.716235,0.390156,,4.97422,-0.0742912,-0.123545,999,,,,,,,74.00000000000003,3.0833333333333344,76,3.1666666666666665,8.32,6.77,5.84,5.14,4.56,4.05,3.57,3.08,2.5,5.96,5.63,5.4,5.22,5.05,4.89,4.72,4.53,4.29,"Seth Johnson","26020",686751
"John Curtiss","ARI",0.8453,0.9156,0,4.7855,18,0,0,0.6244,,18,78.363,19.1868,10.2094,9.571,2.716,6.1141,0.3945,0.6673,13.3278,6.6639,3.05705,2.17985,1.358,0.170078,0.0780228,0.09205491840839386,0.268041,1.40561,0.296569,0.701979,0.378666,,4.7774,-0.0827691,-0.0410445,999,,,,,,,55.90000000000001,3.105555555555556,60,3.3333333333333335,8.73,6.92,5.86,5.08,4.44,3.89,3.37,2.85,2.26,5.96,5.64,5.41,5.23,5.06,4.9,4.74,4.55,4.3,"John Curtiss","16128",595928
"Juan Mejia","COL",0.949,1.2017,0,5.07191,22,0,0,0.5573,,22,99.099,23.2862,13.2948,12.398,2.97244,11.1781,0.5724,1.4093,18.6185,7.61666,4.57286,1.66562,1.216,0.187878,0.112797,0.07508047670125961,0.269169,1.56656,0.312901,0.698597,0.461739,,4.9468,-0.0836177,0.0153376,999,,,,,,,72.10000000000001,3.277272727272728,77,3.5,8.88,7.23,6.23,5.49,4.88,4.33,3.81,3.29,2.68,6.33,5.99,5.76,5.57,5.4,5.23,5.06,4.86,4.6,"Juan Mejia","sa3003159",675848
"Guillo Zuñiga","PHI",0.7948,0.8682,0,4.7495,17,0,0,0.5848,,17,74.431,16.8846,9.5751,8.97128,2.652,7.4483,0.4676,0.7881,14.2473,7.54269,3.94322,1.91283,1.404,0.191416,0.10007,0.09134635329246521,0.255075,1.43135,0.288721,0.7157,0.385154,,4.97181,-0.0836605,-0.0958428,999,,,,,,,52.7,3.1,54,3.176470588235294,8.77,6.91,5.82,5.02,4.38,3.81,3.29,2.77,2.18,5.93,5.61,5.38,5.19,5.03,4.86,4.7,4.51,4.26,"Guillo Zuniga","19588",670871
"Matt Sauer","LAD",1.3597,1.3801,0,4.7118,28,0,0,0.7121,,28,122.164,28.0207,15.6242,14.6589,4.58578,10.8699,0.6857,1.4253,23.9185,7.68809,3.4939,2.20043,1.474,0.19579,0.0889779,0.10681217163801193,0.255038,1.38895,0.288024,0.716539,0.374665,,4.90447,-0.0860173,-0.158166,999,,,,,,,88.90000000000002,3.1750000000000007,91,3.25,,,,,,,,,,,,,,,,,,,"Matt Sauer","22284",669422
"Orlando Ribalta","WSN",1.2652,1.4732,0,4.5812,28,0,0,0.6126,,28,122.699,26.2213,15.2073,14.2526,4.144,13.7173,0.7031,1.1753,25.1787,8.09315,4.40913,1.83554,1.332,0.205207,0.111796,0.09341070055961609,0.243226,1.42638,0.281298,0.724472,0.355573,,4.88764,-0.0871757,-0.0235728,999,,,,,,,99.40000000000006,3.550000000000002,97,3.4642857142857144,7.87,6.45,5.59,4.95,4.42,3.94,3.49,3.02,2.48,5.74,5.42,5.19,5.01,4.85,4.69,4.52,4.33,4.09,"Orlando Ribalta","26247",687377
"Brett de Geus","MIA",1.7325,2.0812,0,4.45568,39,0,0,0.5942,,39,171.429,41.6889,20.9832,19.3079,4.26833,15.2465,0.9538,2.3523,28.1868,6.50465,3.51842,1.84874,0.985,0.164423,0.0889377,0.07548489421606064,0.271006,1.45988,0.308305,0.705502,0.509426,,4.49753,-0.0873121,-0.00892063,999,,,,,,,139.20000000000005,3.5692307692307703,152,3.8974358974358974,7.42,6.24,5.51,4.95,4.48,4.06,3.65,3.22,2.71,5.66,5.35,5.14,4.96,4.8,4.65,4.49,4.31,4.07,"Brett de Geus","23592",676969
"Roddery Muñoz","STL",1.2384,1.3053,0,4.39381,26,0,0,0.6474,,26,112.896,25.3455,13.6049,12.6932,3.72089,10.3437,0.5767,1.2443,23.5558,8.15393,3.58051,2.27731,1.288,0.20865,0.0916215,0.11702892929315567,0.250183,1.37266,0.292101,0.724552,0.391352,,4.55202,-0.0899086,-0.0602067,999,,,,,,,97.19999999999999,3.738461538461538,97,3.730769230769231,7.7,6.26,5.4,4.75,4.22,3.74,3.3,2.84,2.31,5.41,5.15,4.97,4.82,4.68,4.55,4.41,4.25,4.04,"Roddery Munoz","25311",682610
"Matt Svanson","STL",1.675,1.7494,0,4.28123,35,0,0,0.6474,,35,152.838,36.5866,18.1452,16.6492,3.84611,13.4122,0.8828,1.9424,24.9947,6.42721,3.44885,1.86358,0.989,0.163537,0.0877544,0.07578285038471222,0.266116,1.42854,0.30136,0.713978,0.50295,,4.48288,-0.0908578,0.00701728,999,,,,,,,122.60000000000001,3.502857142857143,132,3.7714285714285714,7.32,6.08,5.32,4.75,4.27,3.84,3.43,3,2.49,5.48,5.17,4.96,4.78,4.63,4.47,4.32,4.14,3.9,"Matt Svanson","sa3017070",694335
"George Soriano","MIA",2.1653,2.529,0,4.39185,48,0,0,0.5942,,48,208.696,46.0696,25.1007,23.4232,6.45333,20.2618,1.1672,2.8343,44.5592,8.35485,3.79909,2.19917,1.21,0.213512,0.0970876,0.11642484366893768,0.24822,1.3819,0.294354,0.719599,0.393891,,4.50113,-0.0954237,0.0734669,999,,,,,,,186.80000000000004,3.8916666666666675,187,3.8958333333333335,7.03,5.99,5.33,4.83,4.4,4.02,3.64,3.24,2.76,5.47,5.18,4.98,4.82,4.67,4.53,4.38,4.21,3.99,"George Soriano","21863",666277
"Bradgley Rodriguez","SDP",1.2441,1.2997,0,4.40421,26,0,0,0.6081,,26,113.835,24.1912,13.6693,12.7233,3.48978,12.999,0.6575,1.2409,24.1723,8.36733,4.49965,1.85955,1.208,0.212345,0.114192,0.09815347194671631,0.242895,1.43039,0.287787,0.7281,0.404401,,4.69503,-0.0955262,-0.074912,999,,,,,,,103.1,3.965384615384615,101,3.8846153846153846,7.77,6.31,5.42,4.77,4.23,3.75,3.29,2.83,2.3,5.64,5.29,5.05,4.86,4.68,4.51,4.34,4.15,3.89,"Bradgley Rodriguez","sa3016035",699134
"Griff McGarry","PHI",1.2383,1.3055,0,4.55767,26,0,0,0.5848,,26,115.71,23.5895,14.1276,13.1666,3.458,15.5317,0.6683,1.2649,25.8689,8.95462,5.37636,1.66556,1.197,0.223567,0.13423,0.08933714032173157,0.238486,1.50466,0.289302,0.729102,0.40216,,4.84363,-0.100056,-0.0148533,999,,,,,,,98.1,3.773076923076923,96,3.6923076923076925,7.96,6.49,5.6,4.94,4.39,3.91,3.44,2.97,2.42,5.73,5.41,5.19,5.01,4.85,4.69,4.53,4.35,4.11,"Griff McGarry","sa3017130",676046
"Bradley Blalock","COL",2.1621,3.5367,1.3356,5.44441,28.86,4.86,0,0.5573,,51.2228,227.402,57.9085,32.9267,30.9864,8.89569,19.7661,0.6571,1.9661,37.048,6.50944,3.47296,1.87432,1.563,0.162919,0.0869214,0.07599713653326035,0.281561,1.51641,0.306855,0.6861,0.403857,,5.25041,-0.100537,0.0370459,999,,,,,,,127.90000000000003,2.507843137254903,150,2.9411764705882355,9.07328,7.53985,6.60048,5.89048,5.29517,4.75985,4.24922,3.71796,3.09139,6.64517,6.32454,6.09922,5.91859,5.74859,5.58797,5.41265,5.22734,4.96671,"Bradley Blalock","26419",687134
"Bryan Shaw","CIN",0.7675,0.8951,0,4.96668,17,0,0,0.6083,,17,75.791,17.7894,10.0551,9.38151,2.58778,7.925,0.3906,0.8695,14.0804,7.45433,4.19559,1.77671,1.37,0.185779,0.104564,0.08121544867753983,0.265527,1.51261,0.302049,0.708838,0.444732,,5.04082,-0.100856,-0.0569868,999,,,,,,,47.10000000000001,2.770588235294118,51,3,9.09,7.22,6.11,5.3,4.64,4.06,3.52,2.98,2.36,6.13,5.83,5.62,5.45,5.29,5.14,4.98,4.8,4.56,"Bryan Shaw","8110",543766
"Zach Brzykcy","WSN",2.2353,2.4601,0,4.30012,48,0,0,0.6126,,48,208.514,44.4902,24.621,22.934,6.384,22.1309,1.1927,2.1744,45.6031,8.55058,4.14954,2.06061,1.197,0.218705,0.106136,0.1125689372420311,0.241521,1.38794,0.288199,0.728113,0.392529,,4.51443,-0.1096,0.0332569,750.7000122070312,,,,,,,191.00000000000003,3.9791666666666674,186,3.875,6.95,5.9,5.24,4.73,4.3,3.91,3.54,3.14,2.66,5.49,5.15,4.93,4.74,4.57,4.41,4.24,4.05,3.8,"Zach Brzykcy","27783",694350
"Juan Nuñez","SDP",0.4497,0.5282,0,4.99168,10,0,0,0.6081,,10,44.944,9.8049,5.9207,5.54631,1.52,5.6837,0.2596,0.4729,8.1857,7.36713,5.11533,1.44021,1.368,0.182131,0.126462,0.05566929280757904,0.252786,1.54886,0.284884,0.716128,0.385186,,5.35232,-0.111246,-0.0936436,999,,,,,,,25.4,2.54,26,2.6,9.95,7.46,6.06,5.08,4.3,3.65,3.05,2.48,1.86,6.23,5.89,5.65,5.46,5.28,5.12,4.94,4.74,4.48,"Juan Nunez","sa3015464",693725
"Matt Pushard","MIA",1.0502,1.2964,0,4.65723,24,0,0,0.5942,,24,105.079,24.2539,13.2744,12.4193,3.50133,9.6945,0.6069,1.0871,20.0136,7.5051,3.63544,2.06443,1.313,0.190462,0.0922592,0.09820325672626495,0.257206,1.41452,0.293188,0.711755,0.384847,,4.74294,-0.115184,-0.0131286,999,,,,,,,77.00000000000003,3.2083333333333344,79,3.2916666666666665,8.18,6.63,5.7,5.01,4.44,3.94,3.46,2.98,2.42,5.86,5.53,5.29,5.1,4.93,4.77,4.6,4.4,4.15,"Matt Pushard","sa3019955",690155
"Andre Granillo","STL",0.6944,0.7728,0,4.66626,15,0,0,0.6474,,15,66.342,14.2512,8.2927,7.7771,2.20833,7.6891,0.3832,0.5705,13.4981,8.09886,4.61346,1.75549,1.325,0.203462,0.115901,0.08756143599748611,0.245362,1.46269,0.284191,0.724063,0.349314,,4.93254,-0.116677,-0.0267259,999,,,,,,,53.00000000000001,3.5333333333333337,52,3.466666666666667,8.82,6.84,5.7,4.88,4.21,3.64,3.12,2.59,2.01,5.8,5.49,5.27,5.1,4.94,4.78,4.62,4.44,4.2,"Andre Granillo","sa3016913",701552
"Cole Henry","WSN",1.8359,2.0765,0,4.43156,40,0,0,0.6126,,40,174.14,37.8219,21.0933,19.6958,5.59556,17.9309,1.0058,1.9418,36.0742,8.1167,4.03445,2.01185,1.259,0.207156,0.102968,0.10418801009654999,0.245171,1.39382,0.286208,0.723293,0.382541,,4.67178,-0.11708,0.0107413,999,,,,,,,139.39999999999998,3.4849999999999994,138,3.45,7.3,6.13,5.4,4.85,4.39,3.97,3.56,3.14,2.64,5.64,5.3,5.06,4.87,4.7,4.53,4.36,4.17,3.91,"Cole Henry","sa3014446",669371
"Antonio Jimenez","SFG",1.2365,1.3072,0,4.17332,26,0,0,0.6315,,26,113.389,25.9728,13.0809,12.0563,3.07667,10.2935,0.6549,1.1273,20.7669,7.18854,3.56313,2.01748,1.065,0.183147,0.0907804,0.09236697852611542,0.254715,1.39486,0.293072,0.725474,0.443216,,4.42514,-0.124297,-0.00479063,999,,,,,,,100.9,3.880769230769231,104,4,7.48,6.05,5.19,4.55,4.03,3.57,3.13,2.68,2.17,5.31,5.01,4.81,4.64,4.49,4.34,4.19,4.02,3.8,"Antonio Jimenez","sa3008074",682607
"Ben Casparius","LAD",1.9008,1.8181,0,4.43807,38,0,0,0.7121,,38,164.502,35.3742,19.9659,18.7385,5.94067,16.0529,0.9296,1.734,37.4101,8.86029,3.802,2.33043,1.407,0.227414,0.0975848,0.12982941418886185,0.241108,1.35334,0.284755,0.729786,0.35251,,4.63409,-0.129105,-0.0362219,750.1300048828125,,,,,,,140.39999999999998,3.6947368421052627,136,3.5789473684210527,7.29,6.11,5.38,4.83,4.37,3.94,3.54,3.12,2.61,5.47,5.19,5,4.84,4.7,4.56,4.41,4.25,4.03,"Ben Casparius","30085",676508
"Tyler Zuber","NYM",1.4404,1.4949,0,4.67304,30,0,0,0.6719,,30,131.406,29.2116,16.5851,15.5768,4.71,12.9189,0.7854,1.2035,27.0742,8.12226,3.87567,2.0957,1.413,0.206035,0.0983129,0.10772186517715454,0.249068,1.40435,0.28657,0.71885,0.353023,,4.81477,-0.130839,-0.220837,999,,,,,,,101.1,3.3699999999999997,101,3.3666666666666667,7.78,6.48,5.68,5.07,4.56,4.1,3.66,3.21,2.67,5.86,5.52,5.29,5.1,4.93,4.76,4.59,4.4,4.15,"Tyler Zuber","20379",676604
"Sean Reynolds","SDP",2.5739,2.6121,0,4.26754,53,0,1.088,6.2524,,53,230.937,48.7456,27.0598,25.1311,6.79578,25.9716,1.3117,2.508,50.7195,8.61275,4.41027,1.95288,1.154,0.219625,0.112462,0.10716300457715988,0.24077,1.40976,0.289425,0.730907,0.413321,,4.53148,-0.154223,0.0130561,999,,,,,,,222.70000000000002,4.2018867924528305,218,4.113207547169812,6.81,5.82,5.2,4.72,4.31,3.94,3.58,3.2,2.73,5.38,5.08,4.88,4.71,4.56,4.41,4.26,4.09,3.86,"Sean Reynolds","22253",669308
"Ryan Loutos","STL",2.3095,2.387,0,4.26004,48,0,0,0.6474,,48,208.424,48.2431,24.6218,22.7202,5.71733,19.364,1.1997,1.856,38.4725,7.21359,3.63075,1.98681,1.072,0.184588,0.0929068,0.09168089926242828,0.257703,1.40848,0.297354,0.721196,0.457412,,4.43815,-0.155317,-0.0231465,999,,,,,,,173.60000000000002,3.616666666666667,179,3.7291666666666665,6.93,5.89,5.23,4.73,4.31,3.93,3.55,3.16,2.68,5.4,5.1,4.9,4.73,4.58,4.43,4.28,4.11,3.88,"Ryan Loutos","29521",702795
"Max Kranick","NYM",2.3538,2.2459,0,4.26451,47,0,0,0.6719,,47,201.89,45.7542,23.8631,22.2702,7.00822,16.1478,3.1584,2.0346,39.7352,7.60887,3.09213,2.46072,1.342,0.196816,0.0799832,0.1168329268693924,0.24906,1.31706,0.282891,0.730247,0.369301,,4.57464,-0.17967,-0.063652,750.8900146484375,,,,,,,172.10000000000005,3.6617021276595754,174,3.702127659574468,6.96,5.87,5.19,4.68,4.24,3.84,3.46,3.06,2.58,5.38,5.07,4.86,4.69,4.53,4.38,4.22,4.04,3.81,"Max Kranick","22175",668820
"Luarbert Arias","MIA",1.9483,2.3542,0,4.5796,44,0,0,0.5942,,44,191.055,42.8947,23.814,22.3892,6.82978,16.8725,1.1035,2.2199,39.1709,8.01223,3.45119,2.32158,1.397,0.205024,0.0883123,0.11671194434165955,0.249442,1.35835,0.286316,0.716121,0.338966,,4.70563,-0.192495,-0.040649,999,,,,,,,152.7,3.4704545454545452,154,3.5,7.33,6.22,5.53,4.99,4.54,4.13,3.74,3.32,2.82,5.7,5.39,5.17,4.99,4.83,4.68,4.51,4.33,4.09,"Luarbert Arias","sa3007599",678215
"Tanner Rainey","PIT",1.8707,2.2364,0,4.83838,42,0,0,0.6021,,42,184.778,40.8663,23.9149,22.5791,6.47733,19.8095,1.0457,1.9607,37.0557,7.94051,4.24489,1.8706,1.388,0.200542,0.107207,0.09333469718694687,0.250701,1.44466,0.287835,0.712317,0.314913,,4.96183,-0.194803,-0.135459,999,,,,,,,142.4,3.3904761904761904,144,3.4285714285714284,7.68,6.53,5.81,5.26,4.79,4.36,3.94,3.51,2.98,5.99,5.66,5.43,5.25,5.08,4.92,4.75,4.57,4.32,"Tanner Rainey","17610",663432
"Michael Mercado","PHI",1.8881,2.0251,0,4.67328,40,0,0,0.5848,,40,174.14,38.8949,22.1164,20.7701,6.57333,16.5555,0.9841,1.7959,35.4236,7.97031,3.72499,2.13969,1.479,0.20342,0.0950701,0.10835018008947372,0.249665,1.38626,0.284042,0.72077,0.359143,,4.90799,-0.20331,-0.0702036,999,,,,,,,125.5,3.1375,126,3.15,7.54,6.38,5.65,5.1,4.63,4.2,3.79,3.36,2.84,5.76,5.47,5.26,5.09,4.94,4.79,4.64,4.47,4.24,"Michael Mercado","23223",675650
"Amos Willingham","ATL",2.169,2.1367,0,4.55267,44,0,0,0.6188,,44,192.056,44.9532,23.8599,22.2575,6.204,16.7114,1.1919,2.0227,37.9322,7.75886,3.41824,2.26984,1.269,0.197506,0.0870132,0.1104927808046341,0.259362,1.40147,0.29995,0.713579,0.407899,,4.55261,-0.222614,-0.0773907,999,,,,,,,157.8,3.5863636363636364,165,3.75,7.34,6.23,5.54,5,4.55,4.15,3.75,3.33,2.83,5.7,5.39,5.18,5,4.84,4.69,4.53,4.35,4.11,"Amos Willingham","26128",686294
"Bryce Jarvis","ARI",2.2904,2.4058,0,4.60689,48,0,0,0.6244,,48,210.804,49.3712,26.39,24.5701,5.968,20.5563,1.3458,2.2341,39.6058,7.42609,3.85431,1.9267,1.119,0.18788,0.0975138,0.0903659388422966,0.262594,1.45682,0.304713,0.707096,0.425447,,4.55697,-0.264514,-0.0422406,999,,,,,,,169.00000000000003,3.520833333333334,177,3.6875,7.31,6.26,5.59,5.08,4.65,4.25,3.87,3.46,2.96,5.7,5.42,5.22,5.06,4.92,4.77,4.63,4.46,4.24,"Bryce Jarvis","27477",686826
"Luis Mey","CIN",1.8646,2.2424,0,5.11238,42,0,0,0.6083,,42,192.22,42.6136,25.6243,23.8578,5.88467,26.105,1.1103,2.3318,36.5264,7.82709,5.59393,1.39921,1.261,0.190024,0.135808,0.054216012358665466,0.260183,1.63616,0.302614,0.712537,0.463101,,5.27977,-0.311877,-0.265055,999,,,,,,,119.2,2.8380952380952382,126,3,8.13,6.95,6.21,5.64,5.15,4.71,4.28,3.82,3.27,6.43,6.07,5.83,5.63,5.45,5.27,5.09,4.88,4.61,"Luis Mey","sa3010130",682825
"Evan Justice","COL",2.061,2.6315,0,5.13476,48,0,0,0.5573,,48,219.278,48.6362,29.2517,27.3854,6.752,29.15,1.2475,2.9418,44.5578,8.35459,5.46562,1.52857,1.266,0.203202,0.132936,0.07026605308055878,0.259828,1.62055,0.308252,0.71026,0.415496,,5.14431,-0.335905,-0.0231632,999,,,,,,,139.70000000000002,2.910416666666667,147,3.0625,7.99,6.88,6.18,5.64,5.18,4.76,4.34,3.9,3.36,6.43,6.07,5.82,5.62,5.44,5.26,5.08,4.87,4.6,"Evan Justice","30008",687145