Name,Team,W,L,QS,ERA,G,GS,SV,HLD,BS,IP,TBF,H,R,ER,HR,BB,IBB,HBP,SO,K/9,BB/9,K/BB,HR/9,K%,BB%,K-BB%,AVG,WHIP,BABIP,LOB%,GB%,HR/FB,FIP,WAR,RA9-WAR,ADP,InterSD,InterSK,IntraSD,Vol,Skew,Dim,FPTS,FPTS/IP,SPTS,SPTS/IP,P10,P20,P30,P40,P50,P60,P70,P80,P90,TT10,TT20,TT30,TT40,TT50,TT60,TT70,TT80,TT90,NameASCII,PlayerId,MLBAMID
"Paul Skenes","PIT",13.0416,8.6226,20.9412,2.77481,30.59,30.59,0,0,,186.211,751.759,145.171,63.5939,57.411,15.1451,55.2971,,7.374,239.813,11.5907,2.67264,4.3368,0.732,0.319002,0.073557,0.24544516950845718,0.210671,1.07656,0.299508,0.76353,,,2.65778,5.78678,5.75588,10.890000343322754,,,,,,,1108.9,5.961827956989247,1029,5.532258064516129,,,,,,,,,,,,,,,,,,,"Paul Skenes","33677",694973
"Zack Wheeler","PHI",13.3562,9.3903,20.4564,3.31618,31.8025,31.8025,0,0,,197.153,804.706,169.113,79.1505,72.6438,22.7602,51.3668,,8.554,213.566,9.74924,2.34489,4.15766,1.039,0.265396,0.063833,0.20156294107437134,0.227063,1.11832,0.287837,0.749299,,,3.41255,4.57676,4.72517,21.649999618530273,,,,,,,983.5000000000001,4.992385786802031,934,4.741116751269035,,,,,,,,,,,,,,,,,,,"Zack Wheeler","10310",554430
"Chris Sale","ATL",13.711,7.8348,19.717,3.07141,30.59,30.59,0,0,,184.82,747.35,151.146,68.8041,63.073,19.1802,46.9269,,8.8053,227.913,11.0985,2.28516,4.85676,0.934,0.304961,0.0627911,0.2421700805425644,0.218539,1.07171,0.296868,0.754983,,,2.95391,4.47601,4.93252,35.97999954223633,,,,,,,1030.6999999999998,5.571351351351351,966,5.221621621621622,,,,,,,,,,,,,,,,,,,"Chris Sale","10603",519242
"Corbin Burnes","ARI",12.1329,9.7266,18.2559,3.69202,30.59,30.59,0,0,,188.677,788.782,176.861,84.2785,77.3998,19.9997,53.8817,,7.1156,192.406,9.17789,2.57019,3.5709,0.954,0.243928,0.06831,0.17561810463666916,0.243013,1.22295,0.304362,0.722413,,,3.47482,3.89284,3.41205,37.04999923706055,,,,,,,893.4000000000001,4.726984126984127,886,4.6878306878306875,,,,,,,,,,,,,,,,,,,"Corbin Burnes","19361",669203
"Dylan Cease","SDP",12.335,9.9079,18.3376,3.48839,31.8025,31.8025,0,0,,187.827,782.613,153.337,78.7062,72.8015,22.3097,70.9102,,6.4002,224.128,10.7394,3.39776,3.16074,1.069,0.286385,0.090607,0.19577786326408386,0.217406,1.1939,0.285547,0.754045,,,3.55886,3.66085,4.03149,47.27000045776367,,,,,,,939.8,4.998936170212766,871,4.632978723404255,,,,,,,,,,,,,,,,,,,"Dylan Cease","18525",656302
"Sonny Gray","STL",11.9697,9.5571,18.227,3.42462,30.59,30.59,0,0,,182.965,757.935,162.606,76.0307,69.6208,19.7196,51.5236,,6.7252,196.997,9.69021,2.53443,3.82343,0.97,0.259913,0.0679789,0.1919340193271637,0.232399,1.17033,0.29585,0.740389,,,3.36929,3.637,3.8144,122.05000305175781,,,,,,,901.4000000000001,4.92568306010929,872,4.7650273224043715,,,,,,,,,,,,,,,,,,,"Sonny Gray","12768",543243
"Tyler Glasnow","LAD",10.3442,6.2891,14.4307,3.24016,23.85,23.85,0,0,,141.028,570.27,115.042,55.2926,50.7725,15.8735,40.4726,,3.4997,175.878,11.2241,2.58285,4.34562,1.013,0.308413,0.0709709,0.23744173347949982,0.218587,1.10272,0.296427,0.751899,,,3.07086,3.51344,3.42565,91.72000122070312,,,,,,,770.6000000000001,5.465248226950355,720,5.1063829787234045,,,,,,,,,,,,,,,,,,,"Tyler Glasnow","14374",607192
"Logan Webb","SFG",12.1719,10.7501,20.3612,3.43127,31.8025,31.8025,0,0,,199.043,831.079,198.035,84.3833,75.8857,16.6533,45.8639,,6.3278,173.674,7.85288,2.0738,3.78672,0.753,0.208974,0.055186,0.15378791466355324,0.254254,1.22536,0.308179,0.723151,,,3.2957,3.50523,3.62413,98.33999633789062,,,,,,,940.7000000000003,4.727135678391961,966,4.8542713567839195,,,,,,,,,,,,,,,,,,,"Logan Webb","17995",657277
"Spencer Strider","ATL",9.5189,5.8859,12.8443,3.20001,22.54,22.54,0,0,,127.787,519.458,98.5755,49.0596,45.4354,14.1417,42.1525,,5.0912,169.739,11.9547,2.96879,4.02678,0.996,0.326761,0.0811471,0.24561428278684616,0.208752,1.10127,0.292833,0.758031,,,3.05767,3.24519,3.15595,101.01000213623047,,,,,,,716.6,5.5984375,657,5.1328125,,,,,,,,,,,,,,,,,,,"Spencer Strider","27498",675911
"Blake Snell","LAD",11.6304,8.1939,15.695,3.60253,28.62,28.62,0,0,,166.274,700.396,133.801,71.9627,66.5564,20.5071,73.0569,,4.9385,213.35,11.5481,3.95439,2.92032,1.11,0.304613,0.104308,0.20030497014522552,0.214976,1.24408,0.291586,0.757209,,,3.6108,3.15712,3.13993,44.5099983215332,,,,,,,813.7000000000002,4.901807228915664,749,4.5120481927710845,,,,,,,,,,,,,,,,,,,"Blake Snell","13543",605483
"Freddy Peralta","MIL",11.028,10.1529,16.0842,3.74165,30.59,30.59,0,0,,176.349,736.938,148.192,78.7474,73.3152,23.8855,62.6648,,8.1365,206.043,10.5154,3.1981,3.28802,1.219,0.279594,0.085034,0.19455992430448532,0.222465,1.19568,0.28497,0.744626,,,3.79494,3.06546,3.12139,103.55999755859375,,,,,,,821.4000000000001,4.667045454545455,767,4.357954545454546,,,,,,,,,,,,,,,,,,,"Freddy Peralta","18679",642547
"Sandy Alcantara","MIA",10.1449,11.0707,18.1625,3.79137,28.98,28.98,0,0,,186.03,779.02,182.139,85.5088,78.3676,20.4426,48.8897,,7.4186,171.042,8.27487,2.36525,3.49852,0.989,0.21956,0.062758,0.15680187940597534,0.252022,1.24189,0.304383,0.71894,,,3.66423,3.06245,3.26383,137.64999389648438,,,,,,,831.2,4.468817204301075,844,4.537634408602151,,,,,,,,,,,,,,,,,,,"Sandy Alcantara","18684",645261
"Yoshinobu Yamamoto","LAD",10.9009,7.703,14.5915,3.56752,27.03,27.03,0,0,,154.972,640.38,141.685,66.9563,61.4295,18.1834,42.5802,,5.1301,162.718,9.44985,2.47285,3.82145,1.056,0.254096,0.0664921,0.1876039206981659,0.239062,1.18902,0.299929,0.738681,,,3.51544,3.05112,2.95605,59.349998474121094,,,,,,,738.3999999999999,4.763870967741934,723,4.664516129032258,,,,,,,,,,,,,,,,,,,"Yoshinobu Yamamoto","33825",808967
"Cristopher Sánchez","PHI",11.2352,8.8888,16.2902,3.49628,28.98,28.98,0,0,,168.73,703.041,162.7,72.5075,65.5474,16.6855,47.9263,,5.7551,148.689,7.93102,2.55638,3.10245,0.89,0.211494,0.06817,0.14332393556833267,0.250554,1.2483,0.301692,0.737552,,,3.64404,2.93936,3.36503,144.05999755859375,,,,,,,753.7000000000003,4.459763313609469,760,4.497041420118343,,,,,,,,,,,,,,,,,,,"Cristopher Sanchez","20778",650911
"Aaron Nola","PHI",11.6011,10.1569,17.3446,3.85805,30.59,30.59,0,0,,186.509,776.798,177.208,86.4584,79.9513,26.5465,45.0993,,5.9091,185.137,8.9338,2.17627,4.1051,1.281,0.238334,0.058058,0.18027595803141594,0.244159,1.19194,0.293055,0.733754,,,3.85199,2.93734,3.16694,88.30000305175781,,,,,,,808.4999999999998,4.323529411764705,801,4.283422459893048,,,,,,,,,,,,,,,,,,,"Aaron Nola","16149",605400
"MacKenzie Gore","WSN",10.7961,10.2291,15.9653,3.64126,30.59,30.59,0,0,,173.54,726.11,147.883,76.0056,70.2117,21.1141,64.3268,,7.3715,193.11,10.0149,3.33606,3.00202,1.095,0.265952,0.088591,0.17736101150512695,0.225978,1.22283,0.287988,0.745711,,,3.76206,2.92665,3.41301,200.7899932861328,,,,,,,817.5000000000002,4.698275862068967,770,4.425287356321839,,,,,,,,,,,,,,,,,,,"MacKenzie Gore","22201",669022
"Michael King","SDP",11.2626,9.8774,16.2024,3.68352,30.59,30.59,0,0,,175.872,740.2,153.969,78.1305,71.9807,21.4368,64.8807,,7.368,187.549,9.59758,3.32019,2.89067,1.097,0.253376,0.0876529,0.1657230481505394,0.230509,1.24437,0.288762,0.745183,,,3.85065,2.91679,3.0662,62.720001220703125,,,,,,,803.7000000000002,4.5664772727272736,767,4.357954545454546,,,,,,,,,,,,,,,,,,,"Michael King","19853",650633
"Hunter Greene","CIN",10.1954,10.0828,14.4897,4.14595,28.98,28.98,0,0,,170.392,722.613,146.752,83.5013,78.493,26.9977,62.1744,,11.4679,205.336,10.8457,3.28401,3.30259,1.426,0.284158,0.0860411,0.1981169730424881,0.22613,1.22615,0.287431,0.732925,,,4.11268,2.87924,2.68458,94.69999694824219,,,,,,,734.7,4.321764705882353,690,4.0588235294117645,,,,,,,,,,,,,,,,,,,"Hunter Greene","22182",668881
"Spencer Schwellenbach","ATL",11.3852,8.8589,15.6574,3.80411,28.98,28.98,0,0,,170.872,712.562,163.551,78.3024,72.2241,21.1692,43.1121,,7.5546,165.631,8.72396,2.27075,3.84188,1.115,0.232445,0.0605029,0.17194193974137306,0.247094,1.20946,0.299691,0.725094,,,3.72793,2.87703,2.83557,78.30000305175781,,,,,,,759.7000000000002,4.442690058479533,761,4.450292397660819,,,,,,,,,,,,,,,,,,,"Spencer Schwellenbach","31846",680885
"Reynaldo López","ATL",11.7404,9.4871,15.7343,3.91368,30.59,30.59,0,0,,177.756,749.079,162.355,83.2789,77.298,22.0615,61.4462,,5.7574,188.901,9.56427,3.11109,3.07425,1.117,0.252178,0.082029,0.17014895379543304,0.238101,1.25903,0.297918,0.728415,,,3.78873,2.85925,2.75682,172.38999938964844,,,,,,,802.3999999999999,4.507865168539325,781,4.387640449438202,,,,,,,,,,,,,,,,,,,"Reynaldo Lopez","16400",625643
"Shota Imanaga","CHC",10.9064,9.458,16.7631,3.69695,28.62,28.62,0,0,,174.67,721.48,161.989,77.1561,71.7497,25.5407,38.9303,,5.6362,176.706,9.10491,2.00591,4.53904,1.316,0.244922,0.0539589,0.1909630186855793,0.239306,1.15028,0.287462,0.749343,,,3.8095,2.84645,3.07541,78.08999633789062,,,,,,,773,4.417142857142857,756,4.32,,,,,,,,,,,,,,,,,,,"Shota Imanaga","33829",684007
"Kodai Senga","NYM",10.2834,8.6509,14.2694,3.78482,33.7106,25.76,0,0.6637,,162.281,689.191,141.104,73.9887,68.2448,19.4196,66.8259,,6.2392,176.229,9.77356,3.70613,2.63714,1.077,0.255704,0.0969628,0.15874146670103073,0.229018,1.2813,0.289396,0.741061,,,3.90096,2.63574,2.52356,155.4199981689453,,,,,,,735.4999999999999,4.5401234567901225,700,4.320987654320987,,,,,,,,,,,,,,,,,,,"Kodai Senga","31838",673540
"Roki Sasaki","LAD",9.489,6.7022,12.2231,3.57663,23.85,23.85,0,0,,132.879,551.363,110.998,56.9091,52.8064,16.8165,44.6213,,6.3186,163.51,11.0747,3.02225,3.6644,1.139,0.296556,0.0809291,0.21562708914279938,0.221808,1.17114,0.294228,0.747373,,,3.50073,2.59756,2.58868,999,,,,,,,661.5,4.973684210526316,619,4.654135338345864,,,,,,,,,,,,,,,,,,,"Roki Sasaki","35323",808963
"Justin Steele","CHC",10.5794,9.2232,15.3808,3.63585,28.62,28.62,0,0,,164.986,684.873,154.803,72.594,66.6516,18.8084,46.368,,6.5823,159.641,8.70845,2.52938,3.44292,1.026,0.233096,0.0677031,0.16539300978183746,0.244971,1.21932,0.299895,0.7354,,,3.67608,2.59383,2.85581,118.05999755859375,,,,,,,745.3,4.516969696969697,739,4.4787878787878785,,,,,,,,,,,,,,,,,,,"Justin Steele","17312",657006
"Brandon Woodruff","MIL",9.4878,8.7689,14.6523,3.76433,25.76,25.76,0,0,,155.711,644.498,139.8,70.0176,65.1274,21.6784,42.029,,6.3522,166.641,9.63175,2.42926,3.9649,1.253,0.258559,0.065212,0.19334693253040314,0.234517,1.16773,0.289657,0.73813,,,3.76812,2.54246,2.69327,254.5399932861328,,,,,,,709.8000000000002,4.550000000000002,684,4.384615384615385,,,,,,,,,,,,,,,,,,,"Brandon Woodruff","16162",605540
"Zac Gallen","ARI",10.6046,9.5402,14.7439,3.97082,28.98,28.98,0,0,,168.522,717.727,162.524,80.4704,74.3524,19.9605,53.6307,,6.6332,170.049,9.08153,2.86417,3.17074,1.066,0.236927,0.074723,0.16220415383577347,0.247199,1.28265,0.304979,0.72092,,,3.76095,2.461,2.72061,119.88999938964844,,,,,,,737.8000000000002,4.365680473372782,742,4.390532544378698,,,,,,,,,,,,,,,,,,,"Zac Gallen","19291",668678
"Ranger Suárez","PHI",10.2386,8.5438,13.2279,3.60563,37.6859,25.76,0,0.5881,,156.967,660.208,149.24,69.1675,62.8849,16.6559,50.3287,,5.2546,142.671,8.18035,2.8857,2.83479,0.955,0.216101,0.0762316,0.1398690938949585,0.24683,1.2714,0.297742,0.739862,,,3.7904,2.44426,2.86498,278.0299987792969,,,,,,,690.3000000000001,4.3968152866242045,689,4.388535031847134,,,,,,,,,,,,,,,,,,,"Ranger Suarez","17277",624133
"Nick Pivetta","SDP",9.7306,9.027,13.403,3.88841,27.37,27.37,0,0,,154.425,642.101,132.978,71.2171,66.7187,23.301,50.9455,,5.0219,177.9,10.3681,2.96914,3.49196,1.358,0.277059,0.0793419,0.19771702587604523,0.226874,1.19102,0.284925,0.74491,,,3.91128,2.39749,2.61666,173.72000122070312,,,,,,,698.9000000000003,4.5383116883116905,659,4.279220779220779,,,,,,,,,,,,,,,,,,,"Nick Pivetta","15454",601713
"Shohei Ohtani","LAD",8.4459,5.7771,11.2919,3.51135,20.67,20.67,0,0,,118.545,489.854,99.983,50.0486,46.2502,14.66,38.4893,,5.6098,139.201,10.5683,2.92214,3.61662,1.113,0.284169,0.078573,0.20559574663639069,0.2243,1.1681,0.292308,0.749682,,,3.54166,2.32533,2.48962,1.5499999523162842,,,,,,,582.0999999999999,4.891596638655462,546,4.588235294117647,,,,,,,,,,,,,,,,,,,"Shohei Ohtani","19755",660271
"Brandon Pfaadt","ARI",9.6705,8.8137,12.0378,4.00411,34.7044,25.76,0,0.6421,,153.534,641.904,148.428,73.3177,68.3073,21.2218,37.9303,,5.9255,150.307,8.81084,2.22344,3.96271,1.244,0.234158,0.0590903,0.17506743595004082,0.248188,1.2138,0.298243,0.721623,,,3.86233,2.32494,2.19244,178.5399932861328,,,,,,,668.5000000000002,4.340909090909093,669,4.3441558441558445,,,,,,,,,,,,,,,,,,,"Brandon Pfaadt","27782",694297
"Mitch Keller","PIT",9.9452,11.5655,15.1134,4.25069,30.59,30.59,0,0,,180.912,772.467,178.589,92.0511,85.4444,22.4331,57.2653,,10.6917,164.048,8.16106,2.84883,2.8647,1.116,0.212369,0.074133,0.138235941529274,0.253493,1.30369,0.301442,0.703372,,,4.09182,2.29899,2.06634,298.9200134277344,,,,,,,727.4000000000002,4.018784530386742,743,4.104972375690608,,,,,,,,,,,,,,,,,,,"Mitch Keller","17594",656605
"Robbie Ray","SFG",9.4164,9.6655,14.1596,3.91515,27.37,27.37,0,0,,159.573,673.304,142.209,74.522,69.4169,22.6771,51.4586,,7.0192,173.071,9.76128,2.90229,3.3633,1.279,0.257047,0.076427,0.18061988800764084,0.2313,1.21366,0.285226,0.735832,,,3.94414,2.21814,2.23849,132.1699981689453,,,,,,,703.8999999999999,4.399374999999999,673,4.20625,,,,,,,,,,,,,,,,,,,"Robbie Ray","11486",592662
"Eduardo Rodriguez","ARI",9.5347,8.8472,11.9667,4.02971,33.7106,25.76,0,0.6421,,152.392,647.996,150.064,73.7227,68.233,18.8628,48.6346,,4.7524,141.557,8.36006,2.87227,2.91061,1.114,0.218453,0.0750539,0.14339903742074966,0.252374,1.30386,0.302175,0.725378,,,3.96878,2.15152,1.97157,376.4800109863281,,,,,,,627.0999999999999,4.125657894736841,639,4.203947368421052,,,,,,,,,,,,,,,,,,,"Eduardo Rodriguez","13164",593958
"Erick Fedde","STL",9.6294,10.4102,13.4862,4.23174,28.98,28.98,0,0,,165.902,709.288,165.542,84.218,78.0062,22.8945,52.5277,,5.5083,143.174,7.76701,2.84956,2.72569,1.242,0.201856,0.0740569,0.1277991384267807,0.254191,1.31445,0.294008,0.719566,,,4.28394,2.11792,1.92013,335.6700134277344,,,,,,,622.9,3.7524096385542167,640,3.855421686746988,,,,,,,,,,,,,,,,,,,"Erick Fedde","17425",607200
"Clay Holmes","NYM",10.221,8.4612,12.4425,3.59311,46.0142,24.15,0,0.6637,,158.331,682.431,149.153,70.2854,63.2113,12.473,66.062,,8.7515,146.507,8.32787,3.75515,2.21772,0.709,0.214684,0.0968039,0.11787989735603333,0.245472,1.35927,0.304656,0.732883,,,3.75749,2.06035,2.29138,205.64999389648438,,,,,,,707.2000000000002,4.475949367088608,707,4.474683544303797,,,,,,,,,,,,,,,,,,,"Clay Holmes","13649",605280
"Nick Lodolo","CIN",8.6043,8.0209,11.9375,3.92363,24.15,24.15,0,0,,137.517,580.977,125.036,64.7114,59.9519,18.5037,44.4151,,12.1773,151.146,9.89198,2.9068,3.40304,1.211,0.260159,0.076449,0.18371021002531052,0.238444,1.23222,0.300316,0.729661,,,3.95207,1.96434,2.02491,235.97999572753906,,,,,,,596.5,4.322463768115942,577,4.181159420289855,,,,,,,,,,,,,,,,,,,"Nick Lodolo","26378",666157
"Merrill Kelly","ARI",9.1228,8.9041,12.742,4.19927,25.76,25.76,0,0,,151.543,649.563,151.188,76.2585,70.7078,19.5827,50.0196,,4.7412,140.899,8.36788,2.97062,2.81688,1.163,0.216914,0.077005,0.13990914076566696,0.254181,1.32772,0.303014,0.718958,,,4.0709,1.92768,1.85266,300.7300109863281,,,,,,,603.1999999999999,3.9684210526315784,617,4.059210526315789,,,,,,,,,,,,,,,,,,,"Merrill Kelly","11156",518876
"Sean Manaea","NYM",10.0087,9.149,14.0807,4.03801,27.37,27.37,0,0,,161.363,685.485,147.79,77.8738,72.3984,22.5012,58.0366,,7.5314,162.184,9.04576,3.23698,2.79451,1.255,0.236597,0.084665,0.15193183720111847,0.238403,1.27555,0.287867,0.733991,,,4.1881,1.85494,2.12297,251.00999450683594,,,,,,,649.7,4.035403726708075,632,3.9254658385093166,,,,,,,,,,,,,,,,,,,"Sean Manaea","15873",640455
"Miles Mikolas","STL",9.5588,10.6269,13.6101,4.31431,28.98,28.98,0,0,,168.284,710.959,180.825,86.8818,80.6699,24.906,32.2434,,6.447,121.674,6.50726,1.72441,3.77362,1.332,0.171141,0.045352,0.12578896805644035,0.268978,1.26613,0.2966,0.708119,,,4.33416,1.84961,1.74019,584.2000122070312,,,,,,,595.1,3.542261904761905,645,3.8392857142857144,,,,,,,,,,,,,,,,,,,"Miles Mikolas","9803",571945
"Matthew Boyd","CHC",8.2088,7.9873,10.1197,3.94525,32.4783,22.54,0,0.6304,,133.059,561.731,122.031,62.6896,58.328,18.3918,44.3849,,6.124,133.301,9.01636,3.00215,3.0033,1.244,0.237304,0.0790145,0.15828964114189148,0.238703,1.25069,0.288262,0.737386,,,4.09853,1.84621,1.89075,323.04998779296875,,,,,,,565.6000000000001,4.252631578947369,551,4.142857142857143,,,,,,,,,,,,,,,,,,,"Matthew Boyd","15440",571510
"Jesús Luzardo","PHI",9.8861,9.1332,12.2395,3.95816,39.6736,25.76,0,0.5881,,159.268,672.976,144.892,75.3532,70.0452,23.2708,55.0161,,6.0096,164.881,9.31721,3.10889,2.99696,1.315,0.245003,0.0817505,0.1632523238658905,0.236771,1.25517,0.286978,0.744371,,,4.14493,1.8397,2.33346,235.11000061035156,,,,,,,667.7000000000003,4.199371069182392,647,4.069182389937107,,,,,,,,,,,,,,,,,,,"Jesus Luzardo","19959",666200
"Nestor Cortes","MIL",8.2973,8.3182,9.8515,3.95913,43.788,20.93,0,0.5919,,141.183,590.141,129.354,66.1718,62.1069,22.1501,38.8925,,4.6598,143.919,9.17438,2.47928,3.70042,1.412,0.243872,0.0659037,0.17796779423952103,0.236658,1.19169,0.281731,0.743788,,,4.09273,1.78564,1.88828,261.0199890136719,,,,,,,597.4000000000001,4.236879432624114,579,4.1063829787234045,,,,,,,,,,,,,,,,,,,"Nestor Cortes","17874",641482
"Germán Márquez","COL",8.1055,11.1519,11.6383,4.76276,27.54,27.54,0,0,,160.31,694.584,174.34,91.135,84.8354,23.4409,53.4135,,5.3962,134.883,7.57248,2.9987,2.52525,1.316,0.194192,0.0769,0.11729209125041962,0.274218,1.42071,0.316053,0.700838,,,4.48515,1.75411,0.897774,623.6199951171875,,,,,,,544.7,3.4043750000000004,597,3.73125,,,,,,,,,,,,,,,,,,,"German Marquez","15038",608566
"Brady Singer","CIN",9.8178,10.4156,13.9623,4.25625,28.98,28.98,0,0,,169.311,726.032,172.443,86.6545,80.0698,24.6441,48.8583,,8.8314,160.469,8.53,2.59715,3.28437,1.31,0.221022,0.067295,0.15372684597969055,0.258017,1.30708,0.305858,0.72081,,,4.18534,1.73164,1.7116,331.239990234375,,,,,,,641.9000000000001,3.7982248520710065,666,3.940828402366864,,,,,,,,,,,,,,,,,,,"Brady Singer","25377",663903
"David Peterson","NYM",9.88,8.3585,13.0763,3.71995,31.723,25.76,0,0.6637,,151.652,651.477,143.807,68.9127,62.6821,16.2268,59.6517,,7.2424,139.736,8.29279,3.54011,2.34253,0.963,0.21449,0.0915638,0.12292667478322983,0.245999,1.34161,0.297653,0.744412,,,4.03794,1.71603,2.42427,326.9200134277344,,,,,,,636.6,4.188157894736842,635,4.177631578947368,,,,,,,,,,,,,,,,,,,"David Peterson","20302",656849
"Yu Darvish","SDP",8.1609,8.4226,11.1094,4.16868,24.15,24.15,0,0,,136.429,571.549,128.378,67.6055,63.1919,20.434,38.5858,,6.5888,130.827,8.63046,2.54545,3.39055,1.348,0.228899,0.0675109,0.16138792037963867,0.243891,1.22382,0.287764,0.718134,,,4.18908,1.69008,1.75542,285.7200012207031,,,,,,,551.6000000000001,4.055882352941177,544,4,,,,,,,,,,,,,,,,,,,"Yu Darvish","13074",506433
"Max Meyer","MIA",7.6736,9.8343,11.0667,4.25361,32.1006,24.15,0,0.5976,,146.051,627.09,146.51,74.7159,69.0273,18.8568,49.5221,,5.9373,129.143,7.95808,3.05166,2.60779,1.162,0.20594,0.0789713,0.12696900218725204,0.256303,1.34222,0.301332,0.715171,,,4.21564,1.6834,1.45327,352.9200134277344,,,,,,,558.5,3.8253424657534247,577,3.952054794520548,,,,,,,,,,,,,,,,,,,"Max Meyer","27474",676974
"Justin Verlander","SFG",7.8502,9,11.6531,4.22031,24.15,24.15,0,0,,140.615,596.839,138.796,70.5272,65.9378,20.7017,35.3239,,5.9588,119.691,7.66077,2.26089,3.38839,1.325,0.200542,0.059185,0.14135704562067986,0.249832,1.23827,0.284452,0.713755,,,4.25873,1.65646,1.45918,334.260009765625,,,,,,,540.7000000000002,3.8347517730496463,549,3.893617021276596,,,,,,,,,,,,,,,,,,,"Justin Verlander","8700",434378
"Edward Cabrera","MIA",7.3178,8.6722,9.114,4.06329,32.4783,22.54,0,0.5976,,128.852,555.4,114.373,63.0062,58.1736,14.8466,61.3512,,6.4637,139.868,9.76943,4.28524,2.27979,1.037,0.251832,0.110463,0.1413692831993103,0.23457,1.36377,0.298993,0.727499,,,4.07229,1.54548,1.60422,455.3800048828125,,,,,,,556.6999999999999,4.315503875968992,533,4.131782945736434,,,,,,,,,,,,,,,,,,,"Edward Cabrera","21690",665795
"Landen Roupp","SFG",7.8224,8.3564,9.8301,3.93811,39.8127,20.93,0,0.6289,,136.218,587.129,127.48,65.042,59.6047,14.6964,55.961,,5.3358,128.795,8.50956,3.69737,2.30152,0.971,0.219364,0.0953129,0.12405142933130264,0.242436,1.34667,0.294983,0.726973,,,4.02799,1.53219,1.52765,431.4800109863281,,,,,,,570.7,4.196323529411765,564,4.147058823529412,,,,,,,,,,,,,,,,,,,"Landen Roupp","30076",694738
"Ben Brown","CHC",6.6075,6.0192,6.8309,3.69665,43.7544,14.31,0,0.6304,,109.044,458.942,93.5079,48.4333,44.7886,13.061,42.1787,,4.2392,122.452,10.1066,3.48125,2.90316,1.078,0.266813,0.0919042,0.1749085932970047,0.226673,1.24433,0.29041,0.743206,,,3.75472,1.52755,1.57864,428.55999755859375,,,,,,,512.3,4.699999999999999,486,4.458715596330276,,,,,,,,,,,,,,,,,,,"Ben Brown","23590",676962
"Jake Irvin","WSN",9.0791,11.1031,13.4557,4.33822,28.98,28.98,0,0,,167.803,715.577,167.146,87.0533,80.885,24.1449,54.8389,,7.3862,140.644,7.54334,2.94125,2.56467,1.295,0.196546,0.0766359,0.11990994960069656,0.255829,1.32289,0.292698,0.717027,,,4.47321,1.49235,1.84964,444.760009765625,,,,,,,609.8,3.6297619047619043,624,3.7142857142857144,,,,,,,,,,,,,,,,,,,"Jake Irvin","21504",663623
"Jameson Taillon","CHC",9.1606,10.7002,12.6828,4.47825,28.62,28.62,0,0,,164.706,698.498,171.741,87.665,81.9548,25.6758,40.2558,,5.2709,133.159,7.27619,2.19969,3.30782,1.403,0.190636,0.0576319,0.13300395756959915,0.263014,1.28712,0.295596,0.706227,,,4.40534,1.48594,1.4567,341.82000732421875,,,,,,,585,3.5454545454545454,618,3.7454545454545456,,,,,,,,,,,,,,,,,,,"Jameson Taillon","11674",592791
"Andrew Heaney","PIT",8.0758,9.3564,9.6684,4.28298,36.0759,24.15,0,0.6126,,142.407,607.628,138.78,72.4575,67.7696,20.1585,45.0793,,8.1034,132.869,8.39719,2.84897,2.94745,1.274,0.218668,0.074189,0.14447903633117676,0.250304,1.29108,0.295505,0.715777,,,4.26103,1.45378,1.50981,451.3800048828125,,,,,,,554.4,3.9042253521126757,561,3.9507042253521125,,,,,,,,,,,,,,,,,,,"Andrew Heaney","15423",571760
"Steven Matz","STL",7.4262,7.226,7.0472,3.86991,54.8593,16.1,0,0.6447,,126.337,529.746,121.465,58.8933,54.3237,15.75,35.7383,,5.0405,113.987,8.12023,2.54592,3.1895,1.122,0.215174,0.0674631,0.14771059900522232,0.24841,1.24431,0.294281,0.727395,,,3.95098,1.44895,1.5369,635.280029296875,,,,,,,530.0000000000001,4.206349206349207,531,4.214285714285714,,,,,,,,,,,,,,,,,,,"Steven Matz","13361",571927
"Aaron Civale","MIL",8.3042,9.5756,9.8995,4.34414,39.0574,24.15,0,0.5919,,148.058,635.987,146.219,76.5058,71.4649,23.788,43.6035,,6.6804,142.96,8.6901,2.65052,3.27863,1.446,0.224784,0.0685604,0.15622395277023315,0.249648,1.28208,0.29223,0.72398,,,4.34288,1.43265,1.28475,368.0899963378906,,,,,,,557.4,3.766216216216216,565,3.8175675675675675,,,,,,,,,,,,,,,,,,,"Aaron Civale","19479",650644
"Jared Jones","PIT",5.3186,5.4019,7.0016,3.87724,22.4406,14.49,0,0.6126,,89.6695,378.385,81.1236,41.6255,38.63,11.2187,30.9678,,4.2016,93.3557,9.36998,3.10819,3.01461,1.126,0.246721,0.081842,0.16487941145896912,0.236363,1.25005,0.292929,0.731086,,,3.88734,1.3502,1.32314,231.0800018310547,,,,,,,405.1,4.501111111111111,392,4.355555555555555,,,,,,,,,,,,,,,,,,,"Jared Jones","27863",683003
"Andre Pallante","STL",7.7871,8.1446,9.7697,4.03751,36.8312,20.93,0,0.6447,,134.087,580.001,138.361,66.3489,60.1531,11.4421,54.9317,,4.8529,99.5745,6.6835,3.68705,1.8127,0.768,0.17168,0.0947097,0.07697021216154099,0.265968,1.44155,0.310163,0.716089,,,4.12818,1.33607,1.5583,532.9000244140625,,,,,,,521.5,3.8917910447761193,551,4.111940298507463,,,,,,,,,,,,,,,,,,,"Andre Pallante","26108",669467
"AJ Smith-Shawver","ATL",7.9299,7.8148,7.9294,4.41134,45.1595,19.32,0,0.6192,,134.135,578.471,124.589,70.1175,65.7463,20.0011,55.3423,,5.3445,138.77,9.31097,3.71327,2.50749,1.342,0.239891,0.09567,0.1442212238907814,0.24062,1.34142,0.291322,0.722794,,,4.39311,1.24985,1.00813,430.3900146484375,,,,,,,522.5999999999999,3.8999999999999995,512,3.8208955223880596,,,,,,,,,,,,,,,,,,,"AJ Smith-Shawver","29960",700363
"Ryan Feltner","COL",8.3409,11.9587,11.6045,4.89909,29.16,29.16,0,0,,168.011,731.755,179.164,97.8009,91.4556,25.239,59.3761,,7.3893,146.115,7.82706,3.18065,2.46083,1.352,0.199677,0.081142,0.11853503435850143,0.269423,1.41979,0.311818,0.692595,,,4.57218,1.24089,0.713295,680.2999877929688,,,,,,,564.3000000000001,3.3589285714285717,609,3.625,,,,,,,,,,,,,,,,,,,"Ryan Feltner","21446",663372
"Mitchell Parker","WSN",8.4711,10.0674,11.2667,4.27519,34.7044,25.76,0,0.6216,,153.426,659.07,148.571,78.2787,72.8804,22.2808,56.8991,,4.4454,135.18,7.92968,3.33772,2.37578,1.307,0.205106,0.0863324,0.11877402663230896,0.248561,1.33922,0.286851,0.729824,,,4.49171,1.23266,1.69336,502.9800109863281,,,,,,,565.2,3.6941176470588237,570,3.7254901960784315,,,,,,,,,,,,,,,,,,,"Mitchell Parker","27636",680730
"Eury Pérez","MIA",4.6621,5.1959,6.7446,3.94095,14.49,14.49,0,0,,80.1096,336.737,70.6894,37.5096,35.0787,11.2777,26.5756,,3.1525,89.7157,10.0792,2.98566,3.37587,1.267,0.266427,0.0789209,0.18750568479299545,0.230252,1.21415,0.288385,0.733408,,,3.87005,1.21695,1.16648,503.1199951171875,,,,,,,362.1,4.52625,347,4.3375,,,,,,,,,,,,,,,,,,,"Eury Perez","27768",691587
"Frankie Montas","NYM",6.6657,6.3108,8.2976,4.08393,19.32,19.32,0,0,,104.407,446.565,98.5759,51.2031,47.3767,13.9905,37.8464,,4.2718,100.239,8.6407,3.26241,2.64857,1.206,0.224466,0.08475,0.1397160440683365,0.24373,1.30664,0.291455,0.729394,,,4.19854,1.21286,1.30982,515.3300170898438,,,,,,,414.0000000000001,3.9807692307692317,412,3.9615384615384617,,,,,,,,,,,,,,,,,,,"Frankie Montas","14309",593423
"Jordan Hicks","SFG",7.8738,8.8205,9.4162,4.07401,38.4412,22.54,0,0.6289,,137.053,594.297,131.736,67.7298,62.0395,13.9489,58.7476,,7.6557,124.411,8.1698,3.85784,2.11771,0.916,0.209341,0.0988523,0.11048851907253265,0.24955,1.38985,0.30238,0.718047,,,4.1276,1.18254,1.33739,465.57000732421875,,,,,,,549.4000000000001,4.01021897810219,554,4.043795620437956,,,,,,,,,,,,,,,,,,,"Jordan Hicks","19618",663855
"Nick Martinez","CIN",8.5147,10.1457,9.4297,4.59276,46.0142,24.15,0,0.5985,,156.574,673.461,164.284,85.7236,79.901,25.6086,43.8153,,6.2773,133.397,7.66773,2.51853,3.04452,1.472,0.198076,0.0650599,0.1330164596438408,0.263543,1.32908,0.298636,0.710466,,,4.54855,1.18034,0.831618,315.4200134277344,,,,,,,535.6,3.4114649681528664,567,3.611464968152866,,,,,,,,,,,,,,,,,,,"Nick Martinez","12730",607259
"Tobias Myers","MIL",7.9663,9.264,9.2955,4.36203,41.4227,22.54,0,0.5919,,144.066,617.929,142.45,74.7747,69.8246,22.8906,44.4403,,5.8518,131.716,8.22846,2.77624,2.96389,1.43,0.213157,0.0719181,0.14123904705047607,0.250952,1.29725,0.289468,0.724057,,,4.45076,1.17419,1.21082,355.45001220703125,,,,,,,531.5000000000002,3.6909722222222237,539,3.7430555555555554,,,,,,,,,,,,,,,,,,,"Tobias Myers","22191",668964
"Jose Quintana","MIL",7.6384,8.8808,10.4127,4.33686,24.15,24.15,0,0,,134.892,589.047,137.533,70.3019,65.0008,17.6708,50.3041,,5.7108,113.865,7.59706,3.35629,2.26353,1.179,0.193303,0.0853991,0.10790394991636276,0.25802,1.3925,0.298538,0.720642,,,4.42702,1.09704,1.34823,476.9200134277344,,,,,,,478.8,3.546666666666667,501,3.7111111111111112,,,,,,,,,,,,,,,,,,,"Jose Quintana","11423",500779
"Edwin Díaz","NYM",3.7385,2.5861,0,2.9383,64.5988,0,35.706,1.4934,,64.5988,263.776,45.942,22.9537,21.0901,5.98616,24.4513,,3.1089,89.8614,12.5196,3.40659,3.67512,0.834,0.340673,0.0926972,0.2479759082198143,0.194492,1.0897,0.28465,0.764998,,,2.86892,1.06038,1.09647,43.040000915527344,,,,,,,570.6,8.778461538461539,530,8.153846153846153,,,,,,,,,,,,,,,,,,,"Edwin Diaz","14710",621242
"Matthew Liberatore","STL",7.6869,8.0224,6.9384,4.08086,57.4631,17.71,0,0.6447,,133.733,574.891,129.006,65.6283,60.6385,16.5086,50.677,,6.268,118.603,7.98174,3.41047,2.34036,1.111,0.206304,0.0881506,0.11815370619297028,0.249072,1.34359,0.293853,0.728454,,,4.27497,1.01471,1.33005,653.6400146484375,,,,,,,518.0999999999999,3.8664179104477605,520,3.8805970149253732,,,,,,,,,,,,,,,,,,,"Matthew Liberatore","22294",669461
"Tylor Megill","NYM",5.5994,4.8817,4.199,3.72709,50.4069,9.66,0,0.6637,,93.0278,389.991,83.0078,41.7263,38.5247,11.3701,32.5152,,3.7837,96.1027,9.29748,3.14569,2.95562,1.1,0.246423,0.0833742,0.1630486324429512,0.234689,1.24181,0.290951,0.740894,,,3.85984,1.0068,1.13059,373.1199951171875,,,,,,,422.1000000000001,4.538709677419356,407,4.376344086021505,,,,,,,,,,,,,,,,,,,"Tylor Megill","21318",656731
"Clayton Kershaw","LAD",4.7278,3.8787,5.8777,3.94485,12.72,12.72,0,0,,70.093,295.626,68.5688,33.2967,30.7229,9.71177,19.6272,,2.4833,65.5735,8.41969,2.52015,3.34095,1.247,0.221812,0.066392,0.15542036294937134,0.250694,1.25827,0.296912,0.73592,,,4.04299,1.00619,1.07496,559.469970703125,,,,,,,281.6,4.022857142857143,286,4.085714285714285,,,,,,,,,,,,,,,,,,,"Clayton Kershaw","2036",477132
"Kyle Harrison","SFG",5.4682,5.5863,5.7808,3.8387,36.7319,12.88,0,0.6289,,94.3923,401.07,84.036,43.4049,40.2604,11.841,34.065,,4.9773,100.538,9.58595,3.24799,2.95135,1.129,0.250674,0.0849353,0.16573865711688995,0.232126,1.25117,0.289186,0.735751,,,3.9079,0.995332,1.15545,453.6499938964844,,,,,,,418.6,4.453191489361703,403,4.287234042553192,,,,,,,,,,,,,,,,,,,"Kyle Harrison","27758",690986
"Ryan Helsley","STL",3.6717,2.7504,0,3.02682,65.5926,0,34.441,1.9638,,65.5926,268.712,49.6795,23.9695,22.0597,6.43536,24.8422,,2.0629,84.0042,11.5263,3.40861,3.38151,0.883,0.312618,0.0924492,0.2201688289642334,0.205451,1.13613,0.28569,0.771646,,,3.11109,0.989162,1.06213,53.880001068115234,,,,,,,549.6000000000001,8.32727272727273,517,7.833333333333333,,,,,,,,,,,,,,,,,,,"Ryan Helsley","18138",664854
"Dustin May","LAD",4.81,3.7693,3.0804,3.64175,49.5452,6.36,0,0.7118,,79.0639,330.41,70.1984,34.7495,31.9923,9.01328,27.0206,,3.7227,86.3501,9.8294,3.07581,3.19571,1.026,0.261342,0.081779,0.1795632615685463,0.234255,1.22963,0.299482,0.738407,,,3.63069,0.983506,0.978041,321.8900146484375,,,,,,,374.9,4.745569620253164,361,4.569620253164557,,,,,,,,,,,,,,,,,,,"Dustin May","19716",669160
"Michael Soroka","WSN",7.0953,8.5515,7.1075,4.29797,54.4816,17.71,0,0.6216,,134.29,578.476,127.376,69.0535,64.1304,18.0097,53.8146,,7.3391,124.765,8.36165,3.60662,2.31842,1.207,0.215679,0.0930282,0.12265037000179291,0.246222,1.34925,0.291996,0.718934,,,4.41794,0.968755,1.13032,409.3599853515625,,,,,,,510.99999999999994,3.8134328358208953,507,3.783582089552239,,,,,,,,,,,,,,,,,,,"Michael Soroka","18383",647336
"Ryan Weathers","MIA",5.8284,7.2883,8.2635,4.22299,19.32,19.32,0,0.5976,,106.015,457.554,104.915,53.69,49.7446,14.3238,39.1712,,4.7778,94.133,7.99128,3.32538,2.40312,1.216,0.205731,0.08561,0.12012090533971786,0.253661,1.35911,0.296877,0.728809,,,4.39075,0.965529,1.16619,367.19000244140625,,,,,,,399.20000000000005,3.766037735849057,408,3.849056603773585,,,,,,,,,,,,,,,,,,,"Ryan Weathers","23796",677960
"Antonio Senzatela","COL",7.103,10.9031,7.817,5.1201,39.3,24.3,0,0.5694,,148.215,649.848,176.116,90.4958,84.3195,22.2981,40.9555,,6.3438,95.4914,5.79848,2.48692,2.33159,1.354,0.146944,0.0630232,0.08392100781202316,0.292284,1.46457,0.317307,0.681048,,,4.79108,0.954628,0.0896009,735.7000122070312,,,,,,,420,2.8378378378378377,507,3.425675675675676,,,,,,,,,,,,,,,,,,,"Antonio Senzatela","15488",622608
"Kyle Freeland","COL",7.491,11.6851,10.1975,5.1363,27.54,27.54,0,0,,158.408,692.645,182.626,96.3374,90.4034,26.9645,43.451,,6.0364,117.54,6.6781,2.46868,2.70513,1.532,0.169698,0.062732,0.1069660410284996,0.283952,1.42718,0.312164,0.688907,,,4.83256,0.92614,0.30109,724.9400024414062,,,,,,,450.3,2.85,528,3.3417721518987342,,,,,,,,,,,,,,,,,,,"Kyle Freeland","16256",607536
"Bailey Falter","PIT",7.6032,9.8398,7.8059,4.61739,46.3919,22.54,0,0.6126,,143.973,619.199,151.349,78.8521,73.8646,22.1559,43.3615,,4.6353,109.534,6.84717,2.7106,2.52608,1.385,0.176897,0.0700284,0.10686855018138885,0.264966,1.35241,0.293947,0.707782,,,4.64556,0.920068,0.812267,694.25,,,,,,,482.4000000000001,3.3500000000000005,514,3.5694444444444446,,,,,,,,,,,,,,,,,,,"Bailey Falter","20070",663559
"Matt Strahm","PHI",3.6151,2.8071,0,3.29976,65.5926,0,5.166,10.7969,,65.5926,266.745,53.0794,25.8185,24.0489,8.2428,18.6924,,3.2036,78.0157,10.7046,2.5648,4.17366,1.131,0.292473,0.0700759,0.22239704430103302,0.216784,1.09421,0.282719,0.76294,,,3.42281,0.907249,0.941849,566.0499877929688,,,,,,,411.2000000000001,6.230303030303032,385,5.833333333333333,,,,,,,,,,,,,,,,,,,"Matt Strahm","13799",621381
"Javier Assad","CHC",7.4793,8.7586,7.7751,4.44734,44.2256,20.67,0,0.6304,,135.333,588.649,136.65,72.0637,66.8749,18.5407,51.9282,,5.5133,115.428,7.67622,3.45335,2.22283,1.233,0.196089,0.0882159,0.10787345468997955,0.257244,1.39343,0.297326,0.716478,,,4.51498,0.89682,0.946507,649.3900146484375,,,,,,,469.09999999999997,3.4748148148148146,488,3.6148148148148147,,,,,,,,,,,,,,,,,,,"Javier Assad","21741",665871
"Hayden Birdsong","SFG",6.4147,6.9094,6.6498,3.98584,41.9395,16.1,0,0.6289,,112.09,483.218,99.0554,53.5953,49.6412,13.5379,49.5165,,5.7454,120.884,9.70616,3.97583,2.44129,1.087,0.250165,0.102472,0.14769278466701508,0.231462,1.32548,0.291338,0.732738,,,4.05871,0.894069,1.11015,378.8699951171875,,,,,,,477.20000000000016,4.260714285714287,456,4.071428571428571,,,,,,,,,,,,,,,,,,,"Hayden Birdsong","31635",806185
"Grant Holmes","ATL",7.2214,6.8396,5.9986,4.2145,57.2246,14.49,0,0.6192,,123.407,527.732,122.844,62.2853,57.7887,16.1252,39.5568,,5.0879,113.804,8.29964,2.88486,2.87697,1.176,0.215647,0.0749562,0.14069054275751114,0.254289,1.31598,0.302184,0.716003,,,4.10609,0.851126,1.07023,271.4800109863281,,,,,,,490.6000000000001,3.9886178861788624,504,4.097560975609756,,,,,,,,,,,,,,,,,,,"Grant Holmes","16944",656550
"Andrew Abbott","CIN",6.4942,7.8116,8.1807,4.68274,20.93,20.93,0,0,,116.614,505.043,115.12,64.4762,60.675,20.8351,42.9291,,3.8696,113.708,8.77572,3.31316,2.64875,1.608,0.225146,0.0850009,0.14014489203691483,0.251219,1.35531,0.291271,0.726046,,,4.74292,0.841662,0.811015,505.7099914550781,,,,,,,395.5000000000002,3.380341880341882,399,3.41025641025641,,,,,,,,,,,,,,,,,,,"Andrew Abbott","29911",671096
"Cade Cavalli","WSN",5.2285,6.1391,6.5471,4.22973,28.4036,14.49,0,0.6216,,96.3836,413.083,90.7061,48.7431,45.2974,13.0011,36.5666,,5.451,89.9763,8.40171,3.41448,2.46061,1.214,0.217817,0.0885212,0.12929532676935196,0.244448,1.32048,0.289849,0.719985,,,4.36081,0.837469,0.964693,679.1799926757812,,,,,,,371.9000000000001,3.8739583333333343,369,3.84375,,,,,,,,,,,,,,,,,,,"Cade Cavalli","27473",676917
"Tanner Scott","LAD",3.7066,2.6356,0,3.1719,64.7778,0,23.328,8.1309,,64.7778,270.471,50.8921,25.0565,22.8298,6.11071,29.2176,,2.8148,81.2202,11.2844,4.05939,2.77984,0.849,0.300292,0.108025,0.1922668293118477,0.213439,1.23668,0.296354,0.769386,,,3.36865,0.775454,0.90898,102.88999938964844,,,,,,,487.6,7.501538461538462,460,7.076923076923077,,,,,,,,,,,,,,,,,,,"Tanner Scott","17586",656945
"Ryne Nelson","ARI",7.0598,7.311,6.5042,4.31291,50.884,16.1,0,0.6421,,124.05,526.465,128.279,63.7619,59.4464,17.2705,33.2327,,4.3338,101.597,7.37098,2.41107,3.05714,1.253,0.192979,0.0631242,0.12985516339540482,0.262384,1.30199,0.299998,0.711773,,,4.24687,0.775071,1.07482,469.8399963378906,,,,,,,472.6999999999999,3.8120967741935474,496,4,,,,,,,,,,,,,,,,,,,"Ryne Nelson","26253",669194
"Trevor Williams","WSN",7.426,9.7674,8.0093,4.58804,43.4104,22.54,0,0.6216,,141.671,611.539,147.505,77.3937,72.2213,22.4313,43.8752,,5.3301,112.165,7.12553,2.78728,2.55645,1.425,0.183414,0.0717455,0.11166809499263763,0.262308,1.35087,0.292407,0.71252,,,4.68332,0.77491,0.997617,505.3800048828125,,,,,,,476.3999999999999,3.3549295774647883,505,3.556338028169014,,,,,,,,,,,,,,,,,,,"Trevor Williams","16977",592866
"Justin Martinez","ARI",3.7356,2.7838,0,3.1201,66.5864,0,16.94,9.1012,,66.5864,280.246,52.2389,25.5357,23.084,4.63885,34.2113,,3.0665,83.5051,11.2868,4.62409,2.44086,0.627,0.297971,0.122076,0.17589472234249115,0.215003,1.29832,0.307446,0.761852,,,3.2435,0.76992,0.927303,181.0800018310547,,,,,,,477.09999999999997,7.120895522388059,448,6.686567164179104,,,,,,,,,,,,,,,,,,,"Justin Martinez","24453",679885
"Rhett Lowder","CIN",6.1419,7.382,7.075,4.59947,31.6236,17.71,0,0.5985,,113.5,490.602,119.454,62.508,58.0044,17.0754,36.9864,,4.8638,92.37,7.32449,2.93284,2.4974,1.354,0.188279,0.0753898,0.11288906633853912,0.266192,1.37833,0.30173,0.708738,,,4.60077,0.765791,0.568457,537.4199829101562,,,,,,,387.0999999999999,3.3956140350877186,411,3.6052631578947367,,,,,,,,,,,,,,,,,,,"Rhett Lowder","33876",695076
"Johan Oviedo","PIT",5.7436,7.162,6.623,4.44009,34.9827,16.1,0,0.6126,,109.309,476.573,108.739,58.0877,53.9266,13.2992,45.8284,,6.0691,94.3898,7.77165,3.77331,2.05964,1.095,0.198059,0.0961624,0.10189709067344666,0.256052,1.41405,0.301084,0.709678,,,4.44545,0.763422,0.770241,748.280029296875,,,,,,,399.30000000000007,3.663302752293579,412,3.779816513761468,,,,,,,,,,,,,,,,,,,"Johan Oviedo","22487",670912
"Cal Quantrill","MIA",6.9433,10.9526,9.9897,4.84825,25.92,25.92,0,0,,146.449,646.861,156.756,84.6536,78.8914,20.9911,53.8596,,8.2184,110.276,6.77696,3.30993,2.04746,1.29,0.170478,0.083263,0.08721501380205154,0.268058,1.43815,0.29936,0.695046,,,4.79549,0.756996,0.558197,685.75,,,,,,,447.90000000000015,3.067808219178083,491,3.363013698630137,,,,,,,,,,,,,,,,,,,"Cal Quantrill","19312",615698
"Orion Kerkering","PHI",3.456,2.6743,0,3.22707,62.6111,0,4.133,10.7839,,62.6111,257.765,51.6257,24.5582,22.4501,6.19154,21.3703,,3.296,71.8873,10.3334,3.07186,3.36389,0.89,0.278887,0.0829061,0.19598080962896347,0.221476,1.16586,0.293086,0.752983,,,3.33761,0.752292,0.883178,321.30999755859375,,,,,,,393.2000000000001,6.241269841269843,373,5.920634920634921,,,,,,,,,,,,,,,,,,,"Orion Kerkering","31776",689147
"Michael McGreevy","STL",4.6938,4.5883,3.9181,3.83324,45.8154,8.05,0,0.6447,,84.1935,353.647,87.5302,39.3329,35.8593,9.35483,19.3831,,2.6411,61.7946,6.60563,2.07199,3.18807,1,0.174735,0.0548092,0.1199260875582695,0.263945,1.26985,0.300128,0.720346,,,3.92778,0.731527,0.924777,452.6199951171875,,,,,,,344.09999999999997,4.096428571428571,365,4.345238095238095,,,,,,,,,,,,,,,,,,,"Michael McGreevy","29869",700241
"A.J. Puk","ARI",3.4758,2.7517,0,3.38598,63.6049,0,18.446,6.9328,,63.6049,264.25,53.2933,25.9336,23.9294,6.60784,22.4914,,3.0851,74.4841,10.5394,3.1825,3.31167,0.935,0.28187,0.0851141,0.19675572961568832,0.22329,1.19149,0.296262,0.749261,,,3.38129,0.725981,0.763718,229.33999633789062,,,,,,,440.7,6.8859375,420,6.5625,,,,,,,,,,,,,,,,,,,"A.J. Puk","19343",640462
"Griffin Canning","NYM",7.0408,7.1202,6.636,4.23061,48.8963,16.1,0,0.6637,,121.87,522.213,119.708,61.5981,57.2871,18.0096,40.1124,,4.761,109.622,8.09549,2.96228,2.73286,1.33,0.209918,0.0768123,0.13310525566339493,0.250781,1.3114,0.290809,0.729697,,,4.39322,0.706552,0.958271,455.0400085449219,,,,,,,458.4000000000002,3.7573770491803296,465,3.8114754098360657,,,,,,,,,,,,,,,,,,,"Griffin Canning","19867",656288
"José Alvarado","PHI",3.3185,2.6172,0,3.27515,60.6235,0,10.333,9.8159,,60.6235,254.72,48.8838,24.2408,22.0612,5.79291,27.602,,2.5281,71.6378,10.6352,4.09772,2.59538,0.86,0.281241,0.108362,0.17287923395633698,0.217658,1.26165,0.292818,0.764087,,,3.53635,0.698947,0.875956,508.6300048828125,,,,,,,391.20000000000016,6.4131147540983635,368,6.032786885245901,,,,,,,,,,,,,,,,,,,"Jose Alvarado","17780",621237
"Raisel Iglesias","ATL",3.7312,2.8856,0,3.46608,67.5802,0,31.911,1.4576,,67.5802,279.835,59.936,28.149,26.0265,7.83179,18.7635,,2.5347,75.0751,9.99813,2.49883,4.00112,1.043,0.268283,0.067052,0.2012314721941948,0.231828,1.16453,0.29667,0.746298,,,3.39669,0.681918,0.758261,52.099998474121094,,,,,,,496.80000000000007,7.305882352941177,484,7.117647058823529,,,,,,,,,,,,,,,,,,,"Raisel Iglesias","17130",628452
"Trevor Megill","MIL",3.3424,2.8849,0,3.4568,63.6049,0,27.712,2.1854,,63.6049,263.157,51.3567,26.2739,24.43,7.44884,22.8278,,2.5418,78.6599,11.1303,3.2301,3.44579,1.054,0.298909,0.0867459,0.21216268837451935,0.215977,1.16633,0.289479,0.751467,,,3.41212,0.678472,0.745102,127.13999938964844,,,,,,,482.9,7.5453125,457,7.140625,,,,,,,,,,,,,,,,,,,"Trevor Megill","17722",656730
"Paul Blackburn","NYM",4.9995,4.7506,3.4011,3.98683,51.7784,8.05,0,0.6637,,88.1921,374.848,87.2763,42.3617,39.0675,11.5924,24.8938,,3.5738,78.2005,7.98036,2.54041,3.14136,1.183,0.208619,0.0664104,0.14220885187387466,0.251967,1.27188,0.294963,0.72762,,,4.07022,0.677683,0.763823,672.1300048828125,,,,,,,350.40000000000003,3.9818181818181824,357,4.056818181818182,,,,,,,,,,,,,,,,,,,"Paul Blackburn","14739",621112
"Ryan Walker","SFG",3.6593,2.9575,0,3.0829,67.5802,0,27.934,4.9347,,67.5802,277.765,54.9929,25.3743,23.1492,6.20236,21.6093,,3.7262,79.6483,10.6072,2.87782,3.68583,0.826,0.286747,0.0777971,0.208950012922287,0.217854,1.1335,0.292898,0.754251,,,3.12713,0.667589,0.942499,75.5999984741211,,,,,,,528.4000000000001,7.770588235294119,504,7.411764705882353,,,,,,,,,,,,,,,,,,,"Ryan Walker","20423",676254
"Jason Adam","SDP",3.5379,2.9815,0,3.44279,66.5864,0,5.423,11.467,,66.5864,276.178,53.7876,27.5673,25.4715,7.41329,23.5538,,4.291,77.7056,10.5029,3.1836,3.29907,1.002,0.281361,0.0852849,0.1960756853222847,0.216594,1.16152,0.284131,0.74331,,,3.53436,0.659364,0.668564,341.82000732421875,,,,,,,410.29999999999995,6.123880597014924,385,5.746268656716418,,,,,,,,,,,,,,,,,,,"Jason Adam","11861",592094
"Aaron Bummer","ATL",3.4499,2.4857,0,3.13568,60.6235,0,1.064,14.323,,60.6235,253.655,52.4237,23.5049,21.1217,4.28406,24.4039,,2.8201,67.2969,9.99071,3.62294,2.75763,0.636,0.265309,0.096209,0.16909974068403244,0.231522,1.26729,0.310879,0.752827,,,3.21219,0.656063,0.843154,744.719970703125,,,,,,,381.00000000000006,6.245901639344263,367,6.016393442622951,,,,,,,,,,,,,,,,,,,"Aaron Bummer","16258",607481
"Jeremiah Estrada","SDP",3.3992,2.731,0,3.29314,62.6111,0,4.338,13.1926,,62.6111,259.582,46.7401,24.697,22.9097,6.96375,27.9237,,2.2109,81.9907,11.7857,4.01388,2.93624,1.001,0.315857,0.107572,0.20828484743833542,0.203707,1.1925,0.28312,0.769732,,,3.43722,0.648668,0.770137,417.7699890136719,,,,,,,403.90000000000003,6.411111111111111,370,5.873015873015873,,,,,,,,,,,,,,,,,,,"Jeremiah Estrada","22210",669093
"Blake Treinen","LAD",3.1781,2.4917,0,3.53833,57.9074,0,7.635,13.4617,,57.9074,241.381,51.0694,24.728,22.7662,6.5178,18.5772,,2.6702,64.3091,9.99496,2.88728,3.46172,1.013,0.266422,0.0769622,0.1894594058394432,0.231993,1.20272,0.29839,0.74219,,,3.50936,0.638101,0.524833,483.94000244140625,,,,,,,364.5,6.2844827586206895,353,6.086206896551724,,,,,,,,,,,,,,,,,,,"Blake Treinen","12572",595014
"Camilo Doval","SFG",3.2886,2.7442,0,3.1615,61.6173,0,9.577,11.5846,,61.6173,258.245,49.3339,23.8966,21.6448,4.813,26.7772,,2.9894,74.41,10.8685,3.91115,2.77886,0.703,0.288137,0.103689,0.18444812297821045,0.215924,1.23522,0.298287,0.752664,,,3.21596,0.631797,0.763458,381.8999938964844,,,,,,,425.9,6.869354838709677,401,6.467741935483871,,,,,,,,,,,,,,,,,,,"Camilo Doval","21992",666808
"Bryce Elder","ATL",4.1126,3.9363,4.1038,4.23746,24.5674,9.66,0,0.6192,,68.7903,297.689,72.0426,35.2582,32.3884,7.91853,22.5703,,2.779,57.1109,7.47196,2.95293,2.53036,1.036,0.191848,0.0758184,0.11602914333343506,0.264532,1.37538,0.309315,0.710605,,,4.10799,0.621221,0.615303,746.8400268554688,,,,,,,265.00000000000006,3.840579710144928,281,4.072463768115942,,,,,,,,,,,,,,,,,,,"Bryce Elder","27779",693821
"Bubba Chandler","PIT",3.9136,4.9932,5.5448,4.51212,12.88,12.88,0,0,,73.416,320.734,72.6866,39.6018,36.8069,9.55224,31.0435,,3.5563,64.0589,7.85292,3.80559,2.06352,1.171,0.199726,0.0967889,0.1029369980096817,0.25403,1.41291,0.297071,0.709722,,,4.52668,0.588443,0.54271,317.3299865722656,,,,,,,250.40000000000003,3.4301369863013704,258,3.5342465753424657,,,,,,,,,,,,,,,,,,,"Bubba Chandler","sa3017428",696149
"Randy Vásquez","SDP",5.0591,6.1603,5.1959,4.60306,29.3974,14.49,0,0.6087,,93.0769,403.223,95.2901,51.1124,47.6043,13.9512,32.0143,,5.5955,71.6051,6.9238,3.0956,2.23666,1.349,0.177582,0.079396,0.09818586707115173,0.260631,1.36773,0.290437,0.706969,,,4.78863,0.576658,0.578705,695.4099731445312,,,,,,,303,3.2580645161290325,317,3.4086021505376345,,,,,,,,,,,,,,,,,,,"Randy Vasquez","24719",681190
"Reed Garrett","NYM",3.543,2.8791,0,3.44971,65.5926,0,0,14.3369,,65.5926,276.996,54.8535,27.4357,25.1417,6.96739,27.4904,,2.5581,74.39,10.2071,3.77197,2.70604,0.956,0.26856,0.0992448,0.16931508481502533,0.222126,1.25538,0.289185,0.75642,,,3.65345,0.571311,0.729695,744.1500244140625,,,,,,,373.30000000000007,5.656060606060607,353,5.348484848484849,,,,,,,,,,,,,,,,,,,"Reed Garrett","16866",657585
"A.J. Minter","NYM",3.112,2.4344,0,3.34404,56.6481,0,2.38,11.7633,,56.6481,235.152,46.8392,22.7983,21.0482,6.42641,19.7916,,2.1168,64.5871,10.2613,3.1444,3.26336,1.021,0.274661,0.0841651,0.19049593061208725,0.219651,1.17622,0.284137,0.760534,,,3.5212,0.565668,0.662962,652.1599731445312,,,,,,,347.79999999999995,6.101754385964911,329,5.771929824561403,,,,,,,,,,,,,,,,,,,"A.J. Minter","18655",621345
"Pierce Johnson","ATL",3.4707,2.7569,0,3.55972,63.6049,0,2.127,12.3222,,63.6049,268.829,53.7928,27.2211,25.1573,7.02481,26.563,,2.1931,76.3902,10.8091,3.75863,2.87581,0.994,0.284159,0.09881,0.18534904718399048,0.224069,1.26336,0.298536,0.753458,,,3.55655,0.546651,0.644491,692.2999877929688,,,,,,,370.1,5.7828125,352,5.5,,,,,,,,,,,,,,,,,,,"Pierce Johnson","13435",572955
"Robert Suarez","SDP",3.3877,2.9369,0,3.54104,64.5988,0,25.307,4.5655,,64.5988,268.267,55.9303,27.5224,25.4163,7.68008,22.2734,,2.2677,68.9106,9.60073,3.10316,3.09385,1.07,0.256873,0.083027,0.17384620755910873,0.22948,1.21061,0.28869,0.751373,,,3.71824,0.542824,0.55738,103.19000244140625,,,,,,,448,6.892307692307693,432,6.6461538461538465,,,,,,,,,,,,,,,,,,,"Robert Suarez","30115",663158
"Drey Jameson","ARI",3.424,3.1581,1.4143,3.89701,47.9422,3.22,0,0.6421,,62.7858,265.547,60.9002,29.5341,27.1864,6.72506,20.5859,,2.7232,58.2052,8.3434,2.95088,2.82743,0.964,0.21919,0.0775226,0.1416672021150589,0.251407,1.29784,0.305543,0.720845,,,3.81858,0.535307,0.450438,747.8699951171875,,,,,,,269.5,4.277777777777778,272,4.317460317460317,,,,,,,,,,,,,,,,,,,"Drey Jameson","26260",686753
"DJ Herz","WSN",3.2253,3.4406,3.3779,3.95023,20.9698,8.05,0,0.6216,,56.1269,241.111,46.9987,26.4894,24.6349,7.38381,27.3315,,2.6534,61.7918,9.90837,4.38263,2.26083,1.184,0.256279,0.113357,0.1429229974746704,0.22261,1.32432,0.279075,0.747596,,,4.27754,0.528836,0.787072,418.2099914550781,,,,,,,244.10000000000008,4.358928571428573,227,4.053571428571429,,,,,,,,,,,,,,,,,,,"DJ Herz","26389",687792
"David Bednar","PIT",3.1481,3.0784,0,3.84192,63.6049,0,26.973,4.0712,,63.6049,269.741,56.1177,29.1665,27.1517,7.46298,24.5855,,2.5774,68.0648,9.63107,3.47881,2.76849,1.056,0.252334,0.0911448,0.16118906438350677,0.231339,1.26882,0.291258,0.733566,,,3.83275,0.52817,0.552187,145.8800048828125,,,,,,,444.9,6.9515625,432,6.75,,,,,,,,,,,,,,,,,,,"David Bednar","19569",670280
"Matt Waldron","SDP",3.5258,4.0661,3.9494,4.44108,19.5983,9.66,0,0.6087,,64.0503,272.315,63.8685,33.8384,31.6059,9.95626,18.6863,,3.3784,53.098,7.46104,2.6257,2.84155,1.399,0.194987,0.0686202,0.1263672485947609,0.255218,1.28891,0.287999,0.709986,,,4.56272,0.516841,0.51859,657.5499877929688,,,,,,,228.20000000000002,3.5656250000000003,234,3.65625,,,,,,,,,,,,,,,,,,,"Matt Waldron","25550",663362
"Kevin Ginkel","ARI",2.7206,2.242,0,3.51801,50.6852,0,2.259,12.034,,50.6852,211.276,45.4339,21.5225,19.8123,5.06289,16.3917,,1.9947,54.946,9.75658,2.91062,3.35206,0.899,0.260067,0.0775843,0.18248309940099716,0.235544,1.2198,0.303814,0.736297,,,3.38518,0.510614,0.474613,582.1400146484375,,,,,,,312.90000000000003,6.135294117647059,304,5.96078431372549,,,,,,,,,,,,,,,,,,,"Kevin Ginkel","19876",656464
"Quinn Mathews","STL",2.858,2.749,3.1379,3.84261,18.3659,6.44,0,0.6447,,48.6339,207.262,45.24,22.5707,20.7646,5.70097,18.2354,,2.2832,46.1369,8.53792,3.37457,2.53007,1.055,0.222602,0.0879824,0.13461948931217194,0.242258,1.30517,0.293087,0.737101,,,4.05875,0.508076,0.612441,419.30999755859375,,,,,,,207.8,4.240816326530613,203,4.142857142857143,,,,,,,,,,,,,,,,,,,"Quinn Mathews","sa3023407",687273
"Andrew Painter","PHI",4.1172,4.4396,4.894,4.40818,19.2206,11.27,0,0.5881,,72.1896,307.772,69.6016,37.8087,35.3583,11.5022,24.2368,,3.0925,66.1659,8.24902,3.02164,2.72998,1.434,0.214983,0.0787492,0.13623429089784622,0.248185,1.29989,0.286522,0.720775,,,4.54043,0.506803,0.619431,999,,,,,,,258.20000000000005,3.5861111111111117,259,3.5972222222222223,,,,,,,,,,,,,,,,,,,"Andrew Painter","sa3017880",691725
"Bryan Hudson","MIL",3.0859,2.7521,0,3.5361,59.6296,0,0.978,11.2738,,59.6296,251.072,51.9051,25.4621,23.4285,6.85078,22.6244,,2.5165,65.0299,9.81508,3.41474,2.87433,1.034,0.259009,0.0901112,0.16889777779579163,0.229739,1.24987,0.292465,0.755599,,,3.74376,0.493556,0.658701,999,,,,,,,323.7,5.395,310,5.166666666666667,,,,,,,,,,,,,,,,,,,"Bryan Hudson","19924",663542
"Ryan Pressly","CHC",3.1423,2.7194,0,3.4798,59.8704,0,24.581,5.3242,,59.8704,250.504,54.6766,25.3333,23.1486,5.98704,19.0711,,2.1591,62.2351,9.35547,2.86686,3.26332,0.9,0.24844,0.0761309,0.17230863124132156,0.238477,1.23179,0.302323,0.740668,,,3.45129,0.482836,0.598934,169.14999389648438,,,,,,,433.20000000000005,7.220000000000001,428,7.133333333333334,,,,,,,,,,,,,,,,,,,"Ryan Pressly","7005",519151
"Colin Rea","CHC",4.1581,4.7441,3.1126,4.37958,42.834,8.05,0,0.6304,,79.4885,338.953,81.1457,41.5111,38.6807,11.8791,21.2784,,3.6336,68.2467,7.72716,2.40922,3.20732,1.345,0.201346,0.0627768,0.13856875896453857,0.258392,1.28854,0.296118,0.709997,,,4.33232,0.467008,0.339295,582.760009765625,,,,,,,291.4,3.6886075949367085,304,3.848101265822785,,,,,,,,,,,,,,,,,,,"Colin Rea","12317",607067
"Erik Miller","SFG",3.2313,2.7043,0,3.18918,60.6235,0,1.197,12.179,,60.6235,256.119,46.5421,23.5806,21.4821,5.53021,30.082,,2.272,75.8487,11.2603,4.46589,2.5214,0.821,0.296146,0.117453,0.17869310826063156,0.207995,1.26393,0.288033,0.770065,,,3.45114,0.460321,0.673425,999,,,,,,,364.4000000000001,5.97377049180328,336,5.508196721311475,,,,,,,,,,,,,,,,,,,"Erik Miller","26252",669062
"Keaton Winn","SFG",2.8697,2.692,0.7096,3.54269,47.326,1.61,0,0.6289,,54.4604,227.789,50.891,23.4892,21.4373,5.5247,15.287,,2.7747,52.2223,8.63014,2.52629,3.41613,0.913,0.229257,0.0671104,0.16214699298143387,0.242653,1.21516,0.298501,0.73043,,,3.56239,0.443872,0.555969,727.4099731445312,,,,,,,247.20000000000002,4.577777777777778,246,4.555555555555555,,,,,,,,,,,,,,,,,,,"Keaton Winn","23499",676775
"Abner Uribe","MIL",2.8373,2.5142,0,3.48222,54.6605,0,0,6.5107,,54.6605,234.494,44.2021,23.1893,21.1489,4.91337,29.617,,2.4699,65.5452,10.7922,4.87652,2.21309,0.809,0.279518,0.126302,0.15321585536003113,0.218382,1.3505,0.297758,0.756342,,,3.69783,0.441246,0.56932,628.8300170898438,,,,,,,295.1,5.365454545454546,274,4.9818181818181815,,,,,,,,,,,,,,,,,,,"Abner Uribe","25327",682842
"Daysbel Hernández","ATL",3.0715,2.5721,0,3.76036,57.642,0,0,11.1738,,57.642,246.966,48.957,26.0252,24.0838,6.28938,27.1505,,2.8157,67.5905,10.5533,4.23917,2.48948,0.982,0.273683,0.109936,0.16374725103378296,0.225608,1.32035,0.298125,0.744139,,,3.79934,0.437021,0.424907,749.97998046875,,,,,,,318,5.482758620689655,302,5.206896551724138,,,,,,,,,,,,,,,,,,,"Daysbel Hernandez","20271",678226
"Adrian Morejon","SDP",3.1886,2.7469,0,3.51268,60.6235,0,1.085,11.788,,60.6235,251.968,51.9171,25.664,23.6612,6.87066,22.7192,,2.2236,64.7996,9.61997,3.37283,2.8522,1.02,0.257174,0.090167,0.16700691729784012,0.228684,1.23114,0.289958,0.753219,,,3.73635,0.435905,0.642511,667.3300170898438,,,,,,,338.1000000000001,5.542622950819673,322,5.278688524590164,,,,,,,,,,,,,,,,,,,"Adrian Morejon","20039",670970
"Alex Vesia","LAD",3.0718,2.5018,0,3.75227,56.9259,0,1.272,13.1059,,56.9259,240.6,45.4505,25.2637,23.7335,8.15305,24.982,,2.2342,71.2633,11.2667,3.94966,2.85259,1.289,0.29619,0.103832,0.1923578456044197,0.212999,1.23727,0.278407,0.765336,,,3.95894,0.43351,0.470715,586.8200073242188,,,,,,,324.4,5.6912280701754385,299,5.245614035087719,,,,,,,,,,,,,,,,,,,"Alex Vesia","25007",681911
"Caleb Ferguson","PIT",3.0741,2.861,0,3.59472,60.6235,0,1.108,11.8622,,60.6235,258.412,53.8795,26.4408,24.2138,5.66493,25.5712,,3.4674,63.6634,9.45129,3.79623,2.48965,0.841,0.246364,0.0989552,0.14740879088640213,0.234899,1.31056,0.301256,0.741192,,,3.71797,0.431084,0.693491,999,,,,,,,331.20000000000005,5.429508196721312,321,5.262295081967213,,,,,,,,,,,,,,,,,,,"Caleb Ferguson","19349",657571
"Yuki Matsui","SDP",3.0312,2.6123,0,3.53339,57.642,0,0,10.9843,,57.642,242.295,47.5186,24.4109,22.6302,7.08356,24.3666,,1.8078,67.2999,10.5079,3.80451,2.76197,1.106,0.27776,0.100566,0.17719430476427078,0.219871,1.2471,0.285282,0.766107,,,3.79119,0.421205,0.603682,725.6599731445312,,,,,,,318.3,5.4879310344827585,299,5.155172413793103,,,,,,,,,,,,,,,,,,,"Yuki Matsui","33826",673513
"Evan Phillips","LAD",2.6995,2.1053,0,3.53708,49.0741,0,0,7.118,,49.0741,204.305,42.6511,20.8443,19.2866,5.85618,15.8034,,2.0616,55.8981,10.2515,2.89828,3.53709,1.074,0.273601,0.077352,0.19624926149845123,0.228766,1.19115,0.295101,0.748375,,,3.53183,0.416566,0.481555,651.3900146484375,,,,,,,263,5.36734693877551,253,5.163265306122449,,,,,,,,,,,,,,,,,,,"Evan Phillips","17734",623465
"Chase Dollander","COL",5.6816,8.5761,7.0775,5.06692,27.44,19.44,0,0.5694,,118.808,523.255,123.752,71.2164,66.8878,19.5241,47.7838,,6.8483,106.288,8.05161,3.61974,2.22436,1.479,0.203129,0.0913203,0.11180895566940308,0.264076,1.44381,0.304039,0.695686,,,4.89307,0.416331,0.249743,999,,,,,,,363.19999999999993,3.052100840336134,386,3.2436974789915967,,,,,,,,,,,,,,,,,,,"Chase Dollander","sa3023361",801403
"Colin Holderman","PIT",3.0229,3.0089,0,3.8776,61.6173,0,6.651,10.3011,,61.6173,264.225,55.9774,28.7678,26.5475,6.38766,26.0159,,3.3409,62.5526,9.13661,3.79996,2.4044,0.933,0.23674,0.0984612,0.13827874511480331,0.238335,1.33069,0.298863,0.728612,,,3.9131,0.41586,0.44389,604.5399780273438,,,,,,,353.4,5.699999999999999,346,5.580645161290323,,,,,,,,,,,,,,,,,,,"Colin Holderman","22361",670059
"Tanner Banks","PHI",3.5381,3.0784,0,3.663,67.5802,0,0,10.9968,,67.5802,283.593,61.2775,29.8497,27.5052,8.10211,22.7873,,2.8039,67.817,9.03154,3.0347,2.97609,1.079,0.239135,0.0803521,0.15878283977508545,0.237508,1.24393,0.29204,0.745513,,,3.85406,0.411029,0.599328,999,,,,,,,348.20000000000005,5.120588235294118,338,4.970588235294118,,,,,,,,,,,,,,,,,,,"Tanner Banks","16990",621383
"Anthony Bender","MIA",2.9532,2.9812,0,3.67603,60.6235,0,5.384,12.1135,,60.6235,257.097,55.7008,26.9853,24.7615,6.24422,22.0635,,3.0556,62.4082,9.26495,3.27549,2.82857,0.927,0.242742,0.0858178,0.1569240465760231,0.240113,1.28274,0.30281,0.735689,,,3.68964,0.407892,0.482205,641.22998046875,,,,,,,354.0000000000001,5.803278688524592,349,5.721311475409836,,,,,,,,,,,,,,,,,,,"Anthony Bender","19742",669622
"Kirby Yates","LAD",3.183,2.5828,0,3.69773,58.8889,0,7.635,11.5837,,58.8889,249.529,47.6755,26.0388,24.195,7.09938,27.3477,,2.6994,72.9529,11.1494,4.17955,2.66761,1.085,0.292362,0.109597,0.1827651411294937,0.217218,1.27398,0.291015,0.752633,,,3.78676,0.404379,0.474886,235.38999938964844,,,,,,,369.7,6.266101694915254,348,5.898305084745763,,,,,,,,,,,,,,,,,,,"Kirby Yates","9073",489446
"Tony Gonsolin","LAD",5.3573,5.6338,4.7774,4.6454,36.2756,12.72,0,0.7118,,94.4423,409.523,95.1668,51.9543,48.7469,15.4885,32.4057,,4.1677,85.8413,8.18036,3.08814,2.64896,1.476,0.209613,0.0791304,0.1304825395345688,0.255173,1.3508,0.293345,0.71413,,,4.64239,0.395635,0.408797,483.1099853515625,,,,,,,332.1,3.5329787234042556,343,3.648936170212766,,,,,,,,,,,,,,,,,,,"Tony Gonsolin","19388",664062
"Dedniel Núñez","NYM",2.6292,2.1388,0,3.4698,48.6975,0,0,4.3365,,48.6975,203.841,41.0767,20.3906,18.7745,5.52987,18.0962,,1.6546,54.2055,10.018,3.34444,2.99541,1.022,0.26592,0.0887761,0.17714443057775497,0.223134,1.21511,0.28585,0.754063,,,3.63323,0.388216,0.548215,731.8699951171875,,,,,,,246.20000000000002,5.024489795918368,231,4.714285714285714,,,,,,,,,,,,,,,,,,,"Dedniel Nunez","23055",673380
"Jared Koenig","MIL",3.1547,2.8778,0,3.6138,61.6173,0,1.956,11.4099,,61.6173,259.441,56.1711,26.9205,24.7414,6.99014,21.124,,2.6837,61.7641,9.02144,3.08543,2.92388,1.021,0.238066,0.0814212,0.15664485096931458,0.238384,1.25444,0.29471,0.746192,,,3.79563,0.385754,0.560265,733.3800048828125,,,,,,,333.0999999999999,5.372580645161289,325,5.241935483870968,,,,,,,,,,,,,,,,,,,"Jared Koenig","27517",657649
"Bobby Miller","LAD",2.5832,2.1365,0.6524,3.73484,38.8863,1.59,0,0.7118,,45.8966,192.62,41.8373,20.6831,19.0463,5.4617,15.2019,,2.0013,48.0835,9.42884,2.98099,3.16299,1.071,0.249629,0.0789217,0.1707070991396904,0.238502,1.24278,0.298475,0.73606,,,3.74266,0.374328,0.415326,509.9700012207031,,,,,,,218.70000000000005,4.754347826086957,214,4.6521739130434785,,,,,,,,,,,,,,,,,,,"Bobby Miller","27483",676272
"Caleb Thielbar","CHC",2.8255,2.5555,0,3.70619,54.963,0,0,10.9824,,54.963,230.743,47.5022,24.3201,22.6337,7.09633,20.2267,,1.8023,60.0852,9.83874,3.31205,2.97059,1.162,0.260399,0.087659,0.17273980379104614,0.227595,1.23226,0.285488,0.751095,,,3.86093,0.371658,0.433571,999,,,,,,,294.09999999999997,5.347272727272727,282,5.127272727272727,,,,,,,,,,,,,,,,,,,"Caleb Thielbar","10078",573204
"Dylan Lee","ATL",3.3659,2.667,0,3.56995,61.6173,0,0,12.5648,,61.6173,256.632,54.1593,26.3046,24.4412,7.79801,19.7316,,1.9101,68.3834,9.98828,2.88205,3.46568,1.139,0.266465,0.0768868,0.189578078687191,0.230475,1.19919,0.291931,0.755654,,,3.64577,0.37148,0.694243,737.219970703125,,,,,,,342,5.516129032258065,328,5.290322580645161,,,,,,,,,,,,,,,,,,,"Dylan Lee","19996",669276
"DL Hall","MIL",2.471,2.4388,1.3824,3.82235,31.0472,3.22,0,0.5919,,45.5399,194.824,40.2345,20.9313,19.341,5.53057,19.5545,,2.2405,48.7035,9.62522,3.86453,2.49065,1.093,0.249987,0.10037,0.14961707592010498,0.23253,1.31289,0.292133,0.7466,,,4.04209,0.369381,0.453331,725.72998046875,,,,,,,198.60000000000002,4.317391304347827,188,4.086956521739131,,,,,,,,,,,,,,,,,,,"DL Hall","22207",669084
"Austin Gomber","COL",6.7657,10.9387,8.1909,5.28754,25.92,25.92,0,0,,143.089,627.035,166.521,89.3802,84.0657,25.8674,40.4651,,4.1886,102.742,6.46225,2.54516,2.53903,1.627,0.163854,0.064534,0.09932014346122742,0.285932,1.44655,0.309966,0.688674,,,5.01674,0.369111,0.0750604,746.3800048828125,,,,,,,378.2000000000001,2.6447552447552454,451,3.1538461538461537,,,,,,,,,,,,,,,,,,,"Austin Gomber","16561",596295
"JoJo Romero","STL",3.233,2.7997,0,3.47027,61.6173,0,1.174,12.6886,,61.6173,260.318,56.6982,26.0795,23.7587,6.29866,21.635,,2.7966,60.4289,8.82642,3.16007,2.79311,0.92,0.232135,0.0831099,0.14902504533529282,0.240362,1.27129,0.297942,0.751689,,,3.72346,0.368966,0.654409,718.2000122070312,,,,,,,338.79999999999995,5.4645161290322575,334,5.387096774193548,,,,,,,,,,,,,,,,,,,"JoJo Romero","19574",668941
"Nick Mears","MIL",2.9675,2.6758,0,3.6032,57.642,0,0,10.6803,,57.642,243.523,46.7247,24.8897,23.0773,6.67366,25.9506,,2.0609,70.8845,11.0676,4.05183,2.73152,1.042,0.291079,0.106563,0.184516042470932,0.216808,1.2608,0.290323,0.754523,,,3.66999,0.365332,0.523649,745.6900024414062,,,,,,,322.90000000000003,5.567241379310345,301,5.189655172413793,,,,,,,,,,,,,,,,,,,"Nick Mears","25376",683232
"Craig Kimbrel","ATL",2.645,2.2202,0,3.80043,49.6914,0,0,4.1282,,49.6914,211.093,40.9255,22.4897,20.9832,5.87463,22.2007,,2.6427,60.6448,10.9839,4.02094,2.73166,1.064,0.287289,0.10517,0.1821192353963852,0.219735,1.27036,0.292749,0.740168,,,3.76237,0.360121,0.408702,702.8699951171875,,,,,,,252.6,5.052,235,4.7,,,,,,,,,,,,,,,,,,,"Craig Kimbrel","6655",518886
"Ryan Thompson","ARI",3.1659,2.9637,0,3.97713,62.6111,0,0,13.2399,,62.6111,267.455,64.061,30.2525,27.6681,6.01762,20.146,,2.6778,51.2042,7.36032,2.89588,2.54166,0.865,0.19145,0.0753248,0.1161249652504921,0.261868,1.34492,0.309714,0.711967,,,3.8739,0.346023,0.292786,750.1900024414062,,,,,,,311,4.936507936507937,322,5.111111111111111,,,,,,,,,,,,,,,,,,,"Ryan Thompson","16647",657044
"Jordan Wicks","CHC",2.6635,2.7608,2.6074,4.07657,18.1378,6.36,0,0.6304,,46.0141,196.552,44.7404,22.5325,20.8422,6.13521,15.5799,,1.7888,41.7724,8.17036,3.04731,2.68117,1.2,0.212526,0.079266,0.13325990736484528,0.249691,1.31091,0.294077,0.730467,,,4.21657,0.342936,0.430151,701.489990234375,,,,,,,183.60000000000002,3.9913043478260875,186,4.043478260869565,,,,,,,,,,,,,,,,,,,"Jordan Wicks","30094",696136
"Andrew Nardi","MIA",1.9447,1.8497,0,3.50163,38.7593,0,0,0.5976,,38.7593,162.445,31.5015,16.2432,15.0801,4.5779,15.7844,,1.6826,47.3875,11.0035,3.66517,3.00217,1.063,0.291714,0.0971677,0.19454644620418549,0.217285,1.21999,0.289462,0.75942,,,3.60866,0.339919,0.440799,748.8300170898438,,,,,,,187.90000000000003,4.817948717948719,174,4.461538461538462,,,,,,,,,,,,,,,,,,,"Andrew Nardi","25942",677053
"Jesus Tinoco","MIA",3.0426,3.1832,0,3.83186,63.6049,0,6.461,10.3744,,63.6049,270.89,58.4133,29.3558,27.0806,7.12375,24.2268,,2.8034,65.0081,9.19855,3.42806,2.68331,1.008,0.23998,0.0894341,0.1505456119775772,0.239536,1.29927,0.298667,0.733268,,,3.85327,0.339687,0.535321,463.9800109863281,,,,,,,355.7,5.5578125,348,5.4375,,,,,,,,,,,,,,,,,,,"Jesus Tinoco","16300",622786
"Riley O'Brien","STL",2.663,2.4936,0,3.77292,52.6728,0,0,4.5557,,52.6728,226.745,47.2788,24.1302,22.0812,5.17949,24.6444,,2.7046,52.7087,9.00613,4.21089,2.13877,0.885,0.232458,0.108688,0.12377030402421951,0.23711,1.36547,0.297505,0.739007,,,4.00112,0.328083,0.374552,999,,,,,,,250.50000000000006,4.7264150943396235,242,4.566037735849057,,,,,,,,,,,,,,,,,,,"Riley O'Brien","20348",676617
"Jose A. Ferrer","WSN",3.0577,2.9743,0,3.69699,61.6173,0,5.766,12.8061,,61.6173,260.98,58.3266,27.7267,25.3109,6.26443,22.9926,,2.6471,53.5726,7.82497,3.35837,2.32999,0.915,0.205275,0.088101,0.11717373132705688,0.247839,1.31975,0.296645,0.738708,,,3.9976,0.32513,0.489776,651.9000244140625,,,,,,,346.19999999999993,5.583870967741935,344,5.548387096774194,,,,,,,,,,,,,,,,,,,"Jose A. Ferrer","24017",678606
"Stephen Kolek","SDP",4.2064,4.5646,3.5418,4.19964,40.8463,8.05,0,0.6087,,78.6813,340.439,79.3345,39.9944,36.7148,9.31062,29.5347,,4.4618,61.8046,7.06955,3.37834,2.09261,1.065,0.181544,0.0867548,0.09478907287120819,0.258889,1.38367,0.29756,0.718686,,,4.43004,0.321277,0.611744,694.02001953125,,,,,,,294.5,3.7278481012658227,304,3.848101265822785,,,,,,,,,,,,,,,,,,,"Stephen Kolek","21487",663568
"Luke Little","CHC",2.135,1.7088,0,3.18634,39.2593,0,0,0.6304,,39.2593,167.417,30.1287,15.3483,13.8993,3.19309,21.2556,,2.7031,49.197,11.2782,4.87274,2.31454,0.732,0.293859,0.126962,0.1668970286846161,0.210017,1.30884,0.295774,0.768129,,,3.54836,0.311564,0.555066,999,,,,,,,203.70000000000005,5.223076923076924,186,4.769230769230769,,,,,,,,,,,,,,,,,,,"Luke Little","28036",681432
"Craig Yoho","MIL",2.5731,2.389,0,3.68758,50.6852,0,0,0.5919,,50.6852,215.407,43.9635,22.5433,20.7673,5.65422,21.1415,,2.4453,56.2461,9.98743,3.75402,2.66046,1.004,0.261115,0.0981468,0.1629687249660492,0.229191,1.2845,0.294869,0.744228,,,3.79335,0.304749,0.354667,999,,,,,,,236.20000000000002,4.631372549019608,224,4.392156862745098,,,,,,,,,,,,,,,,,,,"Craig Yoho","sa3023032",684974
"Sean Hjelle","SFG",2.4982,2.3665,0,3.58618,49.6914,0,0,4.1929,,49.6914,211.633,49.8999,21.9136,19.8002,4.50535,12.91,,3.0242,42.4336,7.68548,2.33823,3.28688,0.816,0.200506,0.0610018,0.13950376957654953,0.254983,1.264,0.305153,0.723798,,,3.59925,0.304313,0.341737,749.3499755859375,,,,,,,230.5,4.61,237,4.74,,,,,,,,,,,,,,,,,,,"Sean Hjelle","21481",663546
"Braxton Ashcraft","PIT",2.2495,2.5064,1.3932,4.14648,29.0595,3.22,0,0.6126,,44.1935,187.4,44.7498,21.9394,20.3608,5.71078,12.0489,,1.6684,37.7086,7.67935,2.45376,3.12963,1.163,0.20122,0.0642951,0.13692476600408554,0.257653,1.28523,0.299693,0.714277,,,4.07102,0.300479,0.260636,999,,,,,,,172.8,3.9272727272727277,180,4.090909090909091,,,,,,,,,,,,,,,,,,,"Braxton Ashcraft","sa3008470",677952
"Joel Payamps","MIL",3.0258,2.909,0,3.83797,60.6235,0,1.956,13.267,,60.6235,255.795,56.0572,27.9323,25.8523,7.72613,19.8538,,2.5825,59.8006,8.87783,2.94744,3.01205,1.147,0.233783,0.0776161,0.15616724640130997,0.240219,1.25217,0.291446,0.737063,,,3.96068,0.295061,0.402665,498.67999267578125,,,,,,,320.4000000000001,5.252459016393444,314,5.147540983606557,,,,,,,,,,,,,,,,,,,"Joel Payamps","14332",606303
"José Suarez","ATL",2.9762,2.5837,0.6231,3.88287,47.326,1.61,0,0.6192,,54.4461,230.607,51.0535,25.3164,23.4897,6.9691,18.697,,2.4472,53.3467,8.81827,3.09063,2.85322,1.152,0.231332,0.0810773,0.15025432407855988,0.243735,1.28109,0.295577,0.740645,,,4.03592,0.294013,0.41157,749.7000122070312,,,,,,,227.9,4.220370370370371,226,4.185185185185185,,,,,,,,,,,,,,,,,,,"Jose Suarez","19911",660761
"Joe Mantiply","ARI",3.0315,2.7092,0,3.80079,58.6358,0,0,11.787,,58.6358,249.196,58.7065,27.0308,24.7625,5.86358,18.7126,,2.01,50.2621,7.71472,2.87219,2.686,0.9,0.201697,0.0750919,0.12660516798496246,0.256951,1.32034,0.306606,0.728049,,,3.81233,0.289708,0.38758,748.9600219726562,,,,,,,294.4,4.989830508474576,302,5.11864406779661,,,,,,,,,,,,,,,,,,,"Joe Mantiply","14857",573009
"Landon Knack","LAD",2.3635,2.172,0.5797,4.17873,36.9233,1.59,0,0.7118,,44.0374,185.796,41.1202,21.7761,20.4467,7.08024,13.2681,,1.6057,45.1818,9.23388,2.71162,3.4053,1.447,0.24318,0.0714122,0.1717674285173416,0.240578,1.23505,0.286869,0.733254,,,4.21788,0.286194,0.176744,531.1900024414062,,,,,,,181.9,4.134090909090909,178,4.045454545454546,,,,,,,,,,,,,,,,,,,"Landon Knack","27487",689017
"Jalen Beeks","ARI",2.5618,2.3032,0,3.83887,49.6914,0,0,4.281,,49.6914,212.902,47.5205,23.0459,21.1954,5.20103,18.7382,,1.9453,47.1987,8.54853,3.39382,2.51885,0.942,0.221692,0.0880133,0.1336788833141327,0.247221,1.3334,0.302674,0.732703,,,3.87619,0.282265,0.370734,999,,,,,,,230.7,4.614,232,4.64,,,,,,,,,,,,,,,,,,,"Jalen Beeks","17192",656222
"Joe Ross","PHI",3.2306,3.1167,0.6187,4.02698,55.2767,1.61,0,6.3511,,62.5217,265.609,59.7557,30.1749,27.9748,8.47516,21.3257,,2.7206,57.4729,8.27322,3.06983,2.69501,1.22,0.216382,0.0802898,0.13609176874160767,0.247371,1.29685,0.292006,0.735471,,,4.24403,0.273088,0.426011,739.3200073242188,,,,,,,277.80000000000007,4.409523809523811,277,4.396825396825397,,,,,,,,,,,,,,,,,,,"Joe Ross","12972",605452
"Jordan Romano","PHI",2.9797,2.7608,0,3.94314,58.6358,0,14.81,7.6064,,58.6358,248.141,51.5382,27.602,25.6899,7.61614,22.9394,,2.6735,62.5934,9.60745,3.52097,2.72864,1.169,0.252249,0.092445,0.1598043143749237,0.231603,1.27017,0.288357,0.734555,,,4.03049,0.265802,0.348262,158.24000549316406,,,,,,,358.00000000000006,6.067796610169492,346,5.864406779661017,,,,,,,,,,,,,,,,,,,"Jordan Romano","16122",605447
"Nate Pearson","CHC",3.0472,2.91,0,3.92445,60.8519,0,0,10.7478,,60.8519,257.738,53.0621,28.4499,26.5345,7.96484,24.0719,,2.6702,66.8285,9.88394,3.56024,2.7762,1.178,0.259288,0.0933968,0.16589171439409256,0.22971,1.26757,0.28871,0.737825,,,3.98999,0.264399,0.333958,703.52001953125,,,,,,,312.2000000000001,5.118032786885248,298,4.885245901639344,,,,,,,,,,,,,,,,,,,"Nate Pearson","20160",663878
"Aaron Ashby","MIL",2.7957,2.8016,1.4009,3.83076,38.004,3.22,0,0.5919,,52.6001,228.168,48.2981,24.5699,22.3887,4.99701,25.9524,,2.5099,51.956,8.88979,4.44052,2.00197,0.855,0.227709,0.113743,0.11396690458059311,0.241846,1.4116,0.303329,0.738693,,,4.04929,0.257984,0.41265,635.030029296875,,,,,,,226.90000000000003,4.281132075471699,221,4.169811320754717,,,,,,,,,,,,,,,,,,,"Aaron Ashby","23550",676879
"Joey Wentz","PIT",3.1195,3.2039,0,4.03347,64.5988,0,0,12.3874,,64.5988,276.654,60.2252,31.1324,28.9508,8.01743,25.4265,,2.351,63.6338,8.86555,3.54246,2.50266,1.117,0.230012,0.0919072,0.13810499757528305,0.241988,1.3259,0.294584,0.732517,,,4.0998,0.257828,0.302366,999,,,,,,,321.6,4.947692307692308,316,4.861538461538461,,,,,,,,,,,,,,,,,,,"Joey Wentz","19962",666214
"Kyle Finnegan","WSN",3.0608,3.0682,0,3.84759,62.6111,0,23.45,5.8744,,62.6111,264.629,57.2408,29.0435,26.7669,7.26984,24.0071,,1.9437,61.3891,8.82434,3.45089,2.55712,1.045,0.231982,0.0907198,0.14126192033290863,0.239824,1.29766,0.293914,0.734548,,,3.95839,0.257195,0.441225,182.1999969482422,,,,,,,414.90000000000003,6.585714285714286,407,6.4603174603174605,,,,,,,,,,,,,,,,,,,"Kyle Finnegan","15009",640448
"Anthony Banda","LAD",2.9604,2.5169,0,3.85661,55.9444,0,0,12.6226,,55.9444,237.859,51.3307,25.9332,23.9729,6.95575,21.4573,,2.7461,56.4501,9.08135,3.45192,2.63081,1.119,0.237326,0.0902102,0.14711573719978333,0.24025,1.30108,0.295341,0.743138,,,4.06263,0.257053,0.310031,999,,,,,,,287.70000000000005,5.137500000000001,281,5.017857142857143,,,,,,,,,,,,,,,,,,,"Anthony Banda","14706",607455
"Emilio Pagán","CIN",3.1196,3.2037,0,4.35844,64.5988,0,5.262,10.937,,64.5988,274.072,60.0598,33.1618,31.2833,11.2115,22.0625,,2.1904,68.3423,9.52155,3.07378,3.09767,1.562,0.249359,0.0804989,0.16886001080274582,0.240413,1.27127,0.286895,0.737066,,,4.43312,0.252985,0.292035,702.97998046875,,,,,,,322.7,4.964615384615384,315,4.846153846153846,,,,,,,,,,,,,,,,,,,"Emilio Pagan","14771",641941
"Yilber Diaz","ARI",2.552,2.4461,0.6432,4.05691,41.3631,1.61,0,0.6421,,48.8276,209.788,44.7216,23.6762,22.0099,5.81048,20.5586,,2.014,50.9137,9.38451,3.7894,2.47652,1.071,0.242691,0.097997,0.14469417929649353,0.238878,1.33695,0.29819,0.728036,,,4.01491,0.250695,0.258833,734.4600219726562,,,,,,,208.8,4.261224489795919,204,4.163265306122449,,,,,,,,,,,,,,,,,,,"Yilber Diaz","29271",700270
"Enyel De Los Santos","ATL",2.7672,2.4869,0,4.07111,53.6667,0,0,6.6877,,53.6667,229.836,49.6985,26.0277,24.2759,7.12575,20.6291,,2.7102,55.6862,9.33867,3.45954,2.6994,1.195,0.242287,0.0897557,0.15253092348575592,0.240675,1.31045,0.296293,0.734031,,,4.12201,0.247835,0.209856,999,,,,,,,251.5,4.657407407407407,247,4.574074074074074,,,,,,,,,,,,,,,,,,,"Enyel De Los Santos","18403",660853
"Adam Mazur","MIA",1.7527,2.6157,2.3418,4.75245,6.44,6.44,0,0,,35.1066,152.306,37.3163,19.8304,18.538,5.65216,10.6805,,1.3123,26.8085,6.87268,2.73807,2.51004,1.449,0.176017,0.0701253,0.10589208453893661,0.26595,1.36717,0.293587,0.702688,,,4.75705,0.245991,0.170336,748.7999877929688,,,,,,,106.99999999999999,3.057142857142857,115,3.2857142857142856,,,,,,,,,,,,,,,,,,,"Adam Mazur","31900",800049
"Tristan Beck","SFG",2.0495,2.0365,0,3.85744,41.7407,0,0,0.6289,,41.7407,175.899,40.1119,19.3195,17.8903,5.24078,11.2916,,1.779,37.7288,8.13497,2.43466,3.34132,1.13,0.214491,0.0641937,0.1502976194024086,0.246345,1.2315,0.290935,0.728083,,,3.93035,0.234216,0.238655,750.1099853515625,,,,,,,186.3,4.435714285714286,186,4.428571428571429,,,,,,,,,,,,,,,,,,,"Tristan Beck","21584",663941
"Tyler Phillips","MIA",2.3058,2.5575,0,4.04113,49.6914,0,0,3.9843,,49.6914,212.084,51.7773,24.3327,22.3121,5.62617,14.2572,,1.9228,38.6672,7.00332,2.58223,2.71212,1.019,0.18232,0.0672243,0.11509589850902557,0.264299,1.32889,0.304406,0.717045,,,4.0589,0.227232,0.202837,750.7999877929688,,,,,,,207,4.14,218,4.36,,,,,,,,,,,,,,,,,,,"Tyler Phillips","20629",663969
"Calvin Faucher","MIA",2.9554,3.1728,0,3.93147,62.6111,0,21.894,5.6477,,62.6111,269.179,57.8531,29.6617,27.3504,6.78287,26.0875,,2.6697,63.9654,9.19467,3.74993,2.45196,0.975,0.237631,0.0969151,0.14071641862392426,0.240632,1.34067,0.300991,0.729118,,,3.90945,0.225545,0.279032,299.3699951171875,,,,,,,404.3,6.417460317460318,399,6.333333333333333,,,,,,,,,,,,,,,,,,,"Calvin Faucher","20116",676534
"Ryan Fernandez","STL",3.2529,3.0712,0,3.83457,64.5988,0,2.348,13.0289,,64.5988,274.655,58.8911,29.8423,27.5232,7.14176,26.2627,,2.3401,63.6638,8.86973,3.65896,2.42411,0.995,0.231796,0.0956207,0.13617483526468277,0.239344,1.31819,0.295294,0.735962,,,3.96098,0.223528,0.400409,666.4099731445312,,,,,,,347.5,5.346153846153846,340,5.230769230769231,,,,,,,,,,,,,,,,,,,"Ryan Fernandez","24862",681676
"Brusdar Graterol","LAD",1.4801,1.2106,0,3.65193,27.4815,0,0,0.7118,,27.4815,116.054,26.643,12.25,11.1512,2.73288,8.7257,,1.2909,24.7852,8.11698,2.85761,2.84048,0.895,0.213566,0.0751866,0.1383795440196991,0.25126,1.287,0.304513,0.732934,,,3.74894,0.214415,0.219938,999,,,,,,,116.7,4.322222222222222,120,4.444444444444445,,,,,,,,,,,,,,,,,,,"Brusdar Graterol","20367",660813
"Julian Merryweather","CHC",2.8976,2.6755,0,3.76041,56.9259,0,0,7.3123,,56.9259,242.032,49.8345,25.7213,23.785,6.56545,23.4902,,2.5026,62.3489,9.85738,3.71381,2.65425,1.038,0.257606,0.0970541,0.16055192053318024,0.230673,1.28807,0.294097,0.74226,,,3.84511,0.211212,0.329251,999,,,,,,,279.69999999999993,4.907017543859648,268,4.701754385964913,,,,,,,,,,,,,,,,,,,"Julian Merryweather","16703",657240
"Ryan Brasier","CHC",2.5889,2.4077,0,3.79384,51.037,0,2.304,12.0449,,51.037,213.633,47.595,23.2297,21.514,6.27755,15.2752,,1.855,50.5143,8.90783,2.69367,3.30695,1.107,0.236454,0.0715021,0.16495159268379211,0.24221,1.23186,0.295735,0.732975,,,3.79289,0.204965,0.322264,748.4099731445312,,,,,,,287.8,5.643137254901961,286,5.607843137254902,,,,,,,,,,,,,,,,,,,"Ryan Brasier","5615",518489
"Ronny Henriquez","MIA",2.5893,2.8577,0,4.03215,55.6543,0,0,9.2037,,55.6543,239.065,55.547,27.1147,24.9341,6.38169,19.1618,,2.5556,47.5309,7.68634,3.0987,2.4805,1.032,0.19882,0.0801531,0.1186668798327446,0.255568,1.34237,0.300825,0.723596,,,4.11973,0.203852,0.214416,999,,,,,,,261,4.660714285714286,268,4.785714285714286,,,,,,,,,,,,,,,,,,,"Ronny Henriquez","24094",678692
"Scott Barlow","CIN",2.8187,2.8239,0,4.18065,57.642,0,2.105,10.1511,,57.642,250.074,53.5307,28.8562,26.7757,7.74324,24.517,,2.7681,62.1228,9.69961,3.82799,2.53387,1.209,0.248418,0.098039,0.15037868171930313,0.240275,1.35401,0.299415,0.731938,,,4.17741,0.198309,0.299699,581.469970703125,,,,,,,280.4000000000001,4.834482758620691,276,4.758620689655173,,,,,,,,,,,,,,,,,,,"Scott Barlow","14993",605130
"Brad Lord","WSN",2.7838,2.9998,0.6845,4.0285,49.3137,1.61,0,0.6216,,56.8807,242.498,55.2495,27.6402,25.4604,6.88256,19.2878,,3.0334,47.5581,7.52492,3.05183,2.46571,1.089,0.196118,0.079538,0.11657953262329102,0.250932,1.31041,0.291831,0.722587,,,4.24454,0.197143,0.31059,999,,,,,,,226.69999999999993,3.977192982456139,228,4,,,,,,,,,,,,,,,,,,,"Brad Lord","sa3020812",695418
"José Buttó","NYM",3.2176,2.9123,0,3.89093,62.6111,0,1.19,15.8559,,62.6111,267.34,56.7363,29.2101,27.0684,7.91683,23.2054,,3.0961,62.9974,9.05553,3.33565,2.71477,1.138,0.235645,0.0868011,0.1488441675901413,0.235383,1.2768,0.286964,0.736755,,,4.05815,0.196714,0.357713,675.3699951171875,,,,,,,336.6000000000001,5.342857142857144,328,5.2063492063492065,,,,,,,,,,,,,,,,,,,"Jose Butto","23313",676130
"Joe Jiménez","ATL",1.3361,1.0965,0,3.71627,24.8457,0,0,0.6192,,24.8457,104,21.3693,10.9909,10.2592,3.00633,8.7074,,1.1482,28.7548,10.416,3.15413,3.30234,1.089,0.276488,0.083725,0.19276347756385803,0.226984,1.21054,0.294357,0.73782,,,3.61483,0.196373,0.204846,750.7999877929688,,,,,,,125.5,5.02,118,4.72,,,,,,,,,,,,,,,,,,,"Joe Jimenez","15761",641729
"Porter Hodge","CHC",3.1506,2.903,0,3.74071,61.8333,0,10.37,9.5892,,61.8333,264.924,53.063,27.8802,25.7001,6.80853,28.7485,,3.0933,67.8198,9.87135,4.18442,2.35907,0.991,0.255997,0.108516,0.14748115837574005,0.227658,1.3231,0.291911,0.746149,,,3.94918,0.192649,0.388231,281.7099914550781,,,,,,,364.8999999999999,5.88548387096774,349,5.629032258064516,,,,,,,,,,,,,,,,,,,"Porter Hodge","26413",687863
"Zack Thompson","STL",1.3302,1.1995,0,3.64642,25.8395,0,0,0.6447,,25.8395,110.002,22.9288,11.3941,10.4691,2.85383,10.6757,,1.1878,26.561,9.2513,3.71839,2.48799,0.994,0.241459,0.0970501,0.1444091945886612,0.233637,1.30051,0.292111,0.75012,,,3.92378,0.184146,0.26436,999,,,,,,,117.7,4.526923076923077,113,4.346153846153846,,,,,,,,,,,,,,,,,,,"Zack Thompson","25918",668868
"Daniel Palencia","CHC",1.916,1.7354,0,3.68423,37.2963,0,0,0.6304,,37.2963,158.573,31.1501,16.5272,15.2676,4.08187,17.2684,,1.8555,42.4325,10.2394,4.16705,2.45723,0.985,0.26759,0.108899,0.158690944314003,0.22338,1.29821,0.291261,0.746801,,,3.8521,0.183145,0.237024,999,,,,,,,175.00000000000003,4.729729729729731,164,4.4324324324324325,,,,,,,,,,,,,,,,,,,"Daniel Palencia","27914",694037
"Ryne Stanek","NYM",3.0104,2.6331,0,3.78632,57.642,0,0,11.9769,,57.642,244.66,47.9657,25.9757,24.2501,7.38458,24.8492,,2.3813,65.8423,10.2804,3.87986,2.64967,1.153,0.269118,0.101566,0.16755128651857376,0.220603,1.26323,0.281417,0.749709,,,3.96462,0.180979,0.404757,745.4500122070312,,,,,,,317.3,5.470689655172414,298,5.137931034482759,,,,,,,,,,,,,,,,,,,"Ryne Stanek","15947",592773
"Derek Law","WSN",3.1673,3.2533,0,3.93928,65.5926,0,3.46,12.3492,,65.5926,278.999,63.2295,31.1886,28.7097,7.63789,23.1033,,2.5088,57.1769,7.84528,3.17002,2.47484,1.048,0.204936,0.0828078,0.12212803959846497,0.249537,1.3162,0.294803,0.729037,,,4.10828,0.179163,0.388325,733.030029296875,,,,,,,325.2000000000001,4.927272727272729,325,4.924242424242424,,,,,,,,,,,,,,,,,,,"Derek Law","13133",571882
"John King","STL",3.0072,2.8304,0,3.74398,59.6296,0,0,12.0339,,59.6296,254.827,63.0536,27.4604,24.8058,5.1414,18.0288,,2.204,41.7994,6.30886,2.72112,2.31848,0.776,0.164031,0.0707492,0.0932813361287117,0.268777,1.35977,0.308613,0.725755,,,3.90332,0.178721,0.416293,999,,,,,,,290.7,4.845,307,5.116666666666666,,,,,,,,,,,,,,,,,,,"John King","22051",667463
"Taylor Rogers","CIN",3.0817,2.9504,0,3.99395,61.6173,0,5.262,12.329,,61.6173,264.112,55.8011,29.4609,27.344,8.42788,24.6445,,3.1855,68.5558,10.0135,3.59965,2.78179,1.231,0.259571,0.0933108,0.16626016050577164,0.236163,1.30557,0.297387,0.742713,,,4.07435,0.176756,0.30605,493.0799865722656,,,,,,,341.79999999999995,5.5129032258064505,333,5.370967741935484,,,,,,,,,,,,,,,,,,,"Taylor Rogers","13449",573124
"Danny Young","NYM",2.946,2.503,0,3.5878,55.6543,0,0,10.2217,,55.6543,240.304,49.2442,24.3528,22.1863,5.32426,24.6263,,4.1796,57.9504,9.37131,3.98238,2.35319,0.861,0.241155,0.10248,0.138674758374691,0.232835,1.32731,0.296309,0.745563,,,3.88039,0.176168,0.423789,999,,,,,,,294.5000000000001,5.258928571428574,284,5.071428571428571,,,,,,,,,,,,,,,,,,,"Danny Young","18439",664849
"Wandy Peralta","SDP",2.624,2.4354,0,3.7512,51.679,0,0,4.2206,,51.679,221.798,48.3217,23.5924,21.5398,5.47223,21.591,,2.6536,46.8212,8.15401,3.76012,2.16855,0.953,0.211098,0.0973453,0.1137530580163002,0.244601,1.35283,0.294985,0.744082,,,4.13845,0.174923,0.274102,999,,,,,,,233.5,4.490384615384615,230,4.423076923076923,,,,,,,,,,,,,,,,,,,"Wandy Peralta","14295",593974
"Carmen Mlodzinski","PIT",3.5384,4.2593,1.566,4.44794,51.5399,4.83,0,0.6126,,72.2169,314.995,72.0966,38.3819,35.6907,9.01909,29.7608,,2.9953,62.9989,7.85121,3.70893,2.11684,1.124,0.2,0.0944802,0.10551945865154266,0.255445,1.41044,0.300053,0.711364,,,4.40606,0.169777,0.207768,724.4099731445312,,,,,,,265.9000000000001,3.693055555555557,274,3.8055555555555554,,,,,,,,,,,,,,,,,,,"Carmen Mlodzinski","27572",669387
"Brandon Sproat","NYM",1.1164,1.103,1.4953,4.20403,3.22,3.22,0,0,,18.354,78.942,17.8511,9.2849,8.57342,2.38398,6.8293,,0.7427,16.0642,7.87718,3.34879,2.35225,1.169,0.203494,0.0865103,0.11698335409164429,0.250121,1.34469,0.292264,0.721343,,,4.34221,0.169718,0.208333,999,,,,,,,69.80000000000003,3.877777777777779,72,4,,,,,,,,,,,,,,,,,,,"Brandon Sproat","sa3023499",687075
"Ryan Borucki","PIT",2.5331,2.5258,0,3.88035,51.679,0,0,4.2471,,51.679,220.85,48.6423,24.1713,22.2814,5.58707,19.5733,,2.9146,49.3543,8.59515,3.40873,2.52151,0.973,0.223474,0.0886271,0.13484719395637512,0.24522,1.31999,0.300202,0.729286,,,3.96733,0.169257,0.404495,999,,,,,,,228.6,4.396153846153846,227,4.365384615384615,,,,,,,,,,,,,,,,,,,"Ryan Borucki","16350",621366
"Sam Moll","CIN",2.8602,2.7827,0,4.0469,57.642,0,0,6.9422,,57.642,248.778,53.6197,28.0128,25.919,7.42301,24.2683,,3.2864,59.1162,9.23018,3.78916,2.43594,1.159,0.237626,0.09755,0.14007629454135895,0.242378,1.35124,0.298652,0.738938,,,4.22354,0.164276,0.396122,999,,,,,,,267.70000000000005,4.615517241379311,264,4.551724137931035,,,,,,,,,,,,,,,,,,,"Sam Moll","14874",594580
"Carson Whisenhunt","SFG",1.045,1.0392,0.7734,3.7215,11.5483,1.61,0,0.6289,,19.1153,81.33,17.2051,8.5872,7.90417,2.18764,7.1559,,0.8416,19.3057,9.08965,3.36919,2.69787,1.03,0.237375,0.087986,0.14938890933990479,0.234618,1.27442,0.289693,0.740613,,,3.88948,0.163888,0.158745,999,,,,,,,89.8,4.726315789473684,87,4.578947368421052,,,,,,,,,,,,,,,,,,,"Carson Whisenhunt","sa3020529",687931
"Jorge López","WSN",2.8227,2.9416,0,3.99391,58.8889,0,4.613,10.7417,,58.8889,252.309,57.1217,28.4142,26.133,6.7984,21.3976,,3.5687,51.7344,7.90658,3.2702,2.41777,1.039,0.205044,0.0848071,0.12023670226335526,0.251258,1.33335,0.298106,0.726145,,,4.18211,0.161864,0.321004,576.7000122070312,,,,,,,300.3,5.089830508474576,302,5.11864406779661,,,,,,,,,,,,,,,,,,,"Jorge Lopez","14527",605347
"Wade Miley","CIN",3.3443,4.3024,4.0746,4.80788,11.27,11.27,0,0,,61.7147,272.592,69.0061,35.5389,32.9686,9.51092,21.0929,,2.4023,44.1146,6.43334,3.07603,2.09144,1.387,0.161834,0.077379,0.08445479720830917,0.277025,1.45993,0.304368,0.710569,,,4.88241,0.160568,0.227358,999,,,,,,,175.39999999999995,2.8290322580645153,199,3.2096774193548385,,,,,,,,,,,,,,,,,,,"Wade Miley","8779",489119
"Luis García","LAD",1.6936,1.4775,0,3.94042,32.3889,0,0,0.7118,,32.3889,137.067,31.5325,15.4118,14.1806,3.72112,10.3247,,1.6155,29.8067,8.28248,2.86896,2.88693,1.034,0.217461,0.0753259,0.1421348601579666,0.252004,1.29233,0.303621,0.721613,,,3.92544,0.157866,0.161683,750.5999755859375,,,,,,,132.40000000000003,4.137500000000001,136,4.25,,,,,,,,,,,,,,,,,,,"Luis Garcia","6984",472610
"Kendall Graveman","ARI",2.6295,2.527,0,4.11884,52.6728,0,0,6.8068,,52.6728,229.511,50.6159,26.1347,24.1057,5.55405,22.9075,,2.9104,50.6745,8.65856,3.91412,2.21214,0.949,0.220793,0.09981,0.1209833100438118,0.248491,1.39585,0.305577,0.720766,,,4.0836,0.156341,0.167636,749.8499755859375,,,,,,,237.80000000000004,4.48679245283019,239,4.509433962264151,,,,,,,,,,,,,,,,,,,"Kendall Graveman","15514",608665
"Elvis Peguero","MIL",2.7446,2.7036,0,3.88666,55.6543,0,0,9.115,,55.6543,239.993,52.6904,26.2829,24.0344,5.58398,23.431,,2.6577,53.0264,8.57504,3.78909,2.26309,0.903,0.22095,0.097632,0.12331777065992355,0.246327,1.36775,0.303337,0.729659,,,3.97154,0.15596,0.31248,750.5599975585938,,,,,,,266.80000000000007,4.764285714285715,266,4.75,,,,,,,,,,,,,,,,,,,"Elvis Peguero","21652",665625
"Tommy Henry","ARI",1.9242,1.8946,0.608,4.13559,29.4372,1.61,0,0.6421,,36.702,157.456,36.1992,18.1719,16.8649,4.65708,13.0355,,1.534,32.801,8.0434,3.19654,2.51628,1.142,0.208319,0.0827882,0.12553030997514725,0.253342,1.34147,0.29918,0.727214,,,4.21951,0.155632,0.232498,999,,,,,,,143.70000000000002,3.8837837837837843,145,3.918918918918919,,,,,,,,,,,,,,,,,,,"Tommy Henry","26285",674072
"Tony Santillan","CIN",2.8961,2.9409,0,4.27821,59.6296,0,5.262,9.989,,59.6296,257.914,53.2387,30.2639,28.3453,8.8053,27.0433,,3.3433,67.341,10.1639,4.08169,2.49012,1.329,0.261099,0.104854,0.15624473989009857,0.233988,1.34634,0.29352,0.736052,,,4.35627,0.145747,0.310493,596.0999755859375,,,,,,,304.5,5.075,292,4.866666666666666,,,,,,,,,,,,,,,,,,,"Tony Santillan","19926",663574
"Hunter Stratton","PIT",1.7958,1.9007,0,4.15968,37.7654,0,0,0.6126,,37.7654,162.642,35.8373,18.7628,17.4547,4.70389,14.603,,1.9195,35.5426,8.47028,3.48009,2.43392,1.121,0.218533,0.0897862,0.12874656915664673,0.24526,1.33562,0.294064,0.722326,,,4.21593,0.144163,0.0857173,999,,,,,,,151.1,3.9763157894736842,150,3.9473684210526314,,,,,,,,,,,,,,,,,,,"Hunter Stratton","23455",676702
"Logan Henderson","MIL",1.4979,1.7008,1.3687,4.30099,13.1583,3.22,0,0.5919,,28.2923,119.863,26.6852,14.3878,13.5205,4.67766,8.638,,1.1953,27.6661,8.8008,2.74781,3.20284,1.488,0.230814,0.0720656,0.15874873101711273,0.242527,1.24851,0.283289,0.727568,,,4.40276,0.140057,0.2205,600.6900024414062,,,,,,,105.50000000000004,3.7678571428571446,105,3.75,,,,,,,,,,,,,,,,,,,"Logan Henderson","sa3020080",701656
"Connor Thomas","MIL",2.6537,2.5999,0,3.85811,53.6667,0,0,4.2616,,53.6667,227.981,55.7784,25.2049,23.0058,6.09415,14.1362,,2.3126,39.4001,6.60747,2.37067,2.78718,1.022,0.172822,0.062006,0.11081581935286522,0.263688,1.30276,0.299234,0.728375,,,4.09387,0.136172,0.308338,999,,,,,,,226.20000000000002,4.188888888888889,238,4.407407407407407,,,,,,,,,,,,,,,,,,,"Connor Thomas","sa3010784",671162
"Lou Trivino","SFG",3.1742,3.2465,0,3.94512,65.5926,0,0,12.914,,65.5926,282.119,61.9114,31.2615,28.7523,7.12044,25.7933,,3.0023,61.1701,8.39319,3.53911,2.37155,0.977,0.216824,0.091427,0.1253967434167862,0.244397,1.33711,0.296115,0.726088,,,4.02957,0.135742,0.251124,999,,,,,,,328.1000000000001,4.9712121212121225,326,4.9393939393939394,,,,,,,,,,,,,,,,,,,"Lou Trivino","15043",642152
"Carson Ragsdale","SFG",1.3884,1.3358,0,3.72912,27.8272,0,0,0.6289,,27.8272,117.762,24.7415,12.4653,11.5301,3.25269,9.9255,,1.2188,29.0269,9.38801,3.21015,2.92448,1.052,0.246488,0.0842844,0.16220342367887497,0.232058,1.2458,0.289069,0.737274,,,3.80126,0.130637,0.225724,999,,,,,,,134.30000000000004,4.796428571428573,130,4.642857142857143,,,,,,,,,,,,,,,,,,,"Carson Ragsdale","sa3014922",685068
"Cristian Mena","ARI",1.231,1.2367,0.6574,4.17456,15.5236,1.61,0,0.6421,,22.9846,98.812,22.407,11.5194,10.6612,2.69941,8.8204,,0.9261,21.2323,8.31386,3.45377,2.40718,1.057,0.214876,0.0892645,0.12561126053333282,0.251579,1.35862,0.302571,0.718006,,,4.11787,0.128285,0.0946715,999,,,,,,,92.10000000000001,4.004347826086957,92,4,,,,,,,,,,,,,,,,,,,"Cristian Mena","27974",691441
"Kyle Nelson","ARI",1.5883,1.525,0,4.14366,31.8025,0,0,0.6421,,31.8025,137.021,30.8508,15.7656,14.6421,3.93644,12.1644,,1.3824,29.5351,8.35833,3.44248,2.42799,1.114,0.215552,0.0887776,0.12677400559186935,0.249856,1.35257,0.29904,0.726575,,,4.19608,0.126396,0.0698884,999,,,,,,,132.00000000000003,4.125000000000001,133,4.15625,,,,,,,,,,,,,,,,,,,"Kyle Nelson","20515",669459
"Mike Burrows","PIT",1.3304,1.3934,0,4.12153,27.8272,0,0,0.6126,,27.8272,118.97,26.4592,13.6797,12.7434,3.58352,10.0243,,1.1346,26.1655,8.46257,3.2421,2.61021,1.159,0.219934,0.0842591,0.13567454367876053,0.245422,1.31107,0.293045,0.724699,,,4.16304,0.123462,0.0633818,750.719970703125,,,,,,,113.40000000000006,4.0500000000000025,111,3.9642857142857144,,,,,,,,,,,,,,,,,,,"Mike Burrows","24728",681347
"Carson Seymour","SFG",1.095,1.0454,0,3.63684,21.8642,0,0,0.6289,,21.8642,92.527,21.2319,9.7184,8.83518,2.11111,6.521,,1.0514,18.9845,7.81462,2.68425,2.91129,0.869,0.205178,0.0704767,0.13470123708248138,0.249921,1.26933,0.299422,0.727275,,,3.72413,0.122172,0.117982,999,,,,,,,101.60000000000002,4.618181818181819,102,4.636363636363637,,,,,,,,,,,,,,,,,,,"Carson Seymour","sa3017868",693313
"Mason Black","SFG",1.9394,1.952,0,3.91019,39.7531,0,0,0.6289,,39.7531,168.946,37.2817,18.6403,17.2714,4.9338,12.4993,,2.101,38.0684,8.61859,2.82981,3.04564,1.117,0.225329,0.073984,0.15134482085704803,0.241547,1.25225,0.290523,0.726336,,,3.96651,0.120242,0.129409,749.2000122070312,,,,,,,176.3,4.407500000000001,173,4.325,,,,,,,,,,,,,,,,,,,"Mason Black","30171",696131
"Graham Ashcraft","CIN",2.6891,2.6617,0,4.1045,54.6605,0,3.157,3.9938,,54.6605,232.203,56.3556,27.0318,24.9282,7.14231,14.2013,,2.8895,47.5361,7.82695,2.33828,3.34731,1.176,0.204718,0.061159,0.14355885982513428,0.261982,1.29082,0.306751,0.718738,,,4.06384,0.119558,0.1448,631.1699829101562,,,,,,,251.29999999999998,4.569090909090908,260,4.7272727272727275,,,,,,,,,,,,,,,,,,,"Graham Ashcraft","27552",668933
"Kevin Herget","NYM",1.7128,1.5953,0,4.01625,33.7901,0,0,0.6637,,33.7901,142.695,32.7872,16.2283,15.0788,4.71935,9.2292,,1.3747,29.3225,7.81005,2.4582,3.17714,1.257,0.205491,0.0646778,0.14081291109323502,0.248217,1.24345,0.286263,0.728286,,,4.18803,0.117391,0.157593,999,,,,,,,136.3,4.008823529411765,137,4.029411764705882,,,,,,,,,,,,,,,,,,,"Kevin Herget","15369",643361
"Caleb Kilian","CHC",1.1434,1.2941,0.6252,4.3584,15.3307,1.59,0,0.6304,,22.6786,97.989,23.4416,11.8861,10.9825,2.90538,7.7711,,1.1288,17.4172,6.91201,3.08396,2.24128,1.153,0.177746,0.0793058,0.09844064712524414,0.263125,1.37631,0.298637,0.711972,,,4.47323,0.116291,0.0992814,750.1799926757812,,,,,,,84.50000000000001,3.6739130434782616,87,3.782608695652174,,,,,,,,,,,,,,,,,,,"Caleb Kilian","26213",668873
"Dennis Santana","PIT",3.0703,3.2527,0,4.15321,64.5988,0,2.217,14.6308,,64.5988,279.891,61.3885,32.1263,29.8102,7.34273,27.6711,,2.9822,61.2947,8.53967,3.85518,2.21512,1.023,0.218995,0.0988638,0.12013105303049088,0.246305,1.37866,0.299256,0.722689,,,4.17,0.112147,0.30435,549.3599853515625,,,,,,,335.29999999999995,5.1584615384615375,333,5.123076923076923,,,,,,,,,,,,,,,,,,,"Dennis Santana","17878",642701
"Hurston Waldrep","ATL",0.9484,0.9307,0.6534,4.30956,9.5606,1.61,0,0.6192,,16.9589,73.948,16.6392,8.7863,8.1206,2.06145,7.3717,,0.671,15.6632,8.31238,3.91212,2.12477,1.094,0.211814,0.0996876,0.11212609708309174,0.252471,1.41583,0.302564,0.720695,,,4.32225,0.111067,0.0765069,716.9400024414062,,,,,,,69.00000000000001,4.058823529411765,71,4.176470588235294,,,,,,,,,,,,,,,,,,,"Hurston Waldrep","33527",694462
"Michael Kopech","LAD",2.7038,2.3891,0,4.06893,52.0185,0,2.545,9.752,,52.0185,221.355,43.434,25.0738,23.5177,7.11497,23.9606,,2.4936,61.9007,10.7098,4.14555,2.58344,1.231,0.279644,0.108245,0.1713993325829506,0.222852,1.29559,0.288509,0.736864,,,4.0903,0.101762,0.229176,516.0499877929688,,,,,,,287.90000000000003,5.536538461538462,270,5.1923076923076925,,,,,,,,,,,,,,,,,,,"Michael Kopech","17282",656629
"Max Lazar","PHI",1.9503,1.9412,0,4.21264,39.7531,0,0,0.5881,,39.7531,169.958,39.8538,20.121,18.6073,5.296,13.2839,,1.5235,32.6864,7.40012,3.00744,2.4606,1.199,0.19232,0.0781599,0.11416056007146835,0.256872,1.33669,0.294942,0.722098,,,4.37135,0.0986578,0.108464,999,,,,,,,155.5,3.8875,160,4,,,,,,,,,,,,,,,,,,,"Max Lazar","23426",676661
"Bryan Hoeing","SDP",2.74,2.7081,0,4.02802,55.6543,0,0,9.3746,,55.6543,236.928,55.843,27.0788,24.9085,6.84548,17.3706,,2.1148,46.2796,7.48399,2.80904,2.66425,1.107,0.195332,0.0733159,0.12201596796512604,0.256817,1.31551,0.298188,0.725049,,,4.15272,0.0984232,0.26784,999,,,,,,,253.70000000000007,4.530357142857144,260,4.642857142857143,,,,,,,,,,,,,,,,,,,"Bryan Hoeing","26304",663773
"Declan Cronin","MIA",2.2169,2.4519,0,4.02049,47.7037,0,0,0.5976,,47.7037,206.153,47.6941,23.2914,21.3102,4.63256,18.4911,,2.5056,40.6079,7.66127,3.48862,2.19608,0.874,0.196979,0.089696,0.10728341341018677,0.257588,1.38742,0.307767,0.718494,,,4.04686,0.0966939,0.198298,999,,,,,,,191.90000000000003,3.9979166666666672,198,4.125,,,,,,,,,,,,,,,,,,,"Declan Cronin","25645",686539
"Robby Snelling","MIA",0.906,1.3245,1.3486,4.61825,3.22,3.22,0,0,,18.354,80.535,19.2959,10.1572,9.41815,2.49003,7.2817,,0.6907,13.5523,6.64546,3.57063,1.86115,1.221,0.168278,0.0904166,0.07786179333925247,0.265921,1.44805,0.297342,0.7111,,,4.75648,0.0953988,0.115366,999,,,,,,,63.200000000000024,3.5111111111111124,68,3.7777777777777777,,,,,,,,,,,,,,,,,,,"Robby Snelling","sa3020707",702281
"Kyle Hart","SDP",5.0293,6.2139,5.1801,4.64517,36.7319,12.88,0,0.6087,,97.2679,422.499,100.883,53.8413,50.2029,15.3683,34.4591,,4.2719,70.0299,6.47972,3.18843,2.03226,1.422,0.165752,0.0815602,0.08419144153594971,0.262875,1.39144,0.286606,0.716009,,,4.97511,0.0921441,0.430605,534.030029296875,,,,,,,300.70000000000005,3.1000000000000005,320,3.2989690721649483,,,,,,,,,,,,,,,,,,,"Kyle Hart","19646",606996
"Josh Simpson","MIA",1.9246,2.0636,0,3.92581,40.7469,0,0,0.5976,,40.7469,176.93,36.8266,19.2794,17.7738,4.48216,19.668,,1.9961,42.0358,9.28469,4.34418,2.13727,0.99,0.237584,0.111163,0.126421757042408,0.237184,1.38648,0.297426,0.74105,,,4.12824,0.0911126,0.236081,999,,,,,,,180.00000000000006,4.390243902439026,175,4.2682926829268295,,,,,,,,,,,,,,,,,,,"Josh Simpson","sa1053035",681006
"Huascar Brazobán","NYM",2.3946,2.1784,0,3.88748,46.7099,0,0,0.6637,,46.7099,200.644,41.654,21.9043,20.176,5.09138,21.3393,,2.1154,46.9974,9.0554,4.11163,2.20239,0.981,0.234233,0.106354,0.12787872552871704,0.235082,1.34861,0.292266,0.7355,,,4.07758,0.0905961,0.158428,999,,,,,,,206.10000000000002,4.385106382978724,199,4.23404255319149,,,,,,,,,,,,,,,,,,,"Huascar Brazoban","6107",623211
"Jack Neely","CHC",1.258,1.24,0,4.05066,25.5185,0,0,0.6304,,25.5185,108.96,23.0317,12.3194,11.4852,3.42799,10.2609,,1.0477,26.2195,9.24723,3.61887,2.55528,1.209,0.240634,0.0941713,0.14646291732788086,0.235856,1.30465,0.288273,0.736072,,,4.18733,0.0859758,0.160869,999,,,,,,,118.7,4.565384615384615,114,4.384615384615385,,,,,,,,,,,,,,,,,,,"Jack Neely","30106",680891
"Justin Wrobleski","LAD",2.0238,1.8198,0,4.10684,39.2593,0,0,0.7118,,39.2593,167.274,37.715,19.262,17.9146,5.6228,13.5444,,1.5255,36.791,8.43415,3.10499,2.71633,1.289,0.219945,0.0809713,0.1389731839299202,0.247792,1.30566,0.292304,0.73748,,,4.30568,0.0835108,0.145586,738.22998046875,,,,,,,146,3.7435897435897436,147,3.769230769230769,,,,,,,,,,,,,,,,,,,"Justin Wrobleski","31204",680736
"Tyler Rogers","SFG",3.3248,3.4846,0,4.02552,69.5679,0,1.197,14.1252,,69.5679,297.045,73.5791,33.9866,31.1163,7.55971,17.0557,,3.6584,49.6353,6.42132,2.2065,2.91019,0.978,0.167097,0.0574179,0.10967899858951569,0.266272,1.30282,0.301271,0.70765,,,4.04545,0.0823377,0.103366,740.75,,,,,,,325.20000000000005,4.645714285714287,344,4.914285714285715,,,,,,,,,,,,,,,,,,,"Tyler Rogers","15541",643511
"Tink Hence","STL",0.5243,0.5872,0.7262,4.32525,1.61,1.61,0,0,,9.177,39.539,9.1417,4.7625,4.41031,1.22462,3.3595,,0.348,7.676,7.52795,3.2947,2.28486,1.201,0.194137,0.0849667,0.10917069017887115,0.25513,1.36223,0.293978,0.717428,,,4.44038,0.0802097,0.0591369,999,,,,,,,37.90000000000001,4.211111111111112,39,4.333333333333333,,,,,,,,,,,,,,,,,,,"Tink Hence","sa3014709",693311
"Dauri Moreta","PIT",1.4308,1.4876,0,4.10137,29.8148,0,0,0.6126,,29.8148,128.236,26.9381,14.5481,13.5868,3.77654,12.5016,,1.3942,31.2391,9.42994,3.77378,2.49881,1.14,0.243606,0.097489,0.14611731469631195,0.235596,1.32282,0.291985,0.728836,,,4.11581,0.0798247,0.0680698,999,,,,,,,126.60000000000001,4.220000000000001,122,4.066666666666666,,,,,,,,,,,,,,,,,,,"Dauri Moreta","21101",664294
"Tim Mayza","PIT",2.599,2.7511,0,4.09567,54.6605,0,0,6.7382,,54.6605,237.448,57.2217,27.1604,24.8746,5.55715,19.8183,,2.0273,42.7919,7.0458,3.26314,2.15921,0.915,0.180216,0.0834638,0.09675212949514389,0.265404,1.40943,0.3089,0.720179,,,4.12139,0.0797121,0.176323,999,,,,,,,233,4.236363636363636,245,4.454545454545454,,,,,,,,,,,,,,,,,,,"Tim Mayza","15042",641835
"Jhony Brito","SDP",1.0752,1.0651,0,4.04824,21.8642,0,0,0.6087,,21.8642,92.881,21.6023,10.6624,9.83461,2.75489,6.9419,,0.8315,18.0029,7.41057,2.85751,2.59337,1.134,0.193828,0.0747397,0.11908785998821259,0.253823,1.30552,0.29289,0.72433,,,4.22428,0.0761363,0.0635787,999,,,,,,,84.7,3.85,87,3.9545454545454546,,,,,,,,,,,,,,,,,,,"Jhony Brito","25386",666745
"Kyle Amendt","ARI",1.1057,1.0348,0,4.03149,21.8642,0,0,0.6421,,21.8642,94.65,19.5829,10.562,9.79392,2.4415,10.5978,,0.8593,23.4295,9.64433,4.36239,2.21079,1.005,0.247538,0.111968,0.1355699896812439,0.235391,1.38037,0.299037,0.733064,,,4.047,0.0741181,0.0481309,999,,,,,,,100.20000000000002,4.554545454545456,98,4.454545454545454,,,,,,,,,,,,,,,,,,,"Kyle Amendt","sa3022904",694900
"Tyler Stuart","WSN",0.7339,0.7254,0,3.78754,14.9074,0,0,0.6216,,14.9074,62.61,14.1043,6.8169,6.2736,1.77232,4.4966,,0.671,13.2879,8.02226,2.71472,2.9551,1.07,0.212233,0.0718192,0.14041367173194885,0.245538,1.24776,0.290971,0.731033,,,3.96925,0.0727674,0.0934171,999,,,,,,,65,4.333333333333333,64,4.266666666666667,,,,,,,,,,,,,,,,,,,"Tyler Stuart","sa3020264",701603
"Drue Hackenberg","ATL",0.5491,0.5611,0.6974,4.48766,1.61,1.61,0,0,,9.177,40.499,9.3634,4.9688,4.57592,1.04618,4.167,,0.5115,7.6875,7.53923,4.08663,1.84485,1.026,0.189819,0.102891,0.08692807704210281,0.261398,1.47438,0.307058,0.709579,,,4.50252,0.0720576,0.0572161,999,,,,,,,31.900000000000013,3.544444444444446,33,3.6666666666666665,,,,,,,,,,,,,,,,,,,"Drue Hackenberg","sa3023304",802357
"Chad Patrick","MIL",1.6939,1.8523,0.6477,4.22347,26.4557,1.61,0,0.5919,,34.0227,144.043,32.8051,17.0744,15.966,5.334,9.7776,,1.4903,30.7339,8.13002,2.58646,3.1433,1.411,0.213366,0.0678797,0.14548641443252563,0.247073,1.2516,0.284065,0.72642,,,4.39148,0.0701483,0.16384,999,,,,,,,137.3,4.038235294117648,138,4.0588235294117645,,,,,,,,,,,,,,,,,,,"Chad Patrick","sa3017933",694477
"Taijuan Walker","PHI",3.7195,4.2362,1.6363,4.5769,52.5337,4.83,0,0.5881,,74.2709,321.072,77.3028,40.5097,37.77,11.7843,24.3717,,3.1799,56.8732,6.89178,2.95331,2.33358,1.428,0.177135,0.0759073,0.10122807323932648,0.263364,1.36897,0.291371,0.718095,,,4.81052,0.068039,0.0457871,731.5599975585938,,,,,,,236.8,3.2,251,3.391891891891892,,,,,,,,,,,,,,,,,,,"Taijuan Walker","11836",592836
"Sean Reid-Foley","NYM",0.9791,0.8697,0,3.78838,18.8827,0,0,0.6637,,18.8827,81.708,16.2225,8.6433,7.94832,2.02674,9.3534,,0.7185,20.7638,9.89658,4.45808,2.21992,0.966,0.254122,0.114473,0.13964849710464478,0.226457,1.35446,0.290625,0.744668,,,3.96275,0.0679281,0.0812567,999,,,,,,,90.4,4.757894736842106,85,4.473684210526316,,,,,,,,,,,,,,,,,,,"Sean Reid-Foley","17034",656887
"Héctor Neris","ATL",2.8635,2.5853,0,4.09309,55.6543,0,0,9.5362,,55.6543,239.168,50.6215,27.1172,25.3109,7.1794,22.94,,2.6392,59.2397,9.5798,3.70969,2.58238,1.161,0.247691,0.0959158,0.15177490562200546,0.237004,1.32176,0.295184,0.731287,,,4.09346,0.0638788,0.264819,732.1400146484375,,,,,,,275.70000000000005,4.923214285714287,269,4.803571428571429,,,,,,,,,,,,,,,,,,,"Hector Neris","11804",593576
"Phil Maton","STL",3.0279,3.1009,0,4.19024,62.6111,0,1.174,15.4003,,62.6111,271.044,60.2022,31.4075,29.1506,8.00031,23.5179,,4.4676,56.1494,8.07117,3.38057,2.38752,1.15,0.20716,0.0867678,0.12039188295602798,0.247686,1.33714,0.291779,0.721357,,,4.37492,0.0619363,0.159204,746.3599853515625,,,,,,,304.80000000000007,4.83809523809524,304,4.825396825396825,,,,,,,,,,,,,,,,,,,"Phil Maton","18064",664208
"Jonathan Pintaro","NYM",0.5364,0.5744,0.7089,4.42283,1.61,1.61,0,0,,9.177,39.9,9.2948,4.8786,4.50981,1.2236,3.413,,0.4719,7.3212,7.17999,3.34717,2.14509,1.2,0.183489,0.0855388,0.09794986248016357,0.258081,1.38474,0.293815,0.712085,,,4.57425,0.0615125,0.0538073,999,,,,,,,35.90000000000001,3.9888888888888903,37,4.111111111111111,,,,,,,,,,,,,,,,,,,"Jonathan Pintaro","sa3024197",702752
"Valente Bellozo","MIA",3.0609,5.047,3.2476,5.0555,24.5674,9.66,0,0.5976,,68.979,301.702,74.3672,41.1663,38.747,12.1786,23.081,,2.6854,49.9332,6.51501,3.01148,2.16339,1.589,0.165505,0.0765026,0.08900239318609238,0.269509,1.41272,0.29084,0.70004,,,5.13454,0.0601963,0.01054,745.6799926757812,,,,,,,196.6,2.8492753623188407,215,3.1159420289855073,,,,,,,,,,,,,,,,,,,"Valente Bellozo","23899",678368
"Cody Poteet","CHC",0.9487,0.8999,0,3.86234,18.8827,0,0,0.6304,,18.8827,79.708,17.8683,8.7684,8.10348,2.31838,6.2847,,0.7159,18.0125,8.58524,2.99546,2.86609,1.105,0.225981,0.0788465,0.14713454991579056,0.245756,1.27911,0.296887,0.735849,,,3.96698,0.0600725,0.0936968,750.1300048828125,,,,,,,88.2,4.6421052631578945,88,4.631578947368421,,,,,,,,,,,,,,,,,,,"Cody Poteet","18769",547001
"Andrew Saalfrank","ARI",1.3218,1.2079,0,3.85965,25.8395,0,0,0.6421,,25.8395,112.886,24.9195,12.1837,11.0813,2.17052,12.7511,,1.0721,23.5108,8.1889,4.44126,1.84383,0.756,0.20827,0.112956,0.09531474113464355,0.251553,1.45787,0.31001,0.735938,,,4.04361,0.0587399,0.16035,999,,,,,,,112.80000000000001,4.338461538461539,114,4.384615384615385,,,,,,,,,,,,,,,,,,,"Andrew Saalfrank","26203",685314
"Shelby Miller","ARI",2.7257,2.7223,0,4.34232,55.6543,0,0,9.8891,,55.6543,239.993,53.6544,28.7133,26.8521,7.25979,21.2118,,2.6795,53.3442,8.62643,3.43021,2.51484,1.174,0.222274,0.0883851,0.13388891518115997,0.248283,1.3452,0.298362,0.713309,,,4.23311,0.057157,0.0194473,999,,,,,,,261.9000000000001,4.676785714285716,263,4.696428571428571,,,,,,,,,,,,,,,,,,,"Shelby Miller","10197",571946
"Joey Lucchesi","SFG",1.1671,1.3013,0.6928,4.07509,15.5236,1.61,0,0.6289,,22.9733,99.246,23.7796,11.3726,10.402,2.43262,8.0457,,0.8091,16.5734,6.49278,3.15198,2.05991,0.953,0.166993,0.0810683,0.08592487126588821,0.263074,1.38532,0.299039,0.719668,,,4.25651,0.0568333,0.162386,999,,,,,,,94.20000000000002,4.095652173913044,100,4.3478260869565215,,,,,,,,,,,,,,,,,,,"Joey Lucchesi","19320",664192
"Eli Morgan","CHC",2.4652,2.5307,0,4.24743,51.037,0,0,4.3706,,51.037,216.902,48.9518,25.6743,24.0863,7.68957,15.8792,,1.869,48.5388,8.55946,2.80018,3.05675,1.356,0.223782,0.0732091,0.15057306736707687,0.245799,1.27027,0.288698,0.724244,,,4.2663,0.0565225,0.00473841,999,,,,,,,211.6,4.149019607843137,211,4.137254901960785,,,,,,,,,,,,,,,,,,,"Eli Morgan","20203",669212
"Carlos Hernández","PHI",2.4757,2.3888,0,4.12997,49.6914,0,0,3.9204,,49.6914,212.356,44.4606,24.3732,22.8027,6.9844,20.8109,,1.7895,51.3991,9.3093,3.76923,2.46982,1.265,0.242042,0.0980001,0.14404208213090897,0.234305,1.31354,0.285268,0.736995,,,4.28941,0.0547805,0.238075,999,,,,,,,218.49999999999997,4.369999999999999,208,4.16,,,,,,,,,,,,,,,,,,,"Carlos Hernandez","22713",672578
"Scott Alexander","COL",2.5949,2.8521,0,4.32576,55.6543,0,0,8.7688,,55.6543,242.186,61.1403,29.1527,26.7497,5.88699,19.3364,,2.5195,42.7843,6.91876,3.12694,2.21263,0.952,0.176659,0.0798411,0.096817746758461,0.277494,1.44601,0.321879,0.710515,,,4.18221,0.0539689,0.0356404,999,,,,,,,238.00000000000003,4.250000000000001,258,4.607142857142857,,,,,,,,,,,,,,,,,,,"Scott Alexander","10591",518397
"Trevor McDonald","SFG",1.8358,1.861,0,3.87703,37.7654,0,0,0.6289,,37.7654,162.014,37.7587,17.8372,16.2686,3.78913,12.0947,,2.2664,30.5902,7.29005,2.88233,2.52922,0.903,0.188812,0.0746522,0.11415988951921463,0.255726,1.32008,0.29989,0.71868,,,3.99162,0.0511334,0.128888,999,,,,,,,157.2,4.136842105263158,162,4.2631578947368425,,,,,,,,,,,,,,,,,,,"Trevor McDonald","26448",686790
"Tyson Miller","CHC",2.3757,2.428,0,4.20567,49.0741,0,0,0.6304,,49.0741,209.539,47.3829,24.5762,22.9321,6.89764,16.1356,,2.4837,44.6725,8.19276,2.95921,2.76857,1.265,0.213194,0.0770052,0.13618897646665573,0.248182,1.29434,0.29053,0.723004,,,4.31132,0.0502287,0.0565828,749.780029296875,,,,,,,194.3,3.96530612244898,194,3.9591836734693877,,,,,,,,,,,,,,,,,,,"Tyson Miller","19976",668338
"Jacob Misiorowski","MIL",1.6129,1.5976,0,3.9624,32.7963,0,0,0.5919,,32.7963,142.345,27.8534,15.574,14.4391,3.92098,16.2272,,2.4822,36.8863,10.1224,4.45309,2.27312,1.076,0.259133,0.113999,0.14513398706912994,0.225286,1.34407,0.28894,0.738681,,,4.1827,0.049457,0.11344,999,,,,,,,146.20000000000005,4.4303030303030315,137,4.151515151515151,,,,,,,,,,,,,,,,,,,"Jacob Misiorowski","sa3020644",694819
"Davis Daniel","ATL",0.4632,0.4125,0,4.02187,8.9444,0,0,0.6192,,8.9444,37.677,8.8638,4.2985,3.99702,1.2224,2.1988,,0.3699,8.0887,8.13898,2.21247,3.67869,1.23,0.214685,0.0583592,0.15632614865899086,0.25247,1.23682,0.29621,0.723337,,,3.99604,0.0473281,0.0695616,747.5900268554688,,,,,,,44.90000000000001,4.988888888888891,46,5.111111111111111,,,,,,,,,,,,,,,,,,,"Davis Daniel","27582",669721
"Justin Lawrence","PIT",2.7073,2.8718,0,4.12887,57,0,0,9.602,,57,248.258,54.3682,28.3838,26.1495,5.681,26.8327,,3.1559,53.1274,8.38854,4.23674,1.97995,0.897,0.214001,0.108084,0.105916827917099,0.249088,1.42458,0.305324,0.721077,,,4.17637,0.0472741,0.181372,749.8900146484375,,,,,,,263.5999999999999,4.62456140350877,263,4.614035087719298,,,,,,,,,,,,,,,,,,,"Justin Lawrence","17639",664875
"Thomas Harrington","PIT",0.4673,0.6471,0.6461,4.77753,1.61,1.61,0,0,,9.177,39.659,9.647,5.187,4.87149,1.50503,2.7177,,0.4098,6.9797,6.84508,2.66528,2.56824,1.476,0.175993,0.0685267,0.10746615380048752,0.264073,1.34736,0.2903,0.69974,,,4.79974,0.045409,0.0599001,581.8400268554688,,,,,,,21.000000000000007,2.333333333333334,24,2.6666666666666665,,,,,,,,,,,,,,,,,,,"Thomas Harrington","sa3020752",802419
"Tyler Alexander","MIL",2.5763,2.8963,0.5549,4.42332,46.3322,1.61,0,0.5919,,53.5635,227.477,54.8413,27.9701,26.3254,9.43908,12.2015,,2.0625,46.1037,7.74657,2.05016,3.77853,1.586,0.202674,0.0536384,0.1490357182919979,0.257214,1.25165,0.287957,0.725879,,,4.53481,0.0452708,0.126409,746.9600219726562,,,,,,,199.90000000000003,3.7018518518518526,207,3.8333333333333335,,,,,,,,,,,,,,,,,,,"Tyler Alexander","17735",641302
"Sem Robberse","STL",0.9832,0.9626,0,3.98394,19.8765,0,0,0.6447,,19.8765,84.258,19.5267,9.526,8.79853,2.50002,6.0124,,0.7885,16.7185,7.57007,2.72239,2.78067,1.132,0.19842,0.071357,0.1270632967352867,0.252097,1.28489,0.292361,0.726578,,,4.14583,0.0445453,0.0435874,999,,,,,,,76.1,3.8049999999999997,78,3.9,,,,,,,,,,,,,,,,,,,"Sem Robberse","sa3011735",691828
"Jesse Chavez","ATL",2.2139,2.0671,0,4.20456,43.7284,0,0,0.6192,,43.7284,189.3,44.1551,22.0431,20.4287,5.70413,14.59,,1.6643,40.1605,8.26567,3.00285,2.7526,1.174,0.212153,0.0770734,0.13507923483848572,0.255164,1.34341,0.302333,0.723059,,,4.14057,0.0398733,0.0854683,999,,,,,,,170.4,3.872727272727273,175,3.977272727272727,,,,,,,,,,,,,,,,,,,"Jesse Chavez","5448",445926
"Grant Anderson","MIL",1.15,1.1848,0,4.14054,23.8519,0,0,0.5919,,23.8519,101.887,22.0988,11.7882,10.9733,3.28626,9.096,,1.167,23.4802,8.85975,3.43218,2.58138,1.24,0.230453,0.0892754,0.1411779746413231,0.24119,1.30785,0.290059,0.729735,,,4.2796,0.038042,0.0446984,999,,,,,,,103.50000000000001,4.312500000000001,101,4.208333333333333,,,,,,,,,,,,,,,,,,,"Grant Anderson","20546",681982
"Victor Vodnik","COL",3.0209,3.3408,0,4.38608,65,0,3.898,12.7319,,65,284.588,64.6161,34.2615,31.6772,7.42444,30.4649,,2.602,63.4405,8.78407,4.21822,2.08241,1.028,0.22292,0.107049,0.115871362388134,0.256901,1.46278,0.316577,0.71817,,,4.22552,0.0352412,0.0112264,599.469970703125,,,,,,,324.9,4.998461538461538,333,5.123076923076923,,,,,,,,,,,,,,,,,,,"Victor Vodnik","24614",680767
"Dylan Dodd","ATL",1.8002,1.6053,0,4.00875,34.784,0,0,0.6192,,34.784,146.83,35.5253,16.7372,15.4934,4.61468,8.8842,,1.1917,28.1879,7.29333,2.29869,3.17281,1.194,0.191976,0.0605067,0.1314697340130806,0.259775,1.27672,0.297356,0.729198,,,4.13942,0.033495,0.120949,999,,,,,,,133.9,3.825714285714286,140,4,,,,,,,,,,,,,,,,,,,"Dylan Dodd","29928",689266
"Brad Keller","CHC",2.9338,3.0004,0,4.14475,60.6235,0,1.152,12.2069,,60.6235,261.986,61.6491,30.3802,27.9188,6.86393,23.0036,,2.3626,49.8532,7.40107,3.41505,2.16719,1.019,0.19029,0.0878047,0.10248486697673798,0.260541,1.39637,0.304527,0.723217,,,4.24895,0.0279794,0.186385,999,,,,,,,282.1000000000001,4.624590163934427,292,4.786885245901639,,,,,,,,,,,,,,,,,,,"Brad Keller","15734",641745
"Kyle Nicolas","PIT",2.1836,2.2912,0,4.11856,45.716,0,0,0.6126,,45.716,198.852,41.5969,22.5143,20.9204,5.32337,21.5466,,2.5608,46.9396,9.24089,4.24183,2.17852,1.048,0.236053,0.108355,0.12769798934459686,0.238044,1.38121,0.296155,0.72955,,,4.20872,0.0261996,0.104118,999,,,,,,,192.70000000000005,4.1891304347826095,188,4.086956521739131,,,,,,,,,,,,,,,,,,,"Kyle Nicolas","27775",693312
"Hayden Harris","ATL",0.6194,0.5483,0,3.97974,11.9259,0,0,0.6192,,11.9259,51.65,10.8356,5.6959,5.27355,1.40991,5.563,,0.5164,12.4987,9.43227,4.19817,2.24676,1.064,0.241988,0.107706,0.1342826634645462,0.237776,1.37504,0.297697,0.741969,,,4.1366,0.0254423,0.0235975,999,,,,,,,54.90000000000001,4.575000000000001,54,4.5,,,,,,,,,,,,,,,,,,,"Hayden Harris","sa3019913",802686
"Alex Cornwell","STL",0.3999,0.3784,0,3.78711,7.9506,0,0,0.6447,,7.9506,33.977,8.1602,3.6807,3.34553,0.794177,2.5211,,0.3268,5.8609,6.63448,2.85386,2.32474,0.899,0.172496,0.0742002,0.0982959046959877,0.262141,1.34346,0.300973,0.731557,,,4.0653,0.0252104,0.0174411,999,,,,,,,33.10000000000001,4.137500000000001,34,4.25,,,,,,,,,,,,,,,,,,,"Alex Cornwell","sa3017501",676498
"Tyler Kinley","COL",2.9491,3.3144,0,4.5267,64,0,16.892,6.7277,,64,276.817,61.4866,34.2893,32.1899,9.38667,26.5561,,2.5885,66.6749,9.37616,3.73445,2.51072,1.32,0.240863,0.0959338,0.1449289470911026,0.248258,1.37567,0.303594,0.717656,,,4.35571,0.0229693,-0.0460934,477.2099914550781,,,,,,,361.30000000000007,5.645312500000001,360,5.625,,,,,,,,,,,,,,,,,,,"Tyler Kinley","18297",641755
"Mason Thompson","WSN",1.9611,2.1243,0,4.17064,41.7407,0,0,0.6216,,41.7407,179.453,40.8358,20.9452,19.3428,4.93468,16.4257,,1.958,34.9849,7.54334,3.54166,2.12989,1.064,0.194953,0.091532,0.10342095792293549,0.253529,1.37184,0.296337,0.721235,,,4.34835,0.0218621,0.117253,999,,,,,,,162.70000000000002,3.8738095238095243,165,3.9285714285714284,,,,,,,,,,,,,,,,,,,"Mason Thompson","21850",666168
"Chris Flexen","CHC",0.3863,0.392,0,4.17044,7.9506,0,0,0.6304,,7.9506,33.948,8.0129,3.9536,3.68417,1.14135,2.2854,,0.2436,6.7769,7.67138,2.58705,2.9653,1.292,0.199626,0.0673206,0.13230527937412262,0.255034,1.29529,0.292397,0.729242,,,4.28222,0.0215606,0.0176372,750.9099731445312,,,,,,,38.10000000000001,4.762500000000001,39,4.875,,,,,,,,,,,,,,,,,,,"Chris Flexen","13896",623167
"Josiah Gray","WSN",0.8103,1.0664,0.5543,4.63649,9.5606,1.61,0,0.6216,,16.8306,72.906,16.2378,9.2208,8.67054,2.84063,6.5141,,0.7867,15.4857,8.28083,3.48335,2.37726,1.519,0.212406,0.0893493,0.12305708229541779,0.247508,1.35182,0.283365,0.720697,,,4.82175,0.0214056,0.0906092,999,,,,,,,57.300000000000004,3.370588235294118,56,3.2941176470588234,,,,,,,,,,,,,,,,,,,"Josiah Gray","24580",680686
"John Rooney","MIA",1.1837,1.3139,0,4.04485,25.5185,0,0,0.5976,,25.5185,111.192,25.199,12.5052,11.4687,2.68228,10.549,,1.6158,21.8148,7.69376,3.72048,2.06795,0.946,0.19619,0.0948719,0.10131844133138657,0.254465,1.40087,0.302116,0.726501,,,4.25332,0.0206032,0.0513359,999,,,,,,,99.5,3.826923076923077,100,3.8461538461538463,,,,,,,,,,,,,,,,,,,"John Rooney","sa3008417",680701
"Chase Shugart","PIT",1.0047,1.135,0,4.43728,21.8642,0,0,0.6126,,21.8642,95.186,22.362,11.6046,10.7797,2.77189,8.2712,,0.9783,17.6813,7.27818,3.40469,2.13769,1.141,0.185755,0.0868951,0.09886011481285095,0.260215,1.40107,0.299162,0.711282,,,4.46635,0.0205027,-0.0530532,999,,,,,,,81.7,3.713636363636364,84,3.8181818181818183,,,,,,,,,,,,,,,,,,,"Chase Shugart","21544",663767
"Nick Frasso","LAD",0.6087,0.5444,0,4.08248,11.7778,0,0,0.7118,,11.7778,49.991,11.1945,5.7478,5.34252,1.65413,3.8252,,0.5871,11.1894,8.55037,2.92302,2.92518,1.264,0.223828,0.0765178,0.14731049537658691,0.245608,1.27526,0.291441,0.729845,,,4.21606,0.0196763,0.0287578,750.8800048828125,,,,,,,46.600000000000016,3.8833333333333346,45,3.75,,,,,,,,,,,,,,,,,,,"Nick Frasso","sa3014492",693308
"Domingo Gonzalez","ATL",1.0105,0.9354,0,4.17601,19.8765,0,0,0.6192,,19.8765,86.307,18.536,9.9324,9.22272,2.43156,8.55,,1.331,19.9807,9.04718,3.87141,2.33692,1.101,0.231507,0.099065,0.13244231790304184,0.242535,1.36271,0.298155,0.724336,,,4.23769,0.0192492,0.0393154,999,,,,,,,88,4.4,88,4.4,,,,,,,,,,,,,,,,,,,"Domingo Gonzalez","sa3007495",682445
"Omar Cruz","SDP",1.3874,1.3368,0,3.95352,27.8272,0,0,0.6087,,27.8272,119.635,24.845,13.1946,12.2239,3.54024,12.1531,,1.6815,27.3589,8.84854,3.93061,2.25119,1.145,0.228686,0.101585,0.1271016001701355,0.234829,1.32957,0.284438,0.74289,,,4.34551,0.0190122,0.185318,750.0900268554688,,,,,,,109.00000000000006,3.892857142857145,104,3.7142857142857144,,,,,,,,,,,,,,,,,,,"Omar Cruz","sa3006971",678316
"Spencer Bivens","SFG",2.5011,2.6545,0,4.0835,52.6728,0,0,6.6666,,52.6728,227.136,53.7425,26.0633,23.8988,5.99885,17.074,,2.565,40.6816,6.95111,2.91737,2.38266,1.025,0.179107,0.0751708,0.10393596440553665,0.259004,1.34446,0.296883,0.716991,,,4.22089,0.0180166,0.0827371,999,,,,,,,228.00000000000003,4.301886792452831,237,4.471698113207547,,,,,,,,,,,,,,,,,,,"Spencer Bivens","30226",702352
"Buck Farmer","ATL",1.97,1.9216,0,4.43286,39.7531,0,0,0.6192,,39.7531,173.898,38.2633,20.9471,19.58,5.49035,16.6191,,2.113,38.2656,8.66323,3.76252,2.30251,1.243,0.220046,0.0955681,0.12447813898324966,0.246596,1.38058,0.294165,0.71903,,,4.45039,0.0169432,-0.0246297,999,,,,,,,158.7,3.9675,158,3.95,,,,,,,,,,,,,,,,,,,"Buck Farmer","14814",571656
"Justin Hagenman","NYM",0.6035,0.564,0,4.04038,11.9259,0,0,0.6637,,11.9259,50.448,11.3805,5.7473,5.35391,1.68155,3.507,,0.5181,10.9709,8.2793,2.64659,3.12829,1.269,0.217469,0.0695171,0.14795233309268951,0.245148,1.24833,0.287202,0.729272,,,4.17216,0.0160844,0.0191211,999,,,,,,,46.600000000000016,3.8833333333333346,45,3.75,,,,,,,,,,,,,,,,,,,"Justin Hagenman","sa3008022",663795
"José Ruiz","PHI",3.062,2.97,0,4.12119,61.6173,0,0,11.3431,,61.6173,263.209,57.417,30.3826,28.2152,8.41418,23.9849,,2.4444,59.9393,8.75491,3.5033,2.49904,1.229,0.227725,0.0911249,0.13660018891096115,0.242491,1.32109,0.290945,0.732804,,,4.28295,0.0145048,0.270716,999,,,,,,,298.2,4.809677419354839,292,4.709677419354839,,,,,,,,,,,,,,,,,,,"Jose Ruiz","14552",614179
"Yohan Ramírez","PIT",0.7022,0.7569,0,4.20303,14.9074,0,0,0.6126,,14.9074,65.441,14.5521,7.5444,6.96181,1.5984,6.3425,,1.4364,13.3776,8.07642,3.82914,2.1092,0.965,0.204422,0.0969194,0.10750292986631393,0.252369,1.40163,0.303464,0.715566,,,4.33105,0.0144757,-0.0173596,999,,,,,,,56.400000000000006,3.7600000000000002,58,3.8666666666666667,,,,,,,,,,,,,,,,,,,"Yohan Ramirez","19444",670990
"Edgardo Henriquez","LAD",1.0864,1.0275,0,4.33541,21.5926,0,0,0.7118,,21.5926,94.044,19.7863,11.1508,10.4014,3.02296,10.2962,,1.0122,22.1852,9.247,4.29155,2.1547,1.26,0.235902,0.109483,0.1264195442199707,0.239151,1.39319,0.291397,0.732358,,,4.50274,0.014384,0.0528482,999,,,,,,,88.9,4.040909090909091,86,3.909090909090909,,,,,,,,,,,,,,,,,,,"Edgardo Henriquez","26944",683618
"Carlos Rodriguez","MIL",0.5786,0.5888,0,4.10522,11.9259,0,0,0.5919,,11.9259,50.727,10.9683,5.8206,5.43983,1.77298,4.1396,,0.621,11.6312,8.7776,3.12399,2.80974,1.338,0.22929,0.0816054,0.14768466353416443,0.238616,1.26681,0.282392,0.735586,,,4.34611,0.0135689,0.0225658,999,,,,,,,48.600000000000016,4.050000000000002,47,3.9166666666666665,,,,,,,,,,,,,,,,,,,"Carlos Rodriguez","30161",692230
"Seth Halvorsen","COL",2.8231,3.3418,0,4.73672,63,0,9.745,8.3059,,63,277.045,64.7451,35.5761,33.157,8.526,27.4446,,3.0223,57.4486,8.20694,3.92066,2.09326,1.218,0.207362,0.0990619,0.1083000898361206,0.262574,1.46333,0.311285,0.705436,,,4.55285,0.0124768,-0.303374,376.1700134277344,,,,,,,292.50000000000006,4.642857142857144,304,4.825396825396825,,,,,,,,,,,,,,,,,,,"Seth Halvorsen","33294",678020
"Scott McGough","ARI",0.7837,0.7729,0,4.24959,15.9012,0,0,0.6421,,15.9012,69.106,15.3761,8.1003,7.50817,1.92051,6.9509,,0.6011,15.057,8.52219,3.93417,2.16619,1.087,0.217883,0.100583,0.11729950457811356,0.249799,1.40411,0.301854,0.724437,,,4.26757,0.010946,0.0349752,999,,,,,,,64.80000000000001,4.050000000000001,64,4,,,,,,,,,,,,,,,,,,,"Scott McGough","12056",543518
"Francis Pena","SDP",0.9204,0.928,0,4.11054,18.8827,0,0,0.6087,,18.8827,81.391,18.4261,9.375,8.62424,2.21977,7.5703,,0.8594,15.8385,7.54905,3.60821,2.09219,1.058,0.194598,0.0930115,0.10158617794513702,0.252546,1.37673,0.295181,0.726183,,,4.35641,0.0105699,0.107249,999,,,,,,,78.2,4.11578947368421,78,4.105263157894737,,,,,,,,,,,,,,,,,,,"Francis Pena","sa3019374",800212
"Rolddy Munoz","ATL",0.8542,0.7998,0,4.19639,16.8951,0,0,0.6192,,16.8951,73.681,16.41,8.5413,7.8776,1.90539,7.5368,,0.8159,15.585,8.30211,4.01484,2.06785,1.015,0.21152,0.10229,0.10923032462596893,0.251193,1.41738,0.303203,0.723968,,,4.27083,0.00989919,-0.0180708,999,,,,,,,68.60000000000002,4.0352941176470605,68,4,,,,,,,,,,,,,,,,,,,"Rolddy Munoz","sa3011575",691548
"Ron Marinaccio","SDP",1.8082,1.8884,0,4.31122,37.7654,0,0,0.6087,,37.7654,164.699,34.1823,19.4298,18.0906,4.87593,18.388,,2.4921,37.2251,8.87124,4.38211,2.02442,1.162,0.226019,0.111646,0.11437288671731949,0.237676,1.39202,0.288114,0.724478,,,4.53221,0.00989283,0.112527,999,,,,,,,149.29999999999998,3.9289473684210523,143,3.763157894736842,,,,,,,,,,,,,,,,,,,"Ron Marinaccio","23488",676760
"Génesis Cabrera","NYM",1.7392,1.666,0,4.12678,34.784,0,0,0.6637,,34.784,150.776,32.195,17.1876,15.9496,4.491,15.4491,,1.5693,32.8417,8.49745,3.99729,2.1258,1.162,0.217818,0.102464,0.11535391211509705,0.240697,1.36971,0.287312,0.736435,,,4.42438,0.00810875,0.108007,999,,,,,,,145.60000000000002,4.160000000000001,142,4.057142857142857,,,,,,,,,,,,,,,,,,,"Genesis Cabrera","17490",650893
"Michael Grove","LAD",0.0546,0.0447,0.0045,3.72114,0.9522,0.0102,0,0,,1,4.162,0.9053,0.4456,0.41346,0.131111,0.298,,0.0447,1.0692,9.6228,2.682,3.58792,1.18,0.256896,0.0716002,0.18529552966356277,0.237033,1.2033,0.295606,0.743029,,,3.76062,0.00681746,0.0560831,999,,,,,,,6.800000000000001,6.800000000000001,7,7,,,,,,,,,,,,,,,,,,,"Michael Grove","23221",675627
"Anthony Gose","NYM",0.0542,0.0437,0,3.44835,1,0,0,0,,1,4.221,0.8072,0.4146,0.38315,0.115556,0.4334,,0.0413,1.215,10.935,3.9006,2.80341,1.04,0.287846,0.102677,0.18516939133405685,0.215466,1.2406,0.286307,0.76565,,,3.6628,0.00603852,0.0552233,999,,,,,,,6.800000000000001,6.800000000000001,7,7,,,,,,,,,,,,,,,,,,,"Anthony Gose","5097",543238
"Kyle Hurt","LAD",0.0566,0.0482,0.0238,3.86604,0.7526,0.0526,0,0,,1,4.284,0.8734,0.465,0.42956,0.12,0.4507,,0.0452,1.1174,10.0566,4.0563,2.47925,1.08,0.260831,0.105205,0.1556256040930748,0.230564,1.3241,0.29537,0.743102,,,3.97938,0.00575398,0.0560831,999,,,,,,,6.800000000000001,6.800000000000001,7,7,,,,,,,,,,,,,,,,,,,"Kyle Hurt","27514",669165
"Chris Devenski","NYM",1.2667,1.2784,0,4.38873,26,0,0,0.6637,,26,111.78,24.9215,13.5437,12.6785,3.94044,9.1711,,1.0053,23.9269,8.28239,3.17461,2.60895,1.364,0.214054,0.082046,0.13200753182172775,0.245282,1.31125,0.284542,0.719097,,,4.47037,0.00571251,-0.061323,999,,,,,,,100.19999999999999,3.8538461538461535,100,3.8461538461538463,,,,,,,,,,,,,,,,,,,"Chris Devenski","12763",606965
"Drew Smith","NYM",0.6952,0.6669,0,4.17548,13.9136,0,0,0.6637,,13.9136,59.921,12.5194,6.8847,6.45511,2.06694,5.7281,,0.6171,14.336,9.27323,3.70522,2.50275,1.337,0.239248,0.0955942,0.14365415275096893,0.233676,1.31149,0.281185,0.740065,,,4.40511,0.00505829,0.0220656,999,,,,,,,56.20000000000003,4.014285714285717,55,3.9285714285714284,,,,,,,,,,,,,,,,,,,"Drew Smith","17755",622098
"Bryce Montes de Oca","NYM",0.0528,0.0451,0,3.65751,1,0,0,0,,1,4.31,0.8067,0.4408,0.40639,0.105889,0.5246,,0.0535,1.2067,10.8603,4.7214,2.30023,0.953,0.279977,0.121717,0.15825983881950378,0.216163,1.3313,0.289674,0.752712,,,3.86394,0.00487411,0.0552233,999,,,,,,,3.8000000000000003,3.8000000000000003,4,4,,,,,,,,,,,,,,,,,,,"Bryce Montes de Oca","21319",656755
"Bruce Zimmermann","MIL",0.0505,0.0474,0,3.73887,1,0,0,0,,1,4.168,0.9689,0.4503,0.41543,0.133778,0.2368,,0.0383,0.9181,8.2629,2.1312,3.87711,1.204,0.220273,0.0568138,0.1634596772491932,0.248889,1.2057,0.293951,0.741744,,,3.89469,0.00483091,0.0555582,999,,,,,,,6.800000000000001,6.800000000000001,7,7,,,,,,,,,,,,,,,,,,,"Bruce Zimmermann","20370",669145
"Ray Kerr","ATL",0.0571,0.0486,0.0277,3.8412,0.7172,0.0602,0,0,,1,4.259,0.8863,0.4608,0.4268,0.119222,0.4173,,0.0433,1.1036,9.9324,3.7557,2.64462,1.073,0.259122,0.0979807,0.16114111989736557,0.233335,1.3036,0.297827,0.741452,,,3.89097,0.00472759,0.0556363,999,,,,,,,6.800000000000001,6.800000000000001,7,7,,,,,,,,,,,,,,,,,,,"Ray Kerr","23809",678061
"Adbert Alzolay","NYM",0.0525,0.0454,0,3.70719,1,0,0,0,,1,4.177,0.9139,0.445,0.41191,0.128778,0.284,,0.0476,1.0116,9.1044,2.556,3.56197,1.159,0.242183,0.0679914,0.17419200390577316,0.237661,1.1979,0.290246,0.73987,,,3.81219,0.00452453,0.0552345,999,,,,,,,6.800000000000001,6.800000000000001,7,7,,,,,,,,,,,,,,,,,,,"Adbert Alzolay","17859",640470
"Yency Almonte","CHC",0.0499,0.048,0,3.91779,1,0,0,0,,1,4.284,0.9117,0.4712,0.43531,0.114444,0.408,,0.0552,1.0152,9.1368,3.672,2.48824,1.03,0.236975,0.0952381,0.1417367085814476,0.238615,1.3197,0.29625,0.731795,,,4.01346,0.00450191,0.0558932,999,,,,,,,6.800000000000001,6.800000000000001,7,7,,,,,,,,,,,,,,,,,,,"Yency Almonte","15068",622075
"Keegan Thompson","CHC",1.0555,1.0582,0,4.11119,21.5926,0,0,0.6304,,21.5926,93.031,19.7541,10.6054,9.86347,2.73746,9.4496,,1.0093,22.0366,9.18506,3.93868,2.33201,1.141,0.236874,0.101575,0.1352989822626114,0.239235,1.35249,0.294416,0.733046,,,4.22659,0.00419263,0.0486366,999,,,,,,,91.9,4.177272727272728,89,4.045454545454546,,,,,,,,,,,,,,,,,,,"Keegan Thompson","19795",624522
"José Castillo","ARI",0.051,0.0469,0,3.93435,1,0,0,0,,1,4.323,0.9413,0.4747,0.43715,0.103778,0.4365,,0.0471,0.9917,8.9253,3.9285,2.27194,0.934,0.229401,0.100972,0.1284293234348297,0.245169,1.3778,0.305228,0.732732,,,3.98299,0.00410547,0.0558708,999,,,,,,,6.800000000000001,6.800000000000001,7,7,,,,,,,,,,,,,,,,,,,"Jose Castillo","17169",620454
"Packy Naughton","STL",0.0508,0.0471,0,3.74697,1,0,0,0,,1,4.252,0.9634,0.4543,0.41633,0.109778,0.343,,0.0418,0.8794,7.9146,3.087,2.56385,0.988,0.20682,0.0806679,0.126152403652668,0.249121,1.3064,0.2966,0.739214,,,3.98919,0.0040239,0.0558597,999,,,,,,,6.800000000000001,6.800000000000001,7,7,,,,,,,,,,,,,,,,,,,"Packy Naughton","23292",676050
"Josh Winder","ARI",0.0489,0.049,0,4.3209,1,0,0,0,,1,4.325,1.0236,0.5171,0.4801,0.123333,0.331,,0.0477,0.8549,7.6941,2.979,2.58278,1.11,0.197665,0.0765318,0.12113295495510101,0.259382,1.3546,0.303318,0.708585,,,4.19611,0.00395471,-0.0474907,999,,,,,,,6.800000000000001,6.800000000000001,7,7,,,,,,,,,,,,,,,,,,,"Josh Winder","24606",680739
"Miguel Del Pozo","SFG",0.0496,0.0483,0,3.75498,1,0,0,0,,1,4.25,0.9428,0.4535,0.41722,0.112667,0.3328,,0.0404,0.9358,8.4222,2.9952,2.8119,1.014,0.220188,0.0783059,0.14188235998153687,0.24319,1.2756,0.293506,0.735419,,,3.87915,0.00376826,0.0542198,999,,,,,,,6.800000000000001,6.800000000000001,7,7,,,,,,,,,,,,,,,,,,,"Miguel Del Pozo","18792",600887
"Ben Heller","CHC",0.0503,0.0476,0,3.8601,1,0,0,0,,1,4.27,0.9001,0.4639,0.4289,0.113889,0.3874,,0.0731,1.0479,9.4311,3.4866,2.70496,1.025,0.24541,0.090726,0.15468383580446243,0.236278,1.2875,0.29694,0.730106,,,3.93274,0.0035548,0.0558932,999,,,,,,,6.800000000000001,6.800000000000001,7,7,,,,,,,,,,,,,,,,,,,"Ben Heller","15100",621294
"Yosver Zulueta","CIN",1.7583,1.7441,0,4.08623,35.7778,0,0,0.5985,,35.7778,156.783,34.204,17.7316,16.244,3.8799,16.658,,2.2359,35.3654,8.89626,4.19036,2.12303,0.976,0.225569,0.106249,0.11932031810283661,0.248054,1.42161,0.30741,0.72926,,,4.18358,0.00349935,0.0584665,999,,,,,,,145.80000000000004,4.050000000000001,145,4.027777777777778,,,,,,,,,,,,,,,,,,,"Yosver Zulueta","27765",691172
"Víctor Arano","WSN",0.0483,0.0496,0,3.951,1,0,0,0,,1,4.243,0.9443,0.4751,0.439,0.121,0.3506,,0.0484,0.921,8.289,3.1554,2.62693,1.089,0.217063,0.0826302,0.13443318009376526,0.245656,1.2949,0.293826,0.728387,,,4.09448,0.00338325,0.0564742,999,,,,,,,6.800000000000001,6.800000000000001,7,7,,,,,,,,,,,,,,,,,,,"Victor Arano","15915",644364
"Thomas Pannone","MIL",0.0501,0.0478,0,3.80565,1,0,0,0,,1,4.172,0.9876,0.4575,0.42285,0.137667,0.2097,,0.0416,0.839,7.551,1.8873,4.00095,1.239,0.201103,0.0502637,0.1508389189839363,0.251894,1.1973,0.288697,0.736437,,,4.03205,0.00323214,0.0555358,999,,,,,,,6.800000000000001,6.800000000000001,7,7,,,,,,,,,,,,,,,,,,,"Thomas Pannone","17281",623381
"Enoli Paredes","ATL",0.0511,0.0469,0,4.12011,1,0,0,0,,1,4.361,0.9201,0.4954,0.45779,0.111667,0.4979,,0.0446,1.0048,9.0432,4.4811,2.01808,1.005,0.230406,0.114171,0.11623478680849075,0.240958,1.418,0.299194,0.731255,,,4.23605,0.00300908,0.0556251,999,,,,,,,6.800000000000001,6.800000000000001,7,7,,,,,,,,,,,,,,,,,,,"Enoli Paredes","20447",660600
"Jackson Stephens","ATL",0.0503,0.0476,0,4.25322,1,0,0,0,,1,4.305,1.0059,0.5101,0.47258,0.124778,0.3462,,0.0515,0.8538,7.6842,3.1158,2.4662,1.123,0.198328,0.0804181,0.11790940910577774,0.257441,1.3521,0.300856,0.715128,,,4.27409,0.00284274,-0.0476916,999,,,,,,,6.800000000000001,6.800000000000001,7,7,,,,,,,,,,,,,,,,,,,"Jackson Stephens","14420",623451
"J.B. Bukauskas","MIL",0.0495,0.0484,0,3.86766,1,0,0,0,,1,4.252,0.9791,0.469,0.42974,0.111111,0.3329,,0.0439,0.8835,7.9515,2.9961,2.65395,1,0.207785,0.0782926,0.12949200719594955,0.252658,1.312,0.301323,0.728958,,,3.97432,0.00274717,0.0555358,999,,,,,,,6.800000000000001,6.800000000000001,7,7,,,,,,,,,,,,,,,,,,,"J.B. Bukauskas","20491",656266
"Dylan Covey","ATL",0.0512,0.047,0.0011,4.08546,0.9876,0.0026,0,0,,1,4.337,1.0202,0.4958,0.45394,0.103222,0.3828,,0.043,0.8464,7.6176,3.4452,2.21108,0.929,0.195158,0.0882638,0.10689418017864227,0.260841,1.403,0.309625,0.720865,,,4.09297,0.00262627,0.0556363,999,,,,,,,6.800000000000001,6.800000000000001,7,7,,,,,,,,,,,,,,,,,,,"Dylan Covey","14825",592229
"Ethan Roberts","CHC",1.3239,1.3661,0,4.24592,27.4815,0,0,0.6304,,27.4815,118.762,25.7224,13.8973,12.9649,3.72222,11.5801,,1.3301,27.0908,8.87205,3.7924,2.33943,1.219,0.22811,0.0975068,0.13060322403907776,0.243004,1.35737,0.293184,0.729329,,,4.36503,0.0023152,0.00823692,999,,,,,,,102.00000000000003,3.777777777777779,102,3.7777777777777777,,,,,,,,,,,,,,,,,,,"Ethan Roberts","24930",681799
"Brooks Kriske","CHC",0.0494,0.0485,0,4.03002,1,0,0,0,,1,4.305,0.8827,0.4815,0.44778,0.127222,0.4558,,0.0435,1.0878,9.7902,4.1022,2.38657,1.145,0.252683,0.105877,0.14680606126785278,0.231942,1.3385,0.291614,0.738546,,,4.14267,0.00229387,0.0558932,999,,,,,,,6.800000000000001,6.800000000000001,7,7,,,,,,,,,,,,,,,,,,,"Brooks Kriske","21189",621139
"Thyago Vieira","ARI",0.05,0.0479,0,4.14747,1,0,0,0,,1,4.325,0.9215,0.4955,0.46083,0.119556,0.453,,0.0458,1.023,9.207,4.077,2.25828,1.076,0.236532,0.10474,0.13179191946983337,0.240839,1.3745,0.298827,0.728178,,,4.1711,0.00206809,0.0558708,999,,,,,,,6.800000000000001,6.800000000000001,7,7,,,,,,,,,,,,,,,,,,,"Thyago Vieira","14510",600986
"Miguel Díaz","SFG",0.0491,0.0488,0,3.82113,1,0,0,0,,1,4.266,0.9486,0.4629,0.42457,0.109222,0.3512,,0.0389,0.9161,8.2449,3.1608,2.60849,0.983,0.214745,0.0823254,0.1324191391468048,0.244743,1.2998,0.294459,0.729713,,,3.92447,0.00206015,0.0541752,999,,,,,,,6.800000000000001,6.800000000000001,7,7,,,,,,,,,,,,,,,,,,,"Miguel Diaz","18815",622766
"Oliver Ortega","NYM",0.0508,0.0471,0,3.97359,1,0,0,0,,1,4.284,0.9363,0.4781,0.44151,0.120556,0.3861,,0.047,0.9488,8.5392,3.4749,2.45739,1.085,0.221475,0.0901261,0.13134922087192535,0.243138,1.3224,0.29327,0.731869,,,4.1354,0.00176887,0.0552345,999,,,,,,,6.800000000000001,6.800000000000001,7,7,,,,,,,,,,,,,,,,,,,"Oliver Ortega","21025",661383
"Reggie Crawford","SFG",0.0512,0.0527,0.0202,3.8898,0.793,0.044,0,0,,1,4.328,0.8908,0.4678,0.4322,0.114444,0.4486,,0.0529,1.0476,9.4284,4.0374,2.33527,1.03,0.242052,0.103651,0.1384011209011078,0.232798,1.3394,0.291375,0.739159,,,4.06356,0.00161253,0.0541752,999,,,,,,,6.800000000000001,6.800000000000001,7,7,,,,,,,,,,,,,,,,,,,"Reggie Crawford","sa3020457",686846
"Stephen Ridings","LAD",0.0516,0.0463,0,4.11237,1,0,0,0,,1,4.279,0.9077,0.4896,0.45693,0.140667,0.4067,,0.041,1.059,9.531,3.6603,2.60389,1.266,0.247488,0.0950456,0.15244216471910477,0.236917,1.3144,0.291467,0.738098,,,4.22025,0.00160121,0.0561054,999,,,,,,,6.800000000000001,6.800000000000001,7,7,,,,,,,,,,,,,,,,,,,"Stephen Ridings","22358",670050
"Rob Kaminsky","STL",0.0491,0.0488,0,3.99303,1,0,0,0,,1,4.316,1.0483,0.486,0.44367,0.104444,0.3356,,0.0443,0.7146,6.4314,3.0204,2.12932,0.94,0.16557,0.0777572,0.08781279623508453,0.26633,1.3839,0.302804,0.725472,,,4.23476,0.00120856,0.0558597,999,,,,,,,6.800000000000001,6.800000000000001,7,7,,,,,,,,,,,,,,,,,,,"Rob Kaminsky","15792",641739
"Antonio Santos","CHC",0.0488,0.0491,0,4.1364,1,0,0,0,,1,4.279,0.937,0.4934,0.4596,0.133667,0.3775,,0.0457,0.9681,8.7129,3.3975,2.5645,1.203,0.226244,0.0882215,0.13802291452884674,0.243011,1.3145,0.291693,0.728334,,,4.23755,0.00120754,0.0558932,999,,,,,,,6.800000000000001,6.800000000000001,7,7,,,,,,,,,,,,,,,,,,,"Antonio Santos","20383",665733
"Burch Smith","PIT",0.0466,0.0513,0,4.3371,1,0,0,0,,1,4.299,1.0302,0.5176,0.4819,0.129667,0.3091,,0.0407,0.8222,7.3998,2.7819,2.65998,1.167,0.191254,0.0719004,0.11935334652662277,0.260863,1.3393,0.300445,0.709728,,,4.25715,0.00119385,-0.0474238,999,,,,,,,6.800000000000001,6.800000000000001,7,7,,,,,,,,,,,,,,,,,,,"Burch Smith","12784",572143
"Ethan Small","SFG",0.3862,0.392,0,3.93133,7.9506,0,0,0.6289,,7.9506,34.182,7.4068,3.7603,3.47294,0.958489,3.1368,,0.3107,7.3076,8.27213,3.55083,2.32964,1.085,0.213785,0.0917676,0.12201743572950363,0.240993,1.32614,0.286995,0.737178,,,4.1963,0.00103554,0.00525623,999,,,,,,,37.7,4.7125,36,4.5,,,,,,,,,,,,,,,,,,,"Ethan Small","26364",663629
"Trent Harris","SFG",0.0479,0.05,0,4.03848,1,0,0,0,,1,4.303,0.9561,0.4861,0.44872,0.118,0.3789,,0.0391,0.9102,8.1918,3.4101,2.40222,1.062,0.211527,0.0880548,0.12347199767827988,0.2461,1.335,0.29337,0.72568,,,4.13408,0.000816012,0.0541864,999,,,,,,,6.800000000000001,6.800000000000001,7,7,,,,,,,,,,,,,,,,,,,"Trent Harris","sa3022526",805345
"Trevor Richards","CHC",0.7675,0.789,0,4.24881,15.9012,0,0,0.6304,,15.9012,68.807,14.3261,8.0099,7.5068,2.28801,7.252,,0.5683,16.9176,9.57528,4.1046,2.33282,1.295,0.24587,0.105396,0.1404740959405899,0.234905,1.35701,0.288123,0.73841,,,4.38461,0.000806115,0.0353674,999,,,,,,,71.4,4.4625,68,4.25,,,,,,,,,,,,,,,,,,,"Trevor Richards","19309",670950
"Michael Rucker","WSN",0.0472,0.0507,0,4.13811,1,0,0,0,,1,4.294,0.9767,0.4979,0.45979,0.124667,0.3761,,0.0401,0.8559,7.7031,3.3849,2.27572,1.122,0.199325,0.0875873,0.11173729598522186,0.25187,1.3528,0.294085,0.725557,,,4.32395,0.000806099,0.0565301,999,,,,,,,6.800000000000001,6.800000000000001,7,7,,,,,,,,,,,,,,,,,,,"Michael Rucker","19454",621074
"Austin Davis","SDP",0.0489,0.049,0,4.12434,1,0,0,0,,1,4.367,0.8807,0.4939,0.45826,0.124444,0.5284,,0.0607,1.0017,9.0153,4.7556,1.89572,1.12,0.229379,0.120998,0.10838104784488678,0.233119,1.4091,0.285191,0.741126,,,4.54816,0.000714512,0.0567313,999,,,,,,,3.8000000000000003,3.8000000000000003,4,4,,,,,,,,,,,,,,,,,,,"Austin Davis","17117",656354
"Dylan Tebrake","NYM",0.0525,0.0505,0.0172,4.08303,0.8145,0.0395,0,0,,1,4.312,0.9204,0.4892,0.45367,0.127,0.4257,,0.0408,0.995,8.955,3.8313,2.33733,1.143,0.230751,0.0987245,0.13202691078186035,0.239345,1.3461,0.291316,0.733459,,,4.22698,0.000700538,0.0552122,999,,,,,,,6.800000000000001,6.800000000000001,7,7,,,,,,,,,,,,,,,,,,,"Dylan Tebrake","sa3020477",700188
"Carson Palmquist","COL",0.4245,0.6994,0.5538,5.31771,1.62,1.62,0,0,,9.234,41.186,9.5836,5.7805,5.45597,1.66212,4.2342,,0.4971,8.0943,7.88918,4.1269,1.91165,1.62,0.19653,0.102807,0.0937235951423645,0.262891,1.4964,0.296704,0.699453,,,5.29046,0.000631227,-0.0333954,999,,,,,,,20.000000000000007,2.222222222222223,23,2.5555555555555554,,,,,,,,,,,,,,,,,,,"Carson Palmquist","sa3020473",687223
"Jose Espada","SDP",0.049,0.0489,0,4.10724,1,0,0,0,,1,4.292,0.9101,0.4908,0.45636,0.132778,0.4306,,0.0422,0.9802,8.8218,3.8754,2.27636,1.195,0.228378,0.100326,0.12805219739675522,0.238296,1.3407,0.287235,0.735965,,,4.35059,0.000624968,0.0566643,999,,,,,,,6.800000000000001,6.800000000000001,7,7,,,,,,,,,,,,,,,,,,,"Jose Espada","21131",664744
"Ryan Watson","SFG",0.0478,0.0501,0,4.04793,1,0,0,0,,1,4.286,0.9834,0.4878,0.44977,0.120111,0.3285,,0.0456,0.8452,7.6068,2.9565,2.57291,1.081,0.1972,0.0766449,0.12055529654026031,0.251387,1.3119,0.292979,0.720528,,,4.15982,0.000521722,0.0541864,999,,,,,,,6.800000000000001,6.800000000000001,7,7,,,,,,,,,,,,,,,,,,,"Ryan Watson","sa3015070",670245
"Luis F. Ortiz","NYM",0.0506,0.0473,0,4.00032,1,0,0,0,,1,4.261,0.9834,0.4819,0.44448,0.123556,0.3104,,0.0498,0.8477,7.6293,2.7936,2.73099,1.112,0.198944,0.0728467,0.1260971501469612,0.252102,1.2938,0.293508,0.724379,,,4.1579,0.000367707,0.0552345,999,,,,,,,6.800000000000001,6.800000000000001,7,7,,,,,,,,,,,,,,,,,,,"Luis F. Ortiz","16942",656814
"Austin Pope","ARI",0.0489,0.049,0,4.33098,1,0,0,0,,1,4.35,0.9846,0.5184,0.48122,0.120444,0.4183,,0.0434,0.9008,8.1072,3.7647,2.15348,1.084,0.20708,0.0961609,0.1109195426106453,0.253221,1.4029,0.301409,0.716613,,,4.31576,0.000292807,-0.0474907,999,,,,,,,6.800000000000001,6.800000000000001,7,7,,,,,,,,,,,,,,,,,,,"Austin Pope","sa3010816",687166
"Michael Stryffeler","SFG",0.0474,0.0505,0,4.14189,1,0,0,0,,1,4.357,0.9186,0.496,0.46021,0.118556,0.4611,,0.0445,1.0175,9.1575,4.1499,2.20668,1.067,0.233532,0.10583,0.12770255655050278,0.238511,1.3797,0.294638,0.728091,,,4.1895,0.000162069,0.0541641,999,,,,,,,6.800000000000001,6.800000000000001,7,7,,,,,,,,,,,,,,,,,,,"Michael Stryffeler","sa3010005",691068
"Konnor Pilkington","WSN",0.0479,0.05,0,4.02192,1,0,0,0,,1,4.31,0.9306,0.4836,0.44688,0.121,0.4433,,0.0422,0.9039,8.1351,3.9897,2.03903,1.089,0.209722,0.102854,0.10686774551868439,0.243326,1.3739,0.289184,0.739145,,,4.38818,0.0000618102,0.0565189,999,,,,,,,6.800000000000001,6.800000000000001,7,7,,,,,,,,,,,,,,,,,,,"Konnor Pilkington","21453",663455
"Vinny Nittoli","MIL",0.0474,0.0505,0,4.30488,1,0,0,0,,1,4.296,0.9636,0.5117,0.47832,0.148444,0.3505,,0.0489,0.9247,8.3223,3.1545,2.63823,1.336,0.215247,0.0815875,0.133659228682518,0.247293,1.3141,0.288708,0.725315,,,4.44506,0.0000304731,-0.0477776,999,,,,,,,6.800000000000001,6.800000000000001,7,7,,,,,,,,,,,,,,,,,,,"Vinny Nittoli","16754",657697
"Cameron Cotter","SFG",0.0472,0.0506,0,4.12821,1,0,0,0,,1,4.316,1.0296,0.4997,0.45869,0.112444,0.3321,,0.04,0.7678,6.9102,2.9889,2.31195,1.012,0.177896,0.0769463,0.10094995051622391,0.261061,1.3617,0.299366,0.715782,,,4.20896,-0.0000498516,0.0541752,999,,,,,,,6.800000000000001,6.800000000000001,7,7,,,,,,,,,,,,,,,,,,,"Cameron Cotter","sa3021726",694650
"J.B. Wendelken","SDP",0.387,0.3913,0,4.15414,7.9506,0,0,0.6087,,7.9506,34.123,7.4883,3.9579,3.66977,1.02209,3.325,,0.336,7.2074,8.1587,3.76387,2.16764,1.157,0.211218,0.0974416,0.11377661675214767,0.245824,1.36006,0.290845,0.730668,,,4.40606,-0.0000805801,0.0233684,999,,,,,,,37.7,4.7125,36,4.5,,,,,,,,,,,,,,,,,,,"J.B. Wendelken","14506",605525
"Braxton Garrett","MIA",0.057,0.0641,0.0877,3.88341,0.1754,0.1754,0,0,,1,4.219,1.0025,0.4703,0.43149,0.114889,0.2526,,0.0564,0.882,7.938,2.2734,3.49169,1.034,0.209054,0.059872,0.14918227866292,0.256394,1.2551,0.304695,0.7172,,,3.82304,-0.0000999029,-0.000679999,749.0999755859375,,,,,,,6.800000000000001,6.800000000000001,7,7,,,,,,,,,,,,,,,,,,,"Braxton Garrett","21844",666129
"Joe Musgrove","SDP",0.0629,0.0573,0.0868,3.77991,0.1985,0.1705,0,0,,1,4.175,0.9318,0.4545,0.41999,0.133,0.2548,,0.0677,0.9758,8.7822,2.2932,3.82967,1.197,0.233725,0.0610299,0.1726945973932743,0.241869,1.1866,0.29114,0.731807,,,3.91138,-0.0000999029,-0.000679999,999,,,,,,,6.800000000000001,6.800000000000001,7,7,,,,,,,,,,,,,,,,,,,"Joe Musgrove","12970",605397
"Christian Scott","NYM",0.063,0.0578,0.0847,4.03488,0.1754,0.1754,0,0,,1,4.218,0.9527,0.4824,0.44832,0.146,0.2779,,0.0442,0.9251,8.3259,2.5011,3.3289,1.314,0.219322,0.0658843,0.15343765914440155,0.244539,1.2306,0.285578,0.729098,,,4.18058,-0.0000999029,-0.000679999,999,,,,,,,6.800000000000001,6.800000000000001,7,7,,,,,,,,,,,,,,,,,,,"Christian Scott","30107",681035
"Jordan Montgomery","ARI",0.0582,0.0602,0.0693,4.31136,0.267,0.156,0,0,,1,4.294,1.0596,0.5178,0.47904,0.123111,0.2966,,0.0321,0.7761,6.9849,2.6694,2.61666,1.108,0.180741,0.0690731,0.11166742444038391,0.267218,1.3562,0.305434,0.708201,,,4.20082,-0.0000999029,-0.000679999,525.6300048828125,,,,,,,6.800000000000001,6.800000000000001,7,7,,,,,,,,,,,,,,,,,,,"Jordan Montgomery","16511",656756
"K.C. Hunt","MIL",0.055,0.0613,0.0617,4.221,0.3519,0.1379,0,0,,1,4.262,0.9667,0.5043,0.469,0.144333,0.329,,0.0407,0.9405,8.4645,2.961,2.85866,1.299,0.220671,0.0771938,0.14347723871469498,0.248362,1.2957,0.292921,0.723643,,,4.27091,-0.0000999029,-0.000679999,999,,,,,,,6.800000000000001,6.800000000000001,7,7,,,,,,,,,,,,,,,,,,,"K.C. Hunt","sa3022937",687268
"Julio Urías","LAD",0.0639,0.0568,0.0808,4.24071,0.1754,0.1754,0,0,,1,4.216,0.9831,0.5031,0.47119,0.163444,0.2598,,0.0406,0.9345,8.4105,2.3382,3.597,1.471,0.221656,0.0616224,0.1600332073867321,0.251073,1.2429,0.2909,0.72953,,,4.32346,-0.0000999029,-0.000679999,743.0700073242188,,,,,,,6.800000000000001,6.800000000000001,7,7,,,,,,,,,,,,,,,,,,,"Julio Urias","14765",628711
"Gavin Stone","LAD",0.0629,0.0579,0.0798,4.29318,0.1754,0.1754,0,0,,1,4.27,1.0007,0.5144,0.47702,0.145333,0.327,,0.033,0.8827,7.9443,2.943,2.69939,1.308,0.206721,0.0765808,0.1301405280828476,0.255933,1.3277,0.2968,0.723426,,,4.37041,-0.0000999029,-0.000679999,750.8400268554688,,,,,,,6.800000000000001,6.800000000000001,7,7,,,,,,,,,,,,,,,,,,,"Gavin Stone","27792",694813
"Emmet Sheehan","LAD",0.0608,0.056,0.064,4.27761,0.3206,0.1446,0,0,,1,4.284,0.8987,0.507,0.47529,0.154667,0.4086,,0.0464,1.0827,9.7443,3.6774,2.64978,1.392,0.252731,0.0953782,0.1573529615998268,0.234709,1.3073,0.287091,0.733704,,,4.37675,-0.0000999029,-0.000679999,749.719970703125,,,,,,,6.800000000000001,6.800000000000001,7,7,,,,,,,,,,,,,,,,,,,"Emmet Sheehan","29839",686218
"Wei-Chieh Huang","PIT",0.0528,0.0655,0.0663,4.41441,0.281,0.153,0,0,,1,4.309,0.9945,0.526,0.49049,0.143778,0.3301,,0.0426,0.8704,7.8336,2.9709,2.63678,1.294,0.201996,0.0766071,0.1253887191414833,0.252648,1.3246,0.291132,0.710934,,,4.41289,-0.0000999029,-0.000679999,999,,,,,,,6.800000000000001,6.800000000000001,7,7,,,,,,,,,,,,,,,,,,,"Wei-Chieh Huang","17508",658791
"Hunter Barco","PIT",0.0545,0.0662,0.0762,4.35987,0.1969,0.1709,0,0,,1,4.349,1.0154,0.5234,0.48443,0.124556,0.3835,,0.0477,0.8223,7.4007,3.4515,2.1442,1.121,0.189078,0.0881812,0.10089676827192307,0.259176,1.3989,0.299852,0.714973,,,4.4347,-0.0000999029,-0.000679999,999,,,,,,,6.800000000000001,6.800000000000001,7,7,,,,,,,,,,,,,,,,,,,"Hunter Barco","sa3022409",682995
"John Michael Bertrand","SFG",0.0541,0.0669,0.0784,4.32837,0.1812,0.1742,0,0,,1,4.355,1.1061,0.5259,0.48093,0.112889,0.312,,0.0342,0.6126,5.5134,2.808,1.96346,1.016,0.140666,0.0716418,0.06902410835027695,0.275918,1.4181,0.302503,0.708064,,,4.44744,-0.0000999029,-0.000679999,999,,,,,,,6.800000000000001,6.800000000000001,7,7,,,,,,,,,,,,,,,,,,,"John Michael Bertrand","sa3020082",802609
"Jonah Tong","NYM",0.0596,0.0609,0.0774,4.30245,0.1952,0.1712,0,0,,1,4.345,0.9459,0.5161,0.47805,0.132222,0.4455,,0.0373,0.9291,8.3619,4.0095,2.08552,1.19,0.213832,0.102532,0.11130034178495407,0.244912,1.3914,0.290508,0.725614,,,4.47557,-0.0000999029,-0.000679999,999,,,,,,,6.800000000000001,6.800000000000001,7,7,,,,,,,,,,,,,,,,,,,"Jonah Tong","sa3022324",804636
"Drew Rom","STL",0.0575,0.0636,0.0798,4.28823,0.1754,0.1754,0,0,,1,4.325,0.9933,0.5151,0.47647,0.127556,0.3917,,0.0481,0.8337,7.5033,3.5253,2.12841,1.148,0.192763,0.0905665,0.10219653695821762,0.255663,1.385,0.296088,0.721058,,,4.4767,-0.0000999029,-0.000679999,999,,,,,,,6.800000000000001,6.800000000000001,7,7,,,,,,,,,,,,,,,,,,,"Drew Rom","24602",680723
"Dax Fulton","MIA",0.0516,0.069,0.0755,4.36527,0.2018,0.1698,0,0,,1,4.366,1.0165,0.5255,0.48503,0.122444,0.4041,,0.0467,0.8155,7.3395,3.6369,2.01806,1.102,0.186784,0.0925561,0.09422812610864639,0.259629,1.4206,0.300295,0.716551,,,4.47966,-0.0000999029,-0.000679999,999,,,,,,,6.800000000000001,6.800000000000001,7,7,,,,,,,,,,,,,,,,,,,"Dax Fulton","sa3014535",690978
"Robert Gasser","MIL",0.0572,0.064,0.0803,4.26393,0.1754,0.1754,0,0,,1,4.275,0.9741,0.5083,0.47377,0.151111,0.3138,,0.0598,0.8815,7.9335,2.8242,2.80911,1.36,0.206199,0.0734035,0.1327953189611435,0.24968,1.2879,0.286877,0.724303,,,4.48872,-0.0000999029,-0.000679999,999,,,,,,,6.800000000000001,6.800000000000001,7,7,,,,,,,,,,,,,,,,,,,"Robert Gasser","29812",688107
"Cade Horton","CHC",0.0562,0.065,0.0769,4.44249,0.1754,0.1754,0,0,,1,4.299,0.983,0.5293,0.49361,0.148111,0.3555,,0.0421,0.8913,8.0217,3.1995,2.50717,1.333,0.207327,0.0826937,0.12463364750146866,0.251961,1.3385,0.291716,0.715382,,,4.50212,-0.0000999029,-0.000679999,999,,,,,,,6.800000000000001,6.800000000000001,7,7,,,,,,,,,,,,,,,,,,,"Cade Horton","sa3020860",690990
"Coleman Crow","MIL",0.0544,0.0668,0.0757,4.50054,0.1754,0.1754,0,0,,1,4.307,1.0302,0.538,0.50006,0.150111,0.3117,,0.0462,0.8148,7.3332,2.8053,2.61405,1.351,0.18918,0.0723706,0.11680985242128372,0.26087,1.3419,0.294917,0.710319,,,4.56202,-0.0000999029,-0.000679999,999,,,,,,,6.800000000000001,6.800000000000001,7,7,,,,,,,,,,,,,,,,,,,"Coleman Crow","sa3015142",689441
"Robert Colina","NYM",0.055,0.0595,0.0525,4.44762,0.4121,0.1251,0,0,,1,4.33,1.0021,0.5313,0.49418,0.143444,0.358,,0.0471,0.8394,7.5546,3.222,2.34469,1.291,0.193857,0.082679,0.11117783188819885,0.255319,1.3601,0.291856,0.714928,,,4.56776,-0.0000999029,-0.000679999,999,,,,,,,6.800000000000001,6.800000000000001,7,7,,,,,,,,,,,,,,,,,,,"Robert Colina","sa3006133",678783
"Lucas Braun","ATL",0.059,0.0619,0.073,4.60881,0.182,0.174,0,0,,1,4.328,1.0324,0.5491,0.51209,0.149,0.3398,,0.0404,0.8313,7.4817,3.0582,2.44644,1.341,0.192075,0.078512,0.11356285214424133,0.261513,1.3722,0.297692,0.707374,,,4.58148,-0.0000999029,-0.000679999,999,,,,,,,6.800000000000001,6.800000000000001,7,7,,,,,,,,,,,,,,,,,,,"Lucas Braun","sa3022996",814351
"Dylan Cumming","SFG",0.0516,0.0682,0.0691,4.54842,0.2307,0.1637,0,0,,1,4.397,1.0448,0.5475,0.50538,0.123889,0.3775,,0.0612,0.749,6.741,3.3975,1.98411,1.115,0.170343,0.085854,0.08448943495750427,0.263952,1.4223,0.298473,0.700481,,,4.59514,-0.0000999029,-0.000679999,999,,,,,,,6.800000000000001,6.800000000000001,7,7,,,,,,,,,,,,,,,,,,,"Dylan Cumming","sa3020818",804706
"Nolan McLean","NYM",0.0579,0.0632,0.0762,4.47957,0.1754,0.1754,0,0,,1,4.374,1.0043,0.538,0.49773,0.132889,0.4015,,0.0582,0.8111,7.2999,3.6135,2.02017,1.196,0.185437,0.0917924,0.09364426136016846,0.256572,1.4058,0.293374,0.711454,,,4.65094,-0.0000999029,-0.000679999,999,,,,,,,6.800000000000001,6.800000000000001,7,7,,,,,,,,,,,,,,,,,,,"Nolan McLean","sa3023053",690997
"Austin Krob","SDP",0.0569,0.0641,0.0784,4.32459,0.182,0.174,0,0,,1,4.358,1.0317,0.5235,0.48051,0.121778,0.3979,,0.0495,0.7171,6.4539,3.5811,1.80221,1.096,0.164548,0.0913033,0.0732446163892746,0.263821,1.4296,0.296225,0.719635,,,4.65759,-0.0000999029,-0.000679999,999,,,,,,,6.800000000000001,6.800000000000001,7,7,,,,,,,,,,,,,,,,,,,"Austin Krob","sa3020594",689474
"Nick Zwack","SFG",0.0522,0.0671,0.0676,4.51926,0.2505,0.1595,0,0,,1,4.348,1.0196,0.5383,0.50214,0.147556,0.3458,,0.0403,0.7921,7.1289,3.1122,2.29063,1.328,0.182176,0.0795308,0.1026448905467987,0.257351,1.3654,0.288542,0.713742,,,4.6588,-0.0000999029,-0.000679999,999,,,,,,,6.800000000000001,6.800000000000001,7,7,,,,,,,,,,,,,,,,,,,"Nick Zwack","sa3017867",686873
"Connor Noland","CHC",0.0537,0.0674,0.0727,4.62483,0.182,0.174,0,0,,1,4.325,1.1007,0.5555,0.51387,0.140556,0.2949,,0.033,0.6564,5.9076,2.6541,2.22584,1.265,0.151769,0.068185,0.08358383178710938,0.275375,1.3956,0.300032,0.700771,,,4.6646,-0.0000999029,-0.000679999,999,,,,,,,6.800000000000001,6.800000000000001,7,7,,,,,,,,,,,,,,,,,,,"Connor Noland","sa3020834",690939
"Chris Clarke","CHC",0.0534,0.067,0.0707,4.60719,0.2043,0.1693,0,0,,1,4.352,1.1025,0.5551,0.51191,0.131111,0.3089,,0.0524,0.6428,5.7852,2.7801,2.08093,1.18,0.147702,0.0709789,0.07672332972288132,0.276267,1.4114,0.301975,0.697401,,,4.66922,-0.0000999029,-0.000679999,999,,,,,,,6.800000000000001,6.800000000000001,7,7,,,,,,,,,,,,,,,,,,,"Chris Clarke","sa3011411",669247
"Jack Choate","SFG",0.0531,0.068,0.0752,4.49667,0.1812,0.1742,0,0,,1,4.374,1.0137,0.5376,0.49963,0.139,0.3637,,0.0616,0.7887,7.0983,3.2733,2.16855,1.251,0.180315,0.0831504,0.0971650630235672,0.256717,1.3774,0.28954,0.71001,,,4.67198,-0.0000999029,-0.000679999,999,,,,,,,6.800000000000001,6.800000000000001,7,7,,,,,,,,,,,,,,,,,,,"Jack Choate","sa3020407",805257
"Brandon Knarr","MIL",0.052,0.0626,0.0527,4.44663,0.4113,0.1253,0,0,,1,4.336,1.0204,0.5315,0.49407,0.147556,0.3597,,0.0374,0.7999,7.1991,3.2373,2.2238,1.328,0.184479,0.0829566,0.10152214765548706,0.259057,1.3801,0.29178,0.723122,,,4.6762,-0.0000999029,-0.000679999,999,,,,,,,6.800000000000001,6.800000000000001,7,7,,,,,,,,,,,,,,,,,,,"Brandon Knarr","sa3015005",687822
"Joander Suarez","NYM",0.0576,0.0632,0.0741,4.50657,0.1895,0.1725,0,0,,1,4.331,1.0175,0.539,0.50073,0.147,0.3471,,0.0439,0.786,7.074,3.1239,2.26448,1.323,0.181482,0.0801432,0.101339191198349,0.258249,1.3646,0.289491,0.712461,,,4.67848,-0.0000999029,-0.000679999,999,,,,,,,6.800000000000001,6.800000000000001,7,7,,,,,,,,,,,,,,,,,,,"Joander Suarez","sa3008263",680933
"Seth Lonsway","SFG",0.0525,0.0684,0.0744,4.46157,0.1952,0.1712,0,0,,1,4.466,1.0866,0.5431,0.49573,0.0997778,0.4294,,0.0649,0.6309,5.6781,3.8646,1.46926,0.898,0.141267,0.0961487,0.04511868208646774,0.273586,1.516,0.304479,0.70689,,,4.68469,-0.0000999029,-0.000679999,999,,,,,,,6.800000000000001,6.800000000000001,7,7,,,,,,,,,,,,,,,,,,,"Seth Lonsway","sa3017857",675920
"Yu-Min Lin","ARI",0.0557,0.0655,0.0722,4.68351,0.1754,0.1754,0,0,,1,4.425,1.0635,0.5616,0.52039,0.124444,0.413,,0.0577,0.7508,6.7572,3.717,1.81792,1.12,0.169672,0.0933333,0.0763389840722084,0.268948,1.4765,0.304982,0.702538,,,4.69476,-0.0000999029,-0.000679999,999,,,,,,,6.800000000000001,6.800000000000001,7,7,,,,,,,,,,,,,,,,,,,"Yu-Min Lin","sa3019278",801179
"Sixto Sánchez","MIA",0.0465,0.0702,0.055,4.76037,0.3453,0.1393,0,0,,1,4.396,1.0831,0.5694,0.52893,0.135667,0.364,,0.0471,0.7334,6.6006,3.276,2.01484,1.221,0.166833,0.0828025,0.08403094112873077,0.271801,1.4471,0.304071,0.698157,,,4.69665,-0.0000999029,-0.000679999,999,,,,,,,6.800000000000001,6.800000000000001,7,7,,,,,,,,,,,,,,,,,,,"Sixto Sanchez","19680",664350
"River Ryan","LAD",0.0591,0.062,0.0729,4.64985,0.1754,0.1754,0,0,,1,4.369,1.0251,0.556,0.51665,0.145556,0.3958,,0.0485,0.8311,7.4799,3.5622,2.0998,1.31,0.190227,0.0905928,0.09963379055261612,0.261192,1.4209,0.298348,0.710611,,,4.7294,-0.0000999029,-0.000679999,999,,,,,,,6.800000000000001,6.800000000000001,7,7,,,,,,,,,,,,,,,,,,,"River Ryan","29514",689981
"Walker Powell","CHC",0.0537,0.0676,0.0729,4.64922,0.1754,0.1754,0,0,,1,4.318,1.0704,0.5559,0.51658,0.150444,0.2994,,0.0412,0.7047,6.3423,2.6946,2.35371,1.354,0.163201,0.0693377,0.09386289864778519,0.269121,1.3698,0.294645,0.702136,,,4.73466,-0.0000999029,-0.000679999,999,,,,,,,6.800000000000001,6.800000000000001,7,7,,,,,,,,,,,,,,,,,,,"Walker Powell","sa3017815",689608
"Royber Salinas","ATL",0.0582,0.0628,0.0723,4.68135,0.1754,0.1754,0,0,,1,4.431,0.9734,0.5587,0.52015,0.135667,0.5063,,0.0473,0.9238,8.3142,4.5567,1.82461,1.221,0.208486,0.114263,0.0942225307226181,0.251044,1.4797,0.297286,0.714083,,,4.74335,-0.0000999029,-0.000679999,999,,,,,,,3.8000000000000003,3.8000000000000003,4,4,,,,,,,,,,,,,,,,,,,"Royber Salinas","sa3009243",683690
"Eiberson Castellano","PHI",0.0557,0.0649,0.072,4.60341,0.1919,0.1719,0,0,,1,4.355,1.0111,0.5508,0.51149,0.144333,0.3834,,0.0627,0.8148,7.3332,3.4506,2.1252,1.299,0.187095,0.0880367,0.09905856102705002,0.258666,1.3945,0.293842,0.707545,,,4.75151,-0.0000999029,-0.000679999,999,,,,,,,6.800000000000001,6.800000000000001,7,7,,,,,,,,,,,,,,,,,,,"Eiberson Castellano","sa3015414",682769
"Aaron Wilkerson","CIN",0.0506,0.0658,0.055,4.69629,0.3494,0.1384,0,0,,1,4.29,1.0321,0.5551,0.52181,0.171667,0.2936,,0.0388,0.8158,7.3422,2.6424,2.77861,1.545,0.190163,0.0684382,0.12172495573759079,0.260789,1.3257,0.289695,0.70999,,,4.76375,-0.0000999029,-0.000679999,999,,,,,,,6.800000000000001,6.800000000000001,7,7,,,,,,,,,,,,,,,,,,,"Aaron Wilkerson","16904",658792
"Luis Moreno","NYM",0.0558,0.0638,0.069,4.57245,0.2266,0.1646,0,0,,1,4.412,1.0355,0.551,0.50805,0.126333,0.4316,,0.0483,0.7364,6.6276,3.8844,1.70621,1.137,0.166908,0.0978241,0.06908431649208069,0.263345,1.4671,0.296207,0.710027,,,4.77571,-0.0000999029,-0.000679999,999,,,,,,,6.800000000000001,6.800000000000001,7,7,,,,,,,,,,,,,,,,,,,"Luis Moreno","sa3009950",691032
"Nick Sinacola","SFG",0.0494,0.0684,0.0587,4.72167,0.3049,0.1479,0,0,,1,4.355,1.0651,0.5628,0.52463,0.151778,0.3072,,0.0474,0.7085,6.3765,2.7648,2.30632,1.366,0.162687,0.0705396,0.09214695543050766,0.266248,1.3723,0.290856,0.697958,,,4.78639,-0.0000999029,-0.000679999,999,,,,,,,6.800000000000001,6.800000000000001,7,7,,,,,,,,,,,,,,,,,,,"Nick Sinacola","sa3017862",701161
"Tekoah Roby","STL",0.0536,0.0677,0.0724,4.67226,0.1754,0.1754,0,0,,1,4.348,1.0427,0.557,0.51914,0.150444,0.3467,,0.0449,0.7535,6.7815,3.1203,2.17335,1.354,0.173298,0.0797378,0.09356024861335754,0.263548,1.3894,0.292307,0.706155,,,4.79006,-0.0000999029,-0.000679999,999,,,,,,,6.800000000000001,6.800000000000001,7,7,,,,,,,,,,,,,,,,,,,"Tekoah Roby","sa3014519",694358
"Cooper Hjerpe","STL",0.0552,0.066,0.0754,4.51998,0.1754,0.1754,0,0,,1,4.417,0.9634,0.54,0.50222,0.135444,0.4919,,0.0529,0.8858,7.9722,4.4271,1.80077,1.219,0.200543,0.111365,0.0891781747341156,0.248799,1.4553,0.290413,0.72317,,,4.79006,-0.0000999029,-0.000679999,999,,,,,,,6.800000000000001,6.800000000000001,7,7,,,,,,,,,,,,,,,,,,,"Cooper Hjerpe","sa3020736",687309
"Andrew Alvarez","WSN",0.0528,0.0685,0.0768,4.44762,0.1754,0.1754,0,0,,1,4.38,1.0554,0.538,0.49418,0.121667,0.4019,,0.0451,0.6488,5.8392,3.6171,1.61433,1.095,0.148128,0.091758,0.05636986345052719,0.268345,1.4573,0.295249,0.714315,,,4.79155,-0.0000999029,-0.000679999,999,,,,,,,6.800000000000001,6.800000000000001,7,7,,,,,,,,,,,,,,,,,,,"Andrew Alvarez","sa3017531",674841
"Brody McCullough","CHC",0.0525,0.0673,0.0661,4.72599,0.229,0.164,0,0,,1,4.357,1.0238,0.5622,0.52511,0.153556,0.3795,,0.0405,0.8152,7.3368,3.4155,2.14809,1.382,0.187101,0.0871012,0.09999999403953552,0.260046,1.4033,0.293185,0.707805,,,4.7923,-0.0000999029,-0.000679999,999,,,,,,,6.800000000000001,6.800000000000001,7,7,,,,,,,,,,,,,,,,,,,"Brody McCullough","sa3020599",805664
"Tristan Stevens","MIA",0.0466,0.0723,0.0613,4.78413,0.2694,0.1554,0,0,,1,4.382,1.1178,0.5744,0.53157,0.136667,0.3294,,0.0425,0.6261,5.6349,2.9646,1.90073,1.23,0.14288,0.0751712,0.0677088052034378,0.278746,1.4472,0.302135,0.694978,,,4.80665,-0.0000999029,-0.000679999,999,,,,,,,6.800000000000001,6.800000000000001,7,7,,,,,,,,,,,,,,,,,,,"Tristan Stevens","sa3019881",688306
"Robinson Piña","MIA",0.0473,0.0743,0.0696,4.8177,0.1754,0.1754,0,0,,1,4.378,1.0837,0.5754,0.5353,0.146222,0.3392,,0.0499,0.7113,6.4017,3.0528,2.09699,1.316,0.162471,0.0774783,0.0849931538105011,0.271679,1.4229,0.299382,0.695705,,,4.81207,-0.0000999029,-0.000679999,999,,,,,,,6.800000000000001,6.800000000000001,7,7,,,,,,,,,,,,,,,,,,,"Robinson Pina","sa3003123",673820
"TJ Shook","NYM",0.0535,0.0606,0.0484,4.58658,0.4294,0.1214,0,0,,1,4.355,0.9935,0.5458,0.50962,0.153556,0.3722,,0.0593,0.822,7.398,3.3498,2.20849,1.382,0.188749,0.085465,0.1032835841178894,0.253218,1.3657,0.284925,0.712509,,,4.8132,-0.0000999029,-0.000679999,999,,,,,,,6.800000000000001,6.800000000000001,7,7,,,,,,,,,,,,,,,,,,,"TJ Shook","sa3014915",669298
"Spencer Giesting","ARI",0.0546,0.0667,0.0701,4.79484,0.1754,0.1754,0,0,,1,4.448,1.0651,0.5739,0.53276,0.128,0.4413,,0.0515,0.7475,6.7275,3.9717,1.69386,1.152,0.168053,0.0992131,0.06883992999792099,0.269291,1.5064,0.304283,0.702607,,,4.81388,-0.0000999029,-0.000679999,999,,,,,,,6.800000000000001,6.800000000000001,7,7,,,,,,,,,,,,,,,,,,,"Spencer Giesting","sa3020402",801517
"Brandon Birdsell","CHC",0.053,0.0681,0.0706,4.73274,0.182,0.174,0,0,,1,4.312,1.056,0.5626,0.52586,0.164111,0.2913,,0.0454,0.7339,6.6051,2.6217,2.5194,1.477,0.170199,0.0675557,0.10264379531145096,0.26564,1.3473,0.289829,0.702164,,,4.84222,-0.0000999029,-0.000679999,999,,,,,,,6.800000000000001,6.800000000000001,7,7,,,,,,,,,,,,,,,,,,,"Brandon Birdsell","sa3020797",669361
"Garrett Stallings","MIL",0.049,0.0653,0.0468,4.74435,0.4236,0.1226,0,0,,1,4.346,1.0558,0.5647,0.52715,0.161,0.3329,,0.0369,0.7596,6.8364,2.9961,2.28177,1.449,0.174781,0.0765992,0.09818223118782043,0.26553,1.3887,0.292839,0.70833,,,4.84968,-0.0000999029,-0.000679999,999,,,,,,,6.800000000000001,6.800000000000001,7,7,,,,,,,,,,,,,,,,,,,"Garrett Stallings","sa3014457",668831
"Dylan Ray","ARI",0.0534,0.0679,0.0676,4.92534,0.1754,0.1754,0,0,,1,4.419,1.062,0.5865,0.54726,0.142111,0.4088,,0.0459,0.7604,6.8436,3.6792,1.86008,1.279,0.172075,0.0925096,0.07956551015377045,0.267891,1.4708,0.300442,0.695289,,,4.85722,-0.0000999029,-0.000679999,999,,,,,,,6.800000000000001,6.800000000000001,7,7,,,,,,,,,,,,,,,,,,,"Dylan Ray","sa3020392",691009
"Victor Santos","STL",0.0493,0.063,0.0411,4.73148,0.4929,0.1079,0,0,,1,4.359,1.0675,0.5642,0.52572,0.151111,0.3377,,0.0427,0.6912,6.2208,3.0393,2.04679,1.36,0.158568,0.0774719,0.0810965746641159,0.26831,1.4052,0.292189,0.704565,,,4.88972,-0.0000999029,-0.000679999,999,,,,,,,6.800000000000001,6.800000000000001,7,7,,,,,,,,,,,,,,,,,,,"Victor Santos","sa3003083",673257
"Alex Williams","MIA",0.0453,0.0693,0.0462,4.82733,0.4212,0.1232,0,0,,1,4.38,1.043,0.5736,0.53637,0.154889,0.3711,,0.0491,0.7686,6.9174,3.3399,2.07114,1.394,0.175479,0.084726,0.09075341373682022,0.263397,1.4141,0.292497,0.702022,,,4.90344,-0.0000999029,-0.000679999,999,,,,,,,6.800000000000001,6.800000000000001,7,7,,,,,,,,,,,,,,,,,,,"Alex Williams","sa3020314",677354
"Juan Mercedes","SFG",0.0504,0.071,0.0703,4.78062,0.1754,0.1754,0,0,,1,4.322,1.0672,0.5671,0.53118,0.168889,0.2566,,0.0499,0.6857,6.1713,2.3094,2.67225,1.52,0.158653,0.0593707,0.09928273409605026,0.26577,1.3238,0.284194,0.695908,,,4.91014,-0.0000999029,-0.000679999,999,,,,,,,6.800000000000001,6.800000000000001,7,7,,,,,,,,,,,,,,,,,,,"Juan Mercedes","sa3002818",675195
"Pete Hansen","STL",0.0535,0.0678,0.0726,4.66542,0.1754,0.1754,0,0,,1,4.388,1.0586,0.5581,0.51838,0.142889,0.3754,,0.0489,0.6888,6.1992,3.3786,1.83484,1.286,0.156974,0.0855515,0.0714220479130745,0.267074,1.434,0.292372,0.709831,,,4.91934,-0.0000999029,-0.000679999,999,,,,,,,6.800000000000001,6.800000000000001,7,7,,,,,,,,,,,,,,,,,,,"Pete Hansen","sa3020798",677337
"Darius Vines","ATL",0.0527,0.0617,0.0454,4.90806,0.417,0.124,0,0,,1,4.361,1.0884,0.5823,0.54534,0.164667,0.311,,0.0397,0.7185,6.4665,2.799,2.31029,1.482,0.164756,0.0713139,0.09344187378883362,0.271401,1.3994,0.295393,0.699053,,,4.92225,-0.0000999029,-0.000679999,999,,,,,,,6.800000000000001,6.800000000000001,7,7,,,,,,,,,,,,,,,,,,,"Darius Vines","25928",670241
"Ryan Murphy","SFG",0.0497,0.0718,0.0691,4.84281,0.1754,0.1754,0,0,,1,4.399,1.0308,0.5752,0.53809,0.155,0.3798,,0.0506,0.775,6.975,3.4182,2.04055,1.395,0.176176,0.0863378,0.08983860164880753,0.259739,1.4106,0.288225,0.699899,,,4.92268,-0.0000999029,-0.000679999,999,,,,,,,6.800000000000001,6.800000000000001,7,7,,,,,,,,,,,,,,,,,,,"Ryan Murphy","sa3014871",694885
"Cade Gibson","MIA",0.0463,0.0724,0.06,4.79376,0.281,0.153,0,0,,1,4.464,1.1018,0.5766,0.53264,0.123778,0.418,,0.0597,0.6414,5.7726,3.762,1.53445,1.114,0.143683,0.093638,0.05004478991031647,0.276397,1.5198,0.303628,0.700477,,,4.92589,-0.0000999029,-0.000679999,999,,,,,,,6.800000000000001,6.800000000000001,7,7,,,,,,,,,,,,,,,,,,,"Cade Gibson","sa3019914",806188
"Zach Thompson","ATL",0.0532,0.0643,0.0542,4.98897,0.3065,0.1475,0,0,,1,4.409,1.1019,0.5932,0.55433,0.155778,0.3485,,0.0438,0.7205,6.4845,3.1365,2.06743,1.402,0.163416,0.0790429,0.0843728706240654,0.27433,1.4504,0.301272,0.695604,,,4.92749,-0.0000999029,-0.000679999,999,,,,,,,6.800000000000001,6.800000000000001,7,7,,,,,,,,,,,,,,,,,,,"Zach Thompson","16094",605507
"Helcris Olivárez","SFG",0.0488,0.0654,0.0481,4.62285,0.4352,0.1202,0,0,,1,4.567,0.9454,0.5559,0.51365,0.111444,0.6589,,0.0592,0.9203,8.2827,5.9301,1.39672,1.003,0.201511,0.144274,0.057236701250076294,0.245629,1.6043,0.296028,0.723894,,,4.92896,-0.0000999029,-0.000679999,999,,,,,,,3.8000000000000003,3.8000000000000003,4,4,,,,,,,,,,,,,,,,,,,"Helcris Olivarez","sa3002965",672487
"Dakota Hawkins","NYM",0.0522,0.063,0.0498,4.77558,0.3939,0.1289,0,0,,1,4.392,1.0579,0.57,0.53062,0.150667,0.376,,0.0409,0.7175,6.4575,3.384,1.90824,1.356,0.163365,0.0856102,0.07775500416755676,0.266132,1.4339,0.292003,0.706397,,,4.94085,-0.0000999029,-0.000679999,999,,,,,,,6.800000000000001,6.800000000000001,7,7,,,,,,,,,,,,,,,,,,,"Dakota Hawkins","sa3023103",809950
"Tate Kuehner","MIL",0.0518,0.0687,0.0685,4.70547,0.2084,0.1684,0,0,,1,4.445,1.0107,0.5622,0.52283,0.142333,0.4773,,0.0483,0.8257,7.4313,4.2957,1.72994,1.281,0.185759,0.107379,0.07838020473718643,0.257871,1.488,0.294225,0.71838,,,4.94221,-0.0000999029,-0.000679999,999,,,,,,,6.800000000000001,6.800000000000001,7,7,,,,,,,,,,,,,,,,,,,"Tate Kuehner","sa3023099",804249
"Dominic Perachi","PIT",0.0494,0.0701,0.0635,4.78953,0.2439,0.1609,0,0,,1,4.457,1.0605,0.5733,0.53217,0.129889,0.4486,,0.0534,0.7059,6.3531,4.0374,1.57356,1.169,0.15838,0.100651,0.05772942304611206,0.268142,1.5091,0.298348,0.705064,,,4.94924,-0.0000999029,-0.000679999,999,,,,,,,6.800000000000001,6.800000000000001,7,7,,,,,,,,,,,,,,,,,,,"Dominic Perachi","sa3020841",806270
"Nathan Wiles","ATL",0.0519,0.0624,0.0435,4.98627,0.4261,0.1221,0,0,,1,4.356,1.1217,0.5913,0.55403,0.168,0.2706,,0.0448,0.6714,6.0426,2.4354,2.48115,1.512,0.154132,0.0621212,0.09201101958751678,0.277607,1.3923,0.29792,0.692248,,,4.95388,-0.0000999029,-0.000679999,999,,,,,,,6.800000000000001,6.800000000000001,7,7,,,,,,,,,,,,,,,,,,,"Nathan Wiles","sa3010307",686249
"Adonys Perez","ARI",0.0525,0.0685,0.0662,4.95954,0.1829,0.1739,0,0,,1,4.498,1.1134,0.595,0.55106,0.121889,0.4548,,0.0534,0.6564,5.9076,4.0932,1.44327,1.097,0.145932,0.101112,0.044819921255111694,0.279062,1.5682,0.308737,0.696359,,,4.96284,-0.0000999029,-0.000679999,999,,,,,,,6.800000000000001,6.800000000000001,7,7,,,,,,,,,,,,,,,,,,,"Adonys Perez","sa3020114",806583
"Christian McGowan","PHI",0.0529,0.0674,0.0655,4.84281,0.2134,0.1674,0,0,,1,4.412,1.0405,0.5788,0.53809,0.145889,0.4318,,0.0501,0.7707,6.9363,3.8862,1.78485,1.313,0.174683,0.0978694,0.0768132284283638,0.264752,1.4723,0.296867,0.704622,,,4.96734,-0.0000999029,-0.000679999,999,,,,,,,6.800000000000001,6.800000000000001,7,7,,,,,,,,,,,,,,,,,,,"Christian McGowan","sa3017896",694909
"Brandon Williamson","CIN",0.0496,0.0641,0.0435,4.85604,0.4442,0.1182,0,0,,1,4.392,1.0345,0.5746,0.53956,0.178333,0.3688,,0.0478,0.8786,7.9074,3.3192,2.38232,1.605,0.200046,0.0839709,0.11607467383146286,0.260225,1.4033,0.293362,0.718339,,,4.97741,-0.0000999029,-0.000679999,999,,,,,,,6.800000000000001,6.800000000000001,7,7,,,,,,,,,,,,,,,,,,,"Brandon Williamson","25463",682227
"Jarlin Susana","WSN",0.0502,0.0713,0.0718,4.70583,0.1754,0.1754,0,0,,1,4.474,1.0079,0.5671,0.52287,0.118333,0.5489,,0.05,0.7611,6.8499,4.9401,1.38659,1.065,0.170116,0.122687,0.04742959141731262,0.260097,1.5568,0.296951,0.711434,,,4.97931,-0.0000999029,-0.000679999,999,,,,,,,3.8000000000000003,3.8000000000000003,4,4,,,,,,,,,,,,,,,,,,,"Jarlin Susana","sa3018808",703186
"Carlos Duran","LAD",0.0568,0.0644,0.0683,4.88727,0.1754,0.1754,0,0,,1,4.421,1.0091,0.5809,0.54303,0.158333,0.4512,,0.053,0.8665,7.7985,4.0608,1.92043,1.425,0.195996,0.102058,0.09393803030252457,0.257634,1.4603,0.294183,0.709976,,,5.00441,-0.0000999029,-0.000679999,999,,,,,,,6.800000000000001,6.800000000000001,7,7,,,,,,,,,,,,,,,,,,,"Carlos Duran","sa3006404",679922
"Connor Overton","NYM",0.0542,0.0671,0.0689,4.85442,0.1754,0.1754,0,0,,1,4.371,1.0825,0.5775,0.53938,0.163556,0.3171,,0.0437,0.6808,6.1272,2.8539,2.14696,1.472,0.155754,0.0725463,0.08320751041173935,0.269937,1.3996,0.290268,0.702276,,,5.0135,-0.0000999029,-0.000679999,999,,,,,,,6.800000000000001,6.800000000000001,7,7,,,,,,,,,,,,,,,,,,,"Connor Overton","18376",656818
"Jean Cabrera","PHI",0.0538,0.0672,0.0695,4.77792,0.1845,0.1735,0,0,,1,4.377,1.0591,0.5725,0.53088,0.148444,0.3773,,0.0512,0.6832,6.1488,3.3957,1.81076,1.336,0.156089,0.0862006,0.06988805532455444,0.268228,1.4364,0.292171,0.703171,,,5.01536,-0.0000999029,-0.000679999,999,,,,,,,6.800000000000001,6.800000000000001,7,7,,,,,,,,,,,,,,,,,,,"Jean Cabrera","sa3015433",691893
"Jhancarlos Lara","ATL",0.0545,0.0665,0.0655,4.99284,0.1837,0.1737,0,0,,1,4.536,1.0286,0.5976,0.55476,0.125778,0.5753,,0.0524,0.8309,7.4781,5.1777,1.44429,1.132,0.183179,0.12683,0.056349217891693115,0.263183,1.6039,0.305873,0.704785,,,5.02289,-0.0000999029,-0.000679999,999,,,,,,,3.8000000000000003,3.8000000000000003,4,4,,,,,,,,,,,,,,,,,,,"Jhancarlos Lara","sa3019367",702910
"Will Sanders","CHC",0.0501,0.0712,0.0655,4.99419,0.1829,0.1739,0,0,,1,4.432,1.0603,0.5945,0.55491,0.151222,0.4209,,0.0496,0.7526,6.7734,3.7881,1.78807,1.361,0.16981,0.0949684,0.07484205067157745,0.267651,1.4812,0.29731,0.69847,,,5.03867,-0.0000999029,-0.000679999,999,,,,,,,6.800000000000001,6.800000000000001,7,7,,,,,,,,,,,,,,,,,,,"Will Sanders","sa3023508",691739
"Easton McGee","MIL",0.0497,0.0718,0.067,4.95396,0.1754,0.1754,0,0,,1,4.35,1.1205,0.5892,0.55044,0.172,0.2573,,0.0508,0.6417,5.7753,2.3157,2.49398,1.548,0.147517,0.0591494,0.08836782351136208,0.277221,1.3778,0.293817,0.69358,,,5.04338,-0.0000999029,-0.000679999,999,,,,,,,6.800000000000001,6.800000000000001,7,7,,,,,,,,,,,,,,,,,,,"Easton McGee","22176",668834
"Sam Armstrong","CHC",0.05,0.0699,0.062,4.94793,0.2299,0.1639,0,0,,1,4.411,1.0802,0.5902,0.54977,0.150778,0.3764,,0.0555,0.6892,6.2028,3.3876,1.83103,1.357,0.156246,0.0853321,0.07091362774372101,0.271468,1.4566,0.296077,0.695618,,,5.04389,-0.0000999029,-0.000679999,999,,,,,,,6.800000000000001,6.800000000000001,7,7,,,,,,,,,,,,,,,,,,,"Sam Armstrong","sa3023046",814098
"Cameron Foster","NYM",0.0512,0.0635,0.0466,4.86459,0.4113,0.1253,0,0,,1,4.417,1.0335,0.5785,0.54051,0.155778,0.4217,,0.0405,0.7646,6.8814,3.7953,1.81314,1.402,0.173104,0.095472,0.0776318684220314,0.261328,1.4552,0.289255,0.708667,,,5.04899,-0.0000999029,-0.000679999,999,,,,,,,6.800000000000001,6.800000000000001,7,7,,,,,,,,,,,,,,,,,,,"Cameron Foster","sa3020735",671382
"J.J. Niekro","ATL",0.0538,0.0675,0.0644,5.08833,0.1754,0.1754,0,0,,1,4.442,1.1215,0.6072,0.56537,0.148556,0.3859,,0.0398,0.6616,5.9544,3.4731,1.71443,1.337,0.148942,0.0868753,0.062066636979579926,0.279237,1.5074,0.303462,0.692769,,,5.0516,-0.0000999029,-0.000679999,999,,,,,,,6.800000000000001,6.800000000000001,7,7,,,,,,,,,,,,,,,,,,,"J.J. Niekro","sa3017129",673908
"Blade Tidwell","NYM",0.0544,0.0661,0.0668,4.80393,0.2059,0.1689,0,0,,1,4.428,0.9842,0.5712,0.53377,0.154444,0.4711,,0.0482,0.8382,7.5438,4.2399,1.77924,1.39,0.189295,0.106391,0.08290423452854156,0.251797,1.4553,0.284547,0.713515,,,5.05576,-0.0000999029,-0.000679999,999,,,,,,,6.800000000000001,6.800000000000001,7,7,,,,,,,,,,,,,,,,,,,"Blade Tidwell","sa3020177",694918
"Luis Palacios","MIA",0.0465,0.0751,0.068,4.90356,0.1754,0.1754,0,0,,1,4.363,1.134,0.5841,0.54484,0.160556,0.2719,,0.0418,0.5692,5.1228,2.4471,2.09342,1.445,0.130461,0.0623195,0.06814118847250938,0.280048,1.4059,0.293246,0.695779,,,5.0564,-0.0000999029,-0.000679999,999,,,,,,,6.800000000000001,6.800000000000001,7,7,,,,,,,,,,,,,,,,,,,"Luis Palacios","sa3003021",672712
"Henry Baez","SDP",0.0516,0.0698,0.0689,4.85712,0.1754,0.1754,0,0,,1,4.417,1.0715,0.582,0.53968,0.142444,0.4108,,0.0517,0.671,6.039,3.6972,1.6334,1.282,0.151913,0.0930043,0.058908767998218536,0.270957,1.4823,0.295778,0.701782,,,5.06376,-0.0000999029,-0.000679999,999,,,,,,,6.800000000000001,6.800000000000001,7,7,,,,,,,,,,,,,,,,,,,"Henry Baez","sa3016584",692013
"Fernando Sanchez","SDP",0.0511,0.0651,0.0535,4.71357,0.3618,0.1358,0,0,,1,4.418,1.0252,0.5634,0.52373,0.145222,0.439,,0.0593,0.7391,6.6519,3.951,1.6836,1.307,0.167293,0.0993662,0.06792665272951126,0.261551,1.4642,0.289907,0.714417,,,5.07107,-0.0000999029,-0.000679999,999,,,,,,,6.800000000000001,6.800000000000001,7,7,,,,,,,,,,,,,,,,,,,"Fernando Sanchez","sa3010134",685719
"Jacob Miller","MIA",0.0443,0.0775,0.0643,5.09436,0.1754,0.1754,0,0,,1,4.442,1.1279,0.6083,0.56604,0.146889,0.3758,,0.0436,0.6289,5.6601,3.3822,1.6735,1.322,0.14158,0.0846015,0.05697883665561676,0.280391,1.5037,0.302146,0.689801,,,5.07644,-0.0000999029,-0.000679999,999,,,,,,,6.800000000000001,6.800000000000001,7,7,,,,,,,,,,,,,,,,,,,"Jacob Miller","sa3020111",702571
"Kohl Franklin","CHC",0.0502,0.0713,0.0661,5.00292,0.1754,0.1754,0,0,,1,4.431,1.0471,0.5946,0.55588,0.155222,0.422,,0.0558,0.7679,6.9111,3.798,1.81967,1.397,0.173302,0.0952381,0.07806363701820374,0.264874,1.4691,0.294342,0.6986,,,5.08197,-0.0000999029,-0.000679999,999,,,,,,,6.800000000000001,6.800000000000001,7,7,,,,,,,,,,,,,,,,,,,"Kohl Franklin","sa3008335",681673
"Anthony Solometo","PIT",0.0483,0.0726,0.065,4.93866,0.1994,0.1704,0,0,,1,4.494,1.0793,0.5909,0.54874,0.129778,0.4742,,0.0523,0.6753,6.0777,4.2678,1.42408,1.168,0.150267,0.105518,0.044748544692993164,0.272035,1.5535,0.300252,0.7017,,,5.08249,-0.0000999029,-0.000679999,999,,,,,,,6.800000000000001,6.800000000000001,7,7,,,,,,,,,,,,,,,,,,,"Anthony Solometo","sa3018259",696143
"Lucas Knowles","WSN",0.048,0.0673,0.0508,4.7412,0.389,0.13,0,0,,1,4.404,1.0491,0.5667,0.5268,0.145667,0.4142,,0.0446,0.6748,6.0732,3.7278,1.62916,1.311,0.153224,0.0940509,0.05917347967624664,0.265918,1.4633,0.289123,0.711945,,,5.08695,-0.0000999029,-0.000679999,999,,,,,,,6.800000000000001,6.800000000000001,7,7,,,,,,,,,,,,,,,,,,,"Lucas Knowles","sa3011676",686731
"Evan McKendry","MIL",0.048,0.0684,0.05,4.95099,0.356,0.137,0,0,,1,4.355,1.0762,0.5863,0.55011,0.177778,0.3002,,0.0498,0.7197,6.4773,2.7018,2.3974,1.6,0.165258,0.0689323,0.0963260605931282,0.268714,1.3764,0.289112,0.700747,,,5.08819,-0.0000999029,-0.000679999,999,,,,,,,6.800000000000001,6.800000000000001,7,7,,,,,,,,,,,,,,,,,,,"Evan McKendry","sa3010787",679928
"Sean Sullivan","COL",0.0473,0.0744,0.0623,5.19642,0.1754,0.1754,0,0,,1,4.355,1.1116,0.6121,0.57738,0.189556,0.2851,,0.0427,0.7588,6.8292,2.5659,2.66152,1.706,0.174237,0.065465,0.10877153277397156,0.276023,1.3967,0.299477,0.693525,,,5.0965,-0.0000999029,-0.000679999,999,,,,,,,6.800000000000001,6.800000000000001,7,7,,,,,,,,,,,,,,,,,,,"Sean Sullivan","sa3023162",807743
"Kyle Luckham","WSN",0.0479,0.0732,0.0663,4.92507,0.1886,0.1726,0,0,,1,4.372,1.1294,0.5894,0.54723,0.152444,0.3013,,0.05,0.5507,4.9563,2.7117,1.82775,1.372,0.125961,0.0689158,0.057044826447963715,0.280896,1.4307,0.294481,0.691132,,,5.10076,-0.0000999029,-0.000679999,999,,,,,,,6.800000000000001,6.800000000000001,7,7,,,,,,,,,,,,,,,,,,,"Kyle Luckham","sa3020378",680734
"Billy Corcoran","ARI",0.0503,0.0711,0.0618,5.2227,0.1754,0.1754,0,0,,1,4.435,1.1317,0.6199,0.5803,0.155667,0.3534,,0.0463,0.6435,5.7915,3.1806,1.82088,1.401,0.145096,0.0796843,0.06541149318218231,0.28045,1.4851,0.301605,0.682783,,,5.10225,-0.0000999029,-0.000679999,999,,,,,,,6.800000000000001,6.800000000000001,7,7,,,,,,,,,,,,,,,,,,,"Billy Corcoran","sa3020172",682225
"Drake Fellows","PIT",0.0452,0.0712,0.0476,5.12784,0.3593,0.1363,0,0,,1,4.5,1.0861,0.611,0.56976,0.137222,0.478,,0.0437,0.7064,6.3576,4.302,1.47782,1.235,0.156978,0.106222,0.05075555294752121,0.273006,1.5641,0.302703,0.694685,,,5.10267,-0.0000999029,-0.000679999,999,,,,,,,6.800000000000001,6.800000000000001,7,7,,,,,,,,,,,,,,,,,,,"Drake Fellows","sa3015208",666148
"Abdiel Mendoza","MIL",0.0463,0.0661,0.0383,4.96557,0.4921,0.1081,0,0,,1,4.442,1.0847,0.5929,0.55173,0.149778,0.3976,,0.0577,0.6875,6.1875,3.5784,1.72912,1.348,0.154773,0.0895092,0.06526339054107666,0.27208,1.4823,0.296855,0.698878,,,5.10449,-0.0000999029,-0.000679999,999,,,,,,,6.800000000000001,6.800000000000001,7,7,,,,,,,,,,,,,,,,,,,"Abdiel Mendoza","sa916829",665959
"Nate Peterson","MIL",0.0491,0.0691,0.0572,4.9023,0.2892,0.1512,0,0,,1,4.436,1.0455,0.5823,0.5447,0.159667,0.4336,,0.0375,0.7696,6.9264,3.9024,1.77491,1.437,0.17349,0.0977457,0.0757439061999321,0.263689,1.4791,0.291812,0.714259,,,5.11625,-0.0000999029,-0.000679999,999,,,,,,,6.800000000000001,6.800000000000001,7,7,,,,,,,,,,,,,,,,,,,"Nate Peterson","sa3020804",685396
"Logan Shore","SFG",0.0471,0.0745,0.0644,5.08824,0.1754,0.1754,0,0,,1,4.413,1.0913,0.6029,0.56536,0.166444,0.3378,,0.045,0.6786,6.1074,3.0402,2.00888,1.498,0.153773,0.0765466,0.07722638547420502,0.270781,1.4291,0.290364,0.690758,,,5.12146,-0.0000999029,-0.000679999,999,,,,,,,6.800000000000001,6.800000000000001,7,7,,,,,,,,,,,,,,,,,,,"Logan Shore","sa738442",624519
"Thomas White","MIA",0.0457,0.076,0.0669,4.95747,0.1754,0.1754,0,0,,1,4.505,1.0541,0.5926,0.55083,0.134556,0.5076,,0.0499,0.7302,6.5718,4.5684,1.43853,1.211,0.162087,0.112675,0.04941175878047943,0.26703,1.5617,0.298288,0.705661,,,5.1278,-0.0000999029,-0.000679999,999,,,,,,,3.8000000000000003,3.8000000000000003,4,4,,,,,,,,,,,,,,,,,,,"Thomas White","sa3023268",806258
"Nick Hull","CHC",0.0474,0.067,0.0431,5.01678,0.4278,0.1218,0,0,,1,4.459,1.0599,0.5978,0.55742,0.147556,0.4505,,0.0511,0.7247,6.5223,4.0545,1.60866,1.328,0.162525,0.101032,0.06149359792470932,0.267827,1.5104,0.295722,0.699942,,,5.1401,-0.0000999029,-0.000679999,999,,,,,,,6.800000000000001,6.800000000000001,7,7,,,,,,,,,,,,,,,,,,,"Nick Hull","sa3020624",701314
"Dom Hamel","NYM",0.0533,0.0681,0.0669,4.959,0.1754,0.1754,0,0,,1,4.433,1.0159,0.5879,0.551,0.163,0.4464,,0.0426,0.8059,7.2531,4.0176,1.80533,1.467,0.181796,0.100699,0.08109631389379501,0.257581,1.4623,0.286679,0.708533,,,5.14068,-0.0000999029,-0.000679999,999,,,,,,,6.800000000000001,6.800000000000001,7,7,,,,,,,,,,,,,,,,,,,"Dom Hamel","sa3017949",687589
"Will Bednar","SFG",0.0459,0.0693,0.0454,5.01534,0.4005,0.1275,0,0,,1,4.514,0.9766,0.5941,0.55726,0.148778,0.5417,,0.0598,0.8793,7.9137,4.8753,1.62322,1.339,0.194794,0.120004,0.07478953897953033,0.24961,1.5183,0.286998,0.70549,,,5.14649,-0.0000999029,-0.000679999,999,,,,,,,3.8000000000000003,3.8000000000000003,4,4,,,,,,,,,,,,,,,,,,,"Will Bednar","sa3017844",687218
"Joe Whitman","SFG",0.0476,0.0741,0.0659,5.01201,0.1754,0.1754,0,0,,1,4.496,1.0885,0.5984,0.55689,0.141,0.4415,,0.0475,0.6575,5.9175,3.9735,1.48924,1.269,0.146241,0.0981984,0.04804270714521408,0.27165,1.53,0.295309,0.699085,,,5.15148,-0.0000999029,-0.000679999,999,,,,,,,6.800000000000001,6.800000000000001,7,7,,,,,,,,,,,,,,,,,,,"Joe Whitman","sa3023131",802126
"Blake Adams","COL",0.0438,0.0778,0.0561,5.48703,0.1829,0.1739,0,0,,1,4.414,1.1817,0.6491,0.60967,0.178889,0.2999,,0.0392,0.6669,6.0021,2.6991,2.22374,1.61,0.151087,0.0679429,0.08314453810453415,0.289995,1.4816,0.310553,0.676194,,,5.17554,-0.0000999029,-0.000679999,999,,,,,,,6.800000000000001,6.800000000000001,7,7,,,,,,,,,,,,,,,,,,,"Blake Adams","sa3020174",687060
"Jackson Ferris","LAD",0.0562,0.0649,0.0677,4.91931,0.1754,0.1754,0,0,,1,4.464,1.0261,0.5864,0.54659,0.154333,0.488,,0.0524,0.8088,7.2792,4.392,1.65738,1.389,0.181183,0.109319,0.07186379283666611,0.26152,1.5141,0.294469,0.714697,,,5.17641,-0.0000999029,-0.000679999,999,,,,,,,6.800000000000001,6.800000000000001,7,7,,,,,,,,,,,,,,,,,,,"Jackson Ferris","sa3020891",701328
"Ian Bedell","STL",0.0498,0.0712,0.0637,5.03028,0.1944,0.1714,0,0,,1,4.42,1.0542,0.596,0.55892,0.163556,0.3948,,0.0545,0.7306,6.5754,3.5532,1.85056,1.472,0.165294,0.0893213,0.07597284018993378,0.265495,1.449,0.289495,0.699168,,,5.1794,-0.0000999029,-0.000679999,999,,,,,,,6.800000000000001,6.800000000000001,7,7,,,,,,,,,,,,,,,,,,,"Ian Bedell","sa3014538",678016
"Brayan Mendoza","MIA",0.0444,0.0761,0.0615,5.04864,0.2167,0.1667,0,0,,1,4.502,1.1037,0.6039,0.56096,0.135889,0.458,,0.0514,0.6376,5.7384,4.122,1.39214,1.223,0.141626,0.101733,0.039893388748168945,0.276436,1.5617,0.300645,0.698382,,,5.18604,-0.0000999029,-0.000679999,999,,,,,,,6.800000000000001,6.800000000000001,7,7,,,,,,,,,,,,,,,,,,,"Brayan Mendoza","sa3015477",694207
"Chris Campos","LAD",0.0541,0.0643,0.0563,5.02317,0.276,0.154,0,0,,1,4.372,1.05,0.5935,0.55813,0.183667,0.3585,,0.0402,0.7814,7.0326,3.2265,2.17964,1.653,0.178728,0.0819991,0.09672918915748596,0.264264,1.4085,0.287987,0.707854,,,5.18745,-0.0000999029,-0.000679999,999,,,,,,,6.800000000000001,6.800000000000001,7,7,,,,,,,,,,,,,,,,,,,"Chris Campos","sa3020396",702318
"Jack Wenninger","NYM",0.0513,0.0685,0.0604,5.049,0.2282,0.1642,0,0,,1,4.474,1.0664,0.6017,0.561,0.150778,0.4505,,0.0471,0.7154,6.4386,4.0545,1.58801,1.357,0.159902,0.100693,0.05920875072479248,0.268182,1.5169,0.294391,0.700867,,,5.18859,-0.0000999029,-0.000679999,999,,,,,,,6.800000000000001,6.800000000000001,7,7,,,,,,,,,,,,,,,,,,,"Jack Wenninger","sa3023282",811307
"T.J. Sikkema","CIN",0.0496,0.0701,0.0591,5.05773,0.2389,0.1619,0,0,,1,4.451,1.1013,0.6031,0.56197,0.161667,0.3838,,0.0639,0.7106,6.3954,3.4542,1.85149,1.455,0.15965,0.0862278,0.07342169433832169,0.275098,1.4851,0.300103,0.700686,,,5.19005,-0.0000999029,-0.000679999,999,,,,,,,6.800000000000001,6.800000000000001,7,7,,,,,,,,,,,,,,,,,,,"T.J. Sikkema","sa3011191",674674
"Jordan Geber","NYM",0.0506,0.067,0.0531,5.04648,0.309,0.147,0,0,,1,4.413,1.0967,0.5996,0.56072,0.166,0.3485,,0.0457,0.6524,5.8716,3.1365,1.87202,1.494,0.147836,0.0789712,0.06886471807956696,0.272892,1.4452,0.290807,0.69723,,,5.20228,-0.0000999029,-0.000679999,999,,,,,,,6.800000000000001,6.800000000000001,7,7,,,,,,,,,,,,,,,,,,,"Jordan Geber","sa3019958",802363
"Dustin Saenz","WSN",0.0488,0.0727,0.0689,4.85793,0.1754,0.1754,0,0,,1,4.399,1.1041,0.5814,0.53977,0.149889,0.3564,,0.0454,0.5582,5.0238,3.2076,1.56622,1.349,0.126892,0.0810184,0.04587406665086746,0.276218,1.4605,0.290112,0.702911,,,5.20404,-0.0000999029,-0.000679999,999,,,,,,,6.800000000000001,6.800000000000001,7,7,,,,,,,,,,,,,,,,,,,"Dustin Saenz","sa3017610",685010
"Jared Karros","LAD",0.0549,0.0663,0.0644,5.08608,0.1754,0.1754,0,0,,1,4.382,1.0613,0.6007,0.56512,0.184778,0.3594,,0.0383,0.7781,7.0029,3.2346,2.165,1.663,0.177567,0.0820173,0.09554997086524963,0.266371,1.4207,0.290103,0.705673,,,5.20549,-0.0000999029,-0.000679999,999,,,,,,,6.800000000000001,6.800000000000001,7,7,,,,,,,,,,,,,,,,,,,"Jared Karros","sa3020859",689042
"Felipe De La Cruz","NYM",0.0538,0.0673,0.0683,4.85631,0.182,0.174,0,0,,1,4.485,1.039,0.5808,0.53959,0.142444,0.4918,,0.0477,0.712,6.408,4.4262,1.44774,1.282,0.158751,0.109654,0.04909699410200119,0.263338,1.5308,0.290048,0.713547,,,5.21276,-0.0000999029,-0.000679999,999,,,,,,,6.800000000000001,6.800000000000001,7,7,,,,,,,,,,,,,,,,,,,"Felipe De La Cruz","sa3016065",700370
"Gabe Morales","SDP",0.0518,0.0696,0.069,4.851,0.1754,0.1754,0,0,,1,4.484,0.9952,0.5792,0.539,0.142778,0.5597,,0.042,0.806,7.254,5.0373,1.44006,1.285,0.17975,0.124822,0.05492863059043884,0.256343,1.5549,0.29058,0.720068,,,5.21569,-0.0000999029,-0.000679999,999,,,,,,,3.8000000000000003,3.8000000000000003,4,4,,,,,,,,,,,,,,,,,,,"Gabe Morales","sa3002781",672385
"Moisés Chace","PHI",0.0516,0.0674,0.0593,4.93344,0.2579,0.1579,0,0,,1,4.471,0.9517,0.5859,0.54816,0.154222,0.5658,,0.0528,0.9051,8.1459,5.0922,1.59968,1.388,0.202438,0.126549,0.07588905096054077,0.247041,1.5175,0.285519,0.715741,,,5.21697,-0.0000999029,-0.000679999,749.7999877929688,,,,,,,3.8000000000000003,3.8000000000000003,4,4,,,,,,,,,,,,,,,,,,,"Moises Chace","sa3015346",691330
"Jake Bennett","WSN",0.0483,0.0733,0.0678,4.91319,0.1754,0.1754,0,0,,1,4.456,1.0681,0.5877,0.54591,0.142222,0.4558,,0.0463,0.6523,5.8707,4.1022,1.43111,1.28,0.146387,0.102289,0.044097840785980225,0.270138,1.5239,0.293057,0.706679,,,5.21707,-0.0000999029,-0.000679999,999,,,,,,,6.800000000000001,6.800000000000001,7,7,,,,,,,,,,,,,,,,,,,"Jake Bennett","sa3020737",687562
"Owen Murphy","ATL",0.053,0.0684,0.0619,5.21559,0.1754,0.1754,0,0,,1,4.46,1.0468,0.6157,0.57951,0.169,0.451,,0.0423,0.8103,7.2927,4.059,1.79667,1.521,0.181682,0.101121,0.08056054264307022,0.263897,1.4978,0.293834,0.699413,,,5.22278,-0.0000999029,-0.000679999,999,,,,,,,6.800000000000001,6.800000000000001,7,7,,,,,,,,,,,,,,,,,,,"Owen Murphy","sa3020330",702566
"Evan Fitterer","MIA",0.0439,0.0779,0.0643,5.0931,0.1754,0.1754,0,0,,1,4.548,1.0904,0.6121,0.5659,0.122111,0.5257,,0.0629,0.6476,5.8284,4.7313,1.23188,1.099,0.142392,0.115589,0.026802994310855865,0.275395,1.6161,0.303568,0.69474,,,5.22452,-0.0000999029,-0.000679999,999,,,,,,,3.8000000000000003,3.8000000000000003,4,4,,,,,,,,,,,,,,,,,,,"Evan Fitterer","sa3011433",683157
"Brett Wichrowski","MIL",0.0481,0.0735,0.064,5.11137,0.1754,0.1754,0,0,,1,4.446,1.0628,0.6068,0.56793,0.165111,0.4151,,0.0552,0.748,6.732,3.7359,1.80198,1.486,0.168241,0.0933648,0.07487629354000092,0.267324,1.4779,0.293114,0.6987,,,5.22782,-0.0000999029,-0.000679999,999,,,,,,,6.800000000000001,6.800000000000001,7,7,,,,,,,,,,,,,,,,,,,"Brett Wichrowski","sa3023366",814489
"Ian Mejia","ATL",0.0522,0.069,0.0604,5.26482,0.182,0.174,0,0,,1,4.458,1.0995,0.6235,0.58498,0.165778,0.4006,,0.0472,0.7124,6.4116,3.6054,1.77833,1.492,0.159803,0.0898609,0.0699416846036911,0.274176,1.5001,0.298121,0.691319,,,5.24019,-0.0000999029,-0.000679999,999,,,,,,,6.800000000000001,6.800000000000001,7,7,,,,,,,,,,,,,,,,,,,"Ian Mejia","sa3019911",681256
"Cesar Perdomo","SFG",0.0451,0.0695,0.0438,5.07222,0.4195,0.1235,0,0,,1,4.52,1.0893,0.6049,0.56358,0.141556,0.4654,,0.0466,0.6505,5.8545,4.1886,1.39772,1.274,0.143916,0.102965,0.040951333940029144,0.271781,1.5547,0.294702,0.700173,,,5.2417,-0.0000999029,-0.000679999,999,,,,,,,6.800000000000001,6.800000000000001,7,7,,,,,,,,,,,,,,,,,,,"Cesar Perdomo","sa3019248",702885
"Roman Angelo","ARI",0.0496,0.0718,0.06,5.2884,0.182,0.174,0,0,,1,4.508,1.0851,0.628,0.5876,0.147333,0.4748,,0.0519,0.7094,6.3846,4.2732,1.4941,1.326,0.157365,0.105324,0.052040815353393555,0.272549,1.5599,0.300127,0.688443,,,5.24311,-0.0000999029,-0.000679999,999,,,,,,,6.800000000000001,6.800000000000001,7,7,,,,,,,,,,,,,,,,,,,"Roman Angelo","sa3022737",809109
"Hyun-il Choi","WSN",0.0471,0.0738,0.0633,5.03055,0.1994,0.1704,0,0,,1,4.385,1.0751,0.5968,0.55895,0.168667,0.3402,,0.0604,0.6576,5.9184,3.0618,1.93298,1.518,0.149966,0.0775827,0.07238311320543289,0.269827,1.4153,0.287015,0.694134,,,5.24575,-0.0000999029,-0.000679999,999,,,,,,,6.800000000000001,6.800000000000001,7,7,,,,,,,,,,,,,,,,,,,"Hyun-il Choi","sa3009992",683425
"Travis Sykora","WSN",0.0467,0.0749,0.0646,5.07924,0.1754,0.1754,0,0,,1,4.474,1.0311,0.6042,0.56436,0.150444,0.5074,,0.0429,0.7595,6.8355,4.5666,1.49685,1.354,0.169759,0.113411,0.0563478022813797,0.262788,1.5385,0.292212,0.703604,,,5.25416,-0.0000999029,-0.000679999,999,,,,,,,3.8000000000000003,3.8000000000000003,4,4,,,,,,,,,,,,,,,,,,,"Travis Sykora","sa3023557",805809
"Po-Yu Chen","PIT",0.0452,0.076,0.06,5.25681,0.1886,0.1726,0,0,,1,4.477,1.1303,0.6252,0.58409,0.150444,0.3913,,0.0571,0.6055,5.4495,3.5217,1.54741,1.354,0.135247,0.0874023,0.0478445440530777,0.280569,1.5216,0.299407,0.683764,,,5.25646,-0.0000999029,-0.000679999,999,,,,,,,6.800000000000001,6.800000000000001,7,7,,,,,,,,,,,,,,,,,,,"Po-Yu Chen","sa3014699",696040
"Logan Clayton","ARI",0.0477,0.0724,0.0539,5.40954,0.2274,0.1644,0,0,,1,4.498,1.1603,0.643,0.60106,0.149667,0.401,,0.0452,0.5969,5.3721,3.609,1.48853,1.347,0.132703,0.0891507,0.0435526967048645,0.286367,1.5613,0.305768,0.679333,,,5.25695,-0.0000999029,-0.000679999,999,,,,,,,6.800000000000001,6.800000000000001,7,7,,,,,,,,,,,,,,,,,,,"Logan Clayton","sa3020890",700875
"Riley Frey","ATL",0.0521,0.067,0.0564,5.16402,0.2529,0.1589,0,0,,1,4.497,1.1209,0.6155,0.57378,0.147889,0.4405,,0.0416,0.6384,5.7456,3.9645,1.44926,1.331,0.141961,0.0979542,0.04400712251663208,0.279185,1.5614,0.301371,0.698413,,,5.25854,-0.0000999029,-0.000679999,999,,,,,,,6.800000000000001,6.800000000000001,7,7,,,,,,,,,,,,,,,,,,,"Riley Frey","sa3022909",811319
"Adam Maier","ATL",0.0512,0.0703,0.0599,5.32404,0.1754,0.1754,0,0,,1,4.515,1.15,0.6353,0.59156,0.144444,0.4348,,0.0469,0.615,5.535,3.9132,1.41444,1.3,0.136213,0.0963012,0.039911411702632904,0.285126,1.5848,0.307147,0.686761,,,5.25936,-0.0000999029,-0.000679999,999,,,,,,,6.800000000000001,6.800000000000001,7,7,,,,,,,,,,,,,,,,,,,"Adam Maier","sa3020883",683264
"Seth Shuman","WSN",0.0466,0.0748,0.0633,5.10138,0.1845,0.1735,0,0,,1,4.383,1.0931,0.6044,0.56682,0.173111,0.3299,,0.0498,0.6474,5.8266,2.9691,1.96241,1.558,0.147707,0.0752681,0.07243897765874863,0.27305,1.423,0.289051,0.69335,,,5.26122,-0.0000999029,-0.000679999,999,,,,,,,6.800000000000001,6.800000000000001,7,7,,,,,,,,,,,,,,,,,,,"Seth Shuman","sa3011187",670234
"Tyler Woessner","MIL",0.0455,0.069,0.0416,5.12541,0.4261,0.1221,0,0,,1,4.488,1.0638,0.61,0.56949,0.154556,0.4766,,0.0439,0.7333,6.5997,4.2894,1.53861,1.391,0.163391,0.106194,0.0571969673037529,0.268129,1.5404,0.295243,0.702707,,,5.2706,-0.0000999029,-0.000679999,999,,,,,,,6.800000000000001,6.800000000000001,7,7,,,,,,,,,,,,,,,,,,,"Tyler Woessner","sa3020171",681216
"Sean Sullivan","PIT",0.0453,0.0758,0.0584,5.28516,0.2002,0.1702,0,0,,1,4.441,1.1111,0.6244,0.58724,0.168222,0.3697,,0.0434,0.6598,5.9382,3.3273,1.78469,1.514,0.14857,0.083247,0.0653231143951416,0.275851,1.4808,0.294661,0.687712,,,5.27307,-0.0000999029,-0.000679999,999,,,,,,,6.800000000000001,6.800000000000001,7,7,,,,,,,,,,,,,,,,,,,"Sean Sullivan","sa3018185",696155
"JR Ritchie","ATL",0.0516,0.0692,0.0591,5.2929,0.1919,0.1719,0,0,,1,4.494,1.0923,0.6279,0.5881,0.158,0.4525,,0.0469,0.7224,6.5016,4.0725,1.59646,1.422,0.160748,0.10069,0.060057856142520905,0.273444,1.5448,0.300013,0.692732,,,5.27388,-0.0000999029,-0.000679999,999,,,,,,,6.800000000000001,6.800000000000001,7,7,,,,,,,,,,,,,,,,,,,"JR Ritchie","sa3020395",702275
"Jared Kollar","SDP",0.0494,0.0709,0.0609,5.07141,0.2167,0.1667,0,0,,1,4.361,1.0933,0.6004,0.56349,0.180556,0.3179,,0.0384,0.6526,5.8734,2.8611,2.05285,1.625,0.149645,0.0728961,0.07674844563007355,0.273004,1.4112,0.287792,0.699918,,,5.2774,-0.0000999029,-0.000679999,999,,,,,,,6.800000000000001,6.800000000000001,7,7,,,,,,,,,,,,,,,,,,,"Jared Kollar","sa3020439",806577
"Darlin Saladin","STL",0.049,0.0722,0.0631,5.08419,0.1911,0.1721,0,0,,1,4.462,1.0804,0.6058,0.56491,0.151889,0.4366,,0.0455,0.6536,5.8824,3.9294,1.49702,1.367,0.146481,0.0978485,0.048632897436618805,0.271464,1.517,0.292499,0.698583,,,5.28014,-0.0000999029,-0.000679999,999,,,,,,,6.800000000000001,6.800000000000001,7,7,,,,,,,,,,,,,,,,,,,"Darlin Saladin","sa3015949",692404
"Marcos Tineo","ARI",0.0488,0.0728,0.0589,5.37156,0.1754,0.1754,0,0,,1,4.525,1.0902,0.6371,0.59684,0.148556,0.4929,,0.0461,0.7168,6.4512,4.4361,1.45425,1.337,0.158409,0.108928,0.049480654299259186,0.273507,1.5831,0.301747,0.687939,,,5.2811,-0.0000999029,-0.000679999,999,,,,,,,6.800000000000001,6.800000000000001,7,7,,,,,,,,,,,,,,,,,,,"Marcos Tineo","sa3003124",673822
"Brian Gonzalez","SDP",0.0495,0.068,0.0544,4.95819,0.3131,0.1461,0,0,,1,4.446,1.023,0.5882,0.55091,0.161333,0.4705,,0.0482,0.7657,6.8913,4.2345,1.62742,1.452,0.172222,0.105825,0.06639675796031952,0.260484,1.4935,0.287197,0.714166,,,5.28851,-0.0000999029,-0.000679999,999,,,,,,,6.800000000000001,6.800000000000001,7,7,,,,,,,,,,,,,,,,,,,"Brian Gonzalez","sa828794",656473
"Julian Aguiar","CIN",0.0488,0.0727,0.0619,5.21982,0.1754,0.1754,0,0,,1,4.398,1.1094,0.619,0.57998,0.185,0.3199,,0.0602,0.7113,6.4017,2.8791,2.22351,1.665,0.161733,0.0727376,0.08899500221014023,0.276114,1.4293,0.29613,0.692387,,,5.28918,-0.0000999029,-0.000679999,999,,,,,,,6.800000000000001,6.800000000000001,7,7,,,,,,,,,,,,,,,,,,,"Julian Aguiar","30031",687924
"Gabe Mosser","PHI",0.0503,0.0708,0.0625,5.13027,0.1878,0.1728,0,0,,1,4.397,1.1122,0.6104,0.57003,0.169778,0.347,,0.0409,0.6237,5.6133,3.123,1.79741,1.528,0.141847,0.0789174,0.06292928755283356,0.277419,1.4592,0.293076,0.694877,,,5.28989,-0.0000999029,-0.000679999,999,,,,,,,6.800000000000001,6.800000000000001,7,7,,,,,,,,,,,,,,,,,,,"Gabe Mosser","sa3006834",682077
"Adam Oller","MIA",0.0436,0.0782,0.062,5.21352,0.1754,0.1754,0,0,,1,4.444,1.0609,0.6157,0.57928,0.172444,0.4254,,0.0442,0.7622,6.8598,3.8286,1.79173,1.552,0.171512,0.0957246,0.07578758150339127,0.266933,1.4863,0.292279,0.699346,,,5.29266,-0.0000999029,-0.000679999,999,,,,,,,6.800000000000001,6.800000000000001,7,7,,,,,,,,,,,,,,,,,,,"Adam Oller","20132",670124
"Braden Nett","SDP",0.0499,0.0714,0.0647,5.03559,0.1837,0.1737,0,0,,1,4.483,1.011,0.5996,0.55951,0.15,0.5376,,0.0464,0.7867,7.0803,4.8384,1.46336,1.35,0.175485,0.11992,0.0555654838681221,0.259297,1.5486,0.290653,0.70895,,,5.29508,-0.0000999029,-0.000679999,999,,,,,,,3.8000000000000003,3.8000000000000003,4,4,,,,,,,,,,,,,,,,,,,"Braden Nett","sa3020336",804556
"Blane Abeyta","ATL",0.051,0.0688,0.0557,5.30505,0.2274,0.1644,0,0,,1,4.448,1.1454,0.6293,0.58945,0.167111,0.3338,,0.0604,0.6131,5.5179,3.0042,1.83673,1.504,0.137837,0.075045,0.06279227137565613,0.28255,1.4792,0.298843,0.682517,,,5.29532,-0.0000999029,-0.000679999,999,,,,,,,6.800000000000001,6.800000000000001,7,7,,,,,,,,,,,,,,,,,,,"Blane Abeyta","sa3014975",686588
"Cedric De Grandpre","ATL",0.0508,0.0701,0.0575,5.36076,0.1961,0.1711,0,0,,1,4.498,1.1333,0.637,0.59564,0.156444,0.4206,,0.0483,0.6532,5.8788,3.7854,1.55302,1.408,0.14522,0.0935082,0.05171186476945877,0.281279,1.5539,0.303423,0.686879,,,5.30056,-0.0000999029,-0.000679999,999,,,,,,,6.800000000000001,6.800000000000001,7,7,,,,,,,,,,,,,,,,,,,"Cedric De Grandpre","sa3020315",678142
"Miguel Cienfuegos","SDP",0.0498,0.0696,0.0605,4.9536,0.2455,0.1605,0,0,,1,4.431,1.115,0.5927,0.5504,0.150778,0.3804,,0.0494,0.5564,5.0076,3.4236,1.46267,1.357,0.12557,0.0858497,0.039720140397548676,0.278666,1.4954,0.292719,0.702867,,,5.30319,-0.0000999029,-0.000679999,999,,,,,,,6.800000000000001,6.800000000000001,7,7,,,,,,,,,,,,,,,,,,,"Miguel Cienfuegos","sa3020816",800550
"Victor Lizarraga","SDP",0.0496,0.0719,0.0645,5.08266,0.1754,0.1754,0,0,,1,4.437,1.0447,0.6031,0.56474,0.164556,0.4307,,0.0588,0.7354,6.6186,3.8763,1.70745,1.481,0.165743,0.0970701,0.0686725378036499,0.264649,1.4754,0.288805,0.70063,,,5.3034,-0.0000999029,-0.000679999,999,,,,,,,6.800000000000001,6.800000000000001,7,7,,,,,,,,,,,,,,,,,,,"Victor Lizarraga","sa3015220",694205
"Sam Benschoter","CIN",0.0464,0.0681,0.04,5.21901,0.4261,0.1221,0,0,,1,4.452,1.0693,0.6186,0.57989,0.177,0.4113,,0.0584,0.7836,7.0524,3.7017,1.90518,1.593,0.176011,0.0923854,0.08362533152103424,0.268513,1.4806,0.295297,0.699221,,,5.30938,-0.0000999029,-0.000679999,999,,,,,,,6.800000000000001,6.800000000000001,7,7,,,,,,,,,,,,,,,,,,,"Sam Benschoter","sa3017639",680397
"Jose Rodriguez","LAD",0.0508,0.0636,0.042,5.1759,0.4203,0.1233,0,0,,1,4.47,1.0576,0.6139,0.5751,0.166333,0.4657,,0.0435,0.7719,6.9471,4.1913,1.6575,1.497,0.172685,0.104183,0.06850111484527588,0.267017,1.5233,0.294871,0.704724,,,5.31261,-0.0000999029,-0.000679999,999,,,,,,,6.800000000000001,6.800000000000001,7,7,,,,,,,,,,,,,,,,,,,"Jose Rodriguez","sa3015437",692064
"Garrett Baumann","ATL",0.0509,0.0703,0.0587,5.3505,0.1837,0.1737,0,0,,1,4.502,1.1484,0.6372,0.5945,0.151778,0.4166,,0.0476,0.6091,5.4819,3.7494,1.46207,1.366,0.135295,0.0925367,0.042758770287036896,0.284412,1.565,0.304134,0.685983,,,5.31399,-0.0000999029,-0.000679999,999,,,,,,,6.800000000000001,6.800000000000001,7,7,,,,,,,,,,,,,,,,,,,"Garrett Baumann","sa3023310",803833
"Ike Buxton","MIA",0.0423,0.0796,0.0608,5.27454,0.1754,0.1754,0,0,,1,4.533,1.102,0.6295,0.58606,0.141,0.4935,,0.0528,0.6616,5.9544,4.4415,1.34063,1.269,0.145952,0.108868,0.03708361089229584,0.276419,1.5955,0.301812,0.690938,,,5.31518,-0.0000999029,-0.000679999,999,,,,,,,6.800000000000001,6.800000000000001,7,7,,,,,,,,,,,,,,,,,,,"Ike Buxton","sa3020180",702034
"Dylan Carmouche","SFG",0.0461,0.0749,0.0616,5.14296,0.1961,0.1711,0,0,,1,4.524,1.0809,0.6122,0.57144,0.147444,0.4779,,0.0425,0.6625,5.9625,4.3011,1.38627,1.327,0.146441,0.105637,0.040804602205753326,0.269982,1.5588,0.292284,0.699952,,,5.31946,-0.0000999029,-0.000679999,999,,,,,,,6.800000000000001,6.800000000000001,7,7,,,,,,,,,,,,,,,,,,,"Dylan Carmouche","sa3023412",694581
"Andrew Quezada","COL",0.0416,0.0777,0.0473,5.60529,0.2653,0.1563,0,0,,1,4.498,1.2209,0.6674,0.62281,0.157222,0.3646,,0.0456,0.5594,5.0346,3.2814,1.53428,1.415,0.124366,0.0810582,0.043308138847351074,0.298669,1.5855,0.315521,0.672409,,,5.32217,-0.0000999029,-0.000679999,999,,,,,,,6.800000000000001,6.800000000000001,7,7,,,,,,,,,,,,,,,,,,,"Andrew Quezada","sa3009858",676768
"Avery Short","ARI",0.0495,0.0719,0.0602,5.2758,0.1829,0.1739,0,0,,1,4.508,1.1451,0.6284,0.5862,0.144556,0.427,,0.0468,0.5724,5.1516,3.843,1.34052,1.301,0.126974,0.0947205,0.032253772020339966,0.283848,1.5721,0.301619,0.688972,,,5.3223,-0.0000999029,-0.000679999,999,,,,,,,6.800000000000001,6.800000000000001,7,7,,,,,,,,,,,,,,,,,,,"Avery Short","sa3011712",683008
"Shane Rademacher","SFG",0.0433,0.07,0.0381,5.26329,0.4657,0.1137,0,0,,1,4.541,1.1017,0.6272,0.58481,0.143556,0.4884,,0.0402,0.647,5.823,4.3956,1.32473,1.292,0.14248,0.107553,0.03492623567581177,0.274574,1.5901,0.29739,0.693172,,,5.3245,-0.0000999029,-0.000679999,999,,,,,,,6.800000000000001,6.800000000000001,7,7,,,,,,,,,,,,,,,,,,,"Shane Rademacher","sa3023258",815780
"Carlson Reed","PIT",0.0446,0.0771,0.06,5.31432,0.1754,0.1754,0,0,,1,4.556,1.0912,0.6333,0.59048,0.137111,0.5347,,0.0454,0.6794,6.1146,4.8123,1.27062,1.234,0.149122,0.117362,0.0317603200674057,0.274454,1.6259,0.301985,0.692217,,,5.33042,-0.0000999029,-0.000679999,999,,,,,,,3.8000000000000003,3.8000000000000003,4,4,,,,,,,,,,,,,,,,,,,"Carlson Reed","sa3022793",694788
"Justin Jarvis","LAD",0.051,0.064,0.0429,5.18265,0.3972,0.1282,0,0,,1,4.406,1.0617,0.6109,0.57585,0.188444,0.3811,,0.039,0.7703,6.9327,3.4299,2.02125,1.696,0.17483,0.0864957,0.0883340835571289,0.266364,1.4428,0.288474,0.705611,,,5.33596,-0.0000999029,-0.000679999,999,,,,,,,6.800000000000001,6.800000000000001,7,7,,,,,,,,,,,,,,,,,,,"Justin Jarvis","sa3007775",680691
"Nick Dombkowski","PIT",0.0447,0.0715,0.0457,5.20065,0.3659,0.1349,0,0,,1,4.47,1.0962,0.615,0.57785,0.161667,0.419,,0.0386,0.6502,5.8518,3.771,1.55179,1.455,0.145459,0.093736,0.05172260105609894,0.273203,1.5152,0.291993,0.698443,,,5.34055,-0.0000999029,-0.000679999,999,,,,,,,6.800000000000001,6.800000000000001,7,7,,,,,,,,,,,,,,,,,,,"Nick Dombkowski","sa3017201",694298
"Austin Love","STL",0.0477,0.0739,0.0619,5.21865,0.1754,0.1754,0,0,,1,4.496,1.0972,0.6214,0.57985,0.151222,0.4567,,0.0474,0.6478,5.8302,4.1103,1.41844,1.361,0.144084,0.101579,0.04250446707010269,0.274857,1.5539,0.296278,0.694761,,,5.34907,-0.0000999029,-0.000679999,999,,,,,,,6.800000000000001,6.800000000000001,7,7,,,,,,,,,,,,,,,,,,,"Austin Love","sa3017609",676153
"Christian Romero","LAD",0.0517,0.0662,0.0516,5.20038,0.2983,0.1493,0,0,,1,4.463,1.1232,0.62,0.57782,0.161,0.3852,,0.0607,0.6229,5.6061,3.4668,1.61708,1.449,0.13957,0.0863097,0.05326014757156372,0.279605,1.5084,0.2976,0.69244,,,5.35138,-0.0000999029,-0.000679999,999,,,,,,,6.800000000000001,6.800000000000001,7,7,,,,,,,,,,,,,,,,,,,"Christian Romero","sa3016260",699071
"Derek Diamond","PIT",0.0438,0.077,0.056,5.38146,0.2084,0.1684,0,0,,1,4.47,1.1757,0.6396,0.59794,0.157778,0.3563,,0.0404,0.5244,4.7196,3.2067,1.47179,1.42,0.117315,0.0797092,0.037606269121170044,0.288636,1.532,0.300173,0.680644,,,5.35889,-0.0000999029,-0.000679999,999,,,,,,,6.800000000000001,6.800000000000001,7,7,,,,,,,,,,,,,,,,,,,"Derek Diamond","sa3020470",682981
"Chris Kachmar","CHC",0.0478,0.0723,0.0573,5.20938,0.2282,0.1642,0,0,,1,4.419,1.0563,0.6143,0.57882,0.180778,0.3894,,0.0493,0.7357,6.6213,3.5046,1.88932,1.627,0.166486,0.0881195,0.07836613804101944,0.265382,1.4457,0.285761,0.697126,,,5.36129,-0.0000999029,-0.000679999,999,,,,,,,6.800000000000001,6.800000000000001,7,7,,,,,,,,,,,,,,,,,,,"Chris Kachmar","sa1170503",690148
"Jay Groome","SDP",0.0502,0.0713,0.0657,5.022,0.1754,0.1754,0,0,,1,4.474,1.0219,0.5965,0.558,0.159111,0.5057,,0.0472,0.7557,6.8013,4.5513,1.49436,1.432,0.168909,0.113031,0.0558784082531929,0.260616,1.5276,0.286995,0.713572,,,5.38222,-0.0000999029,-0.000679999,999,,,,,,,3.8000000000000003,3.8000000000000003,4,4,,,,,,,,,,,,,,,,,,,"Jay Groome","sa917925",666130
"Zach Thornton","NYM",0.0507,0.0676,0.0561,5.04882,0.2826,0.1526,0,0,,1,4.513,1.1058,0.6042,0.56098,0.143333,0.4549,,0.0524,0.584,5.256,4.0941,1.2838,1.29,0.129404,0.100798,0.028606250882148743,0.276057,1.5607,0.293581,0.703292,,,5.38371,-0.0000999029,-0.000679999,999,,,,,,,6.800000000000001,6.800000000000001,7,7,,,,,,,,,,,,,,,,,,,"Zach Thornton","sa3023505",804267
"Joe Elbis","ARI",0.048,0.0736,0.0575,5.44518,0.1754,0.1754,0,0,,1,4.5,1.1347,0.6457,0.60502,0.157,0.4155,,0.0529,0.6139,5.5251,3.7395,1.4775,1.413,0.136422,0.0923333,0.04408888518810272,0.281452,1.5502,0.299844,0.679871,,,5.38488,-0.0000999029,-0.000679999,999,,,,,,,6.800000000000001,6.800000000000001,7,7,,,,,,,,,,,,,,,,,,,"Joe Elbis","sa3015216",692544
"Michael Baird","COL",0.0425,0.0776,0.049,5.62878,0.2389,0.1619,0,0,,1,4.416,1.1343,0.6598,0.62542,0.202667,0.3243,,0.0428,0.7582,6.8238,2.9187,2.33796,1.824,0.171694,0.0734375,0.09825634956359863,0.28015,1.4586,0.301691,0.679907,,,5.38605,-0.0000999029,-0.000679999,999,,,,,,,6.800000000000001,6.800000000000001,7,7,,,,,,,,,,,,,,,,,,,"Michael Baird","sa3006810",676438
"Emmett Olson","MIA",0.0426,0.0793,0.061,5.26383,0.1754,0.1754,0,0,,1,4.527,1.1215,0.6272,0.58487,0.146222,0.4674,,0.0447,0.606,5.454,4.2066,1.29653,1.316,0.133863,0.103247,0.030616305768489838,0.279334,1.5889,0.298919,0.694775,,,5.39167,-0.0000999029,-0.000679999,999,,,,,,,6.800000000000001,6.800000000000001,7,7,,,,,,,,,,,,,,,,,,,"Emmett Olson","sa3023223",801207
"Alec Gamboa","LAD",0.0521,0.0659,0.0526,5.1462,0.2934,0.1504,0,0,,1,4.496,1.1016,0.614,0.5718,0.155889,0.466,,0.0397,0.6577,5.9193,4.194,1.41137,1.403,0.146286,0.103648,0.0426379069685936,0.276069,1.5676,0.297701,0.706708,,,5.39474,-0.0000999029,-0.000679999,999,,,,,,,6.800000000000001,6.800000000000001,7,7,,,,,,,,,,,,,,,,,,,"Alec Gamboa","sa3011249",687941
"Jaxon Wiggins","CHC",0.047,0.0746,0.0608,5.27724,0.1754,0.1754,0,0,,1,4.533,1.0719,0.6288,0.58636,0.146667,0.5332,,0.0433,0.6997,6.2973,4.7988,1.31227,1.32,0.154357,0.117626,0.03673063963651657,0.270921,1.6051,0.29749,0.697473,,,5.40325,-0.0000999029,-0.000679999,999,,,,,,,3.8000000000000003,3.8000000000000003,4,4,,,,,,,,,,,,,,,,,,,"Jaxon Wiggins","sa3023635",694393
"Braeden Fausnaught","PHI",0.0508,0.0704,0.0636,5.10111,0.182,0.174,0,0,,1,4.44,1.0705,0.6057,0.56679,0.167667,0.427,,0.0404,0.6719,6.0471,3.843,1.57354,1.509,0.151329,0.0961712,0.05515764653682709,0.269471,1.4975,0.288166,0.706227,,,5.40455,-0.0000999029,-0.000679999,999,,,,,,,6.800000000000001,6.800000000000001,7,7,,,,,,,,,,,,,,,,,,,"Braeden Fausnaught","sa3020598",805634
"Chase Solesky","WSN",0.0448,0.0764,0.0595,5.24187,0.1969,0.1709,0,0,,1,4.427,1.1371,0.6234,0.58243,0.166111,0.355,,0.0398,0.5503,4.9527,3.195,1.55014,1.495,0.124305,0.0801897,0.04411565512418747,0.282005,1.4921,0.292838,0.689694,,,5.40972,-0.0000999029,-0.000679999,999,,,,,,,6.800000000000001,6.800000000000001,7,7,,,,,,,,,,,,,,,,,,,"Chase Solesky","sa3009940",686678
"Orlando Ortiz-Mayr","MIA",0.0415,0.0801,0.0581,5.35653,0.1886,0.1726,0,0,,1,4.511,1.1319,0.638,0.59517,0.152222,0.4263,,0.0603,0.5964,5.3676,3.8367,1.39901,1.37,0.13221,0.0945023,0.03770782798528671,0.281259,1.5582,0.299067,0.684118,,,5.41237,-0.0000999029,-0.000679999,999,,,,,,,6.800000000000001,6.800000000000001,7,7,,,,,,,,,,,,,,,,,,,"Orlando Ortiz-Mayr","sa3018181",689508
"Ricardo Yan","ARI",0.0476,0.074,0.0574,5.45373,0.1754,0.1754,0,0,,1,4.608,1.0874,0.6496,0.60597,0.132444,0.5789,,0.0666,0.7039,6.3351,5.2101,1.21593,1.192,0.152756,0.125629,0.027126744389533997,0.274423,1.6663,0.305473,0.686552,,,5.41696,-0.0000999029,-0.000679999,999,,,,,,,3.8000000000000003,3.8000000000000003,4,4,,,,,,,,,,,,,,,,,,,"Ricardo Yan","sa3016056",700282
"Jackson Wolf","SDP",0.05,0.0715,0.065,5.05827,0.1754,0.1754,0,0,,1,4.435,1.0499,0.5995,0.56203,0.170111,0.4329,,0.0454,0.6956,6.2604,3.8961,1.60684,1.531,0.156843,0.0976099,0.05923336744308472,0.265347,1.4828,0.28463,0.709681,,,5.42162,-0.0000999029,-0.000679999,999,,,,,,,6.800000000000001,6.800000000000001,7,7,,,,,,,,,,,,,,,,,,,"Jackson Wolf","29832",680232
"Alessandro Ercolani","PIT",0.043,0.0728,0.0422,5.38029,0.3816,0.1316,0,0,,1,4.535,1.0821,0.6372,0.59781,0.153556,0.5078,,0.0427,0.6941,6.2469,4.5702,1.36688,1.382,0.153054,0.111974,0.04108048975467682,0.271577,1.5899,0.296012,0.692912,,,5.426,-0.0000999029,-0.000679999,999,,,,,,,3.8000000000000003,3.8000000000000003,4,4,,,,,,,,,,,,,,,,,,,"Alessandro Ercolani","sa3016714",700344
"Manuel Mercedes","SFG",0.0434,0.0781,0.0591,5.337,0.182,0.174,0,0,,1,4.614,1.1649,0.6422,0.593,0.118556,0.5194,,0.0551,0.4995,4.4955,4.6746,0.961687,1.067,0.108257,0.11257,-0.004312962293624878,0.288377,1.6843,0.30582,0.68635,,,5.4322,-0.0000999029,-0.000679999,999,,,,,,,1.8000000000000003,1.8000000000000003,2,2,,,,,,,,,,,,,,,,,,,"Manuel Mercedes","sa3015214",692352
"Brycen Mautz","STL",0.0483,0.0733,0.063,5.16375,0.1754,0.1754,0,0,,1,4.519,1.0888,0.615,0.57375,0.148667,0.4788,,0.0541,0.632,5.688,4.3092,1.31997,1.338,0.139854,0.105953,0.033901311457157135,0.273149,1.5676,0.293294,0.700716,,,5.43385,-0.0000999029,-0.000679999,999,,,,,,,6.800000000000001,6.800000000000001,7,7,,,,,,,,,,,,,,,,,,,"Brycen Mautz","sa3020710",802408
"Blake Burkhalter","ATL",0.0502,0.0713,0.0572,5.45994,0.1754,0.1754,0,0,,1,4.488,1.129,0.646,0.60666,0.171222,0.4083,,0.0433,0.6514,5.8626,3.6747,1.5954,1.541,0.145143,0.0909759,0.05416667461395264,0.279705,1.5373,0.298022,0.686889,,,5.44437,-0.0000999029,-0.000679999,999,,,,,,,6.800000000000001,6.800000000000001,7,7,,,,,,,,,,,,,,,,,,,"Blake Burkhalter","sa3020382",686628
"Daniel Nunez","ARI",0.0456,0.0709,0.0424,5.56164,0.3535,0.1375,0,0,,1,4.55,1.1386,0.6591,0.61796,0.153111,0.4716,,0.0469,0.6262,5.6358,4.2444,1.32782,1.378,0.137626,0.103648,0.03397803008556366,0.282426,1.6102,0.303023,0.68138,,,5.46002,-0.0000999029,-0.000679999,999,,,,,,,6.800000000000001,6.800000000000001,7,7,,,,,,,,,,,,,,,,,,,"Daniel Nunez","sa3023597",805982
"Chen-Wei Lin","STL",0.0469,0.0747,0.0607,5.27868,0.1754,0.1754,0,0,,1,4.529,1.1062,0.6298,0.58652,0.146556,0.4851,,0.0507,0.6041,5.4369,4.3659,1.24531,1.319,0.133385,0.10711,0.026275113224983215,0.277021,1.5913,0.295954,0.693662,,,5.4709,-0.0000999029,-0.000679999,999,,,,,,,6.800000000000001,6.800000000000001,7,7,,,,,,,,,,,,,,,,,,,"Chen-Wei Lin","sa3022876",813820
"Justin Bullock","MIL",0.0458,0.0759,0.0593,5.35185,0.1754,0.1754,0,0,,1,4.427,1.1067,0.6313,0.59465,0.191444,0.3518,,0.0405,0.679,6.111,3.1662,1.93007,1.723,0.153377,0.0794669,0.07391010224819183,0.274295,1.4585,0.289248,0.694847,,,5.47416,-0.0000999029,-0.000679999,999,,,,,,,6.800000000000001,6.800000000000001,7,7,,,,,,,,,,,,,,,,,,,"Justin Bullock","sa3005213",668908
"Brian Fitzpatrick","MIL",0.0454,0.0698,0.0437,5.20902,0.3989,0.1279,0,0,,1,4.522,1.0695,0.618,0.57878,0.161778,0.4947,,0.0456,0.7061,6.3549,4.4523,1.42733,1.456,0.156148,0.109399,0.046749211847782135,0.268604,1.5642,0.291514,0.707328,,,5.47829,-0.0000999029,-0.000679999,999,,,,,,,6.800000000000001,6.800000000000001,7,7,,,,,,,,,,,,,,,,,,,"Brian Fitzpatrick","sa3020265",702153
"Cory Wall","ATL",0.0478,0.0666,0.0377,5.48037,0.4261,0.1221,0,0,,1,4.517,1.1124,0.6477,0.60893,0.168556,0.4517,,0.0453,0.6803,6.1227,4.0653,1.50609,1.517,0.150609,0.1,0.050608813762664795,0.276716,1.5641,0.297635,0.689997,,,5.4881,-0.0000999029,-0.000679999,999,,,,,,,6.800000000000001,6.800000000000001,7,7,,,,,,,,,,,,,,,,,,,"Cory Wall","sa3022944",696505
"Cale Lansville","SFG",0.0425,0.0775,0.0526,5.45571,0.2381,0.1621,0,0,,1,4.558,1.1507,0.6503,0.60619,0.147889,0.4532,,0.0484,0.5528,4.9752,4.0788,1.21977,1.331,0.121281,0.0994296,0.021851681172847748,0.283675,1.6039,0.298837,0.682676,,,5.48824,-0.0000999029,-0.000679999,999,,,,,,,6.800000000000001,6.800000000000001,7,7,,,,,,,,,,,,,,,,,,,"Cale Lansville","sa3023176",695746
"Mark Manfredi","MIL",0.0456,0.0711,0.0475,5.21082,0.3494,0.1384,0,0,,1,4.574,1.0374,0.6192,0.57898,0.151333,0.5769,,0.0563,0.769,6.921,5.1921,1.33299,1.362,0.168124,0.126126,0.041998252272605896,0.263246,1.6143,0.293354,0.709552,,,5.49541,-0.0000999029,-0.000679999,999,,,,,,,3.8000000000000003,3.8000000000000003,4,4,,,,,,,,,,,,,,,,,,,"Mark Manfredi","sa3023516",815081
"Didier Fuentes","ATL",0.0495,0.0717,0.0553,5.51988,0.1853,0.1733,0,0,,1,4.533,1.1015,0.6525,0.61332,0.167444,0.4815,,0.044,0.7093,6.3837,4.3335,1.4731,1.507,0.156475,0.106221,0.050253696739673615,0.27486,1.583,0.298348,0.689986,,,5.50116,-0.0000999029,-0.000679999,999,,,,,,,6.800000000000001,6.800000000000001,7,7,,,,,,,,,,,,,,,,,,,"Didier Fuentes","sa3018841",800311
"Austin Troesser","NYM",0.0482,0.0706,0.0513,5.34798,0.2769,0.1539,0,0,,1,4.538,1.0682,0.6342,0.59422,0.161,0.5154,,0.043,0.715,6.435,4.6386,1.38727,1.449,0.157558,0.113574,0.043984122574329376,0.268419,1.5836,0.292306,0.699013,,,5.50468,-0.0000999029,-0.000679999,999,,,,,,,3.8000000000000003,3.8000000000000003,4,4,,,,,,,,,,,,,,,,,,,"Austin Troesser","sa3023281",809340
"Grant Kipp","CHC",0.0451,0.075,0.0533,5.42889,0.2315,0.1635,0,0,,1,4.53,1.1137,0.6452,0.60321,0.156444,0.4754,,0.0508,0.6354,5.7186,4.2786,1.33656,1.408,0.140265,0.104945,0.035320088267326355,0.278161,1.5891,0.298029,0.688939,,,5.50806,-0.0000999029,-0.000679999,999,,,,,,,6.800000000000001,6.800000000000001,7,7,,,,,,,,,,,,,,,,,,,"Grant Kipp","sa3020185",805990
"Mitch Neunborn","PHI",0.0474,0.0691,0.0447,5.29758,0.3577,0.1367,0,0,,1,4.442,1.042,0.6242,0.58862,0.185556,0.4401,,0.046,0.7626,6.8634,3.9609,1.73279,1.67,0.171679,0.099077,0.07260242104530334,0.263404,1.4821,0.284746,0.701861,,,5.5118,-0.0000999029,-0.000679999,999,,,,,,,6.800000000000001,6.800000000000001,7,7,,,,,,,,,,,,,,,,,,,"Mitch Neunborn","sa3021722",666748
"Jose Cabrera","ARI",0.0462,0.0755,0.0545,5.6016,0.1754,0.1754,0,0,,1,4.556,1.1582,0.6652,0.6224,0.150667,0.4588,,0.0537,0.5729,5.1561,4.1292,1.24869,1.356,0.125746,0.100702,0.025043904781341553,0.286435,1.617,0.30348,0.676924,,,5.51685,-0.0000999029,-0.000679999,999,,,,,,,6.800000000000001,6.800000000000001,7,7,,,,,,,,,,,,,,,,,,,"Jose Cabrera","sa3018042",703615
"Eric Yost","SDP",0.0462,0.074,0.0556,5.32557,0.2274,0.1644,0,0,,1,4.505,1.1326,0.6355,0.59173,0.152667,0.4486,,0.0485,0.5627,5.0643,4.0374,1.25435,1.374,0.124906,0.0995782,0.025327414274215698,0.282592,1.5812,0.297623,0.691571,,,5.51705,-0.0000999029,-0.000679999,999,,,,,,,6.800000000000001,6.800000000000001,7,7,,,,,,,,,,,,,,,,,,,"Eric Yost","sa3022858",801293
"Chris McMahon","COL",0.0405,0.0815,0.0502,5.82543,0.1754,0.1754,0,0,,1,4.466,1.184,0.6849,0.64727,0.196778,0.3349,,0.0463,0.6733,6.0597,3.0141,2.01045,1.771,0.150761,0.0749888,0.07577250152826309,0.289855,1.5189,0.307094,0.670736,,,5.52159,-0.0000999029,-0.000679999,999,,,,,,,6.800000000000001,6.800000000000001,7,7,,,,,,,,,,,,,,,,,,,"Chris McMahon","sa3014429",675657
"Michael Cuevas","WSN",0.0435,0.0749,0.0504,5.28732,0.2934,0.1504,0,0,,1,4.502,1.1077,0.6303,0.58748,0.152,0.454,,0.0582,0.5784,5.2056,4.086,1.27401,1.368,0.128476,0.100844,0.027632176876068115,0.277633,1.5617,0.293213,0.690489,,,5.52228,-0.0000999029,-0.000679999,999,,,,,,,6.800000000000001,6.800000000000001,7,7,,,,,,,,,,,,,,,,,,,"Michael Cuevas","sa3011437",689821
"Calvin Ziegler","NYM",0.0494,0.0721,0.06,5.31909,0.1754,0.1754,0,0,,1,4.552,1.016,0.6294,0.59101,0.162667,0.5712,,0.0464,0.8054,7.2486,5.1408,1.41001,1.464,0.176933,0.125483,0.051449909806251526,0.258235,1.5872,0.287673,0.704541,,,5.52315,-0.0000999029,-0.000679999,999,,,,,,,3.8000000000000003,3.8000000000000003,4,4,,,,,,,,,,,,,,,,,,,"Calvin Ziegler","sa3018142",683349
"Gabriel Barbosa","PHI",0.0479,0.0728,0.0573,5.32107,0.2068,0.1688,0,0,,1,4.485,1.137,0.6353,0.59123,0.157778,0.4194,,0.0494,0.5486,4.9374,3.7746,1.30806,1.42,0.122319,0.0935117,0.028807133436203003,0.283103,1.5564,0.295853,0.689699,,,5.52679,-0.0000999029,-0.000679999,999,,,,,,,6.800000000000001,6.800000000000001,7,7,,,,,,,,,,,,,,,,,,,"Gabriel Barbosa","sa3009593",682858
"Connor Van Scoyoc","COL",0.0402,0.0816,0.0503,5.79141,0.1829,0.1739,0,0,,1,4.534,1.2186,0.6878,0.64349,0.164333,0.3944,,0.0533,0.5566,5.0094,3.5496,1.41126,1.479,0.122761,0.0869872,0.03577414155006409,0.298216,1.613,0.313269,0.669013,,,5.53271,-0.0000999029,-0.000679999,999,,,,,,,6.800000000000001,6.800000000000001,7,7,,,,,,,,,,,,,,,,,,,"Connor Van Scoyoc","sa3010243",681854
"Drew Parrish","CIN",0.0472,0.0718,0.0523,5.30694,0.2653,0.1563,0,0,,1,4.429,1.1001,0.6266,0.58966,0.196222,0.3651,,0.0401,0.6995,6.2955,3.2859,1.91591,1.766,0.157936,0.082434,0.07550237327814102,0.273398,1.4652,0.288956,0.704416,,,5.53397,-0.0000999029,-0.000679999,999,,,,,,,6.800000000000001,6.800000000000001,7,7,,,,,,,,,,,,,,,,,,,"Drew Parrish","sa3011395",669283
"Jack Mahoney","COL",0.04,0.0818,0.0498,5.82183,0.182,0.174,0,0,,1,4.535,1.2152,0.6906,0.64687,0.167444,0.403,,0.0455,0.5767,5.1903,3.627,1.43102,1.507,0.127166,0.0888644,0.03830208629369736,0.297369,1.6182,0.313478,0.670339,,,5.53536,-0.0000999029,-0.000679999,999,,,,,,,6.800000000000001,6.800000000000001,7,7,,,,,,,,,,,,,,,,,,,"Jack Mahoney","sa3023157",694968
"Wilkin Paredes","ARI",0.0462,0.0736,0.0507,5.55282,0.2389,0.1619,0,0,,1,4.57,1.1808,0.6601,0.61698,0.146556,0.4603,,0.0452,0.5257,4.7313,4.1427,1.14208,1.319,0.115033,0.100722,0.014310717582702637,0.290515,1.6411,0.304885,0.683185,,,5.5368,-0.0000999029,-0.000679999,999,,,,,,,6.800000000000001,6.800000000000001,7,7,,,,,,,,,,,,,,,,,,,"Wilkin Paredes","sa3020998",808051
"Michael Prosecky","COL",0.0413,0.0803,0.051,5.72229,0.1903,0.1723,0,0,,1,4.565,1.1392,0.6765,0.63581,0.168556,0.4895,,0.0537,0.7107,6.3963,4.4055,1.45189,1.517,0.155685,0.107229,0.04845563322305679,0.283256,1.6287,0.308872,0.683697,,,5.5659,-0.0000999029,-0.000679999,999,,,,,,,6.800000000000001,6.800000000000001,7,7,,,,,,,,,,,,,,,,,,,"Michael Prosecky","sa3020526",687087
"M.D. Johnson","MIA",0.0406,0.0814,0.0568,5.48172,0.1754,0.1754,0,0,,1,4.488,1.1173,0.648,0.60908,0.175222,0.3999,,0.0588,0.6265,5.6385,3.5991,1.56664,1.577,0.139594,0.0891043,0.05049020051956177,0.277294,1.5172,0.291884,0.683393,,,5.56747,-0.0000999029,-0.000679999,999,,,,,,,6.800000000000001,6.800000000000001,7,7,,,,,,,,,,,,,,,,,,,"M.D. Johnson","sa3010364",668724
"Hayden Wynja","SFG",0.0439,0.0763,0.0544,5.36769,0.2315,0.1635,0,0,,1,4.534,1.0814,0.634,0.59641,0.167444,0.4628,,0.0501,0.6562,5.9058,4.1652,1.41789,1.507,0.144729,0.102073,0.042655497789382935,0.268931,1.5442,0.285838,0.694927,,,5.56956,-0.0000999029,-0.000679999,999,,,,,,,6.800000000000001,6.800000000000001,7,7,,,,,,,,,,,,,,,,,,,"Hayden Wynja","sa3020464",676883
"Jace Kaminska","COL",0.0394,0.0824,0.0481,5.89941,0.1853,0.1733,0,0,,1,4.533,1.1995,0.697,0.65549,0.178,0.4067,,0.0459,0.6278,5.6502,3.6603,1.54364,1.602,0.138495,0.0897198,0.04877564311027527,0.293966,1.6062,0.311946,0.670007,,,5.58268,-0.0000999029,-0.000679999,999,,,,,,,6.800000000000001,6.800000000000001,7,7,,,,,,,,,,,,,,,,,,,"Jace Kaminska","sa3023222",700978
"Cameron Wagoner","MIL",0.0443,0.0771,0.0564,5.44392,0.1903,0.1723,0,0,,1,4.52,1.1251,0.647,0.60488,0.166222,0.4387,,0.056,0.6101,5.4909,3.9483,1.3907,1.496,0.134978,0.0970575,0.037920355796813965,0.279507,1.5638,0.295132,0.688759,,,5.59127,-0.0000999029,-0.000679999,999,,,,,,,6.800000000000001,6.800000000000001,7,7,,,,,,,,,,,,,,,,,,,"Cameron Wagoner","sa3019952",687726
"Sam Whiting","SDP",0.0463,0.0744,0.0559,5.37462,0.2109,0.1679,0,0,,1,4.487,1.0727,0.6358,0.59718,0.173778,0.4644,,0.0503,0.6854,6.1686,4.1796,1.47588,1.564,0.152752,0.103499,0.04925340414047241,0.270045,1.5371,0.288753,0.696624,,,5.59889,-0.0000999029,-0.000679999,999,,,,,,,6.800000000000001,6.800000000000001,7,7,,,,,,,,,,,,,,,,,,,"Sam Whiting","sa3023078",688519
"Ixan Henderson","STL",0.0463,0.074,0.056,5.31756,0.2233,0.1653,0,0,,1,4.553,1.0963,0.6321,0.59084,0.152556,0.512,,0.0476,0.6134,5.5206,4.608,1.19805,1.373,0.134724,0.112453,0.022271014750003815,0.274528,1.6083,0.292412,0.699924,,,5.6017,-0.0000999029,-0.000679999,999,,,,,,,3.8000000000000003,3.8000000000000003,4,4,,,,,,,,,,,,,,,,,,,"Ixan Henderson","sa3022953",809100
"Caden Grice","ARI",0.0465,0.0748,0.0542,5.56263,0.1903,0.1723,0,0,,1,4.643,1.0999,0.6608,0.61807,0.138444,0.6096,,0.0548,0.6783,6.1047,5.4864,1.1127,1.246,0.146091,0.131294,0.014796480536460876,0.276454,1.7095,0.30408,0.691902,,,5.60286,-0.0000999029,-0.000679999,999,,,,,,,3.8000000000000003,3.8000000000000003,4,4,,,,,,,,,,,,,,,,,,,"Caden Grice","sa3023166",694364
"Douglas Orellana","NYM",0.0485,0.0711,0.054,5.33475,0.2431,0.1611,0,0,,1,4.552,1.0295,0.6319,0.59275,0.163444,0.5618,,0.0442,0.7523,6.7707,5.0562,1.33909,1.471,0.165268,0.123418,0.04184973984956741,0.260897,1.5913,0.285803,0.704158,,,5.60466,-0.0000999029,-0.000679999,999,,,,,,,3.8000000000000003,3.8000000000000003,4,4,,,,,,,,,,,,,,,,,,,"Douglas Orellana","sa3016817",702878
"Inohan Paniagua","STL",0.0452,0.0753,0.0546,5.42664,0.215,0.167,0,0,,1,4.558,1.0944,0.6445,0.60296,0.154444,0.4945,,0.0754,0.6382,5.7438,4.4505,1.2906,1.39,0.140018,0.108491,0.03152697533369064,0.274416,1.5889,0.294154,0.687998,,,5.60756,-0.0000999029,-0.000679999,999,,,,,,,6.800000000000001,6.800000000000001,7,7,,,,,,,,,,,,,,,,,,,"Inohan Paniagua","sa3006417",681644
"Nick Dean","CHC",0.0443,0.0758,0.0516,5.52591,0.2323,0.1633,0,0,,1,4.503,1.1262,0.6538,0.61399,0.173556,0.4312,,0.0425,0.6147,5.5323,3.8808,1.42556,1.562,0.136509,0.0957584,0.040750615298748016,0.279503,1.5574,0.293931,0.68745,,,5.6144,-0.0000999029,-0.000679999,999,,,,,,,6.800000000000001,6.800000000000001,7,7,,,,,,,,,,,,,,,,,,,"Nick Dean","sa3023506",686953
"Jose Atencio","WSN",0.0433,0.078,0.0576,5.37426,0.1911,0.1721,0,0,,1,4.477,1.1483,0.6401,0.59714,0.162444,0.3953,,0.0477,0.4962,4.4658,3.5577,1.25525,1.462,0.110833,0.0882957,0.022537410259246826,0.284655,1.5436,0.292075,0.686457,,,5.61486,-0.0000999029,-0.000679999,999,,,,,,,4.800000000000001,4.800000000000001,5,5,,,,,,,,,,,,,,,,,,,"Jose Atencio","sa3010304",682719
"Luis Vargas","ATL",0.0477,0.0715,0.0474,5.62284,0.2604,0.1574,0,0,,1,4.554,1.1147,0.6643,0.62476,0.169333,0.49,,0.0455,0.6772,6.0948,4.41,1.38204,1.524,0.148704,0.107598,0.04110671579837799,0.277392,1.6047,0.298038,0.687611,,,5.61991,-0.0000999029,-0.000679999,999,,,,,,,6.800000000000001,6.800000000000001,7,7,,,,,,,,,,,,,,,,,,,"Luis Vargas","sa3009592",682855
"Gerelmi Maldonado","SFG",0.0415,0.0796,0.0527,5.5809,0.2051,0.1691,0,0,,1,4.632,1.0928,0.6632,0.6201,0.146778,0.5794,,0.0531,0.6644,5.9796,5.2146,1.1467,1.321,0.143437,0.125086,0.018350601196289062,0.273234,1.6722,0.296715,0.687934,,,5.64329,-0.0000999029,-0.000679999,999,,,,,,,3.8000000000000003,3.8000000000000003,4,4,,,,,,,,,,,,,,,,,,,"Gerelmi Maldonado","sa3016018",698965
"Jacob Steinmetz","ARI",0.0449,0.0768,0.0522,5.7204,0.1754,0.1754,0,0,,1,4.606,1.1453,0.6787,0.6356,0.149,0.5195,,0.0588,0.5965,5.3685,4.6755,1.14822,1.341,0.129505,0.112788,0.016717322170734406,0.284356,1.6648,0.303546,0.677173,,,5.64538,-0.0000999029,-0.000679999,999,,,,,,,3.8000000000000003,3.8000000000000003,4,4,,,,,,,,,,,,,,,,,,,"Jacob Steinmetz","sa3017976",700255
"J.P. Massey","PIT",0.0411,0.08,0.052,5.62329,0.2035,0.1695,0,0,,1,4.639,1.1381,0.6703,0.62481,0.134222,0.574,,0.058,0.5808,5.2272,5.166,1.01185,1.208,0.125199,0.123734,0.001465827226638794,0.284028,1.7121,0.304947,0.683511,,,5.64577,-0.0000999029,-0.000679999,999,,,,,,,3.8000000000000003,3.8000000000000003,4,4,,,,,,,,,,,,,,,,,,,"J.P. Massey","sa3020803",685364
"Wyatt Wendell","ARI",0.044,0.0738,0.0424,5.72859,0.3131,0.1461,0,0,,1,4.617,1.1606,0.6805,0.63651,0.144889,0.5172,,0.0626,0.567,5.103,4.6548,1.09629,1.304,0.122807,0.112021,0.01078622043132782,0.287476,1.6778,0.305448,0.676156,,,5.65544,-0.0000999029,-0.000679999,999,,,,,,,3.8000000000000003,3.8000000000000003,4,4,,,,,,,,,,,,,,,,,,,"Wyatt Wendell","sa3019882",690568
"Yujanyer Herrera","COL",0.0385,0.079,0.038,5.90328,0.3296,0.1426,0,0,,1,4.619,1.1964,0.7014,0.65592,0.152667,0.5074,,0.0586,0.5922,5.3298,4.5666,1.16713,1.374,0.12821,0.109851,0.018358945846557617,0.295189,1.7038,0.315505,0.672722,,,5.66475,-0.0000999029,-0.000679999,999,,,,,,,3.8000000000000003,3.8000000000000003,4,4,,,,,,,,,,,,,,,,,,,"Yujanyer Herrera","sa3015370",692632
"Jake Brooks","MIA",0.0385,0.0832,0.0519,5.67603,0.1911,0.1721,0,0,,1,4.51,1.1797,0.6713,0.63067,0.177,0.3788,,0.0465,0.5393,4.8537,3.4092,1.42371,1.593,0.119579,0.0839911,0.03558758646249771,0.288809,1.5585,0.297678,0.67689,,,5.66478,-0.0000999029,-0.000679999,999,,,,,,,6.800000000000001,6.800000000000001,7,7,,,,,,,,,,,,,,,,,,,"Jake Brooks","sa3023205",694860
"Wyatt Crowell","LAD",0.0502,0.0712,0.0567,5.49018,0.1754,0.1754,0,0,,1,4.585,1.0926,0.6514,0.61002,0.163222,0.5407,,0.062,0.7143,6.4287,4.8663,1.32107,1.469,0.155791,0.117928,0.03786258399486542,0.274364,1.6333,0.299338,0.698966,,,5.66787,-0.0000999029,-0.000679999,999,,,,,,,3.8000000000000003,3.8000000000000003,4,4,,,,,,,,,,,,,,,,,,,"Wyatt Crowell","sa3023662",694573
"Wilfredo Pereira","STL",0.0437,0.0697,0.0341,5.45265,0.4665,0.1135,0,0,,1,4.471,1.1013,0.6417,0.60585,0.186333,0.3959,,0.0494,0.6257,5.6313,3.5631,1.58045,1.677,0.139946,0.0885484,0.051397889852523804,0.273567,1.4972,0.284711,0.691965,,,5.67331,-0.0000999029,-0.000679999,999,,,,,,,6.800000000000001,6.800000000000001,7,7,,,,,,,,,,,,,,,,,,,"Wilfredo Pereira","sa917136",668579
"Esmerlin Vinicio","SFG",0.0423,0.0738,0.0426,5.39739,0.3758,0.1328,0,0,,1,4.674,1.0912,0.6449,0.59971,0.129,0.6209,,0.0669,0.6166,5.5494,5.5881,0.993075,1.161,0.131921,0.132841,-0.0009199827909469604,0.273744,1.7121,0.29692,0.696833,,,5.67368,-0.0000999029,-0.000679999,999,,,,,,,3.8000000000000003,3.8000000000000003,4,4,,,,,,,,,,,,,,,,,,,"Esmerlin Vinicio","sa3014708",691263
"Jose Acuna","CIN",0.0447,0.076,0.0512,5.61879,0.2117,0.1677,0,0,,1,4.474,1.098,0.6605,0.62431,0.207778,0.3948,,0.0534,0.7634,6.8706,3.5532,1.93364,1.87,0.17063,0.0882432,0.08238711953163147,0.272741,1.4928,0.291434,0.692481,,,5.68539,-0.0000999029,-0.000679999,999,,,,,,,6.800000000000001,6.800000000000001,7,7,,,,,,,,,,,,,,,,,,,"Jose Acuna","sa3015331",691641
"Edwin Jimenez","MIL",0.0429,0.0775,0.0509,5.58,0.2266,0.1646,0,0,,1,4.504,1.1386,0.6596,0.62,0.183778,0.4075,,0.0451,0.6116,5.5044,3.6675,1.50086,1.654,0.13579,0.0904751,0.04531526565551758,0.281039,1.5461,0.293248,0.687843,,,5.69019,-0.0000999029,-0.000679999,999,,,,,,,6.800000000000001,6.800000000000001,7,7,,,,,,,,,,,,,,,,,,,"Edwin Jimenez","sa3010800",683720
"Ubert Mejias","SFG",0.0411,0.0805,0.053,5.63067,0.1886,0.1726,0,0,,1,4.522,1.193,0.668,0.62563,0.170778,0.3683,,0.0419,0.4614,4.1526,3.3147,1.25278,1.537,0.102035,0.0814463,0.020588241517543793,0.290141,1.5613,0.293774,0.675611,,,5.69439,-0.0000999029,-0.000679999,999,,,,,,,4.800000000000001,4.800000000000001,5,5,,,,,,,,,,,,,,,,,,,"Ubert Mejias","sa3021562",811229
"Yorman Galindez","MIL",0.0433,0.0785,0.0557,5.53698,0.1754,0.1754,0,0,,1,4.621,1.0648,0.658,0.61522,0.152778,0.6133,,0.0543,0.7296,6.5664,5.5197,1.18963,1.375,0.157888,0.13272,0.02516770362854004,0.269338,1.6781,0.296977,0.696689,,,5.69619,-0.0000999029,-0.000679999,999,,,,,,,3.8000000000000003,3.8000000000000003,4,4,,,,,,,,,,,,,,,,,,,"Yorman Galindez","sa3018322",800223
"Jerming Rosario","LAD",0.0497,0.0709,0.0533,5.53077,0.2059,0.1689,0,0,,1,4.578,1.0404,0.6538,0.61453,0.171,0.5762,,0.0609,0.7996,7.1964,5.1858,1.38771,1.539,0.174661,0.125863,0.04879860579967499,0.264001,1.6166,0.292698,0.6991,,,5.70158,-0.0000999029,-0.000679999,999,,,,,,,3.8000000000000003,3.8000000000000003,4,4,,,,,,,,,,,,,,,,,,,"Jerming Rosario","sa3008678",682645
"Mason Green","COL",0.0399,0.0803,0.0455,5.82048,0.2373,0.1623,0,0,,1,4.588,1.1601,0.6886,0.64672,0.168556,0.5012,,0.048,0.6503,5.8527,4.5108,1.29749,1.517,0.141739,0.109242,0.032497815787792206,0.287239,1.6613,0.307938,0.682442,,,5.7047,-0.0000999029,-0.000679999,999,,,,,,,3.8000000000000003,3.8000000000000003,4,4,,,,,,,,,,,,,,,,,,,"Mason Green","sa3017717",679057
"Isaiah Coupet","COL",0.0393,0.0815,0.0459,5.89707,0.2175,0.1665,0,0,,1,4.599,1.1631,0.6964,0.65523,0.171222,0.5027,,0.053,0.6748,6.0732,4.5243,1.34235,1.541,0.146728,0.109306,0.03742118179798126,0.287661,1.6658,0.310226,0.679761,,,5.70987,-0.0000999029,-0.000679999,999,,,,,,,3.8000000000000003,3.8000000000000003,4,4,,,,,,,,,,,,,,,,,,,"Isaiah Coupet","sa3023156",694549
"Saul Garcia","NYM",0.047,0.0712,0.0482,5.42196,0.2958,0.1498,0,0,,1,4.615,1.0491,0.6449,0.60244,0.149444,0.6097,,0.0594,0.7032,6.3288,5.4873,1.15335,1.345,0.152373,0.132113,0.020260021090507507,0.265871,1.6588,0.290844,0.699445,,,5.71016,-0.0000999029,-0.000679999,999,,,,,,,3.8000000000000003,3.8000000000000003,4,4,,,,,,,,,,,,,,,,,,,"Saul Garcia","sa3017106",702903
"Josh Bostick","SFG",0.0412,0.0801,0.0524,5.63103,0.1961,0.1711,0,0,,1,4.578,1.1072,0.6658,0.62567,0.166889,0.4903,,0.0553,0.628,5.652,4.4127,1.28085,1.502,0.137178,0.107099,0.030078642070293427,0.274576,1.5975,0.290443,0.683137,,,5.71684,-0.0000999029,-0.000679999,999,,,,,,,6.800000000000001,6.800000000000001,7,7,,,,,,,,,,,,,,,,,,,"Josh Bostick","sa3022857",701241
"Leonel Sequera","STL",0.0437,0.0779,0.0543,5.56812,0.187,0.173,0,0,,1,4.594,1.1633,0.6643,0.61868,0.145556,0.5081,,0.0485,0.5043,4.5387,4.5729,0.992521,1.31,0.109774,0.110601,-0.0008271634578704834,0.288131,1.6714,0.300437,0.686212,,,5.7199,-0.0000999029,-0.000679999,999,,,,,,,3.8000000000000003,3.8000000000000003,4,4,,,,,,,,,,,,,,,,,,,"Leonel Sequera","sa3019268",800320
"Garrett Hawkins","SDP",0.0456,0.0762,0.0567,5.48955,0.1754,0.1754,0,0,,1,4.48,1.082,0.6471,0.60995,0.187222,0.4489,,0.0405,0.6725,6.0525,4.0401,1.49811,1.685,0.150112,0.100201,0.04991071671247482,0.271137,1.5309,0.285791,0.69657,,,5.72357,-0.0000999029,-0.000679999,999,,,,,,,6.800000000000001,6.800000000000001,7,7,,,,,,,,,,,,,,,,,,,"Garrett Hawkins","sa3017383",678184
"Will Rudy","MIL",0.0433,0.0784,0.0545,5.57298,0.1829,0.1739,0,0,,1,4.506,1.1206,0.6583,0.61922,0.185889,0.42,,0.0494,0.6318,5.6862,3.78,1.50429,1.673,0.140213,0.0932091,0.04700399190187454,0.27761,1.5406,0.290381,0.689105,,,5.72764,-0.0000999029,-0.000679999,999,,,,,,,6.800000000000001,6.800000000000001,7,7,,,,,,,,,,,,,,,,,,,"Will Rudy","sa3020893",805733
"Mavis Graves","PHI",0.0473,0.0738,0.0568,5.40171,0.1952,0.1712,0,0,,1,4.591,1.0685,0.6428,0.60019,0.151556,0.5929,,0.0511,0.6701,6.0309,5.3361,1.13021,1.364,0.145959,0.129144,0.016815513372421265,0.270712,1.6614,0.29339,0.70286,,,5.7285,-0.0000999029,-0.000679999,999,,,,,,,3.8000000000000003,3.8000000000000003,4,4,,,,,,,,,,,,,,,,,,,"Mavis Graves","sa3021472",703496
"Liam Simon","SFG",0.0404,0.0782,0.0449,5.68296,0.2934,0.1504,0,0,,1,4.645,1.0996,0.6737,0.63144,0.152333,0.587,,0.0473,0.6597,5.9373,5.283,1.12385,1.371,0.142024,0.126372,0.015651240944862366,0.274167,1.6866,0.296144,0.687489,,,5.73031,-0.0000999029,-0.000679999,999,,,,,,,3.8000000000000003,3.8000000000000003,4,4,,,,,,,,,,,,,,,,,,,"Liam Simon","sa3020256",687216
"Cade Kuehler","ATL",0.0466,0.0751,0.0508,5.79357,0.1754,0.1754,0,0,,1,4.591,1.1456,0.6849,0.64373,0.167889,0.5041,,0.0464,0.6295,5.6655,4.5369,1.24876,1.511,0.137116,0.109802,0.02731429785490036,0.283529,1.6497,0.301473,0.682003,,,5.74154,-0.0000999029,-0.000679999,999,,,,,,,3.8000000000000003,3.8000000000000003,4,4,,,,,,,,,,,,,,,,,,,"Cade Kuehler","sa3023306",805780
"Brian Edgington","CIN",0.0437,0.0781,0.0523,5.71761,0.1754,0.1754,0,0,,1,4.49,1.1557,0.6748,0.63529,0.201889,0.3789,,0.0426,0.6526,5.8734,3.4101,1.72235,1.817,0.145345,0.0843875,0.06095767766237259,0.28406,1.5346,0.296767,0.686766,,,5.75034,-0.0000999029,-0.000679999,999,,,,,,,6.800000000000001,6.800000000000001,7,7,,,,,,,,,,,,,,,,,,,"Brian Edgington","sa3022911",813360
"Ryan Vanderhei","SFG",0.0403,0.0771,0.0425,5.67603,0.3313,0.1423,0,0,,1,4.633,1.123,0.6739,0.63067,0.152222,0.5493,,0.0523,0.5989,5.3901,4.9437,1.0903,1.37,0.129268,0.118562,0.010705813765525818,0.278563,1.6723,0.295944,0.684216,,,5.75237,-0.0000999029,-0.000679999,999,,,,,,,3.8000000000000003,3.8000000000000003,4,4,,,,,,,,,,,,,,,,,,,"Ryan Vanderhei","sa3023671",687864
"Patricio Aquino","MIL",0.0422,0.0758,0.0441,5.59683,0.3131,0.1461,0,0,,1,4.542,1.1348,0.6631,0.62187,0.174667,0.4429,,0.0592,0.5949,5.3541,3.9861,1.34319,1.572,0.130978,0.0975121,0.033465445041656494,0.280898,1.5777,0.293589,0.686036,,,5.75365,-0.0000999029,-0.000679999,999,,,,,,,6.800000000000001,6.800000000000001,7,7,,,,,,,,,,,,,,,,,,,"Patricio Aquino","sa3016510",699223
"Luke Russo","PHI",0.0456,0.0757,0.0532,5.60358,0.1919,0.1719,0,0,,1,4.528,1.0881,0.6619,0.62262,0.179667,0.4923,,0.0505,0.6875,6.1875,4.4307,1.39651,1.617,0.151833,0.108723,0.04310954362154007,0.273035,1.5804,0.291348,0.69119,,,5.75555,-0.0000999029,-0.000679999,999,,,,,,,6.800000000000001,6.800000000000001,7,7,,,,,,,,,,,,,,,,,,,"Luke Russo","sa3023502",689726
"Franklin Gomez","NYM",0.048,0.0717,0.0541,5.34951,0.2414,0.1614,0,0,,1,4.629,1.0861,0.6388,0.59439,0.141889,0.6016,,0.0513,0.606,5.454,5.4144,1.00731,1.277,0.130914,0.129963,0.0009505301713943481,0.273157,1.6877,0.292487,0.704406,,,5.75774,-0.0000999029,-0.000679999,999,,,,,,,3.8000000000000003,3.8000000000000003,4,4,,,,,,,,,,,,,,,,,,,"Franklin Gomez","sa3019153",800338
"Kenten Egbert","CHC",0.0428,0.0771,0.0484,5.66946,0.2414,0.1614,0,0,,1,4.564,1.1202,0.6708,0.62994,0.169333,0.5046,,0.0429,0.6251,5.6259,4.5414,1.2388,1.524,0.136963,0.110561,0.02640227973461151,0.2789,1.6248,0.295111,0.687452,,,5.76011,-0.0000999029,-0.000679999,999,,,,,,,3.8000000000000003,3.8000000000000003,4,4,,,,,,,,,,,,,,,,,,,"Kenten Egbert","sa3023500",687881
"Bodi Rascon","SDP",0.0463,0.0748,0.0574,5.36301,0.1969,0.1709,0,0,,1,4.551,1.0854,0.6375,0.59589,0.159333,0.5282,,0.0531,0.6092,5.4828,4.7538,1.15335,1.434,0.133861,0.116062,0.017798297107219696,0.273421,1.6136,0.28929,0.701961,,,5.76331,-0.0000999029,-0.000679999,999,,,,,,,3.8000000000000003,3.8000000000000003,4,4,,,,,,,,,,,,,,,,,,,"Bodi Rascon","sa3011849",686938
"Anthony Flores","MIL",0.0431,0.0726,0.041,5.47497,0.3898,0.1298,0,0,,1,4.628,1.0906,0.6508,0.60833,0.152333,0.5937,,0.0508,0.6554,5.8986,5.3433,1.10392,1.371,0.141616,0.128284,0.013331890106201172,0.273779,1.6843,0.295446,0.702567,,,5.76951,-0.0000999029,-0.000679999,999,,,,,,,3.8000000000000003,3.8000000000000003,4,4,,,,,,,,,,,,,,,,,,,"Anthony Flores","sa3019377",800260
"Johnathan Harmon","CIN",0.0433,0.0785,0.0521,5.72715,0.1754,0.1754,0,0,,1,4.543,1.1584,0.6789,0.63635,0.184111,0.439,,0.048,0.6253,5.6277,3.951,1.42437,1.657,0.13764,0.0966322,0.041008129715919495,0.285602,1.5974,0.300096,0.68563,,,5.77032,-0.0000999029,-0.000679999,999,,,,,,,6.800000000000001,6.800000000000001,7,7,,,,,,,,,,,,,,,,,,,"Johnathan Harmon","sa3020452",801333
"Luis Gutierrez","SDP",0.0457,0.0746,0.0549,5.37777,0.2257,0.1647,0,0,,1,4.585,1.1293,0.6431,0.59753,0.143444,0.5463,,0.0462,0.5153,4.6377,4.9167,0.943255,1.291,0.112388,0.119149,-0.006761178374290466,0.282855,1.6756,0.295719,0.700105,,,5.77816,-0.0000999029,-0.000679999,999,,,,,,,3.8000000000000003,3.8000000000000003,4,4,,,,,,,,,,,,,,,,,,,"Luis Gutierrez","sa3016469",692294
"Kevin Abel","CIN",0.0438,0.078,0.0528,5.68782,0.1754,0.1754,0,0,,1,4.581,1.0864,0.6733,0.63198,0.179556,0.5498,,0.0454,0.7539,6.7851,4.9482,1.37123,1.616,0.164571,0.120017,0.04455360025167465,0.272568,1.6362,0.297098,0.695324,,,5.7785,-0.0000999029,-0.000679999,999,,,,,,,3.8000000000000003,3.8000000000000003,4,4,,,,,,,,,,,,,,,,,,,"Kevin Abel","sa3017879",674265
"Keyner Benitez","MIA",0.0384,0.0827,0.0508,5.65983,0.2117,0.1677,0,0,,1,4.656,1.1223,0.6723,0.62887,0.145556,0.6005,,0.0499,0.6148,5.5332,5.4045,1.02381,1.31,0.132045,0.128973,0.0030712932348251343,0.280183,1.7228,0.300977,0.691563,,,5.7803,-0.0000999029,-0.000679999,999,,,,,,,3.8000000000000003,3.8000000000000003,4,4,,,,,,,,,,,,,,,,,,,"Keyner Benitez","sa3021795",808547
"Alex Clemmey","WSN",0.0432,0.0786,0.0587,5.38272,0.1754,0.1754,0,0,,1,4.647,1.0385,0.642,0.59808,0.137222,0.6988,,0.0424,0.6913,6.2217,6.2892,0.989267,1.235,0.148763,0.150377,-0.0016139596700668335,0.265887,1.7373,0.292882,0.708845,,,5.79137,-0.0000999029,-0.000679999,999,,,,,,,3.8000000000000003,3.8000000000000003,4,4,,,,,,,,,,,,,,,,,,,"Alex Clemmey","sa3023421",806046
"Edgar Moreta","NYM",0.0455,0.0738,0.0483,5.61393,0.2579,0.1579,0,0,,1,4.599,1.1209,0.6665,0.62377,0.160556,0.5196,,0.058,0.5968,5.3712,4.6764,1.14858,1.445,0.129767,0.112981,0.01678626239299774,0.278734,1.6405,0.294219,0.687988,,,5.7929,-0.0000999029,-0.000679999,999,,,,,,,3.8000000000000003,3.8000000000000003,4,4,,,,,,,,,,,,,,,,,,,"Edgar Moreta","sa3020989",807756
"Will Schomberg","MIA",0.0373,0.0849,0.0507,5.79897,0.1754,0.1754,0,0,,1,4.632,1.0923,0.6847,0.64433,0.164222,0.5745,,0.065,0.7094,6.3846,5.1705,1.23481,1.478,0.153152,0.124029,0.02912348508834839,0.273588,1.6668,0.297568,0.683491,,,5.80107,-0.0000999029,-0.000679999,999,,,,,,,3.8000000000000003,3.8000000000000003,4,4,,,,,,,,,,,,,,,,,,,"Will Schomberg","sa3023160",801696
"Jarrod Cande","COL",0.039,0.0825,0.0463,5.96502,0.1911,0.1721,0,0,,1,4.505,1.1637,0.7003,0.66278,0.203778,0.387,,0.0502,0.6565,5.9085,3.483,1.69638,1.834,0.145727,0.0859045,0.05982241779565811,0.286076,1.5507,0.299272,0.672035,,,5.81419,-0.0000999029,-0.000679999,999,,,,,,,6.800000000000001,6.800000000000001,7,7,,,,,,,,,,,,,,,,,,,"Jarrod Cande","sa3017813",686662
"Raimon Gomez","NYM",0.046,0.0757,0.0538,5.63994,0.1754,0.1754,0,0,,1,4.591,1.0869,0.6668,0.62666,0.170556,0.5435,,0.0495,0.67,6.03,4.8915,1.23275,1.535,0.145938,0.118384,0.027553915977478027,0.271861,1.6304,0.290217,0.692429,,,5.8227,-0.0000999029,-0.000679999,999,,,,,,,3.8000000000000003,3.8000000000000003,4,4,,,,,,,,,,,,,,,,,,,"Raimon Gomez","sa3017645",703148
"Jacob Meador","LAD",0.0482,0.0715,0.0487,5.64678,0.2381,0.1621,0,0,,1,4.554,1.0836,0.666,0.62742,0.184667,0.4962,,0.066,0.7149,6.4341,4.4658,1.44075,1.662,0.156983,0.108959,0.04802372306585312,0.271457,1.5798,0.290707,0.691609,,,5.82395,-0.0000999029,-0.000679999,999,,,,,,,6.800000000000001,6.800000000000001,7,7,,,,,,,,,,,,,,,,,,,"Jacob Meador","sa3020385",687138
"Jacob Bresnahan","SFG",0.0405,0.0815,0.0526,5.70105,0.1754,0.1754,0,0,,1,4.664,1.1093,0.6751,0.63345,0.154222,0.5926,,0.0455,0.6244,5.6196,5.3334,1.05366,1.388,0.133877,0.127058,0.0068181902170181274,0.275541,1.7019,0.294116,0.690988,,,5.83687,-0.0000999029,-0.000679999,999,,,,,,,3.8000000000000003,3.8000000000000003,4,4,,,,,,,,,,,,,,,,,,,"Jacob Bresnahan","sa3023066",815298
"Juan Salas","STL",0.0435,0.0784,0.0534,5.66073,0.1754,0.1754,0,0,,1,4.517,1.1318,0.6671,0.62897,0.185889,0.423,,0.0469,0.5755,5.1795,3.807,1.36052,1.673,0.127408,0.0936462,0.033761344850063324,0.279657,1.5548,0.287886,0.685718,,,5.84174,-0.0000999029,-0.000679999,999,,,,,,,6.800000000000001,6.800000000000001,7,7,,,,,,,,,,,,,,,,,,,"Juan Salas","sa3016216",692401
"Sandro Bargallo","MIA",0.0382,0.0835,0.0524,5.64768,0.1919,0.1719,0,0,,1,4.724,1.1055,0.6739,0.62752,0.128111,0.7067,,0.0501,0.6277,5.6493,6.3603,0.888213,1.153,0.132875,0.149598,-0.01672312617301941,0.27866,1.8122,0.304351,0.697127,,,5.84692,-0.0000999029,-0.000679999,999,,,,,,,3.8000000000000003,3.8000000000000003,4,4,,,,,,,,,,,,,,,,,,,"Sandro Bargallo","sa3009639",686488
"Jose Davila","STL",0.0432,0.0785,0.0533,5.63598,0.1829,0.1739,0,0,,1,4.595,1.1313,0.6696,0.62622,0.157889,0.5217,,0.0551,0.547,4.923,4.6953,1.0485,1.421,0.119042,0.113536,0.005505979061126709,0.281544,1.653,0.293788,0.686753,,,5.85544,-0.0000999029,-0.000679999,999,,,,,,,3.8000000000000003,3.8000000000000003,4,4,,,,,,,,,,,,,,,,,,,"Jose Davila","sa3015092",692369
"Javi Rivera","CIN",0.0429,0.079,0.0507,5.79807,0.1754,0.1754,0,0,,1,4.529,1.1336,0.6835,0.64423,0.201222,0.4249,,0.057,0.685,6.165,3.8241,1.61214,1.811,0.151248,0.0938176,0.05742989480495453,0.280102,1.5585,0.294974,0.685313,,,5.85807,-0.0000999029,-0.000679999,999,,,,,,,6.800000000000001,6.800000000000001,7,7,,,,,,,,,,,,,,,,,,,"Javi Rivera","sa3018184",695373
"Luke Taggart","COL",0.0366,0.0816,0.0351,6.19056,0.3131,0.1461,0,0,,1,4.6,1.2038,0.7291,0.68784,0.185,0.4704,,0.0461,0.6265,5.6385,4.2336,1.33185,1.665,0.136196,0.102261,0.033934786915779114,0.294796,1.6742,0.311369,0.667821,,,5.86798,-0.0000999029,-0.000679999,999,,,,,,,6.800000000000001,6.800000000000001,7,7,,,,,,,,,,,,,,,,,,,"Luke Taggart","sa3017932",689450
"Nestor Lorant","CIN",0.0417,0.073,0.0334,5.7978,0.4212,0.1232,0,0,,1,4.57,1.1121,0.6839,0.6442,0.192,0.5032,,0.0469,0.7217,6.4953,4.5288,1.43422,1.728,0.157921,0.110109,0.04781182110309601,0.276649,1.6153,0.296214,0.691719,,,5.86938,-0.0000999029,-0.000679999,999,,,,,,,3.8000000000000003,3.8000000000000003,4,4,,,,,,,,,,,,,,,,,,,"Nestor Lorant","sa3011640",686544
"Connor Oliver","PIT",0.0397,0.0762,0.0377,5.75136,0.3816,0.1316,0,0,,1,4.673,1.1426,0.6821,0.63904,0.145111,0.5988,,0.0502,0.565,5.085,5.3892,0.943554,1.306,0.120907,0.12814,-0.007233045995235443,0.283946,1.7414,0.301003,0.688642,,,5.86992,-0.0000999029,-0.000679999,999,,,,,,,3.8000000000000003,3.8000000000000003,4,4,,,,,,,,,,,,,,,,,,,"Connor Oliver","sa3023200",700179
"Davis Polo","ATL",0.0453,0.0753,0.0463,5.88825,0.215,0.167,0,0,,1,4.592,1.1772,0.6961,0.65425,0.173556,0.4768,,0.0432,0.5537,4.9833,4.2912,1.16128,1.562,0.120579,0.103833,0.016746513545513153,0.289096,1.654,0.300066,0.67887,,,5.8753,-0.0000999029,-0.000679999,999,,,,,,,6.800000000000001,6.800000000000001,7,7,,,,,,,,,,,,,,,,,,,"Davis Polo","sa3019637",805175
"Braydon Tucker","PHI",0.0442,0.0759,0.0479,5.71896,0.234,0.163,0,0,,1,4.51,1.1309,0.6744,0.63544,0.191667,0.4258,,0.0516,0.6061,5.4549,3.8322,1.42344,1.725,0.13439,0.0944124,0.03997782617807388,0.280439,1.5567,0.29035,0.684821,,,5.87815,-0.0000999029,-0.000679999,999,,,,,,,6.800000000000001,6.800000000000001,7,7,,,,,,,,,,,,,,,,,,,"Braydon Tucker","sa3023249",685319
"Alberto Pacheco","COL",0.0376,0.084,0.0447,6.05205,0.1919,0.1719,0,0,,1,4.628,1.2148,0.7162,0.67245,0.168667,0.4932,,0.0512,0.5566,5.0094,4.4388,1.12855,1.518,0.120268,0.106569,0.01369921863079071,0.297483,1.708,0.311504,0.673838,,,5.87915,-0.0000999029,-0.000679999,999,,,,,,,6.800000000000001,6.800000000000001,7,7,,,,,,,,,,,,,,,,,,,"Alberto Pacheco","sa3015421",691436
"Liam Sullivan","WSN",0.0416,0.0803,0.0552,5.56704,0.1754,0.1754,0,0,,1,4.617,1.0715,0.6597,0.61856,0.157667,0.6129,,0.0459,0.6559,5.9031,5.5161,1.07016,1.419,0.142062,0.132749,0.009313404560089111,0.270704,1.6844,0.290601,0.700091,,,5.88075,-0.0000999029,-0.000679999,999,,,,,,,3.8000000000000003,3.8000000000000003,4,4,,,,,,,,,,,,,,,,,,,"Liam Sullivan","sa3022952",807715
"Jagger Haynes","SDP",0.0456,0.0759,0.0568,5.44941,0.1829,0.1739,0,0,,1,4.593,1.0397,0.6457,0.60549,0.163111,0.6166,,0.0476,0.6926,6.2334,5.5494,1.12326,1.468,0.150795,0.134248,0.01654691994190216,0.264636,1.6563,0.285247,0.707731,,,5.89432,-0.0000999029,-0.000679999,999,,,,,,,3.8000000000000003,3.8000000000000003,4,4,,,,,,,,,,,,,,,,,,,"Jagger Haynes","sa3020876",695247
"Josh Knoth","MIL",0.0408,0.0812,0.0508,5.79474,0.1754,0.1754,0,0,,1,4.623,1.1131,0.6858,0.64386,0.169778,0.5668,,0.0467,0.658,5.922,5.1012,1.1609,1.528,0.142332,0.122604,0.019727446138858795,0.277616,1.6799,0.296482,0.689289,,,5.89809,-0.0000999029,-0.000679999,999,,,,,,,3.8000000000000003,3.8000000000000003,4,4,,,,,,,,,,,,,,,,,,,"Josh Knoth","sa3023420",805807
"Victor Juarez","COL",0.0363,0.0857,0.0422,6.21189,0.1829,0.1739,0,0,,1,4.573,1.2158,0.7306,0.69021,0.194222,0.4194,,0.0523,0.6026,5.4234,3.7746,1.43681,1.748,0.131773,0.0917122,0.04006122797727585,0.296443,1.6352,0.30915,0.663542,,,5.90127,-0.0000999029,-0.000679999,999,,,,,,,6.800000000000001,6.800000000000001,7,7,,,,,,,,,,,,,,,,,,,"Victor Juarez","sa3016226",692589
"Jason Savacool","STL",0.042,0.0786,0.0489,5.72724,0.2216,0.1656,0,0,,1,4.65,1.1506,0.6821,0.63636,0.145667,0.5837,,0.0461,0.5229,4.7061,5.2533,0.895837,1.311,0.112452,0.125527,-0.013075269758701324,0.286205,1.7343,0.299834,0.687548,,,5.90375,-0.0000999029,-0.000679999,999,,,,,,,3.8000000000000003,3.8000000000000003,4,4,,,,,,,,,,,,,,,,,,,"Jason Savacool","sa3022856",691013
"Bryan Perez","COL",0.0359,0.0863,0.0429,6.20244,0.1754,0.1754,0,0,,1,4.677,1.2166,0.7352,0.68916,0.158111,0.5413,,0.0675,0.5666,5.0994,4.8717,1.04674,1.423,0.121146,0.115737,0.005409456789493561,0.299051,1.7579,0.316582,0.665584,,,5.91512,-0.0000999029,-0.000679999,999,,,,,,,3.8000000000000003,3.8000000000000003,4,4,,,,,,,,,,,,,,,,,,,"Bryan Perez","sa3016515",700169
"McCade Brown","COL",0.0357,0.0857,0.0399,6.26769,0.2043,0.1693,0,0,,1,4.623,1.2003,0.7377,0.69641,0.184889,0.4907,,0.0521,0.6391,5.7519,4.4163,1.30243,1.664,0.138244,0.106143,0.0321003794670105,0.294177,1.691,0.311838,0.66564,,,5.92024,-0.0000999029,-0.000679999,999,,,,,,,6.800000000000001,6.800000000000001,7,7,,,,,,,,,,,,,,,,,,,"McCade Brown","sa3017812",685326
"Casey Anderson","ARI",0.0415,0.0805,0.0458,6.05367,0.1754,0.1754,0,0,,1,4.677,1.1668,0.716,0.67263,0.154667,0.5674,,0.0639,0.5752,5.1768,5.1066,1.01375,1.392,0.122985,0.121317,0.0016677379608154297,0.288405,1.7342,0.305243,0.670898,,,5.92065,-0.0000999029,-0.000679999,999,,,,,,,3.8000000000000003,3.8000000000000003,4,4,,,,,,,,,,,,,,,,,,,"Casey Anderson","sa3022742",814783
"Jose Franco","CIN",0.0428,0.0791,0.0504,5.8149,0.1754,0.1754,0,0,,1,4.541,1.1069,0.6847,0.6461,0.203444,0.4776,,0.0411,0.7231,6.5079,4.2984,1.51403,1.831,0.159238,0.105175,0.05406297743320465,0.275191,1.5845,0.291837,0.692325,,,5.92116,-0.0000999029,-0.000679999,999,,,,,,,6.800000000000001,6.800000000000001,7,7,,,,,,,,,,,,,,,,,,,"Jose Franco","sa3008714",683742
"Alexander Cornielle","MIL",0.0416,0.0799,0.0505,5.74389,0.1919,0.1719,0,0,,1,4.55,1.0943,0.6757,0.63821,0.194444,0.4758,,0.0572,0.6797,6.1173,4.2822,1.42854,1.75,0.149385,0.104571,0.04481319338083267,0.272417,1.5701,0.286318,0.689125,,,5.93386,-0.0000999029,-0.000679999,999,,,,,,,6.800000000000001,6.800000000000001,7,7,,,,,,,,,,,,,,,,,,,"Alexander Cornielle","sa3011779",529017
"Hancel Rincon","STL",0.0428,0.0791,0.0522,5.71995,0.1754,0.1754,0,0,,1,4.515,1.1583,0.6746,0.63555,0.188889,0.3957,,0.0479,0.5076,4.5684,3.5613,1.28279,1.7,0.112425,0.0876412,0.02478405088186264,0.284497,1.554,0.287241,0.68194,,,5.93764,-0.0000999029,-0.000679999,999,,,,,,,6.800000000000001,6.800000000000001,7,7,,,,,,,,,,,,,,,,,,,"Hancel Rincon","sa3009629",684516
"Lorenzo Encarnacion","ARI",0.0413,0.0806,0.0454,6.07329,0.1754,0.1754,0,0,,1,4.653,1.1828,0.7175,0.67481,0.162,0.5261,,0.059,0.544,4.896,4.7349,1.03402,1.458,0.116914,0.113067,0.003846988081932068,0.290764,1.7089,0.303638,0.668916,,,5.93978,-0.0000999029,-0.000679999,999,,,,,,,3.8000000000000003,3.8000000000000003,4,4,,,,,,,,,,,,,,,,,,,"Lorenzo Encarnacion","sa3015498",699230
"Ryan Birchard","MIL",0.0403,0.0809,0.0479,5.85198,0.201,0.17,0,0,,1,4.629,1.0908,0.69,0.65022,0.178222,0.5848,,0.046,0.717,6.453,5.2632,1.22606,1.604,0.154893,0.126334,0.02855907380580902,0.272823,1.6756,0.294097,0.691121,,,5.94177,-0.0000999029,-0.000679999,999,,,,,,,3.8000000000000003,3.8000000000000003,4,4,,,,,,,,,,,,,,,,,,,"Ryan Birchard","sa3023449",804670
"Khristian Curtis","PIT",0.0377,0.084,0.0456,5.99805,0.1952,0.1712,0,0,,1,4.674,1.1522,0.7092,0.66645,0.156333,0.5902,,0.0479,0.5842,5.2578,5.3118,0.989834,1.407,0.124989,0.126273,-0.001283690333366394,0.285488,1.7424,0.302202,0.67816,,,5.94471,-0.0000999029,-0.000679999,999,,,,,,,3.8000000000000003,3.8000000000000003,4,4,,,,,,,,,,,,,,,,,,,"Khristian Curtis","sa3023473",694753
"Eliazar Dishmey","MIA",0.0355,0.0865,0.0468,5.96376,0.1862,0.1732,0,0,,1,4.632,1.1445,0.704,0.66264,0.170778,0.5442,,0.0479,0.6084,5.4756,4.8978,1.11797,1.537,0.131347,0.117487,0.013860099017620087,0.283299,1.6887,0.298622,0.679286,,,5.94609,-0.0000999029,-0.000679999,999,,,,,,,3.8000000000000003,3.8000000000000003,4,4,,,,,,,,,,,,,,,,,,,"Eliazar Dishmey","sa3019181",803244
"Alex McFarlane","PHI",0.044,0.0778,0.0521,5.72436,0.1754,0.1754,0,0,,1,4.63,1.0953,0.68,0.63604,0.158333,0.6119,,0.0521,0.6352,5.7168,5.5071,1.03808,1.425,0.137192,0.13216,0.005032405257225037,0.276172,1.7072,0.295343,0.691469,,,5.94641,-0.0000999029,-0.000679999,999,,,,,,,3.8000000000000003,3.8000000000000003,4,4,,,,,,,,,,,,,,,,,,,"Alex McFarlane","sa3020633",686934
"Jose Montero","CIN",0.041,0.0785,0.0433,5.89257,0.2587,0.1577,0,0,,1,4.644,1.1782,0.7011,0.65473,0.164889,0.5472,,0.0458,0.5706,5.1354,4.9248,1.04276,1.484,0.122868,0.117829,0.005038745701313019,0.290842,1.7254,0.305627,0.685354,,,5.94784,-0.0000999029,-0.000679999,999,,,,,,,3.8000000000000003,3.8000000000000003,4,4,,,,,,,,,,,,,,,,,,,"Jose Montero","sa3018312",800017
"Melvin Hernandez","MIL",0.0398,0.0776,0.0394,5.8599,0.3329,0.1419,0,0,,1,4.632,1.1434,0.6938,0.6511,0.169667,0.5459,,0.05,0.5963,5.3667,4.9131,1.09232,1.527,0.128735,0.117854,0.010880827903747559,0.283293,1.6893,0.297766,0.685716,,,5.96725,-0.0000999029,-0.000679999,999,,,,,,,3.8000000000000003,3.8000000000000003,4,4,,,,,,,,,,,,,,,,,,,"Melvin Hernandez","sa3021785",808329
"Tyler Schlaffer","CHC",0.0407,0.0794,0.0451,5.86737,0.2365,0.1625,0,0,,1,4.614,1.1393,0.694,0.65193,0.169667,0.5335,,0.0522,0.5803,5.2227,4.8015,1.08772,1.527,0.125769,0.115626,0.01014302670955658,0.282824,1.6728,0.29577,0.681964,,,5.96865,-0.0000999029,-0.000679999,999,,,,,,,3.8000000000000003,3.8000000000000003,4,4,,,,,,,,,,,,,,,,,,,"Tyler Schlaffer","sa3011815",690370
"Patrick Copen","LAD",0.0464,0.0748,0.0488,5.83686,0.1919,0.1719,0,0,,1,4.637,1.1217,0.6915,0.64854,0.168556,0.5795,,0.0534,0.6432,5.7888,5.2155,1.10992,1.517,0.13871,0.124973,0.013737320899963379,0.280138,1.7012,0.298572,0.689111,,,5.97,-0.0000999029,-0.000679999,999,,,,,,,3.8000000000000003,3.8000000000000003,4,4,,,,,,,,,,,,,,,,,,,"Patrick Copen","sa3023283",814527
"Sean Linan","LAD",0.0451,0.0685,0.0314,5.82264,0.4574,0.1154,0,0,,1,4.622,1.1143,0.6881,0.64696,0.175444,0.5633,,0.0529,0.6629,5.9661,5.0697,1.17682,1.579,0.143423,0.121874,0.021549105644226074,0.278172,1.6776,0.296407,0.691002,,,5.97006,-0.0000999029,-0.000679999,999,,,,,,,3.8000000000000003,3.8000000000000003,4,4,,,,,,,,,,,,,,,,,,,"Sean Linan","sa3019270",800344
"Brayan Romero","WSN",0.0389,0.0823,0.0489,5.79168,0.2043,0.1693,0,0,,1,4.604,1.1733,0.6886,0.64352,0.158111,0.5154,,0.0464,0.4666,4.1994,4.6386,0.905316,1.423,0.101347,0.111946,-0.010599471628665924,0.290263,1.6887,0.297057,0.681571,,,5.97412,-0.0000999029,-0.000679999,999,,,,,,,1.8000000000000003,1.8000000000000003,2,2,,,,,,,,,,,,,,,,,,,"Brayan Romero","sa3018313",800019
"Erian Rodriguez","CHC",0.0407,0.0753,0.0361,5.81265,0.3799,0.1319,0,0,,1,4.64,1.1231,0.6889,0.64585,0.160444,0.5788,,0.056,0.5907,5.3163,5.2092,1.02056,1.444,0.127306,0.124741,0.00256463885307312,0.28041,1.7019,0.295833,0.685721,,,5.97526,-0.0000999029,-0.000679999,999,,,,,,,3.8000000000000003,3.8000000000000003,4,4,,,,,,,,,,,,,,,,,,,"Erian Rodriguez","sa3019625",701477
"Josh Timmerman","MIL",0.0405,0.0799,0.0461,5.82309,0.234,0.163,0,0,,1,4.608,1.1035,0.6871,0.64701,0.180667,0.5453,,0.0524,0.6632,5.9688,4.9077,1.21621,1.626,0.143924,0.118338,0.025585941970348358,0.275166,1.6488,0.291443,0.688963,,,5.98185,-0.0000999029,-0.000679999,999,,,,,,,3.8000000000000003,3.8000000000000003,4,4,,,,,,,,,,,,,,,,,,,"Josh Timmerman","sa3023098",803024
"Erik Tolman","WSN",0.0405,0.0815,0.0533,5.66226,0.1754,0.1754,0,0,,1,4.608,1.1235,0.6716,0.62914,0.160778,0.5563,,0.0467,0.5402,4.8618,5.0067,0.971059,1.447,0.117231,0.120725,-0.0034939199686050415,0.280524,1.6798,0.291379,0.693059,,,5.98519,-0.0000999029,-0.000679999,999,,,,,,,3.8000000000000003,3.8000000000000003,4,4,,,,,,,,,,,,,,,,,,,"Erik Tolman","sa3021719",680899
"Brandon White","MIA",0.0352,0.0858,0.0441,5.99742,0.2175,0.1665,0,0,,1,4.591,1.1817,0.707,0.66638,0.182444,0.4574,,0.0496,0.5367,4.8303,4.1166,1.17337,1.642,0.116903,0.0996297,0.01727292686700821,0.289349,1.6391,0.296968,0.673639,,,5.98586,-0.0000999029,-0.000679999,999,,,,,,,6.800000000000001,6.800000000000001,7,7,,,,,,,,,,,,,,,,,,,"Brandon White","sa3020589",681449
"Jose Luis Reyes","SDP",0.0421,0.0779,0.0463,5.77305,0.2439,0.1609,0,0,,1,4.555,1.1421,0.682,0.64145,0.182444,0.4628,,0.0567,0.5549,4.9941,4.1652,1.19901,1.642,0.121822,0.101603,0.02021954208612442,0.283013,1.6049,0.290967,0.683894,,,5.98696,-0.0000999029,-0.000679999,999,,,,,,,6.800000000000001,6.800000000000001,7,7,,,,,,,,,,,,,,,,,,,"Jose Luis Reyes","sa3015304",692271
"Enmanuel Pinales","SDP",0.0429,0.0788,0.0513,5.7384,0.1829,0.1739,0,0,,1,4.53,1.1037,0.6754,0.6376,0.193333,0.4781,,0.0426,0.6257,5.6313,4.3029,1.30872,1.74,0.138124,0.105541,0.032582782208919525,0.275285,1.5818,0.285358,0.69131,,,5.99051,-0.0000999029,-0.000679999,999,,,,,,,6.800000000000001,6.800000000000001,7,7,,,,,,,,,,,,,,,,,,,"Enmanuel Pinales","sa3018832",800215
"Mason Albright","COL",0.0371,0.0849,0.0432,6.1596,0.1829,0.1739,0,0,,1,4.555,1.2078,0.7223,0.6844,0.205889,0.404,,0.0427,0.591,5.319,3.636,1.46287,1.853,0.129748,0.0886938,0.041053786873817444,0.29399,1.6118,0.302563,0.672053,,,6.00114,-0.0000999029,-0.000679999,999,,,,,,,6.800000000000001,6.800000000000001,7,7,,,,,,,,,,,,,,,,,,,"Mason Albright","sa3017847",695476
"Nelfy Ynfante","STL",0.0407,0.0754,0.0365,5.85351,0.3775,0.1325,0,0,,1,4.642,1.1314,0.6923,0.65039,0.164889,0.5716,,0.0479,0.5784,5.2056,5.1444,1.0119,1.484,0.124601,0.123137,0.0014648810029029846,0.281268,1.703,0.294739,0.686544,,,6.01174,-0.0000999029,-0.000679999,999,,,,,,,3.8000000000000003,3.8000000000000003,4,4,,,,,,,,,,,,,,,,,,,"Nelfy Ynfante","sa3019149",800295
"Wyatt Hudepohl","NYM",0.0433,0.0779,0.0478,5.87205,0.1985,0.1705,0,0,,1,4.653,1.1239,0.6948,0.65245,0.167333,0.5855,,0.0445,0.6091,5.4819,5.2695,1.04031,1.506,0.130905,0.125833,0.00507199764251709,0.279369,1.7094,0.294639,0.687802,,,6.01361,-0.0000999029,-0.000679999,999,,,,,,,3.8000000000000003,3.8000000000000003,4,4,,,,,,,,,,,,,,,,,,,"Wyatt Hudepohl","sa3023442",694766
"Case Williams","COL",0.0353,0.0869,0.0405,6.32934,0.1754,0.1754,0,0,,1,4.566,1.2126,0.7412,0.70326,0.210444,0.4082,,0.0461,0.6251,5.6259,3.6738,1.53136,1.894,0.136903,0.0893999,0.047503285109996796,0.294915,1.6208,0.305894,0.66326,,,6.01496,-0.0000999029,-0.000679999,999,,,,,,,6.800000000000001,6.800000000000001,7,7,,,,,,,,,,,,,,,,,,,"Case Williams","sa3015013",695406
"Casey Steward","PHI",0.0429,0.0784,0.049,5.8293,0.1911,0.1721,0,0,,1,4.622,1.1147,0.6909,0.6477,0.167556,0.578,,0.0537,0.6084,5.4756,5.202,1.0526,1.508,0.131631,0.125054,0.006577223539352417,0.279352,1.6927,0.294662,0.687048,,,6.023,-0.0000999029,-0.000679999,999,,,,,,,3.8000000000000003,3.8000000000000003,4,4,,,,,,,,,,,,,,,,,,,"Casey Steward","sa3023253",804523
"Pablo Aldonis","WSN",0.0401,0.0819,0.0523,5.71644,0.1754,0.1754,0,0,,1,4.615,1.1035,0.6759,0.63516,0.167556,0.5752,,0.0455,0.591,5.319,5.1768,1.02747,1.508,0.128061,0.124637,0.0034236162900924683,0.276269,1.6787,0.289252,0.694401,,,6.0248,-0.0000999029,-0.000679999,999,,,,,,,3.8000000000000003,3.8000000000000003,4,4,,,,,,,,,,,,,,,,,,,"Pablo Aldonis","sa3018289",692454
"Hung-Leng Chang","PIT",0.037,0.0836,0.0423,6.05403,0.2307,0.1637,0,0,,1,4.664,1.1879,0.7161,0.67267,0.16,0.54,,0.0539,0.5,4.5,4.86,0.925926,1.44,0.107204,0.11578,-0.00857633352279663,0.29186,1.7279,0.301428,0.672784,,,6.02818,-0.0000999029,-0.000679999,999,,,,,,,1.8000000000000003,1.8000000000000003,2,2,,,,,,,,,,,,,,,,,,,"Hung-Leng Chang","sa3019518",800213
"Isaiah Lowe","SDP",0.0422,0.0787,0.0485,5.79132,0.2076,0.1686,0,0,,1,4.562,1.0905,0.6812,0.64348,0.190556,0.5179,,0.0495,0.6566,5.9094,4.6611,1.26781,1.715,0.143928,0.113525,0.030403338372707367,0.272994,1.6084,0.285929,0.691104,,,6.0327,-0.0000999029,-0.000679999,999,,,,,,,3.8000000000000003,3.8000000000000003,4,4,,,,,,,,,,,,,,,,,,,"Isaiah Lowe","sa3020864",702584
"Antwone Kelly","PIT",0.0373,0.0841,0.0449,6.02244,0.1985,0.1705,0,0,,1,4.671,1.1579,0.7121,0.66916,0.159667,0.5817,,0.0471,0.5457,4.9113,5.2353,0.938112,1.437,0.116827,0.124534,-0.007707133889198303,0.286453,1.7396,0.299156,0.677741,,,6.03715,-0.0000999029,-0.000679999,999,,,,,,,3.8000000000000003,3.8000000000000003,4,4,,,,,,,,,,,,,,,,,,,"Antwone Kelly","sa3015489",699008
"Estibenzon Jimenez","PHI",0.0425,0.0756,0.0407,5.83866,0.3049,0.1479,0,0,,1,4.563,1.1286,0.6889,0.64874,0.187333,0.4836,,0.0562,0.5904,5.3136,4.3524,1.22084,1.686,0.129389,0.105983,0.023405656218528748,0.280523,1.6122,0.290025,0.68396,,,6.04041,-0.0000999029,-0.000679999,999,,,,,,,6.800000000000001,6.800000000000001,7,7,,,,,,,,,,,,,,,,,,,"Estibenzon Jimenez","sa3015983",693732
"Noble Meyer","MIA",0.0349,0.0871,0.0458,6.01992,0.1845,0.1735,0,0,,1,4.694,1.0927,0.7099,0.66888,0.165778,0.6524,,0.0555,0.7019,6.3171,5.8716,1.07587,1.492,0.149531,0.138986,0.01054537296295166,0.274128,1.7451,0.297241,0.684199,,,6.04149,-0.0000999029,-0.000679999,999,,,,,,,3.8000000000000003,3.8000000000000003,4,4,,,,,,,,,,,,,,,,,,,"Noble Meyer","sa3022945",800611
"Marc Davis","WSN",0.0388,0.0827,0.0489,5.83884,0.1903,0.1723,0,0,,1,4.602,1.1003,0.6889,0.64876,0.175889,0.5599,,0.0493,0.6186,5.5674,5.0391,1.10484,1.583,0.13442,0.121664,0.012755326926708221,0.275571,1.6602,0.289031,0.686938,,,6.04344,-0.0000999029,-0.000679999,999,,,,,,,3.8000000000000003,3.8000000000000003,4,4,,,,,,,,,,,,,,,,,,,"Marc Davis","sa3017722",690320
"Kevin Valdez","CHC",0.0399,0.0795,0.042,5.94756,0.267,0.156,0,0,,1,4.697,1.1234,0.7051,0.66084,0.154111,0.646,,0.0552,0.6125,5.5125,5.814,0.948142,1.387,0.130402,0.137535,-0.007132217288017273,0.281145,1.7694,0.300165,0.685034,,,6.04852,-0.0000999029,-0.000679999,999,,,,,,,3.8000000000000003,3.8000000000000003,4,4,,,,,,,,,,,,,,,,,,,"Kevin Valdez","sa3019052",703936
"Ian Koenig","SDP",0.0412,0.0804,0.0481,5.89149,0.1878,0.1728,0,0,,1,4.577,1.1323,0.6941,0.65461,0.187556,0.5041,,0.0446,0.5962,5.3658,4.5369,1.1827,1.688,0.13026,0.110138,0.020122341811656952,0.281086,1.6364,0.291179,0.685897,,,6.0584,-0.0000999029,-0.000679999,999,,,,,,,3.8000000000000003,3.8000000000000003,4,4,,,,,,,,,,,,,,,,,,,"Ian Koenig","sa3020568",701617
"Jared Lyons","CIN",0.0404,0.0816,0.0462,6.03081,0.1754,0.1754,0,0,,1,4.617,1.119,0.7101,0.67009,0.197667,0.5481,,0.0428,0.7248,6.5232,4.9329,1.32239,1.779,0.156985,0.118713,0.038271598517894745,0.277936,1.6671,0.296856,0.688308,,,6.05925,-0.0000999029,-0.000679999,999,,,,,,,3.8000000000000003,3.8000000000000003,4,4,,,,,,,,,,,,,,,,,,,"Jared Lyons","sa3020483",805723
"Jose Chirinos","NYM",0.0431,0.0751,0.0415,5.84658,0.3024,0.1484,0,0,,1,4.679,1.1104,0.6929,0.64962,0.160667,0.6234,,0.0516,0.6064,5.4576,5.6106,0.97273,1.446,0.1296,0.133234,-0.003633245825767517,0.277323,1.7338,0.293405,0.689856,,,6.06735,-0.0000999029,-0.000679999,999,,,,,,,3.8000000000000003,3.8000000000000003,4,4,,,,,,,,,,,,,,,,,,,"Jose Chirinos","sa3018859",800452
"Luke Young","WSN",0.0386,0.0804,0.0419,5.86089,0.2826,0.1526,0,0,,1,4.555,1.1272,0.6895,0.65121,0.190889,0.4701,,0.0526,0.569,5.121,4.2309,1.21038,1.718,0.124918,0.103205,0.02171240746974945,0.279543,1.5973,0.286123,0.682528,,,6.07814,-0.0000999029,-0.000679999,999,,,,,,,6.800000000000001,6.800000000000001,7,7,,,,,,,,,,,,,,,,,,,"Luke Young","sa3020819",805272
"Enniel Cortez","MIL",0.0388,0.0824,0.0448,6.00507,0.2059,0.1689,0,0,,1,4.605,1.1461,0.7068,0.66723,0.192556,0.5006,,0.0477,0.6135,5.5215,4.5054,1.22553,1.733,0.133225,0.108708,0.024516835808753967,0.28252,1.6467,0.29334,0.68251,,,6.0876,-0.0000999029,-0.000679999,999,,,,,,,3.8000000000000003,3.8000000000000003,4,4,,,,,,,,,,,,,,,,,,,"Enniel Cortez","sa3021525",808308
"Julio Mendez","MIA",0.0357,0.0823,0.039,5.93181,0.3189,0.1449,0,0,,1,4.701,1.1428,0.7022,0.65909,0.155556,0.6278,,0.0454,0.5598,5.0382,5.6502,0.891685,1.4,0.119081,0.133546,-0.014464989304542542,0.283728,1.7706,0.298041,0.688038,,,6.0887,-0.0000999029,-0.000679999,999,,,,,,,3.8000000000000003,3.8000000000000003,4,4,,,,,,,,,,,,,,,,,,,"Julio Mendez","sa3019580",801249
"Wilber Dotel","PIT",0.0373,0.0848,0.046,6.04098,0.1754,0.1754,0,0,,1,4.666,1.1396,0.7127,0.67122,0.166889,0.5813,,0.0517,0.5728,5.1552,5.2317,0.985378,1.502,0.12276,0.124582,-0.0018216967582702637,0.282569,1.7209,0.29536,0.677893,,,6.08944,-0.0000999029,-0.000679999,999,,,,,,,3.8000000000000003,3.8000000000000003,4,4,,,,,,,,,,,,,,,,,,,"Wilber Dotel","sa3015163",696062
"Nate Savino","ARI",0.0408,0.0808,0.0437,6.12243,0.1878,0.1728,0,0,,1,4.734,1.1586,0.723,0.68027,0.153556,0.6397,,0.0558,0.5796,5.2164,5.7573,0.90605,1.382,0.122433,0.135129,-0.01269540935754776,0.286889,1.7983,0.304066,0.679142,,,6.09,-0.0000999029,-0.000679999,999,,,,,,,3.8000000000000003,3.8000000000000003,4,4,,,,,,,,,,,,,,,,,,,"Nate Savino","sa3023565",691014
"Hunter Kublick","STL",0.0401,0.078,0.0395,5.93388,0.314,0.146,0,0,,1,4.661,1.1493,0.7025,0.65932,0.163222,0.583,,0.0445,0.5384,4.8456,5.247,0.923499,1.469,0.115512,0.12508,-0.009568765759468079,0.284939,1.7323,0.295953,0.684804,,,6.09407,-0.0000999029,-0.000679999,999,,,,,,,3.8000000000000003,3.8000000000000003,4,4,,,,,,,,,,,,,,,,,,,"Hunter Kublick","sa3022879",815047
"Carlos Jimenez","PIT",0.0371,0.0796,0.0343,6.021,0.3601,0.1361,0,0,,1,4.769,1.0898,0.7128,0.669,0.142556,0.7515,,0.055,0.6709,6.0381,6.7635,0.892748,1.283,0.140679,0.15758,-0.016900822520256042,0.275028,1.8413,0.300804,0.687388,,,6.0974,-0.0000999029,-0.000679999,999,,,,,,,3.8000000000000003,3.8000000000000003,4,4,,,,,,,,,,,,,,,,,,,"Carlos Jimenez","sa3008711",683639
"Karson Milbrandt","MIA",0.0346,0.0877,0.0459,6.04503,0.1754,0.1754,0,0,,1,4.662,1.132,0.7132,0.67167,0.172556,0.5877,,0.0464,0.607,5.463,5.2893,1.03284,1.553,0.130202,0.126062,0.00413985550403595,0.28104,1.7197,0.295364,0.680932,,,6.098,-0.0000999029,-0.000679999,999,,,,,,,3.8000000000000003,3.8000000000000003,4,4,,,,,,,,,,,,,,,,,,,"Karson Milbrandt","sa3020659",703596
"Riley Cornelio","WSN",0.0386,0.0835,0.0496,5.85342,0.1754,0.1754,0,0,,1,4.604,1.1237,0.6923,0.65038,0.172889,0.5534,,0.0421,0.5509,4.9581,4.9806,0.995483,1.556,0.119657,0.1202,-0.0005430057644844055,0.280329,1.6771,0.289466,0.686245,,,6.09874,-0.0000999029,-0.000679999,999,,,,,,,3.8000000000000003,3.8000000000000003,4,4,,,,,,,,,,,,,,,,,,,"Riley Cornelio","sa3020830",683000
"Ryan Cardona","CIN",0.041,0.0802,0.0455,5.96835,0.201,0.17,0,0,,1,4.605,1.0952,0.7024,0.66315,0.200778,0.5499,,0.0484,0.7361,6.6249,4.9491,1.33861,1.807,0.159848,0.119414,0.04043430835008621,0.273342,1.6451,0.29136,0.691123,,,6.09929,-0.0000999029,-0.000679999,999,,,,,,,3.8000000000000003,3.8000000000000003,4,4,,,,,,,,,,,,,,,,,,,"Ryan Cardona","sa3017470",701318
"James Proctor","CIN",0.0394,0.0827,0.0446,6.11253,0.1754,0.1754,0,0,,1,4.617,1.1866,0.7218,0.67917,0.194556,0.4851,,0.0489,0.5952,5.3568,4.3659,1.22696,1.751,0.128915,0.105068,0.02384665608406067,0.29062,1.6717,0.301236,0.678829,,,6.1073,-0.0000999029,-0.000679999,999,,,,,,,6.800000000000001,6.800000000000001,7,7,,,,,,,,,,,,,,,,,,,"James Proctor","sa3014804",689101
"Drew Gray","CHC",0.042,0.0799,0.0512,5.77215,0.1754,0.1754,0,0,,1,4.739,1.0238,0.6828,0.64135,0.153556,0.7778,,0.052,0.7699,6.9291,7.0002,0.989843,1.382,0.16246,0.164127,-0.001667022705078125,0.261895,1.8016,0.291467,0.705146,,,6.1123,-0.0000999029,-0.000679999,999,,,,,,,3.8000000000000003,3.8000000000000003,4,4,,,,,,,,,,,,,,,,,,,"Drew Gray","sa3017964",695645
"Candido Cuevas","NYM",0.0425,0.0724,0.0343,5.86917,0.4113,0.1253,0,0,,1,4.715,1.0852,0.6953,0.65213,0.157111,0.6868,,0.0508,0.6532,5.8788,6.1812,0.951077,1.414,0.138537,0.145663,-0.0071261972188949585,0.272842,1.772,0.293042,0.69373,,,6.11532,-0.0000999029,-0.000679999,999,,,,,,,3.8000000000000003,3.8000000000000003,4,4,,,,,,,,,,,,,,,,,,,"Candido Cuevas","sa3018305",703341
"Juan Amarante","PHI",0.0428,0.0751,0.0413,5.80716,0.3131,0.1461,0,0,,1,4.663,1.1056,0.6878,0.64524,0.163222,0.6362,,0.0439,0.6042,5.4378,5.7258,0.949701,1.469,0.129573,0.136436,-0.006862536072731018,0.277587,1.7418,0.293076,0.696496,,,6.12027,-0.0000999029,-0.000679999,999,,,,,,,3.8000000000000003,3.8000000000000003,4,4,,,,,,,,,,,,,,,,,,,"Juan Amarante","sa3019048",702431
"Clevari Tejada","PIT",0.0366,0.079,0.0318,6.11892,0.3997,0.1277,0,0,,1,4.727,1.1778,0.7248,0.67988,0.149333,0.6279,,0.0512,0.5124,4.6116,5.6511,0.816053,1.344,0.108399,0.132833,-0.024434112012386322,0.290966,1.8057,0.303726,0.676987,,,6.12031,-0.0000999029,-0.000679999,999,,,,,,,3.8000000000000003,3.8000000000000003,4,4,,,,,,,,,,,,,,,,,,,"Clevari Tejada","sa3021040",814136
"Maddux Bruns","LAD",0.0469,0.0747,0.0502,5.82192,0.1754,0.1754,0,0,,1,4.693,1.0508,0.6875,0.64688,0.171778,0.6834,,0.0667,0.7644,6.8796,6.1506,1.11853,1.546,0.162881,0.145621,0.017259761691093445,0.266504,1.7342,0.292352,0.700738,,,6.12109,-0.0000999029,-0.000679999,999,,,,,,,3.8000000000000003,3.8000000000000003,4,4,,,,,,,,,,,,,,,,,,,"Maddux Bruns","sa3017782",691772
"Walin Castillo","MIA",0.0335,0.0873,0.0412,6.13863,0.2241,0.1651,0,0,,1,4.659,1.199,0.7257,0.68207,0.171,0.5265,,0.0472,0.4937,4.4433,4.7385,0.937702,1.539,0.105967,0.113007,-0.007040135562419891,0.293491,1.7255,0.300532,0.672768,,,6.12318,-0.0000999029,-0.000679999,999,,,,,,,1.8000000000000003,1.8000000000000003,2,2,,,,,,,,,,,,,,,,,,,"Walin Castillo","sa3019280",801384
"Quinton Low","MIL",0.0387,0.0794,0.0383,5.99634,0.3131,0.1461,0,0,,1,4.699,1.0881,0.7075,0.66626,0.172111,0.6617,,0.0517,0.7054,6.3486,5.9553,1.06604,1.549,0.150117,0.140817,0.009299859404563904,0.273008,1.7498,0.294711,0.690794,,,6.13332,-0.0000999029,-0.000679999,999,,,,,,,3.8000000000000003,3.8000000000000003,4,4,,,,,,,,,,,,,,,,,,,"Quinton Low","sa3017921",701703
"Adam Serwinowski","CIN",0.0408,0.0812,0.0473,5.97483,0.1754,0.1754,0,0,,1,4.684,1.1134,0.706,0.66387,0.178778,0.6258,,0.0513,0.6928,6.2352,5.6322,1.10706,1.609,0.147908,0.133604,0.014303997159004211,0.277871,1.7392,0.298094,0.69393,,,6.13629,-0.0000999029,-0.000679999,999,,,,,,,3.8000000000000003,3.8000000000000003,4,4,,,,,,,,,,,,,,,,,,,"Adam Serwinowski","sa3020626",703445
"Samuel Sanchez","LAD",0.0441,0.0763,0.0426,6.07221,0.2233,0.1653,0,0,,1,4.631,1.1651,0.7162,0.67469,0.187444,0.5289,,0.0445,0.5925,5.3325,4.7601,1.12025,1.687,0.127942,0.114209,0.01373351365327835,0.28714,1.694,0.298279,0.683023,,,6.13846,-0.0000999029,-0.000679999,999,,,,,,,3.8000000000000003,3.8000000000000003,4,4,,,,,,,,,,,,,,,,,,,"Samuel Sanchez","sa3021008",808247
"Carlos Castillo","PIT",0.0358,0.0814,0.0331,6.21378,0.3486,0.1386,0,0,,1,4.716,1.1748,0.7332,0.69042,0.161333,0.6107,,0.0474,0.5487,4.9383,5.4963,0.898477,1.452,0.116349,0.129495,-0.013146743178367615,0.289509,1.7855,0.30272,0.67471,,,6.14071,-0.0000999029,-0.000679999,999,,,,,,,3.8000000000000003,3.8000000000000003,4,4,,,,,,,,,,,,,,,,,,,"Carlos Castillo","sa3021500",807962
"Bryan Rivera","MIL",0.0383,0.0816,0.0416,6.02019,0.2505,0.1595,0,0,,1,4.674,1.1265,0.711,0.66891,0.174778,0.6014,,0.0511,0.6257,5.6313,5.4126,1.04041,1.573,0.133868,0.128669,0.005198970437049866,0.280119,1.7279,0.295472,0.685607,,,6.14469,-0.0000999029,-0.000679999,999,,,,,,,3.8000000000000003,3.8000000000000003,4,4,,,,,,,,,,,,,,,,,,,"Bryan Rivera","sa3019382",800469
"Christian Zazueta","LAD",0.0439,0.0714,0.0324,6.01839,0.3997,0.1277,0,0,,1,4.616,1.1381,0.7081,0.66871,0.193556,0.5268,,0.0492,0.633,5.697,4.7412,1.20159,1.742,0.137132,0.114125,0.023006945848464966,0.281708,1.6649,0.293935,0.686408,,,6.1447,-0.0000999029,-0.000679999,999,,,,,,,3.8000000000000003,3.8000000000000003,4,4,,,,,,,,,,,,,,,,,,,"Christian Zazueta","sa3018867",800537
"Jorge De Leon","NYM",0.0425,0.0769,0.0421,5.95863,0.2645,0.1565,0,0,,1,4.696,1.0825,0.7028,0.66207,0.171333,0.6553,,0.0512,0.6837,6.1533,5.8977,1.04334,1.542,0.145592,0.139544,0.006047695875167847,0.271337,1.7378,0.290693,0.690952,,,6.14591,-0.0000999029,-0.000679999,999,,,,,,,3.8000000000000003,3.8000000000000003,4,4,,,,,,,,,,,,,,,,,,,"Jorge De Leon","sa3016059",700305
"Yoscar Pimentel","ARI",0.039,0.083,0.0409,6.30549,0.1754,0.1754,0,0,,1,4.697,1.1858,0.7426,0.70061,0.169556,0.5697,,0.0542,0.5479,4.9311,5.1273,0.961734,1.526,0.116649,0.12129,-0.004641257226467133,0.29113,1.7555,0.302846,0.667206,,,6.1466,-0.0000999029,-0.000679999,999,,,,,,,3.8000000000000003,3.8000000000000003,4,4,,,,,,,,,,,,,,,,,,,"Yoscar Pimentel","sa3009599",683387
"Bryce Hubbart","CIN",0.0401,0.0776,0.0363,6.01254,0.323,0.144,0,0,,1,4.637,1.1062,0.706,0.66806,0.200111,0.5672,,0.0489,0.7319,6.5871,5.1048,1.29037,1.801,0.157839,0.12232,0.03551865369081497,0.275113,1.6734,0.293338,0.694351,,,6.15242,-0.0000999029,-0.000679999,999,,,,,,,3.8000000000000003,3.8000000000000003,4,4,,,,,,,,,,,,,,,,,,,"Bryce Hubbart","sa3020323",687114
"Edwin Nuñez","STL",0.0398,0.0792,0.0403,5.9562,0.2777,0.1537,0,0,,1,4.681,1.0804,0.7014,0.6618,0.172,0.6235,,0.0747,0.6707,6.0363,5.6115,1.0757,1.548,0.143281,0.133198,0.010083317756652832,0.271266,1.7039,0.28929,0.685189,,,6.15568,-0.0000999029,-0.000679999,999,,,,,,,3.8000000000000003,3.8000000000000003,4,4,,,,,,,,,,,,,,,,,,,"Edwin Nunez","sa3014813",695835
"Rayven Antonio","ATL",0.0419,0.0732,0.0303,6.18372,0.4104,0.1254,0,0,,1,4.717,1.1878,0.7314,0.68708,0.161889,0.6046,,0.0478,0.536,4.824,5.4414,0.886537,1.457,0.113632,0.128175,-0.014543145895004272,0.29223,1.7924,0.304722,0.677628,,,6.15624,-0.0000999029,-0.000679999,999,,,,,,,3.8000000000000003,3.8000000000000003,4,4,,,,,,,,,,,,,,,,,,,"Rayven Antonio","sa3021808",810982
"Bishop Letson","MIL",0.0382,0.0832,0.0445,6.04476,0.1985,0.1705,0,0,,1,4.656,1.1417,0.7135,0.67164,0.180444,0.563,,0.0529,0.6012,5.4108,5.067,1.06785,1.624,0.129124,0.120919,0.008204460144042969,0.282592,1.7047,0.295003,0.682608,,,6.15756,-0.0000999029,-0.000679999,999,,,,,,,3.8000000000000003,3.8000000000000003,4,4,,,,,,,,,,,,,,,,,,,"Bishop Letson","sa3023526",811309
"Peter Heubeck","LAD",0.047,0.0747,0.05,5.8365,0.1754,0.1754,0,0,,1,4.636,1.0325,0.687,0.6485,0.187556,0.642,,0.0547,0.7684,6.9156,5.778,1.19688,1.688,0.165746,0.138481,0.027264878153800964,0.262102,1.6745,0.283221,0.699401,,,6.158,-0.0000999029,-0.000679999,999,,,,,,,3.8000000000000003,3.8000000000000003,4,4,,,,,,,,,,,,,,,,,,,"Peter Heubeck","sa3017936",695646
"Cam Day","LAD",0.0435,0.0757,0.0399,6.07752,0.2637,0.1567,0,0,,1,4.679,1.1809,0.7202,0.67528,0.169,0.5756,,0.0513,0.5381,4.8429,5.1804,0.934851,1.521,0.115003,0.123018,-0.00801454484462738,0.291429,1.7565,0.302511,0.681821,,,6.16798,-0.0000999029,-0.000679999,999,,,,,,,3.8000000000000003,3.8000000000000003,4,4,,,,,,,,,,,,,,,,,,,"Cam Day","sa3023201",701764
"Jorge Rodriguez","NYM",0.0417,0.0734,0.0329,5.99814,0.4088,0.1258,0,0,,1,4.678,1.1204,0.7074,0.66646,0.175222,0.5998,,0.0512,0.612,5.508,5.3982,1.02034,1.577,0.130825,0.128217,0.0026079416275024414,0.278222,1.7202,0.291742,0.686696,,,6.17337,-0.0000999029,-0.000679999,999,,,,,,,3.8000000000000003,3.8000000000000003,4,4,,,,,,,,,,,,,,,,,,,"Jorge Rodriguez","sa3016459",691715
"Connor Staine","COL",0.0348,0.0873,0.039,6.37839,0.1837,0.1737,0,0,,1,4.603,1.1845,0.7472,0.70871,0.208333,0.4692,,0.0524,0.633,5.697,4.2228,1.3491,1.875,0.137519,0.101934,0.03558548539876938,0.290219,1.6537,0.30128,0.665549,,,6.17361,-0.0000999029,-0.000679999,999,,,,,,,6.800000000000001,6.800000000000001,7,7,,,,,,,,,,,,,,,,,,,"Connor Staine","sa3020739",688422
"Sterling Patick","LAD",0.0447,0.0767,0.0458,6.01092,0.1886,0.1726,0,0,,1,4.668,1.1638,0.7106,0.66788,0.176778,0.5725,,0.0481,0.5752,5.1768,5.1525,1.00472,1.591,0.123222,0.122644,0.0005784109234809875,0.287543,1.7363,0.299513,0.688939,,,6.17599,-0.0000999029,-0.000679999,999,,,,,,,3.8000000000000003,3.8000000000000003,4,4,,,,,,,,,,,,,,,,,,,"Sterling Patick","sa3024981",814507
"Daniel Corniel","MIL",0.0389,0.0832,0.0471,5.98248,0.1754,0.1754,0,0,,1,4.643,1.1211,0.706,0.66472,0.183111,0.5671,,0.0516,0.6109,5.4981,5.1039,1.07724,1.648,0.131574,0.122141,0.009433552622795105,0.278583,1.6882,0.290373,0.685968,,,6.18122,-0.0000999029,-0.000679999,999,,,,,,,3.8000000000000003,3.8000000000000003,4,4,,,,,,,,,,,,,,,,,,,"Daniel Corniel","sa3019395",802192
"Luis Martinez-Gomez","CHC",0.0385,0.0771,0.0321,6.11712,0.3964,0.1284,0,0,,1,4.699,1.1434,0.7225,0.67968,0.167111,0.6252,,0.0498,0.5878,5.2902,5.6268,0.940179,1.504,0.12509,0.13305,-0.007959127426147461,0.284145,1.7686,0.298642,0.681656,,,6.18832,-0.0000999029,-0.000679999,999,,,,,,,3.8000000000000003,3.8000000000000003,4,4,,,,,,,,,,,,,,,,,,,"Luis Martinez-Gomez","sa3023285",815292
"Bryan Caceres","WSN",0.0376,0.0839,0.0466,5.93415,0.1961,0.1711,0,0,,1,4.624,1.1561,0.7027,0.65935,0.170222,0.52,,0.0688,0.4783,4.3047,4.68,0.919808,1.532,0.103439,0.112457,-0.00901816040277481,0.286504,1.6761,0.291105,0.677012,,,6.18917,-0.0000999029,-0.000679999,999,,,,,,,1.8000000000000003,1.8000000000000003,2,2,,,,,,,,,,,,,,,,,,,"Bryan Caceres","sa3005687",678409
"Hyun-Seok Jang","LAD",0.0439,0.077,0.0427,6.10893,0.2084,0.1684,0,0,,1,4.669,1.1118,0.7186,0.67877,0.187778,0.6109,,0.0483,0.6979,6.2811,5.4981,1.14241,1.69,0.149475,0.130842,0.018633544445037842,0.277271,1.7227,0.29577,0.687829,,,6.18939,-0.0000999029,-0.000679999,999,,,,,,,3.8000000000000003,3.8000000000000003,4,4,,,,,,,,,,,,,,,,,,,"Hyun-Seok Jang","sa3023601",815794
"Payton Martin","LAD",0.0444,0.0774,0.0456,6.06357,0.1754,0.1754,0,0,,1,4.621,1.1631,0.7152,0.67373,0.191111,0.5149,,0.0479,0.5706,5.1354,4.6341,1.10818,1.72,0.12348,0.111426,0.012053661048412323,0.286605,1.678,0.294856,0.682622,,,6.19812,-0.0000999029,-0.000679999,999,,,,,,,3.8000000000000003,3.8000000000000003,4,4,,,,,,,,,,,,,,,,,,,"Payton Martin","sa3020869",806293
"Hunter Parks","CIN",0.04,0.0821,0.0453,6.07617,0.1754,0.1754,0,0,,1,4.666,1.0818,0.7153,0.67513,0.193556,0.619,,0.0613,0.7626,6.8634,5.571,1.23199,1.742,0.163438,0.132662,0.03077581524848938,0.27142,1.7008,0.293194,0.689247,,,6.1984,-0.0000999029,-0.000679999,999,,,,,,,3.8000000000000003,3.8000000000000003,4,4,,,,,,,,,,,,,,,,,,,"Hunter Parks","sa3017640",688609
"David Rodriguez","ATL",0.0416,0.0755,0.0332,6.24708,0.3371,0.1411,0,0,,1,4.681,1.181,0.7355,0.69412,0.179889,0.5626,,0.044,0.5627,5.0643,5.0634,1.00018,1.619,0.120209,0.120188,0.00002135336399078369,0.289859,1.7436,0.300471,0.675781,,,6.19944,-0.0000999029,-0.000679999,999,,,,,,,3.8000000000000003,3.8000000000000003,4,4,,,,,,,,,,,,,,,,,,,"David Rodriguez","sa3023659",815095
"Jose Bello","SFG",0.0358,0.0836,0.0384,6.17409,0.2744,0.1544,0,0,,1,4.762,1.1519,0.7307,0.68601,0.155,0.6637,,0.0488,0.5566,5.0094,5.9733,0.838632,1.395,0.116884,0.139374,-0.022490553557872772,0.284455,1.8156,0.298661,0.678656,,,6.20578,-0.0000999029,-0.000679999,999,,,,,,,3.8000000000000003,3.8000000000000003,4,4,,,,,,,,,,,,,,,,,,,"Jose Bello","sa3021530",808366
"Luis Rujano","CHC",0.0385,0.0771,0.0312,6.09993,0.3989,0.1279,0,0,,1,4.688,1.1296,0.7195,0.67777,0.172111,0.6184,,0.052,0.6006,5.4054,5.5656,0.971216,1.549,0.128114,0.131911,-0.0037969201803207397,0.281163,1.748,0.295076,0.682462,,,6.21392,-0.0000999029,-0.000679999,999,,,,,,,3.8000000000000003,3.8000000000000003,4,4,,,,,,,,,,,,,,,,,,,"Luis Rujano","sa3020904",701329
"Joel Díaz","NYM",0.0423,0.0787,0.045,5.98608,0.2068,0.1688,0,0,,1,4.628,1.1364,0.7055,0.66512,0.187,0.532,,0.0455,0.5565,5.0085,4.788,1.04605,1.683,0.120246,0.114952,0.0052938684821128845,0.280558,1.6684,0.287088,0.684559,,,6.21698,-0.0000999029,-0.000679999,999,,,,,,,3.8000000000000003,3.8000000000000003,4,4,,,,,,,,,,,,,,,,,,,"Joel Diaz","sa3015500",699309
"Yenrri Rojas","CHC",0.038,0.0789,0.034,6.1326,0.3494,0.1384,0,0,,1,4.664,1.1978,0.7254,0.6814,0.171222,0.538,,0.0486,0.467,4.203,4.842,0.86803,1.541,0.100129,0.115352,-0.015222981572151184,0.293766,1.7358,0.298495,0.675361,,,6.21817,-0.0000999029,-0.000679999,999,,,,,,,1.8000000000000003,1.8000000000000003,2,2,,,,,,,,,,,,,,,,,,,"Yenrri Rojas","sa3018366",805060
"Jeremy Reyes","ATL",0.0413,0.08,0.0402,6.28128,0.1977,0.1707,0,0,,1,4.737,1.176,0.742,0.69792,0.164667,0.6368,,0.0468,0.5676,5.1084,5.7312,0.891332,1.482,0.119823,0.134431,-0.014608405530452728,0.290127,1.8128,0.304515,0.676751,,,6.22275,-0.0000999029,-0.000679999,999,,,,,,,3.8000000000000003,3.8000000000000003,4,4,,,,,,,,,,,,,,,,,,,"Jeremy Reyes","sa3021018",808512
"Owen Kellington","PIT",0.0354,0.0856,0.0396,6.24141,0.2191,0.1661,0,0,,1,4.72,1.1389,0.7345,0.69349,0.168889,0.6442,,0.0443,0.6001,5.4009,5.7978,0.931543,1.52,0.12714,0.136483,-0.009343221783638,0.2825,1.7831,0.29732,0.677979,,,6.22734,-0.0000999029,-0.000679999,999,,,,,,,3.8000000000000003,3.8000000000000003,4,4,,,,,,,,,,,,,,,,,,,"Owen Kellington","sa3018801",701685
"Luke Fox","LAD",0.0443,0.0767,0.0443,6.05061,0.2002,0.1702,0,0,,1,4.69,1.1345,0.714,0.67229,0.179111,0.6217,,0.0462,0.6353,5.7177,5.5953,1.02188,1.612,0.135458,0.132559,0.0028997808694839478,0.282067,1.7562,0.297843,0.692287,,,6.22802,-0.0000999029,-0.000679999,999,,,,,,,3.8000000000000003,3.8000000000000003,4,4,,,,,,,,,,,,,,,,,,,"Luke Fox","sa3023673",803183
"Thomas Farr","CIN",0.0388,0.0832,0.0432,6.18903,0.1754,0.1754,0,0,,1,4.572,1.1998,0.7273,0.68767,0.218333,0.3856,,0.0721,0.5744,5.1696,3.4704,1.48963,1.965,0.125634,0.0843395,0.04129484295845032,0.291617,1.5854,0.295483,0.67053,,,6.22911,-0.0000999029,-0.000679999,999,,,,,,,6.800000000000001,6.800000000000001,7,7,,,,,,,,,,,,,,,,,,,"Thomas Farr","sa3017720",686671
"Micah Ottenbreit","PHI",0.0406,0.0814,0.0453,6.07932,0.1754,0.1754,0,0,,1,4.64,1.1462,0.7178,0.67548,0.181778,0.5573,,0.055,0.5649,5.0841,5.0157,1.01364,1.636,0.121746,0.120108,0.0016379356384277344,0.284579,1.7035,0.29394,0.680257,,,6.23669,-0.0000999029,-0.000679999,999,,,,,,,3.8000000000000003,3.8000000000000003,4,4,,,,,,,,,,,,,,,,,,,"Micah Ottenbreit","sa3017860",695648
"Travis Sthele","WSN",0.0362,0.0856,0.0443,6.07761,0.1911,0.1721,0,0,,1,4.644,1.18,0.719,0.67529,0.172333,0.5453,,0.0437,0.4662,4.1958,4.9077,0.854942,1.551,0.100388,0.11742,-0.01703273504972458,0.290999,1.7253,0.294944,0.678084,,,6.24141,-0.0000999029,-0.000679999,999,,,,,,,1.8000000000000003,1.8000000000000003,2,2,,,,,,,,,,,,,,,,,,,"Travis Sthele","sa3022941",691017
"Alexander Vallecillo","MIL",0.0378,0.082,0.0399,6.09543,0.2562,0.1582,0,0,,1,4.668,1.1258,0.7181,0.67727,0.185333,0.5929,,0.046,0.6243,5.6187,5.3361,1.05296,1.668,0.13374,0.127014,0.006726652383804321,0.279417,1.7187,0.292119,0.685703,,,6.24391,-0.0000999029,-0.000679999,999,,,,,,,3.8000000000000003,3.8000000000000003,4,4,,,,,,,,,,,,,,,,,,,"Alexander Vallecillo","sa3016034",699132
"Wellington Aracena","NYM",0.0415,0.0774,0.0402,6.01155,0.2777,0.1537,0,0,,1,4.75,1.0953,0.712,0.66795,0.157333,0.7203,,0.0476,0.6331,5.6979,6.4827,0.878939,1.416,0.133284,0.151642,-0.018357902765274048,0.275056,1.8156,0.29388,0.691768,,,6.24931,-0.0000999029,-0.000679999,999,,,,,,,3.8000000000000003,3.8000000000000003,4,4,,,,,,,,,,,,,,,,,,,"Wellington Aracena","sa3019265",800286
"Ben Brutti","CIN",0.038,0.0814,0.0371,6.21153,0.2694,0.1554,0,0,,1,4.719,1.1732,0.7358,0.69017,0.173667,0.6118,,0.0591,0.5904,5.3136,5.5062,0.965021,1.563,0.125111,0.129646,-0.004534870386123657,0.289815,1.785,0.304362,0.680474,,,6.25605,-0.0000999029,-0.000679999,999,,,,,,,3.8000000000000003,3.8000000000000003,4,4,,,,,,,,,,,,,,,,,,,"Ben Brutti","sa3021478",804992
"David Lorduy","CIN",0.0382,0.0781,0.031,6.23484,0.3725,0.1335,0,0,,1,4.638,1.1674,0.7334,0.69276,0.205333,0.5215,,0.0446,0.6286,5.6574,4.6935,1.20537,1.848,0.135533,0.112441,0.02309185266494751,0.286697,1.6889,0.297121,0.681802,,,6.27691,-0.0000999029,-0.000679999,999,,,,,,,3.8000000000000003,3.8000000000000003,4,4,,,,,,,,,,,,,,,,,,,"David Lorduy","sa3019135",800124
"Manuel Rodriguez","MIL",0.038,0.0841,0.0447,6.10767,0.1754,0.1754,0,0,,1,4.554,1.1762,0.7159,0.67863,0.218889,0.4007,,0.0501,0.5389,4.8501,3.6063,1.3449,1.97,0.118336,0.0879886,0.030346952378749847,0.286654,1.5769,0.286157,0.67771,,,6.28664,-0.0000999029,-0.000679999,999,,,,,,,6.800000000000001,6.800000000000001,7,7,,,,,,,,,,,,,,,,,,,"Manuel Rodriguez","sa3019291",804973
"Denny Larrondo","ARI",0.0386,0.0835,0.0401,6.34635,0.1754,0.1754,0,0,,1,4.76,1.1258,0.7468,0.70515,0.165111,0.686,,0.0614,0.6331,5.6979,6.174,0.922886,1.486,0.133004,0.144118,-0.011113449931144714,0.280566,1.8118,0.298871,0.673776,,,6.28892,-0.0000999029,-0.000679999,999,,,,,,,3.8000000000000003,3.8000000000000003,4,4,,,,,,,,,,,,,,,,,,,"Denny Larrondo","sa3010654",682644
"Austin Emener","COL",0.0331,0.0893,0.0366,6.52986,0.1754,0.1754,0,0,,1,4.677,1.2116,0.7653,0.72554,0.199778,0.5316,,0.0458,0.5955,5.3595,4.7844,1.1202,1.798,0.127325,0.113663,0.013662606477737427,0.295541,1.7432,0.306212,0.668188,,,6.30479,-0.0000999029,-0.000679999,999,,,,,,,3.8000000000000003,3.8000000000000003,4,4,,,,,,,,,,,,,,,,,,,"Austin Emener","sa3022799",815305
"Ernesto Mercedes","NYM",0.0413,0.0789,0.0422,6.04242,0.234,0.163,0,0,,1,4.777,1.0632,0.7146,0.67138,0.158444,0.7634,,0.0588,0.6904,6.2136,6.8706,0.904375,1.426,0.144526,0.159807,-0.0152815580368042,0.268838,1.8266,0.291297,0.692931,,,6.31206,-0.0000999029,-0.000679999,999,,,,,,,3.8000000000000003,3.8000000000000003,4,4,,,,,,,,,,,,,,,,,,,"Ernesto Mercedes","sa3018835",800233
"Zander Mueth","PIT",0.0338,0.0883,0.0392,6.36984,0.1845,0.1735,0,0,,1,4.774,1.1617,0.7513,0.70776,0.159333,0.6738,,0.0612,0.5608,5.0472,6.0642,0.832294,1.434,0.11747,0.141139,-0.02366986870765686,0.287621,1.8355,0.302021,0.6724,,,6.32121,-0.0000999029,-0.000679999,999,,,,,,,3.8000000000000003,3.8000000000000003,4,4,,,,,,,,,,,,,,,,,,,"Zander Mueth","sa3023569",805800
"Manuel Olivares","COL",0.0366,0.0839,0.0385,6.28515,0.2332,0.1632,0,0,,1,4.734,1.1991,0.7439,0.69835,0.163556,0.6141,,0.0485,0.4767,4.2903,5.5269,0.776258,1.472,0.100697,0.129721,-0.029024064540863037,0.294518,1.8132,0.301807,0.674968,,,6.3271,-0.0000999029,-0.000679999,999,,,,,,,1.8000000000000003,1.8000000000000003,2,2,,,,,,,,,,,,,,,,,,,"Manuel Olivares","sa3009471",683416
"Eriq Swan","LAD",0.042,0.078,0.0377,6.28533,0.2422,0.1612,0,0,,1,4.686,1.1603,0.7395,0.69837,0.191556,0.5863,,0.0473,0.6109,5.4981,5.2767,1.04196,1.724,0.130367,0.125117,0.005249679088592529,0.286324,1.7466,0.29808,0.681199,,,6.3357,-0.0000999029,-0.000679999,999,,,,,,,3.8000000000000003,3.8000000000000003,4,4,,,,,,,,,,,,,,,,,,,"Eriq Swan","sa3023514",811291
"Miguel Mendez","SDP",0.0395,0.082,0.045,6.03648,0.1919,0.1719,0,0,,1,4.672,1.0935,0.7119,0.67072,0.178889,0.6364,,0.0581,0.616,5.544,5.7276,0.967945,1.61,0.131849,0.136216,-0.004366427659988403,0.274921,1.7299,0.287378,0.688091,,,6.34354,-0.0000999029,-0.000679999,999,,,,,,,3.8000000000000003,3.8000000000000003,4,4,,,,,,,,,,,,,,,,,,,"Miguel Mendez","sa3015506",700280
"Jordy Vargas","COL",0.0316,0.0908,0.0339,6.66882,0.1754,0.1754,0,0,,1,4.682,1.2177,0.7815,0.74098,0.202778,0.5306,,0.0503,0.5981,5.3829,4.7754,1.12721,1.825,0.127745,0.113328,0.014416918158531189,0.29692,1.7483,0.307531,0.660197,,,6.34909,-0.0000999029,-0.000679999,999,,,,,,,3.8000000000000003,3.8000000000000003,4,4,,,,,,,,,,,,,,,,,,,"Jordy Vargas","sa3016052",700174
"Juan Martinez","CIN",0.0372,0.0816,0.034,6.3288,0.2934,0.1504,0,0,,1,4.69,1.1906,0.7469,0.7032,0.192444,0.5611,,0.0503,0.5722,5.1498,5.0499,1.01978,1.732,0.122004,0.119638,0.0023667365312576294,0.291914,1.7517,0.301198,0.677876,,,6.35806,-0.0000999029,-0.000679999,999,,,,,,,3.8000000000000003,3.8000000000000003,4,4,,,,,,,,,,,,,,,,,,,"Juan Martinez","sa3016278",700288
"Giussepe Velasquez","PHI",0.0392,0.0787,0.035,6.20802,0.3156,0.1456,0,0,,1,4.676,1.1345,0.7312,0.68978,0.186111,0.6091,,0.0479,0.5955,5.3595,5.4819,0.977672,1.675,0.127352,0.130261,-0.002908468246459961,0.282284,1.7436,0.292949,0.68265,,,6.36592,-0.0000999029,-0.000679999,999,,,,,,,3.8000000000000003,3.8000000000000003,4,4,,,,,,,,,,,,,,,,,,,"Giussepe Velasquez","sa3016463",691908
"Bryan Mena","COL",0.0313,0.0885,0.0288,6.70842,0.2686,0.1556,0,0,,1,4.734,1.2492,0.7898,0.74538,0.183222,0.5742,,0.0503,0.5268,4.7412,5.1678,0.91745,1.649,0.11128,0.121293,-0.0100126713514328,0.303979,1.8234,0.313571,0.659651,,,6.36827,-0.0000999029,-0.000679999,999,,,,,,,3.8000000000000003,3.8000000000000003,4,4,,,,,,,,,,,,,,,,,,,"Bryan Mena","sa3016613",700167
"Luis Arestigueta","ATL",0.0405,0.0795,0.0358,6.37974,0.2439,0.1609,0,0,,1,4.713,1.1715,0.7499,0.70886,0.184556,0.5928,,0.053,0.5668,5.1012,5.3352,0.95614,1.661,0.120263,0.12578,-0.005516655743122101,0.288036,1.7643,0.297645,0.673607,,,6.3695,-0.0000999029,-0.000679999,999,,,,,,,3.8000000000000003,3.8000000000000003,4,4,,,,,,,,,,,,,,,,,,,"Luis Arestigueta","sa3021521",808244
"Danyony Pulido","PHI",0.0396,0.0815,0.0417,6.16401,0.2068,0.1688,0,0,,1,4.693,1.1231,0.7278,0.68489,0.177556,0.6412,,0.0523,0.5926,5.3334,5.7708,0.924205,1.598,0.126273,0.136629,-0.010355859994888306,0.28081,1.7643,0.292798,0.683832,,,6.37,-0.0000999029,-0.000679999,999,,,,,,,3.8000000000000003,3.8000000000000003,4,4,,,,,,,,,,,,,,,,,,,"Danyony Pulido","sa3015502",699707
"Alfredo Romero","CHC",0.0363,0.0832,0.0356,6.32331,0.2653,0.1563,0,0,,1,4.707,1.1734,0.7451,0.70259,0.179333,0.6013,,0.0466,0.5306,4.7754,5.4117,0.882421,1.614,0.112726,0.127746,-0.015020176768302917,0.289079,1.7747,0.29681,0.675753,,,6.38031,-0.0000999029,-0.000679999,999,,,,,,,3.8000000000000003,3.8000000000000003,4,4,,,,,,,,,,,,,,,,,,,"Alfredo Romero","sa3018345",801252
"Bryan Sanchez","WSN",0.0354,0.0799,0.0299,6.16896,0.4113,0.1253,0,0,,1,4.758,1.1428,0.7312,0.68544,0.152889,0.7022,,0.0579,0.5204,4.6836,6.3198,0.741099,1.376,0.109374,0.147583,-0.03820933401584625,0.28585,1.845,0.297752,0.682913,,,6.39354,-0.0000999029,-0.000679999,999,,,,,,,3.8000000000000003,3.8000000000000003,4,4,,,,,,,,,,,,,,,,,,,"Bryan Sanchez","sa3009558",683885
"Luis Bermudez","SFG",0.0342,0.0849,0.0352,6.33447,0.2826,0.1526,0,0,,1,4.797,1.1745,0.7497,0.70383,0.156,0.6824,,0.0484,0.4959,4.4631,6.1416,0.7267,1.404,0.103377,0.142256,-0.038878463208675385,0.288845,1.8569,0.298304,0.67574,,,6.39508,-0.0000999029,-0.000679999,999,,,,,,,1.8000000000000003,1.8000000000000003,2,2,,,,,,,,,,,,,,,,,,,"Luis Bermudez","sa3018317",800089
"Jesus Rivero","MIL",0.0366,0.0787,0.0284,6.22251,0.4113,0.1253,0,0,,1,4.752,1.0662,0.7305,0.69139,0.184222,0.6985,,0.0787,0.7384,6.6456,6.2865,1.05712,1.658,0.155387,0.146991,0.008396461606025696,0.26824,1.7647,0.288967,0.68636,,,6.41617,-0.0000999029,-0.000679999,999,,,,,,,3.8000000000000003,3.8000000000000003,4,4,,,,,,,,,,,,,,,,,,,"Jesus Rivero","sa3017012",701865
"Luichi Casilla","COL",0.038,0.0811,0.0387,6.1317,0.2785,0.1535,0,0,,1,4.829,1.1296,0.7278,0.6813,0.142222,0.7899,,0.0509,0.5559,5.0031,7.1091,0.70376,1.28,0.115117,0.163574,-0.04845723509788513,0.283236,1.9195,0.300108,0.692692,,,6.42597,-0.0000999029,-0.000679999,999,,,,,,,3.8000000000000003,3.8000000000000003,4,4,,,,,,,,,,,,,,,,,,,"Luichi Casilla","sa3018332",800436
"Nazier Mulé","CHC",0.0359,0.0861,0.0397,6.34329,0.1853,0.1733,0,0,,1,4.763,1.1618,0.7496,0.70481,0.164556,0.6749,,0.0563,0.5365,4.8285,6.0741,0.794933,1.481,0.112639,0.141696,-0.029057323932647705,0.288159,1.8367,0.299406,0.676763,,,6.4263,-0.0000999029,-0.000679999,999,,,,,,,3.8000000000000003,3.8000000000000003,4,4,,,,,,,,,,,,,,,,,,,"Nazier Mule","sa3023566",702271
"Ismael Luciano","COL",0.0314,0.0843,0.0217,6.77718,0.403,0.127,0,0,,1,4.774,1.2451,0.7979,0.75302,0.178778,0.6179,,0.0546,0.5368,4.8312,5.5611,0.868749,1.609,0.112442,0.12943,-0.01698785275220871,0.303572,1.863,0.314928,0.660441,,,6.43449,-0.0000999029,-0.000679999,999,,,,,,,3.8000000000000003,3.8000000000000003,4,4,,,,,,,,,,,,,,,,,,,"Ismael Luciano","sa3016227",692593
"Pedro Reyes","PHI",0.0385,0.0803,0.0352,6.28254,0.2868,0.1518,0,0,,1,4.658,1.179,0.7401,0.69806,0.191889,0.5434,,0.0521,0.5056,4.5504,4.8906,0.930438,1.727,0.108544,0.11666,-0.008115075528621674,0.290215,1.7224,0.293346,0.675698,,,6.43634,-0.0000999029,-0.000679999,999,,,,,,,3.8000000000000003,3.8000000000000003,4,4,,,,,,,,,,,,,,,,,,,"Pedro Reyes","sa3015994",693804
"Eric Prado","MIL",0.0358,0.081,0.0304,6.3414,0.361,0.136,0,0,,1,4.7,1.1565,0.7448,0.7046,0.195111,0.5917,,0.0464,0.5885,5.2965,5.3253,0.994592,1.756,0.125213,0.125894,-0.0006808489561080933,0.284719,1.7482,0.293259,0.680251,,,6.44022,-0.0000999029,-0.000679999,999,,,,,,,3.8000000000000003,3.8000000000000003,4,4,,,,,,,,,,,,,,,,,,,"Eric Prado","sa3021780",808260
"Mason McGwire","CHC",0.036,0.0826,0.0336,6.34563,0.2983,0.1493,0,0,,1,4.781,1.166,0.7508,0.70507,0.159333,0.7019,,0.0502,0.5259,4.7331,6.3171,0.749252,1.434,0.109998,0.14681,-0.03681238740682602,0.289409,1.8679,0.301067,0.679157,,,6.44231,-0.0000999029,-0.000679999,999,,,,,,,3.8000000000000003,3.8000000000000003,4,4,,,,,,,,,,,,,,,,,,,"Mason McGwire","sa3020961",702576
"Gabriel Agostini","WSN",0.0359,0.0864,0.0444,6.12288,0.1754,0.1754,0,0,,1,4.699,1.1363,0.7218,0.68032,0.175667,0.6255,,0.0522,0.5096,4.5864,5.6295,0.814708,1.581,0.108449,0.133113,-0.02466484159231186,0.28257,1.7618,0.287957,0.686076,,,6.46405,-0.0000999029,-0.000679999,999,,,,,,,3.8000000000000003,3.8000000000000003,4,4,,,,,,,,,,,,,,,,,,,"Gabriel Agostini","sa3015488",698989
"Liomar Martinez","MIA",0.0299,0.0919,0.0361,6.49674,0.1977,0.1707,0,0,,1,4.763,1.1848,0.7652,0.72186,0.174778,0.6384,,0.0557,0.5241,4.7169,5.7456,0.820959,1.573,0.110036,0.134033,-0.023997478187084198,0.291184,1.8232,0.299708,0.670252,,,6.47269,-0.0000999029,-0.000679999,999,,,,,,,3.8000000000000003,3.8000000000000003,4,4,,,,,,,,,,,,,,,,,,,"Liomar Martinez","sa3019612",801737
"Francis Rivera","COL",0.0319,0.0814,0.0184,6.85314,0.4846,0.1096,0,0,,1,4.764,1.2571,0.805,0.76146,0.188444,0.5906,,0.0513,0.5307,4.7763,5.3154,0.898578,1.696,0.111398,0.123971,-0.012573465704917908,0.304966,1.8477,0.314037,0.658321,,,6.48056,-0.0000999029,-0.000679999,999,,,,,,,3.8000000000000003,3.8000000000000003,4,4,,,,,,,,,,,,,,,,,,,"Francis Rivera","sa3009217",682863
"Yadiel Batista","STL",0.0368,0.085,0.0408,6.26841,0.1919,0.1719,0,0,,1,4.769,1.1785,0.7403,0.69649,0.163444,0.6649,,0.0472,0.4707,4.2363,5.9841,0.707926,1.471,0.0986999,0.139421,-0.04072131961584091,0.290493,1.8434,0.296561,0.683213,,,6.48616,-0.0000999029,-0.000679999,999,,,,,,,1.8000000000000003,1.8000000000000003,2,2,,,,,,,,,,,,,,,,,,,"Yadiel Batista","sa3021558",810098
"Juan De La Cruz","MIA",0.0299,0.092,0.0358,6.50682,0.1977,0.1707,0,0,,1,4.767,1.1737,0.7657,0.72298,0.177222,0.6386,,0.0662,0.5412,4.8708,5.7474,0.847479,1.595,0.113531,0.133963,-0.020432129502296448,0.288932,1.8123,0.29801,0.669101,,,6.50237,-0.0000999029,-0.000679999,999,,,,,,,3.8000000000000003,3.8000000000000003,4,4,,,,,,,,,,,,,,,,,,,"Juan De La Cruz","sa3019171",801275
"Gabriel Aguilera","CIN",0.0353,0.0852,0.0337,6.50691,0.2348,0.1628,0,0,,1,4.714,1.2025,0.7664,0.72299,0.199889,0.5689,,0.0534,0.558,5.022,5.1201,0.98084,1.799,0.118371,0.120683,-0.0023122578859329224,0.293888,1.7714,0.30074,0.673793,,,6.51594,-0.0000999029,-0.000679999,999,,,,,,,3.8000000000000003,3.8000000000000003,4,4,,,,,,,,,,,,,,,,,,,"Gabriel Aguilera","sa3009494",683733
"Camilo Sanchez","WSN",0.0339,0.086,0.0357,6.34482,0.2579,0.1579,0,0,,1,4.69,1.1589,0.746,0.70498,0.188444,0.5956,,0.0483,0.5145,4.6305,5.3604,0.863835,1.696,0.109701,0.126994,-0.017292097210884094,0.286424,1.7545,0.290281,0.676538,,,6.51896,-0.0000999029,-0.000679999,999,,,,,,,3.8000000000000003,3.8000000000000003,4,4,,,,,,,,,,,,,,,,,,,"Camilo Sanchez","sa3018834",800229
"Orlando Gonzalez","PHI",0.038,0.0803,0.0334,6.34761,0.3065,0.1475,0,0,,1,4.711,1.1471,0.7476,0.70529,0.186778,0.631,,0.053,0.5542,4.9878,5.679,0.878288,1.681,0.11764,0.133942,-0.016302265226840973,0.284852,1.7781,0.292245,0.679475,,,6.53819,-0.0000999029,-0.000679999,999,,,,,,,3.8000000000000003,3.8000000000000003,4,4,,,,,,,,,,,,,,,,,,,"Orlando Gonzalez","sa3024196",701432
"Enrique Segura","PHI",0.0374,0.0844,0.039,6.37371,0.1862,0.1732,0,0,,1,4.729,1.1538,0.7519,0.70819,0.181556,0.6391,,0.0631,0.534,4.806,5.7519,0.83555,1.634,0.11292,0.135145,-0.02222457528114319,0.28653,1.7929,0.293619,0.676535,,,6.5653,-0.0000999029,-0.000679999,999,,,,,,,3.8000000000000003,3.8000000000000003,4,4,,,,,,,,,,,,,,,,,,,"Enrique Segura","sa3019147",800283
"Angel Jimenez","COL",0.0342,0.0875,0.0357,6.53625,0.1936,0.1716,0,0,,1,4.756,1.1751,0.7683,0.72625,0.184889,0.6403,,0.0497,0.5364,4.8276,5.7627,0.837732,1.664,0.112784,0.13463,-0.02184607833623886,0.289006,1.8154,0.296053,0.672703,,,6.56723,-0.0000999029,-0.000679999,999,,,,,,,3.8000000000000003,3.8000000000000003,4,4,,,,,,,,,,,,,,,,,,,"Angel Jimenez","sa3018287",691439
"Ricardo Estrada","SFG",0.0359,0.0836,0.0352,6.37605,0.267,0.156,0,0,,1,4.815,1.1674,0.7529,0.70845,0.161556,0.7255,,0.0475,0.5063,4.5567,6.5295,0.697864,1.454,0.105151,0.150675,-0.04552440345287323,0.288817,1.8929,0.298104,0.683977,,,6.5731,-0.0000999029,-0.000679999,999,,,,,,,3.8000000000000003,3.8000000000000003,4,4,,,,,,,,,,,,,,,,,,,"Ricardo Estrada","sa3016017",698962
"Jackson Cox","COL",0.0284,0.0936,0.0273,6.97356,0.1936,0.1716,0,0,,1,4.763,1.2505,0.8175,0.77484,0.198889,0.5942,,0.0483,0.5529,4.9761,5.3478,0.930495,1.79,0.116082,0.124753,-0.008671008050441742,0.303483,1.8447,0.31217,0.655832,,,6.57374,-0.0000999029,-0.000679999,999,,,,,,,3.8000000000000003,3.8000000000000003,4,4,,,,,,,,,,,,,,,,,,,"Jackson Cox","sa3020899",702484
"Javier Bartolozzi","LAD",0.0338,0.0882,0.0355,6.55911,0.1886,0.1726,0,0,,1,4.766,1.198,0.7725,0.72879,0.179333,0.6399,,0.0469,0.486,4.374,5.7591,0.759494,1.614,0.101972,0.134264,-0.0322912335395813,0.293685,1.8379,0.298391,0.6714,,,6.58621,-0.0000999029,-0.000679999,999,,,,,,,1.8000000000000003,1.8000000000000003,2,2,,,,,,,,,,,,,,,,,,,"Javier Bartolozzi","sa3021568",812745
"Keiverson Ramirez","STL",0.034,0.0884,0.0367,6.52653,0.1754,0.1754,0,0,,1,4.773,1.1994,0.7699,0.72517,0.174222,0.6464,,0.051,0.4684,4.2156,5.8176,0.724629,1.568,0.0981354,0.135428,-0.03729310631752014,0.294288,1.8458,0.298626,0.671645,,,6.58677,-0.0000999029,-0.000679999,999,,,,,,,1.8000000000000003,1.8000000000000003,2,2,,,,,,,,,,,,,,,,,,,"Keiverson Ramirez","sa3022126",808138
"Omar Victorino","NYM",0.0381,0.0829,0.0374,6.37785,0.215,0.167,0,0,,1,4.826,1.1134,0.7527,0.70865,0.165556,0.7705,,0.057,0.6049,5.4441,6.9345,0.785075,1.49,0.125342,0.159656,-0.034314125776290894,0.278454,1.8839,0.293628,0.684695,,,6.5914,-0.0000999029,-0.000679999,999,,,,,,,3.8000000000000003,3.8000000000000003,4,4,,,,,,,,,,,,,,,,,,,"Omar Victorino","sa3019273",800466
"Ovis Portes","CIN",0.0357,0.0785,0.0229,6.54525,0.45,0.117,0,0,,1,4.789,1.1366,0.7698,0.72725,0.192222,0.7099,,0.0537,0.6805,6.1245,6.3891,0.958586,1.73,0.142096,0.148236,-0.006139084696769714,0.282357,1.8465,0.299548,0.682584,,,6.59517,-0.0000999029,-0.000679999,999,,,,,,,3.8000000000000003,3.8000000000000003,4,4,,,,,,,,,,,,,,,,,,,"Ovis Portes","sa3019644",802086
"Bryan Polanco","WSN",0.0332,0.0878,0.0365,6.40179,0.2216,0.1656,0,0,,1,4.686,1.1698,0.752,0.71131,0.194667,0.5716,,0.0524,0.4847,4.3623,5.1444,0.847971,1.752,0.103436,0.12198,-0.018544606864452362,0.287986,1.7414,0.288276,0.673581,,,6.59975,-0.0000999029,-0.000679999,999,,,,,,,1.8000000000000003,1.8000000000000003,2,2,,,,,,,,,,,,,,,,,,,"Bryan Polanco","sa3016915",702877
"Josbel Garcia","PHI",0.0374,0.0772,0.0258,6.42654,0.4335,0.1205,0,0,,1,4.736,1.1754,0.7578,0.71406,0.182333,0.6404,,0.0479,0.4998,4.4982,5.7636,0.78045,1.641,0.105532,0.13522,-0.029687494039535522,0.290387,1.8158,0.295067,0.677973,,,6.60211,-0.0000999029,-0.000679999,999,,,,,,,1.8000000000000003,1.8000000000000003,2,2,,,,,,,,,,,,,,,,,,,"Josbel Garcia","sa3019250",703863
"Luifer Romero","MIA",0.036,0.0835,0.0356,6.35859,0.2661,0.1561,0,0,,1,4.817,1.1643,0.7513,0.70651,0.160556,0.7245,,0.0551,0.4932,4.4388,6.5205,0.680745,1.445,0.102387,0.150405,-0.04801744222640991,0.288379,1.8888,0.296646,0.683585,,,6.6061,-0.0000999029,-0.000679999,999,,,,,,,1.8000000000000003,1.8000000000000003,2,2,,,,,,,,,,,,,,,,,,,"Luifer Romero","sa3018349",801463
"Jose Rengel","SFG",0.0344,0.081,0.0283,6.38811,0.4113,0.1253,0,0,,1,4.898,1.1533,0.7559,0.70979,0.145444,0.8053,,0.053,0.5076,4.5684,7.2477,0.630324,1.309,0.103634,0.164414,-0.06077990680932999,0.285492,1.9586,0.297596,0.685308,,,6.61696,-0.0000999029,-0.000679999,999,,,,,,,3.8000000000000003,3.8000000000000003,4,4,,,,,,,,,,,,,,,,,,,"Jose Rengel","sa3021790",808373
"Cole Schoenwetter","CIN",0.0344,0.0851,0.0301,6.62652,0.2719,0.1549,0,0,,1,4.773,1.1624,0.7789,0.73628,0.199778,0.6713,,0.0475,0.6421,5.7789,6.0417,0.956502,1.798,0.134528,0.140645,-0.0061177462339401245,0.286715,1.8337,0.299666,0.67876,,,6.63579,-0.0000999029,-0.000679999,999,,,,,,,3.8000000000000003,3.8000000000000003,4,4,,,,,,,,,,,,,,,,,,,"Cole Schoenwetter","sa3023567",800616
"Ervin Torres","COL",0.0349,0.0869,0.0374,6.45228,0.1919,0.1719,0,0,,1,4.797,1.1873,0.7608,0.71692,0.170111,0.6785,,0.0514,0.4658,4.1922,6.1065,0.686514,1.531,0.0971024,0.141443,-0.044340215623378754,0.291928,1.8658,0.296454,0.678895,,,6.63602,-0.0000999029,-0.000679999,999,,,,,,,1.8000000000000003,1.8000000000000003,2,2,,,,,,,,,,,,,,,,,,,"Ervin Torres","sa3018827",800150
"Adrian Herrera","CIN",0.0352,0.0788,0.0217,6.63066,0.4566,0.1156,0,0,,1,4.742,1.173,0.7774,0.73674,0.210667,0.6126,,0.0539,0.6334,5.7006,5.5134,1.03395,1.896,0.133572,0.129186,0.004386335611343384,0.287817,1.7856,0.297804,0.676342,,,6.63785,-0.0000999029,-0.000679999,999,,,,,,,3.8000000000000003,3.8000000000000003,4,4,,,,,,,,,,,,,,,,,,,"Adrian Herrera","sa3023627",805155
"Jose Feliz","WSN",0.0332,0.0892,0.035,6.61113,0.1754,0.1754,0,0,,1,4.803,1.1829,0.7787,0.73457,0.175,0.6953,,0.0473,0.5155,4.6395,6.2577,0.741407,1.575,0.107329,0.144764,-0.037434935569763184,0.291326,1.8782,0.299089,0.673218,,,6.63828,-0.0000999029,-0.000679999,999,,,,,,,3.8000000000000003,3.8000000000000003,4,4,,,,,,,,,,,,,,,,,,,"Jose Feliz","sa3024069",808243
"Jostin Florentino","CHC",0.0339,0.0865,0.0331,6.57279,0.2406,0.1616,0,0,,1,4.807,1.183,0.7751,0.73031,0.170889,0.7029,,0.0482,0.4984,4.4856,6.3261,0.709062,1.538,0.103682,0.146224,-0.04254211485385895,0.291674,1.8859,0.298857,0.674579,,,6.64454,-0.0000999029,-0.000679999,999,,,,,,,1.8000000000000003,1.8000000000000003,2,2,,,,,,,,,,,,,,,,,,,"Jostin Florentino","sa3021510",808062
"Elwis Mijares","NYM",0.0335,0.0877,0.0334,6.60492,0.2158,0.1668,0,0,,1,4.811,1.1713,0.7778,0.73388,0.174556,0.7114,,0.0507,0.5261,4.7349,6.4026,0.739528,1.571,0.109354,0.147869,-0.03851590305566788,0.289288,1.8827,0.297692,0.674409,,,6.6698,-0.0000999029,-0.000679999,999,,,,,,,3.8000000000000003,3.8000000000000003,4,4,,,,,,,,,,,,,,,,,,,"Elwis Mijares","sa3021009",808274
"Marlon Franco","SFG",0.0332,0.0876,0.0322,6.64497,0.2266,0.1646,0,0,,1,4.769,1.2103,0.7815,0.73833,0.186,0.6171,,0.056,0.4582,4.1238,5.5539,0.742505,1.674,0.0960788,0.129398,-0.03331935405731201,0.295491,1.8274,0.296752,0.667454,,,6.68738,-0.0000999029,-0.000679999,999,,,,,,,1.8000000000000003,1.8000000000000003,2,2,,,,,,,,,,,,,,,,,,,"Marlon Franco","sa3016242",693812
"Alex Makarewich","LAD",0.0386,0.08,0.0292,6.62787,0.2942,0.1502,0,0,,1,4.793,1.1469,0.7777,0.73643,0.194111,0.6993,,0.0577,0.6321,5.6889,6.2937,0.903904,1.747,0.13188,0.1459,-0.014020442962646484,0.284167,1.8462,0.296838,0.678652,,,6.69672,-0.0000999029,-0.000679999,999,,,,,,,3.8000000000000003,3.8000000000000003,4,4,,,,,,,,,,,,,,,,,,,"Alex Makarewich","sa3023642",801317
"Reynardo Cruz","CIN",0.0339,0.0832,0.0254,6.71535,0.3494,0.1384,0,0,,1,4.78,1.186,0.7888,0.74615,0.203111,0.6438,,0.0581,0.6047,5.4423,5.7942,0.939267,1.828,0.126506,0.134686,-0.008179903030395508,0.290822,1.8298,0.300551,0.673593,,,6.70322,-0.0000999029,-0.000679999,999,,,,,,,3.8000000000000003,3.8000000000000003,4,4,,,,,,,,,,,,,,,,,,,"Reynardo Cruz","sa3016032",699106
"Jose Gonzalez","SFG",0.033,0.0877,0.0319,6.64857,0.2332,0.1632,0,0,,1,4.834,1.1913,0.7843,0.73873,0.167556,0.7244,,0.0522,0.4841,4.3569,6.5196,0.668277,1.508,0.100145,0.149855,-0.04971037060022354,0.293612,1.9157,0.300593,0.673003,,,6.7063,-0.0000999029,-0.000679999,999,,,,,,,1.8000000000000003,1.8000000000000003,2,2,,,,,,,,,,,,,,,,,,,"Jose Gonzalez","sa3016249",696035
"Jhon Medina","COL",0.0342,0.0869,0.0352,6.51438,0.215,0.167,0,0,,1,4.855,1.1852,0.7695,0.72382,0.159556,0.7519,,0.05,0.466,4.194,6.7671,0.619763,1.436,0.0959835,0.154871,-0.058887749910354614,0.292418,1.9371,0.299236,0.681324,,,6.7144,-0.0000999029,-0.000679999,999,,,,,,,1.8000000000000003,1.8000000000000003,2,2,,,,,,,,,,,,,,,,,,,"Jhon Medina","sa3022121",808042
"Isaias Uribe","PIT",0.0315,0.0878,0.0301,6.65802,0.2785,0.1535,0,0,,1,4.868,1.197,0.7838,0.73978,0.160333,0.7488,,0.0507,0.461,4.149,6.7392,0.615652,1.443,0.0947001,0.153821,-0.0591207891702652,0.294212,1.9458,0.30073,0.675058,,,6.72731,-0.0000999029,-0.000679999,999,,,,,,,1.8000000000000003,1.8000000000000003,2,2,,,,,,,,,,,,,,,,,,,"Isaias Uribe","sa3016486",692854
"JP Wheat","CHC",0.0323,0.0901,0.0333,6.69879,0.1754,0.1754,0,0,,1,4.831,1.1643,0.788,0.74431,0.176222,0.7376,,0.0552,0.5511,4.9599,6.6384,0.747153,1.586,0.114076,0.152681,-0.03860485553741455,0.288322,1.9019,0.298434,0.672975,,,6.73357,-0.0000999029,-0.000679999,999,,,,,,,3.8000000000000003,3.8000000000000003,4,4,,,,,,,,,,,,,,,,,,,"JP Wheat","sa3024884",702516
"Joel Heredia","PHI",0.032,0.09,0.0324,6.71679,0.1903,0.1723,0,0,,1,4.838,1.2143,0.7924,0.74631,0.169444,0.699,,0.0588,0.4407,3.9663,6.291,0.630472,1.525,0.0910914,0.144481,-0.05338983237743378,0.297608,1.9133,0.301106,0.668764,,,6.76126,-0.0000999029,-0.000679999,999,,,,,,,1.8000000000000003,1.8000000000000003,2,2,,,,,,,,,,,,,,,,,,,"Joel Heredia","sa3021739",807380
"Randry De Leon","SFG",0.032,0.09,0.0321,6.73191,0.1903,0.1723,0,0,,1,4.845,1.1795,0.7926,0.74799,0.173778,0.7414,,0.0516,0.513,4.617,6.6726,0.691934,1.564,0.105882,0.153024,-0.047141388058662415,0.291091,1.9209,0.298858,0.672563,,,6.77859,-0.0000999029,-0.000679999,999,,,,,,,3.8000000000000003,3.8000000000000003,4,4,,,,,,,,,,,,,,,,,,,"Randry De Leon","sa3022025",808359
"Accimias Morales","LAD",0.033,0.086,0.029,6.70941,0.2892,0.1512,0,0,,1,4.828,1.2015,0.7904,0.74549,0.174889,0.7038,,0.0504,0.4617,4.1553,6.3342,0.65601,1.574,0.0956297,0.145775,-0.050144992768764496,0.294933,1.9053,0.298676,0.671442,,,6.77924,-0.0000999029,-0.000679999,999,,,,,,,1.8000000000000003,1.8000000000000003,2,2,,,,,,,,,,,,,,,,,,,"Accimias Morales","sa3018809",703193
"Andres Silvera","PIT",0.0309,0.0859,0.0243,6.8247,0.3659,0.1349,0,0,,1,4.873,1.1984,0.8026,0.7583,0.166556,0.7569,,0.0474,0.4825,4.3425,6.8121,0.637469,1.499,0.099015,0.155325,-0.05631028860807419,0.294541,1.9553,0.30174,0.669349,,,6.7796,-0.0000999029,-0.000679999,999,,,,,,,1.8000000000000003,1.8000000000000003,2,2,,,,,,,,,,,,,,,,,,,"Andres Silvera","sa3016284",700353
"Franyel Diaz","NYM",0.032,0.0895,0.0314,6.73866,0.2068,0.1688,0,0,,1,4.854,1.184,0.7938,0.74874,0.171222,0.7494,,0.051,0.5052,4.5468,6.7446,0.674139,1.541,0.104079,0.154388,-0.050309017300605774,0.292086,1.9334,0.299889,0.672851,,,6.78317,-0.0000999029,-0.000679999,999,,,,,,,3.8000000000000003,3.8000000000000003,4,4,,,,,,,,,,,,,,,,,,,"Franyel Diaz","sa3020976",806241
"Jose Guevara","NYM",0.0319,0.0905,0.0324,6.74685,0.1754,0.1754,0,0,,1,4.812,1.1831,0.7924,0.74965,0.185889,0.6953,,0.0483,0.5143,4.6287,6.2577,0.739681,1.673,0.106879,0.144493,-0.03761430084705353,0.290802,1.8784,0.296066,0.671134,,,6.78524,-0.0000999029,-0.000679999,999,,,,,,,3.8000000000000003,3.8000000000000003,4,4,,,,,,,,,,,,,,,,,,,"Jose Guevara","sa3023823",816397
"Luis Cesar","MIA",0.0283,0.0934,0.0332,6.64245,0.2068,0.1688,0,0,,1,4.917,1.1849,0.785,0.73805,0.149556,0.8233,,0.0522,0.4665,4.1985,7.4097,0.566622,1.346,0.0948749,0.16744,-0.07256457209587097,0.293183,2.0082,0.302251,0.68,,,6.8042,-0.0000999029,-0.000679999,999,,,,,,,1.8000000000000003,1.8000000000000003,2,2,,,,,,,,,,,,,,,,,,,"Luis Cesar","sa3018368",805094
"Brayan Narvaez","SFG",0.0316,0.0904,0.031,6.79041,0.1903,0.1723,0,0,,1,4.801,1.2035,0.7971,0.75449,0.190333,0.6596,,0.0506,0.4826,4.3434,5.9364,0.731656,1.713,0.100521,0.137388,-0.036867327988147736,0.294197,1.8631,0.296432,0.667655,,,6.80621,-0.0000999029,-0.000679999,999,,,,,,,1.8000000000000003,1.8000000000000003,2,2,,,,,,,,,,,,,,,,,,,"Brayan Narvaez","sa3022133",808352
"Raymon Rosario","PHI",0.033,0.0894,0.035,6.61284,0.1754,0.1754,0,0,,1,4.888,1.1756,0.7804,0.73476,0.159556,0.7921,,0.0553,0.4876,4.3884,7.1289,0.615579,1.436,0.0997545,0.16205,-0.062295421957969666,0.290947,1.9677,0.299414,0.680666,,,6.8077,-0.0000999029,-0.000679999,999,,,,,,,1.8000000000000003,1.8000000000000003,2,2,,,,,,,,,,,,,,,,,,,"Raymon Rosario","sa3022801",815320
"Luis Maracara","SDP",0.0314,0.0905,0.031,6.79086,0.1919,0.1719,0,0,,1,4.85,1.1887,0.7989,0.75454,0.176333,0.7366,,0.0511,0.506,4.554,6.6294,0.68694,1.587,0.10433,0.151876,-0.04754638671875,0.292617,1.9253,0.29952,0.671102,,,6.80991,-0.0000999029,-0.000679999,999,,,,,,,3.8000000000000003,3.8000000000000003,4,4,,,,,,,,,,,,,,,,,,,"Luis Maracara","sa3024260",821634
"Reiver Camacho","COL",0.0315,0.0904,0.0311,6.78681,0.1919,0.1719,0,0,,1,4.811,1.2061,0.7975,0.75409,0.186222,0.6742,,0.0479,0.4688,4.2192,6.0678,0.695343,1.676,0.0974434,0.140137,-0.04269383102655411,0.294969,1.8803,0.297005,0.668565,,,6.81607,-0.0000999029,-0.000679999,999,,,,,,,1.8000000000000003,1.8000000000000003,2,2,,,,,,,,,,,,,,,,,,,"Reiver Camacho","sa3023839",821096
"Mervin Fell","ARI",0.0331,0.084,0.0255,6.76098,0.356,0.137,0,0,,1,4.866,1.1717,0.7955,0.75122,0.173333,0.7722,,0.0486,0.5305,4.7745,6.9498,0.686998,1.56,0.109022,0.158693,-0.049671195447444916,0.289652,1.9439,0.29879,0.67504,,,6.82121,-0.0000999029,-0.000679999,999,,,,,,,3.8000000000000003,3.8000000000000003,4,4,,,,,,,,,,,,,,,,,,,"Mervin Fell","sa3022267",807818
"Manuel Davila","SDP",0.0315,0.0904,0.0308,6.79293,0.1944,0.1714,0,0,,1,4.833,1.1938,0.7984,0.75477,0.182333,0.7028,,0.055,0.4924,4.4316,6.3252,0.700626,1.641,0.101883,0.145417,-0.04353403300046921,0.292943,1.8966,0.297449,0.66909,,,6.82541,-0.0000999029,-0.000679999,999,,,,,,,1.8000000000000003,1.8000000000000003,2,2,,,,,,,,,,,,,,,,,,,"Manuel Davila","sa3024787",823839
"Joshua Quezada","MIL",0.0325,0.0864,0.0279,6.7554,0.2892,0.1512,0,0,,1,4.832,1.179,0.7938,0.7506,0.182333,0.7183,,0.0528,0.512,4.608,6.4647,0.712794,1.641,0.10596,0.148655,-0.04269453138113022,0.29033,1.8973,0.296048,0.672033,,,6.82611,-0.0000999029,-0.000679999,999,,,,,,,3.8000000000000003,3.8000000000000003,4,4,,,,,,,,,,,,,,,,,,,"Joshua Quezada","sa3021789",808350
"Enderson Mercado","MIL",0.0331,0.0876,0.0319,6.65838,0.2332,0.1632,0,0,,1,4.885,1.1681,0.7842,0.73982,0.166111,0.7937,,0.0506,0.5066,4.5594,7.1433,0.638276,1.495,0.103705,0.162477,-0.05877173691987991,0.289084,1.9618,0.297504,0.680991,,,6.84562,-0.0000999029,-0.000679999,999,,,,,,,3.8000000000000003,3.8000000000000003,4,4,,,,,,,,,,,,,,,,,,,"Enderson Mercado","sa3024254",821253
"Wenderlyn King","MIL",0.0318,0.0877,0.0275,6.83325,0.2727,0.1547,0,0,,1,4.844,1.1957,0.8028,0.75925,0.182111,0.7161,,0.0529,0.4973,4.4757,6.4449,0.694456,1.639,0.102663,0.147832,-0.045169271528720856,0.293423,1.9118,0.298502,0.669345,,,6.84632,-0.0000999029,-0.000679999,999,,,,,,,1.8000000000000003,1.8000000000000003,2,2,,,,,,,,,,,,,,,,,,,"Wenderlyn King","sa3024235",820936
"Melvin Pineda","SFG",0.0311,0.0914,0.0311,6.81489,0.1754,0.1754,0,0,,1,4.857,1.1792,0.8012,0.75721,0.178222,0.7486,,0.0529,0.5197,4.6773,6.7374,0.694229,1.604,0.107,0.154128,-0.047127865254879,0.290766,1.9278,0.298125,0.671279,,,6.84847,-0.0000999029,-0.000679999,999,,,,,,,3.8000000000000003,3.8000000000000003,4,4,,,,,,,,,,,,,,,,,,,"Melvin Pineda","sa3018815",703941
"Cesar Aquino","PIT",0.0322,0.0861,0.0264,6.82038,0.3131,0.1461,0,0,,1,4.848,1.2021,0.8021,0.75782,0.179111,0.7195,,0.0512,0.4733,4.2597,6.4755,0.657818,1.612,0.0976279,0.148412,-0.05078383535146713,0.294827,1.9216,0.298693,0.67002,,,6.86042,-0.0000999029,-0.000679999,999,,,,,,,1.8000000000000003,1.8000000000000003,2,2,,,,,,,,,,,,,,,,,,,"Cesar Aquino","sa3024469",823714
"Mason Pelio","CIN",0.0321,0.0897,0.0304,6.8049,0.1928,0.1718,0,0,,1,4.798,1.2034,0.8005,0.7561,0.202444,0.6559,,0.0551,0.5333,4.7997,5.9031,0.813081,1.822,0.11115,0.136703,-0.025552310049533844,0.294446,1.8593,0.298681,0.67188,,,6.86466,-0.0000999029,-0.000679999,999,,,,,,,3.8000000000000003,3.8000000000000003,4,4,,,,,,,,,,,,,,,,,,,"Mason Pelio","sa3020381",680900
"Wande Torres","MIL",0.0327,0.0889,0.0331,6.66504,0.1985,0.1705,0,0,,1,4.902,1.1452,0.7845,0.74056,0.165889,0.8258,,0.056,0.5504,4.9536,7.4322,0.666505,1.493,0.112281,0.168462,-0.056181155145168304,0.284861,1.971,0.29641,0.682385,,,6.86764,-0.0000999029,-0.000679999,999,,,,,,,3.8000000000000003,3.8000000000000003,4,4,,,,,,,,,,,,,,,,,,,"Wande Torres","sa3019165",800485
"Hamlet Garcia","MIA",0.0262,0.0949,0.0279,6.8895,0.2266,0.1646,0,0,,1,4.861,1.208,0.8103,0.7655,0.177111,0.7295,,0.0507,0.47,4.23,6.5655,0.644277,1.594,0.0966879,0.150072,-0.053384073078632355,0.29602,1.9375,0.300228,0.667162,,,6.86952,-0.0000999029,-0.000679999,999,,,,,,,1.8000000000000003,1.8000000000000003,2,2,,,,,,,,,,,,,,,,,,,"Hamlet Garcia","sa3021022",808697
"Anthony Crespo","NYM",0.0307,0.0918,0.0302,6.85998,0.1754,0.1754,0,0,,1,4.84,1.1956,0.8056,0.76222,0.185111,0.7145,,0.0489,0.4952,4.4568,6.4305,0.693072,1.666,0.102314,0.147624,-0.045309923589229584,0.293284,1.9101,0.297527,0.669011,,,6.87272,-0.0000999029,-0.000679999,999,,,,,,,1.8000000000000003,1.8000000000000003,2,2,,,,,,,,,,,,,,,,,,,"Anthony Crespo","sa3023139",815803
"Vitico Valdez","ARI",0.0319,0.0875,0.0279,6.77907,0.2785,0.1535,0,0,,1,4.89,1.1987,0.8003,0.75323,0.162444,0.783,,0.052,0.4548,4.0932,7.047,0.580843,1.462,0.0930061,0.160123,-0.06711656600236893,0.29561,1.9817,0.301434,0.67344,,,6.87366,-0.0000999029,-0.000679999,999,,,,,,,1.8000000000000003,1.8000000000000003,2,2,,,,,,,,,,,,,,,,,,,"Vitico Valdez","sa3017472",702884
"Jonathan Jimenez","NYM",0.0304,0.0921,0.0299,6.87474,0.1754,0.1754,0,0,,1,4.847,1.219,0.8087,0.76386,0.179889,0.7044,,0.0513,0.4469,4.0221,6.3396,0.634441,1.619,0.0922014,0.145327,-0.053125642240047455,0.297949,1.9234,0.29993,0.666864,,,6.87834,-0.0000999029,-0.000679999,999,,,,,,,1.8000000000000003,1.8000000000000003,2,2,,,,,,,,,,,,,,,,,,,"Jonathan Jimenez","sa3022343",815183
"Zhiorman Imbriano","CHC",0.0331,0.0877,0.0326,6.63165,0.2266,0.1646,0,0,,1,4.901,1.1819,0.7833,0.73685,0.157556,0.8103,,0.0531,0.4619,4.1571,7.2927,0.570036,1.418,0.0942461,0.165334,-0.07108752429485321,0.292723,1.9922,0.299679,0.682369,,,6.8811,-0.0000999029,-0.000679999,999,,,,,,,1.8000000000000003,1.8000000000000003,2,2,,,,,,,,,,,,,,,,,,,"Zhiorman Imbriano","sa3017785",699391
"Kelvin Rosario","ARI",0.0335,0.0848,0.0285,6.66873,0.3131,0.1461,0,0,,1,4.895,1.1648,0.7852,0.74097,0.166,0.8054,,0.0514,0.5068,4.5612,7.2486,0.629253,1.494,0.103534,0.164535,-0.061001017689704895,0.288445,1.9702,0.296785,0.681897,,,6.88128,-0.0000999029,-0.000679999,999,,,,,,,3.8000000000000003,3.8000000000000003,4,4,,,,,,,,,,,,,,,,,,,"Kelvin Rosario","sa3022128",808163
"Deivy Paulino","NYM",0.0305,0.0914,0.0291,6.88554,0.1936,0.1716,0,0,,1,4.851,1.2083,0.8092,0.76506,0.182111,0.7118,,0.0538,0.4726,4.2534,6.4062,0.663951,1.639,0.0974232,0.146733,-0.04930941015481949,0.295761,1.9201,0.29912,0.667149,,,6.88552,-0.0000999029,-0.000679999,999,,,,,,,1.8000000000000003,1.8000000000000003,2,2,,,,,,,,,,,,,,,,,,,"Deivy Paulino","sa3024516",806709
"Samir Chires","SFG",0.0291,0.0913,0.0273,6.87654,0.2505,0.1595,0,0,,1,4.871,1.1938,0.8074,0.76406,0.181333,0.7189,,0.0513,0.4734,4.2606,6.4701,0.658506,1.632,0.0971874,0.147588,-0.05040033906698227,0.291114,1.9127,0.293804,0.666312,,,6.88761,-0.0000999029,-0.000679999,999,,,,,,,1.8000000000000003,1.8000000000000003,2,2,,,,,,,,,,,,,,,,,,,"Samir Chires","sa3016254",698968
"Eric Veras","COL",0.0321,0.0904,0.0332,6.70545,0.1754,0.1754,0,0,,1,4.878,1.202,0.7905,0.74505,0.166556,0.7562,,0.0514,0.431,3.879,6.8058,0.569955,1.499,0.0883559,0.155023,-0.06666667759418488,0.295303,1.9582,0.298155,0.676919,,,6.8925,-0.0000999029,-0.000679999,999,,,,,,,1.8000000000000003,1.8000000000000003,2,2,,,,,,,,,,,,,,,,,,,"Eric Veras","sa3024462",821626
"Moises Meza","COL",0.031,0.0896,0.0281,6.86745,0.2348,0.1628,0,0,,1,4.871,1.1868,0.8074,0.76305,0.178,0.7601,,0.0497,0.5067,4.5603,6.8409,0.666623,1.602,0.104024,0.156046,-0.05202217400074005,0.292229,1.9469,0.298771,0.671202,,,6.89648,-0.0000999029,-0.000679999,999,,,,,,,3.8000000000000003,3.8000000000000003,4,4,,,,,,,,,,,,,,,,,,,"Moises Meza","sa3023822",816396
"Gregory Sanchez","COL",0.0302,0.0923,0.0295,6.89571,0.1754,0.1754,0,0,,1,4.878,1.1949,0.811,0.76619,0.176333,0.7526,,0.0594,0.4917,4.4253,6.7734,0.653335,1.587,0.1008,0.154285,-0.053485043346881866,0.293876,1.9475,0.299758,0.66828,,,6.91141,-0.0000999029,-0.000679999,999,,,,,,,1.8000000000000003,1.8000000000000003,2,2,,,,,,,,,,,,,,,,,,,"Gregory Sanchez","sa3024267",821800
"Jefferson Moran","STL",0.031,0.0902,0.0286,6.86529,0.22,0.166,0,0,,1,4.843,1.1959,0.8064,0.76281,0.185333,0.7155,,0.0519,0.4821,4.3389,6.4395,0.673795,1.668,0.0995457,0.147739,-0.04819326847791672,0.293429,1.9114,0.296513,0.668913,,,6.91381,-0.0000999029,-0.000679999,999,,,,,,,1.8000000000000003,1.8000000000000003,2,2,,,,,,,,,,,,,,,,,,,"Jefferson Moran","sa3022194",814086
"Stharlin Torres","CIN",0.0308,0.0904,0.0279,6.90309,0.2224,0.1654,0,0,,1,4.843,1.1983,0.8099,0.76701,0.188667,0.7127,,0.0475,0.4923,4.4307,6.4143,0.690753,1.698,0.101652,0.147161,-0.045508988201618195,0.2935,1.911,0.296791,0.668603,,,6.91515,-0.0000999029,-0.000679999,999,,,,,,,1.8000000000000003,1.8000000000000003,2,2,,,,,,,,,,,,,,,,,,,"Stharlin Torres","sa3024080",820941
"Argenis Aparicio","MIL",0.0319,0.0858,0.0246,6.87402,0.3354,0.1414,0,0,,1,4.855,1.2034,0.8078,0.76378,0.181889,0.7276,,0.0473,0.4697,4.2273,6.5484,0.645547,1.637,0.0967456,0.149866,-0.05312049388885498,0.294944,1.931,0.297946,0.670025,,,6.91634,-0.0000999029,-0.000679999,999,,,,,,,1.8000000000000003,1.8000000000000003,2,2,,,,,,,,,,,,,,,,,,,"Argenis Aparicio","sa3021643",809699
"Eduardo Robles","PHI",0.0307,0.0908,0.0286,6.88419,0.2109,0.1679,0,0,,1,4.852,1.214,0.8096,0.76491,0.181333,0.7139,,0.0494,0.4468,4.0212,6.4251,0.625858,1.632,0.0920857,0.147135,-0.05504946410655975,0.296916,1.9279,0.29841,0.668027,,,6.92011,-0.0000999029,-0.000679999,999,,,,,,,1.8000000000000003,1.8000000000000003,2,2,,,,,,,,,,,,,,,,,,,"Eduardo Robles","sa3022261",810856
"Marcos Herrera","COL",0.0317,0.0866,0.0254,6.84837,0.3131,0.1461,0,0,,1,4.868,1.2002,0.806,0.76093,0.176,0.7444,,0.0529,0.4614,4.1526,6.6996,0.619828,1.584,0.0947822,0.152917,-0.058134764432907104,0.294839,1.9446,0.298314,0.670475,,,6.92358,-0.0000999029,-0.000679999,999,,,,,,,1.8000000000000003,1.8000000000000003,2,2,,,,,,,,,,,,,,,,,,,"Marcos Herrera","sa3019261",800154
"Jesus Tillero","LAD",0.0313,0.0877,0.0259,6.88932,0.2892,0.1512,0,0,,1,4.872,1.1908,0.8095,0.76548,0.179667,0.7553,,0.0502,0.4967,4.4703,6.7977,0.657619,1.617,0.10195,0.155029,-0.053078822791576385,0.292832,1.9461,0.298258,0.670732,,,6.92525,-0.0000999029,-0.000679999,999,,,,,,,1.8000000000000003,1.8000000000000003,2,2,,,,,,,,,,,,,,,,,,,"Jesus Tillero","sa3021010",808313
"Alexander Fuentes","SFG",0.0299,0.0923,0.028,6.95187,0.1903,0.1723,0,0,,1,4.852,1.2229,0.8166,0.77243,0.185222,0.6963,,0.0563,0.4485,4.0365,6.2667,0.644119,1.667,0.0924361,0.143508,-0.051071733236312866,0.298312,1.9192,0.299416,0.664261,,,6.93517,-0.0000999029,-0.000679999,999,,,,,,,1.8000000000000003,1.8000000000000003,2,2,,,,,,,,,,,,,,,,,,,"Alexander Fuentes","sa3024072",815218
"Nicolas Carreno","NYM",0.0318,0.0906,0.0328,6.72669,0.1754,0.1754,0,0,,1,4.938,1.1545,0.793,0.74741,0.158444,0.8695,,0.0527,0.526,4.734,7.8255,0.604945,1.426,0.106521,0.176083,-0.06956256926059723,0.287489,2.024,0.298994,0.683062,,,6.94086,-0.0000999029,-0.000679999,999,,,,,,,3.8000000000000003,3.8000000000000003,4,4,,,,,,,,,,,,,,,,,,,"Nicolas Carreno","sa3022004",807993
"Adolfo Oviedo","PIT",0.0318,0.0866,0.0252,6.86088,0.3131,0.1461,0,0,,1,4.86,1.1839,0.8059,0.76232,0.183111,0.7437,,0.0526,0.4945,4.4505,6.6933,0.664919,1.648,0.101749,0.153025,-0.05127571523189545,0.291335,1.9276,0.295559,0.671177,,,6.94682,-0.0000999029,-0.000679999,999,,,,,,,1.8000000000000003,1.8000000000000003,2,2,,,,,,,,,,,,,,,,,,,"Adolfo Oviedo","sa3018882",801743
"Andrew Bolivar","STL",0.0304,0.0912,0.0281,6.91875,0.2068,0.1688,0,0,,1,4.88,1.181,0.8126,0.76875,0.180778,0.7716,,0.0506,0.5181,4.6629,6.9444,0.671462,1.627,0.106168,0.158115,-0.05194671452045441,0.291044,1.9526,0.297781,0.670781,,,6.94699,-0.0000999029,-0.000679999,999,,,,,,,3.8000000000000003,3.8000000000000003,4,4,,,,,,,,,,,,,,,,,,,"Andrew Bolivar","sa3024521",810977
"Samuel Perez","CIN",0.0303,0.0907,0.027,6.94458,0.2266,0.1646,0,0,,1,4.853,1.211,0.8153,0.77162,0.186778,0.7136,,0.0495,0.4641,4.1769,6.4224,0.650364,1.681,0.0956316,0.147043,-0.051411502063274384,0.296095,1.9246,0.297824,0.667003,,,6.95569,-0.0000999029,-0.000679999,999,,,,,,,1.8000000000000003,1.8000000000000003,2,2,,,,,,,,,,,,,,,,,,,"Samuel Perez","sa3024068",806951
"Sandy Ozuna","COL",0.0314,0.087,0.0245,6.91146,0.3131,0.1461,0,0,,1,4.871,1.1794,0.811,0.76794,0.184778,0.7595,,0.0503,0.5175,4.6575,6.8355,0.681369,1.663,0.106241,0.155923,-0.04968179762363434,0.290407,1.9389,0.296114,0.671285,,,6.96299,-0.0000999029,-0.000679999,999,,,,,,,3.8000000000000003,3.8000000000000003,4,4,,,,,,,,,,,,,,,,,,,"Sandy Ozuna","sa3021041",814252
"Marlon De La Cruz","WSN",0.0294,0.0931,0.0281,6.96789,0.1754,0.1754,0,0,,1,4.902,1.1906,0.8191,0.77421,0.176111,0.7865,,0.0559,0.4979,4.4811,7.0785,0.633058,1.585,0.101571,0.160445,-0.05887391418218613,0.29328,1.9771,0.299649,0.669154,,,6.98732,-0.0000999029,-0.000679999,999,,,,,,,1.8000000000000003,1.8000000000000003,2,2,,,,,,,,,,,,,,,,,,,"Marlon De La Cruz","sa3023833",821023
"Mauricio Colmenares","CIN",0.0304,0.0896,0.0256,6.96357,0.2604,0.1574,0,0,,1,4.86,1.2125,0.8175,0.77373,0.186667,0.7182,,0.0511,0.4563,4.1067,6.4638,0.635338,1.68,0.0938889,0.147778,-0.053888894617557526,0.296404,1.9307,0.297538,0.66684,,,6.98845,-0.0000999029,-0.000679999,999,,,,,,,1.8000000000000003,1.8000000000000003,2,2,,,,,,,,,,,,,,,,,,,"Mauricio Colmenares","sa3022042",811616
"Marcos Pimentel","COL",0.0295,0.0931,0.0281,6.96942,0.1754,0.1754,0,0,,1,4.857,1.2153,0.8184,0.77438,0.187444,0.7134,,0.0492,0.4488,4.0392,6.4206,0.6291,1.687,0.0924027,0.146881,-0.05447807163000107,0.29682,1.9287,0.297227,0.666335,,,6.99346,-0.0000999029,-0.000679999,999,,,,,,,1.8000000000000003,1.8000000000000003,2,2,,,,,,,,,,,,,,,,,,,"Marcos Pimentel","sa3024085",821021
"Leuris Portorreal","WSN",0.0286,0.0931,0.0297,6.83388,0.2043,0.1693,0,0,,1,4.812,1.2035,0.8032,0.75932,0.188111,0.6894,,0.0498,0.4167,3.7503,6.2046,0.604439,1.693,0.086596,0.143267,-0.05667082965373993,0.295497,1.8929,0.292789,0.668715,,,6.99612,-0.0000999029,-0.000679999,999,,,,,,,1.8000000000000003,1.8000000000000003,2,2,,,,,,,,,,,,,,,,,,,"Leuris Portorreal","sa3021520",808224
"Jesus Colina","CIN",0.0306,0.0894,0.0262,6.92811,0.2579,0.1579,0,0,,1,4.862,1.2108,0.8143,0.76979,0.183556,0.7239,,0.0523,0.4405,3.9645,6.5151,0.608509,1.652,0.0906006,0.148889,-0.05828877538442612,0.296343,1.9347,0.296742,0.66781,,,7.0003,-0.0000999029,-0.000679999,999,,,,,,,1.8000000000000003,1.8000000000000003,2,2,,,,,,,,,,,,,,,,,,,"Jesus Colina","sa3019776",806239
"Wifrailyn Jaquez","PIT",0.029,0.0936,0.0273,7.0092,0.1754,0.1754,0,0,,1,4.885,1.2107,0.8234,0.7788,0.182,0.7491,,0.0525,0.4643,4.1787,6.7419,0.61981,1.638,0.0950461,0.153347,-0.0583009272813797,0.296493,1.9598,0.299293,0.66651,,,7.00868,-0.0000999029,-0.000679999,999,,,,,,,1.8000000000000003,1.8000000000000003,2,2,,,,,,,,,,,,,,,,,,,"Wifrailyn Jaquez","sa3024278",823868
"Edgar Leon","LAD",0.0297,0.0923,0.0277,6.96159,0.1919,0.1719,0,0,,1,4.878,1.1937,0.8175,0.77351,0.183778,0.7553,,0.0515,0.4835,4.3515,6.7977,0.640143,1.654,0.0991185,0.154838,-0.055719561874866486,0.293206,1.949,0.296694,0.668849,,,7.00899,-0.0000999029,-0.000679999,999,,,,,,,1.8000000000000003,1.8000000000000003,2,2,,,,,,,,,,,,,,,,,,,"Edgar Leon","sa3019161",800453
"Braulio Salas","MIA",0.0313,0.0854,0.022,6.97104,0.3659,0.1349,0,0,,1,4.879,1.1962,0.8179,0.77456,0.185111,0.7528,,0.0511,0.4874,4.3866,6.7752,0.64745,1.666,0.0998975,0.154294,-0.05439639091491699,0.293539,1.949,0.297153,0.669352,,,7.00982,-0.0000999029,-0.000679999,999,,,,,,,1.8000000000000003,1.8000000000000003,2,2,,,,,,,,,,,,,,,,,,,"Braulio Salas","sa3019820",806466
"Maxwel Hernandez","PHI",0.0332,0.087,0.0281,6.82218,0.2505,0.1595,0,0,,1,4.836,1.1913,0.8033,0.75802,0.184333,0.7309,,0.0542,0.4511,4.0599,6.5781,0.617184,1.659,0.0932796,0.151137,-0.05785773694515228,0.294083,1.9222,0.294826,0.672362,,,7.01591,-0.0000999029,-0.000679999,999,,,,,,,1.8000000000000003,1.8000000000000003,2,2,,,,,,,,,,,,,,,,,,,"Maxwel Hernandez","sa3018822",800091
"Jonawel Valdez","PIT",0.0273,0.0921,0.0217,7.14456,0.2868,0.1518,0,0,,1,4.907,1.2189,0.8366,0.79384,0.181889,0.7589,,0.0493,0.4691,4.2219,6.8301,0.618132,1.637,0.0955981,0.154657,-0.059058479964733124,0.29738,1.9778,0.300774,0.662273,,,7.01744,-0.0000999029,-0.000679999,999,,,,,,,1.8000000000000003,1.8000000000000003,2,2,,,,,,,,,,,,,,,,,,,"Jonawel Valdez","sa3021755",807835
"Wilmer Lugo","NYM",0.0315,0.0885,0.0277,6.8454,0.2604,0.1574,0,0,,1,4.95,1.1771,0.8061,0.7606,0.162556,0.8551,,0.055,0.4853,4.3677,7.6959,0.567536,1.463,0.0980404,0.172747,-0.07470706850290298,0.291369,2.0322,0.299095,0.679422,,,7.0394,-0.0000999029,-0.000679999,999,,,,,,,1.8000000000000003,1.8000000000000003,2,2,,,,,,,,,,,,,,,,,,,"Wilmer Lugo","sa3024204",808292
"Albert Polanco","MIA",0.0297,0.0923,0.0275,6.97302,0.1919,0.1719,0,0,,1,4.864,1.1815,0.8171,0.77478,0.192333,0.7389,,0.0562,0.506,4.554,6.6501,0.684802,1.731,0.10403,0.151912,-0.04788241535425186,0.290373,1.9204,0.293472,0.668208,,,7.04011,-0.0000999029,-0.000679999,999,,,,,,,3.8000000000000003,3.8000000000000003,4,4,,,,,,,,,,,,,,,,,,,"Albert Polanco","sa3019660",805696
"Janderson Linares","PIT",0.0328,0.0837,0.024,6.80796,0.375,0.133,0,0,,1,4.934,1.1568,0.8003,0.75644,0.169,0.8476,,0.0561,0.516,4.644,7.6284,0.608778,1.521,0.10458,0.171788,-0.06720713526010513,0.287026,2.0044,0.29528,0.681129,,,7.04258,-0.0000999029,-0.000679999,999,,,,,,,3.8000000000000003,3.8000000000000003,4,4,,,,,,,,,,,,,,,,,,,"Janderson Linares","sa3021503",807986
"Dariel Polanco","SDP",0.0291,0.093,0.0266,7.02144,0.1919,0.1719,0,0,,1,4.846,1.2454,0.8245,0.78016,0.191111,0.6736,,0.0493,0.3876,3.4884,6.0624,0.575416,1.72,0.0799835,0.139001,-0.05901774764060974,0.302054,1.919,0.297453,0.662753,,,7.04442,-0.0000999029,-0.000679999,999,,,,,,,1.8000000000000003,1.8000000000000003,2,2,,,,,,,,,,,,,,,,,,,"Dariel Polanco","sa3022419",811595
"Oswaldo Aponte","MIA",0.0294,0.0927,0.0271,6.993,0.1919,0.1719,0,0,,1,4.893,1.1979,0.8216,0.777,0.181222,0.7659,,0.0562,0.4713,4.2417,6.8931,0.615354,1.631,0.0963213,0.15653,-0.06020846217870712,0.294259,1.9638,0.297415,0.667919,,,7.04607,-0.0000999029,-0.000679999,999,,,,,,,1.8000000000000003,1.8000000000000003,2,2,,,,,,,,,,,,,,,,,,,"Oswaldo Aponte","sa3021023",808713
"Anderson Cardenas","ARI",0.0323,0.0809,0.0177,6.98157,0.4846,0.1096,0,0,,1,4.903,1.1677,0.8183,0.77573,0.184889,0.802,,0.0508,0.5407,4.8663,7.218,0.67419,1.664,0.110279,0.163573,-0.053293898701667786,0.288307,1.9697,0.295617,0.672997,,,7.04704,-0.0000999029,-0.000679999,999,,,,,,,3.8000000000000003,3.8000000000000003,4,4,,,,,,,,,,,,,,,,,,,"Anderson Cardenas","sa3020991",807966
"Jeison Calvo","ARI",0.0292,0.0924,0.0256,7.0443,0.2109,0.1679,0,0,,1,4.899,1.1933,0.8264,0.7827,0.184556,0.774,,0.0544,0.5008,4.5072,6.966,0.647028,1.661,0.102225,0.157991,-0.055766478180885315,0.293151,1.9673,0.297983,0.667614,,,7.0493,-0.0000999029,-0.000679999,999,,,,,,,3.8000000000000003,3.8000000000000003,4,4,,,,,,,,,,,,,,,,,,,"Jeison Calvo","sa3022120",808018
"Dawel Serda","ARI",0.0295,0.0913,0.0252,7.02828,0.2332,0.1632,0,0,,1,4.885,1.1993,0.8246,0.78092,0.186778,0.757,,0.051,0.48,4.32,6.813,0.634082,1.681,0.09826,0.154964,-0.05670420825481415,0.294162,1.9563,0.296908,0.667744,,,7.05859,-0.0000999029,-0.000679999,999,,,,,,,1.8000000000000003,1.8000000000000003,2,2,,,,,,,,,,,,,,,,,,,"Dawel Serda","sa3021486",806913
"Cristian Rueda","MIA",0.0313,0.0842,0.02,7.02585,0.4113,0.1253,0,0,,1,4.921,1.2059,0.8259,0.78065,0.175556,0.7955,,0.0527,0.4607,4.1463,7.1595,0.579133,1.58,0.0936192,0.161654,-0.06803494691848755,0.296086,2.0014,0.29982,0.669563,,,7.0719,-0.0000999029,-0.000679999,999,,,,,,,1.8000000000000003,1.8000000000000003,2,2,,,,,,,,,,,,,,,,,,,"Cristian Rueda","sa3019172",801386
"Winyer Chourio","SDP",0.0303,0.088,0.023,7.02936,0.314,0.146,0,0,,1,4.901,1.2014,0.8253,0.78104,0.182444,0.7708,,0.0553,0.472,4.248,6.9372,0.612351,1.642,0.0963069,0.157274,-0.06096714735031128,0.294829,1.9722,0.297901,0.668054,,,7.07256,-0.0000999029,-0.000679999,999,,,,,,,1.8000000000000003,1.8000000000000003,2,2,,,,,,,,,,,,,,,,,,,"Winyer Chourio","sa3024615",826466
"Julio Polanco","PHI",0.0283,0.0938,0.0252,7.09704,0.1919,0.1719,0,0,,1,4.908,1.2189,0.8335,0.78856,0.181889,0.7637,,0.0552,0.4503,4.0527,6.8733,0.589629,1.637,0.0917482,0.155603,-0.06385492533445358,0.298085,1.9826,0.299982,0.665006,,,7.08714,-0.0000999029,-0.000679999,999,,,,,,,1.8000000000000003,1.8000000000000003,2,2,,,,,,,,,,,,,,,,,,,"Julio Polanco","sa3024522",815015
"Jholbran Herder","LAD",0.032,0.0812,0.0176,7.01838,0.4846,0.1096,0,0,,1,4.914,1.202,0.8244,0.77982,0.178889,0.7884,,0.0529,0.4616,4.1544,7.0956,0.58549,1.61,0.0939357,0.16044,-0.0665038600564003,0.295136,1.9904,0.298091,0.670132,,,7.09274,-0.0000999029,-0.000679999,999,,,,,,,1.8000000000000003,1.8000000000000003,2,2,,,,,,,,,,,,,,,,,,,"Jholbran Herder","sa3019272",800408
"Lewis Sifontes","ATL",0.0299,0.0921,0.0282,6.93819,0.1919,0.1719,0,0,,1,4.939,1.1965,0.8158,0.77091,0.170444,0.823,,0.0502,0.4545,4.0905,7.407,0.552248,1.534,0.0920227,0.166633,-0.07461024820804596,0.294284,2.0195,0.298198,0.675903,,,7.09286,-0.0000999029,-0.000679999,999,,,,,,,1.8000000000000003,1.8000000000000003,2,2,,,,,,,,,,,,,,,,,,,"Lewis Sifontes","sa3021016",808508
"Josue Arias","MIA",0.0253,0.0965,0.0276,6.9381,0.2068,0.1688,0,0,,1,5.015,1.1705,0.8179,0.7709,0.149889,0.9264,,0.0667,0.4999,4.4991,8.3376,0.539616,1.349,0.099681,0.184726,-0.08504487574100494,0.291032,2.0969,0.302662,0.677776,,,7.09454,-0.0000999029,-0.000679999,999,,,,,,,1.8000000000000003,1.8000000000000003,2,2,,,,,,,,,,,,,,,,,,,"Josue Arias","sa3018350",801738
"Emannoel Madeira","CHC",0.0288,0.093,0.0253,7.0695,0.2043,0.1693,0,0,,1,4.899,1.1961,0.8293,0.7855,0.186444,0.775,,0.0514,0.4858,4.3722,6.975,0.626839,1.678,0.0991631,0.158196,-0.05903244763612747,0.293694,1.9711,0.296926,0.667689,,,7.09786,-0.0000999029,-0.000679999,999,,,,,,,1.8000000000000003,1.8000000000000003,2,2,,,,,,,,,,,,,,,,,,,"Emannoel Madeira","sa3021737",806892
"Ronny Oliver","STL",0.0302,0.0901,0.0256,6.96717,0.2505,0.1595,0,0,,1,4.899,1.1919,0.8181,0.77413,0.181,0.7723,,0.0591,0.4574,4.1166,6.9507,0.592257,1.629,0.093366,0.157644,-0.06427841633558273,0.293023,1.9642,0.294792,0.669921,,,7.09888,-0.0000999029,-0.000679999,999,,,,,,,1.8000000000000003,1.8000000000000003,2,2,,,,,,,,,,,,,,,,,,,"Ronny Oliver","sa3016624",702390
"Branneli Franco","STL",0.0282,0.0944,0.0257,7.09227,0.1754,0.1754,0,0,,1,4.904,1.2073,0.8323,0.78803,0.184889,0.7699,,0.0526,0.4689,4.2201,6.9291,0.60904,1.664,0.0956158,0.156994,-0.06137847155332565,0.295798,1.9772,0.298278,0.666277,,,7.09974,-0.0000999029,-0.000679999,999,,,,,,,1.8000000000000003,1.8000000000000003,2,2,,,,,,,,,,,,,,,,,,,"Branneli Franco","sa3023818",815919
"Alison Zacarias","COL",0.0287,0.0934,0.0258,7.06392,0.1936,0.1716,0,0,,1,4.913,1.1974,0.8296,0.78488,0.181111,0.7949,,0.0499,0.4763,4.2867,7.1541,0.599195,1.63,0.0969469,0.161795,-0.06484835594892502,0.294332,1.9923,0.297963,0.668701,,,7.10272,-0.0000999029,-0.000679999,999,,,,,,,1.8000000000000003,1.8000000000000003,2,2,,,,,,,,,,,,,,,,,,,"Alison Zacarias","sa3022388",808026
"Gabriel Colmenarez","MIL",0.0288,0.0924,0.0248,7.07544,0.22,0.166,0,0,,1,4.901,1.2153,0.8309,0.78616,0.183667,0.7586,,0.0542,0.4449,4.0041,6.8274,0.586475,1.653,0.0907774,0.154785,-0.06400734931230545,0.29727,1.9739,0.298192,0.665786,,,7.10275,-0.0000999029,-0.000679999,999,,,,,,,1.8000000000000003,1.8000000000000003,2,2,,,,,,,,,,,,,,,,,,,"Gabriel Colmenarez","sa3022020",808300
"Keuri Almonte","PIT",0.0303,0.0915,0.0284,6.90642,0.2018,0.1698,0,0,,1,4.97,1.1586,0.8123,0.76738,0.165333,0.8851,,0.0603,0.5163,4.6467,7.9659,0.583324,1.488,0.103883,0.178089,-0.07420523464679718,0.28788,2.0437,0.297121,0.679493,,,7.11941,-0.0000999029,-0.000679999,999,,,,,,,3.8000000000000003,3.8000000000000003,4,4,,,,,,,,,,,,,,,,,,,"Keuri Almonte","sa3021779",808246
"Maximo Gonzalez","COL",0.0284,0.0942,0.0259,7.08111,0.1754,0.1754,0,0,,1,4.892,1.1959,0.8301,0.78679,0.190556,0.7642,,0.0506,0.4816,4.3344,6.8778,0.630202,1.715,0.0984464,0.156214,-0.05776778608560562,0.293314,1.9601,0.295251,0.667327,,,7.1249,-0.0000999029,-0.000679999,999,,,,,,,1.8000000000000003,1.8000000000000003,2,2,,,,,,,,,,,,,,,,,,,"Maximo Gonzalez","sa3024541",820947
"Ronny Lopez","CHC",0.0306,0.0863,0.0206,7.06428,0.3659,0.1349,0,0,,1,4.933,1.1737,0.8286,0.78492,0.181556,0.8317,,0.0512,0.5229,4.7061,7.4853,0.628712,1.634,0.106,0.168599,-0.0625988319516182,0.289795,2.0054,0.296548,0.671988,,,7.1296,-0.0000999029,-0.000679999,999,,,,,,,3.8000000000000003,3.8000000000000003,4,4,,,,,,,,,,,,,,,,,,,"Ronny Lopez","sa3021754",807832
"Daury Vasquez","ARI",0.0294,0.0896,0.0222,7.09569,0.2942,0.1502,0,0,,1,4.933,1.1955,0.8332,0.78841,0.179556,0.8119,,0.056,0.4765,4.2885,7.3071,0.586895,1.616,0.0965944,0.164585,-0.06799107789993286,0.294089,2.0074,0.298014,0.66867,,,7.1514,-0.0000999029,-0.000679999,999,,,,,,,1.8000000000000003,1.8000000000000003,2,2,,,,,,,,,,,,,,,,,,,"Daury Vasquez","sa3021767",808035
"Jose Vasquez","LAD",0.0313,0.0827,0.0172,7.08813,0.4624,0.1144,0,0,,1,4.961,1.1686,0.8318,0.78757,0.176444,0.8637,,0.058,0.5293,4.7637,7.7733,0.612828,1.588,0.106692,0.174098,-0.06740576028823853,0.289308,2.0323,0.297627,0.672444,,,7.16676,-0.0000999029,-0.000679999,999,,,,,,,3.8000000000000003,3.8000000000000003,4,4,,,,,,,,,,,,,,,,,,,"Jose Vasquez","sa3022116",807833
"Ayendy Bravo","MIL",0.0306,0.0848,0.0188,7.12143,0.4113,0.1253,0,0,,1,4.932,1.2013,0.8356,0.79127,0.182222,0.8091,,0.0494,0.4709,4.2381,7.2819,0.582005,1.64,0.0954785,0.164051,-0.06857258081436157,0.294906,2.0104,0.297943,0.669291,,,7.16907,-0.0000999029,-0.000679999,999,,,,,,,1.8000000000000003,1.8000000000000003,2,2,,,,,,,,,,,,,,,,,,,"Ayendy Bravo","sa3024090",821131
"Jaitoine Kelly","ARI",0.0278,0.0944,0.0242,7.14834,0.1919,0.1719,0,0,,1,4.939,1.2027,0.8394,0.79426,0.179556,0.8184,,0.0513,0.4688,4.2192,7.3656,0.572825,1.616,0.094918,0.165702,-0.07078355550765991,0.295555,2.0211,0.299082,0.667732,,,7.1722,-0.0000999029,-0.000679999,999,,,,,,,1.8000000000000003,1.8000000000000003,2,2,,,,,,,,,,,,,,,,,,,"Jaitoine Kelly","sa3024275",823858
"Marlon Nieves","LAD",0.0274,0.0953,0.024,7.1811,0.1754,0.1754,0,0,,1,4.924,1.1992,0.8416,0.7979,0.188222,0.795,,0.0531,0.4863,4.3767,7.155,0.611698,1.694,0.0987612,0.161454,-0.06269294023513794,0.294217,1.9942,0.297226,0.665978,,,7.18507,-0.0000999029,-0.000679999,999,,,,,,,1.8000000000000003,1.8000000000000003,2,2,,,,,,,,,,,,,,,,,,,"Marlon Nieves","sa3021567",812363
"Walvin Mena","ARI",0.0277,0.0944,0.0236,7.17714,0.1952,0.1712,0,0,,1,4.891,1.2211,0.8407,0.79746,0.195667,0.7359,,0.0518,0.4427,3.9843,6.6231,0.601576,1.761,0.0905132,0.15046,-0.05994684249162674,0.29759,1.957,0.295946,0.663254,,,7.18785,-0.0000999029,-0.000679999,999,,,,,,,1.8000000000000003,1.8000000000000003,2,2,,,,,,,,,,,,,,,,,,,"Walvin Mena","sa3021505",808005
"Alexander De Los Santos","PHI",0.0277,0.0939,0.0229,7.19235,0.2109,0.1679,0,0,,1,4.924,1.1997,0.8425,0.79915,0.190111,0.7908,,0.0538,0.4891,4.4019,7.1172,0.618488,1.711,0.0993298,0.160601,-0.061271317303180695,0.294087,1.9905,0.296921,0.66576,,,7.19352,-0.0000999029,-0.000679999,999,,,,,,,1.8000000000000003,1.8000000000000003,2,2,,,,,,,,,,,,,,,,,,,"Alexander De Los Santos","sa3023083",808167
"Joseph Herrera","SDP",0.0314,0.0852,0.0219,6.97941,0.375,0.133,0,0,,1,4.987,1.1791,0.8208,0.77549,0.165,0.893,,0.0516,0.4754,4.2786,8.037,0.532363,1.485,0.0953279,0.179066,-0.08373771607875824,0.291683,2.0721,0.298089,0.679648,,,7.19448,-0.0000999029,-0.000679999,999,,,,,,,1.8000000000000003,1.8000000000000003,2,2,,,,,,,,,,,,,,,,,,,"Joseph Herrera","sa3024471",823877
"David Bracho","CHC",0.0306,0.0837,0.0171,7.13313,0.4492,0.1172,0,0,,1,4.957,1.2025,0.8384,0.79257,0.174111,0.844,,0.0522,0.462,4.158,7.596,0.547393,1.567,0.0932015,0.170264,-0.07706273347139359,0.296124,2.0465,0.300287,0.670145,,,7.19452,-0.0000999029,-0.000679999,999,,,,,,,1.8000000000000003,1.8000000000000003,2,2,,,,,,,,,,,,,,,,,,,"David Bracho","sa3019080",803425
"Maikel Rodriguez","MIA",0.028,0.093,0.0224,7.19577,0.2332,0.1632,0,0,,1,4.907,1.2117,0.8428,0.79953,0.193778,0.7657,,0.0493,0.4593,4.1337,6.8913,0.599843,1.744,0.093601,0.156042,-0.062441401183605194,0.296114,1.9774,0.296,0.665021,,,7.21199,-0.0000999029,-0.000679999,999,,,,,,,1.8000000000000003,1.8000000000000003,2,2,,,,,,,,,,,,,,,,,,,"Maikel Rodriguez","sa3024559",821097
"Miguel Cruz","CHC",0.0304,0.0901,0.0267,6.92901,0.2431,0.1611,0,0,,1,4.99,1.1666,0.8161,0.76989,0.161556,0.9133,,0.0563,0.4797,4.3173,8.2197,0.525238,1.454,0.0961323,0.183026,-0.08689378947019577,0.29017,2.0799,0.297426,0.681763,,,7.2161,-0.0000999029,-0.000679999,999,,,,,,,1.8000000000000003,1.8000000000000003,2,2,,,,,,,,,,,,,,,,,,,"Miguel Cruz","sa3021768",808053
"Bladimir Pichardo","PIT",0.0309,0.0825,0.0163,7.15149,0.4772,0.1112,0,0,,1,4.97,1.1928,0.8398,0.79461,0.175111,0.8576,,0.0551,0.4811,4.3299,7.7184,0.560984,1.576,0.0968008,0.172555,-0.07575452327728271,0.293989,2.0504,0.299224,0.670602,,,7.21882,-0.0000999029,-0.000679999,999,,,,,,,1.8000000000000003,1.8000000000000003,2,2,,,,,,,,,,,,,,,,,,,"Bladimir Pichardo","sa3022123",808097
"Hanfermin Vargas","PHI",0.0266,0.0961,0.0227,7.25175,0.1754,0.1754,0,0,,1,4.912,1.2294,0.8495,0.80575,0.193778,0.751,,0.0526,0.4375,3.9375,6.759,0.582557,1.744,0.0890676,0.152891,-0.06382329016923904,0.299241,1.9804,0.297839,0.661689,,,7.22139,-0.0000999029,-0.000679999,999,,,,,,,1.8000000000000003,1.8000000000000003,2,2,,,,,,,,,,,,,,,,,,,"Hanfermin Vargas","sa3024227",820854
"Luis Carias","LAD",0.0267,0.096,0.0228,7.24185,0.1754,0.1754,0,0,,1,4.912,1.2271,0.8484,0.80465,0.193556,0.7554,,0.0502,0.4384,3.9456,6.7986,0.580355,1.742,0.0892508,0.153787,-0.06453583389520645,0.298826,1.9825,0.29747,0.662627,,,7.2227,-0.0000999029,-0.000679999,999,,,,,,,1.8000000000000003,1.8000000000000003,2,2,,,,,,,,,,,,,,,,,,,"Luis Carias","sa3021006",808218
"Alfonso Perez","SFG",0.0277,0.0932,0.0218,7.21737,0.2332,0.1632,0,0,,1,4.896,1.2354,0.8455,0.80193,0.195556,0.7233,,0.058,0.4119,3.7071,6.5097,0.569473,1.76,0.0841299,0.147733,-0.06360293179750443,0.300241,1.9587,0.296485,0.660683,,,7.2288,-0.0000999029,-0.000679999,999,,,,,,,1.8000000000000003,1.8000000000000003,2,2,,,,,,,,,,,,,,,,,,,"Alfonso Perez","sa3019659",800479
"Wilmer Blanco","PHI",0.0303,0.0913,0.0246,7.09758,0.2068,0.1688,0,0,,1,4.87,1.1874,0.8319,0.78862,0.200333,0.755,,0.0571,0.4832,4.3488,6.795,0.64,1.803,0.0992197,0.155031,-0.0558110848069191,0.292614,1.9424,0.292519,0.668198,,,7.24071,-0.0000999029,-0.000679999,999,,,,,,,1.8000000000000003,1.8000000000000003,2,2,,,,,,,,,,,,,,,,,,,"Wilmer Blanco","sa3019184",804627
"Stiven Rogers","ARI",0.0307,0.0833,0.0166,7.19154,0.4624,0.1144,0,0,,1,4.963,1.1971,0.8436,0.79906,0.180444,0.8391,,0.0569,0.4774,4.2966,7.5519,0.568943,1.624,0.0961918,0.169071,-0.07287931442260742,0.294345,2.0362,0.298213,0.668656,,,7.24546,-0.0000999029,-0.000679999,999,,,,,,,1.8000000000000003,1.8000000000000003,2,2,,,,,,,,,,,,,,,,,,,"Stiven Rogers","sa3024560",821098
"Roman Camacho","LAD",0.0283,0.0907,0.0203,7.22862,0.2958,0.1498,0,0,,1,4.965,1.2106,0.8486,0.80318,0.179,0.8355,,0.0543,0.4542,4.0878,7.5195,0.543627,1.611,0.0914804,0.168278,-0.07679757475852966,0.297065,2.0461,0.299709,0.666945,,,7.25448,-0.0000999029,-0.000679999,999,,,,,,,1.8000000000000003,1.8000000000000003,2,2,,,,,,,,,,,,,,,,,,,"Roman Camacho","sa3023108",815799
"Abraham Parra","SDP",0.0299,0.0891,0.0224,7.0812,0.2958,0.1498,0,0,,1,4.9,1.1927,0.8308,0.7868,0.190444,0.7881,,0.0556,0.4557,4.1013,7.0929,0.578226,1.714,0.093,0.160837,-0.06783672422170639,0.294036,1.9808,0.293903,0.670876,,,7.26196,-0.0000999029,-0.000679999,999,,,,,,,1.8000000000000003,1.8000000000000003,2,2,,,,,,,,,,,,,,,,,,,"Abraham Parra","sa3022369",811600
"Whilmer Guerra","ATL",0.0314,0.0875,0.018,7.36245,0.2934,0.1504,0,0,,1,4.94,1.257,0.8626,0.81805,0.191222,0.7581,,0.0533,0.4089,3.6801,6.8229,0.539375,1.721,0.0827733,0.153462,-0.07068825513124466,0.304462,2.0151,0.30205,0.659555,,,7.26877,-0.0000999029,-0.000679999,999,,,,,,,1.8000000000000003,1.8000000000000003,2,2,,,,,,,,,,,,,,,,,,,"Whilmer Guerra","sa3021538",808501
"Estarlin Francisco","MIA",0.0263,0.0965,0.022,7.28388,0.1754,0.1754,0,0,,1,4.933,1.2218,0.8534,0.80932,0.191556,0.7824,,0.0529,0.441,3.969,7.0416,0.56365,1.724,0.0893979,0.158605,-0.06920737028121948,0.298167,2.0042,0.297316,0.662895,,,7.2806,-0.0000999029,-0.000679999,999,,,,,,,1.8000000000000003,1.8000000000000003,2,2,,,,,,,,,,,,,,,,,,,"Estarlin Francisco","sa3023693",820966
"Leodarlyn Colon","WSN",0.0257,0.0953,0.0224,7.18227,0.2365,0.1625,0,0,,1,4.896,1.2062,0.8415,0.79803,0.193889,0.7686,,0.0527,0.4234,3.8106,6.9174,0.550872,1.745,0.0864788,0.156985,-0.07050653547048569,0.296022,1.9748,0.292795,0.665334,,,7.30414,-0.0000999029,-0.000679999,999,,,,,,,1.8000000000000003,1.8000000000000003,2,2,,,,,,,,,,,,,,,,,,,"Leodarlyn Colon","sa3019719",805741
"Darian Rivero","CHC",0.0258,0.0965,0.0204,7.35462,0.1903,0.1723,0,0,,1,4.941,1.2311,0.861,0.81718,0.193556,0.7782,,0.0557,0.4398,3.9582,7.0038,0.56515,1.742,0.0890103,0.157498,-0.06848815828561783,0.299749,2.0093,0.298682,0.660579,,,7.3048,-0.0000999029,-0.000679999,999,,,,,,,1.8000000000000003,1.8000000000000003,2,2,,,,,,,,,,,,,,,,,,,"Darian Rivero","sa3024528",815855
"Rudit Pina","ATL",0.0264,0.0954,0.0208,7.30719,0.2068,0.1688,0,0,,1,4.959,1.1995,0.8557,0.81191,0.189556,0.8309,,0.053,0.4837,4.3533,7.4781,0.58214,1.706,0.0975398,0.167554,-0.0700141191482544,0.294349,2.0304,0.296881,0.665544,,,7.315,-0.0000999029,-0.000679999,999,,,,,,,1.8000000000000003,1.8000000000000003,2,2,,,,,,,,,,,,,,,,,,,"Rudit Pina","sa3022030",808531
"Jesus Lopez","SDP",0.0305,0.0867,0.0203,7.09038,0.356,0.137,0,0,,1,4.885,1.1742,0.8299,0.78782,0.200889,0.7843,,0.0515,0.4832,4.3488,7.0587,0.616091,1.808,0.098915,0.160553,-0.061637669801712036,0.289983,1.9585,0.289236,0.672885,,,7.31904,-0.0000999029,-0.000679999,999,,,,,,,1.8000000000000003,1.8000000000000003,2,2,,,,,,,,,,,,,,,,,,,"Jesus Lopez","sa3021485",806882
"Justin Militello","ATL",0.0313,0.0858,0.0153,7.4691,0.356,0.137,0,0,,1,4.991,1.2423,0.8745,0.8299,0.187,0.825,,0.0554,0.4551,4.0959,7.425,0.551636,1.683,0.0911841,0.165298,-0.0741133913397789,0.302219,2.0673,0.304253,0.660648,,,7.32848,-0.0000999029,-0.000679999,999,,,,,,,1.8000000000000003,1.8000000000000003,2,2,,,,,,,,,,,,,,,,,,,"Justin Militello","sa3023568",805505
"Pedro Peralta","PHI",0.0263,0.0952,0.0199,7.34751,0.22,0.166,0,0,,1,4.962,1.2025,0.8599,0.81639,0.191556,0.829,,0.0538,0.488,4.392,7.461,0.588661,1.724,0.0983474,0.16707,-0.06872229278087616,0.294788,2.0315,0.297368,0.664428,,,7.3291,-0.0000999029,-0.000679999,999,,,,,,,1.8000000000000003,1.8000000000000003,2,2,,,,,,,,,,,,,,,,,,,"Pedro Peralta","sa3022182",808155
"Luis Morellis","CIN",0.0292,0.0863,0.0147,7.36308,0.4113,0.1253,0,0,,1,4.934,1.1983,0.8609,0.81812,0.214778,0.7946,,0.0543,0.5828,5.2452,7.1514,0.733451,1.933,0.118119,0.161046,-0.042926639318466187,0.293334,1.9929,0.299168,0.668947,,,7.33969,-0.0000999029,-0.000679999,999,,,,,,,3.8000000000000003,3.8000000000000003,4,4,,,,,,,,,,,,,,,,,,,"Luis Morellis","sa3021489",807260
"Angel Beltran","ARI",0.0269,0.0931,0.0189,7.3494,0.2653,0.1563,0,0,,1,4.966,1.2125,0.8606,0.8166,0.189778,0.8254,,0.0533,0.4629,4.1661,7.4286,0.560819,1.708,0.0932139,0.16621,-0.0729963630437851,0.296651,2.0379,0.297768,0.664311,,,7.34389,-0.0000999029,-0.000679999,999,,,,,,,1.8000000000000003,1.8000000000000003,2,2,,,,,,,,,,,,,,,,,,,"Angel Beltran","sa3024556",821063
"Cristobal Abreu","ATL",0.0321,0.0834,0.0144,7.45524,0.4113,0.1253,0,0,,1,4.989,1.237,0.8727,0.82836,0.187778,0.8316,,0.0518,0.4514,4.0626,7.4844,0.542809,1.69,0.0904791,0.166687,-0.07620765268802643,0.301296,2.0686,0.302682,0.662288,,,7.35499,-0.0000999029,-0.000679999,999,,,,,,,1.8000000000000003,1.8000000000000003,2,2,,,,,,,,,,,,,,,,,,,"Cristobal Abreu","sa3022169",808515
"Carlos Canales","MIL",0.0296,0.0845,0.0148,7.33995,0.4624,0.1144,0,0,,1,4.976,1.2127,0.8597,0.81555,0.187556,0.8347,,0.0561,0.4506,4.0554,7.5123,0.539835,1.688,0.0905547,0.167745,-0.07719051092863083,0.296852,2.0474,0.297398,0.665444,,,7.3759,-0.0000999029,-0.000679999,999,,,,,,,1.8000000000000003,1.8000000000000003,2,2,,,,,,,,,,,,,,,,,,,"Carlos Canales","sa3024076",815766
"Edward Cedano","ATL",0.026,0.0954,0.0197,7.35678,0.22,0.166,0,0,,1,5.009,1.1989,0.8631,0.81742,0.178556,0.8956,,0.0532,0.4674,4.2066,8.0604,0.521885,1.607,0.093312,0.178798,-0.08548612147569656,0.295281,2.0945,0.298849,0.667598,,,7.3993,-0.0000999029,-0.000679999,999,,,,,,,1.8000000000000003,1.8000000000000003,2,2,,,,,,,,,,,,,,,,,,,"Edward Cedano","sa3021792",808523
"Yuliangel De La Cruz","LAD",0.0259,0.0955,0.0191,7.38234,0.2224,0.1654,0,0,,1,4.969,1.2162,0.8645,0.82026,0.191556,0.8204,,0.058,0.4374,3.9366,7.3836,0.533155,1.724,0.0880258,0.165104,-0.07707788050174713,0.297316,2.0366,0.295999,0.662794,,,7.4171,-0.0000999029,-0.000679999,999,,,,,,,1.8000000000000003,1.8000000000000003,2,2,,,,,,,,,,,,,,,,,,,"Yuliangel De La Cruz","sa3018858",800447
"Bayant Melo","MIA",0.0244,0.0985,0.0188,7.45173,0.1754,0.1754,0,0,,1,5.045,1.1899,0.8738,0.82797,0.177333,0.9397,,0.057,0.484,4.356,8.4573,0.515058,1.596,0.0959366,0.186264,-0.09032705426216125,0.293926,2.1296,0.29896,0.667505,,,7.49391,-0.0000999029,-0.000679999,999,,,,,,,1.8000000000000003,1.8000000000000003,2,2,,,,,,,,,,,,,,,,,,,"Bayant Melo","sa3022028",808485
"Erick Reynoso","ARI",0.0251,0.0952,0.0156,7.53876,0.2604,0.1574,0,0,,1,4.975,1.2187,0.8799,0.83764,0.204333,0.8153,,0.056,0.4547,4.0923,7.3377,0.557709,1.839,0.091397,0.163879,-0.0724824070930481,0.296976,2.034,0.294475,0.660266,,,7.52731,-0.0000999029,-0.000679999,999,,,,,,,1.8000000000000003,1.8000000000000003,2,2,,,,,,,,,,,,,,,,,,,"Erick Reynoso","sa3021749",807791
"Jose Garces","PIT",0.0238,0.0937,0.0127,7.62048,0.356,0.137,0,0,,1,5.085,1.2252,0.8927,0.84672,0.169444,0.9427,,0.0646,0.4252,3.8268,8.4843,0.451045,1.525,0.0836185,0.185388,-0.10176991671323776,0.300463,2.1679,0.303112,0.660493,,,7.54076,-0.0000999029,-0.000679999,999,,,,,,,1.8000000000000003,1.8000000000000003,2,2,,,,,,,,,,,,,,,,,,,"Jose Garces","sa3015490",699010
"Jhonly Taveras","ATL",0.0272,0.0945,0.0136,7.69581,0.2068,0.1688,0,0,,1,5.035,1.2336,0.8991,0.85509,0.194778,0.8729,,0.0579,0.4559,4.1031,7.8561,0.522282,1.753,0.0905462,0.173366,-0.08282025903463364,0.30057,2.1065,0.300801,0.65841,,,7.57919,-0.0000999029,-0.000679999,999,,,,,,,1.8000000000000003,1.8000000000000003,2,2,,,,,,,,,,,,,,,,,,,"Jhonly Taveras","sa3018847",800353
"Carlos Mateo","PIT",0.0223,0.097,0.0129,7.67574,0.2958,0.1498,0,0,,1,5.103,1.2132,0.8987,0.85286,0.169778,0.9777,,0.0606,0.4518,4.0662,8.7993,0.462105,1.528,0.0885362,0.191593,-0.10305701941251755,0.298472,2.1909,0.303045,0.661577,,,7.58489,-0.0000999029,-0.000679999,999,,,,,,,1.8000000000000003,1.8000000000000003,2,2,,,,,,,,,,,,,,,,,,,"Carlos Mateo","sa3022011",808102
"Ryder Ryan","PIT",0.0459,0.052,0,4.43466,1,0,0,0,,1,4.376,1.034,0.5326,0.49274,0.116,0.4029,,0.05,0.788,7.092,3.6261,1.95582,1.044,0.180073,0.0920704,0.08800274133682251,0.263567,1.4369,0.304064,0.709533,,,4.45718,-0.000142249,-0.0474238,999,,,,,,,6.800000000000001,6.800000000000001,7,7,,,,,,,,,,,,,,,,,,,"Ryder Ryan","19891",656924
"Kyle Backhus","ARI",0.0497,0.0496,0.0041,4.24008,0.9522,0.0102,0,0,,1,4.391,0.9944,0.5111,0.47112,0.107778,0.4536,,0.0524,0.8652,7.7868,4.0824,1.90741,0.97,0.197039,0.103302,0.09373719990253448,0.255959,1.448,0.30447,0.722297,,,4.35519,-0.000157558,-0.0474907,999,,,,,,,6.800000000000001,6.800000000000001,7,7,,,,,,,,,,,,,,,,,,,"Kyle Backhus","sa3017068",679775
"Cole Waites","SFG",0.0475,0.0504,0,4.12173,1,0,0,0,,1,4.357,0.9205,0.4946,0.45797,0.117333,0.4666,,0.0391,0.993,8.937,4.1994,2.12816,1.056,0.227909,0.107092,0.12081708014011383,0.23901,1.3871,0.293023,0.729862,,,4.22291,-0.000209184,0.0541752,999,,,,,,,6.800000000000001,6.800000000000001,7,7,,,,,,,,,,,,,,,,,,,"Cole Waites","25665",686972
"Joel Kuhnel","PHI",0.0481,0.0498,0,4.35879,1,0,0,0,,1,4.316,1.0703,0.5263,0.48431,0.128556,0.3155,,0.0479,0.6609,5.9481,2.8395,2.09477,1.157,0.153128,0.0731001,0.08002780377864838,0.270784,1.3858,0.297724,0.712792,,,4.6061,-0.000235314,-0.0470218,999,,,,,,,6.800000000000001,6.800000000000001,7,7,,,,,,,,,,,,,,,,,,,"Joel Kuhnel","19995",669270
"Anderson Pilar","MIA",0.0461,0.0557,0.012,4.27833,0.8598,0.0298,0,0,,1,4.321,1.0081,0.514,0.47537,0.124444,0.3521,,0.0547,0.8289,7.4601,3.1689,2.35416,1.12,0.191831,0.0814858,0.11034481972455978,0.257549,1.3602,0.298446,0.713504,,,4.34686,-0.000278188,-0.0476916,999,,,,,,,6.800000000000001,6.800000000000001,7,7,,,,,,,,,,,,,,,,,,,"Anderson Pilar","sa917899",666768
"Ryan Och","SDP",0.0491,0.0488,0,4.07583,1,0,0,0,,1,4.357,0.8992,0.4892,0.45287,0.122444,0.5123,,0.0468,1.0024,9.0216,4.6107,1.95667,1.102,0.230067,0.117581,0.11248566955327988,0.236762,1.4115,0.290587,0.743744,,,4.43076,-0.000280471,0.0566754,999,,,,,,,3.8000000000000003,3.8000000000000003,4,4,,,,,,,,,,,,,,,,,,,"Ryan Och","sa3017146",701000
"Riley Martin","CHC",0.0491,0.0488,0,4.03974,1,0,0,0,,1,4.392,0.9,0.4873,0.44886,0.110333,0.5489,,0.0473,1.0076,9.0684,4.9401,1.83567,0.993,0.229417,0.124977,0.1044398695230484,0.237104,1.4489,0.294886,0.742873,,,4.37421,-0.000354158,0.0558932,999,,,,,,,3.8000000000000003,3.8000000000000003,4,4,,,,,,,,,,,,,,,,,,,"Riley Martin","sa3017601",702303
"Kai-Wei Teng","SFG",0.0466,0.0512,0,4.2624,1,0,0,0,,1,4.373,0.9716,0.5122,0.4736,0.118111,0.4069,,0.0736,0.8728,7.8552,3.6621,2.145,1.063,0.199588,0.0930482,0.10654012858867645,0.249608,1.3785,0.294145,0.714095,,,4.39782,-0.000368703,-0.0489717,999,,,,,,,6.800000000000001,6.800000000000001,7,7,,,,,,,,,,,,,,,,,,,"Kai-Wei Teng","24282",678906
"Oddanier Mosqueda","STL",0.0492,0.0487,0,4.02426,1,0,0,0,,1,4.363,0.9355,0.4854,0.44714,0.112444,0.4603,,0.0649,0.9151,8.2359,4.1427,1.98805,1.012,0.209741,0.105501,0.10424019396305084,0.243759,1.3958,0.292876,0.735155,,,4.37366,-0.000378628,0.0558597,999,,,,,,,6.800000000000001,6.800000000000001,7,7,,,,,,,,,,,,,,,,,,,"Oddanier Mosqueda","sa917882",665996
"Cole Paplham","SDP",0.0483,0.0496,0,4.20813,1,0,0,0,,1,4.338,0.9465,0.5053,0.46757,0.124222,0.4504,,0.0469,0.9159,8.2431,4.0536,2.03353,1.118,0.211134,0.103827,0.10730751603841782,0.246439,1.3969,0.29361,0.729034,,,4.44147,-0.000402721,-0.0468016,999,,,,,,,6.800000000000001,6.800000000000001,7,7,,,,,,,,,,,,,,,,,,,"Cole Paplham","sa3020749",800996
"Manuel Castro","SDP",0.0482,0.0497,0,4.23909,1,0,0,0,,1,4.305,0.9591,0.5071,0.47101,0.135444,0.3983,,0.0418,0.892,8.028,3.5847,2.23952,1.219,0.207201,0.0925203,0.11468061804771423,0.248157,1.3574,0.29028,0.728135,,,4.46356,-0.000665038,-0.0468112,999,,,,,,,6.800000000000001,6.800000000000001,7,7,,,,,,,,,,,,,,,,,,,"Manuel Castro","sa3017493",701195
"Tanner Andrews","SFG",0.0472,0.0507,0,4.16133,1,0,0,0,,1,4.348,0.9603,0.5007,0.46237,0.117,0.4263,,0.0377,0.9042,8.1378,3.8367,2.12104,1.053,0.207958,0.0980451,0.10991261154413223,0.247245,1.3866,0.294572,0.724485,,,4.27108,-0.0007691,-0.0489526,999,,,,,,,6.800000000000001,6.800000000000001,7,7,,,,,,,,,,,,,,,,,,,"Tanner Andrews","sa3007850",681084
"Phil Bickford","CHC",0.0474,0.0505,0,4.40244,1,0,0,0,,1,4.303,0.9487,0.5216,0.48916,0.147222,0.38,,0.0483,0.9496,8.5464,3.42,2.49895,1.325,0.220683,0.0883105,0.13237276673316956,0.244845,1.3287,0.288522,0.718963,,,4.46607,-0.00086691,-0.0474716,999,,,,,,,6.800000000000001,6.800000000000001,7,7,,,,,,,,,,,,,,,,,,,"Phil Bickford","18519",641360
"Zack Weiss","STL",0.048,0.0499,0,4.26429,1,0,0,0,,1,4.331,0.959,0.5095,0.47381,0.131778,0.412,,0.0446,0.9108,8.1972,3.708,2.21068,1.186,0.210298,0.0951281,0.1151697039604187,0.247522,1.371,0.292117,0.726078,,,4.42779,-0.000996177,-0.0475003,999,,,,,,,6.800000000000001,6.800000000000001,7,7,,,,,,,,,,,,,,,,,,,"Zack Weiss","15444",592848
"Rico Garcia","NYM",0.05,0.0479,0,4.16421,1,0,0,0,,1,4.296,0.8872,0.4937,0.46269,0.145333,0.4292,,0.0396,1.0403,9.3627,3.8628,2.42381,1.308,0.242155,0.0999069,0.14224860072135925,0.231814,1.3164,0.280843,0.739218,,,4.38161,-0.00106484,0.0552122,999,,,,,,,6.800000000000001,6.800000000000001,7,7,,,,,,,,,,,,,,,,,,,"Rico Garcia","20023",670329
"Braxton Roxby","SFG",0.0472,0.0507,0,4.16367,1,0,0,0,,1,4.361,0.9593,0.5014,0.46263,0.114556,0.4154,,0.0642,0.8948,8.0532,3.7386,2.15407,1.031,0.205182,0.0952534,0.1099289208650589,0.247153,1.3747,0.294127,0.719167,,,4.3049,-0.00115478,-0.0489526,999,,,,,,,6.800000000000001,6.800000000000001,7,7,,,,,,,,,,,,,,,,,,,"Braxton Roxby","sa3014811",694820
"Tyler Jay","MIL",0.0486,0.0493,0,4.03713,1,0,0,0,,1,4.294,0.9919,0.487,0.44857,0.124667,0.3467,,0.0467,0.825,7.425,3.1203,2.37958,1.122,0.192129,0.0807406,0.11138796806335449,0.254294,1.3386,0.293884,0.731573,,,4.31735,-0.00118493,0.0555247,999,,,,,,,6.800000000000001,6.800000000000001,7,7,,,,,,,,,,,,,,,,,,,"Tyler Jay","17952",664079
"Nolan Clenney","CHC",0.0476,0.0503,0,4.33485,1,0,0,0,,1,4.318,0.9952,0.5184,0.48165,0.134667,0.3667,,0.0456,0.8518,7.6662,3.3003,2.32288,1.212,0.197267,0.0849236,0.1123436838388443,0.254807,1.3619,0.294781,0.718872,,,4.45045,-0.00122368,-0.0474716,999,,,,,,,6.800000000000001,6.800000000000001,7,7,,,,,,,,,,,,,,,,,,,"Nolan Clenney","sa3015328",669639
"Grant Hartwig","NYM",0.0492,0.0487,0,4.24971,1,0,0,0,,1,4.382,0.9681,0.5112,0.47219,0.121778,0.4388,,0.064,0.8695,7.8255,3.9492,1.98154,1.096,0.198425,0.100137,0.09828843921422958,0.249562,1.4069,0.293056,0.724435,,,4.51899,-0.00126431,-0.0480835,999,,,,,,,6.800000000000001,6.800000000000001,7,7,,,,,,,,,,,,,,,,,,,"Grant Hartwig","29946",701643
"Nabil Crismatt","PHI",0.0488,0.0491,0,4.27437,1,0,0,0,,1,4.266,1.0129,0.5119,0.47493,0.141,0.3019,,0.0425,0.8171,7.3539,2.7171,2.70653,1.269,0.191538,0.0707689,0.12076888233423233,0.258287,1.3148,0.294213,0.718543,,,4.39848,-0.00127878,-0.0470123,999,,,,,,,6.800000000000001,6.800000000000001,7,7,,,,,,,,,,,,,,,,,,,"Nabil Crismatt","17732",622503
"Josh Maciejewski","MIL",0.0483,0.0496,0,4.09806,1,0,0,0,,1,4.305,0.9829,0.4924,0.45534,0.130111,0.3618,,0.043,0.8727,7.8543,3.2562,2.41211,1.171,0.202718,0.0840418,0.11867595463991165,0.252013,1.3447,0.29433,0.733133,,,4.32692,-0.00128384,0.0555358,999,,,,,,,6.800000000000001,6.800000000000001,7,7,,,,,,,,,,,,,,,,,,,"Josh Maciejewski","21310",656671
"Woo-Suk Go","MIA",0.0447,0.0531,0,4.39155,1,0,0,0,,1,4.365,0.9729,0.5245,0.48795,0.128889,0.4335,,0.0464,0.9216,8.2944,3.9015,2.12595,1.16,0.211134,0.0993127,0.11182131618261337,0.250418,1.4064,0.297752,0.719357,,,4.43854,-0.00132386,-0.0476916,999,,,,,,,6.800000000000001,6.800000000000001,7,7,,,,,,,,,,,,,,,,,,,"Woo-Suk Go","sa3012630",808970
"Raymond Burgos","SFG",0.0479,0.05,0,4.02057,1,0,0,0,,1,4.327,1.0014,0.4868,0.44673,0.110444,0.3645,,0.0462,0.804,7.236,3.2805,2.20576,0.994,0.18581,0.0842385,0.10157153010368347,0.255701,1.3659,0.296802,0.725762,,,4.22636,-0.00136856,0.0541975,999,,,,,,,6.800000000000001,6.800000000000001,7,7,,,,,,,,,,,,,,,,,,,"Raymond Burgos","22370",670103
"Dale Stanavich","MIA",0.0454,0.0525,0,4.25205,1,0,0,0,,1,4.398,0.953,0.5104,0.47245,0.118444,0.4927,,0.0477,0.9353,8.4177,4.4343,1.89832,1.066,0.212665,0.112028,0.10063665360212326,0.247045,1.4457,0.297646,0.730773,,,4.45686,-0.00153264,-0.0476916,999,,,,,,,6.800000000000001,6.800000000000001,7,7,,,,,,,,,,,,,,,,,,,"Dale Stanavich","sa3019833",689359
"J.P. Feyereisen","ARI",0.0474,0.0505,0,4.63518,1,0,0,0,,1,4.367,1.0315,0.5506,0.51502,0.141333,0.3748,,0.0365,0.7964,7.1676,3.3732,2.12487,1.272,0.182368,0.0858255,0.09654224663972855,0.260763,1.4063,0.294956,0.708107,,,4.64491,-0.00159552,-0.0474907,999,,,,,,,6.800000000000001,6.800000000000001,7,7,,,,,,,,,,,,,,,,,,,"J.P. Feyereisen","16610",656420
"Matt Hardy","MIL",0.047,0.0509,0,4.33476,1,0,0,0,,1,4.346,0.9953,0.5197,0.48164,0.131111,0.3951,,0.0457,0.8698,7.8282,3.5559,2.20147,1.18,0.200138,0.0909112,0.10922686755657196,0.254865,1.3904,0.297556,0.721468,,,4.45372,-0.00159948,-0.0477872,999,,,,,,,6.800000000000001,6.800000000000001,7,7,,,,,,,,,,,,,,,,,,,"Matt Hardy","sa3004120",677185
"Jorge Mercedes","MIA",0.0447,0.0532,0,4.40712,1,0,0,0,,1,4.401,0.934,0.5256,0.48968,0.126444,0.5087,,0.0463,1.0028,9.0252,4.5783,1.9713,1.138,0.227857,0.115587,0.11226993799209595,0.24285,1.4427,0.29725,0.724592,,,4.46966,-0.00167846,-0.0476916,999,,,,,,,3.8000000000000003,3.8000000000000003,4,4,,,,,,,,,,,,,,,,,,,"Jorge Mercedes","sa3019110",682724
"Ryan Bourassa","ATL",0.0494,0.0485,0,4.44942,1,0,0,0,,1,4.384,0.9532,0.5295,0.49438,0.133333,0.4733,,0.042,0.9864,8.8776,4.2597,2.08409,1.2,0.225,0.107961,0.11703923344612122,0.246388,1.4265,0.298245,0.723484,,,4.47291,-0.0017258,-0.0477011,999,,,,,,,6.800000000000001,6.800000000000001,7,7,,,,,,,,,,,,,,,,,,,"Ryan Bourassa","sa3022947",802180
"Ty Adcock","NYM",0.0496,0.0483,0,4.20273,1,0,0,0,,1,4.305,0.9622,0.5024,0.46697,0.137,0.3713,,0.042,0.9194,8.2746,3.3417,2.47616,1.233,0.213566,0.0862486,0.12731706351041794,0.247244,1.3335,0.291045,0.72795,,,4.34858,-0.00180742,-0.0480357,999,,,,,,,6.800000000000001,6.800000000000001,7,7,,,,,,,,,,,,,,,,,,,"Ty Adcock","25651",686654
"Zach Peek","MIL",0.0469,0.051,0,4.36338,1,0,0,0,,1,4.346,0.9789,0.5214,0.48482,0.136444,0.4065,,0.0445,0.9075,8.1675,3.6585,2.23247,1.228,0.208813,0.0935343,0.11527841538190842,0.251322,1.3854,0.295489,0.723389,,,4.47826,-0.00187891,-0.0477872,999,,,,,,,6.800000000000001,6.800000000000001,7,7,,,,,,,,,,,,,,,,,,,"Zach Peek","sa3014469",686745
"Tyler Samaniego","PIT",0.0463,0.0515,0,4.3488,1,0,0,0,,1,4.411,1.0024,0.5226,0.4832,0.114,0.4667,,0.0458,0.8344,7.5096,4.2003,1.78787,1.026,0.189163,0.105804,0.08335978537797928,0.257125,1.4691,0.301142,0.722795,,,4.51718,-0.00192244,-0.0474142,999,,,,,,,6.800000000000001,6.800000000000001,7,7,,,,,,,,,,,,,,,,,,,"Tyler Samaniego","sa3017876",701719
"Jason Blanchard","SDP",0.0483,0.0496,0,4.22667,1,0,0,0,,1,4.34,0.958,0.5063,0.46963,0.132556,0.4417,,0.0392,0.8777,7.8993,3.9753,1.9871,1.193,0.202235,0.101774,0.10046081990003586,0.248244,1.3997,0.289747,0.73584,,,4.577,-0.00194774,-0.0468016,999,,,,,,,6.800000000000001,6.800000000000001,7,7,,,,,,,,,,,,,,,,,,,"Jason Blanchard","sa3010313",687836
"Nigel Belgrave","MIA",0.0445,0.0533,0,4.40343,1,0,0,0,,1,4.415,0.9779,0.529,0.48927,0.115556,0.4904,,0.0513,0.9,8.1,4.4136,1.83524,1.04,0.203851,0.111076,0.09277462959289551,0.252472,1.4683,0.301757,0.718932,,,4.4938,-0.00195343,-0.0476916,999,,,,,,,6.800000000000001,6.800000000000001,7,7,,,,,,,,,,,,,,,,,,,"Nigel Belgrave","sa3023180",811310
"Seth Martinez","MIA",0.0436,0.0542,0,4.61043,1,0,0,0,,1,4.401,1.0226,0.5493,0.51227,0.139444,0.3936,,0.0544,0.8233,7.4097,3.5424,2.09172,1.255,0.187071,0.0894342,0.09763690084218979,0.25869,1.4162,0.295345,0.710005,,,4.67666,-0.00196042,-0.0477011,999,,,,,,,6.800000000000001,6.800000000000001,7,7,,,,,,,,,,,,,,,,,,,"Seth Martinez","21045",661527
"Adam Laskey","MIA",0.0479,0.0629,0.0404,4.34844,0.5506,0.0956,0,0,,1,4.393,1.0659,0.5269,0.48316,0.108333,0.3978,,0.0481,0.7089,6.3801,3.5802,1.78205,0.975,0.16137,0.0905531,0.07081720232963562,0.270046,1.4637,0.305945,0.714006,,,4.49471,-0.00196381,-0.0476916,999,,,,,,,6.800000000000001,6.800000000000001,7,7,,,,,,,,,,,,,,,,,,,"Adam Laskey","sa3014851",669445
"Noah Davis","LAD",0.0497,0.0481,0,4.43574,1,0,0,0,,1,4.333,1.0006,0.5286,0.49286,0.150667,0.3497,,0.066,0.8691,7.8219,3.1473,2.48527,1.356,0.200577,0.0807062,0.11987073719501495,0.255431,1.3503,0.29333,0.72119,,,4.63405,-0.00199826,-0.0472898,999,,,,,,,6.800000000000001,6.800000000000001,7,7,,,,,,,,,,,,,,,,,,,"Noah Davis","25862",663562
"Brandon Waddell","NYM",0.0497,0.0482,0,4.16376,1,0,0,0,,1,4.359,0.965,0.5004,0.46264,0.124556,0.4332,,0.0457,0.8762,7.8858,3.8988,2.02262,1.121,0.201009,0.0993806,0.10162881761789322,0.248705,1.3982,0.291887,0.733603,,,4.47,-0.00208208,-0.0480644,999,,,,,,,6.800000000000001,6.800000000000001,7,7,,,,,,,,,,,,,,,,,,,"Brandon Waddell","18347",663399
"Jordan Weems","ATL",0.0495,0.0484,0,4.44006,1,0,0,0,,1,4.359,0.9653,0.5279,0.49334,0.139,0.4333,,0.0418,0.9709,8.7381,3.8997,2.24071,1.251,0.222735,0.0994035,0.12333103269338608,0.248539,1.3986,0.297873,0.723173,,,4.45698,-0.00216344,-0.0477011,999,,,,,,,6.800000000000001,6.800000000000001,7,7,,,,,,,,,,,,,,,,,,,"Jordan Weems","13190",607179
"Brandon Hughes","CHC",0.0482,0.0518,0.0064,4.35591,0.9225,0.0165,0,0,,1,4.324,0.9374,0.517,0.48399,0.149778,0.4111,,0.0525,0.9679,8.7111,3.6999,2.35441,1.348,0.223844,0.095074,0.1287696585059166,0.242825,1.3485,0.287168,0.730147,,,4.56859,-0.00219854,-0.0474716,999,,,,,,,6.800000000000001,6.800000000000001,7,7,,,,,,,,,,,,,,,,,,,"Brandon Hughes","23460",676714
"Noel Vela","SDP",0.0482,0.0496,0,4.22307,1,0,0,0,,1,4.373,0.9413,0.5069,0.46923,0.126111,0.4978,,0.0386,0.908,8.172,4.4802,1.82403,1.135,0.207638,0.113835,0.09380288422107697,0.245347,1.4391,0.29088,0.73835,,,4.59912,-0.00219958,-0.0468016,999,,,,,,,6.800000000000001,6.800000000000001,7,7,,,,,,,,,,,,,,,,,,,"Noel Vela","sa3005177",676903
"Kolton Ingram","ATL",0.05,0.0479,0,4.29912,1,0,0,0,,1,4.415,0.9768,0.5173,0.47768,0.115889,0.4927,,0.0517,0.8952,8.0568,4.4343,1.81693,1.043,0.202763,0.111597,0.09116648882627487,0.252364,1.4695,0.301069,0.728396,,,4.51584,-0.00221451,-0.0477011,999,,,,,,,6.800000000000001,6.800000000000001,7,7,,,,,,,,,,,,,,,,,,,"Kolton Ingram","26068",688427
"Kyle Mora","ARI",0.0483,0.0526,0.0081,4.63266,0.8986,0.0216,0,0,,1,4.385,1.0206,0.5513,0.51474,0.133,0.413,,0.0432,0.8635,7.7715,3.717,2.0908,1.197,0.196921,0.0941847,0.10273660719394684,0.259774,1.4336,0.302698,0.707311,,,4.53708,-0.00223094,-0.0474907,999,,,,,,,6.800000000000001,6.800000000000001,7,7,,,,,,,,,,,,,,,,,,,"Kyle Mora","sa3018281",674115
"Patrick Halligan","ATL",0.0499,0.0499,0.0055,4.46355,0.9299,0.0149,0,0,,1,4.36,1.0042,0.5334,0.49595,0.133778,0.4045,,0.0425,0.8576,7.7184,3.6405,2.12015,1.204,0.196697,0.0927752,0.10392200946807861,0.256632,1.4087,0.297924,0.71663,,,4.53139,-0.00238129,-0.0476916,999,,,,,,,6.800000000000001,6.800000000000001,7,7,,,,,,,,,,,,,,,,,,,"Patrick Halligan","sa3017319",701856
"Justin Garza","SFG",0.0465,0.0527,0.0037,4.36887,0.9546,0.0096,0,0,,1,4.354,0.9882,0.522,0.48543,0.131,0.3856,,0.0471,0.8774,7.8966,3.4704,2.27541,1.179,0.201516,0.0885622,0.11295359581708908,0.252008,1.3738,0.294277,0.715558,,,4.41278,-0.00239368,-0.0489621,999,,,,,,,6.800000000000001,6.800000000000001,7,7,,,,,,,,,,,,,,,,,,,"Justin Garza","19784",621057
"Logan Boyer","LAD",0.0496,0.0483,0,4.47696,1,0,0,0,,1,4.359,0.9641,0.5325,0.49744,0.145667,0.4382,,0.0434,0.9662,8.6958,3.9438,2.20493,1.311,0.221656,0.100528,0.12112870067358017,0.248646,1.4023,0.29594,0.725821,,,4.57255,-0.00241947,-0.0472898,999,,,,,,,6.800000000000001,6.800000000000001,7,7,,,,,,,,,,,,,,,,,,,"Logan Boyer","sa3015002",669188
"R.J. Dabovich","SFG",0.0465,0.0514,0,4.31532,1,0,0,0,,1,4.384,0.9413,0.5158,0.47948,0.125,0.4674,,0.0432,0.9537,8.5833,4.2066,2.04044,1.125,0.217541,0.106615,0.11092609912157059,0.243016,1.4087,0.292089,0.723758,,,4.41588,-0.00242896,-0.0489621,999,,,,,,,6.800000000000001,6.800000000000001,7,7,,,,,,,,,,,,,,,,,,,"R.J. Dabovich","sa3014431",681924
"Tyler Schoff","WSN",0.0457,0.0521,0,4.41396,1,0,0,0,,1,4.348,0.9994,0.5286,0.49044,0.131556,0.4082,,0.0425,0.8093,7.2837,3.6738,1.98261,1.184,0.186132,0.0938822,0.0922493115067482,0.256434,1.4076,0.293543,0.718476,,,4.6102,-0.00245879,-0.0469261,999,,,,,,,6.800000000000001,6.800000000000001,7,7,,,,,,,,,,,,,,,,,,,"Tyler Schoff","sa3017545",694887
"Austin Roberts","MIA",0.0444,0.0535,0,4.45005,1,0,0,0,,1,4.382,0.9913,0.5325,0.49445,0.127556,0.4355,,0.0491,0.8673,7.8057,3.9195,1.9915,1.148,0.197923,0.0993838,0.09853947162628174,0.254349,1.4268,0.297582,0.716459,,,4.5439,-0.00252364,-0.0476916,999,,,,,,,6.800000000000001,6.800000000000001,7,7,,,,,,,,,,,,,,,,,,,"Austin Roberts","sa3010254",686762
"Isaac Mattson","PIT",0.0451,0.0528,0,4.62744,1,0,0,0,,1,4.442,0.9513,0.5497,0.51416,0.132333,0.5294,,0.048,0.9271,8.3439,4.7646,1.75123,1.191,0.208712,0.119181,0.08953174203634262,0.246157,1.4807,0.291949,0.718678,,,4.76481,-0.00255383,-0.0474142,999,,,,,,,3.8000000000000003,3.8000000000000003,4,4,,,,,,,,,,,,,,,,,,,"Isaac Mattson","20385",676755
"Chase Costello","MIL",0.0467,0.0512,0,4.38444,1,0,0,0,,1,4.371,0.9989,0.5264,0.48716,0.128556,0.4211,,0.0463,0.8478,7.6302,3.7899,2.0133,1.157,0.19396,0.0963395,0.09762069582939148,0.255892,1.42,0.297326,0.720632,,,4.5443,-0.00263056,-0.0477872,999,,,,,,,6.800000000000001,6.800000000000001,7,7,,,,,,,,,,,,,,,,,,,"Chase Costello","sa3020799",680774
"Trey McLoughlin","NYM",0.0492,0.0487,0,4.27401,1,0,0,0,,1,4.333,0.9482,0.5104,0.47489,0.138222,0.4207,,0.0355,0.9061,8.1549,3.7863,2.15379,1.244,0.209116,0.0970921,0.1120239868760109,0.244583,1.3689,0.285961,0.730397,,,4.51977,-0.00263815,-0.0480549,999,,,,,,,6.800000000000001,6.800000000000001,7,7,,,,,,,,,,,,,,,,,,,"Trey McLoughlin","sa3017277",694381
"Justin Storm","MIA",0.0449,0.0529,0,4.34052,1,0,0,0,,1,4.425,0.9468,0.5201,0.48228,0.120333,0.5274,,0.0469,0.9497,8.5473,4.7466,1.80072,1.083,0.214621,0.119186,0.0954350158572197,0.245877,1.4742,0.297219,0.7307,,,4.55431,-0.00264207,-0.0476916,999,,,,,,,3.8000000000000003,3.8000000000000003,4,4,,,,,,,,,,,,,,,,,,,"Justin Storm","sa3022797",814193
"Reiver Sanmartin","CIN",0.0476,0.0503,0,4.38327,1,0,0,0,,1,4.369,1.0353,0.5276,0.48703,0.131,0.4012,,0.0403,0.8346,7.5114,3.6108,2.08026,1.179,0.191028,0.0918288,0.09919889271259308,0.263603,1.4365,0.305311,0.725321,,,4.52478,-0.00264397,-0.0480071,999,,,,,,,6.800000000000001,6.800000000000001,7,7,,,,,,,,,,,,,,,,,,,"Reiver Sanmartin","19754",665665
"Jesús Liranzo","MIL",0.0473,0.0525,0.0056,4.39326,0.9307,0.0147,0,0,,1,4.356,0.9558,0.5239,0.48814,0.140111,0.4341,,0.0461,0.9413,8.4717,3.9069,2.16839,1.261,0.216093,0.0996557,0.11643708497285843,0.246607,1.3899,0.291902,0.725448,,,4.54592,-0.00264902,-0.0477872,999,,,,,,,6.800000000000001,6.800000000000001,7,7,,,,,,,,,,,,,,,,,,,"Jesus Liranzo","sa658076",622338
"Carlo Reyes","CHC",0.048,0.0534,0.0099,4.44312,0.878,0.026,0,0,,1,4.339,0.9723,0.529,0.49368,0.142444,0.4068,,0.0432,0.896,8.064,3.6612,2.20256,1.282,0.206499,0.0937543,0.11274487525224686,0.250013,1.3791,0.291121,0.720621,,,4.57626,-0.00265622,-0.0474716,999,,,,,,,6.800000000000001,6.800000000000001,7,7,,,,,,,,,,,,,,,,,,,"Carlo Reyes","sa3008713",683689
"Mat Olsen","SFG",0.046,0.0519,0,4.39245,1,0,0,0,,1,4.374,1.0006,0.526,0.48805,0.125889,0.3934,,0.0526,0.8519,7.6671,3.5406,2.16548,1.133,0.194765,0.0899406,0.10482394695281982,0.254735,1.394,0.296491,0.712787,,,4.43724,-0.00266166,-0.0489526,999,,,,,,,6.800000000000001,6.800000000000001,7,7,,,,,,,,,,,,,,,,,,,"Mat Olsen","sa3017882",695296
"Tyler Myrick","SFG",0.0464,0.0514,0,4.28769,1,0,0,0,,1,4.365,1.0078,0.5167,0.47641,0.118444,0.3894,,0.0491,0.7913,7.1217,3.5046,2.0321,1.066,0.181283,0.0892096,0.09207330644130707,0.256666,1.3972,0.294805,0.715053,,,4.43916,-0.00268352,-0.0489526,999,,,,,,,6.800000000000001,6.800000000000001,7,7,,,,,,,,,,,,,,,,,,,"Tyler Myrick","sa3017541",686924
"Chad Kuhl","ATL",0.0496,0.0496,0.0035,4.4955,0.9538,0.0098,0,0,,1,4.38,1.0082,0.5366,0.4995,0.135,0.4112,,0.0557,0.8878,7.9902,3.7008,2.15905,1.215,0.202694,0.0938813,0.10881278663873672,0.257647,1.4194,0.302114,0.71749,,,4.54658,-0.00270738,-0.0477107,999,,,,,,,6.800000000000001,6.800000000000001,7,7,,,,,,,,,,,,,,,,,,,"Chad Kuhl","14975",641771
"Jaden Woods","PIT",0.047,0.0538,0.0086,4.37544,0.8969,0.0219,0,0,,1,4.405,0.9749,0.5237,0.48616,0.122444,0.475,,0.0491,0.8717,7.8453,4.275,1.83516,1.102,0.197889,0.107832,0.09005674719810486,0.251205,1.4499,0.295299,0.724455,,,4.58716,-0.00271878,-0.0474142,999,,,,,,,6.800000000000001,6.800000000000001,7,7,,,,,,,,,,,,,,,,,,,"Jaden Woods","sa3023064",692243
"Raul Brito","SDP",0.0482,0.0529,0.0091,4.40091,0.8887,0.0237,0,0,,1,4.366,0.9701,0.5271,0.48899,0.131889,0.4468,,0.0532,0.8629,7.7661,4.0212,1.93129,1.187,0.197641,0.102336,0.09530462324619293,0.250931,1.4169,0.291936,0.72209,,,4.65524,-0.0028277,-0.0467921,999,,,,,,,6.800000000000001,6.800000000000001,7,7,,,,,,,,,,,,,,,,,,,"Raul Brito","sa928287",669993
"Daulton Jefferies","PIT",0.0462,0.056,0.0121,4.58397,0.8499,0.0319,0,0,,1,4.339,1.0643,0.5463,0.50933,0.138444,0.3164,,0.0455,0.7563,6.8067,2.8476,2.39033,1.246,0.174303,0.07292,0.1013827919960022,0.267607,1.3807,0.300373,0.703021,,,4.53936,-0.00285814,-0.0474238,999,,,,,,,6.800000000000001,6.800000000000001,7,7,,,,,,,,,,,,,,,,,,,"Daulton Jefferies","19345",641726
"Ben Leeper","CHC",0.0475,0.0527,0.0064,4.49397,0.92,0.017,0,0,,1,4.34,0.9669,0.5331,0.49933,0.147889,0.4038,,0.0472,0.9196,8.2764,3.6342,2.27736,1.331,0.211889,0.0930415,0.11884792894124985,0.248624,1.3707,0.290274,0.719801,,,4.60284,-0.00295845,-0.0474716,999,,,,,,,6.800000000000001,6.800000000000001,7,7,,,,,,,,,,,,,,,,,,,"Ben Leeper","sa3014907",663510
"Evan Gates","SFG",0.0462,0.0517,0,4.34178,1,0,0,0,,1,4.371,1.0054,0.5221,0.48242,0.121778,0.4087,,0.0363,0.8094,7.2846,3.6783,1.98043,1.096,0.185175,0.0935026,0.0916723981499672,0.256088,1.4141,0.29505,0.717266,,,4.46579,-0.00298637,-0.0489526,999,,,,,,,6.800000000000001,6.800000000000001,7,7,,,,,,,,,,,,,,,,,,,"Evan Gates","sa3017311",688753
"Brian Moran","ATL",0.0494,0.0485,0,4.455,1,0,0,0,,1,4.352,1.0292,0.5314,0.495,0.139889,0.3509,,0.0581,0.812,7.308,3.1581,2.31405,1.259,0.186581,0.0806296,0.10595127940177917,0.261019,1.3801,0.297318,0.716653,,,4.58804,-0.00303576,-0.0477011,999,,,,,,,6.800000000000001,6.800000000000001,7,7,,,,,,,,,,,,,,,,,,,"Brian Moran","9646",572383
"Jake Higginbotham","SDP",0.0493,0.0534,0.0143,4.32837,0.8318,0.0358,0,0,,1,4.308,0.9922,0.5167,0.48093,0.146778,0.3597,,0.0444,0.8009,7.2081,3.2373,2.22658,1.321,0.18591,0.0834958,0.10241410881280899,0.254156,1.3519,0.285981,0.728534,,,4.68509,-0.00318756,-0.0468112,999,,,,,,,6.800000000000001,6.800000000000001,7,7,,,,,,,,,,,,,,,,,,,"Jake Higginbotham","sa3007590",663977
"Alex Young","CIN",0.0472,0.0506,0,4.48155,1,0,0,0,,1,4.35,1.0272,0.5364,0.49795,0.147111,0.3805,,0.0426,0.8537,7.6833,3.4245,2.24363,1.324,0.196253,0.0874713,0.1087816059589386,0.26158,1.4077,0.300773,0.725029,,,4.64082,-0.0031941,-0.0479593,999,,,,,,,6.800000000000001,6.800000000000001,7,7,,,,,,,,,,,,,,,,,,,"Alex Young","18333",622065
"Brandan Bidois","PIT",0.0452,0.0526,0,4.60314,1,0,0,0,,1,4.431,0.9664,0.5471,0.51146,0.129667,0.5031,,0.0496,0.9401,8.4609,4.5279,1.86861,1.167,0.212164,0.113541,0.09862333536148071,0.249181,1.4695,0.297925,0.716168,,,4.63005,-0.00320638,-0.0474142,999,,,,,,,3.8000000000000003,3.8000000000000003,4,4,,,,,,,,,,,,,,,,,,,"Brandan Bidois","sa3015277",684049
"A.J. Puckett","CHC",0.0479,0.0559,0.0168,4.54068,0.7939,0.0439,0,0,,1,4.373,1.0434,0.5447,0.50452,0.130444,0.3835,,0.0501,0.768,6.912,3.4515,2.00261,1.174,0.175623,0.0876972,0.08792590349912643,0.264863,1.4269,0.30022,0.709006,,,4.62706,-0.00323377,-0.0474716,999,,,,,,,6.800000000000001,6.800000000000001,7,7,,,,,,,,,,,,,,,,,,,"A.J. Puckett","sa738686",643494
"Zac Leigh","CHC",0.047,0.0508,0,4.44195,1,0,0,0,,1,4.401,0.9412,0.5302,0.49355,0.130667,0.5015,,0.0513,0.9471,8.5239,4.5135,1.88853,1.176,0.215201,0.113951,0.10124970227479935,0.244582,1.4427,0.292566,0.72434,,,4.62935,-0.00325979,-0.0474716,999,,,,,,,3.8000000000000003,3.8000000000000003,4,4,,,,,,,,,,,,,,,,,,,"Zac Leigh","sa3017873",684949
"Garrett Davila","WSN",0.0463,0.0515,0,4.32216,1,0,0,0,,1,4.318,0.9848,0.5156,0.48024,0.142889,0.3685,,0.0506,0.8,7.2,3.3165,2.17096,1.286,0.185271,0.0853404,0.0999305248260498,0.252584,1.3533,0.284813,0.726378,,,4.68134,-0.00326762,-0.0469261,999,,,,,,,6.800000000000001,6.800000000000001,7,7,,,,,,,,,,,,,,,,,,,"Garrett Davila","sa875052",663657
"Juan Sanchez","SFG",0.0469,0.0509,0,4.20075,1,0,0,0,,1,4.413,0.9482,0.5058,0.46675,0.114778,0.4976,,0.0461,0.896,8.064,4.4784,1.80064,1.033,0.203036,0.112758,0.0902787297964096,0.245057,1.4458,0.291557,0.731454,,,4.49769,-0.00336938,-0.0489717,999,,,,,,,6.800000000000001,6.800000000000001,7,7,,,,,,,,,,,,,,,,,,,"Juan Sanchez","sa3005444",678738
"Clay Helvey","WSN",0.0454,0.0524,0,4.47264,1,0,0,0,,1,4.396,0.9681,0.535,0.49696,0.128667,0.4814,,0.0507,0.8718,7.8462,4.3326,1.81097,1.158,0.198317,0.109509,0.08880801498889923,0.25055,1.4495,0.293156,0.720438,,,4.69185,-0.00337683,-0.0469165,999,,,,,,,6.800000000000001,6.800000000000001,7,7,,,,,,,,,,,,,,,,,,,"Clay Helvey","sa3007459",663627
"Austin Schulfer","PHI",0.0486,0.052,0.008,4.43358,0.9011,0.0211,0,0,,1,4.355,1.0011,0.5324,0.49262,0.132778,0.4095,,0.0529,0.7974,7.1766,3.6855,1.94725,1.195,0.1831,0.0940299,0.08907002955675125,0.25718,1.4106,0.293112,0.717067,,,4.68499,-0.00338074,-0.0469931,999,,,,,,,6.800000000000001,6.800000000000001,7,7,,,,,,,,,,,,,,,,,,,"Austin Schulfer","sa3007585",662165
"Jeff Belge","CHC",0.0476,0.0503,0,4.32306,1,0,0,0,,1,4.392,0.9545,0.5179,0.48034,0.128556,0.4919,,0.0397,0.8913,8.0217,4.4271,1.81195,1.157,0.202937,0.111999,0.09093806892633438,0.247254,1.4464,0.29077,0.733168,,,4.6499,-0.00349334,-0.0474716,999,,,,,,,6.800000000000001,6.800000000000001,7,7,,,,,,,,,,,,,,,,,,,"Jeff Belge","sa3011231",666122
"Jeff Criswell","COL",0.0451,0.0528,0,4.72149,1,0,0,0,,1,4.331,1.0069,0.5588,0.52461,0.157444,0.3756,,0.0384,0.9356,8.4204,3.3804,2.49095,1.417,0.216024,0.0867236,0.12930038571357727,0.257059,1.3825,0.300803,0.708817,,,4.58406,-0.00352729,-0.0471846,999,,,,,,,6.800000000000001,6.800000000000001,7,7,,,,,,,,,,,,,,,,,,,"Jeff Criswell","27608",676105
"Taylor Rashi","ARI",0.0474,0.0504,0,4.62888,1,0,0,0,,1,4.399,0.9835,0.5496,0.51432,0.136556,0.4572,,0.0439,0.8964,8.0676,4.1148,1.96063,1.229,0.203774,0.103933,0.09984086453914642,0.252315,1.4407,0.295623,0.713153,,,4.6522,-0.00353991,-0.0474907,999,,,,,,,6.800000000000001,6.800000000000001,7,7,,,,,,,,,,,,,,,,,,,"Taylor Rashi","sa3011597",688497
"Blake Holub","MIL",0.0464,0.0514,0,4.45428,1,0,0,0,,1,4.367,0.9784,0.5317,0.49492,0.140333,0.432,,0.0401,0.8883,7.9947,3.888,2.05625,1.263,0.203412,0.0989238,0.10448820143938065,0.2512,1.4104,0.29239,0.723845,,,4.63051,-0.00361046,-0.0477872,999,,,,,,,6.800000000000001,6.800000000000001,7,7,,,,,,,,,,,,,,,,,,,"Blake Holub","sa3018147",700183
"Nick Vespi","PHI",0.0486,0.0493,0,4.28868,1,0,0,0,,1,4.34,0.9891,0.5152,0.47652,0.131556,0.4171,,0.0422,0.8239,7.4151,3.7539,1.97531,1.184,0.189839,0.096106,0.09373269975185394,0.254877,1.4062,0.293153,0.729119,,,4.6068,-0.00365917,-0.0470218,999,,,,,,,6.800000000000001,6.800000000000001,7,7,,,,,,,,,,,,,,,,,,,"Nick Vespi","21093",663989
"Juan Morillo","ARI",0.0471,0.0507,0,4.63617,1,0,0,0,,1,4.466,1.0189,0.5566,0.51513,0.111889,0.523,,0.044,0.829,7.461,4.707,1.58509,1.007,0.185625,0.117107,0.06851769238710403,0.261323,1.5419,0.306618,0.711277,,,4.66404,-0.00367431,-0.0474907,999,,,,,,,3.8000000000000003,3.8000000000000003,4,4,,,,,,,,,,,,,,,,,,,"Juan Morillo","sa917772",666661
"Liu Fuenmayor","ARI",0.0473,0.0505,0,4.62987,1,0,0,0,,1,4.44,1.0224,0.5521,0.51443,0.126111,0.4618,,0.0537,0.8425,7.5825,4.1562,1.82438,1.135,0.189752,0.104009,0.08574322611093521,0.260517,1.4842,0.303221,0.712808,,,4.66742,-0.0037128,-0.0474907,999,,,,,,,6.800000000000001,6.800000000000001,7,7,,,,,,,,,,,,,,,,,,,"Liu Fuenmayor","sa3003126",673884
"Ross Detwiler","CIN",0.0474,0.0505,0,4.48083,1,0,0,0,,1,4.355,0.9839,0.5331,0.49787,0.155333,0.3913,,0.0594,0.9586,8.6274,3.5217,2.44978,1.398,0.220115,0.0898507,0.1302640661597252,0.252004,1.3752,0.296938,0.72737,,,4.62071,-0.00371381,-0.0479879,999,,,,,,,6.800000000000001,6.800000000000001,7,7,,,,,,,,,,,,,,,,,,,"Ross Detwiler","2859",446321
"Curtis Taylor","STL",0.0475,0.0533,0.0085,4.49595,0.8953,0.0223,0,0,,1,4.375,0.9953,0.5368,0.49955,0.135556,0.4182,,0.0512,0.8327,7.4943,3.7638,1.99115,1.22,0.190331,0.0955886,0.09474286437034607,0.254839,1.4135,0.292694,0.716421,,,4.6715,-0.0037591,-0.0474907,999,,,,,,,6.800000000000001,6.800000000000001,7,7,,,,,,,,,,,,,,,,,,,"Curtis Taylor","sa917970",668954
"Christian Montes De Oca","ARI",0.047,0.0509,0,4.69692,1,0,0,0,,1,4.396,1.0537,0.5601,0.52188,0.133111,0.3875,,0.051,0.769,6.921,3.4875,1.98452,1.198,0.174932,0.0881483,0.08678344637155533,0.266254,1.4412,0.3013,0.702159,,,4.67442,-0.00379228,-0.0474907,999,,,,,,,6.800000000000001,6.800000000000001,7,7,,,,,,,,,,,,,,,,,,,"Christian Montes De Oca","sa3018207",801216
"Nicholas Padilla","PHI",0.0478,0.05,0,4.42476,1,0,0,0,,1,4.417,0.9585,0.5322,0.49164,0.121556,0.5236,,0.0535,0.8769,7.8921,4.7124,1.67475,1.094,0.198528,0.118542,0.07998642325401306,0.249616,1.4821,0.294549,0.724052,,,4.7242,-0.00380566,-0.046974,999,,,,,,,3.8000000000000003,3.8000000000000003,4,4,,,,,,,,,,,,,,,,,,,"Nicholas Padilla","21327",656820
"Tristan Garnett","PHI",0.0483,0.0496,0,4.35312,1,0,0,0,,1,4.39,0.9546,0.5218,0.48368,0.131667,0.4967,,0.0417,0.8838,7.9542,4.4703,1.77934,1.185,0.201321,0.113144,0.08817768841981888,0.247845,1.4513,0.29016,0.733642,,,4.72575,-0.00383341,-0.0469836,999,,,,,,,6.800000000000001,6.800000000000001,7,7,,,,,,,,,,,,,,,,,,,"Tristan Garnett","sa3017473",702911
"Freddy Tarnok","MIA",0.0446,0.0577,0.0117,4.58415,0.8499,0.0319,0,0,,1,4.359,0.971,0.543,0.50935,0.150444,0.4157,,0.0444,0.9189,8.2701,3.7413,2.21049,1.354,0.210805,0.0953659,0.11543931812047958,0.249045,1.3867,0.289994,0.717385,,,4.66476,-0.00389712,-0.0476916,999,,,,,,,6.800000000000001,6.800000000000001,7,7,,,,,,,,,,,,,,,,,,,"Freddy Tarnok","23324",676206
"Julian Fernández","LAD",0.0493,0.0486,0,4.54086,1,0,0,0,,1,4.359,0.9677,0.5391,0.50454,0.152667,0.4259,,0.0477,0.9342,8.4078,3.8331,2.19347,1.374,0.214315,0.0977059,0.11660929769277573,0.249061,1.3936,0.291236,0.724234,,,4.70355,-0.00390835,-0.0472898,999,,,,,,,6.800000000000001,6.800000000000001,7,7,,,,,,,,,,,,,,,,,,,"Julian Fernandez","18341",642759
"Ryan Middendorf","MIL",0.0462,0.0517,0,4.48551,1,0,0,0,,1,4.38,1.0251,0.5379,0.49839,0.133111,0.3849,,0.0636,0.7928,7.1352,3.4641,2.05976,1.198,0.181005,0.0878767,0.09312786161899567,0.26074,1.41,0.296777,0.712707,,,4.65682,-0.00390923,-0.0477872,999,,,,,,,6.800000000000001,6.800000000000001,7,7,,,,,,,,,,,,,,,,,,,"Ryan Middendorf","sa3019506",805437
"Nick Merkel","MIL",0.0479,0.0568,0.0194,4.48542,0.7625,0.0505,0,0,,1,4.364,1.0018,0.5368,0.49838,0.139333,0.4011,,0.0496,0.8354,7.5186,3.6099,2.08277,1.254,0.19143,0.0919111,0.099518783390522,0.255999,1.4029,0.293499,0.717069,,,4.65911,-0.00393521,-0.0477872,999,,,,,,,6.800000000000001,6.800000000000001,7,7,,,,,,,,,,,,,,,,,,,"Nick Merkel","sa3019962",806581
"Nelson L. Alvarez","PHI",0.0478,0.0501,0,4.45635,1,0,0,0,,1,4.394,0.9543,0.5337,0.49515,0.132,0.4998,,0.0461,0.8923,8.0307,4.4982,1.78531,1.188,0.203072,0.113746,0.08932635188102722,0.247993,1.4541,0.291203,0.725124,,,4.73558,-0.00394505,-0.0469836,999,,,,,,,6.800000000000001,6.800000000000001,7,7,,,,,,,,,,,,,,,,,,,"Nelson L. Alvarez","sa3010783",670389
"Blake Walston","ARI",0.0516,0.0577,0.0335,4.54644,0.5951,0.0861,0,0,,1,4.387,1.0196,0.5427,0.50516,0.131556,0.4058,,0.0548,0.8281,7.4529,3.6522,2.04066,1.184,0.188762,0.0925006,0.09626167267560959,0.259678,1.4254,0.299333,0.711154,,,4.6023,-0.00397939,-0.0474812,999,,,,,,,6.800000000000001,6.800000000000001,7,7,,,,,,,,,,,,,,,,,,,"Blake Walston","26270",686796
"Reid Schaller","WSN",0.0452,0.0527,0,4.53852,1,0,0,0,,1,4.367,0.9806,0.5403,0.50428,0.141556,0.4295,,0.05,0.8483,7.6347,3.8655,1.97509,1.274,0.194252,0.0983513,0.09590107202529907,0.252244,1.4101,0.289561,0.717703,,,4.7486,-0.00402136,-0.0469165,999,,,,,,,6.800000000000001,6.800000000000001,7,7,,,,,,,,,,,,,,,,,,,"Reid Schaller","sa3008023",668697
"Sam McWilliams","MIL",0.0483,0.0587,0.0256,4.54563,0.6825,0.0675,0,0,,1,4.385,0.949,0.5403,0.50507,0.146444,0.469,,0.0446,0.9711,8.7399,4.221,2.07058,1.318,0.22146,0.106956,0.11450397968292236,0.245131,1.418,0.29143,0.723591,,,4.66886,-0.00404583,-0.0477872,999,,,,,,,6.800000000000001,6.800000000000001,7,7,,,,,,,,,,,,,,,,,,,"Sam McWilliams","sa829124",656726
"Wesley Moore","PHI",0.0481,0.0498,0,4.3965,1,0,0,0,,1,4.392,0.9566,0.5259,0.4885,0.135,0.4819,,0.0529,0.8899,8.0091,4.3371,1.84665,1.215,0.202618,0.109722,0.09289617091417313,0.248004,1.4385,0.290082,0.730372,,,4.74608,-0.00406424,-0.0469836,999,,,,,,,6.800000000000001,6.800000000000001,7,7,,,,,,,,,,,,,,,,,,,"Wesley Moore","sa3020796",667744
"Cy Nielson","PIT",0.0459,0.054,0.0056,4.51296,0.9299,0.0149,0,0,,1,4.464,1.0026,0.5414,0.50144,0.114889,0.5023,,0.0671,0.8291,7.4619,4.5207,1.65061,1.034,0.18573,0.112522,0.07320787757635117,0.257433,1.5049,0.300857,0.71686,,,4.71004,-0.00411481,-0.0474142,999,,,,,,,3.8000000000000003,3.8000000000000003,4,4,,,,,,,,,,,,,,,,,,,"Cy Nielson","sa3020321",686951
"Jake McSteen","ATL",0.0523,0.0547,0.0266,4.5567,0.6768,0.0688,0,0,,1,4.351,1.0585,0.5441,0.5063,0.143889,0.3462,,0.0353,0.7481,6.7329,3.1158,2.16089,1.295,0.171937,0.0795679,0.09236957877874374,0.266658,1.4047,0.297192,0.715226,,,4.68534,-0.00414091,-0.0477011,999,,,,,,,6.800000000000001,6.800000000000001,7,7,,,,,,,,,,,,,,,,,,,"Jake McSteen","sa3015087",701151
"Michael Gomez","STL",0.0466,0.0513,0,4.49496,1,0,0,0,,1,4.423,1.0154,0.5401,0.49944,0.120444,0.4433,,0.0708,0.7826,7.0434,3.9897,1.7654,1.084,0.176939,0.100226,0.07671263068914413,0.259766,1.4587,0.297737,0.71205,,,4.70936,-0.00419904,-0.0475003,999,,,,,,,6.800000000000001,6.800000000000001,7,7,,,,,,,,,,,,,,,,,,,"Michael Gomez","sa3008454",676546
"Listher Sosa","ARI",0.0471,0.0528,0.0054,4.73598,0.9274,0.0154,0,0,,1,4.451,1.0775,0.5684,0.52622,0.116556,0.4231,,0.0681,0.7225,6.5025,3.8079,1.70763,1.049,0.162323,0.0950573,0.06726578623056412,0.27211,1.5006,0.307922,0.697012,,,4.7103,-0.00419954,-0.0474907,999,,,,,,,6.800000000000001,6.800000000000001,7,7,,,,,,,,,,,,,,,,,,,"Listher Sosa","sa3009725",683538
"Yacksel Ríos","NYM",0.0488,0.0491,0,4.35276,1,0,0,0,,1,4.398,0.9242,0.5203,0.48364,0.130556,0.5078,,0.05,0.9398,8.4582,4.5702,1.85073,1.175,0.213688,0.115462,0.09822648763656616,0.240665,1.432,0.28653,0.729814,,,4.6575,-0.00422337,-0.048074,999,,,,,,,3.8000000000000003,3.8000000000000003,4,4,,,,,,,,,,,,,,,,,,,"Yacksel Rios","15007",605441
"Casey Kelly","ARI",0.0457,0.0521,0,4.97286,1,0,0,0,,1,4.417,1.0945,0.5898,0.55254,0.147778,0.3751,,0.0409,0.7155,6.4395,3.3759,1.90749,1.33,0.161988,0.0849219,0.07706588506698608,0.273557,1.4696,0.301723,0.696755,,,4.90459,-0.00422373,-0.0474907,999,,,,,,,6.800000000000001,6.800000000000001,7,7,,,,,,,,,,,,,,,,,,,"Casey Kelly","9174",543391
"Cristofer Melendez","PIT",0.0449,0.0529,0,4.6566,1,0,0,0,,1,4.458,0.9571,0.5535,0.5174,0.129,0.545,,0.0465,0.9486,8.5374,4.905,1.74055,1.161,0.212786,0.122252,0.09053386002779007,0.247537,1.5021,0.296927,0.717821,,,4.72078,-0.00423673,-0.0474142,999,,,,,,,3.8000000000000003,3.8000000000000003,4,4,,,,,,,,,,,,,,,,,,,"Cristofer Melendez","sa873429",658667
"Elison Joseph","ATL",0.0487,0.0492,0,4.5738,1,0,0,0,,1,4.45,0.9508,0.5456,0.5082,0.128444,0.5472,,0.0475,0.9621,8.6589,4.9248,1.75822,1.156,0.216202,0.122966,0.09323595464229584,0.246622,1.498,0.297442,0.722513,,,4.69616,-0.00426372,-0.0477011,999,,,,,,,3.8000000000000003,3.8000000000000003,4,4,,,,,,,,,,,,,,,,,,,"Elison Joseph","sa3015306",693176
"Reiss Knehr","SDP",0.0488,0.0573,0.0237,4.55823,0.7089,0.0619,0,0,,1,4.365,0.9783,0.5427,0.50647,0.145111,0.4366,,0.0471,0.8587,7.7283,3.9294,1.96679,1.306,0.196724,0.100023,0.09670104086399078,0.252055,1.4149,0.289554,0.719789,,,4.78662,-0.00432007,-0.0467921,999,,,,,,,6.800000000000001,6.800000000000001,7,7,,,,,,,,,,,,,,,,,,,"Reiss Knehr","21541",663753
"Daison Acosta","WSN",0.0454,0.0524,0,4.47678,1,0,0,0,,1,4.403,0.9447,0.5349,0.49742,0.131556,0.5103,,0.05,0.8857,7.9713,4.5927,1.73565,1.184,0.201158,0.115898,0.0852600485086441,0.245843,1.455,0.287793,0.724019,,,4.7862,-0.00444801,-0.0469165,999,,,,,,,3.8000000000000003,3.8000000000000003,4,4,,,,,,,,,,,,,,,,,,,"Daison Acosta","sa944989",670897
"Jack Sinclair","WSN",0.0453,0.0525,0,4.49883,1,0,0,0,,1,4.38,0.9752,0.5374,0.49987,0.135778,0.4453,,0.0586,0.8284,7.4556,4.0077,1.86032,1.222,0.189132,0.101667,0.08746575564146042,0.251593,1.4205,0.288271,0.717728,,,4.78649,-0.00445128,-0.0469165,999,,,,,,,6.800000000000001,6.800000000000001,7,7,,,,,,,,,,,,,,,,,,,"Jack Sinclair","sa3017596",695378
"Justin Yeager","MIL",0.0461,0.0517,0,4.52592,1,0,0,0,,1,4.384,0.9631,0.5384,0.50288,0.145222,0.4559,,0.0434,0.9238,8.3142,4.1031,2.02632,1.307,0.210721,0.103992,0.10672900825738907,0.247921,1.419,0.290473,0.724363,,,4.70467,-0.00445217,-0.0477872,999,,,,,,,6.800000000000001,6.800000000000001,7,7,,,,,,,,,,,,,,,,,,,"Justin Yeager","sa3010825",687866
"Brad Deppermann","CHC",0.0462,0.0517,0,4.61421,1,0,0,0,,1,4.388,0.9964,0.5492,0.51269,0.141889,0.437,,0.0444,0.8568,7.7112,3.933,1.96064,1.277,0.19526,0.0995898,0.09567001461982727,0.255056,1.4334,0.293857,0.716093,,,4.74164,-0.00453459,-0.0474716,999,,,,,,,6.800000000000001,6.800000000000001,7,7,,,,,,,,,,,,,,,,,,,"Brad Deppermann","sa3011801",656368
"Nick Raquet","STL",0.0502,0.0593,0.035,4.48335,0.5935,0.0865,0,0,,1,4.393,1.0507,0.5391,0.49815,0.127,0.4022,,0.0445,0.7076,6.3684,3.6198,1.75932,1.143,0.161074,0.0915547,0.06951968371868134,0.266249,1.4529,0.296847,0.71665,,,4.74238,-0.00457366,-0.0475003,999,,,,,,,6.800000000000001,6.800000000000001,7,7,,,,,,,,,,,,,,,,,,,"Nick Raquet","sa3004658",675919
"Lucas Wepf","LAD",0.0489,0.049,0,4.62807,1,0,0,0,,1,4.384,0.9618,0.5483,0.51423,0.155111,0.4539,,0.0489,0.9614,8.6526,4.0851,2.11809,1.396,0.219297,0.103536,0.11576186120510101,0.24781,1.4157,0.291783,0.723711,,,4.76852,-0.00464561,-0.0472898,999,,,,,,,6.800000000000001,6.800000000000001,7,7,,,,,,,,,,,,,,,,,,,"Lucas Wepf","sa3020704",689233
"Zach McCambley","MIA",0.0434,0.0544,0,4.626,1,0,0,0,,1,4.448,1.0001,0.5537,0.514,0.124222,0.4959,,0.0557,0.8526,7.6734,4.4631,1.7193,1.118,0.191682,0.111488,0.08019334077835083,0.256673,1.496,0.300002,0.712736,,,4.73097,-0.00464838,-0.0476916,999,,,,,,,6.800000000000001,6.800000000000001,7,7,,,,,,,,,,,,,,,,,,,"Zach McCambley","sa3014478",685112
"Wilkin Ramos","PIT",0.0448,0.0531,0,4.62213,1,0,0,0,,1,4.498,1.0231,0.5569,0.51357,0.104444,0.5455,,0.0576,0.7868,7.0812,4.9095,1.44235,0.94,0.174922,0.121276,0.053646065294742584,0.262677,1.5686,0.305846,0.711274,,,4.75996,-0.00468114,-0.0474142,999,,,,,,,3.8000000000000003,3.8000000000000003,4,4,,,,,,,,,,,,,,,,,,,"Wilkin Ramos","sa3006487",678576
"Tanner Kiest","LAD",0.0489,0.049,0,4.58613,1,0,0,0,,1,4.405,0.9889,0.5477,0.50957,0.140444,0.464,,0.0508,0.8812,7.9308,4.176,1.89914,1.264,0.200045,0.105335,0.09471055120229721,0.254203,1.4529,0.295778,0.720541,,,4.77426,-0.00470041,-0.0472803,999,,,,,,,6.800000000000001,6.800000000000001,7,7,,,,,,,,,,,,,,,,,,,"Tanner Kiest","sa738380",641750
"Joshua Cornielly","NYM",0.0482,0.0497,0,4.46913,1,0,0,0,,1,4.374,0.9589,0.5314,0.49657,0.144556,0.426,,0.0582,0.8973,8.0757,3.834,2.10634,1.301,0.205144,0.0973937,0.10775034129619598,0.246517,1.3849,0.285941,0.721762,,,4.7037,-0.00473721,-0.0480644,999,,,,,,,6.800000000000001,6.800000000000001,7,7,,,,,,,,,,,,,,,,,,,"Joshua Cornielly","sa3005890",681739
"Sam Carlson","LAD",0.0487,0.0491,0,4.6035,1,0,0,0,,1,4.396,1.026,0.5509,0.5115,0.139556,0.415,,0.0564,0.8081,7.2729,3.735,1.94723,1.256,0.183826,0.094404,0.08942220360040665,0.261428,1.441,0.29777,0.714583,,,4.7787,-0.00476101,-0.0472898,999,,,,,,,6.800000000000001,6.800000000000001,7,7,,,,,,,,,,,,,,,,,,,"Sam Carlson","sa3005015",672277
"Andrew Walling","PHI",0.048,0.0499,0,4.40685,1,0,0,0,,1,4.421,0.9564,0.5288,0.48965,0.128444,0.5258,,0.0475,0.8718,7.8462,4.7322,1.65804,1.156,0.197195,0.118932,0.07826283574104309,0.248564,1.4822,0.29077,0.732046,,,4.81256,-0.00481833,-0.0469836,999,,,,,,,3.8000000000000003,3.8000000000000003,4,4,,,,,,,,,,,,,,,,,,,"Andrew Walling","sa3020319",681003
"Landon Harper","ATL",0.052,0.0577,0.0334,4.74642,0.5811,0.0891,0,0,,1,4.345,1.0926,0.5658,0.52738,0.151667,0.3027,,0.0383,0.7061,6.3549,2.7243,2.33267,1.365,0.162509,0.0696663,0.09284234791994095,0.272877,1.3953,0.299067,0.701203,,,4.74895,-0.00486242,-0.0477011,999,,,,,,,6.800000000000001,6.800000000000001,7,7,,,,,,,,,,,,,,,,,,,"Landon Harper","sa3020404",804542
"Ryan Shreve","STL",0.0461,0.0517,0,4.58541,1,0,0,0,,1,4.382,1.0621,0.5497,0.50949,0.133,0.3846,,0.037,0.6956,6.2604,3.4614,1.80863,1.197,0.15874,0.0877681,0.07097215205430984,0.26818,1.4467,0.296666,0.711622,,,4.76908,-0.0048764,-0.0475003,999,,,,,,,6.800000000000001,6.800000000000001,7,7,,,,,,,,,,,,,,,,,,,"Ryan Shreve","sa3010555",662914
"Conor Grammes","ARI",0.0474,0.0532,0.007,4.70574,0.906,0.02,0,0,,1,4.524,0.9947,0.5652,0.52286,0.106778,0.5916,,0.0636,0.8715,7.8435,5.3244,1.47312,0.961,0.192639,0.130769,0.0618700236082077,0.257108,1.5863,0.307184,0.710671,,,4.77719,-0.00494794,-0.0474812,999,,,,,,,3.8000000000000003,3.8000000000000003,4,4,,,,,,,,,,,,,,,,,,,"Conor Grammes","sa3011651",682202
"Carson Skipper","COL",0.0445,0.0533,0,4.81221,1,0,0,0,,1,4.384,1.0487,0.5709,0.53469,0.155556,0.3906,,0.0412,0.8382,7.5438,3.5154,2.14593,1.4,0.191195,0.0890967,0.10209853202104568,0.265346,1.4393,0.301897,0.710916,,,4.8077,-0.00496734,-0.047175,999,,,,,,,6.800000000000001,6.800000000000001,7,7,,,,,,,,,,,,,,,,,,,"Carson Skipper","sa3020451",702297
"Carson Fulmer","PIT",0.0465,0.0618,0.0281,4.71744,0.6388,0.0768,0,0,,1,4.449,1.0365,0.5632,0.52416,0.128111,0.4547,,0.05,0.8279,7.4511,4.0923,1.82076,1.153,0.186087,0.102203,0.08388401567935944,0.262784,1.4912,0.303983,0.707401,,,4.69022,-0.00502426,-0.0474142,999,,,,,,,6.800000000000001,6.800000000000001,7,7,,,,,,,,,,,,,,,,,,,"Carson Fulmer","18311",608334
"Jhosmer Alvarez","ARI",0.0464,0.0515,0,4.80969,1,0,0,0,,1,4.456,1.0574,0.5748,0.53441,0.125111,0.4625,,0.0462,0.7671,6.9039,4.1625,1.65859,1.126,0.17215,0.103793,0.06835726648569107,0.267879,1.5199,0.305159,0.70281,,,4.78482,-0.00504466,-0.0474907,999,,,,,,,6.800000000000001,6.800000000000001,7,7,,,,,,,,,,,,,,,,,,,"Jhosmer Alvarez","sa3005437",678493
"Charles King","PHI",0.047,0.0513,0.0011,4.65165,0.986,0.003,0,0,,1,4.385,0.997,0.554,0.51685,0.146444,0.4404,,0.0458,0.8473,7.6257,3.9636,1.92393,1.318,0.193227,0.100433,0.09279361367225647,0.25572,1.4374,0.292785,0.716826,,,4.83426,-0.0050643,-0.0469836,999,,,,,,,6.800000000000001,6.800000000000001,7,7,,,,,,,,,,,,,,,,,,,"Charles King","sa3023436",666155
"Deivi García","MIL",0.0462,0.0516,0,4.51719,1,0,0,0,,1,4.392,0.9328,0.536,0.50191,0.144889,0.4818,,0.0557,0.9778,8.8002,4.3362,2.02947,1.304,0.222632,0.109699,0.11293260753154755,0.242003,1.4146,0.288421,0.725064,,,4.70694,-0.00512573,-0.0477872,999,,,,,,,6.800000000000001,6.800000000000001,7,7,,,,,,,,,,,,,,,,,,,"Deivi Garcia","20276",665620
"Chris Wright","SFG",0.0467,0.0537,0.0072,4.39614,0.9118,0.0188,0,0,,1,4.435,0.9265,0.5241,0.48846,0.130333,0.5246,,0.0457,0.9596,8.6364,4.7214,1.8292,1.173,0.21637,0.118286,0.09808341413736343,0.239734,1.4511,0.286931,0.730708,,,4.65251,-0.00512613,-0.0489717,999,,,,,,,3.8000000000000003,3.8000000000000003,4,4,,,,,,,,,,,,,,,,,,,"Chris Wright","sa3011531",686819
"Peter Strzelecki","PIT",0.7687,0.8847,0,4.54884,16.8951,0,0,0.6126,,16.8951,73.939,16.9681,9.1378,8.53923,2.24142,6.6386,,1.0077,14.5008,7.72456,3.53637,2.18432,1.194,0.196118,0.0897848,0.10633359849452972,0.255957,1.39725,0.297206,0.706879,,,4.5323,-0.00513599,-0.0128522,999,,,,,,,67.00000000000001,3.941176470588236,69,4.0588235294117645,,,,,,,,,,,,,,,,,,,"Peter Strzelecki","21367",657265
"Eddy Yean","PIT",0.0444,0.0535,0,4.73301,1,0,0,0,,1,4.437,1.0649,0.5666,0.52589,0.125667,0.4284,,0.0505,0.7164,6.4476,3.8556,1.67227,1.131,0.16146,0.0965517,0.06490872800350189,0.269043,1.4933,0.30142,0.703449,,,4.80405,-0.00518089,-0.0474142,999,,,,,,,6.800000000000001,6.800000000000001,7,7,,,,,,,,,,,,,,,,,,,"Eddy Yean","sa3006543",678868
"José Geraldo","SDP",0.0463,0.0516,0,4.62195,1,0,0,0,,1,4.392,0.968,0.549,0.51355,0.147556,0.4697,,0.0465,0.8846,7.9614,4.2273,1.88333,1.328,0.201412,0.106944,0.09446720778942108,0.249755,1.4377,0.288519,0.721862,,,4.8641,-0.00519852,-0.0467921,999,,,,,,,6.800000000000001,6.800000000000001,7,7,,,,,,,,,,,,,,,,,,,"Jose Geraldo","sa3006070",678980
"Benito Garcia","STL",0.0461,0.0518,0,4.60728,1,0,0,0,,1,4.346,1.077,0.5505,0.51192,0.144667,0.3112,,0.0478,0.6623,5.9607,2.8008,2.12821,1.302,0.152393,0.0716061,0.08078692853450775,0.270128,1.3882,0.293184,0.706522,,,4.79955,-0.00522169,-0.0475003,999,,,,,,,6.800000000000001,6.800000000000001,7,7,,,,,,,,,,,,,,,,,,,"Benito Garcia","sa3005891",681740
"Collin Baumgartner","COL",0.0436,0.0543,0,5.02155,1,0,0,0,,1,4.435,1.0441,0.5949,0.55795,0.151667,0.4504,,0.0451,0.8949,8.0541,4.0536,1.9869,1.365,0.201781,0.101556,0.10022547841072083,0.265034,1.4945,0.308487,0.701625,,,4.83485,-0.00527493,-0.047175,999,,,,,,,6.800000000000001,6.800000000000001,7,7,,,,,,,,,,,,,,,,,,,"Collin Baumgartner","sa3023002",694677
"Andrew Bellatti","SDP",0.0466,0.0513,0,4.57497,1,0,0,0,,1,4.388,0.9394,0.5419,0.50833,0.153111,0.4776,,0.05,0.9246,8.3214,4.2984,1.93593,1.378,0.210711,0.108842,0.10186873376369476,0.243343,1.417,0.282564,0.727647,,,4.89052,-0.00550802,-0.0468016,999,,,,,,,6.800000000000001,6.800000000000001,7,7,,,,,,,,,,,,,,,,,,,"Andrew Bellatti","10657",571479
"Dugan Darnell","COL",0.0434,0.0569,0.0056,5.06781,0.9126,0.0186,0,0,,1,4.437,1.0654,0.6011,0.56309,0.151111,0.439,,0.0419,0.8585,7.7265,3.951,1.95558,1.36,0.193487,0.0989407,0.0945458710193634,0.269306,1.5044,0.310298,0.698692,,,4.85662,-0.00552162,-0.047175,999,,,,,,,6.800000000000001,6.800000000000001,7,7,,,,,,,,,,,,,,,,,,,"Dugan Darnell","sa3014876",699911
"William Kempner","MIA",0.0437,0.062,0.0207,4.79583,0.7295,0.0575,0,0,,1,4.433,1.0192,0.5706,0.53287,0.140222,0.4488,,0.0559,0.8453,7.6077,4.0392,1.88347,1.262,0.190684,0.101241,0.08944281935691833,0.259451,1.468,0.29869,0.705676,,,4.81287,-0.00557648,-0.0476916,999,,,,,,,6.800000000000001,6.800000000000001,7,7,,,,,,,,,,,,,,,,,,,"William Kempner","sa3020527",687531
"Carter Loewen","SDP",0.0479,0.057,0.0194,4.63869,0.7526,0.0526,0,0,,1,4.402,0.9695,0.5524,0.51541,0.144667,0.4861,,0.0451,0.869,7.821,4.3749,1.7877,1.302,0.19741,0.110427,0.08698319643735886,0.250465,1.4556,0.288693,0.720792,,,4.90275,-0.00563624,-0.0467921,999,,,,,,,6.800000000000001,6.800000000000001,7,7,,,,,,,,,,,,,,,,,,,"Carter Loewen","sa3014844",659389
"Stephen Jones","SDP",0.0463,0.0515,0,4.59711,1,0,0,0,,1,4.405,0.9711,0.5481,0.51079,0.141111,0.4802,,0.055,0.8505,7.6545,4.3218,1.77114,1.27,0.193076,0.109012,0.0840635672211647,0.250943,1.4513,0.288372,0.720402,,,4.90552,-0.00566769,-0.0467921,999,,,,,,,6.800000000000001,6.800000000000001,7,7,,,,,,,,,,,,,,,,,,,"Stephen Jones","sa3009935",682240
"Harold Chirino","SDP",0.046,0.0518,0,4.64463,1,0,0,0,,1,4.427,0.9958,0.5551,0.51607,0.135,0.4858,,0.0551,0.8188,7.3692,4.3722,1.68547,1.215,0.184956,0.109736,0.07522022724151611,0.256247,1.4816,0.293558,0.716772,,,4.90658,-0.00567964,-0.0467921,999,,,,,,,6.800000000000001,6.800000000000001,7,7,,,,,,,,,,,,,,,,,,,"Harold Chirino","sa917637",666785
"Eduardo Herrera","NYM",0.0478,0.05,0,4.51935,1,0,0,0,,1,4.45,0.9418,0.54,0.50215,0.130444,0.5464,,0.0474,0.9283,8.3547,4.9176,1.69894,1.174,0.208607,0.122787,0.08582022786140442,0.24423,1.4882,0.290033,0.726268,,,4.78706,-0.00569185,-0.048074,999,,,,,,,3.8000000000000003,3.8000000000000003,4,4,,,,,,,,,,,,,,,,,,,"Eduardo Herrera","sa3002702",672620
"Carson Spiers","CIN",2.4516,2.9613,1.0536,4.73253,36.0163,3.22,0,0.5985,,50.6746,219.129,52.1795,28.3971,26.6466,8.85116,16.0926,,2.6061,44.7238,7.94312,2.85811,2.77915,1.572,0.204098,0.0734389,0.13065911084413528,0.260337,1.34726,0.295041,0.713577,,,4.779,-0.0057054,-0.0125912,733.7100219726562,,,,,,,168.50000000000006,3.303921568627452,175,3.4313725490196076,,,,,,,,,,,,,,,,,,,"Carson Spiers","27685",686730
"Fineas Del Bonta-Smith","PIT",0.0441,0.0537,0,4.83255,1,0,0,0,,1,4.417,1.0442,0.5731,0.53695,0.144333,0.4121,,0.0462,0.7836,7.0524,3.7089,1.90148,1.299,0.177405,0.0932986,0.08410685509443283,0.263773,1.4563,0.296911,0.704175,,,4.85051,-0.0057072,-0.0474142,999,,,,,,,6.800000000000001,6.800000000000001,7,7,,,,,,,,,,,,,,,,,,,"Fineas Del Bonta-Smith","sa3010821",687486
"Kaleb Bowman","MIL",0.0461,0.0545,0.0073,4.64346,0.9044,0.0204,0,0,,1,4.364,1.008,0.5515,0.51594,0.156111,0.3796,,0.0509,0.836,7.524,3.4164,2.20232,1.405,0.191567,0.0869844,0.10458295792341232,0.25626,1.3876,0.289621,0.715199,,,4.81542,-0.00570732,-0.0477872,999,,,,,,,6.800000000000001,6.800000000000001,7,7,,,,,,,,,,,,,,,,,,,"Kaleb Bowman","sa3020745",689337
"Josh White","MIA",0.0438,0.061,0.0181,4.73967,0.7617,0.0507,0,0,,1,4.433,1.0039,0.5647,0.52663,0.138111,0.471,,0.0498,0.8503,7.6527,4.239,1.80531,1.243,0.191811,0.106249,0.0855628252029419,0.256608,1.4749,0.296119,0.710237,,,4.82372,-0.00570958,-0.0477011,999,,,,,,,6.800000000000001,6.800000000000001,7,7,,,,,,,,,,,,,,,,,,,"Josh White","sa3019953",687985
"Marquis Grissom Jr.","WSN",0.0446,0.0532,0,4.65696,1,0,0,0,,1,4.363,1.0045,0.553,0.51744,0.152,0.4004,,0.046,0.7908,7.1172,3.6036,1.97502,1.368,0.181251,0.0917717,0.0894797146320343,0.256472,1.4049,0.28667,0.714621,,,4.90008,-0.00573852,-0.0469165,999,,,,,,,6.800000000000001,6.800000000000001,7,7,,,,,,,,,,,,,,,,,,,"Marquis Grissom Jr.","sa3020312",671726
"Wil Jensen","CHC",0.0484,0.0611,0.032,4.72338,0.591,0.087,0,0,,1,4.363,1.0156,0.5609,0.52482,0.155111,0.3908,,0.0404,0.8138,7.3242,3.5172,2.0824,1.396,0.186523,0.0895714,0.09695164114236832,0.258304,1.4064,0.290422,0.710956,,,4.84892,-0.00574016,-0.047462,999,,,,,,,6.800000000000001,6.800000000000001,7,7,,,,,,,,,,,,,,,,,,,"Wil Jensen","sa3014786",669192
"Patrick Weigel","WSN",0.0446,0.0533,0,4.64346,1,0,0,0,,1,4.425,0.9882,0.5545,0.51594,0.134,0.4845,,0.059,0.8177,7.3593,4.3605,1.68772,1.206,0.184791,0.109492,0.07529943436384201,0.254592,1.4727,0.291556,0.714497,,,4.90358,-0.00576796,-0.046907,999,,,,,,,6.800000000000001,6.800000000000001,7,7,,,,,,,,,,,,,,,,,,,"Patrick Weigel","17792",622256
"Robert Kwiatkowski","CHC",0.0466,0.0567,0.0142,4.72878,0.8128,0.0398,0,0,,1,4.392,1.0628,0.5653,0.52542,0.141,0.385,,0.0452,0.7183,6.4647,3.465,1.86571,1.269,0.163547,0.0876594,0.07588797807693481,0.268262,1.4478,0.297115,0.705774,,,4.85348,-0.00579173,-0.047462,999,,,,,,,6.800000000000001,6.800000000000001,7,7,,,,,,,,,,,,,,,,,,,"Robert Kwiatkowski","sa3014929",688984
"Will Childers","MIL",0.0455,0.0524,0,4.64355,1,0,0,0,,1,4.388,1.0177,0.5535,0.51595,0.147333,0.414,,0.0412,0.8119,7.3071,3.726,1.96111,1.326,0.185027,0.0943482,0.0906791239976883,0.258772,1.4317,0.292701,0.716644,,,4.82361,-0.00580003,-0.0477872,999,,,,,,,6.800000000000001,6.800000000000001,7,7,,,,,,,,,,,,,,,,,,,"Will Childers","sa3021720",682999
"Joe La Sorsa","CIN",0.0462,0.0516,0,4.6845,1,0,0,0,,1,4.367,1.0891,0.559,0.5205,0.161556,0.2976,,0.0525,0.7393,6.6537,2.6784,2.48421,1.454,0.169292,0.0681475,0.1011449545621872,0.271129,1.3867,0.297667,0.713213,,,4.8384,-0.00582302,-0.0479975,999,,,,,,,6.800000000000001,6.800000000000001,7,7,,,,,,,,,,,,,,,,,,,"Joe La Sorsa","25481",686747
"Valentin Linarez","PIT",0.0443,0.0536,0,4.75722,1,0,0,0,,1,4.48,1.0202,0.5687,0.52858,0.122667,0.5142,,0.0539,0.8017,7.2153,4.6278,1.55912,1.104,0.178951,0.114777,0.0641741082072258,0.260794,1.5344,0.300426,0.708684,,,4.86205,-0.00583776,-0.0474142,999,,,,,,,3.8000000000000003,3.8000000000000003,4,4,,,,,,,,,,,,,,,,,,,"Valentin Linarez","sa3006557",679066
"Cam Sanders","PIT",0.0448,0.0553,0.0058,4.70835,0.9192,0.0172,0,0,,1,4.514,0.9551,0.5622,0.52315,0.119444,0.6025,,0.0614,0.9237,8.3133,5.4225,1.53311,1.075,0.20463,0.133474,0.07115638256072998,0.248071,1.5576,0.297709,0.715921,,,4.86356,-0.00585487,-0.0474142,999,,,,,,,3.8000000000000003,3.8000000000000003,4,4,,,,,,,,,,,,,,,,,,,"Cam Sanders","sa3008067",676742
"Mitchell Tyranski","CHC",0.0466,0.0513,0,4.52385,1,0,0,0,,1,4.409,0.9763,0.5394,0.50265,0.14,0.4801,,0.0417,0.8436,7.5924,4.3209,1.75713,1.26,0.191336,0.108891,0.08244499564170837,0.251158,1.4564,0.288022,0.727547,,,4.86468,-0.00592869,-0.0474716,999,,,,,,,6.800000000000001,6.800000000000001,7,7,,,,,,,,,,,,,,,,,,,"Mitchell Tyranski","sa3011235",680454
"David Morgan","SDP",0.0461,0.0518,0,4.64985,1,0,0,0,,1,4.394,1.0012,0.5543,0.51665,0.144778,0.4434,,0.0503,0.7984,7.1856,3.9906,1.80063,1.303,0.181702,0.10091,0.08079198747873306,0.256698,1.4446,0.289613,0.716879,,,4.93289,-0.00597749,-0.0467921,999,,,,,,,6.800000000000001,6.800000000000001,7,7,,,,,,,,,,,,,,,,,,,"David Morgan","sa3020260",688158
"Christian Roa","MIA",0.0445,0.0656,0.0326,4.76388,0.577,0.09,0,0,,1,4.448,0.9784,0.5669,0.52932,0.138889,0.5079,,0.0521,0.9013,8.1117,4.5711,1.77456,1.25,0.20263,0.114186,0.08844424784183502,0.251646,1.4863,0.294792,0.711689,,,4.84944,-0.00600062,-0.0477011,999,,,,,,,3.8000000000000003,3.8000000000000003,4,4,,,,,,,,,,,,,,,,,,,"Christian Roa","sa3014477",685005
"Eli Saul","ARI",0.0458,0.052,0,4.88979,1,0,0,0,,1,4.496,1.1008,0.5871,0.54331,0.114667,0.4672,,0.0564,0.6789,6.1101,4.2048,1.45312,1.032,0.151001,0.103915,0.04708630591630936,0.277112,1.568,0.310219,0.696926,,,4.87015,-0.00601093,-0.0474907,999,,,,,,,6.800000000000001,6.800000000000001,7,7,,,,,,,,,,,,,,,,,,,"Eli Saul","sa3020471",683272
"Nick Garcia","SFG",0.0451,0.0528,0,4.56642,1,0,0,0,,1,4.399,1.0177,0.5459,0.50738,0.134556,0.4026,,0.051,0.7712,6.9408,3.6234,1.91555,1.211,0.175313,0.0915208,0.08379177004098892,0.257946,1.4203,0.290542,0.709785,,,4.7341,-0.00603985,-0.0489621,999,,,,,,,6.800000000000001,6.800000000000001,7,7,,,,,,,,,,,,,,,,,,,"Nick Garcia","sa3014501",694356
"Ronan Kopp","LAD",0.0495,0.0484,0,4.4901,1,0,0,0,,1,4.476,0.8896,0.535,0.4989,0.137667,0.6277,,0.0514,1.0501,9.4509,5.6493,1.67293,1.239,0.234607,0.140237,0.09436996281147003,0.234296,1.5173,0.288193,0.741601,,,4.89325,-0.00604827,-0.0472803,999,,,,,,,3.8000000000000003,3.8000000000000003,4,4,,,,,,,,,,,,,,,,,,,"Ronan Kopp","sa3017751",691947
"Michael Brettell","STL",0.0457,0.0522,0,4.66731,1,0,0,0,,1,4.437,1.0615,0.5604,0.51859,0.125556,0.4285,,0.0579,0.6922,6.2298,3.8565,1.6154,1.13,0.156006,0.0965743,0.059432052075862885,0.268693,1.49,0.298752,0.707339,,,4.8735,-0.00605909,-0.0475003,999,,,,,,,6.800000000000001,6.800000000000001,7,7,,,,,,,,,,,,,,,,,,,"Michael Brettell","sa3008020",647179
"Osvaldo Berrios","STL",0.0457,0.0521,0,4.71627,1,0,0,0,,1,4.374,1.0342,0.5595,0.52403,0.152556,0.3761,,0.0449,0.7691,6.9219,3.3849,2.04493,1.373,0.175834,0.0859854,0.08984910696744919,0.261624,1.4103,0.290843,0.710942,,,4.8745,-0.0060704,-0.0475003,999,,,,,,,6.800000000000001,6.800000000000001,7,7,,,,,,,,,,,,,,,,,,,"Osvaldo Berrios","sa3004702",676047
"Cayne Ueckert","CHC",0.0457,0.0522,0,4.6962,1,0,0,0,,1,4.464,0.9827,0.5608,0.5218,0.130778,0.5302,,0.0549,0.8708,7.8372,4.7718,1.6424,1.177,0.195072,0.118772,0.076299287378788,0.253345,1.5129,0.296082,0.715966,,,4.88029,-0.00610535,-0.0474716,999,,,,,,,3.8000000000000003,3.8000000000000003,4,4,,,,,,,,,,,,,,,,,,,"Cayne Ueckert","sa3010789",681145
"Kevin Kopps","SDP",0.0462,0.0517,0,4.57164,1,0,0,0,,1,4.452,1.0265,0.5518,0.50796,0.117222,0.5057,,0.0531,0.7086,6.3774,4.5513,1.40123,1.055,0.159164,0.113589,0.04557502269744873,0.263665,1.5322,0.296435,0.71662,,,4.94957,-0.00615602,-0.0467825,999,,,,,,,3.8000000000000003,3.8000000000000003,4,4,,,,,,,,,,,,,,,,,,,"Kevin Kopps","sa3017005",667434
"Justin Lawson","NYM",0.0484,0.0524,0.0084,4.57929,0.8945,0.0225,0,0,,1,4.421,0.9922,0.5476,0.50881,0.135556,0.4696,,0.0466,0.824,7.416,4.2264,1.75468,1.22,0.186383,0.10622,0.08016286045312881,0.254098,1.4618,0.290857,0.718698,,,4.8293,-0.00615979,-0.0480644,999,,,,,,,6.800000000000001,6.800000000000001,7,7,,,,,,,,,,,,,,,,,,,"Justin Lawson","sa3023504",803088
"Frankie Scalzo Jr.","CHC",0.0455,0.0524,0,4.73463,1,0,0,0,,1,4.413,1.0314,0.5646,0.52607,0.141444,0.4338,,0.0453,0.7771,6.9939,3.9042,1.79138,1.273,0.176093,0.0983005,0.07779289036989212,0.262183,1.4652,0.295141,0.710713,,,4.88836,-0.00619662,-0.0474716,999,,,,,,,6.800000000000001,6.800000000000001,7,7,,,,,,,,,,,,,,,,,,,"Frankie Scalzo Jr.","sa3017724",700794
"Zane Mills","STL",0.0466,0.0565,0.0136,4.71555,0.8227,0.0377,0,0,,1,4.383,1.0956,0.5647,0.52395,0.139889,0.3436,,0.0448,0.6293,5.6637,3.0924,1.83149,1.259,0.143577,0.0783938,0.06518366187810898,0.27427,1.4392,0.296307,0.703339,,,4.89164,-0.00626425,-0.0475003,999,,,,,,,6.800000000000001,6.800000000000001,7,7,,,,,,,,,,,,,,,,,,,"Zane Mills","sa3017535",677312
"Nico Zeglin","CHC",0.0483,0.0611,0.0328,4.74525,0.5976,0.0856,0,0,,1,4.441,1.0301,0.5683,0.52725,0.132333,0.471,,0.0493,0.7751,6.9759,4.239,1.64565,1.191,0.174533,0.106057,0.06847556680440903,0.262734,1.5011,0.297938,0.708904,,,4.89751,-0.00629002,-0.047462,999,,,,,,,6.800000000000001,6.800000000000001,7,7,,,,,,,,,,,,,,,,,,,"Nico Zeglin","sa3023549",689901
"Will Mabrey","ARI",0.0466,0.0513,0,4.79043,1,0,0,0,,1,4.47,1.02,0.5695,0.53227,0.133889,0.5003,,0.0442,0.8217,7.3953,4.5027,1.64241,1.205,0.183826,0.111924,0.07190156728029251,0.25984,1.5203,0.298363,0.713356,,,4.89714,-0.00631629,-0.0474907,999,,,,,,,3.8000000000000003,3.8000000000000003,4,4,,,,,,,,,,,,,,,,,,,"Will Mabrey","sa3020709",801412
"Jimmie Sherfy","LAD",0.0478,0.0501,0,4.83399,1,0,0,0,,1,4.386,1.0373,0.5724,0.53711,0.165111,0.3806,,0.0473,0.8389,7.5501,3.4254,2.20415,1.486,0.191268,0.0867761,0.10449156165122986,0.26207,1.4179,0.295248,0.712453,,,4.91882,-0.00634783,-0.0472898,999,,,,,,,6.800000000000001,6.800000000000001,7,7,,,,,,,,,,,,,,,,,,,"Jimmie Sherfy","15118",642073
"Antoine Kelly","COL",0.0438,0.054,0,4.93155,1,0,0,0,,1,4.515,1.0241,0.5879,0.54795,0.132444,0.5538,,0.0589,0.8965,8.0685,4.9842,1.61882,1.192,0.19856,0.122658,0.0759025514125824,0.262435,1.5779,0.310319,0.710963,,,4.93336,-0.00637988,-0.0471654,999,,,,,,,3.8000000000000003,3.8000000000000003,4,4,,,,,,,,,,,,,,,,,,,"Antoine Kelly","sa3011135",681520
"Hugh Fisher","ARI",0.0466,0.0512,0,4.73922,1,0,0,0,,1,4.541,1.0177,0.5684,0.52658,0.111556,0.5738,,0.0696,0.8158,7.3422,5.1642,1.42175,1.004,0.179652,0.12636,0.053292229771614075,0.261109,1.5915,0.305074,0.712802,,,4.9153,-0.00652175,-0.0474907,999,,,,,,,3.8000000000000003,3.8000000000000003,4,4,,,,,,,,,,,,,,,,,,,"Hugh Fisher","sa3017255",676114
"Chase Watkins","CHC",0.046,0.0518,0,4.6287,1,0,0,0,,1,4.421,1.0192,0.5524,0.5143,0.139556,0.451,,0.0454,0.7746,6.9714,4.059,1.71752,1.256,0.175209,0.102013,0.07319612056016922,0.259695,1.4702,0.292198,0.719944,,,4.9207,-0.00656246,-0.0474716,999,,,,,,,6.800000000000001,6.800000000000001,7,7,,,,,,,,,,,,,,,,,,,"Chase Watkins","sa3017842",677352
"Alan Busenitz","CIN",0.0464,0.0515,0,4.6629,1,0,0,0,,1,4.348,1.0419,0.5557,0.5181,0.160111,0.3482,,0.0407,0.8195,7.3755,3.1338,2.35353,1.441,0.188477,0.0800828,0.10839467495679855,0.263166,1.3901,0.295953,0.715643,,,4.77562,-0.00658193,-0.0479688,999,,,,,,,6.800000000000001,6.800000000000001,7,7,,,,,,,,,,,,,,,,,,,"Alan Busenitz","15239",641427
"Gerardo Gutierrez","ARI",0.046,0.0519,0,4.8924,1,0,0,0,,1,4.48,1.0392,0.5832,0.5436,0.129778,0.5002,,0.0463,0.7828,7.0452,4.5018,1.56497,1.168,0.174732,0.111652,0.06308037042617798,0.264192,1.5394,0.301041,0.704274,,,4.92749,-0.00665957,-0.0474907,999,,,,,,,3.8000000000000003,3.8000000000000003,4,4,,,,,,,,,,,,,,,,,,,"Gerardo Gutierrez","sa3005379",677916
"Ethan Routzahn","SDP",0.0456,0.0522,0,4.72113,1,0,0,0,,1,4.403,1.053,0.5647,0.52457,0.141444,0.4038,,0.0562,0.6932,6.2388,3.6342,1.71669,1.273,0.157438,0.0917102,0.06572791188955307,0.267056,1.4568,0.29326,0.708703,,,4.99886,-0.00672363,-0.0467921,999,,,,,,,6.800000000000001,6.800000000000001,7,7,,,,,,,,,,,,,,,,,,,"Ethan Routzahn","sa3017206",701240
"Ivan Armstrong","WSN",0.0451,0.0586,0.0153,4.71348,0.7988,0.0428,0,0,,1,4.421,1.0191,0.5638,0.52372,0.136556,0.4562,,0.0554,0.7437,6.6933,4.1058,1.63021,1.229,0.16822,0.103189,0.065030537545681,0.260679,1.4753,0.291351,0.709823,,,4.9891,-0.00674561,-0.0469165,999,,,,,,,6.800000000000001,6.800000000000001,7,7,,,,,,,,,,,,,,,,,,,"Ivan Armstrong","sa3006358",678371
"Sean Harney","STL",0.0467,0.0574,0.0167,4.77558,0.7807,0.0467,0,0,,1,4.396,1.0472,0.568,0.53062,0.149333,0.3827,,0.0527,0.7393,6.6537,3.4443,1.9318,1.344,0.168176,0.0870564,0.08111920952796936,0.264404,1.4299,0.292277,0.705993,,,4.93541,-0.0067593,-0.0475003,999,,,,,,,6.800000000000001,6.800000000000001,7,7,,,,,,,,,,,,,,,,,,,"Sean Harney","sa3020472",686184
"Eduarniel Núñez","SDP",0.046,0.0519,0,4.6368,1,0,0,0,,1,4.478,0.9656,0.5559,0.5152,0.125778,0.5774,,0.0551,0.8448,7.6032,5.1966,1.46311,1.132,0.188656,0.128941,0.05971415340900421,0.251099,1.543,0.29212,0.722139,,,5.00949,-0.00683365,-0.0467825,999,,,,,,,3.8000000000000003,3.8000000000000003,4,4,,,,,,,,,,,,,,,,,,,"Eduarniel Nunez","sa3005284",674384
"Andrew Baker","PHI",0.0466,0.0513,0,4.69854,1,0,0,0,,1,4.488,0.9429,0.5614,0.52206,0.131,0.6135,,0.0455,0.9272,8.3448,5.5215,1.51133,1.179,0.206595,0.136698,0.06989751756191254,0.246252,1.5564,0.29302,0.72469,,,4.99208,-0.00684031,-0.046974,999,,,,,,,3.8000000000000003,3.8000000000000003,4,4,,,,,,,,,,,,,,,,,,,"Andrew Baker","sa3017196",687900
"Nick Morreale","SFG",0.0463,0.0617,0.0276,4.72599,0.6487,0.0747,0,0,,1,4.392,1.0494,0.5633,0.52511,0.144889,0.3633,,0.0478,0.7392,6.6528,3.2697,2.03468,1.304,0.168306,0.0827186,0.08558743447065353,0.263609,1.4127,0.292078,0.702067,,,4.80494,-0.00684093,-0.0489621,999,,,,,,,6.800000000000001,6.800000000000001,7,7,,,,,,,,,,,,,,,,,,,"Nick Morreale","sa3011533",687159
"Tyler Santana","CHC",0.0458,0.0554,0.0088,4.75893,0.8821,0.0251,0,0,,1,4.421,1.0809,0.571,0.52877,0.133778,0.4133,,0.0392,0.6565,5.9085,3.7197,1.58843,1.204,0.148496,0.0934856,0.05501016974449158,0.27237,1.4942,0.298004,0.706398,,,4.95009,-0.00689468,-0.0474716,999,,,,,,,6.800000000000001,6.800000000000001,7,7,,,,,,,,,,,,,,,,,,,"Tyler Santana","sa3017542",687825
"Junior Santos","WSN",0.0444,0.0569,0.0087,4.7538,0.8821,0.0251,0,0,,1,4.407,1.0564,0.5688,0.5282,0.139333,0.4148,,0.0459,0.6787,6.1083,3.7332,1.63621,1.254,0.154005,0.094123,0.059881992638111115,0.267694,1.4712,0.293155,0.707136,,,5.00251,-0.00689719,-0.0469165,999,,,,,,,6.800000000000001,6.800000000000001,7,7,,,,,,,,,,,,,,,,,,,"Junior Santos","sa3005470",681744
"Alec Baker","ARI",0.0474,0.0587,0.0202,5.01705,0.7164,0.0604,0,0,,1,4.414,1.0658,0.593,0.55745,0.155556,0.3826,,0.049,0.7666,6.8994,3.4434,2.00366,1.4,0.173675,0.0866788,0.0869959220290184,0.267628,1.4484,0.297442,0.695096,,,4.9503,-0.00691741,-0.0474907,999,,,,,,,6.800000000000001,6.800000000000001,7,7,,,,,,,,,,,,,,,,,,,"Alec Baker","sa3022794",696508
"Wes Benjamin","SDP",0.0472,0.0558,0.0144,4.7124,0.8178,0.0388,0,0,,1,4.387,1.0002,0.5582,0.5236,0.159556,0.434,,0.039,0.822,7.398,3.906,1.89401,1.436,0.187372,0.0989286,0.08844313025474548,0.255544,1.4342,0.28667,0.723475,,,5.0157,-0.00692419,-0.0468016,999,,,,,,,6.800000000000001,6.800000000000001,7,7,,,,,,,,,,,,,,,,,,,"Wes Benjamin","19243",605138
"Jack Ralston","STL",0.0457,0.0522,0,4.70925,1,0,0,0,,1,4.466,0.9631,0.5602,0.52325,0.136889,0.5493,,0.045,0.8875,7.9875,4.9437,1.61569,1.232,0.198724,0.122996,0.07572771608829498,0.248754,1.5124,0.290172,0.720951,,,4.95394,-0.00696864,-0.0475003,999,,,,,,,3.8000000000000003,3.8000000000000003,4,4,,,,,,,,,,,,,,,,,,,"Jack Ralston","sa3011296",667652
"Jake Rice","ARI",0.0468,0.0511,0,4.74912,1,0,0,0,,1,4.5,0.9828,0.5654,0.52768,0.129111,0.5612,,0.0531,0.8641,7.7769,5.0508,1.53974,1.162,0.192022,0.124711,0.06731110066175461,0.252927,1.544,0.29514,0.717846,,,4.95962,-0.00702276,-0.0474907,999,,,,,,,3.8000000000000003,3.8000000000000003,4,4,,,,,,,,,,,,,,,,,,,"Jake Rice","sa3017593",687095
"Jarod Bayless","PIT",0.0437,0.0541,0,4.91454,1,0,0,0,,1,4.437,1.0494,0.5821,0.54606,0.147111,0.3853,,0.0851,0.7598,6.8382,3.4677,1.97197,1.324,0.171242,0.086838,0.0844038724899292,0.264559,1.4347,0.294896,0.693879,,,4.97052,-0.00706456,-0.0474142,999,,,,,,,6.800000000000001,6.800000000000001,7,7,,,,,,,,,,,,,,,,,,,"Jarod Bayless","sa3010236",663681
"Luis Madrazo","SDP",0.0455,0.0524,0,4.76856,1,0,0,0,,1,4.452,0.9858,0.5678,0.52984,0.141444,0.5201,,0.0518,0.8441,7.5969,4.6809,1.62296,1.273,0.1896,0.116824,0.07277627289295197,0.254066,1.5059,0.291705,0.717269,,,5.03276,-0.00709657,-0.0467825,999,,,,,,,3.8000000000000003,3.8000000000000003,4,4,,,,,,,,,,,,,,,,,,,"Luis Madrazo","sa3019134",800104
"Carlos Guzman","NYM",0.0473,0.0506,0,4.63617,1,0,0,0,,1,4.415,0.9941,0.5525,0.51513,0.144,0.4481,,0.0521,0.8134,7.3206,4.0329,1.81522,1.296,0.184236,0.101495,0.0827406495809555,0.253934,1.4422,0.287448,0.717153,,,4.91228,-0.00709795,-0.0480644,999,,,,,,,6.800000000000001,6.800000000000001,7,7,,,,,,,,,,,,,,,,,,,"Carlos Guzman","sa871477",664346
"Lane Ramsey","MIA",0.0423,0.0555,0,4.91094,1,0,0,0,,1,4.464,0.9921,0.5809,0.54566,0.148222,0.5059,,0.0405,0.8919,8.0271,4.5531,1.763,1.334,0.199798,0.113329,0.08646952360868454,0.253242,1.498,0.29327,0.710661,,,4.94877,-0.00711365,-0.0476916,999,,,,,,,3.8000000000000003,3.8000000000000003,4,4,,,,,,,,,,,,,,,,,,,"Lane Ramsey","25071",682010
"Hunter Dula","SFG",0.0444,0.0535,0,4.71312,1,0,0,0,,1,4.435,1.0269,0.5623,0.52368,0.136667,0.4399,,0.041,0.7773,6.9957,3.9591,1.76699,1.23,0.175265,0.0991883,0.07607666403055191,0.259705,1.4668,0.292827,0.709152,,,4.83125,-0.00715859,-0.0489812,999,,,,,,,6.800000000000001,6.800000000000001,7,7,,,,,,,,,,,,,,,,,,,"Hunter Dula","sa3017392",702471
"Tyler Eckberg","MIA",0.0423,0.0555,0,4.89987,1,0,0,0,,1,4.382,1.0686,0.58,0.54443,0.161222,0.3465,,0.0438,0.7298,6.5682,3.1185,2.1062,1.451,0.166545,0.0790735,0.08747147023677826,0.267706,1.4151,0.292639,0.702125,,,4.97367,-0.0073949,-0.0476916,999,,,,,,,6.800000000000001,6.800000000000001,7,7,,,,,,,,,,,,,,,,,,,"Tyler Eckberg","sa3017365",690501
"Hunter Parsons","NYM",0.0493,0.0559,0.0202,4.6701,0.7394,0.0554,0,0,,1,4.413,0.9602,0.5541,0.5189,0.152111,0.4692,,0.0531,0.8862,7.9758,4.2228,1.88875,1.369,0.200816,0.106322,0.09449354559183121,0.246794,1.4294,0.283302,0.719556,,,4.93842,-0.00740344,-0.048074,999,,,,,,,6.800000000000001,6.800000000000001,7,7,,,,,,,,,,,,,,,,,,,"Hunter Parsons","sa3011606",663500
"Jorge Juan","ATL",0.0474,0.0505,0,4.8429,1,0,0,0,,1,4.517,0.9658,0.5759,0.5381,0.133667,0.5823,,0.0652,0.9349,8.4141,5.2407,1.60553,1.203,0.206974,0.128913,0.07806065678596497,0.249593,1.5481,0.297091,0.714345,,,4.97685,-0.00744095,-0.0477011,999,,,,,,,3.8000000000000003,3.8000000000000003,4,4,,,,,,,,,,,,,,,,,,,"Jorge Juan","sa3005826",678478
"Jack Dallas","PHI",0.0476,0.0569,0.0174,4.8087,0.7675,0.0495,0,0,,1,4.398,1.0332,0.5733,0.5343,0.152333,0.4206,,0.0465,0.7492,6.7428,3.7854,1.78126,1.371,0.17035,0.0956344,0.07471577823162079,0.262841,1.4538,0.290776,0.709775,,,5.04971,-0.00750155,-0.0469836,999,,,,,,,6.800000000000001,6.800000000000001,7,7,,,,,,,,,,,,,,,,,,,"Jack Dallas","sa3020490",806585
"Brandon Komar","CIN",0.0479,0.0642,0.0376,4.93137,0.5061,0.1051,0,0,,1,4.413,1.1496,0.5925,0.54793,0.146222,0.3396,,0.0379,0.6225,5.6025,3.0564,1.83304,1.316,0.141061,0.0769544,0.0641060546040535,0.284872,1.4892,0.307146,0.698099,,,4.95487,-0.00750782,-0.0479975,999,,,,,,,6.800000000000001,6.800000000000001,7,7,,,,,,,,,,,,,,,,,,,"Brandon Komar","sa3010630",688162
"Brendan Hardy","COL",0.0427,0.0551,0,5.20326,1,0,0,0,,1,4.49,1.05,0.6159,0.57814,0.152444,0.4928,,0.0563,0.8792,7.9128,4.4352,1.78409,1.372,0.195813,0.109755,0.08605790883302689,0.266437,1.5428,0.308517,0.697244,,,5.03716,-0.00755286,-0.0471654,999,,,,,,,6.800000000000001,6.800000000000001,7,7,,,,,,,,,,,,,,,,,,,"Brendan Hardy","sa3008290",682132
"Wander Suero","ATL",0.0472,0.0507,0,4.92399,1,0,0,0,,1,4.415,1.0222,0.5816,0.54711,0.160111,0.4197,,0.051,0.8352,7.5168,3.7773,1.98999,1.441,0.189173,0.0950623,0.09411099553108215,0.259159,1.4419,0.292334,0.70647,,,4.98962,-0.00758523,-0.0477011,999,,,,,,,6.800000000000001,6.800000000000001,7,7,,,,,,,,,,,,,,,,,,,"Wander Suero","15855",593833
"Jonathan Hughes","ATL",0.0466,0.0512,0,4.99617,1,0,0,0,,1,4.47,1.0771,0.5946,0.55513,0.142778,0.4466,,0.0465,0.749,6.741,4.0194,1.67712,1.285,0.167562,0.0999105,0.06765101104974747,0.270839,1.5237,0.302848,0.701837,,,5.00389,-0.00774627,-0.0477011,999,,,,,,,6.800000000000001,6.800000000000001,7,7,,,,,,,,,,,,,,,,,,,"Jonathan Hughes","sa3014908",663670
"Holden Powell","WSN",0.0438,0.054,0,4.79745,1,0,0,0,,1,4.474,0.9852,0.572,0.53305,0.135889,0.5466,,0.0509,0.8226,7.4034,4.9194,1.50494,1.223,0.183862,0.122173,0.06168976426124573,0.254147,1.5318,0.291058,0.715438,,,5.08034,-0.00776596,-0.046907,999,,,,,,,3.8000000000000003,3.8000000000000003,4,4,,,,,,,,,,,,,,,,,,,"Holden Powell","sa3014854",676026
"Ryan Rolison","COL",0.0434,0.063,0.0201,5.19939,0.704,0.063,0,0,,1,4.454,1.1401,0.618,0.57771,0.155,0.3886,,0.0401,0.7013,6.3117,3.4974,1.80468,1.395,0.157454,0.0872474,0.07020656764507294,0.283234,1.5287,0.310855,0.69429,,,5.06498,-0.00786691,-0.0471654,999,,,,,,,6.800000000000001,6.800000000000001,7,7,,,,,,,,,,,,,,,,,,,"Ryan Rolison","sa3008244",669020
"Joe Nahas","CHC",0.046,0.0579,0.0152,4.83705,0.7914,0.0444,0,0,,1,4.433,1.0334,0.5767,0.53745,0.145,0.4526,,0.0455,0.7528,6.7752,4.0734,1.66328,1.305,0.169817,0.102098,0.06771937012672424,0.262624,1.486,0.292516,0.70873,,,5.04018,-0.00791205,-0.0474716,999,,,,,,,6.800000000000001,6.800000000000001,7,7,,,,,,,,,,,,,,,,,,,"Joe Nahas","sa3011679",687481
"Austin Smith","ATL",0.0472,0.0524,0.0042,4.96854,0.939,0.013,0,0,,1,4.497,1.0298,0.5909,0.55206,0.139889,0.5119,,0.0535,0.8294,7.4646,4.6071,1.62024,1.259,0.184434,0.113831,0.07060261815786362,0.261929,1.5417,0.300411,0.706465,,,5.02244,-0.00795555,-0.0477011,999,,,,,,,3.8000000000000003,3.8000000000000003,4,4,,,,,,,,,,,,,,,,,,,"Austin Smith","sa3017071",694518
"Daniel Juarez","NYM",0.0478,0.0501,0,4.55346,1,0,0,0,,1,4.421,0.95,0.5405,0.50594,0.150444,0.4893,,0.0472,0.867,7.803,4.4037,1.77192,1.354,0.196109,0.110676,0.08543315529823303,0.244562,1.4393,0.278877,0.731518,,,4.99776,-0.00806299,-0.0480644,999,,,,,,,6.800000000000001,6.800000000000001,7,7,,,,,,,,,,,,,,,,,,,"Daniel Juarez","sa3011139",684483
"Pedro Garcia","CIN",0.0453,0.0525,0,4.90293,1,0,0,0,,1,4.44,0.9844,0.5802,0.54477,0.164667,0.478,,0.0569,0.9534,8.5806,4.302,1.99456,1.482,0.21473,0.107658,0.10707207024097443,0.252081,1.4624,0.294124,0.716149,,,5.00505,-0.00807415,-0.0479975,999,,,,,,,6.800000000000001,6.800000000000001,7,7,,,,,,,,,,,,,,,,,,,"Pedro Garcia","sa3011805",690345
"Emmanuel Chapman","PIT",0.0446,0.0659,0.0312,5.0868,0.5646,0.0926,0,0,,1,4.45,1.0509,0.6009,0.5652,0.156333,0.4377,,0.0423,0.7886,7.0974,3.9393,1.80169,1.407,0.177213,0.0983596,0.07885393500328064,0.26471,1.4886,0.295718,0.699123,,,5.06161,-0.00809294,-0.0474142,999,,,,,,,6.800000000000001,6.800000000000001,7,7,,,,,,,,,,,,,,,,,,,"Emmanuel Chapman","sa3023456",820888
"Jack Little","LAD",0.0477,0.0502,0,4.8906,1,0,0,0,,1,4.378,0.9988,0.5755,0.5434,0.180333,0.4016,,0.0445,0.8818,7.9362,3.6144,2.19572,1.623,0.201416,0.0917314,0.1096847876906395,0.254025,1.4004,0.285203,0.718596,,,5.08551,-0.00823057,-0.0472898,999,,,,,,,6.800000000000001,6.800000000000001,7,7,,,,,,,,,,,,,,,,,,,"Jack Little","sa1115817",669193
"Carlos Romero","WSN",0.0438,0.0541,0,4.81653,1,0,0,0,,1,4.46,0.9851,0.5731,0.53517,0.142778,0.5212,,0.0552,0.8059,7.2531,4.6908,1.54624,1.285,0.180695,0.116861,0.06383407115936279,0.253656,1.5063,0.287,0.714323,,,5.13999,-0.00843894,-0.046907,999,,,,,,,3.8000000000000003,3.8000000000000003,4,4,,,,,,,,,,,,,,,,,,,"Carlos Romero","sa3003106",673395
"Andrew Marrero","STL",0.0451,0.0528,0,4.83129,1,0,0,0,,1,4.488,0.9772,0.5739,0.53681,0.140778,0.5434,,0.0581,0.8576,7.7184,4.8906,1.57821,1.267,0.191087,0.121078,0.07000890374183655,0.251434,1.5206,0.289608,0.715294,,,5.08589,-0.00845811,-0.0475003,999,,,,,,,3.8000000000000003,3.8000000000000003,4,4,,,,,,,,,,,,,,,,,,,"Andrew Marrero","sa3016941",687817
"Liam Norris","ARI",0.0478,0.0587,0.0215,4.93488,0.7015,0.0635,0,0,,1,4.547,0.9765,0.5862,0.54832,0.132333,0.6219,,0.0467,0.902,8.118,5.5971,1.45039,1.191,0.198373,0.136772,0.06160105764865875,0.251779,1.5984,0.296817,0.716281,,,5.08861,-0.00847865,-0.0474907,999,,,,,,,3.8000000000000003,3.8000000000000003,4,4,,,,,,,,,,,,,,,,,,,"Liam Norris","sa3014543",691005
"Christian Suarez","LAD",0.0479,0.05,0,4.77747,1,0,0,0,,1,4.494,1.0151,0.571,0.53083,0.138667,0.5412,,0.0461,0.8113,7.3017,4.8708,1.49908,1.248,0.18053,0.120427,0.06010235846042633,0.259836,1.5563,0.296419,0.723333,,,5.10845,-0.00847903,-0.0472803,999,,,,,,,3.8000000000000003,3.8000000000000003,4,4,,,,,,,,,,,,,,,,,,,"Christian Suarez","sa3009222",682949
"Enmanuel Mejia","PHI",0.0478,0.0596,0.0245,4.86972,0.6677,0.0707,0,0,,1,4.453,0.9979,0.5804,0.54108,0.147111,0.5123,,0.0494,0.8128,7.3152,4.6107,1.58657,1.324,0.182529,0.115046,0.067482590675354,0.256444,1.5102,0.290234,0.712903,,,5.13842,-0.00849231,-0.046974,999,,,,,,,3.8000000000000003,3.8000000000000003,4,4,,,,,,,,,,,,,,,,,,,"Enmanuel Mejia","sa3009262",684871
"Jack Carey","PIT",0.0431,0.0547,0,5.03451,1,0,0,0,,1,4.474,1.0623,0.5973,0.55939,0.144667,0.4539,,0.0513,0.729,6.561,4.0851,1.60608,1.302,0.162941,0.101453,0.061488598585128784,0.267663,1.5162,0.296476,0.699493,,,5.10475,-0.00857936,-0.0474142,999,,,,,,,6.800000000000001,6.800000000000001,7,7,,,,,,,,,,,,,,,,,,,"Jack Carey","sa3017887",681004
"Daniel Harper","PHI",0.0455,0.0524,0,4.9365,1,0,0,0,,1,4.446,1.0163,0.5862,0.5485,0.153667,0.4888,,0.042,0.8049,7.2441,4.3992,1.64669,1.383,0.181039,0.109942,0.07109761238098145,0.259578,1.5051,0.291762,0.712344,,,5.14675,-0.00858613,-0.046974,999,,,,,,,6.800000000000001,6.800000000000001,7,7,,,,,,,,,,,,,,,,,,,"Daniel Harper","sa3020316",679702
"Alec Barger","COL",0.0422,0.0556,0,5.30604,1,0,0,0,,1,4.492,1.1017,0.6293,0.58956,0.153333,0.4578,,0.0498,0.7722,6.9498,4.1202,1.68676,1.38,0.171906,0.101915,0.0699910968542099,0.276503,1.5595,0.310039,0.691684,,,5.13821,-0.00869284,-0.0471654,999,,,,,,,6.800000000000001,6.800000000000001,7,7,,,,,,,,,,,,,,,,,,,"Alec Barger","sa3010566",681897
"Ty Weber","SFG",0.0443,0.059,0.0142,4.89132,0.8087,0.0407,0,0,,1,4.409,1.0902,0.582,0.54348,0.151556,0.3426,,0.0443,0.6628,5.9652,3.0834,1.93462,1.364,0.150329,0.0777047,0.07262418419122696,0.271052,1.4328,0.292618,0.697022,,,4.9718,-0.00873441,-0.0489717,999,,,,,,,6.800000000000001,6.800000000000001,7,7,,,,,,,,,,,,,,,,,,,"Ty Weber","sa3014788",670247
"Tommy McCollum","PHI",0.0458,0.0521,0,4.87944,1,0,0,0,,1,4.474,0.9676,0.5795,0.54216,0.149,0.5556,,0.0513,0.8764,7.8876,5.0004,1.57739,1.341,0.195887,0.124184,0.07170316576957703,0.250213,1.5232,0.288067,0.717861,,,5.17138,-0.00886375,-0.046974,999,,,,,,,3.8000000000000003,3.8000000000000003,4,4,,,,,,,,,,,,,,,,,,,"Tommy McCollum","sa3017204",695294
"Garvin Alston","WSN",0.0438,0.054,0,4.79817,1,0,0,0,,1,4.454,1.0243,0.5715,0.53313,0.143889,0.4856,,0.0465,0.7231,6.5079,4.3704,1.48909,1.295,0.162348,0.109026,0.05332285165786743,0.261174,1.5099,0.288195,0.717181,,,5.18714,-0.00897029,-0.046907,999,,,,,,,6.800000000000001,6.800000000000001,7,7,,,,,,,,,,,,,,,,,,,"Garvin Alston","sa3010238",664691
"Luke Albright","ARI",0.0472,0.0626,0.0284,5.12802,0.5877,0.0877,0,0,,1,4.497,1.0324,0.6076,0.56978,0.145889,0.5101,,0.0498,0.8048,7.2432,4.5909,1.57773,1.313,0.178964,0.113431,0.06553256511688232,0.262223,1.5425,0.296848,0.698596,,,5.13314,-0.00897029,-0.0474812,999,,,,,,,3.8000000000000003,3.8000000000000003,4,4,,,,,,,,,,,,,,,,,,,"Luke Albright","sa3017592",681475
"Nathanael Heredia","STL",0.0453,0.0525,0,4.73868,1,0,0,0,,1,4.55,1.0019,0.5681,0.52652,0.119778,0.5987,,0.0642,0.7888,7.0992,5.3883,1.31752,1.078,0.173363,0.131582,0.04178021848201752,0.25775,1.6006,0.296161,0.720561,,,5.13469,-0.0090081,-0.0475003,999,,,,,,,3.8000000000000003,3.8000000000000003,4,4,,,,,,,,,,,,,,,,,,,"Nathanael Heredia","sa3009986",678975
"Samuel Strickland","ATL",0.0472,0.0507,0,4.89069,1,0,0,0,,1,4.458,1.0558,0.5811,0.54341,0.149222,0.4509,,0.0406,0.7298,6.5682,4.0581,1.61854,1.343,0.163706,0.101144,0.06256169080734253,0.266179,1.5067,0.293631,0.713213,,,5.12127,-0.0090698,-0.0477011,999,,,,,,,6.800000000000001,6.800000000000001,7,7,,,,,,,,,,,,,,,,,,,"Samuel Strickland","sa3017139",694436
"Chandler Jozwiak","MIA",0.0424,0.0605,0.0123,4.93524,0.8285,0.0365,0,0,,1,4.49,1.0667,0.5884,0.54836,0.138778,0.4781,,0.0448,0.7086,6.3774,4.3029,1.48212,1.249,0.157817,0.106481,0.05133630335330963,0.268887,1.5448,0.297437,0.708176,,,5.12209,-0.00907907,-0.0477011,999,,,,,,,6.800000000000001,6.800000000000001,7,7,,,,,,,,,,,,,,,,,,,"Chandler Jozwiak","sa3017307",685001
"Jorge Benitez","LAD",0.0479,0.0499,0,4.76199,1,0,0,0,,1,4.533,0.9756,0.5694,0.52911,0.133556,0.6048,,0.0645,0.8702,7.8318,5.4432,1.43882,1.202,0.19197,0.133422,0.058548420667648315,0.252504,1.5804,0.294427,0.725552,,,5.1702,-0.00917493,-0.0472803,999,,,,,,,3.8000000000000003,3.8000000000000003,4,4,,,,,,,,,,,,,,,,,,,"Jorge Benitez","sa3004462",676221
"Gunner Mayer","PHI",0.0457,0.0522,0,4.88934,1,0,0,0,,1,4.488,0.968,0.5815,0.54326,0.145778,0.5763,,0.0492,0.8694,7.8246,5.1867,1.50859,1.312,0.193717,0.128409,0.06530748307704926,0.250615,1.5443,0.28877,0.718394,,,5.19929,-0.00917818,-0.046974,999,,,,,,,3.8000000000000003,3.8000000000000003,4,4,,,,,,,,,,,,,,,,,,,"Gunner Mayer","sa3011199",686763
"Russell Smith","MIL",0.0456,0.0559,0.0092,4.77459,0.8747,0.0267,0,0,,1,4.432,0.9925,0.5656,0.53051,0.160667,0.4642,,0.0476,0.8329,7.4961,4.1778,1.79427,1.446,0.187929,0.104738,0.0831904336810112,0.253176,1.4567,0.284229,0.723432,,,5.12475,-0.00920021,-0.0477872,999,,,,,,,6.800000000000001,6.800000000000001,7,7,,,,,,,,,,,,,,,,,,,"Russell Smith","sa3018191",669080
"Joseph King","STL",0.0443,0.0536,0,4.97025,1,0,0,0,,1,4.482,1.0837,0.5936,0.55225,0.137889,0.4668,,0.0402,0.6631,5.9679,4.2012,1.42052,1.241,0.147947,0.10415,0.04379741847515106,0.272629,1.5505,0.297986,0.704922,,,5.15384,-0.00922373,-0.0475003,999,,,,,,,6.800000000000001,6.800000000000001,7,7,,,,,,,,,,,,,,,,,,,"Joseph King","sa3020857",683165
"Ricky DeVito","MIA",0.0418,0.056,0,4.94937,1,0,0,0,,1,4.606,0.9808,0.5923,0.54993,0.115333,0.6759,,0.072,0.8838,7.9542,6.0831,1.30759,1.038,0.19188,0.146743,0.045136794447898865,0.254218,1.6567,0.30272,0.711862,,,5.14191,-0.00930231,-0.0477011,999,,,,,,,3.8000000000000003,3.8000000000000003,4,4,,,,,,,,,,,,,,,,,,,"Ricky DeVito","sa1116003",683740
"Blake Townsend","PIT",0.0435,0.0543,0,4.95369,1,0,0,0,,1,4.511,1.0282,0.5874,0.55041,0.140556,0.5005,,0.0716,0.7688,6.9192,4.5045,1.53606,1.265,0.170428,0.110951,0.059476837515830994,0.261037,1.5287,0.292996,0.706723,,,5.1724,-0.0093416,-0.0474142,999,,,,,,,3.8000000000000003,3.8000000000000003,4,4,,,,,,,,,,,,,,,,,,,"Blake Townsend","sa3010125",678620
"Adam McKillican","COL",0.0417,0.0561,0,5.44554,1,0,0,0,,1,4.496,1.122,0.6438,0.60506,0.162444,0.4369,,0.0487,0.7646,6.8814,3.9321,1.75006,1.462,0.170062,0.0971753,0.07288700342178345,0.279773,1.5589,0.311205,0.687281,,,5.20586,-0.00945481,-0.0471654,999,,,,,,,6.800000000000001,6.800000000000001,7,7,,,,,,,,,,,,,,,,,,,"Adam McKillican","sa3017687",688015
"Jaycob Deese","PIT",0.0425,0.0606,0.012,5.2227,0.8178,0.0388,0,0,,1,4.464,1.1302,0.6191,0.5803,0.154111,0.3846,,0.0439,0.6269,5.6421,3.4614,1.63001,1.387,0.140435,0.0861559,0.054278664290905,0.280064,1.5148,0.299921,0.689507,,,5.20162,-0.00967055,-0.0474142,999,,,,,,,6.800000000000001,6.800000000000001,7,7,,,,,,,,,,,,,,,,,,,"Jaycob Deese","sa3020376",671600
"Zach Barnes","ARI",0.0446,0.0533,0,5.20272,1,0,0,0,,1,4.535,1.0916,0.6192,0.57808,0.134667,0.5023,,0.0541,0.6937,6.2433,4.5207,1.38105,1.212,0.152966,0.110761,0.042205072939395905,0.274368,1.5939,0.303766,0.693556,,,5.19895,-0.00972145,-0.0474907,999,,,,,,,3.8000000000000003,3.8000000000000003,4,4,,,,,,,,,,,,,,,,,,,"Zach Barnes","sa3017203",695071
"Jeisson Cabrera","LAD",0.0476,0.0537,0.0083,5.03739,0.878,0.026,0,0,,1,4.494,0.9927,0.5964,0.55971,0.158889,0.5418,,0.0508,0.8936,8.0424,4.8762,1.64932,1.43,0.198843,0.120561,0.07828214764595032,0.254447,1.5345,0.292677,0.714985,,,5.22264,-0.00976521,-0.0472803,999,,,,,,,3.8000000000000003,3.8000000000000003,4,4,,,,,,,,,,,,,,,,,,,"Jeisson Cabrera","sa3006501",678922
"Kelvin Bautista","LAD",0.0474,0.0504,0,4.85028,1,0,0,0,,1,4.56,1.0104,0.5813,0.53892,0.128444,0.6214,,0.0515,0.8114,7.3026,5.5926,1.30576,1.156,0.177939,0.136272,0.041666656732559204,0.259937,1.6318,0.299246,0.723496,,,5.23216,-0.00987235,-0.0472803,999,,,,,,,3.8000000000000003,3.8000000000000003,4,4,,,,,,,,,,,,,,,,,,,"Kelvin Bautista","sa3006491",678654
"José Ureña","NYM",0.8459,0.808,0,4.08001,16.8951,0,0,0.6637,,16.8951,72.449,17.0599,8.3241,7.65913,2.06683,5.5531,,0.6675,13.6065,7.24817,2.95813,2.45025,1.101,0.187808,0.0766484,0.11115957051515579,0.257592,1.33844,0.296569,0.72461,,,4.25068,-0.0100038,0.0786879,999,,,,,,,68.00000000000001,4.000000000000001,70,4.117647058823529,,,,,,,,,,,,,,,,,,,"Jose Urena","11589",570632
"Antonio Knowles","LAD",0.0477,0.0549,0.011,5.05026,0.8351,0.0351,0,0,,1,4.528,1.0105,0.6009,0.56114,0.146333,0.5678,,0.0575,0.8477,7.6293,5.1102,1.49296,1.317,0.187213,0.125398,0.06181536614894867,0.258923,1.5783,0.297101,0.711647,,,5.24931,-0.0100552,-0.0472707,999,,,,,,,3.8000000000000003,3.8000000000000003,4,4,,,,,,,,,,,,,,,,,,,"Antonio Knowles","sa3017387",682087
"Evan Taylor","MIA",0.042,0.0558,0,4.9113,1,0,0,0,,1,4.568,1.037,0.5883,0.5457,0.122,0.5916,,0.0566,0.7436,6.6924,5.3244,1.25693,1.098,0.162785,0.12951,0.033274948596954346,0.264554,1.6286,0.299587,0.71361,,,5.20988,-0.0100672,-0.0477011,999,,,,,,,3.8000000000000003,3.8000000000000003,4,4,,,,,,,,,,,,,,,,,,,"Evan Taylor","sa3019950",681117
"Josh Hejka","PHI",0.0454,0.0525,0,4.9842,1,0,0,0,,1,4.398,1.044,0.5898,0.5538,0.171556,0.3809,,0.0602,0.7203,6.4827,3.4281,1.89105,1.544,0.163779,0.0866076,0.0771714523434639,0.263843,1.4249,0.284643,0.704891,,,5.2794,-0.01009,-0.0469836,999,,,,,,,6.800000000000001,6.800000000000001,7,7,,,,,,,,,,,,,,,,,,,"Josh Hejka","sa3011152",691196
"Grant Ford","PIT",0.0427,0.0607,0.0126,5.16384,0.8079,0.0409,0,0,,1,4.549,1.0491,0.6139,0.57376,0.135667,0.5525,,0.0543,0.7537,6.7833,4.9725,1.36416,1.221,0.165685,0.121455,0.044229499995708466,0.26612,1.6016,0.299208,0.699669,,,5.24315,-0.0101377,-0.0474142,999,,,,,,,3.8000000000000003,3.8000000000000003,4,4,,,,,,,,,,,,,,,,,,,"Grant Ford","sa3010625",687352
"Tyler Clippard","WSN",0.0425,0.0554,0,5.148,1,0,0,0,,1,4.437,1.037,0.6054,0.572,0.172667,0.4207,,0.0509,0.7661,6.8949,3.7863,1.82101,1.554,0.172662,0.0948163,0.07784537971019745,0.261512,1.4577,0.285576,0.700924,,,5.29375,-0.0101804,-0.0469165,999,,,,,,,6.800000000000001,6.800000000000001,7,7,,,,,,,,,,,,,,,,,,,"Tyler Clippard","5640",461325
"J.C. Flowers","PIT",0.0426,0.0591,0.0085,5.12865,0.8689,0.0279,0,0,,1,4.572,1.0682,0.6131,0.56985,0.123556,0.576,,0.0505,0.7002,6.3018,5.184,1.21563,1.112,0.15315,0.125984,0.027165353298187256,0.270739,1.6442,0.302601,0.700846,,,5.2518,-0.010235,-0.0474142,999,,,,,,,3.8000000000000003,3.8000000000000003,4,4,,,,,,,,,,,,,,,,,,,"J.C. Flowers","sa3011493",669001
"Evan Kravetz","CIN",0.0455,0.0524,0,4.8627,1,0,0,0,,1,4.433,1.0136,0.5763,0.5403,0.167556,0.4514,,0.0456,0.8681,7.8129,4.0626,1.92313,1.508,0.195827,0.101827,0.09399954974651337,0.25752,1.465,0.291705,0.722272,,,5.0995,-0.0102541,-0.0479879,999,,,,,,,6.800000000000001,6.800000000000001,7,7,,,,,,,,,,,,,,,,,,,"Evan Kravetz","27536",667478
"Andre Scrubb","NYM",0.0457,0.0522,0,4.97268,1,0,0,0,,1,4.482,1.0268,0.5903,0.55252,0.151667,0.4949,,0.0433,0.7792,7.0128,4.4541,1.57446,1.365,0.173851,0.110419,0.0634315088391304,0.260358,1.5217,0.290459,0.711336,,,5.19435,-0.0103176,-0.0481026,999,,,,,,,6.800000000000001,6.800000000000001,7,7,,,,,,,,,,,,,,,,,,,"Andre Scrubb","20329",668687
"Matt Turner","COL",0.0419,0.0559,0,5.35086,1,0,0,0,,1,4.568,1.1272,0.6372,0.59454,0.139778,0.5225,,0.0509,0.7101,6.3909,4.7025,1.35904,1.258,0.155451,0.114383,0.04106830805540085,0.282181,1.6497,0.313993,0.69635,,,5.28359,-0.0103293,-0.0471654,999,,,,,,,3.8000000000000003,3.8000000000000003,4,4,,,,,,,,,,,,,,,,,,,"Matt Turner","sa3005029",676666
"Jesse Bergin","MIA",0.0411,0.0567,0,5.13846,1,0,0,0,,1,4.535,1.04,0.6103,0.57094,0.142444,0.5514,,0.0435,0.7838,7.0542,4.9626,1.42147,1.282,0.172834,0.121588,0.05124586075544357,0.263953,1.5914,0.29781,0.704824,,,5.23536,-0.0103537,-0.0477011,999,,,,,,,3.8000000000000003,3.8000000000000003,4,4,,,,,,,,,,,,,,,,,,,"Jesse Bergin","sa3017133",685045
"Andrew Schultz","PHI",0.045,0.0529,0,5.04855,1,0,0,0,,1,4.531,0.9865,0.5998,0.56095,0.145556,0.5903,,0.0628,0.8549,7.6941,5.3127,1.44825,1.31,0.188678,0.13028,0.05839771032333374,0.25439,1.5768,0.292254,0.711569,,,5.3082,-0.0103936,-0.0469644,999,,,,,,,3.8000000000000003,3.8000000000000003,4,4,,,,,,,,,,,,,,,,,,,"Andrew Schultz","sa3010782",669697
"Ryan Harbin","PIT",0.0425,0.0566,0.003,5.13864,0.9555,0.0095,0,0,,1,4.623,1.0455,0.615,0.57096,0.114222,0.6546,,0.0552,0.7512,6.7608,5.8914,1.14757,1.028,0.162492,0.141596,0.020895525813102722,0.267173,1.7001,0.30556,0.704524,,,5.27837,-0.0105236,-0.0474046,999,,,,,,,3.8000000000000003,3.8000000000000003,4,4,,,,,,,,,,,,,,,,,,,"Ryan Harbin","sa3011733",689877
"Landon Sims","ARI",0.0447,0.0556,0.0055,5.26554,0.9142,0.0182,0,0,,1,4.568,1.044,0.6245,0.58506,0.138222,0.5798,,0.0506,0.7904,7.1136,5.2182,1.36323,1.244,0.17303,0.126926,0.046103328466415405,0.265136,1.6238,0.301025,0.69867,,,5.27377,-0.0105528,-0.0474812,999,,,,,,,3.8000000000000003,3.8000000000000003,4,4,,,,,,,,,,,,,,,,,,,"Landon Sims","sa3021979",683085
"Trey Braithwaite","CIN",0.0443,0.0561,0.006,5.16915,0.9093,0.0193,0,0,,1,4.479,1.0342,0.6114,0.57435,0.170889,0.4874,,0.0427,0.8749,7.8741,4.3866,1.79503,1.538,0.195334,0.108819,0.08651485294103622,0.261896,1.5216,0.297374,0.709788,,,5.22854,-0.0105906,-0.0479975,999,,,,,,,6.800000000000001,6.800000000000001,7,7,,,,,,,,,,,,,,,,,,,"Trey Braithwaite","sa3020251",679985
"John McMillon","PHI",1.7868,1.7157,0,4.07157,35.7778,0,0,0.5881,,35.7778,155.759,30.7247,17.4621,16.1857,4.38874,19.5159,,1.4154,39.4051,9.91246,4.90928,2.01913,1.104,0.252988,0.125295,0.12769213318824768,0.227881,1.40424,0.289298,0.743338,,,4.31349,-0.010684,0.20136,999,,,,,,,155.60000000000005,4.322222222222224,147,4.083333333333333,,,,,,,,,,,,,,,,,,,"John McMillon","27942",669111
"Welinton Herrera","COL",0.0421,0.0557,0,5.30559,1,0,0,0,,1,4.604,1.0844,0.6326,0.58951,0.132556,0.6023,,0.055,0.7704,6.9336,5.4207,1.2791,1.193,0.167333,0.130821,0.03651173412799835,0.274761,1.6867,0.312722,0.702208,,,5.3208,-0.0107375,-0.0471558,999,,,,,,,3.8000000000000003,3.8000000000000003,4,4,,,,,,,,,,,,,,,,,,,"Welinton Herrera","sa3016061",700327
"Leonardo Taveras","STL",0.044,0.0538,0,5.05701,1,0,0,0,,1,4.537,0.9986,0.5996,0.56189,0.145,0.5759,,0.0565,0.8231,7.4079,5.1831,1.42924,1.305,0.181419,0.126934,0.05448533594608307,0.25575,1.5745,0.290686,0.710828,,,5.30248,-0.0108956,-0.0475003,999,,,,,,,3.8000000000000003,3.8000000000000003,4,4,,,,,,,,,,,,,,,,,,,"Leonardo Taveras","sa3002934",672405
"Joshua Loeschorn","PIT",0.0423,0.0626,0.0162,5.31162,0.7584,0.0514,0,0,,1,4.545,1.0804,0.6296,0.59018,0.145667,0.5192,,0.0457,0.7187,6.4683,4.6728,1.38424,1.311,0.15813,0.114235,0.04389438033103943,0.27145,1.5996,0.300004,0.695008,,,5.31745,-0.0109728,-0.0474142,999,,,,,,,3.8000000000000003,3.8000000000000003,4,4,,,,,,,,,,,,,,,,,,,"Joshua Loeschorn","sa3020837",700380
"Justin Meis","PIT",0.0426,0.0552,0,5.18688,1,0,0,0,,1,4.49,1.0273,0.6106,0.57632,0.162111,0.4947,,0.0437,0.7851,7.0659,4.4523,1.58702,1.459,0.174855,0.110178,0.06467705219984055,0.259971,1.522,0.287975,0.70376,,,5.31892,-0.0109894,-0.0474142,999,,,,,,,6.800000000000001,6.800000000000001,7,7,,,,,,,,,,,,,,,,,,,"Justin Meis","sa3017207",701568
"Yordin Chalas","ARI",0.0441,0.0537,0,5.30289,1,0,0,0,,1,4.608,1.0529,0.6307,0.58921,0.129222,0.6296,,0.0442,0.7727,6.9543,5.6664,1.22729,1.163,0.167687,0.136632,0.03105469048023224,0.267627,1.6825,0.304615,0.700458,,,5.32237,-0.0111089,-0.0474907,999,,,,,,,3.8000000000000003,3.8000000000000003,4,4,,,,,,,,,,,,,,,,,,,"Yordin Chalas","sa3021508",808054
"Jackson Smeltz","SDP",0.045,0.055,0.0055,4.96764,0.9274,0.0154,0,0,,1,4.536,1.0098,0.5917,0.55196,0.141778,0.5912,,0.0488,0.767,6.903,5.3208,1.29736,1.276,0.169092,0.130335,0.038756608963012695,0.259189,1.601,0.290578,0.719638,,,5.39559,-0.0111732,-0.0467729,999,,,,,,,3.8000000000000003,3.8000000000000003,4,4,,,,,,,,,,,,,,,,,,,"Jackson Smeltz","sa3023810",694461
"Ben Harris","LAD",0.0473,0.0506,0,4.94721,1,0,0,0,,1,4.564,0.924,0.5858,0.54969,0.152222,0.6783,,0.0518,0.9909,8.9181,6.1047,1.46086,1.37,0.217112,0.14862,0.06849253177642822,0.241008,1.6023,0.286823,0.731722,,,5.35387,-0.0112302,-0.0472707,999,,,,,,,3.8000000000000003,3.8000000000000003,4,4,,,,,,,,,,,,,,,,,,,"Ben Harris","sa3017779",677946
"Philip Abner","ARI",0.0447,0.0549,0.0042,5.21937,0.939,0.013,0,0,,1,4.617,1.0779,0.6226,0.57993,0.123333,0.6136,,0.0498,0.713,6.417,5.5224,1.16199,1.11,0.154429,0.1329,0.02152913808822632,0.272638,1.6915,0.306219,0.703764,,,5.33401,-0.0112397,-0.0474907,999,,,,,,,3.8000000000000003,3.8000000000000003,4,4,,,,,,,,,,,,,,,,,,,"Philip Abner","sa3023305",691769
"Rob Griswold","ATL",0.0453,0.0525,0,5.24853,1,0,0,0,,1,4.541,1.1447,0.6271,0.58317,0.136556,0.4608,,0.0567,0.589,5.301,4.1472,1.27821,1.229,0.129707,0.101475,0.0282316654920578,0.284504,1.6055,0.305689,0.69178,,,5.3162,-0.0112721,-0.0477107,999,,,,,,,6.800000000000001,6.800000000000001,7,7,,,,,,,,,,,,,,,,,,,"Rob Griswold","sa3018118",700375
"Shay Schanaman","ATL",0.0453,0.0526,0,5.30136,1,0,0,0,,1,4.554,1.0801,0.6289,0.58904,0.147222,0.5241,,0.0533,0.7423,6.6807,4.7169,1.41633,1.325,0.163,0.115086,0.047913916409015656,0.271614,1.6042,0.302188,0.697595,,,5.32797,-0.0114042,-0.0477107,999,,,,,,,3.8000000000000003,3.8000000000000003,4,4,,,,,,,,,,,,,,,,,,,"Shay Schanaman","sa3022933",681212
"Donovan Benoit","CIN",0.0438,0.0541,0,5.20479,1,0,0,0,,1,4.523,1.0655,0.619,0.57831,0.157444,0.5001,,0.0586,0.7865,7.0785,4.5009,1.57269,1.417,0.173889,0.110568,0.06332079321146011,0.268774,1.5656,0.300645,0.703699,,,5.31636,-0.011587,-0.0480071,999,,,,,,,3.8000000000000003,3.8000000000000003,4,4,,,,,,,,,,,,,,,,,,,"Donovan Benoit","sa3017464",687630
"Brayan Castillo","COL",0.041,0.0568,0,5.58873,1,0,0,0,,1,4.562,1.1165,0.6614,0.62097,0.157111,0.5177,,0.0485,0.755,6.795,4.6593,1.45837,1.414,0.165498,0.113481,0.05201666057109833,0.279418,1.6342,0.311117,0.687858,,,5.39752,-0.0116091,-0.0471654,999,,,,,,,3.8000000000000003,3.8000000000000003,4,4,,,,,,,,,,,,,,,,,,,"Brayan Castillo","sa3006544",678899
"C.J. Widger","SFG",0.0431,0.0547,0,4.97898,1,0,0,0,,1,4.575,1.0227,0.5931,0.55322,0.132444,0.5791,,0.0526,0.7774,6.9966,5.2119,1.34243,1.192,0.169924,0.126579,0.043344274163246155,0.259351,1.6018,0.293479,0.712169,,,5.22856,-0.0116723,-0.0490194,999,,,,,,,3.8000000000000003,3.8000000000000003,4,4,,,,,,,,,,,,,,,,,,,"C.J. Widger","sa3020960",702448
"Tyler Yankosky","WSN",0.042,0.0558,0,5.1741,1,0,0,0,,1,4.535,1.0796,0.6174,0.5749,0.139333,0.5311,,0.0482,0.6387,5.7483,4.7799,1.2026,1.254,0.140838,0.117111,0.023726582527160645,0.272923,1.6107,0.295898,0.701665,,,5.43831,-0.011784,-0.0468974,999,,,,,,,3.8000000000000003,3.8000000000000003,4,4,,,,,,,,,,,,,,,,,,,"Tyler Yankosky","sa1170108",686987
"Todd Peterson","WSN",0.0423,0.0602,0.0106,5.18184,0.8376,0.0346,0,0,,1,4.469,1.0695,0.6143,0.57576,0.161444,0.456,,0.0436,0.6619,5.9571,4.104,1.45154,1.453,0.148109,0.102036,0.04607294499874115,0.269436,1.5255,0.288633,0.701205,,,5.44026,-0.0118159,-0.046907,999,,,,,,,6.800000000000001,6.800000000000001,7,7,,,,,,,,,,,,,,,,,,,"Todd Peterson","sa3011334",668720
"Ruben Galindo","SDP",0.0443,0.0606,0.0166,5.17905,0.7576,0.0516,0,0,,1,4.528,1.0609,0.6171,0.57545,0.146,0.5429,,0.0457,0.6877,6.1893,4.8861,1.26672,1.314,0.151877,0.119898,0.0319787934422493,0.269305,1.6038,0.294587,0.705088,,,5.45488,-0.0118386,-0.0467729,999,,,,,,,3.8000000000000003,3.8000000000000003,4,4,,,,,,,,,,,,,,,,,,,"Ruben Galindo","sa3015100",692020
"Bryce McGowan","COL",0.0413,0.0565,0,5.535,1,0,0,0,,1,4.564,1.0785,0.6546,0.615,0.158,0.559,,0.0436,0.8037,7.2333,5.031,1.43775,1.422,0.176096,0.12248,0.05361523479223251,0.272252,1.6375,0.306864,0.693991,,,5.42088,-0.0118711,-0.0471654,999,,,,,,,3.8000000000000003,3.8000000000000003,4,4,,,,,,,,,,,,,,,,,,,"Bryce McGowan","sa3017786",700245
"Jack Sellinger","MIA",0.0411,0.0567,0,5.12622,1,0,0,0,,1,4.606,1.0287,0.6104,0.56958,0.132111,0.6298,,0.0564,0.7841,7.0569,5.6682,1.245,1.189,0.170234,0.136735,0.03349977731704712,0.262437,1.6585,0.298506,0.711278,,,5.37432,-0.0119142,-0.0477011,999,,,,,,,3.8000000000000003,3.8000000000000003,4,4,,,,,,,,,,,,,,,,,,,"Jack Sellinger","sa3022934",681415
"Jawilme Ramirez","STL",0.0451,0.065,0.0294,5.17797,0.5778,0.0898,0,0,,1,4.465,1.0975,0.615,0.57533,0.160111,0.42,,0.043,0.6139,5.5251,3.78,1.46167,1.441,0.137492,0.0940649,0.04342665523290634,0.274238,1.5175,0.290394,0.697803,,,5.40912,-0.0120925,-0.0475003,999,,,,,,,6.800000000000001,6.800000000000001,7,7,,,,,,,,,,,,,,,,,,,"Jawilme Ramirez","sa3016204",691711
"LJ McDonough","ATL",0.0453,0.0526,0,5.26185,1,0,0,0,,1,4.634,1.0482,0.628,0.58465,0.126444,0.6681,,0.0439,0.7761,6.9849,6.0129,1.16165,1.138,0.16748,0.144174,0.023305997252464294,0.267262,1.7163,0.305272,0.70702,,,5.39406,-0.0121456,-0.0477107,999,,,,,,,3.8000000000000003,3.8000000000000003,4,4,,,,,,,,,,,,,,,,,,,"LJ McDonough","sa3023172",690229
"Evan Shawver","COL",0.0411,0.0688,0.0246,5.53986,0.5877,0.0877,0,0,,1,4.566,1.117,0.6565,0.61554,0.156889,0.5174,,0.0529,0.7317,6.5853,4.6566,1.41419,1.412,0.16025,0.113316,0.046933844685554504,0.279551,1.6344,0.309004,0.691215,,,5.45354,-0.0122272,-0.0471558,999,,,,,,,3.8000000000000003,3.8000000000000003,4,4,,,,,,,,,,,,,,,,,,,"Evan Shawver","sa3017780",686900
"Gabe Bierman","MIA",0.0403,0.0575,0,5.31243,1,0,0,0,,1,4.55,1.0969,0.6313,0.59027,0.146,0.5093,,0.0496,0.6689,6.0201,4.5837,1.31337,1.314,0.147011,0.111934,0.03507692366838455,0.274836,1.6062,0.299383,0.695463,,,5.40338,-0.01224,-0.0477011,999,,,,,,,3.8000000000000003,3.8000000000000003,4,4,,,,,,,,,,,,,,,,,,,"Gabe Bierman","sa3016939",685321
"Gavin Hollowell","CHC",0.2831,0.2934,0,4.26453,5.8889,0,0,0.6304,,5.8889,25.449,5.4485,2.991,2.79038,0.795656,2.5364,,0.3226,5.7604,8.80361,3.87638,2.27109,1.216,0.226351,0.099666,0.126684732735157,0.241191,1.35592,0.290187,0.72681,,,4.42303,-0.0122932,0.0132692,999,,,,,,,26.10000000000001,4.350000000000001,24,4,,,,,,,,,,,,,,,,,,,"Gavin Hollowell","25427",668970
"Justin King","MIA",0.2697,0.3138,0,4.30758,5.963,0,0,0.5976,,5.963,26.234,5.5326,3.0654,2.85401,0.759289,3.031,,0.2822,5.9232,8.93993,4.57471,1.95421,1.146,0.225783,0.115537,0.11024625599384308,0.241379,1.43612,0.293954,0.733035,,,4.50204,-0.0122937,0.0118245,999,,,,,,,23.500000000000007,3.916666666666668,24,4,,,,,,,,,,,,,,,,,,,"Justin King","sa3018278",659381
"Alfred Morillo","ARI",0.0438,0.0541,0,5.36976,1,0,0,0,,1,4.653,1.062,0.6402,0.59664,0.121556,0.6608,,0.0622,0.742,6.678,5.9472,1.12288,1.094,0.159467,0.142016,0.017451107501983643,0.270229,1.7228,0.306689,0.697272,,,5.4317,-0.0123355,-0.0474907,999,,,,,,,3.8000000000000003,3.8000000000000003,4,4,,,,,,,,,,,,,,,,,,,"Alfred Morillo","sa3018870",801219
"John Murphy","CIN",0.0436,0.0543,0,5.29101,1,0,0,0,,1,4.452,1.0724,0.6237,0.58789,0.187556,0.4077,,0.0483,0.7943,7.1487,3.6693,1.94825,1.688,0.178414,0.0915768,0.08683738112449646,0.268368,1.4801,0.293564,0.703396,,,5.3841,-0.0123367,-0.0479975,999,,,,,,,6.800000000000001,6.800000000000001,7,7,,,,,,,,,,,,,,,,,,,"John Murphy","sa3020733",663302
"Garrett McMillan","PIT",0.0419,0.064,0.0177,5.40837,0.7262,0.0582,0,0,,1,4.543,1.0883,0.6395,0.60093,0.154556,0.5078,,0.0425,0.693,6.237,4.5702,1.36471,1.391,0.152542,0.111776,0.04076601564884186,0.272572,1.5961,0.296884,0.693328,,,5.4406,-0.0123546,-0.0474142,999,,,,,,,3.8000000000000003,3.8000000000000003,4,4,,,,,,,,,,,,,,,,,,,"Garrett McMillan","sa3023006",804582
"Brett Standlee","SFG",0.0426,0.0604,0.0121,5.16717,0.8244,0.0374,0,0,,1,4.533,1.0892,0.616,0.57413,0.141444,0.4883,,0.043,0.6502,5.8518,4.3947,1.33156,1.273,0.143437,0.107721,0.03571585565805435,0.272184,1.5775,0.295246,0.697003,,,5.29876,-0.0124494,-0.0490099,999,,,,,,,6.800000000000001,6.800000000000001,7,7,,,,,,,,,,,,,,,,,,,"Brett Standlee","sa3017388",685402
"Tyler Vogel","SFG",0.0428,0.0625,0.0182,5.15304,0.7419,0.0549,0,0,,1,4.586,1.0627,0.6162,0.57256,0.128667,0.5749,,0.0478,0.7002,6.3018,5.1741,1.21795,1.158,0.152682,0.12536,0.02732229232788086,0.268135,1.6376,0.297991,0.700805,,,5.30685,-0.0125602,-0.049029,999,,,,,,,3.8000000000000003,3.8000000000000003,4,4,,,,,,,,,,,,,,,,,,,"Tyler Vogel","sa3020406",804922
"Randy Labaut","PIT",0.0425,0.0629,0.0166,5.2443,0.7419,0.0549,0,0,,1,4.546,1.056,0.6205,0.5827,0.151778,0.5438,,0.0376,0.7017,6.3153,4.8942,1.29036,1.366,0.154355,0.119622,0.03473382443189621,0.266357,1.5998,0.290642,0.705898,,,5.48039,-0.0128004,-0.0474142,999,,,,,,,3.8000000000000003,3.8000000000000003,4,4,,,,,,,,,,,,,,,,,,,"Randy Labaut","sa3010615",665178
"Dwayne Matos","SDP",0.0433,0.0545,0,5.25771,1,0,0,0,,1,4.482,1.0752,0.622,0.58419,0.168556,0.4497,,0.0558,0.6667,6.0003,4.0473,1.48254,1.517,0.148751,0.100335,0.048415884375572205,0.270389,1.5249,0.288626,0.700508,,,5.5408,-0.0128118,-0.0467825,999,,,,,,,6.800000000000001,6.800000000000001,7,7,,,,,,,,,,,,,,,,,,,"Dwayne Matos","sa3009508",684228
"Harry Gustin","SDP",0.0449,0.06,0.0173,5.13027,0.7592,0.0512,0,0,,1,4.561,1.0377,0.611,0.57003,0.144667,0.597,,0.0449,0.7117,6.4053,5.373,1.19213,1.302,0.15604,0.130892,0.025148004293441772,0.26478,1.6347,0.291581,0.714791,,,5.54945,-0.0128884,-0.0467633,999,,,,,,,3.8000000000000003,3.8000000000000003,4,4,,,,,,,,,,,,,,,,,,,"Harry Gustin","sa3023229",814480
"Cody Tucker","SFG",0.042,0.0558,0,5.23152,1,0,0,0,,1,4.572,1.0466,0.6207,0.58128,0.144333,0.5537,,0.0488,0.7557,6.8013,4.9833,1.36482,1.299,0.165289,0.121107,0.04418198764324188,0.26366,1.6003,0.293949,0.700598,,,5.33891,-0.0129093,-0.0490194,999,,,,,,,3.8000000000000003,3.8000000000000003,4,4,,,,,,,,,,,,,,,,,,,"Cody Tucker","sa3022524",688398
"Cade Winquest","STL",0.0449,0.0669,0.0344,5.2398,0.5152,0.1032,0,0,,1,4.565,1.0849,0.626,0.5822,0.137556,0.5486,,0.0515,0.6317,5.6853,4.9374,1.15148,1.238,0.138379,0.120175,0.01820371299982071,0.273626,1.6335,0.296449,0.699205,,,5.4916,-0.0130066,-0.0474907,999,,,,,,,3.8000000000000003,3.8000000000000003,4,4,,,,,,,,,,,,,,,,,,,"Cade Winquest","sa3020805",685464
"Aaron Rund","MIL",0.0426,0.0553,0,5.24214,1,0,0,0,,1,4.583,1.0651,0.6248,0.58246,0.141778,0.5818,,0.0468,0.7162,6.4458,5.2362,1.23101,1.276,0.156273,0.126947,0.02932576835155487,0.269346,1.6469,0.29819,0.70567,,,5.46299,-0.0130087,-0.0477968,999,,,,,,,3.8000000000000003,3.8000000000000003,4,4,,,,,,,,,,,,,,,,,,,"Aaron Rund","sa3023369",810921
"Randy Wynne","CIN",0.0434,0.0544,0,5.32449,1,0,0,0,,1,4.369,1.1631,0.6277,0.59161,0.206889,0.2339,,0.0429,0.6199,5.5791,2.1051,2.65028,1.862,0.141886,0.0535363,0.08834973350167274,0.284224,1.397,0.29283,0.694718,,,5.44664,-0.0130171,-0.0479784,999,,,,,,,6.800000000000001,6.800000000000001,7,7,,,,,,,,,,,,,,,,,,,"Randy Wynne","25804",691094
"Luis Gastelum","STL",0.043,0.0548,0,5.26905,1,0,0,0,,1,4.572,1.0713,0.6267,0.58545,0.142333,0.5674,,0.045,0.6801,6.1209,5.1066,1.19863,1.281,0.148753,0.124103,0.024650052189826965,0.270558,1.6387,0.296116,0.703054,,,5.49381,-0.0130414,-0.0475003,999,,,,,,,3.8000000000000003,3.8000000000000003,4,4,,,,,,,,,,,,,,,,,,,"Luis Gastelum","sa3020964",703725
"Tyler Burch","COL",0.0396,0.0675,0.0167,5.78727,0.6883,0.0663,0,0,,1,4.52,1.1769,0.6826,0.64303,0.178556,0.4088,,0.0462,0.6632,5.9688,3.6792,1.62231,1.607,0.146726,0.0904425,0.056283190846443176,0.28952,1.5857,0.309733,0.676114,,,5.5263,-0.0130525,-0.0471654,999,,,,,,,6.800000000000001,6.800000000000001,7,7,,,,,,,,,,,,,,,,,,,"Tyler Burch","sa1172727",688889
"Isaac Gallegos","ATL",0.0449,0.053,0,5.39019,1,0,0,0,,1,4.63,1.0394,0.6395,0.59891,0.140778,0.6509,,0.0495,0.8084,7.2756,5.8581,1.24197,1.267,0.1746,0.140583,0.03401726484298706,0.264505,1.6903,0.301508,0.703718,,,5.48099,-0.0131196,-0.0477107,999,,,,,,,3.8000000000000003,3.8000000000000003,4,4,,,,,,,,,,,,,,,,,,,"Isaac Gallegos","sa3023183",814541
"Ryan Sublette","LAD",0.0456,0.0522,0,5.29218,1,0,0,0,,1,4.579,1.0013,0.6261,0.58802,0.158444,0.6167,,0.0602,0.8641,7.7769,5.5503,1.40117,1.426,0.188709,0.13468,0.054029256105422974,0.256605,1.618,0.292703,0.71044,,,5.52876,-0.0131909,-0.0472707,999,,,,,,,3.8000000000000003,3.8000000000000003,4,4,,,,,,,,,,,,,,,,,,,"Ryan Sublette","sa3017781",690922
"Tommy Kane","SFG",0.0427,0.0578,0.0063,5.10102,0.9109,0.0189,0,0,,1,4.617,1.0562,0.6096,0.56678,0.126111,0.6064,,0.0493,0.7029,6.3261,5.4576,1.15914,1.135,0.152242,0.131341,0.020901009440422058,0.26663,1.6626,0.296936,0.708593,,,5.36722,-0.0132465,-0.0490385,999,,,,,,,3.8000000000000003,3.8000000000000003,4,4,,,,,,,,,,,,,,,,,,,"Tommy Kane","sa3022525",802998
"Yoldin De La Paz","PIT",0.042,0.0604,0.0102,5.30901,0.8466,0.0326,0,0,,1,4.63,1.0991,0.6332,0.58989,0.127556,0.6003,,0.0531,0.6308,5.6772,5.4027,1.05081,1.148,0.136242,0.129654,0.006587475538253784,0.276392,1.6994,0.301886,0.701068,,,5.5233,-0.0132809,-0.0474142,999,,,,,,,3.8000000000000003,3.8000000000000003,4,4,,,,,,,,,,,,,,,,,,,"Yoldin De La Paz","sa3015975",692848
"Teofilo Mendez","ARI",0.0431,0.0547,0,5.54796,1,0,0,0,,1,4.608,1.0947,0.6568,0.61644,0.145111,0.5792,,0.0447,0.6976,6.2784,5.2128,1.20442,1.306,0.151389,0.125694,0.02569444477558136,0.274767,1.6739,0.302283,0.691555,,,5.52942,-0.01343,-0.0474907,999,,,,,,,3.8000000000000003,3.8000000000000003,4,4,,,,,,,,,,,,,,,,,,,"Teofilo Mendez","sa3008795",682754
"Zane Russell","ARI",0.0433,0.0545,0,5.50773,1,0,0,0,,1,4.647,1.0408,0.6519,0.61197,0.139556,0.673,,0.0428,0.7983,7.1847,6.057,1.18618,1.256,0.171788,0.144825,0.02696363627910614,0.264754,1.7138,0.301083,0.699344,,,5.5315,-0.0134532,-0.0474907,999,,,,,,,3.8000000000000003,3.8000000000000003,4,4,,,,,,,,,,,,,,,,,,,"Zane Russell","sa3022907",801546
"Daniel Blair","SFG",0.042,0.0614,0.0126,5.27643,0.8079,0.0409,0,0,,1,4.541,1.1009,0.6275,0.58627,0.147889,0.4691,,0.0537,0.6332,5.6988,4.2219,1.34982,1.331,0.139441,0.103303,0.0361374169588089,0.273978,1.57,0.294402,0.691512,,,5.39104,-0.0134827,-0.0490099,999,,,,,,,6.800000000000001,6.800000000000001,7,7,,,,,,,,,,,,,,,,,,,"Daniel Blair","sa3020744",689096
"Michael Walsh","PIT",0.041,0.0568,0,5.48757,1,0,0,0,,1,4.627,1.1035,0.6521,0.60973,0.135556,0.5918,,0.0513,0.6571,5.9139,5.3262,1.11034,1.22,0.142014,0.127901,0.01411283016204834,0.27699,1.6953,0.303313,0.692916,,,5.5438,-0.0135103,-0.0474142,999,,,,,,,3.8000000000000003,3.8000000000000003,4,4,,,,,,,,,,,,,,,,,,,"Michael Walsh","sa3020337",805315
"Luis Moreno","NYM",0.0444,0.0534,0,5.20164,1,0,0,0,,1,4.598,1.0771,0.6219,0.57796,0.133111,0.5833,,0.0507,0.6573,5.9157,5.2497,1.12686,1.198,0.142953,0.12686,0.01609395444393158,0.27172,1.6604,0.297452,0.704524,,,5.48432,-0.0135598,-0.0480931,999,,,,,,,3.8000000000000003,3.8000000000000003,4,4,,,,,,,,,,,,,,,,,,,"Luis Moreno","sa3002928",672382
"Peyton Glavine","WSN",0.0419,0.056,0,5.22684,1,0,0,0,,1,4.596,1.0336,0.621,0.58076,0.142667,0.6329,,0.0445,0.7208,6.4872,5.6961,1.13888,1.284,0.156832,0.137707,0.019125327467918396,0.263768,1.6665,0.291618,0.712792,,,5.61175,-0.0137167,-0.0468878,999,,,,,,,3.8000000000000003,3.8000000000000003,4,4,,,,,,,,,,,,,,,,,,,"Peyton Glavine","sa3017533",676385
"Austin Strickland","SFG",0.0418,0.056,0,5.23899,1,0,0,0,,1,4.619,1.0696,0.6259,0.58211,0.128,0.6022,,0.0488,0.6827,6.1443,5.4198,1.13368,1.152,0.147803,0.130375,0.01742801070213318,0.269556,1.6718,0.298229,0.700724,,,5.41808,-0.0138155,-0.0490385,999,,,,,,,3.8000000000000003,3.8000000000000003,4,4,,,,,,,,,,,,,,,,,,,"Austin Strickland","sa3023380",814088
"Jorge Minyety","ARI",0.043,0.0549,0,5.57253,1,0,0,0,,1,4.653,1.1046,0.6621,0.61917,0.132889,0.6199,,0.0542,0.6762,6.0858,5.5791,1.09082,1.196,0.145326,0.133226,0.012099727988243103,0.277614,1.7245,0.306552,0.690563,,,5.56394,-0.0138161,-0.0474907,999,,,,,,,3.8000000000000003,3.8000000000000003,4,4,,,,,,,,,,,,,,,,,,,"Jorge Minyety","sa3021752",807822
"Owen Holt","CIN",0.0429,0.0549,0,5.43564,1,0,0,0,,1,4.515,1.0798,0.6418,0.60396,0.180667,0.4804,,0.0413,0.7817,7.0353,4.3236,1.62719,1.626,0.173134,0.106401,0.06673311442136765,0.270403,1.5602,0.296652,0.702535,,,5.51685,-0.013833,-0.0480071,999,,,,,,,6.800000000000001,6.800000000000001,7,7,,,,,,,,,,,,,,,,,,,"Owen Holt","sa3017861",700177
"Brooks Crawford","CIN",0.0431,0.0566,0.0036,5.39298,0.9357,0.0137,0,0,,1,4.49,1.0647,0.6358,0.59922,0.187222,0.4623,,0.0427,0.7937,7.1433,4.1607,1.71685,1.685,0.176771,0.102962,0.0738084688782692,0.267177,1.527,0.292096,0.704568,,,5.52797,-0.0139573,-0.0480071,999,,,,,,,6.800000000000001,6.800000000000001,7,7,,,,,,,,,,,,,,,,,,,"Brooks Crawford","sa3011554",663883
"Wen-Hui Pan","PHI",0.0451,0.0649,0.0275,5.38335,0.5828,0.0888,0,0,,1,4.533,1.0525,0.6379,0.59815,0.164889,0.5385,,0.0497,0.7226,6.5034,4.8465,1.34188,1.484,0.159409,0.118795,0.04061327874660492,0.266807,1.591,0.290324,0.700729,,,5.62944,-0.014005,-0.046974,999,,,,,,,3.8000000000000003,3.8000000000000003,4,4,,,,,,,,,,,,,,,,,,,"Wen-Hui Pan","sa3020878",808207
"Landon Tomkins","PIT",0.0408,0.057,0,5.53194,1,0,0,0,,1,4.649,1.1253,0.6588,0.61466,0.129889,0.5986,,0.0548,0.6136,5.5224,5.3874,1.02506,1.169,0.131985,0.128759,0.0032265037298202515,0.281635,1.7239,0.306082,0.690701,,,5.58804,-0.014005,-0.0474142,999,,,,,,,3.8000000000000003,3.8000000000000003,4,4,,,,,,,,,,,,,,,,,,,"Landon Tomkins","sa3022798",814280
"William Silva","ATL",0.0443,0.0535,0,5.51889,1,0,0,0,,1,4.615,1.0916,0.6541,0.61321,0.148778,0.5798,,0.0521,0.7106,6.3954,5.2182,1.22559,1.339,0.153976,0.125634,0.028342366218566895,0.274058,1.6714,0.301827,0.695299,,,5.57509,-0.0141722,-0.0477107,999,,,,,,,3.8000000000000003,3.8000000000000003,4,4,,,,,,,,,,,,,,,,,,,"William Silva","sa3020235",687222
"Dikember Sanchez","MIL",0.0421,0.0557,0,5.33772,1,0,0,0,,1,4.613,1.0658,0.6358,0.59308,0.142,0.6103,,0.0505,0.7121,6.4089,5.4927,1.1668,1.278,0.154368,0.1323,0.0220680832862854,0.269673,1.6761,0.298183,0.70419,,,5.57068,-0.0142135,-0.0477968,999,,,,,,,3.8000000000000003,3.8000000000000003,4,4,,,,,,,,,,,,,,,,,,,"Dikember Sanchez","sa3016033",699129
"Tanner Shears","MIL",0.0424,0.0554,0,5.29119,1,0,0,0,,1,4.651,1.0007,0.6294,0.58791,0.138222,0.7011,,0.0603,0.8367,7.5303,6.3099,1.19341,1.244,0.179897,0.150742,0.029155030846595764,0.257276,1.7018,0.295908,0.711004,,,5.57417,-0.0142625,-0.0478063,999,,,,,,,3.8000000000000003,3.8000000000000003,4,4,,,,,,,,,,,,,,,,,,,"Tanner Shears","sa3020823",808632
"Brendan Collins","WSN",0.0414,0.0564,0,5.33403,1,0,0,0,,1,4.581,1.0306,0.6326,0.59267,0.150222,0.6056,,0.0567,0.7223,6.5007,5.4504,1.1927,1.352,0.157673,0.132198,0.02547478675842285,0.262995,1.6362,0.289011,0.703842,,,5.66167,-0.0142748,-0.0468878,999,,,,,,,3.8000000000000003,3.8000000000000003,4,4,,,,,,,,,,,,,,,,,,,"Brendan Collins","sa3017549",701975
"Yeuris Jimenez","WSN",0.0414,0.0564,0,5.29938,1,0,0,0,,1,4.61,1.0621,0.6327,0.58882,0.133556,0.6169,,0.0651,0.6426,5.7834,5.5521,1.04166,1.202,0.139393,0.133818,0.005574822425842285,0.270392,1.679,0.294604,0.701263,,,5.6635,-0.0142953,-0.0468878,999,,,,,,,3.8000000000000003,3.8000000000000003,4,4,,,,,,,,,,,,,,,,,,,"Yeuris Jimenez","sa3006386",678883
"Magdiel Cotto","PIT",0.0414,0.0564,0,5.3685,1,0,0,0,,1,4.679,1.0869,0.6404,0.5965,0.122333,0.6657,,0.0561,0.652,5.868,5.9913,0.97942,1.101,0.139346,0.142274,-0.0029279738664627075,0.274664,1.7526,0.30305,0.703331,,,5.61821,-0.0143323,-0.0474046,999,,,,,,,3.8000000000000003,3.8000000000000003,4,4,,,,,,,,,,,,,,,,,,,"Magdiel Cotto","sa3023251",694365
"Karl Kauffmann","COL",0.0382,0.0684,0.0144,5.94954,0.7015,0.0635,0,0,,1,4.566,1.2472,0.7044,0.66106,0.169556,0.3994,,0.0452,0.5303,4.7727,3.5946,1.32774,1.526,0.116141,0.0874726,0.028668425977230072,0.302616,1.6466,0.314958,0.668596,,,5.6439,-0.0143679,-0.0471654,999,,,,,,,6.800000000000001,6.800000000000001,7,7,,,,,,,,,,,,,,,,,,,"Karl Kauffmann","27488",666154
"Layonel Ovalles","NYM",0.0444,0.0534,0,5.23512,1,0,0,0,,1,4.585,1.0386,0.6224,0.58168,0.147111,0.5863,,0.0557,0.7222,6.4998,5.2767,1.23179,1.324,0.157514,0.127874,0.029640108346939087,0.263404,1.6249,0.290039,0.706511,,,5.56052,-0.0144118,-0.0480931,999,,,,,,,3.8000000000000003,3.8000000000000003,4,4,,,,,,,,,,,,,,,,,,,"Layonel Ovalles","sa3015993",693803
"Tyler Bradt","STL",0.0425,0.0553,0,5.38119,1,0,0,0,,1,4.63,1.0441,0.6389,0.59791,0.141444,0.6475,,0.0493,0.7391,6.6519,5.8275,1.14147,1.273,0.159633,0.139849,0.019784018397331238,0.265458,1.6916,0.295695,0.704818,,,5.61746,-0.0144244,-0.0475003,999,,,,,,,3.8000000000000003,3.8000000000000003,4,4,,,,,,,,,,,,,,,,,,,"Tyler Bradt","sa3022859",802680
"Ben Simon","NYM",0.0448,0.0576,0.0106,5.31882,0.8417,0.0337,0,0,,1,4.569,1.0537,0.6306,0.59098,0.156222,0.5523,,0.0507,0.72,6.48,4.9707,1.30364,1.406,0.157584,0.12088,0.03670388460159302,0.265683,1.606,0.290467,0.703098,,,5.56637,-0.014467,-0.0480835,999,,,,,,,3.8000000000000003,3.8000000000000003,4,4,,,,,,,,,,,,,,,,,,,"Ben Simon","sa3023164",815084
"Hunter Hayes","STL",0.0424,0.0554,0,5.40711,1,0,0,0,,1,4.57,1.1025,0.6417,0.60079,0.152222,0.5268,,0.0465,0.6206,5.5854,4.7412,1.17806,1.37,0.135799,0.115274,0.020525164902210236,0.275853,1.6293,0.294762,0.697365,,,5.62407,-0.0144983,-0.0475003,999,,,,,,,3.8000000000000003,3.8000000000000003,4,4,,,,,,,,,,,,,,,,,,,"Hunter Hayes","sa3020450",702119
"Giomar Diaz","ATL",0.0443,0.0536,0,5.50269,1,0,0,0,,1,4.653,1.0978,0.6552,0.61141,0.135,0.6332,,0.0492,0.6821,6.1389,5.6988,1.07723,1.215,0.146594,0.136084,0.01050935685634613,0.276482,1.731,0.305312,0.697665,,,5.60448,-0.0145007,-0.0477107,999,,,,,,,3.8000000000000003,3.8000000000000003,4,4,,,,,,,,,,,,,,,,,,,"Giomar Diaz","sa3018797",692816
"Ryan Bergert","SDP",1.2798,1.4884,0.6115,4.52275,18.5051,1.61,0,0.6087,,26.0721,112.469,25.7348,14.0175,13.102,4.06435,9.7238,,1.0371,21.5054,7.42359,3.35662,2.21163,1.403,0.191212,0.0864576,0.10475419461727142,0.253026,1.36002,0.284619,0.720261,,,4.78156,-0.0145041,0.0695156,999,,,,,,,90.6,3.4846153846153842,93,3.576923076923077,,,,,,,,,,,,,,,,,,,"Ryan Bergert","sa3017418",686701
"Luís Madero","MIA",0.0393,0.0585,0,5.60295,1,0,0,0,,1,4.539,1.1163,0.6588,0.62255,0.176,0.4553,,0.0465,0.6765,6.0885,4.0977,1.48583,1.584,0.149042,0.100308,0.048733197152614594,0.276504,1.5716,0.295255,0.688802,,,5.60688,-0.0145174,-0.0477011,999,,,,,,,6.800000000000001,6.800000000000001,7,7,,,,,,,,,,,,,,,,,,,"Luis Madero","20399",650347
"Mikey Tepper","WSN",0.0412,0.0686,0.0267,5.46165,0.5918,0.0868,0,0,,1,4.597,1.0756,0.6494,0.60685,0.146444,0.5974,,0.0491,0.6598,5.9382,5.3766,1.10445,1.318,0.143528,0.129954,0.013574063777923584,0.272269,1.673,0.295509,0.697286,,,5.69016,-0.0145931,-0.0468878,999,,,,,,,3.8000000000000003,3.8000000000000003,4,4,,,,,,,,,,,,,,,,,,,"Mikey Tepper","sa3023065",694366
"Tyler Bryant","MIL",0.0419,0.0559,0,5.4234,1,0,0,0,,1,4.613,1.0342,0.6419,0.6026,0.155556,0.6307,,0.0444,0.8022,7.2198,5.6763,1.27192,1.4,0.1739,0.136722,0.03717754781246185,0.262627,1.6649,0.294833,0.70692,,,5.6096,-0.0146484,-0.0477968,999,,,,,,,3.8000000000000003,3.8000000000000003,4,4,,,,,,,,,,,,,,,,,,,"Tyler Bryant","sa3024995",827744
"Zack Showalter","STL",0.0426,0.0552,0,5.35905,1,0,0,0,,1,4.653,1.024,0.6369,0.59545,0.136556,0.6848,,0.0596,0.7648,6.8832,6.1632,1.11682,1.229,0.164367,0.147174,0.017193198204040527,0.261986,1.7088,0.295102,0.706302,,,5.6453,-0.0147355,-0.0475003,999,,,,,,,3.8000000000000003,3.8000000000000003,4,4,,,,,,,,,,,,,,,,,,,"Zack Showalter","sa3020959",701374
"Johzan Oquendo","CHC",0.0425,0.0553,0,5.37129,1,0,0,0,,1,4.653,1.02,0.639,0.59681,0.136556,0.7029,,0.0515,0.7766,6.9894,6.3261,1.10485,1.229,0.166903,0.151064,0.01583924889564514,0.261632,1.7229,0.295917,0.707635,,,5.6517,-0.0147667,-0.047462,999,,,,,,,3.8000000000000003,3.8000000000000003,4,4,,,,,,,,,,,,,,,,,,,"Johzan Oquendo","sa3015148",688016
"Diomede Sierra","ARI",0.0434,0.0544,0,5.44158,1,0,0,0,,1,4.715,1.0718,0.6489,0.60462,0.119333,0.7201,,0.0587,0.7016,6.3144,6.4809,0.974309,1.074,0.148802,0.152725,-0.00392363965511322,0.272293,1.7919,0.305742,0.703457,,,5.65101,-0.0147892,-0.0474907,999,,,,,,,3.8000000000000003,3.8000000000000003,4,4,,,,,,,,,,,,,,,,,,,"Diomede Sierra","sa3009586",682660
"Josh Wolf","SFG",0.0418,0.0587,0.006,5.2614,0.9093,0.0193,0,0,,1,4.675,1.0487,0.6302,0.5846,0.118111,0.6894,,0.052,0.7099,6.3891,6.2046,1.02974,1.063,0.15185,0.147465,0.004385024309158325,0.266601,1.7381,0.29965,0.704437,,,5.50632,-0.0148217,-0.0490576,999,,,,,,,3.8000000000000003,3.8000000000000003,4,4,,,,,,,,,,,,,,,,,,,"Josh Wolf","sa3011638",683181
"Ryan Ammons","NYM",0.045,0.0529,0,5.11029,1,0,0,0,,1,4.651,0.9822,0.6087,0.56781,0.135333,0.7202,,0.0481,0.8147,7.3323,6.4818,1.13121,1.218,0.175167,0.154848,0.020318210124969482,0.252968,1.7024,0.28877,0.7229,,,5.60131,-0.0148674,-0.0480931,999,,,,,,,3.8000000000000003,3.8000000000000003,4,4,,,,,,,,,,,,,,,,,,,"Ryan Ammons","sa3023523",686825
"Marino Santy","CHC",0.0444,0.0664,0.0307,5.26068,0.5556,0.0946,0,0,,1,4.684,1.0523,0.6305,0.58452,0.120222,0.706,,0.0669,0.6936,6.2424,6.354,0.982436,1.082,0.148079,0.150726,-0.002647310495376587,0.269055,1.7583,0.300934,0.709313,,,5.66087,-0.0148691,-0.047462,999,,,,,,,3.8000000000000003,3.8000000000000003,4,4,,,,,,,,,,,,,,,,,,,"Marino Santy","sa3017422",696091
"Xavier Meachem","MIA",0.0395,0.0602,0.0039,5.47938,0.9349,0.0139,0,0,,1,4.646,1.0371,0.6497,0.60882,0.143444,0.6717,,0.0465,0.7732,6.9588,6.0453,1.15111,1.291,0.166423,0.144576,0.021846741437911987,0.264041,1.7088,0.296782,0.702331,,,5.63946,-0.0148813,-0.0477011,999,,,,,,,3.8000000000000003,3.8000000000000003,4,4,,,,,,,,,,,,,,,,,,,"Xavier Meachem","sa3022410",801870
"Brandon Neeck","LAD",0.0455,0.0524,0,5.31765,1,0,0,0,,1,4.6,1.0474,0.6308,0.59085,0.156,0.6023,,0.0569,0.7436,6.6924,5.4207,1.2346,1.404,0.161652,0.130935,0.030717387795448303,0.265784,1.6497,0.293108,0.71187,,,5.68488,-0.0149362,-0.0472707,999,,,,,,,3.8000000000000003,3.8000000000000003,4,4,,,,,,,,,,,,,,,,,,,"Brandon Neeck","sa3021978",677957
"Aidan Maldonado","MIL",0.042,0.0558,0,5.39757,1,0,0,0,,1,4.589,1.0507,0.6395,0.59973,0.158,0.5839,,0.0512,0.7441,6.6969,5.2551,1.27436,1.422,0.162149,0.127239,0.034909576177597046,0.265738,1.6346,0.292516,0.704047,,,5.63758,-0.0149608,-0.0477968,999,,,,,,,3.8000000000000003,3.8000000000000003,4,4,,,,,,,,,,,,,,,,,,,"Aidan Maldonado","sa3020829",682251
"Joel Valdez","CIN",0.0432,0.0546,0,5.32125,1,0,0,0,,1,4.651,1.0492,0.6342,0.59125,0.143556,0.6417,,0.0778,0.7846,7.0614,5.7753,1.22269,1.292,0.168695,0.13797,0.03072458505630493,0.26687,1.6909,0.301545,0.709232,,,5.622,-0.015018,-0.0480166,999,,,,,,,3.8000000000000003,3.8000000000000003,4,4,,,,,,,,,,,,,,,,,,,"Joel Valdez","sa3011397",683638
"Hayden Durke","ARI",0.043,0.0548,0,5.56128,1,0,0,0,,1,4.721,1.0356,0.6611,0.61792,0.124889,0.7681,,0.0496,0.7846,7.0614,6.9129,1.02148,1.124,0.166194,0.162699,0.0034950226545333862,0.265314,1.8037,0.304198,0.701474,,,5.67394,-0.0150451,-0.0474907,999,,,,,,,3.8000000000000003,3.8000000000000003,4,4,,,,,,,,,,,,,,,,,,,"Hayden Durke","sa3022733",694492
"Carlos Rey","ARI",0.0435,0.0543,0,5.44734,1,0,0,0,,1,4.73,1.0102,0.6468,0.60526,0.125889,0.7873,,0.0543,0.8266,7.4394,7.0857,1.04992,1.133,0.174757,0.166448,0.008308663964271545,0.259798,1.7975,0.301205,0.709759,,,5.67464,-0.0150529,-0.0474907,999,,,,,,,3.8000000000000003,3.8000000000000003,4,4,,,,,,,,,,,,,,,,,,,"Carlos Rey","sa3022732",692229
"Cody Greenhill","WSN",0.0409,0.0569,0,5.46174,1,0,0,0,,1,4.608,1.0455,0.6471,0.60686,0.150889,0.6321,,0.0464,0.7159,6.4431,5.6889,1.13257,1.358,0.15536,0.137174,0.01818576455116272,0.266064,1.6776,0.292098,0.702763,,,5.73174,-0.0150574,-0.0468878,999,,,,,,,3.8000000000000003,3.8000000000000003,4,4,,,,,,,,,,,,,,,,,,,"Cody Greenhill","sa3017608",676112
"Rio Britton","ARI",0.0433,0.0575,0.0065,5.5341,0.8945,0.0225,0,0,,1,4.714,1.0977,0.6596,0.6149,0.121778,0.7044,,0.05,0.6636,5.9724,6.3396,0.942078,1.096,0.140772,0.149427,-0.008655071258544922,0.277225,1.8021,0.307452,0.700228,,,5.68559,-0.0151652,-0.0474812,999,,,,,,,3.8000000000000003,3.8000000000000003,4,4,,,,,,,,,,,,,,,,,,,"Rio Britton","sa3023379",694833
"Benjamin Arias","STL",0.0425,0.0553,0,5.41251,1,0,0,0,,1,4.548,1.076,0.6394,0.60139,0.164889,0.5094,,0.0525,0.6546,5.8914,4.5846,1.28504,1.484,0.143931,0.112005,0.03192611783742905,0.269938,1.5854,0.287724,0.698384,,,5.68654,-0.0151958,-0.0475003,999,,,,,,,3.8000000000000003,3.8000000000000003,4,4,,,,,,,,,,,,,,,,,,,"Benjamin Arias","sa3008724",684485
"Jace Beck","NYM",0.0445,0.0573,0.0089,5.33853,0.8623,0.0293,0,0,,1,4.654,0.9878,0.6333,0.59317,0.144444,0.7163,,0.0462,0.8473,7.6257,6.4467,1.18288,1.3,0.182058,0.153911,0.028147831559181213,0.253835,1.7041,0.290837,0.712974,,,5.63716,-0.0152775,-0.0481026,999,,,,,,,3.8000000000000003,3.8000000000000003,4,4,,,,,,,,,,,,,,,,,,,"Jace Beck","sa3011811",689476
"Wander Arias","WSN",0.0408,0.0627,0.0116,5.45139,0.8079,0.0409,0,0,,1,4.568,1.0724,0.6464,0.60571,0.157333,0.5531,,0.055,0.6404,5.7636,4.9779,1.15784,1.416,0.140193,0.121081,0.01911120116710663,0.270815,1.6255,0.28938,0.696753,,,5.75531,-0.0153205,-0.0468878,999,,,,,,,3.8000000000000003,3.8000000000000003,4,4,,,,,,,,,,,,,,,,,,,"Wander Arias","sa3011440",691429
"Bryson Hammer","COL",0.0401,0.0577,0,5.78484,1,0,0,0,,1,4.697,1.1629,0.6883,0.64276,0.137,0.6355,,0.0504,0.633,5.697,5.7195,0.996066,1.233,0.134767,0.135299,-0.0005322545766830444,0.28992,1.7984,0.316528,0.690962,,,5.73918,-0.0154117,-0.0471463,999,,,,,,,3.8000000000000003,3.8000000000000003,4,4,,,,,,,,,,,,,,,,,,,"Bryson Hammer","sa3022664",694811
"Bayden Root","MIL",0.0417,0.0561,0,5.44284,1,0,0,0,,1,4.647,1.0627,0.6476,0.60476,0.142889,0.6472,,0.0523,0.7221,6.4989,5.8248,1.11573,1.286,0.155391,0.139273,0.016117945313453674,0.269208,1.7099,0.298397,0.703577,,,5.67834,-0.0154257,-0.0478063,999,,,,,,,3.8000000000000003,3.8000000000000003,4,4,,,,,,,,,,,,,,,,,,,"Bayden Root","sa3023040",694843
"Arij Fransen","CIN",0.0424,0.0554,0,5.53194,1,0,0,0,,1,4.539,1.1097,0.6545,0.61466,0.178778,0.4712,,0.0526,0.7006,6.3054,4.2408,1.48684,1.609,0.154351,0.103811,0.050539784133434296,0.276375,1.5809,0.296867,0.696221,,,5.66079,-0.0154408,-0.0480071,999,,,,,,,6.800000000000001,6.800000000000001,7,7,,,,,,,,,,,,,,,,,,,"Arij Fransen","sa3015369",687677
"Joseph Menefee","CIN",0.0431,0.0548,0,5.35878,1,0,0,0,,1,4.662,1.0228,0.6374,0.59542,0.148333,0.703,,0.0492,0.8389,7.5501,6.327,1.19331,1.335,0.179944,0.150794,0.029150590300559998,0.261599,1.7258,0.299212,0.716933,,,5.67361,-0.0155939,-0.0480166,999,,,,,,,3.8000000000000003,3.8000000000000003,4,4,,,,,,,,,,,,,,,,,,,"Joseph Menefee","sa3020443",680749
"Connor Schultz","CHC",0.042,0.0666,0.0233,5.63886,0.6298,0.0788,0,0,,1,4.595,1.1212,0.6683,0.62654,0.158444,0.5414,,0.0451,0.6302,5.6718,4.8726,1.16402,1.426,0.137149,0.117824,0.01932535320520401,0.279706,1.6626,0.299006,0.690113,,,5.72536,-0.0155988,-0.0474716,999,,,,,,,3.8000000000000003,3.8000000000000003,4,4,,,,,,,,,,,,,,,,,,,"Connor Schultz","sa3024948",701565
"Sam Weatherly","COL",0.0401,0.0577,0,5.82498,1,0,0,0,,1,4.647,1.1111,0.6868,0.64722,0.164111,0.6038,,0.0485,0.7493,6.7437,5.4342,1.24097,1.477,0.161244,0.129933,0.03131052851676941,0.278144,1.7149,0.307335,0.692256,,,5.75822,-0.0156341,-0.0471558,999,,,,,,,3.8000000000000003,3.8000000000000003,4,4,,,,,,,,,,,,,,,,,,,"Sam Weatherly","sa3014455",676333
"Nicolas Cruz","LAD",0.0457,0.0624,0.0222,5.62509,0.6421,0.0761,0,0,,1,4.592,1.1204,0.667,0.62501,0.164444,0.5393,,0.0467,0.6568,5.9112,4.8537,1.21787,1.48,0.143031,0.117443,0.02558797597885132,0.27968,1.6597,0.300166,0.694449,,,5.74866,-0.0156479,-0.0472707,999,,,,,,,3.8000000000000003,3.8000000000000003,4,4,,,,,,,,,,,,,,,,,,,"Nicolas Cruz","sa3019461",800395
"Simon Miller","CIN",0.0422,0.0556,0,5.57001,1,0,0,0,,1,4.615,1.0652,0.6596,0.61889,0.165333,0.6066,,0.0473,0.7979,7.1811,5.4594,1.31536,1.488,0.172893,0.131441,0.041451796889305115,0.268915,1.6718,0.300169,0.702754,,,5.68171,-0.0156842,-0.0480166,999,,,,,,,3.8000000000000003,3.8000000000000003,4,4,,,,,,,,,,,,,,,,,,,"Simon Miller","sa3023311",815043
"Ethan Chenault","PHI",0.043,0.0548,0,5.48451,1,0,0,0,,1,4.643,1.0209,0.6506,0.60939,0.149333,0.6899,,0.0539,0.7777,6.9993,6.2091,1.12726,1.344,0.167499,0.148589,0.018910184502601624,0.261823,1.7108,0.293243,0.705984,,,5.78381,-0.0157087,-0.0469548,999,,,,,,,3.8000000000000003,3.8000000000000003,4,4,,,,,,,,,,,,,,,,,,,"Ethan Chenault","sa3023445",694839
"Eli Ankeney","NYM",0.0449,0.0568,0.0089,5.29938,0.8672,0.0282,0,0,,1,4.628,1.0108,0.6272,0.58882,0.153,0.6556,,0.0455,0.7906,7.1154,5.9004,1.20592,1.377,0.17083,0.141659,0.02917027473449707,0.257404,1.6664,0.287534,0.715604,,,5.67758,-0.0157184,-0.0480931,999,,,,,,,3.8000000000000003,3.8000000000000003,4,4,,,,,,,,,,,,,,,,,,,"Eli Ankeney","sa3020390",690716
"Tanner Jacobson","STL",0.0423,0.0555,0,5.44383,1,0,0,0,,1,4.619,1.0389,0.6442,0.60487,0.152667,0.6261,,0.0542,0.7232,6.5088,5.6349,1.15509,1.374,0.156571,0.135549,0.021021872758865356,0.263767,1.665,0.289351,0.703386,,,5.74565,-0.0158552,-0.0475003,999,,,,,,,3.8000000000000003,3.8000000000000003,4,4,,,,,,,,,,,,,,,,,,,"Tanner Jacobson","sa3020454",805374
"Angel Roman","WSN",0.0415,0.0657,0.0219,5.40441,0.6768,0.0688,0,0,,1,4.623,1.0864,0.6437,0.60049,0.142,0.6119,,0.0516,0.5948,5.3532,5.5071,0.972054,1.278,0.128661,0.13236,-0.003698885440826416,0.274378,1.6983,0.293046,0.703301,,,5.81338,-0.0159581,-0.0468782,999,,,,,,,3.8000000000000003,3.8000000000000003,4,4,,,,,,,,,,,,,,,,,,,"Angel Roman","sa3018314",800053
"Miguel Gomez","WSN",0.0404,0.0605,0.0063,5.55939,0.8936,0.0226,0,0,,1,4.558,1.1009,0.6574,0.61771,0.166778,0.5133,,0.0509,0.602,5.418,4.6197,1.1728,1.501,0.132075,0.112615,0.019460290670394897,0.275652,1.6142,0.289648,0.692976,,,5.82319,-0.0160775,-0.0468878,999,,,,,,,3.8000000000000003,3.8000000000000003,4,4,,,,,,,,,,,,,,,,,,,"Miguel Gomez","sa3009527",685777
"Matthew Bollenbacher","WSN",0.0405,0.0573,0,5.53743,1,0,0,0,,1,4.606,1.0904,0.6572,0.61527,0.151889,0.5886,,0.048,0.6136,5.5224,5.2974,1.04247,1.367,0.133218,0.12779,0.005427703261375427,0.274701,1.679,0.292927,0.69683,,,5.82364,-0.0160825,-0.0468878,999,,,,,,,3.8000000000000003,3.8000000000000003,4,4,,,,,,,,,,,,,,,,,,,"Matthew Bollenbacher","sa3022954",809232
"Carlos Torres","COL",0.0387,0.0624,0.0055,6.05628,0.887,0.024,0,0,,1,4.636,1.2032,0.7162,0.67292,0.163889,0.5205,,0.048,0.602,5.418,4.6845,1.15658,1.475,0.129853,0.112274,0.0175798162817955,0.295808,1.7237,0.314789,0.674249,,,5.79854,-0.0160836,-0.0471558,999,,,,,,,3.8000000000000003,3.8000000000000003,4,4,,,,,,,,,,,,,,,,,,,"Carlos Torres","sa3020387",688876
"Kelvin Ramirez","LAD",0.0446,0.0557,0.0049,5.56902,0.9142,0.0182,0,0,,1,4.612,1.0757,0.6598,0.61878,0.162556,0.6042,,0.0434,0.7152,6.4368,5.4378,1.18371,1.463,0.155074,0.131006,0.02406764030456543,0.27134,1.6799,0.295837,0.702392,,,5.7921,-0.0161322,-0.0472707,999,,,,,,,3.8000000000000003,3.8000000000000003,4,4,,,,,,,,,,,,,,,,,,,"Kelvin Ramirez","sa3015492",699062
"Eric Dominguez","ARI",0.0434,0.0661,0.0244,5.68242,0.5968,0.0858,0,0,,1,4.687,1.1085,0.6741,0.63138,0.138556,0.6524,,0.0493,0.6501,5.8509,5.8716,0.996475,1.247,0.138703,0.139194,-0.000490725040435791,0.278147,1.7609,0.303426,0.693589,,,5.7726,-0.0161356,-0.0474812,999,,,,,,,3.8000000000000003,3.8000000000000003,4,4,,,,,,,,,,,,,,,,,,,"Eric Dominguez","sa3019284",802067
"Max Rajcic","STL",0.4746,0.4982,0,4.31069,9.9383,0,0,0.6447,,9.9383,42.599,10.0109,5.111,4.7601,1.41234,3.0558,,0.4992,7.9723,7.21961,2.76729,2.60891,1.279,0.187148,0.0717341,0.11541350930929184,0.2564,1.31478,0.28991,0.717414,,,4.48269,-0.0162081,0.0217989,999,,,,,,,46.7,4.67,48,4.8,,,,,,,,,,,,,,,,,,,"Max Rajcic","sa3020746",691008
"Paxton Thompson","PHI",0.0428,0.055,0,5.54958,1,0,0,0,,1,4.572,1.0597,0.6553,0.61662,0.171111,0.5724,,0.0437,0.7057,6.3513,5.1516,1.23288,1.54,0.154353,0.125197,0.029155731201171875,0.267878,1.6321,0.288588,0.70145,,,5.82782,-0.0162094,-0.0469644,999,,,,,,,3.8000000000000003,3.8000000000000003,4,4,,,,,,,,,,,,,,,,,,,"Paxton Thompson","sa3023277",801505
"Vince Reilly","CHC",0.0416,0.0562,0,5.58819,1,0,0,0,,1,4.651,1.102,0.6647,0.62091,0.143222,0.6303,,0.0461,0.6253,5.6277,5.6727,0.992067,1.289,0.134444,0.135519,-0.0010750293731689453,0.277261,1.7323,0.29905,0.696963,,,5.80697,-0.0164984,-0.047462,999,,,,,,,3.8000000000000003,3.8000000000000003,4,4,,,,,,,,,,,,,,,,,,,"Vince Reilly","sa3040586",805291
"Brandon Beckel","PHI",0.0428,0.0633,0.0166,5.65353,0.7188,0.0598,0,0,,1,4.592,1.0784,0.6682,0.62817,0.169556,0.5746,,0.0493,0.6908,6.2172,5.1714,1.20223,1.526,0.150436,0.125131,0.0253048837184906,0.271767,1.653,0.292445,0.695666,,,5.8608,-0.0165667,-0.0469548,999,,,,,,,3.8000000000000003,3.8000000000000003,4,4,,,,,,,,,,,,,,,,,,,"Brandon Beckel","sa3023276",699552
"Jesus Luna","LAD",0.0443,0.0536,0,5.59647,1,0,0,0,,1,4.655,1.0532,0.6632,0.62183,0.156556,0.6704,,0.0474,0.758,6.822,6.0336,1.13067,1.409,0.162836,0.144017,0.01881846785545349,0.2675,1.7236,0.296642,0.704855,,,5.8391,-0.0166558,-0.0472707,999,,,,,,,3.8000000000000003,3.8000000000000003,4,4,,,,,,,,,,,,,,,,,,,"Jesus Luna","sa3015925",680628
"Angel Cuenca","STL",0.0417,0.0561,0,5.58882,1,0,0,0,,1,4.604,1.1155,0.662,0.62098,0.157778,0.5492,,0.0449,0.5886,5.2974,4.9428,1.07174,1.42,0.127845,0.119288,0.008557774126529694,0.278186,1.6647,0.293463,0.694481,,,5.82269,-0.0167136,-0.0475003,999,,,,,,,3.8000000000000003,3.8000000000000003,4,4,,,,,,,,,,,,,,,,,,,"Angel Cuenca","sa3006414",681450
"Alfred Vega","NYM",0.0434,0.0544,0,5.47002,1,0,0,0,,1,4.613,1.0784,0.6489,0.60778,0.155,0.5835,,0.047,0.653,5.877,5.2515,1.11911,1.395,0.141556,0.12649,0.01506611704826355,0.270785,1.6619,0.29088,0.701087,,,5.76698,-0.0167146,-0.0480931,999,,,,,,,3.8000000000000003,3.8000000000000003,4,4,,,,,,,,,,,,,,,,,,,"Alfred Vega","sa3006495",678758
"Eiker Huizi","SDP",0.0421,0.0558,0,5.50368,1,0,0,0,,1,4.664,1.0608,0.6554,0.61152,0.140333,0.6757,,0.0647,0.6586,5.9274,6.0813,0.974693,1.263,0.141209,0.144876,-0.0036663860082626343,0.270364,1.7365,0.294581,0.701998,,,5.89481,-0.016725,-0.0467442,999,,,,,,,3.8000000000000003,3.8000000000000003,4,4,,,,,,,,,,,,,,,,,,,"Eiker Huizi","sa3007842",678973
"Thomas Schultz","WSN",0.0402,0.0576,0,5.64201,1,0,0,0,,1,4.593,1.0717,0.665,0.62689,0.169556,0.5782,,0.0445,0.6716,6.0444,5.2038,1.16154,1.526,0.146223,0.125887,0.020335301756858826,0.269929,1.6499,0.288304,0.697263,,,5.8956,-0.016884,-0.0468878,999,,,,,,,3.8000000000000003,3.8000000000000003,4,4,,,,,,,,,,,,,,,,,,,"Thomas Schultz","sa3022936",686463
"Angel Hernandez","CHC",0.0424,0.0554,0,5.3874,1,0,0,0,,1,4.73,1.034,0.6432,0.5986,0.124667,0.7778,,0.0546,0.7209,6.4881,7.0002,0.926845,1.122,0.15241,0.16444,-0.012029603123664856,0.265291,1.8118,0.297943,0.713751,,,5.84255,-0.0168946,-0.047462,999,,,,,,,3.8000000000000003,3.8000000000000003,4,4,,,,,,,,,,,,,,,,,,,"Angel Hernandez","sa3015363",696095
"Felix Ramires","COL",0.0396,0.0582,0,5.93298,1,0,0,0,,1,4.713,1.1558,0.7032,0.65922,0.147333,0.6416,,0.0575,0.652,5.868,5.7744,1.01621,1.326,0.138341,0.136134,0.002206668257713318,0.287949,1.7974,0.313718,0.687686,,,5.87511,-0.0169265,-0.0471463,999,,,,,,,3.8000000000000003,3.8000000000000003,4,4,,,,,,,,,,,,,,,,,,,"Felix Ramires","sa3005828",678498
"Danny Wilkinson","PHI",0.0434,0.0545,0,5.4252,1,0,0,0,,1,4.679,0.9575,0.641,0.6028,0.154889,0.7782,,0.049,0.8809,7.9281,7.0038,1.13197,1.394,0.188267,0.166318,0.021949157118797302,0.248585,1.7357,0.285017,0.72074,,,5.89984,-0.0169913,-0.0469453,999,,,,,,,3.8000000000000003,3.8000000000000003,4,4,,,,,,,,,,,,,,,,,,,"Danny Wilkinson","sa3020747",700673
"Jeferson Figueroa","MIL",0.0412,0.0617,0.0095,5.57577,0.8293,0.0363,0,0,,1,4.613,1.0386,0.6578,0.61953,0.17,0.6108,,0.0523,0.7697,6.9273,5.4972,1.26015,1.53,0.166855,0.132408,0.034446120262145996,0.262943,1.6494,0.288552,0.702565,,,5.82638,-0.0170752,-0.0478063,999,,,,,,,3.8000000000000003,3.8000000000000003,4,4,,,,,,,,,,,,,,,,,,,"Jeferson Figueroa","sa3016811",689951
"Reibyn Corona","ATL",0.0433,0.0545,0,5.7699,1,0,0,0,,1,4.673,1.1054,0.6826,0.6411,0.153444,0.6256,,0.0544,0.6772,6.0948,5.6304,1.08248,1.381,0.144918,0.133875,0.011042162775993347,0.276834,1.731,0.301027,0.691476,,,5.84686,-0.017203,-0.0477107,999,,,,,,,3.8000000000000003,3.8000000000000003,4,4,,,,,,,,,,,,,,,,,,,"Reibyn Corona","sa3009521",685473
"Julian Bosnic","PIT",0.0407,0.0571,0,5.56263,1,0,0,0,,1,4.751,1.056,0.6614,0.61807,0.126222,0.7689,,0.0534,0.6993,6.2937,6.9201,0.909481,1.136,0.14719,0.16184,-0.014649540185928345,0.268791,1.8249,0.299621,0.705926,,,5.87567,-0.0172031,-0.0474046,999,,,,,,,3.8000000000000003,3.8000000000000003,4,4,,,,,,,,,,,,,,,,,,,"Julian Bosnic","sa3020734",669343
"Jose Romero","CHC",0.0417,0.0561,0,5.57856,1,0,0,0,,1,4.71,1.0295,0.6625,0.61984,0.138667,0.7378,,0.0672,0.7553,6.7977,6.6402,1.02372,1.248,0.160361,0.156645,0.003715500235557556,0.263636,1.7673,0.295856,0.702278,,,5.87355,-0.0172395,-0.047462,999,,,,,,,3.8000000000000003,3.8000000000000003,4,4,,,,,,,,,,,,,,,,,,,"Jose Romero","sa3015483",696098
"Will Varmette","SDP",0.0416,0.0617,0.0107,5.63463,0.8128,0.0398,0,0,,1,4.671,1.019,0.6662,0.62607,0.156222,0.7132,,0.0554,0.7801,7.0209,6.4188,1.0938,1.406,0.167009,0.152687,0.014322414994239807,0.261121,1.7322,0.290882,0.704333,,,5.94297,-0.0172609,-0.0467442,999,,,,,,,3.8000000000000003,3.8000000000000003,4,4,,,,,,,,,,,,,,,,,,,"Will Varmette","sa3022881",815580
"Sadrac Franco","SFG",0.0403,0.0668,0.0198,5.63193,0.6834,0.0674,0,0,,1,4.653,1.1013,0.6683,0.62577,0.148222,0.5911,,0.0514,0.6431,5.7879,5.3199,1.08797,1.334,0.138212,0.127036,0.011175602674484253,0.274604,1.6924,0.296062,0.689681,,,5.73467,-0.0173566,-0.049048,999,,,,,,,3.8000000000000003,3.8000000000000003,4,4,,,,,,,,,,,,,,,,,,,"Sadrac Franco","sa3005073",677614
"Joan Gonzalez","SDP",0.0416,0.0562,0,5.63733,1,0,0,0,,1,4.632,1.0657,0.6667,0.62637,0.161556,0.6272,,0.054,0.6764,6.0876,5.6448,1.07844,1.454,0.146028,0.135406,0.010621771216392517,0.269743,1.6929,0.290456,0.699655,,,5.9575,-0.0174326,-0.0467538,999,,,,,,,3.8000000000000003,3.8000000000000003,4,4,,,,,,,,,,,,,,,,,,,"Joan Gonzalez","sa3022860",802993
"Marques Johnson","SFG",0.0406,0.0594,0.0047,5.52366,0.925,0.016,0,0,,1,4.713,1.0549,0.6579,0.61374,0.130889,0.7158,,0.0464,0.7068,6.3612,6.4422,0.987427,1.178,0.149968,0.151878,-0.0019096136093139648,0.267009,1.7707,0.296813,0.700996,,,5.74104,-0.0174474,-0.0490671,999,,,,,,,3.8000000000000003,3.8000000000000003,4,4,,,,,,,,,,,,,,,,,,,"Marques Johnson","sa3020741",688730
"Grayson Moore","CHC",0.0412,0.0566,0,5.7195,1,0,0,0,,1,4.679,1.0613,0.6763,0.6355,0.153667,0.6828,,0.0483,0.728,6.552,6.1452,1.0662,1.383,0.155589,0.145929,0.009660184383392334,0.268826,1.7441,0.296009,0.69838,,,5.90145,-0.0175499,-0.047462,999,,,,,,,3.8000000000000003,3.8000000000000003,4,4,,,,,,,,,,,,,,,,,,,"Grayson Moore","sa3023275",694383
"Jake Eddington","PHI",0.0426,0.065,0.0202,5.67819,0.6628,0.0718,0,0,,1,4.674,1.0692,0.6749,0.63091,0.148444,0.6892,,0.0507,0.6821,6.1389,6.2028,0.989698,1.336,0.145935,0.147454,-0.001519039273262024,0.271778,1.7584,0.296678,0.698772,,,5.95176,-0.0175689,-0.0469453,999,,,,,,,3.8000000000000003,3.8000000000000003,4,4,,,,,,,,,,,,,,,,,,,"Jake Eddington","sa3023409",690974
"Yerlin Rodriguez","MIL",0.0413,0.0565,0,5.54355,1,0,0,0,,1,4.737,1.0138,0.6593,0.61595,0.136333,0.7792,,0.0656,0.8006,7.2054,7.0128,1.02746,1.227,0.16901,0.164492,0.0045176297426223755,0.26047,1.793,0.296916,0.707619,,,5.87201,-0.0175829,-0.0478063,999,,,,,,,3.8000000000000003,3.8000000000000003,4,4,,,,,,,,,,,,,,,,,,,"Yerlin Rodriguez","sa3015362",693750
"Tyler Morgan","SDP",0.0414,0.0671,0.021,5.72391,0.638,0.077,0,0,,1,4.588,1.1129,0.6766,0.63599,0.172889,0.543,,0.0448,0.5999,5.3991,4.887,1.10479,1.556,0.130754,0.118352,0.012401916086673737,0.278211,1.6559,0.291259,0.692645,,,5.97764,-0.0176665,-0.0467633,999,,,,,,,3.8000000000000003,3.8000000000000003,4,4,,,,,,,,,,,,,,,,,,,"Tyler Morgan","sa3022862",809499
"Joan Adon","WSN",1.1163,1.2182,0,4.20997,23.8519,0,0,0.6216,,23.8519,103.032,23.3377,12.0594,11.1573,3.02919,9.1659,,1.3732,20.1336,7.59698,3.45855,2.19658,1.143,0.195411,0.0889617,0.10644946247339249,0.252319,1.36273,0.292925,0.723363,,,4.45483,-0.0177045,0.0670576,999,,,,,,,94.90000000000002,3.9541666666666675,95,3.9583333333333335,,,,,,,,,,,,,,,,,,,"Joan Adon","22925",672851
"Anthony Arguelles","WSN",0.04,0.0578,0,5.67504,1,0,0,0,,1,4.682,1.057,0.6727,0.63056,0.147778,0.7038,,0.0477,0.6835,6.1515,6.3342,0.971157,1.33,0.145985,0.15032,-0.004335761070251465,0.268923,1.7608,0.293371,0.700233,,,5.97509,-0.0177583,-0.0468782,999,,,,,,,3.8000000000000003,3.8000000000000003,4,4,,,,,,,,,,,,,,,,,,,"Anthony Arguelles","sa3023266",690593
"Franklin Sanchez","MIA",0.0386,0.0591,0,5.71221,1,0,0,0,,1,4.753,1.0573,0.6788,0.63469,0.132111,0.7651,,0.0613,0.729,6.561,6.8859,0.952817,1.189,0.153377,0.160972,-0.0075952112674713135,0.269266,1.8224,0.301808,0.698405,,,5.90512,-0.0178509,-0.0477107,999,,,,,,,3.8000000000000003,3.8000000000000003,4,4,,,,,,,,,,,,,,,,,,,"Franklin Sanchez","sa3015157",692845
"Yovanny Cabrera","CHC",0.0412,0.0566,0,5.70501,1,0,0,0,,1,4.699,1.0683,0.6765,0.63389,0.146556,0.6951,,0.0574,0.6932,6.2388,6.2559,0.997267,1.319,0.147521,0.147925,-0.00040434300899505615,0.270696,1.7634,0.296691,0.697526,,,5.9428,-0.0180096,-0.047462,999,,,,,,,3.8000000000000003,3.8000000000000003,4,4,,,,,,,,,,,,,,,,,,,"Yovanny Cabrera","sa3009640",687672
"Timmy Manning","SFG",0.0408,0.057,0,5.49522,1,0,0,0,,1,4.728,1.0747,0.6545,0.61058,0.129222,0.709,,0.0476,0.6608,5.9472,6.381,0.932017,1.163,0.139763,0.149958,-0.010194584727287292,0.27061,1.7837,0.297191,0.704522,,,5.79457,-0.0180526,-0.0490767,999,,,,,,,3.8000000000000003,3.8000000000000003,4,4,,,,,,,,,,,,,,,,,,,"Timmy Manning","sa3023173",690995
"Bobby Ay","ARI",0.0415,0.0563,0,5.96007,1,0,0,0,,1,4.755,1.0983,0.7048,0.66223,0.140222,0.721,,0.0611,0.6948,6.2532,6.489,0.963662,1.262,0.14612,0.15163,-0.005509987473487854,0.276448,1.8193,0.305327,0.686696,,,5.94607,-0.0180759,-0.0474907,999,,,,,,,3.8000000000000003,3.8000000000000003,4,4,,,,,,,,,,,,,,,,,,,"Bobby Ay","sa3011535",687525
"Austin Amaral","WSN",0.039,0.0679,0.0177,5.78934,0.6916,0.0656,0,0,,1,4.644,1.0911,0.6844,0.64326,0.161889,0.6273,,0.0435,0.6385,5.7465,5.6457,1.01785,1.457,0.137489,0.135078,0.0024117082357406616,0.274615,1.7184,0.292867,0.693143,,,6.00644,-0.0181066,-0.0468782,999,,,,,,,3.8000000000000003,3.8000000000000003,4,4,,,,,,,,,,,,,,,,,,,"Austin Amaral","sa3022903",694544
"Randy Rodríguez","SFG",2.7032,2.7447,0,3.93975,55.6543,0,0,9.6855,,55.6543,240.719,49.2667,26.3302,24.3627,6.46827,25.3193,,2.8658,56.7881,9.18335,4.09445,2.24288,1.046,0.23591,0.105182,0.1307283639907837,0.231806,1.34017,0.286704,0.736388,,,4.15592,-0.0181128,0.203847,999,,,,,,,283.20000000000005,5.057142857142858,272,4.857142857142857,,,,,,,,,,,,,,,,,,,"Randy Rodriguez","23974",678495
"Mauricio Estrella","SFG",0.0399,0.0689,0.0229,5.6808,0.6248,0.0798,0,0,,1,4.636,1.132,0.6743,0.6312,0.153111,0.5422,,0.0518,0.5673,5.1057,4.8798,1.04629,1.378,0.122368,0.116954,0.005414150655269623,0.280059,1.6742,0.294705,0.684936,,,5.80432,-0.018121,-0.0490385,999,,,,,,,3.8000000000000003,3.8000000000000003,4,4,,,,,,,,,,,,,,,,,,,"Mauricio Estrella","sa3018857",800442
"Carson Rudd","CIN",0.0417,0.0676,0.0209,5.70537,0.6108,0.0828,0,0,,1,4.571,1.0244,0.6694,0.63393,0.200333,0.5671,,0.0519,0.8629,7.7661,5.1039,1.5216,1.803,0.188777,0.124065,0.06471232324838638,0.259211,1.5915,0.285266,0.703338,,,5.90201,-0.0181364,-0.0480166,999,,,,,,,3.8000000000000003,3.8000000000000003,4,4,,,,,,,,,,,,,,,,,,,"Carson Rudd","sa3014812",695297
"Erubiel Armenta","PHI",0.0427,0.0552,0,5.57523,1,0,0,0,,1,4.69,1.0165,0.6596,0.61947,0.154556,0.7368,,0.0521,0.7692,6.9228,6.6312,1.04397,1.391,0.164009,0.1571,0.006908312439918518,0.260568,1.7533,0.289501,0.711617,,,6.004,-0.0181496,-0.0469453,999,,,,,,,3.8000000000000003,3.8000000000000003,4,4,,,,,,,,,,,,,,,,,,,"Erubiel Armenta","sa3015125",692068
"Brayan Palencia","SFG",0.0399,0.0629,0.0102,5.68071,0.8277,0.0367,0,0,,1,4.629,1.1309,0.6732,0.63119,0.156444,0.5373,,0.0463,0.5718,5.1462,4.8357,1.06421,1.408,0.123526,0.116073,0.007453009486198425,0.279552,1.6682,0.293762,0.686596,,,5.80746,-0.0181558,-0.0490385,999,,,,,,,3.8000000000000003,3.8000000000000003,4,4,,,,,,,,,,,,,,,,,,,"Brayan Palencia","sa3016011",696037
"Sam Thoresen","CHC",0.0411,0.0567,0,5.73192,1,0,0,0,,1,4.719,1.0327,0.6779,0.63688,0.148889,0.7479,,0.0543,0.7758,6.9822,6.7311,1.0373,1.34,0.164399,0.158487,0.005912259221076965,0.263659,1.7806,0.29538,0.701394,,,5.95704,-0.0181678,-0.047462,999,,,,,,,3.8000000000000003,3.8000000000000003,4,4,,,,,,,,,,,,,,,,,,,"Sam Thoresen","sa3014920",679645
"Holt Jones","MIA",0.0386,0.0592,0,5.75406,1,0,0,0,,1,4.686,1.0759,0.6805,0.63934,0.152556,0.6538,,0.0647,0.6852,6.1668,5.8842,1.04803,1.373,0.146223,0.139522,0.006700798869132996,0.271178,1.7297,0.295022,0.692029,,,5.9348,-0.0181707,-0.0477011,999,,,,,,,3.8000000000000003,3.8000000000000003,4,4,,,,,,,,,,,,,,,,,,,"Holt Jones","sa3017368",695366
"Carson Hobbs","LAD",0.0437,0.0558,0.0032,5.77854,0.9415,0.0125,0,0,,1,4.637,1.0674,0.6806,0.64206,0.177556,0.6191,,0.0495,0.7516,6.7644,5.5719,1.21402,1.598,0.162088,0.133513,0.02857452630996704,0.268975,1.6865,0.292785,0.699551,,,5.9773,-0.0181929,-0.0472707,999,,,,,,,3.8000000000000003,3.8000000000000003,4,4,,,,,,,,,,,,,,,,,,,"Carson Hobbs","sa3023573",814481
"Caswell Smith","ARI",0.0414,0.0564,0,5.97105,1,0,0,0,,1,4.755,1.1031,0.7063,0.66345,0.139889,0.7315,,0.0483,0.6834,6.1506,6.5835,0.934245,1.259,0.143722,0.153838,-0.01011568307876587,0.277495,1.8346,0.305596,0.68851,,,5.95764,-0.0182044,-0.0474907,999,,,,,,,3.8000000000000003,3.8000000000000003,4,4,,,,,,,,,,,,,,,,,,,"Caswell Smith","sa3020955",689110
"Samuel Mejia","ATL",0.043,0.0549,0,5.87367,1,0,0,0,,1,4.673,1.1051,0.6925,0.65263,0.163556,0.6175,,0.0537,0.6816,6.1344,5.5575,1.10381,1.472,0.145859,0.132142,0.013717100024223328,0.276151,1.7226,0.298274,0.689666,,,5.9431,-0.0182729,-0.0477107,999,,,,,,,3.8000000000000003,3.8000000000000003,4,4,,,,,,,,,,,,,,,,,,,"Samuel Mejia","sa3016475",692410
"Davison Palermo","COL",0.0385,0.0592,0,6.23043,1,0,0,0,,1,4.704,1.1852,0.7355,0.69227,0.163556,0.5944,,0.0612,0.6316,5.6844,5.3496,1.06258,1.472,0.134269,0.126361,0.007908180356025696,0.292758,1.7796,0.314039,0.673343,,,5.9963,-0.018274,-0.0471463,999,,,,,,,3.8000000000000003,3.8000000000000003,4,4,,,,,,,,,,,,,,,,,,,"Davison Palermo","sa3020480",801754
"Jeral Vizcaino","CHC",0.0407,0.0642,0.0137,5.77809,0.7576,0.0516,0,0,,1,4.657,1.119,0.6851,0.64201,0.155556,0.6061,,0.0514,0.5967,5.3703,5.4549,0.984491,1.4,0.12813,0.130148,-0.002018481492996216,0.279785,1.7251,0.296696,0.689965,,,5.9678,-0.0182974,-0.0474716,999,,,,,,,3.8000000000000003,3.8000000000000003,4,4,,,,,,,,,,,,,,,,,,,"Jeral Vizcaino","sa3018866",800498
"Cade Denton","COL",0.0384,0.0594,0,6.27255,1,0,0,0,,1,4.69,1.2068,0.7401,0.69695,0.167778,0.5635,,0.0559,0.6013,5.4117,5.0715,1.06708,1.51,0.128209,0.120149,0.008059702813625336,0.296467,1.7703,0.31471,0.67096,,,6.00319,-0.0183605,-0.0471558,999,,,,,,,3.8000000000000003,3.8000000000000003,4,4,,,,,,,,,,,,,,,,,,,"Cade Denton","sa3023047",814106
"Janson Junk","MIA",1.3254,1.8308,0.5744,4.70402,22.4804,1.61,0,0.5976,,29.9872,129.65,32.8056,16.8054,15.6734,4.6147,8.2627,,1.1576,20.819,6.24837,2.47987,2.51964,1.385,0.160578,0.0637308,0.09684766829013824,0.272858,1.36953,0.297385,0.701083,,,4.72094,-0.0183927,-0.0454467,749.0399780273438,,,,,,,93.7,3.1233333333333335,104,3.466666666666667,,,,,,,,,,,,,,,,,,,"Janson Junk","23301",676083
"Dylan Simmons","CIN",0.0413,0.0565,0,5.81274,1,0,0,0,,1,4.643,1.1091,0.6873,0.64586,0.174222,0.5912,,0.0475,0.7108,6.3972,5.3208,1.2023,1.568,0.153091,0.127331,0.025759205222129822,0.276977,1.7003,0.29971,0.695556,,,5.92587,-0.0184014,-0.0480166,999,,,,,,,3.8000000000000003,3.8000000000000003,4,4,,,,,,,,,,,,,,,,,,,"Dylan Simmons","sa3023468",687535
"Alan Perdomo","COL",0.0377,0.0637,0.0054,6.2577,0.8796,0.0256,0,0,,1,4.698,1.2339,0.7409,0.6953,0.159333,0.5584,,0.0541,0.5316,4.7844,5.0256,0.952006,1.434,0.113155,0.118859,-0.005704544484615326,0.302019,1.7923,0.316555,0.670009,,,6.01211,-0.0184496,-0.0471463,999,,,,,,,3.8000000000000003,3.8000000000000003,4,4,,,,,,,,,,,,,,,,,,,"Alan Perdomo","sa3006399",679595
"Xavier Ruiz","SDP",0.0413,0.0565,0,5.68458,1,0,0,0,,1,4.675,1.0846,0.6751,0.63162,0.149778,0.6765,,0.0479,0.6178,5.5602,6.0885,0.91323,1.348,0.13215,0.144706,-0.012556150555610657,0.274541,1.7611,0.29369,0.700008,,,6.05119,-0.0184638,-0.0467442,999,,,,,,,3.8000000000000003,3.8000000000000003,4,4,,,,,,,,,,,,,,,,,,,"Xavier Ruiz","sa3019717",800226
"Gregori Louis","NYM",0.0434,0.0544,0,5.46687,1,0,0,0,,1,4.697,1.0328,0.6483,0.60743,0.147111,0.711,,0.0506,0.7186,6.4674,6.399,1.01069,1.324,0.152991,0.151373,0.0016180425882339478,0.262438,1.7438,0.288527,0.712361,,,5.92652,-0.0184986,-0.0481026,999,,,,,,,3.8000000000000003,3.8000000000000003,4,4,,,,,,,,,,,,,,,,,,,"Gregori Louis","sa3019699",805774
"Jose Cuas","PHI",0.4794,0.4934,0,4.36824,9.9383,0,0,0.5881,,9.9383,43.57,9.4572,5.204,4.82365,1.27652,4.6254,,0.6816,9.1371,8.27444,4.1887,1.97542,1.156,0.209711,0.10616,0.10355062037706375,0.247163,1.417,0.293747,0.722103,,,4.59948,-0.0185081,0.0273226,999,,,,,,,42.300000000000004,4.23,41,4.1,,,,,,,,,,,,,,,,,,,"Jose Cuas","17701",621016
"Jorge Garcia","SFG",0.0398,0.0618,0.0078,5.72058,0.8705,0.0275,0,0,,1,4.687,1.1053,0.6784,0.63562,0.147222,0.6236,,0.051,0.6309,5.6781,5.6124,1.01171,1.325,0.134606,0.133049,0.0015575140714645386,0.275471,1.7289,0.296226,0.689853,,,5.84237,-0.0185635,-0.0490576,999,,,,,,,3.8000000000000003,3.8000000000000003,4,4,,,,,,,,,,,,,,,,,,,"Jorge Garcia","sa3009229",683517
"Brody Jessee","CIN",0.0414,0.0564,0,5.78304,1,0,0,0,,1,4.632,1.0868,0.6827,0.64256,0.179,0.5829,,0.0608,0.7388,6.6492,5.2461,1.26746,1.611,0.159499,0.125842,0.03365717828273773,0.272497,1.6697,0.295652,0.695511,,,5.94698,-0.0186358,-0.0480166,999,,,,,,,3.8000000000000003,3.8000000000000003,4,4,,,,,,,,,,,,,,,,,,,"Brody Jessee","sa3020447",689297
"Jonah Hurney","CIN",0.0416,0.0562,0,5.71743,1,0,0,0,,1,4.682,1.1133,0.6782,0.63527,0.160889,0.6365,,0.0464,0.6783,6.1047,5.7285,1.06567,1.448,0.144874,0.135946,0.00892782211303711,0.278388,1.7498,0.301404,0.702893,,,5.95014,-0.0186708,-0.0480166,999,,,,,,,3.8000000000000003,3.8000000000000003,4,4,,,,,,,,,,,,,,,,,,,"Jonah Hurney","sa3023417",802373
"Peyton Stumbo","PIT",0.0384,0.067,0.0132,5.9976,0.7477,0.0537,0,0,,1,4.687,1.1365,0.7072,0.6664,0.159778,0.6108,,0.0481,0.6066,5.4594,5.4972,0.993124,1.438,0.129422,0.130318,-0.0008961111307144165,0.282143,1.7473,0.29945,0.682655,,,6.00709,-0.0186737,-0.0474142,999,,,,,,,3.8000000000000003,3.8000000000000003,4,4,,,,,,,,,,,,,,,,,,,"Peyton Stumbo","sa3023009",814482
"Tejay Antone","CIN",0.2845,0.2992,0,4.40223,5.963,0,0,0.5985,,5.963,25.881,5.7886,3.1355,2.91672,0.852709,2.4535,,0.2809,5.7672,8.70448,3.70309,2.3506,1.287,0.222835,0.0947993,0.1280359998345375,0.250084,1.38221,0.298662,0.724514,,,4.46684,-0.0187635,0.00976161,999,,,,,,,26.500000000000007,4.416666666666668,27,4.5,,,,,,,,,,,,,,,,,,,"Tejay Antone","16233",622088
"Albert Rivas","ATL",0.0426,0.0552,0,5.94981,1,0,0,0,,1,4.69,1.1294,0.7022,0.66109,0.161444,0.6182,,0.0517,0.6438,5.7942,5.5638,1.04141,1.453,0.137271,0.131812,0.005458429455757141,0.280938,1.7476,0.301088,0.68705,,,5.98736,-0.0187643,-0.0477107,999,,,,,,,3.8000000000000003,3.8000000000000003,4,4,,,,,,,,,,,,,,,,,,,"Albert Rivas","sa3018286",691309
"Nathan Karaffa","PHI",0.0417,0.0561,0,5.8131,1,0,0,0,,1,4.664,1.0917,0.6878,0.6459,0.162333,0.6485,,0.0474,0.6489,5.8401,5.8365,1.00062,1.461,0.139129,0.139044,0.00008574128150939941,0.275119,1.7402,0.294395,0.695602,,,6.06671,-0.018846,-0.0469453,999,,,,,,,3.8000000000000003,3.8000000000000003,4,4,,,,,,,,,,,,,,,,,,,"Nathan Karaffa","sa3021466",688087
"Merrick Baldo","WSN",0.0396,0.0582,0,5.77467,1,0,0,0,,1,4.669,1.0767,0.6829,0.64163,0.158111,0.6677,,0.0442,0.6419,5.7771,6.0093,0.96136,1.423,0.137481,0.143007,-0.005525797605514526,0.272093,1.7444,0.290961,0.696959,,,6.07382,-0.018855,-0.0468782,999,,,,,,,3.8000000000000003,3.8000000000000003,4,4,,,,,,,,,,,,,,,,,,,"Merrick Baldo","sa3022957",813707
"Irving Cota","NYM",0.043,0.0601,0.0109,5.67873,0.8194,0.0384,0,0,,1,4.656,1.0876,0.6726,0.63097,0.159778,0.6172,,0.0491,0.6359,5.7231,5.5548,1.0303,1.438,0.136576,0.13256,0.004016324877738953,0.272602,1.7048,0.290487,0.696909,,,5.97069,-0.0189889,-0.0481026,999,,,,,,,3.8000000000000003,3.8000000000000003,4,4,,,,,,,,,,,,,,,,,,,"Irving Cota","sa3022108",806522
"Brandon Bielak","ARI",0.5678,0.5995,0,4.55856,11.9259,0,0,0.6421,,11.9259,51.874,12.7769,6.5091,6.04055,1.48014,4.1497,,0.5838,8.8556,6.68297,3.13161,2.13403,1.117,0.170714,0.0799958,0.09071790426969528,0.271039,1.41931,0.306938,0.701307,,,4.48555,-0.0190017,-0.0762952,999,,,,,,,49.70000000000002,4.141666666666668,54,4.5,,,,,,,,,,,,,,,,,,,"Brandon Bielak","19866",656232
"Zack Qin","SDP",0.0418,0.0662,0.0218,5.68368,0.6496,0.0746,0,0,,1,4.692,1.0739,0.6739,0.63152,0.153,0.7003,,0.0449,0.6439,5.7951,6.3027,0.919463,1.377,0.137234,0.149254,-0.012020468711853027,0.272094,1.7742,0.292358,0.70532,,,6.10328,-0.019042,-0.0467442,999,,,,,,,3.8000000000000003,3.8000000000000003,4,4,,,,,,,,,,,,,,,,,,,"Zack Qin","sa3021986",805243
"Alexis Liebano","ARI",0.0413,0.0565,0,6.00993,1,0,0,0,,1,4.755,1.1004,0.7101,0.66777,0.144556,0.7295,,0.0489,0.6732,6.0588,6.5655,0.922824,1.301,0.141577,0.153417,-0.01184016466140747,0.276719,1.8299,0.302593,0.68804,,,6.0345,-0.0190578,-0.0474907,999,,,,,,,3.8000000000000003,3.8000000000000003,4,4,,,,,,,,,,,,,,,,,,,"Alexis Liebano","sa3019885",806536
"Yovannki Pascual","SDP",0.0419,0.068,0.0257,5.69313,0.5852,0.0882,0,0,,1,4.677,1.0924,0.6755,0.63257,0.154556,0.6667,,0.0464,0.6021,5.4189,6.0003,0.903105,1.391,0.128736,0.142549,-0.013812258839607239,0.275587,1.7591,0.292414,0.702395,,,6.1108,-0.0191354,-0.0467538,999,,,,,,,3.8000000000000003,3.8000000000000003,4,4,,,,,,,,,,,,,,,,,,,"Yovannki Pascual","sa3022006",808001
"Jesus Broca","MIL",0.0408,0.057,0,5.66847,1,0,0,0,,1,4.726,1.0647,0.6716,0.62983,0.150444,0.7232,,0.047,0.7101,6.3909,6.5088,0.981886,1.354,0.150254,0.153026,-0.002771899104118347,0.269149,1.7879,0.295373,0.707738,,,6.01266,-0.0191449,-0.0478063,999,,,,,,,3.8000000000000003,3.8000000000000003,4,4,,,,,,,,,,,,,,,,,,,"Jesus Broca","sa3022905",695871
"Brock Bell","CIN",0.041,0.0568,0,5.89158,1,0,0,0,,1,4.572,1.1604,0.6942,0.65462,0.197111,0.459,,0.0445,0.6227,5.6043,4.131,1.35664,1.774,0.136199,0.100394,0.03580489754676819,0.285216,1.6194,0.296516,0.688678,,,5.99402,-0.0191479,-0.0480071,999,,,,,,,6.800000000000001,6.800000000000001,7,7,,,,,,,,,,,,,,,,,,,"Brock Bell","sa3011571",687770
"Dionys Rodriguez","STL",0.0414,0.0564,0,5.69142,1,0,0,0,,1,4.606,1.0652,0.6691,0.63238,0.178,0.5684,,0.055,0.6541,5.8869,5.1156,1.15077,1.602,0.14201,0.123404,0.01860615611076355,0.267463,1.6336,0.281606,0.696692,,,6.04248,-0.0191563,-0.0475003,999,,,,,,,3.8000000000000003,3.8000000000000003,4,4,,,,,,,,,,,,,,,,,,,"Dionys Rodriguez","sa3005877",681051
"Anthony Garcia","ATL",0.0427,0.0633,0.015,5.99769,0.7205,0.0595,0,0,,1,4.722,1.1519,0.7108,0.66641,0.150444,0.646,,0.0516,0.5956,5.3604,5.814,0.921981,1.354,0.126133,0.136806,-0.01067344844341278,0.286229,1.7979,0.305475,0.684883,,,6.02386,-0.0191693,-0.0477107,999,,,,,,,3.8000000000000003,3.8000000000000003,4,4,,,,,,,,,,,,,,,,,,,"Anthony Garcia","sa3019661",805817
"Inmer Lobo","PIT",0.0396,0.0582,0,5.86485,1,0,0,0,,1,4.737,1.0934,0.6919,0.65165,0.149556,0.7044,,0.0469,0.6512,5.8608,6.3396,0.924475,1.346,0.137471,0.148702,-0.01123073697090149,0.274331,1.7978,0.296346,0.696225,,,6.0622,-0.0192752,-0.0474046,999,,,,,,,3.8000000000000003,3.8000000000000003,4,4,,,,,,,,,,,,,,,,,,,"Inmer Lobo","sa3019151",800308
"Graham Osman","CIN",0.0411,0.068,0.0215,5.79294,0.6182,0.0812,0,0,,1,4.726,1.1068,0.6885,0.64366,0.152889,0.6935,,0.0535,0.6927,6.2343,6.2415,0.998846,1.376,0.146572,0.146741,-0.00016926229000091553,0.27816,1.8003,0.304432,0.700896,,,6.00964,-0.019341,-0.0480262,999,,,,,,,3.8000000000000003,3.8000000000000003,4,4,,,,,,,,,,,,,,,,,,,"Graham Osman","sa3023063",690104
"Dennis Boatman","CIN",0.0409,0.0569,0,5.89248,1,0,0,0,,1,4.695,1.0939,0.6971,0.65472,0.167889,0.6677,,0.0464,0.7376,6.6384,6.0093,1.10469,1.511,0.157103,0.142215,0.014888182282447815,0.274787,1.7616,0.301102,0.697321,,,6.01614,-0.0194131,-0.0480262,999,,,,,,,3.8000000000000003,3.8000000000000003,4,4,,,,,,,,,,,,,,,,,,,"Dennis Boatman","sa3017778",677323
"Lisandro Almonte","CHC",0.0405,0.0573,0,5.88105,1,0,0,0,,1,4.728,1.0705,0.695,0.65345,0.153556,0.713,,0.0618,0.7086,6.3774,6.417,0.993829,1.382,0.149873,0.150804,-0.0009306222200393677,0.270793,1.7835,0.296645,0.693965,,,6.0699,-0.0194205,-0.047462,999,,,,,,,3.8000000000000003,3.8000000000000003,4,4,,,,,,,,,,,,,,,,,,,"Lisandro Almonte","sa3015497",699226
"Franck De La Rosa","PIT",0.0381,0.0691,0.0168,6.0255,0.6825,0.0675,0,0,,1,4.73,1.1065,0.7109,0.6695,0.154333,0.6847,,0.052,0.651,5.859,6.1623,0.950781,1.389,0.137632,0.144757,-0.007124722003936768,0.277089,1.7912,0.298675,0.685847,,,6.08091,-0.0194927,-0.0474142,999,,,,,,,3.8000000000000003,3.8000000000000003,4,4,,,,,,,,,,,,,,,,,,,"Franck De La Rosa","sa3015964",692651
"Bubba Hall","WSN",0.0395,0.0583,0,5.83092,1,0,0,0,,1,4.613,1.0945,0.686,0.64788,0.179444,0.5723,,0.0451,0.6096,5.4864,5.1507,1.06518,1.615,0.132148,0.124062,0.008085839450359344,0.273926,1.6668,0.28537,0.692862,,,6.13226,-0.0195131,-0.0468878,999,,,,,,,3.8000000000000003,3.8000000000000003,4,4,,,,,,,,,,,,,,,,,,,"Bubba Hall","sa3020403",801540
"Tom Cosgrove","SDP",1.9332,1.9582,0,4.17088,39.7531,0,0,0.6087,,39.7531,172.39,37.0318,19.8294,18.4228,5.28275,17.0938,,2.4269,36.4235,8.24619,3.86999,2.1308,1.196,0.211285,0.0991577,0.11212773621082306,0.242245,1.36154,0.285608,0.733926,,,4.53469,-0.0195364,0.119157,999,,,,,,,157.3,3.9325,154,3.85,,,,,,,,,,,,,,,,,,,"Tom Cosgrove","23443",676680
"Jaydenn Estanista","PHI",0.0417,0.0561,0,5.82327,1,0,0,0,,1,4.688,1.0365,0.6869,0.64703,0.166444,0.7146,,0.0505,0.7478,6.7302,6.4314,1.04646,1.498,0.159514,0.152432,0.007081896066665649,0.264218,1.7511,0.289184,0.701018,,,6.12996,-0.0195475,-0.0469453,999,,,,,,,3.8000000000000003,3.8000000000000003,4,4,,,,,,,,,,,,,,,,,,,"Jaydenn Estanista","sa3016230",692838
"Braxton Hyde","COL",0.0366,0.0672,0.0082,6.37056,0.7988,0.0428,0,0,,1,4.712,1.2202,0.7523,0.70784,0.167444,0.5804,,0.0523,0.5635,5.0715,5.2236,0.970882,1.507,0.119588,0.123175,-0.00358659029006958,0.29912,1.8006,0.31441,0.669336,,,6.11436,-0.0195841,-0.0471463,999,,,,,,,3.8000000000000003,3.8000000000000003,4,4,,,,,,,,,,,,,,,,,,,"Braxton Hyde","sa3020612",805703
"Cole Hillier","SFG",0.0398,0.058,0,5.75856,1,0,0,0,,1,4.721,1.0944,0.6831,0.63984,0.144,0.6747,,0.0488,0.6342,5.7078,6.0723,0.939973,1.296,0.134336,0.142915,-0.008578702807426453,0.273771,1.7691,0.295219,0.692823,,,5.94058,-0.019663,-0.0490671,999,,,,,,,3.8000000000000003,3.8000000000000003,4,4,,,,,,,,,,,,,,,,,,,"Cole Hillier","sa3023232",815779
"Riskiel Tineo","MIA",0.0376,0.0601,0,5.97726,1,0,0,0,,1,4.713,1.1515,0.708,0.66414,0.152,0.6393,,0.0443,0.5593,5.0337,5.7537,0.874863,1.368,0.118672,0.135646,-0.016974322497844696,0.285775,1.7908,0.301227,0.686185,,,6.07468,-0.0197229,-0.0477011,999,,,,,,,3.8000000000000003,3.8000000000000003,4,4,,,,,,,,,,,,,,,,,,,"Riskiel Tineo","sa3018375",805144
"Elijah Pleasants","SFG",0.0394,0.0635,0.0102,5.79096,0.8277,0.0367,0,0,,1,4.739,1.1143,0.6887,0.64344,0.137,0.6838,,0.0502,0.6013,5.4117,6.1542,0.879351,1.233,0.126883,0.144292,-0.01740872859954834,0.278227,1.7981,0.29917,0.690656,,,5.94688,-0.0197428,-0.0490767,999,,,,,,,3.8000000000000003,3.8000000000000003,4,4,,,,,,,,,,,,,,,,,,,"Elijah Pleasants","sa3024979",681405
"Alix Hernandez","SFG",0.0393,0.0639,0.0103,5.80509,0.8186,0.0386,0,0,,1,4.733,1.07,0.6869,0.64501,0.147889,0.6913,,0.0617,0.6994,6.2946,6.2217,1.01172,1.331,0.147771,0.14606,0.0017113834619522095,0.268844,1.7613,0.294349,0.691263,,,5.94923,-0.0197689,-0.0490767,999,,,,,,,3.8000000000000003,3.8000000000000003,4,4,,,,,,,,,,,,,,,,,,,"Alix Hernandez","sa3021479",806672
"Easton Sikorski","CIN",0.0405,0.0614,0.0069,5.92479,0.8623,0.0293,0,0,,1,4.669,1.1327,0.7016,0.65831,0.172222,0.605,,0.0461,0.6535,5.8815,5.445,1.08017,1.55,0.139966,0.129578,0.010387659072875977,0.281913,1.7377,0.300885,0.692308,,,6.05167,-0.019797,-0.0480166,999,,,,,,,3.8000000000000003,3.8000000000000003,4,4,,,,,,,,,,,,,,,,,,,"Easton Sikorski","sa3020250",675783
"Sam Knowlton","ARI",0.041,0.0568,0,6.0678,1,0,0,0,,1,4.81,1.1095,0.7191,0.6742,0.132556,0.7907,,0.0514,0.6559,5.9031,7.1163,0.829518,1.193,0.136362,0.164387,-0.028024956583976746,0.279619,1.9002,0.307269,0.68884,,,6.1042,-0.0198306,-0.0474907,999,,,,,,,3.8000000000000003,3.8000000000000003,4,4,,,,,,,,,,,,,,,,,,,"Sam Knowlton","sa3023467",681060
"Anfernny Reyes","MIL",0.0409,0.0569,0,5.64039,1,0,0,0,,1,4.773,1.051,0.6707,0.62671,0.137778,0.7909,,0.0554,0.7093,6.3837,7.1181,0.896826,1.24,0.148607,0.165703,-0.017096176743507385,0.267655,1.8419,0.296537,0.710244,,,6.07789,-0.0198682,-0.0478063,999,,,,,,,3.8000000000000003,3.8000000000000003,4,4,,,,,,,,,,,,,,,,,,,"Anfernny Reyes","sa3018807",703102
"Yerry Landinez","SDP",0.0404,0.0621,0.0084,5.88789,0.84,0.034,0,0,,1,4.671,1.0742,0.6939,0.65421,0.171889,0.654,,0.0542,0.6708,6.0372,5.886,1.02569,1.547,0.143609,0.140013,0.0035966485738754272,0.271071,1.7282,0.289192,0.695302,,,6.18404,-0.0199374,-0.0467442,999,,,,,,,3.8000000000000003,3.8000000000000003,4,4,,,,,,,,,,,,,,,,,,,"Yerry Landinez","sa3007036",678219
"Matt Mikulski","SFG",0.0403,0.0575,0,5.64741,1,0,0,0,,1,4.713,1.0632,0.6674,0.62749,0.150778,0.6556,,0.0697,0.6659,5.9931,5.9004,1.01571,1.357,0.14129,0.139105,0.002185449004173279,0.26662,1.7188,0.287738,0.697348,,,5.97069,-0.0199967,-0.0490671,999,,,,,,,3.8000000000000003,3.8000000000000003,4,4,,,,,,,,,,,,,,,,,,,"Matt Mikulski","sa3017874",694392
"Greiber Mendez","PIT",0.0388,0.059,0,6.06213,1,0,0,0,,1,4.769,1.1236,0.7166,0.67357,0.144778,0.7131,,0.0575,0.6151,5.5359,6.4179,0.862572,1.303,0.128979,0.149528,-0.020549386739730835,0.281012,1.8367,0.302243,0.685491,,,6.13019,-0.0200289,-0.0474046,999,,,,,,,3.8000000000000003,3.8000000000000003,4,4,,,,,,,,,,,,,,,,,,,"Greiber Mendez","sa3018041",700356
"Cristofer Gomez","NYM",0.0422,0.0556,0,5.75028,1,0,0,0,,1,4.737,1.0577,0.6816,0.63892,0.148444,0.7409,,0.0479,0.6981,6.2829,6.6681,0.942232,1.336,0.147372,0.156407,-0.009035244584083557,0.267894,1.7986,0.293152,0.702172,,,6.06646,-0.0200506,-0.0481026,999,,,,,,,3.8000000000000003,3.8000000000000003,4,4,,,,,,,,,,,,,,,,,,,"Cristofer Gomez","sa3019567",805684
"Luis Amoroso","COL",0.0379,0.0598,0,6.40719,1,0,0,0,,1,4.684,1.2548,0.7557,0.71191,0.176333,0.5081,,0.0569,0.4991,4.4919,4.5729,0.982287,1.587,0.106554,0.108476,-0.001921430230140686,0.304637,1.7629,0.313183,0.664365,,,6.15561,-0.0200513,-0.0471558,999,,,,,,,1.8000000000000003,1.8000000000000003,2,2,,,,,,,,,,,,,,,,,,,"Luis Amoroso","sa3005889",681730
"Edgar Isea","ARI",0.0411,0.0567,0,6.04314,1,0,0,0,,1,4.829,1.0617,0.715,0.67146,0.134,0.8454,,0.0557,0.7425,6.6825,7.6086,0.878282,1.206,0.153759,0.175067,-0.02130874991416931,0.270297,1.9071,0.304024,0.693283,,,6.12678,-0.0200808,-0.0474907,999,,,,,,,3.8000000000000003,3.8000000000000003,4,4,,,,,,,,,,,,,,,,,,,"Edgar Isea","sa3009936",683384
"Alex Rao","PHI",0.0413,0.0565,0,5.91894,1,0,0,0,,1,4.699,1.0581,0.6979,0.65766,0.168,0.7061,,0.0513,0.7168,6.4512,6.3549,1.01515,1.512,0.152543,0.150266,0.002277076244354248,0.268444,1.7642,0.291187,0.697384,,,6.18908,-0.0202026,-0.0469453,999,,,,,,,3.8000000000000003,3.8000000000000003,4,4,,,,,,,,,,,,,,,,,,,"Alex Rao","sa3020595",702102
"Noah Ruen","LAD",0.0428,0.0551,0,5.95404,1,0,0,0,,1,4.708,1.138,0.7055,0.66156,0.160667,0.6434,,0.0555,0.5964,5.3676,5.7906,0.926951,1.446,0.126678,0.136661,-0.00998300313949585,0.283854,1.7814,0.30053,0.691245,,,6.15905,-0.0202089,-0.0472707,999,,,,,,,3.8000000000000003,3.8000000000000003,4,4,,,,,,,,,,,,,,,,,,,"Noah Ruen","sa3022913",815125
"Jonney Rosario","SDP",0.0406,0.0572,0,5.90004,1,0,0,0,,1,4.706,1.0739,0.6969,0.65556,0.162556,0.7074,,0.0478,0.6609,5.9481,6.3666,0.934266,1.463,0.140438,0.150319,-0.009881019592285156,0.271818,1.7813,0.291412,0.697937,,,6.2235,-0.0203745,-0.0467442,999,,,,,,,3.8000000000000003,3.8000000000000003,4,4,,,,,,,,,,,,,,,,,,,"Jonney Rosario","sa3016616",700326
"Chance Huff","WSN",0.0391,0.0587,0,5.9112,1,0,0,0,,1,4.673,1.11,0.6984,0.6568,0.164889,0.6385,,0.0437,0.5713,5.1417,5.7465,0.894753,1.484,0.122256,0.136636,-0.014380469918251038,0.27814,1.7485,0.290391,0.691922,,,6.21404,-0.0204092,-0.0468782,999,,,,,,,3.8000000000000003,3.8000000000000003,4,4,,,,,,,,,,,,,,,,,,,"Chance Huff","sa3020317",680770
"Nick Sando","CIN",0.0406,0.0668,0.0176,5.90166,0.6751,0.0691,0,0,,1,4.712,1.1101,0.6985,0.65574,0.167778,0.6609,,0.0543,0.6899,6.2091,5.9481,1.04388,1.51,0.146413,0.140259,0.006154492497444153,0.277747,1.771,0.300187,0.698192,,,6.11339,-0.0204907,-0.0480262,999,,,,,,,3.8000000000000003,3.8000000000000003,4,4,,,,,,,,,,,,,,,,,,,"Nick Sando","sa3023511",805311
"Braian Salazar","SDP",0.0409,0.0683,0.0226,5.82318,0.6116,0.0826,0,0,,1,4.73,1.0577,0.6885,0.64702,0.157778,0.7381,,0.0575,0.6829,6.1461,6.6429,0.925213,1.42,0.144376,0.156047,-0.01167018711566925,0.268834,1.7958,0.290887,0.703087,,,6.23859,-0.0205316,-0.0467346,999,,,,,,,3.8000000000000003,3.8000000000000003,4,4,,,,,,,,,,,,,,,,,,,"Braian Salazar","sa3019741",800317
"Roque Gutierrez","LAD",0.0425,0.0662,0.0182,6.08472,0.6248,0.0798,0,0,,1,4.62,1.1403,0.714,0.67608,0.200222,0.5196,,0.0515,0.6463,5.8167,4.6764,1.24384,1.802,0.139892,0.112468,0.02742426097393036,0.281632,1.6599,0.293556,0.685639,,,6.19007,-0.0205524,-0.0472707,999,,,,,,,3.8000000000000003,3.8000000000000003,4,4,,,,,,,,,,,,,,,,,,,"Roque Gutierrez","sa3015440",692262
"Darlin Pinales","ARI",0.0409,0.0569,0,6.07338,1,0,0,0,,1,4.861,1.0832,0.7209,0.67482,0.123778,0.8787,,0.0518,0.6947,6.2523,7.9083,0.7906,1.114,0.142913,0.180765,-0.03785228729248047,0.275588,1.9619,0.308295,0.693834,,,6.17769,-0.0206445,-0.0474907,999,,,,,,,3.8000000000000003,3.8000000000000003,4,4,,,,,,,,,,,,,,,,,,,"Darlin Pinales","sa3016211",692329
"Jake Madden","COL",0.0377,0.06,0,6.44373,1,0,0,0,,1,4.776,1.2061,0.7614,0.71597,0.157556,0.668,,0.054,0.5846,5.2614,6.012,0.87515,1.418,0.122404,0.139866,-0.017462313175201416,0.297509,1.8741,0.316604,0.672927,,,6.2115,-0.0206601,-0.0471463,999,,,,,,,3.8000000000000003,3.8000000000000003,4,4,,,,,,,,,,,,,,,,,,,"Jake Madden","sa3020866",802409
"Zac Addkison","SDP",0.04,0.0658,0.0151,5.98284,0.7271,0.0581,0,0,,1,4.696,1.0948,0.7062,0.66476,0.168444,0.6751,,0.0471,0.6366,5.7294,6.0759,0.942971,1.516,0.135562,0.143761,-0.008198469877243042,0.275505,1.7699,0.29234,0.693381,,,6.24966,-0.0206641,-0.0467442,999,,,,,,,3.8000000000000003,3.8000000000000003,4,4,,,,,,,,,,,,,,,,,,,"Zac Addkison","sa3023284",814700
"Stu Flesland III","COL",0.0354,0.0768,0.0215,6.37344,0.5193,0.1023,0,0,,1,4.719,1.2131,0.7514,0.70816,0.173333,0.5879,,0.051,0.5612,5.0508,5.2911,0.954584,1.56,0.118924,0.124581,-0.005657970905303955,0.297321,1.801,0.310789,0.67354,,,6.21411,-0.020689,-0.0471463,999,,,,,,,3.8000000000000003,3.8000000000000003,4,4,,,,,,,,,,,,,,,,,,,"Stu Flesland III","sa3023000",687317
"Javier Chacon","SDP",0.0409,0.0683,0.0219,5.79096,0.6108,0.0828,0,0,,1,4.703,1.0469,0.6836,0.64344,0.165,0.7177,,0.0531,0.6854,6.1686,6.4593,0.954995,1.485,0.145737,0.152605,-0.006867945194244385,0.266238,1.7646,0.286164,0.704877,,,6.25308,-0.020702,-0.0467442,999,,,,,,,3.8000000000000003,3.8000000000000003,4,4,,,,,,,,,,,,,,,,,,,"Javier Chacon","sa3015312",700274
"Kleiber Olmedo","SDP",0.0399,0.068,0.0188,5.97276,0.6562,0.0732,0,0,,1,4.696,1.1033,0.7061,0.66364,0.165444,0.6717,,0.0478,0.6073,5.4657,6.0453,0.904124,1.489,0.129323,0.143037,-0.013713791966438293,0.277455,1.775,0.292736,0.692572,,,6.26116,-0.0207913,-0.0467442,999,,,,,,,3.8000000000000003,3.8000000000000003,4,4,,,,,,,,,,,,,,,,,,,"Kleiber Olmedo","sa3022420",811598
"Augusto Calderon","PHI",0.0409,0.0602,0.0055,5.96952,0.8887,0.0237,0,0,,1,4.691,1.1039,0.7054,0.66328,0.167667,0.6469,,0.0624,0.6154,5.5386,5.8221,0.951306,1.509,0.131187,0.137902,-0.006714984774589539,0.277243,1.7508,0.292698,0.689548,,,6.24325,-0.0208023,-0.0469453,999,,,,,,,3.8000000000000003,3.8000000000000003,4,4,,,,,,,,,,,,,,,,,,,"Augusto Calderon","sa3006406",680601
"Ben Miller","SDP",0.0409,0.0569,0,5.78961,1,0,0,0,,1,4.726,1.102,0.6865,0.64329,0.151222,0.7025,,0.0532,0.5681,5.1129,6.3225,0.808683,1.361,0.120207,0.148646,-0.028438426554203033,0.277561,1.8045,0.292459,0.701913,,,6.26327,-0.0208047,-0.0467346,999,,,,,,,3.8000000000000003,3.8000000000000003,4,4,,,,,,,,,,,,,,,,,,,"Ben Miller","sa3017208",702207
"Jake Fitzgibbons","ARI",0.0412,0.0566,0,6.04296,1,0,0,0,,1,4.838,1.0673,0.7135,0.67144,0.138778,0.8453,,0.0497,0.7243,6.5187,7.6077,0.856856,1.249,0.149711,0.174721,-0.025010332465171814,0.270682,1.9126,0.301476,0.697836,,,6.20699,-0.0209687,-0.0474907,999,,,,,,,3.8000000000000003,3.8000000000000003,4,4,,,,,,,,,,,,,,,,,,,"Jake Fitzgibbons","sa3022796",801413
"Yordy Herrera","STL",0.0409,0.0569,0,5.76153,1,0,0,0,,1,4.812,1.0341,0.6829,0.64017,0.137,0.8502,,0.0527,0.724,6.516,7.6518,0.851564,1.233,0.150457,0.176683,-0.02622610330581665,0.264537,1.8843,0.294315,0.709837,,,6.20818,-0.0209819,-0.0474907,999,,,,,,,3.8000000000000003,3.8000000000000003,4,4,,,,,,,,,,,,,,,,,,,"Yordy Herrera","sa3019643",800277
"Samuel Vasquez","WSN",0.039,0.0588,0,5.93829,1,0,0,0,,1,4.724,1.0789,0.7018,0.65981,0.157667,0.7213,,0.0477,0.6269,5.6421,6.4917,0.869125,1.419,0.132705,0.152688,-0.01998305320739746,0.272794,1.8002,0.29057,0.695425,,,6.26935,-0.0210114,-0.0468687,999,,,,,,,3.8000000000000003,3.8000000000000003,4,4,,,,,,,,,,,,,,,,,,,"Samuel Vasquez","sa3005849",679029
"Randel Clemente","STL",0.0404,0.0574,0,5.88717,1,0,0,0,,1,4.815,1.0458,0.6982,0.65413,0.136333,0.8523,,0.0506,0.7183,6.4647,7.6707,0.842778,1.227,0.14918,0.177009,-0.02782970666885376,0.267324,1.8981,0.297458,0.702833,,,6.21091,-0.0210121,-0.0474907,999,,,,,,,3.8000000000000003,3.8000000000000003,4,4,,,,,,,,,,,,,,,,,,,"Randel Clemente","sa3016003",695003
"Adam Shoemaker","ATL",0.0428,0.0651,0.0177,5.9427,0.6562,0.0732,0,0,,1,4.8,1.0769,0.7035,0.6603,0.144889,0.7901,,0.0564,0.6995,6.2955,7.1109,0.885331,1.304,0.145729,0.164604,-0.018874987959861755,0.272392,1.867,0.299768,0.699153,,,6.19054,-0.0210256,-0.0477203,999,,,,,,,3.8000000000000003,3.8000000000000003,4,4,,,,,,,,,,,,,,,,,,,"Adam Shoemaker","sa3017888",692248
"Ian Villers","SFG",0.0389,0.0623,0.0066,5.91723,0.8829,0.0249,0,0,,1,4.73,1.1278,0.7012,0.65747,0.149444,0.6485,,0.0531,0.5744,5.1696,5.8365,0.885736,1.345,0.121438,0.137104,-0.015665970742702484,0.279962,1.7763,0.296063,0.686054,,,6.06526,-0.0210535,-0.0490767,999,,,,,,,3.8000000000000003,3.8000000000000003,4,4,,,,,,,,,,,,,,,,,,,"Ian Villers","sa3017303",677351
"Livan Reinoso","LAD",0.0427,0.0552,0,5.97897,1,0,0,0,,1,4.76,1.1031,0.7086,0.66433,0.154444,0.7206,,0.0685,0.6498,5.8482,6.4854,0.901749,1.39,0.136513,0.151387,-0.01487395167350769,0.277796,1.8237,0.299576,0.693695,,,6.24196,-0.0211166,-0.0472611,999,,,,,,,3.8000000000000003,3.8000000000000003,4,4,,,,,,,,,,,,,,,,,,,"Livan Reinoso","sa3020331",802984
"Kleyderve Andrade","PHI",0.0414,0.0564,0,5.87781,1,0,0,0,,1,4.748,1.0581,0.6944,0.65309,0.158667,0.7621,,0.0505,0.6876,6.1884,6.8589,0.902244,1.428,0.144819,0.16051,-0.01569080352783203,0.268867,1.8202,0.29116,0.704476,,,6.29175,-0.0213288,-0.0469357,999,,,,,,,3.8000000000000003,3.8000000000000003,4,4,,,,,,,,,,,,,,,,,,,"Kleyderve Andrade","sa3019745",804694
"Colson Lawrence","MIA",0.0371,0.0607,0,6.15015,1,0,0,0,,1,4.778,1.1089,0.7256,0.68335,0.155667,0.7371,,0.0488,0.6575,5.9175,6.6339,0.892009,1.401,0.13761,0.15427,-0.0166596919298172,0.277774,1.846,0.299859,0.688178,,,6.23285,-0.0214836,-0.0477107,999,,,,,,,3.8000000000000003,3.8000000000000003,4,4,,,,,,,,,,,,,,,,,,,"Colson Lawrence","sa3023210",804673
"Lyon Richardson","CIN",0.4792,0.4936,0,4.2924,9.9383,0,0,0.5985,,9.9383,43.229,9.4672,5.1174,4.73991,1.32842,4.4249,,0.4552,9.9078,8.97238,4.00713,2.2391,1.203,0.229193,0.10236,0.12683383375406265,0.24687,1.39783,0.300184,0.729261,,,4.3834,-0.021578,0.0164756,999,,,,,,,50.300000000000004,5.03,49,4.9,,,,,,,,,,,,,,,,,,,"Lyon Richardson","24581",680689
"Kenya Huggins","CIN",0.0401,0.0577,0,6.12054,1,0,0,0,,1,4.753,1.1087,0.7231,0.68006,0.169556,0.7162,,0.0461,0.7205,6.4845,6.4458,1.006,1.526,0.151588,0.150684,0.0009046792984008789,0.277821,1.8249,0.302887,0.694038,,,6.2166,-0.0216323,-0.0480262,999,,,,,,,3.8000000000000003,3.8000000000000003,4,4,,,,,,,,,,,,,,,,,,,"Kenya Huggins","sa3020609",695761
"Joe Jacques","LAD",0.5055,0.4675,0,4.16328,9.9383,0,0,0.7118,,9.9383,43.418,10.3039,5.0169,4.59732,1.13849,3.7801,,0.6469,7.6616,6.93825,3.42321,2.02682,1.031,0.176461,0.087063,0.08939841389656067,0.264264,1.41714,0.303582,0.725942,,,4.45021,-0.0216327,0.0240801,999,,,,,,,40.7,4.07,42,4.2,,,,,,,,,,,,,,,,,,,"Joe Jacques","25178",682175
"Hunter Mann","COL",0.0375,0.0603,0,6.55533,1,0,0,0,,1,4.778,1.1735,0.7708,0.72837,0.173,0.6861,,0.0528,0.6603,5.9427,6.1749,0.962396,1.557,0.138196,0.143596,-0.005399748682975769,0.290535,1.8596,0.312091,0.673179,,,6.31158,-0.0217668,-0.0471463,999,,,,,,,3.8000000000000003,3.8000000000000003,4,4,,,,,,,,,,,,,,,,,,,"Hunter Mann","sa3023231",815065
"Stiven Cruz","MIL",0.0382,0.0725,0.0214,6.02658,0.5663,0.0923,0,0,,1,4.621,1.1143,0.7071,0.66962,0.199889,0.5326,,0.0529,0.6349,5.7141,4.7934,1.19208,1.799,0.137395,0.115256,0.022138066589832306,0.276124,1.6469,0.28569,0.687463,,,6.25174,-0.0217918,-0.0478063,999,,,,,,,3.8000000000000003,3.8000000000000003,4,4,,,,,,,,,,,,,,,,,,,"Stiven Cruz","sa3015938",691602
"Saul Teran","PHI",0.0408,0.057,0,6.04656,1,0,0,0,,1,4.726,1.0838,0.7135,0.67184,0.168111,0.7122,,0.0524,0.6517,5.8653,6.4098,0.915052,1.513,0.137897,0.150698,-0.012801527976989746,0.27359,1.796,0.291473,0.693624,,,6.34232,-0.0218977,-0.0469453,999,,,,,,,3.8000000000000003,3.8000000000000003,4,4,,,,,,,,,,,,,,,,,,,"Saul Teran","sa3018296",699703
"Shane Marshall","CHC",0.0396,0.0582,0,6.13503,1,0,0,0,,1,4.753,1.1005,0.7229,0.68167,0.164556,0.7211,,0.0464,0.6547,5.8923,6.4899,0.907918,1.481,0.137745,0.151715,-0.01397012174129486,0.276126,1.8216,0.295601,0.690476,,,6.2988,-0.0219538,-0.047462,999,,,,,,,3.8000000000000003,3.8000000000000003,4,4,,,,,,,,,,,,,,,,,,,"Shane Marshall","sa3023405",686288
"Andinson Ferrer","NYM",0.0416,0.0562,0,5.94432,1,0,0,0,,1,4.757,1.0492,0.7006,0.66048,0.163,0.7485,,0.0536,0.7267,6.5403,6.7365,0.970875,1.467,0.152764,0.157347,-0.004582718014717102,0.265291,1.7977,0.289117,0.699012,,,6.23838,-0.0219624,-0.0481122,999,,,,,,,3.8000000000000003,3.8000000000000003,4,4,,,,,,,,,,,,,,,,,,,"Andinson Ferrer","sa3018819",800072
"Angel Gonzalez","STL",0.04,0.0578,0,6.01767,1,0,0,0,,1,4.792,1.0598,0.71,0.66863,0.153,0.7684,,0.0784,0.6966,6.2694,6.9156,0.906559,1.377,0.145367,0.160351,-0.014983296394348145,0.26863,1.8282,0.292932,0.692813,,,6.30268,-0.0220264,-0.0474907,999,,,,,,,3.8000000000000003,3.8000000000000003,4,4,,,,,,,,,,,,,,,,,,,"Angel Gonzalez","sa3015160",694261
"Jesus Flores","MIL",0.0387,0.0649,0.0101,6.07968,0.8046,0.0416,0,0,,1,4.752,1.1061,0.7182,0.67552,0.164444,0.7071,,0.0511,0.6497,5.8473,6.3639,0.918823,1.48,0.136721,0.148801,-0.012079119682312012,0.276954,1.8132,0.29615,0.691734,,,6.27946,-0.0221079,-0.0478159,999,,,,,,,3.8000000000000003,3.8000000000000003,4,4,,,,,,,,,,,,,,,,,,,"Jesus Flores","sa3021519",808222
"Cody Adcock","CIN",0.04,0.0578,0,6.16428,1,0,0,0,,1,4.715,1.0968,0.7246,0.68492,0.188778,0.6589,,0.0566,0.7494,6.7446,5.9301,1.13735,1.699,0.15894,0.139745,0.019194066524505615,0.274234,1.7557,0.296611,0.691359,,,6.26829,-0.0222032,-0.0480262,999,,,,,,,3.8000000000000003,3.8000000000000003,4,4,,,,,,,,,,,,,,,,,,,"Cody Adcock","sa3023175",694832
"Miguel Valdez","SDP",0.0399,0.0579,0,6.06969,1,0,0,0,,1,4.744,1.0989,0.7169,0.67441,0.163111,0.7257,,0.0494,0.6093,5.4837,6.5313,0.839603,1.468,0.128436,0.152972,-0.02453625202178955,0.276878,1.8246,0.292755,0.693941,,,6.39362,-0.0222456,-0.0467346,999,,,,,,,3.8000000000000003,3.8000000000000003,4,4,,,,,,,,,,,,,,,,,,,"Miguel Valdez","sa3021025",808895
"Dailoui Abad","LAD",0.042,0.0558,0,6.16968,1,0,0,0,,1,4.751,1.1189,0.7276,0.68552,0.171889,0.7008,,0.0503,0.6519,5.8671,6.3072,0.930223,1.547,0.137213,0.147506,-0.010292574763298035,0.279732,1.8197,0.298167,0.691616,,,6.35054,-0.0223164,-0.0472611,999,,,,,,,3.8000000000000003,3.8000000000000003,4,4,,,,,,,,,,,,,,,,,,,"Dailoui Abad","sa3016027",699060
"Estarlin Escalante","NYM",0.0414,0.0564,0,5.95197,1,0,0,0,,1,4.78,1.0831,0.7049,0.66133,0.150778,0.7564,,0.0548,0.6393,5.7537,6.8076,0.845188,1.357,0.133745,0.158243,-0.02449791133403778,0.272904,1.8395,0.293301,0.696753,,,6.28159,-0.0224395,-0.0481122,999,,,,,,,3.8000000000000003,3.8000000000000003,4,4,,,,,,,,,,,,,,,,,,,"Estarlin Escalante","sa3018906",805076
"James Marinan","CIN",0.0381,0.0714,0.0178,6.29217,0.6075,0.0835,0,0,,1,4.675,1.1614,0.7396,0.69913,0.200556,0.5638,,0.0473,0.6581,5.9229,5.0742,1.16726,1.805,0.14077,0.120599,0.02017112821340561,0.285785,1.7252,0.299773,0.682349,,,6.2908,-0.0224418,-0.0480166,999,,,,,,,3.8000000000000003,3.8000000000000003,4,4,,,,,,,,,,,,,,,,,,,"James Marinan","sa3005121",675653
"Reynaldo Yean","LAD",0.0422,0.0556,0,6.13566,1,0,0,0,,1,4.803,1.0361,0.7221,0.68174,0.167778,0.8274,,0.0537,0.8125,7.3125,7.4466,0.981992,1.51,0.169165,0.172267,-0.003102228045463562,0.264183,1.8635,0.295185,0.700843,,,6.36589,-0.0224859,-0.0472611,999,,,,,,,3.8000000000000003,3.8000000000000003,4,4,,,,,,,,,,,,,,,,,,,"Reynaldo Yean","sa3018303",702905
"Maikel Miralles","SDP",0.0387,0.0714,0.0209,6.14943,0.5852,0.0882,0,0,,1,4.705,1.1119,0.7244,0.68327,0.178444,0.6652,,0.0457,0.6012,5.4108,5.9868,0.903788,1.606,0.127779,0.141382,-0.01360255479812622,0.278386,1.7771,0.290393,0.689266,,,6.41656,-0.0224987,-0.0467346,999,,,,,,,3.8000000000000003,3.8000000000000003,4,4,,,,,,,,,,,,,,,,,,,"Maikel Miralles","sa3022418",808063
"Johan Otanez","WSN",0.0385,0.0593,0,6.05232,1,0,0,0,,1,4.819,1.0729,0.7175,0.67248,0.141444,0.8365,,0.0565,0.6346,5.7114,7.5285,0.758637,1.273,0.131687,0.173584,-0.04189665615558624,0.273281,1.9094,0.295704,0.696456,,,6.41506,-0.0226113,-0.0468591,999,,,,,,,3.8000000000000003,3.8000000000000003,4,4,,,,,,,,,,,,,,,,,,,"Johan Otanez","sa3009782",683634
"Marco Corcho","LAD",0.042,0.0558,0,6.17607,1,0,0,0,,1,4.787,1.1091,0.7297,0.68623,0.162556,0.7554,,0.0527,0.6623,5.9607,6.7986,0.876754,1.463,0.138354,0.157802,-0.019448503851890564,0.278745,1.8645,0.300105,0.693252,,,6.3794,-0.022635,-0.0472611,999,,,,,,,3.8000000000000003,3.8000000000000003,4,4,,,,,,,,,,,,,,,,,,,"Marco Corcho","sa3021484",806866
"Austin Becker","COL",0.0371,0.0607,0,6.66837,1,0,0,0,,1,4.782,1.1992,0.7836,0.74093,0.177556,0.6732,,0.0457,0.6178,5.5602,6.0588,0.917706,1.598,0.129193,0.140778,-0.011585116386413574,0.295144,1.8724,0.312645,0.670517,,,6.3958,-0.0226967,-0.0471463,999,,,,,,,3.8000000000000003,3.8000000000000003,4,4,,,,,,,,,,,,,,,,,,,"Austin Becker","sa3020465",678014
"Johan Moreno","SDP",0.0386,0.0724,0.0224,6.14376,0.5539,0.0949,0,0,,1,4.693,1.1209,0.7239,0.68264,0.180444,0.6451,,0.0444,0.5721,5.1489,5.8059,0.886839,1.624,0.121905,0.13746,-0.015555083751678467,0.27998,1.766,0.289286,0.688592,,,6.43656,-0.0227294,-0.0467442,999,,,,,,,3.8000000000000003,3.8000000000000003,4,4,,,,,,,,,,,,,,,,,,,"Johan Moreno","sa3020999",808052
"Christian Rodriguez","NYM",0.0409,0.0694,0.0229,6.0498,0.5721,0.0911,0,0,,1,4.761,1.0992,0.7155,0.6722,0.160111,0.7204,,0.0508,0.6227,5.6043,6.4836,0.864381,1.441,0.130792,0.151313,-0.020520895719528198,0.275503,1.8196,0.292826,0.692033,,,6.31612,-0.0228206,-0.0481122,999,,,,,,,3.8000000000000003,3.8000000000000003,4,4,,,,,,,,,,,,,,,,,,,"Christian Rodriguez","sa3022360",815184
"Luis Avila","PHI",0.0404,0.0574,0,6.14556,1,0,0,0,,1,4.753,1.0879,0.7247,0.68284,0.169,0.7359,,0.0524,0.6489,5.8401,6.6231,0.881777,1.521,0.136524,0.154829,-0.01830422878265381,0.274397,1.8238,0.292011,0.692477,,,6.43058,-0.022862,-0.0469357,999,,,,,,,3.8000000000000003,3.8000000000000003,4,4,,,,,,,,,,,,,,,,,,,"Luis Avila","sa3021805",809701
"Junior Flores","SFG",0.0386,0.0592,0,6.06132,1,0,0,0,,1,4.805,1.1159,0.718,0.67348,0.144333,0.7403,,0.0542,0.5958,5.3622,6.6627,0.804809,1.299,0.123996,0.154069,-0.030072838068008423,0.278245,1.8562,0.297082,0.688094,,,6.23471,-0.0229451,-0.0490957,999,,,,,,,3.8000000000000003,3.8000000000000003,4,4,,,,,,,,,,,,,,,,,,,"Junior Flores","sa3015479",695946
"Adan Moreno","SDP",0.0397,0.058,0,6.12846,1,0,0,0,,1,4.757,1.0898,0.7227,0.68094,0.166889,0.7395,,0.0537,0.6258,5.6322,6.6555,0.846247,1.502,0.131554,0.155455,-0.02390161156654358,0.274938,1.8293,0.291037,0.693508,,,6.46404,-0.0230225,-0.0467346,999,,,,,,,3.8000000000000003,3.8000000000000003,4,4,,,,,,,,,,,,,,,,,,,"Adan Moreno","sa3021537",808489
"Koen Moreno","CHC",0.0396,0.0582,0,6.13125,1,0,0,0,,1,4.817,1.0573,0.7236,0.68125,0.154667,0.8216,,0.0609,0.7064,6.3576,7.3944,0.859786,1.392,0.146647,0.170563,-0.023915305733680725,0.268725,1.8789,0.293689,0.694973,,,6.41185,-0.0232013,-0.047462,999,,,,,,,3.8000000000000003,3.8000000000000003,4,4,,,,,,,,,,,,,,,,,,,"Koen Moreno","sa3014509",691103
"Connor Phillips","CIN",0.8627,0.8884,0,4.32405,17.8889,0,0,0.5985,,17.8889,77.609,16.3594,9.2086,8.59472,2.58594,8.1214,,0.9359,19.2884,9.7041,4.08592,2.37501,1.301,0.248533,0.104645,0.1438879668712616,0.238643,1.36849,0.295078,0.732111,,,4.40816,-0.0233937,0.0296767,749.97998046875,,,,,,,69.70000000000002,3.872222222222223,66,3.6666666666666665,,,,,,,,,,,,,,,,,,,"Connor Phillips","27649",683175
"Jose Fernandez","MIA",0.0365,0.0612,0,6.31827,1,0,0,0,,1,4.822,1.1162,0.7448,0.70203,0.157,0.7772,,0.0496,0.6366,5.7294,6.9948,0.819094,1.413,0.13202,0.161178,-0.029158025979995728,0.279385,1.8934,0.2996,0.686305,,,6.41468,-0.0234904,-0.0477107,999,,,,,,,3.8000000000000003,3.8000000000000003,4,4,,,,,,,,,,,,,,,,,,,"Jose Fernandez","sa3018346",801261
"Anyer Laureano","CIN",0.0398,0.058,0,6.19938,1,0,0,0,,1,4.819,1.0686,0.7321,0.68882,0.165556,0.8207,,0.0511,0.7738,6.9642,7.3863,0.942854,1.49,0.160573,0.170305,-0.009732306003570557,0.270724,1.8893,0.30023,0.698151,,,6.3865,-0.0235171,-0.0480357,999,,,,,,,3.8000000000000003,3.8000000000000003,4,4,,,,,,,,,,,,,,,,,,,"Anyer Laureano","sa3019123",703242
"Alejandro Lugo","SDP",0.0389,0.063,0.0064,6.21612,0.8606,0.0296,0,0,,1,4.721,1.1153,0.7312,0.69068,0.181333,0.6768,,0.0447,0.588,5.292,6.0912,0.868794,1.632,0.12455,0.143359,-0.018809571862220764,0.27886,1.7921,0.289139,0.689687,,,6.51231,-0.0235646,-0.0467442,999,,,,,,,3.8000000000000003,3.8000000000000003,4,4,,,,,,,,,,,,,,,,,,,"Alejandro Lugo","sa3009253",684126
"Jean Reyes","MIA",0.0364,0.0614,0,6.36435,1,0,0,0,,1,4.819,1.1145,0.7489,0.70715,0.162222,0.7695,,0.0497,0.654,5.886,6.9255,0.849903,1.46,0.135713,0.15968,-0.023967638611793518,0.278639,1.884,0.299122,0.685079,,,6.42497,-0.0236038,-0.0477107,999,,,,,,,3.8000000000000003,3.8000000000000003,4,4,,,,,,,,,,,,,,,,,,,"Jean Reyes","sa3017136",691582
"Jose Pena Jr.","PHI",0.0403,0.0575,0,6.18696,1,0,0,0,,1,4.778,1.0711,0.7292,0.68744,0.168556,0.7787,,0.0527,0.6707,6.0363,7.0083,0.861307,1.517,0.140373,0.162976,-0.022603601217269897,0.271398,1.8498,0.290455,0.694376,,,6.5105,-0.023743,-0.0469357,999,,,,,,,3.8000000000000003,3.8000000000000003,4,4,,,,,,,,,,,,,,,,,,,"Jose Pena Jr.","sa3017821",700247
"Christian Ruebeck","LAD",0.0417,0.0561,0,6.29163,1,0,0,0,,1,4.787,1.0722,0.7383,0.69907,0.181778,0.7574,,0.0619,0.7529,6.7761,6.8166,0.994059,1.636,0.15728,0.15822,-0.0009400397539138794,0.270232,1.8296,0.293576,0.69284,,,6.48169,-0.0237627,-0.0472611,999,,,,,,,3.8000000000000003,3.8000000000000003,4,4,,,,,,,,,,,,,,,,,,,"Christian Ruebeck","sa3020900",687199
"Cristofher Carrasco","MIL",0.0377,0.0674,0.0115,6.25374,0.7576,0.0516,0,0,,1,4.78,1.0966,0.7361,0.69486,0.174222,0.7376,,0.0511,0.6801,6.1209,6.6384,0.922044,1.568,0.14228,0.15431,-0.012029275298118591,0.274748,1.8342,0.294034,0.690503,,,6.43727,-0.0238384,-0.0478063,999,,,,,,,3.8000000000000003,3.8000000000000003,4,4,,,,,,,,,,,,,,,,,,,"Cristofher Carrasco","sa3020335",804448
"Natanael Polanco","MIA",0.0363,0.0614,0,6.35877,1,0,0,0,,1,4.812,1.1429,0.7498,0.70653,0.159333,0.7371,,0.0542,0.5822,5.2398,6.6339,0.789852,1.434,0.120989,0.15318,-0.03219036012887955,0.284254,1.88,0.299944,0.682103,,,6.44731,-0.0238499,-0.0477107,999,,,,,,,3.8000000000000003,3.8000000000000003,4,4,,,,,,,,,,,,,,,,,,,"Natanael Polanco","sa3016715",702417
"Jorge Gonzalez","LAD",0.0417,0.0561,0,6.28047,1,0,0,0,,1,4.796,1.0893,0.7391,0.69783,0.174,0.7682,,0.056,0.7043,6.3387,6.9138,0.916819,1.566,0.146852,0.160175,-0.013323605060577393,0.274259,1.8575,0.295878,0.69298,,,6.49248,-0.0238815,-0.0472611,999,,,,,,,3.8000000000000003,3.8000000000000003,4,4,,,,,,,,,,,,,,,,,,,"Jorge Gonzalez","sa3009504",684083
"Felix Cabrera","LAD",0.0421,0.0557,0,6.11847,1,0,0,0,,1,4.829,1.1221,0.7247,0.67983,0.152778,0.7896,,0.0555,0.5948,5.3532,7.1064,0.753293,1.375,0.123172,0.163512,-0.04033961147069931,0.281659,1.9117,0.299514,0.699135,,,6.49829,-0.0239455,-0.0472611,999,,,,,,,3.8000000000000003,3.8000000000000003,4,4,,,,,,,,,,,,,,,,,,,"Felix Cabrera","sa3016496",693806
"Juan Sanchez","ATL",0.0411,0.0567,0,6.33699,1,0,0,0,,1,4.852,1.1053,0.7474,0.70411,0.154,0.8111,,0.062,0.6663,5.9967,7.2999,0.821477,1.386,0.137325,0.167168,-0.02984336018562317,0.27779,1.9164,0.301178,0.687324,,,6.45518,-0.0239465,-0.0477203,999,,,,,,,3.8000000000000003,3.8000000000000003,4,4,,,,,,,,,,,,,,,,,,,"Juan Sanchez","sa3018360",803424
"Dominic Hambley","CHC",0.0393,0.0585,0,6.18273,1,0,0,0,,1,4.88,1.0963,0.7337,0.68697,0.135,0.8601,,0.0763,0.6236,5.6124,7.7409,0.725032,1.215,0.127787,0.17625,-0.04846310615539551,0.277995,1.9564,0.301821,0.691807,,,6.48348,-0.0239905,-0.047462,999,,,,,,,3.8000000000000003,3.8000000000000003,4,4,,,,,,,,,,,,,,,,,,,"Dominic Hambley","sa3017999",692163
"Zack Austin","ATL",0.0412,0.0566,0,6.29928,1,0,0,0,,1,4.902,1.1013,0.7459,0.69992,0.137444,0.887,,0.0607,0.6676,6.0084,7.983,0.752649,1.237,0.136189,0.180947,-0.04475724697113037,0.278507,1.9883,0.306058,0.691807,,,6.46116,-0.0240123,-0.0477203,999,,,,,,,3.8000000000000003,3.8000000000000003,4,4,,,,,,,,,,,,,,,,,,,"Zack Austin","sa3022910",813186
"Joel Ibarra","LAD",0.0417,0.0561,0,6.29271,1,0,0,0,,1,4.792,1.0728,0.739,0.69919,0.180556,0.7651,,0.0617,0.7325,6.5925,6.8859,0.957391,1.625,0.152859,0.159662,-0.006803005933761597,0.270554,1.8379,0.292334,0.693259,,,6.5291,-0.0242847,-0.0472611,999,,,,,,,3.8000000000000003,3.8000000000000003,4,4,,,,,,,,,,,,,,,,,,,"Joel Ibarra","sa3009326",684169
"Danny Carrion","PIT",0.0374,0.0604,0,6.48567,1,0,0,0,,1,4.857,1.1314,0.7629,0.72063,0.156444,0.7962,,0.0508,0.6086,5.4774,7.1658,0.764381,1.408,0.125304,0.163928,-0.038624659180641174,0.282145,1.9276,0.300453,0.681678,,,6.52406,-0.0243778,-0.0474046,999,,,,,,,3.8000000000000003,3.8000000000000003,4,4,,,,,,,,,,,,,,,,,,,"Danny Carrion","sa3023214",815051
"Joseilyn Gonzalez","LAD",0.0412,0.0566,0,6.39891,1,0,0,0,,1,4.792,1.1607,0.7544,0.71099,0.174444,0.6963,,0.0606,0.5706,5.1354,6.2667,0.819474,1.57,0.119073,0.145305,-0.026231221854686737,0.287651,1.857,0.299769,0.683665,,,6.56376,-0.024666,-0.0472611,999,,,,,,,3.8000000000000003,3.8000000000000003,4,4,,,,,,,,,,,,,,,,,,,"Joseilyn Gonzalez","sa3018910",805120
"Jhoniel Serrano","MIA",0.0347,0.0685,0.0075,6.4089,0.8211,0.0381,0,0,,1,4.848,1.1236,0.7559,0.7121,0.156222,0.7845,,0.0654,0.6126,5.5134,7.0605,0.78088,1.406,0.126361,0.161819,-0.035457924008369446,0.281033,1.9081,0.299565,0.682022,,,6.52187,-0.0246706,-0.0477107,999,,,,,,,3.8000000000000003,3.8000000000000003,4,4,,,,,,,,,,,,,,,,,,,"Jhoniel Serrano","sa3016710",698934
"Juan Arnaud","NYM",0.0407,0.0571,0,6.14403,1,0,0,0,,1,4.847,1.0636,0.7257,0.68267,0.153556,0.8325,,0.0634,0.6804,6.1236,7.4925,0.817297,1.382,0.140375,0.171756,-0.031380221247673035,0.269191,1.8961,0.291948,0.696202,,,6.4896,-0.0247413,-0.0481218,999,,,,,,,3.8000000000000003,3.8000000000000003,4,4,,,,,,,,,,,,,,,,,,,"Juan Arnaud","sa3018294",699304
"Brady Hill","COL",0.0365,0.0612,0,6.84792,1,0,0,0,,1,4.801,1.2067,0.8026,0.76088,0.188333,0.676,,0.0475,0.5981,5.3829,6.084,0.884763,1.695,0.124578,0.140804,-0.01622578501701355,0.295941,1.8827,0.309434,0.667126,,,6.58911,-0.0248261,-0.0471463,999,,,,,,,3.8000000000000003,3.8000000000000003,4,4,,,,,,,,,,,,,,,,,,,"Brady Hill","sa3020559",687984
"Nick Anderson","STL",1.6832,1.7217,0,4.19399,34.784,0,0,0.6447,,34.784,149.866,33.7959,17.4271,16.2093,4.69584,12.9694,,1.3446,31.0054,8.02233,3.3557,2.39066,1.215,0.206887,0.08654,0.1203475072979927,0.249321,1.34445,0.291436,0.729967,,,4.37327,-0.0248571,0.127961,750.9500122070312,,,,,,,133.1,3.8028571428571425,134,3.8285714285714287,,,,,,,,,,,,,,,,,,,"Nick Anderson","18337",623433
"Bernard Jose","SDP",0.0391,0.0587,0,6.29901,1,0,0,0,,1,4.794,1.1032,0.742,0.69989,0.17,0.7652,,0.0533,0.5993,5.3937,6.8868,0.783194,1.53,0.12501,0.159616,-0.034605756402015686,0.2775,1.8684,0.291061,0.690873,,,6.63338,-0.0248774,-0.046725,999,,,,,,,3.8000000000000003,3.8000000000000003,4,4,,,,,,,,,,,,,,,,,,,"Bernard Jose","sa3021812",811594
"Wilson Lopez","NYM",0.0407,0.0571,0,6.15078,1,0,0,0,,1,4.866,1.0806,0.7285,0.68342,0.145333,0.8519,,0.0597,0.6417,5.7753,7.6671,0.753257,1.308,0.131874,0.175072,-0.043197691440582275,0.273265,1.9325,0.295282,0.696343,,,6.50721,-0.024935,-0.0481218,999,,,,,,,3.8000000000000003,3.8000000000000003,4,4,,,,,,,,,,,,,,,,,,,"Wilson Lopez","sa3019297",805083
"Juan Reynoso","MIA",0.0362,0.0615,0,6.39558,1,0,0,0,,1,4.878,1.0979,0.7542,0.71062,0.152111,0.8428,,0.0639,0.6548,5.8932,7.5852,0.776934,1.369,0.134235,0.172776,-0.038540393114089966,0.276459,1.9407,0.298885,0.686734,,,6.55442,-0.0250286,-0.0477107,999,,,,,,,3.8000000000000003,3.8000000000000003,4,4,,,,,,,,,,,,,,,,,,,"Juan Reynoso","sa3017790",702418
"Chase Petty","CIN",1.0746,1.305,0.5904,4.68166,14.5298,1.61,0,0.5985,,22.0968,96.445,23.0406,12.3686,11.4944,3.39309,8.1715,,0.9851,17.9725,7.32018,3.32824,2.19941,1.382,0.18635,0.084727,0.10162268579006195,0.263959,1.41252,0.298038,0.712103,,,4.77915,-0.0250453,0.0294461,999,,,,,,,79.10000000000001,3.5954545454545457,84,3.8181818181818183,,,,,,,,,,,,,,,,,,,"Chase Petty","sa3017963",695534
"Seth Keller","ATL",0.0407,0.0571,0,6.47253,1,0,0,0,,1,4.84,1.1405,0.7618,0.71917,0.164556,0.7511,,0.0684,0.6033,5.4297,6.7599,0.803222,1.481,0.124649,0.155186,-0.030537202954292297,0.283671,1.8916,0.300046,0.680102,,,6.5576,-0.0250734,-0.0477203,999,,,,,,,3.8000000000000003,3.8000000000000003,4,4,,,,,,,,,,,,,,,,,,,"Seth Keller","sa3020397",702605
"Joaquin Tejada","PIT",0.0372,0.0606,0,6.53238,1,0,0,0,,1,4.89,1.1224,0.7687,0.72582,0.152778,0.8401,,0.054,0.6224,5.6016,7.5609,0.740864,1.375,0.12728,0.1718,-0.044519439339637756,0.280888,1.9625,0.301057,0.682713,,,6.59009,-0.0251041,-0.0474046,999,,,,,,,3.8000000000000003,3.8000000000000003,4,4,,,,,,,,,,,,,,,,,,,"Joaquin Tejada","sa3016207",692047
"Jimmy Lewis","LAD",0.0411,0.0567,0,6.43455,1,0,0,0,,1,4.817,1.1336,0.7578,0.71495,0.174333,0.7573,,0.0516,0.6238,5.6142,6.8157,0.823716,1.569,0.1295,0.157214,-0.027714356780052185,0.282827,1.8909,0.29884,0.688048,,,6.61191,-0.0251955,-0.0472611,999,,,,,,,3.8000000000000003,3.8000000000000003,4,4,,,,,,,,,,,,,,,,,,,"Jimmy Lewis","sa3014533",683167
"Noah Takacs","PIT",0.037,0.0607,0,6.59583,1,0,0,0,,1,4.857,1.1487,0.7746,0.73287,0.163778,0.7741,,0.0512,0.579,5.211,6.9669,0.747965,1.474,0.119209,0.159378,-0.040168821811676025,0.284917,1.9228,0.299467,0.678,,,6.61349,-0.0253612,-0.0474046,999,,,,,,,3.8000000000000003,3.8000000000000003,4,4,,,,,,,,,,,,,,,,,,,"Noah Takacs","sa3023612",692176
"Gabriel Hughes","COL",0.8097,0.9518,0,4.71354,18,0,0,0.5694,,18,78.637,18.7538,10.0929,9.42708,2.564,7.0185,,0.7578,16.3738,8.1869,3.50925,2.33295,1.282,0.20822,0.0892519,0.1189681738615036,0.264657,1.43179,0.311805,0.70683,,,4.495,-0.0254933,-0.057331,999,,,,,,,58.90000000000001,3.272222222222223,63,3.5,,,,,,,,,,,,,,,,,,,"Gabriel Hughes","sa3020661",687312
"Mathew Peters","CHC",0.0385,0.0593,0,6.43284,1,0,0,0,,1,4.873,1.106,0.7586,0.71476,0.155778,0.8507,,0.0504,0.6361,5.7249,7.6563,0.747737,1.402,0.130536,0.174574,-0.04403857886791229,0.278456,1.9567,0.29881,0.689113,,,6.62269,-0.0255217,-0.047462,999,,,,,,,3.8000000000000003,3.8000000000000003,4,4,,,,,,,,,,,,,,,,,,,"Mathew Peters","sa3020629",802963
"Luis A. Reyes","CHC",0.0385,0.0593,0,6.44553,1,0,0,0,,1,4.861,1.1026,0.7591,0.71617,0.161333,0.8343,,0.0517,0.6383,5.7447,7.5087,0.765073,1.452,0.13131,0.171631,-0.04032091796398163,0.277384,1.9369,0.296428,0.688356,,,6.64521,-0.025769,-0.047462,999,,,,,,,3.8000000000000003,3.8000000000000003,4,4,,,,,,,,,,,,,,,,,,,"Luis A. Reyes","sa3019049",703724
"Carlos Martinez","LAD",0.041,0.0568,0,6.48108,1,0,0,0,,1,4.831,1.0947,0.7608,0.72012,0.182222,0.7981,,0.0511,0.7023,6.3207,7.1829,0.879965,1.64,0.145374,0.165204,-0.019830256700515747,0.274926,1.8928,0.294606,0.691218,,,6.67837,-0.0259256,-0.0472611,999,,,,,,,3.8000000000000003,3.8000000000000003,4,4,,,,,,,,,,,,,,,,,,,"Carlos Martinez","sa3015423",691546
"Juan Abreu","WSN",0.0372,0.0605,0,6.44265,1,0,0,0,,1,4.833,1.0922,0.7573,0.71585,0.169556,0.8169,,0.0482,0.6225,5.6025,7.3521,0.762027,1.526,0.128802,0.169025,-0.040223464369773865,0.275259,1.9091,0.290519,0.68899,,,6.721,-0.0259687,-0.0468495,999,,,,,,,3.8000000000000003,3.8000000000000003,4,4,,,,,,,,,,,,,,,,,,,"Juan Abreu","sa3017200",693791
"Ernie Day","STL",0.0385,0.0593,0,6.42564,1,0,0,0,,1,4.885,1.113,0.758,0.71396,0.153222,0.8477,,0.0569,0.5972,5.3748,7.6293,0.704494,1.379,0.122252,0.173531,-0.051279425621032715,0.27962,1.9607,0.297147,0.688757,,,6.67777,-0.0261561,-0.0474907,999,,,,,,,3.8000000000000003,3.8000000000000003,4,4,,,,,,,,,,,,,,,,,,,"Ernie Day","sa3023004",701308
"Luis German","SDP",0.0389,0.0589,0,6.32124,1,0,0,0,,1,4.929,1.0577,0.7484,0.70236,0.141444,0.9679,,0.0634,0.657,5.913,8.7111,0.678789,1.273,0.133293,0.196368,-0.06307566165924072,0.271365,2.0256,0.295637,0.698849,,,6.78516,-0.0265246,-0.0467059,999,,,,,,,3.8000000000000003,3.8000000000000003,4,4,,,,,,,,,,,,,,,,,,,"Luis German","sa3019658",702445
"Branden Noriega","CHC",0.0389,0.0589,0,6.31728,1,0,0,0,,1,4.929,1.052,0.7447,0.70192,0.150222,0.9451,,0.0588,0.7039,6.3351,8.5059,0.744789,1.352,0.142808,0.191743,-0.048934876918792725,0.268019,1.9971,0.293645,0.700922,,,6.72327,-0.0266256,-0.047462,999,,,,,,,3.8000000000000003,3.8000000000000003,4,4,,,,,,,,,,,,,,,,,,,"Branden Noriega","sa3020867",804447
"Pedro Santillan","LAD",0.0407,0.0571,0,6.5295,1,0,0,0,,1,4.847,1.1579,0.7701,0.7255,0.170556,0.7716,,0.0528,0.5563,5.0067,6.9444,0.720969,1.535,0.114772,0.159191,-0.04441923648118973,0.287849,1.9295,0.299582,0.685742,,,6.7443,-0.026649,-0.0472611,999,,,,,,,3.8000000000000003,3.8000000000000003,4,4,,,,,,,,,,,,,,,,,,,"Pedro Santillan","sa3015493",699063
"Hunter Furtado","PIT",0.0373,0.0604,0,6.4836,1,0,0,0,,1,4.953,1.1161,0.7647,0.7204,0.141,0.9235,,0.0505,0.584,5.256,8.3115,0.632377,1.269,0.117908,0.186453,-0.06854432076215744,0.280498,2.0396,0.299662,0.692053,,,6.75348,-0.0268977,-0.0474046,999,,,,,,,3.8000000000000003,3.8000000000000003,4,4,,,,,,,,,,,,,,,,,,,"Hunter Furtado","sa3023447",695345
"Eiver Espinoza","MIA",0.0355,0.0751,0.0189,6.59457,0.5663,0.0923,0,0,,1,4.885,1.1517,0.7786,0.73273,0.157778,0.8217,,0.0503,0.5382,4.8438,7.3953,0.654984,1.42,0.110174,0.168209,-0.05803479254245758,0.286992,1.9734,0.299643,0.681765,,,6.75719,-0.0271554,-0.0476151,999,,,,,,,3.8000000000000003,3.8000000000000003,4,4,,,,,,,,,,,,,,,,,,,"Eiver Espinoza","sa3018908",805096
"Dilan Figueredo","LAD",0.0404,0.0574,0,6.64632,1,0,0,0,,1,4.84,1.1449,0.7804,0.73848,0.185667,0.765,,0.0498,0.6081,5.4729,6.885,0.794902,1.671,0.12564,0.158058,-0.03241734206676483,0.284433,1.9099,0.296845,0.684559,,,6.80835,-0.027351,-0.0472611,999,,,,,,,3.8000000000000003,3.8000000000000003,4,4,,,,,,,,,,,,,,,,,,,"Dilan Figueredo","sa3019555",700310
"Gabe Starks","CIN",0.0382,0.0596,0,6.68763,1,0,0,0,,1,4.838,1.1455,0.7851,0.74307,0.192444,0.7572,,0.0466,0.6651,5.9859,6.8148,0.878368,1.732,0.137474,0.156511,-0.019036799669265747,0.283947,1.9027,0.300019,0.684268,,,6.74946,-0.0275045,-0.0480357,999,,,,,,,3.8000000000000003,3.8000000000000003,4,4,,,,,,,,,,,,,,,,,,,"Gabe Starks","sa3023443",694784
"Yomil Maysonet","CIN",0.0381,0.0596,0,6.68637,1,0,0,0,,1,4.859,1.1418,0.7858,0.74293,0.186667,0.7781,,0.0555,0.6617,5.9553,7.0029,0.850405,1.68,0.13618,0.160136,-0.023955538868904114,0.283649,1.9199,0.300637,0.683783,,,6.77055,-0.0277354,-0.0480357,999,,,,,,,3.8000000000000003,3.8000000000000003,4,4,,,,,,,,,,,,,,,,,,,"Yomil Maysonet","sa3007476",680936
"Drew Garrett","PHI",0.039,0.0588,0,6.54912,1,0,0,0,,1,4.907,1.0632,0.7708,0.72768,0.165222,0.9298,,0.051,0.6897,6.2073,8.3682,0.741772,1.487,0.140554,0.189484,-0.0489300936460495,0.270796,1.993,0.292379,0.693766,,,6.87737,-0.0277521,-0.0469165,999,,,,,,,3.8000000000000003,3.8000000000000003,4,4,,,,,,,,,,,,,,,,,,,"Drew Garrett","sa3022322",690312
"Juan Manuel Abril","CIN",0.0381,0.0597,0,6.70257,1,0,0,0,,1,4.854,1.1496,0.7876,0.74473,0.188222,0.7651,,0.0559,0.6481,5.8329,6.8859,0.847079,1.694,0.133519,0.157623,-0.024103820323944092,0.285048,1.9147,0.300743,0.682599,,,6.78017,-0.0278408,-0.0480357,999,,,,,,,3.8000000000000003,3.8000000000000003,4,4,,,,,,,,,,,,,,,,,,,"Juan Manuel Abril","sa3002921",671358
"Luis Gonzalez","PHI",0.0361,0.0754,0.0186,6.68916,0.5415,0.0975,0,0,,1,4.805,1.1897,0.7878,0.74324,0.184444,0.6989,,0.0513,0.4569,4.1121,6.2901,0.653742,1.66,0.0950885,0.145453,-0.05036419630050659,0.293405,1.8886,0.294498,0.675181,,,6.90106,-0.0280311,-0.0469357,999,,,,,,,1.8000000000000003,1.8000000000000003,2,2,,,,,,,,,,,,,,,,,,,"Luis Gonzalez","sa3019164",800461
"Austin Warren","NYM",0.4891,0.4838,0,4.24957,9.9383,0,0,0.6637,,9.9383,43.135,9.8686,5.0727,4.69261,1.2721,3.7693,,0.4737,8.3222,7.53648,3.41343,2.20789,1.152,0.192934,0.0873838,0.10555001348257065,0.253744,1.37226,0.293419,0.722378,,,4.43651,-0.0282751,0.0158156,999,,,,,,,43.7,4.37,45,4.5,,,,,,,,,,,,,,,,,,,"Austin Warren","24937",681810
"Yanzel Correa","COL",0.0353,0.0624,0,7.22043,1,0,0,0,,1,4.909,1.2246,0.8457,0.80227,0.185222,0.7719,,0.0554,0.5748,5.1732,6.9471,0.744656,1.667,0.117091,0.157242,-0.04015074670314789,0.300022,1.9965,0.312907,0.66245,,,6.90667,-0.0282993,-0.0471367,999,,,,,,,3.8000000000000003,3.8000000000000003,4,4,,,,,,,,,,,,,,,,,,,"Yanzel Correa","sa3023302",814354
"Redinson Gomez","COL",0.0376,0.0601,0,6.69456,1,0,0,0,,1,4.907,1.1367,0.7875,0.74384,0.166778,0.8436,,0.0522,0.5594,5.0346,7.5924,0.663111,1.501,0.114,0.171918,-0.05791725218296051,0.283382,1.9803,0.295256,0.682844,,,6.90319,-0.0287631,-0.0476246,999,,,,,,,3.8000000000000003,3.8000000000000003,4,4,,,,,,,,,,,,,,,,,,,"Redinson Gomez","sa3016612",700166
"Tyler Kennedy","PIT",0.0361,0.0616,0,6.86133,1,0,0,0,,1,5.015,1.1051,0.8062,0.76237,0.149556,0.9831,,0.063,0.6528,5.8752,8.8479,0.664022,1.346,0.130169,0.196032,-0.06586241722106934,0.27844,2.0882,0.301763,0.682342,,,6.9434,-0.0289665,-0.0473951,999,,,,,,,3.8000000000000003,3.8000000000000003,4,4,,,,,,,,,,,,,,,,,,,"Tyler Kennedy","sa3023042",701159
"Kenyi Perez","CHC",0.0379,0.0599,0,6.6168,1,0,0,0,,1,5.028,1.0216,0.7792,0.7352,0.146556,1.0735,,0.0721,0.779,7.011,9.6615,0.725664,1.319,0.154932,0.213504,-0.058572009205818176,0.263136,2.0951,0.295939,0.696272,,,6.9505,-0.029113,-0.047462,999,,,,,,,3.8000000000000003,3.8000000000000003,4,4,,,,,,,,,,,,,,,,,,,"Kenyi Perez","sa3016008",695990
"Antonio Jimenez","SFG",0.5174,0.5592,0,4.18129,11,0,0,0.6289,,11,48.014,10.9656,5.5439,5.11047,1.30411,4.4181,,0.4774,8.8358,7.22929,3.61481,1.99991,1.067,0.184025,0.0920169,0.09200858324766159,0.254313,1.39852,0.292962,0.725759,,,4.43633,-0.0291853,-0.0445896,999,,,,,,,50.50000000000001,4.590909090909092,52,4.7272727272727275,,,,,,,,,,,,,,,,,,,"Antonio Jimenez","sa3008074",682607
"Devin Sweet","PHI",1.1659,1.1689,0,4.2893,23.8519,0,0,0.5881,,23.8519,102.456,22.0788,12.1618,11.3675,3.51683,9.6519,,1.126,23.1921,8.75104,3.64194,2.40285,1.327,0.226362,0.0942053,0.13215623795986176,0.24083,1.33032,0.285704,0.729988,,,4.49418,-0.0293004,0.0651467,999,,,,,,,88.20000000000003,3.675000000000001,85,3.5416666666666665,,,,,,,,,,,,,,,,,,,"Devin Sweet","25348",682967
"Luis Tejeda","COL",0.0355,0.0688,0.0082,6.84108,0.7831,0.0461,0,0,,1,4.912,1.1784,0.8049,0.76012,0.169111,0.8101,,0.0561,0.4961,4.4649,7.2909,0.612393,1.522,0.100998,0.164923,-0.06392508745193481,0.291265,1.9885,0.298554,0.675669,,,6.97132,-0.0294977,-0.0476151,999,,,,,,,1.8000000000000003,1.8000000000000003,2,2,,,,,,,,,,,,,,,,,,,"Luis Tejeda","sa3019176",802240
"Angel Camacho","PIT",0.0364,0.0681,0.0098,6.67368,0.7708,0.0488,0,0,,1,4.963,1.1157,0.7852,0.74152,0.159222,0.9255,,0.0502,0.5871,5.2839,8.3295,0.63436,1.433,0.118295,0.18648,-0.06818456202745438,0.279813,2.0412,0.29512,0.690759,,,6.98927,-0.0296936,-0.0476151,999,,,,,,,3.8000000000000003,3.8000000000000003,4,4,,,,,,,,,,,,,,,,,,,"Angel Camacho","sa3022175",537996
"Victor Cabreja","PIT",0.0363,0.0614,0,6.79617,1,0,0,0,,1,5,1.152,0.7996,0.75513,0.148778,0.9384,,0.0477,0.5125,4.6125,8.4456,0.546142,1.339,0.1025,0.18768,-0.08517999202013016,0.287003,2.0904,0.299235,0.685826,,,7.03389,-0.0299645,-0.0474046,999,,,,,,,3.8000000000000003,3.8000000000000003,4,4,,,,,,,,,,,,,,,,,,,"Victor Cabreja","sa3018342",800573
"Johan Rodriguez","SFG",0.0323,0.0797,0.0189,6.76116,0.5242,0.1012,0,0,,1,4.956,1.1449,0.797,0.75124,0.155778,0.874,,0.051,0.547,4.923,7.866,0.625858,1.402,0.110371,0.176352,-0.06598063558340073,0.284024,2.0189,0.297192,0.678528,,,6.87259,-0.0299917,-0.0491435,999,,,,,,,3.8000000000000003,3.8000000000000003,4,4,,,,,,,,,,,,,,,,,,,"Johan Rodriguez","sa3021807",810978
"Brayan Cabello","SFG",0.0371,0.0606,0,6.83892,1,0,0,0,,1,4.975,1.1507,0.8057,0.75988,0.156556,0.9123,,0.0554,0.539,4.851,8.2107,0.590814,1.409,0.108342,0.183377,-0.07503518462181091,0.287151,2.063,0.300188,0.681899,,,7.0268,-0.0301129,-0.0476246,999,,,,,,,3.8000000000000003,3.8000000000000003,4,4,,,,,,,,,,,,,,,,,,,"Brayan Cabello","sa3018304",703082
"Lucas Gilbreath","COL",2.1762,2.5211,0,4.62605,48,0,0,0.5694,,48,213.049,48.0022,26.5202,24.6723,6.24,23.7288,,2.6344,45.0265,8.44247,4.44915,1.89755,1.17,0.211343,0.111377,0.09996621310710907,0.257128,1.4944,0.308392,0.717689,,,4.62808,-0.0301725,-0.18581,999,,,,,,,169.60000000000002,3.5333333333333337,175,3.6458333333333335,,,,,,,,,,,,,,,,,,,"Lucas Gilbreath","21290",656458
"Dariel Francia","PIT",0.035,0.0705,0.0095,6.89445,0.7419,0.0549,0,0,,1,4.963,1.1303,0.8103,0.76605,0.167111,0.9135,,0.0512,0.5821,5.2389,8.2215,0.637219,1.504,0.117288,0.184062,-0.06677413731813431,0.282695,2.0438,0.296449,0.68155,,,7.06882,-0.0305712,-0.0476246,999,,,,,,,3.8000000000000003,3.8000000000000003,4,4,,,,,,,,,,,,,,,,,,,"Dariel Francia","sa3021526",808333
"Alexis Torres","PIT",0.033,0.0717,0.0076,7.09155,0.7708,0.0488,0,0,,1,5.005,1.1753,0.8329,0.78795,0.158444,0.9172,,0.053,0.5174,4.6566,8.2548,0.564108,1.426,0.103377,0.183257,-0.07988011837005615,0.291291,2.0925,0.30273,0.673339,,,7.10206,-0.030698,-0.0473951,999,,,,,,,3.8000000000000003,3.8000000000000003,4,4,,,,,,,,,,,,,,,,,,,"Alexis Torres","sa3019375",800225
"Luis De La Cruz","MIA",0.037,0.0608,0,6.88293,1,0,0,0,,1,5.008,1.1239,0.8102,0.76477,0.155667,0.9723,,0.0545,0.5904,5.3136,8.7507,0.60722,1.401,0.117891,0.194149,-0.07625798881053925,0.282302,2.0962,0.299287,0.684674,,,7.08975,-0.0307992,-0.0476246,999,,,,,,,3.8000000000000003,3.8000000000000003,4,4,,,,,,,,,,,,,,,,,,,"Luis De La Cruz","sa3020981",806927
"Joangel Gonzalez","ARI",0.0349,0.0693,0.0079,6.99597,0.7831,0.0461,0,0,,1,4.971,1.1619,0.822,0.77733,0.167889,0.8918,,0.0531,0.5379,4.8411,8.0262,0.603162,1.511,0.108208,0.179401,-0.07119292765855789,0.288592,2.0537,0.299373,0.677259,,,7.10794,-0.0309974,-0.0476246,999,,,,,,,3.8000000000000003,3.8000000000000003,4,4,,,,,,,,,,,,,,,,,,,"Joangel Gonzalez","sa3022242",814544
"Elian Serrata","MIA",0.0369,0.0608,0,6.89607,1,0,0,0,,1,5,1.1282,0.8113,0.76623,0.159,0.9526,,0.0583,0.5767,5.1903,8.5734,0.605396,1.431,0.11534,0.19052,-0.07518000900745392,0.282821,2.0808,0.297904,0.683188,,,7.11278,-0.0310502,-0.0476246,999,,,,,,,3.8000000000000003,3.8000000000000003,4,4,,,,,,,,,,,,,,,,,,,"Elian Serrata","sa3018871",801220
"Doimil Perez","WSN",0.0357,0.062,0,6.8913,1,0,0,0,,1,4.958,1.1253,0.8095,0.7657,0.168333,0.9179,,0.055,0.5426,4.8834,8.2611,0.591132,1.515,0.109439,0.185135,-0.07569584250450134,0.282377,2.0432,0.292278,0.682532,,,7.18831,-0.031069,-0.0468399,999,,,,,,,3.8000000000000003,3.8000000000000003,4,4,,,,,,,,,,,,,,,,,,,"Doimil Perez","sa3017104",698985
"Sandro Santana","ARI",0.0348,0.0733,0.0136,6.82731,0.6562,0.0732,0,0,,1,5.003,1.1448,0.804,0.75859,0.155444,0.9431,,0.0558,0.5337,4.8033,8.4879,0.5659,1.399,0.106676,0.188507,-0.08183090388774872,0.285907,2.0879,0.298452,0.686476,,,7.11656,-0.0310913,-0.0476246,999,,,,,,,3.8000000000000003,3.8000000000000003,4,4,,,,,,,,,,,,,,,,,,,"Sandro Santana","sa3021030",811139
"Adilson Peralta","PHI",0.0378,0.06,0,6.90723,1,0,0,0,,1,4.958,1.1326,0.8124,0.76747,0.170333,0.9224,,0.0515,0.5514,4.9626,8.3016,0.597788,1.533,0.111214,0.186043,-0.07482855767011642,0.28428,2.055,0.29496,0.68405,,,7.19971,-0.0312716,-0.0469165,999,,,,,,,3.8000000000000003,3.8000000000000003,4,4,,,,,,,,,,,,,,,,,,,"Adilson Peralta","sa3018816",800012
"Jermayne Verdu","NYM",0.0327,0.0777,0.0142,7.06698,0.5795,0.0895,0,0,,1,4.953,1.1678,0.8289,0.78522,0.177778,0.8604,,0.0514,0.5355,4.8195,7.7436,0.622385,1.6,0.108116,0.173713,-0.06559661775827408,0.288974,2.0282,0.29749,0.674025,,,7.14199,-0.0313585,-0.0476151,999,,,,,,,3.8000000000000003,3.8000000000000003,4,4,,,,,,,,,,,,,,,,,,,"Jermayne Verdu","sa3024269",823221
"Frainer Mejias","SFG",0.0352,0.0677,0.0061,7.01775,0.8285,0.0365,0,0,,1,4.992,1.1434,0.824,0.77975,0.168111,0.9257,,0.0549,0.5702,5.1318,8.3313,0.615966,1.513,0.114223,0.185437,-0.07121393829584122,0.285038,2.0691,0.297972,0.678993,,,7.15332,-0.0314917,-0.0476246,999,,,,,,,3.8000000000000003,3.8000000000000003,4,4,,,,,,,,,,,,,,,,,,,"Frainer Mejias","sa3021535",808409
"Deyer Zapata","ARI",0.0372,0.0605,0,6.80796,1,0,0,0,,1,5.023,1.1172,0.8007,0.75644,0.155556,0.9889,,0.0514,0.5779,5.2011,8.9001,0.584387,1.4,0.115051,0.196874,-0.08182362467050552,0.280513,2.1061,0.295959,0.691302,,,7.1538,-0.0314969,-0.0476246,999,,,,,,,3.8000000000000003,3.8000000000000003,4,4,,,,,,,,,,,,,,,,,,,"Deyer Zapata","sa3016063",700345
"Miguel Martinez","STL",0.0369,0.0608,0,6.91173,1,0,0,0,,1,5.003,1.1334,0.8126,0.76797,0.160111,0.9523,,0.0548,0.5509,4.9581,8.5707,0.578494,1.441,0.110114,0.190346,-0.08023187518119812,0.283641,2.0857,0.296293,0.683894,,,7.16742,-0.031508,-0.0474907,999,,,,,,,3.8000000000000003,3.8000000000000003,4,4,,,,,,,,,,,,,,,,,,,"Miguel Martinez","sa3015445",692392
"Lake Bachar","MIA",2.6622,3.1727,0,4.43671,59.6296,0,1.077,11.3835,,59.6296,257.914,57.7511,31.403,29.3955,8.77218,23.0394,,2.5257,53.8126,8.12203,3.47738,2.33568,1.324,0.208646,0.0893298,0.1193157285451889,0.248553,1.35487,0.288512,0.720886,,,4.56022,-0.031517,0.117875,999,,,,,,,261.5,4.358333333333333,262,4.366666666666666,,,,,,,,,,,,,,,,,,,"Lake Bachar","19222",669199
"Junior Sanchez","ARI",0.0366,0.0611,0,6.98823,1,0,0,0,,1,5.008,1.147,0.8218,0.77647,0.160667,0.9493,,0.053,0.5515,4.9635,8.5437,0.580954,1.446,0.110124,0.189557,-0.079432912170887,0.286342,2.0963,0.299476,0.681053,,,7.15905,-0.0315539,-0.0476246,999,,,,,,,3.8000000000000003,3.8000000000000003,4,4,,,,,,,,,,,,,,,,,,,"Junior Sanchez","sa3022009",808087
"Keywill Cedeno","COL",0.0367,0.061,0,6.98553,1,0,0,0,,1,4.958,1.1521,0.8193,0.77617,0.175556,0.8781,,0.0513,0.5384,4.8456,7.9029,0.613142,1.58,0.108592,0.177108,-0.06851552426815033,0.28598,2.0302,0.294615,0.678595,,,7.1601,-0.0315654,-0.0476246,999,,,,,,,3.8000000000000003,3.8000000000000003,4,4,,,,,,,,,,,,,,,,,,,"Keywill Cedeno","sa3021763",807982
"Eliezer Pena","COL",0.0316,0.081,0.016,7.09488,0.5053,0.1053,0,0,,1,4.938,1.1969,0.8328,0.78832,0.179778,0.8171,,0.0526,0.4744,4.2696,7.3539,0.58059,1.618,0.0960713,0.165472,-0.06940055638551712,0.294201,2.014,0.297916,0.670256,,,7.16389,-0.0316067,-0.0476246,999,,,,,,,1.8000000000000003,1.8000000000000003,2,2,,,,,,,,,,,,,,,,,,,"Eliezer Pena","sa3022119",807979
"Franderly Morel","LAD",0.0373,0.0605,0,6.79347,1,0,0,0,,1,5.035,1.1156,0.7998,0.75483,0.151222,1.0097,,0.0506,0.5739,5.1651,9.0873,0.568387,1.361,0.113982,0.200536,-0.08655411005020142,0.280675,2.1253,0.29677,0.692677,,,7.16547,-0.0316238,-0.0476246,999,,,,,,,3.8000000000000003,3.8000000000000003,4,4,,,,,,,,,,,,,,,,,,,"Franderly Morel","sa3020980",806918
"Christian Avendano","SFG",0.0359,0.0618,0,6.85341,1,0,0,0,,1,5.03,1.1186,0.8068,0.76149,0.150667,0.9787,,0.0492,0.5944,5.3496,8.8083,0.607336,1.356,0.118171,0.194573,-0.07640158385038376,0.279503,2.0973,0.297183,0.684119,,,7.02005,-0.0316279,-0.0491721,999,,,,,,,3.8000000000000003,3.8000000000000003,4,4,,,,,,,,,,,,,,,,,,,"Christian Avendano","sa3015777",699032
"Jose E. Hernandez","LAD",0.3991,0.3792,0,4.35379,7.9506,0,0,0.7118,,7.9506,34.658,7.5164,4.1247,3.84614,1.16255,3.586,,0.3191,7.6844,8.69866,4.05932,2.14289,1.316,0.221721,0.103468,0.11825264245271683,0.244413,1.39642,0.290051,0.736446,,,4.60784,-0.0316774,0.0192269,999,,,,,,,34.10000000000001,4.262500000000001,35,4.375,,,,,,,,,,,,,,,,,,,"Jose E. Hernandez","22318",669796
"Reilin Ramirez","WSN",0.0354,0.0623,0,6.95142,1,0,0,0,,1,5,1.1434,0.8187,0.77238,0.157333,0.9645,,0.0521,0.4995,4.4955,8.6805,0.517885,1.416,0.0999,0.1929,-0.09300000220537186,0.287041,2.1079,0.296422,0.682972,,,7.26261,-0.0318681,-0.0468304,999,,,,,,,1.8000000000000003,1.8000000000000003,2,2,,,,,,,,,,,,,,,,,,,"Reilin Ramirez","sa3022115",807826
"Pitterson Rosa","PIT",0.0351,0.0626,0,7.16841,1,0,0,0,,1,5.074,1.1406,0.8414,0.79649,0.153333,1.0251,,0.0526,0.5706,5.1354,9.2259,0.556629,1.38,0.112456,0.20203,-0.08957430720329285,0.285414,2.1657,0.301698,0.678769,,,7.25171,-0.032327,-0.0473951,999,,,,,,,3.8000000000000003,3.8000000000000003,4,4,,,,,,,,,,,,,,,,,,,"Pitterson Rosa","sa3018839",800278
"Jesus Clode","PIT",0.0364,0.0613,0,7.08273,1,0,0,0,,1,4.995,1.1572,0.831,0.78697,0.171556,0.9155,,0.0537,0.5363,4.8267,8.2395,0.5858,1.544,0.107367,0.183283,-0.07591591030359268,0.287446,2.0727,0.297065,0.677591,,,7.2317,-0.0323443,-0.0476246,999,,,,,,,3.8000000000000003,3.8000000000000003,4,4,,,,,,,,,,,,,,,,,,,"Jesus Clode","sa3015491",699018
"Brandison Polanco","PIT",0.0363,0.0614,0,7.11954,1,0,0,0,,1,4.988,1.1592,0.8343,0.79106,0.176889,0.9026,,0.0512,0.5349,4.8141,8.1234,0.592621,1.592,0.107237,0.180954,-0.0737169161438942,0.287343,2.0618,0.295662,0.676623,,,7.25764,-0.0326261,-0.0476246,999,,,,,,,3.8000000000000003,3.8000000000000003,4,4,,,,,,,,,,,,,,,,,,,"Brandison Polanco","sa3019279",801251
"Marco Patino","ATL",0.035,0.074,0.0106,7.28415,0.6248,0.0798,0,0,,1,4.997,1.217,0.8547,0.80935,0.174889,0.8679,,0.0521,0.4712,4.2408,7.8111,0.54292,1.574,0.0942966,0.173684,-0.07938763499259949,0.298504,2.0849,0.303742,0.668567,,,7.25764,-0.0327337,-0.0477298,999,,,,,,,1.8000000000000003,1.8000000000000003,2,2,,,,,,,,,,,,,,,,,,,"Marco Patino","sa3019537",805173
"Luis Ramirez","MIA",0.0337,0.0639,0,7.16382,1,0,0,0,,1,5.045,1.167,0.8418,0.79598,0.159667,0.9638,,0.059,0.5259,4.7331,8.6742,0.545653,1.437,0.104242,0.191041,-0.08679880946874619,0.29014,2.1308,0.301901,0.675836,,,7.25875,-0.032736,-0.0477203,999,,,,,,,3.8000000000000003,3.8000000000000003,4,4,,,,,,,,,,,,,,,,,,,"Luis Ramirez","sa3018353",802092
"Samuel Fabian","STL",0.0365,0.0613,0,7.05141,1,0,0,0,,1,5.035,1.1453,0.8285,0.78349,0.160667,0.9759,,0.0563,0.5306,4.7754,8.7831,0.543703,1.446,0.105382,0.193823,-0.0884409174323082,0.286125,2.1212,0.297335,0.681708,,,7.29055,-0.0328468,-0.0474907,999,,,,,,,3.8000000000000003,3.8000000000000003,4,4,,,,,,,,,,,,,,,,,,,"Samuel Fabian","sa3016711",699022
"Juan Severino","STL",0.0332,0.0741,0.0102,7.11711,0.6825,0.0675,0,0,,1,4.996,1.1717,0.8354,0.79079,0.171556,0.9054,,0.0542,0.4881,4.3929,8.1486,0.539099,1.544,0.0976982,0.181225,-0.08352682739496231,0.290283,2.0771,0.296186,0.675968,,,7.2993,-0.0329419,-0.0474907,999,,,,,,,1.8000000000000003,1.8000000000000003,2,2,,,,,,,,,,,,,,,,,,,"Juan Severino","sa3016290",702100
"Onias Jimenez","ARI",0.0364,0.0613,0,7.06338,1,0,0,0,,1,5.056,1.131,0.8307,0.78482,0.157111,1.0179,,0.0538,0.5671,5.1039,9.1611,0.557127,1.414,0.112164,0.201325,-0.08916138857603073,0.283864,2.1489,0.298731,0.683379,,,7.28982,-0.0329758,-0.0476246,999,,,,,,,3.8000000000000003,3.8000000000000003,4,4,,,,,,,,,,,,,,,,,,,"Onias Jimenez","sa3019505",805432
"Domingo Geronimo","LAD",0.0362,0.0615,0,7.14798,1,0,0,0,,1,5.015,1.1597,0.8385,0.79422,0.171222,0.9376,,0.051,0.5296,4.7664,8.4384,0.564846,1.541,0.105603,0.186959,-0.08135593682527542,0.288024,2.0973,0.297235,0.677653,,,7.29897,-0.0330751,-0.0476246,999,,,,,,,3.8000000000000003,3.8000000000000003,4,4,,,,,,,,,,,,,,,,,,,"Domingo Geronimo","sa3018851",800383
"Wilmis Paulino","COL",0.0361,0.0617,0,7.19298,1,0,0,0,,1,4.998,1.1823,0.8432,0.79922,0.176111,0.8909,,0.0552,0.4965,4.4685,8.0181,0.557302,1.585,0.0993397,0.178251,-0.07891156524419785,0.291789,2.0732,0.297752,0.673366,,,7.30122,-0.0330996,-0.0476246,999,,,,,,,1.8000000000000003,1.8000000000000003,2,2,,,,,,,,,,,,,,,,,,,"Wilmis Paulino","sa3021815",811637
"Jairon Digon","ARI",0.0337,0.0716,0.0078,7.17291,0.7493,0.0533,0,0,,1,5.022,1.1327,0.8405,0.79699,0.174444,0.9673,,0.0507,0.5927,5.3343,8.7057,0.612736,1.57,0.118021,0.192613,-0.07459180057048798,0.282892,2.1,0.296045,0.678691,,,7.30286,-0.0331173,-0.0476246,999,,,,,,,3.8000000000000003,3.8000000000000003,4,4,,,,,,,,,,,,,,,,,,,"Jairon Digon","sa3022148",811138
"Franklyn Moreta","MIA",0.0362,0.0615,0,7.1478,1,0,0,0,,1,5.023,1.1594,0.8388,0.7942,0.169111,0.9451,,0.0538,0.5288,4.7592,8.5059,0.559518,1.522,0.105276,0.188155,-0.08287876844406128,0.288114,2.1045,0.297725,0.677662,,,7.30402,-0.03313,-0.0476246,999,,,,,,,3.8000000000000003,3.8000000000000003,4,4,,,,,,,,,,,,,,,,,,,"Franklyn Moreta","sa3018888",802089
"Jesus Lopez","SFG",0.0361,0.0616,0,7.16319,1,0,0,0,,1,5.025,1.1824,0.8418,0.79591,0.165222,0.934,,0.0536,0.4795,4.3155,8.406,0.513383,1.487,0.0954229,0.185871,-0.09044776111841202,0.292862,2.1164,0.299816,0.676148,,,7.31817,-0.0332836,-0.0476246,999,,,,,,,1.8000000000000003,1.8000000000000003,2,2,,,,,,,,,,,,,,,,,,,"Jesus Lopez","sa3021529",808362
"Angel Tello","LAD",0.0361,0.0616,0,7.15707,1,0,0,0,,1,5.02,1.1722,0.8404,0.79523,0.168333,0.9361,,0.0508,0.4985,4.4865,8.4249,0.532529,1.515,0.0993028,0.186474,-0.08717131614685059,0.290645,2.1083,0.298214,0.677068,,,7.31851,-0.0332873,-0.0476246,999,,,,,,,1.8000000000000003,1.8000000000000003,2,2,,,,,,,,,,,,,,,,,,,"Angel Tello","sa3019121",702894
"Peter Bonilla","LAD",0.0368,0.0609,0,6.94908,1,0,0,0,,1,5.053,1.1094,0.8157,0.77212,0.161667,1.0209,,0.0518,0.5794,5.2146,9.1881,0.567538,1.455,0.114665,0.202038,-0.08737383782863617,0.278723,2.1303,0.29258,0.690453,,,7.32745,-0.0333843,-0.0476246,999,,,,,,,3.8000000000000003,3.8000000000000003,4,4,,,,,,,,,,,,,,,,,,,"Peter Bonilla","sa3018850",800361
"Adrian Ogando","WSN",0.035,0.0627,0,7.11126,1,0,0,0,,1,5.015,1.1546,0.8356,0.79014,0.165889,0.9574,,0.0561,0.4795,4.3155,8.6166,0.500836,1.493,0.0956132,0.190907,-0.09529412537813187,0.288542,2.112,0.2946,0.679024,,,7.40454,-0.0334102,-0.0468304,999,,,,,,,1.8000000000000003,1.8000000000000003,2,2,,,,,,,,,,,,,,,,,,,"Adrian Ogando","sa3017617",702890
"Chasen Shreve","ATL",0.6485,0.6241,0,4.3572,13,0,0,0.6192,,13,56.571,12.9726,6.7576,6.29373,1.79689,5.0891,,0.4863,11.7093,8.10644,3.52322,2.30086,1.244,0.206984,0.0899595,0.11702463030815125,0.254387,1.38936,0.298103,0.727136,,,4.44857,-0.0335589,-0.0258527,999,,,,,,,50.8,3.9076923076923076,52,4,,,,,,,,,,,,,,,,,,,"Chasen Shreve","10855",592741
"Kinn Omosako","LAD",0.0361,0.0616,0,7.18326,1,0,0,0,,1,5.035,1.1535,0.8427,0.79814,0.169556,0.9652,,0.0527,0.5346,4.8114,8.6868,0.553875,1.526,0.106177,0.191698,-0.08552134782075882,0.287147,2.1187,0.297,0.678246,,,7.3552,-0.0336855,-0.0476246,999,,,,,,,3.8000000000000003,3.8000000000000003,4,4,,,,,,,,,,,,,,,,,,,"Kinn Omosako","sa3016948",700348
"Kevin Tejada","COL",0.036,0.0617,0,7.21098,1,0,0,0,,1,5.018,1.1621,0.845,0.80122,0.175778,0.9316,,0.0539,0.5229,4.7061,8.3844,0.561292,1.582,0.104205,0.185652,-0.08144678920507431,0.288183,2.0937,0.295853,0.675846,,,7.36229,-0.0337624,-0.0476246,999,,,,,,,3.8000000000000003,3.8000000000000003,4,4,,,,,,,,,,,,,,,,,,,"Kevin Tejada","sa3022046",813979
"Alvaro Benua","LAD",0.0362,0.0615,0,7.12233,1,0,0,0,,1,5.107,1.0876,0.8364,0.79137,0.156,1.102,,0.0615,0.6561,5.9049,9.918,0.595372,1.404,0.128471,0.215782,-0.08731155097484589,0.275796,2.1896,0.297503,0.686485,,,7.37278,-0.0338761,-0.0476246,999,,,,,,,3.8000000000000003,3.8000000000000003,4,4,,,,,,,,,,,,,,,,,,,"Alvaro Benua","sa3018032",703620
"Angel Cruz","LAD",0.0361,0.0616,0,7.16787,1,0,0,0,,1,5.079,1.1074,0.8406,0.79643,0.164111,1.0522,,0.0557,0.6247,5.6223,9.4698,0.593708,1.477,0.122997,0.207167,-0.08417010307312012,0.278865,2.1596,0.296418,0.683475,,,7.37422,-0.0338918,-0.0476246,999,,,,,,,3.8000000000000003,3.8000000000000003,4,4,,,,,,,,,,,,,,,,,,,"Angel Cruz","sa3020988",807654
"Johan Minaya","SDP",0.03,0.0827,0.0131,7.33419,0.5086,0.1046,0,0,,1,4.989,1.1926,0.8585,0.81491,0.187222,0.8636,,0.0574,0.4894,4.4046,7.7724,0.566698,1.685,0.0980958,0.173101,-0.07500501722097397,0.293166,2.0562,0.296451,0.667581,,,7.38457,-0.034004,-0.0476246,999,,,,,,,1.8000000000000003,1.8000000000000003,2,2,,,,,,,,,,,,,,,,,,,"Johan Minaya","sa3022041",811597
"Yoryi Simarra","LAD",0.036,0.0617,0,7.20441,1,0,0,0,,1,5.056,1.1412,0.8451,0.80049,0.167889,1.0002,,0.0513,0.5549,4.9941,9.0018,0.554789,1.511,0.109751,0.197824,-0.08807357400655746,0.284979,2.1414,0.296586,0.679989,,,7.39374,-0.0341034,-0.0476246,999,,,,,,,3.8000000000000003,3.8000000000000003,4,4,,,,,,,,,,,,,,,,,,,"Yoryi Simarra","sa3019155",800366
"Alexander Johnson","CIN",0.0363,0.0614,0,7.26597,1,0,0,0,,1,4.995,1.1425,0.8498,0.80733,0.200667,0.9161,,0.0521,0.6574,5.9166,8.2449,0.717607,1.806,0.131612,0.183403,-0.051791802048683167,0.283724,2.0586,0.297227,0.679992,,,7.36495,-0.0342303,-0.0480549,999,,,,,,,3.8000000000000003,3.8000000000000003,4,4,,,,,,,,,,,,,,,,,,,"Alexander Johnson","sa3015278",689564
"Jan Caraballo","SFG",0.0359,0.0618,0,7.23195,1,0,0,0,,1,5.045,1.1642,0.8486,0.80355,0.169333,0.9701,,0.0497,0.5096,4.5864,8.7309,0.525307,1.524,0.101011,0.192289,-0.09127850085496902,0.289228,2.1343,0.297306,0.677671,,,7.40801,-0.0342581,-0.0476246,999,,,,,,,3.8000000000000003,3.8000000000000003,4,4,,,,,,,,,,,,,,,,,,,"Jan Caraballo","sa3015485",698959
"Odarlin Cruz","COL",0.0358,0.0619,0,7.27326,1,0,0,0,,1,5.043,1.1621,0.8523,0.80814,0.173556,0.9604,,0.0542,0.5279,4.7511,8.6436,0.549667,1.562,0.10468,0.190442,-0.08576244115829468,0.288477,2.1225,0.297133,0.67581,,,7.4107,-0.0342873,-0.0476246,999,,,,,,,3.8000000000000003,3.8000000000000003,4,4,,,,,,,,,,,,,,,,,,,"Odarlin Cruz","sa3021814",811636
"Khristian Guevara","CIN",0.032,0.0781,0.0116,7.24104,0.5877,0.0877,0,0,,1,4.971,1.222,0.8493,0.80456,0.196111,0.8253,,0.0505,0.4806,4.3254,7.4277,0.582334,1.765,0.0966807,0.166023,-0.06934218108654022,0.298398,2.0473,0.3001,0.675788,,,7.38212,-0.0344067,-0.0480453,999,,,,,,,1.8000000000000003,1.8000000000000003,2,2,,,,,,,,,,,,,,,,,,,"Khristian Guevara","sa3019122",703145
"Jose Regalado","PIT",0.0351,0.0626,0,7.18749,1,0,0,0,,1,5.149,1.1269,0.8437,0.79861,0.145778,1.117,,0.0537,0.5626,5.0634,10.053,0.503671,1.312,0.109264,0.216935,-0.10767138749361038,0.283262,2.2439,0.300044,0.686436,,,7.44849,-0.0344627,-0.0473951,999,,,,,,,3.8000000000000003,3.8000000000000003,4,4,,,,,,,,,,,,,,,,,,,"Jose Regalado","sa3022049",814219
"Jordan Valenzuela","SDP",0.0324,0.0742,0.0084,7.29837,0.7056,0.0626,0,0,,1,5.075,1.1675,0.8573,0.81093,0.163667,0.9978,,0.0594,0.51,4.59,8.9802,0.511124,1.473,0.100493,0.196611,-0.09611822664737701,0.290582,2.1653,0.300177,0.675562,,,7.44575,-0.034667,-0.0476246,999,,,,,,,3.8000000000000003,3.8000000000000003,4,4,,,,,,,,,,,,,,,,,,,"Jordan Valenzuela","sa3021820",814227
"Wilme Mora","CHC",0.032,0.0754,0.0087,7.3323,0.6825,0.0675,0,0,,1,5.06,1.1735,0.8607,0.8147,0.168556,0.9788,,0.0575,0.5016,4.5144,8.8092,0.512464,1.517,0.0991304,0.193439,-0.0943082943558693,0.291647,2.1523,0.299666,0.673999,,,7.4634,-0.0346925,-0.047462,999,,,,,,,3.8000000000000003,3.8000000000000003,4,4,,,,,,,,,,,,,,,,,,,"Wilme Mora","sa3019835",805738
"Abel Fuerte","ARI",0.0358,0.0619,0,7.26201,1,0,0,0,,1,5.099,1.1629,0.8539,0.80689,0.156444,1.0363,,0.0562,0.5082,4.5738,9.3267,0.490399,1.408,0.0996666,0.203236,-0.10356932133436203,0.290253,2.1992,0.301167,0.679383,,,7.46136,-0.0348361,-0.0476246,999,,,,,,,3.8000000000000003,3.8000000000000003,4,4,,,,,,,,,,,,,,,,,,,"Abel Fuerte","sa3021475",800274
"Melvyn Amador","CHC",0.0318,0.0785,0.0125,7.21638,0.5877,0.0877,0,0,,1,5.066,1.1702,0.8469,0.80182,0.166444,0.9855,,0.0498,0.4798,4.3182,8.8695,0.486859,1.498,0.0947098,0.194532,-0.09982234239578247,0.290322,2.1557,0.296578,0.680717,,,7.47656,-0.0350007,-0.0476246,999,,,,,,,1.8000000000000003,1.8000000000000003,2,2,,,,,,,,,,,,,,,,,,,"Melvyn Amador","sa3019187",805059
"Michael Vilchez","LAD",0.0356,0.0621,0,7.35291,1,0,0,0,,1,5.063,1.1501,0.8604,0.81699,0.177333,0.986,,0.0561,0.5522,4.9698,8.874,0.560041,1.596,0.109066,0.194746,-0.08568042516708374,0.28603,2.1361,0.295551,0.675748,,,7.49371,-0.0351864,-0.0476246,999,,,,,,,3.8000000000000003,3.8000000000000003,4,4,,,,,,,,,,,,,,,,,,,"Michael Vilchez","sa3016605",699074
"Antoni Cuello","STL",0.0357,0.062,0,7.30404,1,0,0,0,,1,5.071,1.177,0.8569,0.81156,0.166889,0.987,,0.0519,0.468,4.212,8.883,0.474164,1.502,0.0922895,0.194636,-0.10234668105840683,0.291907,2.164,0.297335,0.677129,,,7.51674,-0.0352992,-0.0474907,999,,,,,,,1.8000000000000003,1.8000000000000003,2,2,,,,,,,,,,,,,,,,,,,"Antoni Cuello","sa3015947",692391
"Kevin Camacho","CHC",0.0355,0.0622,0,7.3602,1,0,0,0,,1,5.074,1.1638,0.8624,0.8178,0.172444,0.9924,,0.0541,0.5216,4.6944,8.9316,0.525595,1.552,0.102799,0.195585,-0.0927867516875267,0.288963,2.1562,0.297396,0.675692,,,7.50456,-0.0353037,-0.0476246,999,,,,,,,3.8000000000000003,3.8000000000000003,4,4,,,,,,,,,,,,,,,,,,,"Kevin Camacho","sa3021577",814268
"Jose Meneses","MIL",0.0319,0.0772,0.0121,7.12224,0.6248,0.0798,0,0,,1,5.086,1.1567,0.8375,0.79136,0.162778,1.0148,,0.0569,0.4996,4.4964,9.1332,0.492314,1.465,0.0982304,0.199528,-0.10129767656326294,0.288145,2.1715,0.296523,0.686351,,,7.49849,-0.0354523,-0.047835,999,,,,,,,1.8000000000000003,1.8000000000000003,2,2,,,,,,,,,,,,,,,,,,,"Jose Meneses","sa3019158",800427
"Jimmy Reyes","SDP",0.03,0.0825,0.0132,7.37163,0.5086,0.1046,0,0,,1,4.989,1.1946,0.8635,0.81907,0.191444,0.8794,,0.0582,0.4295,3.8655,7.9146,0.488401,1.723,0.0860894,0.176268,-0.09017840027809143,0.294861,2.074,0.292426,0.670274,,,7.60906,-0.0354898,-0.0466963,999,,,,,,,1.8000000000000003,1.8000000000000003,2,2,,,,,,,,,,,,,,,,,,,"Jimmy Reyes","sa3022277",811601
"Engel Silvestre","COL",0.0354,0.0623,0,7.39854,1,0,0,0,,1,5.092,1.16,0.8668,0.82206,0.170667,1.0179,,0.0528,0.5351,4.8159,9.1611,0.52569,1.536,0.105086,0.199902,-0.09481539577245712,0.288464,2.1779,0.298393,0.676185,,,7.52705,-0.0355471,-0.0476246,999,,,,,,,3.8000000000000003,3.8000000000000003,4,4,,,,,,,,,,,,,,,,,,,"Engel Silvestre","sa3022397",815437
"Alexis De La Cruz","PHI",0.0337,0.0719,0.0069,7.37667,0.7419,0.0549,0,0,,1,5.03,1.1564,0.864,0.81963,0.186222,0.9633,,0.0552,0.5179,4.6611,8.6697,0.537631,1.676,0.102962,0.191511,-0.08854871243238449,0.288271,2.1197,0.293337,0.675475,,,7.60707,-0.0356825,-0.046907,999,,,,,,,3.8000000000000003,3.8000000000000003,4,4,,,,,,,,,,,,,,,,,,,"Alexis De La Cruz","sa3022007",808057
"Jhonny Jimenez","LAD",0.0355,0.0622,0,7.38477,1,0,0,0,,1,5.074,1.1628,0.8649,0.82053,0.174889,0.9941,,0.0519,0.5168,4.6512,8.9469,0.519867,1.574,0.101853,0.19592,-0.09406779706478119,0.288679,2.1569,0.296109,0.675713,,,7.54444,-0.0357351,-0.0476246,999,,,,,,,3.8000000000000003,3.8000000000000003,4,4,,,,,,,,,,,,,,,,,,,"Jhonny Jimenez","sa3016506",699075
"Elvin Jimenez","MIA",0.0356,0.0622,0,7.35183,1,0,0,0,,1,5.123,1.1331,0.8623,0.81687,0.162889,1.079,,0.0566,0.5698,5.1282,9.711,0.528082,1.466,0.111224,0.210619,-0.09939487278461456,0.28417,2.2121,0.298094,0.680324,,,7.55124,-0.0358087,-0.0476246,999,,,,,,,3.8000000000000003,3.8000000000000003,4,4,,,,,,,,,,,,,,,,,,,"Elvin Jimenez","sa3019756",805983
"Joneiker Arellano","CIN",0.0295,0.0822,0.0096,7.55388,0.5415,0.0975,0,0,,1,4.953,1.2411,0.8828,0.83932,0.220333,0.7804,,0.0495,0.5013,4.5117,7.0236,0.642363,1.983,0.101211,0.157561,-0.056349679827690125,0.301011,2.0215,0.300096,0.664727,,,7.51791,-0.0358765,-0.0480453,999,,,,,,,3.8000000000000003,3.8000000000000003,4,4,,,,,,,,,,,,,,,,,,,"Joneiker Arellano","sa3018831",800189
"Jarlen De La Paz","PIT",0.031,0.0782,0.0098,7.40205,0.6248,0.0798,0,0,,1,5.116,1.1614,0.8675,0.82245,0.163889,1.0295,,0.0662,0.5116,4.6044,9.2655,0.49694,1.475,0.1,0.201231,-0.1012314185500145,0.288884,2.1909,0.298226,0.674703,,,7.56094,-0.0359135,-0.0476246,999,,,,,,,3.8000000000000003,3.8000000000000003,4,4,,,,,,,,,,,,,,,,,,,"Jarlen De La Paz","sa3018333",800437
"Carlos Gomez","SFG",0.0354,0.0623,0,7.41213,1,0,0,0,,1,5.099,1.1539,0.8683,0.82357,0.170889,1.0337,,0.0511,0.5396,4.8564,9.3033,0.522008,1.538,0.105825,0.202726,-0.09690134972333908,0.287455,2.1876,0.297548,0.677135,,,7.56324,-0.0359384,-0.0476246,999,,,,,,,3.8000000000000003,3.8000000000000003,4,4,,,,,,,,,,,,,,,,,,,"Carlos Gomez","sa3019733",800381
"Jecsua Liborius","LAD",0.0354,0.0623,0,7.40232,1,0,0,0,,1,5.099,1.166,0.868,0.82248,0.168222,1.0271,,0.0509,0.5062,4.5558,9.2439,0.492844,1.514,0.0992744,0.201432,-0.10215727239847183,0.289978,2.1931,0.298149,0.676904,,,7.57497,-0.0360652,-0.0476246,999,,,,,,,3.8000000000000003,3.8000000000000003,4,4,,,,,,,,,,,,,,,,,,,"Jecsua Liborius","sa3021742",807403
"Ruver Flores","COL",0.0354,0.0623,0,7.4133,1,0,0,0,,1,5.094,1.157,0.8684,0.8237,0.172,1.0232,,0.0534,0.5267,4.7403,9.2088,0.514758,1.548,0.103396,0.200864,-0.09746761620044708,0.287997,2.1802,0.296803,0.676395,,,7.57888,-0.0361075,-0.0476246,999,,,,,,,3.8000000000000003,3.8000000000000003,4,4,,,,,,,,,,,,,,,,,,,"Ruver Flores","sa3021571",814032
"Frederic Frias","ARI",0.0354,0.0623,0,7.38639,1,0,0,0,,1,5.139,1.1663,0.8682,0.82071,0.155444,1.0758,,0.0584,0.498,4.482,9.6822,0.462911,1.399,0.096906,0.20934,-0.11243432015180588,0.291226,2.2421,0.301626,0.678644,,,7.59386,-0.0362694,-0.0476246,999,,,,,,,1.8000000000000003,1.8000000000000003,2,2,,,,,,,,,,,,,,,,,,,"Frederic Frias","sa3021480",806698
"Yorvi Pirela","ATL",0.0372,0.0606,0,7.58205,1,0,0,0,,1,5.084,1.2016,0.8865,0.84245,0.181889,0.9634,,0.0518,0.4879,4.3911,8.6706,0.506436,1.637,0.0959677,0.189496,-0.09352871775627136,0.29532,2.165,0.300002,0.669247,,,7.60084,-0.0364517,-0.0477298,999,,,,,,,1.8000000000000003,1.8000000000000003,2,2,,,,,,,,,,,,,,,,,,,"Yorvi Pirela","sa3019163",800459
"Cristian Galindo","CIN",0.036,0.0617,0,7.34634,1,0,0,0,,1,5.097,1.157,0.8609,0.81626,0.183556,1.0125,,0.0593,0.5927,5.3343,9.1125,0.585383,1.652,0.116284,0.198646,-0.08236217498779297,0.287439,2.1695,0.299619,0.684227,,,7.5827,-0.0365961,-0.0480644,999,,,,,,,3.8000000000000003,3.8000000000000003,4,4,,,,,,,,,,,,,,,,,,,"Cristian Galindo","sa3017986",699109
"Bernard Mack","STL",0.0358,0.0619,0,7.28226,1,0,0,0,,1,5.141,1.1299,0.8536,0.80914,0.161556,1.0987,,0.0524,0.5479,4.9311,9.8883,0.49868,1.454,0.106575,0.213713,-0.10713870078325272,0.28319,2.2286,0.295187,0.686668,,,7.6242,-0.0365972,-0.0476246,999,,,,,,,3.8000000000000003,3.8000000000000003,4,4,,,,,,,,,,,,,,,,,,,"Bernard Mack","sa3021771",808088
"Lenin Mendez","MIL",0.0352,0.0625,0,7.49133,1,0,0,0,,1,5.105,1.1798,0.8777,0.83237,0.171889,1.0134,,0.0543,0.4888,4.3992,9.1206,0.482337,1.547,0.0957493,0.198511,-0.10276199132204056,0.292225,2.1932,0.298498,0.673732,,,7.62654,-0.0366224,-0.0476246,999,,,,,,,1.8000000000000003,1.8000000000000003,2,2,,,,,,,,,,,,,,,,,,,"Lenin Mendez","sa3021777",808213
"Andy Luis","WSN",0.0341,0.0636,0,7.4151,1,0,0,0,,1,5.097,1.1589,0.8697,0.8239,0.168,1.0439,,0.0534,0.469,4.221,9.3951,0.449277,1.512,0.0920149,0.204807,-0.11279183626174927,0.289747,2.2028,0.294674,0.677526,,,7.70438,-0.0366466,-0.0468208,999,,,,,,,1.8000000000000003,1.8000000000000003,2,2,,,,,,,,,,,,,,,,,,,"Andy Luis","sa3015633",692451
"Misael Lopez","NYM",0.0358,0.062,0,7.27938,1,0,0,0,,1,5.165,1.1307,0.8544,0.80882,0.154889,1.1253,,0.058,0.5425,4.8825,10.1277,0.482094,1.394,0.105034,0.21787,-0.11283640563488007,0.283974,2.256,0.297113,0.687343,,,7.64494,-0.0368211,-0.0476246,999,,,,,,,3.8000000000000003,3.8000000000000003,4,4,,,,,,,,,,,,,,,,,,,"Misael Lopez","sa3021518",808211
"Jeiki Beltran","ATL",0.0318,0.0738,0.0062,7.56783,0.7419,0.0549,0,0,,1,5.085,1.1779,0.8847,0.84087,0.183444,0.9829,,0.0555,0.5079,4.5711,8.8461,0.516736,1.651,0.099882,0.193294,-0.09341199696063995,0.291084,2.1608,0.296387,0.670228,,,7.65066,-0.0368828,-0.0476246,999,,,,,,,3.8000000000000003,3.8000000000000003,4,4,,,,,,,,,,,,,,,,,,,"Jeiki Beltran","sa3022344",815194
"Joldelanio De Los Santos","LAD",0.0352,0.0625,0,7.46235,1,0,0,0,,1,5.141,1.1409,0.8745,0.82915,0.166222,1.084,,0.0615,0.5537,4.9833,9.756,0.510793,1.496,0.107703,0.210854,-0.10315114259719849,0.285546,2.2249,0.297559,0.677847,,,7.65647,-0.0369456,-0.0476246,999,,,,,,,3.8000000000000003,3.8000000000000003,4,4,,,,,,,,,,,,,,,,,,,"Joldelanio De Los Santos","sa3018804",702891
"Darwin Rodriguez","MIA",0.0326,0.065,0,7.56837,1,0,0,0,,1,5.12,1.17,0.8855,0.84093,0.173556,1.0325,,0.0544,0.5175,4.6575,9.2925,0.501211,1.562,0.101074,0.20166,-0.1005859524011612,0.290099,2.2025,0.298154,0.672103,,,7.6484,-0.0369556,-0.0477203,999,,,,,,,3.8000000000000003,3.8000000000000003,4,4,,,,,,,,,,,,,,,,,,,"Darwin Rodriguez","sa3018877",801270
"Edwin Cervantes","CIN",0.0333,0.071,0.0053,7.42005,0.7831,0.0461,0,0,,1,5.067,1.1778,0.8686,0.82445,0.194,0.9641,,0.0513,0.5586,5.0274,8.6769,0.5794,1.746,0.110243,0.19027,-0.08002762496471405,0.2907,2.1419,0.298212,0.6808,,,7.61748,-0.0369716,-0.0480644,999,,,,,,,3.8000000000000003,3.8000000000000003,4,4,,,,,,,,,,,,,,,,,,,"Edwin Cervantes","sa3020965",800099
"Darlin Mendez","SDP",0.035,0.0627,0,7.54452,1,0,0,0,,1,5.128,1.1616,0.8831,0.83828,0.172556,1.0526,,0.0553,0.5276,4.7484,9.4734,0.501235,1.553,0.102886,0.205265,-0.10237910598516464,0.288948,2.2142,0.29791,0.674787,,,7.6782,-0.0371801,-0.0476246,999,,,,,,,3.8000000000000003,3.8000000000000003,4,4,,,,,,,,,,,,,,,,,,,"Darlin Mendez","sa3021035",811596
"Brailyn Paulino","STL",0.032,0.0723,0.0049,7.59051,0.7831,0.0461,0,0,,1,5.109,1.1787,0.888,0.84339,0.178444,1.004,,0.0635,0.5013,4.5117,9.036,0.499303,1.606,0.098121,0.196516,-0.098394975066185,0.291649,2.1827,0.29754,0.66983,,,7.68616,-0.0372659,-0.0476246,999,,,,,,,3.8000000000000003,3.8000000000000003,4,4,,,,,,,,,,,,,,,,,,,"Brailyn Paulino","sa3022038",809330
"Saul Siri","CHC",0.0314,0.0741,0.0059,7.59771,0.7419,0.0549,0,0,,1,5.112,1.1893,0.8897,0.84419,0.175556,1.0143,,0.0515,0.4793,4.3137,9.1287,0.472543,1.58,0.0937598,0.198415,-0.10465570539236069,0.29393,2.2036,0.298921,0.671103,,,7.6875,-0.0372805,-0.0476246,999,,,,,,,1.8000000000000003,1.8000000000000003,2,2,,,,,,,,,,,,,,,,,,,"Saul Siri","sa3022047",814031
"Saul Sanchez","MIL",0.035,0.0627,0,7.54452,1,0,0,0,,1,5.118,1.1693,0.883,0.83828,0.175,1.0338,,0.0537,0.5069,4.5621,9.3042,0.490327,1.575,0.0990426,0.201993,-0.10295036435127258,0.290113,2.2031,0.29693,0.674174,,,7.69018,-0.0373093,-0.0476246,999,,,,,,,3.8000000000000003,3.8000000000000003,4,4,,,,,,,,,,,,,,,,,,,"Saul Sanchez","sa3021786",808335
"Yansel Marine","ATL",0.0355,0.0622,0,7.35894,1,0,0,0,,1,5.157,1.1639,0.8636,0.81766,0.157556,1.0908,,0.0534,0.4781,4.3029,9.8172,0.438302,1.418,0.0927089,0.211518,-0.11880939453840256,0.290047,2.2547,0.297987,0.683882,,,7.6911,-0.0373193,-0.0476246,999,,,,,,,1.8000000000000003,1.8000000000000003,2,2,,,,,,,,,,,,,,,,,,,"Yansel Marine","sa3021750",807813
"Yoralbert Cadiz","NYM",0.035,0.0627,0,7.54443,1,0,0,0,,1,5.131,1.1774,0.8841,0.83827,0.169444,1.0427,,0.0584,0.4838,4.3542,9.3843,0.463988,1.525,0.0942896,0.203216,-0.10892615467309952,0.292166,2.2201,0.298507,0.673768,,,7.70496,-0.0374687,-0.0476246,999,,,,,,,1.8000000000000003,1.8000000000000003,2,2,,,,,,,,,,,,,,,,,,,"Yoralbert Cadiz","sa3021822",814257
"Victor Brea","ARI",0.0355,0.0623,0,7.39026,1,0,0,0,,1,5.165,1.1434,0.866,0.82114,0.161667,1.1067,,0.0576,0.5262,4.7358,9.9603,0.475468,1.455,0.101878,0.214269,-0.11239109188318253,0.2858,2.2501,0.296342,0.683923,,,7.70865,-0.0375085,-0.0476246,999,,,,,,,3.8000000000000003,3.8000000000000003,4,4,,,,,,,,,,,,,,,,,,,"Victor Brea","sa3019242",699233
"Hader Blanco","PIT",0.0355,0.0622,0,7.3746,1,0,0,0,,1,5.165,1.1452,0.8646,0.8194,0.160556,1.1098,,0.0543,0.5131,4.6179,9.9882,0.462336,1.445,0.0993417,0.214869,-0.11552757769823074,0.286236,2.255,0.295934,0.684851,,,7.7198,-0.0376288,-0.0476246,999,,,,,,,3.8000000000000003,3.8000000000000003,4,4,,,,,,,,,,,,,,,,,,,"Hader Blanco","sa3019266",800301
"Rodolfo De La Cruz","MIA",0.0324,0.0652,0,7.65126,1,0,0,0,,1,5.147,1.1742,0.8951,0.85014,0.171667,1.0606,,0.0534,0.5134,4.6206,9.5454,0.484066,1.545,0.0997474,0.206062,-0.10631436109542847,0.291148,2.2348,0.299448,0.671708,,,7.71335,-0.0376563,-0.0477203,999,,,,,,,3.8000000000000003,3.8000000000000003,4,4,,,,,,,,,,,,,,,,,,,"Rodolfo De La Cruz","sa3019398",805095
"Dermis Ordonez","PIT",0.0351,0.0626,0,7.50807,1,0,0,0,,1,5.165,1.1556,0.881,0.83423,0.160667,1.1089,,0.0577,0.5094,4.5846,9.9801,0.459374,1.446,0.0986254,0.214695,-0.11606968194246292,0.289016,2.2645,0.298928,0.67833,,,7.73615,-0.037805,-0.0476246,999,,,,,,,3.8000000000000003,3.8000000000000003,4,4,,,,,,,,,,,,,,,,,,,"Dermis Ordonez","sa3019145",800249
"Matt Svanson","STL",1.0379,1.1022,0,4.29899,21.8642,0,0,0.6447,,21.8642,95.602,22.8618,11.3779,10.4438,2.41235,8.4824,,1.215,15.7327,6.47608,3.49163,1.85475,0.993,0.164565,0.0887262,0.0758383721113205,0.26613,1.43359,0.301794,0.713926,,,4.49227,-0.0380411,0.0479761,999,,,,,,,87.40000000000002,3.9727272727272736,93,4.2272727272727275,,,,,,,,,,,,,,,,,,,"Matt Svanson","sa3017070",694335
"Jonas Uzcategui","MIA",0.0354,0.0623,0,7.38909,1,0,0,0,,1,5.216,1.1142,0.8665,0.82101,0.153667,1.188,,0.0643,0.5775,5.1975,10.692,0.486111,1.383,0.110717,0.227761,-0.11704371124505997,0.281101,2.3022,0.297146,0.687903,,,7.76605,-0.0381273,-0.0476246,999,,,,,,,3.8000000000000003,3.8000000000000003,4,4,,,,,,,,,,,,,,,,,,,"Jonas Uzcategui","sa3019281",801387
"Abraham Gaitan","CIN",0.0273,0.0855,0.0077,7.80759,0.5053,0.1053,0,0,,1,4.982,1.2659,0.9106,0.86751,0.231556,0.7796,,0.0511,0.4629,4.1661,7.0164,0.593766,2.084,0.0929145,0.156483,-0.0635688528418541,0.304941,2.0455,0.299216,0.659319,,,7.743,-0.0383153,-0.0480549,999,,,,,,,1.8000000000000003,1.8000000000000003,2,2,,,,,,,,,,,,,,,,,,,"Abraham Gaitan","sa3020492",806675
"Daury Zapata","ATL",0.0347,0.063,0,7.66998,1,0,0,0,,1,5.128,1.1783,0.8964,0.85222,0.181111,1.0305,,0.0548,0.4963,4.4667,9.2745,0.481611,1.63,0.0967824,0.200956,-0.10417317599058151,0.291464,2.2088,0.296316,0.67122,,,7.78422,-0.0383231,-0.0476246,999,,,,,,,1.8000000000000003,1.8000000000000003,2,2,,,,,,,,,,,,,,,,,,,"Daury Zapata","sa3020986",807576
"Lisnerkin Lantigua","CIN",0.0351,0.0626,0,7.67835,1,0,0,0,,1,5.092,1.1929,0.8981,0.85315,0.199444,0.9799,,0.0522,0.5547,4.9923,8.8191,0.566078,1.795,0.108936,0.192439,-0.08350353688001633,0.293825,2.1728,0.300523,0.67317,,,7.74616,-0.038359,-0.0480644,999,,,,,,,3.8000000000000003,3.8000000000000003,4,4,,,,,,,,,,,,,,,,,,,"Lisnerkin Lantigua","sa3019258",800128
"Ricardo Montero","LAD",0.0347,0.063,0,7.63425,1,0,0,0,,1,5.168,1.1727,0.8942,0.84825,0.168111,1.0707,,0.0741,0.4929,4.4361,9.6363,0.460353,1.513,0.0953754,0.207179,-0.11180339753627777,0.291484,2.2434,0.29879,0.671897,,,7.80052,-0.0384986,-0.0476246,999,,,,,,,1.8000000000000003,1.8000000000000003,2,2,,,,,,,,,,,,,,,,,,,"Ricardo Montero","sa3018370",805110
"Nelfri Payano","CIN",0.0351,0.0626,0,7.67862,1,0,0,0,,1,5.131,1.1799,0.8991,0.85318,0.189222,1.0332,,0.0612,0.574,5.166,9.2988,0.555556,1.703,0.111869,0.201364,-0.0894952341914177,0.2923,2.2131,0.302647,0.674473,,,7.76157,-0.038525,-0.0480644,999,,,,,,,3.8000000000000003,3.8000000000000003,4,4,,,,,,,,,,,,,,,,,,,"Nelfri Payano","sa3019260",800152
"Wuillians Herrera","LAD",0.0346,0.0631,0,7.70508,1,0,0,0,,1,5.163,1.1625,0.9006,0.85612,0.177222,1.0754,,0.0636,0.5197,4.6773,9.6786,0.483262,1.595,0.100659,0.20829,-0.10763121396303177,0.288892,2.2379,0.296139,0.672081,,,7.84797,-0.0390093,-0.0476246,999,,,,,,,3.8000000000000003,3.8000000000000003,4,4,,,,,,,,,,,,,,,,,,,"Wuillians Herrera","sa3018302",702900
"Luciano Romero","LAD",0.0346,0.0631,0,7.69356,1,0,0,0,,1,5.176,1.1654,0.9004,0.85484,0.171889,1.102,,0.0561,0.4958,4.4622,9.918,0.449909,1.547,0.0957882,0.212906,-0.11711747199296951,0.290052,2.2674,0.296552,0.674477,,,7.88374,-0.0393941,-0.0476246,999,,,,,,,1.8000000000000003,1.8000000000000003,2,2,,,,,,,,,,,,,,,,,,,"Luciano Romero","sa3018848",800355
"Jarol Baez","STL",0.0344,0.0633,0,7.76538,1,0,0,0,,1,5.181,1.1656,0.9076,0.86282,0.176444,1.1035,,0.0538,0.5129,4.6161,9.9315,0.464794,1.588,0.0989963,0.21299,-0.11399343609809875,0.289684,2.2691,0.296656,0.673317,,,7.90636,-0.0396373,-0.0476246,999,,,,,,,3.8000000000000003,3.8000000000000003,4,4,,,,,,,,,,,,,,,,,,,"Jarol Baez","sa3022010",808095
"Kelvin Carmona","ATL",0.0342,0.0635,0,7.83333,1,0,0,0,,1,5.214,1.1679,0.916,0.87037,0.172222,1.1389,,0.0567,0.5045,4.5405,10.2501,0.442971,1.55,0.0967587,0.218431,-0.12167242914438248,0.290638,2.3068,0.297957,0.673286,,,7.98317,-0.0404624,-0.0476246,999,,,,,,,3.8000000000000003,3.8000000000000003,4,4,,,,,,,,,,,,,,,,,,,"Kelvin Carmona","sa3022140",808556
"Jhon Cabral","MIA",0.0317,0.0659,0,7.90011,1,0,0,0,,1,5.26,1.1762,0.925,0.87779,0.160444,1.1896,,0.0595,0.4893,4.4037,10.7064,0.411315,1.444,0.0930228,0.22616,-0.13313686847686768,0.293251,2.3658,0.302204,0.672901,,,8.02096,-0.0409645,-0.0477203,999,,,,,,,1.8000000000000003,1.8000000000000003,2,2,,,,,,,,,,,,,,,,,,,"Jhon Cabral","sa3019299",805093
"Grant Wolfram","MIL",0.851,0.9,0,4.24106,17.8889,0,0,0.5919,,17.8889,78.049,16.9013,9.0787,8.42976,2.37922,8.2073,,0.7575,16.8327,8.46862,4.12914,2.05094,1.197,0.215668,0.105156,0.1105126291513443,0.244648,1.40359,0.291185,0.73607,,,4.51698,-0.0417235,0.0336785,999,,,,,,,75.40000000000002,4.18888888888889,75,4.166666666666667,,,,,,,,,,,,,,,,,,,"Grant Wolfram","sa3008313",664991
"Jack O'Loughlin","COL",0.4858,0.5839,0,4.81568,10.9321,0,0,0.5694,,10.9321,48.095,11.949,6.2694,5.8495,1.61674,3.9373,,0.4999,8.5947,7.0757,3.24144,2.18289,1.331,0.178703,0.0818651,0.09683750569820404,0.273697,1.45318,0.30892,0.705938,,,4.73432,-0.0434162,-0.0237228,999,,,,,,,35.60000000000001,3.236363636363637,39,3.5454545454545454,,,,,,,,,,,,,,,,,,,"Jack O'Loughlin","22690",672552
"Jovi Galvez","STL",0.0335,0.0642,0,8.10315,1,0,0,0,,1,5.316,1.1775,0.9468,0.90035,0.166667,1.2297,,0.072,0.4596,4.1364,11.0673,0.37375,1.5,0.086456,0.231321,-0.1448645442724228,0.293326,2.4072,0.298354,0.671798,,,8.31905,-0.0439236,-0.0474907,999,,,,,,,1.8000000000000003,1.8000000000000003,2,2,,,,,,,,,,,,,,,,,,,"Jovi Galvez","sa3018837",800243
"Gordon Graceffo","STL",2.7689,3.0092,0.6149,4.31896,49.3137,1.61,0,0.6447,,56.7878,243.2,58.8106,29.3779,27.2516,7.81148,16.9806,,2.1256,42.5803,6.74833,2.69117,2.50759,1.238,0.175083,0.0698216,0.1052619218826294,0.262437,1.33464,0.293601,0.715646,,,4.46442,-0.0453082,0.172579,999,,,,,,,202.99999999999997,3.5614035087719293,214,3.754385964912281,,,,,,,,,,,,,,,,,,,"Gordon Graceffo","29519",700669
"Lucas Sims","WSN",2.6533,2.9879,0,4.42425,57.642,0,1.153,10.8804,,57.642,251.712,50.665,30.0844,28.3358,8.45416,29.2001,,3.3558,59.8467,9.34423,4.55919,2.04954,1.32,0.237759,0.116006,0.12175263464450836,0.231182,1.38554,0.27981,0.731754,,,4.69103,-0.0453855,0.0675772,749.3699951171875,,,,,,,271.20000000000005,4.675862068965518,259,4.4655172413793105,,,,,,,,,,,,,,,,,,,"Lucas Sims","13470",608371
"Elvin Rodriguez","MIL",1.6216,1.7064,0,4.2496,34,0,0,0.5919,,34,144.742,32.5373,17.1665,16.054,5.304,11.1049,,1.3587,31.6417,8.37574,2.93953,2.84935,1.404,0.218608,0.076722,0.14188555628061295,0.245976,1.28359,0.285666,0.731038,,,4.43293,-0.0459891,0.063897,999,,,,,,,136.3,4.008823529411765,137,4.029411764705882,,,,,,,,,,,,,,,,,,,"Elvin Rodriguez","20962",660730
"Andry Lara","WSN",0.8236,0.9271,0,4.36325,17.8889,0,0,0.6216,,17.8889,77.008,17.8318,9.3326,8.67263,2.50643,6.4251,,0.7381,14.0124,7.04971,3.2325,2.18088,1.261,0.18196,0.0834342,0.09852611273527145,0.255306,1.35597,0.28739,0.719316,,,4.6226,-0.0469204,0.0502467,999,,,,,,,60.500000000000014,3.361111111111112,62,3.4444444444444446,,,,,,,,,,,,,,,,,,,"Andry Lara","sa3014716",691251
"Josh Ekness","MIA",0.5219,0.6449,0,4.58135,11.9259,0,0,0.5976,,11.9259,52.7,11.6704,6.5149,6.07075,1.57024,5.7155,,0.6304,10.7254,8.09403,4.31326,1.87655,1.185,0.203518,0.108454,0.09506451338529587,0.251766,1.45783,0.296554,0.715783,,,4.67581,-0.048301,-0.0788725,999,,,,,,,38.000000000000014,3.166666666666668,39,3.25,,,,,,,,,,,,,,,,,,,"Josh Ekness","sa3023204",694795
"Jack Dreyer","LAD",1.7486,1.6145,0,4.22513,34.3519,0,0,0.7118,,34.3519,148.516,32.3059,17.312,16.1268,4.88179,14.7795,,1.2336,33.56,8.79253,3.87214,2.27071,1.279,0.225969,0.0995145,0.12645438313484192,0.243813,1.37068,0.291556,0.739695,,,4.45848,-0.0485427,0.0611603,999,,,,,,,130.90000000000003,3.850000000000001,129,3.7941176470588234,,,,,,,,,,,,,,,,,,,"Jack Dreyer","30249",676263
"Ian Gibaut","CIN",2.1474,2.3271,0,4.56106,45.716,0,0,0.5985,,45.716,198.679,45.2367,24.7811,23.1682,7.06058,17.9956,,2.1072,43.4644,8.55673,3.54275,2.41528,1.39,0.218767,0.0905763,0.12819070369005203,0.253319,1.38315,0.298132,0.720769,,,4.59196,-0.050546,0.0452703,999,,,,,,,167.30000000000007,3.636956521739132,169,3.6739130434782608,,,,,,,,,,,,,,,,,,,"Ian Gibaut","17871",664139
"Jake Bird","COL",2.7537,3.2157,0,4.65097,61,0,0.975,10.4818,,61,268.604,64.3047,33.9759,31.5232,7.564,25.1188,,3.6912,53.4138,7.88072,3.70605,2.12645,1.116,0.198857,0.0935161,0.10534095019102097,0.268166,1.46596,0.317313,0.703347,,,4.44409,-0.0505845,-0.205253,999,,,,,,,250.6000000000001,4.108196721311478,265,4.344262295081967,,,,,,,,,,,,,,,,,,,"Jake Bird","21267",656234
"Alexis Díaz","CIN",2.4504,2.608,0,4.49868,51.679,0,12.98,7.5407,,51.679,226.166,46.4617,27.5066,25.8319,7.78056,25.073,,3.3522,56.5889,9.85507,4.36651,2.25697,1.355,0.25021,0.110861,0.13934855163097382,0.234963,1.38421,0.290026,0.726034,,,4.58379,-0.0535112,-0.120278,172.6199951171875,,,,,,,293.79999999999995,5.6499999999999995,283,5.4423076923076925,,,,,,,,,,,,,,,,,,,"Alexis Diaz","21132",664747
"Jeff Brigham","ARI",0.9537,0.9919,0,4.55298,19.8765,0,0,0.6421,,19.8765,86.873,18.507,10.6846,10.0553,2.86001,9.1924,,1.0081,19.8611,8.99303,4.16228,2.1606,1.295,0.228622,0.105814,0.12280799448490143,0.241377,1.39358,0.29002,0.718064,,,4.57817,-0.0539683,-0.0590251,999,,,,,,,75.69999999999999,3.7849999999999993,75,3.75,,,,,,,,,,,,,,,,,,,"Jeff Brigham","16631",656257
"Kyle Leahy","STL",2.6843,2.7634,0,4.19319,55.6543,0,0,9.928,,55.6543,239.373,56.414,28.0652,25.9299,6.81456,19.6425,,2.248,44.1812,7.14466,3.17644,2.24927,1.102,0.184571,0.0820581,0.10251239687204361,0.259396,1.36659,0.297918,0.721499,,,4.35055,-0.055026,0.0949213,999,,,,,,,244.70000000000007,4.369642857142859,251,4.482142857142857,,,,,,,,,,,,,,,,,,,"Kyle Leahy","24763",681517
"Alek Jacob","SDP",2.527,2.6288,0,4.28796,52.6728,0,0,6.4526,,52.6728,227.234,50.5609,26.9925,25.0954,7.26299,20.7083,,2.7239,46.4378,7.93465,3.53835,2.24247,1.241,0.204361,0.0911321,0.11322910338640213,0.248089,1.35306,0.288458,0.724648,,,4.53037,-0.0553421,0.0121582,999,,,,,,,217.50000000000003,4.103773584905661,218,4.113207547169812,,,,,,,,,,,,,,,,,,,"Alek Jacob","29628",689690
"Mick Abel","PHI",0.8606,0.8904,0,4.40884,17.8889,0,0,0.5881,,17.8889,78.049,16.8269,9.4172,8.76325,2.46668,8.4268,,0.8559,16.5243,8.31346,4.23957,1.96092,1.241,0.211717,0.107968,0.10374891757965088,0.244697,1.4117,0.288501,0.726433,,,4.66832,-0.0574034,0.0491105,999,,,,,,,75.40000000000002,4.18888888888889,75,4.166666666666667,,,,,,,,,,,,,,,,,,,"Mick Abel","sa3014534",690953
"Patrick Monteverde","MIA",1.0787,1.2555,0,4.3141,23.8519,0,0,0.5976,,23.8519,102.456,24.15,12.2637,11.4333,3.45588,7.5499,,0.963,18.9412,7.14705,2.84879,2.5088,1.304,0.184872,0.0736892,0.11118236184120178,0.25707,1.32903,0.289242,0.723566,,,4.53252,-0.0574084,0.047391,999,,,,,,,93.30000000000001,3.8875000000000006,96,4,,,,,,,,,,,,,,,,,,,"Patrick Monteverde","sa3016940",687287
"Luis Patiño","SDP",0.5597,0.6076,0,4.515,11.9259,0,0,0.6087,,11.9259,51.65,11.4588,6.3807,5.98283,1.85514,5.0217,,0.4872,10.3782,7.83201,3.78968,2.06667,1.4,0.200933,0.0972256,0.10370763391256332,0.248343,1.38191,0.283229,0.727478,,,4.83404,-0.0586402,0.0349648,999,,,,,,,44.600000000000016,3.716666666666668,43,3.5833333333333335,,,,,,,,,,,,,,,,,,,"Luis Patino","22815",672715
"Alan Rangel","PHI",1.0615,1.0787,0,4.37189,21.8642,0,0,0.5881,,21.8642,92.842,20.9114,11.3025,10.6209,3.65375,7.007,,0.8251,19.536,8.04164,2.8843,2.78807,1.504,0.210422,0.0754723,0.134949691593647,0.245988,1.2769,0.279159,0.728667,,,4.62654,-0.0600556,0.0596739,999,,,,,,,79.00000000000003,3.590909090909092,78,3.5454545454545454,,,,,,,,,,,,,,,,,,,"Alan Rangel","sa877578",660604
"Anthony Veneziano","MIA",2.6498,2.9914,0,4.16339,57.642,0,1.077,10.4607,,57.642,247.39,57.359,28.7346,26.6651,7.49346,19.5434,,2.5956,48.8519,7.62755,3.05143,2.49966,1.17,0.197469,0.0789983,0.11847083270549774,0.254645,1.33414,0.295227,0.725292,,,4.3137,-0.0600777,0.114692,999,,,,,,,268.90000000000003,4.636206896551725,273,4.706896551724138,,,,,,,,,,,,,,,,,,,"Anthony Veneziano","27453",685107
"Jackson Rutledge","WSN",1.8695,2.0214,0,4.18616,39.7531,0,0,0.6216,,39.7531,170.834,37.5671,19.9114,18.4903,5.21649,15.3597,,2.3539,35.3698,8.00763,3.4774,2.30277,1.181,0.207042,0.0899101,0.11713184416294098,0.245344,1.33139,0.287474,0.723646,,,4.42967,-0.0621049,0.111501,999,,,,,,,158.7,3.9675,158,3.95,,,,,,,,,,,,,,,,,,,"Jackson Rutledge","26215",671131
"Roddery Muñoz","STL",1.1263,1.2083,0,4.4166,23.8519,0,0,0.6447,,23.8519,103.749,23.2621,12.5413,11.7049,3.42937,9.6289,,1.1434,21.7408,8.20342,3.63326,2.25787,1.294,0.209552,0.0928096,0.1167423352599144,0.250193,1.37897,0.29249,0.72445,,,4.56751,-0.0635281,-0.0505499,999,,,,,,,95.90000000000002,3.995833333333334,96,4,,,,,,,,,,,,,,,,,,,"Roddery Munoz","25311",682610
"Xzavion Curry","MIA",0.7725,0.9777,0,4.75298,17.8889,0,0,0.5976,,17.8889,77.24,18.7351,10.0118,9.44728,3.02521,5.2527,,0.6336,14.0605,7.07391,2.64266,2.67681,1.522,0.182037,0.0680049,0.1140315979719162,0.262567,1.34093,0.289487,0.707556,,,4.78009,-0.0666176,-0.0670528,999,,,,,,,60.90000000000001,3.383333333333334,65,3.611111111111111,,,,,,,,,,,,,,,,,,,"Xzavion Curry","25595",675540
"Brett de Geus","MIA",1.2264,1.4964,0,4.46753,27.8272,0,0,0.5976,,27.8272,122.425,29.7138,15.0092,13.8132,3.06099,11.0176,,1.68,20.1875,6.52913,3.56336,1.8323,0.99,0.164897,0.0899947,0.07490218430757523,0.270797,1.46373,0.3082,0.705762,,,4.51447,-0.0676805,-0.0477413,999,,,,,,,97.30000000000001,3.4750000000000005,106,3.7857142857142856,,,,,,,,,,,,,,,,,,,"Brett de Geus","23592",676969
"John Curtiss","ARI",1.118,1.2309,0,4.80605,24,0,0,0.6421,,24,104.621,25.5902,13.6674,12.8161,3.64,8.2634,,0.891,17.8518,6.69443,3.09877,2.16035,1.365,0.170633,0.0789841,0.09164890646934509,0.268054,1.41057,0.296725,0.701943,,,4.7948,-0.0693619,-0.152611,999,,,,,,,73.80000000000004,3.0750000000000015,81,3.375,,,,,,,,,,,,,,,,,,,"John Curtiss","16128",595928
"Jimmy Herget","COL",2.1981,2.6641,0,4.89521,49.6914,0,0,3.796,,49.6914,215.674,53.3156,28.7402,27.0277,8.15491,15.3597,,2.3927,41.6053,7.53546,2.78192,2.70873,1.477,0.192908,0.0712172,0.12169107794761658,0.269377,1.38204,0.304807,0.697454,,,4.69714,-0.0722912,-0.2844,750.4099731445312,,,,,,,182.8,3.656,195,3.9,,,,,,,,,,,,,,,,,,,"Jimmy Herget","17556",623474
"Kyle Tyler","PHI",2.0882,2.0951,0,4.24213,42.7346,0,0,0.5881,,42.7346,183.963,42.7096,21.8068,20.1428,5.546,15.8631,,1.7841,34.7706,7.32276,3.3408,2.19192,1.168,0.189009,0.0862298,0.10277881473302841,0.256798,1.37062,0.294951,0.72362,,,4.46516,-0.0732211,0.0653543,999,,,,,,,152.59999999999997,3.5488372093023246,157,3.6511627906976742,,,,,,,,,,,,,,,,,,,"Kyle Tyler","22092",667725
"Josh Staumont","CIN",1.2112,1.3179,0,4.58909,25.8395,0,0,0.5985,,25.8395,113.48,24.4115,14.0648,13.1755,3.91899,12.4316,,1.0993,26.2774,9.15252,4.32998,2.11376,1.365,0.23156,0.109549,0.12201092392206192,0.244239,1.42584,0.293788,0.72643,,,4.67521,-0.074084,-0.0602569,999,,,,,,,97.79999999999998,3.761538461538461,95,3.6538461538461537,,,,,,,,,,,,,,,,,,,"Josh Staumont","18335",622251
"Zach Brzykcy","WSN",1.2913,1.4322,0,4.30927,27.8272,0,0,0.6216,,27.8272,121.04,25.7332,14.302,13.3239,3.71339,13.0082,,1.2622,26.6108,8.60659,4.20717,2.04569,1.201,0.219851,0.10747,0.11238103359937668,0.241016,1.39221,0.288046,0.728606,,,4.52715,-0.0743669,0.0782304,750.8400268554688,,,,,,,106.40000000000006,3.800000000000002,104,3.7142857142857144,,,,,,,,,,,,,,,,,,,"Zach Brzykcy","27783",694350
"Chris Roycroft","STL",2.613,2.6403,0,4.08017,53.6667,0,0,6.9625,,53.6667,233.74,52.7311,26.5569,24.3299,5.56941,23.4864,,2.5452,44.9865,7.54432,3.93871,1.91543,0.934,0.192464,0.100481,0.09198296815156937,0.253871,1.4202,0.300101,0.725816,,,4.29426,-0.0755775,0.0917836,999,,,,,,,228,4.222222222222222,232,4.296296296296297,,,,,,,,,,,,,,,,,,,"Chris Roycroft","31261",688297
"Ryan Loutos","STL",1.5169,1.596,0,4.28264,31.8025,0,0,0.6447,,31.8025,138.332,31.9991,16.3951,15.1332,3.80923,12.9956,,1.2318,25.6309,7.25346,3.67771,1.97228,1.078,0.185285,0.093945,0.09134039282798767,0.25784,1.41482,0.297787,0.721087,,,4.45381,-0.0777705,0.0697646,999,,,,,,,118.40000000000002,3.7000000000000006,122,3.8125,,,,,,,,,,,,,,,,,,,"Ryan Loutos","29521",702795
"Eduardo Salazar","WSN",2.3926,2.6652,0,4.27247,51.679,0,0,6.4649,,51.679,224.789,52.5953,26.6768,24.533,5.92586,20.2079,,3.3563,37.9257,6.60484,3.51925,1.87678,1.032,0.168717,0.0898972,0.07881970703601837,0.261376,1.40876,0.296553,0.71506,,,4.55732,-0.0790005,0.0474751,999,,,,,,,204.2,3.9269230769230767,213,4.096153846153846,,,,,,,,,,,,,,,,,,,"Eduardo Salazar","23135",674285
"Colin Poche","WSN",2.5793,2.8676,0,4.34526,55.6543,0,0,9.573,,55.6543,239.786,52.5199,28.6719,26.8703,8.29249,22.3881,,1.9497,50.3941,8.14936,3.62044,2.25093,1.341,0.210163,0.093367,0.11679581552743912,0.24377,1.34595,0.282132,0.730445,,,4.60442,-0.0790654,0.0552403,749.3699951171875,,,,,,,246.2000000000001,4.396428571428573,244,4.357142857142857,,,,,,,,,,,,,,,,,,,"Colin Poche","19403",621363
"Giovanny Gallegos","LAD",0.7797,0.7769,0,4.6111,15.9012,0,0,0.7118,,15.9012,68.956,15.7004,8.6558,8.14689,2.72971,5.73,,0.607,15.0518,8.51924,3.24315,2.62684,1.545,0.218281,0.0830965,0.13518474251031876,0.250729,1.34772,0.289282,0.725466,,,4.70055,-0.0805267,-0.0646363,748.4500122070312,,,,,,,52.9,3.30625,54,3.375,,,,,,,,,,,,,,,,,,,"Giovanny Gallegos","14986",606149
"Connor Gillispie","MIA",3.1265,4.5071,1.6762,4.80302,48.5584,4.83,0,0.5976,,71.2594,310.926,71.8982,40.4183,38.0289,11.7736,26.4227,,3.6923,58.4056,7.37658,3.33716,2.21043,1.487,0.187844,0.0849807,0.10286339372396469,0.256038,1.37976,0.285449,0.707529,,,4.94296,-0.0810232,-0.0635991,999,,,,,,,220.59999999999997,3.107042253521126,229,3.2253521126760565,,,,,,,,,,,,,,,,,,,"Connor Gillispie","26171",687362
"Albert Abreu","CIN",1.1236,1.211,0,4.51445,23.8519,0,0,0.5985,,23.8519,104.889,22.8856,12.8583,11.9642,3.38432,11.37,,1.2769,24.0014,9.05641,4.29022,2.11094,1.277,0.228827,0.1084,0.12042636424303055,0.248104,1.43618,0.300684,0.724901,,,4.58918,-0.0811683,-0.0637621,999,,,,,,,96.90000000000002,4.0375000000000005,97,4.041666666666667,,,,,,,,,,,,,,,,,,,"Albert Abreu","17485",656061
"Lenny Torres Jr.","CIN",0.3537,0.4243,0,5.07192,7.9506,0,0,0.5985,,7.9506,35.83,7.8604,4.7765,4.48053,1.2827,4.4331,,0.3813,7.4783,8.46536,5.01823,1.68692,1.452,0.208716,0.123726,0.08499022573232651,0.253434,1.54624,0.295566,0.71606,,,5.19924,-0.0821107,-0.0890148,999,,,,,,,32.10000000000001,4.012500000000001,33,4.125,,,,,,,,,,,,,,,,,,,"Lenny Torres Jr.","sa3008329",678013
"Matt Sauer","LAD",0.9587,0.9869,0,4.75304,19.8765,0,0,0.7118,,19.8765,86.911,19.9676,11.1831,10.4971,3.27521,7.8262,,1.0143,17.0748,7.7314,3.54367,2.18175,1.483,0.196463,0.0900484,0.10641460865736008,0.255764,1.39832,0.289194,0.715716,,,4.92482,-0.0831384,-0.0548665,999,,,,,,,70.1,3.505,72,3.6,,,,,,,,,,,,,,,,,,,"Matt Sauer","22284",669422
"Jaden Hill","COL",1.5285,1.7986,0,4.69603,34,0,0,0.5694,,34,149.582,35.4666,19.0836,17.7406,4.37467,13.9735,,2.1752,30.1882,7.99099,3.69887,2.16039,1.158,0.201817,0.093417,0.10840007662773132,0.2658,1.45412,0.314471,0.700822,,,4.48826,-0.0847753,-0.120181,999,,,,,,,127.40000000000003,3.7470588235294127,134,3.9411764705882355,,,,,,,,,,,,,,,,,,,"Jaden Hill","30250",677955
"Griff McGarry","PHI",0.7515,0.8049,0,4.57336,15.9012,0,0,0.5881,,15.9012,70.861,14.3868,8.6686,8.08021,2.13076,9.6211,,0.7747,15.9443,9.02439,5.44549,1.65722,1.206,0.225008,0.135774,0.08923384547233582,0.237935,1.50982,0.289125,0.72958,,,4.86438,-0.0864185,-0.0589398,999,,,,,,,60.40000000000001,3.775000000000001,57,3.5625,,,,,,,,,,,,,,,,,,,"Griff McGarry","sa3017130",676046
"Bradgley Rodriguez","SDP",1.222,1.3072,0,4.41653,25.8395,0,0,0.6087,,25.8395,113.281,24.0175,13.621,12.6801,3.47972,13.061,,1.2349,24.2004,8.42909,4.5492,1.85287,1.212,0.213632,0.115297,0.09833422303199768,0.242638,1.43495,0.288027,0.728338,,,4.70379,-0.0881037,-0.0267344,999,,,,,,,103.1,3.965384615384615,101,3.8846153846153846,,,,,,,,,,,,,,,,,,,"Bradgley Rodriguez","sa3016035",699134
"Seth Johnson","PHI",0.9195,1.0258,0,4.78676,19.8765,0,0,0.5881,,19.8765,87.523,19.8785,11.2935,10.5716,3.09632,9.0163,,0.7702,16.6068,7.51949,4.08254,1.84186,1.402,0.189742,0.103016,0.08672577142715454,0.255716,1.45372,0.289182,0.716667,,,4.99769,-0.0932602,-0.0484315,999,,,,,,,67.1,3.3549999999999995,69,3.45,,,,,,,,,,,,,,,,,,,"Seth Johnson","26020",686751
"Andre Granillo","STL",0.6388,0.7229,0,4.6853,13.9136,0,0,0.6447,,13.9136,61.619,13.2115,7.7216,7.24327,2.05457,7.2222,,0.5299,12.6136,8.1591,4.67167,1.7465,1.329,0.204703,0.117207,0.08749573677778244,0.245262,1.46861,0.284625,0.724035,,,4.94449,-0.0960366,-0.0721028,999,,,,,,,51.20000000000003,3.6571428571428592,50,3.5714285714285716,,,,,,,,,,,,,,,,,,,"Andre Granillo","sa3016913",701552
"Guillo Zuñiga","PHI",0.6909,0.7681,0,4.77558,14.9074,0,0,0.5881,,14.9074,65.355,14.8014,8.4403,7.91017,2.3504,6.6125,,0.692,12.5494,7.57641,3.99214,1.89783,1.419,0.192019,0.101178,0.09084079414606094,0.254975,1.43646,0.288547,0.71585,,,5.00247,-0.0991108,-0.0105798,999,,,,,,,53.400000000000006,3.5600000000000005,55,3.6666666666666665,,,,,,,,,,,,,,,,,,,"Guillo Zuniga","19588",670871
"Anthony Molina","COL",0.9598,1.1927,0,4.98824,22,0,0,0.5694,,22,96.449,24.9734,13.0506,12.1935,3.38311,6.9191,,0.854,16.1729,6.61619,2.83054,2.33743,1.384,0.167683,0.0717384,0.09594500809907913,0.281626,1.44966,0.31236,0.693836,,,4.7553,-0.104473,-0.149927,999,,,,,,,72.9,3.313636363636364,83,3.772727272727273,,,,,,,,,,,,,,,,,,,"Anthony Molina","26952",683627
"Matt Pushard","MIA",0.9497,1.1895,0,4.66359,21.8642,0,0,0.5976,,21.8642,95.812,22.0516,12.1086,11.3295,3.19946,8.9359,,0.9913,18.3625,7.55859,3.6783,2.05491,1.317,0.191651,0.0932649,0.09838642179965973,0.256758,1.41727,0.293086,0.712189,,,4.75124,-0.107352,-0.0594475,999,,,,,,,78.7,3.5772727272727276,81,3.6818181818181817,,,,,,,,,,,,,,,,,,,"Matt Pushard","sa3019955",690155
"Bryan Shaw","CIN",0.4894,0.5803,0,4.98732,10.9321,0,0,0.5985,,10.9321,48.826,11.4332,6.4915,6.05799,1.67018,5.1738,,0.5601,9.1005,7.49211,4.2594,1.75896,1.375,0.186386,0.105964,0.0804223120212555,0.26532,1.5191,0.30206,0.708927,,,5.06118,-0.108135,-0.0332831,999,,,,,,,32.2,2.9272727272727277,33,3,,,,,,,,,,,,,,,,,,,"Bryan Shaw","8110",543766
"Tanner Gordon","COL",1.5607,2.086,0.4497,4.98147,27.62,1.62,0,0.5694,,34.8538,149.849,39.1467,20.5283,19.2915,6.11878,8.4685,,1.227,26.0581,6.72876,2.18675,3.07706,1.58,0.173896,0.0565136,0.11738215759396553,0.279313,1.36614,0.30588,0.693666,,,4.78795,-0.108798,-0.17305,999,,,,,,,112.79999999999998,3.2228571428571424,126,3.6,,,,,,,,,,,,,,,,,,,"Tanner Gordon","27669",685299
"George Soriano","MIA",2.3461,2.8081,0,4.44489,52.6728,0,0,6.335,,52.6728,229.812,50.6498,27.8606,26.0139,7.14594,22.7941,,3.221,48.7791,8.3347,3.89474,2.13999,1.221,0.212257,0.0991859,0.11307068169116974,0.248531,1.39434,0.2942,0.718531,,,4.55969,-0.109538,0.041846,999,,,,,,,217.50000000000003,4.103773584905661,218,4.113207547169812,,,,,,,,,,,,,,,,,,,"George Soriano","21863",666277
"Tyler Zuber","NYM",1.4169,1.5195,0,4.68282,30,0,0,0.6637,,30,131.521,29.1282,16.6191,15.6094,4.7,13.1863,,1.2046,27.0739,8.12217,3.95589,2.05318,1.41,0.205852,0.10026,0.1055922582745552,0.248682,1.41048,0.286191,0.719064,,,4.83731,-0.120398,-0.158934,999,,,,,,,101.1,3.3699999999999997,101,3.3666666666666667,,,,,,,,,,,,,,,,,,,"Tyler Zuber","20379",676604
"Joel Peguero","SFG",1.5506,1.7563,0,4.38468,33.7901,0,0,0.6289,,33.7901,148.398,34.7317,17.8583,16.4621,3.96095,13.5902,,1.665,25.8477,6.88454,3.61975,1.90194,1.055,0.174178,0.0915794,0.08259882032871246,0.260861,1.43006,0.297779,0.712156,,,4.51488,-0.120564,-0.081983,999,,,,,,,119.40000000000003,3.511764705882354,126,3.7058823529411766,,,,,,,,,,,,,,,,,,,"Joel Peguero","sa917689",666711
"Angel Chivilli","COL",2.3803,2.8061,0,4.71907,53,0,0,6.0357,,53,232.558,55.09,29.8054,27.7901,7.526,21.2335,,2.5763,47.5644,8.07697,3.60569,2.24006,1.278,0.204527,0.0913041,0.11322293430566788,0.263906,1.44007,0.309545,0.707101,,,4.56532,-0.12328,-0.226765,750.6599731445312,,,,,,,198.80000000000007,3.7509433962264165,209,3.943396226415094,,,,,,,,,,,,,,,,,,,"Angel Chivilli","26790",683409
"Cole Henry","WSN",1.7272,1.9687,0,4.44054,37.7654,0,0,0.6216,,37.7654,164.555,35.623,19.9528,18.6332,5.29974,17.1623,,1.835,34.2688,8.16671,4.09001,1.99675,1.263,0.208251,0.104295,0.10395611822605133,0.244735,1.39772,0.286098,0.72373,,,4.68509,-0.125751,0.00328845,999,,,,,,,141.1,3.7131578947368418,140,3.6842105263157894,,,,,,,,,,,,,,,,,,,"Cole Henry","sa3014446",669371
"Sean Reynolds","SDP",2.2894,2.38,0,4.28095,47.7037,0,0,0.6087,,47.7037,208.131,43.825,24.4286,22.6908,6.13788,23.6614,,2.2603,45.9625,8.6715,4.46407,1.94251,1.158,0.220834,0.113685,0.10714934766292572,0.24052,1.4147,0.289658,0.731115,,,4.54232,-0.127346,0.142608,999,,,,,,,185.00000000000003,3.8541666666666674,180,3.75,,,,,,,,,,,,,,,,,,,"Sean Reynolds","22253",669308
"Zach Maxwell","CIN",1.4993,1.6134,0,4.52163,31.8025,0,0,0.5985,,31.8025,140.657,28.892,17.1174,15.9777,4.56543,17.6516,,1.4068,34.5086,9.76582,4.99534,1.95498,1.292,0.245339,0.125494,0.1198447197675705,0.237601,1.46352,0.29478,0.73287,,,4.66034,-0.13336,-0.050111,999,,,,,,,116.9,3.653125,112,3.5,,,,,,,,,,,,,,,,,,,"Zach Maxwell","sa3020255",687209
"Juan Mejia","COL",0.9058,1.1487,0,5.08291,21,0,0,0.5694,,21,94.723,22.19,12.7158,11.8601,2.84667,10.7989,,1.3471,17.8914,7.66774,4.6281,1.65678,1.22,0.188881,0.114005,0.07487621903419495,0.268719,1.5709,0.312802,0.698986,,,4.9599,-0.140291,-0.20246,999,,,,,,,65.3,3.1095238095238096,70,3.3333333333333335,,,,,,,,,,,,,,,,,,,"Juan Mejia","sa3003159",675848
"Amos Willingham","ATL",1.7938,1.8057,0,4.56808,36.7716,0,0,0.6192,,36.7716,160.715,37.5574,20.0042,18.664,5.19705,14.1637,,1.6927,31.8103,7.7857,3.46662,2.2459,1.272,0.19793,0.0881293,0.10980059206485748,0.259269,1.40655,0.300046,0.713618,,,4.5673,-0.145383,-0.0814168,999,,,,,,,133.5,3.608108108108108,140,3.7837837837837838,,,,,,,,,,,,,,,,,,,"Amos Willingham","26128",686294
"Luarbert Arias","MIA",1.4417,1.7673,0,4.58539,32.7963,0,0,0.5976,,32.7963,142.531,31.9067,17.7717,16.7093,5.10893,12.7256,,1.6561,29.4039,8.06905,3.49217,2.31061,1.402,0.206298,0.089283,0.11701524257659912,0.248981,1.36089,0.286189,0.716669,,,4.71402,-0.147041,-0.089115,999,,,,,,,116.50000000000004,3.5303030303030316,117,3.5454545454545454,,,,,,,,,,,,,,,,,,,"Luarbert Arias","sa3007599",678215
"Logan Gillaspie","SDP",2.1508,2.3237,0,4.47255,45.716,0,0,0.6087,,45.716,197.307,45.7252,24.3421,22.7185,6.8066,16.5347,,1.9526,37.525,7.38746,3.25515,2.26947,1.34,0.190186,0.0838019,0.10638397186994553,0.255706,1.36188,0.289383,0.719085,,,4.67356,-0.153416,0.0288101,999,,,,,,,157.70000000000007,3.428260869565219,162,3.5217391304347827,,,,,,,,,,,,,,,,,,,"Logan Gillaspie","22461",670810
"Zach Agnos","COL",1.3592,1.6739,0,4.97396,31,0,0,0.5694,,31,135.846,32.8624,18.2216,17.1325,5.06333,11.4807,,1.4173,26.817,7.78558,3.33311,2.33583,1.47,0.197407,0.0845126,0.11289475113153458,0.267287,1.43042,0.305257,0.701165,,,4.80788,-0.1541,-0.178172,999,,,,,,,104.09999999999998,3.3580645161290317,112,3.6129032258064515,,,,,,,,,,,,,,,,,,,"Zach Agnos","sa3020560",688642
"Tanner Rainey","PIT",1.4059,1.7059,0,4.84886,31.8025,0,0,0.6126,,31.8025,140.099,30.8735,18.146,17.134,4.92585,15.2052,,1.4866,28.1934,7.97864,4.30302,1.85419,1.394,0.201239,0.108532,0.09270729869604111,0.250176,1.4489,0.287388,0.712887,,,4.98158,-0.157906,-0.133014,750.4600219726562,,,,,,,106.70000000000002,3.3343750000000005,107,3.34375,,,,,,,,,,,,,,,,,,,"Tanner Rainey","17610",663432
"Andrew Moore","CIN",1.2913,1.4321,0,4.65348,27.8272,0,0,0.5985,,27.8272,124.339,26.0228,15.4417,14.3882,3.89581,15.9171,,1.5142,28.7378,9.29451,5.14798,1.80547,1.26,0.231125,0.128014,0.10311084985733032,0.243414,1.50715,0.29791,0.726261,,,4.80027,-0.161237,-0.0568094,999,,,,,,,98.40000000000006,3.5142857142857165,96,3.4285714285714284,,,,,,,,,,,,,,,,,,,"Andrew Moore","sa3016795",681097
"Ben Casparius","LAD",2.2922,2.2236,0,4.47855,46.1296,0,0,4.4606,,46.1296,200.129,43.0764,24.4402,22.9549,7.26285,19.7651,,2.1013,45.7678,8.92941,3.85622,2.31559,1.417,0.228691,0.0987618,0.12992968410253525,0.241646,1.36228,0.285978,0.729044,,,4.65101,-0.165032,-0.0219156,745.760009765625,,,,,,,184.50000000000006,4.0108695652173925,181,3.9347826086956523,,,,,,,,,,,,,,,,,,,"Ben Casparius","30085",676508
"Orlando Ribalta","WSN",2.2364,2.6262,0,4.59402,49.6914,0,0,4.1442,,49.6914,218.04,46.4431,27.0595,25.3648,7.37641,24.6839,,2.0886,44.9675,8.14442,4.4707,1.82173,1.336,0.206235,0.113208,0.09302695840597153,0.242818,1.43137,0.28121,0.724794,,,4.90271,-0.175852,-0.0663737,999,,,,,,,189.29999999999998,3.7859999999999996,184,3.68,,,,,,,,,,,,,,,,,,,"Orlando Ribalta","26247",687377
"Max Kranick","NYM",2.498,2.4637,0,4.27551,50.6852,0,0,6.7702,,50.6852,217.907,49.2215,25.7948,24.0783,7.55773,17.7995,,2.1961,42.8808,7.6142,3.1606,2.4091,1.342,0.196785,0.0816839,0.11510094255208969,0.248705,1.3223,0.282518,0.730441,,,4.5964,-0.177854,0.0302123,749.6300048828125,,,,,,,205.6,4.031372549019608,205,4.019607843137255,,,,,,,,,,,,,,,,,,,"Max Kranick","22175",668820
"Diego Castillo","COL",1.9712,2.5014,0,5.09019,45.716,0,0,0.5694,,45.716,204.638,49.0448,27.6995,25.8559,6.4358,21.8999,,2.3771,37.5524,7.39285,4.31138,1.71473,1.267,0.183506,0.107018,0.07648871093988419,0.271926,1.55186,0.312445,0.69824,,,4.94685,-0.196786,-0.395644,999,,,,,,,147.20000000000002,3.2,160,3.4782608695652173,,,,,,,,,,,,,,,,,,,"Diego Castillo","17496",650895
"Michael Mercado","PHI",1.3961,1.522,0,4.69285,29.8148,0,0,0.5881,,29.8148,129.969,28.9515,16.5499,15.5463,4.94263,12.503,,1.3404,26.6054,8.0312,3.7742,2.12792,1.492,0.204706,0.0961999,0.10850587487220764,0.249312,1.3904,0.283868,0.721145,,,4.92982,-0.200174,-0.123552,999,,,,,,,101.1,3.3699999999999997,101,3.3666666666666667,,,,,,,,,,,,,,,,,,,"Michael Mercado","23223",675650
"Jefry Yan","COL",1.4537,1.7554,0,4.83677,32.7963,0,0,0.5694,,32.7963,147.798,32.3265,18.8967,17.6254,4.42021,18.9497,,1.8933,31.232,8.57072,5.2002,1.64815,1.213,0.211315,0.128213,0.08310194313526154,0.25463,1.56348,0.305645,0.718142,,,4.92057,-0.205876,-0.172933,999,,,,,,,114.80000000000005,3.4787878787878803,116,3.515151515151515,,,,,,,,,,,,,,,,,,,"Jefry Yan","sa828460",642376
"Luis Peralta","COL",2.8071,3.2602,0,4.64123,62,0,0.975,11.2071,,62,275.923,61.4005,34.3424,31.9729,7.936,32.2386,,3.5738,60.3823,8.76517,4.6798,1.87298,1.152,0.218837,0.116839,0.10199837386608124,0.255718,1.51031,0.311216,0.718498,,,4.61552,-0.242583,-0.151208,748.8300170898438,,,,,,,262.79999999999995,4.2387096774193544,267,4.306451612903226,,,,,,,,,,,,,,,,,,,"Luis Peralta","24203",678821
"Bradley Blalock","COL",2.1675,3.5312,1.3284,5.45618,28.86,4.86,0,0.5694,,51.2228,227.604,57.8268,32.9936,31.0535,8.92984,20.0246,,1.9681,37.277,6.54968,3.51838,1.86156,1.569,0.16378,0.08798,0.0758000835776329,0.281243,1.51986,0.306748,0.686428,,,5.26539,-0.253688,-0.371314,999,,,,,,,127.90000000000003,2.507843137254903,150,2.9411764705882355,,,,,,,,,,,,,,,,,,,"Bradley Blalock","26419",687134
"Bryce Jarvis","ARI",2.2616,2.4076,0,4.61072,47.7037,0,0,0.6421,,47.7037,209.687,49.0288,26.2542,24.4387,5.92056,20.6816,,2.2128,39.6004,7.47119,3.90189,1.91476,1.117,0.188855,0.0986308,0.09022399038076401,0.262477,1.46132,0.305144,0.707507,,,4.55945,-0.266057,-0.0415378,999,,,,,,,169.00000000000003,3.520833333333334,177,3.6875,,,,,,,,,,,,,,,,,,,"Bryce Jarvis","27477",686826
"Brent Suter","CIN",2.9874,3.238,0,4.53568,63.6049,0,1.052,10.217,,63.6049,277.994,68.1477,34.4846,32.0546,9.75982,20.6524,,2.6929,51.0174,7.21889,2.92228,2.47029,1.381,0.18352,0.0742908,0.10922898352146149,0.267615,1.39612,0.301168,0.722892,,,4.65817,-0.297412,-0.0986312,999,,,,,,,248.8,3.8875,265,4.140625,,,,,,,,,,,,,,,,,,,"Brent Suter","13942",608718
"Luis Mey","CIN",1.4887,1.8176,0,5.12631,33.7901,0,0,0.5985,,33.7901,154.858,34.2156,20.6685,19.2465,4.74563,21.2686,,1.8787,29.5911,7.8816,5.6649,1.3913,1.264,0.191085,0.137343,0.05374278128147125,0.259778,1.64203,0.302647,0.712848,,,5.29589,-0.386177,-0.353299,750.5499877929688,,,,,,,96.70000000000002,2.844117647058824,100,2.9411764705882355,,,,,,,,,,,,,,,,,,,"Luis Mey","sa3010130",682825
"Evan Justice","COL",1.8012,2.3077,0,5.15624,42,0,0,0.5694,,42,192.22,42.525,25.6969,24.0625,5.936,25.8249,,2.5788,39.1492,8.38911,5.53391,1.51595,1.272,0.203669,0.134351,0.06931796669960022,0.25959,1.62738,0.308167,0.710416,,,5.1684,-0.425829,-0.404069,999,,,,,,,120.2,2.861904761904762,127,3.0238095238095237,,,,,,,,,,,,,,,,,,,"Evan Justice","30008",687145