Name,Team,G,PA,AB,H,1B,2B,3B,HR,R,RBI,BB,IBB,SO,HBP,SF,SH,GDP,SB,CS,AVG,BB%,K%,BB/K,OBP,SLG,wOBA,OPS,ISO,Spd,BABIP,UBR,wSB,wRC,wRAA,wRC+,BsR,Fld,Off,Def,WAR,ADP,InterSD,InterSK,IntraSD,Vol,Skew,Dim,FPTS,FPTS/G,SPTS,SPTS/G,P10,P20,P30,P40,P50,P60,P70,P80,P90,TT10,TT20,TT30,TT40,TT50,TT60,TT70,TT80,TT90,NameASCII,PlayerId,MLBAMID
"Juan Soto","NYM",151.894,668.978,533.847,142.179,81.7076,26.7062,1.99535,31.7699,101.382,89.0763,126.419,6.99738,114.174,4.4245,3.54815,0.739018,15.0697,7.31228,3.41618,0.266329,0.188973,0.17067,1.10725,0.40857,0.502364,0.392165,0.910934,0.236035,3.64812,0.282051,,-1.54344,122.4,44.1441,157.134,-1.54344,-0.31,44.162169456481934,-8.298881590366364,6.00047,7.079999923706055,,,,,,,1046.6,6.885526315,1046.6,6.885526315,,,,,,,,,,,,,,,,,,,"Juan Soto","20123",665742
"Shohei Ohtani","LAD",145.189,642.245,552.021,159.781,83.7065,27.9519,5.96751,42.1552,116.876,108.619,79.4304,11.5248,143.161,5.06948,3.95707,0.59592,7.77774,31.2014,11.7281,0.289448,0.123676,0.222907,0.554834,0.381404,0.5908,0.405762,0.972204,0.301352,6.98942,0.31734,,0.253727,124.537,49.4087,164.471,0.253727,0,49.76747927069664,-13.76048755645752,5.92354,1.5499999523162842,,,,,,,1131.5,7.803448275,1131.5,7.803448275,,,,,,,,,,,,,,,,,,,"Shohei Ohtani","19755",660271
"Mookie Betts","LAD",144.295,633.588,547.746,149.818,89.0894,30.9755,2.80043,26.9524,93.0924,86.7101,73.0531,1.35649,85.6528,6.92582,5.15517,0.576438,8.56822,14.0154,3.45869,0.273517,0.115301,0.135187,0.852898,0.363097,0.487911,0.366572,0.851008,0.214394,5.11257,0.279052,,0.0786267,102.873,28.7575,138.093,0.0786267,-1.33,28.939737431704998,4.97919499874115,5.67817,13.65999984741211,,,,,,,911,6.326388888,911,6.326388888,,,,,,,,,,,,,,,,,,,"Mookie Betts","13611",605141
"William Contreras","MIL",146.521,613.723,540.316,142.144,92.3055,27.1011,1.51444,21.2228,73.8563,81.4582,63.9021,2.18846,133.425,5.34567,3.2779,0.881283,14.9667,5.43217,1.5913,0.263075,0.104122,0.217403,0.478935,0.344937,0.436675,0.340076,0.781612,0.173599,3.65886,0.310894,,-0.815827,86.5602,14.7681,118.189,-0.815827,10.27,12.533071160316467,15.922816753387451,5.04576,24.790000915527344,,,,,,,753.2,5.123809523,753.2,5.123809523,,,,,,,,,,,,,,,,,,,"William Contreras","20503",661388
"Kyle Tucker","CHC",145.321,631.564,543.385,149.608,85.3572,30.6003,2.57502,31.0755,92.7107,96.5848,78.0342,5.74793,96.4069,2.91488,5.61494,0.417449,8.65519,22.114,5.25678,0.275326,0.123557,0.152648,0.809425,0.365994,0.512685,0.373834,0.878678,0.237358,5.43387,0.281205,,1.02658,106.236,32.3572,143.828,1.02658,0.79,34.12685799598694,-7.070931375026703,4.96243,8.710000038146973,,,,,,,966.2,6.663448275,966.2,6.663448275,,,,,,,,,,,,,,,,,,,"Kyle Tucker","18345",663656
"Francisco Lindor","NYM",152.107,666.964,590.078,150.019,89.644,29.389,2.10218,28.8843,91.3162,84.6035,57.1964,1.07745,129.841,9.50947,5.13083,0.55655,9.70077,22.6573,6.43405,0.254237,0.0857564,0.194675,0.44051,0.327422,0.458017,0.338923,0.785439,0.20378,5.42729,0.277525,,0.700153,93.4501,15.43,121.298,0.700153,1.04,17.68694233894348,7.842466831207275,4.9263,14.149999618530273,,,,,,,846,5.565789473,846,5.565789473,,,,,,,,,,,,,,,,,,,"Francisco Lindor","12916",596019
"Ketel Marte","ARI",139.76,608.058,533.273,146.648,85.297,29.7275,3.176,28.4471,85.8416,93.9466,63.8428,3.67569,111.301,5.73366,4.18965,0.512159,12.4434,5.99243,1.94371,0.274995,0.104995,0.183044,0.573603,0.356194,0.502685,0.367019,0.858879,0.22769,4.42421,0.297199,,-0.782047,98.9473,27.8178,135.061,-0.782047,-0.27,24.711571276187897,0.3699266016483307,4.67782,30.65999984741211,,,,,,,873.3,6.237857142,873.3,6.237857142,,,,,,,,,,,,,,,,,,,"Ketel Marte","13613",606466
"Fernando Tatis Jr.","SDP",143.128,621.942,555.357,148.82,86.2667,29.1636,2.15008,31.2392,95.7317,87.5267,55.1512,0.988751,140.474,6.74197,3.89349,0.798384,10.3818,25.8652,5.79935,0.267971,0.0886757,0.225863,0.392608,0.339233,0.496979,0.358416,0.836213,0.229008,5.87083,0.303404,,1.66272,96.9,24.1464,134.582,1.66272,3.9,27.382179260253906,-3.1022562980651855,4.6427,11.619999885559082,,,,,,,884.9,6.188111888,884.9,6.188111888,,,,,,,,,,,,,,,,,,,"Fernando Tatis Jr.","19709",665487
"Corbin Carroll","ARI",149.667,650.376,567.618,146.238,85.654,30.1422,8.7117,21.7298,101.2,73.9245,66.1158,1.43619,129.528,9.20055,4.00827,3.43293,9.21326,39.9922,7.35512,0.257634,0.101658,0.199159,0.510435,0.342463,0.45628,0.345343,0.798743,0.198646,8.16132,0.296187,,3.76046,94.4866,18.4069,120.471,3.76046,7.04,19.681408643722534,0.5921545028686523,4.32654,7.889999866485596,,,,,,,876.1,5.840666666,876.1,5.840666666,,,,,,,,,,,,,,,,,,,"Corbin Carroll","25878",682998
"Ronald Acuña Jr.","ATL",114.211,510.589,441.515,125.897,81.2471,23.3997,1.7859,19.4644,85.5896,59.9538,57.5116,1.68849,91.5494,8.18342,2.83885,0.450189,8.6826,40.2259,10.1623,0.285148,0.112638,0.179302,0.628203,0.375635,0.478493,0.369988,0.854128,0.193345,6.59418,0.319292,,2.78297,84.3063,24.5786,137.501,2.78297,3.3,25.679680347442627,-2.3445112705230713,4.16285,37.599998474121094,,,,,,,766.3,6.721929824,766.3,6.721929824,,,,,,,,,,,,,,,,,,,"Ronald Acuna Jr.","18401",660670
"Austin Riley","ATL",150.716,652.412,582.57,155.131,91.4149,30.8791,2.27074,30.5665,88.8523,93.937,54.3317,1.21047,156.459,9.86006,5.24336,0.40722,11.3388,1.46394,0.513168,0.266288,0.0832782,0.239816,0.347258,0.336382,0.484493,0.352348,0.820876,0.218206,3.04165,0.3108,,-1.13361,98.4607,22.1428,125.628,-1.13361,-3.38,18.86019790172577,-1.054136037826538,4.07869,29.6200008392334,,,,,,,868.8,5.753642384,868.8,5.753642384,,,,,,,,,,,,,,,,,,,"Austin Riley","18360",663586
"Bryce Harper","PHI",144.049,626.159,535.967,149.415,87.3306,32.8739,1.46792,27.7429,88.6531,90.2695,80.419,9.36187,133.829,4.50647,4.47807,0.788153,11.4845,8.66484,4.98682,0.278777,0.128432,0.213729,0.60091,0.374723,0.500877,0.3728,0.8756,0.2221,3.84185,0.321142,,-1.57236,104.806,31.559,139.997,-1.57236,1.27,28.375932693481445,-10.032089710235596,4.04411,22.260000228881836,,,,,,,921.1,6.396527777,921.1,6.396527777,,,,,,,,,,,,,,,,,,,"Bryce Harper","11579",547180
"Trea Turner","PHI",143.268,624.612,570.592,158.8,103.957,29.8258,2.70401,22.3129,85.3567,79.6887,38.3855,0.249807,121.87,5.51866,3.97747,0.589276,10.9067,22.7223,5.48169,0.278307,0.0614549,0.195113,0.314971,0.327749,0.457371,0.33865,0.78512,0.179064,5.85907,0.317126,,1.15933,87.3792,14.3133,117.012,1.15933,-2.45,13.865880489349365,4.1827781200408936,4.00831,24.110000610351562,,,,,,,792,5.538461538,792,5.538461538,,,,,,,,,,,,,,,,,,,"Trea Turner","16252",607208
"Patrick Bailey","SFG",113.264,433.63,390.659,89.5356,61.4012,18.5044,0.800905,8.829,42.7994,42.0434,35.1144,0.579585,102.905,2.82905,3.66432,1.36325,7.74267,2.16463,0.592824,0.229191,0.0809777,0.23731,0.341232,0.294908,0.34846,0.283902,0.643368,0.119268,3.08337,0.285596,,-0.586667,41.5542,-9.17104,82.719,-0.586667,23.74,-9.547525584697723,32.47950553894043,3.85701,307.2900085449219,,,,,,,373.4,3.304424778,373.4,3.304424778,,,,,,,,,,,,,,,,,,,"Patrick Bailey","27478",672275
"Willy Adames","SFG",149.582,638.941,564.905,137.908,81.2378,28.5054,1.00302,27.1619,81.1165,82.6119,63.1208,1.81629,156.918,3.09613,5.23659,0.364005,8.37028,12.5115,2.87459,0.244126,0.0987898,0.245591,0.402254,0.320771,0.442385,0.329575,0.763155,0.198258,4.41872,0.286862,,0.188637,84.7168,9.97471,113.46,0.188637,-1.82,10.473045200109482,5.105092644691467,3.80235,91.93000030517578,,,,,,,765.7,5.104666666,765.7,5.104666666,,,,,,,,,,,,,,,,,,,"Willy Adames","15986",642715
"Manny Machado","SDP",146.843,625.57,566.086,148.714,93.3562,25.7131,1.01838,28.6258,80.6872,87.2822,50.6601,3.83113,120.601,2.21297,5.37455,0.49726,10.9832,8.73119,2.23219,0.262705,0.0809823,0.192787,0.420062,0.322883,0.463429,0.33638,0.786312,0.200724,4.013,0.284411,,-0.281681,86.3701,13.1922,119.75,-0.281681,-0.4,14.4927359521389,0.696497768163681,3.71629,37.45000076293945,,,,,,,792.6,5.391836734,792.6,5.391836734,,,,,,,,,,,,,,,,,,,"Manny Machado","11493",592518
"Will Smith","LAD",120.038,492.675,426.665,107.593,65.9223,20.8747,1.85989,18.9361,62.2132,65.8246,49.336,2.63018,89.9262,10.0145,5.46452,0.418235,7.75913,1.78034,0.50465,0.252172,0.100139,0.182526,0.548627,0.339675,0.442961,0.338505,0.782637,0.190789,3.47944,0.274253,,-0.816266,68.8645,11.2324,119.202,-0.816266,0.25,10.496639370918274,8.657219886779785,3.66952,107.08000183105469,,,,,,,606.7,5.055833333,606.7,5.055833333,,,,,,,,,,,,,,,,,,,"Will Smith","19197",669257
"Freddie Freeman","LAD",141.851,620.119,538.686,153.262,98.5775,32.1819,2.22329,20.2789,85.1662,80.7915,68.0746,8.54925,98.3009,7.47448,5.30702,0.577133,10.938,13.2114,3.27552,0.28451,0.109777,0.158519,0.692513,0.369322,0.465442,0.358089,0.834764,0.180932,4.7036,0.312597,,0.00886484,96.4527,23.9124,132.384,0.00886484,1.45,24.022645434364676,-9.633549451828003,3.61494,26.920000076293945,,,,,,,851.3,5.995070422,851.3,5.995070422,,,,,,,,,,,,,,,,,,,"Freddie Freeman","5361",518692
"Jackson Merrill","SDP",150.799,627.327,581.957,155.659,98.2593,31.7336,4.0859,21.5806,80.0365,77.7034,34.4964,1.79353,109.604,2.511,4.92718,3.43543,9.32718,14.4668,4.13159,0.267476,0.0549894,0.174716,0.314736,0.308814,0.447295,0.323932,0.75611,0.17982,5.52513,0.294226,,0.166615,80.3274,6.94393,111.372,0.166615,2.94,8.697242051362991,5.2671449184417725,3.59582,27.280000686645508,,,,,,,740.4,4.903311258,740.4,4.903311258,,,,,,,,,,,,,,,,,,,"Jackson Merrill","29490",701538
"Matt Chapman","SFG",146.792,618.869,544.048,129.183,73.3298,28.8183,2.97849,24.056,78.2715,75.3238,62.9218,1.188,158.453,6.62319,4.84822,0.427988,8.50676,7.58043,1.80376,0.237447,0.101672,0.256036,0.397101,0.321336,0.434017,0.327516,0.755353,0.196569,4.7931,0.286928,,-0.332699,81.0297,8.63556,112.074,-0.332699,1.96,8.602838903665543,4.225308656692505,3.44943,125.16999816894531,,,,,,,724.8,4.930612244,724.8,4.930612244,,,,,,,,,,,,,,,,,,,"Matt Chapman","16505",656305
"Michael Harris II","ATL",139.162,582.768,536.886,148.02,95.955,29.3676,3.28532,19.4118,82.2221,70.2538,35.8646,2.37797,116.565,5.77175,3.1614,1.08424,10.9234,20.2197,5.46625,0.275701,0.0615418,0.200019,0.30768,0.326047,0.451108,0.334345,0.777155,0.175407,6.14899,0.318281,,0.762922,79.5061,11.3351,113.511,0.762922,1.41,10.178372919559479,3.55756151676178,3.41925,41.880001068115234,,,,,,,721.6,5.191366906,721.6,5.191366906,,,,,,,,,,,,,,,,,,,"Michael Harris II","25931",671739
"Elly De La Cruz","CIN",149.25,644.981,579.696,145.326,85.0525,30.087,6.38802,23.7989,98.9368,72.9712,56.2669,1.9714,203.486,4.53832,3.00013,1.47942,7.53827,46.6093,11.9496,0.250694,0.087238,0.315491,0.276515,0.320328,0.447797,0.331012,0.768125,0.197103,8.08585,0.341934,,3.34657,86.2634,10.8147,105.986,3.34657,-3.94,7.963223934173584,2.969722270965576,3.34334,4.300000190734863,,,,,,,817.5,5.486577181,817.5,5.486577181,,,,,,,,,,,,,,,,,,,"Elly De La Cruz","26668",682829
"Xander Bogaerts","SDP",142.401,595.639,531.138,143.626,100.798,26.1451,0.946885,15.7364,74.362,67.1045,45.6318,0.506942,108.609,5.62109,5.01765,0.567443,13.2703,13.7822,3.2831,0.270412,0.0766098,0.18234,0.420148,0.331761,0.412086,0.324716,0.743846,0.141673,4.69549,0.310555,,0.230711,76.6457,6.96905,111.899,0.230711,-3.09,8.706307902932167,2.7860476970672607,3.23173,155.3699951171875,,,,,,,681.1,4.796478873,681.1,4.796478873,,,,,,,,,,,,,,,,,,,"Xander Bogaerts","12161",593428
"Francisco Alvarez","NYM",93.521,355.033,316.89,71.0353,43.1288,12.9462,0.533244,14.4271,39.9305,44.1665,30.7212,0.780508,91.246,4.63093,2.41212,0.378756,6.92937,1.0701,0.397928,0.224164,0.0865306,0.257007,0.336686,0.299975,0.404965,0.30704,0.70494,0.180801,2.73963,0.264984,,-0.560388,40.6341,-0.897014,99.8391,-0.560388,12.89,-0.6286866217851639,19.49845314025879,3.16765,244.35000610351562,,,,,,,365.5,3.888297872,365.5,3.888297872,,,,,,,,,,,,,,,,,,,"Francisco Alvarez","26121",682626
"Ozzie Albies","ATL",141.447,609.688,554.868,145.353,90.0834,30.5788,3.99659,20.6938,79.5143,75.5842,42.4343,0.88545,97.3133,5.91821,5.876,0.591123,8.6302,12.0255,3.41271,0.261959,0.0696,0.159612,0.436058,0.31802,0.443359,0.327929,0.761379,0.181401,5.38629,0.281564,,-0.062675,80.0304,8.71023,109.192,-0.062675,-0.22,6.639279395341873,1.962824136018753,2.98146,69.22000122070312,,,,,,,725.5,5.14539007,725.5,5.14539007,,,,,,,,,,,,,,,,,,,"Ozzie Albies","16556",645277
"Dansby Swanson","CHC",147.192,614.076,547.27,131.672,87.3596,24.3351,1.33438,18.6428,72.1031,71.4818,52.9313,0.921194,152.906,4.26143,4.08782,0.522812,10.5574,15.3645,4.10095,0.240598,0.0861967,0.249001,0.34617,0.310351,0.392136,0.307417,0.702487,0.151538,4.67996,0.297594,,0.278387,70.4684,-1.36499,99.125,0.278387,1.68,-0.36412376165390015,8.494444489479065,2.9478,170.38999938964844,,,,,,,634.4,4.315646258,634.4,4.315646258,,,,,,,,,,,,,,,,,,,"Dansby Swanson","18314",621020
"Matt Olson","ATL",154.008,661.341,571.981,143.126,80.4073,28.3098,1.18873,33.2198,88.7623,97.1294,77.426,5.64063,156.173,6.1526,5.28949,0.491599,11.4106,0.687353,0.1947,0.250228,0.117074,0.236146,0.495771,0.34305,0.478114,0.351472,0.821164,0.227886,2.31781,0.283351,,-1.19111,99.3419,21.9795,125.038,-1.19111,-0.52,18.609984159469604,-12.403333187103271,2.91139,33.970001220703125,,,,,,,876.8,5.693506493,876.8,5.693506493,,,,,,,,,,,,,,,,,,,"Matt Olson","14344",621566
"Pete Alonso","NYM",151.959,652.876,569.717,136.84,76.0147,23.4197,1.19951,36.2065,84.5544,96.3676,64.015,4.30543,152.09,13.6134,5.0189,0.511517,10.7661,3.65555,1.05436,0.24019,0.0980508,0.232955,0.420901,0.328756,0.476164,0.34483,0.80492,0.235974,3.17213,0.260413,,-0.874548,94.5802,18.208,125.274,-0.874548,-0.67,18.857431292533875,-12.642078340053558,2.88322,47.630001068115234,,,,,,,846.8,5.571052631,846.8,5.571052631,,,,,,,,,,,,,,,,,,,"Pete Alonso","19251",624413
"CJ Abrams","WSN",137.51,589.578,535.972,132.935,84.8755,26.5391,3.74333,17.7772,76.2157,62.5154,35.5556,1.81092,119.382,11.2962,4.17104,2.58322,7.87626,32.3145,9.54859,0.248026,0.0603069,0.202487,0.297831,0.306284,0.411015,0.310851,0.717298,0.162989,6.77136,0.285763,,1.5703,69.2867,0.319048,99.2546,1.5703,0.64,1.044801115989685,7.006203293800354,2.85551,49.619998931884766,,,,,,,652.9,4.73115942,652.9,4.73115942,,,,,,,,,,,,,,,,,,,"CJ Abrams","25768",682928
"Jackson Chourio","MIL",147.112,625.94,575.818,154.074,97.8714,30.8096,3.98933,21.4033,79.7827,81.7084,40.8035,2.85606,133.517,4.46093,3.89078,0.966529,9.89875,23.7864,6.00349,0.267574,0.0651875,0.213306,0.305606,0.318955,0.446446,0.328745,0.765401,0.178873,6.01186,0.312321,,1.21867,82.5746,9.35337,110.562,1.21867,4.51,9.124605059623718,-2.7942724227905273,2.80263,16.420000076293945,,,,,,,760.3,5.172108843,760.3,5.172108843,,,,,,,,,,,,,,,,,,,"Jackson Chourio","28806",694192
"Ian Happ","CHC",148.109,638.098,552.806,131.547,79.9666,28.1838,2.13699,21.2591,79.2202,76.1995,74.7469,1.45553,158.713,6.13502,3.93625,0.473996,10.8945,11.2068,2.754,0.237962,0.11714,0.248728,0.470956,0.333156,0.412047,0.326578,0.745203,0.174085,4.51864,0.292718,,-0.132015,83.0658,8.42232,112.022,-0.132015,3.04,9.041048631072044,-3.8168978691101074,2.73012,130.16000366210938,,,,,,,731.7,4.943918918,731.7,4.943918918,,,,,,,,,,,,,,,,,,,"Ian Happ","17919",664023
"Max Muncy","LAD",122.973,513.244,431.631,93.021,48.1553,18.273,1.22425,25.3685,67.1473,73.0158,70.9119,2.78944,133.319,6.04812,4.24486,0.408088,6.68804,1.50052,0.422781,0.215511,0.138164,0.259758,0.531896,0.331453,0.439839,0.334528,0.771292,0.224328,3.03362,0.244067,,-0.836571,70.0965,10.0582,116.525,-0.836571,-1.27,9.30551940202713,-0.1021653413772583,2.71246,260.94000244140625,,,,,,,616.5,5.012195121,616.5,5.012195121,,,,,,,,,,,,,,,,,,,"Max Muncy","13301",571970
"Kyle Schwarber","PHI",147.937,652.16,544.552,121.541,62.608,19.9429,1.38131,37.609,91.7121,98.8252,97.5153,3.08143,186.687,6.39303,3.22192,0.478086,9.62878,4.31858,1.90749,0.223195,0.149527,0.28626,0.522346,0.34595,0.472083,0.353347,0.818033,0.248888,3.43212,0.259468,,-1.19873,98.947,22.6586,126.904,-1.19873,-0.01,19.782221794128418,-15.60225654579699,2.67056,75.9000015258789,,,,,,,873.1,5.899324324,873.1,5.899324324,,,,,,,,,,,,,,,,,,,"Kyle Schwarber","16478",656941
"Matt McLain","CIN",124.384,533.563,474.963,120.358,72.6473,25.0692,2.97425,19.6668,71.3302,65.9889,47.1381,1.12722,144.919,7.56745,3.32459,0.569999,6.81395,18.2311,4.6295,0.253404,0.0883459,0.271607,0.325272,0.328453,0.442931,0.334102,0.771384,0.189527,5.96214,0.320977,,0.775018,72.6888,10.2736,108.066,0.775018,0.68,5.921265721321106,1.9671981930732727,2.64642,86.18000030517578,,,,,,,659.8,5.320967741,659.8,5.320967741,,,,,,,,,,,,,,,,,,,"Matt McLain","29695",680574
"Iván Herrera","STL",102.163,395.022,349.125,87.5444,60.7317,16.9786,1.00432,8.82985,45.141,40.0871,37.7545,0.467528,87.0727,4.77825,2.53303,0.831048,8.46069,4.67676,1.27151,0.250754,0.0955758,0.220425,0.433598,0.329985,0.381013,0.314124,0.710998,0.130259,4.10174,0.307773,,-0.390933,47.4631,1.25418,102.561,-0.390933,4.2,0.8189115226268768,11.167508125305176,2.59404,225.9600067138672,,,,,,,419.1,4.108823529,419.1,4.108823529,,,,,,,,,,,,,,,,,,,"Ivan Herrera","20599",671056
"Bryan Reynolds","PIT",146.71,642.515,571.969,152.812,99.3146,27.5503,3.86247,22.0846,80.834,83.09,56.9032,2.64726,141.506,9.15917,3.93619,0.547442,12.2979,8.61645,2.9293,0.267168,0.0885632,0.220237,0.402127,0.340943,0.444676,0.340234,0.785619,0.177508,4.65896,0.317057,,-0.747428,90.7027,15.5426,116.081,-0.747428,-0.8,11.607799112796783,-8.379623234272003,2.53915,98.11000061035156,,,,,,,802.3,5.457823129,802.3,5.457823129,,,,,,,,,,,,,,,,,,,"Bryan Reynolds","19326",668804
"Masyn Winn","STL",142.764,614.252,563.479,143.943,98.1712,28.1946,4.04951,13.528,71.8166,62.2174,39.7744,0.408164,110.828,3.42617,4.48159,3.09044,10.1286,16.1639,4.02167,0.255454,0.0647525,0.180427,0.358885,0.30621,0.391888,0.304032,0.698098,0.136434,5.64801,0.293989,,0.49144,68.815,-3.03905,95.7687,0.49144,0.13,-2.616549700498581,6.739444613456726,2.53452,157.3800048828125,,,,,,,627.2,4.386013986,627.2,4.386013986,,,,,,,,,,,,,,,,,,,"Masyn Winn","27479",691026
"J.T. Realmuto","PHI",112.783,449.733,400.602,101.689,64.4559,19.4696,2.3444,15.4189,57.783,54.7909,31.1473,0.900383,110.366,7.22843,3.18632,0.410745,7.46884,10.285,3.09364,0.25384,0.0692573,0.245403,0.282218,0.316771,0.429614,0.323242,0.746384,0.175773,5.58067,0.31032,,-0.000419234,57.3375,4.7286,106.641,-0.000419234,-1.99,3.5712737092690077,5.9090940952301025,2.52304,140.24000549316406,,,,,,,502.3,4.445132743,502.3,4.445132743,,,,,,,,,,,,,,,,,,,"J.T. Realmuto","11739",592663
"Teoscar Hernández","LAD",145.443,618.663,563.659,145.953,89.2562,26.8911,1.5989,28.2068,84.6565,87.1928,44.3841,1.36366,178.282,6.56927,3.55629,0.49441,10.7175,10.2879,2.58585,0.258938,0.071742,0.288172,0.248955,0.318532,0.462447,0.335867,0.780978,0.203508,4.73964,0.326414,,-0.0855389,85.161,12.791,117.426,-0.0855389,-2.27,12.806599579751492,-9.003471851348877,2.51664,56.880001068115234,,,,,,,770.1,5.311034482,770.1,5.311034482,,,,,,,,,,,,,,,,,,,"Teoscar Hernandez","13066",606192
"Jung Hoo Lee","SFG",116.148,492.787,445.966,126.094,83.7219,30.4912,3.21741,8.66387,60.1851,52.9265,38.2519,1.85318,49.0556,3.97689,4.04086,0.551809,10.5178,6.8606,2.24393,0.282745,0.0776235,0.0995473,0.779765,0.341957,0.423826,0.332167,0.765783,0.141082,4.8079,0.299349,,-0.516116,66.3661,8.72084,115.205,-0.516116,-1.62,8.443585276603699,-0.6423233151435852,2.49743,233.94000244140625,,,,,,,582,5.017241379,582,5.017241379,,,,,,,,,,,,,,,,,,,"Jung Hoo Lee","33824",808982
"Alec Bohm","PHI",141.001,599.247,547.642,148.858,102.328,29.33,1.24768,15.9524,68.7705,71.8873,40.2448,1.26855,91.9419,4.77283,6.12443,0.462699,13.295,3.86902,1.35482,0.271816,0.0671589,0.153429,0.43772,0.323782,0.417317,0.321319,0.741099,0.145501,3.2753,0.29808,,-0.927808,75.4718,5.37307,105.347,-0.927808,-0.88,2.90374094247818,0.5541431903839111,2.41433,164.69000244140625,,,,,,,666.4,4.726241134,666.4,4.726241134,,,,,,,,,,,,,,,,,,,"Alec Bohm","21618",664761
"Xavier Edwards","MIA",134.589,574.646,514.029,143.633,111.753,24.4258,3.65082,3.80333,68.1788,41.8467,46.9605,1.78629,83.6002,2.42788,4.14355,7.08475,10.9746,30.9612,6.13415,0.279426,0.0817207,0.145481,0.561727,0.340089,0.363346,0.310466,0.703435,0.0839201,6.36803,0.324604,,2.45018,67.3537,0.132755,96.0095,2.45018,-1.6,-0.2919585704803467,4.433163523674011,2.40045,139.80999755859375,,,,,,,611.5,4.529629629,611.5,4.529629629,,,,,,,,,,,,,,,,,,,"Xavier Edwards","22266",669364
"Sean Murphy","ATL",80.917,316.717,276.493,64.2389,39.226,12.7417,0.548977,11.7222,38.5239,38.9255,30.2811,0.49208,75.9868,6.87387,1.93047,0.312956,6.40714,0.213342,0.0832711,0.232335,0.0956092,0.23992,0.398504,0.321296,0.409577,0.320381,0.730873,0.177242,2.3823,0.275369,,-0.590004,39.6496,2.60062,104.112,-0.590004,5.47,0.9673640131950378,11.713595390319824,2.39695,295.67999267578125,,,,,,,349.6,4.316049382,349.6,4.316049382,,,,,,,,,,,,,,,,,,,"Sean Murphy","19352",669221
"Nolan Arenado","STL",142.909,605.977,552.024,140.105,93.3583,26.2962,1.3418,19.1087,66.0415,73.9007,43.1618,2.04551,90.7447,4.46706,5.76046,0.563846,10.2416,3.62675,1.02259,0.253802,0.0712268,0.149749,0.47564,0.310092,0.410147,0.311837,0.720239,0.156344,3.16104,0.270123,,-0.785392,71.6948,0.808775,101.022,-0.785392,1.19,-0.044624388217926025,3.02000093460083,2.3876,222.5399932861328,,,,,,,637.5,4.458041958,637.5,4.458041958,,,,,,,,,,,,,,,,,,,"Nolan Arenado","9777",571448
"Brandon Nimmo","NYM",131.017,564.455,485.988,119.295,75.5606,22.5529,3.83955,17.3416,71.8607,59.7633,64.0791,0.566848,127.775,9.56942,3.15781,1.66072,10.7322,4.89409,1.79865,0.245468,0.113524,0.226369,0.501499,0.342831,0.414725,0.333001,0.757556,0.169257,4.61484,0.29635,,-0.922794,76.3969,10.368,117.312,-0.922794,0.67,10.762745261192322,-6.693590700626373,2.35802,193.07000732421875,,,,,,,655.6,5.004580152,655.6,5.004580152,,,,,,,,,,,,,,,,,,,"Brandon Nimmo","12927",607043
"Willson Contreras","STL",129.151,544.855,463.766,115.273,70.021,22.0649,1.25966,21.9271,71.9935,69.3928,57.0856,0.995657,135.512,16.5968,3.2509,0.794294,11.9344,5.80037,1.70574,0.248558,0.104772,0.248712,0.421259,0.349464,0.443409,0.346428,0.792873,0.194851,4.14768,0.301525,,-0.657069,79.6323,15.8963,124.304,-0.657069,-0.37,15.178034782409668,-11.169663548469543,2.28446,72.54000091552734,,,,,,,684.1,5.303100775,684.1,5.303100775,,,,,,,,,,,,,,,,,,,"Willson Contreras","11609",575929
"Ezequiel Tovar","COL",148.562,638.22,596.917,156.517,97.2688,33.9011,3.44751,21.8992,76.4518,78.0432,28.6202,0.326635,171.794,4.87708,4.90246,2.90347,8.69704,12.1407,2.98893,0.262208,0.0448438,0.269177,0.166596,0.299085,0.440615,0.31759,0.7397,0.178406,5.34748,0.329843,,0.188124,78.4646,3.80689,90.3214,0.188124,1.19,-7.198451057076454,8.067870140075684,2.28079,129.3000030517578,,,,,,,721.1,4.839597315,721.1,4.839597315,,,,,,,,,,,,,,,,,,,"Ezequiel Tovar","24064",678662
"Gabriel Moreno","ARI",117.035,446.774,399.459,107.894,77.1066,21.9074,1.60842,7.27141,51.7136,48.0541,38.7002,0.801678,76.9786,4.64614,3.40253,0.566056,10.9135,4.76854,1.51152,0.2701,0.0866215,0.172299,0.50274,0.338945,0.387605,0.319689,0.72655,0.117505,3.99688,0.315815,,-0.602806,55.6823,3.41955,103.204,-0.602806,-2.3,1.1090372800827026,5.907448053359985,2.25842,184.36000061035156,,,,,,,482.7,4.125641025,482.7,4.125641025,,,,,,,,,,,,,,,,,,,"Gabriel Moreno","22664",672515
"Brendan Donovan","STL",131.273,553.172,490.326,132.313,93.4305,25.3999,1.82174,11.661,64.3236,59.5105,46.8715,1.20121,76.4139,10.6478,4.08644,1.23991,12.9716,5.19896,1.71891,0.269847,0.0847323,0.138138,0.61339,0.343941,0.400426,0.327164,0.744367,0.130579,3.86106,0.296925,,-0.838258,72.2713,7.56226,111.338,-0.838258,0.63,6.661919116973877,-3.2734051942825317,2.24899,248.27000427246094,,,,,,,623.8,4.761832061,623.8,4.761832061,,,,,,,,,,,,,,,,,,,"Brendan Donovan","24679",680977
"Oneil Cruz","PIT",143.122,609.25,549.975,135.313,81.7345,28.1228,3.30399,22.1515,80.1801,73.4142,51.3948,2.80111,177.885,3.80968,3.62195,0.448775,8.86029,23.4857,5.22049,0.246035,0.0843574,0.291974,0.288921,0.312938,0.430016,0.320513,0.742955,0.183982,6.19152,0.320062,,1.52414,76.3362,5.06733,102.807,1.52414,-4.09,3.5691386461257935,-2.273980498313904,2.22531,37.369998931884766,,,,,,,705.8,4.935664335,705.8,4.935664335,,,,,,,,,,,,,,,,,,,"Oneil Cruz","21711",665833
"Jake Cronenworth","SDP",137.62,578.921,509.875,122.196,78.6476,25.8402,3.37496,14.3332,66.9258,60.7517,52.9918,1.4471,106.225,9.16392,4.933,0.959831,10.4037,4.85965,1.37057,0.239659,0.0915355,0.183488,0.498863,0.31952,0.38791,0.310371,0.70743,0.148251,4.43146,0.27359,,-0.683017,67.8105,0.0894696,102.244,-0.683017,0.17,0.8707184195518494,1.383580133318901,2.22025,284.07000732421875,,,,,,,590,4.275362318,590,4.275362318,,,,,,,,,,,,,,,,,,,"Jake Cronenworth","18036",630105
"Eugenio Suárez","ARI",142.881,598.251,529.663,122.834,73.1516,24.0002,1.42867,24.2538,70.0543,84.0663,53.4259,0.114086,172.898,8.78283,4.91122,0.503725,8.56409,1.39779,0.383516,0.231911,0.0893035,0.289006,0.309003,0.310068,0.419991,0.317852,0.730059,0.18808,2.93675,0.292158,,-0.943188,73.6767,3.69444,101.968,-0.943188,-0.83,0.4645625352859497,0.9694448113441467,2.20189,168.66000366210938,,,,,,,647.6,4.528671328,647.6,4.528671328,,,,,,,,,,,,,,,,,,,"Eugenio Suarez","12552",553993
"Marcell Ozuna","ATL",146.131,618.832,550.081,141.532,83.7498,25.1506,0.65429,31.9778,83.3983,92.6616,60.0826,1.15053,150.095,3.84497,4.33848,0.485439,11.1671,1.45303,0.326273,0.257294,0.0970903,0.242546,0.400297,0.332273,0.479793,0.348927,0.812067,0.222499,2.44323,0.294228,,-0.997988,91.6892,19.2994,123.326,-0.997988,0,16.26301747560501,-15.690803527832031,2.18354,68.76000213623047,,,,,,,818.1,5.603424657,818.1,5.603424657,,,,,,,,,,,,,,,,,,,"Marcell Ozuna","10324",542303
"Luis Arraez","SDP",143.82,629.274,580.693,181.27,142.529,30.543,2.63383,5.5645,72.106,67.0016,37.0217,4.29035,31.8409,5.0234,5.05938,1.4762,15.1957,7.11501,3.24003,0.312162,0.0588324,0.0505995,1.16271,0.355712,0.402578,0.329989,0.75829,0.0904164,3.83695,0.320428,,-1.3121,83.6444,10.0331,115.448,-1.3121,2.22,10.312644243240356,-10.159568071365356,2.1761,185.14999389648438,,,,,,,726.9,5.047916666,726.9,5.047916666,,,,,,,,,,,,,,,,,,,"Luis Arraez","18568",650333
"Nico Hoerner","CHC",123.365,520.136,473.41,129.061,98.7556,21.881,2.28387,6.14093,62.6118,47.8292,33.6918,0.918207,59.9968,8.63751,3.60996,0.731677,10.8191,25.3445,5.97582,0.272621,0.0647751,0.115348,0.561561,0.33001,0.367404,0.307748,0.697415,0.0947836,5.85247,0.299162,,1.54241,59.8267,-1.01784,99.3475,1.54241,0.47,1.1365306973457336,2.4175457656383514,2.15268,203.32000732421875,,,,,,,540.7,4.395934959,540.7,4.395934959,,,,,,,,,,,,,,,,,,,"Nico Hoerner","21479",663538
"Tyler Stephenson","CIN",103.548,407.209,362.427,92.6147,61.4218,16.9008,0.652509,13.6396,46.4223,51.8328,35.5519,0.902094,97.5959,5.63657,3.14741,0.383987,8.83699,0.705815,0.230902,0.25554,0.0873063,0.23967,0.364277,0.328946,0.418675,0.325945,0.747621,0.163135,2.42547,0.310511,,-0.755078,52.8017,5.16718,102.575,-0.755078,2.01,0.4989315867424011,6.64924693107605,2.13619,185.97000122070312,,,,,,,473.3,4.550961538,473.3,4.550961538,,,,,,,,,,,,,,,,,,,"Tyler Stephenson","17988",663886
"Josh Naylor","ARI",137.931,585.531,524.073,141.045,88.0638,28.7392,0.815867,23.4265,73.9567,86.1919,49.539,6.3025,89.195,6.54469,4.8862,0.486109,13.1276,7.72557,2.45001,0.269133,0.0846053,0.152332,0.555401,0.336948,0.461187,0.341293,0.798135,0.192054,3.61757,0.282508,,-0.535088,83.1573,14.663,117.745,-0.535088,0.08,11.88981968164444,-11.198946878314018,2.08147,100.47000122070312,,,,,,,752.2,5.450724637,752.2,5.450724637,,,,,,,,,,,,,,,,,,,"Josh Naylor","18839",647304
"Keibert Ruiz","WSN",122.931,480.658,444.54,106.51,72.7728,20.5033,0.406078,12.8279,44.3375,56.0356,25.2664,0.682155,56.0766,5.72402,4.26389,0.863676,8.80871,2.30455,0.69372,0.239596,0.0525663,0.116666,0.45057,0.286582,0.374115,0.287796,0.660697,0.134519,2.64042,0.246597,,-0.633612,47.5674,-8.659,83.7371,-0.633612,4.66,-9.98113340139389,14.145416259765625,2.08017,209.4499969482422,,,,,,,431.3,3.506504065,431.3,3.506504065,,,,,,,,,,,,,,,,,,,"Keibert Ruiz","19610",660688
"Bryson Stott","PHI",138.739,564.711,510.934,129.34,90.4546,24.2051,2.71362,11.9662,69.2,54.4669,44.8728,1.15199,97.4253,3.33558,4.50879,1.05955,8.71546,23.6622,5.7021,0.253143,0.0794615,0.172522,0.460587,0.314996,0.3814,0.304873,0.696396,0.128257,5.92681,0.28906,,1.33775,63.6471,-2.41172,94.2774,1.33775,0.9,-2.52664577960968,3.090252995491028,1.99686,172.64999389648438,,,,,,,583.7,4.199280575,583.7,4.199280575,,,,,,,,,,,,,,,,,,,"Bryson Stott","26294",681082
"Joey Ortiz","MIL",135.532,538.587,485.488,117.297,79.6269,23.9375,3.5842,10.1487,58.5604,53.2371,43.3581,0.64743,111.572,4.71633,3.16455,1.86002,10.0949,11.1453,3.20779,0.241607,0.0805035,0.207157,0.38861,0.308112,0.368391,0.297653,0.676503,0.126784,5.20828,0.292012,,-0.0728861,57.5729,-5.42996,89.6352,-0.0728861,1.51,-6.748294420540333,7.64362645149231,1.94143,265.2799987792969,,,,,,,513.1,3.772794117,513.1,3.772794117,,,,,,,,,,,,,,,,,,,"Joey Ortiz","25493",687401
"Seiya Suzuki","CHC",127.837,553.704,485.316,124.644,78.9966,24.3281,2.30314,19.0162,71.859,68.3531,58.0349,2.15036,138.618,5.90785,3.98825,0.457249,8.58362,13.1761,4.22557,0.256831,0.104812,0.250346,0.418669,0.340873,0.434,0.336737,0.774873,0.177169,5.00675,0.318472,,-0.187323,76.6069,11.8357,118.859,-0.187323,-0.02,12.29981929063797,-12.251317519694567,1.90587,84.3499984741211,,,,,,,680.1,5.31328125,680.1,5.31328125,,,,,,,,,,,,,,,,,,,"Seiya Suzuki","30116",673548
"Pete Crow-Armstrong","CHC",133.551,533.158,487.615,116.193,76.2506,22.1365,5.19172,12.6141,65.8967,51.3421,31.4708,2.36883,141.038,6.72001,3.42928,3.92294,6.16823,24.7578,6.51659,0.238288,0.0590272,0.264532,0.223138,0.291711,0.382587,0.2923,0.674298,0.144299,7.17224,0.306998,,1.42777,54.6957,-7.6721,88.9502,1.42777,4.27,-5.617056846618652,6.330971956253052,1.90406,127.38999938964844,,,,,,,518,3.865671641,518,3.865671641,,,,,,,,,,,,,,,,,,,"Pete Crow-Armstrong","27769",691718
"Christian Yelich","MIL",117.31,508.858,438.862,115.161,77.3586,21.0756,2.22341,14.5038,66.325,57.9371,62.5186,4.52128,110.225,3.30125,2.96054,1.10682,11.6623,20.6956,4.33395,0.262409,0.122861,0.216612,0.567192,0.356513,0.419711,0.338395,0.776224,0.157302,5.62308,0.317438,,1.2895,71.0812,11.5559,117.057,1.2895,-0.25,11.668727278709412,-10.273098945617676,1.89104,112.05000305175781,,,,,,,645,5.512820512,645,5.512820512,,,,,,,,,,,,,,,,,,,"Christian Yelich","11477",592885
"Joey Bart","PIT",100.126,378.673,341.832,80.4997,53.3016,14.1173,0.798969,12.2818,40.4237,45.6265,26.898,0.0947705,105.932,7.38957,2.14465,0.408276,7.46959,1.06977,0.308939,0.235495,0.0710324,0.279744,0.253919,0.303458,0.389256,0.303943,0.692714,0.153762,2.74839,0.302165,,-0.601712,42.3958,-1.90064,91.6542,-0.601712,2.84,-4.380842447280884,9.937234163284302,1.87383,258.5799865722656,,,,,,,369,3.69,369,3.69,,,,,,,,,,,,,,,,,,,"Joey Bart","21524",663698
"Luis García Jr.","WSN",135.421,552.502,514.546,137.881,96.4081,24.3716,2.45244,14.6493,62.9065,64.6581,30.0135,2.10474,88.6047,1.85369,5.07321,1.01593,11.3942,14.2216,5.20577,0.267967,0.0543229,0.16037,0.338735,0.307802,0.410276,0.309565,0.718079,0.142309,5.02534,0.295971,,-0.259847,64.3576,-0.273015,98.3889,-0.259847,-1.01,-1.3242967128753662,1.0798301696777344,1.87149,127.55999755859375,,,,,,,588.4,4.358518518,588.4,4.358518518,,,,,,,,,,,,,,,,,,,"Luis Garcia Jr.","20391",671277
"Brenton Doyle","COL",142.14,594.851,542.887,135.511,85.5748,24.7127,4.24779,20.9757,79.2846,64.86,40.0121,0.677375,172.387,4.5764,4.41781,2.95736,7.72123,25.7264,5.67096,0.249612,0.067264,0.289799,0.232106,0.304277,0.426694,0.315623,0.730971,0.177082,6.76196,0.323599,,1.82655,72.1909,2.60633,88.9973,1.82655,2.14,-5.9999507665634155,4.3335185050964355,1.87001,71.72000122070312,,,,,,,678.9,4.780985915,678.9,4.780985915,,,,,,,,,,,,,,,,,,,"Brenton Doyle","25479",686668
"Mark Vientos","NYM",144.393,601.691,549,127.627,76.5065,24.1024,0.720779,26.2969,67.9285,79.6727,43.1753,1.28028,178.967,5.08847,3.93532,0.491442,11.0371,0.643428,0.286915,0.232471,0.0717566,0.29744,0.241248,0.292566,0.422697,0.308828,0.715263,0.190227,2.03726,0.291452,,-0.962152,69.7304,-0.654262,101.043,-0.962152,-2.93,-0.2119516134262085,-1.6868505477905273,1.8695,105.8499984741211,,,,,,,633.4,4.398611111,633.4,4.398611111,,,,,,,,,,,,,,,,,,,"Mark Vientos","22184",668901
"Tommy Edman","LAD",129.117,525.562,479.317,117.191,78.7816,22.2896,2.99877,13.1214,68.6983,52.95,35.764,1.11476,93.9651,4.8728,3.79283,1.81587,8.79595,25.1735,4.38272,0.244497,0.068049,0.17879,0.380609,0.301345,0.385638,0.299394,0.686983,0.141141,6.8183,0.276765,,2.32597,56.9169,-4.56229,92.8774,2.32597,0.58,-2.150399923324585,2.618351995944977,1.85258,169.00999450683594,,,,,,,538.6,4.175193798,538.6,4.175193798,,,,,,,,,,,,,,,,,,,"Tommy Edman","19470",669242
"Brandon Marsh","PHI",127.337,494.657,435.802,104.709,67.2274,19.9495,3.12507,14.4067,63.0822,50.5448,50.4446,1.34107,155.335,3.64094,2.69952,2.06949,6.81031,13.6206,3.91732,0.240266,0.101979,0.314026,0.324747,0.322367,0.399558,0.31605,0.721925,0.159291,5.86757,0.335995,,0.190718,60.2013,2.33723,101.8,0.190718,-0.19,1.2554802894592285,-0.5539032220840454,1.77061,309.3299865722656,,,,,,,536.1,4.221259842,536.1,4.221259842,,,,,,,,,,,,,,,,,,,"Brandon Marsh","20202",669016
"Miguel Amaya","CHC",92.818,333.386,297.182,67.5289,45.8066,13.0802,0.634672,8.00746,32.8322,35.2486,24.7901,0.702354,71.3621,6.64586,2.24593,2.52261,6.97067,0.600563,0.153008,0.227231,0.0743584,0.214053,0.347384,0.299111,0.356351,0.289567,0.655462,0.12912,2.52605,0.270481,,-0.545944,33.468,-5.53082,87.1105,-0.545944,4.13,-5.684526741504669,11.291882991790771,1.72363,340.9800109863281,,,,,,,300.3,3.229032258,300.3,3.229032258,,,,,,,,,,,,,,,,,,,"Miguel Amaya","21693",665804
"James Wood","WSN",133.478,569.568,503.946,130.717,82.8502,28.1557,3.05535,16.6561,72.6983,64.2409,57.4292,2.01618,157.495,4.32493,3.43305,0.434676,10.4155,16.254,4.72174,0.259388,0.100829,0.276516,0.364642,0.338184,0.426538,0.332678,0.764722,0.16715,5.50638,0.342292,,0.2131,76.9412,10.3142,113.946,0.2131,-5.03,9.711446732282639,-12.071797847747803,1.71155,53.29999923706055,,,,,,,687.1,5.166165413,687.1,5.166165413,,,,,,,,,,,,,,,,,,,"James Wood","29518",695578
"Ryan McMahon","COL",144.101,611.94,539.463,129.33,80.4965,26.0215,1.61987,21.1925,72.4037,72.2777,64.5261,2.27025,177.514,3.56628,3.98743,0.397542,10.5957,6.7607,2.24304,0.239739,0.105445,0.290084,0.363498,0.322828,0.411834,0.320218,0.734662,0.172095,3.91029,0.313676,,-0.711115,76.528,4.94444,92.0902,-0.711115,0.49,-6.49922651052475,2.713780641555786,1.70983,272.17999267578125,,,,,,,682.3,4.738194444,682.3,4.738194444,,,,,,,,,,,,,,,,,,,"Ryan McMahon","15112",641857
"Garrett Mitchell","MIL",114.945,452.234,401.266,92.7896,59.5608,16.7776,2.78932,13.6619,56.6497,46.9828,42.268,0.79595,140.21,4.1628,2.35894,2.17777,7.14947,19.5297,3.84796,0.231242,0.0934649,0.310038,0.301463,0.30934,0.389096,0.306228,0.698436,0.157855,6.60189,0.316823,,1.51725,51.4632,-1.43825,95.4067,1.51725,2.57,-0.9667669534683228,2.3165937960147858,1.69192,244.66000366210938,,,,,,,482.6,4.196521739,482.6,4.196521739,,,,,,,,,,,,,,,,,,,"Garrett Mitchell","27555",669003
"Geraldo Perdomo","ARI",130.09,520.725,448.403,104.8,76.2726,19.9639,2.61847,5.94512,57.9745,37.4878,50.6661,1.20633,92.7034,5.77543,3.73833,12.1424,10.2015,14.1076,3.64331,0.233719,0.0972992,0.178027,0.54654,0.317041,0.329695,0.289501,0.646736,0.0959767,5.39229,0.279652,,0.308037,52.247,-8.66638,82.8859,0.308037,3.34,-10.348708927631378,9.362684965133667,1.68581,430.2699890136719,,,,,,,457.9,3.522307692,457.9,3.522307692,,,,,,,,,,,,,,,,,,,"Geraldo Perdomo","22799",672695
"Lars Nootbaar","STL",120.049,499.346,431.484,102.837,67.0853,19.2135,1.84611,14.6926,59.9434,53.9973,61.3902,2.11451,102.016,2.17725,3.2968,0.997672,10.5137,6.91256,2.31356,0.238334,0.122941,0.2043,0.601768,0.333913,0.393574,0.319845,0.727487,0.15524,4.34901,0.277123,,-0.568971,62.2975,3.88492,106.412,-0.568971,0.64,3.259911596775055,-3.9677690267562866,1.64114,258.2900085449219,,,,,,,550,4.583333333,550,4.583333333,,,,,,,,,,,,,,,,,,,"Lars Nootbaar","21454",663457
"Nathaniel Lowe","WSN",139.834,586.569,511.313,132.64,94.0854,21.9592,1.68546,14.9104,66.1382,64.7652,66.8229,1.49853,128.209,4.0904,3.84113,0.501146,14.1147,1.7626,0.634665,0.259411,0.113922,0.218575,0.521202,0.347321,0.396433,0.327944,0.743754,0.137022,2.83645,0.316449,,-1.19494,77.0025,8.3868,110.759,-1.19494,0.34,6.351630806922913,-10.449660450220108,1.59045,262.8599853515625,,,,,,,664,4.742857142,664,4.742857142,,,,,,,,,,,,,,,,,,,"Nathaniel Lowe","19566",663993
"Brice Turang","MIL",139.088,564.299,509.484,124.549,90.6962,23.0045,3.00947,7.8389,64.9322,47.7983,45.7659,1.16999,106.795,2.165,4.02437,2.8594,8.58356,33.6406,5.83547,0.244461,0.0811021,0.189252,0.428541,0.30721,0.347585,0.289091,0.654795,0.103124,6.45026,0.292598,,3.27985,56.4327,-9.57787,83.8724,3.27985,1.32,-7.602915048599243,3.824156165122986,1.54697,145.1300048828125,,,,,,,541.8,3.897841726,541.8,3.897841726,,,,,,,,,,,,,,,,,,,"Brice Turang","22186",668930
"Jurickson Profar","ATL",137.683,585.511,507.483,126.615,84.5923,25.1594,1.44509,15.418,72.2485,61.6688,62.3099,1.67349,96.4161,8.30702,4.25083,2.91468,12.4475,5.88876,1.75781,0.249496,0.10642,0.16467,0.646261,0.338682,0.395911,0.32344,0.734593,0.146416,3.78178,0.278062,,-0.745942,74.7415,6.24951,106.171,-0.745942,-1.69,3.574923574924469,-8.300294876098633,1.52203,192.1999969482422,,,,,,,639.2,4.631884057,639.2,4.631884057,,,,,,,,,,,,,,,,,,,"Jurickson Profar","10815",595777
"Nick Gonzales","PIT",109.469,453.386,413.6,106.914,70.3769,24.5791,2.82285,9.13486,49.4387,49.5048,28.2427,0.869454,103.362,6.78554,3.69962,1.05809,7.94453,4.9599,1.4803,0.258495,0.0622929,0.227977,0.273242,0.313803,0.397831,0.309767,0.711635,0.139336,4.61709,0.320793,,-0.43259,52.8858,-0.150446,95.5741,-0.43259,0.11,-2.8321615755558014,2.4548996537923813,1.51751,408.55999755859375,,,,,,,471.1,4.322018348,471.1,4.322018348,,,,,,,,,,,,,,,,,,,"Nick Gonzales","27490",693304
"Matt Shaw","CHC",114.086,467.057,425.658,103.748,71.0971,17.9554,2.06078,12.6348,54.6833,50.8721,32.1985,0.836518,101.99,5.37875,2.92171,0.900275,8.25703,13.9037,3.8127,0.243736,0.0689391,0.218368,0.315701,0.303171,0.38465,0.300589,0.687821,0.140914,5.4903,0.290212,,0.385481,51.0304,-3.60504,94.5291,0.385481,0,-2.670049697160721,1.7605862617492676,1.50948,999,,,,,,,468.6,4.110526315,468.6,4.110526315,,,,,,,,,,,,,,,,,,,"Matt Shaw","33322",807713
"Lourdes Gurriel Jr.","ARI",130.834,552.368,509.866,140.102,93.3794,27.662,1.69052,17.3703,66.7397,74.3344,32.0171,0.710815,98.8061,5.19136,4.80371,0.471874,10.9666,6.32048,1.6965,0.274782,0.0579633,0.178877,0.324039,0.321286,0.437872,0.327736,0.759158,0.16309,4.16219,0.30799,,-0.44804,72.4202,7.80523,108.62,-0.44804,-0.54,5.2458803951740265,-9.019981443881989,1.50649,219.75999450683594,,,,,,,643.2,4.909923664,643.2,4.909923664,,,,,,,,,,,,,,,,,,,"Lourdes Gurriel Jr.","19238",666971
"Jake McCarthy","ARI",124.342,493.805,444.703,115.283,82.7985,20.7042,4.52921,7.25082,64.8414,42.6504,33.4226,0.779802,90.399,7.94983,3.15226,4.57749,9.00117,29.7048,5.42625,0.259235,0.0676839,0.183066,0.369724,0.320209,0.375077,0.305579,0.695286,0.115842,7.56713,0.308482,,2.76944,55.9363,-1.82807,93.7078,2.76944,-0.54,-0.9460949897766113,-1.2141934633255005,1.47212,220.74000549316406,,,,,,,520.2,4.19516129,520.2,4.19516129,,,,,,,,,,,,,,,,,,,"Jake McCarthy","21622",664983
"Connor Norby","MIA",120.771,486.771,442.759,106.859,67.6042,23.2536,1.91479,14.0862,54.2571,54.449,36.1394,0.42332,140.289,4.49064,2.9632,0.419084,6.89292,8.79263,2.64951,0.241348,0.0742432,0.288204,0.257606,0.303255,0.39796,0.305684,0.701216,0.156613,4.78722,0.318427,,-0.165431,55.1803,-1.76122,92.7906,-0.165431,-0.88,-4.3619115203619,0.9837499856948853,1.32219,282.1600036621094,,,,,,,494.6,4.087603305,494.6,4.087603305,,,,,,,,,,,,,,,,,,,"Connor Norby","29592",681393
"Tyler Fitzgerald","SFG",132.329,526.602,481.788,111.114,68.5852,23.4209,2.48067,16.6275,63.8611,55.566,32.9661,0.253675,163.757,6.50016,3.34839,1.999,6.18474,17.0168,4.03147,0.230629,0.0626015,0.310969,0.201311,0.287037,0.393076,0.295797,0.680113,0.162447,6.18034,0.310045,,0.919806,55.5053,-6.09556,90.7255,0.919806,0.11,-4.920498490333557,0.06019226834177971,1.30586,242.5800018310547,,,,,,,518.6,3.928787878,518.6,3.928787878,,,,,,,,,,,,,,,,,,,"Tyler Fitzgerald","26208",666149
"Carson Kelly","CHC",80.564,297.404,265.266,58.4672,39.8181,10.497,0.417677,7.73447,28.9104,32.9097,25.3127,0.319004,61.8771,3.68819,2.15117,0.337096,5.59118,0.758469,0.24491,0.22041,0.0851122,0.208057,0.409081,0.295084,0.350603,0.285961,0.645687,0.130193,2.31868,0.256478,,-0.488127,28.9927,-5.797,84.6836,-0.488127,2.17,-5.935221970081329,8.386358261108398,1.27413,533.52001953125,,,,,,,252.9,3.122222222,252.9,3.122222222,,,,,,,,,,,,,,,,,,,"Carson Kelly","13620",608348
"TJ Friedl","CIN",117.446,494.801,436.016,106.381,69.6334,17.8182,3.39458,15.5353,61.6282,53.3417,40.0783,0.769638,82.5942,9.91488,4.0127,4.77923,7.8203,15.3147,3.44169,0.243985,0.0809989,0.166924,0.485244,0.319118,0.407313,0.317252,0.72643,0.163327,5.92809,0.26571,,0.730959,60.6977,2.81684,96.7245,0.730959,-4.73,-1.2071053385734558,-2.917561888694763,1.27266,247.4199981689453,,,,,,,547.4,4.678632478,547.4,4.678632478,,,,,,,,,,,,,,,,,,,"TJ Friedl","19522",670770
"Isiah Kiner-Falefa","PIT",123.22,484.883,447.449,116.751,91.5208,17.3577,2.0917,5.78116,52.6623,42.3008,24.3485,0.343254,77.3428,6.47415,3.18788,2.64478,11.2262,16.4699,4.37127,0.260926,0.0502152,0.159508,0.314813,0.306514,0.347829,0.288598,0.654343,0.0869027,5.3702,0.301949,,0.560703,48.2984,-8.4223,81.326,0.560703,0.44,-10.266972661018372,5.952068269252777,1.21897,373.9700012207031,,,,,,,434.5,3.532520325,434.5,3.532520325,,,,,,,,,,,,,,,,,,,"Isiah Kiner-Falefa","16512",643396
"Spencer Steer","CIN",118.263,498.427,438.186,107,63.8295,24.2761,1.70923,17.1848,61.8138,60.8256,48.7292,0.72252,102.574,7.17179,3.95538,0.385016,7.1568,11.4206,2.71241,0.244188,0.097766,0.205795,0.475064,0.327082,0.425045,0.327596,0.752127,0.180857,4.89108,0.278597,,0.246308,65.292,6.98702,103.687,0.246308,1.03,2.443577542901039,-7.82147479057312,1.15568,177.8000030517578,,,,,,,582.5,4.936440677,582.5,4.936440677,,,,,,,,,,,,,,,,,,,"Spencer Steer","26323",668715
"Michael Conforto","LAD",119.057,481.173,422.352,100.719,62.112,19.2445,0.87021,18.4921,58.7875,62.4095,47.3236,2.03137,109.998,7.31468,3.7943,0.388143,9.13869,1.2132,0.367013,0.238471,0.0983505,0.228605,0.430221,0.323132,0.419508,0.323071,0.742641,0.181037,2.76353,0.276248,,-0.811414,61.2796,4.9929,108.814,-0.811414,-3.62,4.260152518749237,-9.131897926330566,1.14872,272.1300048828125,,,,,,,537.5,4.516806722,537.5,4.516806722,,,,,,,,,,,,,,,,,,,"Michael Conforto","16376",624424
"Heliot Ramos","SFG",129.74,546.32,497.599,124.577,80.4217,23.9532,2.19963,18.0029,65.9726,63.2911,39.1782,1.1956,146.251,5.21906,3.51798,0.805575,10.1292,7.97558,2.66217,0.250357,0.0717128,0.267702,0.267883,0.309753,0.415874,0.31468,0.725626,0.165517,4.64416,0.316373,,-0.458766,65.8867,1.97924,103.435,-0.458766,-1.6,1.7852829694747925,-8.910214066505432,1.13966,200.07000732421875,,,,,,,591,4.546153846,591,4.546153846,,,,,,,,,,,,,,,,,,,"Heliot Ramos","22515",671218
"Ke'Bryan Hayes","PIT",124.116,513.44,472.105,117.27,84.2054,21.3201,2.48341,9.26128,56.2438,50.387,33.5354,0.785004,99.2403,3.32743,3.96766,0.504545,10.2714,14.8344,3.63948,0.248399,0.065315,0.193285,0.337921,0.300492,0.36293,0.290707,0.663422,0.114531,5.4208,0.293845,,0.543553,52.0145,-8.04672,82.7456,0.543553,1.93,-10.050202071666718,3.8453701734542847,1.12181,362.1099853515625,,,,,,,468.4,3.777419354,468.4,3.777419354,,,,,,,,,,,,,,,,,,,"Ke'Bryan Hayes","18577",663647
"Jeimer Candelario","CIN",114.983,477.401,432.033,105.555,62.5191,22.4734,1.99565,18.5668,56.7673,63.8358,35.7971,0.760519,112.372,5.9322,3.20808,0.430583,7.87352,4.84056,1.37747,0.244322,0.0749834,0.235383,0.318559,0.308791,0.434504,0.321204,0.743296,0.190183,4.28336,0.285861,,-0.406543,60.0815,4.23604,99.384,-0.406543,-0.78,-0.7581935524940491,-4.378147840499878,1.10844,312.6600036621094,,,,,,,548.1,4.766086956,548.1,4.766086956,,,,,,,,,,,,,,,,,,,"Jeimer Candelario","13621",600869
"Jeff McNeil","NYM",101.084,409.297,370.833,93.363,65.9289,19.5541,0.927888,6.95211,42.2882,39.7777,27.3052,0.760044,55.8754,7.17155,2.74113,1.24568,8.52751,2.36328,0.85993,0.251765,0.0667124,0.136516,0.48868,0.313293,0.365742,0.299152,0.679035,0.113976,3.23784,0.278075,,-0.662066,44.2463,-3.63249,94.5303,-0.662066,-0.73,-3.339178681373596,0.36962854862213135,1.09842,446.95001220703125,,,,,,,382.3,3.785148514,382.3,3.785148514,,,,,,,,,,,,,,,,,,,"Jeff McNeil","15362",643446
"Dylan Crews","WSN",133.5,568.975,518.171,124.595,83.5092,24.28,3.16703,13.6384,66.6783,56.5474,38.1306,0.0130978,127.084,8.31827,3.42839,0.927059,9.3327,21.3921,6.89401,0.240451,0.0670162,0.223356,0.300042,0.301107,0.378493,0.298109,0.6796,0.138042,6.0407,0.291318,,0.460719,61.0302,-5.52741,90.6782,0.460719,3.23,-5.8817179799079895,-2.6526975631713867,1.07187,123.19000244140625,,,,,,,558.6,4.168656716,558.6,4.168656716,,,,,,,,,,,,,,,,,,,"Dylan Crews","33541",686611
"Andy Pages","LAD",83.001,332.433,299.587,71.0619,41.8415,16.5707,0.986965,11.6627,39.9579,41.8904,24.6994,0.993875,82.4548,5.52687,2.38659,0.233594,4.22725,3.09766,0.822295,0.2372,0.0742988,0.248034,0.29955,0.304901,0.415889,0.312401,0.72079,0.178689,4.14648,0.285771,,-0.274448,39.4819,0.594511,101.632,-0.274448,0.05,0.37441450357437134,-1.2308796159923077,1.05279,381.8599853515625,,,,,,,361.3,4.353012048,361.3,4.353012048,,,,,,,,,,,,,,,,,,,"Andy Pages","24816",681624
"Jacob Stallings","COL",89.669,325.2,286.164,68.8181,47.3947,13.1607,0.573794,7.68896,33.6428,33.4758,28.7042,0.486028,76.638,3.96421,2.37303,1.64549,6.81238,0.58499,0.182184,0.240485,0.0882663,0.235664,0.374542,0.315956,0.371093,0.303289,0.687048,0.130608,2.46299,0.299345,,-0.584844,36.2377,-1.80353,80.6955,-0.584844,0,-8.09191519021988,6.9189043045043945,0.995263,432.7200012207031,,,,,,,319.9,3.554444444,319.9,3.554444444,,,,,,,,,,,,,,,,,,,"Jacob Stallings","13723",607732
"Otto Lopez","MIA",113.233,455.11,419.87,109.294,80.3184,20.896,2.55598,5.52319,49.538,39.2944,26.4548,1.06856,82.508,3.62924,2.94144,2.21469,10.0284,15.0798,3.89225,0.260303,0.0581284,0.181292,0.320633,0.307748,0.36171,0.293305,0.669458,0.101406,5.56665,0.309966,,0.576665,47.0568,-6.18113,84.4586,0.576665,0.48,-7.881327867507935,2.333327144384384,0.989404,322.1099853515625,,,,,,,432.1,3.823893805,432.1,3.823893805,,,,,,,,,,,,,,,,,,,"Otto Lopez","19608",672640
"Alek Thomas","ARI",85.641,314.144,288.236,71.1666,47.1374,15.3405,1.99209,6.69662,36.4151,34.2452,20.503,0.956066,62.8872,2.44844,1.82746,1.12928,6.86781,6.16714,1.94998,0.246904,0.0652664,0.200186,0.326029,0.300683,0.383648,0.297802,0.684331,0.136744,5.3318,0.292408,,-0.101951,33.6186,-3.12933,88.4733,-0.101951,2.1,-4.4320321679115295,3.42162024974823,0.9741,558.010009765625,,,,,,,305.1,3.547674418,305.1,3.547674418,,,,,,,,,,,,,,,,,,,"Alek Thomas","23792",677950
"Jose Siri","NYM",101.299,389.769,357.382,73.437,41.6335,13.9521,1.63862,16.2127,48.7797,44.3014,25.0332,0.0466709,141.834,3.99108,2.27097,1.09226,4.22513,13.8479,3.6925,0.205486,0.0642257,0.363891,0.176497,0.263616,0.389792,0.283404,0.653408,0.184306,6.50731,0.283842,,0.716802,37.1948,-8.39962,83.9305,0.716802,1.56,-6.773017764091492,3.1232560873031616,0.961134,441.3900146484375,,,,,,,356.6,3.530693069,356.6,3.530693069,,,,,,,,,,,,,,,,,,,"Jose Siri","17452",642350
"Luis Campusano","SDP",64.976,236.353,217.928,52.3633,36.4486,9.28888,0.236439,6.38939,23.6757,26.6086,14.1209,0.247195,39.5763,2.28678,1.71735,0.30036,5.23379,0.0198168,0.00273967,0.240279,0.059745,0.167446,0.356803,0.291338,0.373029,0.290362,0.664366,0.13275,1.65935,0.264706,,-0.41236,23.8783,-3.76981,88.7769,-0.41236,0,-3.5843657553195953,5.013579845428467,0.959004,431.79998779296875,,,,,,,203.7,3.133846153,203.7,3.133846153,,,,,,,,,,,,,,,,,,,"Luis Campusano","22217",669134
"Elias Díaz","SDP",90.283,340.114,310.527,70.7743,49.6382,12.4975,0.463649,8.17493,32.9626,35.7111,21.5873,0.545393,76.4188,2.44477,2.41752,0.30055,7.27434,0.329576,0.0870394,0.227917,0.0634707,0.224686,0.282486,0.281344,0.350127,0.277019,0.63147,0.12221,2.05346,0.274137,,-0.546468,30.7085,-9.0774,79.7961,-0.546468,-0.25,-8.763618230819702,6.716280460357666,0.956164,481.6700134277344,,,,,,,268.6,2.984444444,268.6,2.984444444,,,,,,,,,,,,,,,,,,,"Elias Diaz","11680",553869
"Rhys Hoskins","MIL",129.852,539.678,468.18,101.465,55.4436,20.0003,1.19558,24.8254,62.1678,78.2998,59.44,0.541605,146.644,7.18766,3.77313,0.495683,6.77032,3.83898,1.03592,0.216722,0.11014,0.271726,0.405334,0.312103,0.423624,0.320651,0.735727,0.206902,3.5018,0.255054,,-0.610923,67.6793,4.54882,105.115,-0.610923,-0.82,2.6899277567863464,-11.379819214344025,0.955237,259.55999755859375,,,,,,,599.1,4.608461538,599.1,4.608461538,,,,,,,,,,,,,,,,,,,"Rhys Hoskins","16472",656555
"LaMonte Wade Jr.","SFG",111.737,449.465,378.719,87.3412,59.2361,15.1746,1.16968,11.7609,50.4689,44.0079,58.9612,2.88594,91.8132,5.7602,3.23541,2.78944,8.2579,2.0881,0.761205,0.230623,0.131181,0.204272,0.642186,0.340432,0.370031,0.315513,0.710463,0.139408,3.15613,0.271501,,-0.84622,54.5071,1.92952,103.995,-0.84622,1.2,1.30115807056427,-7.275963544845581,0.925945,433.6000061035156,,,,,,,466.2,4.1625,466.2,4.1625,,,,,,,,,,,,,,,,,,,"LaMonte Wade Jr.","18126",664774
"Orlando Arcia","ATL",121.954,487.556,444.96,102.353,70.3358,18.0286,0.371911,13.6162,51.3393,54.2675,33.3548,0.458815,101.952,2.79965,3.37358,0.793401,11.7749,1.41128,0.406786,0.230026,0.0684123,0.209108,0.327162,0.285883,0.364018,0.284728,0.649901,0.133992,2.59291,0.266663,,-0.719339,47.0461,-9.98726,80.1153,-0.719339,-0.75,-12.312583565711975,4.8960185050964355,0.907809,462.8599853515625,,,,,,,419.9,3.441803278,419.9,3.441803278,,,,,,,,,,,,,,,,,,,"Orlando Arcia","13185",606115
"Thairo Estrada","COL",93.729,387.751,361.318,95.8908,65.6904,18.0398,1.56375,10.5969,46.9406,42.2334,16.6231,0.126322,75.4838,6.69277,2.45037,0.666851,7.36426,11.9133,3.21531,0.265392,0.0428705,0.194671,0.220221,0.307961,0.41196,0.312551,0.719921,0.146569,5.40913,0.307158,,0.378956,46.0986,0.740251,86.9298,0.378956,-0.08,-5.681390762329102,1.366435095667839,0.885507,334.20001220703125,,,,,,,430,4.574468085,430,4.574468085,,,,,,,,,,,,,,,,,,,"Thairo Estrada","16426",642731
"Jesús Sánchez","MIA",111.98,446.441,401.871,98.6012,61.6752,19.4575,1.8739,15.5947,52.4399,53.2314,36.9146,1.50057,115.254,3.93374,2.90941,0.811752,8.14603,7.43766,1.77332,0.245355,0.0826865,0.258162,0.320289,0.312927,0.419514,0.317404,0.732441,0.174158,4.73998,0.303019,,-0.0279897,54.82,2.59619,100.679,-0.0279897,-2.18,0.3347110468894243,-6.768367528915405,0.868174,271.2699890136719,,,,,,,500,4.464285714,500,4.464285714,,,,,,,,,,,,,,,,,,,"Jesus Sanchez","19913",660821
"Spencer Horwitz","PIT",96.692,400.064,351.131,90.549,61.606,20.4703,0.578402,7.89434,43.6582,43.1945,41.0141,1.37496,71.9605,4.79777,2.73517,0.385788,8.62307,2.30858,0.74998,0.257878,0.102519,0.179873,0.569953,0.341177,0.386919,0.321035,0.728095,0.12904,2.83759,0.301647,,-0.678967,50.2943,3.49563,103.159,-0.678967,1.84,0.8320574760437012,-5.765205025672913,0.863932,382.5899963378906,,,,,,,436.5,4.5,436.5,4.5,,,,,,,,,,,,,,,,,,,"Spencer Horwitz","26477",687462
"Tyler Freeman","COL",77.133,283.948,253.573,70.7578,49.9113,14.2866,1.39207,5.16779,35.6524,27.4252,18.0898,0.424917,38.6911,8.40986,2.15549,1.72024,6.38031,9.91237,2.31537,0.279044,0.0637081,0.136261,0.467544,0.344606,0.407504,0.329892,0.752111,0.128461,5.81234,0.309578,,0.445018,37.7209,4.50517,98.6015,0.445018,-0.07,-0.02985018491744995,-1.1941949799656868,0.848374,603,,,,,,,328.3,4.263636363,328.3,4.263636363,,,,,,,,,,,,,,,,,,,"Tyler Freeman","22532",671289
"Nolan Gorman","STL",97.392,388.99,349.156,75.4622,42.3729,14.2953,0.691312,18.1027,44.8803,53.9063,33.8557,0.929947,130.942,3.18091,2.53585,0.261087,4.23991,4.36989,1.18115,0.216127,0.087035,0.336621,0.258555,0.289402,0.41657,0.305511,0.705972,0.200443,3.80303,0.283051,,-0.223789,44.0418,-1.46146,96.7643,-0.223789,-0.44,-1.7289027124643326,-3.0831417441368103,0.838422,384.6400146484375,,,,,,,402.3,4.14742268,402.3,4.14742268,,,,,,,,,,,,,,,,,,,"Nolan Gorman","22263",669357
"Jordan Lawlar","ARI",56.19,232.821,211.464,52.7593,35.9122,10.1409,1.48043,5.22573,28.9899,24.208,16.5388,0.332236,58.9363,2.9417,1.46262,0.414364,3.5913,8.85876,1.94866,0.249496,0.0710366,0.25314,0.280622,0.310834,0.38559,0.304803,0.696424,0.136094,6.26993,0.319523,,0.547971,26.2275,-1.00746,93.1849,0.547971,0.12,-1.3494035005569458,1.6065078899264336,0.825826,403.510009765625,,,,,,,239,4.267857142,239,4.267857142,,,,,,,,,,,,,,,,,,,"Jordan Lawlar","29976",691783
"Michael Busch","CHC",132.685,544.359,481.218,109.975,67.2957,23.696,1.64405,17.3396,60.5386,66.1278,52.1666,0.653454,153.264,6.86557,3.64664,0.461965,8.94467,2.51098,0.882518,0.228535,0.0958312,0.28155,0.34037,0.310734,0.392708,0.308624,0.703443,0.164173,3.27653,0.294774,,-0.847105,62.9967,-0.681409,99.9371,-0.847105,0.66,-0.8880550861358643,-9.26302319765091,0.820399,252.30999755859375,,,,,,,555.7,4.178195488,555.7,4.178195488,,,,,,,,,,,,,,,,,,,"Michael Busch","26319",683737
"Luis Torrens","NYM",64.419,216.702,198.639,44.288,29.6246,8.83577,0.379199,5.44838,21.34,22.3416,14.2696,0.423202,55.7315,2.06104,1.39977,0.332841,4.17422,1.04113,0.435817,0.222957,0.0658488,0.25718,0.256041,0.280163,0.353543,0.27785,0.633705,0.130585,3.05268,0.279706,,-0.32764,19.7107,-5.63866,80.1923,-0.32764,0.94,-5.460476458072662,5.910601556301117,0.790424,622.3400268554688,,,,,,,170.4,2.6625,170.4,2.6625,,,,,,,,,,,,,,,,,,,"Luis Torrens","15905",620443
"Jacob Young","WSN",122.622,472.71,429.141,103.701,80.6182,18.0159,2.23794,2.82908,49.8539,30.7496,28.4062,0.645117,91.4182,6.84218,2.5425,5.77776,10.1358,22.5375,5.81044,0.241648,0.0600922,0.193392,0.310728,0.297579,0.313836,0.272573,0.611416,0.0721884,6.14631,0.298936,,1.24486,40.9888,-14.3079,73.4905,1.24486,3.48,-13.740143656730652,5.372314810752869,0.758599,294.55999755859375,,,,,,,377.1,3.065853658,377.1,3.065853658,,,,,,,,,,,,,,,,,,,"Jacob Young","29931",696285
"Gavin Lux","CIN",120.004,478.312,428.974,107.172,73.3534,19.8257,3.19587,10.797,55.4067,50.2515,43.8712,0.797767,105.694,2.16223,2.86409,0.440439,9.2248,7.48868,2.19508,0.249833,0.091721,0.220972,0.41508,0.3206,0.386458,0.31022,0.707057,0.136624,4.87594,0.305615,,-0.327242,55.9679,0.015865,91.9916,-0.327242,0,-4.907825320959091,-3.779933214187622,0.744789,329.2300109863281,,,,,,,494.4,4.12,494.4,4.12,,,,,,,,,,,,,,,,,,,"Gavin Lux","19955",666158
"Christian Encarnacion-Strand","CIN",109.881,455.216,418.629,109.156,68.5528,20.5014,1.2856,18.8157,53.4852,64.3796,27.0466,1.233,118.871,5.65287,3.50688,0.380241,7.28929,2.8459,0.690459,0.260745,0.0594148,0.26113,0.22753,0.311882,0.450698,0.327667,0.76258,0.189953,3.55249,0.317595,,-0.499853,59.6576,6.40733,103.734,-0.499853,0.03,1.5329703092575073,-9.901923866942525,0.698426,213.66000366210938,,,,,,,538.5,4.895454545,538.5,4.895454545,,,,,,,,,,,,,,,,,,,"Christian Encarnacion-Strand","30011",687952
"Johan Rojas","PHI",80.47,293.175,271.204,65.2694,47.7578,12.1735,1.76719,3.57093,34.7424,20.5399,12.535,0.393945,59.8072,2.88338,1.58323,4.96966,4.8529,16.7831,3.48079,0.240666,0.0427561,0.203998,0.20959,0.279966,0.338086,0.270843,0.618052,0.0974201,7.17248,0.294632,,1.45138,25.0131,-9.28197,71.3728,1.45138,4.18,-8.584756731987,5.421820759773254,0.679806,581.510009765625,,,,,,,248.7,3.10875,248.7,3.10875,,,,,,,,,,,,,,,,,,,"Johan Rojas","24336",679032
"Pedro Pagés","STL",61.842,223.008,203.161,45.8657,31.3782,8.71083,0.486969,5.28967,21.4949,23.2845,15.7128,0.489962,57.2343,2.1828,1.48973,0.46211,4.11039,0.780817,0.265898,0.225761,0.0704585,0.256647,0.274535,0.286509,0.351542,0.280436,0.638051,0.125781,2.80494,0.285493,,-0.33655,20.7484,-5.33867,79.8867,-0.33655,0,-5.700252056121826,4.771759033203125,0.669692,565.75,,,,,,,183.6,2.961290322,183.6,2.961290322,,,,,,,,,,,,,,,,,,,"Pedro Pages","25782",686780
"Mike Yastrzemski","SFG",118.159,462.838,409.448,88.8237,50.9002,20.0354,2.36271,15.5254,52.1003,51.5679,43.583,1.53942,122.841,5.11259,3.05308,1.64129,6.0578,3.5384,1.16401,0.216935,0.0941646,0.265408,0.354792,0.298179,0.391162,0.300758,0.689341,0.174227,4.27423,0.267381,,-0.537653,50.6324,-3.50953,94.0643,-0.537653,0.25,-3.8228407502174377,-5.1175947189331055,0.665571,440.7799987792969,,,,,,,461,3.906779661,461,3.906779661,,,,,,,,,,,,,,,,,,,"Mike Yastrzemski","14854",573262
"Jake Fraley","CIN",103.154,401.977,360.258,90.6055,60.5312,18.3563,1.73733,9.98071,50.0496,42.0544,33.6802,1.08916,79.291,4.85977,2.77279,0.406451,5.94435,17.4467,4.51878,0.251502,0.0837864,0.197252,0.424767,0.321601,0.395213,0.313563,0.716814,0.143711,5.94006,0.29451,,0.885882,48.1174,1.09486,94.2415,0.885882,0.69,-1.8821485042572021,-5.112669050693512,0.657574,377.7200012207031,,,,,,,442.5,4.296116504,442.5,4.296116504,,,,,,,,,,,,,,,,,,,"Jake Fraley","19260",641584
"Endy Rodríguez","PIT",86.564,344.617,313.691,77.0423,50.0579,18.8982,1.55209,6.53413,34.7161,37.3692,24.9214,0.494377,68.6312,2.99999,2.68007,0.324843,5.45584,1.79203,0.526964,0.2456,0.0723162,0.199152,0.36312,0.304868,0.378229,0.298715,0.683097,0.13263,3.6212,0.292316,,-0.466562,37.1328,-3.17988,88.1352,-0.466562,0,-5.3559940457344055,0.14842934906482697,0.645242,419.0899963378906,,,,,,,334.5,3.844827586,334.5,3.844827586,,,,,,,,,,,,,,,,,,,"Endy Rodriguez","25332",682848
"Sal Frelick","MIL",112.829,445.529,403.326,101.422,76.0556,19.2236,2.81046,3.33252,46.5144,37.4174,33.7827,0.865734,66.2854,3.96521,2.87835,1.322,9.14972,12.8695,3.07098,0.251464,0.075826,0.148779,0.509655,0.31348,0.337851,0.288911,0.651331,0.0863869,5.60317,0.291425,,0.438789,44.4905,-7.62658,83.7512,0.438789,4.39,-8.218045115470886,-0.4238739013671875,0.636979,350.260009765625,,,,,,,393.3,3.480530973,393.3,3.480530973,,,,,,,,,,,,,,,,,,,"Sal Frelick","29622",686217
"Jose Trevino","CIN",70.401,249.525,228.918,53.964,38.152,8.60504,0.214337,6.99259,24.3254,28.9553,15.1999,0.234524,43.9912,2.07249,1.85167,0.847854,5.57266,1.15654,0.363053,0.235735,0.0609155,0.1763,0.345522,0.287195,0.366836,0.286158,0.654031,0.131101,2.68325,0.261263,,-0.351313,24.3647,-4.82422,75.796,-0.351313,0,-7.573396742343903,5.432176113128662,0.635477,579.6099853515625,,,,,,,218.2,3.117142857,218.2,3.117142857,,,,,,,,,,,,,,,,,,,"Jose Trevino","16725",624431
"Drake Baldwin","ATL",58.599,226.87,205.02,48.0316,33.5506,9.34022,0.535934,4.60491,23.7563,22.9423,18.194,0.370855,49.767,1.87594,1.49337,0.286884,4.91515,0.41463,0.163774,0.234278,0.0801957,0.219364,0.365583,0.300559,0.352446,0.288325,0.653005,0.118168,2.59642,0.285437,,-0.403672,22.5482,-3.99059,82.5359,-0.403672,-0.83,-5.1415600180625916,3.691527783870697,0.629087,999,,,,,,,202.6,3.433898305,202.6,3.433898305,,,,,,,,,,,,,,,,,,,"Drake Baldwin","31539",686948
"Dalton Rushing","LAD",37.81,124.157,109.66,24.8976,15.3422,5.19145,0.314278,4.04965,14.4894,14.7921,11.2327,0.326437,31.5193,2.31618,0.80441,0.143247,2.17463,0.425169,0.143601,0.227042,0.0904718,0.253867,0.356375,0.310018,0.390902,0.307417,0.70092,0.16386,3.27387,0.278359,,-0.19857,14.2476,-0.276001,98.2777,-0.19857,0,-0.4542720913887024,2.2809560298919678,0.614886,999,,,,,,,121.1,3.186842105,121.1,3.186842105,,,,,,,,,,,,,,,,,,,"Dalton Rushing","sa3019892",687221
"Jesse Winker","NYM",100.665,399.743,341.54,79.1565,53.517,14.9924,0.588004,10.0591,46.1902,38.3973,49.4747,1.05648,84.5942,5.57402,2.35678,0.797953,7.79012,5.10564,1.6696,0.231764,0.123766,0.211621,0.584847,0.3364,0.36746,0.313974,0.70386,0.135696,3.80086,0.277229,,-0.503579,47.9821,1.22089,104.506,-0.503579,-0.33,1.650383710861206,-8.99258241057396,0.614028,400.7099914550781,,,,,,,412.5,4.084158415,412.5,4.084158415,,,,,,,,,,,,,,,,,,,"Jesse Winker","13590",608385
"Jordan Walker","STL",122.925,496.025,452.988,109.697,71.7797,23.5562,2.0358,12.3256,54.8879,53.5449,33.8447,0.822271,118.822,5.68704,3.06333,0.442205,9.36559,7.20749,2.11374,0.242164,0.0682318,0.239548,0.284836,0.301118,0.384783,0.299521,0.685902,0.142619,4.66933,0.299694,,-0.286606,53.7689,-4.25515,92.7323,-0.286606,-0.42,-4.597427040338516,-6.110972315073013,0.59691,295.69000244140625,,,,,,,484.5,3.93902439,484.5,3.93902439,,,,,,,,,,,,,,,,,,,"Jordan Walker","27475",691023
"Alec Burleson","STL",112.846,461.666,423.146,110.019,76.6565,19.2131,0.867125,13.2826,50.9462,54.4825,29.866,0.405352,64.2009,3.25863,3.85023,1.02507,9.70503,5.20044,1.65359,0.260003,0.0646917,0.139064,0.465195,0.3111,0.403677,0.310937,0.714778,0.143674,3.70754,0.276776,,-0.492868,54.2863,0.281515,100.416,-0.492868,-0.61,-0.26316462457180023,-9.317253470420837,0.595451,247.38999938964844,,,,,,,478.9,4.238053097,478.9,4.238053097,,,,,,,,,,,,,,,,,,,"Alec Burleson","27615",676475
"Nick Castellanos","PHI",145.968,613.102,564.218,142.088,90.449,29.5386,1.60529,20.4948,70.5633,76.7638,37.6711,0.909948,143.154,6.09124,4.55605,0.565536,9.96943,6.38506,2.18641,0.251831,0.0614434,0.233491,0.263151,0.30341,0.418847,0.312418,0.722258,0.167016,4.01868,0.300136,,-0.660571,72.8243,1.10481,99.3557,-0.660571,-6.43,-1.132919818162918,-13.484822750091553,0.595086,172.5399932861328,,,,,,,655.4,4.489041095,655.4,4.489041095,,,,,,,,,,,,,,,,,,,"Nick Castellanos","11737",592206
"Jose Iglesias","SDP",63.833,247.008,227.167,61.2207,45.9122,11.4332,0.763221,3.11195,26.1896,24.4888,9.66267,0.216258,40.9142,3.46423,1.41081,0.35586,5.8517,2.7268,1.04408,0.269496,0.0391189,0.165639,0.236169,0.307597,0.367642,0.29575,0.675239,0.098146,4.16121,0.314864,,-0.341754,26.0259,-2.86864,92.4033,-0.341754,-0.07,-2.5856348276138306,0.05848828703165054,0.586978,643.3099975585938,,,,,,,222.3,3.4734375,222.3,3.4734375,,,,,,,,,,,,,,,,,,,"Jose Iglesias","10231",578428
"Tyrone Taylor","NYM",78.913,282.091,259.53,58.064,35.5975,13.0046,1.22291,8.23897,31.4782,29.3808,15.4716,0.311465,67.0304,4.65803,1.91851,0.512583,3.57281,6.52585,1.84152,0.223727,0.0548461,0.23762,0.230814,0.277698,0.378497,0.285612,0.656194,0.154769,5.4487,0.267619,,0.121979,27.4207,-5.57773,85.4169,0.121979,0.88,-4.797296553850174,0.8799999577844879,0.563846,669.5599975585938,,,,,,,251.1,3.178481012,251.1,3.178481012,,,,,,,,,,,,,,,,,,,"Tyrone Taylor","13675",621438
"Hyeseong Kim","LAD",73.961,302,279.308,68.7592,49.8037,13.1105,2.03204,3.81298,35.1375,27.0309,18.764,0.650614,57.4468,1.3624,2.24956,0.315616,4.75315,11.0481,1.96159,0.246177,0.0621326,0.190221,0.326633,0.294631,0.348621,0.281923,0.643252,0.102444,6.3173,0.294811,,0.868376,28.4593,-6.86805,81.1187,0.868376,0,-5.950296401977539,1.1909983158111572,0.545234,487.30999755859375,,,,,,,269.4,3.64054054,269.4,3.64054054,,,,,,,,,,,,,,,,,,,"Hyeseong Kim","sa3012639",808975
"Javier Sanoja","MIA",49.979,176.429,164.654,45.0749,32.7452,9.10604,1.12208,2.10151,19.5346,16.6196,9.15795,0.682763,13.2872,0.720514,1.26761,0.629094,3.55751,5.94375,1.68212,0.273755,0.0519073,0.0753118,0.689231,0.31259,0.380978,0.301201,0.693569,0.107223,5.51286,0.285475,,0.176463,19.3635,-1.27482,89.7738,0.176463,0.87,-1.9810134172439575,1.2929604649543762,0.534619,738.0499877929688,,,,,,,173.4,3.468,173.4,3.468,,,,,,,,,,,,,,,,,,,"Javier Sanoja","28253",691594
"Oliver Dunn","MIL",94.368,333.983,297.774,63.1668,40.0816,13.5316,1.88143,7.67221,35.239,32.9425,30.284,0.714804,110.01,3.33262,1.76333,0.828852,5.17858,6.68696,1.87619,0.21213,0.0906752,0.329389,0.275283,0.290506,0.347504,0.282182,0.638011,0.135375,5.23304,0.305158,,0.00150874,31.5429,-7.52582,79.2224,0.00150874,1.42,-8.296625113347545,2.3041797876358032,0.527674,638.4099731445312,,,,,,,288.7,3.071276595,288.7,3.071276595,,,,,,,,,,,,,,,,,,,"Oliver Dunn","26295",686554
"Chris Taylor","LAD",69.992,261.576,230.742,50.8279,32.2712,10.3706,1.16346,7.02256,31.8982,26.8169,24.9843,0.351916,82.2693,2.85445,1.42979,0.481912,3.37444,6.20741,1.5133,0.22028,0.0955146,0.314514,0.30369,0.302552,0.366613,0.295531,0.669164,0.146333,5.6848,0.306588,,0.15695,27.5148,-3.08385,90.2777,0.15695,-0.46,-2.8841329514980316,-0.7092592865228653,0.526871,711.5499877929688,,,,,,,244.9,3.498571428,244.9,3.498571428,,,,,,,,,,,,,,,,,,,"Chris Taylor","13757",621035
"Alex Verdugo","ATL",81.61,350.956,317.703,81.4346,57.4086,16.6419,0.961442,6.42259,39.0788,36.4027,27.0928,0.778182,53.801,2.32724,3.24835,0.584444,8.27335,1.93349,0.667682,0.256323,0.0771971,0.153298,0.503574,0.316392,0.375404,0.3032,0.691796,0.119081,3.25477,0.287702,,-0.562864,39.0829,-1.97127,92.5483,-0.562864,0.22,-3.690163254737854,-2.99850133061409,0.514039,575,,,,,,,335,4.085365853,335,4.085365853,,,,,,,,,,,,,,,,,,,"Alex Verdugo","17027",657077
"Jonah Bride","MIA",103.047,411.358,359.377,87.5334,59.5263,17.1393,0.815768,10.052,44.1366,42.4216,40.789,0.47859,80.1167,6.85275,3.23841,1.10078,9.52474,1.93353,0.507858,0.24357,0.099157,0.194761,0.50912,0.329489,0.379714,0.313827,0.709202,0.136144,2.98889,0.284391,,-0.661018,49.3276,1.20772,98.2715,-0.661018,0.34,-1.511280357837677,-7.2931109964847565,0.502891,460.9800109863281,,,,,,,427.8,4.153398058,427.8,4.153398058,,,,,,,,,,,,,,,,,,,"Jonah Bride","24703",681146
"James Outman","LAD",43.461,163.702,144.763,30.8033,18.2042,6.20175,0.757819,5.63954,20.4368,18.6575,15.2784,0.281225,52.1638,2.58175,0.952051,0.127,1.95178,3.49,0.889018,0.212785,0.0933304,0.318651,0.292892,0.297499,0.382967,0.298779,0.680466,0.170182,5.62887,0.28624,,0.055526,17.6475,-1.50208,92.4635,0.055526,0.15,-1.4197885878384113,0.6628839671611786,0.483816,693.9000244140625,,,,,,,165,3.837209302,165,3.837209302,,,,,,,,,,,,,,,,,,,"James Outman","24770",681546
"Miguel Rojas","LAD",55.323,204.953,184.637,46.9757,34.9508,9.10057,0.488602,2.43577,22.9321,19.359,12.1975,0.218142,26.0483,2.00927,1.27559,0.94672,4.74177,4.46912,1.1988,0.254422,0.0595136,0.127094,0.468265,0.30573,0.34858,0.288664,0.654311,0.0941582,4.77962,0.282922,,0.0220514,20.4259,-3.54908,85.6557,0.0220514,0.35,-3.4935159403830767,1.325714260339737,0.479716,693.4299926757812,,,,,,,169.9,3.089090909,169.9,3.089090909,,,,,,,,,,,,,,,,,,,"Miguel Rojas","7802",500743
"Brett Baty","NYM",61.979,236.976,213.34,48.4227,33.3829,8.44155,0.329071,6.26914,24.3592,24.2865,19.5023,0.420355,61.4453,2.03673,1.38405,0.568816,5.19182,1.02796,0.4066,0.226974,0.0822966,0.259289,0.317393,0.296118,0.357784,0.288382,0.653902,0.13081,2.68177,0.28674,,-0.389234,23.5636,-4.1574,87.2811,-0.389234,-0.33,-3.993490546941757,0.7029832899570465,0.4737,465.25,,,,,,,203.3,3.279032258,203.3,3.279032258,,,,,,,,,,,,,,,,,,,"Brett Baty","26123",683146
"Derek Hill","MIA",77.819,297.045,273.478,64.2438,44.4984,11.1218,1.88414,6.73947,32.5209,26.4909,16.0048,0.147536,85.1314,3.04589,1.76924,2.74663,5.07551,9.13926,2.16118,0.234914,0.05388,0.286594,0.188001,0.283027,0.363291,0.282565,0.646319,0.128378,5.95813,0.313586,,0.45217,28.1458,-6.60199,77.2301,0.45217,1.32,-7.635903716087341,2.24900621175766,0.463406,581.030029296875,,,,,,,263,3.371794871,263,3.371794871,,,,,,,,,,,,,,,,,,,"Derek Hill","16947",656537
"Blake Perkins","MIL",57.707,218.871,194.469,42.2059,28.5844,8.69995,0.972098,3.94942,23.1479,19.2213,20.3826,0.403863,57.5349,1.57638,1.55293,0.890039,3.09286,7.82308,1.87599,0.217032,0.0931262,0.262871,0.354266,0.29436,0.332692,0.2788,0.627052,0.115661,5.64974,0.284355,,0.409107,20.0753,-5.52781,76.9457,0.409107,1.94,-5.624827414751053,2.830540120601654,0.462794,653.9299926757812,,,,,,,186.2,3.210344827,186.2,3.210344827,,,,,,,,,,,,,,,,,,,"Blake Perkins","19921",663368
"Victor Scott II","STL",98.969,368.542,337.006,74.9,53.1868,14.3133,2.53983,4.86011,41.7432,26.0206,21.1214,0.459557,78.2874,4.18283,2.57027,3.66175,5.50159,20.3121,3.95254,0.222251,0.0573107,0.212425,0.269793,0.274622,0.323061,0.263709,0.597683,0.100809,7.0726,0.273136,,1.84575,29.3273,-13.784,68.6289,1.84575,2.66,-11.979644060134888,4.187299370765686,0.460426,321.8500061035156,,,,,,,289.5,2.924242424,289.5,2.924242424,,,,,,,,,,,,,,,,,,,"Victor Scott II","31349",687363
"Luis Matos","SFG",56.719,218.627,201.762,51.2376,34.7477,10.8308,0.619766,5.03933,23.9755,23.0072,12.0291,0.381246,27.4004,2.38253,1.8098,0.643053,3.80565,3.70963,0.892616,0.25395,0.0550212,0.12533,0.439012,0.301165,0.388704,0.3,0.689869,0.134754,4.38503,0.269956,,-0.00456569,23.7835,-1.79111,93.5543,-0.00456569,0.86,-1.6897030780091882,-1.2407037019729614,0.447899,570.9000244140625,,,,,,,215,3.771929824,215,3.771929824,,,,,,,,,,,,,,,,,,,"Luis Matos","26467",682641
"José Tena","WSN",72.305,290.869,269.493,65.9795,45.9136,13.0147,1.06915,5.9821,30.1457,29.1515,16.2964,0.37139,79.1512,2.0697,2.00443,1.00547,5.40293,5.96657,2.23291,0.244828,0.0560264,0.27212,0.205889,0.290984,0.367649,0.287519,0.658632,0.122821,4.6017,0.321936,,-0.215419,28.7204,-5.30491,83.5504,-0.215419,-0.79,-5.936987802386284,0.5963191390037537,0.446978,572.280029296875,,,,,,,260.2,3.613888888,260.2,3.613888888,,,,,,,,,,,,,,,,,,,"Jose Tena","23691",677588
"Austin Hays","CIN",106.947,418.265,384.858,94.2527,59.4924,20.8973,0.941636,12.9214,45.2446,51.7522,23.8322,0.477441,94.2329,6.33517,2.60516,0.634892,7.55423,3.09574,1.13769,0.244903,0.0569787,0.225295,0.252907,0.297919,0.404819,0.305182,0.702738,0.159916,3.44692,0.290149,,-0.545488,47.2457,-1.68212,88.6007,-0.545488,1.36,-6.2470181584358215,-3.4941664934158325,0.429853,359.239990234375,,,,,,,423.1,3.954205607,423.1,3.954205607,,,,,,,,,,,,,,,,,,,"Austin Hays","19363",669720
"Jarred Kelenic","ATL",52.667,205.717,185.432,43.162,25.6558,9.99225,0.83978,6.67415,25.7583,23.4875,17.4091,0.945712,58.061,1.37851,1.2172,0.280036,2.68812,4.50605,1.40157,0.232764,0.0846266,0.282237,0.299842,0.301551,0.403685,0.305678,0.705236,0.170921,5.24186,0.299291,,-0.00973821,23.3192,-0.745193,94.2162,-0.00973821,0.23,-1.4325516279786825,-1.3955246359109879,0.414147,502.82000732421875,,,,,,,217,4.094339622,217,4.094339622,,,,,,,,,,,,,,,,,,,"Jarred Kelenic","22558",672284
"Jon Berti","CHC",42.566,159.897,144.478,35.4387,27.2119,5.65203,0.703112,1.8716,18.8504,12.4246,12.4757,0.250885,35.034,1.31333,0.831836,0.63545,3.1785,8.98559,1.91509,0.245287,0.0780234,0.219103,0.356103,0.309415,0.333003,0.285855,0.642419,0.0877159,6.38392,0.309646,,0.69988,15.574,-3.13043,84.6118,0.69988,0.42,-2.242427885532379,0.8977328538894653,0.410048,573.9199829101562,,,,,,,144.4,3.358139534,144.4,3.358139534,,,,,,,,,,,,,,,,,,,"Jon Berti","12037",542932
"Drew Romo","COL",51.338,188.618,175.835,42.7955,29.3667,8.81052,0.984537,3.63381,18.973,18.9115,9.00959,0.290408,40.1449,1.59867,1.44801,0.72674,3.36577,2.4719,0.729702,0.243385,0.0477664,0.212837,0.224427,0.284227,0.366688,0.283146,0.650915,0.123303,4.55752,0.293337,,-0.114362,17.9603,-4.10389,67.1383,-0.114362,1.21,-7.526340536773205,5.171265602111816,0.404297,699.260009765625,,,,,,,168.2,3.298039215,168.2,3.298039215,,,,,,,,,,,,,,,,,,,"Drew Romo","27763",691011
"Nick Fortes","MIA",95.062,336.733,308.387,67.8501,48.3638,12.8735,0.752775,5.86004,29.447,28.871,17.5177,0.333342,54.5901,5.31309,2.34098,3.17411,6.59944,4.04565,1.15589,0.220016,0.0520224,0.162117,0.320895,0.271858,0.323649,0.26309,0.595508,0.103633,3.87026,0.247685,,-0.218277,26.6281,-12.7622,64.1221,-0.218277,0,-14.66516138613224,7.335030555725098,0.398962,583.8699951171875,,,,,,,246.4,2.59368421,246.4,2.59368421,,,,,,,,,,,,,,,,,,,"Nick Fortes","21538",663743
"Agustin Ramírez","MIA",52.369,205.948,187.468,44.915,29.3745,9.20628,0.409,5.92519,21.6718,23.3252,15.0886,0.931511,43.2917,1.84757,1.26987,0.273632,4.23076,2.80663,0.774608,0.239587,0.073264,0.210207,0.348532,0.300724,0.387878,0.299546,0.688602,0.148291,3.91401,0.279454,,-0.110547,22.3289,-1.76253,88.6595,-0.110547,-0.66,-2.903413087129593,-0.08274036645889282,0.398614,999,,,,,,,201.4,3.873076923,201.4,3.873076923,,,,,,,,,,,,,,,,,,,"Agustin Ramirez","sa3009276",682663
"Nick Yorke","PIT",51.7,209.606,191.312,48.6859,34.136,9.43297,0.925946,4.19091,23.1092,21.8606,14.7831,0.987722,46.1919,1.91132,1.34989,0.249717,3.75899,4.88575,1.67704,0.254484,0.0705278,0.220375,0.320035,0.312292,0.379189,0.301756,0.691481,0.124705,4.97132,0.31273,,-0.0954414,23.0983,-1.42098,90.1824,-0.0954414,0.3,-2.556217961013317,-0.5672168731689453,0.396994,563.4500122070312,,,,,,,207.7,3.994230769,207.7,3.994230769,,,,,,,,,,,,,,,,,,,"Nick Yorke","27504",694377
"Caleb Durbin","MIL",48.288,193.103,174.468,41.785,29.312,8.83769,0.761573,2.87378,20.5682,18.0089,13.159,0.613496,24.7193,3.45918,1.31895,0.697705,3.59228,7.52287,1.58775,0.239499,0.0681451,0.128011,0.532338,0.303543,0.3483,0.28765,0.651842,0.1088,5.63793,0.26257,,0.503867,19.0873,-3.50156,82.9023,0.503867,0,-3.4442341923713684,0.8644147515296936,0.396483,392.44000244140625,,,,,,,178.8,3.725,178.8,3.725,,,,,,,,,,,,,,,,,,,"Caleb Durbin","sa3017183",702332
"Thomas Saggese","STL",53.556,200.53,185.48,44.3235,29.0436,9.38303,0.945194,4.95162,20.8372,21.9375,10.6378,0.401593,51.1475,2.4499,1.41808,0.544336,2.92756,2.37167,0.702264,0.238966,0.0530483,0.255062,0.207982,0.287076,0.379835,0.289846,0.666911,0.140869,4.47095,0.301011,,-0.139435,20.1759,-3.28166,86.2209,-0.139435,0.1,-3.443604424595833,0.545028455555439,0.389059,694.5,,,,,,,180.2,3.337037037,180.2,3.337037037,,,,,,,,,,,,,,,,,,,"Thomas Saggese","27883",695336
"Santiago Espinal","CIN",63.36,234.015,214.614,55.0876,40.7592,10.2179,0.354296,3.75626,24.2002,23.141,14.8103,0.500057,34.4256,1.57166,1.59863,1.42074,4.52258,4.5124,1.48489,0.256683,0.0632878,0.147109,0.430211,0.307271,0.360102,0.293033,0.667374,0.10342,3.98563,0.288329,,-0.145943,24.1452,-3.22943,80.4234,-0.145943,0.48,-5.624193906784058,1.5881480872631073,0.386538,657.530029296875,,,,,,,217.3,3.449206349,217.3,3.449206349,,,,,,,,,,,,,,,,,,,"Santiago Espinal","19997",669289
"Riley Adams","WSN",35.287,128.854,115.269,24.5807,15.6154,5.11889,0.352573,3.49385,12.4767,13.864,9.69005,0.230515,38.9707,2.93433,0.680523,0.280277,2.17806,0.413174,0.163598,0.213247,0.0752018,0.302441,0.24865,0.289368,0.354704,0.284731,0.644071,0.141457,3.03022,0.286955,,-0.204684,12.4339,-2.63916,81.6741,-0.204684,-0.24,-3.0284185260534286,2.482762113213539,0.386,748.2100219726562,,,,,,,106.7,3.048571428,106.7,3.048571428,,,,,,,,,,,,,,,,,,,"Riley Adams","19864",656180
"Amed Rosario","WSN",61.79,243.571,229.28,59.5076,44.9698,9.33934,2.13931,3.05922,26.3981,21.8288,10.1528,0.109207,47.294,1.66888,1.5543,0.242478,4.5639,7.65235,2.28511,0.259542,0.0416832,0.194169,0.214675,0.293953,0.358964,0.285144,0.652917,0.0994227,6.05216,0.312767,,0.157626,23.5847,-4.90781,81.9521,0.157626,0.04,-5.09909088909626,0.5332151725888252,0.364624,571.9000244140625,,,,,,,218.3,3.520967741,218.3,3.520967741,,,,,,,,,,,,,,,,,,,"Amed Rosario","15518",642708
"Randal Grichuk","ARI",70.349,268.526,247.088,61.9437,38.9022,12.6399,1.18073,9.22082,30.6824,36.1273,16.4402,0.263169,53.8742,2.72014,2.02537,0.25255,4.97019,0.925676,0.283463,0.250695,0.0612237,0.200629,0.305158,0.302318,0.423361,0.31357,0.72568,0.172667,3.45439,0.283428,,-0.385846,32.1445,0.732873,99.0859,-0.385846,-0.23,-0.6793587505817413,-4.895286545157433,0.346111,575.7000122070312,,,,,,,287.1,4.101428571,287.1,4.101428571,,,,,,,,,,,,,,,,,,,"Randal Grichuk","10243",545341
"Jared Triolo","PIT",68.98,267.446,240.111,57.0232,39.8857,11.5257,0.971327,4.64046,28.275,25.3205,23.1754,0.245318,70.3128,2.21212,1.69759,0.249699,4.27422,5.18028,1.4444,0.237487,0.0866546,0.262905,0.329605,0.308428,0.351558,0.292475,0.659985,0.114071,4.83162,0.313941,,-0.0621646,27.4744,-3.81092,83.9355,-0.0621646,0.39,-5.199814088642597,-0.4240341782569885,0.337321,630.4500122070312,,,,,,,248.4,3.6,248.4,3.6,,,,,,,,,,,,,,,,,,,"Jared Triolo","25807",669707
"Edmundo Sosa","PHI",53.541,193.879,177.824,41.5866,27.5252,7.99279,1.03249,5.03611,21.7495,19.9775,8.45244,0.175278,47.2992,5.24295,1.20916,0.960564,3.37035,3.54405,1.3467,0.233864,0.0435965,0.243962,0.178702,0.286838,0.375386,0.289475,0.662225,0.141522,5.41801,0.288485,,-0.160559,19.4488,-3.23076,83.9136,-0.160559,-0.35,-3.8900611847639084,0.6745499670505524,0.333494,531.2100219726562,,,,,,,176.9,3.275925925,176.9,3.275925925,,,,,,,,,,,,,,,,,,,"Edmundo Sosa","17022",624641
"Austin Barnes","LAD",41.717,145.921,128.979,27.8064,20.4973,4.71225,0.240833,2.35611,15.1658,12.5094,12.1365,0.128533,33.6426,1.43835,0.844694,1.08277,3.08961,2.37838,0.634618,0.215589,0.0831715,0.230554,0.360747,0.288575,0.31066,0.268771,0.599235,0.0950715,4.38577,0.271253,,-0.049244,12.2063,-4.86323,72.2662,-0.049244,0,-4.888614732772112,3.2189042568206787,0.328502,743.3099975585938,,,,,,,101.1,2.407142857,101.1,2.407142857,,,,,,,,,,,,,,,,,,,"Austin Barnes","12158",605131
"James McCann","ATL",27.171,97.038,87.5697,20.551,14.2577,3.54615,0.214398,2.53277,10.5499,10.5193,5.63429,0.0599016,24.7993,1.16767,0.688703,0.423773,1.83091,0.920373,0.298052,0.234682,0.0580627,0.255562,0.227196,0.287743,0.366842,0.286673,0.654585,0.132161,3.86725,0.295738,,-0.102377,9.51548,-1.83584,81.4245,-0.102377,0.09,-2.257854923605919,2.186527818441391,0.325764,744.8300170898438,,,,,,,92.3,3.418518518,92.3,3.418518518,,,,,,,,,,,,,,,,,,,"James McCann","12859",543510
"Rafael Marchán","PHI",38.41,139.004,126.392,28.7386,20.1659,5.97879,0.405502,2.18848,13.1852,13.1528,9.56901,0.231967,24.0903,1.74779,0.922834,0.372515,2.63116,0.604566,0.217955,0.227377,0.0688398,0.173306,0.397214,0.288935,0.333043,0.275319,0.621977,0.105665,3.28031,0.262779,,-0.214004,12.3603,-3.90014,74.3854,-0.214004,0,-4.471719533205032,2.9637346267700195,0.321458,707.3800048828125,,,,,,,110.5,2.907894736,110.5,2.907894736,,,,,,,,,,,,,,,,,,,"Rafael Marchan","21646",665561
"Bryan De La Cruz","ATL",44.162,180.268,166.942,42.0436,27.6542,8.19541,0.515258,5.67872,21.1217,21.8067,10.8937,0.0974799,44.8368,0.939834,1.3312,0.156182,3.18416,1.37942,0.501622,0.251846,0.0604306,0.248723,0.242963,0.29914,0.409158,0.306868,0.708299,0.157313,3.81856,0.308811,,-0.238161,20.6069,-0.480475,95.0165,-0.238161,-0.36,-1.3124293088912964,-1.5867222547531128,0.319441,490.9100036621094,,,,,,,188.6,4.286363636,188.6,4.286363636,,,,,,,,,,,,,,,,,,,"Bryan De La Cruz","19600",650559
"Connor Joe","SDP",56.874,221.96,194.528,44.1994,28.995,9.1888,0.645058,5.37052,25.2494,21.5814,22.6164,0.139624,50.6237,3.15166,1.44089,0.223003,3.78484,2.34317,0.685909,0.227214,0.101894,0.228076,0.446755,0.315543,0.363906,0.301828,0.679449,0.136692,4.08502,0.277399,,-0.240274,24.4726,-1.49181,96.4946,-0.240274,-0.16,-1.170678824186325,-3.1831378042697906,0.312334,650.75,,,,,,,209.2,3.670175438,209.2,3.670175438,,,,,,,,,,,,,,,,,,,"Connor Joe","16572",656582
"Dane Myers","MIA",70.966,251.524,230.351,55.6256,38.7886,10.1508,0.959939,5.72626,27.2586,24.2259,15.6033,0.00579008,69.5377,3.54175,1.43865,0.589034,4.7523,6.11469,1.53221,0.241482,0.062035,0.276465,0.224386,0.297968,0.368459,0.292896,0.666427,0.126977,5.25227,0.318793,,0.145189,25.924,-3.49877,84.1838,0.145189,0.55,-4.6119221448898315,-0.7276801466941833,0.312018,658.6900024414062,,,,,,,240.5,3.387323943,240.5,3.387323943,,,,,,,,,,,,,,,,,,,"Dane Myers","22054",667472
"Eric Haase","MIL",41.47,145.051,133.507,27.5811,17.5173,4.65188,0.475057,4.93684,13.8207,17.6253,9.27174,0.0575475,49.2741,0.969758,0.800919,0.358775,2.06571,0.862465,0.274095,0.206589,0.0639206,0.339702,0.188167,0.261658,0.359483,0.271315,0.621141,0.152894,3.65665,0.28271,,-0.157147,12.4305,-4.53725,71.9078,-0.157147,0.01,-5.029817834496498,3.2098457906395197,0.309996,706.9500122070312,,,,,,,116.2,2.834146341,116.2,2.834146341,,,,,,,,,,,,,,,,,,,"Eric Haase","14111",606992
"Sam Huff","SFG",24.927,71.976,66.4241,14.1297,9.32945,2.86087,0.124973,1.81442,6.64989,7.38395,4.53424,0.165582,24.2806,0.591354,0.35246,0.0738365,1.24933,0.0542538,0.0196094,0.21272,0.0629965,0.337343,0.186743,0.267799,0.3415,0.26721,0.609299,0.12878,2.19584,0.302724,,-0.10987,5.93037,-2.48924,71.484,-0.10987,1.21,-2.564222700893879,3.1333796977996826,0.305874,731.8499755859375,,,,,,,57.9,2.316,57.9,2.316,,,,,,,,,,,,,,,,,,,"Sam Huff","22209",669087
"Josh Bell","WSN",128.631,538.979,478.1,115.689,77.9811,19.8427,1.31395,16.5508,57.1476,64.2789,51.2139,1.53997,107.769,4.06081,4.40256,0.475205,13.0721,0.729127,0.274888,0.241976,0.0950201,0.199951,0.475218,0.317907,0.392829,0.311087,0.710737,0.150854,2.22518,0.27678,,-1.00506,63.4427,0.394007,99.4134,-1.00506,-0.02,-1.38311967253685,-13.580496329814196,0.304902,334.1600036621094,,,,,,,562,4.356589147,562,4.356589147,,,,,,,,,,,,,,,,,,,"Josh Bell","13145",605137
"Nick Allen","ATL",45.453,163.277,148.7,36.4256,27.3886,6.90193,0.604458,1.53068,17.7029,12.4083,10.0561,0.178075,25.9903,0.965624,1.0489,2.50642,3.60066,3.92217,1.16684,0.24496,0.061589,0.159179,0.386916,0.295124,0.330387,0.276525,0.625511,0.0854263,5.07785,0.285491,,0.0101137,14.6772,-4.42263,74.5941,0.0101137,0.73,-4.950342686846852,2.4334853887557983,0.300593,746.8900146484375,,,,,,,135.2,3.004444444,135.2,3.004444444,,,,,,,,,,,,,,,,,,,"Nick Allen","22277",669397
"Tom Murphy","SFG",34.158,121.392,108.641,24.1221,14.9306,4.8144,0.293949,4.08314,13.163,14.0358,9.86828,0.0366179,35.2815,0.991919,0.767392,0.146695,2.0555,0.615516,0.169931,0.222036,0.0812927,0.290641,0.279701,0.290869,0.384513,0.295511,0.675382,0.162478,3.43434,0.286093,,-0.148983,12.7671,-1.43315,90.5326,-0.148983,0.2,-1.5232877284288406,0.2310076206922531,0.283274,750.6300048828125,,,,,,,112.4,3.305882352,112.4,3.305882352,,,,,,,,,,,,,,,,,,,"Tom Murphy","13499",608596
"Justin Turner","CHC",80.338,332.739,298.061,73.7314,51.7303,14.615,0.462913,6.92316,33.6972,36.6927,25.7351,0.261726,60.854,5.54848,2.99843,0.39648,5.95673,1.31772,0.310791,0.247371,0.0773432,0.182888,0.422899,0.315984,0.369193,0.3024,0.685177,0.121822,2.65626,0.286384,,-0.515443,36.8398,-2.08335,95.7479,-0.515443,-0.01,-2.207313895225525,-6.208919296041131,0.273081,537.5399780273438,,,,,,,323.6,4.045,323.6,4.045,,,,,,,,,,,,,,,,,,,"Justin Turner","5235",457759
"Enrique Hernández","LAD",71.72,274.75,249.978,56.5402,36.5963,12.4265,0.575718,6.94167,28.8601,30.3332,19.5292,0.153577,54.2249,2.20241,2.15743,0.440588,4.48187,0.99574,0.2822,0.22618,0.0710801,0.197361,0.360153,0.285802,0.363804,0.28474,0.649606,0.137624,3.03814,0.25972,,-0.374281,26.5142,-5.62548,83.0145,-0.374281,-0.3,-5.954842656850815,-0.6320370733737946,0.262936,556.4500122070312,,,,,,,243.4,3.380555555,243.4,3.380555555,,,,,,,,,,,,,,,,,,,"Enrique Hernandez","10472",571771
"Paul DeJong","WSN",97.147,372.951,339.547,68.4414,40.3378,12.3522,0.367708,15.3837,36.3321,48.9104,22.3987,0.00858533,121.042,5.41886,2.45005,0.301937,4.57609,2.99979,1.20545,0.201566,0.060058,0.324551,0.18505,0.260289,0.37603,0.277196,0.636319,0.174464,3.12745,0.258098,,-0.4261,33.7265,-9.90058,76.6024,-0.4261,-0.6,-10.86091685295105,0.9527242183685303,0.257042,426.1700134277344,,,,,,,300.5,3.097938144,300.5,3.097938144,,,,,,,,,,,,,,,,,,,"Paul DeJong","18015",657557
"Kyle Farmer","COL",73.159,258.842,233.736,59.5991,40.8749,11.2818,1.08508,6.35735,29.1241,27.4939,15.977,0.341006,52.7143,5.56645,1.97066,0.623625,4.92229,3.73059,1.39715,0.254985,0.0617249,0.203654,0.303086,0.315423,0.394133,0.31035,0.709557,0.139149,4.5869,0.301423,,-0.309676,30.3144,0.035589,85.4483,-0.309676,0.08,-4.813805639743805,-1.3640658110380173,0.250566,610.9099731445312,,,,,,,266.8,3.65479452,266.8,3.65479452,,,,,,,,,,,,,,,,,,,"Kyle Farmer","14813",571657
"Max Kepler","PHI",105.981,428.565,384.642,89.855,57.4218,18.6324,1.52971,12.2711,46.2602,48.8247,35.7087,0.564034,86.2502,4.60173,3.27066,0.342077,7.43395,1.11491,0.377996,0.233607,0.0833216,0.201253,0.414013,0.303967,0.38571,0.301921,0.689676,0.152103,2.96097,0.268094,,-0.697002,47.2843,-2.84845,92.2906,-0.697002,-2.27,-4.647904813289642,-7.176527976989746,0.250059,347.260009765625,,,,,,,423.2,3.99245283,423.2,3.99245283,,,,,,,,,,,,,,,,,,,"Max Kepler","12144",596146
"Stuart Fairchild","CIN",63.318,215.156,191.774,43.2824,26.4781,9.11754,0.711359,6.97547,25.8653,23.1674,16.1534,0.189456,57.8209,4.3154,1.35437,1.55909,2.88582,7.22955,1.7889,0.225695,0.0750775,0.268739,0.279369,0.298465,0.389777,0.301398,0.688242,0.164082,5.62018,0.282915,,0.352366,23.6479,-1.52061,86.0536,0.352366,0.1,-3.235835909843445,-1.5285494551062584,0.246574,748.1599731445312,,,,,,,214.1,3.398412698,214.1,3.398412698,,,,,,,,,,,,,,,,,,,"Stuart Fairchild","20321",656413
"Tyler Black","MIL",47.642,186.517,164.712,38.0293,25.1007,7.86766,1.06594,3.99495,21.1511,18.6041,17.3907,0.636502,42.6629,2.89468,1.32081,0.199168,2.91924,6.38752,1.51201,0.230884,0.093239,0.228734,0.40763,0.312985,0.364356,0.298977,0.67734,0.133472,5.8826,0.285105,,0.311946,20.1368,-1.68161,90.5266,0.311946,0.27,-1.8009756803512573,-2.013039320707321,0.246408,666.6199951171875,,,,,,,180.1,3.752083333,180.1,3.752083333,,,,,,,,,,,,,,,,,,,"Tyler Black","29949",672012
"Adrian Del Castillo","ARI",37.84,145.311,131.75,29.5408,18.37,6.79185,0.44408,3.93494,14.8253,17.3861,11.1469,0.511852,37.4066,1.28675,0.913476,0.214263,2.26251,0.447571,0.148595,0.22422,0.0767107,0.257424,0.297993,0.289286,0.372113,0.288715,0.661399,0.147893,3.04648,0.280393,,-0.209743,14.4879,-2.51035,82.3567,-0.209743,0.88,-3.275511011481285,0.7965784668922424,0.242833,512.0800170898438,,,,,,,129.9,3.418421052,129.9,3.418421052,,,,,,,,,,,,,,,,,,,"Adrian Del Castillo","29554",680728
"Luisangel Acuña","NYM",50.741,211.944,198.288,47.5476,34.961,8.56184,0.905395,3.11938,23.7297,17.2789,10.7491,0.133552,43.7589,1.08425,1.24913,0.574003,3.83045,9.02756,2.40499,0.239791,0.0507167,0.206464,0.245644,0.280934,0.339297,0.272184,0.620231,0.0995059,6.12281,0.29103,,0.46321,18.3114,-6.48135,76.3789,0.46321,-0.02,-5.5234246253967285,0.8282934240996838,0.242699,417.0899963378906,,,,,,,178.3,3.496078431,178.3,3.496078431,,,,,,,,,,,,,,,,,,,"Luisangel Acuna","26548",682668
"Liam Hicks","MIA",37.681,141.252,125.158,29.3597,21.1254,6.29558,0.486256,1.45254,13.0511,12.0546,12.3244,0.198287,23.9234,2.47574,1.11226,0.181417,2.75245,0.854519,0.269245,0.234581,0.0872512,0.169367,0.515161,0.313034,0.327469,0.286882,0.640503,0.0928882,3.39702,0.276598,,-0.220117,13.8747,-2.64866,80.1355,-0.220117,-1.47,-3.5754404217004776,1.2298071384429932,0.242665,746.1599731445312,,,,,,,108.1,2.844736842,108.1,2.844736842,,,,,,,,,,,,,,,,,,,"Liam Hicks","sa3017400",689414
"Max Acosta","MIA",33.586,131.707,122.245,30.313,21.3258,6.49684,0.489041,2.00134,13.8328,11.9337,6.78132,0.15578,25.2735,1.22477,0.882085,0.574023,2.34793,4.34052,1.12554,0.24797,0.0514879,0.191892,0.268318,0.292216,0.358232,0.284634,0.650447,0.110262,5.37654,0.295369,,0.181983,12.6989,-2.70793,78.6227,0.181983,0,-3.1848641335964203,1.1106480360031128,0.237929,999,,,,,,,111,3.264705882,111,3.264705882,,,,,,,,,,,,,,,,,,,"Max Acosta","sa3014711",691185
"Hunter Goodman","COL",83.217,314.378,290.529,68.1084,38.1579,15.7716,1.23821,12.9408,35.3105,41.4994,17.7177,0.351531,86.7368,3.56099,2.28845,0.281555,4.55069,1.78218,0.600096,0.234429,0.0563579,0.2759,0.20427,0.284585,0.430865,0.307425,0.71545,0.196436,3.80261,0.285635,,-0.35293,36.0786,-0.696747,83.4799,-0.35293,-0.46,-6.563417226076126,-1.699929803609848,0.225837,315.19000244140625,,,,,,,331.1,3.989156626,331.1,3.989156626,,,,,,,,,,,,,,,,,,,"Hunter Goodman","29715",696100
"Eguy Rosario","SDP",45.441,152.594,139.646,30.3895,19.2747,6.73021,0.459644,3.92492,16.9227,14.9189,10.2813,0.346454,40.4073,1.25564,0.983064,0.427869,2.1413,4.01066,1.13755,0.217618,0.0673766,0.264803,0.25444,0.275531,0.356714,0.276403,0.632245,0.139096,5.27125,0.274823,,0.100974,13.7019,-4.14822,79.3818,0.100974,0.05,-3.6612870767712593,0.7512500174343586,0.223312,709.030029296875,,,,,,,123.7,2.748888888,123.7,2.748888888,,,,,,,,,,,,,,,,,,,"Eguy Rosario","19964",666703
"Blake Dunn","CIN",24.95,72.084,64.5934,14.5707,10.0746,2.63456,0.238397,1.62319,8.14804,6.41175,4.95511,0.10594,21.3601,1.50501,0.379497,0.650944,1.15675,2.68933,0.601471,0.225576,0.0687407,0.296322,0.23198,0.294413,0.349132,0.284875,0.643546,0.123556,5.76465,0.308351,,0.164603,6.96418,-1.46806,74.9326,0.164603,2.29,-1.9961675256490707,1.6317213773727417,0.209825,743.5,,,,,,,70.4,2.816,70.4,2.816,,,,,,,,,,,,,,,,,,,"Blake Dunn","29487",694362
"Starling Marte","NYM",73.365,305.226,278,70.4762,51.9374,11.6858,1.61283,5.24012,37.1021,25.7731,18.3377,0.385464,64.5018,5.72759,1.73365,1.41716,6.20251,13.9738,3.09029,0.253511,0.0600791,0.211325,0.284298,0.311197,0.363697,0.297461,0.674894,0.110186,6.2752,0.310659,,0.946373,32.5804,-3.12434,93.392,0.946373,-0.12,-1.465509295463562,-6.719757191836834,0.202482,457,,,,,,,297.4,4.073972602,297.4,4.073972602,,,,,,,,,,,,,,,,,,,"Starling Marte","9241",516782
"Wilmer Flores","SFG",87.447,347.196,310.444,74.263,48.7115,14.3916,0.430047,10.7299,36.6641,39.6753,28.8559,0.478558,51.6467,3.82626,3.18719,0.337256,5.80849,0.149691,0.0358271,0.239216,0.0831112,0.148754,0.558718,0.308811,0.392033,0.306476,0.700844,0.152818,1.77977,0.252864,,-0.623188,39.5796,-1.03473,97.9131,-0.623188,0.13,-1.4896326661109924,-8.094254612922668,0.202119,619.8200073242188,,,,,,,347.4,3.993103448,347.4,3.993103448,,,,,,,,,,,,,,,,,,,"Wilmer Flores","5827",527038
"Kevin Alcántara","CHC",12.802,47.974,44.3063,10.5686,7.33986,1.95792,0.170396,1.10042,5.11022,5.05638,3.03659,0.076081,13.7747,0.320956,0.259034,0.0511711,0.878238,0.829172,0.227461,0.238535,0.0632965,0.287128,0.220447,0.290595,0.364927,0.286862,0.655522,0.126392,4.57581,0.318899,,-0.0101168,4.71158,-0.90033,85.2898,-0.0101168,0.97,-0.8540037469938397,1.079756535589695,0.18801,706.3300170898438,,,,,,,43.7,3.361538461,43.7,3.361538461,,,,,,,,,,,,,,,,,,,"Kevin Alcantara","25971",682634
"Jason Heyward","SDP",85.957,314.116,281.334,62.2093,39.803,12.0928,1.16254,9.15104,34.9673,33.0037,26.0378,1.17929,65.4317,3.50597,1.7256,0.397023,6.1605,3.58256,0.99395,0.221123,0.0828923,0.208304,0.397939,0.293513,0.369953,0.29068,0.663466,0.14883,4.23299,0.254505,,-0.22405,31.8149,-4.92982,88.9907,-0.22405,-0.43,-4.35937874019146,-4.291579902172089,0.184906,691.02001953125,,,,,,,286.1,3.326744186,286.1,3.326744186,,,,,,,,,,,,,,,,,,,"Jason Heyward","4940",518792
"Henry Davis","PIT",27.209,102.304,90.9297,20.3021,13.2606,4.11206,0.268205,2.66125,10.9767,10.6063,8.37625,0.452473,27.5417,2.17975,0.528759,0.289552,1.72563,1.6288,0.513079,0.223272,0.0818761,0.269214,0.30413,0.302487,0.362195,0.293039,0.664682,0.138923,4.45475,0.287988,,-0.0664401,10.556,-1.4113,84.3153,-0.0664401,-0.23,-1.985247164964676,0.35784871876239777,0.183135,541.4000244140625,,,,,,,91.8,3.4,91.8,3.4,,,,,,,,,,,,,,,,,,,"Henry Davis","29617",680779
"José Fermín","STL",22.193,69.175,61.3427,14.8184,10.6848,2.80532,0.278676,1.04963,7.80713,5.70627,5.45933,0.11309,9.02422,1.08987,0.493922,0.789202,1.43723,2.25663,0.606052,0.241568,0.0789205,0.130455,0.604964,0.312457,0.347719,0.292996,0.660176,0.106151,5.37131,0.265998,,0.0707451,7.13526,-0.956701,88.3406,0.0707451,0.04,-0.8937192335724831,0.2968634143471718,0.175835,750.719970703125,,,,,,,60.1,2.731818181,60.1,2.731818181,,,,,,,,,,,,,,,,,,,"Jose Fermin","21746",665877
"Nacho Alvarez Jr.","ATL",13.385,53.241,47.7466,12.2103,9.04795,2.22407,0.148559,0.789773,6.20119,4.90386,4.419,0.150708,10.3315,0.716272,0.285524,0.0736035,1.17297,1.07375,0.320671,0.255732,0.083,0.194051,0.427722,0.326245,0.358158,0.303298,0.684404,0.102426,4.73349,0.309409,,-0.0258736,5.93315,-0.294883,92.6137,-0.0258736,0.01,-0.4961296543478966,0.42311728931963444,0.175235,742.6799926757812,,,,,,,51.3,3.946153846,51.3,3.946153846,,,,,,,,,,,,,,,,,,,"Nacho Alvarez Jr.","31765",805373
"Ronny Mauricio","NYM",17.61,68.917,64.363,15.5473,10.3655,3.1937,0.232722,1.75542,7.9321,7.03817,3.63172,0.279492,15.768,0.438178,0.408142,0.0759544,1.09484,2.11847,0.762434,0.241557,0.052697,0.228796,0.230323,0.284964,0.380229,0.287906,0.665193,0.138673,5.30295,0.291906,,0.00317882,6.82633,-1.23545,86.9608,0.00317882,0.03,-1.0714022046886384,0.3923456650227308,0.16646,644,,,,,,,66.1,3.672222222,66.1,3.672222222,,,,,,,,,,,,,,,,,,,"Ronny Mauricio","23698",677595
"Jack Suwinski","PIT",51.55,197.181,173.734,36.6578,21.2022,7.69758,0.589276,7.16878,22.3969,23.7142,20.2124,0.852826,59.9024,1.7493,1.24181,0.24375,2.51061,3.55974,1.0316,0.211,0.102507,0.303794,0.337422,0.297656,0.385879,0.298757,0.683535,0.174879,4.52697,0.273289,,-0.0397921,21.2532,-1.81269,88.1638,-0.0397921,-0.1,-2.8306477181613445,-2.1330073848366737,0.164286,606.4199829101562,,,,,,,198.7,3.821153846,198.7,3.821153846,,,,,,,,,,,,,,,,,,,"Jack Suwinski","22244",669261
"Moises Ballesteros","CHC",11.9,37.462,34.2823,8.43133,5.64424,1.75473,0.103217,0.929148,3.85347,4.45013,2.63763,0.126668,7.69122,0.230777,0.270718,0.0405612,0.694751,0.149492,0.0509028,0.245938,0.0704082,0.205307,0.342941,0.301959,0.384453,0.298779,0.686412,0.138515,3.12483,0.289295,,-0.0569033,4.03849,-0.343739,93.3107,-0.0569033,0,-0.35656705871224403,0.6882348656654358,0.162861,999,,,,,,,35,2.916666666,35,2.916666666,,,,,,,,,,,,,,,,,,,"Moises Ballesteros","sa3015713",694208
"Drew Millas","WSN",13.933,49.774,45.3807,10.7406,7.65904,2.09694,0.181347,0.803314,4.90754,4.64677,3.6341,0.140282,10.078,0.323207,0.310212,0.125739,1.00334,0.843648,0.301294,0.236679,0.0730121,0.202475,0.360597,0.296042,0.343984,0.281951,0.640025,0.107305,4.31782,0.285477,,-0.0438705,4.69163,-1.13083,79.8029,-0.0438705,0,-1.2460039369761944,1.0750771760940552,0.153221,999,,,,,,,45.7,3.264285714,45.7,3.264285714,,,,,,,,,,,,,,,,,,,"Drew Millas","25643",686452
"Will Benson","CIN",49.205,177.612,154.733,31.2097,17.1254,6.68853,1.11026,6.28549,22.8163,18.8852,19.7067,0.350128,62.4775,1.5912,0.948757,0.632018,1.60997,7.48518,1.78367,0.2017,0.110953,0.351764,0.31542,0.296686,0.381141,0.297929,0.677827,0.179441,6.67312,0.286751,,0.47415,19.0256,-1.75113,83.7189,0.47415,0.32,-2.983781486749649,-1.5530299544334412,0.141189,686.0499877929688,,,,,,,174.7,3.565306122,174.7,3.565306122,,,,,,,,,,,,,,,,,,,"Will Benson","21853",666181
"Brett Wisely","SFG",46.357,165.966,150.654,33.6619,23.2138,7.12669,0.575406,2.74594,16.7891,14.1344,11.9035,0.181957,39.5561,1.13071,1.21218,1.06544,2.63888,3.35734,1.04178,0.223438,0.0717225,0.238339,0.300927,0.283177,0.333062,0.27224,0.61624,0.109624,4.74339,0.282172,,-0.0351074,14.3464,-5.06795,74.8694,-0.0351074,0.01,-5.022607617080212,0.8554558847099543,0.139386,749.219970703125,,,,,,,135.5,2.945652173,135.5,2.945652173,,,,,,,,,,,,,,,,,,,"Brett Wisely","27735",689172
"Tommy Pham","PIT",101.299,427.658,384.59,92.5772,63.9833,18.3005,1.78244,8.51094,48.2004,41.8881,36.3444,0.0178975,96.6062,3.60476,2.59355,0.524791,8.52138,10.9052,2.65144,0.240716,0.0849848,0.225896,0.376212,0.310269,0.363959,0.297998,0.674229,0.123243,5.26447,0.298036,,0.287052,45.8339,-4.1927,87.653,0.287052,-2.15,-6.027139842510223,-6.839768886566162,0.139281,422.7699890136719,,,,,,,416.5,4.123762376,416.5,4.123762376,,,,,,,,,,,,,,,,,,,"Tommy Pham","2967",502054
"Casey Schmitt","SFG",24.188,88.064,81.4915,18.9943,12.6752,3.80812,0.273875,2.23709,8.96362,9.26898,4.76231,0.162018,20.6175,0.885762,0.651416,0.273012,1.48211,0.875644,0.291538,0.233083,0.0540778,0.23412,0.230984,0.280693,0.36889,0.282802,0.649583,0.135807,4.0008,0.282639,,-0.0862822,8.36109,-1.94047,81.9787,-0.0862822,0.01,-1.9840625151991844,0.3832715842872858,0.136997,743.6099853515625,,,,,,,75.7,3.154166666,75.7,3.154166666,,,,,,,,,,,,,,,,,,,"Casey Schmitt","27577",669477
"Mickey Moniak","COL",73.138,283.466,263.397,63.7438,38.0017,14.1433,2.29738,9.30133,33.4189,32.4787,15.2819,0.514479,77.0095,2.55664,1.63464,0.595978,3.26623,5.56212,1.62578,0.242007,0.0539108,0.271671,0.198441,0.288409,0.419086,0.304521,0.707495,0.177079,5.67374,0.304623,,0.0173193,31.8685,-1.29084,81.5252,0.0173193,1.26,-6.2451061345636845,-1.8680362701416016,0.135229,590.25,,,,,,,291.8,3.997260273,291.8,3.997260273,,,,,,,,,,,,,,,,,,,"Mickey Moniak","19956",666160
"Wade Meckler","SFG",8.132,32.292,29.3605,7.87251,5.77521,1.53252,0.154165,0.410616,3.64818,2.93325,2.45782,0.0400782,6.205,0.211063,0.188653,0.0739856,0.692746,0.489461,0.156162,0.268133,0.0761124,0.192153,0.396103,0.327189,0.372787,0.308267,0.699977,0.104654,4.59839,0.325371,,-0.0316824,3.72775,-0.049704,99.1182,-0.0316824,0.17,-0.0657341368496418,0.29549382627010345,0.134587,999,,,,,,,27.6,3.45,27.6,3.45,,,,,,,,,,,,,,,,,,,"Wade Meckler","31490",685133
"DJ Stewart","PIT",40.374,140.63,121.243,25.7614,15.6934,5.20822,0.205291,4.65447,15.2168,16.1635,15.6349,0.236897,37.2977,2.61887,0.841419,0.2915,2.1193,0.989813,0.27437,0.212477,0.111177,0.265219,0.419192,0.313636,0.373988,0.305022,0.687624,0.161512,3.30316,0.2634,,-0.179215,15.8669,-0.583746,92.3803,-0.179215,-0.07,-1.4605883061885834,-1.9391667321324348,0.131663,745.5,,,,,,,145,3.625,145,3.625,,,,,,,,,,,,,,,,,,,"DJ Stewart","17766",621466
"Noelvi Marte","CIN",41.647,163.569,151.085,36.092,24.4515,7.27158,0.378443,3.9905,18.0573,17.3045,9.82568,0.390209,40.7384,1.51949,0.962397,0.17611,2.74022,4.75048,1.29258,0.238885,0.0600705,0.249059,0.24119,0.290326,0.37126,0.288696,0.661586,0.132375,4.97297,0.299123,,0.147148,16.3057,-2.82825,77.5043,0.147148,-0.59,-4.252953469753265,0.052700579166412354,0.127738,499.42999267578125,,,,,,,151.2,3.6,151.2,3.6,,,,,,,,,,,,,,,,,,,"Noelvi Marte","26517",682622
"Enmanuel Valdez","PIT",36.946,131.092,118.861,25.8306,16.0047,5.9802,0.229749,3.61597,12.9577,14.7162,10.016,0.229406,31.6835,1.00864,0.943688,0.263127,1.89495,1.44977,0.443713,0.217319,0.0764046,0.241689,0.316128,0.281706,0.362763,0.282242,0.644469,0.145444,3.72513,0.26288,,-0.101268,12.3872,-2.94769,77.0479,-0.101268,-0.01,-3.6992651000618935,0.5601543094962835,0.125837,999,,,,,,,116.5,3.148648648,116.5,3.148648648,,,,,,,,,,,,,,,,,,,"Enmanuel Valdez","21716",665839
"Jacob Hurtubise","CIN",13.184,45.017,39.1389,9.35923,7.20179,1.45419,0.259501,0.443741,5.06744,3.0324,3.93547,0.168228,9.5511,1.08376,0.243666,0.615229,0.914178,1.69921,0.470972,0.239129,0.0874218,0.212166,0.412043,0.323826,0.323557,0.291019,0.647382,0.084428,6.01986,0.303375,,0.0539702,4.5718,-0.694206,79.0679,0.0539702,1.08,-1.0728371441364288,0.7409054040908813,0.120262,749.75,,,,,,,33.1,2.546153846,33.1,2.546153846,,,,,,,,,,,,,,,,,,,"Jacob Hurtubise","27599",674441
"Pavin Smith","ARI",87.856,322.487,285.356,67.3492,43.1322,13.4376,0.951943,9.82749,36.2244,39.7648,32.7424,1.09598,66.9919,1.69451,2.38203,0.311955,6.2797,1.16273,0.358498,0.236018,0.101531,0.207735,0.488752,0.315934,0.393099,0.310116,0.709033,0.157081,3.08467,0.27272,,-0.516207,37.7075,-0.0163948,96.7611,-0.516207,-0.15,-1.7652426958084106,-7.79441824555397,0.119795,388.0400085449219,,,,,,,334.5,3.801136363,334.5,3.801136363,,,,,,,,,,,,,,,,,,,"Pavin Smith","19892",656976
"Vinny Capra","MIL",44.453,154.965,141.452,31.8329,22.5994,6.83132,0.510573,1.8916,13.8077,14.2532,10.6873,0.279479,34.7414,1.4804,0.989288,0.355859,2.63385,1.85436,0.533618,0.225043,0.0689659,0.224188,0.307625,0.284592,0.320675,0.268406,0.605267,0.0956314,4.0477,0.282976,,-0.117437,12.9173,-5.2102,69.9498,-0.117437,0.78,-5.685979522764683,1.6855239868164062,0.118835,999,,,,,,,120,2.727272727,120,2.727272727,,,,,,,,,,,,,,,,,,,"Vinny Capra","25040",681962
"Adam Frazier","PIT",71.856,266.984,240.639,57.3999,41.6694,11.2202,1.28356,3.22679,26.9728,22.5492,19.344,0.37846,44.3857,3.02171,1.57955,2.3999,4.58223,5.07739,1.79899,0.238531,0.0724537,0.166248,0.435816,0.301475,0.336053,0.282794,0.637529,0.0975222,4.80171,0.278373,,-0.215527,25.3466,-5.88464,77.4195,-0.215527,0.66,-7.424600929021835,-0.3102778196334839,0.117713,745.6599731445312,,,,,,,213.9,2.970833333,213.9,2.970833333,,,,,,,,,,,,,,,,,,,"Adam Frazier","15223",624428
"Garrett Hampson","ARI",37.166,113.745,103.231,24.2154,17.4013,4.69002,0.88949,1.23463,12.7155,8.97768,7.85914,0.0902953,29.3791,0.80293,0.733476,1.11809,1.78386,3.87796,0.948133,0.234574,0.0690943,0.258289,0.267507,0.291915,0.333119,0.276381,0.625034,0.0985444,6.37613,0.313299,,0.186602,10.2115,-3.09416,74.0553,0.186602,-0.03,-3.3423281759023666,0.6582592446357012,0.113281,747.989990234375,,,,,,,92.8,2.508108108,92.8,2.508108108,,,,,,,,,,,,,,,,,,,"Garrett Hampson","19262",641658
"Ji Hwan Bae","PIT",22.143,80.202,72.5032,17.6498,12.9464,3.48161,0.40419,0.817646,9.14332,6.08925,6.35521,0.274244,19.2228,0.53934,0.443238,0.360995,1.43379,3.97008,1.0604,0.243435,0.0792401,0.239679,0.330609,0.307416,0.336437,0.285043,0.643853,0.0930018,6.10562,0.318152,,0.21012,7.75931,-1.62256,78.9333,0.21012,0.2,-1.8103021383285522,0.1837279498577118,0.107344,739.989990234375,,,,,,,71.7,3.259090909,71.7,3.259090909,,,,,,,,,,,,,,,,,,,"Ji Hwan Bae","23818",678225
"Chadwick Tromp","ATL",18.486,65.185,60.3238,13.067,9.08894,2.62911,0.0627423,1.28625,6.07211,6.40197,3.9355,0.00206115,15.5332,0.435641,0.404142,0.0858657,1.2919,0.0144817,0.00186942,0.216615,0.0603744,0.238294,0.253361,0.267871,0.326245,0.26226,0.594117,0.109631,1.84573,0.268303,,-0.104077,5.11115,-2.51406,64.9926,-0.104077,0.26,-2.832857020199299,1.6863888502120972,0.105375,740,,,,,,,42.9,2.383333333,42.9,2.383333333,,,,,,,,,,,,,,,,,,,"Chadwick Tromp","16953",644433
"Vidal Bruján","CHC",41.341,144.776,131.595,29.2243,20.8696,5.94035,0.685072,1.72921,15.8538,11.5155,10.4798,0.464727,29.8576,1.36158,0.887205,0.451952,2.45724,6.81437,1.89846,0.222076,0.0723862,0.206233,0.350993,0.284538,0.31705,0.266709,0.601588,0.0949738,6.20598,0.272509,,0.339485,11.8702,-5.06537,71.7253,0.339485,0.08,-4.555555284023285,0.717978373169899,0.100678,693.4500122070312,,,,,,,113,2.75609756,113,2.75609756,,,,,,,,,,,,,,,,,,,"Vidal Brujan","20536",660644
"Isaac Collins","MIL",26.799,79.234,70.1781,15.2652,10.173,3.39726,0.333415,1.36151,8.14554,7.19853,7.17906,0.285059,18.5942,0.914275,0.51245,0.45012,1.25587,2.21647,0.700323,0.217521,0.0906058,0.234674,0.386092,0.296489,0.333634,0.279766,0.630123,0.116114,5.25122,0.274046,,0.0177423,7.32915,-1.93949,77.5963,0.0177423,0.62,-2.1049745678901672,0.4427579343318939,0.10034,999,,,,,,,57.1,2.114814814,57.1,2.114814814,,,,,,,,,,,,,,,,,,,"Isaac Collins","25477",686555
"Nasim Nuñez","WSN",23.31,66.144,58.6659,13.2154,10.5256,2.08027,0.249619,0.35986,6.85789,3.71572,6.01696,0.101788,14.7998,0.30243,0.415052,0.743652,1.27509,3.41323,0.853065,0.225265,0.0909675,0.223751,0.406557,0.298695,0.287637,0.265224,0.586332,0.0623716,5.80638,0.292694,,0.205005,5.34412,-2.39328,68.544,0.205005,0.15,-2.2830202132463455,1.0329545438289642,0.0979678,744.4199829101562,,,,,,,40.5,1.760869565,40.5,1.760869565,,,,,,,,,,,,,,,,,,,"Nasim Nunez","25979",683083
"Eli White","ATL",21.72,64.484,58.7407,13.1986,9.14843,2.42694,0.323118,1.30007,7.85051,5.50041,4.51016,0.00697652,18.4169,0.78776,0.342592,0.102781,0.910559,2.68034,0.657687,0.224692,0.0699424,0.285604,0.244893,0.287296,0.343407,0.278989,0.630703,0.118715,6.55615,0.30225,,0.155738,5.92445,-1.61876,76.2526,0.155738,0.43,-1.6754319220781326,0.47788359597325325,0.0976929,750.8099975585938,,,,,,,49.9,2.268181818,49.9,2.268181818,,,,,,,,,,,,,,,,,,,"Eli White","19346",642201
"Andruw Monasterio","MIL",28.873,103.714,93.0641,20.7019,14.749,4.06694,0.34896,1.53701,10.2054,9.29438,8.88415,0.09933,25.7603,0.931527,0.719344,0.114911,1.46392,2.78012,0.792494,0.222448,0.0856601,0.248379,0.344877,0.294574,0.323195,0.275711,0.617769,0.100746,4.89375,0.288255,,0.0419684,9.255,-2.87727,74.8666,0.0419684,0.04,-3.0751282162964344,0.559832789003849,0.0962752,750.3099975585938,,,,,,,87.9,3.031034482,87.9,3.031034482,,,,,,,,,,,,,,,,,,,"Andruw Monasterio","19455",655316
"René Pinto","ARI",12.373,34.977,32.5445,6.70091,4.18611,1.45365,0.0454195,1.01574,3.21987,4.149,1.82113,0.0118754,12.023,0.323954,0.21587,0.0715212,0.496114,0.0406802,0.0133069,0.2059,0.0520664,0.34374,0.151471,0.253427,0.34699,0.262187,0.600417,0.14109,2.3815,0.28827,,-0.0471281,2.7405,-1.35105,64.5018,-0.0471281,0,-1.5318661704659462,1.285163164138794,0.0945968,999,,,,,,,24.5,2.041666666,24.5,2.041666666,,,,,,,,,,,,,,,,,,,"Rene Pinto","19859",650907
"Max Stassi","SFG",12.945,33.453,29.4908,6.21887,4.22263,1.07036,0.0779455,0.847936,3.38432,3.25572,3.03145,0.000770088,9.55236,0.443939,0.21665,0.067933,0.696156,0.0898868,0.0261529,0.210875,0.0906183,0.285546,0.317351,0.292147,0.338714,0.281356,0.630861,0.127839,3.00276,0.278184,,-0.0533647,3.13721,-0.776061,81.0054,-0.0533647,0,-0.8132102973759174,0.6145833134651184,0.0943301,999,,,,,,,25.9,1.992307692,25.9,1.992307692,,,,,,,,,,,,,,,,,,,"Max Stassi","10059",545358
"Alex Call","WSN",54.756,210.904,184.753,39.8174,26.3215,8.30526,0.557761,4.63288,22.052,19.2956,21.1208,0.151237,42.8515,2.72155,1.36184,0.946704,3.20915,4.77792,1.92307,0.215517,0.100144,0.20318,0.492884,0.303203,0.341736,0.287979,0.64494,0.126219,4.58391,0.253801,,-0.217993,20.9027,-3.76848,83.8597,-0.217993,-0.08,-4.2885827869176865,-1.8638889342546463,0.0886182,734.739990234375,,,,,,,190.8,3.469090909,190.8,3.469090909,,,,,,,,,,,,,,,,,,,"Alex Call","19296",669743
"Jared Serna","MIA",10.897,44.272,40.8036,9.88504,6.66799,2.15909,0.127262,0.930698,4.57078,4.52866,2.62723,0.0703416,8.73913,0.498594,0.284319,0.0582753,0.864472,0.919527,0.240703,0.242259,0.0593428,0.197396,0.300628,0.294272,0.369839,0.290388,0.664111,0.12758,4.75326,0.285006,,0.00967756,4.47365,-0.705204,82.4957,0.00967756,0,-0.9170142067596316,0.25224536657333374,0.0833296,999,,,,,,,41.1,3.736363636,41.1,3.736363636,,,,,,,,,,,,,,,,,,,"Jared Serna","sa3015579",691858
"Jimmy Crooks","STL",4.329,15.52,14.048,3.37632,2.34974,0.687618,0.0498105,0.289148,1.57135,1.52066,1.13534,0.0390927,3.86427,0.194581,0.0870664,0.055032,0.324631,0.0756646,0.0268972,0.240342,0.0731534,0.248986,0.293805,0.304316,0.35813,0.291834,0.662446,0.117788,3.33739,0.309285,,-0.0244936,1.58635,-0.229151,87.559,-0.0244936,0.17,-0.25538588501513004,0.5040277689695358,0.0789592,999,,,,,,,8.7,2.175,8.7,2.175,,,,,,,,,,,,,,,,,,,"Jimmy Crooks","sa3019841",699625
"Jeferson Quero","MIL",6.173,23.016,21.3266,5.08339,3.43391,1.0002,0.0888218,0.560457,2.25481,2.6752,1.32681,0.0290032,4.77135,0.170396,0.159718,0.0324353,0.378378,0.267617,0.0771702,0.238359,0.0576474,0.207306,0.278079,0.286317,0.372426,0.287064,0.658744,0.134068,4.01636,0.279979,,-0.0164206,2.26417,-0.428201,82.5081,-0.0164206,0.01,-0.4978443570435047,0.4863117132335901,0.0778227,745.1900024414062,,,,,,,22.3,3.716666666,22.3,3.716666666,,,,,,,,,,,,,,,,,,,"Jeferson Quero","sa3015407",691620
"Garrett Stubbs","PHI",21.856,76.124,68.0153,13.7282,9.96592,2.53253,0.312873,0.916908,7.39267,5.44801,6.39924,0.0689569,19.5321,0.84292,0.403184,0.425392,1.21872,1.53083,0.429685,0.20184,0.0840634,0.256582,0.327627,0.277164,0.288718,0.255454,0.565882,0.0868775,5.07301,0.267072,,-0.00312939,5.55187,-3.35297,61.015,-0.00312939,0,-3.5519246112089604,1.6864198446273804,0.0686679,999,,,,,,,53.3,2.422727272,53.3,2.422727272,,,,,,,,,,,,,,,,,,,"Garrett Stubbs","18067",596117
"Jakob Marsee","MIA",14.393,56.523,49.3575,10.3203,6.87564,2.10552,0.274342,1.06484,6.09062,4.52852,5.71878,0.0906001,13.7067,0.833381,0.36552,0.247772,0.812812,2.01904,0.436497,0.209093,0.101176,0.242498,0.417224,0.299821,0.32759,0.281234,0.627411,0.118497,5.74415,0.26481,,0.12176,5.29513,-1.31682,76.3341,0.12176,0,-1.477834865450859,0.2221141755580902,0.064355,999,,,,,,,47,3.357142857,47,3.357142857,,,,,,,,,,,,,,,,,,,"Jakob Marsee","sa3019868",805300
"Adael Amador","COL",12.259,45.648,41.0639,10.2015,7.09998,1.95693,0.144794,0.999765,5.32084,4.41291,3.71774,0.101977,7.88546,0.381462,0.29257,0.192352,1.00777,1.3564,0.409129,0.248429,0.0814436,0.172745,0.471467,0.314607,0.376177,0.303411,0.690784,0.127748,5.10595,0.28338,,0.017997,5.09114,-0.248674,80.7777,0.017997,-0.06,-1.0312780253589153,0.1291820891201496,0.0635427,698.22998046875,,,,,,,44.1,3.675,44.1,3.675,,,,,,,,,,,,,,,,,,,"Adael Amador","27962",691182
"Jakson Reetz","NYM",9.95,29.699,26.7705,5.34545,3.27853,1.21449,0.045139,0.807291,0,0,2.06315,0.0838088,8.36099,0.655119,0.164024,0.046169,0.431167,0.144915,0.0510227,0.199676,0.0694685,0.281524,0.246758,0.271937,0.338883,0.269757,0.610821,0.139207,1.88862,0.255436,,-0.0383493,2.50791,-0.966224,74.7453,-0.0383493,0,-0.935250349342823,0.5456165671348572,0.0617159,999,,,,,,,22.3,2.23,22.3,2.23,,,,,,,,,,,,,,,,,,,"Jakson Reetz","17837",656883
"Reese McGuire","CHC",12.242,44.385,39.9832,8.38913,6.16426,1.54805,0.106665,0.570151,3.88559,3.44355,2.96886,0.063317,11.775,0.435121,0.27671,0.586348,0.837657,0.427417,0.11667,0.209817,0.0668888,0.265291,0.252134,0.270089,0.296649,0.252999,0.566738,0.0868325,3.72493,0.280102,,-0.0367854,3.14939,-2.04269,62.4978,-0.0367854,0.2,-2.0272500179708004,1.144598737359047,0.0612151,999,,,,,,,29,2.416666666,29,2.416666666,,,,,,,,,,,,,,,,,,,"Reese McGuire","15674",624512
"Jason Delay","PIT",12.361,39.076,35.6755,7.92997,5.87646,1.58904,0.0935389,0.370935,3.28746,3.13863,2.33179,0.0316848,8.40023,0.447838,0.252945,0.364896,0.739444,0.293379,0.0858665,0.22228,0.0596733,0.214972,0.277587,0.276676,0.303258,0.25833,0.579934,0.0809776,3.41186,0.278343,,-0.0441683,2.94035,-1.63068,60.9538,-0.0441683,0.12,-1.8686940930783749,1.0737808272242546,0.0520507,999,,,,,,,20.6,1.716666666,20.6,1.716666666,,,,,,,,,,,,,,,,,,,"Jason Delay","19806",641511
"Hunter Feduccia","LAD",4.782,15.582,14.0124,3.0245,2.04348,0.648983,0.0462722,0.285771,1.5598,1.52135,1.36677,0.0284286,3.89011,0.0795834,0.104796,0.0184389,0.287037,0.0271671,0.00976369,0.215845,0.087715,0.249654,0.351346,0.287265,0.329946,0.27388,0.617211,0.114102,2.83825,0.27549,,-0.0258398,1.36752,-0.455233,75.7053,-0.0258398,0.08,-0.4785253945738077,0.44898147881031036,0.0504416,746.8300170898438,,,,,,,8.7,1.74,8.7,1.74,,,,,,,,,,,,,,,,,,,"Hunter Feduccia","23372",676439
"Martín Maldonado","SDP",27.637,98.571,85.9407,15.8866,9.83402,2.77284,0.0981649,3.18162,9.25907,10.0918,6.91263,0.0648775,33.1552,0.992323,0.53041,1.53501,1.49971,0.389699,0.0892194,0.184856,0.0701285,0.336359,0.208493,0.252094,0.330468,0.257233,0.582562,0.145612,2.87421,0.25342,,-0.097686,7.33013,-4.20051,66.4789,-0.097686,-0.89,-4.048884823918343,1.242484450340271,0.0485547,999,,,,,,,64.5,2.303571428,64.5,2.303571428,,,,,,,,,,,,,,,,,,,"Martin Maldonado","6887",455117
"Jordan Beck","COL",112.183,435.79,396.695,94.8372,59.7235,21.3481,1.96497,11.8007,49.9374,46.3775,33.0219,0.569717,127.47,2.80147,2.82749,0.444554,6.30166,9.06048,2.60891,0.239069,0.0757747,0.292503,0.259056,0.300131,0.392033,0.301606,0.692164,0.152964,5.04991,0.319063,,0.00587029,47.971,-3.00684,79.5633,0.00587029,2.14,-10.644106443971395,-3.3732669353485107,0.0483806,400.1400146484375,,,,,,,436.8,3.9,436.8,3.9,,,,,,,,,,,,,,,,,,,"Jordan Beck","31431",687597
"Jett Williams","NYM",5.123,16.236,14.421,3.1589,2.06751,0.676773,0.0586069,0.356006,1.80272,1.4925,1.44498,0.0190413,4.1196,0.241247,0.107101,0.0217169,0.215836,0.426749,0.114118,0.219049,0.0889983,0.253732,0.350757,0.298818,0.348167,0.287194,0.646986,0.129118,5.38264,0.278827,,0.00965552,1.5989,-0.30036,86.4816,0.00965552,0,-0.2528062267228961,0.17896825075149536,0.0481122,999,,,,,,,8.7,1.74,8.7,1.74,,,,,,,,,,,,,,,,,,,"Jett Williams","sa3020134",702518
"Austin Wynns","CIN",15.204,51.561,47.0738,10.3272,7.52909,1.73296,0.0481278,1.017,4.57108,4.96552,3.21331,0.0222919,13.2414,0.534929,0.295802,0.332706,1.0122,0.221404,0.0682686,0.219383,0.0623206,0.25681,0.242672,0.275352,0.323054,0.265339,0.598407,0.103672,2.67368,0.281179,,-0.0721979,4.17067,-1.86084,61.7833,-0.0721979,0,-2.428526386618614,1.1731481552124023,0.0473558,750.3699951171875,,,,,,,36.2,2.413333333,36.2,2.413333333,,,,,,,,,,,,,,,,,,,"Austin Wynns","15271",642851
"Jorge Barrosa","ARI",9.521,29.846,27.001,6.27752,4.27599,1.40719,0.126413,0.467935,3.28292,2.74701,2.1421,0.0497906,6.14557,0.292941,0.18402,0.225987,0.521263,0.839036,0.231902,0.232493,0.0717717,0.205909,0.34856,0.294145,0.345964,0.282323,0.640108,0.113471,5.52837,0.28241,,0.0213122,2.82217,-0.669162,78.0543,0.0213122,0.08,-0.7619299273937941,0.22692900896072388,0.0472074,999,,,,,,,17.4,1.74,17.4,1.74,,,,,,,,,,,,,,,,,,,"Jorge Barrosa","23968",678489
"Cal Stevenson","PHI",17.064,52.885,46.3039,10.3458,7.41546,1.99342,0.219185,0.717702,5.99041,3.8871,5.54733,0.187564,11.8132,0.220178,0.310892,0.502741,0.907267,2.01106,0.645133,0.223432,0.104894,0.223376,0.469587,0.307609,0.32245,0.281841,0.630059,0.0990176,5.63919,0.282482,,0.0383643,4.98015,-1.20623,78.775,0.0383643,0.44,-1.3039097599685192,0.0011111199855804443,0.0470036,999,,,,,,,44.2,2.6,44.2,2.6,,,,,,,,,,,,,,,,,,,"Cal Stevenson","22411",670276
"Liover Peguero","PIT",14.545,56.494,52.5273,12.0341,8.35758,2.37665,0.245482,1.05439,5.75875,5.2247,2.98,0.0463228,14.8846,0.376751,0.32698,0.282986,0.980928,1.42305,0.359746,0.229102,0.0527489,0.263472,0.200207,0.273805,0.343914,0.270539,0.617719,0.114812,5.38965,0.29743,,0.0468212,4.80614,-1.80242,69.1712,0.0468212,-0.07,-2.0358487777411938,0.603379599750042,0.0460012,999,,,,,,,40.3,2.686666666,40.3,2.686666666,,,,,,,,,,,,,,,,,,,"Liover Peguero","24273",678894
"Joe Mack","MIA",5.265,20.285,18.3766,4.00891,2.6563,0.763631,0.0478184,0.541165,1.87546,2.15234,1.55343,0.0814094,5.59486,0.193235,0.118179,0.0435966,0.388434,0.0522747,0.0187854,0.218154,0.07658,0.275813,0.277652,0.284347,0.353258,0.279703,0.637605,0.135105,2.74726,0.280591,,-0.0312607,1.87532,-0.497576,75.3036,-0.0312607,-0.05,-0.6303207464516163,0.35624999925494194,0.0413328,999,,,,,,,22.7,4.54,22.7,4.54,,,,,,,,,,,,,,,,,,,"Joe Mack","sa3017374",691788
"Andrew McCutchen","PIT",105.417,449.719,391.504,88.544,56.8576,17.2165,0.859576,13.6104,50.0576,50.7339,50.3154,0.0610269,108.393,4.32643,3.09021,0.482513,7.92784,4.83317,1.34771,0.226163,0.111882,0.241023,0.464196,0.318732,0.378823,0.308876,0.697554,0.152659,3.64995,0.274893,,-0.458716,52.1355,-0.471748,94.9743,-0.458716,0,-3.1613985002040863,-11.387639045715332,0.0412896,589.6199951171875,,,,,,,461.7,4.397142857,461.7,4.397142857,,,,,,,,,,,,,,,,,,,"Andrew McCutchen","9847",457705
"Gage Workman","CHC",29.176,117.054,107.093,22.6076,14.4186,5.09423,0.670773,2.424,12.4091,11.0563,8.44306,0.330674,41.54,0.704465,0.628971,0.184868,1.43243,3.10375,0.900276,0.211104,0.0721297,0.354879,0.203251,0.271716,0.339103,0.268032,0.610818,0.127999,5.98472,0.316568,,0.0727486,9.72202,-3.97074,72.6162,0.0727486,0,-3.760269209742546,0.21533547341823578,0.0357326,708.7899780273438,,,,,,,90.7,3.127586206,90.7,3.127586206,,,,,,,,,,,,,,,,,,,"Gage Workman","sa3014441",669398
"Brady House","WSN",13.794,55.62,51.9787,11.8627,8.14966,2.20624,0.126374,1.38039,5.21919,5.98576,2.60466,0.02204,15.9668,0.694065,0.270019,0.0725344,1.03172,0.421366,0.166206,0.228221,0.0468295,0.28707,0.16313,0.272945,0.355199,0.274884,0.628144,0.126978,3.37159,0.300338,,-0.0732226,4.92629,-1.58003,75.0461,-0.0732226,0,-1.7329250425100327,0.21287035942077637,0.0339552,999,,,,,,,42.4,3.028571428,42.4,3.028571428,,,,,,,,,,,,,,,,,,,"Brady House","sa3017694",691781
"Buddy Kennedy","PHI",7.793,25.038,22.3908,5.04505,3.45707,1.07789,0.0806181,0.429473,2.49273,2.37478,2.1722,0.0900199,5.57652,0.259526,0.190124,0.0253532,0.415565,0.184717,0.0754788,0.225318,0.0867561,0.222722,0.389526,0.29892,0.338201,0.282094,0.637121,0.112883,3.59819,0.278467,,-0.0393925,2.36292,-0.565978,78.9455,-0.0393925,0.02,-0.6697785668075085,0.14026233926415443,0.031268,999,,,,,,,14.9,1.8625,14.9,1.8625,,,,,,,,,,,,,,,,,,,"Buddy Kennedy","22505",671083
"Osleivis Basabe","SFG",7.73,24.545,22.919,5.72382,4.26657,1.08282,0.136074,0.238359,2.54628,2.02279,1.16775,0.0225755,4.35806,0.190018,0.16419,0.10403,0.57319,0.52704,0.154941,0.249741,0.0475758,0.177554,0.267951,0.289742,0.340061,0.276477,0.629803,0.0903199,5.1633,0.296723,,-0.00155555,2.20543,-0.665793,77.7216,-0.00155555,0.01,-0.6554511022986844,0.12929012067615986,0.029922,999,,,,,,,18.4,2.3,18.4,2.3,,,,,,,,,,,,,,,,,,,"Osleivis Basabe","23985",678545
"Brett Sullivan","SDP",9.428,29.108,26.8439,5.64547,3.74829,1.33388,0.0851155,0.478183,2.63152,2.68415,1.80808,0.0606325,5.05902,0.181587,0.242491,0.0319591,0.441765,0.246819,0.076208,0.210307,0.0621163,0.173802,0.357398,0.262592,0.31978,0.256023,0.582371,0.109472,3.8762,0.23979,,-0.0263089,2.13623,-1.26877,65.6641,-0.0263089,0,-1.221458425745368,0.534758985042572,0.0290067,999,,,,,,,15.5,1.722222222,15.5,1.722222222,,,,,,,,,,,,,,,,,,,"Brett Sullivan","18217",664954
"Brandon Lockridge","SDP",28.583,73.329,67.0682,14.7389,10.6155,2.94623,0.241468,0.935712,8.18289,5.13508,4.88905,0.0370795,20.4256,0.61766,0.391375,0.362669,1.08545,3.55426,0.769685,0.21976,0.0666728,0.278548,0.239359,0.277466,0.312745,0.262528,0.590211,0.0929845,6.21929,0.299431,,0.272173,5.76553,-2.81236,70.0426,0.272173,1.23,-2.354714423418045,0.16810297966003418,0.0259095,737.8499755859375,,,,,,,57.9,1.996551724,57.9,1.996551724,,,,,,,,,,,,,,,,,,,"Brandon Lockridge","21496",663604
"Kris Bryant","COL",96.819,409.067,362.466,90.3531,58.9101,18.0127,0.98526,12.445,45.9515,47.3178,35.7761,0.174545,99.442,7.36871,3.06283,0.393652,7.08137,0.473057,0.134184,0.249273,0.0874579,0.243095,0.359769,0.326662,0.407407,0.321794,0.734069,0.158134,2.59374,0.307158,,-0.763817,51.676,3.82415,93.151,-0.763817,-0.6,-4.114117801189423,-9.257711052894592,0.0233111,539.75,,,,,,,441.7,4.553608247,441.7,4.553608247,,,,,,,,,,,,,,,,,,,"Kris Bryant","15429",592178
"David Bote","LAD",5.37,16.262,14.8426,3.28416,2.17472,0.689841,0.0378288,0.381769,1.71508,1.68501,1.06919,0.00661229,4.07587,0.21855,0.0930011,0.0387003,0.31759,0.112914,0.0332521,0.221267,0.065748,0.250638,0.262323,0.281811,0.350005,0.278425,0.631816,0.128738,3.6225,0.277001,,-0.0181596,1.48667,-0.415624,78.7637,-0.0181596,0.02,-0.4311246406286955,0.10287036374211311,0.0219259,750.75,,,,,,,7.7,1.54,7.7,1.54,,,,,,,,,,,,,,,,,,,"David Bote","14593",623520
"Mike Brosseau","SDP",5.222,16.683,15.1434,3.30849,2.2569,0.583088,0.032722,0.435779,1.67457,1.73832,1.11248,0.000384043,4.29666,0.291435,0.111625,0.0240664,0.311724,0.0633258,0.0207347,0.218477,0.0666834,0.257547,0.258917,0.282876,0.347634,0.278707,0.63051,0.129157,3.01455,0.273005,,-0.0246222,1.52896,-0.422588,80.9324,-0.0246222,0,-0.40501431562006474,0.06129850447177887,0.0217744,999,,,,,,,7.7,1.54,7.7,1.54,,,,,,,,,,,,,,,,,,,"Mike Brosseau","19683",670712
"Grant McCray","SFG",39.264,150.432,137.102,28.9637,18.9806,6.18149,0.755992,3.04567,16.9183,12.4221,10.9553,0.116331,51.7517,1.33331,0.771216,0.26979,1.99501,5.48526,1.26084,0.211256,0.0728258,0.34402,0.21169,0.274719,0.334015,0.26901,0.608733,0.122759,6.34038,0.311979,,0.340533,12.6126,-4.98463,72.6957,0.340533,0.77,-4.571177631616592,-0.23987650871276855,0.019557,731.6599731445312,,,,,,,119.4,3.061538461,119.4,3.061538461,,,,,,,,,,,,,,,,,,,"Grant McCray","25690",687529
"Alexander Canario","NYM",16.01,51.56,47.2422,9.57758,5.78568,1.95966,0.115298,1.71695,5.34381,5.55841,3.5172,0.0414929,17.2479,0.398177,0.29919,0.103251,0.669335,0.67341,0.226154,0.202734,0.0682158,0.33452,0.203921,0.262219,0.358127,0.271203,0.620346,0.155393,4.32963,0.275073,,-0.0331492,4.41392,-1.61747,75.7181,-0.0331492,0.34,-1.5302683785557747,-0.005895078182220459,0.0183535,747.030029296875,,,,,,,47.5,2.96875,47.5,2.96875,,,,,,,,,,,,,,,,,,,"Alexander Canario","22842",672744
"Charles Leblanc","ATL",4.351,13.044,11.6986,2.59368,1.72399,0.52024,0.0410243,0.308423,1.41911,1.30903,1.17216,0.0294295,3.94748,0.0886076,0.0718493,0.0127851,0.214064,0.0972612,0.0351562,0.221708,0.0898619,0.302628,0.296939,0.295785,0.352284,0.286218,0.64807,0.130576,3.75104,0.30411,,-0.0181109,1.27431,-0.251555,81.1182,-0.0181109,0,-0.3126319944858551,0.04792768880724907,0.0174419,999,,,,,,,10.7,2.675,10.7,2.675,,,,,,,,,,,,,,,,,,,"Charles Leblanc","19813",641779
"Tim Tawa","ARI",8.616,35.03,32.3719,7.28399,4.94992,1.41745,0.0995374,0.817083,3.60055,3.79171,2.14869,0.00731952,9.01018,0.250991,0.218672,0.0397428,0.630026,0.463712,0.147698,0.22501,0.0613386,0.257213,0.238474,0.276753,0.350667,0.275332,0.62742,0.125657,4.32375,0.284093,,-0.0250245,3.11525,-0.982495,73.3489,-0.0250245,0,-1.141414750367403,0.13296295702457428,0.016107,999,,,,,,,25.5,2.833333333,25.5,2.833333333,,,,,,,,,,,,,,,,,,,"Tim Tawa","sa3016970",694374
"Keston Hiura","COL",7.492,25.876,23.3401,5.71296,3.5335,1.06937,0.0704465,1.03963,3.09512,3.33637,1.78671,0.0692923,8.12997,0.550721,0.169965,0.0285048,0.42896,0.256406,0.0809939,0.24477,0.0690489,0.31419,0.219768,0.311457,0.430252,0.321201,0.741709,0.185482,4.03037,0.325884,,-0.0273109,3.25648,0.229558,92.7521,-0.0273109,0,-0.2515807934105396,-0.47538211941719055,0.013753,749.6099853515625,,,,,,,31.9,4.557142857,31.9,4.557142857,,,,,,,,,,,,,,,,,,,"Keston Hiura","20003",669374
"Nick Madrigal","NYM",4.618,12.37,11.368,2.87864,2.30827,0.479668,0.0530704,0.0376375,1.25391,0.903047,0.588707,0.0240067,1.44009,0.222493,0.0734179,0.117406,0.352354,0.27118,0.0926029,0.253224,0.0475915,0.116418,0.408798,0.301148,0.314688,0.273773,0.615836,0.061464,4.88422,0.285137,,-0.0076995,1.08455,-0.362467,77.4479,-0.0076995,0,-0.34129268815740943,0.04545120522379875,0.0119123,999,,,,,,,8.8,1.76,8.8,1.76,,,,,,,,,,,,,,,,,,,"Nick Madrigal","20521",663611
"Graham Pauley","MIA",33.38,122.27,110.663,24.2522,15.437,5.23238,0.399615,3.1832,12.0886,12.7104,9.24427,0.385553,29.9652,1.31652,0.851838,0.194136,1.79604,1.87038,0.516731,0.219153,0.0756054,0.245074,0.3085,0.285175,0.359952,0.282581,0.645127,0.140798,4.32562,0.268851,,-0.037345,11.587,-2.71595,77.2408,-0.037345,0.31,-3.365000292658806,-0.5914660692214966,0.0111369,748.02001953125,,,,,,,97.1,2.942424242,97.1,2.942424242,,,,,,,,,,,,,,,,,,,"Graham Pauley","31363",688363
"Michael Helman","STL",14.151,37.729,34.8569,7.30944,4.83945,1.5262,0.11865,0.825137,3.76841,3.5164,2.26443,0.0162891,9.2593,0.308545,0.254459,0.0446615,0.491543,0.962973,0.255126,0.209699,0.0600184,0.245416,0.244558,0.262242,0.331308,0.26104,0.59355,0.121609,5.17887,0.259093,,0.0308934,2.92128,-1.49218,66.8322,0.0308934,0.1,-1.4655251987278461,0.31837961822748184,0.0110487,999,,,,,,,27.3,1.95,27.3,1.95,,,,,,,,,,,,,,,,,,,"Michael Helman","24605",680737
"Jonathon Long","CHC",3.253,10.116,9.03369,2.14631,1.4376,0.385259,0.0173565,0.306101,1.07443,1.21998,0.888466,0.0576146,2.4687,0.118537,0.0593952,0.015908,0.192987,0.029369,0.0102928,0.23759,0.0878278,0.244039,0.359892,0.312207,0.385732,0.305079,0.697939,0.148142,2.63634,0.291252,,-0.0171339,1.14182,-0.0415259,97.5511,-0.0171339,0,-0.046757979318499565,-0.18584656715393066,0.0107053,999,,,,,,,5.2,1.733333333,5.2,1.733333333,,,,,,,,,,,,,,,,,,,"Jonathon Long","sa3022864",675085
"Joshua Palacios","PIT",23.699,87.012,78.5883,18.6211,12.8949,3.67494,0.245948,1.80527,9.28659,8.63314,6.28674,0.181781,18.5389,1.17658,0.524498,0.435886,1.88363,1.68767,0.564957,0.236945,0.0722514,0.213062,0.33911,0.301289,0.35888,0.29082,0.660169,0.121935,4.62082,0.286136,,-0.0505176,8.82276,-1.35573,82.8219,-0.0505176,0,-1.8378929533064365,-0.9591270089149475,0.00984153,750.219970703125,,,,,,,79.8,3.325,79.8,3.325,,,,,,,,,,,,,,,,,,,"Joshua Palacios","19818",641943
"Luke Williams","ATL",11.212,30.659,28.1811,6.10321,4.10851,1.28799,0.111836,0.594877,3.60603,2.57979,1.98565,0.036078,8.47169,0.227967,0.196398,0.0679258,0.348104,1.429,0.35736,0.216571,0.0647656,0.27632,0.234387,0.271871,0.33354,0.266503,0.605411,0.116968,6.50989,0.285245,,0.0914556,2.50867,-1.07776,67.8483,0.0914556,-0.02,-1.0872967913746834,0.15302468463778496,0.00876256,999,,,,,,,25.8,2.345454545,25.8,2.345454545,,,,,,,,,,,,,,,,,,,"Luke Williams","19931",663897
"Justin Crawford","PHI",8.099,25.043,23.3118,5.97799,4.45267,1.07061,0.140916,0.313804,2.98703,2.09581,1.3164,0.0555519,5.29125,0.158656,0.108661,0.147446,0.525086,1.09994,0.295685,0.256436,0.0525654,0.211287,0.248787,0.299373,0.354835,0.286608,0.654207,0.0983986,6.15451,0.317937,,0.0538879,2.45439,-0.475093,81.9841,0.0538879,0,-0.485626757144928,-0.2760471701622009,0.00730843,999,,,,,,,18.4,2.3,18.4,2.3,,,,,,,,,,,,,,,,,,,"Justin Crawford","sa3020240",702222
"Jose Herrera","ARI",30.945,104.534,92.2824,19.4544,14.4982,3.6174,0.238181,1.10057,9.38786,7.60215,8.57479,0.226669,24.541,0.73679,0.633994,2.306,2.36943,0.673213,0.166317,0.210813,0.0820287,0.234765,0.349407,0.28139,0.290953,0.257242,0.572343,0.0801397,3.3836,0.272818,,-0.118845,7.77434,-4.45385,61.1735,-0.118845,-0.82,-4.972250275313854,1.5677313208580017,0.00725327,750.510009765625,,,,,,,67.3,2.170967741,67.3,2.170967741,,,,,,,,,,,,,,,,,,,"Jose Herrera","17040",645444
"Hayden Senger","NYM",16.352,61.083,55.8763,11.2728,7.59367,2.54214,0.126526,1.01048,5.34507,5.19479,3.54205,0.00140613,19.0028,1.16771,0.341943,0.154979,0.980055,0.230875,0.0975903,0.201746,0.0579875,0.311098,0.186396,0.262319,0.306023,0.25338,0.568342,0.104277,3.02648,0.283451,,-0.0904423,4.35294,-2.79243,63.7223,-0.0904423,-0.5,-2.7402922362089157,0.7617282867431641,0.00535578,999,,,,,,,38.7,2.41875,38.7,2.41875,,,,,,,,,,,,,,,,,,,"Hayden Senger","21489",663584
"Carlos D. Rodriguez","ATL",8.193,28.162,25.8637,6.72879,5.06588,1.31146,0.161808,0.189636,3.13794,2.3984,1.93679,0.0543203,4.184,0.118957,0.177507,0.065081,0.614748,0.536218,0.208133,0.260164,0.0687731,0.148569,0.462904,0.312651,0.345379,0.290297,0.658031,0.0852155,4.86852,0.301795,,-0.0328297,2.84368,-0.450657,83.8634,-0.0328297,0,-0.5762512795627117,-0.3104276955127716,0.0051057,999,,,,,,,24,3,24,3,,,,,,,,,,,,,,,,,,,"Carlos D. Rodriguez","sa3005478",677578
"Tyler Callihan","CIN",5.552,18.454,16.8807,3.72975,2.43899,0.789672,0.0733513,0.427736,1.96108,1.77332,1.20206,0.0319664,5.24997,0.147688,0.0998519,0.123724,0.249395,0.497838,0.130023,0.220948,0.0651381,0.28449,0.228965,0.27711,0.352435,0.275824,0.629544,0.131487,5.48518,0.292141,,0.0172575,1.64844,-0.510273,68.8405,0.0172575,0,-0.6703536063432693,0.08567900955677032,0.00296855,999,,,,,,,11.3,1.883333333,11.3,1.883333333,,,,,,,,,,,,,,,,,,,"Tyler Callihan","sa1169610",682997
"Luke Ritter","NYM",4.652,17.597,15.8216,3.06498,1.98757,0.584961,0.0322698,0.460171,1.67064,1.70976,1.4014,0.0229314,6.24015,0.25562,0.0911672,0.0272158,0.281424,0.078988,0.0313626,0.193721,0.0796384,0.354615,0.224577,0.268756,0.322027,0.262998,0.590784,0.128306,3.0528,0.282748,,-0.0254881,1.39023,-0.668235,70.1957,-0.0254881,0,-0.6526483092457056,0.07179012149572372,0.000420627,999,,,,,,,6.7,1.34,6.7,1.34,,,,,,,,,,,,,,,,,,,"Luke Ritter","sa3009878",682239
"Diego A. Castillo","NYM",4.667,11.986,10.8555,2.32698,1.64708,0.495811,0.0171335,0.166957,1.11082,1.02691,0.940795,0.0209318,2.2895,0.0851537,0.0843342,0.0202331,0.225906,0.14386,0.0520278,0.21436,0.0784912,0.191015,0.410917,0.28021,0.30933,0.262782,0.589541,0.0949703,3.54511,0.254619,,-0.0132311,0.944858,-0.457242,70.0506,-0.0132311,0,-0.44249500520527363,0.044040270149707794,-0.00000367244,999,,,,,,,3.2,0.64,3.2,0.64,,,,,,,,,,,,,,,,,,,"Diego A. Castillo","19906",660636
"Oscar Gonzalez","SDP",9.587,38.277,36.1679,8.83777,6.01853,1.77646,0.127427,0.915356,3.93015,4.17149,1.52551,0.0704396,8.88266,0.278857,0.271223,0.0334774,0.758724,0.251646,0.0788678,0.244354,0.0398544,0.232063,0.17174,0.278273,0.376443,0.283377,0.654715,0.132089,3.71751,0.297375,,-0.0427983,3.65185,-0.825723,84.0752,-0.0427983,-0.07,-0.7717075049877167,-0.5138425901532173,-0.00136411,750.8800048828125,,,,,,,35.6,3.56,35.6,3.56,,,,,,,,,,,,,,,,,,,"Oscar Gonzalez","20970",660757
"Victor Mesa Jr.","MIA",16.041,64.793,59.8858,13.5103,9.15366,2.85309,0.295753,1.20783,6.04829,6.08741,3.82357,0.0951109,15.2308,0.404556,0.4668,0.21224,1.11083,0.840481,0.249281,0.225601,0.0590121,0.235068,0.251042,0.274671,0.343627,0.270703,0.618298,0.118026,4.44048,0.28015,,-0.0377285,5.52072,-2.05864,69.2464,-0.0377285,0,-2.42051712423563,0.24754628539085388,-0.00198571,999,,,,,,,50.4,3.15,50.4,3.15,,,,,,,,,,,,,,,,,,,"Victor Mesa Jr.","sa3010700",683748
"Donovan Walton","NYM",3.493,10.858,9.81811,2.1298,1.53039,0.440962,0.0245691,0.133879,0.976392,0.890806,0.751953,0.0474313,1.9097,0.142177,0.0694011,0.0763617,0.232427,0.0791354,0.0362089,0.216926,0.0692534,0.175879,0.393755,0.28047,0.307751,0.26121,0.588221,0.0908258,3.35065,0.254454,,-0.0175987,0.842203,-0.427945,68.9928,-0.0175987,0,-0.420198917388916,0.03989564999938011,-0.00200145,999,,,,,,,4.2,1.4,4.2,1.4,,,,,,,,,,,,,,,,,,,"Donovan Walton","19314",622268
"Brock Wilken","MIL",2.55,8.24,7.41874,1.41847,0.895919,0.278877,0.0216252,0.222049,0.739022,0.897209,0.699168,0.00343756,2.79261,0.0707305,0.0418461,0.00951645,0.116722,0.0199572,0.00632153,0.191201,0.0848505,0.338909,0.250364,0.265886,0.324414,0.262507,0.5903,0.133213,2.78594,0.269105,,-0.011689,0.647739,-0.31616,65.98,-0.011689,0,-0.3469036612659693,0.030276307836174965,-0.00441271,999,,,,,,,1.6,0.533333333,1.6,0.533333333,,,,,,,,,,,,,,,,,,,"Brock Wilken","sa3022499",694385
"Sandy León","ATL",1.604,6.17,5.40603,0.96451,0.691214,0.161635,0.0056726,0.105988,0.532002,0.492869,0.546518,0.00357872,1.95994,0.0646282,0.0360681,0.0535808,0.114542,0.00976304,0.00132369,0.178414,0.0885766,0.317657,0.278844,0.260299,0.269228,0.241198,0.529528,0.0908144,2.30254,0.254289,,-0.00883402,0.379196,-0.342558,50.8166,-0.00883402,0,-0.37171600945293903,0.11335244029760361,-0.00550165,999,,,,,,,3.6,1.8,3.6,1.8,,,,,,,,,,,,,,,,,,,"Sandy Leon","5273",506702
"Brewer Hicklen","MIL",4.335,11.624,10.4382,2.10712,1.31869,0.399273,0.0532368,0.335925,1.31793,1.20051,0.888955,0.0603053,4.04599,0.207535,0.0693296,0.0200306,0.13028,0.550053,0.0967408,0.201867,0.0764758,0.348072,0.219713,0.276079,0.346867,0.273504,0.622946,0.144999,6.75188,0.289148,,0.0522442,1.01663,-0.343121,73.3814,0.0522442,0,-0.3177564665675163,-0.12813051044940948,-0.00614511,999,,,,,,,6.1,1.525,6.1,1.525,,,,,,,,,,,,,,,,,,,"Brewer Hicklen","20450",676551
"Yanquiel Fernandez","COL",1.065,7.574,7.04477,1.74549,1.15087,0.382185,0.0336936,0.178744,0.76753,0.842171,0.431,0.052961,1.71423,0.0458255,0.0435652,0.00883746,0.146289,0.0292382,0.0105731,0.247771,0.0569052,0.22633,0.251425,0.293756,0.387705,0.29387,0.681462,0.139934,3.40145,0.301566,,-0.010863,0.786571,-0.099421,74.3561,-0.010863,0,-0.2431210968643427,-0.08348765224218369,-0.00772994,747.9000244140625,,,,,,,4.2,4.2,4.2,4.2,,,,,,,,,,,,,,,,,,,"Yanquiel Fernandez","sa3015648",692585
"Albert Almora Jr.","MIA",3.808,13.718,12.7713,2.95657,2.16937,0.596494,0.0313713,0.159332,1.24911,1.11466,0.709397,0.010659,2.56451,0.0924775,0.0887526,0.0560769,0.256912,0.302361,0.0941516,0.231501,0.0517129,0.186945,0.276621,0.275104,0.320547,0.262657,0.595651,0.0890459,4.47536,0.275965,,-0.00102599,1.08001,-0.524696,63.8306,-0.00102599,0.14,-0.5943518477724865,0.04205761104822159,-0.00994593,999,,,,,,,9.7,2.425,9.7,2.425,,,,,,,,,,,,,,,,,,,"Albert Almora Jr.","14109",546991
"Tyler Wade","SDP",30.657,93.912,84.5669,17.9949,13.8143,3.34013,0.343009,0.49742,10.3226,4.59271,6.58597,0.203395,22.7169,0.838439,0.485958,1.42801,1.45653,5.73832,1.35987,0.212788,0.0701292,0.241896,0.289915,0.274871,0.278043,0.248579,0.552914,0.0652549,6.5696,0.282954,,0.430888,6.32956,-4.65609,60.6543,0.430888,-0.03,-3.9876654744148254,0.7585030514746904,-0.0111015,999,,,,,,,57.1,1.841935483,57.1,1.841935483,,,,,,,,,,,,,,,,,,,"Tyler Wade","15730",642180
"Aramis Garcia","ARI",3.582,9.04,8.45562,1.5965,1.07152,0.296565,0.0139153,0.214495,0.786575,0.90324,0.380408,0.000208101,3.24385,0.118192,0.0521633,0.0336194,0.126901,0.102,0.0309231,0.188809,0.0420805,0.358833,0.11727,0.232624,0.303275,0.236025,0.535899,0.114466,4.07174,0.273694,,-0.00451456,0.517941,-0.539541,46.8928,-0.00451456,0,-0.578609093092382,0.16607877612113953,-0.011571,999,,,,,,,3.2,0.8,3.2,0.8,,,,,,,,,,,,,,,,,,,"Aramis Garcia","16925",605244
"Luis De Los Santos","NYM",4.539,12.827,11.8168,2.4152,1.67129,0.495219,0.0237329,0.22496,1.16093,1.13338,0.796203,0.00814194,3.40087,0.115035,0.0779107,0.0210153,0.258411,0.111944,0.0441529,0.204386,0.0620725,0.265134,0.234118,0.259757,0.307423,0.25157,0.567179,0.103036,3.61157,0.264876,,-0.0158115,0.895404,-0.605074,62.5042,-0.0158115,0,-0.5909449625760317,0.047130364924669266,-0.012129,999,,,,,,,2.2,0.44,2.2,0.44,,,,,,,,,,,,,,,,,,,"Luis De Los Santos","21682",665782
"Sammy Siani","PIT",2.633,6.675,6.05254,1.32425,0.943474,0.265629,0.0211947,0.0939529,0.658431,0.537559,0.491895,0.00688293,1.81015,0.0496562,0.0351307,0.0457754,0.118099,0.158947,0.0448405,0.218792,0.0736921,0.271183,0.271743,0.281451,0.316252,0.265971,0.597703,0.0974594,4.9333,0.294078,,0.00196259,0.543324,-0.237505,66.0966,0.00196259,0,-0.26865513413213193,-0.07357804477214813,-0.0124299,999,,,,,,,-0.4,-0.133333333,-0.4,-0.133333333,,,,,,,,,,,,,,,,,,,"Sammy Siani","sa3010704",686445
"Drew Gilbert","NYM",5.044,16.156,14.6497,3.10131,2.03913,0.654027,0.0486476,0.359497,1.59262,1.546,1.17693,0.0448382,3.83917,0.206903,0.100639,0.0218393,0.253359,0.180996,0.0659946,0.211698,0.0728479,0.237631,0.306558,0.27799,0.336602,0.271094,0.614593,0.124905,4.08706,0.259846,,-0.0171907,1.38166,-0.50824,75.6448,-0.0171907,0,-0.4877196680754423,-0.17808641493320465,-0.0132995,999,,,,,,,7.7,1.54,7.7,1.54,,,,,,,,,,,,,,,,,,,"Drew Gilbert","sa3019980",687551
"Trenton Brooks","SDP",3.059,7.772,6.95339,1.45962,0.967718,0.348784,0.0133466,0.129767,0.729658,0.694032,0.659113,0.0121768,1.52118,0.063767,0.0554996,0.0402301,0.132596,0.0498912,0.0156813,0.209914,0.0848061,0.195726,0.43329,0.282276,0.3199,0.268112,0.602177,0.109986,3.3172,0.248201,,-0.00961959,0.64601,-0.263144,73.8013,-0.00961959,0,-0.25310568511486053,-0.14278365671634674,-0.0142053,999,,,,,,,1.6,0.533333333,1.6,0.533333333,,,,,,,,,,,,,,,,,,,"Trenton Brooks","19384",670092
"Gabriel Rincones Jr.","PHI",3.632,11.32,10.2787,2.16454,1.38029,0.463272,0.0378402,0.283134,1.24041,1.09716,0.839704,0.0129882,3.32382,0.131662,0.0556744,0.0142387,0.158479,0.284665,0.083016,0.210584,0.0741788,0.293624,0.252632,0.277372,0.345655,0.274793,0.623027,0.135071,5.19155,0.279661,,0.00485321,1.00179,-0.322399,74.0318,0.00485321,0,-0.3466660175472498,-0.16814814507961273,-0.0143074,999,,,,,,,4.2,1.05,4.2,1.05,,,,,,,,,,,,,,,,,,,"Gabriel Rincones Jr.","sa3020758",687282
"Jared Young","NYM",5.202,14.779,13.2556,2.81871,1.82092,0.59296,0.0534508,0.351373,1.54512,1.38882,1.15535,0.0298382,4.00869,0.215026,0.0858464,0.0671924,0.249758,0.195912,0.0706106,0.212643,0.078175,0.271242,0.288211,0.284743,0.344963,0.278233,0.629706,0.13232,4.57661,0.274717,,-0.014367,1.34882,-0.379999,80.4501,-0.014367,0,-0.3598689567297697,-0.27151307463645935,-0.0144715,750.719970703125,,,,,,,9.7,1.94,9.7,1.94,,,,,,,,,,,,,,,,,,,"Jared Young","20404",676724
"Grae Kessinger","ARI",12.631,32.809,29.7598,6.16711,4.24781,1.23112,0.0709202,0.617258,3.1587,3.13876,2.42567,0.058795,8.56267,0.297244,0.227452,0.0988661,0.507251,0.516848,0.148855,0.20723,0.0739332,0.260986,0.283285,0.271782,0.315589,0.260717,0.587371,0.108359,4.24165,0.266726,,-0.0114694,2.53181,-1.30612,63.5125,-0.0114694,-0.01,-1.442994144745171,0.1849228199571371,-0.0172978,999,,,,,,,23.8,1.83076923,23.8,1.83076923,,,,,,,,,,,,,,,,,,,"Grae Kessinger","25813",666197
"Mason McCoy","SDP",10.938,30.146,27.7483,5.37142,3.81353,1.0703,0.125197,0.362389,2.85217,1.98921,1.83793,0.0196995,9.60177,0.17223,0.167252,0.220295,0.393682,0.865526,0.211608,0.193577,0.0609677,0.318509,0.191416,0.246664,0.280352,0.234866,0.527015,0.0867751,5.76311,0.279033,,0.0415947,1.69908,-1.82734,51.4245,0.0415947,0.03,-1.7094947062432766,0.5363889019936323,-0.0176648,999,,,,,,,10.8,0.981818181,10.8,0.981818181,,,,,,,,,,,,,,,,,,,"Mason McCoy","22232",669200
"Billy Cook","PIT",22.42,84.991,77.953,16.7716,10.6928,3.54558,0.381443,2.1517,8.93894,8.42066,5.17189,0.141092,24.3704,1.10539,0.543441,0.217316,0.887985,2.4784,0.539554,0.21515,0.0608522,0.286741,0.21222,0.271887,0.353228,0.273598,0.625115,0.138078,5.6966,0.28129,,0.144336,7.43974,-2.50235,71.2301,0.144336,0.9,-2.779628023505211,-0.22445988655090332,-0.0184821,720.0700073242188,,,,,,,66.6,3.027272727,66.6,3.027272727,,,,,,,,,,,,,,,,,,,"Billy Cook","29573",695257
"Nick Martini","COL",1.641,5.891,5.28359,1.26259,0.878366,0.226182,0.0285537,0.129489,0.624758,0.581373,0.479079,0.00703197,1.38023,0.0845025,0.0358433,0.00799033,0.115288,0.0334692,0.0121632,0.238965,0.0813239,0.234295,0.3471,0.310415,0.366105,0.298701,0.67652,0.12714,3.70097,0.297425,,-0.00955727,0.634694,-0.0544241,77.6075,-0.00955727,-0.11,-0.16730111092329025,-0.2084825113415718,-0.0185863,714.9000244140625,,,,,,,0.6,0.3,0.6,0.3,,,,,,,,,,,,,,,,,,,"Nick Martini","12005",605361
"Aaron Schunk","COL",9.882,27.136,25.3329,6.01978,4.05913,1.34534,0.119999,0.495311,2.72098,2.6406,1.37336,0.0725381,6.9108,0.19943,0.193551,0.0367984,0.405482,0.410564,0.146842,0.237627,0.0506103,0.254673,0.198727,0.280177,0.358864,0.277973,0.639041,0.121237,4.66064,0.304877,,-0.0212361,2.47091,-0.703405,63.6563,-0.0212361,0,-1.2005681414157152,0.09970605373382568,-0.0205369,999,,,,,,,14.5,1.45,14.5,1.45,,,,,,,,,,,,,,,,,,,"Aaron Schunk","25524",668845
"Garrett Cooper","ATL",13.862,47.913,43.4076,10.4536,7.19206,1.95837,0.152231,1.1509,5.31141,5.06804,3.56312,0.013178,13.1576,0.602805,0.283225,0.0562445,0.97267,0.0704047,0.0285325,0.240823,0.0743665,0.274615,0.270803,0.305485,0.372495,0.298461,0.677979,0.131671,2.84432,0.316608,,-0.087013,5.15288,-0.45189,89.3583,-0.087013,-0.03,-0.696725383400917,-1.0995987933129072,-0.0210354,750.739990234375,,,,,,,43.2,3.085714285,43.2,3.085714285,,,,,,,,,,,,,,,,,,,"Garrett Cooper","15279",643265
"Michael Siani","STL",60.681,207.207,186.294,38.3128,28.6852,6.3359,1.05966,2.23199,21.4947,12.3502,15.7711,0.370836,53.9607,1.68452,1.14467,2.3126,3.49657,9.10358,2.00734,0.205658,0.076113,0.260419,0.292271,0.272181,0.286987,0.250952,0.559168,0.0813295,6.47985,0.27491,,0.646494,14.3612,-9.87745,60.0423,0.646494,2.02,-9.2542142868042,2.1537764072418213,-0.0219774,674.9600219726562,,,,,,,134.2,2.2,134.2,2.2,,,,,,,,,,,,,,,,,,,"Michael Siani","22557",672279
"Ryan Vilade","STL",6.485,20.119,18.43,4.11061,2.90921,0.800931,0.0780571,0.322407,2.01862,1.77038,1.33731,0.0567933,5.13957,0.163424,0.134429,0.053807,0.353122,0.416381,0.126718,0.223039,0.06647,0.255458,0.260199,0.279656,0.327448,0.267631,0.607104,0.104409,5.0438,0.289121,,-0.00240234,1.6645,-0.688983,71.2683,-0.00240234,0,-0.6936436668038368,-0.2217702716588974,-0.0254735,999,,,,,,,10.3,1.716666666,10.3,1.716666666,,,,,,,,,,,,,,,,,,,"Ryan Vilade","22165",668723
"Darren Baker","WSN",10.087,35.726,33.0042,7.97782,6.36043,1.39558,0.105607,0.116195,3.35181,2.35518,2.03897,0.0791027,7.54431,0.115676,0.188326,0.378835,0.779573,1.0997,0.392875,0.241721,0.0570724,0.211172,0.270265,0.286656,0.300968,0.260823,0.587623,0.0592464,5.02058,0.307912,,-0.00575736,2.75995,-1.41921,65.582,-0.00575736,0.01,-1.4761421945877373,0.009999994732982742,-0.0287728,999,,,,,,,22.6,2.26,22.6,2.26,,,,,,,,,,,,,,,,,,,"Darren Baker","29912",671117
"Eric Wagaman","MIA",36.166,147.839,136.737,32.5023,21.1175,7.22046,0.42173,3.7426,14.7733,16.1299,9.0294,0.203425,31.4895,0.788248,1.11984,0.164188,2.48395,1.82198,0.522707,0.237699,0.0610759,0.212999,0.286743,0.286575,0.378785,0.289334,0.66536,0.141086,4.09222,0.28024,,-0.0898507,14.8136,-2.48032,81.7863,-0.0898507,-0.05,-3.3097952231764793,-1.9103909023106098,-0.031599,743.5900268554688,,,,,,,136.7,3.797222222,136.7,3.797222222,,,,,,,,,,,,,,,,,,,"Eric Wagaman","23395",676572
"Matt Koperniak","STL",8.925,33.541,30.9543,7.21252,5.24487,1.26381,0.0945788,0.609263,3.26077,3.18344,1.97116,0.0389897,7.25113,0.317702,0.201567,0.0962561,0.758257,0.366495,0.138221,0.233005,0.0587685,0.216187,0.271841,0.284092,0.338992,0.274482,0.623084,0.105987,3.98318,0.283457,,-0.041833,2.9599,-0.963664,75.8798,-0.041833,0,-1.0092614740133286,-0.4131944477558136,-0.0317621,999,,,,,,,26.5,2.944444444,26.5,2.944444444,,,,,,,,,,,,,,,,,,,"Matt Koperniak","sa3014834",689288
"Jake Bauers","MIL",40.669,150.917,132.517,26.9387,15.5087,5.60257,0.342269,5.4852,16.8636,18.3825,15.9159,0.247113,48.219,1.34286,1.00245,0.138474,1.6244,3.64178,0.917856,0.203285,0.105462,0.319507,0.330076,0.293129,0.374905,0.293985,0.668034,0.171621,4.8664,0.268789,,0.0999547,15.6869,-1.96704,87.1665,0.0999547,0.03,-2.2160681262612343,-3.108040066435933,-0.0317651,706.9299926757812,,,,,,,138.4,3.375609756,138.4,3.375609756,,,,,,,,,,,,,,,,,,,"Jake Bauers","15194",641343
"Owen Caissie","CHC",13.254,54.249,48.955,10.9742,7.26716,2.33793,0.195374,1.17371,5.62233,5.38244,4.54562,0.185291,17.9487,0.39976,0.258936,0.089721,0.840501,0.670528,0.227126,0.224169,0.0837918,0.330858,0.253256,0.29394,0.351833,0.284384,0.645773,0.127664,4.37416,0.325689,,-0.0528062,5.21967,-1.12627,83.6223,-0.0528062,0,-1.1152516081929207,-1.022685170173645,-0.0345649,741.4000244140625,,,,,,,44.7,3.438461538,44.7,3.438461538,,,,,,,,,,,,,,,,,,,"Owen Caissie","sa3014465",683357
"Marco Luciano","SFG",16.203,60.47,54.4768,11.9192,8.11515,2.32795,0.211407,1.26465,6.1171,5.55941,5.16806,0.0914294,18.2344,0.397993,0.355109,0.072082,1.01422,0.560559,0.186155,0.218793,0.0854649,0.301545,0.283424,0.2895,0.338931,0.278391,0.628432,0.120138,4.10956,0.301547,,-0.0705383,5.52652,-1.54714,79.0095,-0.0705383,-0.01,-1.588368758559227,-0.7601388189941645,-0.0349556,732.5900268554688,,,,,,,45.3,2.83125,45.3,2.83125,,,,,,,,,,,,,,,,,,,"Marco Luciano","25616",682617
"Bryce Johnson","PIT",9.593,19.792,17.7608,3.92437,2.93206,0.737063,0.0831249,0.172121,2.02674,1.32767,1.51144,0.0184388,5.0725,0.232382,0.110559,0.176832,0.338404,0.752974,0.185145,0.220957,0.0763661,0.25629,0.297967,0.28897,0.30089,0.264892,0.58986,0.0799332,5.86191,0.297167,,0.0388512,1.59381,-0.721418,65.3701,0.0388512,0,-0.7807498276233673,-0.218165785074234,-0.03522,999,,,,,,,15.2,1.52,15.2,1.52,,,,,,,,,,,,,,,,,,,"Bryce Johnson","20002",669369
"Bryce Eldridge","SFG",19.119,75.201,67.9992,15.6214,10.1087,3.13924,0.243752,2.12976,7.95447,8.19641,6.14482,0.494959,21.866,0.503463,0.456113,0.0974248,1.22498,0.542754,0.190982,0.22973,0.081712,0.290768,0.281021,0.29652,0.377026,0.292992,0.673546,0.147296,3.58911,0.30346,,-0.0971447,7.75662,-1.04025,88.8375,-0.0971447,0,-1.1009440496563911,-1.7475818395614624,-0.036025,999,,,,,,,72,3.789473684,72,3.789473684,,,,,,,,,,,,,,,,,,,"Bryce Eldridge","sa3022757",805811
"Rece Hinds","CIN",8.47,21.038,19.4437,4.01603,2.3532,0.875821,0.0883466,0.698668,2.33317,2.38225,1.256,0.0782382,8.09083,0.207842,0.109386,0.0210372,0.218529,0.523707,0.154324,0.206546,0.0597016,0.384582,0.155238,0.260736,0.368476,0.272571,0.629212,0.16193,5.81175,0.308202,,0.0127308,1.82418,-0.636803,66.6511,0.0127308,0,-0.8262420203536749,-0.23190034925937653,-0.0370593,743.4600219726562,,,,,,,20.6,2.575,20.6,2.575,,,,,,,,,,,,,,,,,,,"Rece Hinds","27493",677956
"Robert Hassell III","WSN",25.212,99.339,90.4816,20.579,14.9956,3.94121,0.270846,1.37133,9.37819,8.51078,7.33799,0.266088,26.2371,0.649846,0.594947,0.274649,2.00058,1.90717,0.626173,0.227438,0.0738681,0.264117,0.27968,0.288366,0.322451,0.27074,0.610817,0.0950127,4.46825,0.302635,,-0.0514641,8.46714,-3.15334,72.2567,-0.0514641,0,-3.347103625535965,-0.31833332777023315,-0.0375281,714.8499755859375,,,,,,,73.6,2.944,73.6,2.944,,,,,,,,,,,,,,,,,,,"Robert Hassell III","sa3014701",690987
"Darick Hall","PIT",3.502,14.145,12.8981,2.69695,1.73774,0.59362,0.0144231,0.351174,1.24943,1.53569,0.980462,0.0542444,3.55469,0.165398,0.087565,0.0134591,0.245638,0.0345554,0.0105116,0.209097,0.0693151,0.251304,0.275822,0.271932,0.339037,0.268301,0.610969,0.129941,2.27826,0.258351,,-0.0196766,1.17788,-0.476773,67.6647,-0.0196766,-0.03,-0.5666188560426235,-0.3002160470932722,-0.0409651,748.780029296875,,,,,,,9.7,2.425,9.7,2.425,,,,,,,,,,,,,,,,,,,"Darick Hall","19717",669742
"Alika Williams","PIT",19.925,55.374,50.7844,11.5394,8.44495,2.29261,0.211976,0.589868,4.9134,4.63573,3.23793,0.041546,12.2409,0.45607,0.411923,0.48366,0.973781,0.565418,0.1869,0.227223,0.0584738,0.221058,0.264518,0.277524,0.315561,0.262525,0.593085,0.0883374,3.94766,0.2854,,-0.0580901,4.35367,-2.12387,63.777,-0.0580901,0,-2.4566582664847374,0.2034611999988556,-0.0426066,999,,,,,,,42.3,2.115,42.3,2.115,,,,,,,,,,,,,,,,,,,"Alika Williams","27604",675961
"Kody Clemens","PHI",23.638,78.622,72.4922,15.1851,9.23826,3.19223,0.409696,2.34488,8.0553,8.67513,4.92053,0.0834698,20.3198,0.521101,0.542059,0.146063,1.12777,0.787766,0.285961,0.209471,0.0625846,0.25845,0.242154,0.262841,0.36185,0.271915,0.624691,0.152378,4.58356,0.254919,,-0.0734639,6.7757,-2.42135,72.0943,-0.0734639,0.07,-2.6970660760998726,-0.3990079388022423,-0.0498469,744.4199829101562,,,,,,,59.4,2.475,59.4,2.475,,,,,,,,,,,,,,,,,,,"Kody Clemens","20572",665019
"Trey Lipscomb","WSN",18.112,69.194,64.7213,14.9117,11.4245,2.55276,0.164017,0.770421,6.28341,5.71038,3.48654,0.0275517,14.6007,0.460381,0.363823,0.16192,1.45201,1.54995,0.542866,0.230398,0.050388,0.211011,0.238793,0.273186,0.31062,0.258396,0.583806,0.0802218,4.43638,0.284452,,-0.0309754,5.2103,-2.88388,63.9485,-0.0309754,-0.09,-3.013974519446492,0.1895061433315277,-0.0541623,750.1599731445312,,,,,,,47.1,2.616666666,47.1,2.616666666,,,,,,,,,,,,,,,,,,,"Trey Lipscomb","31567",702358
"Ildemaro Vargas","ARI",33.279,107.837,99.3989,23.5085,17.8373,4.63637,0.468377,0.566478,10.2551,8.78536,6.07734,0.17022,12.8391,0.584004,0.800416,0.976382,2.69839,1.73645,0.529033,0.236507,0.0563568,0.11906,0.473346,0.282329,0.309672,0.261884,0.592002,0.0731654,4.54006,0.264329,,-0.058982,8.42287,-4.19169,64.2979,-0.058982,0.03,-4.662856157869101,0.5435647647827864,-0.0552276,999,,,,,,,81.3,2.463636363,81.3,2.463636363,,,,,,,,,,,,,,,,,,,"Ildemaro Vargas","13324",545121
"Sean Bouchard","COL",50.417,190.102,169.542,40.2754,24.2412,9.74078,0.757874,5.53551,22.5555,20.4395,16.9282,0.313096,53.0203,1.93737,1.32191,0.372884,2.67031,4.01951,1.19588,0.237555,0.089048,0.278905,0.319278,0.311713,0.401898,0.311425,0.713611,0.164343,5.04807,0.309328,,-0.0181828,22.4284,0.190655,86.172,-0.0181828,0.12,-3.1616454403847456,-3.7200044468045235,-0.0581027,630.52001953125,,,,,,,206.9,4.138,206.9,4.138,,,,,,,,,,,,,,,,,,,"Sean Bouchard","21270",656248
"Eddie Rosario","LAD",25.377,84.205,77.8198,16.8953,10.8026,3.29155,0.305085,2.49604,9.14124,9.40592,5.15345,0.112118,19.2514,0.238603,0.72621,0.266921,1.26455,1.28753,0.322824,0.217108,0.0612012,0.228625,0.267692,0.265521,0.36347,0.273195,0.628991,0.146362,4.6786,0.253515,,-0.000169733,7.34359,-2.50655,75.2437,-0.000169733,0,-2.492951610140153,-0.9281856417655945,-0.0642523,749.989990234375,,,,,,,61.6,2.464,61.6,2.464,,,,,,,,,,,,,,,,,,,"Eddie Rosario","12155",592696
"David Villar","SFG",21.262,73.552,66.3189,14.2252,9.05337,3.14559,0.121005,1.90526,7.2006,7.68095,5.53174,0.0593351,22.1209,1.10633,0.532465,0.0625763,1.08324,0.282383,0.0927271,0.214497,0.0752086,0.300752,0.250069,0.283895,0.351764,0.280455,0.635659,0.137267,2.93765,0.28768,,-0.104454,6.84433,-1.75964,80.3989,-0.104454,0,-1.8284458965063095,-1.3512639999389648,-0.0758899,999,,,,,,,60.9,2.9,60.9,2.9,,,,,,,,,,,,,,,,,,,"David Villar","24782",681584
"Stone Garrett","WSN",12.034,38.586,35.1936,7.79469,4.90216,1.66146,0.105441,1.12562,3.8927,4.33324,2.62602,0.0348451,11.6262,0.402581,0.269275,0.0290422,0.516152,0.495481,0.142473,0.221481,0.0680563,0.301306,0.225871,0.281187,0.370633,0.284914,0.65182,0.149153,4.18853,0.293649,,-0.0209243,3.72909,-0.78463,81.7972,-0.0209243,0,-0.8608270306140184,-1.29996919631958,-0.0906967,742.3699951171875,,,,,,,34,2.833333333,34,2.833333333,,,,,,,,,,,,,,,,,,,"Stone Garrett","19273",656448
"Luken Baker","STL",46.165,163.258,145.884,31.7607,18.7124,6.47284,0.189378,6.38608,17.1982,20.8475,14.7683,0.517771,43.5963,1.26097,1.23444,0.109887,2.4539,0.113674,0.0342541,0.217712,0.09046,0.267039,0.338752,0.292924,0.396002,0.299683,0.688927,0.178291,1.8111,0.261227,,-0.261248,17.7184,-1.37923,92.8413,-0.261248,-0.29,-1.6587994992733002,-4.65002778172493,-0.0910982,724.469970703125,,,,,,,155,3.369565217,155,3.369565217,,,,,,,,,,,,,,,,,,,"Luken Baker","21497",663609
"Blaze Alexander","ARI",39.353,145.905,132.16,30.0977,20.7433,5.99277,0.626588,2.73505,15.5795,14.0246,9.98753,0.00524383,46.3461,2.32799,0.861461,0.567934,2.65627,2.28496,0.638651,0.227737,0.0684523,0.317646,0.215499,0.291827,0.344649,0.281872,0.636475,0.116912,4.88422,0.325977,,-0.0625386,13.7434,-3.32424,77.7507,-0.0625386,-0.11,-3.944472059607506,-1.8644205182790756,-0.0990387,746.6199951171875,,,,,,,124.3,3.187179487,124.3,3.187179487,,,,,,,,,,,,,,,,,,,"Blaze Alexander","23789",677942
"Andrés Chaparro","WSN",26.277,102.035,92.9868,21.2399,13.5989,4.41338,0.165012,3.06255,9.8532,12.113,7.02135,0.372808,22.9788,1.18321,0.761353,0.0822779,1.7165,0.513998,0.162537,0.228418,0.0688131,0.225205,0.305557,0.288805,0.378236,0.290411,0.667041,0.149818,2.94909,0.268471,,-0.132169,10.3124,-1.62343,85.4968,-0.132169,0,-1.901760146021843,-2.51415753364563,-0.105781,748.9099731445312,,,,,,,90.3,3.473076923,90.3,3.473076923,,,,,,,,,,,,,,,,,,,"Andres Chaparro","21797",665953
"Weston Wilson","PHI",27.676,98.566,89.4035,18.141,11.2416,3.59898,0.19391,3.10656,10.803,10.1805,7.68503,0.313365,29.8565,0.623127,0.576377,0.277988,1.23198,2.65647,0.794468,0.202912,0.0779684,0.302908,0.257399,0.269099,0.351748,0.271814,0.620847,0.148836,4.93977,0.263685,,0.0577078,8.4865,-3.04356,72.0266,0.0577078,-0.07,-3.239407245069742,-1.066563792526722,-0.106335,750.510009765625,,,,,,,81.5,2.910714285,81.5,2.910714285,,,,,,,,,,,,,,,,,,,"Weston Wilson","19358",642215
"Juan Yepez","WSN",32.989,129.994,118.596,27.9903,18.2964,5.92714,0.193572,3.57325,12.9035,14.9211,9.01458,0.0723235,25.1313,1.20715,0.978554,0.197908,2.44007,0.78817,0.256197,0.236014,0.0693462,0.193327,0.358699,0.294401,0.379645,0.294708,0.674046,0.143631,2.87547,0.268704,,-0.170634,13.5878,-1.61866,88.3892,-0.170634,0,-1.9755013287067413,-3.4069833755493164,-0.109623,679.010009765625,,,,,,,124.7,3.778787878,124.7,3.778787878,,,,,,,,,,,,,,,,,,,"Juan Yepez","18400",660766
"Gavin Sheets","SDP",76.132,289.836,261.632,61.2033,40.7301,12.7585,0.410969,7.30368,30.1415,30.953,23.583,0.869659,59.8528,2.19264,2.2127,0.215864,5.2755,1.07058,0.281104,0.233929,0.0813668,0.206506,0.394017,0.300321,0.369583,0.293581,0.669904,0.135654,2.64678,0.274036,,-0.417761,30.0326,-3.87189,90.9437,-0.417761,-0.24,-3.5565664768218994,-7.332773432135582,-0.129622,557.0700073242188,,,,,,,263,3.460526315,263,3.460526315,,,,,,,,,,,,,,,,,,,"Gavin Sheets","19901",657757
"Zac Veen","COL",53.6,215.774,195.739,46.4122,30.9739,9.59708,1.27334,4.56781,25.9464,19.3975,16.5062,0.431876,56.4745,1.60747,1.24229,0.678995,3.28898,9.34132,2.32857,0.237113,0.0764978,0.26173,0.292278,0.299988,0.369162,0.293347,0.66915,0.132049,6.35786,0.307817,,0.541168,22.3177,-2.92315,74.0043,0.541168,0,-6.166349112987518,-2.5685508251190186,-0.16137,999,,,,,,,211.8,3.922222222,211.8,3.922222222,,,,,,,,,,,,,,,,,,,"Zac Veen","sa3014516",691728
"Tirso Ornelas","SDP",62.348,247.844,227.364,52.1778,35.4549,11.3174,0.596313,4.80925,25.1952,24.0769,17.0101,0.64519,53.5924,1.45522,1.48969,0.524949,5.1186,2.46165,0.839785,0.22949,0.0686325,0.216234,0.317399,0.285636,0.347969,0.278055,0.633604,0.118478,3.73797,0.2779,,-0.268257,22.5841,-6.4082,80.4931,-0.268257,0,-6.0495865643024445,-4.123544692993164,-0.199812,999,,,,,,,203.8,3.287096774,203.8,3.287096774,,,,,,,,,,,,,,,,,,,"Tirso Ornelas","sa3004048",672359
"Sam Hilliard","COL",49.686,170.344,153.263,32.7449,19.2354,6.54914,0.993496,5.96694,20.2272,18.2164,14.4688,0.406393,55.371,0.956084,0.875525,0.78087,2.17438,4.47333,1.10403,0.213652,0.084939,0.325054,0.261307,0.284082,0.386147,0.291827,0.670229,0.172494,6.00831,0.288555,,0.177182,17.4104,-2.51614,72.981,0.177182,-0.01,-5.326547801494598,-2.31027770973742,-0.203925,697.47998046875,,,,,,,164,3.28,164,3.28,,,,,,,,,,,,,,,,,,,"Sam Hilliard","17954",656541
"Jerar Encarnacion","SFG",61.392,243.289,222.585,50.0474,32.5869,9.16087,0.403254,7.89631,25.7249,27.5075,17.4802,0.481909,82.8435,1.62769,1.38875,0.20741,4.24813,1.62492,0.587337,0.224846,0.0718497,0.340515,0.211003,0.284494,0.376053,0.288277,0.660547,0.151207,3.30724,0.316369,,-0.317087,24.1708,-4.28873,85.6637,-0.317087,-0.21,-4.4878867864608765,-6.020765259861946,-0.250101,444,,,,,,,216.3,3.545901639,216.3,3.545901639,,,,,,,,,,,,,,,,,,,"Jerar Encarnacion","21871",666464
"Yuli Gurriel","SDP",26.878,105.42,98.2593,21.5739,15.0221,4.93688,0.327984,1.28699,9.6702,8.96351,5.42753,0.0357079,18.5891,0.642362,0.940635,0.150163,1.7513,1.41497,0.341877,0.219561,0.0514848,0.176334,0.291974,0.2626,0.315774,0.25444,0.578374,0.0962129,4.46053,0.255749,,-0.021653,7.60246,-4.72937,64.5989,-0.021653,0.16,-4.484384328126907,-2.212564319372177,-0.32974,742.27001953125,,,,,,,69,2.555555555,69,2.555555555,,,,,,,,,,,,,,,,,,,"Yuli Gurriel","19198",493329
"Kyle Stowers","MIA",93.629,348.597,314.153,66.3518,40.1284,14.7969,1.3707,10.0558,33.9195,37.7256,27.2616,0.542818,109.226,4.29225,2.37126,0.51936,5.30346,1.42371,0.414655,0.211209,0.0782038,0.31333,0.24959,0.281275,0.363064,0.282669,0.644339,0.151855,3.43107,0.285416,,-0.444658,33.0596,-7.71862,77.3,-0.444658,-1.84,-9.907265335321426,-5.606193661689758,-0.405465,552.760009765625,,,,,,,293.7,3.124468085,293.7,3.124468085,,,,,,,,,,,,,,,,,,,"Kyle Stowers","26151",669065
"Michael Toglia","COL",131.292,539.939,481.611,105.767,59.7785,21.8658,2.22661,21.8965,63.4174,66.7764,51.5845,1.59376,168.184,3.07425,3.31039,0.358918,7.10546,6.63409,1.98611,0.219612,0.0955377,0.311487,0.306715,0.297317,0.410655,0.307109,0.707972,0.191043,4.4125,0.284462,,-0.368177,61.8268,-1.3342,83.2669,-0.368177,-1.41,-11.172137975692749,-11.540556073188782,-0.49211,182.07000732421875,,,,,,,566.3,4.322900763,566.3,4.322900763,,,,,,,,,,,,,,,,,,,"Michael Toglia","25845",669911
"Deyvison De Los Santos","MIA",81.156,330.346,309.804,74.2375,49.9537,13.2345,0.854295,10.1951,32.1061,39.502,15.9322,1.76003,93.5857,2.44202,1.73871,0.429185,7.10546,1.50452,0.533912,0.239628,0.0482288,0.283296,0.170242,0.280712,0.386586,0.287747,0.667298,0.146958,3.14374,0.308249,,-0.440716,32.6789,-5.96436,80.7178,-0.440716,0,-8.0577572286129,-8.020736694335938,-0.526476,493.6499938964844,,,,,,,296.8,3.66419753,296.8,3.66419753,,,,,,,,,,,,,,,,,,,"Deyvison De Los Santos","sa3015168",691277
"Griffin Conine","MIA",89.098,354.99,320.024,64.6124,40.94,12.8628,1.04339,9.76615,32.4539,37.0873,28.959,0.788486,125.579,3.69917,1.95808,0.349876,5.95276,0.403734,0.127927,0.201899,0.081577,0.353753,0.230604,0.27428,0.340163,0.27126,0.614443,0.138265,2.45951,0.293866,,-0.54571,30.4063,-11.1197,69.6215,-0.54571,-0.17,-13.441389203071594,-5.352575704455376,-0.722321,621.5800170898438,,,,,,,280.4,3.150561797,280.4,3.150561797,,,,,,,,,,,,,,,,,,,"Griffin Conine","21626",665052
"Matt Mervis","MIA",86.367,332.805,300.933,59.4031,36.9746,12.7683,0.605039,9.05523,28.9889,34.5047,25.2794,0.878049,98.9325,4.28582,2.06003,0.247179,4.5952,1.21178,0.360535,0.197397,0.0759587,0.297269,0.255522,0.267527,0.334118,0.265443,0.601646,0.136722,2.72586,0.258188,,-0.421894,26.9477,-11.9831,65.7057,-0.421894,-0.76,-14.070023000240326,-8.34180235862732,-1.17213,580.3599853515625,,,,,,,246.3,2.863953488,246.3,2.863953488,,,,,,,,,,,,,,,,,,,"Matt Mervis","27845",670223