Name,Team,G,PA,AB,H,1B,2B,3B,HR,R,RBI,BB,IBB,SO,HBP,SF,SH,GDP,SB,CS,AVG,BB%,K%,BB/K,OBP,SLG,wOBA,OPS,ISO,Spd,BABIP,UBR,wSB,wRC,wRAA,wRC+,BsR,Fld,Off,Def,WAR,ADP,InterSD,InterSK,IntraSD,Vol,Skew,Dim,FPTS,FPTS/G,SPTS,SPTS/G,P10,P20,P30,P40,P50,P60,P70,P80,P90,TT10,TT20,TT30,TT40,TT50,TT60,TT70,TT80,TT90,NameASCII,PlayerId,MLBAMID
"Shohei Ohtani","LAD",38,166.766,142.313,42.361,20.5189,8.31429,0.853395,12.6744,32.2303,32.1179,21.7633,3.13268,38.5419,1.23627,0.977339,0.174983,2.23016,6.33863,2.0882,0.297662,0.130501,0.231113,0.564665,0.393053,0.635259,0.426637,1.02831,0.337597,6.05246,0.322423,,0.151284,34.837,15.2568,178.497,0.151284,0,15.523885518312454,-3.6358025074005127,1.78209,1.5499999523162842,,,,,,,319.1,8.397368421,319.1,8.397368421,,,,,,,,,,,,,,,,,,,"Shohei Ohtani","19755",660271
"Juan Soto","NYM",41,179.016,145.538,40.0681,22.3354,7.19182,0.337626,10.2033,29.1678,27.2336,31.1939,2.16001,32.3745,1.0638,0.918041,0.302411,3.77625,3.20348,1.10947,0.275311,0.174252,0.180847,0.963534,0.404703,0.539688,0.402212,0.944391,0.264377,4.03124,0.287499,,-0.155961,33.8578,12.8394,165.073,-0.155961,-0.12,13.52390342950821,-2.1486049816012383,1.77062,7.079999923706055,,,,,,,291.2,7.102439024,291.2,7.102439024,,,,,,,,,,,,,,,,,,,"Juan Soto","20123",665742
"Fernando Tatis Jr.","SDP",40,167.303,146.273,41.8896,24.4176,8.21793,0.753137,8.50096,27.9043,25.3143,17.9344,0.825072,32.3722,1.75218,1.06809,0.274998,3.28477,6.17635,1.69383,0.286379,0.107197,0.193494,0.554008,0.368658,0.527209,0.38245,0.895867,0.24083,5.84742,0.313602,,0.260563,28.9673,9.32413,151.423,0.260563,1.4,10.363519459962845,-0.5027618408203125,1.57565,11.619999885559082,,,,,,,268.5,6.7125,268.5,6.7125,,,,,,,,,,,,,,,,,,,"Fernando Tatis Jr.","19709",665487
"Ronald Acuña Jr.","ATL",35,150.472,128.079,37.6487,22.257,7.09519,0.508628,7.78786,26.0144,22.5051,19.2891,1.04807,30.466,2.11281,0.829903,0.161912,2.80391,7.56816,2.32826,0.29395,0.128191,0.202469,0.633135,0.392858,0.539706,0.398259,0.932564,0.245756,5.75624,0.329392,,0.284725,27.978,10.3109,158.505,0.284725,1,10.622794300317764,-0.7185746431350708,1.5235,37.599998474121094,,,,,,,258.6,7.388571428,258.6,7.388571428,,,,,,,,,,,,,,,,,,,"Ronald Acuna Jr.","18401",660670
"Kyle Tucker","CHC",42,183.979,156.528,43.7513,26.3015,8.70368,0.971708,7.77441,27.9022,26.9037,24.2797,1.66833,26.4337,0.944156,1.59939,0.240044,2.56097,6.24465,1.87628,0.279512,0.13197,0.143678,0.918511,0.376192,0.496536,0.373864,0.872728,0.217024,5.38275,0.290326,,0.156643,30.5762,8.97518,143.894,0.156643,0.33,9.63985961675644,-1.722469002008438,1.43211,8.710000038146973,,,,,,,277.2,6.6,277.2,6.6,,,,,,,,,,,,,,,,,,,"Kyle Tucker","18345",663656
"Matt Chapman","SFG",40,169.14,147.849,37.9193,20.7613,7.8296,0.760398,8.56792,24.9009,24.045,18.0705,0.448331,38.9662,1.74637,1.33023,0.143574,2.40292,2.37784,0.634521,0.256473,0.106838,0.230379,0.463748,0.341642,0.493568,0.358032,0.83521,0.237095,4.75515,0.288764,,-0.0466824,25.9434,6.0846,134.077,-0.0466824,0.67,6.721916165202856,1.2872839570045471,1.39163,125.16999816894531,,,,,,,239.3,5.9825,239.3,5.9825,,,,,,,,,,,,,,,,,,,"Matt Chapman","16505",656305
"Will Smith","LAD",34,134.424,115.38,32.6895,19.3726,6.08896,0.600062,6.62784,20.5558,20.778,14.8599,0.704721,22.9779,2.41717,1.52383,0.135897,2.07772,0.537441,0.195718,0.283321,0.110545,0.170936,0.646704,0.372383,0.518827,0.380597,0.891211,0.235506,3.65273,0.298538,,-0.208415,23.0729,7.29016,146.773,-0.208415,-0.47,7.1750634759664536,1.9231045544147491,1.38672,107.08000183105469,,,,,,,211.6,6.223529411,211.6,6.223529411,,,,,,,,,,,,,,,,,,,"Will Smith","19197",669257
"Ketel Marte","ARI",38,163.225,141.69,39.5554,22.9948,8.1601,0.592873,7.80767,23.2724,26.1937,18.6344,1.19584,27.0037,1.5236,1.14305,0.160665,3.35941,1.63851,0.561256,0.279169,0.114164,0.165439,0.690066,0.366361,0.510442,0.374707,0.876802,0.231272,3.8549,0.293903,,-0.176686,27.2385,8.07418,141.046,-0.176686,-0.09,7.690985202789307,0.09286203980445862,1.34859,30.65999984741211,,,,,,,250.1,6.581578947,250.1,6.581578947,,,,,,,,,,,,,,,,,,,"Ketel Marte","13613",606466
"Mookie Betts","LAD",39,168.788,148.326,41.2841,25.3658,9.03267,0.561261,6.32432,24.7461,22.966,16.9804,0.227381,19.566,1.67152,1.52978,0.193109,2.37001,2.67385,1.02976,0.278333,0.100602,0.115921,0.86785,0.355686,0.474712,0.358723,0.830398,0.196379,4.49849,0.282012,,-0.172622,25.9838,6.16633,131.701,-0.172622,-0.45,6.110878363251686,1.2915287613868713,1.32812,13.65999984741211,,,,,,,229.7,5.889743589,229.7,5.889743589,,,,,,,,,,,,,,,,,,,"Mookie Betts","13611",605141
"William Contreras","MIL",39,158.725,139.332,36.7788,23.7012,7.09632,0.0333948,5.94791,19.7266,22.3654,16.9988,0.519992,30.8811,1.1964,0.915344,0.282485,3.99057,1.24031,0.46953,0.263964,0.107095,0.194557,0.550458,0.346964,0.44344,0.343998,0.790404,0.179476,2.76285,0.298117,,-0.215126,22.5436,3.90751,122.519,-0.215126,2.3,3.9822879433631897,3.523118257522583,1.30485,24.790000915527344,,,,,,,200.8,5.148717948,200.8,5.148717948,,,,,,,,,,,,,,,,,,,"William Contreras","20503",661388
"Francisco Lindor","NYM",41,181.05,160.428,40.9176,24.9619,7.82454,0.625041,7.50613,25.51,23.1175,15.139,0.450865,34.4803,2.76944,1.40537,0.180737,2.5967,6.26261,1.79657,0.255052,0.0836176,0.190446,0.439061,0.32728,0.451982,0.336743,0.779262,0.196929,5.56727,0.278784,,0.241586,24.6514,3.3942,119.962,0.241586,0.37,4.485785946249962,2.2035852670669556,1.29612,14.149999618530273,,,,,,,233.5,5.695121951,233.5,5.695121951,,,,,,,,,,,,,,,,,,,"Francisco Lindor","12916",596019
"Corbin Carroll","ARI",39,166.193,145.242,37.6151,20.4913,7.96769,1.8441,7.31209,26.1585,22.7118,16.6692,0.705616,36.1534,2.25272,1.04814,0.980932,2.16331,9.1304,1.38094,0.258983,0.1003,0.217539,0.461067,0.342209,0.490267,0.356537,0.832477,0.231284,7.78258,0.294707,,1.00894,25.2903,5.77754,128.526,1.00894,2.23,6.5762152671813965,0.44978559017181396,1.28072,7.889999866485596,,,,,,,239.5,6.141025641,239.5,6.141025641,,,,,,,,,,,,,,,,,,,"Corbin Carroll","25878",682998
"Manny Machado","SDP",40,169.249,152.062,41.998,25.7479,7.58924,0.125288,8.53561,24.0944,26.2135,14.6957,1.06288,29.5106,0.677153,1.60377,0.157641,2.93965,2.22273,0.90971,0.27619,0.0868293,0.174363,0.497981,0.339395,0.496144,0.356251,0.835539,0.219954,3.64284,0.289418,,-0.189396,25.7162,5.84464,133.371,-0.189396,-0.13,6.443125486373901,0.084159716963768,1.23977,37.45000076293945,,,,,,,240,6,240,6,,,,,,,,,,,,,,,,,,,"Manny Machado","11493",592518
"Trea Turner","PHI",40,173.824,157.925,45.1938,30.0302,8.77156,1.1483,5.24377,25.1469,21.8418,11.886,0.0112464,29.8777,1.49364,1.18058,0.201187,3.21432,7.00489,1.28456,0.286172,0.0683793,0.171884,0.397821,0.339584,0.455869,0.344279,0.795453,0.169697,6.4289,0.322218,,0.592303,24.7275,4.31873,119.647,0.592303,-0.85,4.602801322937012,1.0018517971038818,1.16039,24.110000610351562,,,,,,,222.3,5.5575,222.3,5.5575,,,,,,,,,,,,,,,,,,,"Trea Turner","16252",607208
"Dansby Swanson","CHC",41,181.934,163.838,42.2064,26.7286,8.26276,0.469192,6.74581,24.1095,24.8107,14.5177,0.0873048,45.0976,1.03758,1.24518,0.274485,3.15182,4.10438,1.02738,0.257611,0.0797964,0.247879,0.321917,0.319764,0.437292,0.328184,0.757056,0.179681,5.01204,0.313146,,0.12492,23.5119,2.15083,112.419,0.12492,0.6,2.778139941394329,2.498148202896118,1.15394,170.38999938964844,,,,,,,213,5.195121951,213,5.195121951,,,,,,,,,,,,,,,,,,,"Dansby Swanson","18314",621020
"Bryce Harper","PHI",41,175.822,150.776,42.1595,24.9651,8.58939,0.873536,7.73141,26.5159,25.7419,22.1257,2.10401,36.0728,1.3888,1.27878,0.25315,3.18765,3.29093,1.21496,0.279617,0.125841,0.205166,0.613362,0.374063,0.502005,0.374056,0.876068,0.222388,4.98548,0.318041,,-0.141677,29.248,8.60462,140.165,-0.141677,0.48,8.151170253753662,-2.696625977754593,1.15169,22.260000228881836,,,,,,,263.1,6.41707317,263.1,6.41707317,,,,,,,,,,,,,,,,,,,"Bryce Harper","11579",547180
"Pete Crow-Armstrong","CHC",40,178.868,163.014,40.962,24.5163,7.70983,1.78039,6.95541,26.8566,21.8489,10.6148,0.690558,44.1539,2.14963,1.17755,1.9119,1.57084,11.736,1.52879,0.251279,0.0593444,0.246852,0.240405,0.303614,0.44842,0.322249,0.752034,0.197141,8.47075,0.300724,,1.48369,22.2566,1.25556,108.329,1.48369,1.49,3.233175277709961,2.1072839498519897,1.15022,127.38999938964844,,,,,,,223.2,5.58,223.2,5.58,,,,,,,,,,,,,,,,,,,"Pete Crow-Armstrong","27769",691718
"Jackson Merrill","SDP",39,162.44,148.025,40.283,25.0322,8.33552,0.795531,6.11983,21.9476,22.2373,11.4667,0.788211,30.9019,0.811027,1.24341,0.893252,2.54972,2.65059,0.655214,0.272136,0.0705908,0.190236,0.371069,0.32536,0.463226,0.337927,0.788586,0.191089,4.94679,0.304358,,0.0231377,22.2731,3.20093,120.744,0.0231377,0.92,3.980246886610985,1.3681875467300415,1.09578,27.280000686645508,,,,,,,200.2,5.133333333,200.2,5.133333333,,,,,,,,,,,,,,,,,,,"Jackson Merrill","29490",701538
"Pete Alonso","NYM",41,181.05,158.544,40.4599,22.0073,7.08669,0.138916,11.227,25.3921,29.7464,17.0748,1.37043,40.6267,3.77875,1.49337,0.159194,2.98922,0.77075,0.28451,0.255197,0.0943099,0.224395,0.420285,0.338953,0.514087,0.362656,0.85304,0.25889,2.76928,0.270216,,-0.234374,28.4477,7.1905,137.818,-0.234374,-0.24,7.806129470467567,-3.4552304595708847,1.05591,47.630001068115234,,,,,,,253.6,6.185365853,253.6,6.185365853,,,,,,,,,,,,,,,,,,,"Pete Alonso","19251",624413
"Willy Adames","SFG",39,165.206,146.063,36.2755,20.9142,7.74979,0.394344,7.21718,22.1359,22.1495,16.3711,0.329472,39.4698,0.81884,1.42711,0.118846,2.13665,2.39609,0.715707,0.248356,0.099095,0.238913,0.414775,0.324663,0.455048,0.336318,0.779711,0.206692,4.40627,0.288269,,-0.0606498,22.4373,3.04038,119.115,-0.0606498,-0.61,3.6478189043700695,1.195555567741394,1.0532,91.93000030517578,,,,,,,196.6,5.041025641,196.6,5.041025641,,,,,,,,,,,,,,,,,,,"Willy Adames","15986",642715
"Elly De La Cruz","CIN",39,165.972,148.011,38.8028,23.062,8.10135,0.992376,6.64708,25.6001,20.9672,15.7232,1.17084,45.4088,1.0043,0.791471,0.442068,2.39144,11.4217,2.27852,0.262161,0.0947341,0.273593,0.34626,0.33547,0.465034,0.343764,0.800503,0.202872,7.1393,0.33237,,1.10192,23.5414,4.05452,116.401,1.10192,-1.33,4.298492193222046,0.47555553913116455,1.04866,4.300000190734863,,,,,,,231.4,5.933333333,231.4,5.933333333,,,,,,,,,,,,,,,,,,,"Elly De La Cruz","26668",682829
"Kyle Schwarber","PHI",41,177.82,147.748,35.3326,17.4187,6.10164,0.269037,11.5432,27.5594,30.3938,27.1447,1.27805,47.8784,1.94431,0.846214,0.137204,2.56167,1.7428,0.673311,0.239141,0.152653,0.269252,0.566951,0.362565,0.518465,0.376258,0.88103,0.279323,3.6023,0.26678,,-0.223001,29.8973,9.01933,141.682,-0.223001,0,8.481010004878044,-4.377362251281738,1.01965,75.9000015258789,,,,,,,266.2,6.492682926,266.2,6.492682926,,,,,,,,,,,,,,,,,,,"Kyle Schwarber","16478",656941
"Freddie Freeman","LAD",39,171.82,150.388,42.9373,27.1512,8.98984,0.518143,6.2781,24.5209,24.0584,17.8411,2.24444,29.5812,1.92463,1.4907,0.175875,2.99042,1.94939,0.683878,0.285511,0.103836,0.172164,0.603123,0.365309,0.477418,0.360744,0.842726,0.191907,4.10888,0.315976,,-0.18233,26.7315,6.55801,133.093,-0.18233,0.5,6.4949630200862885,-2.5343363285064697,0.984772,26.920000076293945,,,,,,,240,6.153846153,240,6.153846153,,,,,,,,,,,,,,,,,,,"Freddie Freeman","5361",518692
"Seiya Suzuki","CHC",39,170.691,150.109,40.9496,23.6722,7.89727,0.733116,8.64702,25.3904,27.4311,17.67,0.987201,40.7677,1.36255,1.38254,0.166666,2.42918,3.27346,0.891175,0.272798,0.10352,0.238839,0.433431,0.351751,0.50799,0.366841,0.859741,0.235192,4.95453,0.316452,,0.0174012,27.398,7.35707,139.055,0.0174012,0,7.845809398218989,-3.857323169708252,0.983837,84.3499984741211,,,,,,,253,6.487179487,253,6.487179487,,,,,,,,,,,,,,,,,,,"Seiya Suzuki","30116",673548
"Xander Bogaerts","SDP",38,158.549,141.1,38.7055,26.1123,7.46348,0.370065,4.75963,22.0348,19.2608,13.088,0.101956,25.9599,1.27929,1.44248,0.254388,3.20086,4.56294,1.47057,0.274312,0.0825488,0.163734,0.504164,0.338237,0.433649,0.335857,0.771886,0.159337,4.9686,0.303567,,0.0479427,21.4741,2.85874,119.318,0.0479427,-1,3.6447547376155853,0.568035364151001,0.966036,155.3699951171875,,,,,,,193.4,5.089473684,193.4,5.089473684,,,,,,,,,,,,,,,,,,,"Xander Bogaerts","12161",593428
"Patrick Bailey","SFG",33,128.821,116.274,26.446,18.3365,5.22405,0.254817,2.63064,13.0774,12.4153,9.83995,0.181066,31.5658,0.796393,1.10795,0.802823,2.22458,0.529962,0.192693,0.227445,0.0763845,0.245035,0.311728,0.289664,0.34463,0.280032,0.634294,0.117185,3.02466,0.286291,,-0.161687,11.6287,-3.49633,80.3316,-0.161687,5.57,-3.1370719522237778,8.116296529769897,0.944774,307.2900085449219,,,,,,,107.2,3.248484848,107.2,3.248484848,,,,,,,,,,,,,,,,,,,"Patrick Bailey","27478",672275
"Teoscar Hernández","LAD",37,162.724,149.018,41.241,24.3457,7.83045,0.595085,8.46978,24.7923,25.6177,10.9711,0.405006,41.2,1.51263,1.05763,0.16389,2.93206,2.04016,0.642907,0.276751,0.0674219,0.25319,0.26629,0.330493,0.507796,0.357672,0.838289,0.231045,4.80603,0.326387,,-0.0932946,24.9119,5.8064,130.977,-0.0932946,-0.73,5.8260722160339355,-2.4429630041122437,0.894852,56.880001068115234,,,,,,,224.7,6.072972972,224.7,6.072972972,,,,,,,,,,,,,,,,,,,"Teoscar Hernandez","13066",606192
"J.T. Realmuto","PHI",34,132.866,119.182,31.8243,20.2804,6.75686,0.458885,4.32821,17.7118,17.0522,9.26569,0.169392,29.9193,1.8685,0.927977,0.146534,2.46608,2.59053,0.744834,0.267023,0.0697373,0.225185,0.309689,0.327317,0.440365,0.332775,0.767682,0.173342,4.93151,0.320234,,0.00925912,17.6641,2.06425,111.72,0.00925912,-0.05,1.8379066176712513,2.4160494320094585,0.883877,140.24000549316406,,,,,,,154,4.529411764,154,4.529411764,,,,,,,,,,,,,,,,,,,"J.T. Realmuto","11739",592663
"CJ Abrams","WSN",39,162.924,147.04,37.2404,24.0349,7.50132,0.919141,4.7851,21.6795,17.6753,10.8553,0.523701,29.952,3.26356,1.08638,0.679701,2.35174,9.52823,2.12103,0.253268,0.0666275,0.18384,0.362421,0.316554,0.414414,0.31782,0.730968,0.161146,6.94318,0.28623,,0.793923,19.6889,0.559832,103.12,0.793923,0.2,1.3908057808876038,1.8092995434999466,0.876729,49.619998931884766,,,,,,,191.5,4.91025641,191.5,4.91025641,,,,,,,,,,,,,,,,,,,"CJ Abrams","25768",682928
"Andy Pages","LAD",34,150.595,137.187,36.9212,22.0987,8.06217,0.622127,6.13812,21.4071,21.287,9.7255,0.418495,31.5674,2.28553,1.25257,0.145047,2.01894,2.35828,0.749466,0.269131,0.0645804,0.209618,0.308087,0.325239,0.471197,0.341716,0.796436,0.202066,5.04468,0.305589,,-0.0551476,21.1108,3.42932,119.983,-0.0551476,-0.17,3.4787190705537796,-0.07005880773067474,0.856682,381.8599853515625,,,,,,,192.5,5.661764705,192.5,5.661764705,,,,,,,,,,,,,,,,,,,"Andy Pages","24816",681624
"Max Muncy","LAD",28,123.306,103.28,24.5528,12.8074,5.15591,0.320772,6.26864,18.1283,18.4207,17.4949,0.616344,28.2252,1.32382,1.09793,0.109713,1.61068,0.595266,0.183965,0.237731,0.141882,0.228903,0.619834,0.352052,0.475952,0.356872,0.828003,0.238221,3.50138,0.261636,,-0.15964,18.7975,4.32002,130.425,-0.15964,-0.3,4.245981812477112,-0.06829489767551422,0.843888,260.94000244140625,,,,,,,163.8,5.85,163.8,5.85,,,,,,,,,,,,,,,,,,,"Max Muncy","13301",571970
"Rafael Devers","SFG",40,171.106,147.638,38.336,22.4548,7.28314,0.31147,8.2866,23.2441,24.9269,20.4772,2.37656,38.0487,1.63829,1.23071,0.122502,3.27546,0.549821,0.210813,0.259663,0.119676,0.222369,0.538185,0.353551,0.481597,0.356577,0.835148,0.221935,2.7494,0.29307,,-0.253141,26.0436,5.95393,133.075,-0.253141,0.01,6.392740309238434,-3.794484844431281,0.842427,40.939998626708984,,,,,,,228.2,5.705,228.2,5.705,,,,,,,,,,,,,,,,,,,"Rafael Devers","17350",646240
"Geraldo Perdomo","ARI",38,163.225,138.939,34.649,24.8409,6.34261,0.891067,2.57448,19.7365,13.9042,17.9671,0.318094,23.8142,1.59427,1.3115,3.41331,3.12265,4.47,1.17622,0.249383,0.110075,0.145898,0.754469,0.339214,0.363449,0.313191,0.702663,0.114066,5.31603,0.281697,,0.124978,19.1138,-0.0505298,98.659,0.124978,1.1,-0.13205597549676895,2.859259247779846,0.829163,430.2699890136719,,,,,,,173.1,4.555263157,173.1,4.555263157,,,,,,,,,,,,,,,,,,,"Geraldo Perdomo","22799",672695
"Michael Harris II","ATL",37,157.448,145.96,39.5174,25.8769,7.67318,0.894225,5.07309,21.4565,19.4472,8.59539,0.63477,30.5998,1.38079,0.923352,0.588506,2.89638,5.3928,1.21501,0.270742,0.054592,0.194349,0.280897,0.315528,0.439835,0.325099,0.755364,0.169094,6.22687,0.309722,,0.351973,19.9543,1.46828,108.095,0.351973,0.44,1.8486426174640656,1.010987639427185,0.823334,41.880001068115234,,,,,,,190.6,5.151351351,190.6,5.151351351,,,,,,,,,,,,,,,,,,,"Michael Harris II","25931",671739
"Ian Happ","CHC",38,167.625,144.713,35.6933,21.9701,7.69696,0.558095,5.46816,22.0357,21.2351,20.2525,0.482718,37.3617,1.38958,1.12139,0.148178,2.87993,2.65169,0.687839,0.246648,0.12082,0.222889,0.542065,0.342348,0.420908,0.334258,0.763256,0.174259,4.47605,0.293434,,-0.0333484,22.4865,2.80556,116.604,-0.0333484,1,3.2350899279117584,-0.7859146595001221,0.815403,130.16000366210938,,,,,,,198.4,5.221052631,198.4,5.221052631,,,,,,,,,,,,,,,,,,,"Ian Happ","17919",664023
"Oneil Cruz","PIT",29,125.243,110.714,28.321,15.1322,6.31448,0.402359,6.47202,19.3247,18.3956,12.8837,0.93209,36.6141,0.772604,0.770849,0.101528,1.65783,6.18106,1.21932,0.255803,0.10287,0.292345,0.351879,0.335439,0.495476,0.354158,0.830916,0.239673,6.36424,0.319435,,0.556229,18.8177,4.11282,126.566,0.556229,-1,4.463432312011719,-0.6519204676151276,0.812789,37.369998931884766,,,,,,,170.2,5.868965517,170.2,5.868965517,,,,,,,,,,,,,,,,,,,"Oneil Cruz","21711",665833
"Jake Cronenworth","SDP",36,153.685,133.018,32.8811,21.1207,6.54182,0.725432,4.49318,19.6671,17.7306,16.014,0.446873,28.4259,2.53747,1.29312,0.545322,2.73135,1.45207,0.369851,0.247193,0.1042,0.184961,0.563359,0.336463,0.408617,0.326829,0.74508,0.161424,4.37325,0.279982,,-0.118014,19.6927,1.64841,113.098,-0.118014,0.02,2.2458275109529495,0.4007740207016468,0.788796,284.07000732421875,,,,,,,174.3,4.841666666,174.3,4.841666666,,,,,,,,,,,,,,,,,,,"Jake Cronenworth","18036",630105
"Matt Olson","ATL",41,177.378,152.476,38.2648,22.5183,7.0916,0.400511,8.2544,23.5448,26.0528,21.8824,1.46659,40.5689,1.47951,1.39925,0.141092,3.10034,0.10831,0.0366069,0.250957,0.123366,0.228714,0.539389,0.347708,0.465127,0.349892,0.812836,0.214171,2.16781,0.285673,,-0.28502,26.0386,5.21258,125.178,-0.28502,-0.18,4.959542632102966,-3.343580186367035,0.76262,33.970001220703125,,,,,,,225.3,5.495121951,225.3,5.495121951,,,,,,,,,,,,,,,,,,,"Matt Olson","14344",621566
"Sean Murphy","ATL",25,100.647,87.8129,20.343,11.9679,4.07964,0,4.29549,12.4057,13.9587,9.63475,0.191123,26.4774,2.31725,0.615343,0.117008,1.98516,0.022469,0.00984448,0.231663,0.0957281,0.263071,0.363886,0.321727,0.42487,0.32622,0.746597,0.193208,1.6654,0.278335,,-0.155397,12.8469,1.0299,108.867,-0.155397,1.71,0.892657071352005,3.0217283964157104,0.740626,295.67999267578125,,,,,,,109.2,4.368,109.2,4.368,,,,,,,,,,,,,,,,,,,"Sean Murphy","19352",669221
"Nico Hoerner","CHC",40,178.868,163.832,46.1345,35.9245,7.7058,1.0298,1.47441,22.6318,17.2555,10.5264,0.0115728,16.9419,2.82382,1.37087,0.315153,3.80885,8.19225,1.97469,0.281597,0.0588501,0.0947174,0.621323,0.333149,0.368202,0.310179,0.701351,0.0866048,6.14966,0.304253,,0.509956,20.5096,-0.491412,100.012,0.509956,0.16,0.5124647885095328,0.7904176414012909,0.735472,203.32000732421875,,,,,,,183.5,4.5875,183.5,4.5875,,,,,,,,,,,,,,,,,,,"Nico Hoerner","21479",663538
"Brandon Nimmo","NYM",37,162.742,142.159,35.7396,22.8495,6.61005,0.773336,5.50669,21.548,18.7839,16.7424,0.455431,34.8005,2.50797,0.935703,0.396526,2.98367,2.57432,0.679583,0.251406,0.102877,0.213839,0.481097,0.338723,0.424992,0.333879,0.763715,0.173586,4.82085,0.294131,,-0.0357025,21.7815,2.67388,117.989,-0.0357025,0.27,3.4022216200828552,-1.702502816915512,0.721992,193.07000732421875,,,,,,,204.9,5.537837837,204.9,5.537837837,,,,,,,,,,,,,,,,,,,"Brandon Nimmo","12927",607043
"Otto Lopez","MIA",35,145.007,132.552,36.0683,25.5431,6.76633,0.751704,3.00725,17.7397,15.7531,9.73317,0.314556,23.462,1.10976,0.991912,0.620252,3.23143,4.53643,1.18606,0.272108,0.0671221,0.161799,0.414848,0.324901,0.402558,0.317345,0.727459,0.130451,5.5133,0.308768,,0.186892,17.4678,0.442482,101.262,0.186892,0.14,0.4017827957868576,1.7603703886270523,0.709842,322.1099853515625,,,,,,,162.5,4.642857142,162.5,4.642857142,,,,,,,,,,,,,,,,,,,"Otto Lopez","19608",672640
"Francisco Alvarez","NYM",25,100.696,89.7616,20.6991,12.7184,3.5283,0.101276,4.35117,12.0209,13.3258,8.85047,0.332776,26.2261,1.26926,0.683267,0.131742,1.97272,0.258773,0.111617,0.230601,0.0878927,0.260448,0.337467,0.306458,0.417589,0.314584,0.724047,0.186988,2.4619,0.273068,,-0.141582,11.9051,0.0823206,104.694,-0.141582,1.58,0.4134930819272995,3.195139169692993,0.709384,244.35000610351562,,,,,,,106.8,4.272,106.8,4.272,,,,,,,,,,,,,,,,,,,"Francisco Alvarez","26121",682626
"Austin Riley","ATL",26,113.602,101.961,27.1185,15.6204,5.55676,0.352722,5.58861,15.5327,17.6441,9.0223,0.364027,28.4605,1.61567,0.916907,0.086022,1.81384,0.463773,0.141165,0.26597,0.0794205,0.250529,0.317011,0.33261,0.491822,0.35277,0.824432,0.225852,3.39142,0.312804,,-0.134888,16.941,3.60294,127.161,-0.134888,-0.77,3.4885371178388596,-0.3687654435634613,0.702576,29.6200008392334,,,,,,,156,6,156,6,,,,,,,,,,,,,,,,,,,"Austin Riley","18360",663586
"Ezequiel Tovar","COL",40,171.821,159.047,42.7502,26.9514,9.13128,1.11633,5.55116,21.7101,21.5584,9.00718,0.340077,42.9917,1.20032,1.30498,1.26109,2.27068,3.21293,0.933237,0.268789,0.0524219,0.250212,0.20951,0.310493,0.444947,0.324611,0.75544,0.176158,5.33363,0.3327,,0.0203316,21.7082,1.53455,94.5329,0.0203316,0.41,-1.0827832352370024,2.261851817369461,0.69905,129.3000030517578,,,,,,,202.9,5.0725,202.9,5.0725,,,,,,,,,,,,,,,,,,,"Ezequiel Tovar","24064",678662
"Bryson Stott","PHI",37,157.84,141.777,36.9558,25.5105,6.66323,1.0878,3.69427,21.0718,16.5628,13.5571,0.401036,26.3024,0.816983,1.27562,0.413817,2.41436,6.67529,1.39507,0.260662,0.0858914,0.166639,0.515434,0.326056,0.401176,0.317626,0.727232,0.140514,6.33346,0.294205,,0.507056,19.0497,0.517545,101.282,0.507056,0.28,0.7447099834680557,0.8641137778759003,0.69617,172.64999389648438,,,,,,,184.3,4.981081081,184.3,4.981081081,,,,,,,,,,,,,,,,,,,"Bryson Stott","26294",681082
"Hunter Goodman","COL",34,138.855,127.638,31.9562,17.0758,7.15577,0.424873,7.29977,18.0796,21.9127,8.68888,0.182706,38.0291,1.43574,0.946796,0.145451,1.8883,0.856018,0.278594,0.250365,0.062575,0.273876,0.22848,0.303373,0.484658,0.336287,0.788031,0.234293,3.70899,0.296151,,-0.119835,18.855,2.55193,102.578,-0.119835,0.58,0.30048955231904984,1.744558870792389,0.677122,315.19000244140625,,,,,,,169.2,4.976470588,169.2,4.976470588,,,,,,,,,,,,,,,,,,,"Hunter Goodman","29715",696100
"Jung Hoo Lee","SFG",36,153.406,138.788,37.9229,25.7255,8.86349,1.05715,2.27674,18.9855,15.6671,11.8297,0.269291,15.9915,1.27338,1.30356,0.211431,3.24908,2.62547,0.648742,0.273244,0.077114,0.104244,0.739748,0.33308,0.401555,0.321107,0.734636,0.128311,5.22883,0.292606,,0.0073659,18.9465,0.93508,108.634,0.0073659,-0.56,1.5628133546561003,-0.004444479942321777,0.67607,233.94000244140625,,,,,,,166.3,4.619444444,166.3,4.619444444,,,,,,,,,,,,,,,,,,,"Jung Hoo Lee","33824",808982
"Matt McLain","CIN",33,140.438,124.959,31.192,19.4337,6.00175,0.685393,5.0712,18.5967,17.1437,12.4741,0.0865969,36.6532,1.84221,0.900658,0.262412,1.85443,4.53229,1.07297,0.249619,0.0888232,0.260992,0.340328,0.324653,0.430368,0.328792,0.755021,0.180749,5.92532,0.310464,,0.247979,18.2182,1.72929,106.084,0.247979,0.21,1.2513131499290466,0.73153056204319,0.676055,86.18000030517578,,,,,,,167.4,5.072727272,167.4,5.072727272,,,,,,,,,,,,,,,,,,,"Matt McLain","29695",680574
"Carson Kelly","CHC",26,104.255,91.9547,22.7927,15.0848,4.0457,0.157085,3.50514,12.4119,13.7681,9.92443,0.00821317,18.5235,1.26644,0.82231,0.144822,2.12084,0.17086,0.0586583,0.247868,0.0951942,0.177676,0.535775,0.326866,0.409636,0.323173,0.736502,0.161768,2.26633,0.272622,,-0.162292,13.0503,0.809751,108.966,-0.162292,0.18,0.9353436380624771,2.186172902584076,0.671315,533.52001953125,,,,,,,119,4.576923076,119,4.576923076,,,,,,,,,,,,,,,,,,,"Carson Kelly","13620",608348
"Willson Contreras","STL",37,157.551,135.313,34.367,21.245,6.62852,0.38062,6.11286,20.7661,20.4009,15.384,0.608308,37.8559,4.92654,0.951865,0.373205,3.3361,1.23623,0.428458,0.253982,0.0976446,0.240278,0.406382,0.34921,0.444122,0.346065,0.793332,0.19014,3.87417,0.306126,,-0.196382,22.6402,4.14213,124.692,-0.196382,-0.16,4.372095212340355,-3.100893408060074,0.660514,72.54000091552734,,,,,,,194,5.243243243,194,5.243243243,,,,,,,,,,,,,,,,,,,"Willson Contreras","11609",575929
"Jackson Chourio","MIL",28,122.56,113.819,30.1923,19.3738,5.70504,0.832733,4.28065,16.1472,16.1459,6.95946,0.255533,25.0022,0.773645,0.784836,0.222764,1.7435,4.90453,1.09053,0.265264,0.056784,0.204,0.278354,0.310006,0.442848,0.323938,0.752854,0.177584,6.30074,0.303694,,0.360018,15.4177,1.02786,108.697,0.360018,0.61,1.6117264330387115,0.7325354740023613,0.653047,16.420000076293945,,,,,,,145.4,5.192857142,145.4,5.192857142,,,,,,,,,,,,,,,,,,,"Jackson Chourio","28806",694192
"Ozzie Albies","ATL",39,170.402,153.812,38.651,24.8631,8.21495,0.69389,4.87905,20.7517,20.2284,13.2076,0.204825,26.1365,1.60122,1.60095,0.180158,2.45105,3.10456,0.929579,0.251286,0.0775085,0.153381,0.505333,0.314059,0.40888,0.314712,0.722939,0.157594,4.68423,0.271483,,-0.0172477,20.164,0.156944,100.938,-0.0172477,-0.08,0.17042561061680317,0.5218518227338791,0.644275,69.22000122070312,,,,,,,188.2,4.825641025,188.2,4.825641025,,,,,,,,,,,,,,,,,,,"Ozzie Albies","16556",645277
"Brendan Donovan","STL",35,146.786,129.528,34.6188,24.4491,6.59588,0.496786,3.07703,17.3188,15.7359,12.9609,0.641623,20.2576,2.70533,1.15304,0.438599,3.34982,1.36252,0.4675,0.267268,0.0882975,0.138008,0.639802,0.3436,0.397128,0.32558,0.740727,0.12986,3.87402,0.29383,,-0.177357,18.6603,1.42601,110.577,-0.177357,0.27,1.6458639055490494,-0.28254005312919617,0.63377,248.27000427246094,,,,,,,164.4,4.697142857,164.4,4.697142857,,,,,,,,,,,,,,,,,,,"Brendan Donovan","24679",680977
"Heliot Ramos","SFG",34,144.555,130.746,35.2435,22.4891,6.59184,0.433635,5.72888,19.4649,19.0085,10.8726,0.471146,32.9259,1.6379,1.04639,0.252865,2.86445,1.87096,0.624707,0.269558,0.0752139,0.227774,0.330213,0.330929,0.458059,0.340137,0.788989,0.188502,4.32846,0.316894,,-0.10726,20.0793,3.10699,121.747,-0.10726,-0.72,3.584306851029396,-2.294074058532715,0.618758,200.07000732421875,,,,,,,181.7,5.344117647,181.7,5.344117647,,,,,,,,,,,,,,,,,,,"Heliot Ramos","22515",671218
"Ramón Laureano","SDP",33,139.095,124.586,31.0626,18.7539,6.1249,0.531448,5.65234,19.4012,18.8171,10.5965,0.263037,35.9353,2.81306,0.919733,0.179607,2.50064,2.68655,0.931716,0.249326,0.0761816,0.258351,0.294877,0.320138,0.443126,0.330592,0.763264,0.1938,5.24195,0.302798,,-0.0520137,18.2466,1.91538,115.69,-0.0520137,0.1,2.5108725167810917,-1.2517374977469444,0.597198,626.47998046875,,,,,,,173,5.242424242,173,5.242424242,,,,,,,,,,,,,,,,,,,"Ramon Laureano","17128",657656
"Michael Busch","CHC",34,148.205,130.01,32.4947,19.21,6.6731,0.511927,6.09966,19.3362,21.521,14.9528,0.506273,37.2793,2.05661,1.04078,0.144783,2.43919,1.03158,0.286913,0.24994,0.100892,0.251539,0.401101,0.334351,0.449894,0.339612,0.784245,0.199953,3.98566,0.301066,,-0.145235,20.5234,3.12255,120.293,-0.145235,0.21,3.386565640568733,-2.4269104450941086,0.597077,252.30999755859375,,,,,,,184.5,5.426470588,184.5,5.426470588,,,,,,,,,,,,,,,,,,,"Michael Busch","26319",683737
"Masyn Winn","STL",38,162.443,148.752,37.2408,25.7867,6.93624,0.937024,3.58083,18.8561,16.3014,10.566,0.0105101,28.4796,1.04247,1.10122,0.981858,2.65638,3.70216,0.964733,0.250355,0.0650441,0.17532,0.371002,0.302544,0.3818,0.299494,0.684344,0.131446,5.5031,0.285756,,0.101623,17.222,-1.85064,92.603,0.101623,0.04,-1.3094308823347092,1.7992592230439186,0.596708,157.3800048828125,,,,,,,162.6,4.278947368,162.6,4.278947368,,,,,,,,,,,,,,,,,,,"Masyn Winn","27479",691026
"Gabriel Moreno","ARI",20,77.1609,69.4592,19.4041,13.5468,3.77901,0.302879,1.77538,9.41457,9.4428,6.29852,0.11347,13.2479,0.702513,0.573252,0.127367,1.84213,0.811433,0.282853,0.27936,0.0816284,0.171692,0.475436,0.342775,0.419167,0.332938,0.761942,0.139807,3.96041,0.320469,,-0.087241,10.2685,1.209,112.265,-0.087241,0.85,1.0241410359740257,2.2388888597488403,0.59472,184.36000061035156,,,,,,,90.7,4.535,90.7,4.535,,,,,,,,,,,,,,,,,,,"Gabriel Moreno","22664",672515
"Brice Turang","MIL",38,163.748,147.255,37.1004,27.0942,6.27225,1.2178,2.51613,20.0201,14.5204,13.7243,0.465032,32.8224,0.554396,1.09934,1.11545,2.56661,9.12834,1.50447,0.251946,0.0838131,0.200444,0.418137,0.31592,0.362342,0.298854,0.678262,0.110395,6.92753,0.306012,,0.94372,17.2754,-1.95037,91.4126,0.94372,0.43,-0.7075763940811157,1.081577479839325,0.589199,145.1300048828125,,,,,,,168,4.421052631,168,4.421052631,,,,,,,,,,,,,,,,,,,"Brice Turang","22186",668930
"Brenton Doyle","COL",34,148.845,135.457,34.9164,21.6666,6.85649,1.13816,5.25515,20.6979,17.4987,10.3897,0.105815,40.8475,0.932688,1.11911,0.946927,1.92473,5.84918,1.27711,0.257768,0.0698022,0.27443,0.254353,0.31264,0.441578,0.325368,0.754218,0.18381,6.68846,0.327847,,0.433274,18.8965,1.42051,95.0544,0.433274,0.63,-0.43117424845695496,1.1546913385391235,0.574973,71.72000122070312,,,,,,,175.6,5.164705882,175.6,5.164705882,,,,,,,,,,,,,,,,,,,"Brenton Doyle","25479",686668
"Agustín Ramírez","MIA",35,137.375,126.181,31.6143,19.92,6.63533,0.281784,4.77718,16.1787,18.3521,9.19559,0.416554,27.9169,1.00669,0.815626,0.176395,3.00726,1.85331,0.731794,0.250548,0.066938,0.203217,0.329392,0.304789,0.42118,0.313939,0.725968,0.170632,3.94966,0.284586,,-0.122756,16.1698,0.040539,98.9148,-0.122756,1.15,-0.2978292629122734,1.3814814537763596,0.573386,437.8900146484375,,,,,,,151.5,4.328571428,151.5,4.328571428,,,,,,,,,,,,,,,,,,,"Agustin Ramirez","26546",682663
"Nick Gonzales","PIT",34,150.494,137.672,36.89,25.1025,7.812,0.896581,3.07891,17.2141,16.9696,9.11841,0.0244462,29.7563,1.97482,1.30295,0.425149,2.9025,1.52775,0.425233,0.267955,0.06059,0.197725,0.306436,0.319742,0.404816,0.316042,0.724558,0.136861,4.61022,0.318552,,-0.105389,17.9701,0.30057,100.303,-0.105389,0.05,-0.05189075320959091,0.5990955717861652,0.562407,408.55999755859375,,,,,,,163.1,4.797058823,163.1,4.797058823,,,,,,,,,,,,,,,,,,,"Nick Gonzales","27490",693304
"Luis García Jr.","WSN",34,141.461,131.181,35.464,24.1766,6.79771,0.371014,4.11864,16.8541,17.4592,8.25912,0.432187,22.3615,0.526442,1.2646,0.230611,2.80887,3.93544,1.17679,0.270344,0.0583842,0.158075,0.369345,0.313314,0.422011,0.317445,0.735324,0.151666,4.73532,0.295808,,0.0937378,17.0522,0.443164,102.861,0.0937378,-0.29,0.5690710991621017,0.23469135165214539,0.558381,127.55999755859375,,,,,,,154.7,4.55,154.7,4.55,,,,,,,,,,,,,,,,,,,"Luis Garcia Jr.","20391",671277
"James Wood","WSN",38,160.973,140.571,37.0987,23.0921,6.80336,0.724149,6.47906,22.4116,21.1199,18.2417,1.42913,45.219,1.10641,0.923895,0.130024,2.90782,5.28718,1.2637,0.263914,0.113322,0.28091,0.403409,0.350943,0.460888,0.349831,0.811831,0.196974,5.69856,0.340987,,0.272945,23.6226,4.72262,125.177,0.272945,-1.63,5.032174080610275,-4.935860753059387,0.551341,53.29999923706055,,,,,,,212.3,5.586842105,212.3,5.586842105,,,,,,,,,,,,,,,,,,,"James Wood","29518",695578
"Jurickson Profar","ATL",40,171.399,148.758,37.735,25.0728,7.00645,0.49551,5.16016,21.851,19.7179,18.2808,0.403842,27.0391,2.22467,1.26326,0.840534,3.4477,2.04911,0.707386,0.253666,0.106656,0.157755,0.676088,0.341532,0.411493,0.3307,0.753025,0.157826,4.1319,0.276474,,-0.175266,22.4992,2.37516,111.954,-0.175266,-0.62,2.23079814016819,-2.497842788696289,0.549083,192.1999969482422,,,,,,,192.1,4.8025,192.1,4.8025,,,,,,,,,,,,,,,,,,,"Jurickson Profar","10815",595777
"Drake Baldwin","ATL",25,99.6505,89.9415,22.9229,15.7398,3.96149,0.209921,3.0117,11.6616,12.3219,8.11073,0.131163,19.6309,0.838178,0.630235,0.129868,2.29138,0.12889,0.0438383,0.254864,0.0813918,0.196997,0.413162,0.320253,0.404033,0.31689,0.724286,0.149168,2.45648,0.293117,,-0.153413,11.9674,0.267392,102.439,-0.153413,0.98,0.1319485902786255,1.888924479484558,0.54277,999,,,,,,,105.6,4.224,105.6,4.224,,,,,,,,,,,,,,,,,,,"Drake Baldwin","31539",686948
"Joey Ortiz","MIL",37,162.744,148.338,35.9167,25.0975,6.35245,0.950501,3.51628,18.3226,16.5047,10.8694,0.0105295,28.8474,1.35804,0.986265,1.19237,2.86096,4.17021,1.04664,0.242128,0.0667881,0.177257,0.376788,0.298011,0.368881,0.293052,0.666892,0.126753,5.62599,0.277021,,0.162312,16.4055,-2.70237,87.4152,0.162312,0.48,-2.242817774415016,2.1801317632198334,0.540963,265.2799987792969,,,,,,,155.1,4.191891891,155.1,4.191891891,,,,,,,,,,,,,,,,,,,"Joey Ortiz","25493",687401
"Tyler Stephenson","CIN",26,100.173,88.7431,21.8865,14.0079,4.11157,0.149263,3.61777,11.7381,13.1406,9.49301,0.163505,27.29,1.10066,0.727052,0.108669,1.92415,0.214967,0.0775695,0.246627,0.0947666,0.272429,0.347857,0.324594,0.418623,0.324522,0.743217,0.171995,2.55103,0.311953,,-0.149162,12.6487,0.88737,103.142,-0.149162,0.3,0.22039128839969635,1.641628086566925,0.528208,185.97000122070312,,,,,,,113.4,4.361538461,113.4,4.361538461,,,,,,,,,,,,,,,,,,,"Tyler Stephenson","17988",663886
"Marcell Ozuna","ATL",31,133.532,115.738,29.8541,18.0589,5.39525,0.137589,6.26236,17.8266,19.8842,15.8147,0.599062,30.0556,0.82937,1.03024,0.119248,2.47359,0.0830381,0.0434008,0.257945,0.118434,0.225082,0.526181,0.348529,0.469263,0.352931,0.817792,0.211318,1.90583,0.293246,,-0.225118,19.9305,4.25248,127.272,-0.225118,0,4.051443725824356,-3.3487653732299805,0.521325,68.76000213623047,,,,,,,173.9,5.609677419,173.9,5.609677419,,,,,,,,,,,,,,,,,,,"Marcell Ozuna","10324",542303
"Xavier Edwards","MIA",34,142.145,128.053,36.484,29.3523,5.64144,1.13426,0.356059,17.2941,10.5647,11.0446,0.381284,18.9775,0.51978,0.981282,1.54632,2.69162,7.72218,1.66882,0.284914,0.0777,0.133508,0.581985,0.341742,0.355027,0.308804,0.696769,0.0701128,6.40714,0.329333,,0.597947,16.1407,-0.548646,95.3767,0.597947,-0.03,-0.1737968921661377,0.5330834109336138,0.515022,139.80999755859375,,,,,,,142.3,4.185294117,142.3,4.185294117,,,,,,,,,,,,,,,,,,,"Xavier Edwards","22266",669364
"Cedric Mullins","NYM",31,134.262,119.529,27.0986,16.4937,5.09176,0.700423,4.81274,18.469,14.052,11.9372,0.234708,29.9814,1.20142,0.848846,0.691986,1.33781,6.89706,1.39443,0.226712,0.0889096,0.223305,0.398152,0.301366,0.401824,0.30671,0.70319,0.175112,6.88641,0.2604,,0.617931,15.0181,-0.74564,99.2687,0.617931,-0.28,0.502629466354847,0.09354132413864136,0.51284,211.2100067138672,,,,,,,147.9,4.770967741,147.9,4.770967741,,,,,,,,,,,,,,,,,,,"Cedric Mullins","17929",656775
"Lars Nootbaar","STL",27,115.472,99.8163,24.1307,14.8312,4.75232,0.278583,4.26856,14.7279,14.1419,13.8439,0.55845,24.7886,0.734349,0.815699,0.261673,2.1758,1.57036,0.475269,0.241751,0.119889,0.214672,0.558476,0.335985,0.423236,0.331087,0.759221,0.181485,4.18345,0.277501,,-0.0691723,15.1939,1.6363,114.371,-0.0691723,0.35,1.879598118364811,-0.7529411613941193,0.504131,258.2900085449219,,,,,,,135.3,5.011111111,135.3,5.011111111,,,,,,,,,,,,,,,,,,,"Lars Nootbaar","21454",663457
"Matt Shaw","CHC",31,139.006,126.354,31.7289,22.2007,5.54426,0.830309,3.15355,17.8532,14.7318,10.0841,0.125874,26.2971,1.40041,0.906729,0.261038,2.35208,5.7391,1.25914,0.251111,0.0725441,0.189179,0.383467,0.311459,0.383007,0.30473,0.694466,0.131896,6.39637,0.292151,,0.414143,15.3261,-0.994701,96.2579,0.414143,0,-0.19670990109443665,0.4783950448036194,0.496493,999,,,,,,,146.1,4.712903225,146.1,4.712903225,,,,,,,,,,,,,,,,,,,"Matt Shaw","33322",807713
"Joey Bart","PIT",21,82.822,73.4333,17.8713,12.2168,3.22048,0.0936088,2.34049,9.15497,9.57775,7.30861,0.0585112,21.655,1.4705,0.501792,0.107816,1.81928,0.148614,0.0548788,0.243369,0.0882448,0.261465,0.337502,0.322199,0.385391,0.312726,0.70759,0.142022,2.2597,0.310993,,-0.130187,9.66739,-0.0567892,98.0181,-0.130187,0.89,-0.322948694229126,2.43558406829834,0.495591,258.5799865722656,,,,,,,79.3,3.776190476,79.3,3.776190476,,,,,,,,,,,,,,,,,,,"Joey Bart","21524",663698
"Brandon Marsh","PHI",28,121.877,107.269,27.1717,17.8019,5.11529,0.840507,3.414,16.2519,13.3168,12.5264,0.447388,33.4566,0.743596,0.745119,0.592719,1.82245,3.01637,0.712011,0.253304,0.10278,0.274511,0.374409,0.333446,0.412142,0.32571,0.745588,0.158837,5.85852,0.33394,,0.111883,15.5065,1.19683,106.852,0.111883,0.07,1.092596858739853,-0.27180948108434677,0.494255,309.3299865722656,,,,,,,137.5,4.910714285,137.5,4.910714285,,,,,,,,,,,,,,,,,,,"Brandon Marsh","20202",669016
"Christian Yelich","MIL",37,162.744,142.662,36.72,24.829,6.30706,0.761859,4.82208,21.3083,19.1965,17.7661,1.08958,38.8815,1.15385,0.847986,0.314022,3.8089,5.4301,1.26834,0.257393,0.109166,0.238912,0.45693,0.342549,0.413686,0.33032,0.756234,0.156293,5.49734,0.3196,,0.288811,21.3131,2.20527,113.094,0.288811,-0.05,2.791322201490402,-3.354029703885317,0.4896,112.05000305175781,,,,,,,198,5.351351351,198,5.351351351,,,,,,,,,,,,,,,,,,,"Christian Yelich","11477",592885
"Bryan Reynolds","PIT",38,163.624,146.005,38.494,25.3981,7.91526,0.762672,4.41798,19.8741,19.7258,14.34,0.652637,37.4303,2.06795,1.04817,0.162639,3.12141,2.06408,0.61889,0.263648,0.0876399,0.228758,0.383112,0.335871,0.419085,0.329107,0.754956,0.155437,4.43656,0.323901,,-0.109786,21.2678,2.05662,109.305,-0.109786,-0.23,1.6782038062810898,-2.3136615604162216,0.485088,98.11000061035156,,,,,,,182.3,4.797368421,182.3,4.797368421,,,,,,,,,,,,,,,,,,,"Bryan Reynolds","19326",668804
"Dylan Crews","WSN",34,141.461,128.575,31.6625,20.3081,5.94639,0.708037,4.70001,18.5918,16.1139,9.46254,0.00915255,33.0375,2.31464,0.873205,0.236348,2.18921,6.81124,1.54935,0.246258,0.0668913,0.233544,0.286418,0.307592,0.413184,0.314068,0.720776,0.166926,6.40641,0.293996,,0.520025,16.6657,0.0565914,100.534,0.520025,0.88,0.6087856665253639,-0.7184783220291138,0.464549,123.19000244140625,,,,,,,161,4.735294117,161,4.735294117,,,,,,,,,,,,,,,,,,,"Dylan Crews","33541",686611
"Kyle Stowers","MIA",36,148.823,132.361,32.536,18.7966,6.72173,0.533428,6.48426,18.4724,21.6224,13.6019,0.811014,41.6441,1.7141,0.893079,0.252814,2.46075,1.07007,0.291491,0.245813,0.0913969,0.279823,0.326623,0.322084,0.451624,0.333201,0.773709,0.205811,3.92481,0.306039,,-0.123562,19.8369,2.36356,112.188,-0.123562,-0.73,2.0064141526818275,-2.370826840400696,0.463145,552.760009765625,,,,,,,185.1,5.141666666,185.1,5.141666666,,,,,,,,,,,,,,,,,,,"Kyle Stowers","26151",669065
"Lourdes Gurriel Jr.","ARI",36,154.322,142.073,39.0374,26.0537,7.7146,0.646837,4.62227,18.9426,20.6817,9.17333,0.0538722,24.0788,1.46405,1.45653,0.154957,2.80463,2.28091,0.761805,0.27477,0.0594429,0.15603,0.380971,0.322215,0.43578,0.327971,0.757995,0.16101,4.37935,0.29971,,-0.0950044,19.9168,1.79782,108.843,-0.0950044,-0.33,1.507575199007988,-2.198686808347702,0.448082,219.75999450683594,,,,,,,183.3,5.091666666,183.3,5.091666666,,,,,,,,,,,,,,,,,,,"Lourdes Gurriel Jr.","19238",666971
"Casey Schmitt","SFG",29,121.938,111.577,27.9126,18.1569,5.51921,0.396882,3.83966,14.3508,14.2632,7.67575,0.160221,26.4203,1.20047,0.879304,0.605355,2.05548,0.992307,0.316886,0.250165,0.062948,0.21667,0.290525,0.303207,0.409982,0.309603,0.713189,0.159818,3.93034,0.292871,,-0.107233,13.925,-0.391746,100.708,-0.107233,0.08,-0.0058664679527282715,0.322945311665535,0.442719,743.6099853515625,,,,,,,128.7,4.437931034,128.7,4.437931034,,,,,,,,,,,,,,,,,,,"Casey Schmitt","27577",669477
"Alec Bohm","PHI",25,106.892,97.8088,27.2646,19.1942,5.11951,0.229006,2.72181,12.9323,13.2661,6.9637,0.068259,15.7427,0.876025,1.14358,0.0998114,2.55345,0.566186,0.20574,0.278754,0.0651472,0.147276,0.442346,0.328716,0.419262,0.325285,0.747978,0.140508,3.23971,0.304925,,-0.147764,13.5632,1.01294,106.56,-0.147764,-0.21,0.675628587603569,0.09733416140079498,0.43894,164.69000244140625,,,,,,,121.8,4.872,121.8,4.872,,,,,,,,,,,,,,,,,,,"Alec Bohm","21618",664761
"Tyler Freeman","COL",34,146.847,129.848,37.6778,26.4285,7.43452,1.079,2.73586,20.7246,14.7651,10.6778,0.009501,18.7146,4.12528,1.15836,1.03747,3.03025,6.69976,1.78289,0.290169,0.072714,0.127443,0.570562,0.359928,0.427253,0.345346,0.787181,0.137084,6.44267,0.318942,,0.342459,21.0166,3.77524,108.82,0.342459,0.14,1.8634081482887268,-2.4186800569295883,0.436894,603,,,,,,,189.7,5.579411764,189.7,5.579411764,,,,,,,,,,,,,,,,,,,"Tyler Freeman","22532",671289
"Jeff McNeil","NYM",35,154.604,138.429,34.3356,24.2699,6.77741,0.541682,2.74665,16.854,15.294,11.8016,0.545206,18.945,2.52247,1.09088,0.760129,2.98998,1.05887,0.35477,0.248037,0.076334,0.122539,0.622937,0.316291,0.364347,0.300305,0.680638,0.11631,3.71094,0.268093,,-0.182779,16.4923,-1.65988,94.8554,-0.182779,-0.29,-1.116816222667694,0.057222217321395874,0.411182,446.95001220703125,,,,,,,153.5,4.385714285,153.5,4.385714285,,,,,,,,,,,,,,,,,,,"Jeff McNeil","15362",643446
"Tommy Edman","LAD",25,107.135,97.7811,24.8823,16.5042,4.8652,0.585887,2.92703,14.4071,12.1412,6.94501,0.164708,17.8183,1.06213,0.836232,0.510374,2.05424,2.80555,0.720415,0.25447,0.064825,0.166317,0.389769,0.308461,0.406013,0.310546,0.714474,0.151543,5.74061,0.281941,,0.107533,12.3162,-0.26252,98.5045,0.107533,0.14,-0.080611951649189,0.5386625379323959,0.407409,169.00999450683594,,,,,,,117.3,4.692,117.3,4.692,,,,,,,,,,,,,,,,,,,"Tommy Edman","19470",669242
"Ryan O'Hearn","SDP",27,115.75,101.854,27.0848,17.5284,5.44554,0.409812,3.70105,15.2722,14.6218,11.7497,0.562603,20.5128,1.01361,0.927521,0.206102,2.24187,0.972134,0.262025,0.265919,0.101509,0.177216,0.572799,0.344873,0.436442,0.339279,0.781315,0.170523,3.91694,0.297627,,-0.10767,15.9979,2.40753,121.676,-0.10767,-0.02,2.8387023136019707,-2.6879103370010853,0.404826,359.2900085449219,,,,,,,142.2,5.266666666,142.2,5.266666666,,,,,,,,,,,,,,,,,,,"Ryan O'Hearn","16442",656811
"Freddy Fermin","SDP",25,96.2966,88.224,21.6274,15.7905,3.38416,0.311675,2.14107,10.5775,10.2281,6.08425,0.00623039,17.2502,0.716163,0.757033,0.51512,2.06556,0.495364,0.179751,0.245142,0.0631824,0.179136,0.352706,0.296799,0.363372,0.290201,0.66017,0.11823,3.53008,0.280017,,-0.122556,9.48505,-1.82119,87.8592,-0.122556,0.29,-1.4954706355929375,2.219012290239334,0.398225,376.2200012207031,,,,,,,83.7,3.348,83.7,3.348,,,,,,,,,,,,,,,,,,,"Freddy Fermin","21840",666023
"Kyle Karros","COL",30,128.866,116.379,31.8167,21.6901,6.97305,0.534561,2.61899,15.1513,14.5893,10.233,0.863621,28.6486,1.22904,0.807212,0.217828,2.40408,1.31455,0.2835,0.273389,0.0794084,0.222313,0.357192,0.336412,0.410005,0.324679,0.746417,0.136616,4.31849,0.339831,,-0.0647535,16.2882,1.15799,94.5797,-0.0647535,0,-0.8850138708949089,0.46296292543411255,0.390097,999,,,,,,,152.3,5.076666666,152.3,5.076666666,,,,,,,,,,,,,,,,,,,"Kyle Karros","33252",691720
"Alek Thomas","ARI",31,131.569,120.362,29.3395,19.4317,6.20462,0.811052,2.89212,15.1915,14.2718,8.40083,0.228054,31.0183,1.11256,0.754076,0.939463,2.77655,2.66195,0.636456,0.24376,0.063851,0.235756,0.270835,0.297427,0.380871,0.296117,0.678299,0.137112,5.4946,0.303275,,0.0843259,13.5892,-1.85843,86.8943,0.0843259,0.91,-1.9405642971396446,1.388395071029663,0.385825,558.010009765625,,,,,,,123.6,3.987096774,123.6,3.987096774,,,,,,,,,,,,,,,,,,,"Alek Thomas","23792",677950
"Harrison Bader","PHI",28,119.879,108.974,26.0087,16.7494,4.77976,0.483983,3.99558,15.9737,13.6993,7.97438,0.102626,26.7438,1.83233,0.848587,0.24918,1.74285,4.88685,1.31896,0.238668,0.0665204,0.223091,0.298176,0.299386,0.401408,0.305407,0.700794,0.16274,6.26806,0.278353,,0.265986,13.2829,-0.792162,92.8629,0.265986,0.34,-0.7387509346008301,0.562596321105957,0.385127,472.25,,,,,,,125.4,4.478571428,125.4,4.478571428,,,,,,,,,,,,,,,,,,,"Harrison Bader","18030",664056
"Victor Scott II","STL",34,141.893,126.773,28.2902,19.9151,4.83911,1.01885,2.51712,17.8705,10.2806,10.7304,0.20692,33.8822,1.92693,1.02014,1.44272,1.90767,9.56376,1.25305,0.223156,0.0756231,0.238786,0.316698,0.291544,0.336967,0.278856,0.62851,0.113811,7.74402,0.281999,,1.1894,12.6737,-3.98613,78.3821,1.1894,0.86,-2.412758946418762,1.3846913576126099,0.371666,321.8500061035156,,,,,,,133.4,3.923529411,133.4,3.923529411,,,,,,,,,,,,,,,,,,,"Victor Scott II","31349",687363
"Jakob Marsee","MIA",28,116.387,101.391,22.9307,14.8944,4.71659,0.641931,2.67775,14.4481,10.8179,11.887,0.193562,25.3141,1.48256,0.698484,0.9278,1.75563,5.92191,0.627811,0.22616,0.102133,0.217499,0.469582,0.314399,0.364572,0.301353,0.678971,0.138411,6.79249,0.273327,,0.744089,12.5141,-1.15094,90.2425,0.744089,0,-0.5895208120346069,0.12253545224666595,0.343508,999,,,,,,,123.8,4.421428571,123.8,4.421428571,,,,,,,,,,,,,,,,,,,"Jakob Marsee","31370",805300
"Mickey Moniak","COL",28,121.873,112.164,28.2773,15.8722,6.28627,0.856221,5.26262,16.2101,17.0999,7.79431,0.367856,31.6747,1.03028,0.727706,0.157217,1.36505,2.49957,0.584023,0.252108,0.0639543,0.259899,0.246074,0.304824,0.464178,0.328903,0.769002,0.212071,5.83519,0.303008,,0.102046,15.8208,1.51163,97.4897,0.102046,0.52,-0.25722717493772507,-0.4151391386985779,0.340864,590.25,,,,,,,142.9,5.103571428,142.9,5.103571428,,,,,,,,,,,,,,,,,,,"Mickey Moniak","19956",666160
"Javier Sanoja","MIA",21,88.7213,82.4527,22.4222,16.347,4.25527,0.59002,1.22991,10.1846,8.95795,4.75554,0.285334,8.53224,0.34555,0.65944,0.508097,1.81956,2.72409,0.747277,0.271941,0.0536009,0.0961691,0.557361,0.312009,0.382611,0.302267,0.69462,0.11067,5.74503,0.288921,,0.101208,9.60512,-0.8117,90.8727,0.101208,0.79,-0.8497418835759163,1.2284531593322754,0.337323,738.0499877929688,,,,,,,85.8,4.085714285,85.8,4.085714285,,,,,,,,,,,,,,,,,,,"Javier Sanoja","28253",691594
"Luis Torrens","NYM",18,74.2508,68.0104,16.2345,11.2933,3.05355,0.156648,1.73095,7.87844,7.89841,4.94578,0.0788054,17.0786,0.628861,0.525008,0.140757,1.54241,0.260012,0.0992179,0.238706,0.0666091,0.230012,0.289589,0.29428,0.364564,0.289332,0.658844,0.125858,2.95724,0.29167,,-0.0987297,7.26139,-1.45644,87.2945,-0.0987297,0.64,-1.2065733522176743,2.0288888216018677,0.334218,622.3400268554688,,,,,,,67.1,3.727777777,67.1,3.727777777,,,,,,,,,,,,,,,,,,,"Luis Torrens","15905",620443
"Henry Davis","PIT",20,79.7919,71.1068,16.1902,10.3662,3.16938,0.232491,2.42212,8.98561,8.90435,6.19933,0.244904,19.5488,1.58107,0.472224,0.406342,1.27795,1.12809,0.33489,0.227689,0.0776938,0.244997,0.317122,0.302051,0.380989,0.299816,0.68304,0.1533,4.43026,0.277537,,-0.0284825,8.48016,-0.888253,89.1223,-0.0284825,0.36,-1.0477331634610891,1.6809875965118408,0.333436,541.4000244140625,,,,,,,72,3.6,72,3.6,,,,,,,,,,,,,,,,,,,"Henry Davis","29617",680779
"Max Kepler","PHI",24,104.894,93.0551,23.1658,13.7666,4.78592,0.332195,4.28113,13.3104,14.6083,9.82457,0.336139,20.0944,1.05708,0.802385,0.154723,1.79462,0.339149,0.0977484,0.248947,0.093662,0.191569,0.48892,0.325069,0.445537,0.333106,0.770606,0.19659,3.17691,0.271793,,-0.131723,13.9734,1.65777,111.948,-0.131723,-0.48,1.3400445729494095,-1.591111034154892,0.32703,347.260009765625,,,,,,,120.9,5.0375,120.9,5.0375,,,,,,,,,,,,,,,,,,,"Max Kepler","12144",596146
"Caleb Durbin","MIL",33,142.652,128.576,31.1058,22.1288,5.94587,0.679901,2.35118,15.7428,13.5872,8.58018,0.246232,15.8377,3.33691,1.05294,1.10591,2.77822,4.73393,1.08928,0.241925,0.0601476,0.111023,0.541758,0.30395,0.353604,0.290722,0.657554,0.111679,5.80955,0.258027,,0.280764,14.1111,-2.63775,85.8093,0.280764,0,-2.0964472889900208,0.5223171710968018,0.318125,392.44000244140625,,,,,,,129.2,3.915151515,129.2,3.915151515,,,,,,,,,,,,,,,,,,,"Caleb Durbin","29646",702332
"Brett Baty","NYM",23,99.6792,90.0635,21.5951,14.2435,3.82577,0.23309,3.29278,11.7219,11.67,7.96748,0.325457,24.6445,0.730873,0.575168,0.270404,2.05479,0.848827,0.242658,0.239776,0.0799312,0.247238,0.323297,0.304956,0.397113,0.306056,0.702069,0.157337,3.6601,0.291896,,-0.0777124,11.097,-0.606346,98.8179,-0.0777124,-0.35,-0.21607981622219086,0.004938244819641113,0.313591,465.25,,,,,,,101.9,4.430434782,101.9,4.430434782,,,,,,,,,,,,,,,,,,,"Brett Baty","26123",683146
"Ke'Bryan Hayes","CIN",36,151.241,140.035,35.4786,25.5554,6.19702,0.477794,3.24842,16.9327,16.3119,8.84344,0.0525713,28.0603,1.01032,1.0833,0.2689,3.17038,3.23542,1.13135,0.253355,0.0584726,0.185534,0.315159,0.30027,0.374024,0.295315,0.674295,0.120669,4.73491,0.29351,,-0.046315,15.5228,-2.23445,83.0171,-0.046315,0.59,-3.062566600739956,1.1455554962158203,0.311793,362.1099853515625,,,,,,,134.5,3.736111111,134.5,3.736111111,,,,,,,,,,,,,,,,,,,"Ke'Bryan Hayes","18577",663647
"Andrew Vaughn","MIL",26,114.523,104.515,26.6753,16.4867,5.03747,0.109464,5.04163,13.1943,17.7802,7.46639,0.135092,22.9022,1.36912,0.990729,0.18256,2.26262,0.153434,0.0553967,0.25523,0.0651953,0.199979,0.326012,0.310569,0.450239,0.327739,0.760808,0.195009,2.05925,0.278922,,-0.157352,14.7589,1.31266,111.316,-0.157352,-0.02,1.3644747883081436,-2.102598447352648,0.309388,269.1700134277344,,,,,,,131.7,5.065384615,131.7,5.065384615,,,,,,,,,,,,,,,,,,,"Andrew Vaughn","26197",683734
"Willi Castro","CHC",21,90.9672,80.784,19.9234,13.6784,3.68602,0.605142,1.95379,11.5826,9.34482,7.1828,0.238071,20.6944,2.057,0.584935,0.358439,1.49467,3.0751,0.700688,0.246625,0.0789604,0.227493,0.347089,0.321858,0.379791,0.309381,0.701649,0.133166,6.18587,0.306018,,0.180432,10.3719,-0.308638,99.4623,0.180432,-0.23,0.12298820912837982,-0.09111112356185913,0.30925,228.25,,,,,,,97,4.619047619,97,4.619047619,,,,,,,,,,,,,,,,,,,"Willi Castro","17338",650489
"Iván Herrera","STL",32,135.043,119.818,30.6214,20.8492,5.50561,0.21458,4.05198,16.5863,15.4172,12.3454,0.112472,29.0956,1.8482,0.804292,0.227473,3.03786,1.59809,0.598548,0.255566,0.0914179,0.215454,0.424304,0.332416,0.40655,0.324825,0.738966,0.150985,3.82012,0.303738,,-0.153811,17.085,1.22949,110.057,-0.153811,0.16,1.4411104321479797,-2.877037137746811,0.306729,225.9600067138672,,,,,,,151.6,4.7375,151.6,4.7375,,,,,,,,,,,,,,,,,,,"Ivan Herrera","20599",671056
"Nolan Arenado","STL",26,108.622,99.3802,24.3598,16.7814,4.34629,0.213446,3.01873,11.359,12.5636,7.27173,0.225914,13.7102,0.835366,1.0118,0.122799,1.85073,0.525211,0.211823,0.245118,0.0669454,0.12622,0.530387,0.299237,0.384274,0.298046,0.683511,0.139156,2.98705,0.255084,,-0.143309,11.3885,-1.36481,91.6048,-0.143309,0.27,-1.214177817106247,0.6210802495479584,0.304435,222.5399932861328,,,,,,,101.1,3.888461538,101.1,3.888461538,,,,,,,,,,,,,,,,,,,"Nolan Arenado","9777",571448
"Josh Bell","WSN",32,136.583,120.473,29.8202,19.7039,5.14559,0.0662963,4.90434,15.4063,17.7732,13.7146,0.323931,25.8783,1.1139,1.04093,0.132674,3.36421,0.246262,0.0887541,0.247526,0.100412,0.189469,0.529965,0.327474,0.413465,0.323988,0.740939,0.165939,1.84078,0.274611,,-0.211645,17.1873,1.15097,107.37,-0.211645,-0.01,0.9703866690397263,-2.5586021039634943,0.296266,334.1600036621094,,,,,,,154.5,4.828125,154.5,4.828125,,,,,,,,,,,,,,,,,,,"Josh Bell","13145",605137
"Alec Burleson","STL",30,127.215,115.39,29.9942,19.7335,5.49648,0.113883,4.65037,15.0572,16.5949,9.33767,0.349579,18.5315,0.809274,1.10344,0.383708,2.5025,1.35333,0.485322,0.259939,0.0734008,0.145671,0.50388,0.316971,0.430451,0.323254,0.747422,0.170512,3.39214,0.271606,,-0.121143,15.9328,0.996449,108.974,-0.121143,-0.81,1.2195580527186394,-2.519876539707184,0.294327,247.38999938964844,,,,,,,146.4,4.88,146.4,4.88,,,,,,,,,,,,,,,,,,,"Alec Burleson","27615",676475
"Jared Triolo","PIT",24,106.053,94.6099,23.2362,16.117,4.53175,0.486926,2.10056,12.1817,10.5856,9.58386,0.0560085,23.2938,0.816497,0.755289,0.287003,1.66036,2.29142,0.608275,0.2456,0.090369,0.219644,0.411435,0.31803,0.3704,0.304399,0.68843,0.1248,5.03599,0.302064,,0.0365233,11.6644,-0.787306,92.2802,0.0365233,-0.08,-0.9248936735093594,0.30251364409923553,0.292785,630.4500122070312,,,,,,,101.1,4.2125,101.1,4.2125,,,,,,,,,,,,,,,,,,,"Jared Triolo","25807",669707
"Danny Jansen","MIL",12,48.2204,42.2881,9.02094,5.23078,1.78975,0.085241,1.91517,5.21433,6.4967,4.72568,0.00311986,11.0635,0.729331,0.354495,0.0890867,0.608178,0.0732165,0.0252555,0.213321,0.0980018,0.229436,0.427142,0.30097,0.395541,0.305914,0.696511,0.18222,2.35041,0.239543,,-0.0658273,5.36273,-0.298857,96.2776,-0.0658273,0.58,-0.27661364525556564,1.5059258937835693,0.28847,304.8299865722656,,,,,,,51,4.25,51,4.25,,,,,,,,,,,,,,,,,,,"Danny Jansen","16535",643376
"Michael Conforto","LAD",26,114.21,99.7117,23.7048,14.4108,4.7335,0.221889,4.33855,14.8398,14.9946,11.7035,0.472072,24.8889,1.79493,0.897565,0.102001,2.15047,0.239714,0.0856521,0.237733,0.102474,0.217923,0.470231,0.326036,0.420188,0.325275,0.746224,0.182455,2.83137,0.271304,,-0.167209,14.4907,1.08131,108.654,-0.167209,-0.82,0.9933912605047226,-2.023703634738922,0.278319,272.1300048828125,,,,,,,128.5,4.942307692,128.5,4.942307692,,,,,,,,,,,,,,,,,,,"Michael Conforto","16376",624424
"Mark Vientos","NYM",29,127.142,116.592,27.7621,17.2867,5.24303,0.0906527,5.14164,14.5683,16.8225,8.48875,0.172857,32.6186,0.95065,0.972947,0.13767,2.39493,0.169952,0.0658684,0.238113,0.066766,0.256553,0.260243,0.292915,0.416936,0.307085,0.709851,0.178823,2.20368,0.283448,,-0.167291,14.2602,-0.667601,99.5265,-0.167291,-0.28,-0.2379801869392395,-1.2853229343891144,0.271176,105.8499984741211,,,,,,,128.3,4.424137931,128.3,4.424137931,,,,,,,,,,,,,,,,,,,"Mark Vientos","22184",668901
"Graham Pauley","MIA",26,108.755,98.4105,23.3154,15.0998,4.90369,0.349497,2.96241,11.8655,12.6207,8.35132,0.258814,21.8473,0.954802,0.764272,0.274234,1.73405,1.7717,0.485097,0.23692,0.0767902,0.200885,0.382259,0.300712,0.384159,0.299342,0.684872,0.147239,4.45525,0.27369,,-0.0020108,11.5166,-1.25244,88.8568,-0.0020108,0.38,-1.4251438188366592,0.5010072290897369,0.270878,748.02001953125,,,,,,,104.3,4.011538461,104.3,4.011538461,,,,,,,,,,,,,,,,,,,"Graham Pauley","31363",688363
"Jordan Lawlar","ARI",21,89.0318,80.4466,19.6103,12.9888,3.92402,0.539561,2.15791,11.1396,9.5115,6.79493,0.220753,24.4349,1.01765,0.530532,0.242075,1.29311,3.92033,0.40922,0.243768,0.0763202,0.274452,0.278083,0.308852,0.386433,0.304319,0.695285,0.142664,6.67689,0.320909,,0.482072,9.78658,-0.666701,92.5459,0.482072,-0.2,-0.2972680926322937,-0.003013819456100464,0.268621,403.510009765625,,,,,,,99.7,4.747619047,99.7,4.747619047,,,,,,,,,,,,,,,,,,,"Jordan Lawlar","29976",691783
"Isaac Collins","MIL",31,132.606,116.832,27.2345,18.2462,5.54831,0.708945,2.73103,15.3445,12.9667,12.6039,0.334093,29.561,1.57528,0.796074,0.799256,2.11381,4.13843,1.13302,0.233109,0.0950474,0.222924,0.426368,0.314199,0.362862,0.29985,0.677062,0.129753,5.74671,0.287142,,0.155059,14.0968,-1.47258,92.0988,0.155059,0.73,-1.0753237009048462,-0.7051851749420166,0.263135,999,,,,,,,135.3,4.364516129,135.3,4.364516129,,,,,,,,,,,,,,,,,,,"Isaac Collins","25477",686555
"Luis Arraez","SDP",38,158.549,146.053,42.8078,35.1262,6.90827,0.773384,0,17.2976,14.9036,9.10992,0.891254,6.34601,1.08613,1.29873,1.00116,3.73797,1.67534,0.641057,0.293098,0.0574581,0.0400256,1.43554,0.336431,0.350988,0.302621,0.687419,0.0578902,3.98668,0.303589,,-0.2181,17.2102,-1.40509,96.4175,-0.2181,1.24,-0.8851171731948853,-1.7685883045196533,0.2607,185.14999389648438,,,,,,,151.8,3.994736842,151.8,3.994736842,,,,,,,,,,,,,,,,,,,"Luis Arraez","18568",650333
"Liam Hicks","MIA",26,103.031,90.8234,22.4856,16.6507,4.20712,0.369031,1.25871,10.3737,9.72017,9.33164,0.11877,16.7983,1.66758,0.781855,0.426692,2.13923,0.398797,0.129373,0.247575,0.0905711,0.163041,0.55551,0.326348,0.3436,0.299865,0.669948,0.096025,3.13962,0.288611,,-0.15383,10.9541,-1.1429,89.2174,-0.15383,0.18,-1.4584375470876694,0.6067097783088684,0.259063,746.1599731445312,,,,,,,86.2,3.315384615,86.2,3.315384615,,,,,,,,,,,,,,,,,,,"Liam Hicks","29844",689414
"Yohel Pozo","STL",18,69.4788,66.1982,15.9568,11.2807,3.10506,0.0549855,1.516,6.26284,7.78894,2.31362,0.140514,8.61529,0.365993,0.479425,0.121561,1.38675,0.0790441,0.0308255,0.241045,0.0332997,0.123999,0.268549,0.268701,0.358315,0.271868,0.627016,0.117269,1.78327,0.255379,,-0.0875407,5.8129,-2.34466,73.5675,-0.0875407,1.15,-2.244183413684368,2.464814782142639,0.256361,999,,,,,,,57.1,3.172222222,57.1,3.172222222,,,,,,,,,,,,,,,,,,,"Yohel Pozo","18848",650968
"Nolan Gorman","STL",26,108.622,96.2958,20.4673,11.7625,4.06036,0.161295,4.48314,12.2857,14.2695,10.7632,0.477402,34.4379,0.699274,0.776869,0.0867545,1.21123,0.932562,0.329892,0.212546,0.0990888,0.317044,0.31254,0.294188,0.397729,0.30105,0.691918,0.185183,3.46037,0.27487,,-0.0973833,11.6526,-1.10075,93.6749,-0.0973833,-0.45,-0.9041954874992371,-0.1992284059524536,0.252014,384.6400146484375,,,,,,,103.1,3.965384615,103.1,3.965384615,,,,,,,,,,,,,,,,,,,"Nolan Gorman","22263",669357
"Elias Díaz","SDP",16,60.307,54.7596,12.368,8.30168,2.08373,0.0220225,1.96055,6.51923,7.22251,4.09804,0.00390186,13.7917,0.404929,0.43228,0.227772,1.20389,0.0689405,0.033745,0.22586,0.067953,0.228691,0.297139,0.28262,0.372125,0.286779,0.654745,0.146265,1.96169,0.263883,,-0.0840568,5.77313,-1.30754,85.5012,-0.0840568,0.35,-1.1108594462275505,1.5845678746700287,0.251507,481.6700134277344,,,,,,,48.8,3.05,48.8,3.05,,,,,,,,,,,,,,,,,,,"Elias Diaz","11680",553869
"Spencer Horwitz","PIT",29,125.243,110.467,28.2868,19.2828,6.32737,0.181909,2.49468,13.7061,13.7456,12.4442,0.441018,22.1735,1.27537,0.915134,0.141395,2.51905,0.485062,0.202884,0.256065,0.0993602,0.177044,0.561217,0.335777,0.384386,0.317614,0.720164,0.128321,2.56893,0.297439,,-0.199584,15.1143,0.409434,101.386,-0.199584,0.55,0.004233181476593018,-1.7125172019004822,0.245788,382.5899963378906,,,,,,,122,4.206896551,122,4.206896551,,,,,,,,,,,,,,,,,,,"Spencer Horwitz","26477",687462
"Jordan Beck","COL",35,150.843,136.902,34.5195,21.0132,7.31733,1.00468,5.18421,20.1066,18.3876,11.7789,0.143525,43.1785,1.10584,0.884193,0.171705,1.99037,4.11763,1.06632,0.252147,0.0780871,0.286248,0.272795,0.31462,0.433877,0.324135,0.748498,0.181731,6.07149,0.328048,,0.167157,18.9996,1.28901,94.2044,0.167157,0.06,-0.8594633638858795,-1.6905205883085728,0.245435,400.1400146484375,,,,,,,175.8,5.022857142,175.8,5.022857142,,,,,,,,,,,,,,,,,,,"Jordan Beck","31431",687597
"Sal Frelick","MIL",34,145.666,131.965,32.8154,24.4943,5.71602,1.12817,1.47691,16.0469,12.5033,10.4017,0.248772,20.4093,1.47759,0.858038,0.698436,2.7809,4.74716,0.878509,0.248669,0.0714083,0.140111,0.509657,0.308875,0.342657,0.288818,0.651531,0.0939881,5.9781,0.282491,,0.354044,14.1848,-2.91787,84.4976,0.354044,1.39,-2.297777682542801,-0.15783953666687012,0.237715,350.260009765625,,,,,,,125,3.676470588,125,3.676470588,,,,,,,,,,,,,,,,,,,"Sal Frelick","29622",686217
"Isiah Kiner-Falefa","PIT",35,153.524,142.231,37.2501,29.8724,5.7571,0.614674,1.0059,16.5194,12.4951,7.06982,0.00993298,23.4171,1.94962,1.00407,1.10733,3.63831,4.9894,1.56636,0.261898,0.0460504,0.152531,0.301909,0.303895,0.332235,0.282092,0.63613,0.070337,5.31662,0.305054,,0.104016,14.1145,-3.91083,76.9096,0.104016,0.27,-4.058857761323452,1.2274915874004364,0.225548,373.9700012207031,,,,,,,128.6,3.674285714,128.6,3.674285714,,,,,,,,,,,,,,,,,,,"Isiah Kiner-Falefa","16512",643396
"Spencer Steer","CIN",35,147.313,131.02,31.4922,19.8998,6.42207,0.662221,4.50809,17.7544,17.0962,13.0896,0.00953112,30.4349,1.89265,1.16239,0.14797,2.031,2.95441,0.819907,0.240362,0.0888558,0.206601,0.430085,0.315799,0.40271,0.31482,0.718509,0.162348,5.00868,0.277502,,0.0276074,17.4446,0.148544,96.4568,0.0276074,0.69,-0.5853444263339043,-2.0851171612739563,0.221185,177.8000030517578,,,,,,,160.6,4.588571428,160.6,4.588571428,,,,,,,,,,,,,,,,,,,"Spencer Steer","26323",668715
"Nick Castellanos","PHI",39,168.829,155.42,40.9505,26.5323,8.22247,0.498041,5.69764,20.7262,22.5448,10.3052,0.352482,35.9245,1.52184,1.39876,0.183033,2.93269,1.52279,0.497047,0.263482,0.0610394,0.212786,0.286858,0.312948,0.432774,0.321965,0.745723,0.169292,3.98947,0.306022,,-0.147711,20.9686,1.1463,104.272,-0.147711,-2.26,0.6992106288671494,-4.091441631317139,0.219417,172.5399932861328,,,,,,,194,4.974358974,194,4.974358974,,,,,,,,,,,,,,,,,,,"Nick Castellanos","11737",592206
"Noelvi Marte","CIN",20,84.4592,77.9994,20.172,12.9124,3.9492,0.311882,2.99856,10.8845,10.7937,4.96984,0.195327,18.0748,0.867609,0.501619,0.120754,1.44378,2.74686,0.693527,0.258618,0.0588431,0.214006,0.274959,0.308394,0.432577,0.319928,0.740971,0.173959,5.49769,0.299046,,0.144805,10.3507,0.434262,99.9765,0.144805,0.17,0.14247610932216048,-0.7806172519922256,0.218535,499.42999267578125,,,,,,,94.7,4.735,94.7,4.735,,,,,,,,,,,,,,,,,,,"Noelvi Marte","26517",682622
"Edmundo Sosa","PHI",17,72.9262,66.7165,16.8096,11.0846,3.26773,0.393982,2.06322,8.98838,8.40582,3.41457,0.0283822,16.2184,1.752,0.478425,0.520101,1.41316,1.17022,0.294867,0.251955,0.0468222,0.222395,0.210536,0.303699,0.405521,0.308946,0.70922,0.153566,5.45728,0.301479,,0.00728691,8.28926,-0.273055,95.3015,0.00728691,-0.19,-0.39508473686873913,0.11169752478599548,0.216184,531.2100219726562,,,,,,,72.6,4.270588235,72.6,4.270588235,,,,,,,,,,,,,,,,,,,"Edmundo Sosa","17022",624641
"Austin Hays","CIN",27,113.922,104.075,25.771,15.937,5.22185,0.326483,4.28565,13.4059,15.1877,7.40815,0.0705779,26.9099,1.49669,0.709793,0.2319,1.98012,0.957937,0.326037,0.247619,0.0650284,0.236214,0.275295,0.305004,0.427602,0.317476,0.732606,0.179983,3.85829,0.291963,,-0.104031,13.7354,0.359736,98.2871,-0.104031,0.21,-0.3331848010420799,-1.3882587403059006,0.206356,359.239990234375,,,,,,,119.6,4.429629629,119.6,4.429629629,,,,,,,,,,,,,,,,,,,"Austin Hays","19363",669720
"Alex Call","LAD",15,66.7066,58.2066,14.4638,9.83097,2.66776,0.319689,1.64533,8.92986,6.83301,6.41828,0.00431592,11.3818,0.908515,0.496993,0.676196,1.18896,1.30679,0.432946,0.24849,0.0962165,0.170625,0.563907,0.330008,0.390108,0.31806,0.720116,0.141618,5.16757,0.280635,,-0.0277929,8.07422,0.242164,103.683,-0.0277929,-0.15,0.260679392144084,-0.4440440535545349,0.205538,734.739990234375,,,,,,,70.8,4.72,70.8,4.72,,,,,,,,,,,,,,,,,,,"Alex Call","19296",669743
"Tommy Pham","PIT",28,124.233,111.373,28.1797,19.0979,5.62543,0.296621,3.15973,14.7823,13.9424,10.8955,0.0458966,26.4406,0.943939,0.842989,0.177335,2.63771,2.16556,0.744656,0.253021,0.0877023,0.212831,0.412075,0.322591,0.393969,0.314922,0.71656,0.140948,4.2061,0.302847,,-0.0733398,14.7218,0.135561,99.5312,-0.0733398,-0.55,-0.14173707365989685,-1.9436706900596619,0.203652,422.7699890136719,,,,,,,128.4,4.585714285,128.4,4.585714285,,,,,,,,,,,,,,,,,,,"Tommy Pham","2967",502054
"Pedro Pagés","STL",20,79.2646,72.6667,16.0707,10.8591,2.81422,0.11091,2.2864,7.75162,8.77411,5.01666,0.0799383,20.5618,0.684697,0.503823,0.392755,1.42543,0.20587,0.0918318,0.221156,0.06329,0.259407,0.24398,0.276043,0.357329,0.277782,0.633372,0.136173,2.39392,0.27392,,-0.10452,7.01088,-2.29562,77.642,-0.10452,0,-2.1856444105505943,1.5432099103927612,0.200621,565.75,,,,,,,62.1,3.105,62.1,3.105,,,,,,,,,,,,,,,,,,,"Pedro Pages","25782",686780
"Blaze Alexander","ARI",22,94.9673,85.056,20.2617,13.7915,3.72204,0.570197,2.178,11.2813,9.63561,7.1471,0.00614438,28.9451,1.64986,0.546084,0.568226,1.70338,2.19442,0.571802,0.238216,0.0752586,0.30479,0.246919,0.307828,0.372203,0.300321,0.680031,0.133987,5.87306,0.331939,,0.0574731,10.1318,-1.01837,89.7911,0.0574731,-0.42,-1.0810413472354412,-0.15593963861465454,0.192366,746.6199951171875,,,,,,,91.1,4.14090909,91.1,4.14090909,,,,,,,,,,,,,,,,,,,"Blaze Alexander","23789",677942
"Eli White","ATL",13,57.7973,53.1721,12.9613,8.86069,2.28669,0.411955,1.40201,7.38735,5.81319,3.47266,0.0395628,15.2137,0.66684,0.317118,0.168646,0.874493,2.24357,0.4474,0.243762,0.0600834,0.263224,0.228259,0.296742,0.381365,0.296519,0.678107,0.137603,6.79459,0.313486,,0.181214,5.9884,-0.79762,88.4018,0.181214,0.74,-0.6059827357530594,0.5085185319185257,0.184394,750.8099975585938,,,,,,,50.8,3.907692307,50.8,3.907692307,,,,,,,,,,,,,,,,,,,"Eli White","19346",642201
"Dalton Rushing","LAD",9,34.364,30.505,7.16013,4.34584,1.50342,0.101298,1.20957,4.37748,4.3519,3.02699,0.0926151,9.15595,0.570171,0.215585,0.0462302,0.539658,0.135979,0.0401616,0.23472,0.0880859,0.26644,0.330603,0.313461,0.409599,0.315625,0.72306,0.17488,3.54945,0.292338,,-0.0407446,4.09174,0.0570418,102.005,-0.0407446,-0.05,0.04015317186713219,0.5783068649470806,0.179115,999,,,,,,,35.4,3.933333333,35.4,3.933333333,,,,,,,,,,,,,,,,,,,"Dalton Rushing","31382",687221
"Blake Perkins","MIL",16,71.326,63.5657,14.0425,9.54121,2.60926,0.47524,1.41677,8.0578,6.54226,6.49398,0.0973856,19.0859,0.512393,0.461044,0.292896,0.973528,2.52009,0.502106,0.220913,0.0910464,0.267587,0.34025,0.296325,0.343779,0.284093,0.640103,0.122866,6.32815,0.290086,,0.191297,6.67296,-1.70146,81.2416,0.191297,0.52,-1.3798965811729431,0.7669135481119156,0.176944,653.9299926757812,,,,,,,56.4,3.525,56.4,3.525,,,,,,,,,,,,,,,,,,,"Blake Perkins","19921",663368
"Connor Norby","MIA",13,53.4236,48.7432,12.2673,7.97346,2.54541,0.298276,1.45017,6.29043,6.27652,3.74576,0.00345651,14.101,0.501704,0.373381,0.0595043,0.814058,1.05259,0.271726,0.251672,0.0701144,0.263946,0.265639,0.309474,0.405385,0.31164,0.714859,0.153713,5.29093,0.32227,,0.0195041,6.18888,-0.0836132,97.3307,0.0195041,-0.1,-0.14795820601284504,0.10061726719141006,0.174832,282.1600036621094,,,,,,,53.2,4.092307692,53.2,4.092307692,,,,,,,,,,,,,,,,,,,"Connor Norby","29592",681393
"Jacob Young","WSN",25,106.34,95.7469,23.5209,19.2952,3.20615,0.669233,0.3503,11.9706,5.69495,6.39666,0.00688019,18.8656,1.4571,0.614416,2.12483,2.24362,6.51865,1.20597,0.245657,0.0601529,0.177408,0.339065,0.301057,0.304098,0.271833,0.605155,0.0584407,6.97168,0.30035,,0.633879,8.89379,-3.59164,71.4323,0.633879,0.76,-2.9335795044898987,1.1458024382591248,0.17404,294.55999755859375,,,,,,,84.3,3.372,84.3,3.372,,,,,,,,,,,,,,,,,,,"Jacob Young","29931",696285
"James McCann","ARI",10,39.5697,35.774,8.65321,5.97533,1.60251,0.0799917,0.995381,4.15005,4.69459,2.38375,0.00256016,10.4109,0.453631,0.298469,0.22117,0.767358,0.224972,0.0943249,0.241886,0.0602417,0.263104,0.228965,0.295313,0.374625,0.29372,0.669939,0.13274,3.24363,0.310459,,-0.0513275,4.01022,-0.63568,85.2426,-0.0513275,0.35,-0.73706891015172,1.1216049492359161,0.172596,744.8300170898438,,,,,,,35.6,3.56,35.6,3.56,,,,,,,,,,,,,,,,,,,"James McCann","12859",543510
"Hyeseong Kim","LAD",16,71.7601,66.6563,17.1967,12.4981,3.23161,0.488874,0.97815,9.32121,6.77122,4.07044,0.112267,14.9982,0.365513,0.492609,0.175215,1.24436,2.92954,0.566288,0.257991,0.0567229,0.209005,0.271395,0.302196,0.365165,0.292102,0.667361,0.107174,6.63007,0.316939,,0.244586,7.17862,-1.24677,85.7961,0.244586,0,-0.952372282743454,0.25925925374031067,0.170174,487.30999755859375,,,,,,,61.2,3.825,61.2,3.825,,,,,,,,,,,,,,,,,,,"Hyeseong Kim","35322",808975
"Braxton Fulford","COL",13,49.948,45.359,11.0044,6.92117,2.34761,0.274329,1.4613,5.93551,5.69437,3.25323,0.00323163,14.1185,0.801801,0.351952,0.181987,0.668648,0.763835,0.203172,0.242607,0.0651323,0.282664,0.230423,0.302605,0.403108,0.307705,0.705713,0.160501,5.18149,0.316719,,-0.00212865,5.62722,-0.237203,82.8835,-0.00212865,-0.06,-1.0060962883289903,0.9430864490568638,0.161532,999,,,,,,,45.7,3.515384615,45.7,3.515384615,,,,,,,,,,,,,,,,,,,"Braxton Fulford","29704",690924
"Reese McGuire","CHC",10,39.862,36.1623,8.32788,5.89255,1.4171,0.128761,0.889468,4.18519,4.19066,2.55615,0.0506925,8.96728,0.361905,0.257614,0.412394,0.786385,0.292996,0.0893321,0.230292,0.0641249,0.224958,0.285053,0.28588,0.35039,0.28006,0.63627,0.120098,3.85054,0.280027,,-0.0353577,3.59924,-1.08098,79.2589,-0.0353577,0.47,-1.0062636658549309,1.2416049540042877,0.158254,999,,,,,,,30.1,3.01,30.1,3.01,,,,,,,,,,,,,,,,,,,"Reese McGuire","15674",624512
"Jose Trevino","CIN",18,68.7459,63.3371,15.0897,10.7697,2.5384,0.0400283,1.74158,6.57961,7.86146,3.89682,0.00444786,10.1216,0.48021,0.522312,0.38801,1.58753,0.0966504,0.0565775,0.238244,0.0566845,0.147232,0.385001,0.285284,0.362077,0.283814,0.647361,0.123833,1.79849,0.256713,,-0.103203,6.41608,-1.65541,75.0925,-0.103203,0,-2.1139751598238945,1.3888888359069824,0.156751,579.6099853515625,,,,,,,60.5,3.361111111,60.5,3.361111111,,,,,,,,,,,,,,,,,,,"Jose Trevino","16725",624431
"Jake McCarthy","ARI",15,65.29,58.8249,15.0342,10.9168,2.68308,0.668986,0.765291,8.20155,5.5035,4.45243,0.0913107,11.9392,0.984703,0.40992,0.618051,1.17812,3.46988,0.510767,0.255575,0.0681946,0.182864,0.372924,0.31654,0.36296,0.299926,0.6795,0.107385,7.4277,0.306657,,0.378958,6.94472,-0.721012,89.5187,0.378958,0.18,-0.42465609312057495,-0.1891191005706787,0.156561,220.74000549316406,,,,,,,66.7,4.446666666,66.7,4.446666666,,,,,,,,,,,,,,,,,,,"Jake McCarthy","21622",664983
"TJ Friedl","CIN",36,154.187,133.6,31.1192,22.3069,5.27303,0.748625,2.79073,17.5256,13.2006,14.4216,0.145227,25.0603,3.17478,1.30762,1.68321,2.75481,4.00934,1.0169,0.232929,0.0935328,0.162532,0.575473,0.319438,0.34627,0.29795,0.665708,0.113342,5.35239,0.264613,,0.126207,16.1539,-1.94926,84.8326,0.126207,-1.48,-2.6200828552246094,-0.9244444966316223,0.154523,247.4199981689453,,,,,,,143.8,3.994444444,143.8,3.994444444,,,,,,,,,,,,,,,,,,,"TJ Friedl","19522",670770
"Jack Suwinski","PIT",16,67.6716,59.1915,12.9733,7.42975,2.73758,0.247434,2.55856,8.27347,8.33905,7.21695,0.293423,20.1242,0.666047,0.464511,0.132616,0.821102,1.48032,0.364654,0.219175,0.106647,0.297381,0.35862,0.308804,0.403461,0.310727,0.712265,0.184285,5.12003,0.281684,,0.0487672,7.78948,-0.155886,96.6404,0.0487672,-0.19,-0.21821802109479904,-0.500224769115448,0.15382,606.4199829101562,,,,,,,76.6,4.7875,76.6,4.7875,,,,,,,,,,,,,,,,,,,"Jack Suwinski","22244",669261
"Andrew McCutchen","PIT",28,122.213,106.836,25.7253,16.3975,5.24031,0.202662,3.88488,14.2984,14.7085,13.2542,0.0184432,26.6877,1.0757,0.894831,0.152433,2.26342,0.847152,0.296814,0.240793,0.108451,0.21837,0.49664,0.328158,0.402726,0.321721,0.730885,0.161933,3.26827,0.283061,,-0.153283,15.1548,0.805719,104.216,-0.153283,0,0.4517943412065506,-2.975308656692505,0.151855,589.6199951171875,,,,,,,134.6,4.807142857,134.6,4.807142857,,,,,,,,,,,,,,,,,,,"Andrew McCutchen","9847",457705
"Nacho Alvarez Jr.","ATL",11,48.8288,43.6959,10.9565,7.98386,2.00407,0.12627,0.842305,5.65678,4.78332,3.95421,0.0827296,10.1729,0.838792,0.26055,0.0793213,1.01427,0.811972,0.263042,0.250744,0.0809811,0.208339,0.388698,0.32307,0.360217,0.303637,0.683288,0.109473,4.29629,0.307038,,-0.0282107,5.34041,-0.392601,93.3067,-0.0282107,0.08,-0.41200667433440685,0.27490168809890747,0.150156,742.6799926757812,,,,,,,49.7,4.518181818,49.7,4.518181818,,,,,,,,,,,,,,,,,,,"Nacho Alvarez Jr.","31765",805373
"Ronny Mauricio","NYM",16,72.2166,66.7718,16.0161,10.6342,3.09131,0.142359,2.14829,8.72657,7.97955,4.49454,0.480827,16.8943,0.447297,0.406192,0.0967158,1.12875,2.22549,0.797376,0.239864,0.0622369,0.233939,0.266039,0.290599,0.386945,0.293038,0.677544,0.147081,5.05629,0.2881,,0.0209279,7.27898,-1.20001,89.8478,0.0209279,-0.14,-0.8400337342172861,-0.07035771757364273,0.14939,644,,,,,,,63.1,3.94375,63.1,3.94375,,,,,,,,,,,,,,,,,,,"Ronny Mauricio","23698",677595
"Miguel Amaya","CHC",7,29.641,26.5574,6.3195,4.26081,1.21231,0.0400528,0.806331,3.19938,3.48628,1.98453,0.0465918,5.97895,0.571105,0.220033,0.307923,0.61233,0.0707229,0.028105,0.237956,0.0669523,0.201712,0.33192,0.302564,0.377707,0.298829,0.680271,0.13975,2.53094,0.275767,,-0.0417834,3.12653,-0.353639,92.1918,-0.0417834,0.24,-0.3135727718472481,0.7801234573125839,0.147625,340.9800109863281,,,,,,,27.9,3.985714285,27.9,3.985714285,,,,,,,,,,,,,,,,,,,"Miguel Amaya","21693",665804
"Will Benson","CIN",12,51.0684,45.0165,10.0386,5.5298,2.21388,0.256585,2.03836,6.74947,6.37918,5.17575,0.185326,16.0262,0.432659,0.319634,0.123769,0.571849,1.74261,0.363746,0.222999,0.101349,0.313819,0.322955,0.307138,0.419418,0.315289,0.726556,0.196419,6.14084,0.293355,,0.128309,6.06685,0.0708809,96.78,0.128309,0.07,-0.06479500234127045,-0.3127160593867302,0.132994,686.0499877929688,,,,,,,54.4,4.533333333,54.4,4.533333333,,,,,,,,,,,,,,,,,,,"Will Benson","21853",666181
"Jordan Walker","STL",21,88.0718,80.4294,19.2305,12.3068,3.98584,0.28311,2.65474,10.2516,10.1087,6.10968,0.123468,23.1917,0.951955,0.482921,0.0978617,1.59635,1.36432,0.375053,0.239098,0.0693716,0.263328,0.263442,0.298863,0.394717,0.30258,0.69358,0.155618,4.57677,0.301018,,-0.00643149,9.55713,-0.783429,94.7295,-0.00643149,-0.07,-0.5515328901819885,-1.0422222092747688,0.132524,295.69000244140625,,,,,,,89.1,4.242857142,89.1,4.242857142,,,,,,,,,,,,,,,,,,,"Jordan Walker","27475",691023
"Keibert Ruiz","WSN",18,68.2917,63.3987,14.7781,10.5436,2.95169,0,1.28284,5.89904,7.32185,3.41701,0.113045,7.3455,0.791231,0.587352,0.0973992,1.3743,0.226208,0.120677,0.233098,0.0500355,0.107561,0.465184,0.278415,0.340359,0.271739,0.618774,0.107261,2.12579,0.243782,,-0.10011,5.70642,-2.31175,71.3675,-0.10011,0.04,-2.3963297829031944,1.4288888350129128,0.130328,209.4499969482422,,,,,,,51.1,2.838888888,51.1,2.838888888,,,,,,,,,,,,,,,,,,,"Keibert Ruiz","19610",660688
"Otto Kemp","PHI",10,43.9555,39.491,9.66409,6.0961,2.04992,0.198329,1.31974,5.53549,5.2039,2.96654,0.187232,11.7716,1.15022,0.293664,0.0541081,0.668288,0.913823,0.235098,0.244716,0.0674896,0.267808,0.252008,0.313904,0.406925,0.313991,0.72083,0.162209,5.38699,0.312601,,0.0210792,5.17567,0.0148222,98.7771,0.0210792,0,-0.04204288497567177,-0.1286008208990097,0.130319,999,,,,,,,46.1,4.61,46.1,4.61,,,,,,,,,,,,,,,,,,,"Otto Kemp","31792",805249
"Drew Millas","WSN",11,43.9018,40.1362,9.8572,7.42942,1.80498,0.177935,0.444865,4.38052,3.80626,3.0517,0.24063,7.31673,0.240626,0.28845,0.184836,0.849132,1.10103,0.270059,0.245594,0.069512,0.166661,0.417086,0.300788,0.332684,0.279249,0.633471,0.0870897,4.89619,0.288165,,0.0412786,3.93519,-1.21934,76.5422,0.0412786,0.13,-1.1680824682116508,0.9787654280662537,0.128221,999,,,,,,,32.7,2.972727272,32.7,2.972727272,,,,,,,,,,,,,,,,,,,"Drew Millas","25643",686452
"Brady House","WSN",32,132.681,124.444,29.678,20.7314,5.50133,0.300278,3.14506,12.971,14.6772,6.02681,0.21292,36.6526,1.26507,0.763837,0.181275,2.49801,1.28723,0.382445,0.238485,0.0454233,0.276246,0.16443,0.279019,0.363337,0.280178,0.642355,0.124852,3.68445,0.310653,,-0.0811286,11.9928,-3.58536,77.1826,-0.0811286,0,-3.6363122314214706,0.49382713437080383,0.123483,999,,,,,,,112.5,3.515625,112.5,3.515625,,,,,,,,,,,,,,,,,,,"Brady House","29993",691781
"Tyler Fitzgerald","SFG",15,62.9356,57.455,13.5101,9.03952,2.63497,0.47119,1.36441,7.69109,5.66288,3.86283,0.00407194,16.9178,0.751005,0.416582,0.450177,0.760506,2.2186,0.441038,0.235142,0.0613775,0.268812,0.228329,0.29005,0.368648,0.288788,0.658698,0.133506,6.69867,0.306791,,0.17429,6.12708,-1.26223,86.3649,0.17429,0.21,-0.8334314227104187,-0.047201648354530334,0.121229,242.5800018310547,,,,,,,58.3,3.886666666,58.3,3.886666666,,,,,,,,,,,,,,,,,,,"Tyler Fitzgerald","26208",666149
"Dane Myers","MIA",20,81.0893,74.1679,18.4716,13.1364,3.23069,0.339844,1.76465,9.59989,8.14803,5.26655,0.00524648,19.9812,0.971641,0.537813,0.145428,1.4536,3.01784,0.799597,0.249051,0.0649475,0.24641,0.263575,0.30527,0.373152,0.298387,0.678422,0.124101,5.82349,0.315464,,0.150415,8.5243,-0.996447,88.1993,0.150415,0.21,-0.9733022451400757,-0.5057867020368576,0.120817,658.6900024414062,,,,,,,75.2,3.76,75.2,3.76,,,,,,,,,,,,,,,,,,,"Dane Myers","22054",667472
"Gavin Sheets","SDP",19,78.7881,70.8678,17.3613,11.0223,3.5665,0.158094,2.61437,9.47969,9.89215,6.67883,0.259026,15.0982,0.571175,0.603226,0.067115,1.31649,0.365898,0.105893,0.244981,0.0847695,0.19163,0.442361,0.312639,0.410442,0.314349,0.723081,0.16546,3.19201,0.274318,,-0.0883147,9.29998,0.0494205,104.498,-0.0883147,-0.29,0.3278777375817299,-1.7433010637760162,0.119616,557.0700073242188,,,,,,,88,4.631578947,88,4.631578947,,,,,,,,,,,,,,,,,,,"Gavin Sheets","19901",657757
"Tyrone Taylor","NYM",13,58.9938,54.4119,12.5617,7.9076,2.79355,0.276641,1.58386,7.08255,6.04118,2.92404,0.0158605,13.454,1.02486,0.410511,0.222477,0.663366,1.84168,0.421515,0.230862,0.0495652,0.228058,0.217336,0.280929,0.379697,0.28801,0.660626,0.148835,6.09927,0.275931,,0.118745,5.70621,-1.22029,86.3834,0.118745,0.26,-0.8245793953537941,0.03430554270744324,0.117253,669.5599975585938,,,,,,,62.1,4.776923076,62.1,4.776923076,,,,,,,,,,,,,,,,,,,"Tyrone Taylor","13675",621438
"Starling Marte","NYM",18,77.3022,70.0727,18.3091,13.1734,3.00007,0.21816,1.91746,9.94118,7.77821,4.71025,0.00500146,15.117,1.48782,0.466199,0.565322,1.70601,2.62288,0.82864,0.261287,0.0609329,0.195557,0.311586,0.319366,0.392419,0.312802,0.711784,0.131132,5.52686,0.30636,,0.0596038,9.0278,-0.0483059,103.466,0.0596038,-0.01,0.37422027066349983,-1.7692592237144709,0.116712,457,,,,,,,79.2,4.4,79.2,4.4,,,,,,,,,,,,,,,,,,,"Starling Marte","9241",516782
"Pavin Smith","ARI",23,97.935,85.3633,19.9474,12.5469,4.12506,0.240271,3.03515,11.3177,12.2032,11.3235,0.421532,24.7843,0.484334,0.666419,0.0974763,1.76599,0.599662,0.184901,0.233677,0.115623,0.253069,0.456883,0.324571,0.394297,0.315577,0.718868,0.16062,3.43213,0.290537,,-0.112654,11.6573,0.158737,100.303,-0.112654,-0.07,-0.07781978696584702,-1.996807761490345,0.116304,388.0400085449219,,,,,,,101.7,4.42173913,101.7,4.42173913,,,,,,,,,,,,,,,,,,,"Pavin Smith","19892",656976
"Nathaniel Lowe","WSN",37,154.144,135.766,32.837,23.7651,5.29319,0.380481,3.39829,16.1755,16.0792,16.3747,0.4387,36.4017,0.929062,0.93045,0.144065,3.44328,0.367579,0.109218,0.241865,0.10623,0.236154,0.449833,0.325589,0.361549,0.305358,0.687139,0.119684,2.75894,0.303817,,-0.237908,17.0734,-1.02472,94.5327,-0.237908,0.11,-1.2275774478912354,-2.721866026520729,0.112784,262.8599853515625,,,,,,,142.5,3.851351351,142.5,3.851351351,,,,,,,,,,,,,,,,,,,"Nathaniel Lowe","19566",663993
"Robert Hassell III","WSN",24,99.5108,91.4334,22.8817,16.6826,4.09963,0.303813,1.79571,10.5825,9.80035,6.61519,0.283189,22.9895,0.532817,0.550456,0.378869,2.09417,2.40464,0.509109,0.250255,0.0664771,0.231025,0.287749,0.302927,0.360657,0.291402,0.663584,0.110401,4.93175,0.313786,,0.11873,9.89838,-1.78524,84.9166,0.11873,0,-1.6438753381371498,-0.5185185074806213,0.112589,714.8499755859375,,,,,,,93.2,3.883333333,93.2,3.883333333,,,,,,,,,,,,,,,,,,,"Robert Hassell III","27482",690987
"Riley Adams","WSN",13,49.7554,44.7521,9.35634,5.88221,1.85106,0.0763954,1.54667,4.92916,5.68749,3.63107,0.0343631,16.5366,0.981539,0.259008,0.131622,0.85579,0.130964,0.0456617,0.20907,0.0729784,0.332358,0.219578,0.281497,0.357529,0.282345,0.639026,0.148459,2.71732,0.290022,,-0.0611355,4.58452,-1.25729,78.6754,-0.0611355,-0.21,-1.307106614112854,0.6715001910924911,0.102066,748.2100219726562,,,,,,,45,3.461538461,45,3.461538461,,,,,,,,,,,,,,,,,,,"Riley Adams","19864",656180
"Gavin Lux","CIN",24,100.173,89.2667,22.3003,15.2697,4.62976,0.502793,1.89801,11.3101,10.3919,9.76984,0.173051,21.9109,0.407544,0.619486,0.108943,2.02434,0.979865,0.260976,0.249816,0.0975302,0.218732,0.445889,0.32457,0.376732,0.309493,0.701302,0.126916,4.19237,0.308764,,-0.0764299,11.4305,-0.330799,92.786,-0.0764299,0,-0.9250454232096672,-1.387319564819336,0.0994094,329.2300109863281,,,,,,,105.1,4.379166666,105.1,4.379166666,,,,,,,,,,,,,,,,,,,"Gavin Lux","19955",666158
"Rhys Hoskins","MIL",16,69.3168,60.443,13.1125,7.45171,2.59549,0.0281935,3.03713,7.81673,10.0561,7.32489,0.103808,18.1126,0.89671,0.540378,0.0757178,0.879899,0.356551,0.163263,0.21694,0.105673,0.261301,0.404409,0.308274,0.411558,0.314594,0.719832,0.194617,2.40796,0.252937,,-0.0975143,8.19574,0.0572139,102.258,-0.0975143,-0.09,0.08630121499300003,-1.4285314977169037,0.0952771,259.55999755859375,,,,,,,73.7,4.60625,73.7,4.60625,,,,,,,,,,,,,,,,,,,"Rhys Hoskins","16472",656555
"Alex Freeland","LAD",10,43.4604,38.7094,8.69066,5.78224,1.81953,0.0947627,0.994129,5.3453,4.40354,3.95415,0.0836842,11.0593,0.435456,0.268187,0.0931774,0.718781,1.06465,0.172188,0.22451,0.090983,0.254468,0.357542,0.301617,0.353457,0.290364,0.655074,0.128947,5.15769,0.285859,,0.0764766,4.2865,-0.816207,84.5985,0.0764766,0,-0.7095593884587288,0.1800411492586136,0.0917897,999,,,,,,,40.5,4.05,40.5,4.05,,,,,,,,,,,,,,,,,,,"Alex Freeland","31665",690976
"Miguel Andujar","CIN",20,86.4234,80.5389,21.763,15.2531,3.7246,0.22816,2.55707,9.84358,10.9545,4.62312,0.0561562,11.7045,0.530718,0.611422,0.119214,1.9367,0.699842,0.247868,0.270217,0.0534939,0.135432,0.394986,0.311883,0.417377,0.316343,0.72926,0.14716,3.45958,0.287132,,-0.0947501,10.3407,0.193641,97.5061,-0.0947501,-0.01,-0.3478531390428543,-1.601624259725213,0.0904392,530.1199951171875,,,,,,,101.9,5.095,101.9,5.095,,,,,,,,,,,,,,,,,,,"Miguel Andujar","15878",609280
"Tyler Locklear","ARI",25,108.817,98.2217,24.122,16.0285,4.92624,0.375311,2.7919,12.6743,12.7144,7.94845,0.375226,29.3456,1.84059,0.644047,0.161861,2.00792,2.15505,0.656481,0.245587,0.0730445,0.269679,0.270857,0.312099,0.388657,0.306779,0.700755,0.14307,4.76443,0.319656,,-0.00370431,12.1779,-0.598313,94.2405,-0.00370431,0.06,-0.7396873279940337,-1.9436838068068027,0.0903744,725.6099853515625,,,,,,,110.1,4.404,110.1,4.404,,,,,,,,,,,,,,,,,,,"Tyler Locklear","31396",682988
"Andrew Knizner","SFG",6,23.6009,21.4697,4.92296,3.55599,0.882097,0.0171447,0.467728,2.3408,2.26078,1.47815,0.0236972,4.54412,0.375853,0.153044,0.117269,0.515437,0.0998525,0.0375294,0.229298,0.0626314,0.19254,0.32529,0.288668,0.337338,0.277593,0.626005,0.108039,2.82726,0.268212,,-0.03071,2.08387,-0.687117,78.6514,-0.03071,0.25,-0.6223856844007969,0.7129629552364349,0.0886877,999,,,,,,,12.9,2.15,12.9,2.15,,,,,,,,,,,,,,,,,,,"Andrew Knizner","19514",668800
"Anthony Seigler","MIL",11,49.225,43.3941,9.30434,5.95618,2.20732,0.14007,1.00077,5.21529,5.02304,5.04856,0.130091,10.8126,0.334106,0.350237,0.0979518,0.681894,1.43275,0.217966,0.214415,0.102561,0.219658,0.466913,0.29896,0.340924,0.284624,0.639884,0.126509,5.25373,0.260048,,0.124076,4.62644,-1.15309,81.6076,0.124076,0,-0.9391119852662086,0.1697530746459961,0.0865427,999,,,,,,,39.5,3.59090909,39.5,3.59090909,,,,,,,,,,,,,,,,,,,"Anthony Seigler","23802",678011
"Christian Koss","SFG",10,42.2849,39.1837,9.65913,6.77305,1.78389,0.251586,0.850602,4.86491,3.87047,1.89027,0.0506607,9.76803,0.43253,0.270131,0.508298,0.753381,0.931133,0.213898,0.246509,0.0447031,0.231005,0.193516,0.28681,0.370001,0.286317,0.656811,0.123492,5.75537,0.305479,,0.039623,4.03208,-0.932612,84.6622,0.039623,0,-0.7219904586672783,0.16718105971813202,0.0852379,999,,,,,,,40.1,4.01,40.1,4.01,,,,,,,,,,,,,,,,,,,"Christian Koss","27653",683766
"Jose Iglesias","SDP",14,56.4162,51.5947,13.3407,10.5713,2.28825,0.297345,0.183785,6.00221,4.76547,2.6903,0.00365013,8.96218,0.775931,0.349491,0.257001,1.39124,0.692105,0.226815,0.258567,0.0476867,0.158858,0.300184,0.303317,0.325129,0.279393,0.628446,0.0665628,4.69838,0.307416,,-0.046219,5.06353,-1.56033,80.4122,-0.046219,-0.03,-1.3439251706004143,0.316988380625844,0.0842722,643.3099975585938,,,,,,,40.5,2.892857142,40.5,2.892857142,,,,,,,,,,,,,,,,,,,"Jose Iglesias","10231",578428
"Adael Amador","COL",26,110.884,99.6091,24.2703,17.2273,4.5208,0.373643,2.14852,13.1452,10.4931,8.92731,0.148579,19.8954,0.925531,0.69995,0.722601,2.20765,3.67515,0.99224,0.243655,0.08051,0.179424,0.448713,0.309754,0.361251,0.296544,0.671005,0.117596,5.39495,0.282651,,0.153677,11.491,-1.52799,75.193,0.153677,-0.15,-3.0765331089496613,0.2512345314025879,0.0827507,698.22998046875,,,,,,,102.5,3.942307692,102.5,3.942307692,,,,,,,,,,,,,,,,,,,"Adael Amador","27962",691182
"Derek Hill","MIA",12,48.6536,44.5272,10.5569,7.35126,1.74015,0.353644,1.11189,5.79736,4.42589,2.87182,0.00314789,14.4317,0.421765,0.284842,0.547984,0.799595,1.87403,0.366874,0.23709,0.0590259,0.296622,0.198994,0.287919,0.366968,0.286959,0.654887,0.129878,6.69407,0.322705,,0.155361,4.66467,-1.04778,80.3247,0.155361,0.15,-0.9687838852405548,0.17645502649247646,0.0822614,581.030029296875,,,,,,,44.6,3.716666666,44.6,3.716666666,,,,,,,,,,,,,,,,,,,"Derek Hill","16947",656537
"Miguel Rojas","LAD",9,39.4175,35.6272,8.98963,6.75214,1.63441,0.114472,0.488617,4.59475,3.78701,2.39123,0.00255031,5.06798,0.335189,0.252343,0.267636,0.90422,0.549162,0.24578,0.252325,0.0606641,0.128572,0.471831,0.303478,0.345771,0.287356,0.649249,0.0934457,4.25772,0.28035,,-0.0525966,3.79181,-0.836221,82.5259,-0.0525966,0.16,-0.8614537566900253,0.2988888770341873,0.0747967,693.4299926757812,,,,,,,28.1,3.122222222,28.1,3.122222222,,,,,,,,,,,,,,,,,,,"Miguel Rojas","7802",500743
"Christian Encarnacion-Strand","CIN",6,25.5342,23.6139,6.16999,3.64594,1.16489,0.0553364,1.30382,3.20614,4.04517,1.38026,0.0343092,6.15442,0.311349,0.200186,0.0285083,0.388484,0.160229,0.0494772,0.261287,0.0540553,0.241027,0.224271,0.30823,0.480947,0.337333,0.789177,0.21966,3.34377,0.297519,,-0.022959,3.48888,0.490894,111.969,-0.022959,0,0.3359419833868742,-0.5,0.0690341,213.66000366210938,,,,,,,24.9,4.15,24.9,4.15,,,,,,,,,,,,,,,,,,,"Christian Encarnacion-Strand","30011",687952
"Thomas Saggese","STL",8,32.293,29.8327,7.25685,4.93985,1.48205,0.145292,0.689662,3.43624,3.37917,1.79861,0.0332602,8.26083,0.360412,0.21458,0.0866391,0.482701,0.43464,0.115756,0.243251,0.0556966,0.255809,0.217727,0.292361,0.372023,0.290522,0.664384,0.128772,4.66237,0.311288,,-0.00666892,3.18918,-0.60236,86.4203,-0.00666892,0.01,-0.521641899831593,0.13345678336918354,0.0687452,694.5,,,,,,,27.5,3.4375,27.5,3.4375,,,,,,,,,,,,,,,,,,,"Thomas Saggese","27883",695336
"Rafael Marchán","PHI",8,32.9667,29.6843,6.84644,4.9618,1.32767,0.094142,0.462833,3.33225,3.11657,2.47926,0.0473197,5.35673,0.408273,0.227338,0.167537,0.671758,0.161466,0.0540238,0.230642,0.0752049,0.162489,0.46283,0.296775,0.328487,0.278576,0.625262,0.097845,3.47496,0.264968,,-0.0409796,2.93705,-0.933588,74.3746,-0.0409796,0,-1.0330254696309566,0.6172839403152466,0.0681806,707.3800048828125,,,,,,,18.1,2.2625,18.1,2.2625,,,,,,,,,,,,,,,,,,,"Rafael Marchan","21646",665561
"Luis Matos","SFG",5,22.6175,20.9469,5.38267,3.55336,1.12972,0.069499,0.630085,2.71363,2.54828,1.19837,0.0235464,2.86834,0.195442,0.18755,0.0892033,0.374189,0.41145,0.124738,0.256967,0.0529841,0.12682,0.417792,0.300799,0.407776,0.307033,0.708575,0.150809,4.79107,0.269481,,-0.000897013,2.53583,-0.119708,98.9366,-0.000897013,0.07,-0.029140160128008574,-0.09025641530752182,0.0638113,570.9000244140625,,,,,,,22.3,4.46,22.3,4.46,,,,,,,,,,,,,,,,,,,"Luis Matos","26467",682641
"Nick Allen","ATL",37,161.434,145.93,33.1962,26.1484,5.54073,0.710979,0.796102,16.4071,10.2014,10.4969,0.0323094,30.9338,1.01316,0.963375,3.03071,3.29035,3.92383,1.22496,0.227481,0.0650229,0.191619,0.339335,0.282231,0.29156,0.25755,0.573791,0.0640788,5.35202,0.281341,,0.0383025,11.6359,-7.31814,61.5507,0.0383025,0.87,-7.2507275976240635,2.582962989807129,0.0635172,746.8900146484375,,,,,,,109.1,2.948648648,109.1,2.948648648,,,,,,,,,,,,,,,,,,,"Nick Allen","22277",669397
"Grant McCray","SFG",9,36.3847,33.2876,7.48158,4.92138,1.47883,0.201646,0.879728,4.48808,3.33606,2.52477,0.0112138,11.4717,0.24948,0.197239,0.125548,0.509837,1.40881,0.243367,0.224756,0.069391,0.31529,0.220086,0.282848,0.360581,0.28256,0.64343,0.135826,6.60836,0.312389,,0.132087,3.35886,-0.91308,82.0737,0.132087,0.34,-0.6338551044464111,0.05560848116874695,0.0629846,731.6599731445312,,,,,,,29.4,3.266666666,29.4,3.266666666,,,,,,,,,,,,,,,,,,,"Grant McCray","25690",687529
"José Tena","WSN",7,30.2435,27.7178,6.96527,5.01316,1.28984,0.141028,0.521239,3.36352,2.87435,2.01251,0.024584,7.47373,0.193258,0.200117,0.119749,0.593232,0.863701,0.216329,0.251292,0.0665437,0.247119,0.269278,0.304446,0.364418,0.294123,0.668864,0.113126,5.41749,0.323447,,0.0373041,3.07491,-0.475994,86.7912,0.0373041,-0.09,-0.43181275948882103,0.018024682998657227,0.0592216,572.280029296875,,,,,,,31.4,4.485714285,31.4,4.485714285,,,,,,,,,,,,,,,,,,,"Jose Tena","23691",677588
"Kyle Farmer","COL",10,43.9542,39.9154,10.1074,6.91861,2.0465,0.156053,0.986289,4.95104,4.87655,2.63668,0.0147295,9.059,0.874249,0.338491,0.087527,0.815243,0.450492,0.180274,0.253222,0.0599869,0.206101,0.291056,0.311172,0.386441,0.306087,0.697613,0.133219,4.08069,0.30194,,-0.0517972,4.8944,-0.266292,81.7685,-0.0517972,-0.01,-0.9928418658673763,0.10574073158204556,0.0567194,610.9099731445312,,,,,,,43.2,4.32,43.2,4.32,,,,,,,,,,,,,,,,,,,"Kyle Farmer","14813",571657
"Andruw Monasterio","MIL",6,27.124,24.5661,5.58294,3.79338,1.09304,0.0832521,0.61327,2.88034,2.87149,2.09831,0.00495799,6.72749,0.229728,0.19136,0.0385089,0.360324,0.644841,0.192479,0.227262,0.0773599,0.248028,0.3119,0.292075,0.353426,0.285215,0.645501,0.126164,4.85832,0.28534,,0.0103342,2.56223,-0.622408,82.0148,0.0103342,0.02,-0.5625344552099705,0.18666665628552437,0.0526241,750.3099975585938,,,,,,,28.8,4.8,28.8,4.8,,,,,,,,,,,,,,,,,,,"Andruw Monasterio","19455",655316
"Justin Turner","CHC",14,62.3483,55.8493,14.0681,10.0083,2.65877,0.0964909,1.3045,6.79257,7.25924,4.80034,0.00403393,10.1153,0.965346,0.643642,0.089668,1.13906,0.247276,0.102376,0.251893,0.0769923,0.162238,0.474563,0.31857,0.373027,0.305458,0.691598,0.121134,2.72181,0.283175,,-0.095869,6.9109,-0.409445,96.7592,-0.095869,-0.01,-0.33314742147922516,-1.2080919835716486,0.0513955,537.5399780273438,,,,,,,58.5,4.178571428,58.5,4.178571428,,,,,,,,,,,,,,,,,,,"Justin Turner","5235",457759
"Ryan Ritter","COL",7,28.9698,25.9883,6.42234,4.2812,1.27641,0.202466,0.662266,3.4579,2.89986,2.12576,0.0555838,8.01079,0.417104,0.176471,0.262215,0.488641,0.502573,0.107522,0.247124,0.0733784,0.276522,0.265362,0.312293,0.38827,0.306915,0.700564,0.141146,5.60719,0.329303,,0.0122255,3.24528,-0.15608,82.3396,0.0122255,0,-0.5885778004303575,0.1350308656692505,0.0508535,999,,,,,,,27.8,3.971428571,27.8,3.971428571,,,,,,,,,,,,,,,,,,,"Ryan Ritter","31500",690022
"Jake Fraley","CIN",18,76.6025,68.2372,16.3546,11.011,3.29735,0.366207,1.67996,9.2172,7.62361,6.95914,0.237645,14.8964,0.777991,0.536802,0.0914067,1.11242,2.84018,0.680082,0.239672,0.0908474,0.194464,0.467169,0.314878,0.372586,0.302805,0.687464,0.132914,5.78436,0.281136,,0.169237,8.32645,-0.667495,88.1778,0.169237,0.07,-0.8942356407642365,-1.1337036415934563,0.0493463,377.7200012207031,,,,,,,76,4.222222222,76,4.222222222,,,,,,,,,,,,,,,,,,,"Jake Fraley","19260",641584
"Jose Siri","NYM",3,11.1885,10.2038,2.2074,1.28206,0.401283,0.049978,0.474078,1.5169,1.31466,0.746781,0.000723895,3.85145,0.1184,0.0697702,0.0497316,0.12023,0.472244,0.0945483,0.216331,0.0667455,0.344233,0.193896,0.275846,0.404836,0.295073,0.680682,0.188505,6.9279,0.29141,,0.0418104,1.14616,-0.16749,91.2502,0.0418104,0.04,-0.07315155118703842,0.08629629388451576,0.0389836,441.3900146484375,,,,,,,4.2,1.4,4.2,1.4,,,,,,,,,,,,,,,,,,,"Jose Siri","17452",642350
"Liover Peguero","PIT",25,110.093,102.054,23.9168,16.6936,4.66322,0.442432,2.11756,11.663,10.5031,5.85569,0.0173517,26.4472,0.718414,0.703147,0.761397,1.9707,2.6755,0.584112,0.234354,0.0531888,0.240227,0.221411,0.278885,0.350967,0.276195,0.629852,0.116612,5.43981,0.29382,,0.144282,9.59622,-3.32982,72.8461,0.144282,-0.1,-3.36627896130085,0.13883010298013687,0.0387778,999,,,,,,,89.6,3.584,89.6,3.584,,,,,,,,,,,,,,,,,,,"Liover Peguero","24273",678894
"Jake Bauers","MIL",7,29.1331,25.4594,5.4107,3.09195,1.06493,0.0740099,1.17981,3.50514,3.89228,3.23613,0.104337,8.76628,0.225169,0.180595,0.0318913,0.32914,0.631706,0.184853,0.212523,0.111081,0.300904,0.369156,0.304866,0.399188,0.30787,0.704054,0.186665,4.71529,0.269589,,0.00863172,3.28608,-0.134457,97.6251,0.00863172,-0.02,-0.07261608075350523,-0.506111104041338,0.0385441,706.9299926757812,,,,,,,26.2,3.742857142,26.2,3.742857142,,,,,,,,,,,,,,,,,,,"Jake Bauers","15194",641343
"Enrique Hernández","LAD",3,12.1285,11.0365,2.66311,1.62748,0.543314,0.0270332,0.46528,1.51323,1.6112,0.866362,0.006994,2.45384,0.0851659,0.0970959,0.0343123,0.191244,0.031751,0.012447,0.2413,0.0714321,0.20232,0.353065,0.299098,0.421903,0.312128,0.721001,0.180602,2.97569,0.267555,,-0.0156192,1.40982,-0.014194,99.5946,-0.0156192,0,-0.02139344485476613,-0.00661375792697072,0.0379182,556.4500122070312,,,,,,,11.7,3.9,11.7,3.9,,,,,,,,,,,,,,,,,,,"Enrique Hernandez","10472",571771
"Jesse Winker","NYM",5,22.377,19.2988,4.4653,2.96412,0.82098,0.0417407,0.638464,2.70831,2.32004,2.6016,0.0803098,4.65576,0.274883,0.136885,0.0648183,0.403248,0.325391,0.106383,0.231377,0.116262,0.208061,0.558791,0.329049,0.377493,0.313248,0.706542,0.146116,4.03782,0.270612,,-0.0161235,2.6214,-0.00589505,103.774,-0.0161235,-0.02,0.08303791843354702,-0.45724280551075935,0.036828,400.7099914550781,,,,,,,24.7,4.94,24.7,4.94,,,,,,,,,,,,,,,,,,,"Jesse Winker","13590",608385
"Alexander Canario","PIT",14,59.5914,54.4062,12.0191,7.60347,2.44648,0.188537,1.78063,6.39687,6.74226,4.3291,0.00385557,18.2615,0.382689,0.365106,0.108315,0.871817,0.769847,0.240363,0.220914,0.0726464,0.306445,0.237062,0.281272,0.370997,0.285759,0.652269,0.150083,4.27526,0.294809,,-0.0248774,5.65548,-1.34119,79.4365,-0.0248774,0.38,-1.4638977032154799,-0.14106029272079468,0.0355773,747.030029296875,,,,,,,51.7,3.692857142,51.7,3.692857142,,,,,,,,,,,,,,,,,,,"Alexander Canario","22842",672744
"Eric Wagaman","MIA",18,76.3194,70.433,17.4914,11.5426,3.63843,0.177337,2.13304,8.20744,9.37981,4.7988,0.0703619,15.0197,0.373244,0.613846,0.100469,1.48287,0.726457,0.252867,0.248341,0.0628779,0.1968,0.319501,0.297347,0.395889,0.301353,0.693236,0.147548,3.5959,0.284973,,-0.0671159,8.206,-0.754706,90.2426,-0.0671159,0.16,-0.9416063576936722,-1.228888839483261,0.0337504,743.5900268554688,,,,,,,72.5,4.027777777,72.5,4.027777777,,,,,,,,,,,,,,,,,,,"Eric Wagaman","23395",676572
"Joe Mack","MIA",3,11.4479,10.4371,2.36099,1.56833,0.466238,0.026839,0.299587,1.14331,1.2982,0.81084,0.0319144,3.12719,0.108141,0.0655017,0.0263684,0.211306,0.0832739,0.0200836,0.226212,0.0708287,0.273167,0.259287,0.287174,0.362139,0.284728,0.649314,0.135927,3.42079,0.291333,,-0.00766119,1.0769,-0.267201,78.7876,-0.00766119,0,-0.292829894926399,0.23148147761821747,0.0322042,999,,,,,,,4.2,1.4,4.2,1.4,,,,,,,,,,,,,,,,,,,"Joe Mack","sa3017374",691788
"Nick Yorke","PIT",5,21.2105,19.4482,4.90781,3.5128,0.936322,0.0795166,0.379176,2.34482,2.15066,1.42111,0.0779533,4.79309,0.174638,0.133841,0.0327052,0.388665,0.552731,0.117172,0.252353,0.0670004,0.225977,0.296492,0.307094,0.367165,0.295538,0.674258,0.114812,5.09648,0.314275,,0.0297405,2.1808,-0.309534,86.1748,0.0297405,0.07,-0.31461603194475174,-0.08432098478078842,0.030364,563.4500122070312,,,,,,,16.8,3.36,16.8,3.36,,,,,,,,,,,,,,,,,,,"Nick Yorke","27504",694377
"Vidal Bruján","ATL",8,32.8847,29.8409,6.80247,4.83893,1.39783,0.132199,0.433512,3.78871,2.80124,2.40004,0.115142,6.73698,0.290297,0.206607,0.146827,0.587976,1.31531,0.408723,0.227958,0.0729836,0.204867,0.356249,0.289964,0.327243,0.273329,0.617208,0.0992853,6.01961,0.2784,,0.047763,2.79014,-1.07087,72.4232,0.047763,0.15,-1.0171734876930714,0.20847953483462334,0.0275402,693.4500122070312,,,,,,,20,2.5,20,2.5,,,,,,,,,,,,,,,,,,,"Vidal Brujan","20536",660644
"Jesus Rodriguez","SFG",2,5.90022,5.38956,1.42744,1.04806,0.27049,0.0247848,0.0841073,0.687498,0.563086,0.41516,0.0238343,0.952731,0.0453905,0.0399097,0.0101943,0.120605,0.135431,0.0227602,0.264853,0.0703635,0.161474,0.435757,0.320541,0.371055,0.303496,0.691595,0.106202,5.07629,0.305815,,0.00805537,0.644634,-0.0481134,96.4996,0.00805537,-0.08,-0.016197748482227325,0.07432098686695099,0.0258164,999,,,,,,,0.6,0.3,0.6,0.3,,,,,,,,,,,,,,,,,,,"Jesus Rodriguez","sa3008916",683679
"Jerar Encarnacion","SFG",4,17.7006,16.2228,3.99236,2.63991,0.718395,0.030469,0.60358,2.08953,2.12962,1.22343,0.0279672,5.21832,0.121969,0.108996,0.0234519,0.336766,0.132288,0.0429728,0.246096,0.0691181,0.29481,0.23445,0.301957,0.405752,0.307749,0.707709,0.159656,3.54098,0.322437,,-0.0170546,1.99482,-0.0834234,99.4303,-0.0170546,-0.05,-0.02889714017510414,-0.3216049261391163,0.0235336,444,,,,,,,21.7,5.425,21.7,5.425,,,,,,,,,,,,,,,,,,,"Jerar Encarnacion","21871",666464
"Daylen Lile","WSN",9,37.0726,34.1433,8.65691,5.97658,1.91979,0.288217,0.472324,4.09609,3.49533,2.23849,0.0292737,7.15137,0.372637,0.258753,0.0594302,0.520692,1.0866,0.227508,0.253546,0.0603811,0.192902,0.313015,0.304433,0.368157,0.295021,0.67259,0.114611,6.11754,0.305642,,0.0683672,3.79619,-0.556529,87.4102,0.0683672,0,-0.47973140329122543,-0.5052334666252136,0.02352,999,,,,,,,30.1,3.344444444,30.1,3.344444444,,,,,,,,,,,,,,,,,,,"Daylen Lile","29995",695734
"Heriberto Hernández","MIA",25,103.985,93.1919,20.8056,12.8362,4.39,0.31514,3.26432,11.3119,12.172,8.70916,0.328555,32.1883,0.945797,0.605309,0.532985,1.71949,0.95823,0.247664,0.223256,0.0837538,0.309547,0.270569,0.294441,0.38221,0.29582,0.676651,0.158954,3.94121,0.30065,,-0.0548912,10.7151,-1.49383,86.4302,-0.0548912,0,-1.7119252607226372,-1.4660494327545166,0.0233169,999,,,,,,,96.3,3.852,96.3,3.852,,,,,,,,,,,,,,,,,,,"Heriberto Hernandez","24878",681715
"Ronny Simon","PIT",5,21.2105,19.3106,4.76977,3.32984,0.977122,0.0937768,0.36903,2.44955,1.98101,1.48748,0.042666,3.97695,0.119944,0.148046,0.144488,0.380599,0.757333,0.174814,0.247003,0.0701294,0.187499,0.374025,0.302724,0.364647,0.292914,0.667371,0.117644,5.81401,0.291196,,0.0480596,2.13577,-0.354571,84.3667,0.0480596,0,-0.3413339853286743,-0.1286008208990097,0.023071,999,,,,,,,16.8,3.36,16.8,3.36,,,,,,,,,,,,,,,,,,,"Ronny Simon","25346",682927
"Drew Romo","COL",3,11.9875,11.1084,2.60268,1.75794,0.549634,0.0484861,0.246616,1.21509,1.25296,0.624709,0.015908,2.94077,0.0997633,0.0889498,0.0656983,0.205921,0.111335,0.0324866,0.234298,0.0521133,0.245319,0.21243,0.279081,0.35911,0.278637,0.63819,0.124811,4.30194,0.294141,,-0.00717727,1.06859,-0.338876,62.8548,-0.00717727,0.12,-0.530076362658292,0.35148147493600845,0.0219755,699.260009765625,,,,,,,11.7,3.9,11.7,3.9,,,,,,,,,,,,,,,,,,,"Drew Romo","27763",691011
"Santiago Espinal","CIN",8,34.3729,31.5121,7.9197,5.9885,1.38201,0.0996508,0.449541,3.48084,3.19078,2.08834,0.00222393,4.61431,0.209726,0.244019,0.31876,0.677605,0.509511,0.172961,0.251323,0.0607554,0.134243,0.452579,0.300045,0.344301,0.284799,0.644346,0.0929782,4.03959,0.279863,,-0.0230176,3.23544,-0.800309,75.7712,-0.0230176,0.08,-1.0010090079158545,0.0676543153822422,0.0197408,657.530029296875,,,,,,,23.6,2.95,23.6,2.95,,,,,,,,,,,,,,,,,,,"Santiago Espinal","19997",669289
"Johan Rojas","PHI",2,6.99293,6.38675,1.54231,1.14383,0.252125,0.0465174,0.0998385,0.894375,0.497267,0.352244,0.00140775,1.4269,0.0604757,0.0411663,0.152289,0.117802,0.434528,0.075088,0.241486,0.0503714,0.204049,0.246859,0.285796,0.342425,0.276567,0.628222,0.100939,7.44704,0.294311,,0.0460841,0.611645,-0.209399,72.9907,0.0460841,0.1,-0.1757148616015911,0.13086419738829136,0.0189142,581.510009765625,,,,,,,5.2,2.6,5.2,2.6,,,,,,,,,,,,,,,,,,,"Johan Rojas","24336",679032
"Jorge Barrosa","ARI",5,20.7741,18.8419,4.27975,2.93716,0.996169,0.0773174,0.269103,2.15959,1.86812,1.48447,0.0404791,4.76351,0.167727,0.124509,0.155474,0.356457,0.522774,0.0950849,0.22714,0.0714579,0.2293,0.311635,0.287699,0.331063,0.274007,0.618762,0.103923,5.25256,0.287836,,0.035916,1.774,-0.665101,71.6593,0.035916,0.2,-0.6554672345519066,0.14855967089533806,0.0178051,999,,,,,,,11.2,2.24,11.2,2.24,,,,,,,,,,,,,,,,,,,"Jorge Barrosa","23968",678489
"Paul DeJong","WSN",16,69.2673,63.1098,13.2095,8.03377,2.44138,0.0803926,2.65391,7.07639,8.8117,4.21056,0.00448159,20.859,0.979434,0.510073,0.0736137,0.827148,0.820505,0.291808,0.209309,0.0607871,0.301138,0.201858,0.267395,0.376698,0.280975,0.644094,0.167389,3.61129,0.263185,,-0.0416789,6.30562,-1.82709,77.7318,-0.0416789,-0.06,-1.8530206829309464,-0.2481246255338192,0.0171538,426.1700134277344,,,,,,,60.7,3.79375,60.7,3.79375,,,,,,,,,,,,,,,,,,,"Paul DeJong","18015",657557
"Esteury Ruiz","LAD",1,4.04282,3.62992,0.929716,0.647358,0.167408,0.0226797,0.0922699,0.636283,0.357712,0.261116,0.000261571,0.836773,0.082177,0.0239876,0.0424906,0.0541024,0.36533,0.0790119,0.256126,0.0645875,0.206977,0.312051,0.318475,0.390998,0.311889,0.709473,0.134873,8.1398,0.307335,,0.0343549,0.46916,-0.00551,99.4306,0.0343549,0.01,0.03165151923894882,-0.005432099103927612,0.0162917,595.2899780273438,,,,,,,1.6,1.6,1.6,1.6,,,,,,,,,,,,,,,,,,,"Esteury Ruiz","21780",665923
"Justin Dean","LAD",5,23.2462,21.1107,4.73333,3.43028,0.829462,0.10791,0.365685,2.93386,1.94142,1.68021,0.00150403,6.54327,0.263347,0.125197,0.0667487,0.385008,1.12815,0.145507,0.224215,0.0722787,0.281477,0.256784,0.288052,0.325695,0.273654,0.613747,0.101481,6.83944,0.304855,,0.131031,1.97846,-0.750895,73.0844,0.131031,0,-0.6037270128726959,-0.017806269228458405,0.0143459,999,,,,,,,17.8,3.56,17.8,3.56,,,,,,,,,,,,,,,,,,,"Justin Dean","25005",681909
"Weston Wilson","PHI",3,10.9889,9.86888,2.16208,1.36645,0.422692,0.026704,0.34623,1.32373,1.20828,0.941771,0.0265171,2.96855,0.0667206,0.067619,0.0438928,0.152441,0.28484,0.0798469,0.21908,0.0857022,0.270141,0.317249,0.289682,0.372572,0.290283,0.662254,0.153492,5.2069,0.274226,,0.00899539,1.08312,-0.207094,82.4417,0.00899539,-0.05,-0.21758462022989988,-0.0037037059664726257,0.014231,750.510009765625,,,,,,,4.2,1.4,4.2,1.4,,,,,,,,,,,,,,,,,,,"Weston Wilson","19358",642215
"Brandon Lockridge","MIL",5,20.0918,18.3329,4.19787,3.12377,0.799699,0.0944555,0.179949,2.18254,1.40341,1.28319,0.0371946,5.28905,0.161613,0.115941,0.198163,0.317059,1.10607,0.19045,0.22898,0.0638662,0.263244,0.242613,0.283642,0.312352,0.264928,0.595994,0.0833723,6.61372,0.30955,,0.11382,1.56814,-0.790852,68.0364,0.11382,0.24,-0.6403361484408379,0.12075196206569672,0.0142081,737.8499755859375,,,,,,,12.2,2.44,12.2,2.44,,,,,,,,,,,,,,,,,,,"Brandon Lockridge","21496",663604
"Will Wagner","SDP",1,4.86346,4.36087,1.11278,0.806318,0.21803,0.012186,0.0762495,0.556876,0.487705,0.412135,0.00444564,0.849735,0.0426829,0.0317921,0.0159833,0.112032,0.0303863,0.00892724,0.255175,0.084741,0.174718,0.485016,0.323385,0.363215,0.304404,0.6866,0.10804,3.43763,0.298999,,-0.00581689,0.534935,-0.0360868,97.6456,-0.00581689,0.01,-0.01926341513171792,-0.005432099103927612,0.0138219,526.3900146484375,,,,,,,1.6,1.6,1.6,1.6,,,,,,,,,,,,,,,,,,,"Will Wagner","29634",695238
"Owen Caissie","CHC",3,15.3315,13.8057,3.25475,2.10499,0.697028,0.0520735,0.400661,1.78146,1.76319,1.30773,0.0377526,4.81037,0.11209,0.0751851,0.030821,0.244514,0.179402,0.0387644,0.235754,0.085297,0.313756,0.271857,0.305513,0.38085,0.301125,0.686364,0.145096,4.57626,0.329196,,-0.00282691,1.64565,-0.15444,93.7734,-0.00282691,0,-0.11493105464614928,-0.2567340135574341,0.013391,741.4000244140625,,,,,,,8.7,2.9,8.7,2.9,,,,,,,,,,,,,,,,,,,"Owen Caissie","27496",683357
"Jose Herrera","ARI",9,35.6127,30.8435,6.32438,4.84723,1.09609,0.0785734,0.302487,3.11006,2.18968,3.1953,0.0812697,8.62557,0.243157,0.230848,1.09988,0.781964,0.211084,0.0672818,0.205047,0.0897236,0.242205,0.370445,0.282876,0.275101,0.253616,0.557977,0.0700537,3.24747,0.271914,,-0.0391033,2.45354,-1.72777,57.6089,-0.0391033,0.06,-1.8119307309389114,0.7544444166123867,0.0111599,750.510009765625,,,,,,,14.5,1.611111111,14.5,1.611111111,,,,,,,,,,,,,,,,,,,"Jose Herrera","17040",645444
"Garrett Hampson","STL",6,25.443,22.7816,4.94295,3.59434,0.886478,0.153009,0.309125,2.75227,1.71932,1.9811,0.0230686,6.71994,0.181807,0.144093,0.354351,0.370637,0.923172,0.169165,0.216971,0.0778642,0.264118,0.294809,0.28323,0.310023,0.26529,0.593254,0.0930519,6.2948,0.291497,,0.0780144,1.99324,-0.994036,69.0347,0.0780144,0.03,-0.8471716791391373,0.12259258888661861,0.0111498,747.989990234375,,,,,,,15.8,2.633333333,15.8,2.633333333,,,,,,,,,,,,,,,,,,,"Garrett Hampson","19262",641658
"José Fermín","STL",1,2.93573,2.5948,0.643058,0.461982,0.121522,0.00891267,0.0506417,0.347113,0.260823,0.246741,0.00957672,0.348182,0.0467921,0.0195632,0.0278272,0.0592253,0.101865,0.0258916,0.247826,0.0840477,0.118602,0.708655,0.322085,0.360078,0.302351,0.682163,0.112252,5.44631,0.267391,,0.00491944,0.318026,-0.0266598,94.5713,0.00491944,0,-0.013796065468341112,0.01543209794908762,0.0100426,750.719970703125,,,,,,,2.6,2.6,2.6,2.6,,,,,,,,,,,,,,,,,,,"Jose Fermin","21746",665877
"Tim Tawa","ARI",2,10.8817,10.0078,2.32846,1.54678,0.46048,0.0420751,0.279122,1.20649,1.23298,0.702241,0.000704044,2.77734,0.0784901,0.0703839,0.0227566,0.187145,0.21107,0.0571578,0.232664,0.0645344,0.255231,0.252847,0.286326,0.370756,0.287714,0.657082,0.138092,5.07378,0.291856,,0.00363136,1.04992,-0.227699,81.1038,0.00363136,0,-0.23783472529612482,-0.03086419776082039,0.00900027,999,,,,,,,4.2,2.1,4.2,2.1,,,,,,,,,,,,,,,,,,,"Tim Tawa","29571",694374
"Nasim Nuñez","WSN",2,8.78036,7.80738,1.77076,1.41419,0.262467,0.0333407,0.0607637,0.987835,0.481686,0.765442,0.0133899,2.07373,0.0411227,0.0517436,0.114678,0.154628,0.632015,0.091843,0.226806,0.0871766,0.236178,0.369114,0.297418,0.292313,0.266553,0.589731,0.0655072,6.86387,0.298709,,0.0744676,0.69684,-0.334067,67.7944,0.0744676,0.01,-0.2576030045747757,0.056296294555068016,0.00885498,744.4199829101562,,,,,,,8.1,4.05,8.1,4.05,,,,,,,,,,,,,,,,,,,"Nasim Nunez","25979",683083
"Cam Devanney","PIT",5,21.2105,19.3434,4.13903,2.6629,0.922675,0.0413215,0.512133,2.03125,2.26389,1.39088,0.0212888,5.64452,0.251712,0.152355,0.0721546,0.326976,0.177078,0.0452856,0.213976,0.0655752,0.266119,0.246413,0.273514,0.345376,0.272423,0.61889,0.1314,3.61681,0.2719,,-0.0111865,1.78408,-0.706263,70.247,-0.0111865,0,-0.7522719539701939,0.14146089553833008,0.00859997,999,,,,,,,18.7,3.74,18.7,3.74,,,,,,,,,,,,,,,,,,,"Cam Devanney","sa1170010",687478
"Justin Crawford","PHI",1,3.99596,3.66034,0.96723,0.733168,0.171345,0.0217249,0.0409924,0.509095,0.327885,0.265134,0.00663269,0.824863,0.020781,0.016304,0.0333993,0.0876257,0.210617,0.0285029,0.264246,0.0663505,0.206424,0.321427,0.316246,0.356525,0.297032,0.672771,0.0922787,6.61369,0.32953,,0.0238547,0.415682,-0.0534863,87.0918,0.0238547,0,-0.03671742416918278,-0.015432098880410194,0.00808387,999,,,,,,,1.6,1.6,1.6,1.6,,,,,,,,,,,,,,,,,,,"Justin Crawford","sa3020240",702222
"Wade Meckler","SFG",0,1.96674,1.77825,0.468827,0.35148,0.0863287,0.00869971,0.0223177,0.230701,0.17297,0.161109,0.00142075,0.370999,0.0101432,0.0110965,0.00613594,0.0452071,0.0350075,0.00712921,0.263644,0.0819169,0.188637,0.434258,0.32647,0.359627,0.304296,0.686097,0.0959824,4.98739,0.319841,,0.000671055,0.21615,-0.0147655,97.0505,0.000671055,0.02,-0.006141020334325731,0.019999999552965164,0.0080389,999,,,,,,,-2,,-2,,,,,,,,,,,,,,,,,,,,"Wade Meckler","31490",685133
"Brett Wisely","SFG",1,4.91685,4.46377,1.02624,0.693255,0.206327,0.0193616,0.107302,0.551652,0.457673,0.337555,0.00355901,1.07957,0.030914,0.0358278,0.0487756,0.0755953,0.112981,0.0282324,0.229905,0.0686528,0.219566,0.312675,0.286502,0.356918,0.282658,0.64342,0.127013,5.37092,0.277398,,0.00413746,0.454292,-0.122998,82.1414,0.00413746,0,-0.09897726075723767,0.01543209794908762,0.00795635,749.219970703125,,,,,,,1.6,1.6,1.6,1.6,,,,,,,,,,,,,,,,,,,"Brett Wisely","27735",689172
"Ji Hwan Bae","PIT",1,3.03007,2.73548,0.695421,0.508858,0.135183,0.0177135,0.0336665,0.368625,0.2416,0.237954,0.00771962,0.682849,0.0222176,0.0178062,0.0166154,0.0529613,0.165122,0.0302789,0.254223,0.0785308,0.225357,0.348473,0.317108,0.353514,0.296629,0.670623,0.0992915,6.68489,0.324904,,0.0156817,0.314218,-0.0415449,86.9264,0.0156817,-0.01,-0.030837811529636383,0.005432098172605038,0.00758219,739.989990234375,,,,,,,2.6,2.6,2.6,2.6,,,,,,,,,,,,,,,,,,,"Ji Hwan Bae","23818",678225
"Connor Joe","CIN",1,4.91042,4.33326,1.02654,0.667186,0.199742,0.0120401,0.147567,0.58049,0.557106,0.471686,0.000317704,1.03336,0.065869,0.0331233,0.00647751,0.0838835,0.0715677,0.0251908,0.236897,0.0960583,0.210442,0.45646,0.318946,0.390712,0.312975,0.709658,0.153815,4.03912,0.275931,,-0.00386622,0.574156,-0.00237869,95.1856,-0.00386622,0,-0.031628097174689174,-0.05658436194062233,0.0074553,650.75,,,,,,,1.6,1.6,1.6,1.6,,,,,,,,,,,,,,,,,,,"Connor Joe","16572",656582
"Brett Sullivan","PIT",1,3.03007,2.79827,0.619351,0.407761,0.149054,0.00924319,0.0532934,0.280351,0.306637,0.180788,0.00600524,0.532307,0.0205916,0.0262894,0.00413471,0.0413195,0.0287298,0.00763361,0.221334,0.0596647,0.175675,0.339632,0.271232,0.338342,0.267145,0.609574,0.117008,3.97225,0.252822,,-0.00132758,0.241928,-0.113835,66.6104,-0.00132758,0.01,-0.12013690208550543,0.0871604923158884,0.00680452,999,,,,,,,2.6,2.6,2.6,2.6,,,,,,,,,,,,,,,,,,,"Brett Sullivan","18217",664954
"Kevin Alcántara","CHC",0,2.04421,1.87912,0.444187,0.304102,0.0832915,0.00610709,0.0506868,0.233589,0.229257,0.138488,0.00226561,0.611148,0.0122034,0.0114228,0.00297344,0.0365461,0.0400201,0.00608503,0.236381,0.0677466,0.298966,0.226603,0.291431,0.368127,0.289168,0.659558,0.131746,5.0175,0.320256,,0.00255105,0.199642,-0.0403692,85.5348,0.00255105,0.03,-0.03217336745001376,0.029999999329447746,0.00665261,706.3300170898438,,,,,,,-2,,-2,,,,,,,,,,,,,,,,,,,,"Kevin Alcantara","25971",682634
"Luisangel Acuña","NYM",1,5.08567,4.75022,1.16772,0.903889,0.187753,0.023516,0.0525617,0.590663,0.389447,0.247864,0.000329043,0.99749,0.0263216,0.0335768,0.0276909,0.0938988,0.253132,0.048169,0.245824,0.0487377,0.196137,0.248488,0.285075,0.328446,0.270755,0.613521,0.0826215,6.53118,0.29867,,0.023256,0.420908,-0.176204,74.494,0.023256,0,-0.12907146476209164,0.02572016417980194,0.0064897,417.0899963378906,,,,,,,0.6,0.6,0.6,0.6,,,,,,,,,,,,,,,,,,,"Luisangel Acuna","26548",682668
"Maximo Acosta","MIA",1,4.76996,4.39667,1.02535,0.719326,0.209976,0.0159225,0.0801302,0.512283,0.446515,0.282793,0.00297646,1.13635,0.0401383,0.0310166,0.0193389,0.0808958,0.178683,0.0258889,0.233211,0.0592862,0.23823,0.248861,0.283812,0.342888,0.276092,0.6267,0.109676,5.82962,0.294351,,0.0183571,0.415376,-0.144668,72.8367,0.0183571,0,-0.133797287940979,0.03600823134183884,0.00599914,999,,,,,,,1.6,1.6,1.6,1.6,,,,,,,,,,,,,,,,,,,"Maximo Acosta","sa3014711",691185
"Cal Stevenson","PHI",0,1.99798,1.74389,0.394463,0.283053,0.0708734,0.00844207,0.0320949,0.240944,0.160178,0.211164,0.00725468,0.465919,0.00821952,0.0119015,0.0228089,0.0333619,0.0787372,0.0212597,0.226198,0.105689,0.233195,0.453219,0.310781,0.331734,0.287158,0.642515,0.105536,5.85522,0.288103,,0.00382912,0.191878,-0.0427055,80.2885,0.00382912,0.03,-0.04241934814490378,0.029999999329447746,0.00544464,999,,,,,,,-2,,-2,,,,,,,,,,,,,,,,,,,,"Cal Stevenson","22411",670276
"Jared Young","NYM",0,2.03427,1.83308,0.411126,0.262205,0.0814519,0.00757383,0.0598955,0.233658,0.216297,0.152706,0.00300663,0.51851,0.0272922,0.0118995,0.00929143,0.0322881,0.0302599,0.00767397,0.224282,0.0750668,0.254888,0.294509,0.291917,0.375004,0.292616,0.666921,0.150722,4.88814,0.277308,,0.000038936,0.204347,-0.034498,89.5569,0.000038936,0.01,-0.02490851918628323,0.009999999776482582,0.00531101,750.719970703125,,,,,,,-2,,-2,,,,,,,,,,,,,,,,,,,,"Jared Young","20404",676724
"Tyler Black","MIL",0,2.00918,1.78117,0.398781,0.267091,0.0785411,0.0120076,0.0411409,0.228811,0.195843,0.185021,0.00556447,0.487465,0.0270806,0.0131389,0.00277201,0.0304147,0.0741336,0.00924087,0.223887,0.0920875,0.242619,0.379557,0.304465,0.350758,0.290617,0.655223,0.126871,6.26058,0.282562,,0.00794882,0.198578,-0.0373218,85.7371,0.00794882,0.01,-0.025703384540975094,0.009999999776482582,0.00514498,666.6199951171875,,,,,,,-2,,-2,,,,,,,,,,,,,,,,,,,,"Tyler Black","29949",672012
"Aaron Schunk","COL",8,32.9657,30.8362,7.62698,5.1741,1.65435,0.148087,0.650435,3.50733,3.50618,1.55534,0.0791987,7.89528,0.214798,0.244811,0.114513,0.491656,0.483246,0.148535,0.247338,0.0471805,0.2395,0.196996,0.286051,0.373873,0.286493,0.659924,0.126534,4.75025,0.309583,,-0.00899074,3.14816,-0.72236,68.2678,-0.00899074,0.04,-1.2374152932316065,0.20460904389619827,0.00479148,999,,,,,,,35,4.375,35,4.375,,,,,,,,,,,,,,,,,,,"Aaron Schunk","25524",668845
"Jarred Kelenic","ATL",1,3.98602,3.59593,0.816686,0.508446,0.177509,0.0126155,0.118116,0.469113,0.455398,0.337642,0.0245128,1.15361,0.0230863,0.0226321,0.00672727,0.0538081,0.0811341,0.0234553,0.227114,0.0847065,0.289413,0.292684,0.295885,0.382035,0.29504,0.677921,0.154922,4.84218,0.297663,,0.00111781,0.408224,-0.0597772,87.383,0.00111781,0.02,-0.0579405406024307,-0.02629629522562027,0.00475439,502.82000732421875,,,,,,,1.6,1.6,1.6,1.6,,,,,,,,,,,,,,,,,,,"Jarred Kelenic","22558",672284
"Rece Hinds","CIN",0,1.96417,1.81707,0.405744,0.233831,0.088092,0.00923176,0.0745891,0.236399,0.246227,0.115175,0.0040367,0.6787,0.0186284,0.0109423,0.00235127,0.0221879,0.0502811,0.011688,0.223296,0.0586382,0.345541,0.1697,0.275024,0.405084,0.29351,0.680109,0.181789,5.93598,0.30813,,0.00290369,0.198726,-0.0318884,81.773,0.00290369,0.02,-0.03913802234455943,0.019999999552965164,0.00464076,743.4600219726562,,,,,,,-2,,-2,,,,,,,,,,,,,,,,,,,,"Rece Hinds","27493",677956
"Garrett Stubbs","PHI",1,2.99697,2.69487,0.572176,0.423911,0.0935362,0.0170042,0.0377246,0.312073,0.236187,0.230435,0.00810968,0.705192,0.0341485,0.0158183,0.0207254,0.0500425,0.0597745,0.0122393,0.212321,0.0768892,0.235302,0.326769,0.281238,0.301646,0.261058,0.582884,0.0893248,5.54567,0.271603,,0.00249662,0.224524,-0.127352,62.3044,0.00249662,0,-0.13016944541595876,0.07716049253940582,0.0046354,999,,,,,,,2.6,2.6,2.6,2.6,,,,,,,,,,,,,,,,,,,"Garrett Stubbs","18067",596117
"Luis Campusano","SDP",1,4.86346,4.40526,1.03261,0.717087,0.185961,0.00256559,0.126999,0.527388,0.54939,0.372189,0.00053075,0.966646,0.044284,0.0342158,0.00751152,0.103821,0.00673343,0.00316412,0.234404,0.0765275,0.198757,0.385031,0.298414,0.36427,0.29242,0.662684,0.129865,2.00363,0.270669,,-0.00738608,0.487775,-0.083247,89.3882,-0.00738608,0,-0.06799286231398582,-0.046296294778585434,0.00461873,431.79998779296875,,,,,,,1.6,1.6,1.6,1.6,,,,,,,,,,,,,,,,,,,"Luis Campusano","22217",669134
"Sandy León","ATL",1,2.98952,2.64896,0.488564,0.334447,0.0845331,0.0025349,0.0670492,0.268341,0.279935,0.236459,0.00217649,0.946184,0.0311688,0.0176994,0.0264891,0.0499628,0.00749987,0.00342021,0.184436,0.0790962,0.316501,0.249909,0.257708,0.294196,0.248055,0.551904,0.10976,2.48169,0.254933,,-0.00383494,0.192511,-0.15849,55.0082,-0.00383494,0.03,-0.1617855334188789,0.10716049186885357,0.00444433,999,,,,,,,-3,-3,-3,-3,,,,,,,,,,,,,,,,,,,"Sandy Leon","5273",506702
"Blake Dunn","CIN",0,1.96417,1.74432,0.400159,0.287287,0.0692097,0.0077292,0.0359329,0.221456,0.163587,0.147215,0.000585361,0.565674,0.0440479,0.00973734,0.018852,0.0363472,0.0603925,0.0115552,0.229408,0.0749501,0.287997,0.260246,0.304024,0.339747,0.287819,0.643771,0.11034,5.79624,0.316046,,0.0042288,0.189681,-0.0409326,77.8519,0.0042288,0.02,-0.046857067849487066,0.019999999552965164,0.00384785,743.5,,,,,,,-2,,-2,,,,,,,,,,,,,,,,,,,,"Blake Dunn","29487",694362
"Joey Wiemer","MIA",4,15.2639,13.7661,2.92872,1.85961,0.635477,0.0399374,0.3937,1.60509,1.62174,1.23168,0.00328692,4.34472,0.157501,0.0880075,0.020615,0.274198,0.23831,0.0605052,0.212749,0.0806924,0.284641,0.283489,0.283266,0.350512,0.280352,0.633778,0.137763,4.54415,0.278095,,0.00167995,1.38182,-0.410318,75.7722,0.00167995,0.1,-0.4325949060730636,-0.030315496027469635,0.00379053,749.469970703125,,,,,,,8.7,2.175,8.7,2.175,,,,,,,,,,,,,,,,,,,"Joey Wiemer","27690",686894
"Tsung-Che Cheng","PIT",1,3.03007,2.70685,0.607458,0.419805,0.138544,0.012382,0.0367271,0.319211,0.227186,0.234315,0.00476458,0.720282,0.0198736,0.0186065,0.0504227,0.0510492,0.0954435,0.0149717,0.224415,0.07733,0.237711,0.325311,0.289177,0.32545,0.273198,0.614628,0.101036,5.82894,0.289939,,0.00858999,0.256768,-0.0989945,70.7811,0.00858999,0,-0.09537906106561422,0.03086419776082039,0.00356485,999,,,,,,,2.6,2.6,2.6,2.6,,,,,,,,,,,,,,,,,,,"Tsung-Che Cheng","28344",691907
"Victor Mesa Jr.","MIA",1,3.81597,3.51917,0.8315,0.568741,0.174338,0.0173306,0.0710902,0.381447,0.394244,0.230453,0.0064712,0.78723,0.0216438,0.0271902,0.0175151,0.0698382,0.0524361,0.00905038,0.236277,0.0603917,0.206299,0.292739,0.285273,0.356269,0.280792,0.641542,0.119992,4.69643,0.282887,,0.00144859,0.346814,-0.101221,76.0753,0.00144859,0,-0.10576192988082767,0.01543209794908762,0.00355653,999,,,,,,,1.6,1.6,1.6,1.6,,,,,,,,,,,,,,,,,,,"Victor Mesa Jr.","25999",683748
"Marco Luciano","SFG",4,17.7006,15.9287,3.55673,2.39917,0.67928,0.0547376,0.423538,1.97196,1.72652,1.54293,0.00582404,5.20773,0.0958498,0.106724,0.0264492,0.292903,0.211978,0.0650435,0.223291,0.0871679,0.294211,0.296276,0.29396,0.352578,0.286268,0.646538,0.129287,4.2485,0.301148,,-0.0106038,1.68715,-0.391098,84.6284,-0.0106038,-0.03,-0.3301208848133683,-0.21518517844378948,0.00352302,732.5900268554688,,,,,,,15.3,3.825,15.3,3.825,,,,,,,,,,,,,,,,,,,"Marco Luciano","25616",682617
"Carlos Rodríguez","ATL",0,1.99301,1.83169,0.476777,0.36565,0.0848063,0.010159,0.0161613,0.221247,0.177826,0.135715,0.00510213,0.299241,0.00645219,0.0124153,0.00673664,0.041641,0.046979,0.0116434,0.260293,0.0680954,0.150145,0.453531,0.311611,0.344155,0.289589,0.655765,0.0838615,5.22321,0.301311,,0.00134756,0.195321,-0.0386798,83.6268,0.00134756,0,-0.03697284613735974,0,0.00290576,999,,,,,,,-2,,-2,,,,,,,,,,,,,,,,,,,,"Carlos Rodriguez","sa3005478",677578
"Ben Rortvedt","LAD",0,2.02141,1.8121,0.372896,0.257823,0.0730299,0.00339401,0.0386492,0.211103,0.195085,0.171467,0.00197836,0.500586,0.0215692,0.0121172,0.00415992,0.0390719,0.00590673,0.00231078,0.205781,0.0848255,0.247642,0.342533,0.280546,0.313814,0.266327,0.59436,0.108033,3.01828,0.260118,,-0.0027093,0.160056,-0.077279,68.036,-0.0027093,0.03,-0.078585016541183,0.029999999329447746,0.00180847,699.25,,,,,,,-2,,-2,,,,,,,,,,,,,,,,,,,,"Ben Rortvedt","20287",666163
"Tirso Ornelas","SDP",0,1.94539,1.77758,0.406303,0.281464,0.085407,0.00328028,0.0361512,0.20757,0.195075,0.141048,0.00440003,0.404014,0.0114366,0.0118699,0.00344662,0.0379902,0.0256628,0.00585656,0.22857,0.0725041,0.207678,0.349117,0.287747,0.341319,0.277567,0.629067,0.112749,4.21005,0.274331,,-0.0000763381,0.17173,-0.0566786,79.1541,-0.0000763381,0,-0.04769886600115569,0,0.00164377,522.2899780273438,,,,,,,-2,,-2,,,,,,,,,,,,,,,,,,,,"Tirso Ornelas","22566",672359
"Bryce Johnson","SDP",2,6.80885,6.07776,1.32673,1.00229,0.235492,0.0257539,0.0631872,0.763242,0.448198,0.524187,0.00725735,1.82816,0.0797581,0.0373323,0.0898139,0.113019,0.265347,0.0588628,0.218292,0.0769862,0.268497,0.28673,0.287344,0.296703,0.263207,0.584046,0.0784107,6.17694,0.299151,,0.0185732,0.521937,-0.277495,69.259,0.0185732,0.05,-0.22722500748932362,0.01913580298423767,0.00152693,999,,,,,,,2.6,1.3,2.6,1.3,,,,,,,,,,,,,,,,,,,"Bryce Johnson","20002",669369
"Ildemaro Vargas","ARI",2,10.8817,9.98016,2.3679,1.7626,0.481154,0.047065,0.0770886,1.05522,0.929358,0.634251,0.0178413,1.46412,0.068228,0.0785505,0.120477,0.266261,0.158927,0.0470758,0.237261,0.0582862,0.13455,0.433195,0.28532,0.318076,0.267084,0.603396,0.0808153,4.46567,0.268954,,-0.00347878,0.868281,-0.409342,66.8892,-0.00347878,0.04,-0.4265872680116445,0.08115226030349731,0.00111784,999,,,,,,,4.2,2.1,4.2,2.1,,,,,,,,,,,,,,,,,,,"Ildemaro Vargas","13324",545121
"Christian Franklin","WSN",1,3.90238,3.44901,0.788622,0.567747,0.146204,0.0102437,0.0644274,0.418728,0.333852,0.367042,0.00241206,0.959689,0.0496694,0.0192387,0.0174204,0.0817394,0.100116,0.0188546,0.228652,0.0940558,0.245924,0.382459,0.310256,0.333022,0.288811,0.643278,0.10437,5.06448,0.296299,,0.00588687,0.379989,-0.0781923,83.131,0.00588687,0,-0.07141803530976176,-0.046296294778585434,0.00103421,999,,,,,,,2.6,2.6,2.6,2.6,,,,,,,,,,,,,,,,,,,"Christian Franklin","sa3017510",681047
"Bryce Eldridge","SFG",4,15.7339,14.3325,3.32876,2.09069,0.642452,0.0407177,0.554901,1.78688,1.91954,1.19973,0.109271,4.72459,0.0865985,0.0935674,0.0214984,0.250663,0.0986766,0.0235062,0.232252,0.0762514,0.300281,0.253934,0.293723,0.398908,0.299265,0.69263,0.166655,3.65121,0.303267,,-0.0113121,1.66516,-0.182167,93.5843,-0.0113121,0,-0.12985195964574814,-0.37722906470298767,0.000834259,999,,,,,,,18.1,4.525,18.1,4.525,,,,,,,,,,,,,,,,,,,"Bryce Eldridge","sa3022757",805811
"Jonathan Ornelas","ATL",1,4.98253,4.5281,1.01125,0.75869,0.17391,0.0131746,0.0654783,0.503238,0.425071,0.354334,0.0239998,1.32179,0.0508826,0.0265197,0.0226885,0.114632,0.0801115,0.0139112,0.223328,0.0711153,0.265285,0.268071,0.285588,0.310935,0.265153,0.596523,0.087607,4.71874,0.298601,,0.00286386,0.389785,-0.195217,66.7894,0.00286386,0,-0.19145443150773644,0.03600823134183884,0.000791501,999,,,,,,,0.6,0.6,0.6,0.6,,,,,,,,,,,,,,,,,,,"Jonathan Ornelas","24597",680716
"Ryan Vilade","CIN",0,1.96417,1.78958,0.414884,0.28108,0.0807191,0.00567266,0.0474122,0.209747,0.209545,0.137859,0.00471705,0.466222,0.0176358,0.0135738,0.00551441,0.0358377,0.0366049,0.00648657,0.231833,0.070187,0.237364,0.295694,0.29121,0.362758,0.28683,0.653968,0.130925,4.79493,0.284967,,0.00184013,0.188109,-0.0425047,77.1703,0.00184013,-0.01,-0.05081788857933134,-0.009999999776482582,0.000359345,999,,,,,,,-2,,-2,,,,,,,,,,,,,,,,,,,,"Ryan Vilade","22165",668723
"Oliver Dunn","MIL",0,2.00918,1.80583,0.363879,0.241154,0.0748707,0.0105364,0.0373174,0.205641,0.175648,0.162069,0.00266474,0.681746,0.0216127,0.00964442,0.0100277,0.0303724,0.0497539,0.00980277,0.201502,0.0806641,0.339315,0.237726,0.273896,0.316627,0.263449,0.590523,0.115125,5.7531,0.297846,,0.00318189,0.154409,-0.0814899,67.0173,0.00318189,0.01,-0.07463834760710597,0.009999999776482582,0.000118315,638.4099731445312,,,,,,,-2,,-2,,,,,,,,,,,,,,,,,,,,"Oliver Dunn","26295",686554
"Darren Baker","WSN",1,4.87798,4.47692,1.09023,0.882315,0.180062,0.0132436,0.0146142,0.487973,0.313758,0.304079,0.0147532,0.997413,0.0168229,0.0237443,0.0564145,0.106009,0.216911,0.0373012,0.243524,0.062337,0.204473,0.304868,0.292672,0.299453,0.263971,0.592125,0.0559296,5.55042,0.308321,,0.0203711,0.376942,-0.195784,66.0153,0.0203711,0,-0.17430357821285725,0.01543209794908762,0.0000879947,999,,,,,,,1.6,1.6,1.6,1.6,,,,,,,,,,,,,,,,,,,"Darren Baker","29912",671117
"Matt Koperniak","STL",0,1.95715,1.80833,0.408524,0.29423,0.0723725,0.00472081,0.0372009,0.190788,0.1892,0.114712,0.00192914,0.42891,0.0173597,0.0127832,0.00396897,0.041589,0.0240875,0.00598161,0.225913,0.0586116,0.21915,0.267449,0.276777,0.332872,0.26902,0.609649,0.106959,4.01991,0.27404,,-0.000408368,0.159232,-0.0705578,71.6047,-0.000408368,0,-0.06566998531343415,0,-0.000162671,999,,,,,,,-2,,-2,,,,,,,,,,,,,,,,,,,,"Matt Koperniak","sa3014834",689288
"Eric Haase","MIL",0,2.00918,1.84482,0.380424,0.250724,0.0680483,0.00556047,0.0560918,0.188471,0.223846,0.127357,0.000893926,0.670817,0.0147869,0.0113079,0.00976923,0.0296809,0.0130067,0.00376945,0.206212,0.0633877,0.333876,0.189854,0.26151,0.340341,0.264649,0.601851,0.134129,3.57509,0.287217,,-0.00151003,0.156361,-0.0795385,67.8443,-0.00151003,0.01,-0.07737896870821714,0.009999999776482582,-0.000163206,706.9500122070312,,,,,,,-2,,-2,,,,,,,,,,,,,,,,,,,,"Eric Haase","14111",606992
"Michael Siani","STL",2,6.85003,6.12319,1.24034,0.934785,0.202232,0.0319787,0.0713446,0.707124,0.392309,0.527358,0.01155,1.84275,0.050389,0.0399058,0.109185,0.11488,0.273554,0.0513055,0.202564,0.0769862,0.269014,0.286179,0.269712,0.280991,0.248132,0.550703,0.0784269,6.20303,0.275122,,0.0239385,0.441538,-0.362728,57.2121,0.0239385,0.06,-0.3202525172382593,0.09086419455707073,-0.000522443,674.9600219726562,,,,,,,2.6,1.3,2.6,1.3,,,,,,,,,,,,,,,,,,,"Michael Siani","22557",672279
"Hayden Senger","NYM",0,2.03427,1.86936,0.390336,0.269676,0.0804357,0.00378519,0.03644,0.190138,0.180218,0.107827,0.000673933,0.568108,0.031437,0.0122789,0.0133661,0.0332832,0.0148995,0.00333814,0.208807,0.0530052,0.279269,0.1898,0.262061,0.314366,0.255705,0.576427,0.105558,3.72719,0.277111,,-0.00106268,0.14359,-0.095255,64.1237,-0.00106268,0.01,-0.08676704450044781,0.009999999776482582,-0.00104318,999,,,,,,,-2,,-2,,,,,,,,,,,,,,,,,,,,"Hayden Senger","21489",663584
"Billy Cook","PIT",2,10.1002,9.24081,2.01811,1.32316,0.424964,0.0381061,0.231881,1.05504,0.991167,0.635433,0.031424,2.80398,0.117902,0.0667854,0.0393097,0.112323,0.279899,0.0345283,0.218391,0.0629126,0.277616,0.226618,0.275466,0.347905,0.273197,0.623371,0.129514,5.7522,0.284806,,0.0284718,0.855891,-0.329985,70.7808,0.0284718,0.08,-0.31809480115771294,-0.022880658507347107,-0.00105246,720.0700073242188,,,,,,,5.2,2.6,5.2,2.6,,,,,,,,,,,,,,,,,,,"Billy Cook","29573",695257
"Mason McCoy","SDP",0,1.94539,1.77916,0.361025,0.248065,0.0730502,0.0075188,0.0323913,0.20444,0.155371,0.124506,0.00352984,0.586902,0.0105546,0.0120359,0.0191332,0.0249823,0.0582878,0.00849389,0.202919,0.0640007,0.301689,0.212141,0.257539,0.307048,0.249826,0.564588,0.104129,6.0607,0.280429,,0.00570185,0.128061,-0.100348,60.0388,0.00570185,0,-0.08558974927291274,0,-0.00224843,999,,,,,,,-2,,-2,,,,,,,,,,,,,,,,,,,,"Mason McCoy","22232",669200
"Blaine Crim","COL",4,17.9813,16.3341,4.15419,2.73475,0.886633,0.0463256,0.48648,2.00707,2.16795,1.29233,0.105915,3.6547,0.196928,0.134603,0.0233346,0.324615,0.105687,0.0231465,0.254326,0.0718711,0.20325,0.353609,0.314259,0.403629,0.311459,0.717889,0.149303,3.31799,0.297522,,-0.0153495,2.08042,-0.0307713,85.4703,-0.0153495,0,-0.32215589843690395,-0.3086419701576233,-0.00431491,999,,,,,,,12.3,3.075,12.3,3.075,,,,,,,,,,,,,,,,,,,"Blaine Crim","25714",688760
"Luke Williams","ATL",5,23.9161,22.0028,4.71412,3.16487,1.03223,0.0781428,0.438865,2.73318,2.0882,1.515,0.0260511,6.62402,0.173495,0.154564,0.0702905,0.284825,1.02014,0.239268,0.214251,0.0633466,0.276969,0.228714,0.2685,0.328105,0.263166,0.596606,0.113855,6.15835,0.283233,,0.0747909,1.83253,-0.97548,65.4207,0.0747909,0.04,-0.8963763788342476,0.06967711076140404,-0.00447577,999,,,,,,,16.8,3.36,16.8,3.36,,,,,,,,,,,,,,,,,,,"Luke Williams","19931",663897
"Andrés Chaparro","WSN",4,17.5607,15.8994,3.66821,2.35025,0.707874,0.0152456,0.594834,1.79269,2.21943,1.3238,0.0633168,3.91031,0.177383,0.142775,0.0173133,0.298971,0.067122,0.0264551,0.230713,0.0753844,0.222674,0.338542,0.294663,0.389389,0.29779,0.684052,0.158676,2.49306,0.266391,,-0.0222435,1.83753,-0.224285,89.3176,-0.0222435,0,-0.24253536947071552,-0.38065844774246216,-0.00494835,748.9099731445312,,,,,,,21.7,5.425,21.7,5.425,,,,,,,,,,,,,,,,,,,"Andres Chaparro","21797",665953
"Will Banfield","CIN",0,1.96417,1.83286,0.379005,0.249417,0.0815079,0.00322061,0.0448596,0.168575,0.209786,0.0954639,0.000344044,0.531137,0.0154301,0.0156093,0.00480189,0.0307689,0.00548701,0.0009922429,0.206783,0.0486027,0.270414,0.179735,0.25003,0.328193,0.25341,0.578223,0.12141,2.76821,0.262595,,-0.00167172,0.134994,-0.0956197,54.1426,-0.00167172,-0.02,-0.10744467459153384,-0.019999999552965164,-0.00648465,999,,,,,,,-2,,-2,,,,,,,,,,,,,,,,,,,,"Will Banfield","sa3007973",677943
"Orlando Arcia","COL",7,28.9698,26.5191,6.3611,4.31711,1.2686,0.0177742,0.757613,3.00581,3.35822,1.92455,0.00584437,5.83245,0.146952,0.217628,0.0618444,0.657745,0.0638248,0.0298654,0.239869,0.0664329,0.201328,0.329973,0.292715,0.374753,0.292236,0.667468,0.134884,2.09613,0.278135,,-0.0413377,2.90119,-0.500177,72.225,-0.0413377,-0.03,-0.9862376898527145,-0.030000003704447664,-0.00694691,462.8599853515625,,,,,,,24.9,3.557142857,24.9,3.557142857,,,,,,,,,,,,,,,,,,,"Orlando Arcia","13185",606115
"Tristin English","ARI",2,6.9247,6.42353,1.51044,1.04506,0.303721,0.0120153,0.149645,0.672212,0.801171,0.35198,0.00475221,1.58002,0.0883918,0.0477847,0.0130134,0.137212,0.0267122,0.00671823,0.235142,0.0508296,0.228171,0.22277,0.282248,0.356055,0.279956,0.638303,0.120913,3.01936,0.286988,,-0.00712274,0.624664,-0.188369,75.7582,-0.00712274,0,-0.20425238832831383,-0.09259258955717087,-0.00720053,999,,,,,,,5.2,2.6,5.2,2.6,,,,,,,,,,,,,,,,,,,"Tristin English","26148",663536
"Dominic Smith","SFG",13,56.052,50.4604,11.9929,8.21966,2.44034,0.0738881,1.25898,5.93699,5.92285,4.39353,0.17603,10.9976,0.696098,0.435297,0.0667333,1.08041,0.259068,0.101295,0.237669,0.078383,0.196203,0.3995,0.305124,0.363809,0.294528,0.668933,0.12614,2.82004,0.277798,,-0.0757487,5.71726,-0.863842,90.32,-0.0757487,-0.04,-0.7129184529185295,-1.193549431860447,-0.00729925,729.5,,,,,,,47.4,3.646153846,47.4,3.646153846,,,,,,,,,,,,,,,,,,,"Dominic Smith","15653",642086
"Trey Lipscomb","WSN",2,8.78036,8.17708,1.87933,1.42339,0.332306,0.017351,0.106276,0.825016,0.749134,0.473272,0.0203924,1.92328,0.0545105,0.0475524,0.0279417,0.179986,0.206086,0.0611973,0.229828,0.0539012,0.219043,0.246075,0.275022,0.313701,0.260223,0.588723,0.0838729,4.59624,0.286203,,0.00358977,0.651869,-0.379038,63.4329,0.00358977,-0.02,-0.37345198285765946,0.010864196345210075,-0.00771203,750.1599731445312,,,,,,,3.2,1.6,3.2,1.6,,,,,,,,,,,,,,,,,,,"Trey Lipscomb","31567",702358
"Connor Kaiser","ARI",5,20.7741,18.6894,3.71132,2.47507,0.795313,0.0682375,0.372694,2.01687,1.84793,1.67742,0.0144513,6.84575,0.160035,0.111292,0.135944,0.308821,0.318875,0.0594288,0.198579,0.0807457,0.329533,0.24503,0.26886,0.30826,0.258031,0.57712,0.109681,4.90719,0.288253,,0.0113172,1.50545,-0.933652,60.6511,0.0113172,-0.09,-0.9486173307523131,0.012880653142929077,-0.0262448,999,,,,,,,12.3,2.46,12.3,2.46,,,,,,,,,,,,,,,,,,,"Connor Kaiser","21535",663731
"Wilmer Flores","SFG",21,88.5032,79.8535,18.5159,12.8106,3.27787,0.0867776,2.34071,9.1982,9.5229,6.69079,0.00572616,13.7484,1.00414,0.820024,0.101934,1.50886,0.084905,0.0424927,0.231874,0.0755994,0.155344,0.486659,0.296609,0.363033,0.290922,0.659642,0.13116,2.06153,0.250451,,-0.135006,8.76905,-1.62217,87.8356,-0.135006,0.07,-1.3992675691843033,-1.7918372675776482,-0.0301066,619.8200073242188,,,,,,,77.9,3.709523809,77.9,3.709523809,,,,,,,,,,,,,,,,,,,"Wilmer Flores","5827",527038
"Jacob Berry","MIA",4,15.2639,13.989,3.13989,2.10653,0.695058,0.0611149,0.277185,1.50343,1.5453,0.949388,0.0265257,3.21339,0.184603,0.112469,0.0284475,0.242542,0.286373,0.0458307,0.224455,0.0621983,0.210523,0.295447,0.280523,0.342322,0.274125,0.622845,0.117867,5.11683,0.26979,,0.0174808,1.30491,-0.487232,71.4813,0.0174808,0,-0.49370826594531536,-0.3223593831062317,-0.0324863,999,,,,,,,8.7,2.175,8.7,2.175,,,,,,,,,,,,,,,,,,,"Jacob Berry","sa3019825",694351
"Drew Gilbert","SFG",24,103.254,93.6378,20.5353,13.668,4.37646,0.308854,2.18197,10.7275,9.96782,7.48318,0.188434,20.7923,1.26049,0.718619,0.153663,1.73862,1.23512,0.234263,0.219306,0.0724736,0.20137,0.359902,0.283986,0.342548,0.276723,0.626534,0.123242,4.40838,0.257114,,0.0055495,9.04428,-3.0788,78.0521,0.0055495,0,-2.6556982272304595,-1.0608913898468018,-0.0344705,999,,,,,,,79.9,3.329166666,79.9,3.329166666,,,,,,,,,,,,,,,,,,,"Drew Gilbert","31545",687551
"Zac Veen","COL",10,41.9563,38.1423,9.10362,6.04901,1.97555,0.214802,0.864255,5.08438,4.03388,3.04761,0.101053,10.4997,0.313477,0.259934,0.192965,0.628998,1.81373,0.245833,0.238675,0.0726376,0.250253,0.290256,0.29846,0.369709,0.292758,0.668169,0.131034,6.63035,0.30473,,0.201392,4.21944,-0.706669,72.5848,0.201392,0,-1.1493586748838425,-0.5971550941467285,-0.0382808,999,,,,,,,40.4,4.04,40.4,4.04,,,,,,,,,,,,,,,,,,,"Zac Veen","27770",691728
"Michael Toglia","COL",8,32.9657,29.3857,6.44251,3.68905,1.40264,0.0984087,1.25241,3.86849,4.19748,3.17872,0.167495,10.8962,0.168987,0.204832,0.0274318,0.415883,0.347316,0.104277,0.21924,0.0964253,0.330532,0.291727,0.29723,0.401529,0.303369,0.698759,0.182289,4.05691,0.297565,,-0.0181651,3.59831,-0.272204,79.8961,-0.0181651,-0.04,-0.7964330296963453,-0.7395884767174721,-0.0468995,182.07000732421875,,,,,,,25.9,3.2375,25.9,3.2375,,,,,,,,,,,,,,,,,,,"Michael Toglia","25845",669911
"Adrian Del Castillo","ARI",25,105.849,96.005,21.5277,13.2727,4.76157,0.325214,3.16827,10.9465,13.3513,8.06833,0.286698,29.3347,0.907041,0.676648,0.191862,1.47503,0.298565,0.0963536,0.224236,0.076225,0.277138,0.275044,0.288699,0.379611,0.291685,0.66831,0.155375,2.9899,0.286068,,-0.123829,10.5531,-1.87473,83.8404,-0.123829,0.23,-2.1324712857604027,-1.9393482357263565,-0.0622312,512.0800170898438,,,,,,,96.9,3.876,96.9,3.876,,,,,,,,,,,,,,,,,,,"Adrian Del Castillo","29554",680728
"Troy Johnston","MIA",21,86.8133,79.6164,19.0741,13.2002,4.06578,0.260944,1.54723,9.11517,8.83153,5.27553,0.288376,18.093,1.17804,0.543456,0.199859,1.48548,2.37661,0.334627,0.239575,0.0607687,0.208412,0.291579,0.294731,0.355498,0.285489,0.65023,0.115923,5.34112,0.289607,,0.211715,8.21994,-1.97286,79.3116,0.211715,0,-1.8974017202854156,-1.7240740060806274,-0.0799991,999,,,,,,,78.6,3.742857142,78.6,3.742857142,,,,,,,,,,,,,,,,,,,"Troy Johnston","26143",687859
"Deyvison De Los Santos","MIA",13,51.5156,48.0873,11.546,8.04564,2.00869,0.120705,1.37099,5.22334,6.05704,2.71729,0.213157,13.5656,0.337144,0.286683,0.0871621,1.13461,0.527993,0.106754,0.240105,0.0527469,0.26333,0.200307,0.283899,0.372429,0.285072,0.656327,0.132323,3.78837,0.304301,,-0.00943193,4.86039,-1.18809,79.0243,-0.00943193,0,-1.2783735701814294,-1.2438271045684814,-0.0858069,493.6499938964844,,,,,,,45.3,3.484615384,45.3,3.484615384,,,,,,,,,,,,,,,,,,,"Deyvison De Los Santos","sa3015168",691277
"Warming Bernabel","COL",33,141.852,133.712,36.129,24.9229,7.73259,0.64618,2.82732,15.9976,16.1546,5.62835,0.0911003,22.1676,1.15251,1.15266,0.206711,2.49656,1.91226,0.47864,0.2702,0.0396776,0.156272,0.2539,0.302939,0.40113,0.30514,0.704069,0.13093,4.72827,0.303102,,-0.0203107,15.6869,-0.968042,81.1163,-0.0203107,0,-3.1659632474184036,-2.50712251663208,-0.105615,999,,,,,,,149.5,4.53030303,149.5,4.53030303,,,,,,,,,,,,,,,,,,,"Warming Bernabel","26536",682653
"Yanquiel Fernández","COL",16,68.9282,64.0787,15.6266,10.5093,3.24063,0.205242,1.67142,7.02951,8.05064,3.93676,0.318219,14.7194,0.371629,0.441772,0.0993333,1.35174,0.169794,0.0549502,0.243865,0.057114,0.213547,0.267454,0.289631,0.379095,0.289983,0.668726,0.13523,2.94206,0.289949,,-0.0836883,6.77717,-1.31573,70.6727,-0.0836883,0,-2.4575551450252533,-1.260558843612671,-0.150084,747.9000244140625,,,,,,,65.1,4.06875,65.1,4.06875,,,,,,,,,,,,,,,,,,,"Yanquiel Fernandez","28552",692585