Name,Team,W,L,QS,ERA,G,GS,SV,HLD,BS,IP,TBF,H,R,ER,HR,BB,IBB,HBP,SO,K/9,BB/9,K/BB,HR/9,K%,BB%,K-BB%,AVG,WHIP,BABIP,LOB%,GB%,HR/FB,FIP,WAR,RA9-WAR,ADP,InterSD,InterSK,IntraSD,Vol,Skew,Dim,FPTS,FPTS/IP,SPTS,SPTS/IP,P10,P20,P30,P40,P50,P60,P70,P80,P90,TT10,TT20,TT30,TT40,TT50,TT60,TT70,TT80,TT90,NameASCII,PlayerId,MLBAMID
"Zack Wheeler","PHI",14,8,20,3.36659,32,32,0,0,,200,819,170,81,75,20,53,,8,211,9.45485,2.38888,3.95785,0.892399,0.257038,0.0649438,0.19209415465593338,0.224399,1.11422,0.284728,0.725473,,,3.26818,4.8876,4.59233,21.649999618530273,,,,,,,1031,5.155,979,4.895,,,,,,,,,,,,,,,,,,,"Zack Wheeler","10310",554430
"Logan Webb","SFG",14,8,20,3.24379,32,32,0,0,,196,808,183,77,71,14,43,,5,168,7.71357,1.99723,3.86214,0.632866,0.207766,0.0537955,0.15397021174430847,0.241506,1.1585,0.293578,0.723301,,,3.10758,4.23289,4.53373,98.33999633789062,,,,,,,994.4000000000001,5.073469387755103,990,5.051020408163265,,,,,,,,,,,,,,,,,,,"Logan Webb","17995",657277
"Chris Sale","ATL",14,6,20,3.08944,31,31,0,0,,175,721,152,65,60,17,47,,10,214,10.9913,2.39569,4.58795,0.889003,0.297123,0.0647616,0.23236164450645447,0.228425,1.13138,0.310591,0.763535,,,2.97598,4.21144,4.72107,35.97999954223633,,,,,,,947.7,5.4154285714285715,911,5.2057142857142855,,,,,,,,,,,,,,,,,,,"Chris Sale","10603",519242
"Corbin Burnes","ARI",14,7,20,3.01648,31,31,0,0,,186,754,155,67,62,15,51,,7,186,9,2.47253,3.64,0.741758,0.246279,0.067659,0.17861974984407425,0.222874,1.10989,0.282474,0.751381,,,3.17747,4.1672,5.30502,37.04999923706055,,,,,,,986.9000000000001,5.305913978494624,933,5.016129032258065,,,,,,,,,,,,,,,,,,,"Corbin Burnes","19361",669203
"Paul Skenes","PIT",9,6,18,3.32784,31,31,0,0,,158,650,133,64,59,17,46,,4,185,10.5285,2.62827,4.00587,0.961812,0.284901,0.071121,0.21378042548894882,0.220898,1.129,0.290619,0.742391,,,3.16762,3.83279,3.75455,10.890000343322754,,,,,,,834.3000000000002,5.280379746835444,789,4.993670886075949,,,,,,,,,,,,,,,,,,,"Paul Skenes","33677",694973
"Aaron Nola","PHI",11,9,17,3.80901,31,31,0,0,,188,768,171,86,80,23,42,,5,187,8.93652,2.00217,4.46341,1.12317,0.243028,0.0544489,0.188579011708498,0.237624,1.13402,0.289421,0.707014,,,3.55172,3.82318,3.23486,88.30000305175781,,,,,,,896.7000000000002,4.76968085106383,874,4.648936170212766,,,,,,,,,,,,,,,,,,,"Aaron Nola","16149",605400
"Yoshinobu Yamamoto","LAD",13,6,16,3.43452,27,27,0,0,,162,645,128,67,62,17,35,,3,166,9.19967,1.92142,4.78797,0.968966,0.2574,0.0537598,0.2036401778459549,0.210527,1.00034,0.260458,0.689189,,,3.22276,3.71948,3.38369,59.349998474121094,,,,,,,874.9000000000001,5.400617283950618,807,4.981481481481482,,,,,,,,,,,,,,,,,,,"Yoshinobu Yamamoto","33825",808967
"Reynaldo López","ATL",14,8,19,3.19044,31,31,0,0,,186,763,158,70,66,18,64,,3,196,9.49711,3.11624,3.04762,0.890355,0.256513,0.0841683,0.17234469950199127,0.226374,1.19538,0.288889,0.772231,,,3.43029,3.67173,4.92276,172.38999938964844,,,,,,,935.2,5.027956989247312,887,4.768817204301075,,,,,,,,,,,,,,,,,,,"Reynaldo Lopez","16400",625643
"Hunter Greene","CIN",8,7,16,3.78925,29,29,0,0,,165,669,122,75,69,19,56,,19,188,10.266,3.06735,3.34687,1.01207,0.281122,0.0839956,0.1971266195178032,0.205705,1.08188,0.267559,0.675259,,,3.71202,3.6309,3.34876,94.69999694824219,,,,,,,821.0999999999999,4.976363636363636,729,4.418181818181818,,,,,,,,,,,,,,,,,,,"Hunter Greene","22182",668881
"Dylan Cease","SDP",12,9,19,3.48321,32,32,0,0,,177,732,142,74,68,19,66,,5,208,10.6033,3.38076,3.13636,0.97325,0.284732,0.090784,0.19394773244857788,0.214939,1.17814,0.283721,0.737251,,,3.42829,3.61903,3.42952,47.27000045776367,,,,,,,909.8999999999999,5.140677966101694,841,4.751412429378531,,,,,,,,,,,,,,,,,,,"Dylan Cease","18525",656302
"Sandy Alcantara","MIA",10,8,18,3.48769,29,29,0,0,,188,776,173,79,73,18,46,,7,164,7.86727,2.18507,3.60047,0.842374,0.211637,0.0587803,0.15285640209913254,0.239036,1.16311,0.286818,0.718836,,,3.47563,3.54773,4.17937,137.64999389648438,,,,,,,889,4.7287234042553195,875,4.654255319148936,,,,,,,,,,,,,,,,,,,"Sandy Alcantara","18684",645261
"Nick Martinez","CIN",11,8,13,3.525,46,24,0,1,,167,692,160,71,65,15,42,,6,146,7.875,2.25,3.5,0.825,0.210843,0.060241,0.15060241147875786,0.247845,1.20833,0.298851,0.725309,,,3.45815,3.45879,3.44001,315.4200134277344,,,,,,,787.3,4.71437125748503,792,4.74251497005988,,,,,,,,,,,,,,,,,,,"Nick Martinez","12730",607259
"Spencer Strider","ATL",10,6,14,3.22196,23,23,0,0,,129,524,99,50,46,14,38,,6,176,12.315,2.64916,4.64865,1.00239,0.336595,0.072407,0.26418786495923996,0.207265,1.06603,0.294326,0.743007,,,2.90395,3.40804,3.24244,101.01000213623047,,,,,,,744.9999999999999,5.775193798449611,683,5.294573643410852,,,,,,,,,,,,,,,,,,,"Spencer Strider","27498",675911
"Blake Snell","LAD",11,6,16,3.49945,29,29,0,0,,146,613,113,62,57,15,66,,2,190,11.7419,4.09645,2.86637,0.926362,0.30985,0.108098,0.20175187289714813,0.206594,1.22798,0.287116,0.743017,,,3.30483,3.26564,2.86291,44.5099983215332,,,,,,,778.1000000000001,5.329452054794522,711,4.86986301369863,,,,,,,,,,,,,,,,,,,"Blake Snell","13543",605483
"Tyler Glasnow","LAD",11,5,14,3.41129,24,24,0,0,,134,534,105,55,51,17,38,,0,166,11.1048,2.54032,4.37143,1.16129,0.310345,0.0709939,0.23935090750455856,0.21179,1.06452,0.280277,0.739051,,,3.22293,3.21045,2.8432,91.72000122070312,,,,,,,727.4999999999999,5.429104477611939,667,4.977611940298507,,,,,,,,,,,,,,,,,,,"Tyler Glasnow","14374",607192
"Michael King","SDP",13,8,18,3.48067,31,31,0,0,,174,733,150,73,67,19,66,,7,190,9.8285,3.39584,2.89427,0.972378,0.258832,0.0894289,0.16940267384052277,0.228041,1.24369,0.291766,0.753657,,,3.64685,3.15821,3.3431,62.720001220703125,,,,,,,824.9000000000001,4.74080459770115,784,4.505747126436781,,,,,,,,,,,,,,,,,,,"Michael King","19853",650633
"Spencer Schwellenbach","ATL",12,6,17,3.4592,29,29,0,0,,159,648,144,67,61,18,32,,8,158,8.92111,1.82063,4.9,1.03169,0.243377,0.0496689,0.1937086023390293,0.236332,1.10587,0.290323,0.727532,,,3.42272,3.15102,3.39861,78.30000305175781,,,,,,,776.8000000000001,4.885534591194969,757,4.761006289308176,,,,,,,,,,,,,,,,,,,"Spencer Schwellenbach","31846",680885
"Clay Holmes","NYM",16,11,12,3.6756,46,24,0,1,,177,762,180,78,72,12,58,,8,157,7.98782,2.95422,2.70387,0.592189,0.205631,0.0760506,0.1295805126428604,0.258449,1.34674,0.318898,0.719601,,,3.37285,3.13365,2.57388,205.64999389648438,,,,,,,814.2,4.6000000000000005,849,4.796610169491525,,,,,,,,,,,,,,,,,,,"Clay Holmes","13649",605280
"Cristopher Sánchez","PHI",9,7,16,3.79417,29,29,0,0,,167,697,160,77,70,19,42,,5,144,7.75573,2.28766,3.39024,1.00434,0.206538,0.0609213,0.14561665058135986,0.247209,1.21513,0.291489,0.714286,,,3.74924,3.00487,2.80826,144.05999755859375,,,,,,,733.0999999999999,4.389820359281437,735,4.401197604790419,,,,,,,,,,,,,,,,,,,"Cristopher Sanchez","20778",650911
"Brandon Woodruff","MIL",9,7,15,3.44444,26,26,0,0,,149,609,123,63,57,20,44,,6,173,10.4444,2.66667,3.91667,1.22222,0.283988,0.0725076,0.21148038655519485,0.220395,1.12346,0.281407,0.753968,,,3.61092,2.81772,3.10565,254.5399932861328,,,,,,,732.8000000000002,4.918120805369129,681,4.570469798657718,,,,,,,,,,,,,,,,,,,"Brandon Woodruff","16162",605540
"Ranger Suárez","PHI",12,8,14,3.5827,38,26,0,1,,156,654,145,68,62,15,48,,4,139,8.0302,2.77968,2.88889,0.864791,0.213115,0.0737705,0.13934427499771118,0.240642,1.23542,0.290168,0.729426,,,3.64006,2.81066,2.92835,278.0299987792969,,,,,,,718.9000000000001,4.608333333333334,711,4.5576923076923075,,,,,,,,,,,,,,,,,,,"Ranger Suarez","17277",624133
"MacKenzie Gore","WSN",10,10,16,3.91184,31,31,0,0,,158,677,148,75,69,18,59,,6,173,9.84915,3.33449,2.95372,1.03066,0.255498,0.0865005,0.16899758577346802,0.241862,1.30706,0.308641,0.727818,,,3.69926,2.67059,2.35247,200.7899932861328,,,,,,,714,4.518987341772152,707,4.474683544303797,,,,,,,,,,,,,,,,,,,"MacKenzie Gore","22201",669022
"Justin Steele","CHC",10,7,16,3.61765,29,29,0,0,,158,656,147,69,63,17,41,,6,148,8.47686,2.36057,3.59102,0.993338,0.226243,0.0630025,0.1632404327392578,0.241069,1.19324,0.292072,0.728131,,,3.6216,2.57635,2.82279,118.05999755859375,,,,,,,732.9000000000001,4.638607594936709,724,4.582278481012659,,,,,,,,,,,,,,,,,,,"Justin Steele","17312",657006
"Sonny Gray","STL",12,10,17,3.80137,31,31,0,0,,170,708,153,78,72,23,49,,7,179,9.45205,2.56634,3.68308,1.1925,0.252647,0.0685966,0.1840503290295601,0.234442,1.1834,0.289103,0.725822,,,3.76487,2.55681,2.72154,122.05000305175781,,,,,,,767.3,4.513529411764706,741,4.358823529411764,,,,,,,,,,,,,,,,,,,"Sonny Gray","12768",543243
"Shota Imanaga","CHC",10,7,16,3.63311,29,29,0,0,,157,652,146,69,63,22,39,,6,158,9.07274,2.24131,4.04796,1.24159,0.242816,0.0599847,0.18283113464713097,0.240885,1.17962,0.291714,0.750988,,,3.80907,2.54442,2.75668,78.08999633789062,,,,,,,692.5999999999998,4.411464968152865,680,4.3312101910828025,,,,,,,,,,,,,,,,,,,"Shota Imanaga","33829",684007
"Brandon Pfaadt","ARI",11,7,13,3.76875,35,26,0,1,,156,649,147,70,65,20,35,,7,156,9,2.025,4.44444,1.125,0.240602,0.0541353,0.18646617233753204,0.242765,1.16875,0.29638,0.72327,,,3.59773,2.53805,2.75629,178.5399932861328,,,,,,,716.2,4.591025641025642,710,4.551282051282051,,,,,,,,,,,,,,,,,,,"Brandon Pfaadt","27782",694297
"Freddy Peralta","MIL",11,9,16,3.96517,31,31,0,0,,164,686,135,79,72,23,61,,8,187,10.2363,3.36262,3.04414,1.26418,0.272859,0.0896341,0.183224618434906,0.218481,1.19176,0.274714,0.716378,,,3.98879,2.52904,2.38346,103.55999755859375,,,,,,,746.7000000000003,4.553048780487806,688,4.195121951219512,,,,,,,,,,,,,,,,,,,"Freddy Peralta","18679",642547
"Mitch Keller","PIT",11,11,16,4.00119,31,31,0,0,,178,761,172,85,79,21,54,,13,160,8.10907,2.72081,2.98039,1.06698,0.210818,0.0707351,0.1400832012295723,0.24772,1.26852,0.294239,0.715054,,,4.02599,2.44343,2.86336,298.9200134277344,,,,,,,730.7,4.105056179775281,736,4.134831460674158,,,,,,,,,,,,,,,,,,,"Mitch Keller","17594",656605
"Kodai Senga","NYM",10,8,14,3.5141,34,26,0,1,,156,652,126,66,61,17,69,,5,167,9.63124,3.96963,2.42623,0.976139,0.256499,0.105719,0.1507798731327057,0.216797,1.24367,0.275072,0.754967,,,3.84616,2.29993,2.8963,155.4199981689453,,,,,,,733.7000000000002,4.703205128205129,675,4.326923076923077,,,,,,,,,,,,,,,,,,,"Kodai Senga","31838",673540
"Roki Sasaki","LAD",10,6,13,3.70174,24,24,0,0,,123,511,106,55,51,16,37,,9,149,10.9019,2.69273,4.04865,1.20081,0.292747,0.0723074,0.2204398587346077,0.228215,1.15897,0.299816,0.732275,,,3.58939,2.23891,2.10917,999,,,,,,,597.8000000000001,4.860162601626016,567,4.609756097560975,,,,,,,,,,,,,,,,,,,"Roki Sasaki","35323",808963
"Brady Singer","CIN",8,10,13,4.76707,29,29,0,0,,162,704,164,93,86,25,51,,10,160,8.90236,2.8143,3.16327,1.37843,0.227941,0.0720588,0.1558823585510254,0.254428,1.321,0.303167,0.67474,,,4.30879,2.20606,1.3894,331.239990234375,,,,,,,601.9,3.715432098765432,622,3.8395061728395063,,,,,,,,,,,,,,,,,,,"Brady Singer","25377",663903
"Nestor Cortes","MIL",10,7,11,3.56493,44,21,0,1,,147,598,130,63,58,20,37,,3,148,9.05844,2.27922,3.97436,1.22727,0.247209,0.062201,0.1850079782307148,0.232479,1.13636,0.281174,0.748626,,,3.7444,2.20434,2.5766,261.0199890136719,,,,,,,683.8,4.651700680272109,655,4.45578231292517,,,,,,,,,,,,,,,,,,,"Nestor Cortes","17874",641482
"Nick Pivetta","SDP",11,8,14,3.93333,27,27,0,0,,161,652,132,76,70,27,49,,5,188,10.5333,2.73333,3.85366,1.53333,0.288321,0.0748175,0.2135036438703537,0.220676,1.12593,0.273292,0.734558,,,4.04055,2.11948,2.15991,173.72000122070312,,,,,,,730.1000000000001,4.534782608695653,668,4.149068322981367,,,,,,,,,,,,,,,,,,,"Nick Pivetta","15454",601713
"Zac Gallen","ARI",13,8,17,3.59455,29,29,0,0,,165,693,147,72,66,20,55,,6,160,8.72647,3.01532,2.89404,1.08332,0.231157,0.0798734,0.15128342807292938,0.2324,1.22349,0.281044,0.748233,,,3.907,2.10732,3.29471,119.88999938964844,,,,,,,729.8,4.423030303030303,702,4.254545454545455,,,,,,,,,,,,,,,,,,,"Zac Gallen","19291",668678
"Eduardo Rodriguez","ARI",11,8,14,3.65094,34,26,0,1,,144,608,138,63,59,16,45,,3,135,8.40566,2.80189,3,1.01887,0.221973,0.073991,0.14798206090927124,0.245742,1.26415,0.296667,0.750853,,,3.76082,2.08817,2.8522,376.4800109863281,,,,,,,640.0000000000002,4.444444444444446,642,4.458333333333333,,,,,,,,,,,,,,,,,,,"Eduardo Rodriguez","13164",593958
"Edwin Díaz","NYM",7,4,0,2.94545,65,0,36,1,,65,262,45,22,21,6,23,,5,94,13.0909,3.27273,4,0.818182,0.358744,0.0896861,0.2690582871437073,0.190955,1.05455,0.289474,0.764706,,,2.7483,1.88729,1.77295,43.040000915527344,,,,,,,578.2,8.895384615384616,535,8.23076923076923,,,,,,,,,,,,,,,,,,,"Edwin Diaz","14710",621242
"Andre Pallante","STL",9,9,10,3.93316,37,21,0,1,,152,660,149,71,66,12,60,,4,110,6.55527,3.54756,1.84783,0.694087,0.167323,0.0905512,0.07677166163921356,0.250545,1.37961,0.290411,0.714286,,,3.97196,1.84614,2.03832,532.9000244140625,,,,,,,621.8,4.09078947368421,636,4.184210526315789,,,,,,,,,,,,,,,,,,,"Andre Pallante","26108",669467
"Ryan Helsley","STL",8,3,0,2.77798,66,0,34,2,,66,267,49,22,20,5,22,,0,79,10.8535,3.03163,3.58009,0.721817,0.296597,0.0828463,0.21375075727701187,0.201422,1.08797,0.274636,0.771215,,,2.80776,1.84109,1.93303,53.880001068115234,,,,,,,569.5000000000001,8.62878787878788,535,8.106060606060606,,,,,,,,,,,,,,,,,,,"Ryan Helsley","18138",664854
"Sean Manaea","NYM",9,8,13,4.3125,27,27,0,0,,158,663,143,82,76,23,51,,8,159,9.0625,2.9375,3.08511,1.3125,0.239274,0.0775578,0.16171617805957794,0.237319,1.23611,0.284974,0.693136,,,4.17342,1.84068,1.3521,251.00999450683594,,,,,,,655.5000000000002,4.148734177215191,632,4,,,,,,,,,,,,,,,,,,,"Sean Manaea","15873",640455
"Germán Márquez","COL",8,10,12,4.63415,28,28,0,0,,145,624,144,81,75,18,54,,3,119,7.39837,3.33333,2.21951,1.13821,0.191176,0.0861345,0.10504201799631119,0.254042,1.36405,0.292683,0.677321,,,4.33179,1.83048,1.92041,623.6199951171875,,,,,,,544.2,3.7531034482758625,558,3.8482758620689657,,,,,,,,,,,,,,,,,,,"German Marquez","15038",608566
"Jesús Luzardo","PHI",10,10,11,4.44648,40,26,0,1,,155,648,139,82,76,24,52,,6,163,9.46935,3.04666,3.10811,1.39982,0.251092,0.080786,0.17030566185712814,0.235012,1.23513,0.284211,0.692446,,,4.20948,1.81023,1.34819,235.11000061035156,,,,,,,646.4,4.170322580645161,619,3.9935483870967743,,,,,,,,,,,,,,,,,,,"Jesus Luzardo","19959",666200
"Landen Roupp","SFG",6,6,10,3.93822,40,21,0,1,,144,608,130,69,63,15,56,,4,139,8.68726,3.4749,2.5,0.926641,0.228659,0.0914634,0.13719511777162552,0.236486,1.287,0.29108,0.709459,,,3.80998,1.80669,1.70055,431.4800109863281,,,,,,,645.1000000000001,4.479861111111112,627,4.354166666666667,,,,,,,,,,,,,,,,,,,"Landen Roupp","30076",694738
"Nick Lodolo","CIN",7,8,11,4.67308,24,24,0,0,,126,545,114,70,65,17,43,,21,135,9.69231,3.11538,3.11111,1.21154,0.248337,0.0798226,0.1685144156217575,0.236181,1.25,0.294118,0.652174,,,4.29148,1.73946,1.29989,235.97999572753906,,,,,,,504.9000000000001,4.007142857142858,487,3.865079365079365,,,,,,,,,,,,,,,,,,,"Nick Lodolo","26378",666157
"David Peterson","NYM",9,8,13,4.06859,32,26,0,1,,144,627,137,71,65,16,58,,8,134,8.41777,3.6477,2.30769,0.982073,0.214286,0.0928571,0.12142858654260635,0.243513,1.3562,0.294278,0.718912,,,4.09399,1.73905,1.55676,326.9200134277344,,,,,,,586.6000000000001,4.073611111111112,586,4.069444444444445,,,,,,,,,,,,,,,,,,,"David Peterson","20302",656849
"Yu Darvish","SDP",9,8,12,4.03448,24,24,0,0,,133,551,120,64,60,18,36,,8,125,8.4569,2.40517,3.51613,1.24138,0.227557,0.0647182,0.16283924877643585,0.235828,1.16379,0.278481,0.701599,,,4.06303,1.7164,1.65357,285.7200012207031,,,,,,,568.8000000000001,4.276691729323309,549,4.12781954887218,,,,,,,,,,,,,,,,,,,"Yu Darvish","13074",506433
"Ryan Feltner","COL",7,9,13,4.78514,29,29,0,0,,154,671,155,89,82,21,58,,7,135,7.86599,3.40859,2.30769,1.24545,0.200669,0.0869565,0.1137123629450798,0.255556,1.38383,0.296758,0.679315,,,4.48476,1.68901,1.7703,680.2999877929688,,,,,,,553.3000000000002,3.592857142857144,572,3.7142857142857144,,,,,,,,,,,,,,,,,,,"Ryan Feltner","21446",663372
"Matthew Boyd","CHC",8,6,11,3.75,32,22,0,1,,113,469,99,51,47,13,36,,6,116,9.3,2.85,3.26316,1.05,0.248,0.076,0.171999990940094,0.232456,1.2,0.289308,0.723473,,,3.71648,1.687,1.75753,323.04998779296875,,,,,,,528.9000000000001,4.6805309734513285,506,4.477876106194691,,,,,,,,,,,,,,,,,,,"Matthew Boyd","15440",571510
"Tanner Scott","LAD",9,3,0,3.1142,65,0,23,8,,65,271,49,24,22,4,28,,4,80,11.121,3.9504,2.81515,0.52672,0.295895,0.105108,0.1907869130373001,0.205818,1.19605,0.292987,0.735954,,,2.94834,1.61158,1.52013,102.88999938964844,,,,,,,515.4,7.929230769230769,484,7.446153846153846,,,,,,,,,,,,,,,,,,,"Tanner Scott","17586",656945
"Robbie Ray","SFG",9,8,14,3.78774,27,27,0,0,,142,590,128,65,60,22,43,,5,152,9.63404,2.71729,3.54545,1.39982,0.258278,0.0728477,0.18543048202991486,0.235577,1.19854,0.287234,0.755597,,,4.06309,1.59238,2.25286,132.1699981689453,,,,,,,607.3999999999999,4.277464788732393,584,4.112676056338028,,,,,,,,,,,,,,,,,,,"Robbie Ray","11486",592662
"Mitchell Parker","WSN",6,10,11,4.39695,35,26,0,1,,139,602,137,73,68,17,53,,2,122,7.90076,3.43511,2.3,1.09924,0.202465,0.0880282,0.11443661898374557,0.25,1.36641,0.293507,0.702427,,,4.18938,1.57659,1.27248,502.9800109863281,,,,,,,546.3000000000002,3.930215827338131,557,4.0071942446043165,,,,,,,,,,,,,,,,,,,"Mitchell Parker","27636",680730
"Ryan Walker","SFG",7,3,0,2.98547,68,0,28,5,,68,277,55,24,22,5,21,,5,82,10.9271,2.76317,3.95455,0.627993,0.295848,0.0748122,0.22103611379861832,0.220143,1.12527,0.307633,0.744181,,,2.80618,1.56111,1.75725,75.5999984741211,,,,,,,544.7,8.01029411764706,521,7.661764705882353,,,,,,,,,,,,,,,,,,,"Ryan Walker","20423",676254
"Matthew Liberatore","STL",8,9,8,4.1349,57,18,0,1,,161,690,149,80,74,17,60,,9,144,8.09384,3.34311,2.42105,0.967742,0.209091,0.0863636,0.12272726744413376,0.239899,1.3001,0.286689,0.697279,,,4.05602,1.54512,1.4636,653.6400146484375,,,,,,,679.9000000000002,4.222981366459629,669,4.15527950310559,,,,,,,,,,,,,,,,,,,"Matthew Liberatore","22294",669461
"José Alvarado","PHI",5,2,0,3.04677,61,0,10,10,,61,253,47,22,21,3,25,,1,76,11.2638,3.78325,2.97727,0.472907,0.300232,0.100841,0.19939066469669342,0.205791,1.1881,0.294731,0.735851,,,2.66014,1.52942,1.26627,508.6300048828125,,,,,,,456.3000000000001,7.480327868852461,430,7.049180327868853,,,,,,,,,,,,,,,,,,,"Jose Alvarado","17780",621237
"Raisel Iglesias","ATL",7,2,0,2.82723,68,0,32,1,,68,267,55,22,21,7,15,,2,75,10.0524,2.04188,4.92308,0.942408,0.283186,0.0575221,0.2256637178361416,0.222749,1.04712,0.29078,0.794574,,,3.07922,1.51506,2.19488,52.099998474121094,,,,,,,537.1,7.898529411764706,512,7.529411764705882,,,,,,,,,,,,,,,,,,,"Raisel Iglesias","17130",628452
"Grant Holmes","ATL",6,4,6,3.86174,57,14,0,1,,130,552,122,60,56,13,44,,6,131,9.09424,3.08438,2.94848,0.925313,0.237484,0.0805442,0.15693925321102142,0.242898,1.28187,0.303772,0.716631,,,3.64731,1.4946,1.46126,271.4800109863281,,,,,,,600.9000000000001,4.622307692307693,597,4.592307692307692,,,,,,,,,,,,,,,,,,,"Grant Holmes","16944",656550
"Tobias Myers","MIL",9,8,11,4.02085,41,23,0,1,,140,593,131,68,63,20,44,,5,130,8.37677,2.81459,2.97619,1.27327,0.219684,0.0738137,0.14586995542049408,0.241379,1.25093,0.283069,0.72843,,,4.19403,1.48549,1.70581,355.45001220703125,,,,,,,566.4,4.045714285714285,557,3.9785714285714286,,,,,,,,,,,,,,,,,,,"Tobias Myers","22191",668964
"Jordan Hicks","SFG",8,8,11,4.10392,38,23,0,1,,158,692,145,77,72,15,74,,12,147,8.39873,4.19936,2,0.858961,0.21256,0.10628,0.10628019273281097,0.239669,1.38918,0.293233,0.717905,,,4.1633,1.43106,1.82548,465.57000732421875,,,,,,,647.7,4.099367088607595,635,4.018987341772152,,,,,,,,,,,,,,,,,,,"Jordan Hicks","19618",663855
"Antonio Senzatela","COL",5,8,9,4.74795,39,24,0,1,,130,578,148,75,69,15,38,,5,84,5.80305,2.63775,2.2,1.0551,0.145119,0.0659631,0.07915566861629486,0.276353,1.43025,0.304196,0.675926,,,4.38571,1.39678,1.35407,735.7000122070312,,,,,,,435.7,3.3515384615384614,498,3.830769230769231,,,,,,,,,,,,,,,,,,,"Antonio Senzatela","15488",622608
"Justin Martinez","ARI",6,3,0,3.13253,67,0,17,9,,67,288,50,25,23,4,36,,4,85,11.4458,4.81928,2.375,0.481928,0.294118,0.123839,0.1702786237001419,0.201439,1.28514,0.290503,0.752212,,,3.12632,1.38939,1.6602,181.0800018310547,,,,,,,487.5999999999999,7.277611940298506,454,6.776119402985074,,,,,,,,,,,,,,,,,,,"Justin Martinez","24453",679885
"Shohei Ohtani","LAD",8,5,11,3.76869,21,21,0,0,,115,470,87,52,48,16,45,,9,124,9.69093,3.4995,2.76923,1.25623,0.264059,0.0953545,0.16870415955781937,0.209945,1.14656,0.258333,0.733753,,,4.23328,1.38926,1.90994,1.5499999523162842,,,,,,,514,4.469565217391304,453,3.9391304347826086,,,,,,,,,,,,,,,,,,,"Shohei Ohtani","19755",660271
"Merrill Kelly","ARI",8,7,14,3.86861,26,26,0,0,,144,603,141,67,62,20,42,,2,119,7.44526,2.62774,2.83333,1.24088,0.198058,0.0699029,0.12815533578395844,0.251572,1.26521,0.28771,0.748865,,,4.22893,1.38637,2.43207,300.7300109863281,,,,,,,559.0000000000001,3.881944444444445,566,3.9305555555555554,,,,,,,,,,,,,,,,,,,"Merrill Kelly","11156",518876
"Ben Brown","CHC",7,5,6,3.78514,44,14,0,1,,100,422,86,46,42,10,39,,4,108,9.70867,3.53511,2.74636,0.906967,0.255127,0.0928964,0.16223014146089554,0.226547,1.25314,0.290119,0.71579,,,3.6108,1.38322,1.13706,428.55999755859375,,,,,,,484.4,4.843999999999999,461,4.61,,,,,,,,,,,,,,,,,,,"Ben Brown","23590",676962
"Jameson Taillon","CHC",10,9,14,4.16724,29,29,0,0,,159,665,159,79,74,24,39,,4,127,7.15273,2.17692,3.28571,1.36835,0.190397,0.057947,0.13245033100247383,0.254867,1.23704,0.285047,0.721997,,,4.36206,1.37631,1.81239,341.82000732421875,,,,,,,593.0000000000001,3.7295597484276737,608,3.8238993710691824,,,,,,,,,,,,,,,,,,,"Jameson Taillon","11674",592791
"Justin Verlander","SFG",8,9,12,4.07692,24,24,0,0,,135,568,136,66,61,16,39,,5,102,6.84615,2.61538,2.61765,1.07692,0.180162,0.0688259,0.11133604496717453,0.258772,1.29915,0.294618,0.717523,,,4.17503,1.33774,1.69419,334.260009765625,,,,,,,520.6,3.8562962962962963,539,3.9925925925925925,,,,,,,,,,,,,,,,,,,"Justin Verlander","8700",434378
"Erick Fedde","STL",9,10,14,4.27972,29,29,0,0,,159,681,161,82,76,25,50,,3,140,7.93007,2.83217,2.8,1.38462,0.206219,0.0736497,0.1325695663690567,0.255773,1.32168,0.293976,0.726928,,,4.41123,1.33485,1.59609,335.6700134277344,,,,,,,571.5000000000001,3.59433962264151,591,3.7169811320754715,,,,,,,,,,,,,,,,,,,"Erick Fedde","17425",607200
"Kyle Freeland","COL",8,10,12,4.95763,28,28,0,0,,148,648,166,88,81,23,41,,6,106,6.48305,2.51695,2.57576,1.37288,0.164093,0.0637066,0.10038609802722931,0.277083,1.40678,0.30504,0.681818,,,4.67495,1.32283,1.48062,724.9400024414062,,,,,,,451.70000000000005,3.0520270270270276,512,3.4594594594594597,,,,,,,,,,,,,,,,,,,"Kyle Freeland","16256",607536
"Jared Jones","PIT",5,4,7,3.79893,22,14,0,1,,83,348,74,38,35,10,26,,4,86,9.32464,2.76285,3.375,1.10514,0.248619,0.0736648,0.17495395988225937,0.231855,1.18956,0.286957,0.723982,,,3.77277,1.28524,1.46717,231.0800018310547,,,,,,,384.80000000000007,4.636144578313254,371,4.469879518072289,,,,,,,,,,,,,,,,,,,"Jared Jones","27863",683003
"Andrew Abbott","CIN",7,8,10,4.44524,21,21,0,0,,108,460,104,58,53,17,40,,2,102,8.50394,3.28561,2.58824,1.41732,0.222222,0.0858586,0.1363636553287506,0.248148,1.32427,0.290155,0.713359,,,4.48359,1.26777,1.30522,505.7099914550781,,,,,,,397.70000000000005,3.682407407407408,397,3.675925925925926,,,,,,,,,,,,,,,,,,,"Andrew Abbott","29911",671096
"Orion Kerkering","PHI",5,3,0,3.25533,63,0,4,11,,63,256,52,25,23,6,17,,5,73,10.4292,2.47898,4.20707,0.826325,0.283577,0.0674048,0.2161719650030136,0.223432,1.10983,0.298967,0.730339,,,3.09832,1.24196,1.19989,321.30999755859375,,,,,,,401.2000000000001,6.36825396825397,381,6.0476190476190474,,,,,,,,,,,,,,,,,,,"Orion Kerkering","31776",689147
"Jose Quintana","MIL",8,7,12,4.05229,24,24,0,0,,128,554,125,62,58,16,50,,5,105,7.38562,3.52941,2.09259,1.11111,0.189597,0.090604,0.09899329394102097,0.251397,1.37255,0.289926,0.738499,,,4.41557,1.23686,1.82473,476.9200134277344,,,,,,,470.4000000000001,3.6750000000000007,477,3.7265625,,,,,,,,,,,,,,,,,,,"Jose Quintana","11423",500779
"Miles Mikolas","STL",8,11,13,4.56338,29,29,0,0,,158,671,172,87,80,23,32,,6,106,6.02113,1.83803,3.27586,1.33099,0.157807,0.0481728,0.10963455215096474,0.271127,1.28873,0.294248,0.683594,,,4.4693,1.22374,1.02939,584.2000122070312,,,,,,,537.1000000000001,3.3993670886075957,589,3.7278481012658227,,,,,,,,,,,,,,,,,,,"Miles Mikolas","9803",571945
"Steven Matz","STL",6,6,7,4.10564,55,16,0,1,,123,533,125,60,56,13,40,,4,104,7.67107,2.91717,2.62963,0.972389,0.196133,0.0745856,0.12154695391654968,0.256024,1.34454,0.301587,0.714286,,,3.94679,1.20547,1.10017,635.280029296875,,,,,,,505.30000000000007,4.108130081300813,526,4.276422764227642,,,,,,,,,,,,,,,,,,,"Steven Matz","13361",571927
"Aaron Bummer","ATL",6,2,0,3.0824,61,0,1,14,,61,260,54,23,21,2,25,,3,71,10.4769,3.73171,2.80753,0.343504,0.271892,0.096844,0.17504850029945374,0.233183,1.30296,0.326068,0.744835,,,2.75011,1.20533,1.15849,744.719970703125,,,,,,,405.4000000000001,6.645901639344264,398,6.524590163934426,,,,,,,,,,,,,,,,,,,"Aaron Bummer","16258",607481
"Clayton Kershaw","LAD",5,3,7,3.69285,13,13,0,0,,64,263,59,28,26,7,16,,1,59,8.33529,2.32122,3.59091,1.0551,0.225071,0.0626781,0.16239316016435623,0.24159,1.18406,0.289916,0.724138,,,3.68231,1.17765,1.16449,559.469970703125,,,,,,,301.1,4.7046875,296,4.625,,,,,,,,,,,,,,,,,,,"Clayton Kershaw","2036",477132
"Trevor Megill","MIL",3,3,0,3.37237,64,0,28,2,,64,273,57,25,24,7,22,,1,76,10.7494,3.16159,3.4,1.05386,0.278689,0.0819672,0.19672130793333054,0.227545,1.24122,0.297297,0.782609,,,3.42409,1.15326,1.36239,127.13999938964844,,,,,,,470.3,7.3484375,460,7.1875,,,,,,,,,,,,,,,,,,,"Trevor Megill","17722",656730
"A.J. Puk","ARI",7,4,0,3.0137,64,0,18,7,,64,266,51,23,21,7,22,,4,81,11.5069,3.15068,3.65217,0.958904,0.305455,0.0836364,0.22181816399097443,0.21371,1.15677,0.292994,0.785498,,,3.22736,1.12931,1.60489,229.33999633789062,,,,,,,456.9,7.1390625,431,6.734375,,,,,,,,,,,,,,,,,,,"A.J. Puk","19343",640462
"David Bednar","PIT",5,4,0,3.62683,64,0,27,4,,64,270,57,28,26,6,23,,2,69,9.75043,3.31016,2.94561,0.914103,0.25539,0.0867019,0.16868776828050613,0.234057,1.26667,0.300252,0.736919,,,3.52504,1.12619,0.990944,145.8800048828125,,,,,,,465.59999999999997,7.2749999999999995,456,7.125,,,,,,,,,,,,,,,,,,,"David Bednar","19569",670280
"Eury Pérez","MIA",4,4,7,3.77067,14,14,0,0,,66,270,58,30,28,9,20,,1,70,9.52591,2.77839,3.42857,1.19074,0.257373,0.075067,0.18230565637350082,0.233236,1.19074,0.289362,0.734649,,,3.76185,1.10504,1.21948,503.1199951171875,,,,,,,303.9000000000001,4.604545454545456,290,4.393939393939394,,,,,,,,,,,,,,,,,,,"Eury Perez","27768",691587
"Bailey Falter","PIT",7,9,9,4.35714,46,23,0,1,,137,583,141,72,67,19,40,,3,101,6.64286,2.64286,2.51351,1.21429,0.174157,0.0692884,0.10486891865730286,0.261134,1.31746,0.291667,0.703235,,,4.39664,1.08834,1.28661,694.25,,,,,,,490.5000000000001,3.5802919708029206,515,3.759124087591241,,,,,,,,,,,,,,,,,,,"Bailey Falter","20070",663559
"AJ Smith-Shawver","ATL",7,5,8,3.99057,45,19,0,1,,105,445,95,50,46,13,42,,2,109,9.33962,3.65094,2.55814,1.10377,0.243902,0.0953437,0.14855876564979553,0.236453,1.31132,0.293286,0.728477,,,3.95893,1.08783,1.22879,430.3900146484375,,,,,,,460.1,4.381904761904762,446,4.247619047619048,,,,,,,,,,,,,,,,,,,"AJ Smith-Shawver","29960",700363
"Michael Soroka","WSN",9,14,7,4.68439,54,18,0,1,,160,695,150,90,83,21,64,,12,147,8.27242,3.58804,2.30556,1.19601,0.211196,0.0916031,0.11959287524223328,0.242857,1.33998,0.286275,0.671785,,,4.48431,1.0767,0.688817,409.3599853515625,,,,,,,605.7,3.7856250000000005,597,3.73125,,,,,,,,,,,,,,,,,,,"Michael Soroka","18383",647336
"Aaron Civale","MIL",7,7,10,4.35803,39,24,0,1,,142,597,135,74,69,23,44,,6,127,8.05576,2.77329,2.90476,1.45268,0.212174,0.0730435,0.13913042843341827,0.246679,1.26192,0.281984,0.715297,,,4.53112,1.06147,1.34027,368.0899963378906,,,,,,,524.9,3.6964788732394362,519,3.6549295774647885,,,,,,,,,,,,,,,,,,,"Aaron Civale","19479",650644
"Max Meyer","MIA",6,7,10,4.32,32,24,0,1,,118,511,120,61,57,16,41,,4,102,7.83,3.15,2.48571,1.26,0.200461,0.0806452,0.11981566995382309,0.257576,1.37,0.298305,0.72402,,,4.38648,1.05445,1.3226,352.9200134277344,,,,,,,437.4000000000001,3.70677966101695,455,3.8559322033898304,,,,,,,,,,,,,,,,,,,"Max Meyer","27474",676974
"Jake Irvin","WSN",8,10,13,4.60653,29,29,0,0,,156,664,153,86,80,24,51,,8,127,7.31286,2.93666,2.4902,1.38196,0.191265,0.0768072,0.11445783078670502,0.252893,1.30518,0.284141,0.692488,,,4.67,1.05307,1.10374,444.760009765625,,,,,,,538.4000000000001,3.451282051282052,545,3.4935897435897436,,,,,,,,,,,,,,,,,,,"Jake Irvin","21504",663623
"Austin Gomber","COL",6,10,11,5.08666,26,26,0,0,,143,618,158,87,81,25,40,,2,104,6.51093,2.50942,2.59459,1.55991,0.167832,0.0646853,0.10314685106277466,0.273921,1.37905,0.297101,0.676393,,,4.8545,1.00935,1.25638,746.3800048828125,,,,,,,421.90000000000003,2.9503496503496507,472,3.300699300699301,,,,,,,,,,,,,,,,,,,"Austin Gomber","16561",596295
"Edward Cabrera","MIA",6,9,10,4.45872,32,23,0,1,,117,505,103,62,58,15,56,,7,120,9.24771,4.29358,2.15385,1.15596,0.237792,0.110403,0.12738854438066483,0.23301,1.3578,0.286713,0.700935,,,4.40501,1.00319,1.13354,455.3800048828125,,,,,,,468.50000000000017,4.004273504273506,445,3.8034188034188032,,,,,,,,,,,,,,,,,,,"Edward Cabrera","21690",665795
"Ryan Weathers","MIA",5,6,9,4.32692,19,19,0,0,,96,416,95,50,46,12,38,,4,84,7.875,3.54808,2.21951,1.125,0.201327,0.090708,0.11061947792768478,0.253071,1.38462,0.29703,0.715421,,,4.33956,0.970376,1.12427,367.19000244140625,,,,,,,357.80000000000007,3.727083333333334,366,3.8125,,,,,,,,,,,,,,,,,,,"Ryan Weathers","23796",677960
"Rhett Lowder","CIN",4,6,7,4.76866,32,18,0,1,,99,422,101,57,52,14,30,,4,75,6.85075,2.75373,2.4878,1.27612,0.17801,0.0715532,0.10645724833011627,0.260456,1.32836,0.291358,0.667107,,,4.53961,0.954772,0.697171,537.4199829101562,,,,,,,349.80000000000007,3.533333333333334,365,3.686868686868687,,,,,,,,,,,,,,,,,,,"Rhett Lowder","33876",695076
"Andrew Heaney","PIT",7,11,10,4.72918,36,24,0,1,,136,599,142,77,72,21,45,,10,123,8.14875,2.98302,2.73171,1.38238,0.206262,0.0755064,0.13075507432222366,0.261663,1.37429,0.303867,0.69735,,,4.56502,0.945182,0.897136,451.3800048828125,,,,,,,463.90000000000015,3.411029411764707,492,3.6176470588235294,,,,,,,,,,,,,,,,,,,"Andrew Heaney","15423",571760
"Jeremiah Estrada","SDP",5,3,0,3.33311,63,0,4,13,,63,260,47,25,23,7,26,,1,86,12.4017,3.76574,3.29329,1.0246,0.331616,0.100695,0.2309216484427452,0.202184,1.17067,0.286434,0.759545,,,3.19457,0.941156,0.880117,417.7699890136719,,,,,,,420.90000000000003,6.680952380952381,387,6.142857142857143,,,,,,,,,,,,,,,,,,,"Jeremiah Estrada","22210",669093
"Johan Oviedo","PIT",6,8,7,4.26618,35,16,0,1,,107,462,100,55,51,13,43,,8,98,8.20419,3.60985,2.27273,1.06655,0.211416,0.0930232,0.11839323490858078,0.24228,1.3309,0.288961,0.704225,,,4.30595,0.935637,1.10977,748.280029296875,,,,,,,418.9000000000001,3.9149532710280384,413,3.8598130841121496,,,,,,,,,,,,,,,,,,,"Johan Oviedo","22487",670912
"Matt Strahm","PHI",6,3,0,3.42102,66,0,5,11,,66,264,52,27,25,8,16,,4,77,10.5951,2.23858,4.73295,1.11929,0.292968,0.0618996,0.231068417429924,0.2139,1.04174,0.277932,0.724474,,,3.36151,0.916119,0.80087,566.0499877929688,,,,,,,417.8000000000001,6.330303030303032,389,5.893939393939394,,,,,,,,,,,,,,,,,,,"Matt Strahm","13799",621381
"Camilo Doval","SFG",6,3,0,3.30781,62,0,10,12,,62,261,48,25,23,5,28,,4,76,11.1639,4.13476,2.7,0.689127,0.292419,0.108303,0.18411552906036377,0.209877,1.24043,0.292994,0.743243,,,3.24305,0.902322,0.872918,381.8999938964844,,,,,,,426.49999999999994,6.879032258064515,399,6.435483870967742,,,,,,,,,,,,,,,,,,,"Camilo Doval","21992",666808
"Trevor Williams","WSN",6,8,9,4.69751,43,23,0,1,,133,582,143,76,69,19,44,,5,104,7.04626,2.98932,2.35714,1.28114,0.178378,0.0756757,0.10270269960165024,0.268437,1.41163,0.302682,0.694716,,,4.55438,0.887613,0.526712,505.3800048828125,,,,,,,443.7,3.3360902255639098,483,3.6315789473684212,,,,,,,,,,,,,,,,,,,"Trevor Williams","16977",592866
"A.J. Minter","NYM",6,3,0,3.41556,57,0,2,12,,57,231,47,24,21,6,18,,1,62,9.90512,2.90323,3.41176,1.02467,0.269767,0.0790698,0.19069769233465195,0.22335,1.1575,0.285714,0.741445,,,3.47008,0.867199,0.732378,652.1599731445312,,,,,,,350.79999999999995,6.15438596491228,332,5.824561403508772,,,,,,,,,,,,,,,,,,,"A.J. Minter","18655",621345
"Ryne Nelson","ARI",7,6,7,4.12362,51,16,0,1,,127,541,129,63,58,17,35,,5,102,7.24409,2.4787,2.92254,1.21608,0.18933,0.0647828,0.12454725056886673,0.256291,1.28528,0.291554,0.718228,,,4.24614,0.854021,1.32108,469.8399963378906,,,,,,,483.3000000000002,3.8055118110236235,502,3.952755905511811,,,,,,,,,,,,,,,,,,,"Ryne Nelson","26253",669194
"Javier Assad","CHC",6,5,9,4.1316,44,21,0,1,,136,588,130,68,62,17,54,,6,110,7.29916,3.58072,2.03846,1.10176,0.187611,0.0920354,0.0955752283334732,0.246548,1.35425,0.283117,0.72445,,,4.46717,0.831118,1.29942,649.3900146484375,,,,,,,503.30000000000007,3.7007352941176475,503,3.698529411764706,,,,,,,,,,,,,,,,,,,"Javier Assad","21741",665871
"Cade Cavalli","WSN",4,4,6,4.30986,28,14,0,1,,78,343,72,41,37,8,35,,7,75,8.61972,4.05634,2.125,0.887324,0.21865,0.102894,0.11575563251972198,0.238095,1.3662,0.292929,0.688073,,,4.13831,0.823866,0.582868,679.1799926757812,,,,,,,319.6000000000001,4.097435897435899,314,4.0256410256410255,,,,,,,,,,,,,,,,,,,"Cade Cavalli","27473",676917
"Caleb Ferguson","PIT",4,3,0,3.35034,61,0,1,12,,61,258,54,25,23,3,23,,6,66,9.77167,3.4357,2.84416,0.490814,0.255501,0.0898338,0.1656675785779953,0.23705,1.2739,0.3193,0.725873,,,3.16152,0.816378,0.787484,999,,,,,,,372.10000000000014,6.100000000000002,364,5.967213114754099,,,,,,,,,,,,,,,,,,,"Caleb Ferguson","19349",657571
"Frankie Montas","NYM",5,7,8,4.64692,19,19,0,0,,98,426,94,55,51,14,40,,4,93,8.54214,3.6902,2.31481,1.29841,0.21815,0.0942408,0.12390924990177155,0.245136,1.36674,0.289189,0.691004,,,4.48766,0.795075,0.416421,515.3300170898438,,,,,,,362.6,3.7,362,3.693877551020408,,,,,,,,,,,,,,,,,,,"Frankie Montas","14309",593423
"Blake Treinen","LAD",7,3,0,3.32027,58,0,8,13,,58,239,49,23,21,6,18,,3,64,9.8798,2.80302,3.52469,0.951644,0.265514,0.0753298,0.19018442183732986,0.225238,1.15954,0.289775,0.749913,,,3.45293,0.793609,0.874428,483.94000244140625,,,,,,,385.0000000000001,6.637931034482761,369,6.362068965517241,,,,,,,,,,,,,,,,,,,"Blake Treinen","12572",595014
"Ryan Fernandez","STL",4,3,0,3.73134,65,0,2,13,,65,273,58,29,27,6,24,,1,64,8.95522,3.28358,2.72727,0.895522,0.235294,0.0862745,0.14901960641145706,0.232759,1.26036,0.289157,0.724852,,,3.61424,0.791323,0.682454,666.4099731445312,,,,,,,371.40000000000003,5.713846153846155,362,5.569230769230769,,,,,,,,,,,,,,,,,,,"Ryan Fernandez","24862",681676
"Dylan Lee","ATL",4,2,0,3.1815,62,0,0,13,,62,253,53,24,22,7,16,,0,74,10.816,2.31771,4.66667,1.0816,0.293228,0.0628345,0.23039324581623077,0.224633,1.12032,0.294811,0.773136,,,3.09781,0.78202,0.90959,737.219970703125,,,,,,,386.8999999999999,6.24032258064516,371,5.983870967741935,,,,,,,,,,,,,,,,,,,"Dylan Lee","19996",669276
"Pierce Johnson","ATL",6,5,0,3.62173,64,0,2,12,,64,274,58,28,26,8,27,,1,78,11.0463,3.80282,2.90476,1.08652,0.285047,0.0981308,0.18691588938236237,0.234375,1.32797,0.312,0.763889,,,3.60914,0.766731,0.865644,692.2999877929688,,,,,,,354.40000000000003,5.5375000000000005,346,5.40625,,,,,,,,,,,,,,,,,,,"Pierce Johnson","13435",572955
"Jordan Romano","PHI",5,4,0,3.7928,59,0,15,8,,59,245,50,27,25,7,20,,3,66,10.0812,3.09581,3.25641,1.04781,0.268172,0.082352,0.18581990897655487,0.226691,1.20088,0.291128,0.715697,,,3.63041,0.752879,0.649358,158.24000549316406,,,,,,,390.5,6.61864406779661,374,6.338983050847458,,,,,,,,,,,,,,,,,,,"Jordan Romano","16122",605447
"Ryan Pressly","CHC",3,2,0,3.55976,60,0,25,5,,60,253,55,26,24,6,20,,1,61,9.15071,2.96652,3.08466,0.863274,0.240431,0.0779441,0.16248676180839539,0.238713,1.25583,0.300031,0.736404,,,3.42633,0.747943,0.752706,169.14999389648438,,,,,,,431.20000000000005,7.186666666666667,426,7.1,,,,,,,,,,,,,,,,,,,"Ryan Pressly","7005",519151
"Kevin Ginkel","ARI",5,2,0,3.09375,51,0,2,12,,51,208,44,19,17,5,16,,2,54,9.5625,2.8125,3.4,0.84375,0.258555,0.0760456,0.18250948935747147,0.228216,1.17188,0.293413,0.765766,,,3.29148,0.723472,1.00776,582.1400146484375,,,,,,,313.5,6.147058823529412,302,5.921568627450981,,,,,,,,,,,,,,,,,,,"Kevin Ginkel","19876",656464
"Hayden Birdsong","SFG",6,7,7,4.23077,42,16,0,1,,96,410,83,48,45,11,42,,7,101,9.46154,3.92308,2.41176,1.07692,0.24502,0.101594,0.1434262990951538,0.228507,1.29915,0.285246,0.702417,,,4.15793,0.713946,0.795431,378.8699951171875,,,,,,,418.3000000000001,4.357291666666668,396,4.125,,,,,,,,,,,,,,,,,,,"Hayden Birdsong","31635",806185
"Colin Holderman","PIT",4,4,0,3.89148,62,0,7,10,,62,264,55,29,27,6,26,,4,63,9.1688,3.79095,2.4186,0.808147,0.237866,0.0983485,0.1395176723599434,0.234338,1.30932,0.297733,0.709132,,,3.77545,0.711425,0.627327,604.5399780273438,,,,,,,352.99999999999994,5.693548387096773,343,5.532258064516129,,,,,,,,,,,,,,,,,,,"Colin Holderman","22361",670059
"Alex Vesia","LAD",6,3,0,3.34551,57,0,1,13,,57,237,42,23,21,7,25,,2,75,11.8865,3.92784,3.02623,1.09464,0.317626,0.104958,0.21266864240169525,0.200255,1.17541,0.274642,0.767425,,,3.5099,0.710405,0.667484,586.8200073242188,,,,,,,352.49999999999994,6.1842105263157885,320,5.614035087719298,,,,,,,,,,,,,,,,,,,"Alex Vesia","25007",681911
"Cal Quantrill","MIA",7,10,12,4.5898,26,26,0,0,,139,612,143,77,71,19,55,,9,102,6.58537,3.5255,1.86792,1.19734,0.166667,0.0892256,0.07744107395410538,0.261278,1.41907,0.291566,0.701439,,,4.80728,0.692984,1.17536,685.75,,,,,,,435.1000000000001,3.13021582733813,460,3.3093525179856114,,,,,,,,,,,,,,,,,,,"Cal Quantrill","19312",615698
"Reed Garrett","NYM",8,5,0,3.52941,66,0,0,14,,66,286,55,28,26,6,32,,1,81,11.1176,4.41177,2.52,0.882353,0.283784,0.112613,0.171171173453331,0.219388,1.33333,0.296875,0.754098,,,3.49981,0.692435,0.570186,744.1500244140625,,,,,,,390.60000000000014,5.918181818181821,371,5.621212121212121,,,,,,,,,,,,,,,,,,,"Reed Garrett","16866",657585
"Anthony Bender","MIA",5,4,0,3.72781,61,0,5,12,,61,257,54,28,25,6,22,,5,65,9.5858,3.19527,3,0.887574,0.251163,0.0837209,0.16744183748960495,0.233161,1.2426,0.298507,0.714286,,,3.62013,0.687936,0.588889,641.22998046875,,,,,,,359.20000000000005,5.888524590163935,349,5.721311475409836,,,,,,,,,,,,,,,,,,,"Anthony Bender","19742",669622
"Jason Adam","SDP",5,3,0,3.3781,67,0,5,11,,67,270,49,27,25,7,22,,7,76,10.2083,3.031,3.36797,1.01033,0.280149,0.0831806,0.1969686895608902,0.20463,1.07339,0.265319,0.726247,,,3.70445,0.670694,1.03691,341.82000732421875,,,,,,,416.29999999999995,6.213432835820895,378,5.641791044776119,,,,,,,,,,,,,,,,,,,"Jason Adam","11861",592094
"Ryan Brasier","CHC",2,1,0,3.18461,51,0,2,12,,51,209,43,20,18,4,14,,1,46,8.18561,2.54444,3.21705,0.650904,0.221856,0.0689625,0.15289368480443954,0.223756,1.13136,0.276184,0.724921,,,3.20812,0.66582,0.774661,748.4099731445312,,,,,,,321.40000000000003,6.301960784313726,308,6.03921568627451,,,,,,,,,,,,,,,,,,,"Ryan Brasier","5615",518489
"Kirby Yates","LAD",6,3,0,3.475,59,0,8,12,,59,248,44,25,23,6,29,,4,72,11.0246,4.44715,2.47902,0.855222,0.290703,0.117265,0.17343753576278687,0.203008,1.23381,0.277435,0.739592,,,3.66234,0.662224,0.806035,235.38999938964844,,,,,,,381.4,6.464406779661017,350,5.932203389830509,,,,,,,,,,,,,,,,,,,"Kirby Yates","9073",489446
"Bryce Elder","ATL",5,4,4,4.15862,25,10,0,1,,69,295,67,34,32,8,24,,3,58,7.63448,3.16552,2.41176,0.993103,0.197749,0.0819936,0.11575562506914139,0.249558,1.32414,0.293427,0.707547,,,4.08372,0.654903,0.72779,746.8400268554688,,,,,,,277.00000000000006,4.014492753623189,280,4.057971014492754,,,,,,,,,,,,,,,,,,,"Bryce Elder","27779",693821
"Chase Dollander","COL",4,6,7,5.01393,27,19,0,1,,103,455,100,62,57,16,42,,11,99,8.60724,3.67688,2.34091,1.42061,0.216842,0.0926316,0.12421052902936935,0.24821,1.37419,0.29097,0.668277,,,4.86564,0.652231,0.894188,999,,,,,,,348.4000000000001,3.382524271844661,350,3.3980582524271843,,,,,,,,,,,,,,,,,,,"Chase Dollander","sa3023361",801403
"Dustin May","LAD",6,4,3,3.5809,50,6,0,1,,73,295,58,31,29,8,23,,6,74,9.07162,2.86472,3.16667,0.954907,0.25,0.0789474,0.17105262726545334,0.218978,1.11406,0.273684,0.714286,,,3.72351,0.649041,0.669507,321.8900146484375,,,,,,,356.00000000000006,4.876712328767124,326,4.465753424657534,,,,,,,,,,,,,,,,,,,"Dustin May","19716",669160
"Tyler Rogers","SFG",5,4,0,3.62597,70,0,1,14,,70,289,71,30,28,6,13,,4,49,6.3061,1.64341,3.83721,0.840813,0.168385,0.0438822,0.12450293451547623,0.259662,1.19951,0.295782,0.712621,,,3.71428,0.645075,0.893497,740.75,,,,,,,367.6,5.251428571428572,380,5.428571428571429,,,,,,,,,,,,,,,,,,,"Tyler Rogers","15541",643511
"Tylor Megill","NYM",5,5,4,4.37121,50,10,0,1,,89,387,84,47,43,12,35,,4,90,9.05464,3.51258,2.57778,1.17086,0.232,0.09,0.1420000120997429,0.242222,1.33565,0.294671,0.699248,,,4.14653,0.607679,0.237133,373.1199951171875,,,,,,,359.6,4.0404494382022484,356,4,,,,,,,,,,,,,,,,,,,"Tylor Megill","21318",656731
"Alexis Díaz","CIN",4,4,0,3.90048,52,0,13,8,,52,213,38,24,22,4,26,,6,52,9.10112,4.47833,2.03226,0.722311,0.245136,0.120623,0.12451363354921341,0.210046,1.23596,0.271523,0.685714,,,4.0172,0.606806,0.751866,172.6199951171875,,,,,,,341.8,6.573076923076924,313,6.019230769230769,,,,,,,,,,,,,,,,,,,"Alexis Diaz","21132",664747
"Joel Payamps","MIL",6,4,0,3.56356,61,0,2,13,,61,253,52,26,24,6,20,,3,59,8.81509,3.03968,2.9,0.911906,0.235057,0.0810541,0.15400271862745285,0.227064,1.1957,0.280474,0.726214,,,3.68998,0.601337,0.759165,498.67999267578125,,,,,,,353.4000000000001,5.793442622950821,338,5.540983606557377,,,,,,,,,,,,,,,,,,,"Joel Payamps","14332",606303
"Kyle Harrison","SFG",4,4,5,4.24165,37,13,0,1,,86,373,81,44,41,12,32,,6,88,9.17738,3.3162,2.76744,1.23393,0.236581,0.0854871,0.15109344571828842,0.24115,1.30248,0.293375,0.717593,,,4.22046,0.591751,0.663937,453.6499938964844,,,,,,,344.19999999999993,4.002325581395348,340,3.953488372093023,,,,,,,,,,,,,,,,,,,"Kyle Harrison","27758",690986
"Adrian Morejon","SDP",3,3,0,3.58852,61,0,1,12,,61,257,55,26,24,7,19,,1,62,9.1866,2.87081,3.2,1.00478,0.240601,0.075188,0.1654135286808014,0.232653,1.22807,0.287356,0.744048,,,3.58115,0.581606,0.509025,667.3300170898438,,,,,,,339.30000000000007,5.562295081967214,331,5.426229508196721,,,,,,,,,,,,,,,,,,,"Adrian Morejon","20039",670970
"Kyle Hart","SDP",5,6,5,4.55871,37,13,0,1,,97,411,94,53,49,17,25,,7,96,8.91021,2.34843,3.79412,1.58864,0.233273,0.0614828,0.1717902347445488,0.249509,1.23561,0.291317,0.698758,,,4.49418,0.577874,0.361657,534.030029296875,,,,,,,364.30000000000007,3.7556701030927844,364,3.752577319587629,,,,,,,,,,,,,,,,,,,"Kyle Hart","19646",606996
"Randy Vásquez","SDP",5,5,6,4.32283,29,14,0,1,,86,374,86,45,41,11,28,,6,65,6.87402,2.97638,2.30952,1.13386,0.17509,0.0758123,0.09927798062562943,0.254473,1.33858,0.287179,0.704607,,,4.48144,0.575122,0.56329,695.4099731445312,,,,,,,309.4999999999999,3.5988372093023244,319,3.7093023255813953,,,,,,,,,,,,,,,,,,,"Randy Vasquez","24719",681190
"JoJo Romero","STL",6,4,0,3.39318,62,0,1,13,,62,257,53,25,23,7,20,,3,65,9.53321,2.90844,3.27778,0.969479,0.25431,0.0775862,0.1767241582274437,0.227488,1.18492,0.287671,0.746528,,,3.57941,0.562799,0.734302,718.2000122070312,,,,,,,352.8999999999999,5.691935483870966,337,5.435483870967742,,,,,,,,,,,,,,,,,,,"JoJo Romero","19574",668941
"Stephen Kolek","SDP",5,5,3,4.37143,41,8,0,1,,81,357,79,43,39,8,29,,8,66,7.32857,3.21429,2.28,0.9,0.185065,0.0811688,0.10389609634876251,0.246377,1.32857,0.287736,0.673077,,,4.20934,0.55914,0.267819,694.02001953125,,,,,,,320.6,3.958024691358025,326,4.0246913580246915,,,,,,,,,,,,,,,,,,,"Stephen Kolek","21487",663568
"José Buttó","NYM",4,2,0,3.48637,63,0,1,16,,63,261,49,26,24,6,27,,4,69,9.94261,3.87374,2.56667,0.903874,0.265517,0.103448,0.16206898540258408,0.211765,1.20517,0.274854,0.74124,,,3.76906,0.557311,0.755926,675.3699951171875,,,,,,,379,6.015873015873016,351,5.571428571428571,,,,,,,,,,,,,,,,,,,"Jose Butto","23313",676130
"Michael McGreevy","STL",4,4,3,3.93346,46,8,0,1,,82,343,82,38,36,10,21,,1,58,6.34051,2.34834,2.7,1.05675,0.167963,0.0622084,0.10575427487492561,0.25624,1.26549,0.286316,0.722749,,,4.10581,0.552765,0.649995,452.6199951171875,,,,,,,324.6000000000001,3.9585365853658545,334,4.073170731707317,,,,,,,,,,,,,,,,,,,"Michael McGreevy","29869",700241
"Tony Gonsolin","LAD",5,4,5,4.37424,36,13,0,1,,85,347,76,44,41,12,28,,3,69,7.32685,2.95261,2.48148,1.31227,0.2,0.080597,0.11940297484397888,0.239344,1.21507,0.269911,0.685096,,,4.52735,0.543586,0.611227,483.1099853515625,,,,,,,332.79999999999995,3.915294117647058,318,3.7411764705882353,,,,,,,,,,,,,,,,,,,"Tony Gonsolin","19388",664062
"Derek Law","WSN",4,5,0,3.91304,66,0,3,12,,66,281,64,30,29,7,24,,2,56,7.69565,3.26087,2.36,0.913044,0.199324,0.0844595,0.11486484855413437,0.249071,1.33333,0.295566,0.729927,,,3.94909,0.541631,0.661713,733.030029296875,,,,,,,332.9000000000001,5.043939393939396,336,5.090909090909091,,,,,,,,,,,,,,,,,,,"Derek Law","13133",571882
"Dennis Santana","PIT",3,3,0,3.96465,65,0,2,15,,65,277,58,31,28,5,27,,3,62,8.67058,3.75815,2.30714,0.738207,0.224763,0.0974203,0.12734229117631912,0.234846,1.31457,0.293781,0.696607,,,3.70634,0.541116,0.485104,549.3599853515625,,,,,,,372.7,5.733846153846153,364,5.6,,,,,,,,,,,,,,,,,,,"Dennis Santana","17878",642701
"Taylor Rogers","CIN",4,4,0,4.56389,62,0,5,12,,62,272,57,34,31,9,26,,5,75,10.9533,3.83367,2.85714,1.27789,0.275229,0.0963303,0.17889908701181412,0.238342,1.35903,0.309524,0.699301,,,4.09954,0.511021,0.0820573,493.0799865722656,,,,,,,329.9,5.320967741935483,323,5.209677419354839,,,,,,,,,,,,,,,,,,,"Taylor Rogers","13449",573124
"Bubba Chandler","PIT",4,6,6,4.59435,13,13,0,0,,61,268,60,34,31,8,25,,4,53,7.71194,3.60984,2.13636,1.14859,0.196653,0.0920502,0.10460251569747925,0.250585,1.37648,0.291536,0.684932,,,4.5065,0.50663,0.493814,317.3299865722656,,,,,,,216.0000000000001,3.5409836065573788,220,3.6065573770491803,,,,,,,,,,,,,,,,,,,"Bubba Chandler","sa3017428",696149
"Carmen Mlodzinski","PIT",5,5,2,3.89121,52,5,0,1,,76,323,71,36,33,7,29,,3,65,7.78243,3.38912,2.2963,0.878661,0.202614,0.0882353,0.11437908560037613,0.242754,1.31102,0.289855,0.712589,,,3.96146,0.4939,0.527174,724.4099731445312,,,,,,,329.69999999999993,4.338157894736841,327,4.302631578947368,,,,,,,,,,,,,,,,,,,"Carmen Mlodzinski","27572",669387
"Nick Mears","MIL",3,2,0,3.80282,58,0,0,11,,58,251,49,27,24,6,28,,1,70,10.8652,4.34608,2.5,0.905433,0.277778,0.111111,0.166666679084301,0.219895,1.32797,0.293651,0.728814,,,3.56889,0.477269,0.279364,745.6900024414062,,,,,,,325,5.603448275862069,309,5.327586206896552,,,,,,,,,,,,,,,,,,,"Nick Mears","25376",683232
"Matt Waldron","SDP",4,4,4,4.62039,20,10,0,1,,63,271,63,35,33,9,19,,3,53,7.48373,2.66811,2.80488,1.30152,0.194585,0.0693739,0.12521151453256607,0.252302,1.28706,0.286765,0.673333,,,4.42461,0.465399,0.159708,657.5499877929688,,,,,,,235.70000000000005,3.741269841269842,242,3.8412698412698414,,,,,,,,,,,,,,,,,,,"Matt Waldron","25550",663362
"Joe Mantiply","ARI",5,2,0,3.5503,59,0,0,12,,59,249,57,25,23,5,19,,1,51,7.81065,2.84024,2.75,0.710059,0.204651,0.0744186,0.1302325576543808,0.247475,1.28205,0.3,0.723906,,,3.46234,0.459294,0.51495,748.9600219726562,,,,,,,316.90000000000003,5.371186440677967,320,5.423728813559322,,,,,,,,,,,,,,,,,,,"Joe Mantiply","14857",573009
"Jose A. Ferrer","WSN",3,3,0,4.23287,62,0,6,13,,62,261,60,31,29,6,19,,3,53,7.76286,2.75215,2.82065,0.942313,0.203338,0.072089,0.13124894350767136,0.24946,1.27402,0.296332,0.676581,,,3.88443,0.440966,0.175947,651.9000244140625,,,,,,,350.99999999999994,5.661290322580644,354,5.709677419354839,,,,,,,,,,,,,,,,,,,"Jose A. Ferrer","24017",678606
"Caleb Thielbar","CHC",4,3,0,3.74728,55,0,0,11,,55,233,50,25,23,6,20,,1,60,9.83666,3.22995,3.04545,1.00936,0.257517,0.084558,0.17295949161052704,0.235469,1.26848,0.30004,0.734082,,,3.58246,0.438057,0.251122,999,,,,,,,304.2,5.53090909090909,298,5.418181818181818,,,,,,,,,,,,,,,,,,,"Caleb Thielbar","10078",573204
"Bryan Hudson","MIL",4,3,0,3.67048,60,0,1,11,,60,251,49,26,24,7,25,,3,63,9.58109,3.74241,2.56014,0.99026,0.252978,0.0988142,0.1541636660695076,0.218379,1.23369,0.275361,0.732084,,,3.85666,0.432318,0.571234,999,,,,,,,321.5,5.358333333333333,300,5,,,,,,,,,,,,,,,,,,,"Bryan Hudson","19924",663542
"Quinn Mathews","STL",2,2,3,3.94675,18,6,0,1,,45,192,40,21,20,5,16,,3,44,8.88019,3.31245,2.68085,1.05717,0.230769,0.0860806,0.14468864351511002,0.234694,1.2686,0.286533,0.716312,,,4.0357,0.431079,0.437227,419.30999755859375,,,,,,,202.5,4.5,195,4.333333333333333,,,,,,,,,,,,,,,,,,,"Quinn Mathews","sa3023407",687273
"Tanner Banks","PHI",3,2,0,3.95455,68,0,0,11,,68,287,66,32,30,8,19,,2,66,8.72727,2.59091,3.36842,1.09091,0.228571,0.0678571,0.1607142984867096,0.247104,1.25758,0.299465,0.724234,,,3.75739,0.418439,0.261043,999,,,,,,,346.20000000000005,5.091176470588236,349,5.132352941176471,,,,,,,,,,,,,,,,,,,"Tanner Banks","16990",621383
"Robert Suarez","SDP",6,6,0,4.01511,65,0,25,5,,65,275,57,31,29,7,25,,2,62,8.61259,3.53815,2.43421,1.0242,0.225108,0.0924767,0.1326311230659485,0.23214,1.27991,0.281159,0.709442,,,4.02515,0.39967,0.303981,103.19000244140625,,,,,,,434.7,6.687692307692307,422,6.492307692307692,,,,,,,,,,,,,,,,,,,"Robert Suarez","30115",663158
"Griffin Canning","NYM",6,8,6,4.86141,49,16,0,1,,123,530,119,72,67,21,46,,4,111,8.12367,3.32623,2.44231,1.53518,0.210265,0.0860927,0.12417219579219818,0.248629,1.33618,0.282828,0.686529,,,4.79406,0.38921,0.10922,455.0400085449219,,,,,,,418.5000000000001,3.4024390243902447,418,3.3983739837398375,,,,,,,,,,,,,,,,,,,"Griffin Canning","19867",656288
"Andrew Painter","PHI",2,3,4,4.7093,19,11,0,1,,54,235,50,31,28,9,23,,3,57,9.52326,3.87209,2.45946,1.46512,0.243968,0.0991957,0.14477211982011795,0.237952,1.34884,0.286344,0.695021,,,4.59671,0.387192,0.257945,999,,,,,,,198.90000000000003,3.683333333333334,193,3.574074074074074,,,,,,,,,,,,,,,,,,,"Andrew Painter","sa3017880",691725
"Scott Barlow","CIN",3,4,0,4.08266,58,0,2,10,,58,246,50,28,26,7,24,,3,68,10.6075,3.71896,2.85227,1.0847,0.276157,0.0968199,0.17933686822652817,0.230292,1.28903,0.301644,0.710483,,,3.77065,0.385546,0.332909,581.469970703125,,,,,,,318.1,5.48448275862069,304,5.241379310344827,,,,,,,,,,,,,,,,,,,"Scott Barlow","14993",605130
"Shinnosuke Ogasawara","WSN",0,0,3,4.75581,44,10,0,0,,73,381,65,41,39,12,37,,4,83,10.1716,4.59083,2.21563,1.48236,0.21784,0.0983198,0.11952050030231476,0.189965,1.38892,0.214363,0.719135,,,4.73284,0.380848,0.54917,733.9500122070312,,,,,,,266.6,3.652054794520548,252,3.452054794520548,,,,,,,,,,,,,,,,,,,"Shinnosuke Ogasawara","sa3058454",829272
"Calvin Faucher","MIA",2,4,0,4.09867,63,0,22,6,,63,280,62,31,29,7,30,,2,65,9.39279,4.26945,2.2,1.02467,0.233051,0.105932,0.12711864709854126,0.248804,1.4611,0.310811,0.74344,,,4.09627,0.370717,0.455884,299.3699951171875,,,,,,,386.90000000000003,6.141269841269842,392,6.222222222222222,,,,,,,,,,,,,,,,,,,"Calvin Faucher","20116",676534
"Victor Vodnik","COL",4,4,0,4.35938,65,0,4,13,,65,288,62,35,31,7,31,,2,62,8.57812,4.35938,1.96774,0.984375,0.214789,0.109155,0.10563380271196365,0.243028,1.4375,0.295082,0.705596,,,4.22898,0.370291,0.404914,599.469970703125,,,,,,,330.7,5.087692307692308,331,5.092307692307692,,,,,,,,,,,,,,,,,,,"Victor Vodnik","24614",680767
"Jared Koenig","MIL",4,4,0,4.00531,62,0,2,11,,62,263,57,30,27,7,23,,3,59,8.55236,3.41287,2.50592,0.999626,0.22242,0.0887578,0.1336618885397911,0.239873,1.30123,0.291451,0.713515,,,3.99558,0.366988,0.390041,733.3800048828125,,,,,,,318.49999999999994,5.137096774193547,313,5.048387096774194,,,,,,,,,,,,,,,,,,,"Jared Koenig","27517",657649
"Daysbel Hernández","ATL",6,3,0,3.63462,58,0,0,11,,58,252,49,25,23,6,29,,3,70,10.9038,4.5,2.42308,0.865385,0.277533,0.114537,0.1629956066608429,0.222222,1.34615,0.3,0.746032,,,3.66648,0.363147,0.462246,749.97998046875,,,,,,,316,5.448275862068965,300,5.172413793103448,,,,,,,,,,,,,,,,,,,"Daysbel Hernandez","20271",678226
"Erik Miller","SFG",4,3,0,3.80506,61,0,1,12,,61,264,49,28,26,6,34,,2,76,11.3032,5.07489,2.22727,0.895568,0.288012,0.129311,0.15870042145252228,0.216388,1.37826,0.296859,0.741525,,,3.7394,0.348438,0.347603,999,,,,,,,347.20000000000005,5.691803278688526,324,5.311475409836065,,,,,,,,,,,,,,,,,,,"Erik Miller","26252",669062
"Wade Miley","CIN",3,4,4,4.98795,11,11,0,0,,55,241,60,33,30,8,21,,1,34,5.53012,3.36145,1.64516,1.3012,0.140496,0.0853994,0.05509643256664276,0.275758,1.46988,0.29588,0.684411,,,5.00985,0.343039,0.338952,999,,,,,,,154.60000000000002,2.8109090909090915,173,3.1454545454545455,,,,,,,,,,,,,,,,,,,"Wade Miley","8779",489119
"Colin Rea","CHC",4,5,3,4.44444,42,8,0,1,,82,348,83,44,40,12,23,,4,64,6.99346,2.48366,2.81579,1.30719,0.183219,0.0650685,0.11815068125724792,0.257885,1.2854,0.288835,0.691275,,,4.48093,0.331717,0.289829,582.760009765625,,,,,,,294.40000000000003,3.590243902439025,305,3.7195121951219514,,,,,,,,,,,,,,,,,,,"Colin Rea","12317",607067
"DJ Herz","WSN",3,3,3,4.51253,21,8,0,1,,46,204,40,25,23,6,25,,3,49,9.61003,4.8468,1.98276,1.08635,0.242105,0.122105,0.12000000476837158,0.229268,1.41133,0.287234,0.702541,,,4.41068,0.317385,0.238889,418.2099914550781,,,,,,,180.60000000000002,3.92608695652174,170,3.6956521739130435,,,,,,,,,,,,,,,,,,,"DJ Herz","26389",687792
"Elvis Peguero","MIL",5,4,0,3.81356,56,0,0,9,,56,239,49,25,24,5,23,,3,52,8.38983,3.66102,2.29167,0.762712,0.217391,0.0948617,0.12252964079380035,0.230088,1.28814,0.283133,0.710145,,,3.77665,0.308936,0.308594,750.5599975585938,,,,,,,287.5000000000001,5.133928571428574,277,4.946428571428571,,,,,,,,,,,,,,,,,,,"Elvis Peguero","21652",665625
"Yuki Matsui","SDP",3,2,0,3.72809,58,0,0,11,,58,245,47,26,24,6,27,,2,67,10.3965,4.16162,2.49818,0.998788,0.271337,0.108614,0.16272332519292831,0.217387,1.27932,0.283311,0.737636,,,3.79703,0.299196,0.269002,725.6599731445312,,,,,,,324.20000000000005,5.589655172413794,303,5.224137931034483,,,,,,,,,,,,,,,,,,,"Yuki Matsui","33826",673513
"Aaron Ashby","MIL",4,4,1,4.22287,38,3,0,1,,57,255,51,29,27,5,32,,4,57,8.97361,5.01466,1.78947,0.791789,0.221739,0.123913,0.09782608598470688,0.232323,1.4565,0.291228,0.711144,,,4.19287,0.298195,0.273806,635.030029296875,,,,,,,237.69999999999996,4.17017543859649,230,4.035087719298246,,,,,,,,,,,,,,,,,,,"Aaron Ashby","23550",676879
"Ryan Thompson","ARI",6,3,0,3.55476,63,0,0,13,,63,260,61,27,25,7,17,,2,49,7.10952,2.4237,2.93333,0.969479,0.190476,0.0649351,0.12554112821817398,0.252336,1.23878,0.292683,0.742574,,,3.90257,0.283821,0.666738,750.1900024414062,,,,,,,314.5,4.992063492063492,317,5.031746031746032,,,,,,,,,,,,,,,,,,,"Ryan Thompson","16647",657044
"Scott Alexander","COL",4,4,0,4.10072,56,0,0,9,,56,240,58,28,26,5,17,,3,42,6.69065,2.80576,2.38462,0.863309,0.173184,0.0726257,0.10055866837501526,0.262195,1.34293,0.302326,0.694444,,,4.00581,0.279982,0.325402,999,,,,,,,262.1,4.680357142857143,275,4.910714285714286,,,,,,,,,,,,,,,,,,,"Scott Alexander","10591",518397
"Adam Mazur","MIA",2,3,3,4.62162,6,6,0,0,,31,135,33,17,16,4,10,,1,24,6.81081,2.91892,2.33333,1.21622,0.173913,0.0745342,0.09937889128923416,0.265169,1.38739,0.297688,0.691729,,,4.43675,0.279777,0.278859,748.7999877929688,,,,,,,109.39999999999999,3.529032258064516,118,3.806451612903226,,,,,,,,,,,,,,,,,,,"Adam Mazur","31900",800049
"Jordan Wicks","CHC",2,2,2,4.12941,18,6,0,1,,39,166,37,19,18,5,13,,1,33,7.72941,2.96471,2.60714,1.16471,0.200549,0.0769231,0.12362637370824814,0.246246,1.29412,0.285141,0.718816,,,4.2253,0.2791,0.349636,701.489990234375,,,,,,,158.90000000000003,4.074358974358975,158,4.051282051282051,,,,,,,,,,,,,,,,,,,"Jordan Wicks","30094",696136
"Jesus Tinoco","MIA",2,2,0,4.10244,64,0,6,10,,64,276,61,32,29,8,26,,2,62,8.83919,3.63312,2.43295,1.07184,0.226583,0.0931308,0.13345184922218323,0.245858,1.36175,0.300104,0.724914,,,4.06355,0.276267,0.357822,463.9800109863281,,,,,,,326.6,5.103125,326,5.09375,,,,,,,,,,,,,,,,,,,"Jesus Tinoco","16300",622786
"Braxton Ashcraft","PIT",1,1,1,4.01487,29,3,0,1,,40,166,41,19,18,5,8,,1,32,7.3606,1.89591,3.88235,1.11524,0.194118,0.05,0.14411764964461327,0.258567,1.23916,0.297959,0.709302,,,3.84802,0.272276,0.240363,999,,,,,,,168.9,4.2225,176,4.4,,,,,,,,,,,,,,,,,,,"Braxton Ashcraft","sa3008470",677952
"Emilio Pagán","CIN",4,5,0,4.62371,65,0,5,11,,65,273,60,36,33,12,21,,1,65,9.05707,2.93023,3.09091,1.64825,0.237998,0.0769994,0.16099882870912552,0.239572,1.2557,0.277384,0.697766,,,4.5724,0.259313,0.0598744,702.97998046875,,,,,,,310.4,4.775384615384615,302,4.6461538461538465,,,,,,,,,,,,,,,,,,,"Emilio Pagan","14771",641941
"Dedniel Núñez","NYM",3,2,0,3.54037,49,0,0,4,,49,204,41,21,19,6,17,,0,56,10.4348,3.1677,3.29412,1.11801,0.277228,0.0841584,0.19306931644678116,0.221622,1.20083,0.284553,0.745968,,,3.51845,0.249263,0.183562,731.8699951171875,,,,,,,259.20000000000005,5.289795918367348,244,4.979591836734694,,,,,,,,,,,,,,,,,,,"Dedniel Nunez","23055",673380
"Drey Jameson","ARI",5,4,1,3.87209,48,3,0,1,,65,277,62,30,28,8,22,,4,56,7.84884,3.03488,2.58621,1.04651,0.203252,0.0785908,0.12466125190258026,0.247761,1.30233,0.292,0.734694,,,4.11997,0.240721,0.43951,747.8699951171875,,,,,,,259.40000000000003,3.9907692307692315,259,3.9846153846153847,,,,,,,,,,,,,,,,,,,"Drey Jameson","26260",686753
"Porter Hodge","CHC",4,3,0,4.00553,62,0,10,10,,62,266,51,30,28,6,31,,5,69,9.97966,4.50288,2.21628,0.882243,0.258042,0.11643,0.1416122242808342,0.220878,1.3204,0.288136,0.707122,,,3.97616,0.238395,0.256973,281.7099914550781,,,,,,,372.4,6.006451612903225,352,5.67741935483871,,,,,,,,,,,,,,,,,,,"Porter Hodge","26413",687863
"Evan Phillips","LAD",3,2,0,3.11958,49,0,0,7,,49,196,37,19,17,4,15,,2,54,9.98267,2.80763,3.55556,0.779896,0.278261,0.0782609,0.19999998807907104,0.209524,1.07452,0.276596,0.727273,,,3.11449,0.229622,0.173468,651.3900146484375,,,,,,,302.20000000000005,6.167346938775511,278,5.673469387755102,,,,,,,,,,,,,,,,,,,"Evan Phillips","17734",623465
"Paul Blackburn","NYM",5,5,3,4.66373,52,8,0,1,,87,379,90,49,45,12,32,,3,68,7.0452,3.27453,2.15152,1.28997,0.178841,0.0831234,0.0957178846001625,0.260388,1.40022,0.292419,0.698529,,,4.6549,0.229147,0.0869388,672.1300048828125,,,,,,,297.20000000000005,3.416091954022989,314,3.6091954022988504,,,,,,,,,,,,,,,,,,,"Paul Blackburn","14739",621112
"Tony Santillan","CIN",4,5,0,4.50461,60,0,5,10,,60,259,53,32,30,8,29,,5,67,10.1548,4.30198,2.3605,1.18675,0.259732,0.110032,0.1496991664171219,0.234768,1.3663,0.299751,0.695836,,,4.30528,0.208552,0.146519,596.0999755859375,,,,,,,304.8,5.08,293,4.883333333333334,,,,,,,,,,,,,,,,,,,"Tony Santillan","19926",663574
"José Suarez","ATL",3,2,1,4.16238,47,2,0,1,,57,247,54,29,26,6,22,,2,55,8.69476,3.4224,2.54054,1.01747,0.222222,0.0874704,0.13475177437067032,0.243455,1.33607,0.296029,0.706806,,,3.96812,0.201872,0.114122,749.7000122070312,,,,,,,249.59999999999994,4.378947368421051,249,4.368421052631579,,,,,,,,,,,,,,,,,,,"Jose Suarez","19911",660761
"Brent Suter","CIN",2,2,0,4.42623,64,0,1,10,,64,272,67,33,31,8,19,,2,49,6.93443,2.65574,2.61111,1.18033,0.180077,0.0689655,0.1111111119389534,0.26556,1.34426,0.301075,0.706215,,,4.31402,0.200933,0.173069,999,,,,,,,281.00000000000006,4.390625000000001,296,4.625,,,,,,,,,,,,,,,,,,,"Brent Suter","13942",608718
"DL Hall","MIL",2,2,1,4.13793,31,3,0,1,,41,181,37,20,19,5,19,,3,44,9.65517,4.25287,2.27027,1.03448,0.243478,0.107246,0.13623187690973282,0.231023,1.36654,0.290476,0.720339,,,4.12433,0.199275,0.122524,725.72998046875,,,,,,,171.70000000000005,4.187804878048782,166,4.048780487804878,,,,,,,,,,,,,,,,,,,"DL Hall","22207",669084
"Shelby Miller","ARI",6,4,0,3.77358,56,0,0,10,,56,230,48,26,23,6,20,,4,54,8.67924,3.20755,2.70588,0.943396,0.233503,0.0862944,0.14720812439918518,0.231638,1.21593,0.285714,0.705882,,,3.8583,0.195543,0.260247,999,,,,,,,291.80000000000007,5.210714285714287,278,4.964285714285714,,,,,,,,,,,,,,,,,,,"Shelby Miller","10197",571946
"José Ruiz","PHI",3,3,0,4.47684,62,0,0,11,,62,266,58,33,31,8,24,,2,62,9.10806,3.5506,2.56522,1.23499,0.234127,0.0912698,0.1428571417927742,0.242291,1.33791,0.29375,0.703593,,,4.21279,0.182293,-0.0352642,999,,,,,,,299.59999999999997,4.832258064516129,296,4.774193548387097,,,,,,,,,,,,,,,,,,,"Jose Ruiz","14552",614179
"Brandon Sproat","NYM",1,1,1,4.25265,3,3,0,0,,15,63,14,7,7,2,5,,0,13,7.89778,3.38476,2.33333,1.04147,0.203579,0.0872483,0.11633109301328659,0.241975,1.32112,0.284768,0.698835,,,4.1308,0.182035,0.211263,999,,,,,,,61.00000000000001,4.066666666666667,60,4,,,,,,,,,,,,,,,,,,,"Brandon Sproat","sa3023499",687075
"Ryne Stanek","NYM",5,5,0,3.88235,58,0,0,12,,58,246,47,27,25,7,29,,2,66,10.2353,4.58824,2.23077,1.05882,0.266055,0.119266,0.14678899198770523,0.221053,1.33333,0.285714,0.738255,,,4.06844,0.179113,0.187051,745.4500122070312,,,,,,,307.90000000000003,5.308620689655173,286,4.931034482758621,,,,,,,,,,,,,,,,,,,"Ryne Stanek","15947",592773
"Phil Maton","STL",3,3,0,4.12671,63,0,1,15,,63,265,57,31,29,8,23,,8,60,8.67552,3.26924,2.65368,1.08975,0.227466,0.085717,0.14174850285053253,0.240639,1.26647,0.293111,0.70019,,,4.26566,0.168599,0.196468,746.3599853515625,,,,,,,311.6000000000001,4.946031746031747,303,4.809523809523809,,,,,,,,,,,,,,,,,,,"Phil Maton","18064",664208
"Bradley Blalock","COL",2,3,2,4.84615,29,5,0,1,,47,209,51,28,25,7,19,,1,35,6.75,3.54808,1.90244,1.29808,0.168831,0.0887446,0.08008658140897751,0.267943,1.47115,0.298462,0.69697,,,4.81071,0.158949,0.286588,999,,,,,,,143.10000000000005,3.044680851063831,158,3.3617021276595747,,,,,,,,,,,,,,,,,,,"Bradley Blalock","26419",687134
"Craig Yoho","MIL",3,3,0,3.55476,51,0,0,1,,51,212,39,22,20,5,20,,5,63,11.149,3.55476,3.13636,0.969479,0.296137,0.0944206,0.20171672850847244,0.208738,1.16697,0.282443,0.724382,,,3.5435,0.158664,0.124501,999,,,,,,,269.5,5.284313725490196,245,4.803921568627451,,,,,,,,,,,,,,,,,,,"Craig Yoho","sa3023032",684974
"Keaton Winn","SFG",4,4,1,4.26778,47,2,0,1,,54,232,52,28,26,6,17,,4,50,8.28452,2.76151,3,1.00418,0.214286,0.0714286,0.1428571417927742,0.245552,1.26918,0.294686,0.676692,,,3.90567,0.158599,0.0568211,727.4099731445312,,,,,,,231.60000000000002,4.28888888888889,233,4.314814814814815,,,,,,,,,,,,,,,,,,,"Keaton Winn","23499",676775
"John King","STL",5,3,0,3.6388,60,0,0,12,,60,255,63,26,24,5,16,,2,37,5.62858,2.36993,2.375,0.740603,0.146169,0.061545,0.08462432771921158,0.264945,1.31843,0.297073,0.730505,,,3.87417,0.156278,0.407395,999,,,,,,,286.7,4.778333333333333,303,5.05,,,,,,,,,,,,,,,,,,,"John King","22051",667463
"Seth Halvorsen","COL",5,6,0,4.67308,63,0,10,8,,63,276,62,35,33,8,27,,4,58,8.30769,3.80769,2.18182,1.21154,0.210526,0.0964912,0.11403509229421616,0.251232,1.40385,0.297297,0.696203,,,4.51263,0.145743,0.327754,376.1700134277344,,,,,,,311.6000000000001,4.946031746031747,316,5.015873015873016,,,,,,,,,,,,,,,,,,,"Seth Halvorsen","33294",678020
"Landon Knack","LAD",3,2,1,4.41717,37,2,0,1,,43,184,41,23,21,6,14,,1,41,8.47122,2.9556,2.86616,1.3136,0.221104,0.0771427,0.14396079629659653,0.245545,1.28634,0.288543,0.695806,,,4.24871,0.145361,0.0447013,531.1900024414062,,,,,,,178.79999999999998,4.158139534883721,178,4.1395348837209305,,,,,,,,,,,,,,,,,,,"Landon Knack","27487",689017
"Bobby Miller","LAD",3,2,1,4.37383,39,2,0,1,,45,193,42,24,22,6,16,,3,41,8.15888,3.19626,2.55263,1.09346,0.213656,0.0837004,0.12995595484972,0.239024,1.27103,0.283333,0.679117,,,4.16648,0.142708,0.0446585,509.9700012207031,,,,,,,179,3.977777777777778,176,3.911111111111111,,,,,,,,,,,,,,,,,,,"Bobby Miller","27483",676272
"Tyler Kinley","COL",3,4,0,4.70825,64,0,17,7,,64,277,61,36,33,10,28,,3,70,9.77867,3.9839,2.45455,1.44869,0.251163,0.102326,0.14883722364902496,0.246073,1.38833,0.302326,0.709343,,,4.53469,0.135955,0.299257,477.2099914550781,,,,,,,352,5.5,350,5.46875,,,,,,,,,,,,,,,,,,,"Tyler Kinley","18297",641755
"Joey Wentz","PIT",3,3,0,4.44706,65,0,0,12,,65,284,63,34,32,8,28,,2,65,9,3.91765,2.2973,1.16471,0.227273,0.0989305,0.12834223359823227,0.247761,1.41176,0.301255,0.717017,,,4.2253,0.127025,0.0673472,999,,,,,,,306.8,4.72,309,4.753846153846154,,,,,,,,,,,,,,,,,,,"Joey Wentz","19962",666214
"Logan Henderson","MIL",2,2,1,4.43299,13,3,0,1,,23,96,21,12,11,4,7,,1,23,9.17526,2.8866,3.17857,1.54639,0.242507,0.0762943,0.1662125289440155,0.238095,1.23711,0.280172,0.712644,,,4.4265,0.124749,0.116828,600.6900024414062,,,,,,,92.4,4.017391304347826,89,3.869565217391304,,,,,,,,,,,,,,,,,,,"Logan Henderson","sa3020080",701656
"Lou Trivino","SFG",5,7,0,4.22977,66,0,0,13,,66,293,65,33,31,7,27,,3,62,8.45953,3.75979,2.25,0.939948,0.210526,0.0935672,0.11695905774831772,0.248366,1.40992,0.300885,0.72314,,,4.05421,0.123943,0.0639948,999,,,,,,,319.30000000000007,4.837878787878789,325,4.924242424242424,,,,,,,,,,,,,,,,,,,"Lou Trivino","15043",642152
"Anthony Banda","LAD",3,3,0,4.38635,56,0,0,13,,56,244,56,30,27,7,21,,3,55,8.87364,3.41709,2.59684,1.18855,0.22601,0.0870327,0.13897708803415298,0.256684,1.38928,0.311712,0.713661,,,4.19896,0.123874,-0.10615,999,,,,,,,272.70000000000005,4.869642857142858,279,4.982142857142857,,,,,,,,,,,,,,,,,,,"Anthony Banda","14706",607455
"Graham Ashcraft","CIN",3,4,0,4.72779,55,0,3,4,,55,238,55,31,29,6,19,,4,44,7.22063,3.18052,2.27027,1.03152,0.184211,0.0811404,0.10307016968727112,0.257282,1.36581,0.297468,0.66561,,,4.31261,0.12219,-0.0318574,631.1699829101562,,,,,,,240.2,4.367272727272727,247,4.490909090909091,,,,,,,,,,,,,,,,,,,"Graham Ashcraft","27552",668933
"Brusdar Graterol","LAD",2,1,0,3.22641,27,0,0,1,,27,111,24,11,10,2,6,,2,22,7.13208,2.03774,3.5,0.509434,0.196262,0.0560748,0.14018692076206207,0.231156,1.09434,0.279221,0.687732,,,3.16648,0.121677,0.0786448,999,,,,,,,136.8,5.066666666666667,133,4.925925925925926,,,,,,,,,,,,,,,,,,,"Brusdar Graterol","20367",660813
"Carson Spiers","CIN",2,4,1,5.09735,36,3,0,1,,52,230,54,32,30,9,19,,4,45,7.80531,3.26549,2.39024,1.51327,0.196393,0.0821643,0.11422846466302872,0.262222,1.40708,0.297297,0.679758,,,4.91869,0.115075,0.00345939,733.7100219726562,,,,,,,158.70000000000002,3.051923076923077,168,3.230769230769231,,,,,,,,,,,,,,,,,,,"Carson Spiers","27685",686730
"Eli Morgan","CHC",3,2,0,3.7814,51,0,0,4,,51,213,47,23,21,7,14,,2,48,8.46118,2.46732,3.42929,1.23366,0.225719,0.0658208,0.15989796072244644,0.238594,1.19523,0.281688,0.73609,,,3.982,0.109042,0.142201,999,,,,,,,233.10000000000008,4.570588235294119,228,4.470588235294118,,,,,,,,,,,,,,,,,,,"Eli Morgan","20203",669212
"Valente Bellozo","MIA",3,5,4,4.88793,25,10,0,1,,68,298,75,40,37,12,23,,2,50,6.59483,3.02586,2.17949,1.55172,0.167653,0.0769231,0.09072978049516678,0.273118,1.43103,0.297222,0.710145,,,5.02855,0.108081,0.255949,745.6799926757812,,,,,,,189.60000000000002,2.7882352941176474,213,3.1323529411764706,,,,,,,,,,,,,,,,,,,"Valente Bellozo","23899",678368
"Joe Jiménez","ATL",1,1,0,3.28358,25,0,0,1,,25,102,20,10,9,2,8,,1,30,11.0448,2.83582,3.89474,0.895522,0.299595,0.0769231,0.22267206758260727,0.213333,1.11111,0.289655,0.733788,,,3.10014,0.107531,0.0881107,750.7999877929688,,,,,,,145.4,5.816,136,5.44,,,,,,,,,,,,,,,,,,,"Joe Jimenez","15761",641729
"Sean Hjelle","SFG",3,3,0,4.16129,50,0,0,4,,50,217,50,25,23,5,15,,4,42,7.64516,2.70968,2.82143,0.870968,0.194581,0.0689655,0.12561576813459396,0.254054,1.31183,0.301418,0.694698,,,3.88691,0.106738,0.0175506,749.3499755859375,,,,,,,221.5,4.43,228,4.56,,,,,,,,,,,,,,,,,,,"Sean Hjelle","21481",663546
"Abner Uribe","MIL",2,1,0,3.74179,55,0,0,7,,55,232,38,25,23,5,33,,4,67,11.0284,5.51422,2,0.787746,0.28866,0.14433,0.14432989060878754,0.196319,1.31291,0.271845,0.716912,,,3.88858,0.105734,0.0946673,628.8300170898438,,,,,,,297.7,5.412727272727272,261,4.745454545454545,,,,,,,,,,,,,,,,,,,"Abner Uribe","25327",682842
"Andrew Nardi","MIA",2,2,0,3.73585,39,0,0,1,,39,165,34,18,16,5,15,,2,49,11.3774,3.39623,3.35,1.18868,0.29646,0.0884956,0.20796460658311844,0.226601,1.24528,0.302326,0.747331,,,3.65705,0.102034,0.0712519,748.8300170898438,,,,,,,189.70000000000002,4.864102564102565,181,4.641025641025641,,,,,,,,,,,,,,,,,,,"Andrew Nardi","25942",677053
"Jorge López","WSN",3,4,0,4.5,60,0,5,11,,60,264,59,33,30,7,23,,6,53,7.98387,3.48387,2.29167,1.01613,0.20073,0.0875912,0.11313866823911667,0.25,1.37097,0.296703,0.678191,,,4.31164,0.101455,-0.173839,576.7000122070312,,,,,,,292.5,4.875,297,4.95,,,,,,,,,,,,,,,,,,,"Jorge Lopez","14527",605347
"Randy Rodríguez","SFG",3,3,0,4.11334,56,0,0,10,,56,243,50,28,25,5,27,,4,58,9.32093,4.33837,2.14848,0.867675,0.237597,0.110588,0.12700875848531723,0.23759,1.38405,0.302353,0.71034,,,4.03562,0.100799,0.0427513,999,,,,,,,285.9000000000001,5.1053571428571445,278,4.964285714285714,,,,,,,,,,,,,,,,,,,"Randy Rodriguez","23974",678495
"Jalen Beeks","ARI",4,3,0,3.69942,50,0,0,4,,50,217,50,22,20,5,19,,3,43,7.81222,3.48719,2.24026,0.871798,0.198962,0.0888121,0.11015009135007858,0.256667,1.39359,0.307695,0.752636,,,4.01815,0.0952736,0.218302,999,,,,,,,214.5,4.29,221,4.42,,,,,,,,,,,,,,,,,,,"Jalen Beeks","17192",656222
"Caleb Kilian","CHC",1,1,1,4.4836,15,2,0,1,,22,98,23,12,11,2,8,,1,18,7.10814,3.28068,2.16667,0.984204,0.180556,0.0833333,0.0972222164273262,0.254601,1.37303,0.293651,0.687251,,,4.24789,0.0925691,0.0460712,750.1799926757812,,,,,,,91.40000000000002,4.154545454545455,97,4.409090909090909,,,,,,,,,,,,,,,,,,,"Caleb Kilian","26213",668873
"Craig Kimbrel","ATL",6,5,0,4.04082,50,0,0,4,,50,211,39,24,22,6,26,,4,64,11.5714,4.77551,2.42308,1.10204,0.302885,0.125,0.17788463830947876,0.213483,1.30612,0.293578,0.719424,,,4.02362,0.0887169,0.110755,702.8699951171875,,,,,,,248.79999999999998,4.976,226,4.52,,,,,,,,,,,,,,,,,,,"Craig Kimbrel","6655",518886
"Robby Snelling","MIA",1,1,1,4.80221,3,3,0,0,,15,65,16,8,8,2,6,,0,11,6.78933,3.64305,1.86364,1.24195,0.169772,0.0910973,0.07867495715618134,0.265446,1.47194,0.297059,0.697842,,,4.72122,0.0884765,0.157072,999,,,,,,,48.800000000000004,3.2533333333333334,53,3.533333333333333,,,,,,,,,,,,,,,,,,,"Robby Snelling","sa3020707",702281
"Jake Bird","COL",2,3,0,4.54976,61,0,1,10,,61,269,60,34,31,7,26,,6,51,7.53554,3.83886,1.96296,0.995261,0.189964,0.0967742,0.09318996220827103,0.252033,1.406,0.295699,0.681818,,,4.49349,0.0882335,0.155483,999,,,,,,,260.30000000000007,4.2672131147540995,265,4.344262295081967,,,,,,,,,,,,,,,,,,,"Jake Bird","21267",656234
"Julian Merryweather","CHC",3,3,0,3.81692,57,0,0,7,,57,246,50,26,24,6,26,,3,65,10.3003,4.13232,2.49261,0.895676,0.26518,0.106387,0.15879377722740173,0.230774,1.33769,0.303956,0.731589,,,3.698,0.0877791,0.0704705,999,,,,,,,288.99999999999994,5.070175438596491,278,4.87719298245614,,,,,,,,,,,,,,,,,,,"Julian Merryweather","16703",657240
"Connor Thomas","MIL",3,3,0,4.10334,54,0,0,4,,54,230,54,27,24,6,15,,3,39,6.47416,2.55319,2.53571,1.00304,0.167849,0.0661939,0.10165484994649887,0.25641,1.29686,0.288961,0.701599,,,4.17965,0.0868742,0.0529593,999,,,,,,,225.4,4.174074074074074,232,4.296296296296297,,,,,,,,,,,,,,,,,,,"Connor Thomas","sa3010784",671162
"Thomas Harrington","PIT",0,0,1,4.39024,2,2,0,0,,8,35,8,4,4,1,2,,0,6,7.07317,2.52033,2.80645,1.21951,0.183544,0.0654008,0.11814344674348831,0.257991,1.30081,0.291667,0.699187,,,4.33179,0.0819836,0.110275,581.8400268554688,,,,,,,32.10000000000001,4.012500000000001,33,4.125,,,,,,,,,,,,,,,,,,,"Thomas Harrington","sa3020752",802419
"Joe Ross","PHI",3,3,1,4.71822,55,2,0,6,,64,281,64,36,34,8,25,,3,52,7.31324,3.53866,2.06667,1.17955,0.185075,0.0895522,0.09552239626646042,0.255814,1.40236,0.292576,0.688172,,,4.58194,0.0755681,-0.0440333,739.3200073242188,,,,,,,252.80000000000004,3.9500000000000006,260,4.0625,,,,,,,,,,,,,,,,,,,"Joe Ross","12972",605452
"Chad Patrick","MIL",2,2,1,4.38261,26,2,0,1,,33,143,32,18,16,5,11,,1,29,7.82609,2.89565,2.7027,1.33043,0.20284,0.0750507,0.12778905034065247,0.248337,1.29565,0.284431,0.702875,,,4.44474,0.0751402,0.0936677,999,,,,,,,125.50000000000004,3.8030303030303045,126,3.8181818181818183,,,,,,,,,,,,,,,,,,,"Chad Patrick","sa3017933",694477
"Carson Whisenhunt","SFG",0,1,1,4.23529,12,2,0,1,,17,72,16,8,8,2,6,,1,15,8.29412,3.44118,2.41026,1.05882,0.210762,0.0874439,0.1233183741569519,0.246269,1.35294,0.293919,0.709571,,,4.14687,0.0746605,0.132369,999,,,,,,,72.60000000000002,4.270588235294119,72,4.235294117647059,,,,,,,,,,,,,,,,,,,"Carson Whisenhunt","sa3020529",687931
"Tyson Miller","CHC",2,3,0,3.98104,49,0,0,1,,49,209,44,23,22,5,16,,3,47,8.53081,2.98578,2.85714,0.995261,0.223048,0.0780669,0.14498139917850494,0.233607,1.23223,0.282486,0.703812,,,3.89318,0.0719033,0.0398995,749.780029296875,,,,,,,227.70000000000002,4.646938775510204,221,4.510204081632653,,,,,,,,,,,,,,,,,,,"Tyson Miller","19976",668338
"Danny Young","NYM",3,3,0,4.33492,56,0,0,10,,56,238,46,29,27,5,26,,10,62,10.043,4.24118,2.36797,0.807845,0.260685,0.110088,0.15059682726860046,0.229348,1.30374,0.306386,0.662265,,,4.05388,0.0668851,-0.065687,999,,,,,,,289.30000000000007,5.1660714285714295,271,4.839285714285714,,,,,,,,,,,,,,,,,,,"Danny Young","18439",664849
"Connor Gillispie","MIA",3,4,2,4.66938,49,5,0,1,,73,320,75,41,38,10,30,,4,57,7.04985,3.66226,1.925,1.28179,0.177829,0.0923788,0.08545034378767014,0.260982,1.43438,0.293919,0.708402,,,4.85519,0.0644044,0.220762,999,,,,,,,238.20000000000005,3.2630136986301377,251,3.4383561643835616,,,,,,,,,,,,,,,,,,,"Connor Gillispie","26171",687362
"Hunter Stratton","PIT",1,2,0,4.05882,38,0,0,1,,38,162,34,19,17,4,15,,3,36,8.64706,3.52941,2.45,0.882353,0.223744,0.0913242,0.1324201002717018,0.235897,1.29412,0.29078,0.694915,,,3.93119,0.0639606,0.0250213,999,,,,,,,165.6,4.3578947368421055,160,4.2105263157894735,,,,,,,,,,,,,,,,,,,"Hunter Stratton","23455",676702
"Carlos Hernández","PHI",2,3,0,4.67532,50,0,0,4,,50,214,45,28,26,6,22,,1,48,8.7013,3.8961,2.23333,1.16883,0.224832,0.100671,0.12416106462478638,0.236842,1.34199,0.284211,0.671642,,,4.30645,0.0637373,-0.101075,999,,,,,,,222.2,4.444,215,4.3,,,,,,,,,,,,,,,,,,,"Carlos Hernandez","22713",672578
"Declan Cronin","MIA",2,2,0,4.17311,48,0,0,1,,48,212,49,24,22,4,18,,4,41,7.7898,3.47759,2.24,0.834621,0.194444,0.0868056,0.1076388880610466,0.255814,1.40649,0.306122,0.714286,,,4.03201,0.0632885,0.0318614,999,,,,,,,198.60000000000005,4.137500000000001,208,4.333333333333333,,,,,,,,,,,,,,,,,,,"Declan Cronin","25645",686539
"Ronny Henriquez","MIA",2,2,0,4.21687,56,0,0,9,,56,244,57,28,26,7,20,,3,47,7.59036,3.25301,2.33333,1.08434,0.192661,0.0825688,0.11009175330400467,0.256757,1.37885,0.299107,0.719027,,,4.29098,0.0632706,0.137507,999,,,,,,,241.10000000000008,4.305357142857145,250,4.464285714285714,,,,,,,,,,,,,,,,,,,"Ronny Henriquez","24094",678692
"Luke Little","CHC",2,2,0,3.62173,39,0,0,1,,39,168,29,17,16,3,21,,4,45,10.3219,4.88934,2.11111,0.724346,0.267606,0.126761,0.14084507524967194,0.20442,1.28773,0.275,0.719178,,,3.85058,0.0630971,0.0734356,999,,,,,,,195.30000000000004,5.0076923076923086,175,4.487179487179487,,,,,,,,,,,,,,,,,,,"Luke Little","28036",681432
"Bryan Hoeing","SDP",3,3,0,4.32591,56,0,0,9,,56,236,55,29,27,7,16,,2,42,6.85815,2.53224,2.70833,1.16061,0.180055,0.066482,0.11357341706752777,0.251497,1.26612,0.282946,0.691145,,,4.26847,0.0597666,-0.06945,999,,,,,,,251.30000000000007,4.487500000000002,255,4.553571428571429,,,,,,,,,,,,,,,,,,,"Bryan Hoeing","26304",663773
"Huascar Brazobán","NYM",2,2,0,4.03012,47,0,0,1,,47,203,40,23,21,4,24,,3,50,9.63006,4.65306,2.06962,0.809868,0.245746,0.11874,0.1270064041018486,0.227628,1.37815,0.293985,0.711901,,,3.90927,0.0591854,0.000905166,999,,,,,,,217.60000000000002,4.629787234042554,206,4.382978723404255,,,,,,,,,,,,,,,,,,,"Huascar Brazoban","6107",623211
"Tim Mayza","PIT",2,4,0,4.04711,55,0,0,7,,55,235,56,27,25,6,19,,1,42,6.9379,3.08351,2.25,0.963597,0.179104,0.079602,0.09950248897075653,0.26087,1.37045,0.300699,0.719298,,,4.10866,0.0589283,0.0513079,999,,,,,,,239.6,4.356363636363636,249,4.527272727272727,,,,,,,,,,,,,,,,,,,"Tim Mayza","15042",641835
"Janson Junk","MIA",1,2,1,4.65517,22,2,0,1,,30,133,34,17,16,4,9,,1,21,6.31034,2.7931,2.25926,1.24138,0.159686,0.0706806,0.0890052393078804,0.274788,1.42529,0.303571,0.699627,,,4.55728,0.0589112,0.0435476,749.0399780273438,,,,,,,100.4,3.3466666666666667,114,3.8,,,,,,,,,,,,,,,,,,,"Janson Junk","23301",676083
"Cristian Mena","ARI",1,1,1,4.06504,16,2,0,1,,22,95,21,11,10,3,9,,1,19,7.96748,3.57724,2.22727,1.13821,0.204593,0.091858,0.11273486167192459,0.246512,1.35501,0.289308,0.736196,,,4.36793,0.05888,0.113572,999,,,,,,,83.30000000000001,3.786363636363637,83,3.772727272727273,,,,,,,,,,,,,,,,,,,"Cristian Mena","27974",691441
"Tanner Gordon","COL",2,3,1,5.0152,28,2,0,1,,34,147,38,20,19,5,9,,1,23,6.10942,2.27964,2.68,1.45897,0.155093,0.0578704,0.0972222238779068,0.279012,1.39818,0.301242,0.683391,,,4.7369,0.0578525,0.031251,999,,,,,,,111.30000000000003,3.2735294117647067,125,3.676470588235294,,,,,,,,,,,,,,,,,,,"Tanner Gordon","27669",685299
"Max Kranick","NYM",2,1,0,4.08492,51,0,0,7,,51,217,48,25,23,6,16,,2,44,7.77452,2.89897,2.68182,1.05417,0.202055,0.0753425,0.12671232968568802,0.243446,1.27379,0.285,0.699208,,,4.0596,0.0574407,-0.000380547,749.6300048828125,,,,,,,240.8,4.7215686274509805,239,4.686274509803922,,,,,,,,,,,,,,,,,,,"Max Kranick","22175",668820
"Tink Hence","STL",0,0,1,4.35789,2,2,0,0,,6,28,6,3,3,1,2,,0,5,7.48421,3.12632,2.39394,1.23158,0.193627,0.0808824,0.11274509131908417,0.24933,1.32632,0.284698,0.705009,,,4.38753,0.0517326,0.0699435,999,,,,,,,20.500000000000007,3.416666666666668,21,3.5,,,,,,,,,,,,,,,,,,,"Tink Hence","sa3014709",693311
"Tommy Henry","ARI",2,2,1,4.29914,29,2,0,1,,37,160,37,19,18,5,14,,1,30,7.40016,3.45341,2.14286,1.12764,0.189189,0.0882883,0.10090091079473495,0.253493,1.37823,0.292105,0.716146,,,4.41942,0.0514107,0.084114,999,,,,,,,135.10000000000002,3.651351351351352,139,3.7567567567567566,,,,,,,,,,,,,,,,,,,"Tommy Henry","26285",674072
"Luis García","LAD",2,2,0,4.01946,32,0,0,1,,32,139,32,16,14,3,11,,2,28,7.88143,2.96561,2.65761,0.88646,0.204237,0.0768498,0.1273869425058365,0.253769,1.31899,0.304617,0.705741,,,3.86132,0.0497512,-0.000547174,750.5999755859375,,,,,,,137.7,4.303125,142,4.4375,,,,,,,,,,,,,,,,,,,"Luis Garcia","6984",472610
"Sean Reid-Foley","NYM",1,1,0,3.97059,19,0,0,1,,19,82,15,9,8,2,11,,0,23,10.8529,5.29412,2.05,0.794118,0.277027,0.135135,0.14189189672470093,0.210938,1.38235,0.285714,0.724299,,,3.66648,0.0473969,0.00991779,999,,,,,,,94,4.947368421052632,86,4.526315789473684,,,,,,,,,,,,,,,,,,,"Sean Reid-Foley","17034",656887
"Kyle Amendt","ARI",2,1,0,3.47727,22,0,0,1,,22,94,18,9,8,2,12,,0,26,10.6364,5.11364,2.08,0.818182,0.273684,0.131579,0.14210526645183563,0.218182,1.38636,0.293578,0.776173,,,3.68921,0.0449566,0.0725822,999,,,,,,,111.40000000000002,5.063636363636364,104,4.7272727272727275,,,,,,,,,,,,,,,,,,,"Kyle Amendt","sa3022904",694900
"Zach Maxwell","CIN",2,2,0,4.52514,32,0,0,1,,32,140,27,17,16,4,19,,1,36,10.0559,5.36313,1.875,1.00559,0.253165,0.135021,0.1181434690952301,0.226601,1.45251,0.291971,0.704023,,,4.2838,0.0443694,0.0101431,999,,,,,,,133.40000000000003,4.168750000000001,124,3.875,,,,,,,,,,,,,,,,,,,"Zach Maxwell","sa3020255",687209
"Sam Moll","CIN",3,4,0,4.61769,58,0,0,7,,58,251,53,32,30,6,27,,5,57,8.8806,4.16955,2.12987,0.99275,0.22672,0.106448,0.12027209997177124,0.240961,1.3791,0.297935,0.670717,,,4.28157,0.0433087,-0.0159838,999,,,,,,,263.6,4.544827586206897,258,4.448275862068965,,,,,,,,,,,,,,,,,,,"Sam Moll","14874",594580
"Jonathan Pintaro","NYM",0,1,1,4.77273,2,2,0,0,,8,34,8,4,4,1,3,,1,6,6.95455,3.54545,1.96154,1.09091,0.172881,0.0881356,0.08474575728178024,0.252874,1.39394,0.287129,0.668317,,,4.74224,0.0421165,0.0842109,999,,,,,,,26.100000000000005,3.2625000000000006,27,3.375,,,,,,,,,,,,,,,,,,,"Jonathan Pintaro","sa3024197",702752
"Carson Palmquist","COL",0,1,1,5.07921,2,2,0,0,,7,31,7,4,4,1,3,,1,6,8.55446,4.09901,2.08696,1.42574,0.211921,0.101545,0.11037527024745941,0.253769,1.45545,0.297203,0.682183,,,4.95856,0.0413072,0.0845643,999,,,,,,,21.3,3.042857142857143,22,3.142857142857143,,,,,,,,,,,,,,,,,,,"Carson Palmquist","sa3020473",687223
"Jimmy Herget","COL",3,3,0,4.66523,50,0,0,4,,50,219,53,28,26,8,15,,3,43,7.77538,2.72138,2.85714,1.36069,0.197044,0.0689655,0.12807881087064743,0.263441,1.36069,0.302158,0.695489,,,4.50557,0.040028,0.0609435,750.4099731445312,,,,,,,181.8,3.636,194,3.88,,,,,,,,,,,,,,,,,,,"Jimmy Herget","17556",623474
"Logan Gillaspie","SDP",3,3,0,4.17795,46,0,0,1,,46,198,46,23,21,5,14,,2,36,7.13733,2.7853,2.5625,1.04449,0.183036,0.0714286,0.1116071343421936,0.252427,1.31528,0.289308,0.704698,,,4.1336,0.0398859,-0.0160561,999,,,,,,,187.30000000000004,4.071739130434784,193,4.195652173913044,,,,,,,,,,,,,,,,,,,"Logan Gillaspie","22461",670810
"Max Lazar","PHI",2,2,0,4.61101,40,0,0,1,,40,170,40,22,20,5,12,,1,32,7.34345,2.73245,2.6875,1.19545,0.190265,0.0707965,0.11946901679039001,0.253589,1.3093,0.289308,0.675676,,,4.2291,0.0394087,-0.0472056,999,,,,,,,159.5,3.9875,164,4.1,,,,,,,,,,,,,,,,,,,"Max Lazar","23426",676661
"Alek Jacob","SDP",2,2,0,4.24645,53,0,0,6,,53,224,48,27,25,6,19,,4,52,8.82326,3.28761,2.68379,1.10453,0.230892,0.0860321,0.1448603719472885,0.239064,1.27404,0.291315,0.690587,,,4.13529,0.0389501,-0.0344991,999,,,,,,,252.60000000000002,4.766037735849057,246,4.6415094339622645,,,,,,,,,,,,,,,,,,,"Alek Jacob","29628",689690
"Jesse Chavez","ATL",2,2,0,4.05882,44,0,0,1,,44,189,44,21,20,5,16,,1,39,8.11765,3.35294,2.42105,1.05882,0.208145,0.0859728,0.12217193841934204,0.253731,1.37255,0.302013,0.730519,,,4.06844,0.0381469,0.0501896,999,,,,,,,180.70000000000002,4.106818181818182,186,4.2272727272727275,,,,,,,,,,,,,,,,,,,"Jesse Chavez","5448",445926
"Chase Petty","CIN",1,1,1,5.12992,15,2,0,1,,20,88,21,12,11,3,8,,1,15,6.56329,3.47024,1.8913,1.35792,0.165714,0.0876191,0.07809524238109589,0.265823,1.44174,0.292683,0.667575,,,4.95189,0.0374765,0.0342156,999,,,,,,,63.49999999999999,3.175,68,3.4,,,,,,,,,,,,,,,,,,,"Chase Petty","sa3017963",695534
"Kendall Graveman","ARI",5,2,0,3.46895,53,0,0,7,,53,229,47,21,20,5,25,,5,50,8.47966,4.23983,2,0.770878,0.216749,0.108374,0.10837438702583313,0.237288,1.37045,0.294574,0.770548,,,4.06584,0.0371274,0.195918,749.8499755859375,,,,,,,246.50000000000006,4.650943396226416,238,4.490566037735849,,,,,,,,,,,,,,,,,,,"Kendall Graveman","15514",608665
"Mason Thompson","WSN",3,3,0,4.24318,42,0,0,1,,42,182,40,22,20,4,17,,3,35,7.59305,3.5732,2.125,0.8933,0.193182,0.0909091,0.10227273404598236,0.248408,1.36476,0.294118,0.688259,,,4.18385,0.0367286,-0.0225783,999,,,,,,,171.60000000000002,4.085714285714286,172,4.095238095238095,,,,,,,,,,,,,,,,,,,"Mason Thompson","21850",666168
"Andrew Saalfrank","ARI",2,2,0,3.6933,26,0,0,1,,26,113,23,12,11,2,13,,1,26,9.13607,4.66523,1.95833,0.777538,0.231527,0.118227,0.11330048739910126,0.230337,1.40389,0.291339,0.740741,,,3.87922,0.0354851,0.0438671,999,,,,,,,122.00000000000001,4.6923076923076925,118,4.538461538461538,,,,,,,,,,,,,,,,,,,"Andrew Saalfrank","26203",685314
"Hurston Waldrep","ATL",1,1,1,4.58112,10,2,0,1,,16,69,16,9,8,2,7,,0,14,8.01697,4.19936,1.90909,1.24072,0.199525,0.104513,0.0950118750333786,0.253333,1.47402,0.294964,0.720199,,,4.6405,0.0353116,0.10812,716.9400024414062,,,,,,,63.20000000000001,3.9500000000000006,65,4.0625,,,,,,,,,,,,,,,,,,,"Hurston Waldrep","33527",694462
"Yilber Diaz","ARI",4,3,1,4.21101,41,2,0,1,,49,213,45,24,23,6,23,,3,47,8.75229,4.21101,2.07843,1.15596,0.221757,0.106695,0.11506276577711105,0.239905,1.3945,0.289037,0.732628,,,4.46006,0.0348841,0.192099,734.4600219726562,,,,,,,191.8,3.9142857142857146,187,3.816326530612245,,,,,,,,,,,,,,,,,,,"Yilber Diaz","29271",700270
"Gordon Graceffo","STL",3,4,1,4.41673,49,2,0,1,,56,240,56,30,28,7,18,,2,40,6.44409,2.96862,2.17073,1.15849,0.167293,0.0770677,0.09022555500268936,0.25462,1.32743,0.282723,0.69425,,,4.49391,0.0329964,0.0629676,999,,,,,,,206.70000000000007,3.69107142857143,213,3.8035714285714284,,,,,,,,,,,,,,,,,,,"Gordon Graceffo","29519",700669
"Tristan Beck","SFG",2,2,0,4.11844,42,0,0,1,,42,179,42,21,19,4,13,,2,34,7.38896,2.786,2.65217,0.969044,0.191223,0.0721003,0.11912226676940918,0.253425,1.30552,0.295964,0.699301,,,4.01439,0.0329363,-0.00257848,750.1099853515625,,,,,,,179.40000000000003,4.271428571428572,185,4.404761904761905,,,,,,,,,,,,,,,,,,,"Tristan Beck","21584",663941
"Drue Hackenberg","ATL",0,0,1,4.67019,2,2,0,0,,8,34,7,4,4,1,4,,1,7,7.91557,4.27441,1.85185,1.10818,0.194553,0.105058,0.08949416875839233,0.248322,1.45119,0.291291,0.694635,,,4.77598,0.0323173,0.104561,999,,,,,,,27.700000000000006,3.462500000000001,26,3.25,,,,,,,,,,,,,,,,,,,"Drue Hackenberg","sa3023304",802357
"Jack Dreyer","LAD",3,2,0,4.11166,34,0,0,1,,34,145,31,17,16,5,12,,0,37,9.67395,3.18402,3.03828,1.34064,0.25412,0.0836395,0.17048045247793198,0.232465,1.25483,0.28357,0.724708,,,4.01454,0.0313122,-0.000581372,999,,,,,,,151.50000000000003,4.4558823529411775,147,4.323529411764706,,,,,,,,,,,,,,,,,,,"Jack Dreyer","30249",676263
"Josh Staumont","CIN",1,1,0,4.78992,26,0,0,1,,26,114,23,15,14,3,14,,1,26,9.07563,5.04202,1.8,1.0084,0.229299,0.127389,0.10191082954406738,0.235294,1.45658,0.291667,0.668103,,,4.37096,0.0286977,-0.0260644,999,,,,,,,106.7,4.103846153846154,102,3.923076923076923,,,,,,,,,,,,,,,,,,,"Josh Staumont","18335",622251
"Anthony Molina","COL",1,1,0,4.82759,22,0,0,1,,22,97,24,13,12,3,7,,1,15,6.09195,2.75862,2.20833,1.03448,0.153623,0.0695652,0.08405797183513641,0.269592,1.40485,0.299611,0.667351,,,4.30313,0.0243142,-0.008394,999,,,,,,,73.5,3.340909090909091,81,3.6818181818181817,,,,,,,,,,,,,,,,,,,"Anthony Molina","26952",683627
"Kevin Herget","NYM",2,2,0,4.24958,34,0,0,1,,34,143,33,17,16,5,10,,1,28,7.58853,2.5801,2.94118,1.21417,0.199203,0.0677291,0.1314741000533104,0.25,1.26476,0.287356,0.705329,,,4.19515,0.0223263,-0.0109195,999,,,,,,,131.3,3.8617647058823534,132,3.8823529411764706,,,,,,,,,,,,,,,,,,,"Kevin Herget","15369",643361
"Ian Gibaut","CIN",2,4,0,4.82209,46,0,0,1,,46,201,47,27,24,6,19,,3,45,8.9231,3.73983,2.38597,1.2138,0.224949,0.0942802,0.1306690350174904,0.258954,1.43369,0.314844,0.683852,,,4.36388,0.0221029,-0.0593937,999,,,,,,,172.40000000000003,3.7478260869565223,180,3.9130434782608696,,,,,,,,,,,,,,,,,,,"Ian Gibaut","17871",664139
"Justin Lawrence","PIT",4,5,0,4.5,57,0,0,10,,57,253,54,31,28,5,27,,5,50,7.98387,4.35484,1.83333,0.870968,0.198556,0.108303,0.09025269746780396,0.244813,1.43548,0.294444,0.682382,,,4.39229,0.0205834,-0.0361297,749.8900146484375,,,,,,,263.9,4.629824561403509,264,4.631578947368421,,,,,,,,,,,,,,,,,,,"Justin Lawrence","17639",664875
"Ryan Loutos","STL",2,2,0,4.13969,32,0,0,1,,32,140,31,16,15,3,12,,2,27,7.51278,3.52641,2.13043,0.919932,0.189922,0.0891473,0.10077518969774246,0.25,1.3799,0.293785,0.716253,,,4.15455,0.0202128,0.000663364,999,,,,,,,135.3,4.228125,137,4.28125,,,,,,,,,,,,,,,,,,,"Ryan Loutos","29521",702795
"Daniel Palencia","CHC",1,1,0,4.14365,37,0,0,1,,37,163,32,19,17,4,19,,3,41,9.94475,4.64088,2.14286,0.994475,0.252101,0.117647,0.13445377349853516,0.223301,1.3628,0.285714,0.716463,,,4.16095,0.0193913,-0.0216501,999,,,,,,,161.40000000000003,4.362162162162163,153,4.135135135135135,,,,,,,,,,,,,,,,,,,"Daniel Palencia","27914",694037
"Josh Simpson","MIA",2,2,0,4.35835,41,0,0,1,,41,180,36,22,20,5,21,,4,46,10.2421,4.57627,2.2381,1.08959,0.258242,0.115385,0.142857126891613,0.229299,1.38015,0.295238,0.7,,,4.28028,0.0190186,-0.0178937,999,,,,,,,169.30000000000004,4.129268292682927,161,3.926829268292683,,,,,,,,,,,,,,,,,,,"Josh Simpson","sa1053035",681006
"Giovanny Gallegos","LAD",1,1,0,4.37086,16,0,0,1,,16,67,15,8,8,2,5,,0,16,9.33775,2.98013,3.13333,1.39073,0.244792,0.078125,0.1666666567325592,0.238636,1.25828,0.286885,0.699153,,,4.15986,0.0176838,-0.000273587,748.4500122070312,,,,,,,75.80000000000001,4.737500000000001,75,4.6875,,,,,,,,,,,,,,,,,,,"Giovanny Gallegos","14986",606149
"Buck Farmer","ATL",2,1,0,3.96411,40,0,0,1,,40,172,36,19,18,5,18,,3,40,9.10277,4.11093,2.21429,1.02773,0.233962,0.10566,0.12830189615488052,0.236051,1.354,0.292683,0.737705,,,4.19421,0.0170074,0.0484152,999,,,,,,,161.9,4.0475,156,3.9,,,,,,,,,,,,,,,,,,,"Buck Farmer","14814",571656
"Enyel De Los Santos","ATL",2,2,0,3.91935,54,0,0,7,,54,222,47,25,23,8,18,,3,55,9.14516,3.04839,3,1.30645,0.245136,0.0817121,0.16342411935329437,0.232759,1.20968,0.28125,0.73718,,,4.231,0.0159927,0.0853189,999,,,,,,,254.00000000000006,4.703703703703705,241,4.462962962962963,,,,,,,,,,,,,,,,,,,"Enyel De Los Santos","18403",660853
"Jack Neely","CHC",1,1,0,4,26,0,0,1,,26,109,23,12,11,4,10,,1,28,10,3.5,2.85714,1.33333,0.25974,0.0909091,0.16883117705583572,0.230769,1.27778,0.285714,0.743945,,,4.14796,0.0148138,0.0276702,999,,,,,,,110.39999999999999,4.246153846153846,105,4.038461538461538,,,,,,,,,,,,,,,,,,,"Jack Neely","30106",680891
"Ethan Roberts","CHC",1,1,0,4.14044,27,0,0,1,,27,120,25,14,13,3,11,,3,28,9.15254,3.48668,2.625,1.08959,0.233333,0.0888889,0.14444443583488464,0.2375,1.30751,0.292035,0.702128,,,4.15922,0.0143155,-0.0200678,999,,,,,,,115.9,4.292592592592593,114,4.222222222222222,,,,,,,,,,,,,,,,,,,"Ethan Roberts","24930",681799
"Trevor Richards","CHC",1,1,0,4.24958,16,0,0,1,,16,66,13,8,7,2,7,,0,17,10.0169,3.94604,2.53846,1.21417,0.266129,0.104839,0.16129031032323837,0.221719,1.26476,0.278912,0.705329,,,4.06024,0.0140538,-0.00252172,999,,,,,,,77.00000000000001,4.812500000000001,71,4.4375,,,,,,,,,,,,,,,,,,,"Trevor Richards","19309",670950
"Bradgley Rodriguez","SDP",1,0,0,4.1681,26,0,0,1,,26,114,23,13,12,3,12,,2,25,8.64494,4.1681,2.07407,0.926244,0.217899,0.105058,0.11284046620130539,0.231111,1.35506,0.282209,0.708215,,,4.22994,0.0138719,-0.00907519,999,,,,,,,107.7,4.142307692307693,103,3.9615384615384617,,,,,,,,,,,,,,,,,,,"Bradgley Rodriguez","sa3016035",699134
"Dauri Moreta","PIT",2,2,0,4.15094,30,0,0,1,,30,125,26,15,14,4,12,,1,31,9.43396,3.58491,2.63158,1.32075,0.25,0.095,0.1550000011920929,0.234637,1.27883,0.286885,0.722656,,,4.29856,0.0125686,0.0197536,999,,,,,,,132.20000000000002,4.406666666666667,125,4.166666666666667,,,,,,,,,,,,,,,,,,,"Dauri Moreta","21101",664294
"Joey Lucchesi","SFG",1,2,1,4.53172,16,2,0,1,,23,103,25,13,12,3,9,,1,15,5.89124,3.53474,1.66667,1.08761,0.148064,0.0888383,0.059225521981716156,0.269521,1.47029,0.296875,0.712074,,,4.69719,0.0123651,0.0191621,999,,,,,,,72.30000000000001,3.1434782608695655,80,3.4782608695652173,,,,,,,,,,,,,,,,,,,"Joey Lucchesi","19320",664192
"Ryan Bergert","SDP",1,2,1,4.83763,19,2,0,1,,24,105,25,14,13,4,9,,1,18,6.8533,3.42665,2,1.31019,0.173913,0.0869565,0.08695652335882187,0.257062,1.39978,0.285714,0.683521,,,4.77902,0.0107025,-0.0324971,999,,,,,,,73.40000000000003,3.058333333333335,78,3.25,,,,,,,,,,,,,,,,,,,"Ryan Bergert","sa3017418",686701
"Josiah Gray","WSN",1,1,1,4.99552,10,2,0,1,,17,71,16,10,9,3,7,,1,15,8.21844,3.70636,2.21739,1.61146,0.211618,0.0954357,0.11618257313966751,0.24826,1.36974,0.281553,0.688,,,5.03756,0.0086493,0.0305488,999,,,,,,,57.300000000000004,3.370588235294118,56,3.2941176470588234,,,,,,,,,,,,,,,,,,,"Josiah Gray","24580",680686
"Hayden Harris","ATL",1,1,0,4.22819,12,0,0,1,,12,52,11,6,6,2,6,,1,14,10.4698,4.22819,2.47619,1.20805,0.266667,0.107692,0.15897434949874878,0.232558,1.36465,0.298246,0.722433,,,4.12845,0.0078728,0.00533907,999,,,,,,,46.600000000000016,3.8833333333333346,45,3.75,,,,,,,,,,,,,,,,,,,"Hayden Harris","sa3019913",802686
"Colin Poche","WSN",4,5,0,4.37662,56,0,0,10,,56,238,51,29,27,8,22,,1,52,8.38504,3.56739,2.35047,1.28359,0.217575,0.0925668,0.12500841915607452,0.236742,1.31146,0.276767,0.704164,,,4.40747,0.00780243,0.00457308,749.3699951171875,,,,,,,258.4000000000001,4.614285714285716,251,4.482142857142857,,,,,,,,,,,,,,,,,,,"Colin Poche","19403",621363
"Tom Cosgrove","SDP",2,3,0,4.47084,40,0,0,1,,40,172,35,21,20,4,17,,4,37,8.35853,3.88769,2.15,0.971922,0.215,0.1,0.11499999463558197,0.234286,1.31749,0.283465,0.666667,,,4.33279,0.00712464,-0.0459212,999,,,,,,,170.8,4.2700000000000005,163,4.075,,,,,,,,,,,,,,,,,,,"Tom Cosgrove","23443",676680
"Nick Frasso","LAD",1,1,0,4.35655,12,0,0,1,,12,51,11,6,6,2,4,,1,11,8.18182,3.08146,2.65517,1.16883,0.210383,0.079235,0.13114754110574722,0.242424,1.28689,0.285124,0.694444,,,4.3117,0.00708456,-0.00020519,750.8800048828125,,,,,,,46.600000000000016,3.8833333333333346,45,3.75,,,,,,,,,,,,,,,,,,,"Nick Frasso","sa3014492",693308
"Jhony Brito","SDP",1,1,0,4.19318,22,0,0,1,,22,93,22,11,10,3,6,,1,16,6.54545,2.55682,2.56,1.125,0.171123,0.0668449,0.1042780801653862,0.254335,1.28409,0.284133,0.706967,,,4.29148,0.00705752,-0.00767901,999,,,,,,,83.7,3.8045454545454547,86,3.909090909090909,,,,,,,,,,,,,,,,,,,"Jhony Brito","25386",666745
"Cody Poteet","CHC",1,1,0,4.06114,19,0,0,1,,19,78,17,9,8,2,6,,1,16,7.86026,3.0131,2.6087,1.17904,0.209059,0.0801394,0.12891985476016998,0.244275,1.26638,0.284974,0.712366,,,4.21451,0.00638291,0.0128741,750.1300048828125,,,,,,,86.8,4.568421052631579,84,4.421052631578948,,,,,,,,,,,,,,,,,,,"Cody Poteet","18769",547001
"Tyler Stuart","WSN",1,1,0,4.38822,15,0,0,1,,15,64,15,8,7,2,5,,1,12,7.28611,2.81509,2.58824,1.15915,0.187234,0.0723404,0.11489361524581909,0.255814,1.32475,0.292683,0.699357,,,4.32563,0.00584309,-0.0124745,999,,,,,,,57.400000000000006,3.826666666666667,59,3.933333333333333,,,,,,,,,,,,,,,,,,,"Tyler Stuart","sa3020264",701603
"Davis Daniel","ATL",1,1,0,4.17125,9,0,0,1,,9,38,9,4,4,1,3,,0,8,7.56481,2.61587,2.89189,1.13119,0.197782,0.0683919,0.12939002364873886,0.253012,1.28044,0.293333,0.704125,,,4.1327,0.00577015,0.0193493,747.5900268554688,,,,,,,41.90000000000001,4.655555555555557,43,4.777777777777778,,,,,,,,,,,,,,,,,,,"Davis Daniel","27582",669721
"Peter Strzelecki","PIT",1,1,0,4.23529,17,0,0,1,,17,75,16,9,8,2,7,,1,16,8.47059,3.88235,2.18182,1.05882,0.213333,0.0977778,0.1155555471777916,0.246231,1.39216,0.296552,0.71885,,,4.34295,0.0045342,-0.00385553,999,,,,,,,71.60000000000002,4.211764705882354,71,4.176470588235294,,,,,,,,,,,,,,,,,,,"Peter Strzelecki","21367",657265
"Ethan Small","SFG",0,0,0,4.13476,8,0,0,1,,8,35,8,4,4,1,4,,0,8,8.54518,4.13476,2.06667,0.964778,0.215278,0.104167,0.111111119389534,0.242187,1.40888,0.294118,0.729927,,,4.13126,0.00293171,-0.000491138,999,,,,,,,34.10000000000001,4.262500000000001,35,4.375,,,,,,,,,,,,,,,,,,,"Ethan Small","26364",663629
"Tyler Alexander","MIL",3,4,1,4.79235,46,2,0,1,,54,230,56,31,29,11,12,,2,46,7.56614,2.01295,3.75874,1.78068,0.19914,0.0529805,0.14615945890545845,0.26011,1.25461,0.284822,0.691297,,,4.83142,0.00186756,-0.0653388,746.9600219726562,,,,,,,172.70000000000002,3.1981481481481486,181,3.3518518518518516,,,,,,,,,,,,,,,,,,,"Tyler Alexander","17735",641302
"Gavin Hollowell","CHC",0,0,0,4.31655,6,0,0,1,,6,26,5,3,3,1,3,,1,6,9.28058,3.88489,2.38889,1.07914,0.237569,0.0994475,0.13812155276536942,0.232704,1.31894,0.288288,0.6875,,,4.24562,0.00136061,-0.000945644,999,,,,,,,23.10000000000001,3.8500000000000014,21,3.5,,,,,,,,,,,,,,,,,,,"Gavin Hollowell","25427",668970
"Albert Abreu","CIN",1,1,0,4.98741,24,0,0,1,,24,106,22,14,13,3,14,,2,25,9.29471,5.21411,1.78261,1.1335,0.231638,0.129944,0.10169491171836853,0.238411,1.48615,0.295238,0.673077,,,4.703,0.000723909,-0.0284872,999,,,,,,,89.50000000000001,3.7291666666666674,87,3.625,,,,,,,,,,,,,,,,,,,"Albert Abreu","17485",656061
"Zack Thompson","STL",1,2,0,4.25806,26,0,0,1,,26,114,24,13,12,3,12,,1,25,8.80645,4.25806,2.06818,1.06452,0.221951,0.107317,0.11463414132595062,0.238227,1.39785,0.289575,0.715532,,,4.32777,0.000696303,0.000538983,999,,,,,,,108.1,4.157692307692307,106,4.076923076923077,,,,,,,,,,,,,,,,,,,"Zack Thompson","25918",668868
"Taijuan Walker","PHI",3,5,1,5.14512,53,5,0,1,,74,323,77,45,42,12,27,,3,51,6.2533,3.32454,1.88095,1.4248,0.158954,0.084507,0.07444668561220169,0.264444,1.41601,0.286119,0.670103,,,5.07501,0.000231445,-0.0979524,731.5599975585938,,,,,,,215.8,2.9162162162162164,230,3.108108108108108,,,,,,,,,,,,,,,,,,,"Taijuan Walker","11836",592836
"Chasen Shreve","ATL",1,1,0,4.23529,13,0,0,1,,13,54,13,6,6,2,4,,0,12,8.20588,2.91176,2.81818,1.32353,0.21831,0.0774648,0.14084506034851074,0.253846,1.29412,0.297872,0.72973,,,4.31354,0.000090133,0.0211089,999,,,,,,,53.8,4.138461538461538,55,4.230769230769231,,,,,,,,,,,,,,,,,,,"Chasen Shreve","10855",592741
"Andre Granillo","STL",1,1,0,4.44634,14,0,0,1,,14,61,13,7,7,2,7,,0,14,9.046,4.75298,1.90323,1.07325,0.228682,0.120155,0.10852713882923126,0.234513,1.43101,0.2875,0.714286,,,4.34195,-0.000317058,0.000290222,999,,,,,,,56.20000000000003,4.014285714285717,55,3.9285714285714284,,,,,,,,,,,,,,,,,,,"Andre Granillo","sa3016913",701552
"Kyle Nelson","ARI",2,2,0,3.95349,32,0,0,1,,32,136,29,15,14,4,13,,2,31,8.83721,3.72093,2.375,1.16279,0.230303,0.0969697,0.13333333283662796,0.238095,1.31783,0.288462,0.75,,,4.27759,-0.00161919,0.0469297,999,,,,,,,133.20000000000002,4.1625000000000005,129,4.03125,,,,,,,,,,,,,,,,,,,"Kyle Nelson","20515",669459
"Justin Wrobleski","LAD",2,2,0,4.60724,39,0,0,1,,39,169,39,22,20,6,14,,1,34,7.78464,3.09797,2.51282,1.3504,0.20082,0.079918,0.12090165168046951,0.251121,1.33274,0.287009,0.691824,,,4.49922,-0.00170249,-0.078804,738.22998046875,,,,,,,140.4,3.6,144,3.6923076923076925,,,,,,,,,,,,,,,,,,,"Justin Wrobleski","31204",680736
"Justin Hagenman","NYM",1,1,0,4.46097,12,0,0,1,,12,51,12,6,6,2,4,,0,10,7.69517,2.7881,2.76,1.33829,0.201166,0.0728863,0.1282798796892166,0.250794,1.28872,0.286325,0.699541,,,4.43042,-0.00187046,-0.00385393,999,,,,,,,45.000000000000014,3.7500000000000013,46,3.8333333333333335,,,,,,,,,,,,,,,,,,,"Justin Hagenman","sa3008022",663795
"Chris Roycroft","STL",3,4,0,4.25002,54,0,0,7,,54,236,52,28,25,5,25,,3,46,7.66512,4.17666,1.83523,0.783124,0.193867,0.105636,0.08823036402463913,0.248035,1.42423,0.297762,0.699428,,,4.16055,-0.00202544,-0.0301777,999,,,,,,,238.90000000000003,4.424074074074075,241,4.462962962962963,,,,,,,,,,,,,,,,,,,"Chris Roycroft","31261",688297
"Grant Wolfram","MIL",1,1,0,4.44241,18,0,0,1,,18,79,16,9,9,2,9,,1,18,8.88483,4.60695,1.92857,1.15174,0.22314,0.115702,0.10743802040815353,0.235849,1.42596,0.284768,0.718475,,,4.50103,-0.00305855,0.00569587,999,,,,,,,77.00000000000003,4.2777777777777795,74,4.111111111111111,,,,,,,,,,,,,,,,,,,"Grant Wolfram","sa3008313",664991
"Yosver Zulueta","CIN",2,2,0,5.08065,36,0,0,1,,36,161,33,22,20,5,18,,5,36,9.14516,4.64516,1.96875,1.16129,0.225806,0.114695,0.111111119389534,0.242678,1.45161,0.297619,0.659898,,,4.74712,-0.00403422,-0.0714403,999,,,,,,,126.10000000000004,3.5027777777777787,122,3.388888888888889,,,,,,,,,,,,,,,,,,,"Yosver Zulueta","27765",691172
"Chris Flexen","CHC",0,0,0,4.47696,8,0,0,1,,8,34,8,4,4,1,3,,0,6,7.04462,3.29188,2.14,1.18508,0.179229,0.0837521,0.0954773798584938,0.259191,1.39722,0.293556,0.705669,,,4.47592,-0.00463828,-0.00126086,750.9099731445312,,,,,,,33.10000000000001,4.137500000000001,34,4.25,,,,,,,,,,,,,,,,,,,"Chris Flexen","13896",623167
"Michael Kopech","LAD",4,3,0,4.21405,52,0,3,10,,52,219,41,26,24,8,26,,3,60,10.4348,4.41472,2.36364,1.40468,0.275132,0.116402,0.1587301567196846,0.215805,1.28205,0.270142,0.733753,,,4.51542,-0.00500261,0.0450719,516.0499877929688,,,,,,,267.79999999999995,5.1499999999999995,244,4.6923076923076925,,,,,,,,,,,,,,,,,,,"Michael Kopech","17282",656629
"Alex Cornwell","STL",0,0,0,4.5,8,0,0,1,,8,35,9,4,4,1,2,,0,5,6.2,2.6,2.38462,1.2,0.157761,0.0661578,0.09160304069519043,0.267218,1.36667,0.294118,0.696798,,,4.52204,-0.00519535,0.000165841,999,,,,,,,31.500000000000007,3.937500000000001,35,4.375,,,,,,,,,,,,,,,,,,,"Alex Cornwell","sa3017501",676498
"Joe Jacques","LAD",0,1,0,4.5666,10,0,0,1,,10,43,10,5,5,1,4,,1,8,7.23044,3.23467,2.23529,1.14165,0.181818,0.0813397,0.10047847777605057,0.252688,1.35307,0.288732,0.683453,,,4.66754,-0.00611011,-0.000170992,999,,,,,,,40.7,4.07,42,4.2,,,,,,,,,,,,,,,,,,,"Joe Jacques","25178",682175
"Carlos Rodriguez","MIL",1,1,0,4.58105,12,0,0,1,,12,52,11,7,6,2,5,,1,11,8.10493,3.59436,2.2549,1.2686,0.207957,0.0922242,0.11573236435651779,0.241379,1.33125,0.280556,0.690608,,,4.60736,-0.00637132,-0.0268035,999,,,,,,,43.600000000000016,3.6333333333333346,42,3.5,,,,,,,,,,,,,,,,,,,"Carlos Rodriguez","30161",692230
"Yohan Ramírez","PIT",1,1,0,4.5,15,0,0,1,,15,67,13,8,7,2,7,,3,14,8.68966,4.03448,2.15385,0.931034,0.216216,0.100386,0.11583011597394943,0.235294,1.34483,0.289308,0.675287,,,4.54579,-0.00641054,-0.005168,999,,,,,,,54.60000000000001,3.6400000000000006,51,3.4,,,,,,,,,,,,,,,,,,,"Yohan Ramirez","19444",670990
"Lucas Gilbreath","COL",2,3,0,4.65517,48,0,0,1,,48,220,46,26,25,5,26,,5,43,8.06896,4.96552,1.625,0.931034,0.195489,0.120301,0.07518795877695084,0.245614,1.51724,0.294118,0.703518,,,4.68372,-0.00685651,0.0460679,999,,,,,,,171.10000000000005,3.5645833333333345,172,3.5833333333333335,,,,,,,,,,,,,,,,,,,"Lucas Gilbreath","21290",656458
"Tejay Antone","CIN",0,0,0,5.22184,6,0,0,1,,6,26,6,4,3,1,3,,0,5,8.29352,3.99317,2.07692,1.53584,0.210938,0.101562,0.109375,0.256637,1.43345,0.296296,0.685714,,,5.07774,-0.00704754,-0.0214193,999,,,,,,,21.500000000000007,3.5833333333333344,22,3.6666666666666665,,,,,,,,,,,,,,,,,,,"Tejay Antone","16233",622088
"Kyle Finnegan","WSN",5,6,0,4.29046,63,0,23,6,,63,271,61,32,30,9,24,,1,58,8.37865,3.43775,2.43725,1.22479,0.215127,0.0882663,0.12686049938201904,0.248066,1.35651,0.293012,0.718993,,,4.27064,-0.00756908,0.156706,182.1999969482422,,,,,,,376.9,5.982539682539683,378,6,,,,,,,,,,,,,,,,,,,"Kyle Finnegan","15009",640448
"John Curtiss","ARI",2,2,0,4.11899,24,0,0,1,,24,103,25,12,11,3,8,,1,20,7.62014,3.08924,2.46667,1.2357,0.195767,0.0793651,0.11640211194753647,0.260116,1.373,0.3,0.736434,,,4.35641,-0.00790715,0.0123177,999,,,,,,,92.70000000000002,3.8625000000000007,98,4.083333333333333,,,,,,,,,,,,,,,,,,,"John Curtiss","16128",595928
"Connor Phillips","CIN",1,1,0,5.16793,18,0,0,1,,18,81,17,11,10,3,10,,1,18,8.97075,4.87541,1.84,1.26761,0.219048,0.119048,0.09999999403953552,0.247934,1.51679,0.29845,0.681445,,,4.85662,-0.00836249,-0.0357201,749.97998046875,,,,,,,59.10000000000001,3.2833333333333337,58,3.2222222222222223,,,,,,,,,,,,,,,,,,,"Connor Phillips","27649",683175
"Carson Ragsdale","SFG",1,2,0,4.39471,28,0,0,1,,28,123,27,15,14,4,12,,2,28,8.97253,3.75381,2.39024,1.19023,0.225806,0.09447,0.13133641332387924,0.248062,1.39369,0.300725,0.715488,,,4.32619,-0.00919545,-0.0331245,999,,,,,,,105.80000000000005,3.7785714285714307,106,3.7857142857142856,,,,,,,,,,,,,,,,,,,"Carson Ragsdale","sa3014922",685068
"Jose Cuas","PHI",0,1,0,4.95918,10,0,0,1,,10,45,10,6,5,1,4,,1,10,9,4.04082,2.22727,1.28571,0.222727,0.1,0.12272727489471436,0.246073,1.40816,0.296296,0.675676,,,4.79913,-0.0092533,-0.0269929,999,,,,,,,44.7,4.470000000000001,46,4.6,,,,,,,,,,,,,,,,,,,"Jose Cuas","17701",621016
"Jack O'Loughlin","COL",1,1,0,4.87889,11,0,0,1,,11,49,12,6,6,2,5,,1,8,6.6436,3.73702,1.77778,1.24567,0.164524,0.092545,0.07197942584753036,0.267241,1.48789,0.297794,0.695187,,,4.90812,-0.00962556,0.00941877,999,,,,,,,27.600000000000005,2.5090909090909097,31,2.8181818181818183,,,,,,,,,,,,,,,,,,,"Jack O'Loughlin","22690",672552
"Austin Warren","NYM",1,0,0,4.534,10,0,0,1,,10,43,9,6,5,1,5,,1,9,7.70781,4.0806,1.88889,1.1335,0.196532,0.104046,0.09248555451631546,0.243421,1.38539,0.283186,0.6875,,,4.67781,-0.0100671,-0.0349299,999,,,,,,,42.300000000000004,4.23,41,4.1,,,,,,,,,,,,,,,,,,,"Austin Warren","24937",681810
"Jose E. Hernandez","LAD",0,1,0,5.01211,8,0,0,1,,8,35,8,5,4,1,4,,0,7,8.06295,4.35835,1.85,1.30751,0.2,0.108108,0.09189189225435257,0.245399,1.45278,0.283333,0.678295,,,4.86139,-0.0100999,-0.0312435,999,,,,,,,32.10000000000001,4.012500000000001,33,4.125,,,,,,,,,,,,,,,,,,,"Jose E. Hernandez","22318",669796
"Carson Seymour","SFG",1,2,0,4.37121,22,0,0,1,,22,96,23,12,11,2,8,,1,16,6.71292,3.12229,2.15,1.01474,0.169291,0.0787402,0.09055119007825851,0.262473,1.39636,0.298343,0.70028,,,4.36336,-0.0101333,-0.0327321,999,,,,,,,87.40000000000002,3.9727272727272736,93,4.2272727272727275,,,,,,,,,,,,,,,,,,,"Carson Seymour","sa3017868",693313
"Josh Ekness","MIA",1,1,0,4.65517,12,0,0,1,,12,54,12,7,6,1,6,,2,10,7.91379,4.5,1.75862,0.931034,0.193916,0.110266,0.08365020155906677,0.247788,1.46552,0.295858,0.691906,,,4.66648,-0.0103003,-0.0220019,999,,,,,,,45.30000000000001,3.775000000000001,47,3.9166666666666665,,,,,,,,,,,,,,,,,,,"Josh Ekness","sa3023204",694795
"Sem Robberse","STL",1,1,0,4.46809,20,0,0,1,,20,87,20,11,10,3,7,,1,16,7.02128,3.19149,2.2,1.18541,0.17907,0.0813954,0.0976744070649147,0.255754,1.36778,0.289037,0.702055,,,4.50387,-0.0117254,-0.0308056,999,,,,,,,71.1,3.5549999999999997,73,3.65,,,,,,,,,,,,,,,,,,,"Sem Robberse","sa3011735",691828
"Angel Chivilli","COL",3,4,0,4.88136,53,0,0,6,,53,229,52,31,29,9,18,,4,51,8.69491,3.05085,2.85,1.52542,0.223529,0.0784314,0.1450980380177498,0.252174,1.32203,0.294479,0.671875,,,4.70885,-0.0119241,-0.0115806,750.6599731445312,,,,,,,206.30000000000007,3.8924528301886805,208,3.9245283018867925,,,,,,,,,,,,,,,,,,,"Angel Chivilli","26790",683409
"Keegan Thompson","CHC",1,1,0,4.19907,22,0,0,1,,22,92,18,11,10,3,10,,1,22,9.23795,4.19907,2.2,1.25972,0.240876,0.109489,0.1313868686556816,0.228216,1.32193,0.277108,0.732044,,,4.47286,-0.0125199,-0.00346736,999,,,,,,,94.10000000000001,4.277272727272727,86,3.909090909090909,,,,,,,,,,,,,,,,,,,"Keegan Thompson","19795",624522
"Brandon Bielak","ARI",1,0,0,4.08247,12,0,0,1,,12,53,13,6,5,1,5,,1,8,6.30928,3.43299,1.83784,1.02062,0.15814,0.0860465,0.07209303230047226,0.263566,1.43299,0.295455,0.736246,,,4.56854,-0.0129366,0.00615885,999,,,,,,,44.70000000000002,3.7250000000000014,49,4.083333333333333,,,,,,,,,,,,,,,,,,,"Brandon Bielak","19866",656232
"Grant Anderson","MIL",1,1,0,4.55696,24,0,0,1,,24,105,22,13,12,4,10,,2,25,9.60217,3.74322,2.56522,1.46474,0.242798,0.0946502,0.14814814925193787,0.236111,1.33816,0.283784,0.716612,,,4.61313,-0.013213,-0.0231042,999,,,,,,,89.20000000000003,3.716666666666668,86,3.5833333333333335,,,,,,,,,,,,,,,,,,,"Grant Anderson","20546",681982
"Antonio Jimenez","SFG",0,1,0,4.61538,11,0,0,1,,11,49,11,6,6,1,4,,1,8,6.78733,3.52941,1.92308,1.08597,0.169492,0.0881356,0.08135593682527542,0.260377,1.43288,0.294686,0.692124,,,4.58428,-0.0136913,-0.0163661,999,,,,,,,45.50000000000001,4.136363636363637,47,4.2727272727272725,,,,,,,,,,,,,,,,,,,"Antonio Jimenez","sa3008074",682607
"Lyon Richardson","CIN",0,0,0,5.30011,10,0,0,1,,10,45,10,6,6,2,5,,1,9,8.15402,4.58664,1.77778,1.42695,0.20202,0.113636,0.08838382363319397,0.255072,1.50623,0.294821,0.679012,,,5.14836,-0.014008,-0.0166584,999,,,,,,,27.4,2.7399999999999998,28,2.8,,,,,,,,,,,,,,,,,,,"Lyon Richardson","24581",680689
"Patrick Monteverde","MIA",1,2,0,4.51354,24,0,0,1,,24,105,26,13,12,3,8,,1,18,6.95085,3.06921,2.26471,1.26379,0.176201,0.0778032,0.09839816391468048,0.26817,1.41424,0.301948,0.716639,,,4.59075,-0.0143949,-0.0141303,999,,,,,,,86.10000000000002,3.587500000000001,94,3.9166666666666665,,,,,,,,,,,,,,,,,,,"Patrick Monteverde","sa3016940",687287
"Luis Patiño","SDP",1,1,0,4.66667,12,0,0,1,,12,51,11,7,6,2,5,,0,10,7.33333,3.5,2.09524,1.33333,0.189655,0.0905172,0.09913792461156845,0.248804,1.35185,0.280255,0.695793,,,4.74055,-0.0146991,-0.0359995,999,,,,,,,44.600000000000016,3.716666666666668,43,3.5833333333333335,,,,,,,,,,,,,,,,,,,"Luis Patino","22815",672715
"Max Rajcic","STL",1,1,0,4.61157,10,0,0,1,,10,43,10,6,5,1,3,,1,7,6.24793,2.90083,2.15385,1.26446,0.159393,0.0740038,0.08538898080587387,0.2625,1.36364,0.287599,0.694051,,,4.76979,-0.0150847,-0.0308914,999,,,,,,,41.7,4.17,43,4.3,,,,,,,,,,,,,,,,,,,"Max Rajcic","sa3020746",691008
"Zach Brzykcy","WSN",1,2,0,4.7806,28,0,0,1,,28,123,26,16,15,4,13,,2,28,9.1455,4.3649,2.09524,1.24711,0.230366,0.109948,0.12041885405778885,0.239521,1.40878,0.290598,0.684411,,,4.59835,-0.0151185,-0.0560993,750.8400268554688,,,,,,,105.40000000000006,3.7642857142857165,103,3.6785714285714284,,,,,,,,,,,,,,,,,,,"Zach Brzykcy","27783",694350
"Justin King","MIA",0,1,0,5.27687,6,0,0,1,,6,28,6,4,3,1,4,,0,6,9.67427,5.57003,1.73684,1.4658,0.232394,0.133803,0.09859155118465424,0.247934,1.59609,0.301205,0.714286,,,5.18602,-0.0157403,-0.0257988,999,,,,,,,20.500000000000007,3.416666666666668,21,3.5,,,,,,,,,,,,,,,,,,,"Justin King","sa3018278",659381
"Drew Smith","NYM",1,1,0,4.28571,14,0,0,1,,14,59,12,7,7,2,6,,1,14,9.21429,3.85714,2.38889,1.5,0.242938,0.101695,0.14124292880296707,0.235669,1.30952,0.280374,0.730088,,,4.7141,-0.0158367,-0.00449625,999,,,,,,,58.800000000000026,4.200000000000002,55,3.9285714285714284,,,,,,,,,,,,,,,,,,,"Drew Smith","17755",622098
"Edgardo Henriquez","LAD",1,0,0,4.68,22,0,0,1,,22,96,19,12,11,3,12,,2,24,9.9,4.86,2.03704,1.26,0.247748,0.121622,0.12612612545490265,0.226316,1.4,0.28125,0.697674,,,4.70648,-0.0163252,-0.0316767,999,,,,,,,86.5,3.9318181818181817,81,3.6818181818181817,,,,,,,,,,,,,,,,,,,"Edgardo Henriquez","26944",683618
"John McMillon","PHI",3,3,0,4.71429,36,0,0,1,,36,158,31,20,19,5,22,,1,41,10.2857,5.57143,1.84615,1.28571,0.258065,0.139785,0.11827956140041351,0.226415,1.47619,0.285714,0.708955,,,4.66648,-0.0173648,-0.0485823,999,,,,,,,141.30000000000004,3.925000000000001,132,3.6666666666666665,,,,,,,,,,,,,,,,,,,"John McMillon","27942",669111
"Chase Shugart","PIT",1,2,0,4.60882,22,0,0,1,,22,97,23,12,11,3,8,,1,16,6.52916,3.32859,1.96154,1.1522,0.163462,0.0833333,0.08012820780277252,0.265957,1.4367,0.297297,0.701357,,,4.66008,-0.0179825,-0.0155762,999,,,,,,,75.10000000000001,3.413636363636364,80,3.6363636363636362,,,,,,,,,,,,,,,,,,,"Chase Shugart","21544",663767
"Sean Reynolds","SDP",1,2,0,4.32836,48,0,0,1,,48,213,43,25,23,6,26,,3,48,9.10448,4.92537,1.84848,1.04478,0.226766,0.122677,0.10408920794725418,0.232759,1.44279,0.286585,0.725389,,,4.49318,-0.0179971,-0.0487243,999,,,,,,,182.60000000000002,3.804166666666667,175,3.6458333333333335,,,,,,,,,,,,,,,,,,,"Sean Reynolds","22253",669308
"Dylan Dodd","ATL",2,2,0,4.53049,35,0,0,1,,35,151,37,19,18,5,10,,1,27,6.96999,2.61375,2.66667,1.30687,0.178571,0.0669643,0.1116071417927742,0.26747,1.36496,0.3,0.708333,,,4.46367,-0.018132,-0.0301179,999,,,,,,,126.3,3.6085714285714285,135,3.857142857142857,,,,,,,,,,,,,,,,,,,"Dylan Dodd","29928",689266
"Scott McGough","ARI",1,1,0,4.58182,16,0,0,1,,16,71,16,9,8,2,7,,0,15,8.50909,4.09091,2.08,1.30909,0.212245,0.102041,0.11020408570766449,0.255708,1.47273,0.301887,0.730659,,,4.58466,-0.0181571,-0.0220779,999,,,,,,,65.20000000000002,4.075000000000001,67,4.1875,,,,,,,,,,,,,,,,,,,"Scott McGough","12056",543518
"Zach Agnos","COL",3,3,0,4.95918,31,0,0,1,,31,132,32,18,17,6,9,,1,27,7.71429,2.57143,3,1.65306,0.201923,0.0673077,0.13461538404226303,0.260417,1.30612,0.29078,0.680934,,,4.81954,-0.0181767,-0.00318408,999,,,,,,,100.39999999999996,3.2387096774193536,105,3.3870967741935485,,,,,,,,,,,,,,,,,,,"Zach Agnos","sa3020560",688642
"Rolddy Munoz","ATL",1,1,0,4.80493,17,0,0,1,,17,76,17,10,9,2,8,,1,15,8.13142,4.25051,1.91304,1.10883,0.200913,0.105023,0.09589041769504547,0.25,1.45791,0.295775,0.686901,,,4.62439,-0.0183347,-0.0379693,999,,,,,,,64.00000000000001,3.764705882352942,66,3.8823529411764706,,,,,,,,,,,,,,,,,,,"Rolddy Munoz","sa3011575",691548
"Nate Pearson","CHC",2,3,0,4.37286,61,0,0,11,,61,263,55,32,30,9,27,,4,66,9.83522,3.97507,2.47423,1.31136,0.252781,0.102166,0.15061559528112411,0.236955,1.34665,0.294212,0.716336,,,4.38678,-0.0183417,-0.0777595,703.52001953125,,,,,,,280.7000000000001,4.6016393442622965,271,4.442622950819672,,,,,,,,,,,,,,,,,,,"Nate Pearson","20160",663878
"Domingo Gonzalez","ATL",1,2,0,4.5,20,0,0,1,,20,88,18,11,10,3,9,,3,20,9,4.06452,2.21429,1.16129,0.225455,0.101818,0.12363635748624802,0.238494,1.37097,0.289941,0.691057,,,4.58583,-0.0188844,-0.0215452,999,,,,,,,72.3,3.6149999999999998,69,3.45,,,,,,,,,,,,,,,,,,,"Domingo Gonzalez","sa3007495",682445
"Mike Burrows","PIT",1,2,0,4.56164,28,0,0,1,,28,120,27,15,14,4,11,,1,23,7.39726,3.57534,2.06897,1.23288,0.190476,0.0920635,0.09841269999742508,0.250883,1.36986,0.286385,0.697674,,,4.61853,-0.0189197,-0.0116475,750.719970703125,,,,,,,101.8,3.6357142857142857,102,3.642857142857143,,,,,,,,,,,,,,,,,,,"Mike Burrows","24728",681347
"Lenny Torres Jr.","CIN",0,1,0,5.56291,8,0,0,1,,8,37,8,5,5,1,5,,1,8,8.54305,5.76159,1.48276,1.39073,0.203791,0.137441,0.06635069847106934,0.252809,1.63355,0.296875,0.685358,,,5.46229,-0.0192266,-0.019056,999,,,,,,,28.100000000000005,3.5125000000000006,29,3.625,,,,,,,,,,,,,,,,,,,"Lenny Torres Jr.","sa3008329",678013
"Devin Sweet","PHI",2,2,0,4.83412,24,0,0,1,,24,105,22,14,13,4,11,,2,24,9.09953,4.12322,2.2069,1.4218,0.230216,0.104317,0.1258992701768875,0.240816,1.39021,0.28655,0.689189,,,4.76206,-0.0192388,-0.0526606,999,,,,,,,84.20000000000003,3.5083333333333346,81,3.375,,,,,,,,,,,,,,,,,,,"Devin Sweet","25348",682967
"Amos Willingham","ATL",2,2,0,4.40135,37,0,0,1,,37,162,38,19,18,5,14,,2,32,7.7403,3.33895,2.31818,1.21417,0.194656,0.0839695,0.1106870248913765,0.257384,1.39966,0.297753,0.724234,,,4.46496,-0.0193348,0.00119796,999,,,,,,,133.5,3.608108108108108,140,3.7837837837837838,,,,,,,,,,,,,,,,,,,"Amos Willingham","26128",686294
"Chris Devenski","NYM",1,2,0,4.8,26,0,0,1,,26,111,25,15,14,5,9,,1,26,9,3.2,2.8125,1.6,0.231959,0.0824742,0.1494845375418663,0.248588,1.33333,0.290323,0.696721,,,4.61092,-0.0202024,-0.0719032,999,,,,,,,91.9,3.534615384615385,91,3.5,,,,,,,,,,,,,,,,,,,"Chris Devenski","12763",606965
"Alan Rangel","PHI",1,2,0,4.97647,22,0,0,1,,22,95,22,13,12,3,8,,1,17,7.09412,3.28235,2.16129,1.37647,0.180593,0.0835579,0.09703505039215088,0.258929,1.38824,0.289062,0.671343,,,4.81354,-0.0214143,-0.0533267,999,,,,,,,79.7,3.622727272727273,82,3.727272727272727,,,,,,,,,,,,,,,,,,,"Alan Rangel","sa877578",660604
"John Rooney","MIA",1,2,0,4.67337,26,0,0,1,,26,116,26,15,13,3,12,,3,23,7.8392,4.07035,1.92593,1.05528,0.193309,0.100372,0.09293680638074875,0.255319,1.45729,0.301136,0.686529,,,4.65727,-0.0215,-0.042705,999,,,,,,,92.9,3.5730769230769233,96,3.6923076923076925,,,,,,,,,,,,,,,,,,,"John Rooney","sa3008417",680701
"Francis Pena","SDP",1,2,0,4.41509,19,0,0,1,,19,82,19,10,9,3,7,,1,16,7.4717,3.22642,2.31579,1.35849,0.191304,0.0826087,0.10869564861059189,0.25,1.33962,0.282051,0.719064,,,4.71365,-0.0215205,-0.0226099,999,,,,,,,66.29999999999998,3.4894736842105254,68,3.5789473684210527,,,,,,,,,,,,,,,,,,,"Francis Pena","sa3019374",800212
"Eduardo Salazar","WSN",2,3,0,4.72534,52,0,0,6,,52,228,53,29,27,5,22,,5,39,6.8663,3.79642,1.80863,0.900498,0.172681,0.0954761,0.07720440626144409,0.263559,1.45201,0.305385,0.671769,,,4.46947,-0.0219344,-0.0822524,999,,,,,,,206.5,3.9711538461538463,216,4.153846153846154,,,,,,,,,,,,,,,,,,,"Eduardo Salazar","23135",674285
"Andry Lara","WSN",1,2,0,4.86486,18,0,0,1,,18,78,19,10,10,3,6,,1,13,6.59111,3.13862,2.1,1.33391,0.166998,0.0795229,0.08747515082359314,0.264192,1.40366,0.291317,0.685131,,,4.80554,-0.0223778,-0.0272896,999,,,,,,,55.90000000000001,3.105555555555556,60,3.3333333333333335,,,,,,,,,,,,,,,,,,,"Andry Lara","sa3014716",691251
"Génesis Cabrera","NYM",2,2,0,4.5,35,0,0,1,,35,151,32,19,17,5,16,,2,32,8.4,4.2,2,1.2,0.214559,0.10728,0.1072796955704689,0.23913,1.38333,0.283133,0.710306,,,4.58315,-0.0238544,-0.0590349,999,,,,,,,128.3,3.665714285714286,124,3.5428571428571427,,,,,,,,,,,,,,,,,,,"Genesis Cabrera","17490",650893
"Kyle Nicolas","PIT",2,2,0,4.5,46,0,0,1,,46,205,43,25,23,5,24,,4,45,8.76316,4.73684,1.85,1.06579,0.217009,0.117302,0.0997067466378212,0.244068,1.47368,0.29717,0.714286,,,4.57437,-0.0241494,-0.0298445,999,,,,,,,177.10000000000002,3.8500000000000005,175,3.8043478260869565,,,,,,,,,,,,,,,,,,,"Kyle Nicolas","27775",693312
"Xzavion Curry","MIA",1,1,0,4.69806,18,0,0,1,,18,77,19,10,9,3,5,,1,13,6.54043,2.67144,2.44828,1.4739,0.169856,0.069378,0.10047847777605057,0.264249,1.34084,0.287625,0.699816,,,4.82462,-0.0251506,-0.0180816,999,,,,,,,58.90000000000001,3.272222222222223,63,3.5,,,,,,,,,,,,,,,,,,,"Xzavion Curry","25595",675540
"Griff McGarry","PHI",1,1,0,5.0625,16,0,0,1,,16,74,14,10,9,2,12,,1,18,9.9375,6.75,1.47222,1.125,0.237668,0.161435,0.07623317837715149,0.228261,1.625,0.288,0.704023,,,5.02065,-0.0266056,-0.0552724,999,,,,,,,58.40000000000001,3.650000000000001,55,3.4375,,,,,,,,,,,,,,,,,,,"Griff McGarry","sa3017130",676046
"Mason Black","SFG",3,3,0,4.48776,40,0,0,1,,40,174,40,21,20,5,15,,3,34,7.75159,3.34542,2.31707,1.14234,0.196281,0.0847107,0.11157023906707764,0.252874,1.36899,0.294479,0.700152,,,4.42668,-0.0274261,-0.0338877,749.2000122070312,,,,,,,148.5,3.7125,153,3.825,,,,,,,,,,,,,,,,,,,"Mason Black","30171",696131
"J.B. Wendelken","SDP",0,0,0,5.89888,8,0,0,1,,8,51,8,6,5,2,5,,1,10,11.4607,5.98315,1.91549,1.76966,0.200384,0.104612,0.09577199816703796,0.175089,1.64794,0.189747,0.695771,,,5.39494,-0.0276484,-0.0655806,999,,,,,,,19.8,2.475,20,2.5,,,,,,,,,,,,,,,,,,,"J.B. Wendelken","14506",605525
"Matt Pushard","MIA",1,2,0,4.74645,22,0,0,1,,22,95,22,12,12,3,9,,1,18,7.30223,3.65112,2,1.27789,0.186046,0.0930232,0.09302324801683426,0.260417,1.41988,0.296552,0.697674,,,4.7892,-0.028087,-0.0154493,999,,,,,,,78.7,3.5772727272727276,81,3.6818181818181817,,,,,,,,,,,,,,,,,,,"Matt Pushard","sa3019955",690155
"Matt Svanson","STL",1,2,0,4.57627,22,0,0,1,,22,98,23,12,11,3,8,,2,16,6.40678,3.35593,1.90909,1.0678,0.159091,0.0833333,0.07575757056474686,0.258475,1.40678,0.28877,0.696721,,,4.70885,-0.0285458,-0.0307752,999,,,,,,,72.10000000000001,3.277272727272728,77,3.5,,,,,,,,,,,,,,,,,,,"Matt Svanson","sa3017070",694335
"Joan Adon","WSN",1,2,0,4.97291,24,0,0,1,,24,107,25,14,13,3,10,,2,18,6.92308,3.80282,1.82051,1.1701,0.171084,0.0939759,0.07710843533277512,0.260163,1.46262,0.293706,0.676819,,,4.81328,-0.0304668,-0.0568405,999,,,,,,,79.70000000000002,3.320833333333334,85,3.5416666666666665,,,,,,,,,,,,,,,,,,,"Joan Adon","22925",672851
"Matt Sauer","LAD",1,1,0,4.9925,20,0,0,1,,20,87,20,12,11,3,8,,2,16,7.42129,3.64318,2.03704,1.34933,0.185185,0.0909091,0.09427609294652939,0.253788,1.4093,0.286432,0.675,,,4.95059,-0.0312302,-0.0626767,999,,,,,,,65.1,3.255,67,3.35,,,,,,,,,,,,,,,,,,,"Matt Sauer","22284",669422
"Mick Abel","PHI",1,1,0,5.1282,18,0,0,1,,18,81,18,11,10,3,10,,1,15,7.77778,4.78632,1.625,1.28205,0.191579,0.117895,0.0736842006444931,0.251816,1.51947,0.289902,0.683453,,,5.05632,-0.0320645,-0.0546354,999,,,,,,,50.500000000000014,2.8055555555555562,52,2.888888888888889,,,,,,,,,,,,,,,,,,,"Mick Abel","sa3014534",690953
"Kyle Tyler","PHI",2,2,0,4.9075,43,0,0,1,,43,190,45,25,23,6,18,,2,33,7.01071,3.76826,1.86047,1.22687,0.175055,0.0940919,0.08096280694007874,0.260976,1.46056,0.294304,0.682515,,,4.75363,-0.0332597,-0.0918212,999,,,,,,,137.39999999999998,3.195348837209302,147,3.4186046511627906,,,,,,,,,,,,,,,,,,,"Kyle Tyler","22092",667725
"Bryan Shaw","CIN",1,1,0,5.95745,11,0,0,1,,11,51,12,8,7,2,6,,1,9,7.23404,5.31915,1.36,1.48936,0.172589,0.126904,0.0456852912902832,0.272189,1.67849,0.304688,0.669935,,,5.69603,-0.0346116,-0.058136,999,,,,,,,26.600000000000005,2.4181818181818184,30,2.727272727272727,,,,,,,,,,,,,,,,,,,"Bryan Shaw","8110",543766
"José Ureña","NYM",1,1,0,5.08235,17,0,0,1,,17,75,18,10,10,2,7,,1,12,6.24706,3.81176,1.63889,1.27059,0.156085,0.0952381,0.06084655970335007,0.265487,1.48235,0.291045,0.677656,,,4.99001,-0.0352791,-0.0530816,999,,,,,,,58.40000000000002,3.43529411764706,63,3.7058823529411766,,,,,,,,,,,,,,,,,,,"Jose Urena","11589",570632
"Trevor McDonald","SFG",2,2,0,4.46191,38,0,0,1,,38,168,39,20,19,4,13,,5,28,6.74728,3.15599,2.13793,0.979444,0.168478,0.0788044,0.08967389911413193,0.258359,1.37848,0.294574,0.690335,,,4.49659,-0.0354851,-0.0337616,999,,,,,,,136.6,3.594736842105263,144,3.789473684210526,,,,,,,,,,,,,,,,,,,"Trevor McDonald","26448",686790
"Omar Cruz","SDP",1,2,0,4.57831,28,0,0,1,,28,122,26,15,14,4,12,,3,25,8.07229,3.9759,2.0303,1.20482,0.204268,0.10061,0.10365854948759079,0.240418,1.36546,0.280952,0.693182,,,4.75952,-0.0361182,-0.0417053,750.0900268554688,,,,,,,99.40000000000006,3.550000000000002,97,3.4642857142857144,,,,,,,,,,,,,,,,,,,"Omar Cruz","sa3006971",678316
"Guillo Zuñiga","PHI",1,1,0,5.23256,15,0,0,1,,15,66,15,9,9,2,7,,1,12,7.53488,4.39535,1.71429,1.46512,0.188482,0.109948,0.07853404432535172,0.251497,1.46512,0.282258,0.676692,,,5.28276,-0.0379803,-0.0404893,999,,,,,,,51.400000000000006,3.426666666666667,53,3.533333333333333,,,,,,,,,,,,,,,,,,,"Guillo Zuniga","19588",670871
"Seth Johnson","PHI",1,2,0,5.35443,20,0,0,1,,20,91,21,13,12,3,10,,1,15,6.94937,4.32911,1.60526,1.36709,0.168508,0.104972,0.0635359138250351,0.263975,1.55696,0.293173,0.677966,,,5.11585,-0.0395795,-0.0841378,999,,,,,,,57.49999999999999,2.8749999999999996,62,3.1,,,,,,,,,,,,,,,,,,,"Seth Johnson","26020",686751
"Jeff Brigham","ARI",1,1,0,4.4665,20,0,0,1,,20,86,18,11,10,3,10,,1,20,8.933,4.4665,2,1.33995,0.229885,0.114943,0.1149425208568573,0.238411,1.38958,0.285714,0.714286,,,4.82901,-0.0398676,-0.0200536,999,,,,,,,75.3,3.7649999999999997,72,3.6,,,,,,,,,,,,,,,,,,,"Jeff Brigham","16631",656257
"Ron Marinaccio","SDP",2,1,0,4.32247,38,0,0,1,,38,162,31,19,18,5,18,,5,39,9.26244,4.32247,2.14286,1.23499,0.24,0.112,0.12799999862909317,0.223256,1.3036,0.272109,0.709877,,,4.69307,-0.0403573,-0.0132637,999,,,,,,,152.1,4.002631578947368,138,3.6315789473684212,,,,,,,,,,,,,,,,,,,"Ron Marinaccio","23488",676760
"Joel Peguero","SFG",1,2,0,4.5283,34,0,0,1,,34,152,35,18,17,4,15,,2,25,6.60377,3.96226,1.66667,0.943396,0.162791,0.0976744,0.0651162788271904,0.26178,1.48847,0.298013,0.703125,,,4.57109,-0.0407302,-0.0335084,999,,,,,,,114.40000000000003,3.364705882352942,121,3.5588235294117645,,,,,,,,,,,,,,,,,,,"Joel Peguero","sa917689",666711
"Juan Mejia","COL",1,2,0,5.29412,21,0,0,1,,21,97,21,13,12,3,12,,3,19,7.94118,4.94118,1.60714,1.23529,0.190678,0.118644,0.07203390449285507,0.253731,1.54902,0.295302,0.679191,,,5.24491,-0.0413486,-0.0240235,999,,,,,,,60.9,2.9,63,3,,,,,,,,,,,,,,,,,,,"Juan Mejia","sa3003159",675848
"Wandy Peralta","SDP",4,4,0,4.13448,52,0,0,4,,52,222,46,26,24,6,22,,4,42,7.31633,3.8614,1.89474,1.01616,0.189454,0.0999896,0.08946436643600464,0.235944,1.32424,0.272739,0.707364,,,4.49877,-0.0419903,-0.00667733,999,,,,,,,213.4,4.103846153846154,204,3.923076923076923,,,,,,,,,,,,,,,,,,,"Wandy Peralta","14295",593974
"Tanner Rainey","PIT",1,1,0,4.82927,32,0,0,1,,32,141,30,19,17,5,17,,2,32,9,4.82927,1.86364,1.31707,0.225275,0.120879,0.10439560562372208,0.246835,1.4878,0.297297,0.703422,,,4.82502,-0.0441249,-0.0687903,750.4600219726562,,,,,,,108.30000000000001,3.3843750000000004,106,3.3125,,,,,,,,,,,,,,,,,,,"Tanner Rainey","17610",663432
"Gabriel Hughes","COL",1,2,0,5.40309,18,0,0,1,,18,80,20,12,11,3,7,,1,14,6.79245,3.5506,1.91304,1.69811,0.169231,0.0884615,0.08076922595500946,0.27234,1.49228,0.294444,0.684358,,,5.39633,-0.0442589,-0.0436973,999,,,,,,,52.30000000000001,2.9055555555555563,59,3.2777777777777777,,,,,,,,,,,,,,,,,,,"Gabriel Hughes","sa3020661",687312
"Riley O'Brien","STL",3,3,0,4.29423,53,0,0,5,,53,236,48,27,25,6,27,,5,54,9.30418,4.65209,2,1.07356,0.231111,0.115556,0.11555556207895279,0.237113,1.43141,0.294118,0.72327,,,4.49849,-0.046606,-0.000241721,999,,,,,,,225.60000000000002,4.2566037735849065,219,4.132075471698113,,,,,,,,,,,,,,,,,,,"Riley O'Brien","20348",676617
"Tyler Zuber","NYM",1,2,0,4.91315,30,0,0,1,,30,132,27,18,16,4,16,,1,29,8.70968,4.91315,1.77273,1.33995,0.219101,0.123596,0.09550562500953674,0.23871,1.46402,0.281818,0.6917,,,4.87864,-0.0508415,-0.10479,999,,,,,,,113.60000000000001,3.786666666666667,109,3.6333333333333333,,,,,,,,,,,,,,,,,,,"Tyler Zuber","20379",676604
"Cole Henry","WSN",2,2,0,4.82927,38,0,0,1,,38,166,35,22,20,6,17,,5,36,8.56098,3.95122,2.16667,1.31707,0.216667,0.1,0.11666667461395264,0.242038,1.36585,0.285714,0.672269,,,4.84941,-0.0528882,-0.0848931,999,,,,,,,126.39999999999998,3.3263157894736834,122,3.210526315789474,,,,,,,,,,,,,,,,,,,"Cole Henry","sa3014446",669371
"George Soriano","MIA",2,3,0,4.65886,53,0,0,6,,53,231,51,30,27,7,24,,6,50,8.55758,4.02639,2.12537,1.18989,0.216772,0.101992,0.11477957665920258,0.252723,1.41416,0.30432,0.6928,,,4.66619,-0.0531051,-0.069841,999,,,,,,,207.50000000000003,3.915094339622642,208,3.9245283018867925,,,,,,,,,,,,,,,,,,,"George Soriano","21863",666277
"Luarbert Arias","MIA",2,4,0,4.97487,33,0,0,1,,33,146,33,20,18,5,14,,3,29,7.8392,3.76884,2.08,1.35678,0.196226,0.0943396,0.1018867939710617,0.255319,1.42379,0.293103,0.676796,,,4.89177,-0.053647,-0.0828025,999,,,,,,,107.90000000000005,3.2696969696969713,111,3.3636363636363638,,,,,,,,,,,,,,,,,,,"Luarbert Arias","sa3007599",678215
"Roddery Muñoz","STL",1,2,0,4.75843,24,0,0,1,,24,105,23,14,13,4,10,,1,21,7.79398,3.93801,1.97917,1.47675,0.197505,0.0997921,0.09771310538053513,0.25,1.41294,0.28254,0.708783,,,5.01698,-0.0566861,-0.0617807,999,,,,,,,81.60000000000004,3.4000000000000017,81,3.375,,,,,,,,,,,,,,,,,,,"Roddery Munoz","25311",682610
"Spencer Bivens","SFG",3,3,0,4.44304,53,0,0,7,,53,231,55,28,26,7,18,,4,40,6.83544,3.07595,2.22222,1.13924,0.172911,0.0778098,0.09510086476802826,0.261146,1.37975,0.295082,0.705263,,,4.54623,-0.0588212,-0.0503895,999,,,,,,,205.10000000000002,3.8698113207547173,216,4.0754716981132075,,,,,,,,,,,,,,,,,,,"Spencer Bivens","30226",702352
"Andrew Moore","CIN",1,2,0,5.69388,28,0,0,1,,28,131,26,19,18,4,19,,4,30,9.73469,6.2449,1.55882,1.28571,0.230435,0.147826,0.08260871469974518,0.238095,1.61224,0.294574,0.650289,,,5.37056,-0.0591059,-0.109423,999,,,,,,,85.40000000000006,3.050000000000002,83,2.9642857142857144,,,,,,,,,,,,,,,,,,,"Andrew Moore","sa3016795",681097
"Michael Mercado","PHI",1,2,0,5.17532,30,0,0,1,,30,133,30,18,17,5,14,,1,27,8.07854,4.29172,1.88235,1.51473,0.201893,0.107256,0.09463723003864288,0.253571,1.47265,0.289216,0.69161,,,5.11599,-0.0593834,-0.0809786,999,,,,,,,95.5,3.183333333333333,98,3.2666666666666666,,,,,,,,,,,,,,,,,,,"Michael Mercado","23223",675650
"Orlando Ribalta","WSN",2,4,0,4.81799,50,0,0,4,,50,222,48,29,27,6,26,,2,46,8.28694,4.62527,1.79167,1.15632,0.205742,0.114833,0.09090910106897354,0.245902,1.47752,0.291045,0.693069,,,4.66541,-0.0606564,-0.16619,999,,,,,,,195.39999999999998,3.9079999999999995,196,3.92,,,,,,,,,,,,,,,,,,,"Orlando Ribalta","26247",687377
"Jacob Misiorowski","MIL",2,2,0,4.92102,33,0,0,1,,33,148,27,20,18,4,19,,6,35,9.73269,5.13973,1.89362,1.20292,0.239892,0.126685,0.11320756375789642,0.223301,1.40948,0.277512,0.666004,,,5.00123,-0.0614676,-0.0964744,999,,,,,,,123.80000000000005,3.7515151515151532,112,3.393939393939394,,,,,,,,,,,,,,,,,,,"Jacob Misiorowski","sa3020644",694819
"Jaden Hill","COL",2,3,0,5.18887,34,0,0,1,,34,154,34,21,20,5,15,,5,30,8.05169,3.93638,2.04545,1.43141,0.197368,0.0964912,0.10087720304727554,0.257576,1.45129,0.296552,0.679612,,,5.23407,-0.0657517,-0.0376072,999,,,,,,,105.70000000000002,3.108823529411765,109,3.2058823529411766,,,,,,,,,,,,,,,,,,,"Jaden Hill","30250",677955
"Jackson Rutledge","WSN",1,2,0,5.0177,40,0,0,1,,40,178,40,24,22,5,18,,4,31,7.00885,3.9823,1.76,1.19469,0.173913,0.0988142,0.07509882003068924,0.257848,1.46018,0.291545,0.673611,,,4.92754,-0.0662467,-0.115119,999,,,,,,,130.5,3.2625,135,3.375,,,,,,,,,,,,,,,,,,,"Jackson Rutledge","26215",671131
"Brett de Geus","MIA",1,3,0,5.35714,28,0,0,1,,28,132,32,18,17,3,13,,3,19,6.21429,4.28571,1.45,1.07143,0.145729,0.100503,0.04522612690925598,0.275862,1.61905,0.307143,0.672131,,,5.11886,-0.0670907,-0.100751,999,,,,,,,81.10000000000001,2.896428571428572,95,3.392857142857143,,,,,,,,,,,,,,,,,,,"Brett de Geus","23592",676969
"Nick Anderson","STL",2,3,0,4.66859,35,0,0,1,,35,151,36,19,18,6,13,,1,30,7.78098,3.37176,2.30769,1.5562,0.198675,0.0860927,0.11258278042078018,0.262774,1.4121,0.29703,0.738916,,,4.89559,-0.0680142,-0.0461309,750.9500122070312,,,,,,,113.6,3.2457142857142856,119,3.4,,,,,,,,,,,,,,,,,,,"Nick Anderson","18337",623433
"Bryce Jarvis","ARI",2,2,0,4.21916,48,0,0,1,,48,211,46,24,22,5,23,,2,38,7.21114,4.2903,1.6808,0.948079,0.18136,0.107901,0.07345925271511078,0.25006,1.45054,0.290677,0.72213,,,4.504,-0.0745582,0.0246354,999,,,,,,,179.10000000000005,3.731250000000001,180,3.75,,,,,,,,,,,,,,,,,,,"Bryce Jarvis","27477",686826
"Kyle Leahy","STL",3,3,0,4.37618,56,0,0,10,,56,243,56,29,27,7,22,,3,44,7.03625,3.48905,2.01667,1.0661,0.178994,0.0887575,0.09023676812648773,0.257788,1.40148,0.295257,0.706479,,,4.44795,-0.085992,-0.0195484,999,,,,,,,235.70000000000007,4.208928571428573,242,4.321428571428571,,,,,,,,,,,,,,,,,,,"Kyle Leahy","24763",681517
"Héctor Neris","ATL",6,6,0,4.2574,56,0,0,10,,56,240,51,29,26,8,24,,3,58,9.31492,3.82577,2.43478,1.28534,0.239641,0.0984239,0.1412169113755226,0.239524,1.34447,0.29188,0.725445,,,4.39469,-0.0882544,0.0377006,732.1400146484375,,,,,,,258.4000000000001,4.614285714285716,251,4.482142857142857,,,,,,,,,,,,,,,,,,,"Hector Neris","11804",593576
"Tyler Phillips","MIA",2,4,0,5.07143,50,0,0,4,,50,220,53,30,28,7,18,,2,37,6.64286,3.28571,2.02174,1.28571,0.166966,0.0825853,0.0843806117773056,0.266272,1.43651,0.295455,0.667522,,,4.73791,-0.0884995,-0.171434,750.7999877929688,,,,,,,176.09999999999997,3.5219999999999994,189,3.78,,,,,,,,,,,,,,,,,,,"Tyler Phillips","20629",663969
"Jefry Yan","COL",2,2,0,5.5,33,0,0,1,,33,157,30,22,20,5,26,,4,36,9.75,7,1.39286,1.25,0.22807,0.163743,0.06432747840881348,0.23741,1.69444,0.294737,0.685185,,,5.47204,-0.0892091,-0.0801117,999,,,,,,,90.70000000000005,2.74848484848485,86,2.606060606060606,,,,,,,,,,,,,,,,,,,"Jefry Yan","sa828460",642376
"Elvin Rodriguez","MIL",2,2,0,5.13866,34,0,0,1,,34,150,35,21,19,6,14,,2,28,7.34095,3.67047,2,1.61501,0.183824,0.0919118,0.09191177040338516,0.258197,1.43556,0.284153,0.688705,,,5.23826,-0.0904325,-0.111324,999,,,,,,,98.80000000000001,2.905882352941177,104,3.0588235294117645,,,,,,,,,,,,,,,,,,,"Elvin Rodriguez","20962",660730
"Brad Lord","WSN",2,4,1,5.3,49,2,0,1,,57,257,66,36,34,8,15,,6,30,4.7,2.4,1.95833,1.3,0.116625,0.0595533,0.05707196146249771,0.279133,1.41111,0.291262,0.643382,,,5.13315,-0.0947989,-0.151479,999,,,,,,,152.79999999999998,2.680701754385965,182,3.192982456140351,,,,,,,,,,,,,,,,,,,"Brad Lord","sa3020812",695418
"Evan Justice","COL",3,5,0,5.45455,42,0,0,1,,42,201,39,28,25,5,31,,8,43,9.27273,6.54545,1.41667,1.09091,0.21519,0.151899,0.06329114735126495,0.242187,1.66667,0.3,0.668016,,,5.4089,-0.104978,-0.10196,999,,,,,,,120.9,2.8785714285714286,118,2.8095238095238093,,,,,,,,,,,,,,,,,,,"Evan Justice","30008",687145
"Anthony Veneziano","MIA",3,3,0,4.57627,58,0,1,10,,58,257,61,32,29,7,24,,3,47,7.2682,3.67896,1.97561,1.1665,0.180804,0.0915179,0.0892857164144516,0.264339,1.4656,0.302932,0.714286,,,4.64205,-0.110208,-0.0719087,999,,,,,,,242.50000000000003,4.181034482758621,257,4.431034482758621,,,,,,,,,,,,,,,,,,,"Anthony Veneziano","27453",685107
"Diego Castillo","COL",0,0,0,5.89888,46,0,0,1,,46,292,45,32,30,9,31,,3,59,11.4607,5.98315,1.91549,1.76966,0.200384,0.104612,0.09577199816703796,0.175089,1.64794,0.189747,0.695771,,,5.39494,-0.112901,-0.147427,999,,,,,,,132.70000000000005,2.884782608695653,133,2.891304347826087,,,,,,,,,,,,,,,,,,,"Diego Castillo","17496",650895
"Ben Casparius","LAD",3,3,0,4.97603,46,0,0,4,,46,204,45,28,26,7,22,,3,44,8.53634,4.2164,2.02455,1.34586,0.214635,0.106016,0.10861890763044357,0.251253,1.44663,0.296456,0.683487,,,4.79155,-0.127074,-0.240009,745.760009765625,,,,,,,166.30000000000007,3.6152173913043493,168,3.652173913043478,,,,,,,,,,,,,,,,,,,"Ben Casparius","30085",676508
"Luis Mey","CIN",2,3,0,6.23557,34,0,0,1,,34,162,34,25,23,5,26,,4,32,8.52194,6.85912,1.24242,1.45497,0.197115,0.158654,0.038461536169052124,0.252941,1.7552,0.295082,0.664653,,,6.00713,-0.140465,-0.187374,750.5499877929688,,,,,,,79.70000000000002,2.344117647058824,83,2.4411764705882355,,,,,,,,,,,,,,,,,,,"Luis Mey","sa3010130",682825
"Lake Bachar","MIA",3,4,0,4.74294,60,0,1,11,,60,263,61,34,31,9,25,,3,56,8.46129,3.73363,2.26623,1.43042,0.213263,0.0941045,0.1191583052277565,0.259372,1.43633,0.303798,0.7114,,,4.76257,-0.160113,-0.172106,999,,,,,,,251.70000000000002,4.195,260,4.333333333333333,,,,,,,,,,,,,,,,,,,"Lake Bachar","19222",669199
"Ryan Borucki","PIT",2,3,0,4.46951,52,0,0,4,,52,229,48,28,26,8,27,,4,56,9.78754,4.76988,2.05195,1.36282,0.245637,0.119709,0.1259276494383812,0.240759,1.45007,0.297622,0.735233,,,4.77709,-0.160679,-0.0196208,999,,,,,,,196.59999999999997,3.78076923076923,191,3.673076923076923,,,,,,,,,,,,,,,,,,,"Ryan Borucki","16350",621366
"Lucas Sims","WSN",2,5,0,5.1676,58,0,1,11,,58,252,49,36,33,9,31,,6,63,9.76926,4.90942,1.9899,1.40505,0.247838,0.124548,0.12329016625881195,0.229705,1.40304,0.281511,0.657618,,,4.96458,-0.213356,-0.476957,749.3699951171875,,,,,,,255.10000000000005,4.398275862068966,237,4.086206896551724,,,,,,,,,,,,,,,,,,,"Lucas Sims","13470",608371
"Brad Keller","CHC",4,4,0,4.59184,60,0,1,12,,60,264,60,33,31,8,26,,2,48,7.2551,3.94898,1.83721,1.19388,0.18287,0.099537,0.083333320915699,0.253886,1.43878,0.289116,0.708469,,,4.68689,-0.249172,-0.251783,999,,,,,,,254.60000000000002,4.243333333333334,261,4.35,,,,,,,,,,,,,,,,,,,"Brad Keller","15734",641745
"Luis Peralta","COL",2,5,0,5.14793,62,0,1,11,,62,282,60,38,35,10,35,,6,64,9.23077,5.14793,1.7931,1.42012,0.225108,0.125541,0.09956710040569305,0.248731,1.53846,0.29927,0.703593,,,5.17831,-0.347864,-0.103693,748.8300170898438,,,,,,,233.79999999999995,3.770967741935483,234,3.774193548387097,,,,,,,,,,,,,,,,,,,"Luis Peralta","24203",678821