Name,Team,G,PA,AB,H,1B,2B,3B,HR,R,RBI,BB,IBB,SO,HBP,SF,SH,GDP,SB,CS,AVG,BB%,K%,BB/K,OBP,SLG,wOBA,OPS,ISO,Spd,BABIP,UBR,wSB,wRC,wRAA,wRC+,BsR,Fld,Off,Def,WAR,ADP,InterSD,InterSK,IntraSD,Vol,Skew,Dim,FPTS,FPTS/G,SPTS,SPTS/G,P10,P20,P30,P40,P50,P60,P70,P80,P90,TT10,TT20,TT30,TT40,TT50,TT60,TT70,TT80,TT90,NameASCII,PlayerId,MLBAMID
"Shohei Ohtani","LAD",39,177,152,44,22,7,2,13,34,32,23,4,43,1,1,0,,9,1,0.287822,0.130171,0.244809,0.531724,0.383844,0.607122,0.412169,0.990965,0.3193,7.53844,0.321771,0,0.892913,34.8262,14.09,168.527,0.892913,0,15.105486631393433,-4.226082801818848,1.7116,1.5499999523162842,,,,,,,334.6,8.579487179,334.6,8.579487179,,,,,,,,,,,,,,,,,,,"Shohei Ohtani","19755",660271
"Juan Soto","NYM",39,171,136,36,21,6,0,9,28,25,33,3,30,1,1,0,,3,1,0.2669,0.193294,0.173451,1.1144,0.410197,0.511048,0.394659,0.921245,0.244148,4.28702,0.278521,0,0.0226747,31.3533,11.2398,159.869,0.0226747,-1.48141,12.066699143499136,-3.2875105142593384,1.47802,7.079999923706055,,,,,,,272.5,6.987179487,272.5,6.987179487,,,,,,,,,,,,,,,,,,,"Juan Soto","20123",665742
"Francisco Lindor","NYM",39,172,153,39,24,8,0,7,25,23,15,1,33,3,1,0,,6,1,0.255982,0.0865264,0.189249,0.457208,0.331697,0.447993,0.337486,0.779691,0.192011,5.87459,0.281024,0,0.505246,23.541,3.33056,120.474,0.505246,1.45826,4.643947899341583,3.1069146394729614,1.37517,14.149999618530273,,,,,,,217,5.564102564,217,5.564102564,,,,,,,,,,,,,,,,,,,"Francisco Lindor","12916",596019
"Fernando Tatis Jr.","SDP",34,149,131,35,21,7,0,7,24,19,16,1,30,2,1,0,,5,1,0.271359,0.107099,0.203679,0.525824,0.355762,0.48751,0.362459,0.843272,0.216151,5.73606,0.304363,0,0.406298,23.3588,5.88648,137.648,0.406298,2.54493,6.985525131225586,1.0071706771850586,1.32157,11.619999885559082,,,,,,,211.8,6.229411764,211.8,6.229411764,,,,,,,,,,,,,,,,,,,"Fernando Tatis Jr.","19709",665487
"Will Smith","LAD",33,134,115,31,20,6,0,5,19,19,16,1,25,2,1,0,,1,1,0.271096,0.119343,0.185508,0.643327,0.369351,0.464179,0.361441,0.83353,0.193083,3.12463,0.303231,0,-0.344234,20.9694,5.20155,133.574,-0.344234,0.314111,4.950550884008408,2.5740861892700195,1.22466,107.08000183105469,,,,,,,176.1,5.336363636,176.1,5.336363636,,,,,,,,,,,,,,,,,,,"Will Smith","19197",669257
"Elly De La Cruz","CIN",38,166,148,40,24,8,2,6,26,23,16,1,46,1,1,0,,12,3,0.270329,0.0961901,0.277532,0.346591,0.343216,0.474546,0.350345,0.817762,0.204218,7.93352,0.349102,0,1.02163,24.3636,4.92585,120.935,1.02163,-0.23611,5.091694474220276,1.3373105078935623,1.21725,4.300000190734863,,,,,,,232.4,6.115789473,232.4,6.115789473,,,,,,,,,,,,,,,,,,,"Elly De La Cruz","26668",682829
"Trea Turner","PHI",36,162,149,42,29,8,1,5,24,19,11,0,30,1,1,0,,7,1,0.283998,0.0681672,0.184355,0.369761,0.337064,0.444723,0.338889,0.781787,0.160725,6.2003,0.325365,0,0.547649,22.3481,3.31979,115.933,0.547649,1.22743,3.5800493955612183,2.829298973083496,1.2035,24.110000610351562,,,,,,,208.6,5.794444444,208.6,5.794444444,,,,,,,,,,,,,,,,,,,"Trea Turner","16252",607208
"Pete Crow-Armstrong","CHC",37,150,139,35,20,8,2,6,22,22,7,0,38,2,1,2,,9,2,0.253288,0.048768,0.253716,0.192215,0.298128,0.461487,0.32441,0.759616,0.2082,8.33256,0.304829,0,0.928309,18.9831,1.31912,109.818,0.928309,3.4027,2.662866532802582,3.969016134738922,1.18728,127.38999938964844,,,,,,,186.5,5.04054054,186.5,5.04054054,,,,,,,,,,,,,,,,,,,"Pete Crow-Armstrong","27769",691718
"Ronald Acuña Jr.","ATL",26,118,100,30,18,5,0,6,23,16,16,1,24,1,1,0,,6,1,0.296833,0.13822,0.205625,0.672192,0.401531,0.537646,0.402358,0.939177,0.240813,6.53104,0.338001,0,0.462774,22.3529,8.48523,161.33,0.462774,-0.638878,8.96930792927742,-1.783084213733673,1.13546,37.599998474121094,,,,,,,198.5,7.634615384,198.5,7.634615384,,,,,,,,,,,,,,,,,,,"Ronald Acuna Jr.","18401",660670
"William Contreras","MIL",37,156,136,36,24,7,0,5,21,20,19,1,31,1,1,0,,2,1,0.267797,0.119585,0.19813,0.603568,0.357086,0.429944,0.34332,0.787029,0.162147,3.46394,0.311958,0,-0.173518,22.0723,3.75504,122.052,-0.173518,0.117375,3.866462394595146,1.9666410461068153,1.12394,24.790000915527344,,,,,,,193.9,5.24054054,193.9,5.24054054,,,,,,,,,,,,,,,,,,,"William Contreras","20503",661388
"Ketel Marte","ARI",32,136,119,33,20,7,0,6,20,19,15,1,23,1,1,0,,1,0,0.279604,0.113446,0.166707,0.680511,0.367288,0.50446,0.373114,0.871748,0.224856,3.87534,0.297314,0,-0.162071,22.5453,6.5595,139.948,-0.162071,0.00123228,6.225172206759453,-0.028793269186280668,1.09446,30.65999984741211,,,,,,,192.4,6.0125,192.4,6.0125,,,,,,,,,,,,,,,,,,,"Ketel Marte","13613",606466
"Kyle Tucker","CHC",36,152,129,34,20,7,1,6,21,20,21,2,23,1,1,0,,6,1,0.263089,0.136732,0.151789,0.900799,0.365014,0.468136,0.358654,0.833149,0.205046,6.02183,0.276351,0,0.660679,23.3246,5.52879,133.414,0.660679,0.636143,6.60800439119339,-1.2125632166862488,1.06404,8.710000038146973,,,,,,,218.4,6.066666666,218.4,6.066666666,,,,,,,,,,,,,,,,,,,"Kyle Tucker","18345",663656
"Nico Hoerner","CHC",39,163,149,42,32,7,1,2,21,16,10,0,16,3,1,0,,7,1,0.281555,0.0627925,0.0964952,0.650732,0.336368,0.382162,0.316403,0.718531,0.100607,6.2278,0.30196,0,0.698496,19.4757,0.372439,104.301,0.698496,2.88224,1.5202231407165527,3.4905399084091187,1.06198,203.32000732421875,,,,,,,180.5,4.628205128,180.5,4.628205128,,,,,,,,,,,,,,,,,,,"Nico Hoerner","21479",663538
"Matt Chapman","SFG",35,146,127,30,17,7,1,6,20,17,17,0,38,2,1,0,,2,1,0.238034,0.115192,0.256253,0.449523,0.33376,0.436415,0.335776,0.770175,0.198381,4.72137,0.289099,0,-0.0352264,19.8168,2.62976,118.742,-0.0352264,1.73923,3.186505049467087,2.2736316323280334,1.05325,125.16999816894531,,,,,,,181.4,5.182857142,181.4,5.182857142,,,,,,,,,,,,,,,,,,,"Matt Chapman","16505",656305
"Corbin Carroll","ARI",36,159,139,36,19,7,3,7,27,21,15,0,35,3,1,0,,7,1,0.255751,0.0966229,0.218567,0.442074,0.338424,0.491725,0.355543,0.830149,0.235974,8.26014,0.293789,0,0.588585,24.0161,5.38799,127.841,0.588585,0.742054,5.775847494602203,-0.8440754413604736,1.04026,7.889999866485596,,,,,,,230.3,6.397222222,230.3,6.397222222,,,,,,,,,,,,,,,,,,,"Corbin Carroll","25878",682998
"Manny Machado","SDP",38,161,146,40,25,8,0,6,21,24,13,1,30,1,1,0,,3,1,0.275408,0.0812603,0.185222,0.438719,0.334585,0.466735,0.343585,0.80132,0.191327,3.92021,0.304036,0,0.0445213,22.7995,3.90742,124.643,0.0445213,0.0264948,4.700990691781044,0.09047664515674114,1.03341,37.45000076293945,,,,,,,202.5,5.328947368,202.5,5.328947368,,,,,,,,,,,,,,,,,,,"Manny Machado","11493",592518
"Mookie Betts","LAD",35,154,134,36,23,7,0,5,24,21,18,1,19,1,1,0,,3,1,0.267326,0.113658,0.125632,0.904689,0.354782,0.445691,0.347766,0.800472,0.178365,5.07604,0.275591,0,0.0482711,22.399,4.27161,124.151,0.0482711,-1.17481,4.4270634315907955,0.33190393447875977,1.00816,13.65999984741211,,,,,,,194.8,5.565714285,194.8,5.565714285,,,,,,,,,,,,,,,,,,,"Mookie Betts","13611",605141
"Willy Adames","SFG",39,166,147,35,21,8,0,6,21,21,17,0,40,1,1,0,,3,1,0.240547,0.100873,0.241754,0.417255,0.318353,0.422605,0.321863,0.740958,0.182058,4.49553,0.286532,0,-0.0264816,20.5827,1.1123,109.155,-0.0264816,0.718366,1.7564375847578049,2.445913255214691,0.989461,91.93000030517578,,,,,,,185.5,4.756410256,185.5,4.756410256,,,,,,,,,,,,,,,,,,,"Willy Adames","15986",642715
"Freddie Freeman","LAD",36,157,137,41,26,9,0,5,22,22,17,2,29,2,1,0,,2,1,0.29778,0.106393,0.183977,0.578295,0.378984,0.487048,0.371078,0.866032,0.189269,4.17043,0.341329,0,-0.110097,25.7072,7.29628,140.214,-0.110097,-0.304418,7.295044615864754,-2.8952404856681824,0.97939,26.920000076293945,,,,,,,223.7,6.213888888,223.7,6.213888888,,,,,,,,,,,,,,,,,,,"Freddie Freeman","5361",518692
"Jackson Chourio","MIL",38,160,149,41,26,9,1,5,23,23,9,1,33,1,1,0,,7,2,0.274694,0.0579558,0.203468,0.28484,0.31847,0.454836,0.331672,0.773305,0.180142,6.44379,0.317865,0,0.323026,21.1152,2.34155,114.026,0.323026,1.35149,2.9566124081611633,1.214475378394127,0.966287,16.420000076293945,,,,,,,197.1,5.186842105,197.1,5.186842105,,,,,,,,,,,,,,,,,,,"Jackson Chourio","28806",694192
"Dansby Swanson","CHC",39,162,147,36,24,6,1,5,22,18,13,0,41,1,1,0,,3,1,0.248485,0.0806165,0.254748,0.316456,0.310562,0.40721,0.312497,0.717772,0.158725,5.30987,0.307844,0,0.0801567,18.8213,-0.140683,101.61,0.0801567,1.74931,0.38543906807899475,3.513524651527405,0.943731,170.38999938964844,,,,,,,169.6,4.348717948,169.6,4.348717948,,,,,,,,,,,,,,,,,,,"Dansby Swanson","18314",621020
"Austin Riley","ATL",35,152,138,37,23,7,0,7,20,21,11,0,39,2,1,0,,0,0,0.268013,0.0751457,0.259086,0.290042,0.330602,0.472291,0.345932,0.802893,0.204278,3.12917,0.327192,0,-0.201597,21.8228,3.97915,122.45,-0.201597,-0.187305,3.804960921406746,0.34233908355236053,0.937201,29.6200008392334,,,,,,,194.3,5.551428571,194.3,5.551428571,,,,,,,,,,,,,,,,,,,"Austin Riley","18360",663586
"Xander Bogaerts","SDP",36,147,132,35,24,7,0,3,17,15,13,1,26,1,1,0,,4,0,0.264493,0.0873381,0.174575,0.500291,0.33124,0.395833,0.31836,0.727073,0.131341,4.6018,0.302992,0,0.352021,17.8052,0.568537,107.262,0.352021,1.23221,1.6039678752422333,2.3986533880233765,0.904951,155.3699951171875,,,,,,,162.1,4.502777777,162.1,4.502777777,,,,,,,,,,,,,,,,,,,"Xander Bogaerts","12161",593428
"Jackson Merrill","SDP",35,141,130,36,24,6,1,5,17,20,9,0,25,1,1,1,,2,1,0.275066,0.0621166,0.180636,0.343878,0.320652,0.446652,0.329714,0.767304,0.171586,5.1651,0.308693,0,-0.095657,18.3821,1.84006,115.086,-0.095657,1.2305,2.4002669602632523,1.7684210538864136,0.90211,27.280000686645508,,,,,,,172.7,4.934285714,172.7,4.934285714,,,,,,,,,,,,,,,,,,,"Jackson Merrill","29490",701538
"Geraldo Perdomo","ARI",35,138,116,31,21,6,1,3,20,16,17,0,19,1,2,2,,4,1,0.265999,0.123486,0.136275,0.906154,0.363179,0.398497,0.337665,0.761676,0.132498,5.59582,0.293791,0,0.143653,18.9413,2.69702,115.522,0.143653,-0.0306976,2.665635794401169,1.575851934030652,0.901059,430.2699890136719,,,,,,,167.7,4.791428571,167.7,4.791428571,,,,,,,,,,,,,,,,,,,"Geraldo Perdomo","22799",672695
"Matt Olson","ATL",39,171,147,37,21,9,0,7,22,25,21,1,40,1,1,0,,0,0,0.253898,0.124681,0.234432,0.531844,0.350819,0.465783,0.352318,0.816601,0.211885,1.97734,0.297847,0,-0.245351,25.4019,5.35324,126.85,-0.245351,1.00334,5.138678401708603,-1.9825704097747803,0.898555,33.970001220703125,,,,,,,218.1,5.592307692,218.1,5.592307692,,,,,,,,,,,,,,,,,,,"Matt Olson","14344",621566
"Brandon Nimmo","NYM",37,161,140,35,22,7,1,5,20,20,17,0,35,3,1,0,,3,0,0.250426,0.102911,0.218535,0.470913,0.338375,0.422021,0.333386,0.760396,0.171596,5.02833,0.29534,0,0.161017,21.4394,2.57568,117.65,0.161017,1.69588,3.4909919649362564,-0.011949777603149414,0.897782,193.07000732421875,,,,,,,194.7,5.262162162,194.7,5.262162162,,,,,,,,,,,,,,,,,,,"Brandon Nimmo","12927",607043
"Pete Alonso","NYM",39,167,145,37,20,8,0,9,21,28,17,2,38,4,1,0,,1,0,0.252933,0.101431,0.226056,0.448698,0.343722,0.488784,0.355539,0.832506,0.235851,2.88041,0.280702,0,-0.199074,25.2973,5.67502,132.914,-0.199074,-0.0740597,6.260578885674477,-3.0514158755540848,0.89179,47.630001068115234,,,,,,,234.9,6.023076923,234.9,6.023076923,,,,,,,,,,,,,,,,,,,"Pete Alonso","19251",624413
"Bryce Harper","PHI",33,141,121,33,18,9,0,6,19,20,18,2,31,1,1,0,,3,1,0.274972,0.126308,0.219131,0.576402,0.371621,0.504383,0.373135,0.876004,0.229411,3.62798,0.31925,0,0.022514,23.3009,6.78105,139.531,0.022514,-0.0459352,6.55407009460032,-2.5002818256616592,0.889671,22.260000228881836,,,,,,,206.2,6.248484848,206.2,6.248484848,,,,,,,,,,,,,,,,,,,"Bryce Harper","11579",547180
"James Wood","WSN",37,160,139,37,21,8,1,6,22,22,19,1,45,1,1,0,,5,2,0.262926,0.117911,0.283099,0.416502,0.352238,0.471144,0.354077,0.823382,0.208217,5.32411,0.341044,0,0.0107458,23.9651,5.22966,128.102,0.0107458,0.174854,5.276696003973484,-1.84675033390522,0.889062,53.29999923706055,,,,,,,217.4,5.875675675,217.4,5.875675675,,,,,,,,,,,,,,,,,,,"James Wood","29518",695578
"Masyn Winn","STL",36,154,141,36,25,7,1,3,21,16,11,0,28,1,1,1,,3,1,0.256919,0.069166,0.180584,0.383012,0.311696,0.390061,0.306849,0.701757,0.133141,5.55056,0.298275,0,-0.125042,17.2567,-0.838679,97.6704,-0.125042,2.45202,-0.5466611683368683,4.0375025272369385,0.876981,157.3800048828125,,,,,,,153.7,4.269444444,153.7,4.269444444,,,,,,,,,,,,,,,,,,,"Masyn Winn","27479",691026
"Michael Harris II","ATL",37,149,139,39,25,7,1,5,17,19,6,0,29,1,1,0,,4,1,0.276773,0.0424605,0.196944,0.215596,0.311373,0.451696,0.326823,0.763069,0.174922,6.12861,0.316982,0,0.233298,19.031,1.59231,109.283,0.233298,1.14553,1.8523928672075272,1.6924186944961548,0.863712,41.880001068115234,,,,,,,178.2,4.816216216,178.2,4.816216216,,,,,,,,,,,,,,,,,,,"Michael Harris II","25931",671739
"Kyle Schwarber","PHI",38,170,142,33,16,6,0,11,25,27,25,1,49,2,1,0,,2,1,0.231326,0.147503,0.288421,0.511416,0.353217,0.504721,0.367374,0.857938,0.273395,3.66944,0.265186,0,-0.136977,27.3295,7.39219,135.56,-0.136977,-0.304648,6.954101070761681,-4.305003076791763,0.843284,75.9000015258789,,,,,,,245.6,6.463157894,245.6,6.463157894,,,,,,,,,,,,,,,,,,,"Kyle Schwarber","16478",656941
"Sal Frelick","MIL",35,144,130,37,28,5,1,2,19,15,11,0,20,2,1,1,,5,1,0.2817,0.0741772,0.136844,0.542056,0.34275,0.395277,0.32469,0.738027,0.113577,6.27054,0.315207,0,0.277093,18.1671,1.29272,109.215,0.277093,2.37745,1.8323078751564026,1.0249286890029907,0.776917,350.260009765625,,,,,,,161.9,4.625714285,161.9,4.625714285,,,,,,,,,,,,,,,,,,,"Sal Frelick","29622",686217
"Sean Murphy","ATL",27,105,91,20,11,4,0,5,11,14,10,0,28,3,1,0,,0,0,0.226003,0.0992062,0.263267,0.376827,0.321565,0.433268,0.328662,0.754832,0.207265,1.60883,0.266822,0,-0.15837,13.5579,1.27699,110.55,-0.15837,1.59684,1.137483686208725,2.9761440753936768,0.77438,295.67999267578125,,,,,,,118.6,4.392592592,118.6,4.392592592,,,,,,,,,,,,,,,,,,,"Sean Murphy","19352",669221
"CJ Abrams","WSN",36,154,140,36,23,8,1,5,22,17,9,0,28,4,1,0,,8,2,0.260068,0.0594055,0.182183,0.326075,0.320695,0.43746,0.328129,0.758155,0.177392,7.30741,0.29242,0,0.693838,19.9075,1.8149,110.223,0.693838,-1.72168,2.5437771677970886,-0.13218259811401367,0.766039,49.619998931884766,,,,,,,186.1,5.169444444,186.1,5.169444444,,,,,,,,,,,,,,,,,,,"CJ Abrams","25768",682928
"Michael Busch","CHC",38,150,132,34,20,7,1,7,20,21,15,0,39,2,1,0,,1,0,0.253818,0.0986937,0.259517,0.380298,0.338451,0.465525,0.347935,0.803976,0.211708,4.32994,0.30838,0,-0.109837,21.8386,4.1813,126.027,-0.109837,0.436643,4.486742600798607,-2.0694900453090668,0.754149,252.30999755859375,,,,,,,203.1,5.344736842,203.1,5.344736842,,,,,,,,,,,,,,,,,,,"Michael Busch","26319",683737
"Ian Happ","CHC",39,166,144,35,21,8,0,6,21,20,20,0,39,1,1,0,,2,1,0.241625,0.119989,0.236937,0.506418,0.336191,0.419972,0.331125,0.756164,0.178347,4.09127,0.291094,0,-0.0854902,21.875,2.36048,114.445,-0.0854902,0.831351,2.733952760696411,-1.024056851863861,0.734695,130.16000366210938,,,,,,,195.6,5.015384615,195.6,5.015384615,,,,,,,,,,,,,,,,,,,"Ian Happ","17919",664023
"Max Muncy","LAD",29,115,94,22,12,4,0,5,16,18,18,0,28,2,1,0,,1,0,0.228893,0.15929,0.246977,0.644958,0.359829,0.454142,0.354574,0.813972,0.225249,3.87083,0.262338,0,-0.109838,17.308,3.81311,128.842,-0.109838,-0.863375,3.7830663099884987,-0.46661826968193054,0.727271,260.94000244140625,,,,,,,149.7,5.162068965,149.7,5.162068965,,,,,,,,,,,,,,,,,,,"Max Muncy","13301",571970
"Brice Turang","MIL",39,158,142,37,27,6,1,3,20,16,14,0,31,0,1,1,,8,2,0.261563,0.087013,0.194642,0.447041,0.325552,0.377143,0.309392,0.702695,0.11558,6.01176,0.312124,0,0.681878,18.0454,-0.535459,98.674,0.681878,0.836382,0.43545959889888763,1.4169211983680725,0.722583,145.1300048828125,,,,,,,168.1,4.31025641,168.1,4.31025641,,,,,,,,,,,,,,,,,,,"Brice Turang","22186",668930
"Gabriel Moreno","ARI",22,81,73,20,15,4,0,2,10,9,7,0,14,1,0,0,,1,0,0.281381,0.0894914,0.167886,0.533049,0.351164,0.417881,0.337336,0.769045,0.1365,3.6604,0.322993,0,-0.173424,11.072,1.55805,115.296,-0.173424,1.60603,1.282104253768921,3.0786030292510986,0.720494,184.36000061035156,,,,,,,95.3,4.331818181,95.3,4.331818181,,,,,,,,,,,,,,,,,,,"Gabriel Moreno","22664",672515
"Andy Pages","LAD",36,146,132,34,21,7,0,6,18,21,10,0,34,3,1,0,,2,1,0.257639,0.0671113,0.236268,0.284047,0.319723,0.447965,0.331924,0.767688,0.190326,4.02544,0.303156,0,-0.303081,19.3039,2.16714,113.235,-0.303081,0.447845,1.9653874337673187,0.2651217430830002,0.720055,381.8599853515625,,,,,,,175.1,4.863888888,175.1,4.863888888,,,,,,,,,,,,,,,,,,,"Andy Pages","24816",681624
"Oneil Cruz","PIT",35,147,130,31,18,6,1,6,20,19,15,1,44,1,1,0,,7,1,0.236382,0.102057,0.300366,0.339777,0.317589,0.438008,0.325071,0.755597,0.201626,6.87595,0.304927,0,0.828343,18.6733,1.37092,106.524,0.828343,-0.292434,1.957328975200653,0.09264037013053894,0.706256,37.369998931884766,,,,,,,181.6,5.188571428,181.6,5.188571428,,,,,,,,,,,,,,,,,,,"Oneil Cruz","21711",665833
"J.T. Realmuto","PHI",30,122,111,29,19,6,1,3,14,14,9,0,29,2,0,0,,2,1,0.260204,0.0712246,0.239741,0.29709,0.322102,0.408969,0.318731,0.731071,0.148765,4.43923,0.325526,0,-0.116514,14.8122,0.508424,102.044,-0.116514,0.468541,0.17587898671627045,2.676548570394516,0.702781,140.24000549316406,,,,,,,136.7,4.556666666,136.7,4.556666666,,,,,,,,,,,,,,,,,,,"J.T. Realmuto","11739",592663
"Bryson Stott","PHI",37,143,128,33,23,6,1,3,17,16,13,0,25,1,1,0,,6,1,0.25434,0.0929813,0.173245,0.536703,0.325352,0.376791,0.30994,0.702143,0.122451,6.21118,0.293627,0,0.617675,16.3725,-0.420502,95.9864,0.617675,1.58915,-0.05645143985748291,2.0925862193107605,0.69024,172.64999389648438,,,,,,,158.7,4.289189189,158.7,4.289189189,,,,,,,,,,,,,,,,,,,"Bryson Stott","26294",681082
"Ezequiel Tovar","COL",31,133,124,33,20,8,1,4,17,17,6,0,34,1,1,1,,2,1,0.266435,0.0445144,0.254159,0.175144,0.303202,0.453695,0.3246,0.756896,0.18726,4.7685,0.33001,0,-0.21295,16.7556,1.18331,94.525,-0.21295,1.95555,-1.0656947791576385,3.329885721206665,0.678697,129.3000030517578,,,,,,,149.3,4.816129032,149.3,4.816129032,,,,,,,,,,,,,,,,,,,"Ezequiel Tovar","24064",678662
"Xavier Edwards","MIA",30,133,119,35,28,6,1,1,16,11,12,0,18,0,1,1,,7,2,0.298043,0.0877743,0.136488,0.643092,0.360236,0.379453,0.327157,0.739689,0.0814099,6.06209,0.344577,0,0.400406,17.0554,1.45996,108.023,0.400406,-0.203716,1.651887983083725,0.5659223049879074,0.674596,139.80999755859375,,,,,,,153.2,5.106666666,153.2,5.106666666,,,,,,,,,,,,,,,,,,,"Xavier Edwards","22266",669364
"Brendan Donovan","STL",36,149,131,37,26,7,0,3,17,15,13,1,20,3,1,0,,1,1,0.277815,0.0880217,0.133836,0.657684,0.3537,0.403863,0.333552,0.757563,0.126049,3.00304,0.306242,0,-0.431073,19.8743,2.40522,116.07,-0.431073,-0.94209,2.3767701387405396,-0.7835191488265991,0.664117,248.27000427246094,,,,,,,171.8,4.772222222,171.8,4.772222222,,,,,,,,,,,,,,,,,,,"Brendan Donovan","24679",680977
"Patrick Bailey","SFG",30,109,98,22,15,5,1,2,11,12,9,0,29,1,1,1,,0,0,0.228894,0.07955,0.263612,0.301769,0.292494,0.344407,0.281723,0.636901,0.115514,3.77356,0.300305,0,-0.0631041,9.96133,-2.80148,81.4974,-0.0631041,3.2441,-2.4249923154711723,5.210672974586487,0.651778,307.2900085449219,,,,,,,94.2,3.14,94.2,3.14,,,,,,,,,,,,,,,,,,,"Patrick Bailey","27478",672275
"Seiya Suzuki","CHC",37,156,137,36,20,7,1,7,19,23,16,1,40,1,1,0,,2,1,0.259672,0.103543,0.253937,0.407752,0.338189,0.478203,0.350143,0.816391,0.21853,4.61708,0.312313,0,-0.240262,22.8768,4.60497,127.549,-0.240262,-0.314411,4.7944397777318954,-3.576041728258133,0.648609,84.3499984741211,,,,,,,208.4,5.632432432,208.4,5.632432432,,,,,,,,,,,,,,,,,,,"Seiya Suzuki","30116",673548
"Alec Bohm","PHI",35,145,133,38,26,7,1,4,16,19,10,0,23,1,1,0,,1,0,0.28245,0.0655926,0.15843,0.414017,0.333823,0.427931,0.331184,0.761755,0.145481,3.39635,0.314992,0,-0.197381,19.0928,2.06637,110.624,-0.197381,-0.14528,1.6118388324975967,-0.06660254299640656,0.646503,164.69000244140625,,,,,,,178.3,5.094285714,178.3,5.094285714,,,,,,,,,,,,,,,,,,,"Alec Bohm","21618",664761
"Isaac Collins","MIL",32,121,104,26,17,5,1,3,16,14,13,0,28,2,1,1,,4,1,0.248897,0.110387,0.229021,0.481994,0.342039,0.395619,0.326031,0.737658,0.146722,6.40528,0.311951,0,0.0883571,15.3908,1.21689,110.139,0.0883571,1.86975,1.5257336273789406,0.71574866771698,0.636303,999,,,,,,,139.8,4.36875,139.8,4.36875,,,,,,,,,,,,,,,,,,,"Isaac Collins","25477",686555
"Kyle Stowers","MIA",34,130,115,29,17,6,1,6,15,18,12,0,38,2,1,0,,1,0,0.254545,0.0949024,0.295265,0.321415,0.333555,0.468442,0.34551,0.801996,0.213896,3.93608,0.327557,0,-0.13166,18.6115,3.35736,120.669,-0.13166,0.30712,3.021785870194435,-1.0914453566074371,0.635287,552.760009765625,,,,,,,170.8,5.023529411,170.8,5.023529411,,,,,,,,,,,,,,,,,,,"Kyle Stowers","26151",669065
"Tommy Edman","LAD",29,116,106,26,17,5,0,4,16,14,7,0,20,1,1,0,,3,0,0.247056,0.0634808,0.172396,0.368226,0.301925,0.406057,0.307496,0.707982,0.159002,5.9722,0.271509,0,0.344685,13.1043,-0.572916,96.4031,0.344685,2.09556,-0.14736181497573853,2.517267733812332,0.635265,169.00999450683594,,,,,,,121.4,4.186206896,121.4,4.186206896,,,,,,,,,,,,,,,,,,,"Tommy Edman","19470",669242
"Rafael Devers","SFG",38,167,145,37,21,9,0,7,21,24,20,3,39,2,1,0,,1,0,0.257091,0.118597,0.231178,0.513011,0.351093,0.475042,0.351797,0.826135,0.217951,2.94714,0.299823,0,-0.251133,24.7892,5.16849,129.781,-0.251133,-0.856258,5.593155264854431,-4.900907397270203,0.633204,40.939998626708984,,,,,,,222,5.842105263,222,5.842105263,,,,,,,,,,,,,,,,,,,"Rafael Devers","17350",646240
"Matt McLain","CIN",32,138,122,30,19,6,1,4,18,16,13,0,38,2,1,0,,5,1,0.242857,0.0964869,0.273397,0.352919,0.325536,0.407143,0.321478,0.732679,0.164286,5.90874,0.313624,0,0.252837,17.1023,0.883457,101.044,0.252837,0.805842,0.42222464084625244,1.196328580379486,0.630899,86.18000030517578,,,,,,,158.4,4.95,158.4,4.95,,,,,,,,,,,,,,,,,,,"Matt McLain","29695",680574
"Carson Kelly","CHC",25,90,79,19,13,3,0,3,11,10,9,0,16,1,1,0,,0,0,0.240536,0.105383,0.18119,0.581613,0.327537,0.397593,0.319883,0.725129,0.157057,2.33405,0.265917,0,-0.118241,11.0407,0.460043,106.699,-0.118241,0.910314,0.5906467214226723,2.4774826765060425,0.618276,533.52001953125,,,,,,,94.3,3.772,94.3,3.772,,,,,,,,,,,,,,,,,,,"Carson Kelly","13620",608348
"Brandon Marsh","PHI",34,115,101,26,17,5,1,3,14,13,12,0,33,0,1,1,,3,1,0.2558,0.102526,0.285589,0.358998,0.333557,0.410817,0.325631,0.744374,0.155017,5.66028,0.345366,0,0.0722737,14.5719,1.11794,106.798,0.0722737,1.04424,0.9870153144001961,1.1756390929222107,0.607582,309.3299865722656,,,,,,,131.9,3.879411764,131.9,3.879411764,,,,,,,,,,,,,,,,,,,"Brandon Marsh","20202",669016
"Francisco Alvarez","NYM",26,95,84,20,12,3,0,4,11,12,10,0,25,1,0,0,,0,0,0.234533,0.101575,0.261371,0.388623,0.319749,0.419075,0.32353,0.738824,0.184542,2.43792,0.284845,0,-0.184385,11.9519,0.767425,110.858,-0.184385,-0.123509,1.0302706062793732,1.6766796857118607,0.598476,244.35000610351562,,,,,,,107.3,4.126923076,107.3,4.126923076,,,,,,,,,,,,,,,,,,,"Francisco Alvarez","26121",682626
"Nolan Arenado","STL",33,138,126,32,22,6,0,4,15,17,10,1,18,1,1,0,,1,0,0.254025,0.0720912,0.12989,0.555016,0.312535,0.403519,0.310402,0.716054,0.149494,2.70477,0.266834,0,-0.227908,15.8495,-0.354189,100.119,-0.227908,1.13898,-0.20863520540297031,1.5005017817020416,0.596907,222.5399932861328,,,,,,,143.1,4.336363636,143.1,4.336363636,,,,,,,,,,,,,,,,,,,"Nolan Arenado","9777",571448
"Jake Cronenworth","SDP",36,144,125,31,20,7,1,4,17,16,15,0,27,3,1,1,,1,1,0.244913,0.102764,0.189472,0.542373,0.336759,0.395978,0.323251,0.732737,0.151065,3.87347,0.284472,0,-0.343619,18.0246,1.12692,110.632,-0.343619,-0.591026,1.4532753825187683,-0.410442054271698,0.591208,284.07000732421875,,,,,,,165.3,4.591666666,165.3,4.591666666,,,,,,,,,,,,,,,,,,,"Jake Cronenworth","18036",630105
"Otto Lopez","MIA",32,128,117,31,22,6,1,2,16,14,9,0,20,1,1,0,,4,1,0.262936,0.0714272,0.158961,0.449339,0.320378,0.376262,0.30648,0.696639,0.113326,5.31017,0.301045,0,-0.0495153,14.2652,-0.733231,93.7757,-0.0495153,1.42924,-0.9832417778670788,2.498924493789673,0.585369,322.1099853515625,,,,,,,133.3,4.165625,133.3,4.165625,,,,,,,,,,,,,,,,,,,"Otto Lopez","19608",672640
"Lars Nootbaar","STL",32,125,107,26,16,5,0,4,17,14,16,1,26,1,1,0,,2,1,0.239511,0.130321,0.209955,0.620709,0.341759,0.413849,0.331287,0.755608,0.174338,4.29541,0.278275,0,-0.21332,16.4356,1.78808,114.509,-0.21332,0.801709,1.9123506546020508,-0.532355546951294,0.561378,258.2900085449219,,,,,,,142.7,4.459375,142.7,4.459375,,,,,,,,,,,,,,,,,,,"Lars Nootbaar","21454",663457
"TJ Friedl","CIN",32,130,112,29,21,4,1,3,16,13,13,0,21,3,1,1,,3,1,0.258552,0.0961044,0.163366,0.588275,0.348053,0.396024,0.330029,0.744077,0.137473,5.47381,0.292226,0,0.0612878,17.0252,1.73407,106.936,0.0612878,-0.41524,1.1221267618238926,0.015601545572280884,0.554931,247.4199981689453,,,,,,,146.8,4.5875,146.8,4.5875,,,,,,,,,,,,,,,,,,,"TJ Friedl","19522",670770
"Marcell Ozuna","ATL",37,151,131,33,20,5,0,7,18,22,19,0,36,1,1,0,,0,0,0.250914,0.124391,0.23656,0.525833,0.345772,0.459,0.348924,0.804771,0.208086,1.47644,0.28716,0,-0.225665,22.0861,4.32664,124.512,-0.225665,0,4.128250285983086,-3.735187292098999,0.549149,68.76000213623047,,,,,,,194.1,5.245945945,194.1,5.245945945,,,,,,,,,,,,,,,,,,,"Marcell Ozuna","10324",542303
"Nick Gonzales","PIT",26,112,102,27,18,6,1,2,13,13,7,0,24,2,1,0,,1,1,0.267926,0.0667729,0.210412,0.317343,0.325269,0.416868,0.322925,0.742137,0.148942,4.41142,0.32525,0,-0.370744,14.007,0.848012,105.045,-0.370744,0.978227,0.2932674288749695,1.3755518198013306,0.548403,408.55999755859375,,,,,,,117.2,4.507692307,117.2,4.507692307,,,,,,,,,,,,,,,,,,,"Nick Gonzales","27490",693304
"Joey Ortiz","MIL",37,138,125,30,20,7,1,3,18,16,11,0,25,1,1,1,,3,1,0.241087,0.078217,0.182912,0.42762,0.307558,0.374478,0.300672,0.682035,0.133391,5.74314,0.28138,0,0.00632562,14.7895,-1.44332,92.6655,0.00632562,0.315923,-1.1844807649031281,1.9118663966655731,0.539755,265.2799987792969,,,,,,,136.1,3.678378378,136.1,3.678378378,,,,,,,,,,,,,,,,,,,"Joey Ortiz","25493",687401
"Teoscar Hernández","LAD",36,148,136,36,22,7,0,7,18,25,9,0,41,1,1,0,,2,1,0.264291,0.0611134,0.27612,0.221329,0.314643,0.468685,0.336047,0.783328,0.204394,3.74809,0.326362,0,-0.0445665,20.0461,2.6883,116.076,-0.0445665,-0.873971,2.746367782354355,-2.3827874660491943,0.534614,56.880001068115234,,,,,,,182.7,5.075,182.7,5.075,,,,,,,,,,,,,,,,,,,"Teoscar Hernandez","13066",606192
"Jeff McNeil","NYM",32,121,107,28,19,6,1,3,13,12,10,1,14,2,1,0,,1,0,0.25846,0.0827532,0.11956,0.692149,0.332988,0.396184,0.319412,0.729172,0.137725,4.27215,0.276258,0,0.0119101,14.7428,0.570192,108.02,0.0119101,0.160941,1.148815338499844,0.0762939527630806,0.531861,446.95001220703125,,,,,,,139,4.34375,139,4.34375,,,,,,,,,,,,,,,,,,,"Jeff McNeil","15362",643446
"Christian Yelich","MIL",33,143,125,33,22,5,0,6,21,20,16,1,34,1,1,0,,5,1,0.26566,0.11348,0.241332,0.470222,0.353728,0.443503,0.346032,0.797231,0.177843,5.44722,0.323626,0,0.368334,20.5177,3.75064,123.92,0.368334,-0.629131,4.379794150590897,-3.941287040710449,0.525386,112.05000305175781,,,,,,,188.4,5.709090909,188.4,5.709090909,,,,,,,,,,,,,,,,,,,"Christian Yelich","11477",592885
"Drake Baldwin","ATL",28,112,100,25,17,5,0,4,12,16,10,0,25,1,0,0,,0,0,0.251899,0.0923203,0.223694,0.412708,0.328899,0.408163,0.323603,0.737063,0.156264,1.39286,0.301671,0,-0.185989,14.0887,0.910796,107.064,-0.185989,-0.427213,0.7450471669435501,0.5899897813796997,0.514658,999,,,,,,,125.1,4.467857142,125.1,4.467857142,,,,,,,,,,,,,,,,,,,"Drake Baldwin","31539",686948
"Jung Hoo Lee","SFG",31,131,119,32,22,7,2,2,15,14,10,0,12,1,1,0,,1,1,0.269265,0.0758817,0.0914676,0.829602,0.32995,0.402388,0.319505,0.732338,0.133124,4.82117,0.284566,0,-0.454889,16.0157,0.628937,107.53,-0.454889,-0.436535,0.7040126025676727,-0.018949121236801147,0.511171,233.94000244140625,,,,,,,142.8,4.606451612,142.8,4.606451612,,,,,,,,,,,,,,,,,,,"Jung Hoo Lee","33824",808982
"Brett Baty","NYM",31,117,105,25,17,4,0,4,14,15,10,0,29,1,1,0,,1,0,0.240967,0.0849859,0.246779,0.344381,0.309963,0.408108,0.313232,0.718071,0.167141,3.57948,0.288456,0,-0.0615962,13.665,-0.0322896,103.762,-0.0615962,0.345716,0.45382023230195045,0.7007688581943512,0.511,465.25,,,,,,,119.1,3.841935483,119.1,3.841935483,,,,,,,,,,,,,,,,,,,"Brett Baty","26123",683146
"Willson Contreras","STL",30,122,105,26,15,7,0,4,15,16,12,0,30,4,1,0,,1,0,0.248693,0.0956893,0.24699,0.387422,0.345734,0.431774,0.340926,0.777509,0.183081,3.12021,0.306398,0,-0.114348,17.068,2.70706,121.151,-0.114348,0.323002,2.923704370856285,-1.9579700231552124,0.510615,72.54000091552734,,,,,,,148.4,4.946666666,148.4,4.946666666,,,,,,,,,,,,,,,,,,,"Willson Contreras","11609",575929
"Spencer Horwitz","PIT",30,126,110,30,20,7,0,2,15,14,14,0,23,1,1,0,,0,0,0.270317,0.110173,0.180933,0.608917,0.357371,0.407916,0.337155,0.765287,0.137599,2.5039,0.319041,0,-0.261371,17.1772,2.40129,114.85,-0.261371,0.83493,1.9333128035068512,-1.2530498504638672,0.493179,382.5899963378906,,,,,,,142.1,4.736666666,142.1,4.736666666,,,,,,,,,,,,,,,,,,,"Spencer Horwitz","26477",687462
"Heliot Ramos","SFG",37,158,142,37,25,6,1,5,19,19,12,0,39,3,1,0,,2,1,0.259209,0.0761626,0.24807,0.307021,0.325362,0.417539,0.323578,0.742901,0.15833,4.27836,0.3213,0,-0.246173,19.8756,1.28191,110.337,-0.246173,-0.426468,1.6761563271284103,-2.165419101715088,0.482415,200.07000732421875,,,,,,,181.3,4.9,181.3,4.9,,,,,,,,,,,,,,,,,,,"Heliot Ramos","22515",671218
"Alec Burleson","STL",36,135,124,35,24,6,0,5,15,18,9,0,19,1,1,0,,2,0,0.278915,0.0678912,0.137069,0.495305,0.329939,0.442989,0.334772,0.772928,0.164074,3.61665,0.294288,0,-0.0433347,18.1962,2.31944,116.911,-0.0433347,-0.204874,2.6420337967574596,-2.3743354976177216,0.482338,247.38999938964844,,,,,,,170.2,4.727777777,170.2,4.727777777,,,,,,,,,,,,,,,,,,,"Alec Burleson","27615",676475
"Harrison Bader","PHI",32,105,95,23,16,5,0,3,13,13,7,0,23,2,1,0,,4,2,0.244572,0.0697408,0.22236,0.313639,0.308541,0.386051,0.304809,0.694593,0.141479,5.07852,0.293203,0,-0.0426861,11.5802,-0.744457,92.4507,-0.0426861,1.83909,-0.9732832238078117,2.2247836589813232,0.481634,472.25,,,,,,,105.5,3.296875,105.5,3.296875,,,,,,,,,,,,,,,,,,,"Harrison Bader","18030",664056
"Tyler Stephenson","CIN",30,109,96,24,15,5,0,3,13,14,11,0,29,1,1,0,,0,0,0.251131,0.0999076,0.267795,0.373075,0.331784,0.416189,0.326406,0.747973,0.165059,2.4417,0.321923,0,-0.192024,13.9321,1.13201,104.44,-0.192024,-0.125041,0.37643030285835266,0.739536389708519,0.481332,185.97000122070312,,,,,,,117.1,3.903333333,117.1,3.903333333,,,,,,,,,,,,,,,,,,,"Tyler Stephenson","17988",663886
"Matt Shaw","CHC",30,123,110,27,17,5,1,4,16,15,10,0,26,2,1,0,,5,1,0.241682,0.0827684,0.208921,0.39617,0.31282,0.402339,0.31332,0.715158,0.160657,5.88779,0.278971,0,0.202273,14.3589,-0.0251803,102.176,0.202273,-0.364345,0.5153909921646118,0.05284103751182556,0.470446,999,,,,,,,141.7,4.723333333,141.7,4.723333333,,,,,,,,,,,,,,,,,,,"Matt Shaw","33322",807713
"Ramón Laureano","SDP",28,105,94,24,14,5,1,4,14,15,8,0,30,2,1,0,,2,1,0.254551,0.0734264,0.28283,0.259613,0.323046,0.452556,0.335357,0.775601,0.198005,5.25344,0.323166,0,-0.123462,14.1731,1.84995,118.973,-0.123462,0.20307,2.215088576078415,-1.0922102481126785,0.468379,626.47998046875,,,,,,,129.2,4.614285714,129.2,4.614285714,,,,,,,,,,,,,,,,,,,"Ramon Laureano","17128",657656
"Danny Jansen","MIL",26,88,76,16,9,3,0,4,11,11,10,0,21,1,1,0,,0,0,0.213045,0.114901,0.2332,0.492716,0.31413,0.398558,0.314434,0.712688,0.185513,1.58487,0.241082,0,-0.135825,10.4293,0.0614822,102.148,-0.135825,-0.0413421,0.08693809807300568,1.5809453912079334,0.468346,304.8299865722656,,,,,,,92.9,3.573076923,92.9,3.573076923,,,,,,,,,,,,,,,,,,,"Danny Jansen","16535",643376
"Brenton Doyle","COL",35,137,126,31,21,5,1,4,17,17,9,0,38,1,1,1,,5,1,0.24596,0.0635877,0.274351,0.231775,0.296324,0.404742,0.304175,0.701066,0.158783,6.51729,0.313196,0,0.471043,15.0611,-1.04315,80.4512,0.471043,2.2664,-2.677717387676239,2.6211196184158325,0.455542,71.72000122070312,,,,,,,142.1,4.06,142.1,4.06,,,,,,,,,,,,,,,,,,,"Brenton Doyle","25479",686668
"Cedric Mullins","NYM",35,135,120,27,16,6,0,5,17,17,12,0,30,1,1,0,,6,1,0.221321,0.092212,0.222176,0.415041,0.298346,0.389251,0.30097,0.687597,0.167931,5.85629,0.254229,0,0.447006,14.4683,-1.37624,95.3136,0.447006,-0.121063,-0.295670747756958,0.29855554550886154,0.45421,211.2100067138672,,,,,,,143.2,4.091428571,143.2,4.091428571,,,,,,,,,,,,,,,,,,,"Cedric Mullins","17929",656775
"Ozzie Albies","ATL",34,145,132,32,21,6,1,4,17,17,11,0,23,1,1,0,,3,0,0.244628,0.0762632,0.16044,0.475336,0.307519,0.392558,0.305946,0.700078,0.14793,5.175,0.268082,0,0.155906,16.136,-0.895313,94.8977,0.155906,-0.167508,-0.7132479101419449,0.34756121039390564,0.450349,69.22000122070312,,,,,,,149.6,4.4,149.6,4.4,,,,,,,,,,,,,,,,,,,"Ozzie Albies","16556",645277
"Hyeseong Kim","LAD",28,112,103,28,22,4,1,1,14,12,7,0,19,1,1,0,,5,1,0.273724,0.0649812,0.166315,0.390713,0.323519,0.370782,0.305007,0.694301,0.097058,6.50427,0.320555,0,0.481928,12.3698,-0.776108,94.6884,0.481928,0.379836,-0.21645212173461914,0.7262047827243805,0.428967,487.30999755859375,,,,,,,111.2,3.971428571,111.2,3.971428571,,,,,,,,,,,,,,,,,,,"Hyeseong Kim","35322",808975
"Dalton Rushing","LAD",23,92,79,18,11,4,0,3,10,13,10,0,25,3,1,0,,0,0,0.223521,0.104958,0.269614,0.38929,0.325419,0.396721,0.319151,0.72214,0.1732,2.44853,0.280248,0,-0.182426,11.2054,0.414745,104.434,-0.182426,-0.332412,0.2961209863424301,0.8082207441329956,0.42257,999,,,,,,,100.6,4.373913043,100.6,4.373913043,,,,,,,,,,,,,,,,,,,"Dalton Rushing","31382",687221
"Victor Scott II","STL",34,131,117,26,19,4,1,2,15,12,10,0,28,2,1,2,,9,1,0.225726,0.0764443,0.215082,0.355419,0.296587,0.327912,0.279341,0.624499,0.102185,7.47585,0.278934,0,1.04779,11.778,-3.63669,78.7163,1.04779,1.56052,-2.2336223125457764,1.9776508212089539,0.415306,321.8500061035156,,,,,,,115,3.382352941,115,3.382352941,,,,,,,,,,,,,,,,,,,"Victor Scott II","31349",687363
"Luis García Jr.","WSN",36,139,130,35,23,7,1,4,17,18,8,0,22,0,1,0,,3,1,0.267011,0.0553402,0.154996,0.357044,0.306138,0.41572,0.311292,0.721858,0.148709,4.95534,0.292273,0,-0.139832,16.0962,-0.257151,98.6215,-0.139832,-0.64942,-0.36530932784080505,-0.19156819581985474,0.41129,127.55999755859375,,,,,,,156.5,4.347222222,156.5,4.347222222,,,,,,,,,,,,,,,,,,,"Luis Garcia Jr.","20391",671277
"Luis Arraez","SDP",38,165,153,46,36,7,1,2,19,15,9,1,7,1,1,1,,2,1,0.301463,0.051968,0.0440007,1.18107,0.340466,0.398732,0.322334,0.739197,0.0972683,4.03887,0.305221,0,-0.276398,20.5019,1.16729,110,-0.276398,0.0551569,1.6574807465076447,-3.08115965873003,0.407656,185.14999389648438,,,,,,,180.4,4.747368421,180.4,4.747368421,,,,,,,,,,,,,,,,,,,"Luis Arraez","18568",650333
"Hunter Goodman","COL",32,128,118,30,16,7,1,6,16,20,8,0,34,1,1,0,,0,0,0.256695,0.0614765,0.26422,0.232671,0.309015,0.488378,0.341052,0.797393,0.231683,3.60972,0.305465,0,-0.24259,17.8475,2.84167,105.861,-0.24259,-1.52821,0.6370916664600372,-0.9129797220230103,0.401548,315.19000244140625,,,,,,,159.4,4.98125,159.4,4.98125,,,,,,,,,,,,,,,,,,,"Hunter Goodman","29715",696100
"Bryan Reynolds","PIT",37,160,144,37,24,7,1,5,17,20,13,1,38,2,1,0,,2,1,0.258508,0.0831288,0.235849,0.352465,0.326882,0.42472,0.326078,0.751602,0.166212,4.19588,0.31614,0,-0.151098,20.3583,1.61514,107.218,-0.151098,-0.381889,1.2019594311714172,-2.5459997355937958,0.398893,98.11000061035156,,,,,,,182.2,4.924324324,182.2,4.924324324,,,,,,,,,,,,,,,,,,,"Bryan Reynolds","19326",668804
"Rhys Hoskins","MIL",31,125,108,25,14,5,0,6,14,17,14,0,34,2,1,0,,1,0,0.232282,0.11372,0.273856,0.415254,0.327235,0.44292,0.333636,0.770155,0.210638,2.93567,0.280155,0,-0.195808,16.7588,2.03562,115.379,-0.195808,-0.13144,2.068839952349663,-2.3440738022327423,0.393519,259.55999755859375,,,,,,,152.8,4.929032258,152.8,4.929032258,,,,,,,,,,,,,,,,,,,"Rhys Hoskins","16472",656555
"Nick Allen","ATL",35,125,111,27,21,5,0,1,12,11,10,0,23,1,1,2,,3,1,0.239909,0.0786941,0.186809,0.421255,0.304309,0.310044,0.276377,0.614353,0.0701354,3.85211,0.292754,0,-0.266494,10.8845,-3.75211,74.5232,-0.266494,2.21825,-3.996125668287277,3.700642943382263,0.388959,746.8900146484375,,,,,,,100,2.857142857,100,2.857142857,,,,,,,,,,,,,,,,,,,"Nick Allen","22277",669397
"Caleb Durbin","MIL",28,111,97,23,16,5,0,2,14,13,8,0,12,4,1,1,,5,1,0.241184,0.0752262,0.108232,0.695045,0.324826,0.360202,0.305497,0.685028,0.119018,6.07616,0.255893,0,0.2257,12.3491,-0.727907,95.99,0.2257,0.0492291,-0.2987832576036453,0.4371338188648224,0.388841,392.44000244140625,,,,,,,107.8,3.85,107.8,3.85,,,,,,,,,,,,,,,,,,,"Caleb Durbin","29646",702332
"Alex Call","LAD",29,102,87,21,14,4,0,2,13,11,12,0,19,2,1,1,,2,1,0.237799,0.118198,0.181421,0.651511,0.34091,0.367019,0.317263,0.707928,0.12922,4.81977,0.277056,0,-0.114939,12.2973,0.304875,103.133,-0.114939,1.26721,0.260843388736248,0.14132440090179443,0.38487,734.739990234375,,,,,,,104,3.586206896,104,3.586206896,,,,,,,,,,,,,,,,,,,"Alex Call","19296",669743
"Ke'Bryan Hayes","CIN",31,124,115,28,22,4,1,2,13,12,8,0,25,1,0,0,,3,1,0.246642,0.0608341,0.203443,0.299023,0.297361,0.335072,0.279821,0.632433,0.0884297,5.15948,0.302379,0,0.0962327,11.156,-3.38165,72.341,0.0962327,3.13708,-3.9254719763994217,3.590549021959305,0.382071,362.1099853515625,,,,,,,107.8,3.477419354,107.8,3.477419354,,,,,,,,,,,,,,,,,,,"Ke'Bryan Hayes","18577",663647
"Ryan O'Hearn","SDP",34,118,105,27,18,4,0,4,15,16,11,1,23,1,1,0,,1,0,0.259201,0.0962942,0.191475,0.502908,0.336112,0.434342,0.333656,0.770454,0.175141,3.57745,0.289435,0,-0.141285,15.8079,1.92185,117.802,-0.141285,0.531322,2.331129088997841,-2.5105822682380676,0.379375,359.2900085449219,,,,,,,133.3,3.920588235,133.3,3.920588235,,,,,,,,,,,,,,,,,,,"Ryan O'Hearn","16442",656811
"Jose Trevino","CIN",21,69,63,16,10,4,0,1,7,7,4,0,10,0,1,0,,0,0,0.246916,0.0574684,0.149164,0.385269,0.291682,0.376428,0.29145,0.668109,0.129511,2.56853,0.271844,0,-0.129823,6.83074,-1.22885,80.3538,-0.129823,1.66526,-1.713513508439064,3.0465102195739746,0.367819,579.6099853515625,,,,,,,59.6,2.838095238,59.6,2.838095238,,,,,,,,,,,,,,,,,,,"Jose Trevino","16725",624431
"Alek Thomas","ARI",31,112,102,26,17,5,1,3,14,12,7,0,24,1,1,1,,2,1,0.253573,0.0589837,0.215971,0.273109,0.304308,0.397198,0.305639,0.701507,0.143625,5.85684,0.306382,0,-0.099065,12.4173,-0.718355,93.4549,-0.099065,0.489392,-0.9589631259441376,0.8646747469902039,0.366626,558.010009765625,,,,,,,117,3.774193548,117,3.774193548,,,,,,,,,,,,,,,,,,,"Alek Thomas","23792",677950
"Miguel Amaya","CHC",20,68,61,15,10,3,0,2,7,10,5,0,14,2,0,1,,0,0,0.250503,0.068766,0.20697,0.332251,0.318984,0.411558,0.319747,0.730542,0.161055,1.79215,0.293121,0,-0.104949,8.37043,0.341573,106.605,-0.104949,-0.466614,0.4254537969827652,0.8700864613056183,0.363091,340.9800109863281,,,,,,,71.5,3.575,71.5,3.575,,,,,,,,,,,,,,,,,,,"Miguel Amaya","21693",665804
"Jose Siri","NYM",21,72,65,14,8,3,0,3,10,10,5,0,26,1,0,0,,3,1,0.211142,0.0708922,0.359674,0.197101,0.275025,0.402109,0.293926,0.677134,0.190967,6.67652,0.293067,0,0.0844357,7.25855,-1.1368,90.4596,0.0844357,1.58975,-0.7166601046919823,1.8524830043315887,0.357184,441.3900146484375,,,,,,,71.2,3.39047619,71.2,3.39047619,,,,,,,,,,,,,,,,,,,"Jose Siri","17452",642350
"Andrés Chaparro","WSN",22,93,84,20,13,5,0,3,10,11,7,0,20,1,1,0,,0,0,0.242128,0.0757467,0.213058,0.355522,0.3075,0.405978,0.310364,0.713477,0.16385,3.17273,0.281061,0,-0.10282,10.6213,-0.240301,97.9817,-0.10282,0.4264,-0.322084441781044,0.7663074433803558,0.356794,748.9099731445312,,,,,,,94.7,4.304545454,94.7,4.304545454,,,,,,,,,,,,,,,,,,,"Andres Chaparro","21797",665953
"Casey Schmitt","SFG",27,103,95,24,16,5,0,3,11,13,6,0,23,1,0,0,,1,0,0.250828,0.0611059,0.224007,0.272786,0.305356,0.399653,0.307525,0.705009,0.148825,3.60261,0.30071,0,-0.0893852,11.5849,-0.503985,99.2755,-0.0893852,0.492879,-0.176991268992424,0.27003706991672516,0.355882,743.6099853515625,,,,,,,105,3.888888888,105,3.888888888,,,,,,,,,,,,,,,,,,,"Casey Schmitt","27577",669477
"Dylan Crews","WSN",27,113,102,24,16,4,1,3,14,12,8,0,27,2,1,0,,6,2,0.236358,0.072058,0.23712,0.303889,0.305621,0.384301,0.303444,0.689922,0.147943,7.12167,0.290468,0,0.284305,12.3604,-0.927691,93.2136,0.284305,1.04502,-0.6176488697528839,0.2952151894569397,0.347558,123.19000244140625,,,,,,,113.7,4.211111111,113.7,4.211111111,,,,,,,,,,,,,,,,,,,"Dylan Crews","33541",686611
"Tyler Fitzgerald","SFG",28,107,97,23,14,5,1,3,13,12,7,0,32,2,1,1,,4,1,0.234157,0.0641902,0.303407,0.211565,0.293565,0.394967,0.300425,0.688532,0.16081,6.17743,0.315516,0,0.164195,11.4324,-1.13919,94.3837,0.164195,0.0267615,-0.5419913530349731,0.4024053253233433,0.345813,242.5800018310547,,,,,,,112,4,112,4,,,,,,,,,,,,,,,,,,,"Tyler Fitzgerald","26208",666149
"Joey Bart","PIT",23,81,72,18,13,3,0,2,8,8,8,0,22,1,0,0,,0,0,0.247667,0.0982323,0.270943,0.362558,0.333811,0.374037,0.315721,0.707848,0.126369,2.24529,0.328786,0,-0.122375,9.67525,0.141113,100.082,-0.122375,-0.528989,-0.11457616928964853,0.7621473073959351,0.339654,258.5799865722656,,,,,,,83.3,3.62173913,83.3,3.62173913,,,,,,,,,,,,,,,,,,,"Joey Bart","21524",663698
"Blake Perkins","MIL",22,78,69,16,11,3,0,2,10,8,8,0,21,0,0,0,,3,1,0.230306,0.10225,0.264309,0.386856,0.31256,0.357733,0.297373,0.670292,0.127427,6.49141,0.303551,0,0.213292,8.09359,-1.01723,90.3923,0.213292,1.26,-0.6622075289487839,1.4230488240718842,0.339162,653.9299926757812,,,,,,,75,3.409090909,75,3.409090909,,,,,,,,,,,,,,,,,,,"Blake Perkins","19921",663368
"Miguel Rojas","LAD",27,85,77,20,14,4,0,2,9,8,6,0,11,1,0,0,,1,0,0.252313,0.0690271,0.127489,0.541436,0.308908,0.368157,0.298674,0.677065,0.115844,4.19946,0.27497,0,0.0103203,8.9201,-1.02079,90.3244,0.0103203,1.03771,-0.9516943776980042,1.4295626878738403,0.333874,693.4299926757812,,,,,,,88.3,3.27037037,88.3,3.27037037,,,,,,,,,,,,,,,,,,,"Miguel Rojas","7802",500743
"Mark Vientos","NYM",33,130,118,29,18,5,1,5,14,18,9,0,36,1,1,0,,0,0,0.242799,0.0722898,0.277418,0.260581,0.302973,0.42812,0.316218,0.731093,0.185321,2.1398,0.302378,0,-0.183737,15.484,0.277066,105.82,-0.183737,-0.790845,0.7014015316963196,-1.7131825685501099,0.331717,105.8499984741211,,,,,,,141.6,4.29090909,141.6,4.29090909,,,,,,,,,,,,,,,,,,,"Mark Vientos","22184",668901
"Garrett Mitchell","MIL",18,62,54,13,8,3,0,2,8,7,6,0,19,1,0,0,,3,1,0.240102,0.0959973,0.309629,0.31004,0.321593,0.393665,0.31483,0.715259,0.153563,7.10012,0.337846,0,0.275161,7.29391,0.0625906,102.421,0.275161,0.514791,0.4502406269311905,0.7311012595891953,0.328512,244.66000366210938,,,,,,,70.2,3.9,70.2,3.9,,,,,,,,,,,,,,,,,,,"Garrett Mitchell","27555",669003
"Connor Norby","MIA",31,133,121,30,20,6,0,4,18,15,9,0,36,1,1,0,,2,1,0.250154,0.0707493,0.273549,0.258635,0.309879,0.404219,0.311852,0.714098,0.154064,4.90384,0.323497,0,-0.170056,15.3781,-0.184726,97.4767,-0.170056,-0.925907,-0.5628213137388229,-0.6014710068702698,0.326246,282.1600036621094,,,,,,,133,4.29032258,133,4.29032258,,,,,,,,,,,,,,,,,,,"Connor Norby","29592",681393
"Brandon Lockridge","MIL",25,83,75,18,14,3,0,1,10,8,7,0,23,1,1,1,,6,1,0.24298,0.0790118,0.278835,0.283365,0.308703,0.33175,0.286015,0.640453,0.0887705,6.92972,0.338013,0,0.668451,7.94028,-1.86167,82.5659,0.668451,1.13709,-1.0407390594482422,1.4438381493091583,0.322213,737.8499755859375,,,,,,,76.5,3.06,76.5,3.06,,,,,,,,,,,,,,,,,,,"Brandon Lockridge","21496",663604
"Tyrone Taylor","NYM",31,92,85,19,11,5,1,2,11,9,5,0,21,2,1,0,,3,0,0.22093,0.0506049,0.231036,0.219034,0.27686,0.35888,0.277744,0.63574,0.137949,6.80115,0.271143,0,0.291419,8.15352,-2.67353,79.3094,0.291419,1.59992,-1.9491746127605438,1.9668262600898743,0.311987,669.5599975585938,,,,,,,87.1,2.809677419,87.1,2.809677419,,,,,,,,,,,,,,,,,,,"Tyrone Taylor","13675",621438
"Lourdes Gurriel Jr.","ARI",34,139,128,34,22,7,1,4,14,18,8,0,22,1,1,0,,2,1,0.262034,0.05855,0.161585,0.362347,0.310044,0.419435,0.315819,0.729479,0.157401,3.98703,0.286251,0,-0.0703041,16.5978,0.252895,100.47,-0.0703041,0.0888563,0.006466671824455261,-1.5638275891542435,0.308276,219.75999450683594,,,,,,,154,4.529411764,154,4.529411764,,,,,,,,,,,,,,,,,,,"Lourdes Gurriel Jr.","19238",666971
"Willi Castro","CHC",37,138,123,29,19,6,1,3,18,12,10,0,33,4,1,0,,4,1,0.235916,0.0739408,0.238787,0.309652,0.312662,0.371171,0.302871,0.683833,0.135255,6.26802,0.298243,0,-0.0189183,15.0122,-1.19552,94.9765,-0.0189183,-2.21239,-0.8332531582564116,-0.690754771232605,0.307771,228.25,,,,,,,137.5,3.716216216,137.5,3.716216216,,,,,,,,,,,,,,,,,,,"Willi Castro","17338",650489
"Iván Herrera","STL",24,95,83,22,15,4,0,2,11,12,10,0,20,1,1,0,,1,0,0.263667,0.107429,0.215011,0.499645,0.352391,0.406926,0.335569,0.759317,0.143259,4.14314,0.319972,0,-0.0129189,12.8323,1.68913,117.46,-0.0129189,-0.441459,1.9330350328236818,-2.0655998587608337,0.305611,225.9600067138672,,,,,,,105.5,4.395833333,105.5,4.395833333,,,,,,,,,,,,,,,,,,,"Ivan Herrera","20599",671056
"Dane Myers","MIA",27,97,89,22,16,4,0,2,11,11,7,0,25,1,0,0,,4,1,0.249789,0.072789,0.258126,0.281991,0.313788,0.372916,0.303474,0.686704,0.123126,5.37936,0.322569,0,0.137943,10.6504,-0.796798,91.7041,0.137943,0.542023,-0.8118784576654434,0.5900230668485165,0.305151,658.6900024414062,,,,,,,93.4,3.459259259,93.4,3.459259259,,,,,,,,,,,,,,,,,,,"Dane Myers","22054",667472
"Andruw Monasterio","MIL",23,72,64,16,11,3,0,1,10,7,7,0,18,1,0,0,,2,1,0.247722,0.0996284,0.24684,0.403614,0.328413,0.365947,0.309029,0.69436,0.118225,5.83594,0.324151,0,0.0648174,8.20084,-0.265172,98.4237,0.0648174,0.457191,-0.06865837424993515,0.6693253219127655,0.304236,750.3099975585938,,,,,,,68.7,2.986956521,68.7,2.986956521,,,,,,,,,,,,,,,,,,,"Andruw Monasterio","19455",655316
"Moisés Ballesteros","CHC",23,91,84,20,14,3,0,2,9,11,7,0,19,1,1,0,,0,0,0.243724,0.0745341,0.204006,0.365353,0.302826,0.374198,0.297085,0.677025,0.130475,2.74145,0.285408,0,-0.142553,9.51714,-1.22014,90.99,-0.142553,-0.623414,-1.1101608574390411,1.0566760301589966,0.302108,999,,,,,,,79.5,3.456521739,79.5,3.456521739,,,,,,,,,,,,,,,,,,,"Moises Ballesteros","28820",694208
"Edmundo Sosa","PHI",25,72,66,17,11,3,1,2,9,9,3,0,17,2,0,1,,1,0,0.254809,0.0423023,0.22976,0.184116,0.306427,0.411858,0.312808,0.718285,0.157049,5.55757,0.30914,0,-0.0680157,8.39703,-0.044572,97.9621,-0.0680157,0.540267,-0.24008118361234665,0.811919778585434,0.300575,531.2100219726562,,,,,,,79.3,3.172,79.3,3.172,,,,,,,,,,,,,,,,,,,"Edmundo Sosa","17022",624641
"Max Kepler","PHI",31,117,104,24,14,5,0,4,14,14,11,0,23,1,1,0,,1,0,0.228895,0.0952203,0.198704,0.479207,0.308604,0.405188,0.31132,0.713792,0.176294,3.94327,0.253474,0,-0.0261685,13.5554,-0.213858,96.9371,-0.0261685,0.747126,-0.4479838591068983,-0.482099711894989,0.298923,347.260009765625,,,,,,,120.4,3.883870967,120.4,3.883870967,,,,,,,,,,,,,,,,,,,"Max Kepler","12144",596146
"Spencer Steer","CIN",37,154,137,33,20,7,1,5,18,20,14,0,33,2,1,0,,3,1,0.244881,0.0932705,0.213203,0.437472,0.324092,0.418568,0.324548,0.742659,0.173687,5.0381,0.285765,0,0.198524,19.4414,1.36697,103.16,0.198524,-0.0889889,0.7697265297174454,-2.9198285341262817,0.296935,177.8000030517578,,,,,,,171.7,4.64054054,171.7,4.64054054,,,,,,,,,,,,,,,,,,,"Spencer Steer","26323",668715
"Nacho Alvarez Jr.","ATL",23,97,86,21,16,3,0,1,11,9,9,0,21,2,1,0,,2,0,0.245705,0.0892327,0.216336,0.412473,0.328106,0.335242,0.298598,0.663349,0.0895367,4.63593,0.308889,0,0.0823695,10.2388,-1.17835,89.8345,0.0823695,0.439484,-1.0784473046660423,0.7719469666481018,0.295595,742.6799926757812,,,,,,,86.5,3.760869565,86.5,3.760869565,,,,,,,,,,,,,,,,,,,"Nacho Alvarez Jr.","31765",805373
"Derek Hill","MIA",21,75,68,17,12,3,1,2,10,8,5,0,22,1,0,1,,2,0,0.25082,0.0632336,0.289239,0.218621,0.303663,0.400394,0.306889,0.704057,0.149574,6.79219,0.336081,0,0.159623,8.37116,-0.40429,94.0573,0.159623,0.616306,-0.3619747459888458,0.775995284318924,0.293928,581.030029296875,,,,,,,82.2,3.914285714,82.2,3.914285714,,,,,,,,,,,,,,,,,,,"Derek Hill","16947",656537
"Nathaniel Lowe","WSN",39,158,140,35,25,5,1,5,17,19,16,0,36,1,1,0,,1,0,0.252443,0.102786,0.228559,0.449711,0.331628,0.399851,0.321959,0.731479,0.147409,2.9207,0.306375,0,-0.217748,19.6539,1.07372,105.971,-0.217748,-0.344971,0.8919578641653061,-3.2296654284000397,0.292153,262.8599853515625,,,,,,,176.1,4.515384615,176.1,4.515384615,,,,,,,,,,,,,,,,,,,"Nathaniel Lowe","19566",663993
"Isiah Kiner-Falefa","PIT",33,120,112,30,23,5,1,1,12,10,6,0,18,2,1,1,,4,1,0.264622,0.0460678,0.153801,0.299528,0.307134,0.341435,0.286697,0.648569,0.0768131,5.45726,0.30831,0,0.195077,11.4746,-2.60854,80.083,0.195077,0.15588,-2.610385298728943,1.5153812319040298,0.290975,373.9700012207031,,,,,,,114.4,3.466666666,114.4,3.466666666,,,,,,,,,,,,,,,,,,,"Isiah Kiner-Falefa","16512",643396
"Ronny Mauricio","NYM",27,114,107,25,16,4,0,4,13,13,6,0,29,1,1,0,,3,1,0.232898,0.0511887,0.250733,0.204156,0.276132,0.386541,0.286848,0.662673,0.153643,5.14755,0.282328,0,-0.0533245,10.964,-2.4753,85.583,-0.0533245,1.02889,-1.9912275820970535,1.0486813448369503,0.28819,644,,,,,,,106.1,3.929629629,106.1,3.929629629,,,,,,,,,,,,,,,,,,,"Ronny Mauricio","23698",677595
"Freddy Fermin","SDP",25,84,77,19,14,3,0,1,8,8,6,0,17,1,0,0,,0,0,0.244357,0.0662372,0.195864,0.33818,0.298763,0.345579,0.28497,0.644342,0.101222,2.52717,0.292333,0,-0.172871,7.94959,-1.95185,84.255,-0.172871,0.207165,-1.7321422547101974,1.7564689964056015,0.286156,376.2200012207031,,,,,,,68.5,2.74,68.5,2.74,,,,,,,,,,,,,,,,,,,"Freddy Fermin","21840",666023
"Jurickson Profar","ATL",29,120,104,26,17,6,0,3,15,13,14,0,19,2,1,0,,2,0,0.255184,0.116603,0.161383,0.722521,0.351122,0.399482,0.332043,0.750604,0.144297,4.25882,0.288002,0,0.000103496,15.9078,1.79615,112.879,0.000103496,-1.65612,1.817923568225524,-2.985608220100403,0.284324,192.1999969482422,,,,,,,139,4.793103448,139,4.793103448,,,,,,,,,,,,,,,,,,,"Jurickson Profar","10815",595777
"Esteury Ruiz","LAD",21,76,67,16,11,3,0,2,9,8,5,0,18,2,0,1,,7,2,0.241817,0.0625614,0.237587,0.26332,0.311609,0.369585,0.301792,0.681194,0.127768,7.18643,0.305547,0,0.520276,8.17015,-0.722038,92.4727,0.520276,0.778268,-0.14918482303619385,0.43050217628479004,0.283641,595.2899780273438,,,,,,,78.8,3.752380952,78.8,3.752380952,,,,,,,,,,,,,,,,,,,"Esteury Ruiz","21780",665923
"Pedro Pagés","STL",25,91,83,18,13,4,0,2,8,11,6,0,24,1,1,1,,0,0,0.221333,0.067594,0.260992,0.258988,0.277967,0.347486,0.275111,0.625453,0.126153,2.80257,0.280453,0,-0.0619482,7.86863,-2.83803,75.8021,-0.0619482,0.723365,-2.653210334479809,2.40915709733963,0.281655,565.75,,,,,,,69.2,2.768,69.2,2.768,,,,,,,,,,,,,,,,,,,"Pedro Pages","25782",686780
"Nolan Gorman","STL",30,112,100,23,13,4,0,5,14,16,11,0,36,0,1,0,,1,0,0.228912,0.0977985,0.319207,0.30638,0.30481,0.433392,0.319085,0.738201,0.204479,3.38445,0.294151,0,-0.0882093,13.6271,0.49865,106.102,-0.0882093,-0.921891,0.713022992014885,-1.6406239867210388,0.280819,384.6400146484375,,,,,,,122.3,4.076666666,122.3,4.076666666,,,,,,,,,,,,,,,,,,,"Nolan Gorman","22263",669357
"Sam Huff","SFG",20,78,72,16,11,3,0,2,7,9,6,0,26,0,1,0,,0,0,0.229071,0.0711128,0.335927,0.211691,0.28712,0.375885,0.289525,0.663005,0.146814,1.14933,0.322461,0,-0.108518,7.65991,-1.52171,86.8732,-0.108518,0.199203,-1.3139874935150146,1.4666905999183655,0.278721,731.8499755859375,,,,,,,63.1,3.155,63.1,3.155,,,,,,,,,,,,,,,,,,,"Sam Huff","22209",669087
"Will Wagner","SDP",21,86,76,20,14,4,0,1,10,8,9,0,15,1,0,0,,1,0,0.265106,0.101758,0.177739,0.572512,0.347662,0.375024,0.322126,0.722686,0.109918,3.71879,0.317543,0,-0.104255,10.7032,0.595711,106.61,-0.104255,-0.300214,0.5640640631318092,-0.8360614478588104,0.27704,526.3900146484375,,,,,,,88.9,4.233333333,88.9,4.233333333,,,,,,,,,,,,,,,,,,,"Will Wagner","29634",695238
"Jared Triolo","PIT",26,97,86,20,14,4,0,1,10,9,9,0,22,1,1,0,,2,1,0.23277,0.0957395,0.230945,0.414555,0.311075,0.341216,0.291112,0.652291,0.108446,5.01354,0.295744,0,0.0352383,9.59094,-1.75663,83.1246,0.0352383,1.2924,-1.8800597749650478,1.3692997246980667,0.27262,630.4500122070312,,,,,,,78,3,78,3,,,,,,,,,,,,,,,,,,,"Jared Triolo","25807",669707
"Alex Freeland","LAD",23,102,89,20,13,4,0,2,13,11,10,0,29,2,1,0,,3,0,0.223618,0.0985773,0.281503,0.350182,0.313703,0.352596,0.297513,0.666299,0.128978,5.51474,0.300128,0,0.192033,10.6122,-1.32085,89.5244,0.192033,0.0746263,-1.058255910873413,0.3823349103331566,0.272427,999,,,,,,,95.1,4.134782608,95.1,4.134782608,,,,,,,,,,,,,,,,,,,"Alex Freeland","31665",690976
"Blake Dunn","CIN",22,83,71,17,12,3,0,2,11,10,7,0,24,3,0,1,,3,1,0.23355,0.0824634,0.293086,0.281362,0.32627,0.362307,0.308557,0.688577,0.128757,7.00553,0.324062,0,0.244254,9.3897,-0.336272,92.1413,0.244254,1.02204,-0.5202237516641617,0.449363112449646,0.271351,743.5,,,,,,,84.6,3.845454545,84.6,3.845454545,,,,,,,,,,,,,,,,,,,"Blake Dunn","29487",694362
"Brett Wisely","SFG",23,83,74,18,12,4,0,2,10,10,7,0,19,0,0,1,,1,1,0.24294,0.0808375,0.225806,0.357995,0.307987,0.370919,0.299346,0.678906,0.127979,4.52739,0.302208,0,-0.290072,8.78901,-0.955467,93.6402,-0.290072,0.713861,-0.9099114835262299,0.8282097801566124,0.270768,749.219970703125,,,,,,,77.3,3.360869565,77.3,3.360869565,,,,,,,,,,,,,,,,,,,"Brett Wisely","27735",689172
"Thomas Saggese","STL",27,109,101,25,17,5,1,3,13,13,5,0,28,2,1,0,,1,0,0.247084,0.0504032,0.259883,0.193946,0.295385,0.381713,0.296001,0.677099,0.134629,4.85573,0.316804,0,-0.107346,11.2239,-1.54657,90.1961,-0.107346,-0.035105,-1.359585352241993,0.36601097509264946,0.263788,694.5,,,,,,,110.3,4.085185185,110.3,4.085185185,,,,,,,,,,,,,,,,,,,"Thomas Saggese","27883",695336
"Miguel Andujar","CIN",24,96,89,26,18,5,0,3,11,12,5,0,13,0,1,0,,1,0,0.288408,0.0571673,0.138623,0.412394,0.330396,0.437756,0.332056,0.768152,0.149348,3.27219,0.312097,0,-0.134785,12.6973,1.43454,108.333,-0.134785,-0.328639,0.803889274597168,-1.3860285580158234,0.262858,530.1199951171875,,,,,,,116.2,4.841666666,116.2,4.841666666,,,,,,,,,,,,,,,,,,,"Miguel Andujar","15878",609280
"Luis Torrens","NYM",23,72,66,15,10,3,0,2,6,7,5,0,17,0,0,0,,0,0,0.22953,0.0733826,0.243223,0.301709,0.289996,0.356997,0.285405,0.646993,0.127467,2.548,0.287943,0,-0.137863,6.78587,-1.63467,84.5886,-0.137863,0.333453,-1.4358245879411697,1.6400840878486633,0.262214,622.3400268554688,,,,,,,60.5,2.630434782,60.5,2.630434782,,,,,,,,,,,,,,,,,,,"Luis Torrens","15905",620443
"Jakob Marsee","MIA",23,99,84,18,12,3,1,2,14,10,12,0,23,2,1,1,,5,1,0.213905,0.118843,0.235873,0.503841,0.321446,0.337838,0.298088,0.659284,0.123933,7.41732,0.271753,0,0.445409,10.3549,-1.23713,87.9932,0.445409,0.118531,-0.946677178144455,0.22677741944789886,0.258141,999,,,,,,,98.7,4.291304347,98.7,4.291304347,,,,,,,,,,,,,,,,,,,"Jakob Marsee","31370",805300
"Ildemaro Vargas","ARI",17,59,54,14,10,3,0,1,6,7,3,0,7,0,0,0,,1,0,0.260186,0.0567214,0.113688,0.49892,0.306471,0.373369,0.298093,0.679839,0.113182,4.68939,0.283435,0,-0.0280723,6.19498,-0.73989,88.2555,-0.0280723,1.16216,-0.8426885232329369,1.3791833221912384,0.25378,999,,,,,,,53.4,3.14117647,53.4,3.14117647,,,,,,,,,,,,,,,,,,,"Ildemaro Vargas","13324",545121
"Austin Hays","CIN",28,105,96,25,15,6,1,4,15,14,7,0,26,1,1,0,,1,0,0.259214,0.0673627,0.245619,0.274257,0.31594,0.45136,0.329908,0.767299,0.192145,5.26665,0.31498,0,-0.0587078,13.7527,1.39146,106.853,-0.0587078,0.301491,0.7885266616940498,-1.8107799589633942,0.249118,359.239990234375,,,,,,,130.6,4.664285714,130.6,4.664285714,,,,,,,,,,,,,,,,,,,"Austin Hays","19363",669720
"Drew Millas","WSN",16,60,54,14,10,3,0,1,6,6,5,0,11,0,0,0,,2,0,0.248834,0.0848964,0.184148,0.461022,0.315459,0.363237,0.299442,0.678696,0.114403,5.30346,0.294342,0,0.145519,6.38357,-0.688776,90.4564,0.145519,0.16853,-0.5295597314834595,0.9810361564159393,0.248985,999,,,,,,,61.3,3.83125,61.3,3.83125,,,,,,,,,,,,,,,,,,,"Drew Millas","25643",686452
"Ryan Ritter","COL",21,86,76,19,13,4,1,2,11,11,6,0,25,2,1,1,,2,0,0.24696,0.0708137,0.289156,0.244898,0.319306,0.380738,0.308587,0.700043,0.133778,6.48023,0.340536,0,0.18079,9.73896,-0.346633,83.4912,0.18079,0.129822,-1.4845199882984161,1.0558695644140244,0.244901,999,,,,,,,94.3,4.49047619,94.3,4.49047619,,,,,,,,,,,,,,,,,,,"Ryan Ritter","31500",690022
"Mason McCoy","SDP",20,77,69,14,9,3,0,1,8,7,6,0,24,0,0,1,,2,1,0.208217,0.0748776,0.319153,0.234613,0.270311,0.326522,0.264348,0.596833,0.118305,6.1659,0.298232,0,0.0905463,5.94708,-3.05344,70.0452,0.0905463,1.62685,-2.6060351133346558,2.471850633621216,0.244064,999,,,,,,,46.5,2.325,46.5,2.325,,,,,,,,,,,,,,,,,,,"Mason McCoy","22232",669200
"Johan Rojas","PHI",30,100,91,22,16,3,1,1,13,10,5,0,21,1,1,2,,6,1,0.238484,0.0500022,0.210308,0.237757,0.282839,0.334205,0.27173,0.617044,0.0957204,7.93565,0.295163,0,0.626872,8.34578,-3.38196,69.658,0.626872,1.75306,-2.9322104454040527,2.0075214505195618,0.240991,581.510009765625,,,,,,,82.6,2.753333333,82.6,2.753333333,,,,,,,,,,,,,,,,,,,"Johan Rojas","24336",679032
"Jacob Young","WSN",34,125,112,27,21,4,1,1,15,10,8,0,22,2,1,2,,7,2,0.238983,0.0656078,0.175113,0.374659,0.301173,0.305286,0.273225,0.606458,0.0663027,6.4805,0.290133,0,0.209174,10.594,-4.08061,72.3914,0.209174,1.64678,-3.8430134505033493,2.056862860918045,0.236922,294.55999755859375,,,,,,,103.6,3.047058823,103.6,3.047058823,,,,,,,,,,,,,,,,,,,"Jacob Young","29931",696285
"Brewer Hicklen","PHI",18,73,64,14,8,3,0,3,10,11,7,0,24,2,0,0,,4,0,0.217161,0.0956789,0.324926,0.294464,0.310704,0.405602,0.313067,0.716306,0.188442,7.63529,0.295141,0,0.470268,8.56664,-0.0300533,99.6703,0.470268,0.136773,0.44191464222967625,-0.6703149080276489,0.235932,999,,,,,,,85.9,4.772222222,85.9,4.772222222,,,,,,,,,,,,,,,,,,,"Brewer Hicklen","20450",676551
"Jordan Lawlar","ARI",16,67,59,13,9,3,0,1,8,7,5,0,17,1,0,0,,3,0,0.220538,0.0818948,0.24808,0.330114,0.298237,0.333496,0.282754,0.631733,0.112958,6.36338,0.284458,0,0.21254,6.15759,-1.66056,77.6867,0.21254,0.830531,-1.5322653204202652,1.5645270347595215,0.227289,403.510009765625,,,,,,,55.6,3.475,55.6,3.475,,,,,,,,,,,,,,,,,,,"Jordan Lawlar","29976",691783
"Eli White","ATL",26,84,77,18,13,3,1,2,11,9,6,0,23,1,0,0,,3,1,0.23613,0.0687343,0.274937,0.25,0.298567,0.372007,0.294577,0.670574,0.135877,7.29536,0.307987,0,0.305284,8.58769,-1.29367,87.0639,0.305284,1.31377,-0.9732141196727753,0.4284619092941284,0.227124,750.8099975585938,,,,,,,80.9,3.111538461,80.9,3.111538461,,,,,,,,,,,,,,,,,,,"Eli White","19346",642201
"Yohel Pozo","STL",20,73,70,19,13,4,0,2,8,10,2,0,8,0,0,0,,0,0,0.275407,0.0270308,0.108521,0.249084,0.294755,0.426304,0.30931,0.721059,0.150897,2.0148,0.284536,0,-0.163636,8.31572,-0.251762,99.3663,-0.163636,-0.756141,-0.217935461550951,0.005293369293212891,0.223599,999,,,,,,,72.8,3.64,72.8,3.64,,,,,,,,,,,,,,,,,,,"Yohel Pozo","18848",650968
"Oliver Dunn","MIL",18,63,55,12,7,3,1,1,7,7,6,0,21,1,0,0,,1,0,0.213753,0.0975142,0.339719,0.287044,0.2957,0.354874,0.287217,0.650574,0.141121,6.03084,0.316681,0,0.0666832,6.05214,-1.34332,83.3945,0.0666832,1.07708,-1.1615957170724869,1.256027340888977,0.221566,638.4099731445312,,,,,,,58.9,3.272222222,58.9,3.272222222,,,,,,,,,,,,,,,,,,,"Oliver Dunn","26295",686554
"Graham Pauley","MIA",27,103,92,21,13,5,0,2,12,10,9,0,24,1,1,0,,1,0,0.222833,0.0836355,0.232902,0.359102,0.295245,0.358991,0.288172,0.654236,0.136158,4.45057,0.272318,0,-0.0718042,9.94519,-2.11045,81.1608,-0.0718042,0.820392,-2.3434099555015564,1.1185851693153381,0.219555,748.02001953125,,,,,,,90.8,3.362962962,90.8,3.362962962,,,,,,,,,,,,,,,,,,,"Graham Pauley","31363",688363
"Christian Koss","SFG",23,79,72,18,13,3,0,2,9,9,4,0,18,1,1,1,,2,0,0.248144,0.0490529,0.233567,0.210016,0.295276,0.370049,0.291456,0.665325,0.121906,5.70232,0.3103,0,0.0169749,7.86401,-1.41426,88.2037,0.0169749,0.437376,-1.0777149833738804,0.5841398388147354,0.215104,999,,,,,,,75.1,3.265217391,75.1,3.265217391,,,,,,,,,,,,,,,,,,,"Christian Koss","27653",683766
"Ji Hwan Bae","PIT",19,71,63,17,12,3,1,1,11,7,6,0,16,0,0,0,,3,1,0.260621,0.0852927,0.227516,0.374887,0.325791,0.373687,0.308082,0.699477,0.113065,7.23359,0.332447,0,0.0785604,7.97175,-0.313575,94.818,0.0785604,-0.160513,-0.35086720436811447,0.09877265989780426,0.211463,739.989990234375,,,,,,,76.9,4.047368421,76.9,4.047368421,,,,,,,,,,,,,,,,,,,"Ji Hwan Bae","23818",678225
"Tyler Black","MIL",20,88,75,17,11,3,1,2,11,10,10,0,20,2,0,0,,3,1,0.229019,0.112462,0.224574,0.500779,0.33074,0.37594,0.314155,0.70668,0.146921,6.87664,0.281273,0,0.215934,10.3236,0.0411635,101.956,0.215934,0.373857,0.4170483946800232,-1.2350561916828156,0.210544,666.6199951171875,,,,,,,92.3,4.615,92.3,4.615,,,,,,,,,,,,,,,,,,,"Tyler Black","29949",672012
"Agustín Ramírez","MIA",31,134,122,29,17,7,0,5,17,17,10,0,27,1,1,0,,2,1,0.241485,0.0759716,0.199356,0.381086,0.303775,0.425753,0.315724,0.729528,0.184269,4.63881,0.268762,0,0.079246,15.9237,0.232538,100.145,0.079246,-1.78919,0.10202812030911446,-2.4340319633483887,0.209974,437.8900146484375,,,,,,,141.7,4.570967741,141.7,4.570967741,,,,,,,,,,,,,,,,,,,"Agustin Ramirez","26546",682663
"Logan Porter","SFG",16,62,55,12,8,3,0,1,6,6,6,0,18,1,0,0,,0,0,0.224345,0.0996147,0.283722,0.3511,0.312046,0.34143,0.292143,0.653476,0.117085,3.03911,0.306704,0,-0.0675892,6.21554,-1.07708,88.6769,-0.0675892,-0.238254,-0.8934871032834053,0.902840718626976,0.20988,999,,,,,,,51.3,3.20625,51.3,3.20625,,,,,,,,,,,,,,,,,,,"Logan Porter","20626",682515
"Keibert Ruiz","WSN",28,112,105,26,18,5,0,3,10,13,5,0,12,1,1,0,,1,0,0.246416,0.0451737,0.105405,0.428571,0.287033,0.371469,0.287978,0.658502,0.125053,2.31909,0.254319,0,-0.193009,10.819,-2.31726,82.5567,-0.193009,-1.15735,-2.484824240207672,0.8403363227844238,0.207405,209.4499969482422,,,,,,,103.2,3.685714285,103.2,3.685714285,,,,,,,,,,,,,,,,,,,"Keibert Ruiz","19610",660688
"Henry Davis","PIT",23,88,78,17,10,3,0,3,10,10,7,0,23,2,0,0,,1,1,0.215474,0.0846987,0.261975,0.323308,0.302217,0.36666,0.295811,0.668877,0.151187,3.77042,0.268983,0,-0.182311,9.10401,-1.26998,86.3623,-0.182311,-0.828606,-1.597345381975174,0.7162688374519348,0.206689,541.4000244140625,,,,,,,80.2,3.486956521,80.2,3.486956521,,,,,,,,,,,,,,,,,,,"Henry Davis","29617",680779
"Pavin Smith","ARI",28,102,88,22,14,5,0,3,12,12,12,0,24,0,1,0,,1,0,0.251934,0.122667,0.237338,0.516847,0.34444,0.416324,0.332977,0.760764,0.16439,3.36808,0.311334,0,-0.223452,13.519,1.59456,112.292,-0.223452,-0.0682617,1.242617666721344,-2.600345253944397,0.202143,388.0400085449219,,,,,,,115.8,4.135714285,115.8,4.135714285,,,,,,,,,,,,,,,,,,,"Pavin Smith","19892",656976
"Christian Encarnacion-Strand","CIN",22,91,85,21,13,4,0,4,11,14,5,0,25,1,1,0,,0,0,0.251885,0.0509688,0.269452,0.189157,0.299144,0.457334,0.324223,0.756478,0.205449,3.31506,0.302799,0,-0.185459,11.5115,0.787084,102.936,-0.185459,-0.0565903,0.12945955991744995,-1.1597902849316597,0.201397,213.66000366210938,,,,,,,99.8,4.536363636,99.8,4.536363636,,,,,,,,,,,,,,,,,,,"Christian Encarnacion-Strand","30011",687952
"Gavin Lux","CIN",33,119,105,28,20,6,1,2,14,12,13,0,27,0,0,0,,1,0,0.267504,0.106652,0.223944,0.476242,0.346718,0.391659,0.326468,0.738376,0.124154,4.25123,0.338798,0,-0.097484,15.1598,1.23722,104.483,-0.097484,-0.687765,0.5267601385712624,-2.456383466720581,0.200643,329.2300109863281,,,,,,,134.6,4.078787878,134.6,4.078787878,,,,,,,,,,,,,,,,,,,"Gavin Lux","19955",666158
"Liam Hicks","MIA",28,104,89,22,17,4,0,1,10,11,11,0,17,3,1,0,,0,0,0.251509,0.105645,0.159258,0.663357,0.348753,0.340879,0.31256,0.689631,0.0893696,2.81425,0.294746,0,-0.202612,12.0935,-0.0851226,97.9646,-0.202612,-1.05405,-0.45053520798683167,-1.000438380986452,0.199848,746.1599731445312,,,,,,,97.2,3.471428571,97.2,3.471428571,,,,,,,,,,,,,,,,,,,"Liam Hicks","29844",689414
"Jarred Kelenic","ATL",24,86,77,19,11,4,0,3,10,11,7,0,25,0,0,0,,1,1,0.24441,0.0872378,0.288128,0.302774,0.312011,0.422128,0.317827,0.734139,0.177718,4.6888,0.319346,0,-0.144693,10.3682,0.29526,103.084,-0.144693,-0.11734,0.16603831946849823,-1.0418082848191261,0.198611,502.82000732421875,,,,,,,89.3,3.720833333,89.3,3.720833333,,,,,,,,,,,,,,,,,,,"Jarred Kelenic","22558",672284
"Jordan Beck","COL",31,126,114,29,19,6,1,4,15,13,11,0,36,1,1,0,,4,1,0.257106,0.084671,0.281883,0.300377,0.322624,0.418644,0.322932,0.741268,0.161538,5.65244,0.340354,0,0.0387358,15.7792,0.956013,93.3758,0.0387358,0.114813,-0.9433657377958298,-1.2661700174212456,0.19769,400.1400146484375,,,,,,,149.9,4.83548387,149.9,4.83548387,,,,,,,,,,,,,,,,,,,"Jordan Beck","31431",687597
"Bryce Johnson","SDP",22,68,60,15,11,3,0,1,8,6,6,0,18,1,0,1,,3,1,0.247683,0.085125,0.264087,0.322337,0.323545,0.335044,0.295819,0.658589,0.0873614,6.60816,0.341489,0,0.209192,7.04333,-0.981961,91.7305,0.209192,0.416206,-0.4545774906873703,0.10680189728736877,0.194185,999,,,,,,,66,3,66,3,,,,,,,,,,,,,,,,,,,"Bryce Johnson","20002",669369
"Grant McCray","SFG",23,94,85,19,12,4,1,2,12,10,7,0,32,1,1,0,,3,1,0.22548,0.0747779,0.342271,0.218476,0.29034,0.368412,0.289167,0.658752,0.142932,7.72661,0.334255,0,0.188474,9.21006,-1.86246,86.6262,0.188474,-0.253124,-1.2926129698753357,0.09338560700416565,0.19402,731.6599731445312,,,,,,,84.4,3.669565217,84.4,3.669565217,,,,,,,,,,,,,,,,,,,"Grant McCray","25690",687529
"Griffin Conine","MIA",23,89,80,19,12,4,0,3,10,11,8,0,30,1,0,0,,0,0,0.23196,0.0883088,0.341216,0.258806,0.306994,0.396606,0.307962,0.703601,0.164647,2.50856,0.332347,0,-0.181521,10.0804,-0.405562,94.7965,-0.181521,0.629248,-0.7272564768791199,-0.3301984667778015,0.19178,621.5800170898438,,,,,,,93.2,4.052173913,93.2,4.052173913,,,,,,,,,,,,,,,,,,,"Griffin Conine","21626",665052
"Jake Fraley","CIN",25,81,71,18,12,3,0,2,10,9,8,0,16,1,0,0,,3,1,0.247755,0.101931,0.202242,0.504007,0.331907,0.38898,0.318065,0.720887,0.141225,5.11373,0.292028,0,0.143645,9.74814,0.292693,98.693,0.143645,0.0927449,0.02004197984933853,-0.7924214974045753,0.19154,377.7200012207031,,,,,,,87.2,3.488,87.2,3.488,,,,,,,,,,,,,,,,,,,"Jake Fraley","19260",641584
"José Tena","WSN",29,115,106,27,18,6,1,2,13,12,7,0,30,1,1,0,,2,1,0.252746,0.0612474,0.261858,0.233895,0.302211,0.382287,0.299289,0.684497,0.129541,5.01072,0.331165,0,-0.17821,12.162,-1.32804,90.3509,-0.17821,-0.800391,-1.4801186174154282,-0.4182099401950836,0.191464,572.280029296875,,,,,,,112.1,3.865517241,112.1,3.865517241,,,,,,,,,,,,,,,,,,,"Jose Tena","23691",677588
"Paul DeJong","WSN",25,88,80,17,10,3,0,4,9,10,6,0,27,1,1,0,,1,0,0.211952,0.0632371,0.312106,0.202614,0.271817,0.389569,0.288102,0.661387,0.177617,3.14927,0.267315,0,-0.118371,8.4898,-1.80765,82.6425,-0.118371,0.523792,-1.9060787037014961,0.8628763258457184,0.187843,426.1700134277344,,,,,,,84.4,3.376,84.4,3.376,,,,,,,,,,,,,,,,,,,"Paul DeJong","18015",657557
"José Azocar","NYM",21,62,58,15,11,2,1,1,8,6,3,0,13,1,0,0,,3,1,0.26119,0.0440425,0.211564,0.208176,0.30026,0.366073,0.291966,0.666333,0.104883,7.07842,0.322539,0,0.182291,6.22437,-1.08906,85.2651,0.182291,0.444404,-0.8955322653055191,0.6732742041349411,0.186685,999,,,,,,,61.8,2.942857142,61.8,2.942857142,,,,,,,,,,,,,,,,,,,"Jose Azocar","18821",640492
"Brady House","WSN",27,108,101,24,17,4,0,3,12,13,5,0,29,1,1,0,,1,0,0.237954,0.0450244,0.273047,0.164896,0.279538,0.36713,0.282279,0.646668,0.129175,4.30501,0.306093,0,-0.096984,9.94086,-2.73356,78.6301,-0.096984,0.665852,-2.80599507689476,1.0576691031455994,0.183507,999,,,,,,,93.1,3.448148148,93.1,3.448148148,,,,,,,,,,,,,,,,,,,"Brady House","29993",691781
"Drew Avans","MIL",23,97,86,19,13,4,1,1,14,7,9,0,29,1,1,0,,4,1,0.221104,0.0929634,0.303251,0.306556,0.297503,0.323767,0.278108,0.62127,0.102663,7.68172,0.317781,0,0.27055,8.59272,-2.77958,77.1181,0.27055,0.573026,-2.332122027873993,0.9289170801639557,0.181655,999,,,,,,,81.9,3.560869565,81.9,3.560869565,,,,,,,,,,,,,,,,,,,"Drew Avans","25183",682183
"Justin Turner","CHC",27,98,87,21,15,4,0,2,11,10,9,0,17,2,1,0,,0,0,0.246641,0.0928131,0.175504,0.528838,0.326715,0.370934,0.309265,0.697648,0.124293,2.4188,0.28112,0,-0.154404,11.2056,-0.342932,99.3825,-0.154404,0.123395,-0.22572793811559677,-1.2452230602502823,0.179744,537.5399780273438,,,,,,,94,3.481481481,94,3.481481481,,,,,,,,,,,,,,,,,,,"Justin Turner","5235",457759
"Javier Sanoja","MIA",34,128,118,31,22,6,1,1,13,12,8,0,12,0,1,1,,2,2,0.262052,0.0616218,0.0911538,0.67602,0.30823,0.370998,0.297409,0.679228,0.108946,4.81368,0.279246,0,-0.545935,13.3784,-1.67725,87.5252,-0.545935,-0.257692,-2.424444854259491,-0.05961325764656067,0.176149,738.0499877929688,,,,,,,110.3,3.244117647,110.3,3.244117647,,,,,,,,,,,,,,,,,,,"Javier Sanoja","28253",691594
"Santiago Espinal","CIN",31,97,89,23,18,4,0,1,9,8,7,0,13,1,0,1,,2,0,0.257087,0.067958,0.133222,0.510112,0.311237,0.339505,0.288791,0.650743,0.0824185,3.74525,0.290121,0,-0.00506925,9.433,-1.94296,78.5217,-0.00506925,0.854643,-2.448882333934307,0.9756473749876022,0.174566,657.530029296875,,,,,,,88.6,2.858064516,88.6,2.858064516,,,,,,,,,,,,,,,,,,,"Santiago Espinal","19997",669289
"Tsung-Che Cheng","PIT",22,85,75,17,11,4,0,1,10,8,7,0,21,0,0,2,,2,1,0.22501,0.0823665,0.245568,0.335412,0.293555,0.34176,0.282046,0.635315,0.11675,5.43689,0.290405,0,-0.179278,7.83205,-2.17411,76.8782,-0.179278,0.457517,-2.493302509188652,1.3969318568706512,0.174036,999,,,,,,,63.2,2.872727272,63.2,2.872727272,,,,,,,,,,,,,,,,,,,"Tsung-Che Cheng","28344",691907
"Luis Campusano","SDP",17,61,56,13,9,2,0,2,7,8,4,0,11,0,0,0,,0,0,0.240277,0.0707161,0.177034,0.399449,0.298714,0.375067,0.296056,0.673781,0.13479,2.11467,0.269213,0,-0.0930436,6.31194,-0.86664,91.8938,-0.0930436,-0.7708,-0.6750630661845207,0.3524508476257324,0.172513,431.79998779296875,,,,,,,53.4,3.14117647,53.4,3.14117647,,,,,,,,,,,,,,,,,,,"Luis Campusano","22217",669134
"Blaze Alexander","ARI",21,78,70,16,11,3,0,2,8,9,6,0,25,2,0,0,,1,1,0.23202,0.0749596,0.316681,0.236704,0.309715,0.357724,0.297266,0.667438,0.125704,4.33468,0.334231,0,-0.142737,8.16629,-1.03399,87.686,-0.142737,0.205157,-1.2758670896291733,0.3879531919956207,0.172362,746.6199951171875,,,,,,,70.2,3.342857142,70.2,3.342857142,,,,,,,,,,,,,,,,,,,"Blaze Alexander","23789",677942
"Sergio Alcántara","ARI",20,71,63,14,10,2,0,1,8,6,7,0,17,0,0,0,,0,0,0.223429,0.10334,0.237578,0.434974,0.30613,0.316958,0.280005,0.623088,0.0935286,4.59569,0.290321,0,-0.0858766,6.44505,-1.9398,80.3133,-0.0858766,0.289002,-1.7368742674589157,1.076201170682907,0.172344,999,,,,,,,51.6,2.58,51.6,2.58,,,,,,,,,,,,,,,,,,,"Sergio Alcantara","16417",642727
"Thairo Estrada","COL",24,98,91,24,17,5,0,2,12,13,4,0,18,2,1,0,,2,1,0.262771,0.0423457,0.180159,0.235046,0.304669,0.401175,0.307182,0.705844,0.138404,4.53503,0.29878,0,-0.20946,11.0252,-0.508076,82.5231,-0.20946,0.321497,-2.2254980951547623,0.6833609044551849,0.171996,334.20001220703125,,,,,,,95.7,3.9875,95.7,3.9875,,,,,,,,,,,,,,,,,,,"Thairo Estrada","16426",642731
"Starling Marte","NYM",24,89,80,22,15,4,0,2,11,9,6,0,18,2,1,0,,3,1,0.269174,0.0666341,0.203067,0.328138,0.334509,0.396314,0.321256,0.730823,0.127141,5.59486,0.324018,0,0.224751,11.0644,0.556325,109.291,0.224751,-0.294195,1.2012570053339005,-2.466806709766388,0.171036,457,,,,,,,100.5,4.1875,100.5,4.1875,,,,,,,,,,,,,,,,,,,"Starling Marte","9241",516782
"Jack Suwinski","PIT",27,94,81,18,10,4,0,4,11,11,11,0,28,1,0,0,,3,0,0.219765,0.120263,0.300504,0.400205,0.321194,0.415626,0.321709,0.73682,0.195862,5.53142,0.284262,0,0.233197,11.6933,0.620747,104.207,0.233197,-1.59181,0.6991173177957535,-2.1752427220344543,0.165577,606.4199829101562,,,,,,,110.7,4.1,110.7,4.1,,,,,,,,,,,,,,,,,,,"Jack Suwinski","22244",669261
"Mickey Moniak","COL",31,109,101,26,15,5,1,5,14,15,6,0,28,1,1,0,,2,1,0.256262,0.051953,0.257962,0.201398,0.299454,0.480612,0.331819,0.780066,0.22435,6.01777,0.303066,0,-0.121362,14.352,1.60303,99.499,-0.121362,-0.828087,-0.1852419152855873,-1.7628256678581238,0.165126,590.25,,,,,,,133.8,4.316129032,133.8,4.316129032,,,,,,,,,,,,,,,,,,,"Mickey Moniak","19956",666160
"Owen Miller","COL",20,71,65,17,12,4,0,1,8,7,5,0,14,1,0,0,,1,0,0.268701,0.0635615,0.191947,0.33114,0.32328,0.389858,0.313171,0.713137,0.121156,4.90694,0.32202,0,0.0366013,8.29401,-0.0230774,86.6501,0.0366013,1.60278,-1.073923397809267,0.3013801574707031,0.158912,999,,,,,,,71.1,3.555,71.1,3.555,,,,,,,,,,,,,,,,,,,"Owen Miller","24655",680911
"Brett Sullivan","PIT",17,66,60,14,9,3,0,1,8,7,5,0,10,1,1,0,,1,0,0.230213,0.0777129,0.1528,0.508593,0.295146,0.364214,0.289328,0.659359,0.134,4.57246,0.253557,0,-0.032772,6.50089,-1.30416,81.8959,-0.032772,-0.409593,-1.4460653811693192,0.81168332695961,0.158435,999,,,,,,,56.4,3.317647058,56.4,3.317647058,,,,,,,,,,,,,,,,,,,"Brett Sullivan","18217",664954
"Tyler Locklear","ARI",21,88,77,18,11,4,0,3,11,11,7,0,24,3,0,0,,1,0,0.236862,0.0814968,0.273601,0.297867,0.321012,0.4046,0.318756,0.725612,0.167738,5.01034,0.304042,0,-0.0032525,10.6528,0.367341,102.493,-0.0032525,0.028009,0.25325791095383465,-1.583719663321972,0.157991,725.6099853515625,,,,,,,95.5,4.547619047,95.5,4.547619047,,,,,,,,,,,,,,,,,,,"Tyler Locklear","31396",682988
"Rafael Marchán","PHI",14,51,46,10,7,2,0,1,5,5,4,0,8,1,0,0,,0,0,0.220223,0.0847254,0.157845,0.536765,0.299933,0.308901,0.275538,0.608834,0.088678,2.32618,0.254078,0,-0.150095,4.45149,-1.58143,72.2814,-0.150095,0.818956,-1.8226424306631088,1.6750529408454895,0.157671,707.3800048828125,,,,,,,40.2,2.871428571,40.2,2.871428571,,,,,,,,,,,,,,,,,,,"Rafael Marchan","21646",665561
"Tirso Ornelas","SDP",22,90,82,19,13,4,0,2,9,10,7,0,19,1,1,0,,1,0,0.237368,0.0772037,0.208136,0.370929,0.300384,0.363322,0.292208,0.663706,0.125954,3.08532,0.283101,0,-0.205279,9.0294,-1.55917,89.2418,-0.205279,0.909002,-1.3446241319179535,-0.085091233253479,0.156479,522.2899780273438,,,,,,,80.7,3.668181818,80.7,3.668181818,,,,,,,,,,,,,,,,,,,"Tirso Ornelas","22566",672359
"Jake McCarthy","ARI",26,96,86,22,15,3,1,2,12,10,7,0,18,2,1,1,,5,1,0.250042,0.0686192,0.184849,0.371218,0.313823,0.376911,0.30401,0.690734,0.126869,7.70489,0.296663,0,0.443503,10.5237,-0.742596,92.3326,0.443503,-0.457735,-0.4204930365085602,-1.206269919872284,0.155655,220.74000549316406,,,,,,,104.1,4.003846153,104.1,4.003846153,,,,,,,,,,,,,,,,,,,"Jake McCarthy","21622",664983
"Luisangel Acuña","NYM",32,118,110,27,21,4,1,1,16,10,7,0,24,1,1,1,,6,2,0.244731,0.0568687,0.206291,0.275672,0.29002,0.331611,0.274907,0.621631,0.0868797,6.79411,0.301432,0,0.303187,10.1829,-3.69939,77.3546,0.303187,0.135063,-2.8411002457141876,0.4845898747444153,0.155637,417.0899963378906,,,,,,,97.7,3.053125,97.7,3.053125,,,,,,,,,,,,,,,,,,,"Luisangel Acuna","26548",682668
"Troy Johnston","MIA",21,88,80,20,13,5,0,2,10,10,6,0,18,1,1,0,,2,0,0.24986,0.0682964,0.20658,0.330606,0.31231,0.380473,0.304157,0.692783,0.130613,5.27366,0.302502,0,0.0586606,9.68282,-0.671986,92.175,0.0586606,0.53004,-0.7517458684742451,-0.6231644153594971,0.155412,999,,,,,,,90.1,4.29047619,90.1,4.29047619,,,,,,,,,,,,,,,,,,,"Troy Johnston","26143",687859
"Heriberto Hernández","MIA",24,94,83,20,12,4,0,3,12,12,9,0,29,1,1,0,,0,0,0.236328,0.097062,0.311295,0.311801,0.317309,0.404698,0.316245,0.722007,0.16837,3.29136,0.322229,0,-0.113202,11.2588,0.203501,100.504,-0.113202,-0.158699,-0.05748511478304863,-1.5226652473211288,0.154397,999,,,,,,,98.8,4.116666666,98.8,4.116666666,,,,,,,,,,,,,,,,,,,"Heriberto Hernandez","24878",681715
"Andrew Vaughn","MIL",34,138,127,31,20,6,0,5,13,19,9,0,29,1,1,0,,0,0,0.247428,0.065985,0.210375,0.313655,0.303388,0.419314,0.313843,0.722701,0.171886,1.76499,0.280877,0,-0.166665,16.2654,0.0301051,101.741,-0.166665,-0.499087,0.11599358916282654,-3.163187325000763,0.152098,269.1700134277344,,,,,,,141,4.147058823,141,4.147058823,,,,,,,,,,,,,,,,,,,"Andrew Vaughn","26197",683734
"Michael Conforto","LAD",32,117,102,22,13,5,0,4,14,14,12,0,29,2,1,0,,0,0,0.216299,0.104083,0.243836,0.426855,0.311739,0.389368,0.308977,0.701106,0.173068,2.7255,0.257686,0,-0.185603,13.3052,-0.435285,97.4238,-0.185603,-0.614382,-0.5396440327167511,-1.8256548643112183,0.150671,272.1300048828125,,,,,,,115.3,3.603125,115.3,3.603125,,,,,,,,,,,,,,,,,,,"Michael Conforto","16376",624424
"Blaine Crim","COL",22,90,81,19,13,4,0,3,11,12,7,0,19,1,1,0,,0,0,0.241107,0.0794764,0.212098,0.374714,0.311767,0.397233,0.311142,0.709,0.156126,3.63594,0.281534,0,-0.10812,10.3648,-0.176678,99.3136,-0.10812,0.157266,-0.18050076067447662,-1.4921814054250717,0.146254,999,,,,,,,89.2,4.054545454,89.2,4.054545454,,,,,,,,,,,,,,,,,,,"Blaine Crim","25714",688760
"Billy Cook","PIT",21,82,74,17,11,3,1,2,9,9,6,0,23,1,0,0,,3,1,0.23024,0.0743034,0.277127,0.268121,0.298102,0.379473,0.296946,0.677575,0.149233,6.23819,0.298539,0,0.130459,8.48174,-1.09772,87.145,0.130459,1.35074,-1.1012083739042282,-0.1481841802597046,0.146093,720.0700073242188,,,,,,,78.3,3.728571428,78.3,3.728571428,,,,,,,,,,,,,,,,,,,"Billy Cook","29573",695257
"Trenton Brooks","SDP",20,76,67,15,10,4,0,2,9,9,8,0,14,1,0,0,,1,0,0.224581,0.10038,0.188974,0.531185,0.308444,0.361341,0.29771,0.669785,0.13676,4.47916,0.259156,0,0.0469609,7.93684,-0.974263,93.033,0.0469609,0.479369,-0.5739897228777409,-0.5095883905887604,0.143979,999,,,,,,,76.3,3.815,76.3,3.815,,,,,,,,,,,,,,,,,,,"Trenton Brooks","19384",670092
"Will Benson","CIN",27,92,80,17,9,4,1,3,12,12,10,0,30,1,1,0,,3,1,0.215597,0.107608,0.328531,0.327545,0.304338,0.408471,0.310237,0.712809,0.192874,6.56351,0.291291,0,-0.0265301,10.4976,-0.247113,93.2987,-0.0265301,-0.0259099,-0.7467038203030825,-0.8571885097771883,0.143062,686.0499877929688,,,,,,,96.6,3.577777777,96.6,3.577777777,,,,,,,,,,,,,,,,,,,"Will Benson","21853",666181
"Kyle Karros","COL",21,90,82,20,14,4,0,1,10,10,7,0,23,1,1,0,,1,0,0.247577,0.0733838,0.255515,0.287199,0.310968,0.358566,0.295886,0.669535,0.110989,3.95649,0.32653,0,-0.146045,9.25817,-1.28522,74.7399,-0.146045,0.931802,-2.8098002821207047,1.2617525160312653,0.14303,999,,,,,,,76.9,3.661904761,76.9,3.661904761,,,,,,,,,,,,,,,,,,,"Kyle Karros","33252",691720
"Braxton Fulford","COL",18,70,62,14,9,3,0,1,8,9,5,0,19,2,1,0,,1,0,0.228709,0.0718379,0.277059,0.259288,0.304152,0.361641,0.295077,0.665793,0.132931,5.34844,0.304582,0,-0.0522006,7.12244,-1.04055,74.1827,-0.0522006,0.658989,-2.160048969089985,1.2296718955039978,0.138284,999,,,,,,,57.4,3.188888888,57.4,3.188888888,,,,,,,,,,,,,,,,,,,"Braxton Fulford","29704",690924
"Cal Stevenson","PHI",19,65,55,12,8,3,0,1,9,7,8,0,15,0,0,1,,3,1,0.223358,0.128453,0.22279,0.576567,0.325113,0.338805,0.298385,0.663918,0.115447,6.19688,0.282822,0,0.0812694,6.84473,-0.80025,88.0242,0.0812694,-0.19335,-0.8344426974654198,0.04589620232582092,0.138013,999,,,,,,,57.2,3.010526315,57.2,3.010526315,,,,,,,,,,,,,,,,,,,"Cal Stevenson","22411",670276
"Reese McGuire","CHC",17,51,47,10,7,2,0,1,5,5,3,0,12,0,0,0,,0,0,0.215107,0.0548191,0.240174,0.228247,0.262244,0.330049,0.260905,0.592293,0.114943,3.06883,0.261531,0,-0.0000207919,3.78262,-2.15532,66.0607,-0.0000207919,0.570404,-2.0156841773205088,1.6738057136535645,0.134992,999,,,,,,,33.2,1.952941176,33.2,1.952941176,,,,,,,,,,,,,,,,,,,"Reese McGuire","15674",624512
"Jonathan Ornelas","ATL",20,81,74,17,13,3,0,1,9,8,6,0,21,1,0,0,,1,0,0.23468,0.0685421,0.262858,0.260757,0.295268,0.314827,0.272372,0.610095,0.0801466,4.73629,0.316684,0,-0.100546,6.81649,-2.70306,71.7639,-0.100546,0.543757,-2.788984954357147,1.437486171722412,0.133889,999,,,,,,,62.2,3.11,62.2,3.11,,,,,,,,,,,,,,,,,,,"Jonathan Ornelas","24597",680716
"James McCann","ARI",15,49,44,10,7,2,0,1,5,5,3,0,13,1,0,0,,0,0,0.233628,0.064244,0.265886,0.241622,0.294866,0.367996,0.292356,0.662862,0.134368,3.11309,0.296841,0,-0.00936164,4.89534,-0.838432,84.3026,-0.00936164,-0.345872,-0.9095773817971349,0.572011798620224,0.129586,744.8300170898438,,,,,,,39.2,2.613333333,39.2,2.613333333,,,,,,,,,,,,,,,,,,,"James McCann","12859",543510
"Eric Haase","MIL",18,59,54,12,8,2,0,2,7,8,4,0,21,0,0,0,,0,0,0.220801,0.065681,0.357075,0.183942,0.276604,0.381927,0.287565,0.658531,0.161125,2.76172,0.311274,0,-0.0802683,5.66321,-1.23681,83.6339,-0.0802683,-0.276331,-1.2097405418753624,0.5044386684894562,0.125222,706.9500122070312,,,,,,,49.8,2.766666666,49.8,2.766666666,,,,,,,,,,,,,,,,,,,"Eric Haase","14111",606992
"Connor Joe","CIN",23,75,65,15,9,4,0,2,9,7,8,0,18,1,1,0,,1,1,0.228696,0.112011,0.236568,0.473481,0.32424,0.371207,0.309398,0.695447,0.142512,3.76134,0.285941,0,-0.270744,8.57314,-0.254062,92.7204,-0.270744,0.32867,-0.9134422242641449,-0.3576529920101166,0.122313,650.75,,,,,,,75.5,3.282608695,75.5,3.282608695,,,,,,,,,,,,,,,,,,,"Connor Joe","16572",656582
"Riley Adams","WSN",20,69,62,13,8,3,0,2,7,8,5,0,22,1,0,0,,0,0,0.214183,0.0738771,0.320206,0.230717,0.287709,0.381731,0.2933,0.66944,0.167548,2.95632,0.289107,0,-0.0593622,6.95091,-1.12893,86.224,-0.0593622,-1.20219,-1.172643169760704,0.09034502506256104,0.120297,748.2100219726562,,,,,,,56.3,2.815,56.3,2.815,,,,,,,,,,,,,,,,,,,"Riley Adams","19864",656180
"Jose Iglesias","SDP",28,98,90,23,17,4,0,1,10,10,5,0,16,1,1,0,,1,0,0.254251,0.0496578,0.166392,0.298439,0.300577,0.342744,0.284679,0.643321,0.0884926,3.49015,0.296894,0,-0.143529,9.17516,-2.2814,84.0543,-0.143529,-0.100768,-1.9706954509019852,-0.05663296580314636,0.119958,643.3099975585938,,,,,,,79.7,2.846428571,79.7,2.846428571,,,,,,,,,,,,,,,,,,,"Jose Iglesias","10231",578428
"Victor Mesa Jr.","MIA",18,79,72,17,11,3,0,2,8,8,5,0,18,0,0,0,,1,0,0.230627,0.0635556,0.231077,0.275041,0.283132,0.35305,0.279746,0.636182,0.122424,4.55647,0.283748,0,-0.0480542,7.07573,-2.15103,75.3547,-0.0480542,0.61414,-2.322428446263075,0.9028875827789307,0.118511,999,,,,,,,67.6,3.755555555,67.6,3.755555555,,,,,,,,,,,,,,,,,,,"Victor Mesa Jr.","25999",683748
"CJ Alexander","LAD",17,66,61,14,8,3,0,2,7,8,4,0,18,0,0,0,,1,0,0.230046,0.0585585,0.273628,0.214008,0.279164,0.404128,0.295573,0.683293,0.174083,4.73735,0.287879,0,-0.0850697,6.80987,-0.964453,85.0181,-0.0850697,-0.126628,-1.250251553952694,0.11666561663150787,0.118136,999,,,,,,,58.8,3.458823529,58.8,3.458823529,,,,,,,,,,,,,,,,,,,"CJ Alexander","20557",680769
"Luken Baker","LAD",22,81,72,16,9,3,0,4,8,11,9,0,22,0,0,0,,0,0,0.219242,0.105924,0.268815,0.39404,0.30531,0.408229,0.31172,0.713539,0.188987,1.56413,0.261025,0,-0.0872815,9.44303,-0.122213,101.027,-0.0872815,-0.159536,0.010964609682559967,-1.5765804201364517,0.113203,724.469970703125,,,,,,,90.9,4.131818181,90.9,4.131818181,,,,,,,,,,,,,,,,,,,"Luken Baker","21497",663609
"Josh Bell","WSN",35,143,126,30,20,5,0,5,15,16,15,0,28,1,1,0,,0,0,0.240114,0.105465,0.194031,0.543548,0.325784,0.405399,0.320728,0.731183,0.165285,1.7405,0.268315,0,-0.398742,17.6077,0.827367,105.123,-0.398742,-0.526528,0.4611266553401947,-4.089609920978546,0.108001,334.1600036621094,,,,,,,151.5,4.328571428,151.5,4.328571428,,,,,,,,,,,,,,,,,,,"Josh Bell","13145",605137
"Noelvi Marte","CIN",24,93,86,22,15,4,0,3,11,11,5,0,22,1,1,0,,3,1,0.255576,0.0545257,0.236797,0.230263,0.30254,0.401979,0.306746,0.704519,0.146403,5.59382,0.313444,0,0.00426806,10.4161,-0.514363,90.8932,0.00426806,-0.928399,-0.9913331214338541,-1.0245639234781265,0.106062,499.42999267578125,,,,,,,97.9,4.079166666,97.9,4.079166666,,,,,,,,,,,,,,,,,,,"Noelvi Marte","26517",682622
"Pablo Reyes","NYM",19,62,55,13,9,2,0,1,8,6,5,0,12,0,0,0,,2,1,0.235818,0.0863565,0.197628,0.436964,0.305066,0.353863,0.292458,0.658929,0.118044,5.3379,0.278366,0,-0.0136651,6.18348,-1.05308,86.1119,-0.0136651,0.0280258,-1.0190652897581458,-0.08576974458992481,0.104863,750.010009765625,,,,,,,49,2.578947368,49,2.578947368,,,,,,,,,,,,,,,,,,,"Pablo Reyes","16357",622569
"Tommy Pham","PIT",29,111,99,25,17,5,0,2,12,11,10,0,25,1,1,0,,2,1,0.249963,0.0941005,0.226863,0.414789,0.322275,0.371416,0.306017,0.693691,0.121453,4.59056,0.310613,0,-0.0478848,12.3162,-0.676693,93.3947,-0.0478848,-0.512261,-0.9062564298510551,-1.7242047190666199,0.102016,422.7699890136719,,,,,,,108.3,3.734482758,108.3,3.734482758,,,,,,,,,,,,,,,,,,,"Tommy Pham","2967",502054
"Drew Gilbert","SFG",15,64,58,13,8,2,0,2,6,7,5,0,14,1,0,0,,1,0,0.219952,0.0739446,0.223873,0.330297,0.290299,0.358673,0.286102,0.648972,0.138721,3.88053,0.259778,0,-0.0719891,6.1127,-1.42755,84.5147,-0.0719891,-0.107479,-1.2398345544934273,0.12848947197198868,0.101855,999,,,,,,,59.3,3.953333333,59.3,3.953333333,,,,,,,,,,,,,,,,,,,"Drew Gilbert","31545",687551
"Endy Rodríguez","PIT",20,81,74,17,11,4,0,2,11,9,7,0,16,1,0,0,,0,0,0.237205,0.0815949,0.202206,0.403524,0.30411,0.375591,0.298998,0.679701,0.138386,4.13965,0.283232,0,-0.168264,8.59803,-0.960152,88.5585,-0.168264,-0.242034,-1.26206736266613,-0.41312864422798157,0.101745,419.0899963378906,,,,,,,75.6,3.78,75.6,3.78,,,,,,,,,,,,,,,,,,,"Endy Rodriguez","25332",682848
"Daz Cameron","MIL",21,73,66,15,10,3,0,2,10,9,6,0,21,1,0,0,,2,1,0.226782,0.0781766,0.282623,0.276611,0.29487,0.356772,0.288272,0.651642,0.129989,6.15694,0.30173,0,0.113929,7.09148,-1.49772,84.1212,0.113929,0.245282,-1.250179409980774,-0.15972495079040527,0.101236,999,,,,,,,67.5,3.214285714,67.5,3.214285714,,,,,,,,,,,,,,,,,,,"Daz Cameron","18353",663662
"Jesse Winker","NYM",24,86,73,17,11,4,0,2,10,9,11,0,18,1,1,0,,1,0,0.240764,0.132336,0.206029,0.642317,0.351142,0.389163,0.328694,0.740304,0.148399,4.22058,0.288085,0,-0.0688606,11.1736,1.05448,114.417,-0.0688606,-1.03856,1.3902476280927658,-3.2343337535858154,0.100466,400.7099914550781,,,,,,,90.5,3.770833333,90.5,3.770833333,,,,,,,,,,,,,,,,,,,"Jesse Winker","13590",608385
"Dominic Smith","SFG",25,89,80,19,13,4,0,2,9,10,6,0,19,1,1,0,,1,0,0.242159,0.0726405,0.209462,0.346795,0.307225,0.373164,0.299385,0.680389,0.131005,2.61598,0.287838,0,-0.0900943,9.40369,-1.01917,93.6672,-0.0900943,0.430978,-0.7502695769071579,-1.1785578727722168,0.100463,729.5,,,,,,,79.7,3.188,79.7,3.188,,,,,,,,,,,,,,,,,,,"Dominic Smith","15653",642086
"Jerar Encarnacion","SFG",18,71,65,16,10,3,0,3,8,10,5,0,23,0,0,0,,1,0,0.241617,0.0718738,0.324802,0.221285,0.298245,0.421222,0.311997,0.719467,0.179605,3.59593,0.324721,0,-0.0452742,8.21477,-0.0902753,102.357,-0.0452742,0.296207,0.1505008563399315,-1.523111641407013,0.0969269,444,,,,,,,78.4,4.355555555,78.4,4.355555555,,,,,,,,,,,,,,,,,,,"Jerar Encarnacion","21871",666464
"Matt Mervis","ARI",24,93,84,19,11,4,0,4,10,11,7,0,28,1,1,0,,0,0,0.227864,0.0793267,0.296794,0.267279,0.299198,0.410476,0.308332,0.709673,0.182612,2.75844,0.291255,0,-0.130527,10.5285,-0.394589,95.0517,-0.130527,0.30027,-0.6711333990097046,-1.4479628205299377,0.0952479,580.3599853515625,,,,,,,95.6,3.983333333,95.6,3.983333333,,,,,,,,,,,,,,,,,,,"Matt Mervis","27845",670223
"Nicky Lopez","CHC",23,75,66,15,12,2,1,0,8,5,6,0,11,1,0,1,,1,1,0.229215,0.0856012,0.153332,0.558274,0.302017,0.285416,0.267232,0.587433,0.0562007,5.21497,0.27297,0,-0.133111,5.96285,-2.79798,70.4199,-0.133111,1.0257,-2.7250437140464783,1.2004529535770416,0.0943726,740.9199829101562,,,,,,,49.6,2.156521739,49.6,2.156521739,,,,,,,,,,,,,,,,,,,"Nicky Lopez","19339",670032
"Tyler Freeman","COL",28,101,88,24,18,5,1,1,13,11,8,0,12,4,1,0,,4,1,0.276294,0.0777831,0.114682,0.67825,0.357605,0.387893,0.331037,0.745499,0.1116,6.03524,0.303116,0,0.0915708,13.2874,1.42738,98.9606,0.0915708,-0.876948,-0.03172532469034195,-2.360662519931793,0.0940159,603,,,,,,,116.8,4.171428571,116.8,4.171428571,,,,,,,,,,,,,,,,,,,"Tyler Freeman","22532",671289
"Jared Young","NYM",20,78,69,16,9,3,0,3,9,11,7,0,20,2,1,0,,1,0,0.229983,0.0950308,0.259054,0.366838,0.31759,0.407746,0.318288,0.725336,0.177763,4.82576,0.284332,0,-0.0907462,9.50933,0.299238,107.246,-0.0907462,-0.756318,0.5767725855112076,-2.2859283089637756,0.0882844,750.719970703125,,,,,,,86.4,4.32,86.4,4.32,,,,,,,,,,,,,,,,,,,"Jared Young","20404",676724
"Jake Bauers","MIL",26,77,67,14,8,3,0,3,9,9,9,0,24,1,0,0,,2,0,0.207339,0.121716,0.311737,0.390446,0.307766,0.387844,0.305836,0.69561,0.180505,5.08161,0.270343,0,0.207156,8.57433,-0.482998,96.2236,0.207156,-0.55618,-0.13494792580604553,-1.534075677394867,0.0880304,706.9299926757812,,,,,,,82.1,3.157692307,82.1,3.157692307,,,,,,,,,,,,,,,,,,,"Jake Bauers","15194",641343
"Jorge Barrosa","ARI",19,81,72,16,11,4,0,1,9,8,6,0,17,1,1,1,,2,1,0.224379,0.0770006,0.209822,0.36698,0.29182,0.334868,0.278645,0.626688,0.110488,5.47887,0.275506,0,-0.126174,7.20341,-2.28375,74.855,-0.126174,0.963436,-2.5121527165174484,0.7171819806098938,0.0874068,999,,,,,,,60.6,3.189473684,60.6,3.189473684,,,,,,,,,,,,,,,,,,,"Jorge Barrosa","23968",678489
"Andrew McCutchen","PIT",29,120,104,24,16,5,0,3,13,12,14,0,28,1,1,0,,1,0,0.234152,0.119531,0.234832,0.509007,0.330795,0.374895,0.313305,0.70569,0.140743,2.50372,0.286904,0,-0.200778,14.0632,-0.0260734,98.4169,-0.200778,0.123843,-0.42386047542095184,-2.688846245408058,0.0838892,589.6199951171875,,,,,,,120,4.137931034,120,4.137931034,,,,,,,,,,,,,,,,,,,"Andrew McCutchen","9847",457705
"Luis Matos","SFG",26,102,94,22,14,5,0,3,11,12,6,0,13,1,1,0,,2,0,0.234096,0.0552862,0.126807,0.435986,0.283908,0.37869,0.288863,0.662598,0.144594,4.08969,0.242743,0,0.0383212,9.93012,-2.03822,86.4167,0.0383212,-0.171741,-1.5876696556806564,-0.9339117258787155,0.0838491,570.9000244140625,,,,,,,96.7,3.719230769,96.7,3.719230769,,,,,,,,,,,,,,,,,,,"Luis Matos","26467",682641
"Liover Peguero","PIT",23,95,88,20,14,4,0,2,10,11,5,0,24,1,1,0,,2,1,0.232646,0.0573803,0.24875,0.230675,0.280378,0.36587,0.282587,0.646248,0.133223,5.28706,0.291219,0,0.0484153,8.77543,-2.38286,77.2508,0.0484153,0.0582779,-2.490467883646488,0.1917191855609417,0.0835326,999,,,,,,,73.4,3.191304347,73.4,3.191304347,,,,,,,,,,,,,,,,,,,"Liover Peguero","24273",678894
"Tim Tawa","ARI",28,108,99,22,14,4,0,3,11,11,8,0,28,1,1,0,,2,1,0.219426,0.0715529,0.257215,0.278184,0.278994,0.352907,0.278005,0.6319,0.13348,4.46028,0.27374,0,-0.118769,9.57511,-3.10938,74.4139,-0.118769,0.65731,-3.3648291751742363,0.6278454139828682,0.082239,999,,,,,,,92,3.285714285,92,3.285714285,,,,,,,,,,,,,,,,,,,"Tim Tawa","29571",694374
"Luke Williams","ATL",22,59,54,12,8,3,0,1,7,7,4,0,17,0,0,0,,4,1,0.223053,0.0739713,0.281041,0.263205,0.284848,0.343308,0.277711,0.628157,0.120255,6.66668,0.297688,0,0.30016,5.23776,-1.71956,75.4422,0.30016,0.185209,-1.4087157547473907,0.2680937722325325,0.0821476,999,,,,,,,48.1,2.186363636,48.1,2.186363636,,,,,,,,,,,,,,,,,,,"Luke Williams","19931",663897
"Sean Bouchard","COL",18,64,57,14,8,3,1,2,8,8,6,0,18,1,0,0,,1,1,0.242075,0.0969027,0.281457,0.344289,0.324142,0.425465,0.326001,0.749607,0.18339,5.98459,0.318902,0,-0.126145,8.21719,0.648217,95.4901,-0.126145,-0.214378,-0.46755896508693695,-0.8539485186338425,0.0810891,630.52001953125,,,,,,,74.7,4.15,74.7,4.15,,,,,,,,,,,,,,,,,,,"Sean Bouchard","21270",656248
"Wilmer Flores","SFG",30,111,99,24,16,4,0,3,11,15,9,0,18,2,1,0,,0,0,0.240301,0.0827865,0.164494,0.503279,0.312135,0.383759,0.306323,0.695894,0.143459,1.61341,0.26087,0,-0.153026,12.334,-0.648752,98.4476,-0.153026,0.219398,-0.35461366176605225,-2.5131859183311462,0.0773465,619.8200073242188,,,,,,,108.2,3.606666666,108.2,3.606666666,,,,,,,,,,,,,,,,,,,"Wilmer Flores","5827",527038
"Keston Hiura","COL",18,66,59,15,9,3,0,3,8,10,5,0,20,2,0,0,,0,0,0.25038,0.0720355,0.30824,0.2337,0.325627,0.441772,0.333418,0.7674,0.191392,3.31447,0.330944,0,-0.105063,8.81194,1.06014,100.601,-0.105063,-0.150357,-0.05845741182565689,-1.3633016049861908,0.0760289,749.6099853515625,,,,,,,82.9,4.605555555,82.9,4.605555555,,,,,,,,,,,,,,,,,,,"Keston Hiura","20003",669374
"Vidal Bruján","ATL",22,69,62,14,10,3,1,1,9,6,6,0,14,1,0,0,,3,2,0.227975,0.0820685,0.203144,0.403991,0.297257,0.338835,0.280895,0.636092,0.11086,6.38114,0.276025,0,-0.214083,6.24499,-1.8153,77.6361,-0.214083,-0.271598,-2.017004817724228,0.4851311445236206,0.0735555,693.4500122070312,,,,,,,61.3,2.786363636,61.3,2.786363636,,,,,,,,,,,,,,,,,,,"Vidal Brujan","20536",660644
"Ryan Vilade","CIN",20,80,72,17,12,3,0,1,9,9,6,0,21,1,0,0,,2,1,0.237336,0.0772419,0.258193,0.299163,0.302601,0.344418,0.286714,0.647019,0.107082,4.99022,0.311755,0,-0.13284,7.63241,-1.73378,77.0905,-0.13284,1.26112,-2.27898108959198,0.38178521394729614,0.0734404,999,,,,,,,63.3,3.165,63.3,3.165,,,,,,,,,,,,,,,,,,,"Ryan Vilade","22165",668723
"Tyler Callihan","CIN",17,66,60,14,10,3,0,1,6,7,4,0,19,0,0,1,,2,1,0.231049,0.0674964,0.288613,0.233865,0.287957,0.350932,0.281724,0.638889,0.119884,5.2838,0.314771,0,0.0276971,6.06478,-1.70561,73.6519,0.0276971,0.31096,-2.0200250018388033,0.5541306734085083,0.072028,999,,,,,,,49.5,2.911764705,49.5,2.911764705,,,,,,,,,,,,,,,,,,,"Tyler Callihan","27497",682997
"Nick Solak","PIT",16,62,56,14,10,2,0,1,7,6,5,0,12,1,0,0,,1,0,0.246343,0.0796369,0.186131,0.427854,0.320416,0.355538,0.301543,0.675954,0.109195,4.25089,0.290708,0,-0.0452218,6.68689,-0.604542,90.3123,-0.0452218,0.0689628,-0.7517193146049976,-0.6155831813812256,0.0684341,999,,,,,,,57.5,3.59375,57.5,3.59375,,,,,,,,,,,,,,,,,,,"Nick Solak","19294",669256
"Trey Lipscomb","WSN",21,81,75,18,14,3,0,1,8,7,5,0,16,0,0,0,,2,1,0.242273,0.0589516,0.200694,0.293738,0.290173,0.325623,0.273327,0.615797,0.0833499,4.61318,0.294901,0,-0.068414,6.84498,-2.62728,72.4621,-0.068414,0.362155,-2.677349589765072,0.658585399389267,0.0639915,750.1599731445312,,,,,,,59.9,2.852380952,59.9,2.852380952,,,,,,,,,,,,,,,,,,,"Trey Lipscomb","31567",702358
"Enmanuel Valdez","PIT",23,87,78,18,11,4,0,3,9,10,8,0,19,0,0,0,,1,0,0.22952,0.0954149,0.221356,0.431047,0.304819,0.392051,0.304992,0.69687,0.16253,3.66032,0.27023,0,-0.129234,9.60457,-0.603721,92.689,-0.129234,-0.14957,-0.8756965845823288,-1.3535002321004868,0.0634614,999,,,,,,,88.5,3.847826086,88.5,3.847826086,,,,,,,,,,,,,,,,,,,"Enmanuel Valdez","21716",665839
"Alexander Canario","PIT",23,84,76,16,10,3,0,3,10,10,7,0,27,0,0,0,,1,1,0.215173,0.0836954,0.320534,0.261113,0.284354,0.389885,0.294708,0.67424,0.174712,4.52288,0.284434,0,-0.11796,8.59172,-1.28402,85.6026,-0.11796,-0.127121,-1.5400690361857414,-0.6211377084255219,0.0609183,747.030029296875,,,,,,,70.6,3.069565217,70.6,3.069565217,,,,,,,,,,,,,,,,,,,"Alexander Canario","22842",672744
"Jose Herrera","ARI",19,66,57,12,9,2,0,1,7,6,6,0,15,0,1,2,,0,0,0.211558,0.0977611,0.221272,0.441815,0.292566,0.280804,0.261549,0.573371,0.0692464,2.3836,0.271799,0,-0.171067,5.0056,-2.79782,63.0755,-0.171067,0.0684434,-3.0529687106609344,1.4562906697392464,0.0595397,750.510009765625,,,,,,,43.4,2.284210526,43.4,2.284210526,,,,,,,,,,,,,,,,,,,"Jose Herrera","17040",645444
"Justin Dean","LAD",19,70,62,13,10,2,0,1,9,6,6,0,24,1,0,0,,4,1,0.204871,0.0908539,0.339484,0.267623,0.288869,0.286294,0.262401,0.575163,0.0814231,7.15446,0.313933,0,0.371404,5.35054,-2.91502,65.3306,0.371404,1.54055,-2.494742214679718,0.7645478248596191,0.0590641,999,,,,,,,51.8,2.726315789,51.8,2.726315789,,,,,,,,,,,,,,,,,,,"Justin Dean","25005",681909
"Weston Wilson","PHI",23,79,71,16,10,3,0,3,10,10,8,0,23,0,0,0,,2,1,0.223887,0.0968806,0.289513,0.334633,0.301235,0.404516,0.307812,0.705751,0.180629,4.84618,0.280945,0,0.062657,8.93576,-0.369509,94.5197,0.062657,-0.91867,-0.44738902896642685,-1.636098325252533,0.0525589,750.510009765625,,,,,,,80.5,3.5,80.5,3.5,,,,,,,,,,,,,,,,,,,"Weston Wilson","19358",642215
"Garrett Hampson","STL",25,60,53,12,9,2,0,0,8,4,5,0,15,0,0,1,,2,1,0.220103,0.0822291,0.253588,0.324263,0.288246,0.297426,0.26379,0.585672,0.0773233,6.66014,0.29952,0,0.0549948,4.6006,-2.40282,68.0014,0.0549948,0.773491,-2.186415910720825,0.7443608716130257,0.0525045,747.989990234375,,,,,,,36,1.44,36,1.44,,,,,,,,,,,,,,,,,,,"Garrett Hampson","19262",641658
"Daylen Lile","WSN",29,117,106,25,17,5,2,1,13,11,8,0,24,2,1,0,,3,1,0.239189,0.0715193,0.201809,0.35439,0.302692,0.364981,0.29368,0.667673,0.125792,6.73705,0.292668,0,-0.0919743,11.8483,-1.88257,86.4856,-0.0919743,-0.225967,-1.9479539319872856,-1.4472419768571854,0.0446032,999,,,,,,,102.2,3.524137931,102.2,3.524137931,,,,,,,,,,,,,,,,,,,"Daylen Lile","29995",695734
"Gavin Sheets","SDP",34,121,110,26,17,5,0,4,11,16,10,0,26,1,1,0,,0,0,0.238818,0.078846,0.211691,0.372458,0.302591,0.404039,0.307495,0.706631,0.165221,1.97277,0.272219,0,-0.211245,13.6348,-0.596215,99.7754,-0.211245,-0.88737,-0.2432183064520359,-3.3106942176818848,0.0426289,557.0700073242188,,,,,,,120.7,3.55,120.7,3.55,,,,,,,,,,,,,,,,,,,"Gavin Sheets","19901",657757
"Ben Rortvedt","LAD",18,56,49,10,7,2,0,1,5,6,5,0,15,1,0,0,,0,0,0.194836,0.0920383,0.264382,0.348126,0.277432,0.290786,0.258156,0.568218,0.0959507,2.11808,0.254754,0,-0.0506007,4.03664,-2.49435,61.9012,-0.0506007,-0.0833176,-2.539764106273651,1.0038373619318008,0.0392915,699.25,,,,,,,40.2,2.233333333,40.2,2.233333333,,,,,,,,,,,,,,,,,,,"Ben Rortvedt","20287",666163
"Ronny Simon","PIT",22,90,81,19,14,4,0,1,10,9,7,0,18,1,1,1,,2,1,0.238886,0.0746801,0.19607,0.380885,0.29989,0.352563,0.288419,0.652452,0.113677,5.22598,0.285903,0,-0.0809202,8.72528,-1.82979,81.2695,-0.0809202,-0.836493,-2.0583005622029305,-0.5061776638031006,0.0389553,999,,,,,,,71.4,3.245454545,71.4,3.245454545,,,,,,,,,,,,,,,,,,,"Ronny Simon","25346",682927
"Nasim Nuñez","WSN",24,87,76,16,14,2,0,0,10,6,9,0,19,0,0,1,,6,1,0.213766,0.10527,0.223785,0.470407,0.299273,0.260177,0.258785,0.55945,0.046411,6.27023,0.280735,0,0.482372,6.33408,-3.84255,62.442,0.482372,0.310572,-3.340470939874649,0.8500523567199707,0.0357214,744.4199829101562,,,,,,,55,2.291666666,55,2.291666666,,,,,,,,,,,,,,,,,,,"Nasim Nunez","25979",683083
"José Fermín","STL",17,54,47,11,8,2,0,1,6,6,5,0,6,1,0,1,,1,0,0.234568,0.0904053,0.116313,0.777262,0.31708,0.34537,0.296836,0.662451,0.110802,5.06954,0.25194,0,-0.00607896,5.58203,-0.727884,90.7709,-0.00607896,-0.596322,-0.5885322731919587,-0.8942582607269287,0.0284525,750.719970703125,,,,,,,49.7,2.923529411,49.7,2.923529411,,,,,,,,,,,,,,,,,,,"Jose Fermin","21746",665877
"Jordan Walker","STL",32,126,115,28,18,5,1,3,12,15,9,0,32,1,1,0,,2,1,0.239139,0.0697575,0.253936,0.274705,0.29906,0.383831,0.299316,0.68289,0.144692,4.01112,0.3006,0,-0.2098,13.3394,-1.45353,92.4803,-0.2098,-1.22607,-1.322388157248497,-2.531933546066284,0.0278676,295.69000244140625,,,,,,,121.2,3.7875,121.2,3.7875,,,,,,,,,,,,,,,,,,,"Jordan Walker","27475",691023
"Enrique Hernández","LAD",27,89,81,18,11,4,0,3,11,10,7,0,19,0,1,0,,0,0,0.216639,0.078769,0.216448,0.363917,0.281591,0.362599,0.283356,0.64419,0.14596,2.9102,0.250925,0,-0.156276,8.30482,-2.18445,79.7694,-0.156276,0.213409,-2.278701037168503,-0.37720486521720886,0.0276788,556.4500122070312,,,,,,,80.6,2.985185185,80.6,2.985185185,,,,,,,,,,,,,,,,,,,"Enrique Hernandez","10472",571771
"Otto Kemp","PHI",26,102,90,20,13,4,1,2,12,12,7,0,27,4,1,0,,2,1,0.220803,0.0691066,0.269824,0.256117,0.304891,0.350033,0.291322,0.654924,0.12923,6.08024,0.292786,0,-0.303645,10.1009,-1.82959,83.1574,-0.303645,-0.118179,-2.313423126935959,-0.7458587661385536,0.0275329,999,,,,,,,92.1,3.542307692,92.1,3.542307692,,,,,,,,,,,,,,,,,,,"Otto Kemp","31792",805249
"Michael Siani","STL",23,76,67,14,11,2,0,1,9,6,7,0,19,0,0,1,,3,1,0.209126,0.0873577,0.253069,0.345193,0.283108,0.28763,0.258601,0.570737,0.0785035,6.4493,0.278225,0,0.162134,5.52114,-3.36753,64.4257,0.162134,0.660822,-3.0005288422107697,0.7819700464606285,0.0267497,674.9600219726562,,,,,,,50.5,2.195652173,50.5,2.195652173,,,,,,,,,,,,,,,,,,,"Michael Siani","22557",672279
"Elias Díaz","SDP",27,89,82,18,12,3,0,2,8,9,6,0,21,0,0,0,,0,0,0.216118,0.0688694,0.23529,0.2927,0.273435,0.328179,0.266084,0.601614,0.112061,1.33812,0.26614,0,-0.123405,7.06178,-3.43563,71.2418,-0.123405,-0.975442,-3.1428287103772163,0.4686332941055298,0.0260334,481.6700134277344,,,,,,,64.3,2.381481481,64.3,2.381481481,,,,,,,,,,,,,,,,,,,"Elias Diaz","11680",553869
"Nick Castellanos","PHI",38,155,144,37,24,7,0,5,18,20,8,0,35,1,1,0,,1,0,0.257149,0.0548001,0.227098,0.241306,0.302508,0.424575,0.313839,0.727084,0.167426,4.20855,0.30377,0,0.00647504,18.2088,0.0332215,98.6727,0.00647504,-2.86707,-0.2348099290393293,-4.622395396232605,0.021757,172.5399932861328,,,,,,,159.4,4.194736842,159.4,4.194736842,,,,,,,,,,,,,,,,,,,"Nick Castellanos","11737",592206
"Aaron Schunk","COL",20,76,72,17,12,4,0,1,8,8,4,0,19,0,0,0,,1,1,0.241509,0.0493824,0.251792,0.196124,0.282487,0.360075,0.279163,0.642562,0.118566,4.43315,0.310319,0,-0.24154,6.84143,-2.12681,63.217,-0.24154,0.926454,-3.5409296303987503,1.2355567812919617,0.0201114,999,,,,,,,55.3,2.765,55.3,2.765,,,,,,,,,,,,,,,,,,,"Aaron Schunk","25524",668845
"Connor Kaiser","ARI",15,56,49,9,6,2,0,1,6,5,6,0,20,1,0,0,,1,0,0.184725,0.0989856,0.350596,0.282336,0.274428,0.275015,0.250152,0.549442,0.0902901,5.52669,0.289544,0,0.0140978,3.6992,-2.8723,55.2222,0.0140978,0.645058,-2.929010015912354,1.2620136737823486,0.0170244,999,,,,,,,39.5,2.633333333,39.5,2.633333333,,,,,,,,,,,,,,,,,,,"Connor Kaiser","21535",663731
"Matt Gorski","LAD",19,73,68,15,9,3,1,3,9,10,4,0,23,0,0,0,,2,1,0.223724,0.0565221,0.313368,0.18037,0.269822,0.412055,0.293567,0.681877,0.188331,6.0805,0.290454,0,-0.106715,7.35036,-1.17556,84.8164,-0.106715,-0.100405,-1.401490531861782,-0.9669703096151352,0.000959447,999,,,,,,,71.6,3.768421052,71.6,3.768421052,,,,,,,,,,,,,,,,,,,"Matt Gorski","25855",685301
"Sandy León","ATL",13,39,34,6,4,1,0,1,2,3,4,0,14,0,0,0,,0,0,0.170128,0.109201,0.347456,0.314286,0.267978,0.252762,0.241876,0.52074,0.0826337,0.723998,0.257546,0,-0.0581767,2.31925,-2.26533,50.7507,-0.0581767,0.26241,-2.3164615519344807,0.9797714948654175,-0.0059674,999,,,,,,,23.9,1.838461538,23.9,1.838461538,,,,,,,,,,,,,,,,,,,"Sandy Leon","5273",506702
"Hayden Senger","NYM",15,50,46,9,6,2,0,0,5,4,3,0,17,1,0,0,,0,0,0.197575,0.0600611,0.3293,0.18239,0.26359,0.283093,0.246862,0.546684,0.0855177,3.25857,0.296274,0,-0.102506,3.19633,-2.72013,58.0307,-0.102506,0.0981173,-2.586052790284157,0.8592107519507408,-0.00788878,999,,,,,,,22.2,1.48,22.2,1.48,,,,,,,,,,,,,,,,,,,"Hayden Senger","21489",663584
"Tristin English","ARI",18,74,68,16,11,3,0,2,8,9,4,0,19,1,0,0,,0,0,0.230573,0.0574203,0.253118,0.226852,0.288273,0.34703,0.28119,0.635303,0.116457,2.95859,0.292972,0,-0.176757,6.77291,-1.94586,76.6087,-0.176757,1.00864,-2.216561198234558,-0.35560429096221924,-0.0144409,999,,,,,,,64.1,3.561111111,64.1,3.561111111,,,,,,,,,,,,,,,,,,,"Tristin English","26148",663536
"Orlando Arcia","COL",30,104,96,22,15,4,0,3,10,11,7,0,20,0,1,0,,0,0,0.232302,0.0680279,0.191048,0.356077,0.286997,0.365089,0.28586,0.652086,0.132787,2.47826,0.263544,0,-0.0844484,9.90528,-2.3385,67.8316,-0.0844484,0.170207,-4.023803763091564,0.41851286590099335,-0.01958,462.8599853515625,,,,,,,88,2.933333333,88,2.933333333,,,,,,,,,,,,,,,,,,,"Orlando Arcia","13185",606115
"Rece Hinds","CIN",20,79,73,15,8,3,1,3,9,10,5,0,32,1,0,0,,2,1,0.207412,0.05829,0.402312,0.144888,0.260461,0.391712,0.281283,0.652172,0.1843,6.67669,0.314309,0,0.0664641,7.17704,-2.05433,73.3484,0.0664641,0.342403,-2.3942917436361313,-0.40515440702438354,-0.0231025,743.4600219726562,,,,,,,72.6,3.63,72.6,3.63,,,,,,,,,,,,,,,,,,,"Rece Hinds","27493",677956
"Zac Veen","COL",16,65,58,13,9,2,0,2,7,7,5,0,18,1,0,0,,4,1,0.225906,0.0821421,0.271276,0.302799,0.296073,0.367001,0.292343,0.663074,0.141095,6.87584,0.293634,0,0.301164,6.4947,-1.11313,72.2988,0.301164,-0.0249486,-1.8066832721233368,-0.620883883908391,-0.0314136,999,,,,,,,62.2,3.8875,62.2,3.8875,,,,,,,,,,,,,,,,,,,"Zac Veen","27770",691728
"Sam Hilliard","COL",22,73,65,14,8,3,1,3,10,8,7,0,25,0,0,0,,2,1,0.21781,0.101336,0.335143,0.302368,0.298018,0.402112,0.304931,0.700129,0.184301,6.45788,0.300549,0,0.0240128,8.09009,-0.512371,80.9725,0.0240128,-0.483491,-1.6131161749362946,-1.106509655714035,-0.0329201,697.47998046875,,,,,,,78,3.545454545,78,3.545454545,,,,,,,,,,,,,,,,,,,"Sam Hilliard","17954",656541
"Tyler Wade","SDP",28,69,61,13,11,2,0,0,9,5,6,0,16,1,0,1,,3,1,0.221731,0.089766,0.228613,0.392655,0.299071,0.288348,0.267488,0.587419,0.0666175,6.73361,0.290207,0,0.0998296,5.54901,-2.58272,72.2089,0.0998296,-0.335178,-2.1604808419942856,-0.48926083743572235,-0.039227,999,,,,,,,41.5,1.482142857,41.5,1.482142857,,,,,,,,,,,,,,,,,,,"Tyler Wade","15730",642180
"Austin Nola","COL",14,44,39,8,6,1,0,1,4,3,3,0,9,1,0,1,,0,0,0.216821,0.0759813,0.19924,0.381356,0.288918,0.304784,0.267987,0.593701,0.0879629,1.31799,0.262511,0,-0.067677,3.55508,-1.62855,55.516,-0.067677,-0.191228,-2.3739826381206512,0.48518557846546173,-0.045519,999,,,,,,,30.1,2.15,30.1,2.15,,,,,,,,,,,,,,,,,,,"Austin Nola","15941",543592
"Robert Hassell III","WSN",22,90,83,19,14,3,0,1,9,8,6,0,23,0,0,0,,2,1,0.228282,0.0683895,0.259117,0.263933,0.284203,0.319668,0.268074,0.60387,0.0913852,4.7765,0.301122,0,-0.0176908,7.23873,-3.30674,68.8424,-0.0176908,-0.241304,-3.3040033746510744,-0.18992019444704056,-0.0567935,714.8499755859375,,,,,,,60.5,2.75,60.5,2.75,,,,,,,,,,,,,,,,,,,"Robert Hassell III","27482",690987
"Aramis Garcia","ARI",12,41,38,7,5,1,0,1,3,4,1,0,15,1,0,0,,0,0,0.191739,0.0313125,0.372548,0.0840497,0.231837,0.287609,0.230137,0.519446,0.0958696,3.46755,0.290148,0,-0.0175137,2.03379,-2.75183,41.431,-0.0175137,0.138631,-2.820914203301072,0.8874498307704926,-0.0615095,999,,,,,,,19.5,1.625,19.5,1.625,,,,,,,,,,,,,,,,,,,"Aramis Garcia","16925",605244
"Andrew Knizner","SFG",16,47,43,9,6,1,0,1,5,4,3,0,10,1,0,0,,0,0,0.20252,0.0580592,0.221436,0.262194,0.259069,0.302568,0.250757,0.561637,0.100049,2.83966,0.241968,0,-0.0313898,3.11892,-2.38096,60.1604,-0.0313898,-0.841341,-2.2229212038218975,-0.007114768028259277,-0.0715116,999,,,,,,,31.7,1.98125,31.7,1.98125,,,,,,,,,,,,,,,,,,,"Andrew Knizner","19514",668800
"Adael Amador","COL",23,95,84,19,14,3,0,2,10,10,9,0,18,1,0,1,,3,1,0.230399,0.0968952,0.189701,0.510779,0.311908,0.338738,0.291777,0.650646,0.108339,4.71767,0.272029,0,-0.0939407,9.4568,-1.67171,71.9084,-0.0939407,-0.984915,-3.2206880897283554,-0.68190798163414,-0.0820699,698.22998046875,,,,,,,82.8,3.6,82.8,3.6,,,,,,,,,,,,,,,,,,,"Adael Amador","27962",691182
"Kyle Farmer","COL",29,92,84,20,14,4,0,2,9,10,5,0,19,2,0,0,,0,1,0.243191,0.0572557,0.201042,0.284795,0.302614,0.374071,0.297346,0.676686,0.130881,2.85533,0.287619,0,-0.356086,9.6125,-1.21038,75.7461,-0.356086,-0.216965,-2.9815390706062317,-0.8825248926877975,-0.0868677,610.9099731445312,,,,,,,76.6,2.64137931,76.6,2.64137931,,,,,,,,,,,,,,,,,,,"Kyle Farmer","14813",571657
"Adrian Del Castillo","ARI",21,86,78,18,11,4,0,2,9,11,7,0,23,1,1,0,,0,0,0.232506,0.0783333,0.260664,0.300515,0.297734,0.379304,0.29562,0.677038,0.146797,2.96524,0.295636,0,-0.155452,8.89567,-1.25614,86.5514,-0.155452,-0.766164,-1.520981177687645,-2.2251452803611755,-0.0939776,512.0800170898438,,,,,,,77.2,3.676190476,77.2,3.676190476,,,,,,,,,,,,,,,,,,,"Adrian Del Castillo","29554",680728
"Kris Bryant","COL",14,56,49,11,8,3,0,1,6,5,5,0,14,1,0,0,,0,0,0.230932,0.0869811,0.2494,0.348762,0.312488,0.362288,0.299321,0.674776,0.131356,2.46458,0.292595,0,-0.0548569,5.87997,-0.640495,77.1065,-0.0548569,0,-1.5478932708501816,-1.3367564678192139,-0.109517,539.75,,,,,,,48.7,3.478571428,48.7,3.478571428,,,,,,,,,,,,,,,,,,,"Kris Bryant","15429",592178
"Eric Wagaman","MIA",33,128,118,28,18,7,1,3,13,13,9,0,26,0,1,0,,1,0,0.23998,0.0686543,0.201192,0.341238,0.293003,0.373878,0.291731,0.66688,0.133898,4.07616,0.283275,0,-0.128619,12.7788,-2.26449,83.613,-0.128619,-0.865992,-2.5942054837942123,-3.030775785446167,-0.146845,743.5900268554688,,,,,,,121.9,3.693939393,121.9,3.693939393,,,,,,,,,,,,,,,,,,,"Eric Wagaman","23395",676572
"Anthony Seigler","MIL",21,75,64,13,8,3,0,1,8,7,9,0,17,1,1,0,,2,1,0.195006,0.121423,0.229332,0.529464,0.298395,0.304875,0.274091,0.60327,0.109869,4.66935,0.241525,0,0.164642,6.39313,-2.38985,74.3503,0.164642,-1.97326,-2.0885804146528244,-1.9359598718583584,-0.161791,999,,,,,,,57.9,2.757142857,57.9,2.757142857,,,,,,,,,,,,,,,,,,,"Anthony Seigler","23802",678011
"Jack Winkler","MIA",21,82,75,15,10,3,0,1,8,8,5,0,21,1,0,0,,2,1,0.202873,0.0659068,0.251462,0.262094,0.267065,0.299422,0.253139,0.566487,0.096549,5.15654,0.262293,0,0.071415,5.62568,-4.01561,57.021,0.071415,-0.383256,-4.073072895407677,-0.24035164713859558,-0.166877,999,,,,,,,46.1,2.195238095,46.1,2.195238095,,,,,,,,,,,,,,,,,,,"Jack Winkler","29830",676466
"Yanquiel Fernández","COL",24,94,88,22,15,4,0,2,9,10,5,0,22,0,1,0,,0,0,0.245715,0.0498828,0.237142,0.210349,0.285909,0.377567,0.287764,0.663476,0.131851,2.83197,0.302351,0,-0.0963837,9.03004,-1.95376,69.1432,-0.0963837,0.0377406,-3.4862534180283546,-1.3617120869457722,-0.183325,747.9000244140625,,,,,,,80.6,3.358333333,80.6,3.358333333,,,,,,,,,,,,,,,,,,,"Yanquiel Fernandez","28552",692585
"Michael Toglia","COL",32,132,118,25,14,5,1,5,14,16,13,0,43,1,1,0,,2,0,0.215994,0.0953648,0.324331,0.294036,0.293108,0.407187,0.303979,0.700295,0.191193,4.3255,0.2844,0,-0.0776257,14.4506,-1.0232,80.3163,-0.0776257,-0.88989,-3.124006226658821,-3.2792710065841675,-0.214458,182.07000732421875,,,,,,,135,4.21875,135,4.21875,,,,,,,,,,,,,,,,,,,"Michael Toglia","25845",669911
"Warming Bernabel","COL",21,88,84,21,15,4,0,2,9,10,3,0,15,1,1,0,,1,1,0.25538,0.0293977,0.16687,0.176171,0.282762,0.369554,0.283974,0.652316,0.114174,3.96572,0.290172,0,-0.176247,8.19986,-2.10141,66.5317,-0.176247,-0.0391344,-3.6245336681604385,-1.4672064147889614,-0.227919,999,,,,,,,75.1,3.576190476,75.1,3.576190476,,,,,,,,,,,,,,,,,,,"Warming Bernabel","26536",682653