Name,Team,G,PA,AB,H,1B,2B,3B,HR,R,RBI,BB,IBB,SO,HBP,SF,SH,GDP,SB,CS,AVG,BB%,K%,BB/K,OBP,SLG,wOBA,OPS,ISO,Spd,BABIP,UBR,wSB,wRC,wRAA,wRC+,BsR,Fld,Off,Def,WAR,ADP,InterSD,InterSK,IntraSD,Vol,Skew,Dim,FPTS,FPTS/G,SPTS,SPTS/G,P10,P20,P30,P40,P50,P60,P70,P80,P90,TT10,TT20,TT30,TT40,TT50,TT60,TT70,TT80,TT90,NameASCII,PlayerId,MLBAMID
"Shohei Ohtani","LAD",38,165,141,41,21,7,2,12,32,30,21,3,40,1,1,0,,8,1,0.287822,0.130171,0.244809,0.531724,0.383844,0.607122,0.412169,0.990965,0.3193,7.53845,0.321771,0,0.832985,32.4888,13.1443,168.527,0.832985,0,14.091674447059631,-4.11898136138916,1.57859,1.5499999523162842,,,,,,,311.5,8.197368421,311.5,8.197368421,,,,,,,,,,,,,,,,,,,"Shohei Ohtani","19755",660271
"Fernando Tatis Jr.","SDP",40,172,151,41,24,8,0,8,27,22,18,1,35,2,1,0,,6,1,0.271358,0.107099,0.203679,0.525824,0.355762,0.48751,0.362459,0.843272,0.216151,5.73607,0.304363,0,0.469182,26.974,6.79753,137.648,0.469182,2.90842,8.066683024168015,1.0165950059890747,1.51106,11.619999885559082,,,,,,,245.6,6.14,245.6,6.14,,,,,,,,,,,,,,,,,,,"Fernando Tatis Jr.","19709",665487
"Ronald Acuña Jr.","ATL",36,156,132,39,24,7,1,8,30,21,22,1,32,2,1,0,,8,2,0.296833,0.13822,0.205625,0.672192,0.401531,0.537646,0.402358,0.939177,0.240813,6.53104,0.338001,0,0.610834,29.5045,11.2,161.33,0.610834,-0.833319,11.838943421840668,-2.604924261569977,1.47292,37.599998474121094,,,,,,,269.2,7.477777777,269.2,7.477777777,,,,,,,,,,,,,,,,,,,"Ronald Acuna Jr.","18401",660670
"Juan Soto","NYM",40,172,137,36,21,6,0,9,28,25,33,3,30,1,1,0,,3,1,0.2669,0.193294,0.173451,1.1144,0.410197,0.511048,0.394659,0.921245,0.244148,4.28702,0.278521,0,0.0227456,31.4514,11.2749,159.869,0.0227456,-1.42834,12.1044564191252,-3.39608371257782,1.47255,7.079999923706055,,,,,,,271.5,6.7875,271.5,6.7875,,,,,,,,,,,,,,,,,,,"Juan Soto","20123",665742
"Francisco Lindor","NYM",40,174,154,39,24,8,0,7,26,23,15,1,33,3,1,0,,6,1,0.255982,0.0865264,0.189249,0.457208,0.331697,0.447993,0.337486,0.77969,0.192011,5.87459,0.281024,0,0.509598,23.7437,3.35924,120.474,0.509598,1.48867,4.683945119380951,3.285587787628174,1.40262,14.149999618530273,,,,,,,216,5.4,216,5.4,,,,,,,,,,,,,,,,,,,"Francisco Lindor","12916",596019
"Ketel Marte","ARI",37,161,140,39,23,8,1,7,24,23,18,1,27,2,1,0,,1,0,0.279604,0.113446,0.166707,0.680511,0.367288,0.50446,0.373114,0.871748,0.224856,3.87534,0.297314,0,-0.19134,26.6167,7.74408,139.948,-0.19134,0.00130835,7.349379509687424,0.18032067723106593,1.31413,30.65999984741211,,,,,,,235,6.351351351,235,6.351351351,,,,,,,,,,,,,,,,,,,"Ketel Marte","13613",606466
"Trea Turner","PHI",39,170,156,44,30,8,1,5,25,19,12,0,31,1,1,0,,7,1,0.283998,0.0681672,0.184355,0.369761,0.337064,0.444723,0.338889,0.781787,0.160725,6.2003,0.325365,0,0.574707,23.4523,3.48381,115.933,0.574707,1.3237,3.7569318413734436,3.145917296409607,1.28113,24.110000610351562,,,,,,,215.8,5.533333333,215.8,5.533333333,,,,,,,,,,,,,,,,,,,"Trea Turner","16252",607208
"Elly De La Cruz","CIN",39,169,151,41,25,8,2,6,27,23,16,1,47,1,1,0,,12,3,0.270329,0.0961901,0.277532,0.346591,0.343216,0.474546,0.350345,0.817762,0.204218,7.93352,0.349102,0,1.04526,24.9271,5.03979,120.935,1.04526,-0.241,5.209468364715576,1.5738148242235184,1.26652,4.300000190734863,,,,,,,235,6.025641025,235,6.025641025,,,,,,,,,,,,,,,,,,,"Elly De La Cruz","26668",682829
"Pete Crow-Armstrong","CHC",38,163,150,38,22,8,2,7,24,24,8,0,41,2,1,2,,10,2,0.253288,0.048768,0.253716,0.192215,0.298128,0.461487,0.32441,0.759616,0.2082,8.33256,0.304829,0,1.00783,20.6092,1.43211,109.818,1.00783,3.43724,2.8909592628479004,4.020571768283844,1.25935,127.38999938964844,,,,,,,206.6,5.436842105,206.6,5.436842105,,,,,,,,,,,,,,,,,,,"Pete Crow-Armstrong","27769",691718
"Kyle Tucker","CHC",40,174,149,39,24,8,1,7,25,23,24,2,26,1,1,0,,7,1,0.263089,0.136732,0.151789,0.900799,0.365014,0.468136,0.358654,0.833149,0.205046,6.02183,0.276351,0,0.759423,26.8106,6.35511,133.414,0.759423,0.687852,7.5956225991249084,-1.2825183272361755,1.2345,8.710000038146973,,,,,,,249.6,6.24,249.6,6.24,,,,,,,,,,,,,,,,,,,"Kyle Tucker","18345",663656
"Will Smith","LAD",34,133,114,31,19,6,0,5,19,18,16,1,25,2,1,0,,1,1,0.271096,0.119343,0.185508,0.643327,0.369351,0.464179,0.361441,0.83353,0.193083,3.12463,0.303231,0,-0.341616,20.8099,5.162,133.574,-0.341616,0.308084,4.912910312414169,2.67444184422493,1.22767,107.08000183105469,,,,,,,177.1,5.208823529,177.1,5.208823529,,,,,,,,,,,,,,,,,,,"Will Smith","19197",669257
"Matt Chapman","SFG",40,172,149,36,20,8,1,7,23,20,20,0,44,2,1,0,,3,1,0.238034,0.115192,0.256253,0.449523,0.33376,0.436415,0.335776,0.770175,0.198381,4.72137,0.289099,0,-0.0413536,23.2637,3.08718,118.742,-0.0413536,1.95425,3.7407599315047264,2.5679829716682434,1.22606,125.16999816894531,,,,,,,216.2,5.405,216.2,5.405,,,,,,,,,,,,,,,,,,,"Matt Chapman","16505",656305
"Manny Machado","SDP",40,174,158,43,27,9,0,7,22,26,14,1,32,1,1,0,,3,1,0.275408,0.0812603,0.185222,0.438719,0.334585,0.466735,0.343585,0.80132,0.191327,3.92021,0.304036,0,0.0480384,24.6006,4.2161,124.643,0.0480384,0.0256954,5.072358071804047,0.24081885255873203,1.12975,37.45000076293945,,,,,,,222.6,5.565,222.6,5.565,,,,,,,,,,,,,,,,,,,"Manny Machado","11493",592518
"Nico Hoerner","CHC",39,171,156,44,33,8,1,2,22,16,11,0,16,3,1,0,,8,1,0.281555,0.0627925,0.0964952,0.650732,0.336368,0.382162,0.316403,0.718531,0.100607,6.2278,0.30196,0,0.732359,20.4199,0.390494,104.301,0.732359,2.91902,1.5939223766326904,3.541241705417633,1.10129,203.32000732421875,,,,,,,192.5,4.935897435,192.5,4.935897435,,,,,,,,,,,,,,,,,,,"Nico Hoerner","21479",663538
"Mookie Betts","LAD",39,167,145,39,25,7,0,6,26,22,19,1,21,1,1,0,,3,1,0.267326,0.113658,0.125632,0.904689,0.354782,0.445691,0.347766,0.800472,0.178365,5.07604,0.275591,0,0.0520659,24.1599,4.60741,124.151,0.0520659,-1.29008,4.775087848305702,0.4309123754501343,1.09491,13.65999984741211,,,,,,,213,5.461538461,213,5.461538461,,,,,,,,,,,,,,,,,,,"Mookie Betts","13611",605141
"Bryce Harper","PHI",40,172,147,41,22,11,0,8,24,24,22,3,38,2,1,0,,3,1,0.274972,0.126308,0.219131,0.576402,0.371621,0.504383,0.373135,0.876004,0.229411,3.62798,0.31925,0,0.0274975,28.4586,8.28205,139.53,0.0274975,-0.0555006,8.00482483766973,-3.1368278190493584,1.07806,22.260000228881836,,,,,,,264.6,6.615,264.6,6.615,,,,,,,,,,,,,,,,,,,"Bryce Harper","11579",547180
"William Contreras","MIL",39,158,137,37,24,7,0,5,21,20,19,1,31,1,1,0,,2,1,0.267797,0.119585,0.19813,0.603568,0.357086,0.429944,0.34332,0.787029,0.162147,3.46394,0.311958,0,-0.175607,22.3381,3.80026,122.052,-0.175607,0.0939881,3.913026303052902,1.3189880475401878,1.06851,24.790000915527344,,,,,,,198.5,5.089743589,198.5,5.089743589,,,,,,,,,,,,,,,,,,,"William Contreras","20503",661388
"Corbin Carroll","ARI",38,164,144,37,20,7,3,7,27,22,16,0,36,3,1,0,,7,1,0.255751,0.0966229,0.218567,0.442074,0.338424,0.491725,0.355543,0.830149,0.235974,8.26014,0.293789,0,0.609138,24.8547,5.57613,127.841,0.609138,0.749545,5.97752845287323,-0.9850226044654846,1.06513,7.889999866485596,,,,,,,233.9,6.155263157,233.9,6.155263157,,,,,,,,,,,,,,,,,,,"Corbin Carroll","25878",682998
"Freddie Freeman","LAD",39,170,149,44,28,10,0,6,24,24,18,2,31,2,1,0,,2,1,0.29778,0.106393,0.183977,0.578295,0.378984,0.487048,0.371078,0.866032,0.189269,4.17043,0.341329,0,-0.119412,27.8821,7.91356,140.214,-0.119412,-0.32437,7.912214107811451,-3.3867151141166687,1.03692,26.920000076293945,,,,,,,243.8,6.251282051,243.8,6.251282051,,,,,,,,,,,,,,,,,,,"Freddie Freeman","5361",518692
"Geraldo Perdomo","ARI",37,161,135,36,25,7,1,3,23,19,20,0,22,2,2,3,,5,1,0.265999,0.123486,0.136275,0.906154,0.363179,0.398497,0.337665,0.761676,0.132498,5.59582,0.293791,0,0.166896,22.0061,3.13341,115.522,0.166896,-0.032243,3.096939980983734,1.6899792030453682,1.03238,430.2699890136719,,,,,,,193.5,5.229729729,193.5,5.229729729,,,,,,,,,,,,,,,,,,,"Geraldo Perdomo","22799",672695
"Jackson Merrill","SDP",39,167,153,42,28,7,2,5,20,23,10,1,30,1,1,1,,3,1,0.275066,0.0621166,0.180636,0.343878,0.320652,0.446652,0.329714,0.767304,0.171586,5.1651,0.308693,0,-0.113066,21.7274,2.17493,115.086,-0.113066,1.29601,2.8370920792222023,1.738911509513855,1.03019,27.280000686645508,,,,,,,196.8,5.046153846,196.8,5.046153846,,,,,,,,,,,,,,,,,,,"Jackson Merrill","29490",701538
"Xander Bogaerts","SDP",38,163,146,39,27,8,0,4,19,16,14,1,28,1,1,0,,4,0,0.264493,0.0873381,0.174575,0.500291,0.33124,0.395833,0.31836,0.727073,0.131341,4.6018,0.302992,0,0.390821,19.7677,0.631202,107.262,0.390821,1.26027,1.7807577252388,2.8167542219161987,1.02049,155.3699951171875,,,,,,,185.8,4.889473684,185.8,4.889473684,,,,,,,,,,,,,,,,,,,"Xander Bogaerts","12161",593428
"Willy Adames","SFG",39,168,149,36,21,8,0,6,22,21,17,0,41,1,1,0,,3,1,0.240547,0.100873,0.241754,0.417256,0.318353,0.422605,0.321863,0.740958,0.182058,4.49553,0.286532,0,-0.0268761,20.8894,1.12887,109.155,-0.0268761,0.713044,1.7826063428074121,2.516284763813019,1.00769,91.93000030517578,,,,,,,189.1,4.848717948,189.1,4.848717948,,,,,,,,,,,,,,,,,,,"Willy Adames","15986",642715
"Dansby Swanson","CHC",40,174,158,39,26,7,1,6,23,20,14,0,44,1,1,0,,4,1,0.248485,0.0806165,0.254748,0.316456,0.310562,0.40721,0.312497,0.717772,0.158725,5.30987,0.307844,0,0.0864702,20.3038,-0.151767,101.61,0.0864702,1.79802,0.4157959446310997,3.6646881103515625,1.00516,170.38999938964844,,,,,,,192.6,4.815,192.6,4.815,,,,,,,,,,,,,,,,,,,"Dansby Swanson","18314",621020
"Masyn Winn","STL",38,166,152,39,27,8,1,3,23,17,11,0,30,1,1,1,,3,1,0.256919,0.069166,0.180584,0.383012,0.311696,0.390061,0.306849,0.701757,0.133141,5.55056,0.298275,0,-0.13462,18.5785,-0.902921,97.6704,-0.13462,2.60834,-0.5885342955589294,4.386118531227112,0.948199,157.3800048828125,,,,,,,162.4,4.27368421,162.4,4.27368421,,,,,,,,,,,,,,,,,,,"Masyn Winn","27479",691026
"Pete Alonso","NYM",40,174,151,38,21,8,0,9,22,29,18,2,39,4,1,0,,1,0,0.252933,0.101431,0.226056,0.448698,0.343722,0.488784,0.355539,0.832506,0.235851,2.88041,0.280702,0,-0.206807,26.28,5.89547,132.914,-0.206807,-0.0725168,6.503775238990784,-3.223442643880844,0.920937,47.630001068115234,,,,,,,237.5,5.9375,237.5,5.9375,,,,,,,,,,,,,,,,,,,"Pete Alonso","19251",624413
"Matt Olson","ATL",40,174,150,38,21,9,0,7,22,25,22,1,41,1,1,0,,0,0,0.253898,0.124681,0.234432,0.531844,0.350819,0.465783,0.352318,0.816601,0.211885,1.97734,0.297847,0,-0.249461,25.8274,5.44291,126.85,-0.249461,1.02424,5.224754273891449,-2.0760679244995117,0.907414,33.970001220703125,,,,,,,223.7,5.5925,223.7,5.5925,,,,,,,,,,,,,,,,,,,"Matt Olson","14344",621566
"Michael Harris II","ATL",36,154,145,40,26,7,1,5,18,20,7,0,30,1,1,0,,4,1,0.276773,0.0424605,0.196944,0.215596,0.311373,0.451696,0.326823,0.763069,0.174922,6.12861,0.316982,0,0.242097,19.7488,1.65237,109.283,0.242097,1.10958,1.9222603738307953,1.6600468158721924,0.886407,41.880001068115234,,,,,,,180.8,5.022222222,180.8,5.022222222,,,,,,,,,,,,,,,,,,,"Michael Harris II","25931",671739
"Kyle Schwarber","PHI",40,174,145,34,16,6,0,11,25,28,26,1,50,2,1,0,,2,1,0.231326,0.147503,0.288421,0.511416,0.353217,0.504721,0.367374,0.857938,0.273395,3.66944,0.265186,0,-0.14005,27.9425,7.55799,135.56,-0.14005,-0.00650958,7.110075414180756,-4.296324528288096,0.873009,75.9000015258789,,,,,,,251.2,6.28,251.2,6.28,,,,,,,,,,,,,,,,,,,"Kyle Schwarber","16478",656941
"Ezequiel Tovar","COL",39,168,158,42,25,10,1,6,21,21,7,0,43,1,1,1,,2,1,0.266435,0.0445144,0.254159,0.175144,0.303202,0.453695,0.3246,0.756897,0.18726,4.7685,0.33001,0,-0.270223,21.2621,1.50157,94.525,-0.270223,2.41897,-1.3523124754428864,4.222215175628662,0.8609,129.3000030517578,,,,,,,193.3,4.956410256,193.3,4.956410256,,,,,,,,,,,,,,,,,,,"Ezequiel Tovar","24064",678662
"Brandon Nimmo","NYM",36,156,136,34,22,7,1,5,20,19,16,0,34,3,1,0,,3,0,0.250426,0.102911,0.218535,0.470913,0.338375,0.422021,0.333386,0.760396,0.171596,5.02833,0.29534,0,0.156242,20.8038,2.49931,117.65,0.156242,1.45623,3.3874865770339966,-0.46722304821014404,0.82436,193.07000732421875,,,,,,,190.1,5.280555555,190.1,5.280555555,,,,,,,,,,,,,,,,,,,"Brandon Nimmo","12927",607043
"CJ Abrams","WSN",38,163,148,38,24,8,1,5,23,18,10,0,30,4,1,0,,8,2,0.260068,0.0594055,0.182183,0.326075,0.320695,0.43746,0.328129,0.758155,0.177392,7.30741,0.29242,0,0.733871,21.0561,1.91961,110.223,0.733871,-1.73266,2.6905477046966553,-0.17617416381835938,0.806503,49.619998931884766,,,,,,,192.3,5.060526315,192.3,5.060526315,,,,,,,,,,,,,,,,,,,"CJ Abrams","25768",682928
"Patrick Bailey","SFG",33,131,118,27,19,6,1,2,13,14,10,0,35,1,1,1,,1,0,0.228894,0.07955,0.263612,0.301769,0.292494,0.344407,0.281723,0.636901,0.115514,3.77356,0.300305,0,-0.0761645,12.023,-3.38128,81.4974,-0.0761645,3.60411,-2.926879905164242,6.166607618331909,0.774091,307.2900085449219,,,,,,,110,3.333333333,110,3.333333333,,,,,,,,,,,,,,,,,,,"Patrick Bailey","27478",672275
"James Wood","WSN",37,161,140,37,21,8,1,6,22,22,19,1,46,1,1,0,,5,2,0.262926,0.117911,0.283099,0.416502,0.352238,0.471144,0.354077,0.823382,0.208217,5.32411,0.341044,0,0.0108565,24.212,5.28355,128.102,0.0108565,0.060082,5.331066956743598,-3.185751412063837,0.762633,53.29999923706055,,,,,,,216.4,5.848648648,216.4,5.848648648,,,,,,,,,,,,,,,,,,,"James Wood","29518",695578
"Max Muncy","LAD",28,122,100,23,12,4,0,6,17,19,19,0,30,2,1,0,,1,0,0.228893,0.15929,0.246977,0.644958,0.35983,0.454142,0.354574,0.813972,0.225249,3.87083,0.262338,0,-0.116817,18.4078,4.05541,128.842,-0.116817,-0.840016,4.0234561413526535,-0.6059113591909409,0.762222,260.94000244140625,,,,,,,161.7,5.775,161.7,5.775,,,,,,,,,,,,,,,,,,,"Max Muncy","13301",571970
"Andy Pages","LAD",34,149,135,35,22,7,0,6,19,21,10,0,35,3,1,0,,2,1,0.257639,0.0671113,0.236268,0.284047,0.319723,0.447965,0.331924,0.767688,0.190326,4.02544,0.303156,0,-0.309018,19.682,2.2096,113.235,-0.309018,0.429262,2.0038890540599823,0.5304970517754555,0.760887,381.8599853515625,,,,,,,177.7,5.226470588,177.7,5.226470588,,,,,,,,,,,,,,,,,,,"Andy Pages","24816",681624
"Sal Frelick","MIL",34,145,131,37,28,6,1,2,19,15,11,0,20,2,1,1,,5,1,0.2817,0.0741772,0.136844,0.542056,0.34275,0.395277,0.32469,0.738027,0.113577,6.27054,0.315207,0,0.279916,18.3522,1.30589,109.215,0.279916,2.29743,1.850971132516861,0.7677994966506958,0.757346,350.260009765625,,,,,,,163.8,4.817647058,163.8,4.817647058,,,,,,,,,,,,,,,,,,,"Sal Frelick","29622",686217
"Jackson Chourio","MIL",28,122,113,31,19,7,1,4,17,17,7,0,25,1,1,0,,6,2,0.274694,0.0579558,0.203468,0.28484,0.31847,0.454836,0.331672,0.773305,0.180142,6.44379,0.317865,0,0.245643,16.0569,1.78061,114.026,0.245643,0.987809,2.2483355700969696,1.1109575629234314,0.754058,16.420000076293945,,,,,,,154,5.5,154,5.5,,,,,,,,,,,,,,,,,,,"Jackson Chourio","28806",694192
"J.T. Realmuto","PHI",33,130,118,31,21,6,1,3,14,15,9,0,31,2,0,0,,2,1,0.260204,0.0712246,0.239741,0.29709,0.322102,0.408969,0.318731,0.731071,0.148765,4.43923,0.325526,0,-0.12422,15.7918,0.542047,102.044,-0.12422,0.497288,0.18751035630702972,2.8763007819652557,0.751594,140.24000549316406,,,,,,,140.9,4.269696969,140.9,4.269696969,,,,,,,,,,,,,,,,,,,"J.T. Realmuto","11739",592663
"Rafael Devers","SFG",40,174,150,39,21,9,1,8,22,25,21,3,40,2,1,0,,1,0,0.257091,0.118597,0.231178,0.513011,0.351093,0.475042,0.351797,0.826135,0.217951,2.94714,0.299823,0,-0.260909,25.7542,5.3697,129.781,-0.260909,-0.375508,5.810889154672623,-4.197113037109375,0.749746,40.939998626708984,,,,,,,246.3,6.1575,246.3,6.1575,,,,,,,,,,,,,,,,,,,"Rafael Devers","17350",646240
"Brice Turang","MIL",38,163,147,38,28,7,1,3,21,17,14,0,32,0,1,1,,9,2,0.261563,0.087013,0.194642,0.447041,0.325552,0.377143,0.309392,0.702695,0.11558,6.01176,0.312124,0,0.703759,18.6244,-0.552636,98.6741,0.703759,0.806574,0.4494381546974182,1.454722285270691,0.744983,145.1300048828125,,,,,,,173.5,4.565789473,173.5,4.565789473,,,,,,,,,,,,,,,,,,,"Brice Turang","22186",668930
"Kyle Stowers","MIA",35,152,135,34,20,7,1,7,18,22,14,0,45,2,1,0,,1,0,0.254545,0.0949024,0.295265,0.321415,0.333555,0.468442,0.34551,0.801996,0.213896,3.93608,0.327557,0,-0.154398,21.8256,3.93717,120.669,-0.154398,0.323105,3.543640375137329,-1.2839943170547485,0.744583,552.760009765625,,,,,,,197.1,5.631428571,197.1,5.631428571,,,,,,,,,,,,,,,,,,,"Kyle Stowers","26151",669065
"Bryson Stott","PHI",36,154,138,35,25,6,1,3,19,17,14,0,27,1,1,0,,7,1,0.25434,0.0929813,0.173245,0.536703,0.325352,0.376791,0.30994,0.702143,0.122451,6.21118,0.293627,0,0.665619,17.6433,-0.453141,95.9864,0.665619,1.54806,-0.060832977294921875,2.1111772060394287,0.729042,172.64999389648438,,,,,,,164.8,4.577777777,164.8,4.577777777,,,,,,,,,,,,,,,,,,,"Bryson Stott","26294",681082
"Nick Gonzales","PIT",34,149,135,36,24,8,1,3,18,17,10,0,31,2,1,0,,1,1,0.267926,0.0667729,0.210412,0.317343,0.325269,0.416868,0.322925,0.742137,0.148942,4.41142,0.32525,0,-0.4917,18.5768,1.12468,105.045,-0.4917,1.27696,0.38894736766815186,1.832516610622406,0.728162,408.55999755859375,,,,,,,158.8,4.670588235,158.8,4.670588235,,,,,,,,,,,,,,,,,,,"Nick Gonzales","27490",693304
"Ian Happ","CHC",37,160,138,33,20,8,0,5,21,19,19,0,38,1,1,0,,2,1,0.241625,0.119989,0.236937,0.506418,0.336191,0.419972,0.331125,0.756164,0.178347,4.09127,0.291094,0,-0.082145,21.019,2.26812,114.445,-0.082145,0.777125,2.6269733533263206,-0.9599123597145081,0.70842,130.16000366210938,,,,,,,178,4.81081081,178,4.81081081,,,,,,,,,,,,,,,,,,,"Ian Happ","17919",664023
"Xavier Edwards","MIA",34,145,130,39,31,6,1,1,18,12,13,0,20,0,1,1,,7,2,0.298043,0.0877743,0.136488,0.643092,0.360236,0.379453,0.327157,0.739689,0.0814099,6.06209,0.344577,0,0.437916,18.6531,1.59672,108.023,0.437916,-0.225296,1.8066329061985016,0.33149388432502747,0.708264,139.80999755859375,,,,,,,167.6,4.929411764,167.6,4.929411764,,,,,,,,,,,,,,,,,,,"Xavier Edwards","22266",669364
"Otto Lopez","MIA",34,149,136,36,26,6,1,2,18,16,11,0,24,1,1,0,,4,2,0.262936,0.0714272,0.15896,0.449339,0.320378,0.376262,0.30648,0.696639,0.113326,5.31017,0.301045,0,-0.0576828,16.6183,-0.854179,93.7756,-0.0576828,1.56027,-1.145428840070963,3.1547170877456665,0.706948,322.1099853515625,,,,,,,145.5,4.279411764,145.5,4.279411764,,,,,,,,,,,,,,,,,,,"Otto Lopez","19608",672640
"Carson Kelly","CHC",26,101,89,21,14,4,0,3,12,12,11,0,18,1,1,0,,0,0,0.240536,0.105383,0.18119,0.581613,0.327537,0.397593,0.319883,0.725129,0.157057,2.33405,0.265917,0,-0.132804,12.4004,0.516701,106.699,-0.132804,0.923353,0.6633894741535187,2.900204837322235,0.706502,533.52001953125,,,,,,,104.4,4.015384615,104.4,4.015384615,,,,,,,,,,,,,,,,,,,"Carson Kelly","13620",608348
"Sean Murphy","ATL",25,98,85,19,11,4,0,4,11,13,10,0,26,3,1,0,,0,0,0.226003,0.0992062,0.263267,0.376827,0.321565,0.433268,0.328662,0.754832,0.207265,1.60883,0.266822,0,-0.148986,12.7545,1.20133,110.55,-0.148986,1.24576,1.0700866281986237,2.5365036725997925,0.701451,295.67999267578125,,,,,,,109.6,4.384,109.6,4.384,,,,,,,,,,,,,,,,,,,"Sean Murphy","19352",669221
"Jeff McNeil","NYM",34,149,132,34,23,7,1,3,16,15,12,1,18,3,1,0,,1,0,0.25846,0.0827532,0.11956,0.692149,0.332988,0.396184,0.319412,0.729172,0.137725,4.27215,0.276258,0,0.0146832,18.1754,0.702953,108.02,0.0146832,0.169352,1.4162993375211954,0.5110190808773041,0.698528,446.95001220703125,,,,,,,159.5,4.69117647,159.5,4.69117647,,,,,,,,,,,,,,,,,,,"Jeff McNeil","15362",643446
"Austin Riley","ATL",26,112,101,27,17,5,0,5,15,15,8,0,29,1,1,0,,0,0,0.268013,0.0751457,0.259086,0.290042,0.330602,0.472291,0.345932,0.802893,0.204278,3.12917,0.327192,0,-0.148052,16.0266,2.92228,122.45,-0.148052,-0.136462,2.7943587452173233,0.262149453163147,0.689382,29.6200008392334,,,,,,,138.7,5.334615384,138.7,5.334615384,,,,,,,,,,,,,,,,,,,"Austin Riley","18360",663586
"Michael Busch","CHC",33,142,125,32,18,6,1,6,19,20,14,0,37,2,1,0,,1,0,0.253818,0.0986937,0.259517,0.380298,0.338451,0.465525,0.347935,0.803976,0.211708,4.32994,0.30838,0,-0.103385,20.5558,3.9357,126.027,-0.103385,0.37598,4.223199874162674,-2.1647611558437347,0.68758,252.30999755859375,,,,,,,183.6,5.563636363,183.6,5.563636363,,,,,,,,,,,,,,,,,,,"Michael Busch","26319",683737
"Christian Yelich","MIL",37,162,141,37,25,6,0,6,23,22,18,1,39,1,1,0,,6,1,0.26566,0.11348,0.241332,0.470222,0.353728,0.443503,0.346032,0.797231,0.177843,5.44722,0.323626,0,0.416596,23.2061,4.24208,123.92,0.416596,-0.21474,4.953675955533981,-3.5527030378580093,0.687191,112.05000305175781,,,,,,,205.6,5.556756756,205.6,5.556756756,,,,,,,,,,,,,,,,,,,"Christian Yelich","11477",592885
"Ramón Laureano","SDP",33,143,129,33,20,7,1,6,20,20,11,0,41,3,1,0,,3,1,0.254551,0.0734264,0.28283,0.259613,0.323046,0.452556,0.335357,0.775601,0.198005,5.25344,0.323166,0,-0.168798,19.3777,2.52928,118.973,-0.168798,0.238575,3.0284955352544785,-1.121764436364174,0.678536,626.47998046875,,,,,,,183.1,5.548484848,183.1,5.548484848,,,,,,,,,,,,,,,,,,,"Ramon Laureano","17128",657656
"TJ Friedl","CIN",36,157,136,35,25,5,1,4,20,16,15,0,26,4,1,1,,4,1,0.258552,0.0961044,0.163366,0.588275,0.348053,0.396024,0.330029,0.744077,0.137473,5.47381,0.292226,0,0.074016,20.561,2.09419,106.936,0.074016,-0.476308,1.355166420340538,0.0854203999042511,0.677017,247.4199981689453,,,,,,,179.6,4.988888888,179.6,4.988888888,,,,,,,,,,,,,,,,,,,"TJ Friedl","19522",670770
"Jake Cronenworth","SDP",36,158,136,33,21,7,1,4,19,18,16,0,30,3,1,1,,1,1,0.244913,0.102764,0.189472,0.542373,0.336759,0.395978,0.323251,0.732737,0.151065,3.87347,0.284471,0,-0.376455,19.7471,1.23461,110.632,-0.376455,-0.592884,1.5921471416950226,-0.20692729949951172,0.672637,284.07000732421875,,,,,,,168.5,4.680555555,168.5,4.680555555,,,,,,,,,,,,,,,,,,,"Jake Cronenworth","18036",630105
"Willson Contreras","STL",37,161,139,34,20,9,0,6,19,21,15,0,40,6,1,0,,1,0,0.248693,0.0956893,0.24699,0.387422,0.345734,0.431774,0.340926,0.777509,0.183081,3.12021,0.306398,0,-0.150272,22.4302,3.55753,121.151,-0.150272,0.370644,3.8422293215990067,-2.5861458480358124,0.669692,72.54000091552734,,,,,,,198.8,5.372972972,198.8,5.372972972,,,,,,,,,,,,,,,,,,,"Willson Contreras","11609",575929
"Matt McLain","CIN",33,143,127,31,20,6,1,4,18,17,14,0,39,2,1,0,,5,1,0.242857,0.0964869,0.273397,0.352919,0.325536,0.407143,0.321478,0.732679,0.164286,5.90874,0.313624,0,0.262572,17.7608,0.917473,101.044,0.262572,0.830191,0.4384818375110626,1.3548822402954102,0.666746,86.18000030517578,,,,,,,162,4.909090909,162,4.909090909,,,,,,,,,,,,,,,,,,,"Matt McLain","29695",680574
"Seiya Suzuki","CHC",37,160,141,37,21,8,1,7,20,23,17,1,41,1,1,0,,2,1,0.259672,0.103543,0.253937,0.407752,0.338189,0.478203,0.350143,0.816391,0.21853,4.61708,0.312313,0,-0.246561,23.4766,4.72569,127.549,-0.246561,-0.0470311,4.920134142041206,-3.7025865465402603,0.662245,84.3499984741211,,,,,,,215.9,5.835135135,215.9,5.835135135,,,,,,,,,,,,,,,,,,,"Seiya Suzuki","30116",673548
"Isaac Collins","MIL",31,132,114,28,19,6,1,3,17,15,15,0,30,2,1,1,,5,2,0.248897,0.110387,0.229021,0.481994,0.342039,0.395619,0.326031,0.737658,0.146722,6.40528,0.311951,0,0.0969647,16.8902,1.33544,110.139,0.0969647,1.81944,1.6743697822093964,0.4000004529953003,0.658695,999,,,,,,,149,4.806451612,149,4.806451612,,,,,,,,,,,,,,,,,,,"Isaac Collins","25477",686555
"Gabriel Moreno","ARI",19,76,68,19,14,4,0,2,9,9,7,0,13,1,0,0,,1,0,0.281381,0.0894914,0.167886,0.533049,0.351164,0.417881,0.337336,0.769045,0.1365,3.6604,0.322993,0,-0.162972,10.4047,1.46415,115.296,-0.162972,1.31794,1.2048371583223343,2.651272416114807,0.652236,184.36000061035156,,,,,,,94.7,4.984210526,94.7,4.984210526,,,,,,,,,,,,,,,,,,,"Gabriel Moreno","22664",672515
"Jung Hoo Lee","SFG",36,156,141,38,26,8,2,2,18,16,12,0,14,1,1,0,,2,1,0.269265,0.0758817,0.0914676,0.829602,0.32995,0.402388,0.319505,0.732338,0.133124,4.82117,0.284566,0,-0.541148,19.0527,0.748199,107.53,-0.541148,-0.514571,0.8375102281570435,0.04221904277801514,0.614754,233.94000244140625,,,,,,,165.2,4.588888888,165.2,4.588888888,,,,,,,,,,,,,,,,,,,"Jung Hoo Lee","33824",808982
"Joey Ortiz","MIL",37,162,146,35,23,8,1,3,21,18,13,0,30,2,1,1,,4,1,0.241087,0.078217,0.182912,0.42762,0.307558,0.374478,0.300672,0.682035,0.133391,5.74314,0.28138,0,0.0073899,17.2778,-1.68616,92.6655,0.0073899,0.319906,-1.3837718996219337,2.037498265504837,0.610433,265.2799987792969,,,,,,,156.9,4.24054054,156.9,4.24054054,,,,,,,,,,,,,,,,,,,"Joey Ortiz","25493",687401
"Brendan Donovan","STL",35,150,133,37,26,7,0,3,18,15,13,1,20,3,1,0,,1,1,0.277815,0.0880217,0.133836,0.657684,0.3537,0.403863,0.333552,0.757563,0.126049,3.00304,0.306242,0,-0.435661,20.0859,2.43082,116.07,-0.435661,-0.870239,2.4020703434944153,-1.419621467590332,0.606702,248.27000427246094,,,,,,,169.8,4.851428571,169.8,4.851428571,,,,,,,,,,,,,,,,,,,"Brendan Donovan","24679",680977
"Oneil Cruz","PIT",29,124,110,26,15,5,1,5,17,16,13,1,37,1,1,0,,6,1,0.236382,0.102057,0.300366,0.339777,0.317589,0.438008,0.325071,0.755597,0.201626,6.87595,0.304927,0,0.699498,15.7688,1.15768,106.524,0.699498,-0.232717,1.652873694896698,0.11296156048774719,0.599968,37.369998931884766,,,,,,,153.4,5.289655172,153.4,5.289655172,,,,,,,,,,,,,,,,,,,"Oneil Cruz","21711",665833
"Francisco Alvarez","NYM",24,96,85,20,12,3,0,4,11,13,10,0,25,1,0,0,,0,0,0.234533,0.101575,0.261371,0.388623,0.319749,0.419075,0.32353,0.738824,0.184542,2.43792,0.284846,0,-0.186152,12.0665,0.774779,110.858,-0.186152,-0.107114,1.0401437282562256,1.4556943476200104,0.579861,244.35000610351562,,,,,,,106.3,4.429166666,106.3,4.429166666,,,,,,,,,,,,,,,,,,,"Francisco Alvarez","26121",682626
"Teoscar Hernández","LAD",37,161,149,39,24,8,0,7,20,27,10,0,45,2,1,0,,2,1,0.264291,0.0611134,0.27612,0.221329,0.314643,0.468685,0.336047,0.783328,0.204394,3.74809,0.326362,0,-0.0485993,21.86,2.93157,116.076,-0.0485993,-0.910917,2.994885165244341,-2.6382319927215576,0.5789,56.880001068115234,,,,,,,195.4,5.281081081,195.4,5.281081081,,,,,,,,,,,,,,,,,,,"Teoscar Hernandez","13066",606192
"Tommy Edman","LAD",25,106,97,24,15,5,0,3,15,13,7,0,18,1,1,0,,3,0,0.247056,0.0634808,0.172396,0.368226,0.301925,0.406057,0.307496,0.707982,0.159002,5.9722,0.271509,0,0.314521,11.9575,-0.52278,96.4031,0.314521,1.76052,-0.13446685671806335,2.152808338403702,0.564863,169.00999450683594,,,,,,,109.8,4.392,109.8,4.392,,,,,,,,,,,,,,,,,,,"Tommy Edman","19470",669242
"Brandon Marsh","PHI",27,119,105,27,17,5,1,3,15,13,12,0,34,1,1,1,,3,1,0.2558,0.102526,0.285589,0.358998,0.333557,0.410817,0.325631,0.744374,0.155017,5.66028,0.345366,0,0.0748648,15.0944,1.15802,106.798,0.0748648,0.847955,1.0224001109600067,0.5126159191131592,0.556928,309.3299865722656,,,,,,,136.5,5.055555555,136.5,5.055555555,,,,,,,,,,,,,,,,,,,"Brandon Marsh","20202",669016
"Lars Nootbaar","STL",27,118,101,24,15,5,0,4,16,13,15,1,25,1,1,0,,1,1,0.239511,0.130321,0.209955,0.620709,0.341759,0.413849,0.331287,0.755608,0.174338,4.29541,0.278275,0,-0.200967,15.4839,1.68454,114.509,-0.200967,0.684057,1.8016161024570465,-0.42705416679382324,0.536522,258.2900085449219,,,,,,,132.6,4.911111111,132.6,4.911111111,,,,,,,,,,,,,,,,,,,"Lars Nootbaar","21454",663457
"Matt Shaw","CHC",32,138,124,30,20,5,1,4,18,17,11,0,29,2,1,0,,5,2,0.241682,0.0827684,0.208921,0.39617,0.31282,0.402339,0.31332,0.715158,0.160657,5.88779,0.27897,0,0.227724,16.1656,-0.02835,102.176,0.227724,-0.384438,0.5802384614944458,0.108154296875,0.534638,999,,,,,,,144.7,4.521875,144.7,4.521875,,,,,,,,,,,,,,,,,,,"Matt Shaw","33322",807713
"Hunter Goodman","COL",34,136,125,32,17,7,1,7,17,21,8,0,36,1,1,0,,0,0,0.256695,0.0614765,0.26422,0.232671,0.309015,0.488378,0.341052,0.797393,0.231683,3.60972,0.305465,0,-0.257582,18.9505,3.01729,105.861,-0.257582,-1.22123,0.6764628887176514,-0.06968855857849121,0.518784,315.19000244140625,,,,,,,173,5.088235294,173,5.088235294,,,,,,,,,,,,,,,,,,,"Hunter Goodman","29715",696100
"Ozzie Albies","ATL",39,167,151,37,24,7,1,5,20,20,13,0,27,1,1,0,,3,1,0.244628,0.0762632,0.16044,0.475336,0.307519,0.392558,0.305946,0.700078,0.14793,5.175,0.268082,0,0.178986,18.5246,-1.02785,94.8977,0.178986,-0.190166,-0.818828895688057,0.40458717942237854,0.517589,69.22000122070312,,,,,,,174.1,4.464102564,174.1,4.464102564,,,,,,,,,,,,,,,,,,,"Ozzie Albies","16556",645277
"Tyler Stephenson","CIN",26,102,90,23,14,5,0,3,12,13,10,0,27,1,1,0,,0,0,0.251131,0.0999076,0.267795,0.373075,0.331784,0.416189,0.326406,0.747973,0.165059,2.4417,0.321923,0,-0.180485,13.0949,1.06398,104.44,-0.180485,-0.0940686,0.35380928218364716,1.2269191220402718,0.507038,185.97000122070312,,,,,,,114.5,4.403846153,114.5,4.403846153,,,,,,,,,,,,,,,,,,,"Tyler Stephenson","17988",663886
"Alec Burleson","STL",30,130,119,33,23,6,0,4,14,17,9,0,18,1,1,0,,1,0,0.278915,0.0678912,0.137069,0.495305,0.329939,0.442989,0.334772,0.772928,0.164074,3.61665,0.294288,0,-0.0415417,17.4434,2.22347,116.911,-0.0415417,-0.145119,2.5327177830040455,-1.8549956530332565,0.505637,247.38999938964844,,,,,,,152.7,5.09,152.7,5.09,,,,,,,,,,,,,,,,,,,"Alec Burleson","27615",676475
"Caleb Durbin","MIL",33,142,124,30,20,7,0,2,18,16,11,0,15,5,1,1,,6,2,0.241184,0.0752262,0.108232,0.695045,0.324826,0.360202,0.305497,0.685028,0.119018,6.07616,0.255893,0,0.286853,15.695,-0.925132,95.99,0.286853,0.0577244,-0.379739373922348,0.5762428864836693,0.496319,392.44000244140625,,,,,,,136.9,4.148484848,136.9,4.148484848,,,,,,,,,,,,,,,,,,,"Caleb Durbin","29646",702332
"Alec Bohm","PHI",24,105,96,27,19,5,0,3,12,13,7,0,17,1,1,0,,1,0,0.28245,0.0655926,0.15843,0.414017,0.333823,0.427931,0.331184,0.761755,0.145481,3.39635,0.314992,0,-0.142268,13.7617,1.4894,110.624,-0.142268,-0.100177,1.161781519651413,0.19719907641410828,0.491174,164.69000244140625,,,,,,,123.8,5.158333333,123.8,5.158333333,,,,,,,,,,,,,,,,,,,"Alec Bohm","21618",664761
"Nolan Arenado","STL",26,111,101,26,17,5,0,3,12,14,8,1,14,1,1,0,,0,0,0.254025,0.0720912,0.12989,0.555016,0.312535,0.403519,0.310402,0.716054,0.149494,2.70477,0.266834,0,-0.182673,12.7038,-0.283889,100.119,-0.182673,0.857466,-0.16722464561462402,1.2031451761722565,0.478482,222.5399932861328,,,,,,,114.3,4.396153846,114.3,4.396153846,,,,,,,,,,,,,,,,,,,"Nolan Arenado","9777",571448
"Brenton Doyle","COL",34,145,134,33,22,5,1,5,18,18,9,0,40,1,1,1,,5,1,0.24596,0.0635877,0.274351,0.231775,0.296324,0.404742,0.304175,0.701066,0.158783,6.51729,0.313196,0,0.498893,15.9516,-1.10483,80.4512,0.498893,2.18688,-2.836035341024399,2.7057079672813416,0.475246,71.72000122070312,,,,,,,154.7,4.55,154.7,4.55,,,,,,,,,,,,,,,,,,,"Brenton Doyle","25479",686668
"Casey Schmitt","SFG",29,124,114,29,19,6,0,4,13,15,8,0,28,2,1,0,,1,0,0.250828,0.0611059,0.224007,0.272786,0.305356,0.399653,0.307525,0.705009,0.148825,3.60261,0.30071,0,-0.107659,13.9533,-0.607017,99.2755,-0.107659,0.517617,-0.21317381411790848,0.7580495029687881,0.473096,743.6099853515625,,,,,,,135.3,4.665517241,135.3,4.665517241,,,,,,,,,,,,,,,,,,,"Casey Schmitt","27577",669477
"Marcell Ozuna","ATL",30,131,113,28,18,5,0,6,15,19,16,0,31,1,1,0,,0,0,0.250914,0.124391,0.23656,0.525833,0.345772,0.459,0.348924,0.804771,0.208086,1.47644,0.28716,0,-0.195588,19.1424,3.74997,124.512,-0.195588,0,3.578023135662079,-3.2774691581726074,0.471835,68.76000213623047,,,,,,,165.7,5.523333333,165.7,5.523333333,,,,,,,,,,,,,,,,,,,"Marcell Ozuna","10324",542303
"Spencer Horwitz","PIT",29,124,109,29,20,7,0,2,15,14,14,0,23,1,1,0,,0,0,0.270317,0.110173,0.180933,0.608917,0.357371,0.407916,0.337155,0.765287,0.137599,2.5039,0.319041,0,-0.258455,16.9856,2.3745,114.85,-0.258455,0.775705,1.9117446541786194,-1.4712083339691162,0.463832,382.5899963378906,,,,,,,137.5,4.74137931,137.5,4.74137931,,,,,,,,,,,,,,,,,,,"Spencer Horwitz","26477",687462
"Harrison Bader","PHI",27,117,106,26,18,5,0,3,14,14,8,0,26,2,1,0,,4,2,0.244572,0.0697408,0.22236,0.313639,0.308541,0.386051,0.304809,0.694593,0.141479,5.07852,0.293203,0,-0.0475477,12.8991,-0.829244,92.4507,-0.0475477,1.53964,-1.0841310918331146,1.7547664940357208,0.462179,472.25,,,,,,,114.3,4.233333333,114.3,4.233333333,,,,,,,,,,,,,,,,,,,"Harrison Bader","18030",664056
"Drake Baldwin","ATL",24,98,87,22,15,4,0,3,10,14,9,0,22,1,0,0,,0,0,0.251899,0.0923203,0.223694,0.412708,0.328899,0.408163,0.323603,0.737063,0.156264,1.39286,0.301671,0,-0.161633,12.2437,0.79152,107.064,-0.161633,-0.283986,0.6474770605564117,0.5954897105693817,0.455762,999,,,,,,,106,4.416666666,106,4.416666666,,,,,,,,,,,,,,,,,,,"Drake Baldwin","31539",686948
"Heliot Ramos","SFG",34,147,132,34,23,6,1,5,18,17,11,0,36,2,1,0,,2,1,0.259209,0.0761626,0.24807,0.307021,0.325362,0.417539,0.323578,0.742901,0.15833,4.27837,0.3213,0,-0.228574,18.4547,1.19027,110.337,-0.228574,-0.384213,1.5563295930624008,-1.9596755802631378,0.45316,200.07000732421875,,,,,,,168.5,4.955882352,168.5,4.955882352,,,,,,,,,,,,,,,,,,,"Heliot Ramos","22515",671218
"Victor Scott II","STL",34,145,129,29,21,4,1,2,17,13,11,0,31,2,1,2,,10,1,0.225726,0.0764443,0.215082,0.355419,0.296587,0.327912,0.279341,0.624499,0.102185,7.47585,0.278934,0,1.15869,13.0247,-4.02162,78.7163,1.15869,1.55096,-2.470047116279602,2.06947523355484,0.447195,321.8500061035156,,,,,,,124.7,3.667647058,124.7,3.667647058,,,,,,,,,,,,,,,,,,,"Victor Scott II","31349",687363
"Ke'Bryan Hayes","CIN",36,154,143,35,27,5,1,2,16,15,9,0,31,1,1,0,,4,1,0.246642,0.0608341,0.203443,0.299023,0.297361,0.335072,0.279821,0.632433,0.0884297,5.15948,0.302379,0,0.119555,13.8597,-4.20122,72.341,0.119555,3.60503,-4.876837834715843,4.154409885406494,0.443202,362.1099853515625,,,,,,,126.8,3.522222222,126.8,3.522222222,,,,,,,,,,,,,,,,,,,"Ke'Bryan Hayes","18577",663647
"Iván Herrera","STL",32,138,120,32,22,6,0,4,16,17,15,0,30,2,1,0,,2,0,0.263667,0.107429,0.215011,0.499645,0.352391,0.406926,0.335569,0.759317,0.143259,4.14314,0.319972,0,-0.0187209,18.5953,2.44773,117.46,-0.0187209,-0.0525451,2.8011736404150724,-3.089581999927759,0.432971,225.9600067138672,,,,,,,169,5.28125,169,5.28125,,,,,,,,,,,,,,,,,,,"Ivan Herrera","20599",671056
"Cedric Mullins","NYM",30,129,115,25,15,5,0,4,16,16,12,0,29,1,1,0,,6,1,0.221321,0.092212,0.222176,0.415041,0.298346,0.389251,0.30097,0.687597,0.167931,5.85629,0.254229,0,0.428383,13.8655,-1.31891,95.3136,0.428383,-0.101275,-0.28335222601890564,0.25937292724847794,0.43254,211.2100067138672,,,,,,,124.7,4.156666666,124.7,4.156666666,,,,,,,,,,,,,,,,,,,"Cedric Mullins","17929",656775
"Luis García Jr.","WSN",33,142,132,35,24,7,1,4,17,18,8,0,22,0,1,0,,3,1,0.267011,0.0553402,0.154995,0.357044,0.306138,0.41572,0.311292,0.721857,0.148709,4.95534,0.292273,0,-0.142286,16.3787,-0.261667,98.6215,-0.142286,-0.592094,-0.3717237859964371,-0.08592146635055542,0.429705,127.55999755859375,,,,,,,154.5,4.681818181,154.5,4.681818181,,,,,,,,,,,,,,,,,,,"Luis Garcia Jr.","20391",671277
"Bryan Reynolds","PIT",38,162,146,38,24,7,1,5,18,21,14,1,38,2,1,0,,2,1,0.258508,0.0831288,0.235849,0.352465,0.326882,0.42472,0.326078,0.751602,0.166212,4.19588,0.31614,0,-0.153778,20.7194,1.64378,107.218,-0.153778,-0.331958,1.2232748717069626,-2.3936868607997894,0.426252,98.11000061035156,,,,,,,188.8,4.968421052,188.8,4.968421052,,,,,,,,,,,,,,,,,,,"Bryan Reynolds","19326",668804
"Nick Allen","ATL",36,158,141,34,27,6,0,1,16,14,12,0,29,1,1,3,,3,2,0.239909,0.0786941,0.186809,0.421255,0.304309,0.310044,0.276377,0.614353,0.0701355,3.85211,0.292754,0,-0.337062,13.7668,-4.74567,74.5232,-0.337062,2.32314,-5.05430081486702,4.012489080429077,0.423329,746.8900146484375,,,,,,,115.3,3.202777777,115.3,3.202777777,,,,,,,,,,,,,,,,,,,"Nick Allen","22277",669397
"Brett Baty","NYM",22,96,86,21,14,3,0,4,11,12,8,0,24,1,1,0,,1,0,0.240967,0.0849859,0.246779,0.344381,0.309963,0.408108,0.313232,0.718071,0.167141,3.57948,0.288456,0,-0.0505113,11.2058,-0.0264792,103.762,-0.0505113,0.245523,0.37215010449290276,0.5871893465518951,0.420327,465.25,,,,,,,106.8,4.854545454,106.8,4.854545454,,,,,,,,,,,,,,,,,,,"Brett Baty","26123",683146
"Alek Thomas","ARI",30,130,119,30,20,6,1,3,16,14,8,0,28,1,1,1,,2,1,0.253573,0.0589837,0.215971,0.273109,0.304308,0.397198,0.305639,0.701507,0.143625,5.85684,0.306382,0,-0.114784,14.3876,-0.832337,93.4549,-0.114784,0.471059,-1.1111215725541115,0.9340223371982574,0.417828,558.010009765625,,,,,,,128.3,4.276666666,128.3,4.276666666,,,,,,,,,,,,,,,,,,,"Alek Thomas","23792",677950
"Jurickson Profar","ATL",39,168,145,37,24,8,0,4,22,18,20,0,27,2,1,1,,2,0,0.255184,0.116603,0.161383,0.722521,0.351122,0.399482,0.332043,0.750604,0.144297,4.25882,0.288002,0,0.000144912,22.2756,2.51514,112.879,0.000144912,-2.17645,2.5456373223423725,-4.005000472068787,0.416192,192.1999969482422,,,,,,,192.8,4.943589743,192.8,4.943589743,,,,,,,,,,,,,,,,,,,"Jurickson Profar","10815",595777
"Luis Arraez","SDP",38,163,151,46,36,7,1,2,19,15,8,1,7,1,1,1,,2,1,0.301463,0.051968,0.0440007,1.18107,0.340466,0.398732,0.322334,0.739197,0.0972683,4.03887,0.305221,0,-0.273566,20.2918,1.15533,110,-0.273566,0.0505409,1.6404991447925568,-2.9358787909150124,0.415159,185.14999389648438,,,,,,,179.4,4.721052631,179.4,4.721052631,,,,,,,,,,,,,,,,,,,"Luis Arraez","18568",650333
"Nolan Gorman","STL",26,111,99,23,13,4,0,5,14,16,11,0,35,0,1,0,,1,0,0.228912,0.0977985,0.319207,0.30638,0.30481,0.433392,0.319085,0.738201,0.204479,3.38445,0.294151,0,-0.0872634,13.4809,0.493305,106.102,-0.0872634,-0.744943,0.7053787559270859,-0.498028963804245,0.39337,384.6400146484375,,,,,,,123.3,4.742307692,123.3,4.742307692,,,,,,,,,,,,,,,,,,,"Nolan Gorman","22263",669357
"Dylan Crews","WSN",35,152,138,33,22,5,1,4,19,17,11,0,36,3,1,0,,8,2,0.236358,0.072058,0.23712,0.303889,0.305621,0.384301,0.303444,0.689922,0.147943,7.12167,0.290468,0,0.38273,16.6396,-1.24885,93.2136,0.38273,1.25437,-0.8314755856990814,-0.40334320068359375,0.385627,123.19000244140625,,,,,,,156.2,4.462857142,156.2,4.462857142,,,,,,,,,,,,,,,,,,,"Dylan Crews","33541",686611
"Agustín Ramírez","MIA",34,141,128,31,18,7,0,5,18,18,11,0,28,1,1,0,,3,1,0.241485,0.0759716,0.199356,0.381086,0.303775,0.425754,0.315724,0.729528,0.184269,4.63881,0.268762,0,0.08356,16.7905,0.245199,100.145,0.08356,-1.21893,0.10758526623249054,-0.9911538362503052,0.38323,437.8900146484375,,,,,,,151.8,4.464705882,151.8,4.464705882,,,,,,,,,,,,,,,,,,,"Agustin Ramirez","26546",682663
"Joey Bart","PIT",21,82,72,18,13,3,0,2,8,9,8,0,22,1,0,0,,0,0,0.247667,0.0982323,0.270943,0.362558,0.333811,0.374037,0.315722,0.707848,0.126369,2.24529,0.328786,0,-0.124059,9.80841,0.143057,100.082,-0.124059,-0.477577,-0.1161512853577733,1.0532870292663574,0.373157,258.5799865722656,,,,,,,83.3,3.966666666,83.3,3.966666666,,,,,,,,,,,,,,,,,,,"Joey Bart","21524",663698
"Ryan O'Hearn","SDP",27,119,105,27,18,4,0,4,15,16,11,1,23,1,1,0,,1,0,0.259201,0.0962942,0.191475,0.502908,0.336112,0.434342,0.333656,0.770454,0.175141,3.57745,0.289435,0,-0.141797,15.8652,1.92881,117.802,-0.141797,0.0908747,2.3395717293024063,-2.623477190732956,0.370086,359.2900085449219,,,,,,,133.3,4.937037037,133.3,4.937037037,,,,,,,,,,,,,,,,,,,"Ryan O'Hearn","16442",656811
"Freddy Fermin","SDP",25,99,91,22,17,4,0,2,9,9,7,0,19,1,0,0,,0,0,0.244357,0.0662372,0.195864,0.33818,0.298763,0.345579,0.28497,0.644342,0.101222,2.52717,0.292333,0,-0.20254,9.31392,-2.28683,84.255,-0.20254,0.208845,-2.0294158458709717,2.1386291682720184,0.343557,376.2200012207031,,,,,,,86.6,3.464,86.6,3.464,,,,,,,,,,,,,,,,,,,"Freddy Fermin","21840",666023
"Austin Hays","CIN",27,116,106,27,16,6,1,4,16,16,8,0,28,1,1,0,,1,0,0.259214,0.0673627,0.245619,0.274257,0.31594,0.45136,0.329908,0.767299,0.192145,5.26665,0.31498,0,-0.0645741,15.1269,1.53051,106.853,-0.0645741,0.227332,0.8673200011253357,-1.359087347984314,0.338996,359.239990234375,,,,,,,134.8,4.992592592,134.8,4.992592592,,,,,,,,,,,,,,,,,,,"Austin Hays","19363",669720
"Jose Trevino","CIN",18,70,64,16,11,4,0,1,7,7,4,0,10,0,1,0,,0,0,0.246916,0.0574684,0.149164,0.385269,0.291682,0.376428,0.29145,0.668109,0.129511,2.56853,0.271844,0,-0.131499,6.91894,-1.24472,80.3538,-0.131499,1.36635,-1.735638588666916,2.7243727445602417,0.335437,579.6099853515625,,,,,,,58.6,3.255555555,58.6,3.255555555,,,,,,,,,,,,,,,,,,,"Jose Trevino","16725",624431
"Mark Vientos","NYM",28,122,111,27,17,5,1,5,13,17,9,0,34,1,1,0,,0,0,0.242799,0.0722898,0.277418,0.260581,0.302973,0.42812,0.316218,0.731093,0.185321,2.1398,0.302378,0,-0.173412,14.6139,0.261497,105.82,-0.173412,-0.437951,0.6619876325130463,-1.4186606109142303,0.33344,105.8499984741211,,,,,,,137.4,4.907142857,137.4,4.907142857,,,,,,,,,,,,,,,,,,,"Mark Vientos","22184",668901
"Lourdes Gurriel Jr.","ARI",35,152,140,37,24,7,1,5,15,20,9,0,25,2,1,0,,2,1,0.262034,0.05855,0.161585,0.362347,0.310044,0.419435,0.315819,0.729479,0.157401,3.98703,0.286251,0,-0.0768124,18.1343,0.276304,100.47,-0.0768124,0.0842874,0.007063336670398712,-1.7428730875253677,0.333292,219.75999450683594,,,,,,,174.2,4.977142857,174.2,4.977142857,,,,,,,,,,,,,,,,,,,"Lourdes Gurriel Jr.","19238",666971
"Jakob Marsee","MIA",27,119,101,22,14,4,1,2,16,12,14,0,28,2,1,1,,6,1,0.213905,0.118843,0.235873,0.503841,0.321446,0.337838,0.298088,0.659284,0.123933,7.41732,0.271753,0,0.535485,12.449,-1.48731,87.9932,0.535485,0.14368,-1.1381263136863708,0.2638959065079689,0.309447,999,,,,,,,114.9,4.255555555,114.9,4.255555555,,,,,,,,,,,,,,,,,,,"Jakob Marsee","31370",805300
"Jared Triolo","PIT",24,105,94,22,15,4,1,2,11,10,10,0,24,1,1,0,,2,1,0.23277,0.0957394,0.230945,0.414555,0.311075,0.341216,0.291112,0.652291,0.108446,5.01354,0.295744,0,0.0384408,10.4626,-1.91627,83.1246,0.0384408,1.19995,-2.050919659435749,1.5888414680957794,0.307164,630.4500122070312,,,,,,,99.3,4.1375,99.3,4.1375,,,,,,,,,,,,,,,,,,,"Jared Triolo","25807",669707
"Blake Perkins","MIL",16,71,63,14,10,3,0,1,10,7,7,0,19,0,0,0,,3,1,0.230306,0.10225,0.264309,0.386856,0.31256,0.357733,0.297373,0.670292,0.127427,6.49141,0.303551,0,0.194545,7.38224,-0.927821,90.3923,0.194545,0.956974,-0.6040057986974716,1.2097518742084503,0.30029,653.9299926757812,,,,,,,57.4,3.5875,57.4,3.5875,,,,,,,,,,,,,,,,,,,"Blake Perkins","19921",663368
"Spencer Steer","CIN",35,150,134,33,20,7,1,5,17,20,14,0,32,2,1,0,,3,1,0.244881,0.0932705,0.213203,0.437472,0.324092,0.418568,0.324548,0.742659,0.173687,5.0381,0.285765,0,0.193918,18.9903,1.33525,103.16,0.193918,-0.0774141,0.7518686950206757,-2.836673326790333,0.291629,177.8000030517578,,,,,,,174.7,4.991428571,174.7,4.991428571,,,,,,,,,,,,,,,,,,,"Spencer Steer","26323",668715
"Isiah Kiner-Falefa","PIT",35,152,141,37,30,6,1,1,15,13,7,0,23,2,1,1,,5,1,0.264622,0.0460678,0.153801,0.299528,0.307134,0.341435,0.286697,0.648569,0.0768131,5.45726,0.308309,0,0.247365,14.5503,-3.30773,80.083,0.247365,0.167475,-3.310072809457779,1.1304380297660828,0.287702,373.9700012207031,,,,,,,132.4,3.782857142,132.4,3.782857142,,,,,,,,,,,,,,,,,,,"Isiah Kiner-Falefa","16512",643396
"Yohel Pozo","STL",18,71,69,19,13,4,0,2,7,10,2,0,8,0,0,0,,0,0,0.275407,0.0270308,0.108521,0.249084,0.294755,0.426304,0.30931,0.721059,0.150897,2.0148,0.284536,0,-0.159799,8.12073,-0.245858,99.3663,-0.159799,-0.655423,-0.21282405778765678,0.6593919396400452,0.285559,999,,,,,,,73.8,4.1,73.8,4.1,,,,,,,,,,,,,,,,,,,"Yohel Pozo","18848",650968
"Edmundo Sosa","PHI",16,71,65,17,11,3,1,2,9,9,3,0,16,2,0,1,,1,0,0.254809,0.0423023,0.22976,0.184116,0.306427,0.411858,0.312808,0.718285,0.157049,5.55757,0.30914,0,-0.0670376,8.27628,-0.0439307,97.9621,-0.0670376,0.355014,-0.2366284653544426,0.6460636258125305,0.280415,531.2100219726562,,,,,,,80.3,5.01875,80.3,5.01875,,,,,,,,,,,,,,,,,,,"Edmundo Sosa","17022",624641
"Alex Call","LAD",15,66,56,13,9,3,0,1,8,7,8,0,12,1,0,1,,1,0,0.237799,0.118198,0.181421,0.651511,0.34091,0.367019,0.317263,0.707928,0.12922,4.81977,0.277056,0,-0.0737627,7.89185,0.195655,103.133,-0.0737627,0.674014,0.1673981100320816,0.37663742899894714,0.276365,734.739990234375,,,,,,,63.8,4.253333333,63.8,4.253333333,,,,,,,,,,,,,,,,,,,"Alex Call","19296",669743
"Hyeseong Kim","LAD",16,71,65,18,14,3,0,1,9,8,5,0,12,0,0,0,,3,0,0.273724,0.0649812,0.166315,0.390713,0.323519,0.370782,0.305007,0.694301,0.097058,6.50427,0.320555,0,0.305018,7.829,-0.491208,94.6884,0.305018,0.22189,-0.13699480891227722,0.48763106763362885,0.274375,487.30999755859375,,,,,,,74.6,4.6625,74.6,4.6625,,,,,,,,,,,,,,,,,,,"Hyeseong Kim","35322",808975
"Liam Hicks","MIA",26,105,90,23,17,4,0,1,10,11,11,0,17,3,1,0,,0,0,0.251509,0.105645,0.159258,0.663357,0.348753,0.340879,0.31256,0.689631,0.0893696,2.81425,0.294746,0,-0.205851,12.2869,-0.0864846,97.9646,-0.205851,-0.764857,-0.4577397257089615,-0.3409369885921478,0.272431,746.1599731445312,,,,,,,101.8,3.915384615,101.8,3.915384615,,,,,,,,,,,,,,,,,,,"Liam Hicks","29844",689414
"Luis Torrens","NYM",18,71,65,15,10,3,0,2,6,7,5,0,17,0,0,0,,0,0,0.22953,0.0733826,0.243223,0.301709,0.289996,0.356997,0.285405,0.646993,0.127467,2.548,0.287943,0,-0.136999,6.74333,-1.62442,84.5886,-0.136999,0.26475,-1.4268224090337753,1.656724900007248,0.263336,622.3400268554688,,,,,,,61.5,3.416666666,61.5,3.416666666,,,,,,,,,,,,,,,,,,,"Luis Torrens","15905",620443
"Danny Jansen","MIL",12,48,41,9,5,2,0,2,6,6,6,0,11,1,0,0,,0,0,0.213045,0.114901,0.2332,0.492716,0.31413,0.398558,0.314434,0.712688,0.185513,1.58487,0.241082,0,-0.0740133,5.68313,0.0335028,102.148,-0.0740133,-0.0194754,0.04737415909767151,0.9203394334763288,0.261256,304.8299865722656,,,,,,,55,4.583333333,55,4.583333333,,,,,,,,,,,,,,,,,,,"Danny Jansen","16535",643376
"Pedro Pagés","STL",20,81,74,16,11,3,0,2,7,9,5,0,21,1,1,0,,0,0,0.221333,0.067594,0.260992,0.258988,0.277967,0.347486,0.275111,0.625453,0.126153,2.80257,0.280453,0,-0.0547492,6.9542,-2.50822,75.8021,-0.0547492,0.586438,-2.344880022108555,2.160512387752533,0.252141,565.75,,,,,,,61.1,3.055,61.1,3.055,,,,,,,,,,,,,,,,,,,"Pedro Pages","25782",686780
"Max Kepler","PHI",24,103,91,21,12,4,0,4,13,12,10,0,20,1,1,0,,1,0,0.228895,0.0952203,0.198704,0.479207,0.308604,0.405188,0.31132,0.713793,0.176294,3.94327,0.253474,0,-0.0229282,11.8769,-0.187377,96.9371,-0.0229282,0.578759,-0.39251271821558475,-0.5221667289733887,0.251661,347.260009765625,,,,,,,110.7,4.6125,110.7,4.6125,,,,,,,,,,,,,,,,,,,"Max Kepler","12144",596146
"Pavin Smith","ARI",22,97,84,21,13,4,0,3,12,12,12,0,23,0,1,0,,1,0,0.251934,0.122667,0.237338,0.516847,0.34444,0.416324,0.332977,0.760764,0.16439,3.36808,0.311334,0,-0.212954,12.8838,1.51965,112.292,-0.212954,-0.040281,1.184237539768219,-1.9168241992592812,0.250309,388.0400085449219,,,,,,,111.3,5.059090909,111.3,5.059090909,,,,,,,,,,,,,,,,,,,"Pavin Smith","19892",656976
"Josh Bell","WSN",36,154,136,33,21,5,0,5,16,17,16,0,30,1,1,0,,0,0,0.240114,0.105465,0.194031,0.543548,0.325784,0.405399,0.320728,0.731183,0.165285,1.7405,0.268315,0,-0.430016,18.9887,0.892259,105.123,-0.430016,-0.486707,0.49729329347610474,-3.3276021480560303,0.227695,334.1600036621094,,,,,,,161.3,4.480555555,161.3,4.480555555,,,,,,,,,,,,,,,,,,,"Josh Bell","13145",605137
"Jordan Beck","COL",34,147,133,34,22,7,1,4,17,16,12,0,41,1,1,0,,4,1,0.257106,0.084671,0.281883,0.300377,0.322624,0.418644,0.322932,0.741268,0.161538,5.65244,0.340354,0,0.045115,18.3779,1.11346,93.3758,0.045115,0.117221,-1.0987258590757847,-1.5847851634025574,0.218938,400.1400146484375,,,,,,,164.8,4.847058823,164.8,4.847058823,,,,,,,,,,,,,,,,,,,"Jordan Beck","31431",687597
"Brady House","WSN",31,133,124,30,21,5,0,3,15,16,6,0,36,2,1,0,,1,1,0.237954,0.0450244,0.273047,0.164896,0.279538,0.36713,0.282279,0.646668,0.129175,4.30501,0.306093,0,-0.119373,12.2358,-3.36462,78.6301,-0.119373,0.750858,-3.4537758827209473,1.225395530462265,0.218018,999,,,,,,,109.8,3.541935483,109.8,3.541935483,,,,,,,,,,,,,,,,,,,"Brady House","29993",691781
"Gavin Lux","CIN",24,102,90,24,17,5,1,2,12,10,11,0,23,0,0,0,,1,0,0.267505,0.106652,0.223944,0.476243,0.346718,0.391659,0.326468,0.738377,0.124154,4.25123,0.338798,0,-0.0838328,13.0369,1.06396,104.483,-0.0838328,-0.310685,0.45299622416496277,-1.674882173538208,0.217489,329.2300109863281,,,,,,,118.3,4.929166666,118.3,4.929166666,,,,,,,,,,,,,,,,,,,"Gavin Lux","19955",666158
"Jordan Lawlar","ARI",20,88,79,17,12,4,0,1,11,9,7,0,22,2,1,0,,3,1,0.220538,0.0818949,0.24808,0.330114,0.298237,0.333496,0.282754,0.631733,0.112958,6.36338,0.284458,0,0.281356,8.15131,-2.19822,77.6867,0.281356,0.991424,-2.028383046388626,1.1827823519706726,0.209632,403.510009765625,,,,,,,67.1,3.355,67.1,3.355,,,,,,,,,,,,,,,,,,,"Jordan Lawlar","29976",691783
"Mickey Moniak","COL",27,119,111,28,16,5,2,6,15,16,6,0,31,1,1,0,,2,1,0.256262,0.051953,0.257962,0.201398,0.299454,0.480612,0.331819,0.780066,0.22435,6.01777,0.303066,0,-0.132665,15.6887,1.75233,99.499,-0.132665,-0.731074,-0.20249315351247787,-1.6485118865966797,0.209111,590.25,,,,,,,150.1,5.559259259,150.1,5.559259259,,,,,,,,,,,,,,,,,,,"Mickey Moniak","19956",666160
"Drew Millas","WSN",11,44,39,10,7,2,0,1,5,5,4,0,8,0,0,0,,1,0,0.248834,0.0848964,0.184148,0.461021,0.315459,0.363237,0.299442,0.678696,0.114403,5.30346,0.294342,0,0.105651,4.63468,-0.500075,90.4564,0.105651,0.115864,-0.38447804003953934,0.9700311571359634,0.20725,999,,,,,,,46.1,4.19090909,46.1,4.19090909,,,,,,,,,,,,,,,,,,,"Drew Millas","25643",686452
"Rhys Hoskins","MIL",16,69,60,14,8,3,0,3,8,10,8,0,19,1,1,0,,0,0,0.232282,0.11372,0.273856,0.415254,0.327235,0.44292,0.333636,0.770155,0.210638,2.93567,0.280155,0,-0.107684,9.21646,1.11948,115.379,-0.107684,-0.053236,1.1377528607845306,-1.3884211666882038,0.206214,259.55999755859375,,,,,,,82.3,5.14375,82.3,5.14375,,,,,,,,,,,,,,,,,,,"Rhys Hoskins","16472",656555
"Blaze Alexander","ARI",22,93,83,19,13,4,0,2,10,11,7,0,30,3,0,0,,1,1,0.23202,0.0749596,0.316681,0.236704,0.309715,0.357724,0.297266,0.667438,0.125704,4.33468,0.334231,0,-0.170012,9.72675,-1.23157,87.686,-0.170012,0.20662,-1.519668087363243,0.4658796489238739,0.205688,746.6199951171875,,,,,,,82.9,3.768181818,82.9,3.768181818,,,,,,,,,,,,,,,,,,,"Blaze Alexander","23789",677942
"Graham Pauley","MIA",26,112,100,22,14,5,0,3,13,11,9,0,26,1,1,0,,2,1,0.222833,0.0836355,0.232902,0.359102,0.295245,0.358991,0.288172,0.654236,0.136158,4.45057,0.272318,0,-0.0780503,10.8103,-2.29403,81.1608,-0.0780503,0.743208,-2.547256849706173,0.8634240031242371,0.202448,748.02001953125,,,,,,,96.9,3.726923076,96.9,3.726923076,,,,,,,,,,,,,,,,,,,"Graham Pauley","31363",688363
"Kyle Karros","COL",29,126,114,28,20,6,0,2,13,14,9,0,32,2,1,0,,1,1,0.247577,0.0733838,0.255515,0.287199,0.310968,0.358566,0.295886,0.669535,0.110989,3.95649,0.326531,0,-0.204569,12.9681,-1.80024,74.74,-0.204569,1.26168,-3.935747891664505,1.7109090089797974,0.194546,999,,,,,,,111.1,3.831034482,111.1,3.831034482,,,,,,,,,,,,,,,,,,,"Kyle Karros","33252",691720
"Miguel Andujar","CIN",20,88,82,24,17,4,0,2,10,11,5,0,12,0,1,0,,1,0,0.288408,0.0571673,0.138623,0.412394,0.330396,0.437756,0.332056,0.768152,0.149348,3.27219,0.312097,0,-0.123856,11.6677,1.31822,108.333,-0.123856,-0.124757,0.7387066259980202,-1.7482137233018875,0.192796,530.1199951171875,,,,,,,99.7,4.985,99.7,4.985,,,,,,,,,,,,,,,,,,,"Miguel Andujar","15878",609280
"Jacob Young","WSN",26,112,100,24,19,4,1,1,14,9,7,0,20,2,0,2,,6,2,0.238983,0.0656078,0.175113,0.374659,0.301173,0.305286,0.273225,0.606458,0.0663028,6.4805,0.290133,0,0.186791,9.46036,-3.64396,72.3914,0.186791,1.25519,-3.4317900836467743,1.6537989675998688,0.192776,294.55999755859375,,,,,,,93.9,3.611538461,93.9,3.611538461,,,,,,,,,,,,,,,,,,,"Jacob Young","29931",696285
"Tyler Locklear","ARI",25,107,95,22,14,5,0,3,14,14,9,0,29,3,1,0,,2,0,0.236862,0.0814968,0.273601,0.297867,0.321012,0.4046,0.318756,0.725612,0.167738,5.01034,0.304042,0,-0.00397865,13.0311,0.449354,102.493,-0.00397865,0.0303788,0.309800885617733,-1.9572755731642246,0.191212,725.6099853515625,,,,,,,110.7,4.428,110.7,4.428,,,,,,,,,,,,,,,,,,,"Tyler Locklear","31396",682988
"Heriberto Hernández","MIA",25,106,94,22,14,5,0,4,13,13,10,0,33,1,1,0,,1,0,0.236328,0.097062,0.311295,0.311801,0.317309,0.404698,0.316245,0.722007,0.16837,3.29136,0.322229,0,-0.127794,12.71,0.229735,100.504,-0.127794,-0.128124,-0.06489267200231552,-1.570716217160225,0.189525,999,,,,,,,116.2,4.648,116.2,4.648,,,,,,,,,,,,,,,,,,,"Heriberto Hernandez","24878",681715
"Henry Davis","PIT",20,79,70,15,9,3,0,2,9,9,7,0,21,2,0,0,,1,1,0.215474,0.0846987,0.261975,0.323308,0.302217,0.36666,0.295811,0.668877,0.151187,3.77042,0.268983,0,-0.163948,8.18701,-1.14206,86.3623,-0.163948,-0.665071,-1.4364528506994247,0.6559171676635742,0.187082,541.4000244140625,,,,,,,67.6,3.38,67.6,3.38,,,,,,,,,,,,,,,,,,,"Henry Davis","29617",680779
"Derek Hill","MIA",11,50,45,11,8,2,0,1,7,6,3,0,14,0,0,1,,2,0,0.25082,0.0632337,0.289239,0.218621,0.303663,0.400394,0.306889,0.704057,0.149574,6.79219,0.336081,0,0.10594,5.55582,-0.268321,94.0573,0.10594,0.336803,-0.2402372732758522,0.36211198568344116,0.179369,581.030029296875,,,,,,,44.6,4.054545454,44.6,4.054545454,,,,,,,,,,,,,,,,,,,"Derek Hill","16947",656537
"Dane Myers","MIA",19,83,76,19,14,3,0,2,10,10,6,0,21,1,0,0,,3,1,0.249789,0.072789,0.258126,0.281991,0.313788,0.372916,0.303474,0.686704,0.123126,5.37936,0.322569,0,0.117808,9.09576,-0.680489,91.7041,0.117808,0.384292,-0.6933675929903984,-0.30536824464797974,0.177479,658.6900024414062,,,,,,,81.8,4.305263157,81.8,4.305263157,,,,,,,,,,,,,,,,,,,"Dane Myers","22054",667472
"Starling Marte","NYM",17,74,67,18,13,3,0,2,9,8,5,0,15,2,1,0,,3,1,0.269174,0.0666341,0.203067,0.328138,0.334509,0.396314,0.321256,0.730823,0.127141,5.59486,0.324018,0,0.186854,9.19874,0.46252,109.291,0.186854,-0.0358434,0.9987057596445084,-1.7188680805265903,0.176299,457,,,,,,,85.2,5.011764705,85.2,5.011764705,,,,,,,,,,,,,,,,,,,"Starling Marte","9241",516782
"Dalton Rushing","LAD",9,34,29,7,4,1,0,1,4,5,4,0,9,1,0,0,,0,0,0.223521,0.104958,0.269614,0.38929,0.325419,0.396721,0.319151,0.72214,0.1732,2.44853,0.280248,0,-0.0678188,4.16571,0.154186,104.434,-0.0678188,-0.124898,0.11008594185113907,0.4761825278401375,0.175145,999,,,,,,,37.5,4.166666666,37.5,4.166666666,,,,,,,,,,,,,,,,,,,"Dalton Rushing","31382",687221
"Ronny Mauricio","NYM",16,69,65,15,10,3,0,2,8,8,4,0,17,0,0,0,,2,1,0.232898,0.0511887,0.250733,0.204156,0.276132,0.386541,0.286848,0.662673,0.153643,5.14755,0.282328,0,-0.0321876,6.61807,-1.49413,85.583,-0.0321876,0.539969,-1.201939020305872,0.6095673888921738,0.171549,644,,,,,,,59.5,3.71875,59.5,3.71875,,,,,,,,,,,,,,,,,,,"Ronny Mauricio","23698",677595
"Tyler Freeman","COL",33,144,125,35,25,7,1,2,18,15,11,0,16,5,1,0,,6,2,0.276294,0.0777831,0.114682,0.67825,0.357605,0.387893,0.331037,0.745499,0.1116,6.03524,0.303116,0,0.130086,18.8762,2.02775,98.9606,0.130086,-0.508118,-0.04507060348987579,-3.0073461532592773,0.169126,603,,,,,,,169.6,5.139393939,169.6,5.139393939,,,,,,,,,,,,,,,,,,,"Tyler Freeman","22532",671289
"Javier Sanoja","MIA",21,90,83,22,15,4,1,1,9,9,6,0,8,0,1,1,,2,1,0.262052,0.0616218,0.0911538,0.67602,0.30823,0.370998,0.297409,0.679228,0.108946,4.81368,0.279246,0,-0.384668,9.42647,-1.1818,87.5252,-0.384668,-0.156863,-1.7082716524600983,0.27971072494983673,0.157162,738.0499877929688,,,,,,,85.9,4.09047619,85.9,4.09047619,,,,,,,,,,,,,,,,,,,"Javier Sanoja","28253",691594
"Tyler Fitzgerald","SFG",15,64,58,14,8,3,0,2,8,7,4,0,19,1,0,1,,2,1,0.234157,0.0641902,0.303407,0.211565,0.293565,0.394967,0.300425,0.688532,0.16081,6.17743,0.315516,0,0.0978013,6.80964,-0.67855,94.3837,0.0978013,0.0143133,-0.3228337913751602,-0.23877313267439604,0.156833,242.5800018310547,,,,,,,63.9,4.26,63.9,4.26,,,,,,,,,,,,,,,,,,,"Tyler Fitzgerald","26208",666149
"Braxton Fulford","COL",12,49,43,10,6,2,0,1,6,6,3,0,13,1,0,0,,1,0,0.228709,0.0718379,0.277059,0.259288,0.304152,0.36164,0.295077,0.665793,0.132931,5.34844,0.304582,0,-0.0364841,4.97802,-0.727262,74.1827,-0.0364841,0.444172,-1.5097040459513664,1.3932458460330963,0.151483,999,,,,,,,42.1,3.508333333,42.1,3.508333333,,,,,,,,,,,,,,,,,,,"Braxton Fulford","29704",690924
"Jack Suwinski","PIT",16,67,58,13,7,3,0,3,8,8,8,0,20,1,0,0,,2,0,0.219765,0.120263,0.300504,0.400205,0.321194,0.415626,0.321709,0.73682,0.195862,5.53142,0.284262,0,0.166682,8.35804,0.443691,104.207,0.166682,-0.930026,0.49970802664756775,-1.2324954271316528,0.151458,606.4199829101562,,,,,,,82.5,5.15625,82.5,5.15625,,,,,,,,,,,,,,,,,,,"Jack Suwinski","22244",669261
"Michael Conforto","LAD",26,113,99,21,12,5,0,4,13,13,12,0,28,2,1,0,,0,0,0.216299,0.104083,0.243836,0.426855,0.311739,0.389368,0.308977,0.701106,0.173068,2.7255,0.257686,0,-0.17982,12.8906,-0.421722,97.4238,-0.17982,-0.508374,-0.5228297412395477,-1.723189115524292,0.150658,272.1300048828125,,,,,,,112.7,4.334615384,112.7,4.334615384,,,,,,,,,,,,,,,,,,,"Michael Conforto","16376",624424
"Nacho Alvarez Jr.","ATL",11,48,42,10,8,2,0,1,5,5,4,0,10,1,0,0,,1,0,0.245705,0.0892327,0.216336,0.412473,0.328106,0.335242,0.298598,0.663349,0.0895367,4.63593,0.308889,0,0.0405179,5.0365,-0.579636,89.8345,0.0405179,0.213279,-0.5304922834038734,0.4094207435846329,0.148455,742.6799926757812,,,,,,,46.1,4.19090909,46.1,4.19090909,,,,,,,,,,,,,,,,,,,"Nacho Alvarez Jr.","31765",805373
"Jake Fraley","CIN",18,78,69,17,12,3,0,2,10,9,8,0,16,1,0,0,,3,1,0.247755,0.101931,0.202242,0.504007,0.331907,0.38898,0.318065,0.720887,0.141224,5.11373,0.292028,0,0.13873,9.41461,0.282678,98.693,0.13873,0.0447186,0.01935505121946335,-1.1589850299060345,0.144548,377.7200012207031,,,,,,,83.6,4.644444444,83.6,4.644444444,,,,,,,,,,,,,,,,,,,"Jake Fraley","19260",641584
"Connor Norby","MIA",13,55,50,13,8,3,0,2,8,6,4,0,15,1,0,0,,1,0,0.250154,0.0707493,0.273549,0.258635,0.30988,0.404219,0.311852,0.714098,0.154064,4.90384,0.323497,0,-0.0704595,6.37162,-0.0765373,97.4767,-0.0704595,-0.380954,-0.2331942915916443,-0.18481165170669556,0.141789,282.1600036621094,,,,,,,67.2,5.169230769,67.2,5.169230769,,,,,,,,,,,,,,,,,,,"Connor Norby","29592",681393
"Andrew Vaughn","MIL",26,114,105,26,16,5,0,4,11,16,8,0,24,1,1,0,,0,0,0.247428,0.065985,0.210375,0.313655,0.303388,0.419314,0.313843,0.722701,0.171886,1.76499,0.280877,0,-0.137805,13.4488,0.0248906,101.741,-0.137805,-0.354082,0.09590640664100647,-2.4735266268253326,0.140337,269.1700134277344,,,,,,,119.7,4.603846153,119.7,4.603846153,,,,,,,,,,,,,,,,,,,"Andrew Vaughn","26197",683734
"Keibert Ruiz","WSN",17,68,64,16,11,3,0,2,6,8,3,0,7,1,0,0,,0,0,0.246416,0.0451737,0.105405,0.428571,0.287033,0.371469,0.287978,0.658502,0.125053,2.31909,0.254319,0,-0.117357,6.57841,-1.40899,82.5567,-0.117357,-0.7006,-1.5108752250671387,0.6281038522720337,0.138144,209.4499969482422,,,,,,,65.1,3.829411764,65.1,3.829411764,,,,,,,,,,,,,,,,,,,"Keibert Ruiz","19610",660688
"Miguel Rojas","LAD",9,39,36,9,6,2,0,1,4,4,3,0,5,0,0,0,,1,0,0.252313,0.0690271,0.127489,0.541436,0.308908,0.368157,0.298674,0.677065,0.115844,4.19946,0.27497,0,0.00475077,4.10621,-0.469903,90.3244,0.00475077,0.352308,-0.4380954382941127,0.49150514602661133,0.136583,693.4299926757812,,,,,,,40.5,4.5,40.5,4.5,,,,,,,,,,,,,,,,,,,"Miguel Rojas","7802",500743
"Eli White","ATL",11,46,42,10,7,1,0,1,6,5,3,0,13,1,0,0,,2,0,0.23613,0.0687343,0.274937,0.25,0.298567,0.372007,0.294577,0.670574,0.135877,7.29536,0.307987,0,0.167084,4.7001,-0.708038,87.0639,0.167084,0.528615,-0.5326473563909531,0.3388000577688217,0.13502,750.8099975585938,,,,,,,42.1,3.827272727,42.1,3.827272727,,,,,,,,,,,,,,,,,,,"Eli White","19346",642201
"Willi Castro","CHC",21,89,79,19,12,4,1,2,12,8,7,0,21,2,0,0,,2,1,0.235916,0.0739408,0.238787,0.309652,0.312662,0.371171,0.302871,0.683833,0.135255,6.26802,0.298243,0,-0.012187,9.6707,-0.770143,94.9766,-0.012187,-1.23907,-0.5367729654535651,-1.1029576361179352,0.130674,228.25,,,,,,,91.5,4.357142857,91.5,4.357142857,,,,,,,,,,,,,,,,,,,"Willi Castro","17338",650489
"Jake McCarthy","ARI",15,64,58,14,10,2,1,1,8,7,4,0,12,1,0,1,,3,1,0.250042,0.0686192,0.184849,0.371218,0.313823,0.376911,0.30401,0.690734,0.126869,7.70489,0.296663,0,0.295574,7.01358,-0.494905,92.3326,0.295574,-0.255665,-0.2802382707595825,-0.6198626458644867,0.122644,220.74000549316406,,,,,,,59.2,3.946666666,59.2,3.946666666,,,,,,,,,,,,,,,,,,,"Jake McCarthy","21622",664983
"Andruw Monasterio","MIL",6,27,24,6,4,1,0,0,4,3,3,0,7,0,0,0,,1,0,0.247722,0.0996284,0.24684,0.403614,0.328413,0.365947,0.309029,0.69436,0.118225,5.83594,0.324151,0,0.0244705,3.09607,-0.10011,98.4237,0.0244705,0.125362,-0.025920648127794266,0.30036188662052155,0.119755,750.3099975585938,,,,,,,23.4,3.9,23.4,3.9,,,,,,,,,,,,,,,,,,,"Andruw Monasterio","19455",655316
"Christian Koss","SFG",10,43,39,10,7,2,0,1,5,5,2,0,10,1,0,1,,1,0,0.248144,0.0490529,0.233567,0.210016,0.295276,0.370049,0.291456,0.665325,0.121906,5.70232,0.3103,0,0.00913324,4.23119,-0.760936,88.2037,0.00913324,0.187325,-0.5798592967912555,0.3518313467502594,0.119591,999,,,,,,,43.1,4.31,43.1,4.31,,,,,,,,,,,,,,,,,,,"Christian Koss","27653",683766
"Alex Freeland","LAD",10,43,37,8,6,2,0,1,5,5,4,0,12,1,0,0,,1,0,0.223618,0.0985773,0.281503,0.350182,0.313703,0.352596,0.297513,0.666299,0.128978,5.51474,0.300128,0,0.0803359,4.43956,-0.552569,89.5244,0.0803359,0.0313715,-0.442716121673584,0.20853205025196075,0.118959,999,,,,,,,39.9,3.99,39.9,3.99,,,,,,,,,,,,,,,,,,,"Alex Freeland","31665",690976
"Tommy Pham","PIT",28,123,109,27,19,5,0,2,14,12,12,0,28,1,1,0,,2,1,0.249963,0.0941005,0.226863,0.414789,0.322275,0.371416,0.306017,0.693691,0.121453,4.59056,0.310613,0,-0.0531008,13.6578,-0.750402,93.3947,-0.0531008,-0.475433,-1.0049711130559444,-1.8890131413936615,0.115492,422.7699890136719,,,,,,,115.5,4.125,115.5,4.125,,,,,,,,,,,,,,,,,,,"Tommy Pham","2967",502054
"Tyrone Taylor","NYM",13,57,52,11,7,3,0,1,7,5,3,0,13,1,0,0,,2,0,0.22093,0.0506049,0.231036,0.219034,0.27686,0.35888,0.277744,0.63574,0.137949,6.80115,0.271143,0,0.179156,5.01256,-1.64361,79.3094,0.179156,0.682798,-1.1982964873313904,0.45501989126205444,0.114336,669.5599975585938,,,,,,,43.5,3.346153846,43.5,3.346153846,,,,,,,,,,,,,,,,,,,"Tyrone Taylor","13675",621438
"James McCann","ARI",10,40,36,8,6,1,0,1,4,4,3,0,11,1,0,0,,0,0,0.233628,0.064244,0.265886,0.241623,0.294866,0.367996,0.292356,0.662862,0.134368,3.11309,0.296841,0,-0.00757327,3.96018,-0.678265,84.3026,-0.00757327,-0.235186,-0.7358194831758738,0.5364190638065338,0.1124,744.8300170898438,,,,,,,33.1,3.31,33.1,3.31,,,,,,,,,,,,,,,,,,,"James McCann","12859",543510
"Miguel Amaya","CHC",5,20,18,4,3,1,0,1,2,3,1,0,4,0,0,0,,0,0,0.250502,0.068766,0.20697,0.332251,0.318984,0.411558,0.319747,0.730542,0.161055,1.79215,0.293121,0,-0.0305582,2.43723,0.0994562,106.605,-0.0305582,-0.116934,0.12388000451028347,0.27195458859205246,0.107633,340.9800109863281,,,,,,,19.7,3.94,19.7,3.94,,,,,,,,,,,,,,,,,,,"Miguel Amaya","21693",665804
"Jose Iglesias","SDP",14,58,54,14,10,3,0,1,6,6,3,0,10,1,0,0,,1,0,0.254251,0.0496578,0.166392,0.298439,0.300577,0.342744,0.284679,0.643321,0.0884927,3.49015,0.296894,0,-0.0859948,5.49727,-1.3669,84.0543,-0.0859948,-0.0491124,-1.1807363405823708,0.28622711449861526,0.10476,643.3099975585938,,,,,,,56.4,4.028571428,56.4,4.028571428,,,,,,,,,,,,,,,,,,,"Jose Iglesias","10231",578428
"Liover Peguero","PIT",25,109,101,23,16,5,1,3,12,12,6,0,27,1,1,1,,3,1,0.232646,0.0573803,0.24875,0.230675,0.280378,0.36587,0.282587,0.646248,0.133223,5.28706,0.291219,0,0.0554723,10.0545,-2.73018,77.2508,0.0554723,0.0635658,-2.853475905954838,0.3043065220117569,0.104403,999,,,,,,,100.1,4.004,100.1,4.004,,,,,,,,,,,,,,,,,,,"Liover Peguero","24273",678894
"Rafael Marchán","PHI",8,32,29,6,5,1,0,0,3,3,3,0,5,1,0,0,,0,0,0.220223,0.0847254,0.157845,0.536765,0.299933,0.308901,0.275538,0.608834,0.088678,2.32618,0.254078,0,-0.0946293,2.80649,-0.997032,72.2814,-0.0946293,0.466279,-1.1491056010127068,1.0989954769611359,0.103816,707.3800048828125,,,,,,,19.5,2.4375,19.5,2.4375,,,,,,,,,,,,,,,,,,,"Rafael Marchan","21646",665561
"Paul DeJong","WSN",17,74,68,14,9,3,0,3,8,9,5,0,23,1,0,0,,1,0,0.211953,0.0632371,0.312106,0.202614,0.271817,0.389569,0.288102,0.661387,0.177617,3.14927,0.267315,0,-0.100425,7.20263,-1.53359,82.6425,-0.100425,0.34751,-1.6170896366238594,0.14504049718379974,0.0990646,426.1700134277344,,,,,,,67.2,3.952941176,67.2,3.952941176,,,,,,,,,,,,,,,,,,,"Paul DeJong","18015",657557
"Riley Adams","WSN",14,54,48,10,6,2,0,2,5,6,4,0,17,1,0,0,,0,0,0.214183,0.0738771,0.320206,0.230717,0.287709,0.381731,0.2933,0.66944,0.167548,2.95632,0.289107,0,-0.04637,5.42962,-0.88185,86.224,-0.04637,-0.817833,-0.9159958958625793,0.09960556030273438,0.0969506,748.2100219726562,,,,,,,47.6,3.4,47.6,3.4,,,,,,,,,,,,,,,,,,,"Riley Adams","19864",656180
"Reese McGuire","CHC",11,45,41,9,6,1,0,1,4,5,2,0,11,0,0,0,,0,0,0.215107,0.0548191,0.240174,0.228247,0.262244,0.330049,0.260905,0.592293,0.114943,3.06883,0.261531,0,-0.0000184173,3.35075,-1.90924,66.0607,-0.0000184173,0.378738,-1.7855516070503654,1.2537380456924438,0.0960599,999,,,,,,,27.7,2.518181818,27.7,2.518181818,,,,,,,,,,,,,,,,,,,"Reese McGuire","15674",624512
"Wilmer Flores","SFG",21,90,81,19,13,3,0,3,9,12,7,0,15,1,1,0,,0,0,0.240301,0.0827865,0.164494,0.503279,0.312135,0.383759,0.306323,0.695894,0.143459,1.61341,0.26087,0,-0.125038,10.0782,-0.530098,98.4475,-0.125038,0.0865759,-0.2897564470767975,-1.7672820538282394,0.0926042,619.8200073242188,,,,,,,86.3,4.109523809,86.3,4.109523809,,,,,,,,,,,,,,,,,,,"Wilmer Flores","5827",527038
"Troy Johnston","MIA",20,89,80,20,13,5,0,2,10,10,6,0,18,1,1,0,,2,0,0.24986,0.0682964,0.20658,0.330606,0.31231,0.380473,0.304157,0.692783,0.130613,5.27366,0.302502,0,0.0589181,9.72532,-0.674936,92.175,0.0589181,0.42811,-0.755046185106039,-1.2549152076244354,0.0914811,999,,,,,,,90.1,4.505,90.1,4.505,,,,,,,,,,,,,,,,,,,"Troy Johnston","26143",687859
"Will Benson","CIN",12,52,45,10,5,2,0,2,7,7,6,0,17,0,1,0,,2,1,0.215597,0.107608,0.328531,0.327545,0.304338,0.408471,0.310237,0.712809,0.192874,6.56351,0.291291,0,-0.0150319,5.94794,-0.140015,93.2987,-0.0150319,-0.0115755,-0.42308160569518805,-0.39429153874516487,0.0904464,686.0499877929688,,,,,,,54.6,4.55,54.6,4.55,,,,,,,,,,,,,,,,,,,"Will Benson","21853",666181
"Gavin Sheets","SDP",19,81,74,18,11,3,0,3,8,11,6,0,17,1,1,0,,0,0,0.238818,0.078846,0.211691,0.372458,0.302591,0.404039,0.307495,0.706631,0.165221,1.97277,0.272219,0,-0.14203,9.16738,-0.400863,99.7754,-0.14203,-0.264327,-0.16352632641792297,-1.7069195806980133,0.0819766,557.0700073242188,,,,,,,84.7,4.457894736,84.7,4.457894736,,,,,,,,,,,,,,,,,,,"Gavin Sheets","19901",657757
"Thomas Saggese","STL",8,33,30,8,5,1,0,1,4,4,2,0,9,1,0,0,,0,0,0.247084,0.0504032,0.259883,0.193946,0.295385,0.381713,0.296001,0.677099,0.134629,4.85573,0.316804,0,-0.0324103,3.38876,-0.466946,90.1961,-0.0324103,-0.0097075,-0.4104907289147377,0.10757644847035408,0.0793427,694.5,,,,,,,36.1,4.5125,36.1,4.5125,,,,,,,,,,,,,,,,,,,"Thomas Saggese","27883",695336
"Justin Turner","CHC",14,60,53,13,9,2,0,1,7,6,6,0,11,1,1,0,,0,0,0.246641,0.0928131,0.175504,0.528838,0.326715,0.370934,0.309265,0.697648,0.124293,2.4188,0.28112,0,-0.0940127,6.82279,-0.208803,99.3825,-0.0940127,0.0398503,-0.13743992149829865,-1.1462607607245445,0.0695778,537.5399780273438,,,,,,,56,4,56,4,,,,,,,,,,,,,,,,,,,"Justin Turner","5235",457759
"Ryan Ritter","COL",7,28,25,6,4,1,0,1,4,4,2,0,8,1,0,0,,1,0,0.24696,0.0708137,0.289156,0.244898,0.319306,0.380738,0.308587,0.700043,0.133778,6.48023,0.340536,0,0.0596577,3.2137,-0.114383,83.4913,0.0596577,0.0397785,-0.4898674935102463,0.16632168367505074,0.062108,999,,,,,,,31.8,4.542857142,31.8,4.542857142,,,,,,,,,,,,,,,,,,,"Ryan Ritter","31500",690022
"Andrew McCutchen","PIT",28,121,105,25,17,5,0,3,13,12,14,0,28,1,1,0,,1,0,0.234152,0.119531,0.234832,0.509007,0.330795,0.374895,0.313305,0.70569,0.140743,2.50372,0.286904,0,-0.20243,14.1789,-0.0262883,98.4169,-0.20243,0.00340028,-0.42734868824481964,-2.971908379578963,0.0577758,589.6199951171875,,,,,,,124.6,4.45,124.6,4.45,,,,,,,,,,,,,,,,,,,"Andrew McCutchen","9847",457705
"Jesse Winker","NYM",5,21,18,4,3,1,0,1,2,2,3,0,4,0,0,0,,0,0,0.240764,0.132336,0.206029,0.642317,0.351142,0.389163,0.328694,0.740304,0.148399,4.22058,0.288085,0,-0.0169857,2.75617,0.260107,114.417,-0.0169857,-0.0716701,0.34292986802756786,-0.5019169598817825,0.0551759,400.7099914550781,,,,,,,25.7,5.14,25.7,5.14,,,,,,,,,,,,,,,,,,,"Jesse Winker","13590",608385
"José Tena","WSN",7,30,28,7,5,2,0,1,3,3,2,0,8,0,0,0,,1,0,0.252746,0.0612474,0.261858,0.233895,0.302211,0.382287,0.299289,0.684497,0.129541,5.01072,0.331165,0,-0.0467134,3.18797,-0.348113,90.3509,-0.0467134,-0.194786,-0.3879779279232025,-0.08722378313541412,0.0524886,572.280029296875,,,,,,,34.3,4.9,34.3,4.9,,,,,,,,,,,,,,,,,,,"Jose Tena","23691",677588
"Brandon Lockridge","MIL",5,20,18,4,3,1,0,0,2,2,2,0,6,0,0,0,,1,0,0.24298,0.0790118,0.278835,0.283365,0.308703,0.33175,0.286015,0.640453,0.0887705,6.92972,0.338013,0,0.159841,1.8987,-0.445166,82.5659,0.159841,0.210669,-0.24886395037174225,0.10048393905162811,0.0519053,737.8499755859375,,,,,,,15.2,3.04,15.2,3.04,,,,,,,,,,,,,,,,,,,"Brandon Lockridge","21496",663604
"Elias Díaz","SDP",16,62,56,12,8,2,0,1,6,6,4,0,14,0,0,0,,0,0,0.216118,0.0688694,0.23529,0.2927,0.273435,0.328179,0.266084,0.601614,0.112061,1.33812,0.26614,0,-0.0849554,4.86152,-2.36518,71.2418,-0.0849554,-0.553386,-2.1636046692728996,0.6487745642662048,0.0514252,481.6700134277344,,,,,,,38.4,2.4,38.4,2.4,,,,,,,,,,,,,,,,,,,"Elias Diaz","11680",553869
"Nick Castellanos","PHI",38,165,153,39,25,8,0,6,19,22,9,0,37,1,1,0,,2,0,0.257149,0.0548001,0.227098,0.241306,0.302508,0.424575,0.313839,0.727083,0.167426,4.20855,0.30377,0,0.00689144,19.3798,0.0353545,98.6727,0.00689144,-2.86934,-0.24991391832008958,-4.659928679466248,0.0498358,172.5399932861328,,,,,,,178.8,4.705263157,178.8,4.705263157,,,,,,,,,,,,,,,,,,,"Nick Castellanos","11737",592206
"Jose Siri","NYM",2,11,10,2,1,0,0,0,1,1,1,0,4,0,0,0,,0,0,0.211142,0.0708922,0.359674,0.197101,0.275025,0.402109,0.293926,0.677135,0.190967,6.67652,0.293067,0,0.012552,1.07904,-0.168993,90.4596,0.012552,0.188848,-0.10653678886592388,0.22681068256497383,0.0481083,441.3900146484375,,,,,,,4.2,2.1,4.2,2.1,,,,,,,,,,,,,,,,,,,"Jose Siri","17452",642350
"Santiago Espinal","CIN",8,35,32,8,6,1,0,0,3,3,2,0,5,0,0,0,,1,0,0.257087,0.067958,0.133222,0.510112,0.311237,0.339505,0.288791,0.650743,0.0824185,3.74525,0.290121,0,-0.00180857,3.36544,-0.693198,78.5217,-0.00180857,0.221221,-0.8736961977556348,0.20887494832277298,0.0479807,657.530029296875,,,,,,,23.6,2.95,23.6,2.95,,,,,,,,,,,,,,,,,,,"Santiago Espinal","19997",669289
"Joe Mack","MIA",3,11,10,2,2,0,0,0,1,1,1,0,3,0,0,0,,0,0,0.224742,0.0716981,0.267925,0.267606,0.287335,0.356701,0.28398,0.644036,0.131959,2.22827,0.287879,0,-0.0118829,1.05972,-0.271509,78.2719,-0.0118829,0.154711,-0.3011875497177243,0.3761615455150604,0.0458387,999,,,,,,,4.2,1.4,4.2,1.4,,,,,,,,,,,,,,,,,,,"Joe Mack","sa3017374",691788
"Ildemaro Vargas","ARI",2,10,10,2,2,1,0,0,1,1,1,0,1,0,0,0,,0,0,0.260186,0.0567214,0.113688,0.49892,0.306471,0.373369,0.298093,0.679839,0.113182,4.68939,0.283435,0,-0.0049288,1.08769,-0.129906,88.2555,-0.0049288,0.161473,-0.1479551838710904,0.2108556032180786,0.0413428,999,,,,,,,7.1,3.55,7.1,3.55,,,,,,,,,,,,,,,,,,,"Ildemaro Vargas","13324",545121
"Cam Devanney","PIT",5,21,19,4,3,1,0,0,2,2,2,0,5,0,0,0,,0,0,0.224299,0.0756302,0.262605,0.288,0.293249,0.36215,0.289216,0.655398,0.13785,4.08069,0.290541,0,-0.038904,2.02639,-0.40879,81.8182,-0.038904,0.0576,-0.4817451946437359,0.193402461707592,0.0401443,999,,,,,,,12.3,2.46,12.3,2.46,,,,,,,,,,,,,,,,,,,"Cam Devanney","sa1170010",687478
"Jerar Encarnacion","SFG",4,18,16,4,2,1,0,1,2,2,1,0,6,0,0,0,,0,0,0.241617,0.0718738,0.324802,0.221285,0.298245,0.421222,0.311997,0.719467,0.179605,3.59593,0.324721,0,-0.0113392,2.05744,-0.0226101,102.357,-0.0113392,0.0474374,0.03769382927566767,-0.23095765337347984,0.0397371,444,,,,,,,21.7,5.425,21.7,5.425,,,,,,,,,,,,,,,,,,,"Jerar Encarnacion","21871",666464
"Christian Encarnacion-Strand","CIN",6,26,24,6,4,1,0,1,3,4,1,0,7,0,0,0,,0,0,0.251885,0.0509688,0.269452,0.189157,0.299144,0.457334,0.324223,0.756478,0.205449,3.31506,0.302799,0,-0.0526399,3.26738,0.223403,102.936,-0.0526399,-0.0123218,0.036745619028806686,-0.5123217990621924,0.0383522,213.66000366210938,,,,,,,24.9,4.15,24.9,4.15,,,,,,,,,,,,,,,,,,,"Christian Encarnacion-Strand","30011",687952
"Dominic Smith","SFG",13,57,51,12,8,3,0,1,5,6,4,0,12,1,0,0,,0,0,0.242159,0.0726405,0.209462,0.346795,0.307225,0.373164,0.299385,0.680389,0.131005,2.61598,0.287838,0,-0.0575353,6.00531,-0.650854,93.6672,-0.0575353,0.139928,-0.4791315086185932,-1.0242696702480316,0.0362547,729.5,,,,,,,49.3,3.792307692,49.3,3.792307692,,,,,,,,,,,,,,,,,,,"Dominic Smith","15653",642086
"Justin Dean","LAD",5,23,20,4,3,1,0,0,3,2,2,0,8,0,0,0,,1,0,0.204871,0.0908539,0.339484,0.267623,0.288869,0.286294,0.262401,0.575163,0.0814231,7.15446,0.313933,0,0.121504,1.75042,-0.953645,65.3306,0.121504,0.429264,-0.8161520063877106,0.41028267703950405,0.0357748,999,,,,,,,13.2,2.64,13.2,2.64,,,,,,,,,,,,,,,,,,,"Justin Dean","25005",681909
"Grant McCray","SFG",9,37,34,8,5,1,0,1,5,4,3,0,13,0,0,0,,1,0,0.22548,0.0747779,0.342271,0.218476,0.29034,0.368412,0.289167,0.658752,0.142932,7.72661,0.334255,0,0.074353,3.63337,-0.734739,86.6262,0.074353,-0.0948598,-0.5099352821707726,-0.36692768335342413,0.0350652,731.6599731445312,,,,,,,34,3.777777777,34,3.777777777,,,,,,,,,,,,,,,,,,,"Grant McCray","25690",687529
"Jake Bauers","MIL",7,29,25,5,3,1,0,1,3,4,4,0,9,0,0,0,,1,0,0.207339,0.121716,0.311737,0.390446,0.307766,0.387844,0.305836,0.69561,0.180505,5.08161,0.270343,0,0.0779751,3.22745,-0.181805,96.2236,0.0779751,-0.143449,-0.050795674324035645,-0.610116109251976,0.0297787,706.9299926757812,,,,,,,29.2,4.171428571,29.2,4.171428571,,,,,,,,,,,,,,,,,,,"Jake Bauers","15194",641343
"Luke Williams","ATL",5,23,21,5,3,1,0,0,3,3,2,0,6,0,0,0,,1,0,0.223053,0.0739713,0.281041,0.263205,0.284848,0.343308,0.277711,0.628157,0.120255,6.66668,0.297688,0,0.116662,2.03573,-0.668333,75.4422,0.116662,0.0439074,-0.5475181341171265,0.07554317638278008,0.0289843,999,,,,,,,17.8,3.56,17.8,3.56,,,,,,,,,,,,,,,,,,,"Luke Williams","19931",663897
"Alexander Canario","PIT",14,59,53,11,7,2,0,2,7,7,5,0,19,0,0,0,,1,0,0.215173,0.0836954,0.320534,0.261113,0.284354,0.389885,0.294708,0.67424,0.174712,4.52288,0.284434,0,-0.0824131,6.00261,-0.897079,85.6026,-0.0824131,-0.0605643,-1.0759699121117592,-0.5667370893061161,0.0289213,747.030029296875,,,,,,,50.1,3.578571428,50.1,3.578571428,,,,,,,,,,,,,,,,,,,"Alexander Canario","22842",672744
"Deyvison De Los Santos","MIA",12,53,50,13,8,2,0,2,6,7,2,0,15,0,0,0,,0,0,0.250916,0.0415944,0.280763,0.148148,0.287695,0.42674,0.30708,0.714435,0.175824,2.78233,0.312155,0,-0.0905232,5.96087,-0.279288,94.1886,-0.0905232,0.15687,-0.45322808623313904,-1.0199822932481766,0.0274381,493.6499938964844,,,,,,,53.4,4.45,53.4,4.45,,,,,,,,,,,,,,,,,,,"Deyvison De Los Santos","sa3015168",691277
"Otto Kemp","PHI",10,43,38,8,5,2,0,1,5,5,3,0,11,2,0,0,,1,1,0.220803,0.0691066,0.269824,0.256117,0.304891,0.350033,0.291322,0.654924,0.12923,6.08024,0.292786,0,-0.127055,4.22656,-0.76556,83.1574,-0.127055,-0.045533,-0.9680109471082687,-0.17207622900605202,0.0259033,999,,,,,,,36.1,3.61,36.1,3.61,,,,,,,,,,,,,,,,,,,"Otto Kemp","31792",805249
"Jose Herrera","ARI",9,35,30,6,5,1,0,0,4,3,3,0,8,0,0,1,,0,0,0.211558,0.0977611,0.221272,0.441815,0.292566,0.280804,0.261549,0.573371,0.0692464,2.3836,0.271799,0,-0.0894821,2.61834,-1.46349,63.0755,-0.0894821,0.0312716,-1.5969534143805504,0.7102839648723602,0.0258565,750.510009765625,,,,,,,15.5,1.722222222,15.5,1.722222222,,,,,,,,,,,,,,,,,,,"Jose Herrera","17040",645444
"Jesus Rodriguez","SFG",2,6,6,2,1,0,0,0,1,1,0,0,1,0,0,0,,0,0,0.254386,0.072,0.176,0.409091,0.314667,0.380117,0.305793,0.694784,0.125731,5.51657,0.292593,0,-0.00415163,0.719913,-0.0407916,98.0823,-0.00415163,-0.0697872,-0.018742341082543135,0.056755974888801575,0.0256975,999,,,,,,,5.2,2.6,5.2,2.6,,,,,,,,,,,,,,,,,,,"Jesus Rodriguez","sa3008916",683679
"Jordan Walker","STL",21,90,82,20,13,4,0,2,9,11,6,0,23,1,0,0,,1,1,0.239139,0.0697575,0.253936,0.274705,0.29906,0.383831,0.299316,0.68289,0.144692,4.01112,0.3006,0,-0.149659,9.51559,-1.03687,92.4803,-0.149659,-0.796371,-0.9433194696903229,-1.759333610534668,0.024687,295.69000244140625,,,,,,,80.5,3.833333333,80.5,3.833333333,,,,,,,,,,,,,,,,,,,"Jordan Walker","27475",691023
"Billy Cook","PIT",2,10,9,2,1,0,0,0,1,1,1,0,3,0,0,0,,0,0,0.23024,0.0743034,0.277127,0.268121,0.298102,0.379473,0.296946,0.677575,0.149233,6.23819,0.298539,0,0.0165819,1.07807,-0.139525,87.145,0.0165819,0.157298,-0.13996854610741138,0.03384104371070862,0.02398,720.0700073242188,,,,,,,5.2,2.6,5.2,2.6,,,,,,,,,,,,,,,,,,,"Billy Cook","29573",695257
"Owen Caissie","CHC",5,20,18,4,3,1,0,0,2,2,2,0,7,0,0,0,,0,0,0.242064,0.0952381,0.33157,0.287234,0.319788,0.382937,0.309099,0.702725,0.140873,3.84507,0.354098,0,-0.0400292,2.27158,-0.0722811,99.2682,-0.0400292,0.0297231,-0.05718506500124931,-0.36564728803932667,0.0237132,741.4000244140625,,,,,,,13.3,2.66,13.3,2.66,,,,,,,,,,,,,,,,,,,"Owen Caissie","27496",683357
"Weston Wilson","PHI",2,11,9,2,1,0,0,0,1,1,1,0,3,0,0,0,,0,0,0.223887,0.0968806,0.289513,0.334633,0.301235,0.404516,0.307812,0.705751,0.180629,4.84618,0.280945,0,0.00840362,1.19847,-0.0495588,94.5197,0.00840362,-0.100185,-0.06000420916825533,-0.0622224323451519,0.0231984,750.510009765625,,,,,,,5.2,2.6,5.2,2.6,,,,,,,,,,,,,,,,,,,"Weston Wilson","19358",642215
"Jorge Barrosa","ARI",5,21,19,4,3,1,0,0,2,2,2,0,4,0,0,0,,0,0,0.22438,0.0770006,0.209822,0.36698,0.29182,0.334868,0.278645,0.626688,0.110488,5.47887,0.275506,0,-0.0323866,1.84899,-0.586197,74.8551,-0.0323866,0.239204,-0.6448237746953964,0.18982122838497162,0.0230247,999,,,,,,,12.3,2.46,12.3,2.46,,,,,,,,,,,,,,,,,,,"Jorge Barrosa","23968",678489
"Noelvi Marte","CIN",20,86,80,21,14,4,0,2,11,11,5,0,20,1,1,0,,3,1,0.255576,0.0545257,0.236797,0.230263,0.30254,0.401979,0.306746,0.704518,0.146403,5.59382,0.313444,0,0.00396195,9.66912,-0.477474,90.8932,0.00396195,-0.740127,-0.9202375756576657,-1.6907439827919006,0.0224765,499.42999267578125,,,,,,,88.9,4.445,88.9,4.445,,,,,,,,,,,,,,,,,,,"Noelvi Marte","26517",682622
"Andrés Chaparro","WSN",5,21,19,5,3,1,0,1,2,3,2,0,5,0,0,0,,0,0,0.242128,0.0757467,0.213058,0.355522,0.3075,0.405978,0.310364,0.713477,0.16385,3.17273,0.281061,0,-0.0236288,2.44084,-0.0552227,97.9817,-0.0236288,0.0395081,-0.07401707023382187,-0.42870181053876877,0.0198673,748.9099731445312,,,,,,,27.3,5.46,27.3,5.46,,,,,,,,,,,,,,,,,,,"Andres Chaparro","21797",665953
"Will Wagner","SDP",1,5,5,1,1,0,0,0,1,1,1,0,1,0,0,0,,0,0,0.265106,0.101758,0.177739,0.572512,0.347662,0.375024,0.322126,0.722686,0.109918,3.71879,0.317544,0,-0.00643652,0.660794,0.0367781,109.857,-0.00643652,-0.0172615,0.05508292280137539,-0.03624298982322216,0.0198121,526.3900146484375,,,,,,,3.6,3.6,3.6,3.6,,,,,,,,,,,,,,,,,,,"Will Wagner","29634",695238
"Daylen Lile","WSN",28,122,111,26,17,5,2,1,14,12,9,0,25,2,1,0,,3,1,0.239189,0.0715193,0.201809,0.35439,0.302692,0.364981,0.29368,0.667673,0.125792,6.73705,0.292668,0,-0.0961372,12.3846,-1.96778,86.4856,-0.0961372,-0.186455,-2.0361223965883255,-1.7745720595121384,0.0197272,999,,,,,,,105.8,3.778571428,105.8,3.778571428,,,,,,,,,,,,,,,,,,,"Daylen Lile","29995",695734
"Nick Yorke","PIT",5,21,19,5,3,1,0,0,2,2,2,0,5,0,0,0,,0,0,0.242063,0.0792793,0.230631,0.34375,0.306306,0.347222,0.289719,0.653529,0.105159,4.53294,0.305405,0,-0.019613,2.03483,-0.400349,82.1648,-0.019613,0.114286,-0.45401269383728504,-0.033862434327602386,0.019648,563.4500122070312,,,,,,,17.9,3.58,17.9,3.58,,,,,,,,,,,,,,,,,,,"Nick Yorke","27504",694377
"Bryce Johnson","SDP",2,7,6,2,1,0,0,0,1,1,1,0,2,0,0,0,,0,0,0.247683,0.085125,0.264087,0.322337,0.323545,0.335044,0.295819,0.658589,0.0873614,6.60816,0.341489,0,0.0216879,0.730216,-0.101805,91.7305,0.0216879,0.0308925,-0.04712824150919914,0.005583873018622398,0.0195683,999,,,,,,,8.2,4.1,8.2,4.1,,,,,,,,,,,,,,,,,,,"Bryce Johnson","20002",669369
"Luis Matos","SFG",5,23,21,5,3,1,0,1,2,3,1,0,3,0,0,0,,0,0,0.234096,0.0552862,0.126807,0.435986,0.283908,0.37869,0.288863,0.662598,0.144594,4.08969,0.242743,0,0.0086581,2.24356,-0.460504,86.4167,0.0086581,-0.0346486,-0.3587102657184005,-0.20548194646835327,0.0195116,570.9000244140625,,,,,,,22.3,4.46,22.3,4.46,,,,,,,,,,,,,,,,,,,"Luis Matos","26467",682641
"Garrett Hampson","STL",6,26,23,5,4,1,0,0,3,2,2,0,7,0,0,0,,1,0,0.220103,0.0822291,0.253588,0.324263,0.288246,0.297426,0.26379,0.585672,0.0773233,6.66014,0.29952,0,0.023903,1.99961,-1.04437,68.0014,0.023903,0.189121,-0.9503069389611483,0.28171397745609283,0.0185252,747.989990234375,,,,,,,15.8,2.633333333,15.8,2.633333333,,,,,,,,,,,,,,,,,,,"Garrett Hampson","19262",641658
"Brett Wisely","SFG",1,5,5,1,1,0,0,0,1,1,0,0,1,0,0,0,,0,0,0.24294,0.0808374,0.225806,0.357995,0.307987,0.370919,0.299346,0.678906,0.127979,4.52739,0.302208,0,-0.0185756,0.562829,-0.0611862,93.6402,-0.0185756,0.0377039,-0.058268848806619644,0.056685397401452065,0.0177142,749.219970703125,,,,,,,0.6,0.6,0.6,0.6,,,,,,,,,,,,,,,,,,,"Brett Wisely","27735",689172
"Drew Gilbert","SFG",24,105,94,21,14,4,0,3,10,11,8,0,23,2,1,0,,1,1,0.219952,0.0739446,0.223873,0.330297,0.290299,0.358673,0.286102,0.648972,0.138721,3.88053,0.259778,0,-0.117167,9.94886,-2.32345,84.5147,-0.117167,-0.171639,-2.017919272184372,-1.2409292459487915,0.0168242,999,,,,,,,92.5,3.854166666,92.5,3.854166666,,,,,,,,,,,,,,,,,,,"Drew Gilbert","31545",687551
"Maximo Acosta","MIA",1,5,5,1,1,0,0,0,1,1,0,0,1,0,0,0,,0,0,0.254042,0.0575693,0.183369,0.313954,0.301282,0.367206,0.293287,0.668488,0.113164,5.43607,0.297376,0,-0.00652492,0.536772,-0.0872433,84.6851,-0.00652492,0.0337434,-0.10210990440100431,0.07803348451852798,0.0154037,999,,,,,,,0.6,0.6,0.6,0.6,,,,,,,,,,,,,,,,,,,"Maximo Acosta","sa3014711",691185
"Johan Rojas","PHI",2,7,6,2,1,0,0,0,1,1,0,0,1,0,0,0,,0,0,0.238484,0.0500022,0.210308,0.237757,0.282839,0.334204,0.27173,0.617044,0.0957204,7.93565,0.295163,0,0.0444732,0.592089,-0.239932,69.658,0.0444732,0.0970493,-0.20802487432956696,0.12235795333981514,0.0150359,581.510009765625,,,,,,,5.2,2.6,5.2,2.6,,,,,,,,,,,,,,,,,,,"Johan Rojas","24336",679032
"Esteury Ruiz","LAD",1,4,3,1,1,0,0,0,0,0,0,0,1,0,0,0,,0,0,0.241817,0.0625614,0.237587,0.26332,0.311609,0.369585,0.301792,0.681194,0.127768,7.18643,0.305547,0,0.0243405,0.382231,-0.0337797,92.4727,0.0243405,0.0299753,-0.006979405879974365,0.017320982180535793,0.0129802,595.2899780273438,,,,,,,2.6,2.6,2.6,2.6,,,,,,,,,,,,,,,,,,,"Esteury Ruiz","21780",665923
"Enrique Hernández","LAD",3,12,11,2,2,1,0,0,1,1,1,0,3,0,0,0,,0,0,0.216639,0.078769,0.216448,0.363917,0.281591,0.362599,0.283356,0.64419,0.14596,2.9102,0.250925,0,-0.0216929,1.15281,-0.303227,79.7694,-0.0216929,0.022861,-0.3163110427558422,0.016533877700567245,0.0109191,556.4500122070312,,,,,,,6.1,2.033333333,6.1,2.033333333,,,,,,,,,,,,,,,,,,,"Enrique Hernandez","10472",571771
"Ji Hwan Bae","PIT",1,3,3,1,1,0,0,0,1,0,0,0,1,0,0,0,,0,0,0.260621,0.0852927,0.227516,0.374887,0.325791,0.373687,0.308082,0.699477,0.113065,7.23359,0.332447,0,0.00384835,0.390503,-0.0153608,94.8179,0.00384835,-0.00681592,-0.017187584657222033,0.005529762711375952,0.0104297,739.989990234375,,,,,,,2.6,2.6,2.6,2.6,,,,,,,,,,,,,,,,,,,"Ji Hwan Bae","23818",678225
"Joey Wiemer","MIA",4,16,14,3,2,1,0,0,2,2,2,0,5,0,0,0,,0,0,0.220812,0.0948081,0.286682,0.330709,0.302483,0.350254,0.2899,0.652737,0.129442,5.41527,0.3,0,0.00358326,1.56662,-0.305426,82.3513,0.00358326,0.0182975,-0.3268681669142097,-0.10191852785646915,0.00958492,749.469970703125,,,,,,,11.7,2.925,11.7,2.925,,,,,,,,,,,,,,,,,,,"Joey Wiemer","27690",686894
"Luisangel Acuña","NYM",1,5,5,1,1,0,0,0,1,0,0,0,1,0,0,0,,0,0,0.244731,0.0568687,0.206291,0.275672,0.29002,0.331611,0.274907,0.621631,0.0868797,6.79411,0.301432,0,0.0136284,0.457726,-0.166289,77.3545,0.0136284,0.00517543,-0.12770862504839897,0.036811232566833496,0.00853972,417.0899963378906,,,,,,,0.6,0.6,0.6,0.6,,,,,,,,,,,,,,,,,,,"Luisangel Acuna","26548",682668
"Jarred Kelenic","ATL",1,4,3,1,0,0,0,0,0,0,0,0,1,0,0,0,,0,0,0.24441,0.0872378,0.288128,0.302774,0.312011,0.422128,0.317827,0.734139,0.177718,4.6888,0.319346,0,-0.00597578,0.428205,0.0121942,103.084,-0.00597578,-0.0040898,0.006857388652861118,-0.04205275932326913,0.00830257,502.82000732421875,,,,,,,2.6,2.6,2.6,2.6,,,,,,,,,,,,,,,,,,,"Jarred Kelenic","22558",672284
"Justin Crawford","PHI",1,4,3,1,1,0,0,0,1,0,0,0,1,0,0,0,,0,0,0.272727,0.0483871,0.21371,0.226415,0.311609,0.376623,0.301542,0.688232,0.103896,7.23563,0.340909,0,0.00965779,0.381515,-0.0344949,90.1996,0.00965779,0.0079823,-0.031120159663259983,-0.0046720197424292564,0.00824126,999,,,,,,,2.6,2.6,2.6,2.6,,,,,,,,,,,,,,,,,,,"Justin Crawford","sa3020240",702222
"Brett Sullivan","PIT",1,3,3,1,0,0,0,0,0,0,0,0,0,0,0,0,,0,0,0.230213,0.0777129,0.1528,0.508593,0.295146,0.364214,0.289328,0.659359,0.134,4.57246,0.253557,0,-0.00155808,0.309072,-0.0620035,81.8959,-0.00155808,-0.0193434,-0.06875033723190427,0.042384954169392586,0.0079223,999,,,,,,,2.6,2.6,2.6,2.6,,,,,,,,,,,,,,,,,,,"Brett Sullivan","18217",664954
"Vidal Bruján","ATL",8,34,30,7,5,1,0,1,4,3,3,0,7,0,0,0,,1,1,0.227975,0.0820685,0.203144,0.403991,0.297257,0.338835,0.280895,0.636092,0.11086,6.38114,0.276025,0,-0.104968,3.06203,-0.890073,77.6362,-0.104968,-0.0947964,-0.9889713227748871,-0.03785190358757973,0.00774321,693.4500122070312,,,,,,,29.6,3.7,29.6,3.7,,,,,,,,,,,,,,,,,,,"Vidal Brujan","20536",660644
"Bryce Eldridge","SFG",4,16,14,4,2,1,0,0,2,2,1,0,5,0,0,0,,0,0,0.242915,0.0752294,0.311927,0.241176,0.302752,0.404858,0.306306,0.707611,0.161943,3.95878,0.329073,0,-0.00531677,1.77828,-0.0937618,98.4361,-0.00531677,-0.0645669,-0.03459972096607089,-0.41256075352430344,0.00769754,999,,,,,,,14.3,3.575,14.3,3.575,,,,,,,,,,,,,,,,,,,"Bryce Eldridge","sa3022757",805811
"Blake Dunn","CIN",0,2,1,0,0,0,0,0,0,0,0,0,1,0,0,0,,0,0,0.23355,0.0824634,0.293086,0.281362,0.32627,0.362307,0.308557,0.688577,0.128757,7.00553,0.324063,0,0.00509636,0.195916,-0.0070163,92.1413,0.00509636,0.0181975,-0.010854447260499,0.02437037928029895,0.00720198,743.5,,,,,,,-1,,-1,,,,,,,,,,,,,,,,,,,,"Blake Dunn","29487",694362
"Jonathan Ornelas","ATL",1,5,5,1,1,0,0,0,1,0,0,0,1,0,0,0,,0,0,0.23468,0.0685421,0.262858,0.260757,0.295268,0.314827,0.272372,0.610095,0.0801466,4.73629,0.316684,0,-0.00659089,0.446827,-0.177188,71.7639,-0.00659089,0.0333283,-0.18282067961990833,0.07761844620108604,0.00707031,999,,,,,,,0.6,0.6,0.6,0.6,,,,,,,,,,,,,,,,,,,"Jonathan Ornelas","24597",680716
"Darren Baker","WSN",1,5,5,1,1,0,0,0,1,0,0,0,1,0,0,0,,0,0,0.257848,0.0640496,0.196281,0.326316,0.304802,0.311659,0.274597,0.616461,0.0538117,5.74938,0.323864,0,0.0170037,0.456395,-0.167621,73.3369,0.0170037,0.0229322,-0.14940854907035828,0.04191368445754051,0.00683481,999,,,,,,,0.6,0.6,0.6,0.6,,,,,,,,,,,,,,,,,,,"Darren Baker","29912",671117
"Wade Meckler","SFG",0,2,2,0,0,0,0,0,0,0,0,0,0,0,0,0,,0,0,0.276243,0.0897756,0.189526,0.473684,0.34414,0.381215,0.321561,0.725355,0.104972,5.38895,0.336879,0,0.00110487,0.219454,0.0114491,108.947,0.00110487,-0.0198788,0.019718286115676165,-0.013551627285778522,0.00659239,999,,,,,,,-2,,-2,,,,,,,,,,,,,,,,,,,,"Wade Meckler","31490",685133
"Trey Lipscomb","WSN",2,9,8,2,2,0,0,0,1,1,1,0,2,0,0,0,,0,0,0.242273,0.0589516,0.200694,0.293738,0.290173,0.325623,0.273327,0.615797,0.0833499,4.61318,0.294901,0,-0.00751166,0.751558,-0.288468,72.4621,-0.00751166,0.0353166,-0.2939650216139853,0.06695238128304482,0.00647566,750.1599731445312,,,,,,,6.2,3.1,6.2,3.1,,,,,,,,,,,,,,,,,,,"Trey Lipscomb","31567",702358
"Garrett Stubbs","PHI",1,3,3,1,0,0,0,0,0,0,0,0,1,0,0,0,,0,0,0.216783,0.10303,0.248485,0.414634,0.310976,0.307692,0.281751,0.618668,0.0909091,5.79611,0.287129,0,0.00623408,0.296936,-0.0834164,76.5626,0.00623408,-0.0258148,-0.08292676834389567,0.03745678812265396,0.00622561,999,,,,,,,2.6,2.6,2.6,2.6,,,,,,,,,,,,,,,,,,,"Garrett Stubbs","18067",596117
"José Fermín","STL",1,3,3,1,1,0,0,0,0,0,0,0,0,0,0,0,,0,0,0.234568,0.0904053,0.116313,0.777262,0.31708,0.34537,0.296836,0.662451,0.110802,5.06954,0.25194,0,-0.000391009,0.359045,-0.0468186,90.7709,-0.000391009,-0.0288283,-0.037855311325984076,-0.016482656821608543,0.00604553,750.719970703125,,,,,,,2.6,2.6,2.6,2.6,,,,,,,,,,,,,,,,,,,"Jose Fermin","21746",665877
"Oliver Dunn","MIL",0,2,2,0,0,0,0,0,0,0,0,0,1,0,0,0,,0,0,0.213753,0.0975142,0.339719,0.287044,0.2957,0.354874,0.287217,0.650574,0.141121,6.03084,0.316681,0,0.00192128,0.174375,-0.0387039,83.3945,0.00192128,0.0252856,-0.033467962522991,0.03176705492660403,0.00592956,638.4099731445312,,,,,,,-2,,-2,,,,,,,,,,,,,,,,,,,,"Oliver Dunn","26295",686554
"Kyle Farmer","COL",10,43,39,9,6,2,0,1,4,5,2,0,9,1,0,0,,0,0,0.243191,0.0572557,0.201042,0.284795,0.302614,0.374071,0.297346,0.676686,0.130881,2.85533,0.287619,0,-0.164247,4.43383,-0.558294,75.7461,-0.164247,-0.0735852,-1.375254437327385,0.04030367732048035,0.00588663,610.9099731445312,,,,,,,35.6,3.56,35.6,3.56,,,,,,,,,,,,,,,,,,,"Kyle Farmer","14813",571657
"Connor Joe","CIN",1,5,4,1,1,0,0,0,1,1,1,0,1,0,0,0,,0,0,0.228696,0.112011,0.236568,0.473481,0.32424,0.371207,0.309398,0.695447,0.142512,3.76134,0.285942,0,-0.0186727,0.591273,-0.0175222,92.7205,-0.0186727,0.0169857,-0.06299837678670883,-0.050915488973259926,0.00573942,650.75,,,,,,,4.6,4.6,4.6,4.6,,,,,,,,,,,,,,,,,,,"Connor Joe","16572",656582
"Tsung-Che Cheng","PIT",1,3,3,1,0,0,0,0,0,0,0,0,1,0,0,0,,0,0,0.22501,0.0823665,0.245568,0.335412,0.293555,0.34176,0.282046,0.635315,0.11675,5.43689,0.290405,0,-0.00727175,0.317679,-0.0881849,76.8782,-0.00727175,0.0169715,-0.1011317977681756,0.04166288301348686,0.00551848,999,,,,,,,2.6,2.6,2.6,2.6,,,,,,,,,,,,,,,,,,,"Tsung-Che Cheng","28344",691907
"Victor Mesa Jr.","MIA",1,4,3,1,1,0,0,0,0,0,0,0,1,0,0,0,,0,0,0.230627,0.0635556,0.231077,0.275041,0.283132,0.35305,0.279746,0.636182,0.122424,4.55647,0.283748,0,-0.00216664,0.319026,-0.0969845,75.3547,-0.00216664,0.0276867,-0.10471224179491401,0.040340980514883995,0.00530558,999,,,,,,,2.6,2.6,2.6,2.6,,,,,,,,,,,,,,,,,,,"Victor Mesa Jr.","25999",683748
"Aaron Schunk","COL",7,32,30,7,5,1,0,1,3,3,2,0,8,0,0,0,,0,0,0.241509,0.0493824,0.251792,0.196124,0.282487,0.360075,0.279163,0.642562,0.118566,4.43315,0.310319,0,-0.100839,2.85619,-0.887906,63.217,-0.100839,0.333766,-1.478279985487461,0.4856180399656296,0.00529336,999,,,,,,,27.5,3.928571428,27.5,3.928571428,,,,,,,,,,,,,,,,,,,"Aaron Schunk","25524",668845
"Mason McCoy","SDP",0,2,2,0,0,0,0,0,0,0,0,0,1,0,0,0,,0,0,0.208217,0.0748776,0.319153,0.234613,0.270311,0.326522,0.264348,0.596833,0.118305,6.1659,0.298232,0,0.00209256,0.137439,-0.0705661,70.0452,0.00209256,0.0330905,-0.060226428089663386,0.05207199417054653,0.00512131,999,,,,,,,-2,,-2,,,,,,,,,,,,,,,,,,,,"Mason McCoy","22232",669200
"Drew Romo","COL",3,11,11,3,2,0,0,0,1,1,1,0,2,0,0,0,,0,0,0.243108,0.044289,0.20979,0.211111,0.283372,0.370927,0.285033,0.6543,0.12782,3.8919,0.289474,0,-0.0322595,1.06939,-0.261847,67.2616,-0.0322595,-0.0777851,-0.4681636765599251,0.14366555958986282,0.00480433,699.260009765625,,,,,,,8.8,2.933333333,8.8,2.933333333,,,,,,,,,,,,,,,,,,,"Drew Romo","27763",691011
"Eric Haase","MIL",0,2,2,0,0,0,0,0,0,0,0,0,1,0,0,0,,0,0,0.220801,0.065681,0.357075,0.183942,0.276604,0.381927,0.287565,0.658531,0.161125,2.76172,0.311274,0,-0.00226629,0.159895,-0.03492,83.6339,-0.00226629,-0.0064485,-0.034155747620388865,0.02595890872180462,0.00473907,706.9500122070312,,,,,,,-2,,-2,,,,,,,,,,,,,,,,,,,,"Eric Haase","14111",606992
"Matt Koperniak","STL",0,2,2,0,0,0,0,0,0,0,0,0,0,0,0,0,,0,0,0.256522,0.0658683,0.203593,0.323529,0.311377,0.384783,0.305593,0.69616,0.128261,3.28654,0.303725,0,-0.00636847,0.191771,-0.0111609,96.8056,-0.00636847,0.0203279,-0.01285219145938754,0.0018093492835760117,0.00467927,999,,,,,,,-2,,-2,,,,,,,,,,,,,,,,,,,,"Matt Koperniak","sa3014834",689288
"Tyler Black","MIL",0,2,2,0,0,0,0,0,0,0,0,0,0,0,0,0,,0,0,0.229018,0.112462,0.224574,0.500779,0.33074,0.37594,0.314155,0.70668,0.146921,6.87664,0.281273,0,0.00447472,0.213931,0.000853005,101.956,0.00447472,0.00781935,0.008642337284982204,-0.024588054046034813,0.00446632,666.6199951171875,,,,,,,-2,,-2,,,,,,,,,,,,,,,,,,,,"Tyler Black","29949",672012
"Luis Campusano","SDP",1,5,5,1,1,0,0,0,1,1,0,0,1,0,0,0,,0,0,0.240277,0.0707161,0.177034,0.399449,0.298714,0.375067,0.296056,0.673781,0.13479,2.11467,0.269213,0,-0.00785696,0.533004,-0.0731824,91.8938,-0.00785696,-0.0183048,-0.05700490530580282,-0.07524927705526352,0.00378073,431.79998779296875,,,,,,,0.6,0.6,0.6,0.6,,,,,,,,,,,,,,,,,,,"Luis Campusano","22217",669134
"Tristin English","ARI",2,7,6,1,1,0,0,0,1,1,0,0,2,0,0,0,,0,0,0.230573,0.0574203,0.253118,0.226852,0.288273,0.34703,0.28119,0.635303,0.116457,2.95859,0.292972,0,-0.0164563,0.630566,-0.181162,76.6087,-0.0164563,0.0902462,-0.20636450871825218,0.01617211103439331,0.00371758,999,,,,,,,-0.4,-0.2,-0.4,-0.2,,,,,,,,,,,,,,,,,,,"Tristin English","26148",663536
"Tim Tawa","ARI",2,10,9,2,1,0,0,0,1,1,1,0,3,0,0,0,,0,0,0.219426,0.0715529,0.257215,0.278184,0.278994,0.352907,0.278005,0.6319,0.13348,4.46028,0.27374,0,-0.0114007,0.91912,-0.298471,74.4139,-0.0114007,0.0565342,-0.32299201283603907,0.019497133791446686,0.0037062,999,,,,,,,5.2,2.6,5.2,2.6,,,,,,,,,,,,,,,,,,,"Tim Tawa","29571",694374
"Kevin Alcántara","CHC",0,2,2,0,0,0,0,0,0,0,0,0,1,0,0,0,,0,0,0.236842,0.0668016,0.303644,0.22,0.291498,0.350877,0.283736,0.642375,0.114035,4.76353,0.328859,0,0.000128188,0.169263,-0.0438156,81.7921,0.000128188,0.0056,-0.03867602274112869,0.012081481516361237,0.00337245,706.3300170898438,,,,,,,-2,,-2,,,,,,,,,,,,,,,,,,,,"Kevin Alcantara","25971",682634
"Tirso Ornelas","SDP",0,2,2,0,0,0,0,0,0,0,0,0,0,0,0,0,,0,0,0.237368,0.0772037,0.208136,0.370929,0.300384,0.363322,0.292208,0.663706,0.125954,3.08532,0.283101,0,-0.00403256,0.177376,-0.0306288,89.2418,-0.00403256,0.0169475,-0.026414233725517988,-0.0020339954644441605,0.0030367,522.2899780273438,,,,,,,-2,,-2,,,,,,,,,,,,,,,,,,,,"Tirso Ornelas","22566",672359
"Jared Young","NYM",0,2,2,0,0,0,0,0,0,0,0,0,0,0,0,0,,0,0,0.229983,0.0950308,0.259054,0.366838,0.31759,0.407746,0.318288,0.725336,0.177763,4.82576,0.284332,0,-0.00204946,0.214763,0.00675812,107.246,-0.00204946,-0.0151484,0.013026080327108502,-0.046784186735749245,0.00249126,750.719970703125,,,,,,,-2,,-2,,,,,,,,,,,,,,,,,,,,"Jared Young","20404",676724
"Michael Siani","STL",2,7,6,1,1,0,0,0,1,1,1,0,2,0,0,0,,0,0,0.209126,0.0873577,0.253069,0.345193,0.283108,0.28763,0.258601,0.570737,0.0785035,6.4493,0.278225,0,0.0148063,0.5042,-0.307528,64.4257,0.0148063,0.0467319,-0.2740130787715316,0.07142330706119537,0.00244411,674.9600219726562,,,,,,,2.6,1.3,2.6,1.3,,,,,,,,,,,,,,,,,,,"Michael Siani","22557",672279
"Carlos Rodríguez","ATL",0,2,2,0,0,0,0,0,0,0,0,0,0,0,0,0,,0,0,0.264516,0.0910853,0.131783,0.691176,0.331395,0.350538,0.303744,0.681933,0.0860215,5.37772,0.302267,0,-0.00195977,0.193915,-0.0140904,93.3807,-0.00195977,0,-0.015730726532638073,-0.018981480970978737,0.00239326,999,,,,,,,-2,,-2,,,,,,,,,,,,,,,,,,,,"Carlos Rodriguez","sa3005478",677578
"Will Banfield","CIN",0,2,1,0,0,0,0,0,0,0,0,0,0,0,0,0,,0,0,0.221053,0.0418719,0.293103,0.142857,0.258621,0.368421,0.271302,0.627042,0.147368,3.7965,0.283465,0,-0.00113922,0.131486,-0.0540522,66.4707,-0.00113922,0.00235294,-0.06336013262625784,0.033217139076441526,0.00221896,999,,,,,,,-1,,-1,,,,,,,,,,,,,,,,,,,,"Will Banfield","sa3007973",677943
"Nasim Nuñez","WSN",2,7,6,1,1,0,0,0,1,0,1,0,2,0,0,0,,0,0,0.213766,0.10527,0.223785,0.470407,0.299273,0.260177,0.258785,0.55945,0.046411,6.27023,0.280735,0,0.0394377,0.517861,-0.314159,62.442,0.0394377,0.0216084,-0.2731100879609585,0.05957136116921902,0.00190078,744.4199829101562,,,,,,,2.6,1.3,2.6,1.3,,,,,,,,,,,,,,,,,,,"Nasim Nunez","25979",683083
"Ryan Vilade","CIN",0,2,2,0,0,0,0,0,0,0,0,0,0,0,0,0,,0,0,0.237336,0.0772419,0.258193,0.299163,0.302601,0.344418,0.286714,0.647019,0.107082,4.99022,0.311755,0,-0.00287816,0.165367,-0.0375647,77.0905,-0.00287816,0.024933,-0.0493774120695889,0.006414521485567093,0.00140039,999,,,,,,,-2,,-2,,,,,,,,,,,,,,,,,,,,"Ryan Vilade","22165",668723
"Christian Franklin","WSN",1,4,3,1,0,0,0,0,0,0,0,0,1,0,0,0,,0,0,0.214674,0.107981,0.269953,0.4,0.315294,0.30163,0.282785,0.616925,0.0869565,6.31692,0.296,0,0.00343618,0.327737,-0.0882731,78.9786,0.00343618,0.0193396,-0.08403120865114033,-0.018623339012265205,0.00137307,999,,,,,,,2.6,2.6,2.6,2.6,,,,,,,,,,,,,,,,,,,"Christian Franklin","sa3017510",681047
"Cal Stevenson","PHI",0,2,2,0,0,0,0,0,0,0,0,0,0,0,0,0,,0,0,0.223358,0.128453,0.22279,0.576567,0.325113,0.338805,0.298385,0.663918,0.115447,6.19688,0.282822,0,0.00221118,0.186232,-0.0217733,88.0242,0.00221118,-0.00425369,-0.022703573340550065,-0.023235174361616373,0.00124005,999,,,,,,,-2,,-2,,,,,,,,,,,,,,,,,,,,"Cal Stevenson","22411",670276
"Ben Rortvedt","LAD",0,2,1,0,0,0,0,0,0,0,0,0,0,0,0,0,,0,0,0.194836,0.0920383,0.264382,0.348126,0.277432,0.290786,0.258156,0.568218,0.0959507,2.11808,0.254754,0,-0.00147344,0.117543,-0.0726332,62.4055,-0.00147344,-0.00191336,-0.07298220880329609,0.029722441220656037,0.00100447,699.25,,,,,,,-1,,-1,,,,,,,,,,,,,,,,,,,,"Ben Rortvedt","20287",666163
"Hayden Senger","NYM",0,2,1,0,0,0,0,0,0,0,0,0,1,0,0,0,,0,0,0.197575,0.0600611,0.3293,0.18239,0.26359,0.283093,0.246862,0.546684,0.0855177,3.25857,0.296274,0,-0.00329492,0.102742,-0.0874347,58.0307,-0.00329492,0.00274768,-0.08312508487142622,0.03438348672352731,0.000441372,999,,,,,,,-1,,-1,,,,,,,,,,,,,,,,,,,,"Hayden Senger","21489",663584
"Sandy León","ATL",1,3,3,0,0,0,0,0,0,0,0,0,1,0,0,0,,0,0,0.170128,0.109201,0.347456,0.314286,0.267978,0.252762,0.241876,0.52074,0.0826337,0.723998,0.257546,0,-0.00482654,0.192413,-0.187939,50.7507,-0.00482654,0.0169396,-0.192181508988142,0.08021123521029949,-0.000605389,999,,,,,,,-3,-3,-3,-3,,,,,,,,,,,,,,,,,,,"Sandy Leon","5273",506702
"Rece Hinds","CIN",0,2,2,0,0,0,0,0,0,0,0,0,1,0,0,0,,0,0,0.207412,0.05829,0.402312,0.144888,0.260461,0.391711,0.281283,0.652172,0.1843,6.67669,0.314309,0,0.00146107,0.157772,-0.04516,73.3484,0.00146107,0.00676468,-0.05263344047125429,-0.011753843631595373,-0.000800348,743.4600219726562,,,,,,,-2,,-2,,,,,,,,,,,,,,,,,,,,"Rece Hinds","27493",677956
"Blaine Crim","COL",4,18,16,4,2,1,0,1,2,2,1,0,4,0,0,0,,0,0,0.241107,0.0794764,0.212098,0.374714,0.311767,0.397233,0.311142,0.709,0.156126,3.63594,0.281534,0,-0.0213344,2.04519,-0.034862,85.2518,-0.0213344,0.0297978,-0.3281599748879671,-0.28656018152832985,-0.00355548,999,,,,,,,21.7,5.425,21.7,5.425,,,,,,,,,,,,,,,,,,,"Blaine Crim","25714",688760
"Marco Luciano","SFG",4,18,16,3,2,1,0,0,2,2,2,0,5,0,0,0,,0,0,0.222506,0.104308,0.292517,0.356589,0.306122,0.345269,0.290245,0.651391,0.122762,3.5493,0.30315,0,-0.0368822,1.74564,-0.334415,87.3694,-0.0368822,-0.144259,-0.29965420067310333,-0.33407407999038696,-0.00550802,732.5900268554688,,,,,,,9.7,2.425,9.7,2.425,,,,,,,,,,,,,,,,,,,"Marco Luciano","25616",682617
"Ronny Simon","PIT",5,21,19,4,3,1,0,0,2,2,2,0,4,0,0,0,,1,0,0.238886,0.0746801,0.19607,0.380885,0.29989,0.352563,0.288419,0.652452,0.113677,5.22598,0.285903,0,-0.0186693,2.01303,-0.422155,81.2695,-0.0186693,-0.179072,-0.4748756159096956,-0.3025291711091995,-0.0100929,999,,,,,,,14.2,2.84,14.2,2.84,,,,,,,,,,,,,,,,,,,"Ronny Simon","25346",682927
"Connor Kaiser","ARI",5,21,18,3,2,1,0,0,2,2,2,0,7,0,0,0,,0,0,0.184725,0.0989856,0.350596,0.282336,0.274428,0.275015,0.250152,0.549442,0.0902901,5.52669,0.289544,0,0.0052242,1.3708,-1.06438,55.2222,0.0052242,0.203905,-1.0853957259096205,0.30267030000686646,-0.0106394,999,,,,,,,7.7,1.54,7.7,1.54,,,,,,,,,,,,,,,,,,,"Connor Kaiser","21535",663731
"Orlando Arcia","COL",7,28,26,6,4,1,0,1,3,3,2,0,5,0,0,0,,0,0,0.232302,0.0680279,0.191048,0.356077,0.286997,0.365089,0.28586,0.652086,0.132787,2.47826,0.263544,0,-0.0229546,2.69244,-0.635647,67.8316,-0.0229546,0.0328799,-1.0937429908663034,0.032879892736673355,-0.0136302,462.8599853515625,,,,,,,25.9,3.7,25.9,3.7,,,,,,,,,,,,,,,,,,,"Orlando Arcia","13185",606115
"Andrew Knizner","SFG",6,24,22,5,3,1,0,1,2,2,1,0,5,0,0,0,,0,0,0.20252,0.0580592,0.221436,0.262194,0.259069,0.302568,0.250757,0.561637,0.100049,2.83966,0.241968,0,-0.0162811,1.6177,-1.23494,60.1604,-0.0162811,-0.332108,-1.1529710739850998,0.1424286663532257,-0.0220817,999,,,,,,,21.3,3.55,21.3,3.55,,,,,,,,,,,,,,,,,,,"Andrew Knizner","19514",668800
"Zac Veen","COL",9,41,36,8,5,2,0,1,5,4,3,0,11,0,0,0,,2,0,0.225906,0.0821421,0.271276,0.302799,0.296073,0.367001,0.292343,0.663074,0.141095,6.87584,0.293634,0,0.189385,4.08413,-0.699985,72.2988,0.189385,-0.0112576,-1.1361172795295715,-0.5743748378008604,-0.0386484,999,,,,,,,36.8,4.088888888,36.8,4.088888888,,,,,,,,,,,,,,,,,,,"Zac Veen","27770",691728
"Jacob Berry","MIA",4,16,15,3,2,1,0,0,2,2,1,0,4,0,0,0,,0,0,0.222944,0.0541082,0.224449,0.241071,0.274549,0.333333,0.267578,0.607882,0.11039,5.12941,0.275362,0,0.00988006,1.27863,-0.593413,66.9706,0.00988006,-0.0264298,-0.6085580643266439,-0.3238062933087349,-0.0421433,999,,,,,,,7.7,1.925,7.7,1.925,,,,,,,,,,,,,,,,,,,"Jacob Berry","sa3019825",694351
"Michael Toglia","COL",7,32,29,6,3,1,0,1,3,4,3,0,10,0,0,0,,0,0,0.215994,0.0953648,0.324331,0.294036,0.293108,0.407187,0.303979,0.700295,0.191193,4.3255,0.2844,0,-0.0187825,3.49652,-0.247576,80.3163,-0.0187825,-0.134956,-0.7558933347463608,-0.7803261280059814,-0.0505416,182.07000732421875,,,,,,,25.9,3.7,25.9,3.7,,,,,,,,,,,,,,,,,,,"Michael Toglia","25845",669911
"Adrian Del Castillo","ARI",24,104,95,22,14,5,0,3,11,13,8,0,27,1,1,0,,0,0,0.232506,0.0783333,0.260664,0.300515,0.297734,0.379304,0.29562,0.677037,0.146797,2.96524,0.295636,0,-0.187689,10.7404,-1.51664,86.5514,-0.187689,-0.102577,-1.8364012390375137,-2.219860501587391,-0.0655232,512.0800170898438,,,,,,,97.9,4.079166666,97.9,4.079166666,,,,,,,,,,,,,,,,,,,"Adrian Del Castillo","29554",680728
"Anthony Seigler","MIL",11,49,42,8,5,2,0,1,5,4,6,0,11,0,0,0,,2,0,0.195006,0.121423,0.229332,0.529464,0.298395,0.304875,0.274091,0.60327,0.109869,4.66935,0.241525,0,0.107846,4.18769,-1.56543,74.3502,0.107846,-1.07339,-1.3680856972932816,-0.898389533162117,-0.0679998,999,,,,,,,39.8,3.618181818,39.8,3.618181818,,,,,,,,,,,,,,,,,,,"Anthony Seigler","23802",678011
"Adael Amador","COL",25,108,95,22,16,4,0,2,11,11,10,0,21,1,1,1,,3,1,0.230399,0.0968952,0.189701,0.510779,0.311908,0.338738,0.291777,0.650646,0.108339,4.71767,0.272029,0,-0.107108,10.7823,-1.90602,71.9084,-0.107108,-1.05168,-3.672108232975006,-0.6657266318798065,-0.0820929,698.22998046875,,,,,,,94.5,3.78,94.5,3.78,,,,,,,,,,,,,,,,,,,"Adael Amador","27962",691182
"Eric Wagaman","MIA",18,78,72,17,11,4,0,2,8,8,5,0,16,0,1,0,,1,0,0.23998,0.0686543,0.201192,0.341238,0.293003,0.373878,0.291731,0.66688,0.133898,4.07616,0.283275,0,-0.0782508,7.77453,-1.3777,83.6131,-0.0782508,-0.413225,-1.5782950073480606,-1.805199921131134,-0.0853638,743.5900268554688,,,,,,,70.5,3.916666666,70.5,3.916666666,,,,,,,,,,,,,,,,,,,"Eric Wagaman","23395",676572
"Robert Hassell III","WSN",29,124,114,26,19,4,0,2,13,11,8,0,32,1,1,0,,3,1,0.228282,0.0683895,0.259117,0.263933,0.284203,0.319668,0.268074,0.60387,0.0913852,4.7765,0.301122,0,-0.0244261,9.99468,-4.56568,68.8424,-0.0244261,-0.306132,-4.561908354982734,-0.9261940717697144,-0.146619,714.8499755859375,,,,,,,91.9,3.168965517,91.9,3.168965517,,,,,,,,,,,,,,,,,,,"Robert Hassell III","27482",690987
"Yanquiel Fernández","COL",16,67,63,16,11,3,0,2,7,8,3,0,16,0,0,0,,0,0,0.245715,0.0498828,0.237142,0.210349,0.285909,0.377567,0.287764,0.663476,0.131851,2.83197,0.302351,0,-0.06936,6.49823,-1.40597,69.1432,-0.06936,0.0115176,-2.5087897703051567,-1.215951455757022,-0.156171,747.9000244140625,,,,,,,63.1,3.94375,63.1,3.94375,,,,,,,,,,,,,,,,,,,"Yanquiel Fernandez","28552",692585
"Warming Bernabel","COL",32,138,132,34,24,6,0,3,14,15,4,0,23,1,1,0,,2,1,0.25538,0.0293977,0.16687,0.176171,0.282762,0.369554,0.283974,0.652316,0.114174,3.96572,0.290172,0,-0.277588,12.9147,-3.30971,66.5317,-0.277588,-0.0586606,-5.708609789609909,-2.488290198147297,-0.377199,999,,,,,,,120,3.75,120,3.75,,,,,,,,,,,,,,,,,,,"Warming Bernabel","26536",682653