Name,Team,G,PA,AB,H,1B,2B,3B,HR,R,RBI,BB,IBB,SO,HBP,SF,SH,GDP,SB,CS,AVG,BB%,K%,BB/K,OBP,SLG,wOBA,OPS,ISO,Spd,BABIP,UBR,wSB,wRC,wRAA,wRC+,BsR,Fld,Off,Def,WAR,ADP,InterSD,InterSK,IntraSD,Vol,Skew,Dim,FPTS,FPTS/G,SPTS,SPTS/G,P10,P20,P30,P40,P50,P60,P70,P80,P90,TT10,TT20,TT30,TT40,TT50,TT60,TT70,TT80,TT90,NameASCII,PlayerId,MLBAMID
"Juan Soto","NYM",159,686,539,149,87,27,2,34,110,102,140,8,111,3,4,0,,7,4,0.276515,0.203869,0.162202,1.25688,0.425595,0.520833,0.405778,0.946429,0.244318,3.54446,0.289744,0,-1.97295,133.03,52.7833,166.296,-1.97295,-3.47021,52.41162931919098,-11.820210933685303,6.55152,7.670000076293945,,,,,,,1135.8,7.143396226,1135.8,7.143396226,,,,,,,,,,,,,,,,,,,"Juan Soto","20123",665742
"Shohei Ohtani","LAD",151,651,564,164,84,32,5,43,122,133,79,10,150,5,4,0,,40,5,0.290323,0.120588,0.230882,0.522293,0.379412,0.59253,0.406549,0.971942,0.302207,7.3491,0.322251,0,4.85638,126.647,50.4943,165,4.85638,0,55.457101345062256,-16.274999618530273,6.28559,1.559999942779541,,,,,,,1193.9,7.906622516,1193.9,7.906622516,,,,,,,,,,,,,,,,,,,"Shohei Ohtani","19755",660271
"Francisco Lindor","NYM",159,686,607,158,95,31,3,28,101,97,63,2,130,10,5,1,,22,4,0.260345,0.0914634,0.189024,0.483871,0.337405,0.462069,0.344793,0.799474,0.201724,5.92376,0.285714,0,1.38568,99.3585,19.1115,125.249,1.38568,7.90973,22.098434448242188,15.00973129272461,6.19177,14.600000381469727,,,,,,,897.6,5.645283018,897.6,5.645283018,,,,,,,,,,,,,,,,,,,"Francisco Lindor","12916",596019
"Fernando Tatis Jr.","SDP",152,658,591,163,90,35,1,37,105,104,58,1,144,6,3,0,,20,4,0.276231,0.0884615,0.219231,0.403509,0.346154,0.526767,0.372575,0.87292,0.250535,5.33597,0.306748,0,1.30334,110.016,33.0448,144.112,1.30334,7.4115,36.012407660484314,-0.03849983215332031,5.97833,11.050000190734863,,,,,,,995.6,6.55,995.6,6.55,,,,,,,,,,,,,,,,,,,"Fernando Tatis Jr.","19709",665487
"Mookie Betts","LAD",157,679,578,163,98,35,2,28,110,100,88,3,94,7,6,0,,15,3,0.282565,0.129693,0.138225,0.938272,0.380546,0.49499,0.376633,0.875536,0.212425,5.03791,0.293233,0,0.105006,115.745,36.317,144.865,0.105006,-9.45083,36.533064380288124,-2.5758304595947266,5.84228,12.859999656677246,,,,,,,1016,6.471337579,1016,6.471337579,,,,,,,,,,,,,,,,,,,"Mookie Betts","13611",605141
"Ronald Acuña Jr.","ATL",128,553,471,139,84,26,2,26,106,78,70,2,104,9,3,0,,36,8,0.293991,0.126143,0.1883,0.669903,0.393053,0.525751,0.39435,0.918804,0.23176,6.88374,0.326471,0,2.73472,102.152,37.4635,153.898,2.73472,-1.10455,38.376654624938965,-7.429545283317566,5.09805,34.650001525878906,,,,,,,921.6,7.2,921.6,7.2,,,,,,,,,,,,,,,,,,,"Ronald Acuna Jr.","18401",660670
"Trea Turner","PHI",156,672,622,179,120,33,2,24,101,85,41,1,129,6,3,0,,24,3,0.287273,0.0606061,0.191919,0.315789,0.335017,0.461818,0.343647,0.796835,0.174545,5.92479,0.327751,0,2.07334,96.7107,18.1015,120.375,2.07334,0.464239,18.446157217025757,7.664238631725311,5.0078,24.440000534057617,,,,,,,891.3,5.713461538,891.3,5.713461538,,,,,,,,,,,,,,,,,,,"Trea Turner","16252",607208
"Michael Harris II","ATL",143,616,573,168,110,32,4,22,86,82,33,2,123,7,3,0,,16,6,0.293666,0.0535714,0.2,0.267857,0.3375,0.479846,0.350392,0.817347,0.18618,5.60403,0.339286,0,-0.0908783,91.9958,19.9373,124.311,-0.0908783,7.70032,17.817342035472393,9.900321245193481,4.9812,39.97999954223633,,,,,,,823.8,5.76083916,823.8,5.76083916,,,,,,,,,,,,,,,,,,,"Michael Harris II","25931",671739
"Elly De La Cruz","CIN",154,665,598,157,91,32,9,25,104,88,61,2,198,4,1,1,,54,13,0.262982,0.0918675,0.298193,0.308081,0.334842,0.472362,0.347151,0.807203,0.20938,8.63872,0.352,0,4.32599,97.579,19.7886,116.849,4.32599,1.0125,17.7241473197937,8.137500047683716,4.95803,4.539999961853027,,,,,,,921.5,5.983766233,921.5,5.983766233,,,,,,,,,,,,,,,,,,,"Elly De La Cruz","26668",682829
"Austin Riley","ATL",157,679,606,166,98,34,2,33,96,99,56,1,165,10,7,0,,1,0,0.274583,0.0827815,0.243377,0.340136,0.342715,0.499072,0.360215,0.841788,0.22449,2.99906,0.322493,0,-1.06167,106.773,27.3449,130.923,-1.06167,-1.45916,24.046610593795776,0.9658428430557251,4.91848,29.670000076293945,,,,,,,943.7,6.010828025,943.7,6.010828025,,,,,,,,,,,,,,,,,,,"Austin Riley","18360",663586
"Jackson Merrill","SDP",154,665,615,173,114,30,6,23,85,94,39,2,110,1,6,4,,17,4,0.281081,0.0583333,0.165,0.353535,0.322148,0.461261,0.335251,0.783409,0.18018,5.72056,0.306818,0,0.331073,91.2098,13.4193,118.99,0.331073,6.6825,15.432399034500122,9.057499885559082,4.81636,26.540000915527344,,,,,,,832.3,5.404545454,832.3,5.404545454,,,,,,,,,,,,,,,,,,,"Jackson Merrill","29490",701538
"Bryce Harper","PHI",154,665,568,162,90,41,0,31,96,98,87,12,146,4,5,1,,9,4,0.284232,0.131206,0.219858,0.596774,0.380107,0.518672,0.380598,0.898779,0.23444,3.27762,0.330357,0,-0.876804,115.481,37.6903,145.245,-0.876804,0.675206,35.102787137031555,-11.399793684482574,4.73509,22.959999084472656,,,,,,,1028.4,6.677922077,1028.4,6.677922077,,,,,,,,,,,,,,,,,,,"Bryce Harper","11579",547180
"Matt Chapman","SFG",157,679,595,143,81,34,2,26,91,77,72,2,177,8,5,0,,10,2,0.240918,0.105528,0.261307,0.403846,0.328308,0.437859,0.332158,0.766167,0.196941,4.88,0.295977,0,-0.121764,91.4396,12.0115,115.199,-0.121764,7.31137,12.218879498541355,9.736374616622925,4.60274,128.22999572753906,,,,,,,813.6,5.182165605,813.6,5.182165605,,,,,,,,,,,,,,,,,,,"Matt Chapman","16505",656305
"Freddie Freeman","LAD",154,665,576,171,109,37,2,23,100,93,74,10,106,10,5,0,,11,2,0.297597,0.112,0.16,0.7,0.384,0.491682,0.374399,0.875682,0.194085,4.62318,0.32783,0,-0.17823,112.163,34.3728,143.361,-0.17823,0,34.30332204699516,-12.024999618530273,4.58796,26.600000381469727,,,,,,,983.8,6.388311688,983.8,6.388311688,,,,,,,,,,,,,,,,,,,"Freddie Freeman","5361",518692
"Gabriel Moreno","ARI",128,507,450,128,93,25,1,10,56,60,49,1,83,4,4,0,,5,1,0.284848,0.0967742,0.163979,0.590164,0.357527,0.409091,0.336263,0.766618,0.124242,3.52277,0.328302,0,-0.602337,70.0071,10.6525,114.36,-0.602337,10.2397,8.110690712928772,19.214683532714844,4.56718,187.67999267578125,,,,,,,604.7,4.72421875,604.7,4.72421875,,,,,,,,,,,,,,,,,,,"Gabriel Moreno","22664",672515
"Dansby Swanson","CHC",157,679,611,150,98,29,2,20,88,79,61,1,166,3,3,0,,15,3,0.244936,0.0895522,0.243781,0.367347,0.315091,0.399632,0.312428,0.714723,0.154696,5.02324,0.301837,0,0.288676,80.6572,1.22913,102.498,0.288676,11.7317,2.3166780173778534,19.00668478012085,4.53748,175.0500030517578,,,,,,,724.6,4.615286624,724.6,4.615286624,,,,,,,,,,,,,,,,,,,"Dansby Swanson","18314",621020
"William Contreras","MIL",156,626,552,149,95,31,1,22,84,83,68,3,134,3,2,0,,7,1,0.27,0.109347,0.213404,0.512397,0.352734,0.45,0.348144,0.802734,0.18,3.8737,0.31856,0,-0.41217,92.4155,19.1404,123.619,-0.41217,-0.5472,17.279739797115326,5.45279997587204,4.50211,24.670000076293945,,,,,,,808.3,5.181410256,808.3,5.181410256,,,,,,,,,,,,,,,,,,,"William Contreras","20503",661388
"Kyle Tucker","CHC",154,665,575,151,90,30,1,29,91,96,84,6,102,1,5,0,,22,3,0.262693,0.125954,0.152672,0.825,0.354962,0.472406,0.354906,0.827368,0.209713,5.00174,0.271186,0,1.95476,101.73,23.9394,131.088,1.95476,1.81414,26.676552414894104,-6.510856866836548,4.36977,8.579999923706055,,,,,,,924.3,6.001948051,924.3,6.001948051,,,,,,,,,,,,,,,,,,,"Kyle Tucker","18345",663656
"Willy Adames","SFG",156,672,601,148,86,36,1,24,81,86,65,2,155,2,4,0,,14,3,0.246101,0.096124,0.231008,0.416107,0.31938,0.429809,0.324427,0.749189,0.183709,4.40899,0.290954,0,0.25065,86.3157,7.70643,109.995,0.25065,3.888,8.282802373170853,11.087999820709229,4.31175,94.95999908447266,,,,,,,782.7,5.017307692,782.7,5.017307692,,,,,,,,,,,,,,,,,,,"Willy Adames","15986",642715
"Ketel Marte","ARI",147,637,558,151,89,32,3,27,89,91,67,4,115,6,7,0,,7,1,0.270378,0.10453,0.181185,0.576923,0.350174,0.483101,0.35626,0.833276,0.212724,4.44649,0.293963,0,-0.352723,98.1408,23.6258,127.82,-0.352723,-1.1952,20.838231593370438,-0.5202000141143799,4.2892,32.61000061035156,,,,,,,880.8,5.991836734,880.8,5.991836734,,,,,,,,,,,,,,,,,,,"Ketel Marte","13613",606466
"Manny Machado","SDP",151,651,593,158,99,30,1,28,82,100,52,6,125,1,5,0,,9,2,0.266304,0.0792079,0.191419,0.413793,0.323432,0.461957,0.334642,0.785389,0.195652,3.90943,0.291566,0,-0.295947,88.9706,12.8178,118.581,-0.295947,3.07686,14.168473362922668,4.201858997344971,4.1362,37.95000076293945,,,,,,,818.2,5.418543046,818.2,5.418543046,,,,,,,,,,,,,,,,,,,"Manny Machado","11493",592518
"Patrick Bailey","SFG",128,506,455,107,72,21,1,12,55,53,43,0,122,2,5,1,,4,0,0.234987,0.084507,0.241784,0.349515,0.301176,0.365535,0.293411,0.666712,0.130548,3.66106,0.291971,0,-0.215236,52.3204,-6.82372,89.119,-0.215236,20.1278,-6.793883949518204,30.002761840820312,4.13585,307.2300109863281,,,,,,,466.2,3.6421875,466.2,3.6421875,,,,,,,,,,,,,,,,,,,"Patrick Bailey","27478",672275
"Xander Bogaerts","SDP",149,644,579,152,108,27,1,15,75,69,52,1,115,6,7,0,,13,2,0.262295,0.0810313,0.178637,0.453608,0.325967,0.393443,0.31468,0.71941,0.131148,4.49536,0.299479,0,0.347429,77.6667,2.3328,105.144,0.347429,5.4766,4.309095591306686,11.626605033874512,3.86068,154.44000244140625,,,,,,,690.3,4.632885906,690.3,4.632885906,,,,,,,,,,,,,,,,,,,"Xander Bogaerts","12161",593428
"Will Smith","LAD",126,501,430,108,68,20,2,18,67,67,52,4,91,11,8,0,,2,0,0.251586,0.103448,0.181488,0.57,0.341198,0.433404,0.33467,0.774602,0.181818,3.54892,0.273481,0,-0.64097,68.4815,9.87553,116.621,-0.64097,1.47273,9.316475093364716,10.322727680206299,3.75136,105.0199966430664,,,,,,,606.2,4.811111111,606.2,4.811111111,,,,,,,,,,,,,,,,,,,"Will Smith","19197",669257
"Nico Hoerner","CHC",130,560,510,140,103,26,3,8,71,54,37,2,61,10,3,0,,25,5,0.275311,0.066343,0.108414,0.61194,0.334951,0.385435,0.31641,0.720387,0.110124,6.19501,0.297959,0,2.06657,68.316,2.8083,105.178,2.06657,10.1388,5.533736944198608,12.138775825500488,3.75116,201.0500030517578,,,,,,,616.2,4.74,616.2,4.74,,,,,,,,,,,,,,,,,,,"Nico Hoerner","21479",663538
"Tommy Edman","LAD",141,609,556,141,94,30,3,14,83,69,42,1,107,5,4,3,,26,3,0.253521,0.0685225,0.175589,0.390244,0.309677,0.394366,0.306691,0.704044,0.140845,6.654,0.28869,0,3.05869,69.5301,-1.70953,97.7893,3.05869,10.6323,1.4487299919128418,12.857316493988037,3.572,176.92999267578125,,,,,,,651.3,4.619148936,651.3,4.619148936,,,,,,,,,,,,,,,,,,,"Tommy Edman","19470",669242
"Ian Happ","CHC",156,672,583,145,85,35,2,23,87,86,78,2,163,6,4,0,,12,3,0.249091,0.116719,0.242902,0.480519,0.342271,0.436364,0.338834,0.778635,0.187273,4.49722,0.304233,0,-0.277727,94.108,15.4988,120.271,-0.277727,3.34125,16.01166382431984,-3.858750343322754,3.5663,131.2100067138672,,,,,,,824.5,5.28525641,824.5,5.28525641,,,,,,,,,,,,,,,,,,,"Ian Happ","17919",664023
"Mark Vientos","NYM",154,665,603,151,89,28,2,31,78,102,51,1,201,6,5,0,,0,0,0.25,0.0767857,0.301786,0.254438,0.3125,0.458661,0.331394,0.771161,0.208661,2.25397,0.318612,0,-1.14341,89.1453,11.3548,116.231,-1.14341,-1.01102,11.763670682907104,0.3139781951904297,3.53445,103.69999694824219,,,,,,,797.6,5.179220779,797.6,5.179220779,,,,,,,,,,,,,,,,,,,"Mark Vientos","22184",668901
"Ezequiel Tovar","COL",159,686,646,171,101,41,4,24,84,94,28,1,180,4,4,3,,7,4,0.264274,0.0414747,0.262673,0.157895,0.297839,0.453507,0.321277,0.751347,0.189233,4.59658,0.328605,0,-1.27976,86.3747,6.12779,92.8032,-1.27976,10.967,-7.183436632156372,18.316973209381104,3.50917,129.25,,,,,,,777,4.886792452,777,4.886792452,,,,,,,,,,,,,,,,,,,"Ezequiel Tovar","24064",678662
"Matt McLain","CIN",138,595,524,133,78,30,4,21,78,83,59,1,164,10,2,0,,19,7,0.254237,0.0988806,0.276119,0.358108,0.339552,0.449153,0.342446,0.788705,0.194915,6.1029,0.32899,0,-0.0709846,85.0543,15.4523,113.682,-0.0709846,3.01161,9.663563027977943,4.436606526374817,3.50259,93.51000213623047,,,,,,,751.5,5.445652173,751.5,5.445652173,,,,,,,,,,,,,,,,,,,"Matt McLain","29695",680574
"Nolan Arenado","STL",152,658,598,158,104,32,1,20,69,87,48,3,96,6,7,0,,2,2,0.263757,0.0724138,0.146552,0.494118,0.32069,0.42315,0.320974,0.74384,0.159393,2.41636,0.281395,0,-1.68287,82.6884,5.71684,107.172,-1.68287,5.76861,3.9601237773895264,7.5186086893081665,3.44852,230.38999938964844,,,,,,,733.5,4.825657894,733.5,4.825657894,,,,,,,,,,,,,,,,,,,"Nolan Arenado","9777",571448
"Corbin Carroll","ARI",156,672,582,149,91,26,11,21,111,88,69,1,136,12,5,3,,35,6,0.25614,0.103343,0.202128,0.511278,0.345038,0.449123,0.344309,0.794161,0.192982,8.43815,0.296912,0,3.1088,97.0692,18.4599,119.776,3.1088,-1.33011,19.000114917755127,-8.030104994773865,3.44413,8.460000038146973,,,,,,,880.6,5.644871794,880.6,5.644871794,,,,,,,,,,,,,,,,,,,"Corbin Carroll","25878",682998
"Pete Crow-Armstrong","CHC",133,574,524,130,84,22,7,16,82,73,32,2,149,9,3,6,,33,6,0.24898,0.0558659,0.258845,0.215827,0.301318,0.412245,0.307995,0.713563,0.163265,8.42713,0.315634,0,3.05955,66.1363,-1.00912,99.5137,3.05955,9.27926,2.7257655262947083,11.329264402389526,3.4257,135.07000732421875,,,,,,,627,4.714285714,627,4.714285714,,,,,,,,,,,,,,,,,,,"Pete Crow-Armstrong","27769",691718
"Matt Olson","ATL",159,686,594,150,81,35,1,34,89,106,81,6,160,6,5,0,,1,0,0.252205,0.117557,0.233588,0.503268,0.345038,0.483245,0.353953,0.828283,0.231041,2.39824,0.286822,0,-1.06349,104.416,24.169,126.708,-1.06349,1.56671,20.845813870429993,-10.683289527893066,3.40889,35.88999938964844,,,,,,,935.7,5.88490566,935.7,5.88490566,,,,,,,,,,,,,,,,,,,"Matt Olson","14344",621566
"Brenton Doyle","COL",154,665,608,154,100,25,5,23,87,87,42,1,189,5,6,4,,27,5,0.252485,0.0636364,0.283636,0.224359,0.303474,0.423459,0.313441,0.726933,0.170974,6.68535,0.324324,0,2.20658,79.5363,1.74592,87.5288,2.20658,15.7246,-7.710645437240601,18.099565505981445,3.36005,76.12000274658203,,,,,,,749.9,4.869480519,749.9,4.869480519,,,,,,,,,,,,,,,,,,,"Brenton Doyle","25479",686668
"James Wood","WSN",139,602,529,140,85,30,5,20,83,78,68,2,163,3,2,0,,18,6,0.264479,0.113559,0.271186,0.41875,0.350847,0.455598,0.349416,0.806446,0.19112,6.01738,0.344118,0,-0.0222377,89.4323,19.0114,125.211,-0.0222377,0.910511,18.12687309831381,-6.439489424228668,3.27748,56.470001220703125,,,,,,,788.9,5.675539568,788.9,5.675539568,,,,,,,,,,,,,,,,,,,"James Wood","29518",695578
"J.T. Realmuto","PHI",126,501,453,117,74,23,3,17,61,62,35,2,124,9,3,0,,8,3,0.2575,0.0701357,0.246606,0.284404,0.321267,0.435,0.326501,0.756267,0.1775,5.11426,0.315412,0,-0.702813,65.1875,6.58149,108.834,-0.702813,1.33761,4.589890956878662,10.187615156173706,3.24925,140.97999572753906,,,,,,,584.6,4.639682539,584.6,4.639682539,,,,,,,,,,,,,,,,,,,"J.T. Realmuto","11739",592663
"Brandon Nimmo","NYM",131,567,490,123,79,23,4,17,76,65,64,0,126,10,3,1,,8,1,0.251397,0.11254,0.221865,0.507246,0.347826,0.418994,0.337413,0.76682,0.167598,5.43567,0.302872,0,0.0629595,78.755,12.4284,120.282,0.0629595,5.85038,13.81483056396246,-1.5246167182922363,3.21936,191.55999755859375,,,,,,,682.5,5.209923664,682.5,5.209923664,,,,,,,,,,,,,,,,,,,"Brandon Nimmo","12927",607043
"Oneil Cruz","PIT",146,630,568,144,84,30,4,26,86,86,56,4,180,3,3,0,,21,3,0.253308,0.088586,0.286201,0.309524,0.321976,0.457467,0.33394,0.779443,0.204159,6.37964,0.323529,0,1.89629,85.7445,12.0483,111.844,1.89629,-2.54571,10.819350838661194,-0.6957143545150757,3.21227,40.209999084472656,,,,,,,801.1,5.486986301,801.1,5.486986301,,,,,,,,,,,,,,,,,,,"Oneil Cruz","21711",665833
"Pete Alonso","NYM",154,665,576,140,79,27,1,34,85,103,70,7,153,14,5,0,,4,0,0.243772,0.104777,0.229584,0.456376,0.337442,0.469751,0.345567,0.807193,0.225979,3.41553,0.27013,0,-0.409501,96.7312,18.9408,125.771,-0.409501,0.767368,20.08354490995407,-11.35763156414032,3.18829,50.13999938964844,,,,,,,871.2,5.657142857,871.2,5.657142857,,,,,,,,,,,,,,,,,,,"Pete Alonso","19251",624413
"Masyn Winn","STL",154,665,608,154,104,30,5,15,91,74,46,1,121,3,5,3,,14,4,0.253425,0.0688576,0.181534,0.37931,0.306604,0.392123,0.303917,0.698727,0.138699,5.9765,0.291939,0,-0.179331,74.4388,-3.35165,95.6914,-0.179331,5.16514,-3.6056162416934967,12.29013729095459,3.18402,151.39999389648438,,,,,,,673.3,4.372077922,673.3,4.372077922,,,,,,,,,,,,,,,,,,,"Masyn Winn","27479",691026
"Ozzie Albies","ATL",152,658,601,157,96,34,4,23,89,92,43,1,106,6,8,0,,13,3,0.261146,0.0658915,0.160853,0.409639,0.313953,0.44586,0.32622,0.759813,0.184713,5.6387,0.279255,0,0.380191,85.4669,8.49531,108.042,0.380191,-1.16146,6.708080619573593,1.188542366027832,3.07857,69.25,,,,,,,779.1,5.125657894,779.1,5.125657894,,,,,,,,,,,,,,,,,,,"Ozzie Albies","16556",645277
"Alec Bohm","PHI",143,616,561,159,107,35,2,16,71,83,43,1,94,5,7,0,,4,2,0.283906,0.0691928,0.153213,0.451613,0.336079,0.439421,0.335082,0.7755,0.155515,3.37968,0.312639,0,-1.21959,84.4052,12.3468,114.61,-1.21959,-1.85523,9.54255211353302,-0.4052327871322632,3.06226,173.77000427246094,,,,,,,738.7,5.165734265,738.7,5.165734265,,,,,,,,,,,,,,,,,,,"Alec Bohm","21618",664761
"Teoscar Hernández","LAD",151,651,595,158,99,29,1,30,83,106,46,2,186,7,3,0,,10,3,0.266547,0.0702614,0.285948,0.245714,0.325163,0.468694,0.341219,0.793857,0.202147,3.99183,0.337047,0,-0.561488,92.4168,16.264,121.029,-0.561488,-1.14294,15.80899703502655,-8.117937803268433,3.03327,58.400001525878906,,,,,,,831.2,5.504635761,831.2,5.504635761,,,,,,,,,,,,,,,,,,,"Teoscar Hernandez","13066",606192
"Bryson Stott","PHI",139,602,542,140,100,25,3,12,71,64,50,1,105,3,6,0,,26,3,0.257367,0.0831858,0.175221,0.474747,0.320354,0.379175,0.306576,0.699529,0.121807,6.02645,0.296296,0,2.61722,68.6752,-1.74557,95.424,2.61722,7.35845,-0.6769442558288574,9.55845046043396,2.98769,175.55999755859375,,,,,,,644.4,4.635971223,644.4,4.635971223,,,,,,,,,,,,,,,,,,,"Bryson Stott","26294",681082
"Sean Murphy","ATL",92,365,319,75,43,17,1,15,40,49,35,1,87,9,2,0,,0,0,0.235616,0.0959233,0.239808,0.4,0.326139,0.432877,0.330648,0.759016,0.19726,1.9307,0.276,0,-0.676636,48.6836,6.00998,111.022,-0.676636,5.48813,4.131715416908264,12.61313247680664,2.98401,238.32000732421875,,,,,,,429,4.663043478,429,4.663043478,,,,,,,,,,,,,,,,,,,"Sean Murphy","19352",669221
"Brandon Marsh","PHI",125,539,476,119,77,23,5,15,63,67,54,1,166,3,5,1,,16,3,0.25,0.10084,0.308824,0.326531,0.328421,0.409524,0.32194,0.737945,0.159524,6.04325,0.348485,0,0.740191,68.1533,5.10212,105.765,0.740191,6.56526,4.455775737762451,6.090263843536377,2.94293,311.7699890136719,,,,,,,619.6,4.9568,619.6,4.9568,,,,,,,,,,,,,,,,,,,"Brandon Marsh","20202",669016
"Jackson Chourio","MIL",149,644,595,160,104,31,3,21,85,90,42,3,134,3,3,1,,29,9,0.268336,0.0644628,0.208264,0.309524,0.317881,0.438283,0.325321,0.756163,0.169946,5.96854,0.3125,0,1.14822,83.1823,7.84843,108.258,1.14822,6.71143,7.5074522495269775,-0.6885709762573242,2.91912,16.889999389648438,,,,,,,770.3,5.169798657,770.3,5.169798657,,,,,,,,,,,,,,,,,,,"Jackson Chourio","28806",694192
"Lars Nootbaar","STL",126,546,466,114,67,25,3,18,72,63,72,2,111,1,6,1,,8,2,0.244444,0.132632,0.204211,0.649485,0.343882,0.432099,0.336987,0.775981,0.187654,4.83451,0.279461,0,-0.410481,75.6507,11.7807,117.95,-0.410481,3.48236,11.30895084142685,-1.3676376342773438,2.90455,260.8900146484375,,,,,,,659.8,5.236507936,659.8,5.236507936,,,,,,,,,,,,,,,,,,,"Lars Nootbaar","21454",663457
"Max Muncy","LAD",126,546,452,97,50,21,1,25,77,76,81,4,144,8,5,0,,2,1,0.214477,0.148559,0.263858,0.563025,0.341463,0.434316,0.337619,0.77578,0.219839,3.42832,0.248945,0,-1.07621,75.9285,12.0585,118.605,-1.07621,-2.457,11.071513652801514,-1.2569999694824219,2.89145,261.5299987792969,,,,,,,660.8,5.244444444,660.8,5.244444444,,,,,,,,,,,,,,,,,,,"Max Muncy","13301",571970
"Brendan Donovan","STL",134,581,511,143,103,26,2,12,69,63,53,1,76,13,3,1,,4,4,0.280156,0.0907534,0.130137,0.697368,0.360206,0.40856,0.338979,0.768766,0.128405,3.1926,0.307692,0,-2.14278,81.4319,13.4677,119.291,-2.14278,1.51459,11.25969934463501,-3.0104111433029175,2.85017,240.44000244140625,,,,,,,683.8,5.102985074,683.8,5.102985074,,,,,,,,,,,,,,,,,,,"Brendan Donovan","24679",680977
"Xavier Edwards","MIA",136,588,524,151,120,23,4,4,70,51,51,1,80,1,4,8,,32,6,0.287105,0.0867679,0.136659,0.634921,0.349451,0.367397,0.317127,0.716847,0.080292,6.27063,0.33046,0,2.4456,72.0713,3.2882,100.493,2.4456,-0.890243,2.792100340127945,5.209756970405579,2.84869,148.3300018310547,,,,,,,648.7,4.769852941,648.7,4.769852941,,,,,,,,,,,,,,,,,,,"Xavier Edwards","22266",669364
"Ryan McMahon","COL",147,637,563,138,86,29,1,22,75,75,67,3,179,3,4,0,,4,4,0.244821,0.104825,0.281198,0.372781,0.326123,0.418079,0.323459,0.744202,0.173258,2.86684,0.315942,0,-2.07373,81.3239,6.80882,94.2719,-2.07373,9.52714,-6.436978101730347,11.80214262008667,2.74491,276.5799865722656,,,,,,,712.8,4.848979591,712.8,4.848979591,,,,,,,,,,,,,,,,,,,"Ryan McMahon","15112",641857
"CJ Abrams","WSN",139,602,547,138,87,29,4,18,83,70,35,2,118,14,4,2,,31,8,0.252302,0.0585284,0.195652,0.299145,0.312081,0.41989,0.316974,0.73197,0.167587,6.94644,0.288835,0,1.92303,73.7132,3.29244,103.376,1.92303,-4.7739,4.353140115737915,1.6760973930358887,2.69312,47.959999084472656,,,,,,,685.4,4.930935251,685.4,4.930935251,,,,,,,,,,,,,,,,,,,"CJ Abrams","25768",682928
"Brice Turang","MIL",136,588,531,135,100,23,3,9,69,55,49,1,108,1,3,4,,36,5,0.253788,0.0837607,0.182906,0.457944,0.316695,0.359848,0.298545,0.676544,0.106061,6.47946,0.301205,0,4.02744,63.2774,-5.50574,90.2359,4.02744,5.70065,-2.8380112648010254,9.000648260116577,2.65874,146.4199981689453,,,,,,,597.8,4.395588235,597.8,4.395588235,,,,,,,,,,,,,,,,,,,"Brice Turang","22186",668930
"Jung Hoo Lee","SFG",143,616,564,158,114,30,4,10,63,66,44,3,45,4,1,3,,3,8,0.280488,0.0714286,0.0736607,0.969697,0.336323,0.4,0.321467,0.736323,0.119512,3.30804,0.291105,0,-4.05014,77.6549,5.59645,108.003,-4.05014,0.705743,1.8448848724365234,2.905742645263672,2.60921,228.80999755859375,,,,,,,651.9,4.558741258,651.9,4.558741258,,,,,,,,,,,,,,,,,,,"Jung Hoo Lee","33824",808982
"Seiya Suzuki","CHC",130,560,490,133,82,26,4,21,72,72,61,3,139,4,5,0,,11,5,0.270876,0.108734,0.247772,0.438849,0.352941,0.468432,0.353347,0.821373,0.197556,4.97377,0.333333,0,-0.959827,84.9645,19.4568,130.039,-0.959827,-0.237435,19.15582150220871,-12.637434735894203,2.59918,84.86000061035156,,,,,,,752.3,5.786923076,752.3,5.786923076,,,,,,,,,,,,,,,,,,,"Seiya Suzuki","30116",673548
"Kyle Schwarber","PHI",152,658,549,123,64,20,1,38,98,98,99,4,192,6,4,0,,4,2,0.224074,0.149923,0.292117,0.513228,0.346213,0.47037,0.352212,0.816584,0.246296,3.27397,0.264151,0,-1.31049,99.2323,22.2607,126.14,-1.31049,0,19.257587671279907,-16.049999237060547,2.5943,75.79000091552734,,,,,,,877.7,5.774342105,877.7,5.774342105,,,,,,,,,,,,,,,,,,,"Kyle Schwarber","16478",656941
"Nathaniel Lowe","WSN",144,623,551,153,111,22,2,18,70,72,66,1,129,4,2,0,,3,1,0.277467,0.105437,0.207578,0.507937,0.357496,0.424581,0.34313,0.782077,0.147114,2.99517,0.331646,0,-1.21745,89.4,16.5227,120.981,-1.21745,0.0967651,14.412801027297974,-11.028234899044037,2.4922,261.75,,,,,,,763.1,5.299305555,763.1,5.299305555,,,,,,,,,,,,,,,,,,,"Nathaniel Lowe","19566",663993
"Nick Gonzales","PIT",112,483,438,115,71,30,5,10,61,61,32,1,108,8,4,1,,4,4,0.263713,0.0669216,0.223709,0.299145,0.323755,0.421941,0.323304,0.745696,0.158228,4.73202,0.325714,0,-1.63196,61.6027,5.10233,104.686,-1.63196,4.43425,1.0743346214294434,6.909247875213623,2.48568,403.4599914550781,,,,,,,531.9,4.749107142,531.9,4.749107142,,,,,,,,,,,,,,,,,,,"Nick Gonzales","27490",693304
"Joey Ortiz","MIL",144,623,554,138,87,32,6,13,78,73,54,0,125,6,6,2,,11,5,0.249458,0.0868726,0.200772,0.432692,0.319767,0.401302,0.314846,0.721069,0.151844,5.62364,0.296296,0,-0.941597,75.2173,2.33993,101.207,-0.941597,-2.5314,-0.042309463024139404,3.093595504760742,2.45778,275.1199951171875,,,,,,,654.9,4.547916666,654.9,4.547916666,,,,,,,,,,,,,,,,,,,"Joey Ortiz","25493",687401
"Bryan Reynolds","PIT",149,644,574,153,100,28,4,21,74,84,57,4,139,9,4,0,,8,2,0.266551,0.0885093,0.215839,0.410072,0.340062,0.439024,0.337035,0.779086,0.172474,4.48227,0.315789,0,-0.488585,89.2543,13.9205,113.928,-0.488585,-0.273987,10.237174332141876,-7.973986864089966,2.44861,98.26000213623047,,,,,,,791.8,5.314093959,791.8,5.314093959,,,,,,,,,,,,,,,,,,,"Bryan Reynolds","19326",668804
"Geraldo Perdomo","ARI",131,567,477,118,85,23,4,7,82,53,63,0,92,6,5,16,,16,5,0.2475,0.111579,0.162105,0.688312,0.339827,0.355,0.310884,0.694827,0.1075,6.05465,0.28972,0,-0.0455368,66.6481,0.321514,97.2778,-0.0455368,0.601008,-1.8912652917206287,6.676007449626923,2.44421,431.6700134277344,,,,,,,562.5,4.293893129,562.5,4.293893129,,,,,,,,,,,,,,,,,,,"Geraldo Perdomo","22799",672695
"Christian Yelich","MIL",133,574,495,130,87,23,2,17,84,68,73,6,127,3,1,1,,23,2,0.263529,0.127789,0.221095,0.577982,0.361789,0.425882,0.343473,0.787671,0.162353,6.07505,0.321192,0,2.46438,82.5269,15.3815,120.475,2.46438,-0.724737,16.518526315689087,-12.074737250804901,2.43307,116.83999633789062,,,,,,,737,5.541353383,737,5.541353383,,,,,,,,,,,,,,,,,,,"Christian Yelich","11477",592885
"Eugenio Suárez","ARI",141,609,535,124,75,25,1,23,71,81,56,0,176,10,8,0,,1,1,0.232514,0.0913621,0.289037,0.316092,0.312292,0.413989,0.31635,0.726281,0.181474,2.43687,0.294118,0,-1.31719,74.2645,3.02485,100.957,-1.31719,1.32041,-0.6201199889183044,3.095410943031311,2.35015,177.92999267578125,,,,,,,650.9,4.616312056,650.9,4.616312056,,,,,,,,,,,,,,,,,,,"Eugenio Suarez","12552",553993
"Ke'Bryan Hayes","PIT",136,588,541,136,97,26,3,10,65,55,40,1,114,4,4,0,,14,4,0.251185,0.0675381,0.1939,0.348315,0.305011,0.364929,0.29369,0.66994,0.113744,5.1847,0.29878,0,0.159755,60.9796,-7.80346,84.7535,0.159755,11.5239,-10.560612350702286,13.623891353607178,2.33865,337.0199890136719,,,,,,,554.5,4.077205882,554.5,4.077205882,,,,,,,,,,,,,,,,,,,"Ke'Bryan Hayes","18577",663647
"Garrett Mitchell","MIL",110,476,422,105,66,22,3,14,65,62,45,0,145,6,2,2,,22,6,0.249084,0.0941558,0.305195,0.308511,0.32899,0.413919,0.325628,0.74291,0.164835,6.6028,0.345029,0,0.896596,61.6001,5.91856,108.464,0.896596,1.00631,5.714437961578369,0.9063059389591217,2.32086,248.74000549316406,,,,,,,556.5,5.059090909,556.5,5.059090909,,,,,,,,,,,,,,,,,,,"Garrett Mitchell","27555",669003
"Tyler Fitzgerald","SFG",136,588,536,128,77,28,4,20,82,79,38,0,181,10,2,1,,19,5,0.239374,0.0653061,0.308163,0.211921,0.300613,0.418345,0.312287,0.718958,0.178971,6.705,0.320285,0,0.910995,69.7809,0.997833,101.824,0.910995,0.10125,2.1938388347625732,0.45124999433755875,2.29546,242.8800048828125,,,,,,,638.9,4.697794117,638.9,4.697794117,,,,,,,,,,,,,,,,,,,"Tyler Fitzgerald","26208",666149
"Marcell Ozuna","ATL",154,665,593,153,93,27,0,33,83,100,66,1,166,3,3,0,,1,0,0.257634,0.0986395,0.25,0.394558,0.333333,0.469466,0.346315,0.802799,0.211832,1.86003,0.301994,0,-1.04129,97.1314,19.341,121.567,-1.04129,0,16.10918915271759,-16.424999237060547,2.25449,72.0199966430664,,,,,,,861.2,5.592207792,861.2,5.592207792,,,,,,,,,,,,,,,,,,,"Marcell Ozuna","10324",542303
"Francisco Alvarez","NYM",92,366,325,75,44,13,1,17,44,54,34,0,93,4,3,0,,1,1,0.231959,0.0938215,0.254005,0.369369,0.311213,0.43299,0.323202,0.744203,0.201031,2.44123,0.269231,0,-0.826102,46.6502,3.83628,110.717,-0.826102,-0.898487,3.864488363265991,5.62651264667511,2.23898,168.91000366210938,,,,,,,411.3,4.470652173,411.3,4.470652173,,,,,,,,,,,,,,,,,,,"Francisco Alvarez","26121",682626
"Michael Busch","CHC",128,553,484,118,69,27,2,20,76,69,58,1,151,8,4,0,,2,1,0.243564,0.103986,0.27383,0.379747,0.331023,0.431683,0.33203,0.762706,0.188119,3.66091,0.309091,0,-1.05621,74.4147,9.72581,115.691,-1.05621,3.18872,9.320216655731201,-6.236280918121338,2.22041,255.08999633789062,,,,,,,653.5,5.10546875,653.5,5.10546875,,,,,,,,,,,,,,,,,,,"Michael Busch","26319",683737
"Luis García Jr.","WSN",125,539,505,136,92,25,3,16,63,67,30,2,85,0,4,0,,14,4,0.269231,0.0558559,0.158559,0.352273,0.308108,0.423077,0.314514,0.731185,0.153846,5.12765,0.295238,0,0.19551,64.9319,1.88072,101.72,0.19551,0.263535,1.304134577512741,2.1885351836681366,2.21447,131.47000122070312,,,,,,,602,4.816,602,4.816,,,,,,,,,,,,,,,,,,,"Luis Garcia Jr.","20391",671277
"Iván Herrera","STL",100,398,345,87,60,16,2,8,48,43,44,0,87,5,3,0,,5,1,0.250746,0.111399,0.217617,0.511905,0.341969,0.38209,0.321297,0.724058,0.131343,4.84275,0.308943,0,-0.249114,50.1187,3.56146,107.389,-0.249114,-2.25095,3.267681524157524,4.899052619934082,2.21226,236.02000427246094,,,,,,,428.9,4.289,428.9,4.289,,,,,,,,,,,,,,,,,,,"Ivan Herrera","20599",671056
"Matt Shaw","CHC",115,497,444,110,75,16,3,16,62,64,41,0,107,8,4,0,,18,7,0.247241,0.0828402,0.21499,0.385321,0.319527,0.401766,0.316038,0.721293,0.154525,5.71179,0.289157,0,-0.2327,60.4819,2.34377,104.928,-0.2327,-0.491538,2.695803388953209,1.2834615111351013,2.12028,999,,,,,,,547.5,4.760869565,547.5,4.760869565,,,,,,,,,,,,,,,,,,,"Matt Shaw","sa3022615",807713
"Heliot Ramos","SFG",139,602,549,140,90,26,3,22,73,81,44,1,158,5,3,0,,7,3,0.255639,0.0737564,0.262436,0.281046,0.315609,0.432331,0.323756,0.74794,0.176692,4.54398,0.31856,0,-0.901042,76.9992,6.57838,109.544,-0.901042,2.20273,5.9691338539123535,-5.647266149520874,2.10367,206.60000610351562,,,,,,,686.2,4.936690647,686.2,4.936690647,,,,,,,,,,,,,,,,,,,"Heliot Ramos","22515",671218
"TJ Friedl","CIN",131,567,496,122,83,19,5,15,66,73,47,0,92,14,5,5,,15,4,0.246193,0.0822222,0.162222,0.506849,0.325112,0.395939,0.317006,0.721051,0.149746,5.80561,0.271565,0,0.359408,69.4419,3.11535,96.5586,0.359408,0.912835,-1.9739574491977692,2.937834918498993,2.0496,250.6300048828125,,,,,,,612.1,4.672519083,612.1,4.672519083,,,,,,,,,,,,,,,,,,,"TJ Friedl","19522",670770
"Dylan Crews","WSN",134,581,525,129,83,26,5,15,69,69,39,0,129,11,5,0,,27,7,0.245545,0.0679785,0.221825,0.306452,0.309481,0.39802,0.308857,0.707501,0.152475,6.85256,0.295699,0,1.39984,67.3461,-0.618126,97.9124,1.39984,6.45408,-0.050544142723083496,0.5290799140930176,2.04763,129.07000732421875,,,,,,,624,4.656716417,624,4.656716417,,,,,,,,,,,,,,,,,,,"Dylan Crews","33541",686611
"Mike Yastrzemski","SFG",115,497,441,98,52,24,5,18,64,59,47,1,132,6,2,1,,3,1,0.223077,0.0954545,0.265909,0.358974,0.305239,0.420513,0.314865,0.725752,0.197436,5.00085,0.274131,0,-0.599912,60.0125,1.87438,103.559,-0.599912,6.1718,1.5153709650039673,0.9468050003051758,1.9636,440.8399963378906,,,,,,,537,4.669565217,537,4.669565217,,,,,,,,,,,,,,,,,,,"Mike Yastrzemski","14854",573262
"Tyler Stephenson","CIN",100,403,358,94,62,19,1,13,51,52,37,2,93,5,3,0,,1,0,0.263033,0.0926316,0.229474,0.40367,0.338947,0.42654,0.333111,0.765488,0.163507,2.79373,0.318937,0,-0.641179,54.6345,7.4455,107.398,-0.641179,-1.94884,2.9277563095092773,2.5511642694473267,1.95324,164.97999572753906,,,,,,,479.3,4.793,479.3,4.793,,,,,,,,,,,,,,,,,,,"Tyler Stephenson","17988",663886
"Connor Norby","MIA",134,581,527,134,84,28,2,19,85,71,46,0,161,5,4,0,,9,5,0.254054,0.0784314,0.277778,0.282353,0.316993,0.423423,0.321825,0.740417,0.169369,4.84492,0.327913,0,-1.08772,73.4102,5.44593,103.655,-1.08772,-3.984,1.451534390449524,-1.9089999198913574,1.95096,266.1099853515625,,,,,,,650.7,4.855970149,650.7,4.855970149,,,,,,,,,,,,,,,,,,,"Connor Norby","29592",681393
"Sal Frelick","MIL",104,448,408,111,82,20,4,5,58,43,33,1,65,5,2,1,,13,3,0.272541,0.0727612,0.145522,0.5,0.33271,0.379098,0.313239,0.711809,0.106557,6.1692,0.312808,0,0.383851,53.5096,1.10339,100.126,0.383851,8.11758,0.4512680023908615,3.5175814628601074,1.95068,360.1400146484375,,,,,,,471.7,4.535576923,471.7,4.535576923,,,,,,,,,,,,,,,,,,,"Sal Frelick","29622",686217
"Jose Siri","NYM",97,420,384,82,46,17,2,17,56,57,27,0,154,5,3,1,,14,5,0.21466,0.0645933,0.366029,0.176471,0.273381,0.403141,0.292842,0.676523,0.188482,6.46589,0.302326,0,0.160122,43.27,-5.86076,90.2827,0.160122,8.07254,-4.720278546214104,9.572542190551758,1.94562,441.1400146484375,,,,,,,404.3,4.168041237,404.3,4.168041237,,,,,,,,,,,,,,,,,,,"Jose Siri","17452",642350
"Otto Lopez","MIA",107,462,426,117,86,22,4,5,57,43,28,0,79,4,2,2,,15,4,0.275294,0.0607375,0.171367,0.35443,0.324619,0.381176,0.309824,0.705795,0.105882,6.20372,0.326531,0,0.449642,53.9117,-0.132156,95.5771,0.449642,3.62598,-1.993847906589508,5.375982761383057,1.93823,327.4599914550781,,,,,,,476.1,4.44953271,476.1,4.44953271,,,,,,,,,,,,,,,,,,,"Otto Lopez","19608",672640
"Spencer Horwitz","PIT",100,434,375,103,67,26,1,9,52,46,50,1,75,6,3,0,,2,1,0.273622,0.115646,0.173469,0.666667,0.365646,0.417323,0.343977,0.782969,0.143701,2.87152,0.319095,0,-1.11619,62.5745,11.8061,118.6,-1.11619,2.90896,8.53689956665039,-4.99104380607605,1.85884,384.4200134277344,,,,,,,536.5,5.365,536.5,5.365,,,,,,,,,,,,,,,,,,,"Spencer Horwitz","26477",687462
"Josh Naylor","ARI",141,609,546,144,89,32,0,23,67,99,50,7,93,6,6,0,,7,2,0.264368,0.0824742,0.152921,0.539326,0.329897,0.450192,0.333044,0.780088,0.185824,3.04272,0.278177,0,-0.472773,82.447,11.2074,112.193,-0.472773,0.765191,8.40684375166893,-10.759808123111725,1.8515,102.83999633789062,,,,,,,745.1,5.284397163,745.1,5.284397163,,,,,,,,,,,,,,,,,,,"Josh Naylor","18839",647304
"Willson Contreras","STL",139,602,516,123,73,27,0,23,71,74,63,1,153,20,3,0,,6,3,0.237569,0.104265,0.253554,0.411215,0.341232,0.422652,0.335655,0.763884,0.185083,2.93334,0.290456,0,-1.23024,82.7646,12.3438,117.053,-1.23024,-1.58885,11.046023845672607,-13.238845825195312,1.84396,75.73999786376953,,,,,,,719.3,5.174820143,719.3,5.174820143,,,,,,,,,,,,,,,,,,,"Willson Contreras","11609",575929
"Nolan Jones","COL",113,490,425,111,69,25,2,15,63,64,58,3,144,4,2,1,,9,3,0.260652,0.117391,0.293478,0.4,0.352941,0.433584,0.342246,0.786525,0.172932,4.8106,0.357143,0,-0.598769,69.966,12.6467,106.917,-0.598769,3.69016,3.45402330160141,-1.9598402976989746,1.83955,251.6300048828125,,,,,,,616.2,5.453097345,616.2,5.453097345,,,,,,,,,,,,,,,,,,,"Nolan Jones","20529",666134
"Jose Trevino","CIN",70,275,254,63,45,9,1,7,29,31,17,0,46,2,1,1,,1,1,0.246964,0.0634328,0.16791,0.377778,0.299625,0.376518,0.296547,0.676144,0.129555,2.90246,0.27551,0,-0.721095,29.1729,-3.01944,82.7886,-0.721095,9.34264,-6.385134041309357,14.717635154724121,1.80704,623.3499755859375,,,,,,,252.5,3.607142857,252.5,3.607142857,,,,,,,,,,,,,,,,,,,"Jose Trevino","16725",624431
"Jesús Sánchez","MIA",94,406,368,95,58,19,2,15,47,53,33,2,103,3,1,1,,7,1,0.257709,0.0818363,0.253493,0.322835,0.324,0.447137,0.332941,0.771137,0.189427,5.07152,0.317152,0,0.39495,54.9311,7.438,111.137,0.39495,1.68993,5.801782697439194,-2.160071849822998,1.77244,233.5800018310547,,,,,,,490,5.212765957,490,5.212765957,,,,,,,,,,,,,,,,,,,"Jesus Sanchez","19913",660821
"Luis Arraez","SDP",149,644,600,184,147,28,3,6,77,61,35,4,35,5,3,1,,6,3,0.30678,0.0537125,0.0537125,1,0.348101,0.394915,0.323938,0.743017,0.0881356,3.81814,0.316456,0,-1.45257,82.4656,7.13171,111.376,-1.45257,1.62438,7.308006167411804,-11.825621485710144,1.74831,193.52999877929688,,,,,,,708.1,4.752348993,708.1,4.752348993,,,,,,,,,,,,,,,,,,,"Luis Arraez","18568",650333
"Jeff McNeil","NYM",99,427,386,101,71,21,1,8,48,42,28,1,54,9,3,1,,4,0,0.260965,0.0653465,0.126733,0.515625,0.323413,0.379386,0.309017,0.702799,0.118421,4.16568,0.284238,0,-0.00197657,49.5503,-0.399366,101.17,-0.00197657,0.736364,0.5953576362226158,1.8113636374473572,1.71712,411.1099853515625,,,,,,,440,4.444444444,440,4.444444444,,,,,,,,,,,,,,,,,,,"Jeff McNeil","15362",643446
"Jake Cronenworth","SDP",138,595,523,125,79,27,4,15,70,67,54,2,109,12,5,1,,4,2,0.2397,0.0906096,0.182867,0.495495,0.321782,0.391386,0.312604,0.713168,0.151685,4.14736,0.273608,0,-1.13933,70.7635,1.1615,103.748,-1.13933,-2.96438,1.52711021900177,-5.339375019073486,1.65263,287.3500061035156,,,,,,,619.1,4.486231884,619.1,4.486231884,,,,,,,,,,,,,,,,,,,"Jake Cronenworth","18036",630105
"Max Kepler","PHI",115,497,447,105,63,22,2,18,62,62,41,0,101,6,3,0,,3,0,0.235443,0.0820046,0.202733,0.404494,0.305239,0.41519,0.313425,0.720429,0.179747,4.37524,0.262799,0,-0.187439,59.4365,1.2984,100.033,-0.187439,4.62134,-0.16753510013222694,-0.7036604881286621,1.61933,359.32000732421875,,,,,,,532.1,4.626956521,532.1,4.626956521,,,,,,,,,,,,,,,,,,,"Max Kepler","12144",596146
"Joey Bart","PIT",96,379,339,82,56,14,0,12,47,45,30,0,105,8,1,0,,0,0,0.242958,0.0788644,0.277603,0.284091,0.318612,0.390845,0.313121,0.709457,0.147887,1.6756,0.315508,0,-0.745055,45.2084,0.897063,97.832,-0.745055,-2.90508,-1.7271164655685425,3.8699214458465576,1.52409,270.1400146484375,,,,,,,387.6,4.0375,387.6,4.0375,,,,,,,,,,,,,,,,,,,"Joey Bart","21524",663698
"Jake McCarthy","ARI",120,518,467,124,90,18,7,8,68,57,35,0,93,10,2,4,,27,6,0.265934,0.0673267,0.180198,0.373626,0.329341,0.389011,0.316026,0.718352,0.123077,7.6841,0.315642,0,1.77265,63.0325,2.43782,100.739,1.77265,-4.37518,2.230524480342865,-5.025182068347931,1.49291,217.32000732421875,,,,,,,564.2,4.701666666,564.2,4.701666666,,,,,,,,,,,,,,,,,,,"Jake McCarthy","21622",664983
"Jurickson Profar","ATL",146,630,541,139,94,30,1,14,77,69,71,2,101,11,4,3,,7,2,0.25636,0.112605,0.159664,0.705263,0.351351,0.391389,0.32852,0.742741,0.135029,3.88845,0.289926,0,-0.745804,82.9964,9.30017,109.59,-0.745804,-6.06843,6.479182958602905,-13.068432331085205,1.48621,186.4600067138672,,,,,,,715.4,4.9,715.4,4.9,,,,,,,,,,,,,,,,,,,"Jurickson Profar","10815",595777
"Lourdes Gurriel Jr.","ARI",130,560,518,141,95,28,2,16,63,72,32,1,102,5,4,0,,5,1,0.272165,0.0572519,0.181298,0.315789,0.318702,0.426804,0.322366,0.745506,0.154639,3.94299,0.308707,0,-0.401591,71.0008,5.49306,105.006,-0.401591,1.1453,2.9509851336479187,-7.254697322845459,1.4815,219.9600067138672,,,,,,,632.3,4.863846153,632.3,4.863846153,,,,,,,,,,,,,,,,,,,"Lourdes Gurriel Jr.","19238",666971
"Thairo Estrada","COL",120,518,481,127,87,23,2,15,67,66,24,0,99,10,2,1,,9,4,0.264108,0.0461216,0.190776,0.241758,0.310924,0.41535,0.31596,0.726274,0.151242,4.95615,0.302941,0,-0.973106,63.005,2.41039,89.2246,-0.973106,2.82071,-7.647697985172272,4.6707059144973755,1.47408,298.5799865722656,,,,,,,557.2,4.643333333,557.2,4.643333333,,,,,,,,,,,,,,,,,,,"Thairo Estrada","16426",642731
"Isiah Kiner-Falefa","PIT",128,553,512,134,105,21,2,6,59,49,27,1,83,8,3,2,,14,3,0.262443,0.048218,0.150943,0.319444,0.307368,0.346154,0.28786,0.653522,0.0837104,5.06346,0.30163,0,0.275793,54.7551,-9.93379,80.8295,0.275793,2.49961,-12.401284337043762,8.224609375,1.47055,366.8800048828125,,,,,,,490.3,3.83046875,490.3,3.83046875,,,,,,,,,,,,,,,,,,,"Isiah Kiner-Falefa","16512",643396
"Orlando Arcia","ATL",134,581,531,122,82,24,0,17,58,63,43,1,121,2,6,0,,2,0,0.230444,0.0733591,0.208494,0.351852,0.287645,0.369979,0.287023,0.657624,0.139535,2.45959,0.264789,0,-0.54281,57.1357,-10.8286,81.6595,-0.54281,1.2759,-13.285150349140167,7.500897645950317,1.40082,448.260009765625,,,,,,,520.4,3.883582089,520.4,3.883582089,,,,,,,,,,,,,,,,,,,"Orlando Arcia","13185",606115
"Tyrone Taylor","NYM",78,336,309,71,42,18,2,10,45,40,19,1,78,7,2,0,,8,1,0.231013,0.0552326,0.232558,0.2375,0.287791,0.39557,0.296254,0.68336,0.164557,6.46425,0.276316,0,0.642999,35.5389,-3.76572,92.5796,0.642999,4.70082,-2.3384352326393127,4.700817629694939,1.39957,672.9500122070312,,,,,,,336.6,4.315384615,336.6,4.315384615,,,,,,,,,,,,,,,,,,,"Tyrone Taylor","13675",621438
"Alec Burleson","STL",100,434,399,111,77,18,2,14,50,58,27,0,59,3,4,1,,5,2,0.277445,0.0623853,0.13578,0.459459,0.325368,0.433134,0.328516,0.758501,0.155689,3.88883,0.293976,0,-0.537913,57.1737,6.40521,112.248,-0.537913,0.785872,5.81859290599823,-6.814127564430237,1.38982,235.4600067138672,,,,,,,511.7,5.117,511.7,5.117,,,,,,,,,,,,,,,,,,,"Alec Burleson","27615",676475
"Keibert Ruiz","WSN",122,480,448,110,73,23,0,15,46,56,24,0,52,5,3,0,,3,1,0.246154,0.0492813,0.10883,0.45283,0.289528,0.395604,0.297707,0.685132,0.149451,2.55628,0.248718,0,-0.609044,51.331,-4.81852,90.4073,-0.609044,-5.82805,-6.115138947963715,3.5469512939453125,1.3856,213.50999450683594,,,,,,,465.6,3.816393442,465.6,3.816393442,,,,,,,,,,,,,,,,,,,"Keibert Ruiz","19610",660688
"Michael Conforto","LAD",115,497,437,101,60,20,1,20,59,74,48,2,122,8,3,0,,1,1,0.231959,0.0975057,0.244898,0.398148,0.31746,0.42268,0.321388,0.740141,0.190722,2.48114,0.271698,0,-1.1294,62.6218,4.48373,107.681,-1.1294,-1.28902,3.435593008995056,-6.614017009735107,1.38105,275.6300048828125,,,,,,,547.4,4.76,547.4,4.76,,,,,,,,,,,,,,,,,,,"Michael Conforto","16376",624424
"Nolan Gorman","STL",96,413,373,86,48,15,0,22,54,61,37,1,137,2,2,0,,5,1,0.229935,0.0900196,0.332681,0.270588,0.30137,0.446855,0.322604,0.748224,0.21692,3.59289,0.296992,0,-0.0400033,52.442,4.13004,108.269,-0.0400033,-1.80514,4.043687824159861,-4.530142784118652,1.37017,358.1199951171875,,,,,,,482.6,5.027083333,482.6,5.027083333,,,,,,,,,,,,,,,,,,,"Nolan Gorman","22263",669357
"Carson Kelly","CHC",76,301,267,60,42,11,0,8,32,33,27,0,59,4,3,0,,1,0,0.224638,0.0900322,0.196141,0.459016,0.302251,0.351449,0.290308,0.6537,0.126812,2.46451,0.257143,0,-0.379077,30.3762,-4.81082,87.6093,-0.379077,2.17543,-4.8359998762607574,8.05042839050293,1.36651,522.3300170898438,,,,,,,271,3.565789473,271,3.565789473,,,,,,,,,,,,,,,,,,,"Carson Kelly","13620",608348
"Derek Hill","MIA",86,371,342,89,61,14,4,10,49,46,21,0,103,3,2,3,,10,3,0.259475,0.0564516,0.276882,0.203883,0.306233,0.411079,0.311205,0.717312,0.151603,6.65436,0.340517,0,0.113818,43.7052,0.306362,96.5069,0.113818,1.22657,-1.435890406370163,2.2515714168548584,1.3602,584.3499755859375,,,,,,,396.4,4.609302325,396.4,4.609302325,,,,,,,,,,,,,,,,,,,"Derek Hill","16947",656537
"LaMonte Wade Jr.","SFG",113,490,411,97,66,17,1,13,59,47,68,4,106,6,4,2,,2,1,0.236994,0.138015,0.215496,0.640449,0.350365,0.378613,0.323254,0.728978,0.141618,3.21088,0.285141,0,-1.08279,62.4758,5.15658,109.206,-1.08279,0.569793,4.311298131942749,-7.930206835269928,1.31148,433.1099853515625,,,,,,,532.4,4.711504424,532.4,4.711504424,,,,,,,,,,,,,,,,,,,"LaMonte Wade Jr.","18126",664774
"Miguel Amaya","CHC",83,326,287,68,46,13,1,8,31,39,26,0,67,8,3,3,,0,0,0.237113,0.0785498,0.205438,0.382353,0.314024,0.371134,0.303091,0.685158,0.134021,1.92016,0.279816,0,-0.630402,36.3196,-1.86201,96.2133,-0.630402,-2.67055,-2.1083916425704956,3.7044544219970703,1.28741,356.1600036621094,,,,,,,314.4,3.787951807,314.4,3.787951807,,,,,,,,,,,,,,,,,,,"Miguel Amaya","21693",665804
"Austin Hays","CIN",117,504,462,120,71,32,1,17,65,61,30,1,125,7,3,1,,3,2,0.260341,0.0602679,0.247768,0.243243,0.313199,0.442822,0.325661,0.756021,0.182482,3.53713,0.319444,0,-1.07977,65.2373,6.28032,102.384,-1.07977,0.481983,0.3572535514831543,-4.71801632642746,1.28301,391.9800109863281,,,,,,,579.4,4.952136752,579.4,4.952136752,,,,,,,,,,,,,,,,,,,"Austin Hays","19363",669720
"Spencer Steer","CIN",118,511,448,112,66,27,2,17,60,68,52,1,106,8,2,0,,14,2,0.25,0.102644,0.206843,0.496241,0.337481,0.432624,0.335888,0.770105,0.182624,5.17322,0.290557,0,0.745423,70.3495,10.5737,109.268,0.745423,-2.85914,6.408542990684509,-11.034139156341553,1.27974,154.60000610351562,,,,,,,629.7,5.336440677,629.7,5.336440677,,,,,,,,,,,,,,,,,,,"Spencer Steer","26323",668715
"Jacob Young","WSN",125,539,484,119,93,20,3,3,71,44,33,0,98,11,2,9,,30,7,0.245935,0.0620438,0.182482,0.34,0.307978,0.317073,0.280376,0.625051,0.0711382,6.89735,0.30179,0,2.02618,50.1219,-12.9292,78.7425,2.02618,4.06761,-11.675153017044067,5.9926087856292725,1.26688,297.5799865722656,,,,,,,455.1,3.6408,455.1,3.6408,,,,,,,,,,,,,,,,,,,"Jacob Young","29931",696285
"Gavin Lux","CIN",115,497,441,115,79,22,3,11,68,49,50,1,106,2,3,1,,6,2,0.260442,0.100218,0.213508,0.469388,0.336245,0.398034,0.322037,0.734279,0.137592,4.98933,0.317881,0,-0.603225,62.8815,4.74336,99.945,-0.603225,-0.514286,-0.6358997412025928,-4.189285695552826,1.21097,335.739990234375,,,,,,,549.1,4.774782608,549.1,4.774782608,,,,,,,,,,,,,,,,,,,"Gavin Lux","19955",666158
"Dane Myers","MIA",78,336,305,78,54,13,2,9,44,43,23,0,93,6,3,0,,9,2,0.255014,0.0675325,0.275325,0.245283,0.316883,0.395415,0.311993,0.712299,0.140401,5.94025,0.334746,0,0.384181,39.7953,0.490635,97.0374,0.384181,2.36329,-0.8061537444591522,0.9632940292358398,1.17182,659.530029296875,,,,,,,364,4.666666666,364,4.666666666,,,,,,,,,,,,,,,,,,,"Dane Myers","22054",667472
"Kyle Stowers","MIA",99,427,382,90,51,20,2,17,48,57,35,0,131,6,4,0,,1,1,0.23601,0.0826087,0.306522,0.269504,0.308696,0.430657,0.32042,0.739353,0.194647,2.9548,0.308594,0,-0.922922,53.4691,3.51943,102.709,-0.922922,0.58622,0.46027672290802,-3.3887798190116882,1.16611,521.8800048828125,,,,,,,473.3,4.78080808,473.3,4.78080808,,,,,,,,,,,,,,,,,,,"Kyle Stowers","26151",669065
"Alek Thomas","ARI",71,308,283,72,47,14,3,7,40,37,19,0,58,2,2,1,,6,2,0.252427,0.0625,0.189732,0.329412,0.302691,0.400485,0.305385,0.703176,0.148058,6.10909,0.29375,0,-0.135004,34.8407,-1.1885,93.5767,-0.135004,2.079,-2.500772848725319,3.1790000200271606,1.12934,514.02001953125,,,,,,,312.5,4.40140845,312.5,4.40140845,,,,,,,,,,,,,,,,,,,"Alek Thomas","23792",677950
"Jeimer Candelario","CIN",118,511,461,112,61,29,2,20,60,71,39,1,122,7,3,0,,3,2,0.243678,0.0767635,0.238589,0.321739,0.311203,0.445977,0.326365,0.75718,0.202299,3.65595,0.286184,0,-1.06774,66.433,6.65717,102.858,-1.06774,-2.268,0.6788539886474609,-6.842999696731567,1.12084,305.260009765625,,,,,,,587.8,4.981355932,587.8,4.981355932,,,,,,,,,,,,,,,,,,,"Jeimer Candelario","13621",600869
"Rhys Hoskins","MIL",131,567,495,110,59,24,1,26,66,78,61,1,158,7,4,0,,2,1,0.222472,0.107843,0.278431,0.387324,0.313726,0.431461,0.323367,0.745186,0.208989,2.72969,0.267606,0,-0.997086,72.3448,6.01827,106.942,-0.997086,-1.5991,3.7100321650505066,-12.174096584320068,1.07591,278.70001220703125,,,,,,,645.7,4.929007633,645.7,4.929007633,,,,,,,,,,,,,,,,,,,"Rhys Hoskins","16472",656555
"Oliver Dunn","MIL",84,364,324,67,42,15,3,7,37,36,36,1,130,3,0,1,,7,2,0.207237,0.0994152,0.356725,0.278689,0.293255,0.342105,0.282258,0.63536,0.134868,5.92604,0.32,0,-0.00206952,34.4001,-8.17989,79.2737,-0.00206952,5.81864,-9.023681690916419,7.118638753890991,1.05514,705.3900146484375,,,,,,,302.3,3.598809523,302.3,3.598809523,,,,,,,,,,,,,,,,,,,"Oliver Dunn","26295",686554
"Jesse Winker","NYM",96,413,348,83,56,16,1,11,48,45,55,1,83,7,2,1,,6,2,0.239186,0.133047,0.201717,0.659574,0.352688,0.381679,0.327827,0.734368,0.142494,3.88759,0.283737,0,-0.400426,54.1781,5.86619,113.83,-0.400426,-1.79626,6.429781675338745,-10.021256446838379,1.04949,402.8900146484375,,,,,,,464.1,4.834375,464.1,4.834375,,,,,,,,,,,,,,,,,,,"Jesse Winker","13590",608385
"Alex Call","WSN",58,252,216,49,32,10,1,6,31,26,29,0,48,4,2,1,,6,2,0.225543,0.11655,0.191142,0.609756,0.327103,0.366848,0.309746,0.693951,0.141304,4.61719,0.258993,0,-0.173924,29.3907,-0.0877473,98.5109,-0.173924,4.16571,-0.6226500123739243,2.2657142877578735,1.03638,741.4600219726562,,,,,,,254.3,4.384482758,254.3,4.384482758,,,,,,,,,,,,,,,,,,,"Alex Call","19296",669743
"Josh Bell","WSN",134,581,515,129,84,23,1,20,62,68,58,2,114,4,4,0,,0,1,0.250493,0.0996503,0.195804,0.508929,0.328671,0.418146,0.325262,0.746817,0.167653,1.73934,0.282322,0,-1.54974,75.0174,7.05315,108.954,-1.54974,-0.2673,4.671151518821716,-14.442300200462341,0.989063,332.70001220703125,,,,,,,651,4.858208955,651,4.858208955,,,,,,,,,,,,,,,,,,,"Josh Bell","13145",605137
"Nick Fortes","MIA",84,333,302,70,50,13,0,7,34,33,18,0,49,6,3,4,,2,1,0.231023,0.0538922,0.146707,0.367347,0.284848,0.343234,0.27717,0.628083,0.112211,2.86919,0.252,0,-0.586929,30.0886,-8.84171,73.599,-0.586929,3.05576,-11.093599319458008,9.55576467514038,0.985759,607.1199951171875,,,,,,,266.5,3.172619047,266.5,3.172619047,,,,,,,,,,,,,,,,,,,"Nick Fortes","21538",663743
"Drake Baldwin","ATL",53,211,188,44,28,10,0,6,23,26,20,0,55,3,0,0,,0,0,0.234146,0.0932755,0.262473,0.355372,0.316703,0.385366,0.309451,0.702069,0.15122,1.85317,0.299639,0,-0.397737,24.582,-0.12378,96.7553,-0.397737,-1.0692,-1.2171981036663055,3.0558000802993774,0.916257,999,,,,,,,212.8,4.015094339,212.8,4.015094339,,,,,,,,,,,,,,,,,,,"Drake Baldwin","sa3019920",686948
"Luis Campusano","SDP",66,263,243,61,42,10,1,7,32,34,16,0,43,2,1,0,,0,0,0.25,0.0619718,0.16338,0.37931,0.301408,0.390244,0.302049,0.691652,0.140244,2.21201,0.274809,0,-0.479459,29.0442,-1.72105,96.6427,-0.479459,-3.3075,-1.5353078246116638,1.5174996852874756,0.902684,401.0400085449219,,,,,,,253.1,3.834848484,253.1,3.834848484,,,,,,,,,,,,,,,,,,,"Luis Campusano","22217",669134
"Pedro Pagés","STL",62,243,221,49,34,8,1,5,21,27,18,0,64,2,2,1,,1,0,0.220497,0.0732394,0.261972,0.27957,0.282486,0.338509,0.274587,0.620995,0.118012,3.32258,0.28125,0,-0.153114,21.4821,-6.96694,75.95,-0.153114,2.94417,-7.147347792983055,7.69417405128479,0.892901,576.4400024414062,,,,,,,191.2,3.083870967,191.2,3.083870967,,,,,,,,,,,,,,,,,,,"Pedro Pages","25782",686780
"Christian Encarnacion-Strand","CIN",102,441,407,105,62,22,2,20,56,71,25,1,125,7,2,0,,3,1,0.257471,0.0573248,0.282378,0.203008,0.309979,0.464368,0.332395,0.774347,0.206897,4.00126,0.321555,0,-0.549009,59.4727,7.88533,106.917,-0.549009,0.322514,3.098434865474701,-9.152486622333527,0.891461,232.75,,,,,,,543.1,5.324509803,543.1,5.324509803,,,,,,,,,,,,,,,,,,,"Christian Encarnacion-Strand","30011",687952
"Johan Rojas","PHI",73,315,291,71,52,12,3,4,40,31,14,0,63,4,1,6,,19,3,0.242697,0.0435685,0.201245,0.216495,0.285412,0.346067,0.277538,0.63148,0.103371,7.96577,0.297376,0,1.9203,28.5725,-8.27562,75.8789,1.9203,4.09362,-7.165628910064697,5.218615531921387,0.882281,586.97998046875,,,,,,,277.8,3.805479452,277.8,3.805479452,,,,,,,,,,,,,,,,,,,"Johan Rojas","24336",679032
"Blake Perkins","MIL",58,252,221,50,34,10,1,4,30,25,26,1,65,1,2,1,,10,2,0.225352,0.10396,0.259901,0.4,0.307692,0.340845,0.288028,0.648537,0.115493,6.12077,0.295547,0,0.503075,24.9856,-4.49288,83.1567,0.503075,3.74914,-4.572536647319794,4.649142622947693,0.874603,645.739990234375,,,,,,,225.7,3.89137931,225.7,3.89137931,,,,,,,,,,,,,,,,,,,"Blake Perkins","19921",663368
"Endy Rodríguez","PIT",84,345,315,77,48,19,2,7,44,39,25,0,71,3,2,0,,1,1,0.244131,0.0728051,0.205567,0.354167,0.304069,0.389671,0.303006,0.69374,0.14554,4.25371,0.291022,0,-0.603899,38.3434,-1.99061,91.0237,-0.603899,0.279818,-4.304971754550934,1.0798181295394897,0.852767,414.0899963378906,,,,,,,331.6,3.947619047,331.6,3.947619047,,,,,,,,,,,,,,,,,,,"Endy Rodriguez","25332",682848
"Eguy Rosario","SDP",57,245,220,51,30,12,1,8,29,32,20,1,64,3,2,1,,6,3,0.231481,0.08125,0.2625,0.309524,0.300626,0.407407,0.307547,0.708034,0.175926,5.04766,0.286689,0,-0.422203,28.1406,-0.519023,100.344,-0.422203,1.7388,-0.3215476870536804,0.16379988193511963,0.826325,661.8599853515625,,,,,,,253.3,4.443859649,253.3,4.443859649,,,,,,,,,,,,,,,,,,,"Eguy Rosario","19964",666703
"Chris Taylor","LAD",63,273,239,54,34,11,2,7,34,29,29,1,88,3,2,1,,6,1,0.22623,0.106017,0.320917,0.330357,0.316092,0.37377,0.304534,0.689862,0.147541,5.98373,0.322581,0,0.416173,30.6946,-1.24037,96.3372,0.416173,-0.1215,-0.7795583307743073,-0.346499964594841,0.822619,722.9500122070312,,,,,,,277.1,4.398412698,277.1,4.398412698,,,,,,,,,,,,,,,,,,,"Chris Taylor","13757",621035
"Jordan Walker","STL",130,560,510,125,78,26,3,18,54,68,40,0,129,7,4,0,,6,3,0.244403,0.0713073,0.2309,0.308823,0.305603,0.412313,0.312169,0.717916,0.16791,3.69729,0.290909,0,-0.997282,66.4046,0.896875,101.245,-0.997282,-4.6221,-0.16325390338897705,-10.622097969055176,0.812094,284.4200134277344,,,,,,,595.7,4.582307692,595.7,4.582307692,,,,,,,,,,,,,,,,,,,"Jordan Walker","27475",691023
"Paul DeJong","WSN",86,371,339,72,43,14,0,15,40,43,23,0,114,6,3,0,,2,2,0.213399,0.0612245,0.306122,0.2,0.272109,0.389578,0.287605,0.661687,0.176179,2.39073,0.267717,0,-0.909302,36.6581,-6.74075,83.6081,-0.909302,2.2667,-8.181497573852539,3.6417040824890137,0.807103,444.2099914550781,,,,,,,331,3.848837209,331,3.848837209,,,,,,,,,,,,,,,,,,,"Paul DeJong","18015",657557
"Jake Fraley","CIN",100,434,388,98,68,18,1,11,48,49,39,1,86,5,2,0,,19,5,0.252308,0.0906593,0.197802,0.458333,0.326923,0.387692,0.31417,0.714615,0.135385,5.31115,0.296748,0,1.00867,52.1624,1.39393,94.6497,1.00867,0.46766,-1.768022894859314,-5.2823396027088165,0.76449,382.6099853515625,,,,,,,476.2,4.762,476.2,4.762,,,,,,,,,,,,,,,,,,,"Jake Fraley","19260",641584
"Jonah Bride","MIA",87,378,320,77,51,16,1,9,40,44,46,0,70,7,4,1,,1,1,0.240275,0.122093,0.186047,0.65625,0.343689,0.377574,0.321165,0.721264,0.1373,2.26763,0.277612,0,-0.971175,47.5599,3.34221,103.21,-0.971175,1.37135,0.4799489974975586,-5.828650951385498,0.747635,458.3500061035156,,,,,,,406,4.666666666,406,4.666666666,,,,,,,,,,,,,,,,,,,"Jonah Bride","24703",681146
"Brett Baty","NYM",41,175,157,38,26,6,0,6,21,22,16,0,45,2,0,0,,1,0,0.239535,0.0895833,0.258333,0.346774,0.31524,0.395349,0.312089,0.710589,0.155814,2.45304,0.296552,0,-0.338486,20.7402,0.269072,103.238,-0.338486,0.37437,0.33906909823417664,1.0493697822093964,0.745264,552.3300170898438,,,,,,,185.5,4.524390243,185.5,4.524390243,,,,,,,,,,,,,,,,,,,"Brett Baty","26123",683146
"Jared Triolo","PIT",53,231,206,51,36,10,1,4,25,23,22,0,58,2,2,0,,5,1,0.2457,0.0940919,0.249453,0.377193,0.321663,0.353808,0.300565,0.675471,0.108108,5.04887,0.321799,0,0.126766,25.2344,-1.7875,89.3805,0.126766,2.78922,-2.806665226817131,2.264217495918274,0.738444,614.8900146484375,,,,,,,230.6,4.350943396,230.6,4.350943396,,,,,,,,,,,,,,,,,,,"Jared Triolo","25807",669707
"Luis Torrens","NYM",58,230,210,49,32,10,0,7,23,28,16,0,60,2,3,0,,1,1,0.231076,0.0690909,0.261818,0.263889,0.287273,0.374502,0.289051,0.661775,0.143426,2.045,0.287356,0,-0.561891,23.0338,-3.91792,87.7316,-0.561891,-1.12424,-3.942012071609497,3.37575900554657,0.733922,687.75,,,,,,,212.3,3.660344827,212.3,3.660344827,,,,,,,,,,,,,,,,,,,"Luis Torrens","15905",620443
"Jordan Lawlar","ARI",50,217,193,44,30,9,1,4,26,23,17,0,53,4,2,1,,8,2,0.226257,0.079602,0.246269,0.323232,0.301746,0.340782,0.286254,0.642528,0.114525,5.99464,0.290196,0,0.227959,21.2056,-4.17867,80.7002,0.227959,3.27522,-4.78015011548996,4.650217294692993,0.732898,379.510009765625,,,,,,,195.4,3.908,195.4,3.908,,,,,,,,,,,,,,,,,,,"Jordan Lawlar","29976",691783
"Victor Scott II","STL",102,441,398,89,66,12,4,6,48,39,27,0,88,6,4,6,,27,5,0.222917,0.0620301,0.199248,0.311321,0.28,0.31875,0.265587,0.59875,0.0958333,7.51291,0.268817,0,2.5058,35.7596,-15.8278,69.8924,2.5058,4.09847,-13.37145447731018,5.67347264289856,0.72168,379.44000244140625,,,,,,,350.7,3.438235294,350.7,3.438235294,,,,,,,,,,,,,,,,,,,"Victor Scott II","31349",687363
"Andy Pages","LAD",39,168,150,37,21,8,1,7,23,23,13,0,43,4,2,0,,1,1,0.246914,0.0787546,0.254579,0.309353,0.320513,0.446502,0.331312,0.767015,0.199588,3.867,0.29697,0,-0.487935,22.5099,2.85755,114.361,-0.487935,-0.589091,2.397081196308136,-1.1890909075737,0.702553,413.9599914550781,,,,,,,202,5.179487179,202,5.179487179,,,,,,,,,,,,,,,,,,,"Andy Pages","24816",681624
"Justin Turner","CHC",83,357,311,78,55,16,0,8,41,38,34,1,66,7,4,0,,1,1,0.251799,0.0962343,0.186192,0.516854,0.334728,0.381295,0.316031,0.716023,0.129496,2.03942,0.291022,0,-0.901719,43.4425,1.68135,104.922,-0.901719,0,1.1996522545814514,-6.375,0.693315,516.3499755859375,,,,,,,369.5,4.451807228,369.5,4.451807228,,,,,,,,,,,,,,,,,,,"Justin Turner","5235",457759
"Caleb Durbin","MIL",49,210,184,43,29,10,1,4,27,24,17,1,24,6,1,2,,10,2,0.236111,0.0827251,0.114355,0.723404,0.321078,0.361111,0.303134,0.68219,0.125,6.5601,0.253247,0,0.80875,23.3746,-1.1908,93.3242,0.80875,-0.409263,-0.867664098739624,0.4407368004322052,0.678151,376.6300048828125,,,,,,,211.5,4.31632653,211.5,4.31632653,,,,,,,,,,,,,,,,,,,"Caleb Durbin","sa3017183",702332
"Edmundo Sosa","PHI",41,175,159,40,26,7,2,4,23,19,7,0,41,7,1,1,,4,1,0.24812,0.0410959,0.236301,0.173913,0.305842,0.402256,0.308816,0.708098,0.154135,6.98598,0.307292,0,-0.0784579,20.2792,-0.191964,96.9315,-0.0784579,0.555882,-0.720596008002758,1.3308823108673096,0.664898,525.3499755859375,,,,,,,181.1,4.41707317,181.1,4.41707317,,,,,,,,,,,,,,,,,,,"Edmundo Sosa","17022",624641
"Rafael Marchán","PHI",36,141,125,29,21,6,1,2,15,14,11,0,22,3,1,1,,0,0,0.233184,0.0796813,0.159363,0.5,0.308,0.340807,0.289359,0.648807,0.107623,2.28992,0.265193,0,-0.274493,14.1111,-2.35945,83.8353,-0.274493,1.64492,-2.9961376786231995,4.394923090934753,0.62871,720.1900024414062,,,,,,,121.3,3.369444444,121.3,3.369444444,,,,,,,,,,,,,,,,,,,"Rafael Marchan","21646",665561
"Connor Joe","SDP",52,224,195,45,28,11,1,5,26,20,25,0,51,3,1,0,,1,1,0.230986,0.110294,0.22549,0.48913,0.32598,0.374648,0.31131,0.700628,0.143662,3.47563,0.285156,0,-0.667081,26.407,0.203914,102.876,-0.667081,1.50531,0.10339635610580444,-1.594690203666687,0.616375,651.7000122070312,,,,,,,224.7,4.321153846,224.7,4.321153846,,,,,,,,,,,,,,,,,,,"Connor Joe","16572",656582
"Nick Castellanos","PHI",147,637,589,152,98,31,2,21,74,86,38,2,147,6,4,0,,6,1,0.258652,0.0589226,0.23064,0.255474,0.308081,0.428051,0.317313,0.736132,0.169399,4.1371,0.308081,0,-0.247745,78.1724,3.65739,102.65,-0.247745,-9.96923,1.7710132896900177,-17.09423065185547,0.608256,174.08999633789062,,,,,,,701.5,4.772108843,701.5,4.772108843,,,,,,,,,,,,,,,,,,,"Nick Castellanos","11737",592206
"Jacob Stallings","COL",81,320,282,63,42,14,0,7,28,35,30,0,74,6,1,1,,0,0,0.223529,0.0934256,0.231834,0.402985,0.309028,0.345098,0.292771,0.654126,0.121569,1.04029,0.278689,0,-0.611731,32.9494,-4.48361,73.6163,-0.611731,-0.476471,-10.707684993743896,5.773529410362244,0.590972,450.6700134277344,,,,,,,285.2,3.520987654,285.2,3.520987654,,,,,,,,,,,,,,,,,,,"Jacob Stallings","13723",607732
"Tyler Black","MIL",45,196,170,39,26,7,2,5,24,23,21,0,46,4,1,0,,7,2,0.230248,0.107632,0.232877,0.462185,0.328767,0.376975,0.313079,0.705742,0.146727,7.01545,0.286624,0,0.359848,23.3851,0.457431,100.018,0.359848,0.871448,0.3640428436920047,-1.178551733493805,0.589973,604.3499755859375,,,,,,,209.8,4.662222222,209.8,4.662222222,,,,,,,,,,,,,,,,,,,"Tyler Black","29949",672012
"Pavin Smith","ARI",76,329,289,72,47,14,1,10,40,42,36,1,67,1,2,0,,1,1,0.248082,0.110112,0.202247,0.544444,0.332584,0.40665,0.322882,0.739234,0.158568,3.46504,0.28866,0,-0.657229,41.8494,3.36362,105.353,-0.657229,-0.10935,1.4488513469696045,-6.734350003302097,0.585639,381.3699951171875,,,,,,,364.6,4.797368421,364.6,4.797368421,,,,,,,,,,,,,,,,,,,"Pavin Smith","19892",656976
"Jason Heyward","SDP",75,322,290,65,39,15,1,9,37,36,26,1,68,3,2,0,,4,1,0.222642,0.0816327,0.210884,0.387097,0.292517,0.373585,0.29113,0.666102,0.150943,4.56701,0.258883,0,-0.103321,32.7302,-4.93674,89.2941,-0.103321,2.40637,-4.2256287932395935,-0.8436250686645508,0.583898,683.6500244140625,,,,,,,299.6,3.994666666,299.6,3.994666666,,,,,,,,,,,,,,,,,,,"Jason Heyward","4940",518792
"Jose Iglesias","SDP",78,336,316,82,60,17,1,4,37,33,14,0,55,4,2,0,,3,2,0.259947,0.042394,0.164589,0.257576,0.299252,0.35809,0.288594,0.657342,0.0981432,3.52309,0.301948,0,-0.797602,33.4674,-5.83728,87.587,-0.797602,0.432,-5.7850401401519775,0.23200002312660217,0.582083,663,,,,,,,289.9,3.716666666,289.9,3.716666666,,,,,,,,,,,,,,,,,,,"Jose Iglesias","10231",578428
"Jon Berti","CHC",36,154,138,34,26,5,1,2,19,13,13,0,35,1,1,0,,7,2,0.244755,0.0846395,0.22884,0.369863,0.314465,0.346154,0.292684,0.660619,0.101399,6.32708,0.309524,0,0.353763,15.8462,-2.16843,89.2088,0.353763,1.63034,-1.6334793269634247,2.03034046292305,0.570632,686.0399780273438,,,,,,,141.1,3.919444444,141.1,3.919444444,,,,,,,,,,,,,,,,,,,"Jon Berti","12037",542932
"Griffin Conine","MIA",84,364,327,74,47,13,1,13,39,46,32,1,128,4,1,0,,0,0,0.226757,0.0875764,0.352342,0.248555,0.301426,0.39229,0.30346,0.693716,0.165533,2.25397,0.328063,0,-0.64361,40.6116,-1.96844,91.294,-0.64361,2.63381,-4.433102309703827,-2.266193389892578,0.56,679.0399780273438,,,,,,,361,4.297619047,361,4.297619047,,,,,,,,,,,,,,,,,,,"Griffin Conine","21626",665052
"Starling Marte","NYM",66,287,260,69,51,11,2,5,37,31,18,1,61,6,1,2,,13,2,0.264706,0.064,0.213333,0.3,0.327078,0.382353,0.312226,0.709431,0.117647,6.32524,0.326772,0,1.08633,34.0456,0.472936,103.33,1.08633,-0.427253,2.2291752099990845,-6.402252644300461,0.556079,460.7900085449219,,,,,,,307.8,4.663636363,307.8,4.663636363,,,,,,,,,,,,,,,,,,,"Starling Marte","9241",516782
"Jarred Kelenic","ATL",42,182,164,41,25,9,1,6,21,24,16,1,52,1,1,0,,4,2,0.248244,0.0884211,0.284211,0.311111,0.316456,0.419204,0.318533,0.735659,0.17096,4.75986,0.325,0,-0.177983,22.5137,1.2237,102.868,-0.177983,0.163306,0.4462190717458725,-1.2866934835910797,0.539142,480.489990234375,,,,,,,206.8,4.923809523,206.8,4.923809523,,,,,,,,,,,,,,,,,,,"Jarred Kelenic","22558",672284
"José Tena","WSN",53,231,214,55,38,10,1,5,25,26,13,0,63,2,1,1,,5,2,0.256506,0.0551724,0.272414,0.202532,0.30156,0.388476,0.300879,0.690036,0.13197,5.00262,0.337838,0,-0.426887,25.2929,-1.72901,92.5428,-0.426887,-0.929739,-2.4867918491363525,-0.004739165306091309,0.537147,483.07000732421875,,,,,,,224.6,4.237735849,224.6,4.237735849,,,,,,,,,,,,,,,,,,,"Jose Tena","23691",677588
"Jack Suwinski","PIT",53,231,200,46,25,10,1,10,28,30,26,1,69,2,2,0,,5,1,0.231293,0.111984,0.29666,0.377483,0.322835,0.442177,0.330205,0.765011,0.210884,5.55878,0.29304,0,0.306094,30.7451,3.72319,109.33,0.306094,-3.23061,2.883352518081665,-5.405608892440796,0.533974,627.6099853515625,,,,,,,277,5.226415094,277,5.226415094,,,,,,,,,,,,,,,,,,,"Jack Suwinski","22244",669261
"Agustin Ramírez","MIA",49,198,179,43,27,9,0,7,25,24,16,0,41,2,1,0,,4,1,0.241304,0.0805501,0.208251,0.386792,0.308448,0.406522,0.311361,0.71497,0.165217,4.67561,0.276471,0,0.109837,23.35,0.188392,96.612,0.109837,-1.59254,-0.69234299659729,-0.8425424098968506,0.522452,999,,,,,,,212.5,4.336734693,212.5,4.336734693,,,,,,,,,,,,,,,,,,,"Agustin Ramirez","sa3009276",682663
"Brett Wisely","SFG",34,147,132,32,22,7,1,3,18,16,12,0,33,1,1,1,,3,2,0.245823,0.0793991,0.225322,0.352381,0.309524,0.372315,0.300005,0.681839,0.126492,4.61428,0.305195,0,-0.5357,15.992,-1.20374,93.5575,-0.5357,0.995707,-1.6681903004646301,1.6707072257995605,0.50583,748.1599731445312,,,,,,,140.5,4.132352941,140.5,4.132352941,,,,,,,,,,,,,,,,,,,"Brett Wisely","27735",689172
"Jerar Encarnacion","SFG",71,308,280,69,45,11,1,12,34,44,24,0,103,2,2,0,,2,1,0.246649,0.0780488,0.334146,0.233577,0.307317,0.420912,0.316087,0.728229,0.174263,3.4227,0.340807,0,-0.410838,37.4938,1.46451,104.382,-0.410838,0,1.2029647827148438,-6.599999904632568,0.501896,423.75,,,,,,,335.8,4.729577464,335.8,4.729577464,,,,,,,,,,,,,,,,,,,"Jerar Encarnacion","21871",666464
"Liam Hicks","MIA",44,173,149,37,28,7,0,2,17,16,17,0,27,5,2,0,,1,0,0.247978,0.099768,0.157773,0.632353,0.341067,0.331536,0.304196,0.672604,0.083558,2.90532,0.289474,0,-0.398924,19.449,-0.834966,91.7895,-0.398924,-1.95344,-2.101390540599823,1.1715631484985352,0.500336,748.3499755859375,,,,,,,165.2,3.754545454,165.2,3.754545454,,,,,,,,,,,,,,,,,,,"Liam Hicks","sa3017400",689414
"Santiago Espinal","CIN",49,210,191,49,37,9,0,3,20,21,15,1,30,1,1,2,,4,1,0.258621,0.0706806,0.141361,0.5,0.313984,0.356322,0.295457,0.670306,0.0977012,3.7067,0.289655,0,0.0177646,22.0771,-2.48825,82.0552,0.0177646,1.4175,-4.488531554117799,2.2674999833106995,0.49286,656.5800170898438,,,,,,,190.5,3.887755102,190.5,3.887755102,,,,,,,,,,,,,,,,,,,"Santiago Espinal","19997",669289
"James Outman","LAD",28,119,103,23,14,4,0,4,17,15,13,0,37,2,1,0,,3,1,0.220982,0.108317,0.311412,0.347826,0.319149,0.392857,0.313883,0.712006,0.171875,5.59735,0.295203,0,0.0420397,14.2752,0.354778,102.63,0.0420397,0.0402044,0.4162741079926491,0.3652043677866459,0.48998,677.1099853515625,,,,,,,122.9,4.389285714,122.9,4.389285714,,,,,,,,,,,,,,,,,,,"James Outman","24770",681546
"Amed Rosario","WSN",47,203,192,51,38,8,3,3,22,20,8,0,38,1,1,0,,6,1,0.26652,0.039666,0.185804,0.213483,0.298539,0.376652,0.293637,0.675191,0.110132,6.6132,0.31768,0,0.300441,21.0439,-2.70267,87.6685,0.300441,0,-2.6930200457572937,0.375,0.458768,553.9600219726562,,,,,,,197.7,4.206382978,197.7,4.206382978,,,,,,,,,,,,,,,,,,,"Amed Rosario","15518",642708
"Vinny Capra","MIL",34,147,132,33,23,7,1,2,16,15,13,0,33,2,1,0,,2,1,0.246719,0.0870588,0.225882,0.385417,0.32,0.356955,0.299927,0.676955,0.110236,4.55538,0.313167,0,-0.157204,15.9828,-1.21299,91.1658,-0.157204,0.327115,-1.7101168185472488,1.102115422487259,0.442777,999,,,,,,,143.6,4.223529411,143.6,4.223529411,,,,,,,,,,,,,,,,,,,"Vinny Capra","25040",681962
"Gage Workman","CHC",36,154,141,31,20,6,1,4,19,18,12,0,55,1,1,0,,4,2,0.222222,0.0766283,0.358238,0.213904,0.285441,0.36478,0.284557,0.650221,0.142558,6.64765,0.335714,0,-0.205132,14.8388,-3.17587,83.7382,-0.205132,2.02829,-3.199812576174736,2.278292655944824,0.434472,723.25,,,,,,,134.3,3.730555555,134.3,3.730555555,,,,,,,,,,,,,,,,,,,"Gage Workman","sa3014441",669398
"Tirso Ornelas","SDP",75,322,294,71,48,14,1,8,34,37,24,1,69,2,2,0,,2,1,0.240816,0.0744879,0.214153,0.347826,0.301676,0.373469,0.295961,0.675145,0.132653,3.25228,0.287671,0,-0.588103,33.9822,-3.68474,92.5456,-0.588103,1.99454,-3.458403468132019,-3.355455994606018,0.403719,999,,,,,,,304.1,4.054666666,304.1,4.054666666,,,,,,,,,,,,,,,,,,,"Tirso Ornelas","sa3004048",672359
"Nick Allen","ATL",31,133,119,30,22,6,0,1,14,14,10,0,21,1,1,2,,3,1,0.248869,0.0772358,0.156504,0.493506,0.31134,0.334842,0.288064,0.646182,0.0859729,4.23422,0.290055,0,-0.271323,13.1907,-2.36738,82.3602,-0.271323,1.2646,-3.0767950117588043,2.439604640007019,0.391613,747.3200073242188,,,,,,,111.7,3.603225806,111.7,3.603225806,,,,,,,,,,,,,,,,,,,"Nick Allen","22277",669397
"Thomas Saggese","STL",42,182,169,41,28,7,1,5,22,23,9,0,47,3,1,0,,2,1,0.243993,0.0479452,0.258562,0.18543,0.291595,0.386322,0.295335,0.677917,0.142329,5.23985,0.308707,0,-0.254724,19.1156,-2.17442,89.9151,-0.254724,-0.253565,-2.4495677649974823,0.04643481969833374,0.377754,646.4600219726562,,,,,,,170.6,4.061904761,170.6,4.061904761,,,,,,,,,,,,,,,,,,,"Thomas Saggese","27883",695336
"Max Acosta","MIA",34,147,136,35,25,7,1,2,17,14,8,0,27,1,1,0,,5,2,0.254042,0.0535332,0.182013,0.294118,0.298283,0.362587,0.289462,0.66087,0.108545,5.47029,0.298551,0,-0.216385,14.7446,-2.45118,81.872,-0.216385,0.950108,-3.402987852692604,2.0751081109046936,0.36843,999,,,,,,,135.7,3.99117647,135.7,3.99117647,,,,,,,,,,,,,,,,,,,"Max Acosta","sa3014711",691185
"Hyeseong Kim","LAD",75,322,290,63,42,12,1,7,34,31,25,0,83,4,2,1,,6,2,0.216648,0.077481,0.258576,0.299645,0.284944,0.342505,0.277306,0.627449,0.125856,4.66625,0.275253,0,-0.0750267,29.1474,-8.51953,78.0109,-0.0750267,0,-8.541912227869034,1.2000000476837158,0.349183,408.04998779296875,,,,,,,261.9,3.492,261.9,3.492,,,,,,,,,,,,,,,,,,,"Hyeseong Kim","sa3012639",808975
"Elias Díaz","SDP",78,307,285,64,44,13,0,8,27,34,19,1,68,2,2,0,,0,0,0.226471,0.0626703,0.220708,0.283951,0.277929,0.352941,0.275868,0.63087,0.126471,1.09753,0.269841,0,-0.502087,27.4523,-8.48341,79.0218,-0.502087,-4.77339,-8.208490788936615,1.226613998413086,0.335466,513.6699829101562,,,,,,,249.3,3.196153846,249.3,3.196153846,,,,,,,,,,,,,,,,,,,"Elias Diaz","11680",553869
"Stuart Fairchild","CIN",49,210,185,43,26,8,1,7,28,26,17,0,57,6,1,2,,8,1,0.231343,0.0786885,0.272131,0.289157,0.311258,0.402985,0.31303,0.714243,0.171642,6.89066,0.293785,0,0.714356,25.0472,0.481813,93.8825,0.714356,-1.68231,-0.8218737244606018,-2.9323076009750366,0.33452,750.510009765625,,,,,,,231.9,4.732653061,231.9,4.732653061,,,,,,,,,,,,,,,,,,,"Stuart Fairchild","20321",656413
"Miguel Rojas","LAD",21,91,83,21,15,4,0,1,9,9,6,0,11,1,0,0,,2,0,0.252941,0.0619946,0.118598,0.522727,0.306233,0.355882,0.292181,0.662115,0.102941,4.34217,0.276451,0,-0.0275792,9.3268,-1.31821,88.0229,-0.0275792,1.1232,-1.3309104926884174,1.4481999278068542,0.325085,714.5999755859375,,,,,,,80.4,3.828571428,80.4,3.828571428,,,,,,,,,,,,,,,,,,,"Miguel Rojas","7802",500743
"Matt Mervis","MIA",99,427,383,90,55,20,1,14,45,52,35,1,118,6,3,0,,2,1,0.234597,0.0808511,0.276596,0.292308,0.306383,0.398104,0.307581,0.704487,0.163507,2.80236,0.3,0,-0.757435,49.0567,-0.89293,94.0676,-0.757435,1.38857,-3.786597728729248,-7.286428689956665,0.324963,583.9299926757812,,,,,,,440.3,4.447474747,440.3,4.447474747,,,,,,,,,,,,,,,,,,,"Matt Mervis","27845",670223
"Luis Matos","SFG",55,238,219,53,35,11,0,6,25,28,13,0,30,4,2,0,,3,1,0.24187,0.0560748,0.125234,0.447761,0.294008,0.382114,0.294647,0.676121,0.140244,4.06585,0.253012,0,-0.144817,24.8656,-2.97518,89.9515,-0.144817,0.384279,-3.004638969898224,-1.8657209277153015,0.315542,592.0499877929688,,,,,,,220,4,220,4,,,,,,,,,,,,,,,,,,,"Luis Matos","26467",682641
"Eric Haase","MIL",32,128,118,26,17,4,0,5,14,19,9,0,45,0,1,0,,0,0,0.218519,0.0680272,0.353741,0.192308,0.273038,0.385185,0.286325,0.658223,0.166667,2.17827,0.301282,0,-0.291988,12.5157,-2.45752,82.0107,-0.291988,-0.762353,-3.0454958379268646,1.7376470565795898,0.305153,708.4600219726562,,,,,,,113.2,3.5375,113.2,3.5375,,,,,,,,,,,,,,,,,,,"Eric Haase","14111",606992
"Tommy Pham","PIT",97,420,377,93,63,19,2,9,49,42,37,0,97,3,4,0,,8,3,0.247549,0.0879121,0.230769,0.380952,0.316484,0.382353,0.307036,0.698837,0.134804,4.8741,0.306397,0,-0.268688,48.0683,-1.06244,93.7362,-0.268688,-3.26817,-3.414638102054596,-7.668173789978027,0.299878,418.739990234375,,,,,,,421.7,4.34742268,421.7,4.34742268,,,,,,,,,,,,,,,,,,,"Tommy Pham","2967",502054
"Andruw Monasterio","MIL",23,98,86,21,15,4,0,1,12,10,10,0,25,1,1,0,,3,1,0.24024,0.100529,0.253968,0.395833,0.322751,0.339339,0.296603,0.662091,0.0990991,5.4931,0.319149,0,0.102599,10.393,-1.0708,88.9288,0.102599,0.402729,-1.1948231607675552,0.8027289807796478,0.296552,999,,,,,,,88.5,3.847826086,88.5,3.847826086,,,,,,,,,,,,,,,,,,,"Andruw Monasterio","19455",655316
"Sean Bouchard","COL",40,175,153,38,21,9,2,6,24,23,18,1,47,3,1,1,,4,1,0.247492,0.102339,0.269006,0.380435,0.334311,0.444816,0.337256,0.779127,0.197324,6.43873,0.318182,0,-0.0211876,24.2849,3.81376,103.558,-0.0211876,-0.0266824,0.7233181763440371,-3.7016825452446938,0.29427,707.510009765625,,,,,,,221.5,5.5375,221.5,5.5375,,,,,,,,,,,,,,,,,,,"Sean Bouchard","21270",656248
"Javier Sanoja","MIA",50,217,201,54,40,10,2,2,20,21,13,0,17,1,1,1,,5,3,0.267504,0.0598007,0.076412,0.782609,0.312187,0.366248,0.297411,0.678435,0.0987433,4.7556,0.282353,0,-0.797758,23.1543,-2.22998,87.2226,-0.797758,-0.74269,-4.1133644580841064,-0.31769007444381714,0.288688,748.6099853515625,,,,,,,203.7,4.074,203.7,4.074,,,,,,,,,,,,,,,,,,,"Javier Sanoja","28253",691594
"Nick Yorke","PIT",39,168,153,38,27,7,0,3,20,16,13,0,39,1,1,0,,4,2,0.246032,0.0759494,0.229656,0.330709,0.307414,0.357143,0.293116,0.664557,0.111111,4.55312,0.308108,0,-0.207377,17.3451,-2.30719,84.3671,-0.207377,0.90929,-3.3479676097631454,0.4592903256416321,0.279458,509.75,,,,,,,152.3,3.905128205,152.3,3.905128205,,,,,,,,,,,,,,,,,,,"Nick Yorke","27504",694377
"Luisangel Acuña","NYM",39,168,157,38,29,6,1,2,22,16,10,0,35,1,1,1,,8,3,0.244123,0.0573356,0.210793,0.272,0.28934,0.339964,0.277335,0.629304,0.0958409,6.72454,0.300948,0,0.0724625,15.2113,-4.44101,79.8459,0.0724625,0.428824,-3.976401388645172,1.0788235068321228,0.278539,408.6300048828125,,,,,,,137.5,3.525641025,137.5,3.525641025,,,,,,,,,,,,,,,,,,,"Luisangel Acuna","26548",682668
"Austin Barnes","LAD",36,141,124,26,20,4,0,2,13,11,13,0,32,2,1,2,,2,0,0.210526,0.0924855,0.225434,0.410256,0.292398,0.282895,0.26246,0.575292,0.0723684,3.63088,0.267857,0,0.0493417,11.0628,-5.40771,68.0187,0.0493417,0.5832,-5.335345700383186,3.333199977874756,0.27747,746.3300170898438,,,,,,,100.8,2.8,100.8,2.8,,,,,,,,,,,,,,,,,,,"Austin Barnes","12158",605131
"Randal Grichuk","ARI",60,259,239,59,37,13,1,8,31,31,16,0,53,3,1,0,,1,1,0.247312,0.0620347,0.205955,0.301205,0.300248,0.408602,0.307971,0.70885,0.16129,3.32169,0.286738,0,-0.573044,29.837,-0.460281,95.3174,-0.573044,0,-2.023299217224121,-3.9750001430511475,0.271275,561.9099731445312,,,,,,,266.1,4.435,266.1,4.435,,,,,,,,,,,,,,,,,,,"Randal Grichuk","10243",545341
"Enrique Hernández","LAD",65,280,253,56,36,12,1,7,32,32,21,0,57,2,3,1,,1,1,0.221024,0.0756098,0.202439,0.373494,0.283619,0.355795,0.280979,0.639414,0.134771,2.91939,0.255319,0,-0.60893,26.1733,-6.58059,80.483,-0.60893,0.648,-7.143738389015198,0.3479999899864197,0.261142,626.8900146484375,,,,,,,235,3.615384615,235,3.615384615,,,,,,,,,,,,,,,,,,,"Enrique Hernandez","10472",571771
"Billy Cook","PIT",23,98,89,21,13,4,1,3,11,11,7,0,27,2,1,0,,3,1,0.231947,0.0695825,0.27833,0.25,0.296223,0.38512,0.297393,0.681343,0.153173,6.29518,0.300654,0,0.138682,10.4554,-1.0085,87.2458,0.138682,1.56732,-1.3559652417898178,0.5173170566558838,0.250433,677.4199829101562,,,,,,,104,4.52173913,104,4.52173913,,,,,,,,,,,,,,,,,,,"Billy Cook","29573",695257
"Blake Dunn","CIN",23,98,85,20,14,3,0,2,14,12,8,0,29,3,0,1,,4,1,0.235149,0.0797414,0.295259,0.270073,0.319475,0.361386,0.303774,0.680861,0.126238,6.76351,0.325581,0,0.389842,10.9586,-0.505222,87.6526,0.389842,0.946643,-1.0571330785751343,0.09664344787597656,0.237849,749.8800048828125,,,,,,,92.3,4.013043478,92.3,4.013043478,,,,,,,,,,,,,,,,,,,"Blake Dunn","29487",694362
"Eli White","ATL",15,63,56,13,9,2,0,2,9,7,5,0,18,1,0,0,,3,1,0.234114,0.0868263,0.293413,0.295918,0.311377,0.361204,0.29878,0.672581,0.12709,6.81485,0.319588,0,0.211638,6.79161,-0.578013,89.5729,0.211638,0.698625,-0.5738936960697174,0.5736249685287476,0.216645,999,,,,,,,62.3,4.153333333,62.3,4.153333333,,,,,,,,,,,,,,,,,,,"Eli White","19346",642201
"Jakson Reetz","NYM",13,51,45,9,5,2,0,2,5,7,4,0,14,2,0,0,,0,0,0.205776,0.0825397,0.28254,0.292135,0.296178,0.368231,0.293795,0.664409,0.162455,2.2761,0.26257,0,-0.119271,5.3141,-0.675181,90.9242,-0.119271,-0.0162,-0.6749419048428535,0.9837999995797873,0.207988,999,,,,,,,48,3.692307692,48,3.692307692,,,,,,,,,,,,,,,,,,,"Jakson Reetz","17837",656883
"Henry Davis","PIT",18,72,63,15,9,3,0,2,8,9,7,0,19,2,0,0,,1,1,0.233146,0.0904645,0.266504,0.33945,0.32598,0.398876,0.318385,0.724857,0.16573,4.23239,0.29661,0,-0.140582,8.92266,0.47684,101.375,-0.140582,-0.850909,-0.021906778216362,-0.37590909004211426,0.207228,512.0499877929688,,,,,,,74.6,4.144444444,74.6,4.144444444,,,,,,,,,,,,,,,,,,,"Henry Davis","29617",680779
"Mark Canha","MIL",36,154,131,32,22,7,0,2,17,15,15,0,30,6,1,0,,2,0,0.242667,0.1,0.197727,0.505747,0.345455,0.354667,0.314526,0.700121,0.112,4.16532,0.294737,0,-0.0642834,18.5535,0.538831,100.992,-0.0642834,-0.278526,0.11843357980251312,-3.2785263061523438,0.203278,632.97998046875,,,,,,,154.1,4.280555555,154.1,4.280555555,,,,,,,,,,,,,,,,,,,"Mark Canha","11445",592192
"Drew Millas","WSN",11,45,41,10,7,2,0,1,4,5,4,0,8,0,0,0,,1,0,0.243421,0.080597,0.18806,0.428571,0.307463,0.358553,0.293035,0.666015,0.115132,5.34679,0.28692,0,0.0743155,4.62245,-0.618171,87.2631,0.0743155,0.200118,-0.6080294102430344,1.0751176476478577,0.202318,999,,,,,,,44.1,4.009090909,44.1,4.009090909,,,,,,,,,,,,,,,,,,,"Drew Millas","25643",686452
"Jordan Beck","COL",99,427,388,96,62,21,2,10,48,47,36,1,121,1,2,0,,9,2,0.246341,0.0842572,0.283814,0.296875,0.310421,0.390244,0.306076,0.700665,0.143902,5.09105,0.32967,0,0.34953,48.5396,-1.41005,82.5718,0.34953,0.957,-8.549493491649628,-3.718000113964081,0.201602,394.2300109863281,,,,,,,438.4,4.428282828,438.4,4.428282828,,,,,,,,,,,,,,,,,,,"Jordan Beck","31431",687597
"Will Benson","CIN",23,98,84,18,9,4,1,3,13,12,12,0,34,1,0,0,,4,1,0.209809,0.122066,0.347418,0.351351,0.312941,0.395095,0.310874,0.708037,0.185286,7.10343,0.304348,0,0.0488365,11.5187,0.0548546,92.4319,0.0488365,0.129073,-0.8380624130368233,-0.6209268271923065,0.186366,655.8900146484375,,,,,,,106.1,4.613043478,106.1,4.613043478,,,,,,,,,,,,,,,,,,,"Will Benson","21853",666181
"Michael Toglia","COL",130,560,497,112,65,20,3,25,70,75,57,1,169,3,3,0,,7,2,0.226,0.101243,0.301954,0.335294,0.307282,0.428,0.318794,0.735282,0.202,4.68691,0.285714,0,-0.386602,69.3905,3.88278,91.1315,-0.386602,-0.576,-6.325423866510391,-10.576000034809113,0.18044,185.1199951171875,,,,,,,628,4.83076923,628,4.83076923,,,,,,,,,,,,,,,,,,,"Michael Toglia","25845",669911
"Kyle Farmer","COL",63,273,247,61,42,12,1,7,30,31,16,1,53,7,2,0,,2,3,0.247788,0.0588235,0.195187,0.30137,0.31016,0.386431,0.304634,0.696591,0.138643,3.64282,0.288462,0,-1.25154,30.7167,-1.21831,81.6013,-1.25154,0.428824,-7.2578758001327515,-0.09617644548416138,0.179406,661.4600219726562,,,,,,,265.3,4.211111111,265.3,4.211111111,,,,,,,,,,,,,,,,,,,"Kyle Farmer","14813",571657
"Sam Huff","SFG",11,45,41,9,6,2,0,1,4,5,3,0,15,0,0,0,,0,0,0.228426,0.0679157,0.327869,0.207143,0.285714,0.370558,0.287042,0.656273,0.142132,1.21178,0.320988,0,-0.0736971,4.40633,-0.834285,84.8322,-0.0736971,0.250788,-0.8862668499350548,1.1257884502410889,0.178816,740.9299926757812,,,,,,,33.6,3.054545454,33.6,3.054545454,,,,,,,,,,,,,,,,,,,"Sam Huff","22209",669087
"Wilmer Flores","SFG",84,364,324,76,49,17,0,10,37,43,31,1,55,5,4,0,,0,0,0.234286,0.086514,0.150127,0.576271,0.307888,0.38,0.301527,0.687888,0.145714,1.24405,0.25,0,-0.665213,40.0453,-2.53471,94.5821,-0.665213,0.481622,-3.023483097553253,-7.368378281593323,0.17864,651.5800170898438,,,,,,,352.9,4.201190476,352.9,4.201190476,,,,,,,,,,,,,,,,,,,"Wilmer Flores","5827",527038
"Riley Adams","WSN",29,115,102,22,13,6,0,3,10,14,9,0,33,3,1,0,,0,0,0.21875,0.0795848,0.287197,0.277108,0.301038,0.375,0.297111,0.676038,0.15625,3.23318,0.287425,0,-0.118478,12.2642,-1.21169,90.0063,-0.118478,-2.88,-1.4951852187514305,-0.630000114440918,0.176717,750.22998046875,,,,,,,102.8,3.544827586,102.8,3.544827586,,,,,,,,,,,,,,,,,,,"Riley Adams","19864",656180
"Casey Schmitt","SFG",11,49,45,11,7,2,0,1,5,6,3,0,11,1,0,0,,1,0,0.24714,0.0548523,0.223629,0.245283,0.295983,0.391304,0.298443,0.687287,0.144165,3.78491,0.295031,0,-0.064396,5.26909,-0.462835,92.5064,-0.064396,0.402992,-0.5034799501299858,0.5779917538166046,0.176219,748.260009765625,,,,,,,45.7,4.154545454,45.7,4.154545454,,,,,,,,,,,,,,,,,,,"Casey Schmitt","27577",669477
"Adrian Del Castillo","ARI",23,93,84,20,12,5,0,3,11,12,8,0,23,1,0,0,,0,0,0.238307,0.084507,0.249497,0.33871,0.307847,0.396437,0.306817,0.704284,0.158129,3.03991,0.297125,0,-0.201247,10.6502,-0.252195,94.5407,-0.201247,-0.553846,-0.809680387377739,-0.6038461327552795,0.174552,473.7200012207031,,,,,,,97.7,4.247826086,97.7,4.247826086,,,,,,,,,,,,,,,,,,,"Adrian Del Castillo","29554",680728
"Adam Frazier","PIT",52,224,202,49,36,10,1,3,26,19,16,0,36,3,1,2,,3,1,0.243316,0.0722892,0.159036,0.454545,0.308252,0.342246,0.28931,0.650498,0.0989305,4.92073,0.281967,0,-0.224022,22.4407,-3.76238,81.8055,-0.224022,-0.342744,-5.097609132528305,-0.7427438497543335,0.167214,746.0900268554688,,,,,,,195.2,3.753846153,195.2,3.753846153,,,,,,,,,,,,,,,,,,,"Adam Frazier","15223",624428
"Manuel Margot","MIL",13,56,51,14,10,3,0,1,6,6,4,0,9,0,0,0,,1,0,0.26506,0.0661157,0.162534,0.40678,0.31768,0.385542,0.307799,0.703222,0.120482,4.92422,0.303704,0,-0.0173459,6.4435,-0.107268,96.4644,-0.0173459,0.105081,-0.25410988740623,0.005081087350845337,0.166879,745.75,,,,,,,59.4,4.569230769,59.4,4.569230769,,,,,,,,,,,,,,,,,,,"Manuel Margot","14712",622534
"Hunter Goodman","COL",76,319,293,70,36,18,1,15,38,51,19,0,86,4,3,0,,1,1,0.238771,0.0586957,0.269565,0.217742,0.291304,0.458629,0.3209,0.749933,0.219858,3.62667,0.283688,0,-0.468402,40.0434,2.75082,92.549,-0.468402,-3.1171,-3.3088794350624084,-5.692103385925293,0.166832,333.3999938964844,,,,,,,366,4.815789473,366,4.815789473,,,,,,,,,,,,,,,,,,,"Hunter Goodman","29715",696100
"Joshua Palacios","PIT",11,49,44,12,8,2,0,1,6,6,4,0,10,1,0,0,,1,0,0.2625,0.0734463,0.20904,0.351351,0.326705,0.4125,0.322384,0.739205,0.15,5.14136,0.315126,0,-0.0683464,6.21328,0.481357,104.067,-0.0683464,0.103091,0.16993462294340134,-0.3219091072678566,0.152828,749.75,,,,,,,55.3,5.027272727,55.3,5.027272727,,,,,,,,,,,,,,,,,,,"Joshua Palacios","19818",641943
"Drew Romo","COL",53,211,196,48,33,9,1,4,22,26,9,0,44,2,2,1,,1,1,0.245614,0.044289,0.20979,0.211111,0.285714,0.373434,0.286761,0.659148,0.12782,3.92594,0.292763,0,-0.660245,20.725,-3.98072,69.5715,-0.660245,-1.3879,-8.345110714435577,2.737096071243286,0.147187,663.2999877929688,,,,,,,174.3,3.288679245,174.3,3.288679245,,,,,,,,,,,,,,,,,,,"Drew Romo","27763",691011
"Tom Murphy","SFG",36,146,129,28,19,6,0,4,15,15,15,0,44,1,1,0,,0,0,0.219697,0.100671,0.302013,0.333333,0.302013,0.356061,0.29218,0.658074,0.136364,1.23661,0.297619,0,-0.269931,14.9227,-2.1093,88.2906,-0.269931,-1.47913,-2.308658003807068,-1.1291303634643555,0.145708,749.3300170898438,,,,,,,130.8,3.633333333,130.8,3.633333333,,,,,,,,,,,,,,,,,,,"Tom Murphy","13499",608596
"Deyvison De Los Santos","MIA",79,343,325,82,55,12,1,14,40,45,14,1,95,3,1,0,,1,1,0.252747,0.0415945,0.277296,0.15,0.289428,0.428571,0.308415,0.718,0.175824,2.81137,0.313187,0,-0.680177,39.6365,-0.486995,94.629,-0.680177,0.733765,-2.8831621408462524,-7.141235291957855,0.144366,452.510009765625,,,,,,,356.4,4.511392405,356.4,4.511392405,,,,,,,,,,,,,,,,,,,"Deyvison De Los Santos","sa3015168",691277
"Chadwick Tromp","ATL",13,51,47,11,7,2,0,1,5,5,4,0,13,0,0,0,,0,0,0.231618,0.0740741,0.245791,0.30137,0.289562,0.360294,0.285597,0.649856,0.128676,1.28068,0.28866,0,-0.0884376,4.9763,-1.01298,80.7003,-0.0884376,-0.0682105,-1.270067423582077,0.9317894726991653,0.141153,736.9299926757812,,,,,,,41.8,3.215384615,41.8,3.215384615,,,,,,,,,,,,,,,,,,,"Chadwick Tromp","16953",644433
"Brandon Lockridge","SDP",10,42,38,9,7,2,0,0,5,4,4,0,12,0,0,0,,3,0,0.242424,0.0839506,0.279012,0.300885,0.313433,0.333333,0.289369,0.646766,0.0909091,6.95679,0.340081,0,0.286954,4.20961,-0.703473,88.1084,0.286954,0.430981,-0.31028854846954346,0.1809810996055603,0.131094,748.1199951171875,,,,,,,35.9,3.59,35.9,3.59,,,,,,,,,,,,,,,,,,,"Brandon Lockridge","21496",663604
"Ji Hwan Bae","PIT",10,42,38,10,7,2,0,1,6,4,4,0,10,0,0,0,,2,1,0.261538,0.0873563,0.227586,0.383838,0.327945,0.374359,0.308848,0.702304,0.112821,7.03793,0.333333,0,0.0461631,4.86807,-0.0450105,94.9554,0.0461631,-0.0883636,-0.2071980945765972,0.061636365950107574,0.129415,746.5399780273438,,,,,,,46.2,4.62,46.2,4.62,,,,,,,,,,,,,,,,,,,"Ji Hwan Bae","23818",678225
"Victor Mesa Jr.","MIA",19,84,78,18,12,4,0,2,9,9,5,0,20,1,1,0,,1,0,0.231651,0.0614407,0.233051,0.263636,0.282378,0.355505,0.27972,0.637882,0.123853,4.57351,0.285266,0,-0.0724585,7.76689,-2.05927,75.3155,-0.0724585,0.666,-2.5519661381840706,0.9660000205039978,0.125102,999,,,,,,,73.1,3.847368421,73.1,3.847368421,,,,,,,,,,,,,,,,,,,"Victor Mesa Jr.","sa3010700",683748
"Tyler Wade","SDP",21,91,81,19,15,3,0,1,13,7,7,0,21,1,0,2,,6,1,0.228669,0.0820669,0.227964,0.36,0.30031,0.293515,0.269306,0.593825,0.0648464,6.93137,0.300926,0,0.365078,7.65136,-2.99364,74.6047,0.365078,-0.128611,-2.3983984887599945,0.49638931453227997,0.116537,999,,,,,,,76.1,3.623809523,76.1,3.623809523,,,,,,,,,,,,,,,,,,,"Tyler Wade","15730",642180
"Grant McCray","SFG",28,119,109,25,16,5,1,3,15,13,8,0,40,1,0,0,,4,1,0.227006,0.0714286,0.339286,0.210526,0.289803,0.369863,0.289284,0.659666,0.142857,7.69295,0.334405,0,0.219488,11.9191,-2.00127,86.3417,0.219488,-0.254215,-1.7240970134735107,-1.1292153894901276,0.114587,736.260009765625,,,,,,,111.2,3.971428571,111.2,3.971428571,,,,,,,,,,,,,,,,,,,"Grant McCray","25690",687529
"Ronny Mauricio","NYM",10,42,40,9,6,2,0,1,5,5,2,0,10,0,0,0,,1,1,0.233696,0.0461538,0.244444,0.188811,0.273504,0.384058,0.284689,0.657562,0.150362,5.15048,0.282443,0,-0.0533201,4.05142,-0.861658,84.7956,-0.0533201,0.297403,-0.8169423080980778,0.49740298092365265,0.111447,589.97998046875,,,,,,,30.7,3.07,30.7,3.07,,,,,,,,,,,,,,,,,,,"Ronny Mauricio","23698",677595
"Sam Hilliard","COL",36,154,137,32,19,6,1,6,21,19,15,0,49,0,1,1,,4,1,0.230556,0.0962963,0.318519,0.302326,0.305211,0.422222,0.314655,0.727433,0.191667,6.39725,0.307339,0,0.188395,18.5694,0.554747,88.3457,0.188395,-0.598992,-1.9577983915805817,-2.148991644382477,0.105505,631.510009765625,,,,,,,171.5,4.763888888,171.5,4.763888888,,,,,,,,,,,,,,,,,,,"Sam Hilliard","17954",656541
"David Bote","LAD",6,28,25,6,4,1,0,1,3,4,2,0,7,0,0,0,,0,0,0.227758,0.0707395,0.247588,0.285714,0.293548,0.366548,0.290447,0.660096,0.13879,3.49101,0.286432,0,-0.048059,2.8307,-0.444682,86.8557,-0.048059,0.468,-0.4881631135940552,0.5679999962449074,0.104544,999,,,,,,,26.9,4.483333333,26.9,4.483333333,,,,,,,,,,,,,,,,,,,"David Bote","14593",623520
"Jacob Hurtubise","CIN",11,49,41,10,8,1,1,0,7,5,5,0,10,2,0,1,,2,0,0.246795,0.097035,0.204852,0.473684,0.348901,0.326923,0.306921,0.675824,0.0801282,7.81806,0.314894,0,0.172876,5.60344,-0.128488,89.771,0.172876,0.114545,-0.4264877587556839,-0.2104545682668686,0.102741,999,,,,,,,48.4,4.4,48.4,4.4,,,,,,,,,,,,,,,,,,,"Jacob Hurtubise","27599",674441
"Kevin Alcántara","CHC",11,49,45,11,8,2,0,1,6,5,3,0,15,0,0,0,,1,0,0.239035,0.0668016,0.301619,0.221477,0.293522,0.357456,0.286732,0.650978,0.118421,4.66256,0.328859,0,-0.0113826,4.8072,-0.924723,85.2022,-0.0113826,0.156414,-0.8784548994153738,0.231413796544075,0.101698,676.6500244140625,,,,,,,42.7,3.881818181,42.7,3.881818181,,,,,,,,,,,,,,,,,,,"Kevin Alcantara","25971",682634
"Jeferson Quero","MIL",6,26,23,5,4,1,0,1,3,3,2,0,6,0,0,0,,0,0,0.228022,0.075,0.225,0.333333,0.29,0.362637,0.287192,0.652637,0.134615,3.15172,0.267925,0,-0.00756547,2.52101,-0.473632,82.5944,-0.00756547,0.156884,-0.5403960617259145,0.6568842083215714,0.100075,744.7000122070312,,,,,,,23.3,3.883333333,23.3,3.883333333,,,,,,,,,,,,,,,,,,,"Jeferson Quero","sa3015407",691620
"Brewer Hicklen","MIL",6,28,25,5,3,1,0,1,4,4,3,0,10,1,0,0,,1,0,0.209756,0.0901288,0.360515,0.25,0.300429,0.392683,0.303282,0.693112,0.182927,7.61731,0.303965,0,0.167984,3.11995,-0.155435,93.424,0.167984,0.0573451,-0.052198976278305054,0.057345133274793625,0.0968305,999,,,,,,,29.2,4.866666666,29.2,4.866666666,,,,,,,,,,,,,,,,,,,"Brewer Hicklen","20450",676551
"Bryan De La Cruz","ATL",24,105,98,24,17,4,0,3,11,14,6,0,28,0,1,0,,1,0,0.25,0.0585106,0.269504,0.217105,0.294326,0.398855,0.300115,0.693181,0.148855,2.59,0.314763,0,-0.182592,11.4321,-0.85055,90.4714,-0.182592,-0.410704,-1.3790062814950943,-1.235704243183136,0.0910801,493.3299865722656,,,,,,,96.1,4.004166666,96.1,4.004166666,,,,,,,,,,,,,,,,,,,"Bryan De La Cruz","19600",650559
"Jose Herrera","ARI",24,96,84,18,14,3,0,1,9,8,9,0,21,0,0,2,,0,0,0.217573,0.0915751,0.21978,0.416667,0.293233,0.284519,0.262494,0.577752,0.0669456,2.64795,0.280899,0,-0.328369,7.5454,-3.68449,64.708,-0.328369,0.151875,-4.379800915718079,2.026875004172325,0.0871633,750.719970703125,,,,,,,61.9,2.579166666,61.9,2.579166666,,,,,,,,,,,,,,,,,,,"Jose Herrera","17040",645444
"Matt Koperniak","STL",8,35,32,8,6,1,0,1,3,4,2,0,7,0,0,0,,0,0,0.252723,0.066,0.204,0.323529,0.308,0.372549,0.299186,0.680549,0.119826,3.40572,0.30086,0,-0.111356,3.78457,-0.309661,92.5074,-0.111356,0.422017,-0.4249448850750923,0.047016799449920654,0.0813423,999,,,,,,,31.1,3.8875,31.1,3.8875,,,,,,,,,,,,,,,,,,,"Matt Koperniak","sa3014834",689288
"Cal Stevenson","PHI",10,42,35,8,5,2,0,1,6,4,5,0,9,0,0,1,,2,0,0.226586,0.129771,0.208651,0.621951,0.328165,0.344411,0.300687,0.672576,0.117825,6.4077,0.279352,0,0.105036,4.59222,-0.320858,91.4603,0.105036,-0.072,-0.32386308908462524,-0.32199999690055847,0.0777453,999,,,,,,,43.8,4.38,43.8,4.38,,,,,,,,,,,,,,,,,,,"Cal Stevenson","22411",670276
"Juan Yepez","WSN",21,91,83,21,13,4,0,3,10,11,7,0,17,1,1,0,,0,0,0.25,0.0751445,0.188825,0.397959,0.308285,0.419492,0.315519,0.727777,0.169492,2.49259,0.277008,0,-0.233799,11.0361,0.391142,102.397,-0.233799,-0.132092,0.026989296078681946,-2.3070922642946243,0.077488,660.7899780273438,,,,,,,98.4,4.685714285,98.4,4.685714285,,,,,,,,,,,,,,,,,,,"Juan Yepez","18400",660766
"Kody Clemens","PHI",10,42,39,9,5,2,0,2,5,6,3,0,10,0,0,0,,0,0,0.228947,0.0631068,0.245146,0.257426,0.281553,0.421053,0.30253,0.702606,0.192105,5.51481,0.266917,0,-0.0232945,4.65452,-0.258558,92.7007,-0.0232945,-0.167891,-0.3898943681269884,-0.26789090782403946,0.076514,748.8900146484375,,,,,,,45,4.5,45,4.5,,,,,,,,,,,,,,,,,,,"Kody Clemens","20572",665019
"Weston Wilson","PHI",19,84,75,17,10,3,0,3,11,11,8,0,25,0,1,0,,2,1,0.221374,0.0929705,0.292517,0.317829,0.295455,0.40458,0.303892,0.700035,0.183206,5.36086,0.276,0,0.122494,9.40111,-0.425052,93.6172,0.122494,-0.862122,-0.5186415836215019,-1.5621216893196106,0.0740006,748.8099975585938,,,,,,,82.1,4.321052631,82.1,4.321052631,,,,,,,,,,,,,,,,,,,"Weston Wilson","19358",642215
"Jose Barrero","STL",24,105,96,20,13,4,1,3,11,12,6,0,36,3,1,0,,3,1,0.207602,0.0558511,0.340426,0.164062,0.269333,0.347953,0.27165,0.617287,0.140351,6.20062,0.294686,0,0.222861,9.02657,-3.25613,73.9732,0.222861,-0.0759375,-3.0450537502765656,0.24906248599290848,0.0723578,999,,,,,,,91.4,3.808333333,91.4,3.808333333,,,,,,,,,,,,,,,,,,,"Jose Barrero","23378",676480
"Jimmy Crooks","STL",3,13,11,3,2,1,0,0,1,1,1,0,3,0,0,0,,0,0,0.245232,0.0782396,0.244499,0.32,0.313725,0.362398,0.29813,0.676123,0.117166,3.78208,0.315589,0,-0.0121817,1.37319,-0.124127,91.7966,-0.0121817,0.138857,-0.1377453152090311,0.3888571411371231,0.0699567,999,,,,,,,11.7,3.9,11.7,3.9,,,,,,,,,,,,,,,,,,,"Jimmy Crooks","sa3019841",699625
"Brady House","WSN",8,35,33,8,5,1,0,1,4,4,2,0,10,1,0,0,,0,0,0.232932,0.0451128,0.280075,0.161074,0.278196,0.373494,0.284476,0.651689,0.140562,4.26922,0.300595,0,-0.057775,3.37019,-0.724046,81.5025,-0.057775,0.173571,-0.8319566175341606,0.2985714375972748,0.065287,999,,,,,,,33.1,4.1375,33.1,4.1375,,,,,,,,,,,,,,,,,,,"Brady House","sa3017694",691781
"Austin Wynns","CIN",10,38,35,8,6,2,0,1,3,4,3,0,10,1,0,0,,0,0,0.230366,0.0710901,0.265403,0.267857,0.295238,0.340314,0.282472,0.635552,0.109948,1.2224,0.30303,0,-0.070381,3.63561,-0.856345,73.3148,-0.070381,-0.147273,-1.2957400381565094,0.6027272790670395,0.0604945,999,,,,,,,37,3.7,37,3.7,,,,,,,,,,,,,,,,,,,"Austin Wynns","15271",642851
"Jason Delay","PIT",5,19,17,4,3,1,0,0,2,2,1,0,4,0,0,0,,0,0,0.235294,0.0625,0.209821,0.297872,0.292793,0.323529,0.274501,0.616322,0.0882353,2.48504,0.294872,0,-0.0520731,1.69463,-0.55135,71.8376,-0.0520731,0.256886,-0.6986687369644642,0.6318857073783875,0.0591364,999,,,,,,,11.3,2.26,11.3,2.26,,,,,,,,,,,,,,,,,,,"Jason Delay","19806",641511
"Greg Jones","COL",6,28,25,6,4,1,0,1,4,3,2,0,11,0,0,0,,2,0,0.235955,0.0690537,0.388747,0.177632,0.3,0.376404,0.29747,0.676404,0.140449,8.17284,0.379487,0,0.234503,2.98897,-0.286414,76.7792,0.234503,0.1296,-0.5429913103580475,0.17960000410676003,0.0587688,999,,,,,,,30.7,5.116666666,30.7,5.116666666,,,,,,,,,,,,,,,,,,,"Greg Jones","25448",675659
"Liover Peguero","PIT",6,28,26,6,4,1,0,1,3,3,2,0,7,0,0,0,,1,0,0.238835,0.057554,0.246403,0.233577,0.285714,0.365049,0.284495,0.650763,0.126214,5.52764,0.302703,0,0.00245094,2.69657,-0.578816,78.5645,0.00245094,0.0502326,-0.7152651622891426,0.3502325713634491,0.0585993,999,,,,,,,27.8,4.633333333,27.8,4.633333333,,,,,,,,,,,,,,,,,,,"Liover Peguero","24273",678894
"Garrett Hampson","ARI",10,42,38,9,7,2,0,0,5,4,3,0,11,0,0,0,,1,0,0.238434,0.0709677,0.254839,0.278481,0.296417,0.327402,0.276814,0.623819,0.088968,6.42749,0.321782,0,0.0282936,3.78519,-1.12788,74.3465,0.0282936,0.257538,-1.26012740470469,0.4075384736061096,0.0563951,999,,,,,,,29.1,2.91,29.1,2.91,,,,,,,,,,,,,,,,,,,"Garrett Hampson","19262",641658
"Joe Mack","MIA",3,13,12,3,2,1,0,0,1,1,1,0,3,0,0,0,,0,0,0.224742,0.0716981,0.269811,0.265734,0.287335,0.362887,0.285841,0.650221,0.138144,2.19741,0.286585,0,-0.0168993,1.24658,-0.250738,79.435,-0.0168993,0.184032,-0.3316739499568939,0.43403199315071106,0.0545937,999,,,,,,,10.7,3.566666666,10.7,3.566666666,,,,,,,,,,,,,,,,,,,"Joe Mack","sa3017374",691788
"Jared Serna","MIA",6,28,26,6,4,1,0,1,3,3,2,0,6,0,0,0,,0,0,0.232692,0.0633803,0.200704,0.315789,0.292254,0.365385,0.289269,0.657638,0.132692,4.16728,0.272727,0,-0.0992672,2.80416,-0.471225,81.7426,-0.0992672,0.142866,-0.7105733528733253,0.29286614060401917,0.0531592,999,,,,,,,25.9,4.316666666,25.9,4.316666666,,,,,,,,,,,,,,,,,,,"Jared Serna","sa3015579",691858
"Luke Williams","ATL",5,21,19,4,3,1,0,0,3,2,2,0,6,0,0,0,,1,0,0.230519,0.0737463,0.283186,0.260417,0.289941,0.353896,0.283268,0.643837,0.123377,6.17063,0.307692,0,0.0608961,2.00169,-0.454849,79.1326,0.0608961,0.128377,-0.4631262272596359,0.25337734818458557,0.0505619,999,,,,,,,14.2,2.84,14.2,2.84,,,,,,,,,,,,,,,,,,,"Luke Williams","19931",663897
"Nacho Alvarez Jr.","ATL",3,14,12,3,2,0,0,0,2,1,1,0,3,0,0,0,,0,0,0.24948,0.092081,0.206262,0.446429,0.331492,0.340956,0.301726,0.672448,0.0914761,4.6941,0.30854,0,0.00993491,1.54244,-0.0952545,91.5556,0.00993491,0.046656,-0.13143480196595192,0.14665599912405014,0.0497215,733.4400024414062,,,,,,,7.8,2.6,7.8,2.6,,,,,,,,,,,,,,,,,,,"Nacho Alvarez Jr.","31765",805373
"Luke Ritter","NYM",3,14,12,2,1,0,0,0,1,2,1,0,5,0,0,0,,0,0,0.196388,0.0990099,0.372277,0.265957,0.291089,0.345372,0.284605,0.636462,0.148984,3.35559,0.294606,0,-0.0307653,1.34953,-0.288167,84.7391,-0.0307653,0.227603,-0.2862532939761877,0.27760330215096474,0.0472562,999,,,,,,,2.2,0.733333333,2.2,0.733333333,,,,,,,,,,,,,,,,,,,"Luke Ritter","sa3009878",682239
"Wade Meckler","SFG",3,14,13,3,3,1,0,0,2,1,1,0,3,0,0,0,,0,0,0.274238,0.0854271,0.190955,0.447368,0.339196,0.379501,0.317741,0.718697,0.105263,5.315,0.33452,0,-0.00257392,1.7229,0.0852048,105.495,-0.00257392,-0.174194,0.08941687876358628,-0.12419354543089867,0.0445579,999,,,,,,,9.7,3.233333333,9.7,3.233333333,,,,,,,,,,,,,,,,,,,"Wade Meckler","31490",685133
"Owen Caissie","CHC",6,28,25,6,4,1,0,1,3,3,3,0,9,0,0,0,,0,0,0.242063,0.0952381,0.33157,0.287234,0.319788,0.382937,0.30867,0.702725,0.140873,3.84507,0.354098,0,-0.0646509,3.24138,-0.0340095,99.9681,-0.0646509,0.0623077,-0.06571733858436346,-0.4376923069357872,0.044308,726.2100219726562,,,,,,,29.9,4.983333333,29.9,4.983333333,,,,,,,,,,,,,,,,,,,"Owen Caissie","sa3014465",683357
"Buddy Kennedy","PHI",3,14,12,3,2,1,0,0,2,2,1,0,3,0,0,0,,0,0,0.241784,0.102459,0.213115,0.480769,0.327869,0.373239,0.309822,0.701108,0.131455,4.2752,0.293375,0,-0.0288164,1.63367,-0.00402463,97.6084,-0.0288164,-0.0219661,-0.06885499693453312,0.028033899143338203,0.0439336,999,,,,,,,10.7,3.566666666,10.7,3.566666666,,,,,,,,,,,,,,,,,,,"Buddy Kennedy","22505",671083
"Michael Siani","STL",40,175,156,33,25,5,1,2,20,14,14,0,44,1,1,3,,8,2,0.210269,0.0827887,0.250545,0.330435,0.280973,0.290954,0.25799,0.571927,0.0806846,6.51313,0.278351,0,0.352849,13.1203,-7.35082,64.7795,0.352849,1.28721,-7.017614960670471,1.6122092604637146,0.043611,639.1199951171875,,,,,,,122.4,3.06,122.4,3.06,,,,,,,,,,,,,,,,,,,"Michael Siani","22557",672279
"Michael Helman","STL",5,21,19,4,3,1,0,1,3,2,2,0,5,0,0,0,,1,0,0.227528,0.0741688,0.250639,0.295918,0.29156,0.373596,0.291787,0.665156,0.146067,6.25312,0.284,0,0.0390473,2.14568,-0.310862,87.5271,0.0390473,-0.148358,-0.27417128533124924,-0.023357897996902466,0.0414961,999,,,,,,,23.6,4.72,23.6,4.72,,,,,,,,,,,,,,,,,,,"Michael Helman","24605",680737
"Ildemaro Vargas","ARI",3,14,13,3,2,1,0,0,1,1,1,0,2,0,0,0,,0,0,0.252336,0.06,0.108571,0.552632,0.299712,0.34891,0.285187,0.648621,0.0965732,4.67548,0.275618,0,-0.00997196,1.35609,-0.281607,79.9825,-0.00997196,0.23004,-0.34509123768657446,0.2800399996340275,0.0414312,999,,,,,,,9.7,3.233333333,9.7,3.233333333,,,,,,,,,,,,,,,,,,,"Ildemaro Vargas","13324",545121
"Andrés Chaparro","WSN",8,35,32,8,5,2,0,1,4,4,3,0,8,0,0,0,,0,0,0.241036,0.0758123,0.214801,0.352941,0.306859,0.406375,0.309942,0.713234,0.165339,3.23226,0.279891,0,-0.0485124,4.08755,-0.00668578,98.6424,-0.0485124,0.0653023,-0.10533414036035538,-0.7096976563334465,0.0361992,749.3499755859375,,,,,,,37,4.625,37,4.625,,,,,,,,,,,,,,,,,,,"Andres Chaparro","21797",665953
"Curt Casali","ATL",3,13,11,2,2,0,0,0,1,1,1,0,3,0,0,0,,0,0,0.217949,0.11413,0.244565,0.466667,0.324176,0.314103,0.291598,0.638278,0.0961538,1.32074,0.284404,0,-0.0274519,1.30589,-0.191429,84.7389,-0.0274519,-0.0702,-0.261042982339859,0.17980000376701355,0.0356318,999,,,,,,,3.2,1.066666666,3.2,1.066666666,,,,,,,,,,,,,,,,,,,"Curt Casali","12510",592200
"Nasim Nuñez","WSN",23,98,85,18,15,2,0,0,12,6,11,0,22,0,0,1,,6,2,0.210773,0.107943,0.228106,0.473214,0.299587,0.255269,0.257154,0.554856,0.0444965,6.00663,0.279365,0,0.344505,7.2814,-4.18245,63.1124,0.344505,0.194906,-3.9783245027065277,1.04490627348423,0.0340899,750.4400024414062,,,,,,,60.4,2.626086956,60.4,2.626086956,,,,,,,,,,,,,,,,,,,"Nasim Nunez","25979",683083
"Vidal Bruján","CHC",23,98,89,20,14,4,1,2,12,9,8,1,19,1,0,0,,3,2,0.222552,0.080429,0.19571,0.410959,0.293011,0.329377,0.275532,0.622388,0.106825,5.6226,0.266409,0,-0.45083,8.73102,-2.73284,77.664,-0.45083,-0.296748,-3.0683649480342865,0.1032523512840271,0.0308166,659.8400268554688,,,,,,,86.2,3.747826086,86.2,3.747826086,,,,,,,,,,,,,,,,,,,"Vidal Brujan","20536",660644
"Luken Baker","STL",37,161,143,30,17,6,0,7,15,22,16,0,44,1,2,0,,0,0,0.211765,0.0979167,0.275,0.356061,0.291667,0.4,0.300787,0.691667,0.188235,1.65668,0.249097,0,-0.200289,17.6164,-1.21705,93.5846,-0.200289,-0.164723,-1.4354069530963898,-3.639722600579262,0.0295717,733.280029296875,,,,,,,159.2,4.302702702,159.2,4.302702702,,,,,,,,,,,,,,,,,,,"Luken Baker","21497",663609
"Darren Baker","WSN",6,28,26,7,6,1,0,0,3,2,2,0,5,0,0,0,,1,0,0.258427,0.0641822,0.194617,0.329787,0.305439,0.31236,0.274615,0.617799,0.0539326,5.63157,0.323864,0,0.0691839,2.47392,-0.80147,74.8652,0.0691839,0.126159,-0.7723950445652008,0.12615929543972015,0.0295573,999,,,,,,,24,4,24,4,,,,,,,,,,,,,,,,,,,"Darren Baker","29912",671117
"Isaac Collins","MIL",2,7,6,1,1,0,0,0,1,1,1,0,2,0,0,0,,0,0,0.225182,0.105485,0.238397,0.442478,0.317797,0.358354,0.300651,0.67615,0.133172,6.43304,0.286689,0,0.0038315,0.765163,-0.0536833,91.6529,0.0038315,0.0931858,-0.06603877525776625,0.11818584240972996,0.0294604,999,,,,,,,2.6,1.3,2.6,1.3,,,,,,,,,,,,,,,,,,,"Isaac Collins","25477",686555
"Yuli Gurriel","SDP",3,14,13,3,2,1,0,0,1,1,1,0,2,0,0,0,,0,0,0.260989,0.0839506,0.153086,0.548387,0.325926,0.384615,0.311258,0.710541,0.123626,4.23729,0.294314,0,0.0139262,1.64985,0.0121536,102.841,0.0139262,0,0.0614900216460228,-0.25,0.0286806,999,,,,,,,9.7,3.233333333,9.7,3.233333333,,,,,,,,,,,,,,,,,,,"Yuli Gurriel","19198",493329
"Hunter Feduccia","LAD",5,19,17,4,3,1,0,0,2,2,2,0,5,0,0,0,,0,0,0.224684,0.106443,0.2493,0.426966,0.308123,0.344937,0.290152,0.65306,0.120253,2.16737,0.288288,0,-0.0365041,1.93649,-0.309489,86.657,-0.0365041,-0.396621,-0.3428535684943199,-0.02162069082260132,0.0283916,750.9600219726562,,,,,,,14.3,2.86,14.3,2.86,,,,,,,,,,,,,,,,,,,"Hunter Feduccia","23372",676439
"Enmanuel Valdez","PIT",3,14,13,3,2,1,0,0,2,2,1,0,3,0,0,0,,0,0,0.232227,0.0852878,0.234542,0.363636,0.299145,0.395735,0.302251,0.69488,0.163507,3.39541,0.275747,0,-0.024094,1.54835,-0.0893387,90.5151,-0.024094,-0.0669421,-0.18288282863795757,-0.01694214716553688,0.0275121,749.3300170898438,,,,,,,9.7,3.233333333,9.7,3.233333333,,,,,,,,,,,,,,,,,,,"Enmanuel Valdez","21716",665839
"Owen Miller","COL",2,7,6,2,1,0,0,0,1,1,0,0,1,0,0,0,,0,0,0.266839,0.063981,0.196682,0.325301,0.319905,0.388601,0.30999,0.708506,0.121762,4.5605,0.32,0,-0.00714638,0.817779,-0.00106791,85.2057,-0.00714638,0.126159,-0.13098428491503,0.15115929581224918,0.0261584,999,,,,,,,5.2,2.6,5.2,2.6,,,,,,,,,,,,,,,,,,,"Owen Miller","24655",680911
"Keston Hiura","COL",3,14,13,3,2,1,0,1,2,2,1,0,4,0,0,0,,0,0,0.255072,0.0727273,0.306494,0.237288,0.327273,0.46087,0.340418,0.788142,0.205797,3.34096,0.331754,0,-0.0262988,1.97842,0.340731,105.686,-0.0262988,-0.0363673,0.0688924603164196,-0.28636734932661057,0.0256892,745.9500122070312,,,,,,,19.1,6.366666666,19.1,6.366666666,,,,,,,,,,,,,,,,,,,"Keston Hiura","20003",669374
"Oscar Gonzalez","SDP",3,14,13,3,2,1,0,0,2,2,1,0,3,0,0,0,,0,0,0.256293,0.0369565,0.234783,0.157407,0.286957,0.416476,0.302072,0.703433,0.160183,4.26325,0.308176,0,-0.00359771,1.54634,-0.0913538,96.6583,-0.00359771,-0.0286726,-0.059541340451687574,-0.1786725725978613,0.0235473,999,,,,,,,9.7,3.233333333,9.7,3.233333333,,,,,,,,,,,,,,,,,,,"Oscar Gonzalez","20970",660757
"Alexander Canario","NYM",8,35,32,7,4,1,0,1,4,5,3,0,12,0,0,0,,1,0,0.206128,0.0761421,0.345178,0.220588,0.271574,0.37883,0.284007,0.650404,0.172702,4.43712,0.280952,0,-0.0186403,3.35697,-0.737265,84.3365,-0.0186403,-0.127895,-0.6742083374410868,-0.3028947561979294,0.0194608,748.5399780273438,,,,,,,30.4,3.8,30.4,3.8,,,,,,,,,,,,,,,,,,,"Alexander Canario","22842",672744
"Jakob Marsee","MIA",3,14,12,2,2,0,0,0,2,1,2,0,3,0,0,0,,1,0,0.202083,0.115453,0.238011,0.485075,0.310036,0.308333,0.282346,0.618369,0.10625,7.21203,0.259587,0,0.0506899,1.32407,-0.313621,77.0829,0.0506899,-0.0050625,-0.3329719081521034,0.0449375007301569,0.018402,999,,,,,,,7.1,2.366666666,7.1,2.366666666,,,,,,,,,,,,,,,,,,,"Jakob Marsee","sa3019868",805300
"Trey Lipscomb","WSN",6,28,26,6,5,1,0,0,3,2,1,0,6,0,0,0,,1,0,0.240088,0.0534979,0.199588,0.268041,0.284536,0.325991,0.270066,0.610527,0.0859031,4.62061,0.291785,0,-0.0178015,2.37139,-0.903991,71.8033,-0.0178015,0.10623,-0.9619017094373703,0.20622950792312622,0.0182549,744.77001953125,,,,,,,15.4,2.566666666,15.4,2.566666666,,,,,,,,,,,,,,,,,,,"Trey Lipscomb","31567",702358
"Chris Williams","NYM",2,6,6,1,1,0,0,0,1,1,1,0,2,0,0,0,,0,0,0.191223,0.106267,0.370572,0.286765,0.284153,0.351097,0.281721,0.63525,0.159875,3.93229,0.28,0,-0.00375994,0.602068,-0.146592,82.7976,-0.00375994,-0.0313548,-0.13541308254934847,0.09364516288042068,0.0176975,999,,,,,,,2.6,1.3,2.6,1.3,,,,,,,,,,,,,,,,,,,"Chris Williams","sa3007028",675910
"Jake Bauers","MIL",6,28,25,5,3,1,0,1,3,3,3,0,9,0,0,0,,1,0,0.207237,0.112392,0.32853,0.342105,0.302594,0.391447,0.304702,0.694041,0.184211,5.05631,0.276836,0,0.0469844,3.15196,-0.123428,94.3799,0.0469844,-0.122595,-0.14119170606136322,-0.6225945875048637,0.0174169,724.5999755859375,,,,,,,26.2,4.366666666,26.2,4.366666666,,,,,,,,,,,,,,,,,,,"Jake Bauers","15194",641343
"Tim Tawa","ARI",3,14,13,3,2,1,0,0,1,2,1,0,4,0,0,0,,0,0,0.221782,0.0690909,0.254545,0.271429,0.28,0.350495,0.277488,0.630495,0.128713,3.95439,0.278873,0,-0.0291057,1.26933,-0.36836,74.8005,-0.0291057,0.0987188,-0.45097783021628857,0.14871875569224358,0.0169329,999,,,,,,,9.7,3.233333333,9.7,3.233333333,,,,,,,,,,,,,,,,,,,"Tim Tawa","sa3016970",694374
"Garrett Stubbs","PHI",5,19,17,4,3,0,0,0,2,2,2,0,5,0,0,0,,0,0,0.208333,0.097561,0.256098,0.380952,0.294479,0.291667,0.266581,0.586145,0.0833333,5.77564,0.277228,0,0.0323603,1.57225,-0.673731,68.5045,0.0323603,-0.165057,-0.6907616071403027,0.20994339883327484,0.0163758,999,,,,,,,11.4,2.28,11.4,2.28,,,,,,,,,,,,,,,,,,,"Garrett Stubbs","18067",596117
"Reese McGuire","CHC",3,13,12,2,2,0,0,0,1,1,1,0,3,0,0,0,,0,0,0.209302,0.0635593,0.258475,0.245902,0.264957,0.293023,0.249199,0.55798,0.0837209,3.09377,0.27451,0,0.000291736,0.869093,-0.628226,59.9404,0.000291736,0.0943291,-0.6128746560716536,0.3443291112780571,0.0162876,999,,,,,,,2.2,0.733333333,2.2,0.733333333,,,,,,,,,,,,,,,,,,,"Reese McGuire","15674",624512
"Jorge Barrosa","ARI",2,7,6,1,1,0,0,0,1,1,1,0,1,0,0,0,,0,0,0.23185,0.0798319,0.203782,0.391753,0.300847,0.344262,0.28645,0.64511,0.112412,5.40898,0.283077,0,-0.013325,0.685159,-0.133687,80.8326,-0.013325,0.0728257,-0.1737683853134513,0.09782569296658039,0.0162316,999,,,,,,,2.6,1.3,2.6,1.3,,,,,,,,,,,,,,,,,,,"Jorge Barrosa","23968",678489
"Brett Sullivan","SDP",2,6,6,1,1,0,0,0,1,1,0,0,1,0,0,0,,0,0,0.225201,0.0752427,0.165049,0.455882,0.286408,0.359249,0.282014,0.645657,0.134048,4.20418,0.249169,0,-0.00763724,0.603577,-0.145082,83.158,-0.00763724,-0.0449109,-0.13653198396787047,0.08008911088109016,0.0161819,999,,,,,,,-0.4,-0.2,-0.4,-0.2,,,,,,,,,,,,,,,,,,,"Brett Sullivan","18217",664954
"Nick Martini","COL",10,42,37,9,6,2,0,1,6,6,4,0,10,1,0,0,,0,0,0.241497,0.0898204,0.233533,0.384615,0.323353,0.404762,0.319141,0.728115,0.163265,4.23842,0.291866,0,-0.159082,5.21604,0.302956,91.3654,-0.159082,0,-0.5927461534738541,-0.6499999761581421,0.0161006,750.5999755859375,,,,,,,43.6,4.36,43.6,4.36,,,,,,,,,,,,,,,,,,,"Nick Martini","12005",605361
"Bryce Eldridge","SFG",21,91,82,20,13,4,0,3,10,11,7,0,28,1,1,0,,1,0,0.242915,0.0752294,0.304587,0.246988,0.302752,0.40081,0.304523,0.703562,0.157895,3.90221,0.327044,0,-0.0566368,10.2308,-0.414251,96.5985,-0.0566368,-0.573639,-0.42677899077534676,-2.4486393332481384,0.0160052,999,,,,,,,95.7,4.557142857,95.7,4.557142857,,,,,,,,,,,,,,,,,,,"Bryce Eldridge","sa3022757",805811
"Heriberto Hernandez","MIA",5,21,18,4,2,1,0,1,3,2,2,0,7,0,0,0,,0,0,0.222772,0.0997831,0.314534,0.317241,0.309368,0.388614,0.306479,0.697982,0.165842,3.78538,0.303644,0,-0.0288675,2.394,-0.0625376,93.326,-0.0288675,-0.126973,-0.19646576419472694,-0.3519729673862457,0.0155828,999,,,,,,,22.7,4.54,22.7,4.54,,,,,,,,,,,,,,,,,,,"Heriberto Hernandez","sa3005630",681715
"Ronny Simon","MIA",3,14,13,3,2,1,0,0,2,1,1,0,3,0,0,0,,0,0,0.241525,0.0693642,0.210019,0.330275,0.29845,0.360169,0.28956,0.658619,0.118644,5.60396,0.293296,0,-0.0153551,1.40536,-0.232333,81.9385,-0.0153551,-0.0632195,-0.317728865891695,-0.013219516724348068,0.0139699,999,,,,,,,9.7,3.233333333,9.7,3.233333333,,,,,,,,,,,,,,,,,,,"Ronny Simon","sa3008365",682927
"Eric Wagaman","MIA",36,154,142,35,23,8,1,4,17,17,11,0,31,1,1,0,,2,1,0.246637,0.068323,0.202899,0.336735,0.300207,0.392377,0.302111,0.692584,0.14574,4.23969,0.289941,0,-0.206165,17.0146,-1.00006,90.3857,-0.206165,-1.39909,-1.9766717553138733,-3.04909086227417,0.0105954,745.8599853515625,,,,,,,157.5,4.375,157.5,4.375,,,,,,,,,,,,,,,,,,,"Eric Wagaman","23395",676572
"Grae Kessinger","ARI",5,21,19,4,3,1,0,0,3,2,2,0,5,0,0,0,,0,0,0.220238,0.0855615,0.256684,0.333333,0.292225,0.318452,0.272396,0.610678,0.0982143,4.84998,0.288136,0,-0.0398412,1.81793,-0.638609,71.3731,-0.0398412,0.0866139,-0.7587181366980076,0.16161386668682098,0.0105567,999,,,,,,,12.3,2.46,12.3,2.46,,,,,,,,,,,,,,,,,,,"Grae Kessinger","25813",666197
"Tyler Callihan","CIN",2,7,6,1,1,0,0,0,1,1,0,0,2,0,0,0,,0,0,0.228495,0.0682927,0.292683,0.233333,0.287129,0.346774,0.280012,0.633903,0.11828,5.56299,0.314286,0,0.0115186,0.648887,-0.16996,71.6596,0.0115186,0.0409091,-0.2257091049104929,0.06590908952057362,0.00757098,999,,,,,,,-0.4,-0.2,-0.4,-0.2,,,,,,,,,,,,,,,,,,,"Tyler Callihan","sa1169610",682997
"José Fermín","STL",2,7,6,1,1,0,0,0,1,1,1,0,1,0,0,0,,0,0,0.229391,0.0903427,0.121495,0.74359,0.315457,0.329749,0.290547,0.645207,0.100358,5.39767,0.248945,0,-0.00152845,0.708239,-0.110607,86.6925,-0.00152845,-0.0741064,-0.11292130942456424,-0.04910638742148876,0.00734091,999,,,,,,,2.6,1.3,2.6,1.3,,,,,,,,,,,,,,,,,,,"Jose Fermin","21746",665877
"Carlos D. Rodriguez","ATL",2,7,6,2,1,0,0,0,1,1,1,0,1,0,0,0,,0,0,0.262931,0.0912621,0.132039,0.691176,0.330097,0.349138,0.302039,0.679235,0.0862069,5.27486,0.300505,0,-0.0127477,0.772986,-0.0458603,91.7667,-0.0127477,-0.00686441,-0.08166555408388376,-0.08186440961435437,0.00718576,999,,,,,,,8.2,4.1,8.2,4.1,,,,,,,,,,,,,,,,,,,"Carlos D. Rodriguez","sa3005478",677578
"René Pinto","ARI",2,6,6,1,1,0,0,0,1,1,0,0,2,0,0,0,,0,0,0.215753,0.0479233,0.348243,0.137615,0.259615,0.366438,0.272252,0.626054,0.150685,1.448,0.302857,0,-0.00919858,0.553293,-0.195366,71.2761,-0.00919858,-0.05,-0.22902775276452303,0.07499999925494194,0.00610357,999,,,,,,,-0.4,-0.2,-0.4,-0.2,,,,,,,,,,,,,,,,,,,"Rene Pinto","19859",650907
"Osleivis Basabe","SFG",2,7,6,2,1,0,0,0,1,1,0,0,1,0,0,0,,0,0,0.25,0.0545455,0.165909,0.328767,0.296128,0.338235,0.279863,0.634363,0.0882353,4.98433,0.293413,0,-0.0135025,0.648045,-0.170802,80.0005,-0.0135025,-0.0301765,-0.18091124203056097,-0.005176469683647156,0.00485605,999,,,,,,,5.2,2.6,5.2,2.6,,,,,,,,,,,,,,,,,,,"Osleivis Basabe","23985",678545
"Adael Amador","COL",6,28,25,6,4,1,0,1,3,3,3,0,5,0,0,0,,1,0,0.241218,0.0920502,0.188285,0.488889,0.316562,0.360656,0.300839,0.677218,0.119438,5.36143,0.280488,0,-0.0125183,3.0649,-0.210483,79.047,-0.0125183,-0.281208,-0.7140811197459698,-0.18120753020048141,0.00383567,692.3900146484375,,,,,,,31.8,5.3,31.8,5.3,,,,,,,,,,,,,,,,,,,"Adael Amador","27962",691182
"Graham Pauley","MIA",32,140,127,28,18,6,1,4,16,15,11,1,34,2,1,0,,2,1,0.220302,0.078125,0.242188,0.322581,0.291016,0.360691,0.2862,0.651707,0.140389,4.55615,0.271341,0,-0.241496,13.675,-2.70195,79.6769,-0.241496,0.313463,-3.643852710723877,-0.9865365326404572,0.00327914,999,,,,,,,130.5,4.078125,130.5,4.078125,,,,,,,,,,,,,,,,,,,"Graham Pauley","31363",688363
"Garrett Cooper","ATL",2,7,6,2,1,0,0,0,1,1,1,0,2,0,0,0,,0,0,0.239344,0.0794118,0.294118,0.27,0.308824,0.383607,0.304067,0.69243,0.144262,1.64148,0.321608,0,-0.0129993,0.78441,-0.0344367,93.1314,-0.0129993,-0.00880435,-0.07049363758414984,-0.1338043473660946,0.00297533,750.5399780273438,,,,,,,8.2,4.1,8.2,4.1,,,,,,,,,,,,,,,,,,,"Garrett Cooper","15279",643265
"Darick Hall","PIT",3,14,13,3,2,1,0,0,1,1,1,0,3,0,0,0,,0,0,0.224824,0.0765957,0.244681,0.313043,0.289362,0.377049,0.290446,0.666411,0.152225,1.56844,0.27,0,-0.0293808,1.41534,-0.222355,82.5698,-0.0293808,0.117558,-0.3211857322603464,-0.13244248181581497,0.00129983,746.2100219726562,,,,,,,9.7,3.233333333,9.7,3.233333333,,,,,,,,,,,,,,,,,,,"Darick Hall","19717",669742
"Andrew McCutchen","PIT",105,455,393,89,58,18,0,13,52,45,55,1,112,4,3,0,,4,2,0.225131,0.11991,0.246606,0.486239,0.323529,0.371728,0.30853,0.695257,0.146597,2.88093,0.277567,0,-0.920257,52.6213,-0.603765,94.7419,-0.920257,0,-3.781154692173004,-11.375,-0.00043374,601.489990234375,,,,,,,458.8,4.369523809,458.8,4.369523809,,,,,,,,,,,,,,,,,,,"Andrew McCutchen","9847",457705
"Gabriel Rincones Jr.","PHI",2,7,6,1,1,0,0,0,1,1,1,0,2,0,0,0,,0,0,0.209115,0.0799031,0.300242,0.266129,0.283293,0.343164,0.278076,0.626456,0.134048,6.16607,0.286307,0,0.0048869,0.637977,-0.18087,76.2412,0.0048869,0.0275745,-0.19398964196443558,-0.0474255345761776,-0.000858049,999,,,,,,,2.6,1.3,2.6,1.3,,,,,,,,,,,,,,,,,,,"Gabriel Rincones Jr.","sa3020758",687282
"Stone Garrett","WSN",2,7,6,1,1,0,0,0,1,1,1,0,2,0,0,0,,0,0,0.230089,0.0721925,0.307487,0.234783,0.291444,0.371681,0.290406,0.663125,0.141593,4.32304,0.311927,0,-0.00855706,0.707443,-0.111404,85.4932,-0.00855706,0,-0.1299882223829627,-0.17499999701976776,-0.00742373,735.4000244140625,,,,,,,2.6,1.3,2.6,1.3,,,,,,,,,,,,,,,,,,,"Stone Garrett","19273",656448
"Marco Luciano","SFG",15,63,56,12,9,2,0,1,7,6,7,0,18,0,0,0,,0,0,0.223077,0.104545,0.293182,0.356589,0.306818,0.346154,0.290458,0.652972,0.123077,3.54979,0.304348,0,-0.150986,6.36964,-0.999979,87.1317,-0.150986,-0.406528,-1.1204281151294708,-1.0815283060073853,-0.0107402,712.719970703125,,,,,,,47.4,3.16,47.4,3.16,,,,,,,,,,,,,,,,,,,"Marco Luciano","25616",682617
"Blaze Alexander","ARI",29,126,113,26,18,5,1,2,13,14,9,0,41,3,1,0,,2,1,0.226158,0.0733496,0.325183,0.225564,0.29902,0.337875,0.284052,0.636894,0.111717,4.62935,0.331878,0,-0.177317,12.0896,-2.64964,79.2181,-0.177317,0.224308,-3.3085627406835556,-1.0756923854351044,-0.0194502,750.0399780273438,,,,,,,108.6,3.744827586,108.6,3.744827586,,,,,,,,,,,,,,,,,,,"Blaze Alexander","23789",677942
"Christian Arroyo","PHI",3,14,13,3,2,1,0,0,1,1,1,0,4,0,0,0,,0,0,0.215859,0.0487805,0.264228,0.184615,0.265306,0.321586,0.259178,0.586892,0.105727,3.20288,0.28125,0,-0.045343,1.06301,-0.574683,63.5215,-0.045343,0.0879429,-0.656040221452713,-0.012057147920131683,-0.0208501,999,,,,,,,9.7,3.233333333,9.7,3.233333333,,,,,,,,,,,,,,,,,,,"Christian Arroyo","16434",624414
"Albert Almora Jr.","MIA",5,21,19,5,3,1,0,0,2,2,1,0,4,0,0,0,,0,0,0.244131,0.0543478,0.173913,0.3125,0.289474,0.342723,0.278405,0.632197,0.0985915,4.3096,0.28863,0,-0.0466641,1.9195,-0.537041,74.4304,-0.0466641,-0.0916229,-0.6887661255896091,-0.2166229486465454,-0.0212822,999,,,,,,,14.9,2.98,14.9,2.98,,,,,,,,,,,,,,,,,,,"Albert Almora Jr.","14109",546991
"Noelvi Marte","CIN",29,126,117,29,21,5,0,3,14,13,7,0,32,1,1,0,,4,1,0.243902,0.0588235,0.253394,0.232143,0.294118,0.363415,0.288898,0.657532,0.119512,4.95791,0.310345,0,-0.00856889,12.5811,-2.15816,77.6402,-0.00856889,-1.485,-3.3775526396930218,-1.0350000262260437,-0.0223727,441.3999938964844,,,,,,,116.9,4.031034482,116.9,4.031034482,,,,,,,,,,,,,,,,,,,"Noelvi Marte","26517",682622
"Trey Mancini","ARI",6,28,25,5,4,1,0,1,3,3,2,0,7,0,0,0,,0,0,0.216648,0.077481,0.258576,0.299645,0.284944,0.342505,0.277306,0.627449,0.125856,4.66625,0.275253,0,-0.00652406,2.53456,-0.740829,74.6778,-0.00652406,0,-0.8543771249242127,-0.6000000238418579,-0.0539057,750.9299926757812,,,,,,,21.3,3.55,21.3,3.55,,,,,,,,,,,,,,,,,,,"Trey Mancini","15149",641820
"Gavin Sheets","SDP",29,126,114,27,18,6,0,3,10,14,10,0,27,1,1,0,,0,0,0.233251,0.0808989,0.211236,0.382979,0.298876,0.372208,0.294213,0.671085,0.138958,1.39857,0.273333,0,-0.281518,13.1201,-1.61918,91.3687,-0.281518,-0.474698,-1.5820039212703705,-3.174697756767273,-0.0579156,695.1799926757812,,,,,,,115.8,3.993103448,115.8,3.993103448,,,,,,,,,,,,,,,,,,,"Gavin Sheets","19901",657757
"Zac Veen","COL",49,210,188,43,29,7,2,5,25,23,17,0,55,2,2,2,,10,2,0.231003,0.0815217,0.26087,0.3125,0.29863,0.370821,0.294043,0.669451,0.139818,6.94982,0.295154,0,0.751555,21.8381,-2.72729,74.4727,0.751555,-0.335172,-5.658838093280792,-2.4851725101470947,-0.118852,999,,,,,,,201.9,4.120408163,201.9,4.120408163,,,,,,,,,,,,,,,,,,,"Zac Veen","sa3014516",691728
"DJ Stewart","PIT",28,119,104,22,14,4,0,3,12,12,12,0,32,2,1,0,,1,0,0.210169,0.103245,0.268437,0.384615,0.306785,0.345763,0.292467,0.652547,0.135593,3.92539,0.269036,0,-0.0912956,12.224,-1.69641,83.9303,-0.0912956,-1.03275,-2.378037117421627,-2.9577499628067017,-0.141797,750.6799926757812,,,,,,,102.9,3.675,102.9,3.675,,,,,,,,,,,,,,,,,,,"DJ Stewart","17766",621466
"Martín Maldonado","SDP",18,70,63,11,7,2,0,2,6,7,5,0,25,1,0,1,,0,0,0.169231,0.0724138,0.348276,0.207921,0.238596,0.288462,0.236421,0.527058,0.119231,1.16259,0.236842,0,-0.101546,4.05596,-4.1793,52.4708,-0.101546,-1.12655,-4.102782927453518,0.24844825267791748,-0.155944,999,,,,,,,41.2,2.288888888,41.2,2.288888888,,,,,,,,,,,,,,,,,,,"Martin Maldonado","6887",455117
"Robert Hassell III","WSN",36,154,140,31,23,5,1,2,16,13,12,0,41,1,1,0,,3,1,0.220141,0.0767591,0.264392,0.290323,0.284188,0.306792,0.26376,0.59098,0.0866511,5.0784,0.294314,0,-0.0247232,12.261,-5.75361,67.5587,-0.0247232,-0.268981,-5.998929614201188,-0.7189810872077942,-0.164166,723.9299926757812,,,,,,,114.5,3.180555555,114.5,3.180555555,,,,,,,,,,,,,,,,,,,"Robert Hassell III","sa3014701",690987
"Kris Bryant","COL",110,476,420,102,68,22,0,12,54,49,43,2,117,11,2,0,,2,0,0.242647,0.0909091,0.246753,0.368421,0.327922,0.382353,0.314014,0.710275,0.139706,2.52298,0.306878,0,-0.642305,57.1508,1.4692,87.9144,-0.642305,0,-7.521468937397003,-10.199999809265137,-0.193149,511.6300048828125,,,,,,,493.6,4.487272727,493.6,4.487272727,,,,,,,,,,,,,,,,,,,"Kris Bryant","15429",592178